/*
 * @(#)BlueNoiseData3_256.hex
 * Copyright © 2026 Werner Randelshofer, Switzerland. MIT License.
 */
3eac56a6 bf1d1199 3d50f0f0 3f5fcbdd 3b351309 bf48bbce 3f3a41ac bf755402 3f1e6b95 bf415bb9 3eedf2cd bd824846 bd60affc befae6ea bda608a5 3f59b3cf bf6fa3fa 3f73a606 bf5c2fe2 3f7351ee bf01ff80 bf13e790 3d08b0d3 bf17e391 3f4a9bc7 be258c6d bf172b91 bd5d4fff 3e563cef 3db83878 bf677def 3e86a282 bdfae87c bf28cda0 3f2f3faf bf028d77 bf05517b 3f7dd81f 3e6e7513 bdee592a be72bcd9 3e9eea83 bdab2896 be2dccc6 3f349393 be93a290 3ee05ebc 3e3a3c95 3d3750cd 3f0b3179 bde98902 bdb61983 bc9ea25f be520c7f bf5e1bde 3f7d8222 beaf929c 3d7b1008 bf3127ae 3b10f86c 3ead6a9f 3e3574cb 3e948e7b be944a9f 3e7e04e5 3f6be7ee bf390dac bea09aa7 3d056f8e bf170795 3e50a4c4 bf70f5e9 3f29cfa0 bcff2076 3dd48903 3eed46fc 3ef4d709 bcaf2117 bebebaa3 3f11f796 bf756400 bce7e029 3e6ec4c3 bf4d71c8 3ecafeb3 3f4aabc1 bdf1c95b 3f15ad83 3ed64edb 3ed4fabd bdec28cd bf4b59be 3edc7ec6 3c6f3f6f 3f768800 bf536fde 3ecfcec7 bd87d833 bebf3eaf 3cf95fc6 bef8c6f9 3f6727e2 bc593f32 bd2ef16b 3dd1190d be958a85 bf11ef9c 3cdee0ab 3e59c4c6 bf408fb7 3f2dc9b5 be837e82 be8b0e75 bf10fb7e bc53bfb1 befd8af4 3f2badb2 bf1a0d93 be953294 bf5cb3dd 3efe42f6 be5f9cc3 bf5c69d0 3f24779e bf5cb1d8 3e3da498 3de7f86b bf46f3d8 3f3d71a8 bf4b7dcf 3daa78dc 3ebabeb5 be4c946e bf62f7df 3f092b8c be9eba71 3eda22d3 befaaade 3d10f0d5 3ede1ec5 be858a7c be9f7696 3e3384b1 bf066d7b 3f0b0d83 bf0ce97a 3f6b07f6 befc4ee5 be217c85 3f4a93c8 bf6c29e5 3f2ea3a5 becebac9 3f4127b7 bc2ac528 be98ae77 3f07b97f bf2677a3 bf3a37a7 3f089584 bf49e5c3 3ec54abd be5454ce 3f2a8ba0 bf7b460f 3f374bb1 bf32e5b5 3d237146 bd9b08a7 3f69f9e8 bf03b176 bf5c65d0 3f2ac7a6 3ecf4ecf 3e38c49d 3ceba27a bea8aaa1 3f25539d 3f2919a4 be94eaa7 be613cf8 3f44fbb1 3db2b838 bebb22b9 3efa72ef 3f1df792 bf79f602 3dd30882 be23ac94 3f4cf1c5 3ed84ecf bf6387e6 3ea00286 bec74ec0 3eb166a9 be468cc1 3f3cadbd bf310fa1 3ed682ca 3ec2aeb2 be3e6c77 3d087095 be611cd4 be99de8b befe96f5 bc51441c 3eb50aad 3e8aee9a bf7a120f 3ec6a6a7 3e18fcdc be09fc92 3dc628c7 be8e3e75 3f6eabef bf18998e 3f36a7ad bf4f11cd 3f787803 bd99f91e 3f00e77f bec2f69c bedc82ec 3eee0ee8 3ede7ed7 3f22af97 bf4c45c5 3f4ab1d2 bf7397f3 bef80af0 3f6c8ff6 3c87e0e4 3f6021d4 bea376ba 3f64e9d5 bf4d8dca 3df2b964 3efdaaec bf5509cd bec13abe bdffe8cf beecfaea 3da60956 bf7677f9 3ef82af1 3e97929a be506cdc bebccaca bda26831 3f4fa5d6 3d7ab124 bf27afa9 3f7e5624 bedf9ec9 3f2d0fa3 bf04c581
3f08b97e beaa02bd 3e385cc4 bf2585ab be0bdc59 3f6603e7 bf795410 3f7203f8 becf0ebd be93228f 3f05a973 bf6775eb 3f7eec24 bc4abc9f be0d9ca1 bf05af8c 3e8a7e86 be911a85 3f1b1b8f bf7eba26 3f3af7ae bd1250cf 3e908a7d 3ef5e2e1 beceeaaf 3d9668ab 3dc698c7 3f6acff8 bf62cddb 3f2389b0 3da6a80a 3f3947aa bee826ea 3ef7aedd be833e94 3eb472a6 3f1ceb8f bf6aa1e8 be40c4c2 3ce91ffa be5eccf3 3f4e91ca bf6f4be6 3f03fb79 be7de52f 3dcb8934 bf345fb5 3ee356f0 bf4307bc 3ecbeeb6 bf39cdb7 3f302ba9 bf3063ad 3f767609 be24f4c3 3e2f6cad bf10d189 3f682fed be092c43 bd7c30e5 3d88b905 bf67b5db 3ee39ee2 be69c4aa be5744e4 bf6225e7 3f5749db bd4831d0 3f282fa6 be2384ad 3e95da8a 3f0d2b8c bf7099f9 3f05e98f be338486 beedbece bf394dac 3ef9f2df be27f48b 3dd69899 3f14e38b 3e921aa4 bd9cf88d 3e84768f bd09d0b5 bf59fbd4 be093cb5 3c2dbc8f bf114988 bec686b0 3ead76c3 3d05d032 3e7944e5 bf1ac393 bf3603b9 3ef692dd be9936a7 3edcb2e8 bec2eead 3f6fa9ef bf4c53cd 3f3757a6 bf7c9015 3eedb6d9 bdc13856 bd9ff8d5 3f6e91fe bdae9872 be6facd1 3f060982 bf12e397 be16447d 3f70e9f7 bddf1958 3f596bdf bcf7df7c be9e9aa7 3ed012d0 3e95d27f 3f7b5209 bf3975bb 3f454fc2 bf00d374 3f085971 bee55af4 3f0daf83 3e279c6d 3ea0ba8d beb02ebc 3f0b5781 3eb632ab bf752401 3f5087da 3dad8864 3e69ecdf bee1e6c6 3efe66f8 befa1ae6 3f5d07e1 bf7e5423 3f176b8d be28ccc9 3f75eff9 bf173f8c 3ef262fa bd593057 bf37a3a2 3f5e39e8 bf2cedb3 bed19ede 3f4ccdc8 bf7f9232 3efc0ad2 bf2b23ab 3dfb7854 3dafa8dd bee97af6 3f072b81 3f68bdef bf4873c6 3f0ec390 3f2899a0 bf640be3 3ef2eeeb be80a68b 3dfaf942 3f05eb7f bf3ac5b5 3f3939b1 bf778203 3f13cf85 3eac92ae bc33c175 bf4c9dc6 3e330496 beb8b2a2 3f123d9b bf677fea becceec8 3cd5602d 3e31ecb6 bf73cc01 3e1f4490 3e9b4a90 bf7c4012 3e16f49c 3e9c0e96 3f43d1c2 befe22dc be033c7c bf707bf7 3f7fb024 bf287da2 3f5063c9 bf4067bf 3f321da6 bf7d1417 3f48dfc5 befd7af3 bec3b2cb 3e4dc4b5 bda7d8c1 3ec05ab0 3f1a098c 3ee096be be815668 be5614bf be8f2ab6 3f2d959e 3dd5988f bf05fd83 3f1ebd93 bf15a98b 3f0e2591 bf18a7a1 be2854d7 bf0a2d88 3f075975 be876260 3c0bc3db bf36e9b1 3f4a11d7 be57c4d6 be26b467 bf0b338a bf02cf7c 3ea496ba be2b04b1 3f5bdfe0 3f07bb8c bf29e1ae bf6a0de8 3ed8bee4 bd8c1868 bf77ae0b 3f515bcc bea17281 bf161390 3f14ab87 3f5b15db bc4fc29c 3ea8968d 3efee709 3e9816bd 3eeddedb bf5d09df 3e0784b6 3f62cbe7 bf636fe1 bd54f100 be3a0cbf 3e5594b0 bd4a3074 bf19c5a1 3f1a1d8f bf1ecd97 
3e26b4a1 3ea5c6ae 3e0eaca0 3e185c77 3e973ab1 bf189f8a 3f14f192 bea13e88 bd53f0ec 3f4da1cb beb616b6 3f19998d bf753ff7 be717cd9 3f6299e6 bed06ab6 3f784006 bf57c3d9 3d391129 3f53a7bb bf7ffa4f 3f6ac7e0 bf60a9dd 3e6764c9 bf4b03bf 3f50efd8 beb8ce88 bf55a1c0 3f19138c bf1a6190 3ddf48d9 bf6335dd 3dfd399f 3f1f0d9a bf4dcdcd 3ce761de be8a3a78 3ed272d2 3e62accd 3ed262cd bdeb48ce bf6483e9 3f790202 be6944d0 bea76aaa bbc07db1 3f3e6db2 be6154e7 bd42b0c1 3f1cb38e bf25099a 3f794601 bf5b0ddd 3ea7ce9f bef4defd 3e111471 3c3dc0f4 bf2c19a8 3ead12a6 3e398490 bdcf887c 3f45b5c5 be6efcfb be16a482 3f7117f0 be527501 3e5514e2 bf11bd91 bf44d9bd 3f3c3bbd bf2963b0 be1efc9a 3f52abcd bf2b13af 3df238c3 3f0f5b99 3f3615ab bf60f1e1 3f6765dd bf65f7e3 bdef393a beba5ea0 be833687 3e31c490 3e0e4c5b 3e9f2677 3ed3bab3 be32b4b3 3e052c75 3f25799f bf3ad3b5 3f4f05c2 bf201d9d 3f493dbe 3de5f870 3f5a27db bf7ce01f 3ef126bd bdd1e8a9 bf28bda1 3f4921d7 bf76c9fb 3f5b19d1 beb1d698 3e8a1689 be5d54f4 bf07c587 beb662d8 3e7ccd0d be184cb1 3f2677a0 be58dccc bf0f7b8d bdd29866 bf344da4 be57a4da 3e513ca9 bd7c50ae bf2591a7 be268466 bf190990 3f49b9c4 bf4483be 3f5f5bca bca76170 bef12ef3 bee4eec8 be481c7d 3df20944 beb87e9f bec85ae6 3f3fc7b4 bf128f8c 3e1734d1 bee0cae9 3f2c97a6 bf7ba216 3f7037fe bf708fee 3f34d7a6 3d56d0b7 bf4679bc be25cca4 bd154fff bec072b2 3e23546e 3ed6e6cf bf2edfaf 3f706bee 3e1fdca2 bebe32c9 3ef07add 3f0b8783 beec8aed 3f202194 bf132199 3f7a5a08 bf5083cd bf355fc2 3f6a37e8 bf64e5e5 bf229f96 3f743603 bf6417f5 3f6773d3 bf247395 bcd221c5 3f428dbf bf56bfd3 3f741e03 bf73d7e8 3eff7f0c bf21f38f 3f7d5628 bf00836a 3f48a3cc bf580fd7 3f760c00 3ee552f0 bd277004 3e2364a3 3f52cfcb bf0b2984 3f2281a7 3e95028f 3d9ed914 be7c3511 bf7ed815 3e2b3cac 3f18c195 3e542cdb 3d8228ca bea2b2a0 3e0fa463 be5e2cda 3d6d3136 bc71bfda 3e613cf7 bcdde145 3f1ffb92 be8dce93 3cd4201c beb68aa5 bf4fd5ce be9316a6 3eb236ad 3de5a868 bd36d15e 3e062c8d bf28c7aa 3ea1de8d bdb258fa bc26c19b be56fcf6 3ee1febc 3e96c69a 3ee75acd 3db48870 bf257d9c bcd0e15f 3f492dcb bf532bdf 3f015576 3e3f349e 3df0386c 3f318daf 3d275125 beff72f1 bf014d78 bf690bed 3f4fc5cc 3f689ff3 bf2ef3a6 be0dac74 3f61bfe4 bea27e8b 3eaf42b5 3eab3aa6 be1ba490 bf7dcc1a be7edce7 3e1a2cad bf4d59cd beb3069f bee97ec6 3f781004 bf1bc596 bd91a8cb 3f0c4b79 3c8c20e4 3e97828a bf248594 3f7f0a1f bf56f3d1 3f3bf7ba bef34add 
be8ade61 be49d497 bf70cdf7 3f4e43bb bf65cbe5 3f21999f bf03c981 3d3d5295 3e3e4501 bf59bfce be823672 3cb61fee 3f4ae9b7 3e851a8b bf5c6dea 3e912692 bf644dda 3f4eb3cc be0cc450 bf32a7a8 3f5d7fc8 bf584fd6 bd8b1868 3f72c3f0 bd4def7d bd479009 bcc4dfba 3e8a1e7c 3f2ddda5 bee3dad8 3f0e1186 3e8a927a 3e9e9e9d bf75b004 3f27f5a7 3f03cf81 bf622fe1 3f1dc396 bf34f3a8 bec6f6b2 3eca6ed2 3f2449a5 bf4a2bc0 3dd5b8fd 3eb8beb2 3e72dd08 bf29cda4 be8dda9b 3f47d9cb bf6c6df1 3f4233bb bf7d861a 3f36b7a8 be76c521 3e9cf698 be90c292 3f67b1e4 be1aac79 be28fca4 be6b5cc8 bdf64889 be9e9291 bce7210b 3e88b286 bf6e03f7 3ee11ebd bf1a4d84 3f7e0e1a 3f3447b3 bf7b7c13 3f004d7e 3eb60ece bf71bbf3 3f5ea1e1 bd4f90ba bf72060b 3e856297 be2a2cb9 be803e81 3efa9f08 3eb0129c 3db5c859 3ef50ee7 be5ac4c0 bf191b88 3f112f7c bf6db7f9 3f5c93da bf612fe1 3f5c13e9 bf4461b4 3e73d50e bf5465d2 3f3f2bac bf6419f3 bf3d1da2 3f2d819e 3c86debb bed50ab2 3f7205f3 bf3e9dbf 3f1f5197 bcc2a306 bec4c6b8 bd81787e 3ed53abc 3d607112 3f6f89f7 bedf06b8 3d67b08f bf7b6e10 3f5ba1da bda988fd 3e5b44bd 3f60dbde be9876a3 3f4b41da bf5793c1 3f73b9f6 bd8fa8ba 3f0d3790 bedc52e6 3e837a85 bf61a1e3 beb2e2b8 3f45efb8 3ef2a2fe 3d3bd0fc 3f20e39b bf13c991 3f593bd2 bedda6d4 be6bf4f2 3f1e7796 bf608bdd 3f4561c4 3b7cff95 be8e3a8b 3ec142ba bf320bae 3ee67ee1 3e97be8b 3e39b4ad 3ef83aff 3c504346 3df448c7 bdf27900 be99c29e 3dc0689b bf6d23ef 3f376fb3 bf005b75 bf61fde0 3f3e8fb7 bf12fb8b 3e89be8f bf2dcba5 3ecb5ec9 3f238da1 bf14cd90 3f5c19db 3ec426b6 beb20ea5 3e8ec68d bde70954 bea32e95 3e78d501 beb08aa9 bea7f2af 3f3363ad bf3193ae 3f7a4c05 bf5c79d2 3ecec6c2 be42bcc3 bf0cbb8d 3f3bc5b5 bf5e7bd7 bebf86ca be9be29f be3d7c89 becab2d0 3e3d9494 bf792bfe 3ea97290 bf2991a2 3f295b9c 3f2f9fa4 3ee866dc bf497bbf bee832e1 3f21ab96 bf2ad7a2 3f730c02 bf445dc3 3f7bb610 bf0b4d7e 3dc108e8 bef236ed be2c8cb8 be8d8280 3f4c63bf beacd2b5 3f725dfd 3ef852ec bf6e79fa 3f4a9dc4 bee8b6e8 be303cc6 3efb36e9 3e98d699 bf0e2d83 3f341dad be8efa90 bed212bb 3dc518d6 bf4a6fcd 3ce0e14a 3f0e7b7f 3f2b5f8c bf6bb1ed 3f3e17bb bf5b5bd9 3e15ac9f bca5a249 bf05417f bf017f85 3f6cbbea 3ef5c2fd 3f60b7d0 bf32c5a9 bf1f0b89 3f1c2b8e 3de97873 be626cbe bf15ad7e be87e28b 3d3370e8 bdaec852 3f307b99 3f17d78e bf14fb8e 3f67ede2 3f1f9595 be336cd3 be9e9693 3f0efb8c bf33d9af 3eb216a5 bf7e1026 3f5e4bcf be9a0694 bf23bf98 3f71c807 bf5931d9 3f07d57b 
bed65eaf 3f2c41a6 3f6697e5 bf138790 3f05fd80 be9e5aa6 3f4b05cb bf1dbf9b 3ec7a6e1 3f097790 3f2cd7a8 beb552b4 bf23f59a be879281 3f163588 3d949872 3f034b86 bf4c73cd 3f6495e0 becc96be bcb7def7 3f57dfd7 bd8e98f9 bf165395 be94b676 3cd320f5 bd1bf0fb 3da288b6 bf3e03b4 be8e0286 3f089182 bf4ba5c9 3de85861 3f30a5a0 bf4cbbc1 3f3e4bbb bf042780 3f5f3bd2 bedc8ed3 3f602fdf bf4549c3 bed34aaf 3f6651f2 bec016ae bc8ca00d bf041780 3f16ef9d 3eca2ac7 beeb3ee3 bea45691 3f6183e5 bf4055ba 3f767804 bf7257fb 3f28fb99 bf1efd99 beb56ab1 bec6aac8 3f4d07c8 3d7df0ed be5184fa 3f5f1be1 bf7059f1 3f393fa4 bebd56b0 3f541dcd bedcd6ea bf1fc199 bf2543ae 3f5677ca ba4c01f5 bf234fa0 3f2a65a3 bf004d7a be5034df 3f5e03d3 beffcee9 3f13219f 3e75acf7 bf39d7bc 3e53e4e9 bec682a5 bedb4ebc 3f2965ab bec13eaa 3f263bad bf5e2bd4 3f421dc4 bef15ee1 be7664bc 3e057491 3f14ad91 3ef76ef6 bf2185ac 3ef26aed 3f793c08 be7d14f0 bef46ede 3f228797 bf79d21c 3f24a198 bf0e6188 bde52933 3f0b0580 bdb6b911 bdd3893e bf204594 be4f2cbe bef8cae5 3f5f45d2 3eace298 bf168389 3ef9b6ef bf6521e5 3e9c3a9d bf6e29f7 3ec3b2b8 bf179d96 3f24ddb4 bf5715d1 3e89e67c bf0b0185 3f120f88 3f594bce 3e102476 be5c04f8 bf67b1e5 3ba1827d bf676fe3 3f73ddfa bf7fa022 3ef3aedc bdcc58eb 3e919270 3e39e4b7 be03445b bf3307a8 3f16018b bd8118f0 3f14c18a bf774bfd 3f2ce7ae bf6321e1 be9e6a91 3e634cd8 bf7759fd 3f7bee14 bd8328b6 3e2f1c75 3e81527c bd8568f5 3e930e98 3f029577 3dfc08b6 bf024f6d 3f743804 befdb703 3f3d7fb5 bf6af1f5 3d910862 bea8a2b4 bf2bcdaf 3f1c1199 bf6a8fe4 3f3fc9c3 3da6c874 3e372477 be25d4a3 3f4f5dd9 bf5c2dd0 3f09e18b bf0b3785 3e713cfa 3e123c4c be8fa2a5 3f117787 bea1fea9 3ebd0a9e 3f0e1d7e 3f2c4da4 be27fc88 3e4accc9 3f08c586 3ea2629d 3e49e4d2 3eaee6a7 bf06df7e bf139d8b bf4acbc3 3f52e9cb 3eed1add bf4e2dda 3f2cf9a6 bf6dbff8 3f1bff8e bf7a8813 3ec92ea5 bd0510e0 3eec4ef0 3f187594 be854681 bf1faf9b 3eabd2a2 bee5eae0 bf3e17bb 3f69d9f3 bf6a13df 3ea14e83 3f121b86 bf530fc8 3ec5a6bf bf4b95c9 3f27e79e bf21cdb1 3f62a5e4 becbdad8 3f1d8d8e 3da6e872 bf2b3da0 bec6aecc be071c6c 3e6db49a 3f311ba2 bed046b4 3cc2a144 3e7f6cd3 3f4b87c1 bf6e31ed bf4619b9 bf0ab391 3eef16fe 3cdb1fab bdce48da bea4969a 3da72814 3f10e78a 3f4a23bd bef2fb0d be7c6ce5 3e5c24ee bf5103cc 3ef9cae2 bf19878a bf5d2dd4 3f73c5ed bf787407 3f37c3ac be0e14b1 3e6e94c9 3f33c59f bf73e9f6 3f365bbc 3d7b504f be680488 3d493152 3e9f9696 
3e9c369f bf3f8bc7 bf14b389 bedeb6db 3f378fa2 bf42a1b6 bea24aaf 3f00ef71 be83a265 bf69dfe7 be533cf6 3d341130 3f0d8588 3ec042a8 bee45adb be18e462 bd950890 3e94d2a6 bf67ddf3 3f6261d2 bf19e79d bf667df0 3f29a1a7 bea5fa97 3f526dd3 bd3d106c 3e4b2ca1 be5f24e7 3ed7dac0 3f51c3bc bf513fd9 3e1dd4b8 3e3eccb9 be793ce0 bac20866 bf14b59d bdc9a887 3d3230b6 bf6e5ff5 3f5649cd be07fc67 3f151d99 bf7c1e0a 3ebe5ab0 bdfef8cb 3f489bc1 bf73f9fb 3d01f0ca 3d0b4fe8 3f2f2fad bf36bdb1 3e81266b bea84eaa be1144ba 3ee0eac9 3e5004e1 3ea8a6a1 3f079581 bf72e20b 3a5beb15 3e14e44d beee52e2 3ebf16cc 3ea7fe9b bec63eae bf087d7d 3f26319d 3f1a0191 3e8b125f bec78ece bef1bafb 3f35f1af be490ca5 3e2e9c8c be24c4c5 3f00e183 bf2f9fb1 be4e8c93 be4e84c0 3ee90ade befcdadb 3f7b7816 bf38a3b0 3f2911a6 bf3289b9 3ec0eead 3e824e7a bece0acc 3eec2ef9 3e5e6cb8 3e033c65 bf4f33c2 bed946d6 3eeb62f8 bcca626a bf7d9821 be936285 3f3dddbd befc56ce 3f5311d5 bf2795a4 3f7e5a1b bf20cf8c 3e256cb6 bf0d8180 3f4325c6 3cb8a0cf 3f4035af bc5743da bf32ddb1 3eb686b2 bf70b7fc 3f6fabe5 bef062e4 3f26b799 bd12700e 3e7dc50c 3ef5b6f2 bf1bbd85 3ce021e7 3eeeced8 3ea42aab bf4479c7 bf0fdf89 bf09237d 3f012370 3e6b3cb3 3f610fde 3ec75ecf bf3db1af 3f6c9fe7 bf24d9aa 3f071785 bf6fadee 3e5d74f6 be26d4a1 3f46fdcb be73acd9 bf5ec1d2 3ef092d9 3dcca916 beb05a9a 3f58b3cf 3c00c0e6 3ea362a5 3f222992 bf306fa5 bf088980 3effc2ff bea98681 3e5eb4d1 bf2f17af 3dfe88b0 beee82fb 3e4cc4c0 bebcf2c4 be0d74a1 bebceea6 3f063985 3df158c4 3f5131d1 bf226b93 3f6525ec be331cbe bcdfe028 bf6ca9ee 3f3e49bc bf68b1e6 3ef152f1 bf1cf399 3f2ce5a4 bef6b30c 3f5991dd bf784df9 3f5fc7e7 bf5d4fe4 3ee462d4 bf036d86 becd22cc bf71a400 3f259d94 bf43f5c5 be52ccbb be924a98 bf10a382 3cdfe1ff 3ec202b1 3ef67ed0 3f191d8c be9c9ea7 bf2abba4 3f77b408 bef26f03 3f24fd96 3ccb5f76 3e5b3cbd 3eebbaef bec88ac9 bea16695 bf6b09fe 3f2e1fab 3ea5eacc be40a49f be394cba 3f6683e7 bf20e1a1 3f7e341b bf47abc4 3eff230b bf46a1b6 3f5f67dd 3e88d667 bee96ede 3e9d16a3 be6144fd be8bf694 3ea7d69a bec146c3 3f2e37a7 3c979fa7 3f6d49ec bf37e1bc bf3467aa 3f221b98 3d90b857 be36e4a2 bf4e43dc 3f5ee5da 3f1b279e 3f3461b5 bee3ead1 3eb85ea5 3e0decb3 be9baa9e 3f2797a2 bf71c7ea bf17f393 3e83b677 3f483dbf bf378fb5 3d09b180 3f539fcc bf07a976 3f7da421 bf55a7d8 3f51d5c9 bf18d39a bc724621 bdc038c9 bf2873ab 3f34cbba bf44a7ab 3efa2af8 bedddec2 3df0b901 be39accf 
beb51eae 3f7b0c0a 3eb7bacb 3f4bb3b6 bf7d7c1a 3f798000 3e093c77 bef88f05 3f075d87 3ec536b4 3f0ac787 beae96b4 3d86286d bf57d9d9 3f5bd5e0 bf5955db 3f388daa be6f5cec 3e9aee9d be5a9cd2 3eedeae5 3f66d1df bf699de5 3f4f87d2 bf7d321f 3d73b166 bf26c5a1 3edd42e3 be2a8c9b bf5679c7 3f083f82 3f44a5bd bf0e698f bcb52082 3ef8a2c3 3f2a0f99 3ebd9abd bddf3929 3f447bba bf2fafaf bf5d37d7 3f6e69f8 bea86aa9 3f5e1dd7 bf4e09c0 be1a7c76 3f525de0 bdeb7896 be044495 be2a4cb5 beb102ad 3f2b2bab bd3af0e2 3eb30eb2 becc42b1 bf7487f8 3f1d6f9a bf6a8de6 3f643bde bd711057 3cef222f 3e789cdc bf083189 bea06e91 3ead829e 3ee38ad4 bf3b9db3 bf33e5b2 3ea48e7c bebdd2b6 3f77de02 bf1e979b bf006771 3f402fb3 bf01c988 bf110982 3f25b39f 3f68e3e9 bf624bde 3f5865d1 be20bc76 bf092f8e 3f1c4595 bf2f81a1 3f1da7a3 bf0b9781 3de2092c 3e20acd0 bf091577 3d4f3087 bebe6ac3 3f22a7a5 3f10cd7b beb452c1 be3e74ed 3f3b93a9 3f4535c5 bf591bd9 3e86aa73 bf1ab98e 3ed2b6c9 bf55a9cd 3e8a0293 3f5489c8 bf4f05cb 3eaa5e9e bf16e98e bf3e01b3 3f420fc3 bf12a793 3f39a3b7 3e704cbb 3d39b045 be9fbaa4 bdbf094a 3e2094b7 bec44297 bf11cf7b 3f4abfd6 3e29cc8f bf0a9f88 be65bcb2 3ee5dad3 3f76fa06 bd9fa851 3eb1ba92 bf420fc3 bee7faef bf15099a 3e9b4ea9 3de4792a bf1adf8e 3f57edcc bed20eea 3f5787d1 beb566ae bf225f9d 3f28759d 3e15cc95 3c133ff1 3e81de96 befd46e7 3e3924aa bf1b619b be24ec54 bf20aba2 3f35a1b9 3ebffecc be6114df bf2db9ac 3f587fcc bf074789 3f7199f9 bf10c38c 3f2f37ac 3e136c9b be17ac7a 3f56b7dd bf576dcd 3dc718fc bf4133b6 3f194f98 bf4703b8 3d40715e 3e8c8a80 3f2de1a7 bf16bb8c 3f3a09b7 bea586ae 3eba46c0 3db8286b bee292c5 be1e9c7d 3e3e2cce beb462ad 3f5fcfd5 bf5599cb 3f6ffdfd 3f00a379 3df2c8ce 3e1f3cb6 3f449fc5 bef70f0c 3f7a4406 3dfe58e6 3ea0e697 bf6541dc 3e854a76 bf3f5db2 3ea21ab6 3e203cb1 bf2ddb9b 3eb49eb1 bf76a402 3e62dcc7 be8b528f bf2df1a1 3ed2dad6 3f0a337e 3ebd66b0 3d017066 bf5d39d2 3f3ca3bd 3dd428ec bf029f81 bcbe612d bf0b2186 3e895e8d bd1c90f7 3eae92a8 be632ce5 bf599fdb 3f75d206 bf3d9db7 3eafb2ad 3e3ea4d6 bf32d7ae 3e7cbcf0 be87a271 be77d4d4 bf10658c 3e3b549b 3f752fff bf2aada2 bec6deb1 3f14818b 3b9d7a5f 3d277146 bf66ddf2 bf072185 3d6f7221 be8a1287 bea2f68e 3f2c259e bf5829c5 3f7a6e13 3e84ba58 bdf798a9 bf3155a9 3f399da7 3e9d32aa bf669bdd 3d84b858 3f0f618a bf741201 3f707df7 bf1bc19b 3ed67ac4 3e5d0d0e 3c9ea070 3ee5bed7 bcf120f9 bf11398f 3f6095e6 bdcb08c9 bccf2107 
bd5e7156 bf1f6392 bf6137e5 be037483 3eaae284 bf107791 bd395156 3eb56eac bf5f09ec 3ec43ecf bf1d8393 beba76c5 3f720c04 bf4ed3bb 3f6473de 3ddf6901 bec7a2c9 bdc5a8b4 3ed142bd bed006c2 bf5cf3c9 3ee282af bf12a19a 3ee06ac9 be876678 3f76c006 3e821a77 3e68cd18 bf218389 3f7f0228 bf2a179d bf29a1a9 bdd948f6 3f2eabad bf700df4 bf084781 bf5989df 3e245ca7 bf01376d 3f7b9a05 3f012976 bf0b5d85 be1ccc7d bf2fdda8 3f6de9f7 bed1f6c7 bedf36c9 3d655028 bd30d106 3eb8e2b7 3ec266a2 bf3367b5 3cea2124 bf04ab8b 3f4287c1 3f436dbf be8b8a9c be147c7f 3eeeb2e0 bf27c9ab 3daa98d0 bd82890a 3f2f8197 3e0e1494 bed4bacb 3ea30e95 3c992116 3f7dc41a bf09a982 3f16038d bf7069ea 3ef1eae5 3f0ebd92 bf6553e4 3f4505c3 3f04657f bf421fc1 bf14a586 3e84f281 be83ea9b bf3569b2 3f59fbdb bec066ca 3e2d04a6 bd80a8df 3ecbc2ba bf4125c4 3f4c4db6 bee92eed 3f2b8dae be932a9e 3e815e5f bf7b8a11 3edec6cc 3d2950be beb2f2af bf3fb3b6 3e6cacf6 3f368bad beed86fc 3f19a78c 3eb34aca be86f279 bf4969cb 3f46e3d1 bd587160 3deca926 3f7e9624 bf5de5e2 3f3761a9 bf6e81f5 3d0c50f9 bf1b2d90 3f0ced90 3d9698b3 bf18c7a1 3f3e07ae 3e889a79 bf4eddc2 3e7124e7 beaf7a89 3f750a03 bf4d7fc6 beed8ad0 be867692 be6cd4f1 3f216da7 3e2d8c86 3f3779ad 3db06896 bf32bfb5 3f5ccfdb bf6181e3 3ef242ff bf3965ac 3e6accfb 3ef122f5 bf6283da 3f120987 bf2a0791 be89167f 3f5e1be3 bf27c5a1 3f5361c6 be239c86 3f6f13fa bf62ffd8 be92f673 3f6475e6 bec56ebf 3f3ed9bc bf34f9ba 3d8e983e be436cc3 bd82f861 bf55a3c9 3f1ed9a0 bf2ee9b1 3e82427d 3ed2b2c9 be33f49f 3ea29a9a 3cab6223 3c76c314 3d3d306e bf6f4df4 3f4a51c9 bf33e3ad 3ecb12df bef7aad7 be49fcf6 3f0bad7d bd9fc885 3f5523cc bf6f7ff8 3dbc68ae 3e7264c4 bf49d3c3 bed796d7 3e4e4cd3 bf3f0ba9 bef612db 3efe3eea bf2cf3a9 bf4d93cc 3f52f5cf bee68ed1 3f6181e8 bf1ac996 3e3c44be 3f2ffda2 beee7ae1 3f4adfc2 3e911282 3d137106 3ef7f6e3 3eec5ae5 bef662fe 3c463ec7 bf6443eb 3f2a9bb1 bed24eb7 3ea712be bf6607df 3f2a339f 3e096c84 3ee76ad7 3de938e1 bf07bb87 3ed14eb5 bef202e3 3f5715ca bf494bcc 3f74a801 bf58f1d5 3f4f3bc6 3ba97b73 3f0ab591 befda2e8 3f58d5da becd12cd 3f126f7d bf7bfa12 3f22c59f 3e3e7cbd be84ba81 3e2984e3 beec4ede 3f2fc7ad 3f509fd4 be6c3cfe 3f3b11b7 bf10cd81 3f1e8b97 bf5bd5cc 3f10b989 bf7ff436 3f6b99f1 bede4abe bde5e936 be88427e 3ea5f29e 3eb822bf bf6f6fee 3f5cbfd2 bf436dc1 3e103c4e 3ee932d2 bf57c1dd 3e6b7cda bf5aadd3 3edd96cd 3ed1eecd bf3159a6 bf002f79 3f34adb7 
be7c3d26 3f47ffc7 3f50a7c4 bd860913 bdfcf8f0 3ec6229b be2104a4 bd495090 3f64f7d8 bf51adc9 3f1a3194 3ef612d6 bf02297d 3ed65ad5 bf3539b6 bf131989 3f6e75f5 bf1ba790 bde88910 3ed8aadf 3f768bfd bf4495c1 3f120391 3cece0f6 be8c8277 beef7aea bf5e13e9 be15fca5 3efe5adf be1d64de 3dd7a8f7 3f453fb7 3f051778 bf33f9b6 3f11d586 3f5bfbd9 3f53abcc 3eae2aab beabc695 bf5787dd be933a96 3ea3c2a3 3e7a7cd5 3f17c1a1 bf569fc9 3f4de3ca 3d3d10c3 bcc16266 3eb6aabd bf5b55d3 bbd68bc6 3f1bd18f be9fb6ad 3f53d1c6 bf7bb017 bf5c7be5 3f37d9b7 be4514fe beaca6ba 3e950a98 3f078d7f bf6a4de3 3e898282 bf35b9bc 3f2e75b4 bf4ac9d0 3d6c6fa8 bdebe889 bf3759aa 3f21d394 be9e4ea3 3ee126f3 bf44efbe 3f5affe2 bf45dfc2 beaa4eae 3f2c09b5 3e456cd5 3eb256aa bd217090 3f6d61e9 bf062b77 bec88eb7 3f3515ad bf6397f0 3f6d23ec bef306f6 3f03f571 bf3ca5c7 3f145b9e bf0b618f be34a4df 3f5931e0 bebb7eae 3e83c275 be746cfa 3f7729ff becdeabb bee1aec6 3ee882db bf772804 be25bc92 3f03bb71 3e6a84fb be5bb4ff bee592e3 3e86ea7f bf37e9b4 be3fbcb3 3f4579c5 be948a97 3f523bc8 bdbdb8fc 3eb11694 bf202591 3f6fcbef bf7fe235 3f079b89 be3e5490 3ef532e1 3bb982f3 bf142393 3ef156fc 3d2f70cf 3f5f15dd bf08cf79 3ea85e84 bf4525d2 bc8f2058 bf3dd7bc 3f45b3bc 3c826099 bf16fb8a 3f744603 bf29f99f 3f3257a4 bf230f98 3f7ee42a bf4685bb 3f6e5dfc bdf34904 bc6e4305 bf27cf99 3f3e15b8 bf2e07a9 bf1b8193 3f61b1e3 bed182bb bebb72a5 bcc9dea8 bee3e2c9 be5e4d0d 3f5b6dd4 beff2f07 3f0c097c 3ea0268d bcf25f9b be08f438 3e7054f8 3e732cf2 bf354da2 3f50abd3 bf500bd7 3f1fd98a be5c64d7 3e837694 3ebe4eb3 bf5193ca 3f4ec1cf beaf96b9 3f27b19a bebbeade bee44ae6 bf2615b0 3f5c65e1 bd47716c bcefa1bf 3f4411be be89226b 3f0c719a 3f0fa793 3e4a0cd1 be456ca4 3f1d95a8 bcb4a06a 3ec9eab6 bf3629b5 3e328c76 3eb0f2a5 3c0f4480 bf6ff3e9 3e90669b bf172f92 be6f8506 bdd7f8e8 bf6f15f3 3e9bb69f bd9178e3 3dd608ab 3f09ef83 beffe2fc 3f735df9 bf24e99d 3f30079e bc4b44ac bf2a43a7 be46b458 be078c9b 3db9e942 3e7a2507 bebbb6be 3f1c3393 bf113582 bdb97827 3e864670 bf325fa8 bf014b7c 3ef13ee4 bf7b661f 3f41cbb6 bf1ab587 3efb86f1 be9f0e92 3b2cfde3 3e366474 bf378bb4 3f27839d bd3d9062 bd19f002 bf5ff1d2 be6eb4c4 3dbcf87f be2eec80 be5a7cff 3f69cff0 bf2c59a1 3f14bf8d bf15c18b 3f106375 3e791cea beefaee1 3f109b82 bf1fbf95 3f4f19d2 bf001f75 3f6b57e9 bf2a97b5 bdc4c861 3ec8fedb 3ed046c4 3f2a75ab bf5fe3e4 3ea8729c 3dcae875 3f335baa bf109387 
3f5895c9 bf3305a6 bf66cde1 3ef192c8 beb63ec4 3e93f663 bebef2ac 3eaa92a2 bf7f8427 3f60fbdf be810287 bf1d5f90 bdd6484d 3e3174d3 3f661fff bf0dd98c 3f3483a1 bf0dfb8f 3f5a61d3 bf2d579d bf605dd7 3f654de8 bf37afa4 3ddd18ed 3d50707a 3f41e7b5 3f3d61b6 3ebdfaa9 be3f0cbf bf5c93d2 3f18e58e bf7be61c bf44b5d2 3f322db0 be944693 bf66b5e8 bf6711e6 bf19d397 3f781ff6 3ef78edf 3f01af85 bf10c17e 3be28426 bdcf77fb be81826f bc2dc438 bf20d195 3f291fa4 bf3e77a9 3f7505f5 3cba206d bf31c5af 3f0e0187 bf2fd1a0 3f52efc9 3f4981bb bf6a63ef 3f31c1bb 3e11dc85 bf247594 3e903675 3e934285 3dec48b4 be6f7d0f 3f5713cc bf044788 3f605fdd bf366baf 3f5b13e2 3d86e8a1 bf5047ca 3f7b1c0f bf68d7e3 3f0a197e be94ee9a 3f2b29aa bf31e7a7 3d479032 bf015983 bd8b67fa bf7d4c17 3f635fe6 becd3eb9 3f16a194 bf39c5a5 3daa38bc be69acce be3adcb0 3f0c217a bf5cebde 3f4b07c9 3ecf62c0 bf5c97de 3e12cc8f b9304b0a 3dbd38e1 bf2dadab 3f5777d4 bf6133e4 3f5cc5d7 3e87325e 3e982275 bea4eabd beef02e3 3f159d8b 3d9e085f be815a6e 3f581fcd 3e1ae482 bf4c13c2 be8b569d 3e5ea4bd bf5995cc 3ef48ae9 bf5405d5 3f7911f5 bf59b3e6 3f2d7fad bf3bf3b1 3efe0efa bf59f5d6 3f63cfe3 be8dae7e beb4c6a8 3e830a91 bf59d7cc 3f451bbc be1ff494 3ec55eab 3efa02e5 bec816b5 bf00d581 3f7a9bf8 bf785c0f 3f232b9d bf0ca589 3ea0d2a3 bf4d0bb9 3ea48693 be8f729d bef816dc 3f10bd89 3e0cf4b3 bef52ef4 3e2f4488 3f2565b5 be70fccf 3e13dc8d 3f1aad93 be0ff42c 3edd4ec0 3f31b5a3 bf603de1 bdc3a87f 3e970696 bf2a459c 3dd828ee 3f0bbd93 bf70b3ec bd88489b 3ee3b2de bf7659ff 3f4d03cc bf299dab 3ee3bae5 bf2aa9a3 3f125b8b beb82e9a 3f1d2194 bf2f6bb1 be846663 3eaf4ebd 3e914289 3f6089df bf5fbbeb 3e4bb4cb bf38b1ac 3e6ba4e7 3b897e46 bf5227d5 bef516fd 3ea1f2b9 bf3bfbac 3ed23ecc be4c84a9 bf01297e 3f67c9ee bf32b1a3 bd2ab014 be53ecc8 3f0fc58f 3f4b39c7 bf0bf787 3f2b89a9 3e10d471 3f7b5007 bf19599c 3ea34e7c be93329b 3e412c9b be4254c8 bf5581d8 3f0f1f82 bed51ad6 be74a4e8 3f497fc5 be6cbd14 3f510fcb bf37d7ae 3f05ab7f bf057d7d be0bb465 3ec3dac6 be651508 3f1fad91 3bee830c 3f7017fa bf168799 3f2a41a3 3dc8c8d3 bf696fe1 3f0e8d88 3ddb3943 bea8729c 3edc1ae3 bd90f847 3e574ca3 bf2db7a7 3e374c93 3f6171e0 bed38ec9 3f408bbd bf24e396 3f25bb9d bf62f1ef 3e4b748d 3f04217f bf49adbc 3ec572d3 bf3e0baf 3f3a1db6 be9b72a2 beb4aa9e 3ed57eb2 bf34b1ac bec71ebc 3f5a75c6 bdbfe876 bed2b6be bed36ecc bf29fbb2 3f5d87ca bda3f894 bf758802 3f4f77c9 bf46d7b9 
3b20fc48 3e1fcc9b 3e263c7f 3f11e985 bf5cbfe3 3f3e83b7 becfeec9 3e7c04fd 3f0bdb8b bf144189 be10a495 3f4273c7 3edba6de bf48e9bd be9bbe7e 3eadb6a4 bf09c988 bde108e7 3d7c8fa7 bea4169a 3f7e7e1f be7be4ef be7324c9 3f3f45c7 bf3ab5af be9f569f bf6967f0 bf17159b 3eb4a2a1 3f35fdb4 be63b4c2 3f3cbfab 3f5eb9e8 bf1ebb97 3ca8609f 3f6ba5f3 3f72d7e7 3e871a8b bf141d86 bf70dbf8 3dfed8b2 be8d628d 3f29bbad bf5093c9 3f6491dd 3e91b289 be14bcba bdbbf919 bd4b703b bd84490b bec4aeb9 3e8da68e 3ea8b28d bf65fdd7 3edbc6e8 bf6b99f2 3f44c5bd bf7b0c12 3d19901e 3f6f33e9 bf5747e4 be4f24f7 3f300da2 bf3a05b5 3e793ca6 bf7dd823 3f7c1c08 bf35a3b3 3e2e94b8 bf251789 3f6dd7ee bf3b43b1 3ea06e8c 3f15f18d bf58f9ce 3f6201d9 bf4e13c7 3f7179ee beca1ed9 3f71e7f7 3dcbf877 bdce9897 bed6cad3 3e8b0683 3eb77ad4 3e1ff48b 3f08ed84 bf1b8f98 3f06017f 3eab8eb3 bf37cdbb bee81eeb 3f1e618c 3ec4bec1 bf4033b2 3f35bba8 bf130997 3e091c6b 3f13c18a bf6481dd be1814ab be44d4b4 bd0a507b 3f481fc6 bf746800 3e9a2684 3e01eca5 bf6de9ef 3df908ce 3f0acf81 3f4f09c4 bf50dbd6 3f73b80a be9cc69a 3f6547df bf758a02 3ec7e2a1 3d5db00f 3e6494ec bea89291 3f5453da bf670be9 3f053b87 be4fe4b6 bea082b3 3f618ddd bef1ef07 be260469 bdad48cb be89ca90 3d38b10a 3eca06a8 bea40291 be23ccb3 3f148786 bf25df9a 3f258b86 3ebd8eb1 be383ca6 3f579bd0 bf5e3dd7 3f3513aa bf4dddc7 3f6997e9 be4824c9 be97da95 bf23b1ab 3e60cce7 bf55dbcf 3f16ed94 bf70fbf4 bec566be 3ec5aad1 3f080b81 bf162b8f 3ef496f7 bea15aa4 be26dc7e 3f6a73ec bba878a4 3ea76eae 3e9c2a7a 3e48dcf0 bf26a7a2 3f757df9 bf2dbbb0 3eaadebc be982697 be81ea83 3e407cad 3f6121e7 bf7a3a01 3e4f14d3 bf5d01d2 3ec152b9 3e4f9cd4 3f48e5cc bf5b4dcf 3ef826e5 3f47f1cc bd7bf072 3f1cb7a0 beb69aa8 3edabee6 bf3645a8 3f657dde bf6cfff1 3f7e4421 bec6eab4 3f3f99b0 bf50cfd1 bf2647a4 3f0c877d bee952da bec0cabf bf1a578b 3e63d4db 3e24cc84 be2f949b be857aa1 3f121185 3e104c67 3efe6ee9 bf48bfbf 3f7be20f bf6b73f5 3e91ba7e bf36739f 3efac2ff bf13ed8d 3f7ef22c bf04df7e 3eb64a9d bdd0e87d bf591dd0 3e920e8d bf7e7826 3ee98acd bf0b3f7d 3c996102 3f3167a6 3e068cb1 bf5a0de0 3f524bd3 bee012cd befc0af3 3f5d27d0 beec42d2 3f22459c bf4c0dcd 3e8d8293 be2cdcaa bed5eecb 3f6529e5 bf3b5bae 3f3ffdb4 bf1d19a7 3ec1829d 3f236d96 bf4413b8 3f29fbb5 bf4a81be 3f7dfe1f bf168b9c 3f66b5e7 3e142461 bf6c8bf7 3e3c6c9f 3f2e8f9e bd2d5045 3f736a00 bf70edf7 3de04958 3f75bffd bf5b7bdf 3eb00aa0 
bf66c1e7 3e83d69a 3f0cf38d bf6555de 3f558bc9 bf11c583 3db84906 3d70b0ff bf491fbe 3f4a6dc8 3dac487f bf5dbfe0 3d397013 3ebfc2cc 3e46dcaf 3d17f0d8 be01945d 3f588bd9 bf29c5ac 3f792013 bf6b45dd be7654fa 3f08278a bf25d59a 3f18c394 3e9a3e9d 3f4831bf 3f6e27f9 bf555dd7 3e725ca4 bf5ba9e3 be4794ad bf64c5da 3f5459c8 be862a86 bf1ed38d bf5c41d4 bda34899 3f074d8f 3edea2d9 3ece26c6 3e4ccccf bf04b38b 3f5479d2 bf37c3a8 bf21d18f 3e73fcdd 3f45adc9 bebd0aa3 bd3ff11c 3f1e459d bf04db81 3e965a85 3ed90ed5 3ea2d699 bf0b0d85 3f1f45a7 3ee7f6cd 3dca2871 bf7ec21c 3f6f3bee bb9b7bb0 bf0c297d 3eae4eb8 3d4eefee 3f44cdc3 bf55ebc1 3dafd858 3f362dac beae9293 beb4bac0 3f535bdc bf739600 3eb13294 bf2d3f99 3ec6caaf bec0d2b5 3ea0a29c beff9b09 be73dcc9 bea6f299 3e6bb50d 3f0a597b bf6d1df4 3d4431a5 bede52b4 bed342ac 3f21719b bf4047b4 be6ce494 3f3c81b1 3f171791 bf7cc017 3e97a279 be127c60 3ee19ebd 3d88d8af beb7a29d 3e06cc91 3d1530ef 3f391fa5 bec056c1 3f13a77e bf7d7a25 3f72dffe be6a5cc6 bd5270d4 3f3921b3 be80ce70 be947e8e bf7ce412 3f39f5ac becddacd be45849e bf36afad 3f3e0fad 3ddc28c3 bed59ad0 3df428a1 bee89afd 3f032175 bf2e4ba9 3f11799e be16d48f 3f335fb3 bf2f73ba be54bd3e 3f7353fd bf2dbfb5 3f2183a3 bee84ae9 3edffebf bf25c398 3f5cddd2 bf6b1bfa 3f6063e3 bf7c5815 3e5944ca bf4ca7b6 be1c9cb2 3f38d3be bea4bea6 bdba78d3 be6ffcc1 beb31aa2 3f29f7ac 3e68b4c7 3f64b7e3 bef06af5 3e55a4cd 3ef412ef 3f40b3b6 bf55c3cc 3ed1fedf beaedea0 3ebc3eb0 3ef87ae9 bf1da794 beca2abf be70ccc6 bf5197cb bcf6e1f1 beaac6a7 3f257ba7 bf4519c6 3eced2d1 3dd838ea be168cd2 3f3be5b9 bf297ba5 bd569055 bc07405c 3f2931ab bd889883 3ef8eaea bf6739dc 3e23ac99 3dca68f1 be7784bc be961a89 bf22e798 3dff9923 bed036b7 3f25f1aa beaec6c2 3ee43ee2 beb442a8 be14a49b be6f54db bec812cb 3f7221fd bf0b8b85 3f4f1dcb bf179788 3f2eefa6 3ec61ebd bebdd6b5 3ea78aa7 bee41acf 3f584fd1 bf6797ea 3e92d290 bf360bbd 3f312fae bea28a86 be985a73 3f76eff9 bf3b53b1 3f5ff1da bf01b37c bcfd9fa4 be913e6d 3e1c64a3 be5b64b7 3f734ff3 be99668d 3f21339f 3e947297 be1fc47c 3e3e2471 bf15a588 bef1e6e1 3f77c60b bf7399fa 3f416dbb be310c99 3ddc0917 bf4ddfc0 3f4d37dd bf438fbd 3ec14ab0 bd9d58b2 3edcd2de bf6f8a03 3f68bbee bf4835b4 3f1f0799 bf7e0626 3eecfed0 bed8e2d4 3f199d87 bed336c8 3ebafebd bf64d1f0 3de8d90c beb67ec1 3f7f2616 bed6dacb bf08bb9b 3cfa620c bf4629c5 3f3069a2 bded78e4 bf13e389 3e8062a1 3f0d1782 
3f615fe5 bf12ef89 bf011372 bd56b15e 3eedaad5 beb51acb 3f00d583 be1b849d 3f144f9f bf1c09a1 3c7942ab 3ee87ae1 3d363003 bef49acc 3ecebad0 bf5477c5 3f6b47f5 bf7c501c 3e831e9c bf13778b 3eb54aab 3ebe46b3 3e061c87 bf0c5d83 3ec5dabd bf1dcd9a bf477fb9 bee6d2be 3d9978f1 3da3389e 3f48a5be 3eed36dd 3e977e8c bf6d7dee 3f3d29c7 3cdba2e3 3f7ca621 bf19b38b 3ed80aca bf7489f9 3cc4a20e bf3aebbb 3ef5f2dd befcd6ee 3e74fcc8 3f5cbdd5 bec706c9 bf6a1ff1 3d339144 3f2311a7 bf79ac0d 3f24019e bf3fe9b7 bddff8c0 be99fe90 3edb8ad8 bef0dae5 bf6d05f3 3f057785 bceae26e 3ec8ceac bf5ca9e1 3f4b73c0 3c32bef0 beec32d6 bcda6084 3e241c9e 3ea2faa2 befa92e0 bd9da8ae 3f3ea7ad bf559dc0 3ec93ab4 3f0f2981 bd44afff 3f2a819f befd36e1 3d92c82d 3ea2c691 bcff6029 3ee7e6d5 bf5605d9 3eecead4 3ea9a2a5 3ee896e6 3e7adca1 be5714f9 3f1a9383 bebafac4 3f2399a3 bf26b3b8 bf2f71ad 3f6883de bd1dd1cf beb796b6 be3144e1 bedb0ad0 3f76a1fd bf71e7f9 3f2b3da5 bf76260f 3f18b7a3 bf23ab99 3f38d9ad bf256d9d 3e1104b0 bf013d79 3e760d24 be04bca7 3e5e24cc 3f5bfdd5 be858276 be987290 3f13ab93 3f3793ac bf7f6830 3e9cc678 bef7a700 3f2d7ba7 3e7efd19 bf2f7fae 3f6b3ffa be31d499 bf6b81fc 3e5954bc bea6a28d 3f47adbc bf671fde 3e3454b0 3ed3b2b9 bf6433dd 3f73b1ff bf40f3b2 3f3d33c1 bf432bc6 3f44cbd6 beda3aca 3f2ccfae 3f1dcd94 3d593064 bf12eb82 be25b4a1 3f4919bc 3e2c848b be3a9ce2 bc19c005 bf19478e bf5119c9 3ee42ee7 3e27ecba bf6299e0 be59f4f3 3ec63ebc beee0eec 3e6e14e2 be921a8e bf5b45e6 3f7295f1 3e9e629f 3ee4e2d5 3f1e2997 3f3cdfb4 bf5515d1 3f621be9 bf5af5df 3f5f0bdb bf493dc1 3e25aca4 3cc8e04b bf16678c 3f7c9c1c bf319f9c 3e4cd4c9 bf6185e3 3f4645b8 bef4e6da 3e94fa9a 3e9e6ea1 bf11f389 3f7491e8 bea1f293 3f7c4819 bf42bbb0 3eb45eb7 bf2325b2 3e99bea7 bec38ac0 3f1ee592 3f0ea18f bf54f3db 3f1f8792 beea7ed9 3ec1e6bf bf6103cd 3f7493f6 bf67f7f3 3e8f8681 3cefa101 be21cc90 3dae08a2 bdfab902 3e19148e 3ecea6d2 bf4737cc 3f79d613 bf659fda 3f541bc6 bf722e00 3f39efb2 bf3b63c2 3ebb769b 3f0bf375 bf20fd9e 3f054178 bf5f13e7 3f07e98b bf770dfd bd0370bc beba96bd 3f3da3b1 be3074b2 3f19b790 be40fca6 bdd8b876 3e29c48d be70bce4 be326484 3f7d5414 bf4321c0 3f01177e 3eeabae2 bf16a799 3d62d0dc 3f103383 bf2189b1 3ebbb6ad be134ca4 3f42f5af beb126aa 3d847899 3e276c88 bf4f1bca 3f3f81b7 3e96ae82 3e3daca0 be90c68e be532ca5 be3f5cd4 3f771805 bec80eb1 3f603ddd bf3403b1 3e266cad 3f19bb98 bee08eeb bea692b9 
beb05697 3f2147ae 3f1c6b97 3ef45af3 bf793206 3f215d94 bf7f0c1c 3ee9c6da bf28bf8d 3eea82fc 3e5f3ce7 bf0cdb90 3f1b7592 befd3ad3 3ed83ecc 3e397ccf bf0b8180 3e989e76 3f061587 be7b1517 3f0c6579 bf402dc1 be9eee92 3f7b4e13 bf38efa8 3f2507a7 3f164f9e 3e1e446f 3f327da6 bf313bb5 beb55aa8 bf447db4 3f06258d 3ebc1edc bd885887 bf77c407 3f3bcdbf bf29f5a4 3e5aece7 3ee53ed8 3ea3aaae 3e96fa7d 3f163f90 bf439bba 3f1b7d96 bf6ec3fa 3f0dd98c 3f3453a4 3e84266c bed35eb1 3c6c40ad 3f410fb4 be88668a 3f4e53cf bf0c896c 3f03a18b 3e18249a 3f2b17ab 3d6e512f be27acb6 bf1e4b9d 3f5283cc bef8c2d1 beb40aad 3f0b8b83 bf18bd8e 3f368daa bf6231e4 3eaa96ae 3edacabb bf7f4226 3f3e09b7 be4144cc be7e34ce bf62ade7 3dda9892 be94fa73 3f3f69b2 bf630dee 3f0af988 be3accf3 3f3127b1 bf6363e8 3ce1630e bf699fe4 3ef52ebf bdf71934 bf2d17a0 3ee3aaf3 bd912884 bd9228e2 3f5cbbd3 bf383fad bdf8d91d 3f25cda1 3d741095 3e910a9e bf190595 3f1d3597 beecdede 3f593fd0 bf79d40a 3f6c5df3 bf32d9b7 3f2d07a2 be8faa95 3f7f3625 bf6359dd 3e5c0cb0 bd82c80c befd96e5 beb8e68c 3f6465e6 bf7091f8 beaae6b3 3f375da8 be79450b 3f58fde2 bf65ede3 be57acc3 3f05fb79 bf7a7410 3e87be82 3f5a8fd3 3ac20067 3ed1d2be bf3c23bd 3f7e9230 bf4b6fbc 3f16738a bdae1880 bd89e897 bea21e9e 3eb856b1 bed21ac8 3e0f0ca9 bddeb88e be971273 bf74a402 3e82227e 3eab92b1 3eaf129a bf799408 be61d4e2 3ed186cd 3b010a88 3e9ac28d 3f25f99d bddea8a7 bec6cac8 3f0d2594 3ef37af0 bedb72e7 3f16fb88 3d8e883b 3a95f974 3f7c5c03 bf61e9ec be81ee65 bf48d7ba be8e5679 bf4ac1ba 3f1d7f98 bf3757b1 3f5b45d8 bf66e3ef 3f3e33ba be9d56ad bd869845 3f4a15be bf3b71bf 3c1841a2 3f2683a4 be159c6c bdc88912 3f26d993 bf751602 3f4547bc bf27fba9 3ed146b7 beb7e2a9 bf46e9b9 3f6a39eb bf3185ae 3f6825e6 beb9f2c2 3f1c398d bf79aa16 be48bcf6 3f0b157c be69b4eb bee76ec7 3ecc9ed1 3e2d2ce0 beddceb7 beb7b6c4 3f51a9ca bf0dd384 3e380cc5 3d9c7892 be4e94a4 3f055782 bee6bee2 3ef0a2e2 bf36c1bf 3f3d95b7 bf7af619 3f601dd8 bf5595d4 3f741402 be744cc2 bf3dbfba 3f72affa bf3501ad 3f18eda8 bf0c8b7e 3f66ffe5 3f050978 be254c96 beabee93 bec942e0 3e8c7e71 bf70c3f1 3f7c0608 bf4b9bcb 3f202b95 be3feca7 bec5caa2 bd1d6ffe 3e1c74b0 bf5851d0 3ea88aae 3ecdcead bf6c8df5 3f5565db be9352ae bdc628ff be9eaa90 bde2b8d0 3e23c499 be3534eb 3f4283b1 bef70ae3 bf5459ca 3f15ab8f be4864af 3e8e8284 3e426497 bf48cdb2 3e4cfd05 bf3c7bb0 3f7b0216 bf31d9af beb586c5 3f2e7d96 beb762bf 
bddbb858 bf242b96 bf6287d6 be1b4c89 3e8e7a8a 3e89ea83 3f3945b2 bee152d5 3f7bf415 bf7db418 3ef832df bf2f3db2 3eddb6cd be7b54d9 3da6b845 bf03bd86 3f6f99ff bee412c2 be33cc7d 3e84e26b bf5a19dc 3f54abd2 3e3f449c bf29939c 3ef752ff bf2759b2 3e821e8d bf4a75c4 bf06dd7a 3f3987af 3ea80a9f 3e66650d be6b2d02 bf77460b 3f53afcb bd25903f be972287 3e797cae 3e967699 bf683dea 3e888e86 bf511fb6 be7acce7 3ed2babb 3e3c04c2 bead1aa0 3dbbc930 bf48d5c0 beaceea7 3e931a97 bc234275 beffd2f9 bee0dad2 3e816e79 be5f2c8d be55e4bd bf3efbc3 3e0924ac bf6805e9 3f64d3de bea42ea1 3f042980 bf3855a5 3f75a1ff beaae2bf 3ec952c1 bf1a3596 3f40ddb9 be9f26a8 3d3b6fc9 3e3a6497 3ebb72b1 bf791405 3f6fe600 3eb432a5 3f4d11c7 bf4641ba 3eb4bea9 be284c7e 3e06f442 bf6b79f6 3e957ebb 3efb72ea 3e8c6289 3f0c9d96 bf2ccfaf 3f0c3189 3e0dcc6f bdf198fe be7ce4d3 be405ccd 3e934688 bed05acd 3e80f676 be14dca1 bf32cfbd 3f096d89 bf0cd381 3f242b9d bf3bc3ae 3e2894a7 3f244f95 bf398bbd 3f1a3393 bf758c02 3f024b80 bf5a8bce 3eb4fa96 3f2a4ba3 bf316592 3f4d73ca be9a8279 3e92128d be83fe97 3f4bc5cf bf2c15a5 3da018a1 bf3077a2 3f0a7f8c 3e743d01 3b5709b8 3f54c9d3 bf3bc5b1 3c654240 bf477bc1 3d445084 bdcda8d7 bd6e50a8 3e0e449a be3c9c8c bf0d1781 3f68dfeb bec426b8 3f03437f bed04ac2 3f4337b8 bf4e17d1 3f766a02 3ea5da9e 3e969e7d bf64c1f0 3f086977 3c81a121 3f6d37fb bf48c1c7 bd8d97c1 3e168caf bea592a6 bea146ac 3ec596a8 3e155482 bf790805 3eff6eed bf31719e bd665100 be8be293 becd5ac5 3ec3b6a9 3e78f4bc 3f5369c8 3ed07add bdc05859 3f4a1dcd bf193993 3da578dc 3e980ab3 bea28e81 3f164d8a bec82ac5 bf1ab39c 3f57a1d7 bee116df be40d4f5 3e9e0298 bf6dbbf1 3f55fbcc bf13758d 3ee33ed1 beb70aae 3d932896 be0f4c75 3f7201f3 bf7505fb 3f4ea1d2 bf22439f bec406c0 3ebf8aad bdad78dd 3f7339f8 bf7b060b 3f22598c 3d1550ad 3e186c63 befea6fe 3f7b540b 3df60887 be8946a7 be790d11 3f20bf9a bf074570 3e8cee9a becf8ec9 bf05c990 3f69c5e4 bf2bbda1 3f24a3a2 bda3b8a1 3e794ce5 3e3c94bf bf6b05e3 3f01d57b 3e042463 bf2297a9 3f2e91a0 bec4e6c9 3f2b25a9 bf674dea bf7c080c 3f43b7b9 be897e90 3f44c9bd be24bc78 3e6354d2 3ec502b6 bf3f6db4 3f2313a7 bed986d4 3ebde2a3 3e4fdcc2 be4e44cc 3f5f61dc bf4051b9 3f72b3f4 bf77440a 3f67d1ee bf6965f5 3f0bb579 be0664ab 3f16698b bee4ead9 3ec09ab9 bf7e320e 3f683bdd bd50708a 3ec466ae bf1ad792 3eb766c6 bef7b2f7 3f179797 3e07ac95 3ea4b2a3 bf6b51ef 3f67a1e1 3e9fdaa2 bf5d45ce 3f683df2 
3e1ce476 3f243597 3f7193f9 3e54b4df bda838bd bf27f9a2 bf2e65ad 3e85a275 bf4fc9c9 3f13e186 3eb5e6b7 3bbd83e9 3edbf2c8 bf250b8b 3f30e9af 3d893889 bf70b5f1 3f22b3a0 bf266f9f 3ddce8d4 3f4eadd7 bf6351ed 3f095987 bf4167b1 3f7c4e0f bf04bf80 be073c88 3f4cc5c6 3f0e8992 bf79f809 3e5b2cca be860e83 3f1bf98f 3f19af93 bf488fbd 3f721a00 bf3639a6 3f259598 bf43fdc5 3f6d29f1 bdd9d90a 3ee102ec 3f15898a bf7dac1e 3ed356bd be17b4ac 3f4743cc be71bcc4 3f70fff1 bf155797 3f244b95 be82067e 3f60d5dc beeac2d9 3ca4a3a6 3f5251cd 3da088a3 3f78ba16 bf20f1a1 3f1df597 bf0b7588 bce4e0cd 3d7250d8 be0b046f bf3e75ae 3f4d63cb bf5383cb 3f5c2fe3 bf659dda 3f0f5793 bf2e1d97 3dcef8f1 3f3d11bb bf3069a2 bec09a9f bf2d7d98 3ea802b4 3e4c84e3 beee5ede 3f520dc9 3ed7e6b4 be9d2e8a be964e8b bf4bafcb 3f56bbd4 bf533ddb 3f585dc1 bf7f9e34 3f26f79d 3e1b84b2 3eb486b6 bf67f5d9 3f7e901f be64e4e3 3dc15922 be1f1484 3f6c33f5 bf648fda 3f097b80 3e55cce8 bf22d39c 3eb812d9 bf4d49cf 3f7263fd be0de452 3ed666b4 be5a8cd2 3ef0d6ea bf2959a3 be93ee88 3f4a27be bf3b95b3 3daeb8af 3b857ae4 bd55701e be0dfc9e 3e9fd689 3ec5769a bdd7e899 be32d4ab bf2add9d beb41e9f 3f2debac be291ce9 3ef10acd 3eafc29b 3f00a97f bf3b2bc5 3f01e97c bd38efae 3f17259c bf17698c be8c1a6c be97d2a6 3e897e87 bf0b4f84 3ea65ea4 bdb1b924 bf7aa211 3e8c9273 3e8b3e82 be298c74 be54b48b bf10398c 3ebfe2b6 3eb79eb9 bf0af585 bdf9e8a6 3f5c03df bf57abd9 3e785d0b 3df9e8f7 3f210b90 bd90387a 3e886276 3f45dfb8 bf467dbf 3f4c41c0 bf62bde7 bd8d38c2 bf3af5b8 3eacd6bb bf5521ca 3ec9a6c5 3db4981a be278c90 bea11e9c bef03afb 3f62ede0 be8c0a76 bd87581b 3e24bcc1 bd9ca8bb 3ea3868b 3ed336b7 bf24eba0 3f1adb9d bf29b7ac 3f72dbf9 becfa2c0 3ee2c6db bf4d69b8 3f42e3bb bf7f2027 3f30e597 3ee382cc bf3b97b5 3f196799 bf6629ec 3e417cc1 3ecd96c2 bf736604 3f4cffcf bf3907b1 be8fcea4 bf15bf90 3f0e9588 be5dfcde bdcd2860 be0ea4a6 3ed602c7 3d6a3057 3f48d7bc bf6a97f4 3f0ee992 bf53bdcb 3eafa2ad bf5ed1dd 3ebb6a95 3f4457c2 bf518fd4 3f43a5c1 be7554cd 3e488cc7 bf5a43df 3e3d9cbb 3f18899a 3f3859a8 3d013089 bf0b0f82 3dd8189a bf4d5fd4 3f257da7 bf7b9016 3f6b8bee beaf5293 bea6e2a0 3ebc62af be1b5471 bf49bfb0 3f54fdcc bf36b7ac bed952b3 3f6f7bf4 bf46edc7 3ec592bb 3f2b69a0 bf5a0fe0 3e325cba be6d94d6 3dc538b5 3f12bf8c bf245996 3ecf02c2 bf7f3c21 3f6f6bee bf1a179c 3f4c03c8 bf78c60d 3eea32ee bf059779 3f47f9ba bf2f59b9 bed976d2 3f226596 bf4b9dca 
3ebab6ae bf4913c1 bf17a19a bf6fd7f0 3f3629b2 3eae26a0 3f5097c2 3d4c3062 3eee76eb be279480 bf66edea 3dd8a89e beddb6e6 3ef35ee2 bf04198d be4eacdc 3f69f3ed be7d3cf5 3f1963a0 3ea136b0 bf58a5ce 3ecb82db be270460 3f1b3d93 bf52f1d6 3f105386 3edc76be bf738a04 be06ec8e 3ee166e3 3d6e108e bedcbed3 becf1abb be083457 bdab88ac bf1823aa 3f03dd85 bf02f981 3f0bc785 bf3c2ba7 3dc2d8b8 bee11ae0 be445ca2 3f5477d6 be94427e be12f49a bec09ea0 bdf48893 be995eb1 3cc761de bf33c5a9 3f1c1f96 bf7de81c 3f196990 bec5ba9a be2e6483 bf4b9fca bf2eb7a6 3f387fbb bf3897b5 3eab26a2 bdb3784d 3f0d9f9e be0eb489 3ec1a2c7 be4e04ed 3ec9dead bf65f5e9 3f5c31db bec95acc 3f626be9 bf3b8fb5 be188c6e 3e5a1cdb 3ec6c6b8 3ec9cec1 3df1f905 be872a72 3e6a2ce9 bf65c7eb be277c8d 3e6444d4 3ee73ef4 3e381cf0 bf1a379d 3f341fb1 bf612be1 3f4edfc1 beb18ea6 bf2b53ab 3e8a5269 3ea506ab bed54eaa bf055771 3f225da4 3ce4e1af bf657de2 3f4157bc bf4385bb 3eac96b5 3eb78aa1 be6da501 3f3adfb9 bf25b59c bebc9ea7 3db7e81b 3cb12056 bebd8ea1 3ebd96a8 3f016b7b bf3b23a9 3d39d102 3f4dbdbf bf4953c3 3f09e388 bed232b5 3f2243a9 bf6a91e9 bc93e031 3ebf2aba 3efa26f9 3efc3302 bf44f7c2 3e7034da 3ca81f55 bf2e83b2 bf462bb8 3f7cea0b bece12ae bec4729a be949a89 3e8aa699 3f014f6b 3f4ca3c5 bf58e5d6 3f6417e5 beb73eac be484501 3f47bfc6 3ccfe088 bdf8b908 becc0abc 3f7ba413 bee54ad4 3f03d186 bf3429b7 3f6375e5 3e1a848c bf0b1d82 3ec76ed5 3e0f1c79 beb916a2 beb8bab3 bd91b8c3 bf0e5f8f 3d4cd173 be0e9492 3e957a93 bf07417e 3f6ae7f5 beedc2dd 3f6dc3f0 bf03bf83 3f51d7c8 bf55cfdd 3edc12cf 3f4aedd3 3ca36141 bf5241cc 3f4e89cf bf47e1b8 3f579fd4 bf6f07fb 3d48b11a 3c89a0e3 beca52d0 3f6307e5 bf6aa5f5 3ea55a96 bf7255fb 3f2d73a0 beccdab6 3e7354e0 3f15498b bee57ad5 be6c8cda 3f3203a3 bf6293e1 3f766c04 3db9a92c bf274792 3f687fec bf5815d7 3f795806 3f11578d bd9a0863 be4cecb3 3ee982ea be5524cd 3f0cbb7e bf7d2228 3e950681 bf4debcb 3f1bcd8c be3194be 3f3d17b6 be8e4a84 3f7097fd bf02e787 bf155f8e 3f2a1ba9 bf26179f be11dc84 3e53ccc2 3f7a4614 bf043974 be9ed29e bf35c7c2 be0f249e 3dd2d950 3f143f93 3e034c7c bd89d82c 3f09b988 bf51e7d5 3f201f9f 3d4df06d bebde6b0 3ecb42ce 3e79fd28 bee92ae3 3ecf12ab 3f39cbc0 bf6873d7 3f0f5195 be928285 bf7569fd 3f5d7bdd bef142dd 3f7273f9 bf78780d 3f11b98b bf224993 3ef8a6f5 3ea52e98 3d4c10ae bef1aaeb 3e99ca8e be21c4ad 3ed812e2 bf3db3ac 3f597df1 bf2cbda9 3f68f9ef bd8a487a bd130fae 
be9ece97 3dde5931 3f7055e5 3f7899ff bf54ffcc be95ce9b bf3145ad be82f691 bf13fd90 3f178595 3e7804d7 3f6bc7ef bee7f6c4 3e8b0287 3e75c4b1 bbb9828b bee136d5 bebfd2b9 bef222f9 bed576c4 3e1e749b 3f2c2dab bf1c1391 bd72f178 3ef0d2c9 bf79e20e 3ec1cab5 bea49a74 3f7f0623 bf60d7d5 3ee986e7 3f03cd7a 3e4cecc7 bbf57cfe 3f2e6db1 bb9d83da 3ea9b2aa bef7fef1 3eea7ec4 3c82e1ac 3e968ab7 3d4e30f5 3e0364a1 bf7b360a 3edbeada 3dc22899 3e4fbcd6 bc4340ca 3e9bae95 3dc688db 3efe2efb be5f8c8d 3e95729a 3e02a455 be2fccb3 3eb8fab0 3f3683a9 3ee946d9 ba9df7ab be9cfa99 3f5367c4 bee75ad8 bf3805a9 3e6914ca bd6590e5 be452cb0 3de66986 3f26afa3 bee26af7 bedb6acb 3e373ce4 be85528e 3f75a808 bf42adb6 3ef7a2e5 bf742e06 3ef1a6e9 bf41e5a6 3f6d33eb 3e82ae76 3e2facc0 bed622de 3d15107f bdffa942 3eea92eb be2a4478 3e329caf 3cd26188 be5624ec 3f28ef9e 3d1cf094 bef20afd 3eb6b2ab 3f1f6d95 bf7b4c10 3ec23aab be2fb4a3 3f3ec7b2 bd80d879 bf039582 3d743036 bdc908ba becc16ae 3e838e76 3ed5c2c1 bd79b186 3ab1f3e2 3dd3c8cc 3d837895 bf3821a2 3f73700b bf0a958b 3eadaaa8 bf16cd7d 3f425db7 bf3851ad 3d45f239 3cc4dfbd 3f6f17f9 bf56e7c8 be391ca8 be578cca ba6becc6 3ede5ae3 bf579dce 3f74cbf2 3f617fdc bf6ceff1 3de568b8 3f3269b3 3ecee6eb bee10ed1 bf0a6789 bf58d1cb 3f31c3a0 bf4d99d7 3effa6fc 3cdae10e bc8a20a4 bf6827ee 3f319bab 3e4bdcc7 bf609de1 3ee442e7 bedff6d5 3cd4a0fe bdf358db bf768602 3f521dd0 bf052f83 3d1e2f80 3f0f178d befec6fb 3f6965e7 3e5c84e5 be99868d 3e1d3491 3e3734e5 bdcbd8a1 3eba8299 bef38eed 3c862186 be96f28d be7b2cd6 3f11dd94 bf61cdd7 be3c7494 bec156c2 3f2c4ba6 bec702c0 3d6591c7 be2e248b 3f4527bd bd3ccfff bd2450a3 3ed522d1 bf6acde3 3f60a9dd be0b64af 3f566fd9 bebf1ad5 3e5d7cc3 be44ccde bf40fdbd 3f328fb8 bf6745f3 3f2f91a2 bef29ef0 3eb032b4 bf7d1e14 3f6aabe2 bf1a0790 3f0bd989 bf5ea5d2 bf68efde 3f7109fe bf04f976 3e206459 bf74c613 3f56c9d2 be3984b9 3f4bafc3 bebcfabf 3f0af17b bf5ff9e8 bd8e58a9 bde9c8ce bf4c51c8 3f5741cf be59fce5 3e2414a9 bda18883 3f5acbca bf79f011 bef102ce 3ef0baf9 bcb92174 3f695bee 3e113464 3db57855 bf3c3bb0 3dca58db be893a82 bd4bb0f0 3efb4b0e bf4cafb6 3ef8f2f3 bddfb832 beddd2e1 3f23279d bf1ba58b 3ed0b6c2 bf7297f7 3edecef9 bd0310b0 3eca2ebc 3ec542a9 3e90baa0 beab82ba bf1a4396 3f5ea3d4 bf3e4dc5 3f738bfd bf10f58c bf13f990 3ecda2cb becf46e0 3f2e0bb2 bf2e99a2 3f5483d5 bf20b599 3ebaeab9 beed46de 3e7494de bf764bfc 3f1d6b9f 
3e02845a 3e4314ad bf75f209 bf510dcf 3f350fb9 3e5e8cab 3f2d2ba7 3decf8c5 3f61efd8 bf69d3e7 b89f5563 bf68fff2 3cf16041 3debf88a bf5b23dd 3f7009f4 be994e92 3f3eb3b3 3ee3d2cd 3f2a9da9 be304c90 be17a497 bf0aad90 3f6f75fa bf133788 3f3743a7 3ea8a29a bf0f8386 3ec652b9 bf144392 3e4384a9 bf5b4fd3 3e296cda bee056d2 bcaedfd4 bf7dce0a 3f301fa5 bedfaad4 3eaf3aae bf6c13f3 3f395db7 bf572fdc 3f735ff3 3e12846c 3eb69eb2 bf39bda8 3f153790 bea47eaa 3dc6e8f2 bf36a1b5 3ef5aae8 bf513bbf 3efcb70a bf2d1fb1 3f413fbf bf7181f3 3e537508 bf61c3d7 be0cbcb1 3eb89ac3 bf42c9b9 3ea6e29c 3f3f2fba bdb6d8f9 bdb998ad 3dc25866 be703ce7 bf5215c7 3f7313ed be085476 3e07347e bdad689d bb1afff6 bf6addf8 3f7229f5 bef24eee 3f209b8d bc43bdd1 be81a274 bf7d2e0a 3f544dce be04f45a be63748d 3e9e2a99 bf5587cb 3e3964c3 3e4714a8 bf375ba3 3f5e8be9 bf2a79a8 befccacc 3f5b05e3 bf28579c 3e1aa4a2 bce320a0 3f7053f7 bf3a79ae bec672c1 be8ee6a4 3f76e9fd bd4010e7 beff1ef2 3f7d382c bf158f82 3ea8be82 bf48b9c3 3f50a1cc bf67a5e3 3f7ff63a bf5b2bd6 3f3f65bc bf7a1607 3f4e8fd2 bf38b7a1 3f51abdb bf0bcd84 3f7b1219 bee672c7 bf1e858f 3ec612c3 bc63c069 3eb356c0 3d278fea be363cfd 3f3e2db8 bf35b3b3 bf45bdba 3f1f4d94 3d8ab823 bf3ddbc0 bf41afbb 3f4efdcf 3f25939b 3e91f68d bd58301f 3f453dc4 bf7725fa 3e15d460 bd1e7115 3f25a19d bef4a6ed be940a6c 3f4c69c8 bf0a717c 3f76e402 bf123395 3f5187d9 3cede029 3eedc6e5 bf018783 3e9d1a8e bf2da9b5 3f57a5cc bf7c820c bee092b3 3f6239db bf15df9a 3c51c495 beea02bf 3ec1febc bf4f3fcf 3f55dbd8 3b9f8267 3d312fc7 3d75f0eb 3f151999 3ea236b7 be775cf9 3ee562e2 bf062989 3f12f387 be4d84a1 bf531bce 3eeed6e2 bf4d27c3 3f3ccfb5 beb14e9f 3e52bce1 bf0a5b83 bf06177d 3e6cdd05 bede16ca 3f6c4feb bec5aab8 3f5a7fdc be15149e 3db698d1 3e884e77 bf00fb8b 3f4f3fc0 be6e3521 bedaaac3 3ec5d6ba 3eaa02b0 3f5d47e8 bf73a213 3d15f04a 3f2dd9ab 3e89a676 bd48b068 bf6a15ec 3ee0dec9 bf366daf 3e954a8d 3f23ab9a be183cb3 3f13ef8b 3d937865 befa42fc 3ed712dd be5f0ccf be73d4c6 be2d2c80 3f2fd9a8 3ddd98d4 bd37b0ba be51a4e1 bef776fa bf6b47fe 3f6a11e2 bedb4ad0 3f14a38a 3e698cf9 bf3607b8 3f6699e5 bf0eb988 3e643ccd 3ea446ac befd56e5 3eeafef3 bf066182 3f0a537e 3e41eced 3e1f8cb5 be46cca4 bf1ea79c 3b8e807c bf6b41ea 3f267b90 3eb5d2a2 bf13b989 3f04d583 bf67a1dd 3f4dc7cf 3ddf0886 3d87985a 3e8e4e89 bee82ef2 38a00cae bef1b6de 3f602de9 bf6ed7de 3f777807 bed1dee5 3f20cb95 be63651b 
3d54b0b8 be1d9cc3 3f5e81d0 3e91968d be5afce5 beb296a6 be94c691 beea5eea be9e6691 3e174c89 3f4609c1 bdd0c909 3f56d5c5 bdd918d4 3f00c974 bf7507fd 3e956ea8 bed442bb bf4507b6 befc6aea be9e7e8c 3e683d0e 3f5025cb bf53d7c4 bd3fd062 bdc5b8a1 bf4bbfba 3f503dd3 bf4393c5 3f6cb7f6 3e1d5484 bc52c208 3f441dc2 bedc4ad3 3f162d9d 3f1d0189 be9a6282 be85a27b 3f6937f3 bf302795 3f76ac01 bf61dde3 3db1f8e2 bf4af5be bd260ffa 3ea956bb beb12aa3 beed42f6 3f74f1fd bf199b98 3f3665c1 be9c3681 3f433bb8 bf10dd82 3e25a49d 3e84567d be505cce 3f0b3b8a 3f14e587 be0bbca1 3de0392f bca5e088 bebe1ab8 befcbb03 3f068584 be9862ae 3f5885cd 3e3cccb3 bf2b59a1 3d40d071 3e899a70 bf2dc3a5 3f145199 3f1b1981 be021c6b bf12318f 3f115f89 bf6025d9 3f48e1c2 3eddc6de bf2b93a9 3ecf92d5 be84c679 3e7e351d 3f72c809 bf4631bf 3f32f3a8 be3c2c7a bec39ab9 3ea70aa5 3f27a9a2 bf4a31c7 3ed0cae3 be1d14bf be0b4c78 bf6447df 3f29819f 3ef19afe 3e3e14cb bf66d3e0 bcba20cc 3eefa2cf be9aae8c bf5759cc 3f4bbdba be30ac8d bd03307b 3ead1ea2 bf42f3b8 3f6313d5 bf4d55d3 3f78c004 bf05cd90 3edb52dd bf1ac18c bd94885f be9d6aa6 be8f066f 3f765ff5 be864a9d 3ed99ec1 bf1f3da5 bd6f5149 3d23506f bf4bbbce 3f5fd3de bdaf288b 3dbc98d5 be96526f 3f77ba06 3f1cbd8e bf481dc3 bf703dfe 3f11018f bf4491be bef852f7 3f5c7ddb 3ec0b6b6 bf09397e be29d4a6 3f6d8bf8 bf7053ed 3f3907bc bf4361c0 be65c491 3e310cd9 bf0d7b7b bd63f109 bf07b182 3e9c8a81 3f057f7d bede1ad8 3d5990cb 3e343cbe 3f2a8fa1 bf4585bd 3ec0beb6 3ea6c674 3e6e1cd6 be362c96 3f2ff5ad be0034ac bf74540b 3f4cfdcb bf7a5a04 be5934f4 bd29efe5 3e2754d3 bf148185 3daa28a4 3ecf6aad bf202f96 3f711600 bb977c6d 3e5becd7 be1bacc6 bd3e70a2 3c7e419b 3ee4f2eb 3dd4d87a 3f17078a bf2b33a9 3e9e2292 bf5ce1d7 bde1b8ca be2494b6 bec56ac6 be7a8526 3f48b1cb bf59cbd7 3d9a482a 3f2c0d9c bf2e11b0 be204c96 bea4b295 3f2c11a4 3e7d34f5 bf653be7 be6a64d9 3e19dc88 3f2cfd93 bea95eaf 3f6a65f3 bf5ff3da bdf4e903 be8a5676 be3dfc7a 3d029179 3f080d7d bf7a920c 3f2bd39d 3daac87a be914a8c bf01257d 3efa3af5 bf1ab78b 3f0be985 3edc5ac9 3f0c3b6d bec7aebf bcfa2058 3dd058e8 bf266b86 3f47d7ce bf7eb821 3f4329bb beebcae7 be59d4d0 3f20fb9d bf334daa 3f1f2397 be70ed07 bf4aefc1 3f10c18d beaf5ab1 3f07117f 3f5845cb be7fbce7 3f1ce395 bf6bb7e4 3ea586b2 3ee752d1 bf02fd81 3eebbee4 bf5ab1e0 3eac3292 bf25459a 3f179192 3ec7c6af 3d5e70e4 bf5313d9 3f7c4408 bf309da2 bea35abd 3f21af9e bf368fb3 
3f30bf9b bf78080b 3eb802b4 bf5101c9 3f529bcb bf0ef587 3f4aa1bf be001497 3f1a919c bec796d7 bebc0ec4 3debb910 bf4f27c8 bf16557f 3eba7ab7 3f5449cf bf0af98f 3eed8ec4 3f177994 3f15e989 3f1e0d91 bf039b87 bee15adf 3e6d2cf2 3eedeed3 3ea4d298 be6714df 3f1f4b99 bf0c8581 bd45107e bf37a9ba 3ee72acc bf774805 3f21779f bf2b79a5 bf03897f 3f2715a7 bf0e0799 bc93a226 3c98a246 bf104985 3f47bbbe 3e99b28e 3e730d04 3f10d18d bf0a6b94 3f2eddaf 3eb4ced5 bf6921f9 3f4083b7 bf1ff9a2 be9f2290 3e92ea92 bf1aa798 3f5661db bf3f05c2 3f5e6bd2 bf3675b3 bef18eca be9bce9b 3f084380 beb436b6 3ecb62e2 3e835a5b bd54d10a bec33ea3 bea3b2a5 befbdaf3 3f7d8623 beb63694 be1becaa 3f71c3fe bf6737e0 be9c028f bea95290 3f781c00 bf731bf2 3f745800 bf52fbe0 3e94e27b be865291 bc03c12b 3f126795 bf5f35e9 bf25ada7 3f4955c9 bf7b9217 3f2a5ba5 3eac9e8d bf4099b8 3d495162 3ef036e8 bf132391 3f281595 3e8b3688 3e9866a8 bd114fee bf5b75d3 3eb0b2b7 3e214c83 3f1ec1a7 bf650fea 3f05377f 3f3a1bbd be1c1cb7 beabe2a6 3d597095 3e32bc60 bdf26906 3e509ccc be0b547d bee21ad6 3de6a930 bd98a83f 3eca3ec7 3ec7e6a0 3e68fc95 3e40646b bf4895d1 bddc287d bf148988 3f5dd7ce bea216af 3f6bc5e2 bf19afa9 3f3679ac bf3fc1b5 3f43e5bf bf1e5797 bf3917ac bea176b0 3f1f85a1 3f599fe6 bf1f6d98 3f05d585 3f5b53dd bf5965d0 bf4983c7 3f759603 bf015d76 bf1cdd92 3f35cdb8 be8f528a 3ea86ea4 3ec6d6d7 bda308f9 bca9a173 3f3015a1 be37f495 3e5474d1 bf7527fc 3f4d59d1 beaff6b1 3e9f62b7 bf23bda7 3f0dc182 bf4299ba 3ee642d9 bf65e3e5 3f14cd95 bf5c35d5 bc839f84 3f6041d3 be9ccea8 3f41e5b7 3ec31e9d bef832fc 3d14f03a 3f4f47c9 be123498 bf3ddfbf 3f7ada13 bf371daa bf12c390 3ee0b6da bf3bebb2 3f787e04 bf7d5617 3f18d98a bf487dc1 3e9fca87 bef04ed0 3f3badb8 3eddbad0 3dea689a 3d9d0835 3f6487df 3d67d135 bf4ec3cd 3f3c63b3 3d6dafd0 bf422dc5 3f6331e0 be2c04aa bdb438ca befbb6f6 be72e4f3 3f2f8ba2 3ed45ae7 bf21c79a 3ec0e6b2 bf58b7d2 3de0a8d9 3dbfc872 3f4fbfdb be82aa88 3efbcefb bf5debce 3ebbdab7 3f07657a bf0a3383 3e58a4db 3e983a91 3edcf2d0 bf27999d 3f1f059d bf4b31c5 3e02e49e bf69abf6 3f5b79d8 bf1fcda8 3ecf42bf be936673 3f5179cc bf2499a6 3ed51ed3 3dcf7949 be7144b7 3e0f7484 3dcc6965 be41d487 bdbf58db 3f6c4df3 bf39b5be 3f1a3796 bf132f99 bf7ca013 3ed0b2ba bf4ad1c9 3f6e73f5 bf074f7c bc203d28 bc56bf9c 3e843271 be5884bd 3f51edd0 bed042cb 3e3bd4ad bf793a0a 3ec482c3 3f2d99a0 bf6b31ff 3ef662fc 3ef27ad9 bf7259fb 3f250598 
bf412daf 3f67c3e6 be24a497 be2ca48f 3e3a0486 be11b482 bdd588c5 3de898b4 bf3853ae 3f5955e0 bf04c175 3e98ae97 3f205d93 3f4f33d3 bf3f19be bf39b7b3 3f0dbb8d bdf7898f bf40b5c6 bf191f95 be54649d be38ccbb 3f5fa1d5 beb52aa7 be955e76 bf17cb88 3f3f49b9 bf7ee21d 3f1d3d8c 3ee22aaf be8d7a7c 3f3e57ce bea6d6a3 3e1f6c97 3f3a8bac bf5c89e0 3f784806 bf070191 3ee23ad2 be540caf 3f3473b3 bf6fcdec bee42ab2 3db9195a bf13ef80 3dfb0975 bed1cea9 bec23ed1 3f290da7 bf23a9a2 3f3b4faa 3e567cd2 bed122b2 3f24919e bef0730b be3a3cb0 beb342a7 3ef352f8 3db648b3 3f3c49bf bf66dfe1 3f37a3ba bf527dcc 3ee886da beebb6ef 3f2fa3a6 bdc7d8d0 3f25ad98 bf77ea06 3e976a94 be0acc75 bef72ed8 3eab1ea5 3f58d7d5 bf02257f 3dc9884f 3d581068 be2534a5 3e460cba beaa6ab3 3f4c0bc0 befc86e7 be868671 3f01f383 3f6987f5 bf4f67d3 3f6281e1 bf649dd9 be043c71 3f724606 bf5db1db 3e6f3cbf 3e9576a2 bf3927b2 bf092784 3d7c7127 3e0f3c74 3e10ec95 3deab903 bdb878ac bf1bf999 3f3cfdbd bee756e6 bf0d458d bee7dabe 3f148d86 3e852283 bf4599c4 3f3709b2 bf3935a4 3e97ba8f 3f1c3b8c be98aa87 3e6e2509 bf296dab bda788bb bf56ffcc 3f3e29c5 3cc09fa3 3f74ebf2 bde58900 be903e9b bd9808bb bf5171d4 3f400fbd bf7113f9 3eb126ac bf06a583 3f2cc9a5 3f3f4bb4 3ce5a0e4 bef036ef bf40bfca 3f3059b3 bea2ca98 bf590dd7 3ee80ede 3f5d1bd5 bf03637b 3eab9ab3 3f4679c7 bf5161cb 3e9f529f bf31edb1 3efe16dd bf20119a 3f1f41a2 bf393fb7 bdfbe852 3f5c71dd bf2c53a0 3f6c43f0 bf6dfbf5 3c2fc3ab 3ea126bd bce92126 3f3c47bf bf39dbb3 3f5abde1 bed2fed2 3f5013cd be9b328c be11948b bf0ed58d bf2dc7a8 3e87ee6d 3dba1888 3d8958a7 bf4e9dc0 3e5894b7 3f152395 bf5c39dd 3eeb1ad0 3f1907a5 be82ca7a 3f20b9b1 bf2d1399 3f092973 3da0e846 bf22cb94 3f6647e2 be392c9d bf1f37a1 bf18f9a2 3ee56aee befa1f05 bf6811e1 bdac3842 3f585bd1 bf7695f4 3effcefa bd299093 be541cc3 3db8f8b5 3e8dc66e 3f1ea58e bb110686 bf05ab89 3db278d8 be0b0c77 3ea96a9f bd9798b5 3f4bcbd1 bf40ddb4 be926288 be91569a 3e387cac 3f435fbe bf4a17bc 3e05f496 3d2590f9 bf0d2383 3e953a9a bf79fc03 3f76cc03 bea6769f 3f3b2fbb bee456b9 3f62fbdc bf3dd1bf 3eb0e2b4 3ec8b2cf bf224ba5 be612d07 3e1ad4d0 3cc020c2 bf27539c 3f745207 bf1c119b bea4ba93 3f6d87f7 bf78dc0a 3ef462f2 bf005573 3da4f886 3e9f729e 3f247fa1 3f1f6197 bf5819d9 3f71d3f4 bf6d5bf4 3f71affe bf329fa0 3f03df76 bf19838e 3e2c14e1 bed65ad6 3f0da18c 3e6eb4ac 3c454324 bf5b59d3 3f7d180c bf18b58a 3e1e3c8d 3eaaa6ab be8a266e 
be72d4b1 be9bd68e 3e82326d bdc148a3 3f025f77 bf5b01d5 3f76d408 bf6f8bfc 3f2c1ba1 bec49aca 3e7c353c 3dbe3907 bf5fe7d7 bec5a2a6 3f2f3db1 3eec22d1 beb5aebd be4b94b8 3f638df0 3f06a18d bea5368c 3f3bbfb9 bf4761d1 be2e3497 3f456fbd 3d6e9162 bf03497b 3f6461d8 bf5d95d1 3e6394d4 beba16a2 bd8c7825 3e5924d1 bf1bb793 3a641248 3f5333cd bf6fe1f7 bd0d709b 3f2efbbd bf45d3ba bd92190b 3f11a1a2 3f47b7d3 bef012e1 3ee0f6f6 3eabde97 3e54dd00 bdbcb944 3ed01ac2 bf1dbd94 3df6a8b5 bf0c517e 3f4009be bf745200 3f08c978 3f34cda8 bec3d2db 3eb6a69f bf14d78d 3ec29eb6 bf23cda7 3f4171c1 bedfeae4 3eb832c7 bed9f6c6 3ed0aad7 bf255f92 3ed8b2f2 be91f283 3f6fd9f3 beda16dc 3f0a718e be95ea87 bf1ee999 3f4fc9cc bf5817da 3f3c7bb5 bf2221a6 3f4a97c9 bf210799 bc3a4184 be06e467 3f381bb1 bf2ffbb2 bec8aac3 3b4d0162 bd8d182f 3f61a3f2 bf63b9e8 3f2fe3a4 bed16af2 3f0c4780 bf2205a0 3f425bbf 3f43cbbd be929a9e be871692 3eb83ea7 be3ad4bb becacaa6 3f6ce5ef bf3ec1c2 3eabf6a1 3f1f1da1 3efa4f02 bec2f2c5 bf03ef87 3f3231af beb38ecb 3ef1f2ea be8b6a86 bd96d87c bf3085a7 3f4821be be7a64ca 3f647de7 3e85b671 bf2f9dad be576cd9 bf6223dc 3e3cd48e 3ee58ef0 be7b9505 3f4855c2 beb2569e 3eb6129e 3f16a380 be7fcce3 be59dcb4 bf29bfa9 be0c54b3 3eee6ade 3f3fb3be bf7125f5 3e806674 3f4c2fc7 bedd0ad5 bd9e5882 bf3e21b0 3e79050f bf467fc0 3f177f8a ba544048 3eeaf708 bee332e3 3e12c487 bea2ae88 3f185797 bee51ee6 be5534e9 3e100477 bf0e1f82 3f163995 3f34e1a6 bf2e13a7 beb852a5 bdcb28fa bd4a90b8 3ebcd6b8 bf6243df 3eb6f6cb beb9c2ae 3f043780 3ece06b9 3f7293f1 bf411db5 be40accc 3f74dbf8 bf37a7a5 3f41efbe beecf2df 3e600cd1 3e76ece7 bf5871cc 3eb86ec1 bf568bcb 3f4e1fcc bf78fe07 3f2961a9 3ef57aec bf7be21b 3ee39ad8 3f0c6181 3f09fd80 bf4dbdc5 3f53ebdb 3f49abc4 bd9408e1 bea436a6 3f27d5b9 beec82e6 3e62649b be002cb5 be97be9b 3d46f0fa bf59ddd8 bd7451c3 3f3fe9b7 bf5545e4 3f61ebd7 bf66d7e7 3f2915a8 bf6f1def 3e9f0a9d 3f3ab5b9 3d9f58de bf127984 bd5e5099 3e807a7f be3e8cbe 3ed79eb0 3e89fe67 bcf9a229 3f1bb98c bec08eb1 bf5f93d9 3e8d8e77 be513ce0 bcf5a185 3d8e68b4 3df9d8c3 bf3201a4 3f491bc7 3edb2ac5 bf064f79 3f1a5d89 bc911fac bf230795 3f121386 3eb29ea1 bf50f7ca 3f127191 bc6340f7 be6434d3 3f5e15d2 bf7e9220 bea8b6a4 bf08f175 3f29a9b1 bf059978 3e0a0456 3e1cec7e bf207d94 3f50e9c2 bf4727c6 3f607de9 bf2c03ad 3f07d38a bf7ed61d 3f7225f5 bebcb6b3 3ef482fc bf6a5ddc 3f3705b5 bf6849e1 3f7f6824 
3e1adc70 be78f4f6 3ee8f6e3 bf34a9ad 3d1d50b3 3f1949a1 bf50ddcc 3f3ec3b0 3e83da71 bf4b69cb 3f0f1385 bf0dbf81 3f757802 beae26ac bcc62107 bf190796 3f149d85 3c19bf5c bf5b4bcf be1ae499 3ee022f9 bf5f5fd9 3f1dcfa0 3ec3a6ca bf7f2422 3f53e3cd bf51edc3 3f6065d2 bf5505cd 3f7a8410 beb652a6 be42dcc1 3e9a0a85 3ebfeeb6 be9ad286 bf40bdb5 3f4b7fd8 3e49acaf bf54c3ce 3ee062d3 3f12178d bf676bde bf3129ad 3f5de7d8 bf4781c1 3e43ac93 bf6753ea 3f6939f1 bf5aedde 3f4643c7 3ea8ea9a bf2b1b97 3efac6eb 3d2fb103 be0ef474 bf64e3f1 3f40ffb6 bf39bbae 3e6e5d18 bdf61913 3e79a4a7 be47e48c 3d30910a 3e94b686 befaa6e4 3f0dab9c bf4401b2 3f1d8795 bf3397aa bdee7849 bee25efb 3d7c314e 3effbf01 bf61afe8 3f4d9dc3 bf14579b 3ea3feab bd02b0d2 bf231b9e 3f4b2bc3 be6a3cef 3eaff2a9 bf77e406 3f5809d1 be2514b6 3f205194 bf566bc8 3d956896 3ed0f2ba bf760bfc 3f452bc5 bf13e188 3ed0d6cd bf062178 bf0a3b79 be8a628b 3f6621f2 bf74e802 3ea31a7f 3f0f6f9e bf6a65e1 3f29899c be550504 bf44adc7 be28246c bda5280b 3f5dbbe0 bf3b9fb9 3eac469d bf20f39f 3e95ca96 3cee61ac 3eca82d8 3e22e4a1 bf558dca bd10d08e bf14f795 3f68d3e9 3f039f83 3ee50eec bde0580f bf2583a7 3ec302a9 be7fdd0e bf0ad786 3e972e91 bf4157bb 3e6dc4ee 3e021474 3e37f49f 3f272999 bf55b5cf be675cb8 3f37ddb1 bdae388c bef2b2e9 bd009071 3d3c3048 3f7571f8 bdbe08d7 3ee3fae3 bf158986 3e8e0e8b bf27bd9d 3f11518b 3e47648d 3ddac908 becab6c2 3f5cf3df bef68edb 3f4511c1 be966e90 be2f1c8c bf729205 3f44dfb5 3f09d98c be245cb5 3e1a0cb6 bee5f2d0 3f6a81f1 bf1d6b95 3f0a5583 bf60cdde be312c86 bf3405bd 3f1ef990 3dcea84c bf7cc21c 3f5253c3 be930295 bf55afc0 3f7485f2 bf10697a 3e014470 3f229995 bea842a9 3f3313a7 bdb338f6 beee1aee beca8ecb 3f4559c4 bf12d993 befb1ef4 bcda2177 3eceeab9 bf20dd97 bf069176 be900a7c 3ecb32d8 bf6ca3f3 3f235397 be931a95 3f108f84 3baf79d1 3c906046 3f2c6fa7 3e4b4cc2 bee7aedd 3eddcac1 be8ebe91 3ecd16cd bf045988 3f278f9c 3e34cca9 bf72edfc 3dc508be 3f49b7be bf5703e2 3f52e1c8 bf135b88 3d881905 bee836cd bcd99ff5 bf07a387 3f20199c 3f231b9d 3e985692 bf324fa8 3f4aa9bf bf5349ca 3ee7fadc 3c801fc8 bef242e5 be97f6b3 bd9118e3 bd94e821 be832a57 3f7307f2 bf630fea be80f264 3f78600a bf3b51af 3ea90aad 3cde5fb1 bf529fc8 3f5351cc 3f5029d4 bf04497d 3ed98ab7 beee46fa 3e81c676 3e5d64b2 bddb6837 bd645091 3f0bd38d bf3c47ae 3f44f9bd bf3509b1 3f11378a be3c3c9d bf2cefab 3f278da7 be48dd0f 3f58dbd7 bf501bc9 3e1a6473 
3cff61b0 3ec12ab7 bf3ea5c8 3f75dbfa be51f4af bef902e8 3f4e49d7 bf68f5f1 3d7dd0f8 3d42d0f0 3f1c8f98 bf6a59ec 3f36df9f be7f554b 3df258ba 3e8d0a93 bf08c57d 3d9598e6 3f769009 bf04d972 bd685052 3f085381 bf05e788 3cfee265 3ec2faae bf499fc5 3f7f842c bf7e7210 3f2a839b bf3b0fa6 3ec96acb 3ef64b19 bf098f7e bec48ecb 3f5c2bd3 3c941e72 3e10646d bf3479ad 3f6aadec be0bf47f bf167f8d 3f3e21c6 3ea92ea5 be004c48 bf0c2380 3f76bc08 bcac1fc7 be209caf be83666e bdc81873 bed6a2d5 3f4bb9d3 bf3169af 3e78ad16 3e68d4ea 3e900e79 bebfa2d1 3f04957d 3ef83ee5 bf2d41a8 3f4fe7ca bf09cd7b beefdee0 3f5967d9 bf4f59cb 3f6cfded becc52be 3f199793 3e5c6cfb 3dfcf8fe 3f566bd3 bf65e5d8 3f0b358f 3ea7daa3 bdced8e9 bdf6c941 3ef3b6e9 bf0fd98d 3f69e1f1 bf2027a7 be95aa96 3eb3c6bf 3ed736cc be6c1cd3 bed7eac9 3ed052b5 3e433505 bf0ee18b 3f748207 befb36fd 3f2e4d95 bf7affff 3f6931e8 bef0b2db 3f2dbbb7 3ef42ec3 bf6461e2 3f3315a7 3e1e1c85 bf4cf5be 3f4357b7 bf191599 3e5434f1 3f3b09b0 bde098fc 3e829289 bf2e41a6 3e83228f be0df4a5 3f63e9e5 bef342ed 3ea1968f bf3d11b6 3cbc2012 3ed92ecc 3ebafaa6 3dbb7976 bf4dfbba bedabae7 bf3f21bc 3f6bf5f3 3de558e7 be3a8cbc 3d66b0d8 3ee29ae7 3eb1469f bf14ad7e 3f4587c8 bdecd928 bead2aa8 bdb728af 3e8b9696 bd978895 bde318fd bf315da8 3f7a2005 bea8eeaf 3dd678d2 bf1d8592 bf1dc794 3f264ba0 bf17377b 3f7ac618 bf50d1c8 3f034f8e bf3761aa be2c2c96 3e5a9cdf bf3efdbe 3ebe06b2 bf769c01 3f3871ad 3e118468 3f025d79 bec35ebd bf4ea1c7 3f21c79e bf16c186 3f2c03a9 bf7d2612 3f645de1 bf146b98 3f6ecdf5 3e91de9f be60ccef 3eb0b6b1 becf62c4 3f710ff9 bf4bf9c2 3ea1f6a4 3f68e7ed bf3c45b1 bdc4e87d 3f1f259f bf1caf95 3b130dfb bf4c79cb 3e8b567a 3f1f739e be6e0507 3e6154ef 3d0b8f19 3f30c9a5 bf42a3b8 3f19e58e bec46aa4 3f7fec2c bd93a832 3e9536a3 3eaa46a0 3ddab91a bf196d8d bea05a92 3e9c4ea3 bed772b8 be1e3492 be840278 be5e0ceb 3ee472e5 bf071d84 bced22a7 3f2f4fa7 bf79f40e 3ea0f68d 3e5b64f3 3d96e83d bf023d84 3f336dbb bf20ff9c 3f015370 bf0ae992 3f6b97e1 beadb6c8 3f27efa1 bf4141b4 bf7263f3 3f052182 bef0b6ea 3f1f4999 bf194983 3f7fda43 bf156587 3f59afdb be88d67a 3f70fdfc bf196598 3ef0b6e6 bf7f0422 3f623bdd 3e68c4f6 bf764a0b 3f0d2383 becdf6b9 3e4a9ca7 3f06678c bf51a7c3 bec772ce 3e5744ea bcc3e21d 3e471c88 3e7a8cdf bf770208 3f68ffde bf67eff1 3e47ecc5 be879679 3e9c869f be07746a 3eabcea9 becb5aa5 3f7b180c bf143f8a be928a69 bf084d7e 3f7c721b bf0e1178 
bf5f8deb 3f16b181 be7ed52d 3e3ac4af bf3969a6 3f65bbe9 bf2e31b4 3efc4307 3ddf18c0 bda2085e be76a4d9 3eb8b6b0 bed262d0 bf08db78 3f5301d1 bf5091ce 3f7a0016 bebfcab4 bf5087d3 3f6153d7 bef61706 3ed182c5 be2b6cba 3c8ea0af bddbd889 3f4345b8 bf41bdb8 3e064c92 3f3dcfbf bf0e7180 3e45c4a7 bf7ca606 3f79c40d becfc2a9 3e137cc7 bf7d0c17 3f136f85 bef4f2cf 3efb06e9 bf7303f7 3eef3aff 3e13cc8c bf5a8fdc 3ec762bb 3f25fba4 bf3c15b0 beee4aec 3f3979ac 3e94b293 3eb50eb5 bf0a278d 3d8fe83d 3ec712d6 bf1e1195 3de338c2 3dddf91d 3dea28c1 bf3d71c4 3ca91fa8 bd20b0df bf08d389 3f27f99a 3eb036a0 bf128991 3e422ce1 beb402b3 bde048c2 bf23bb90 bd6890a2 bf73adfd 3f477fc9 bf30b9a4 3ed60ec5 bf75a5fc 3deef8aa 3e4974bc bf072382 3df338da bdc1d898 be91e69d 3f5b87da bef766ef bf6685ef 3f6b29f0 bdd95936 bf6867ef 3f76e004 bf17e9a3 3d7531b1 bf1d4392 3ee706b4 3d0ad102 3dfba923 be83ae74 3e355490 bf7cac20 3f4e1dcc be808687 bf3eebb5 3f7ce61e bef00aec 3edab2bb bdfb68ef bf43fbb7 3f47fbc2 bf777a08 3f6fa7fa 3def491f beeb8ef9 be4f4cb5 bf41c1bc 3f723a00 be801672 3f069b7f be8cb67b bee556ef 3ed662de 3e5c5ce6 3f5d45d8 3e60e4f5 bf1e3f9a bf08c18b 3ef82eec bc043f36 bf320fa7 3dfa48d7 3f040382 bf1e6997 bf01a577 3f57f3cc bf6969f2 3f72d001 bf08157d 3f1f339e 3eb3faaa bf6c47ff 3f47fdce bf069b7d 3f76ddff bebefe9d 3f16cf9b bf25e99f be053c61 3f2e97a7 bf028f81 3eb722bf 3f1c138e 3cdb6027 3ea1b695 3debe89c 3f34efbc bf7473f9 3e12e4aa bf180199 3f7a2c05 bee036b6 3f11d382 bf2bc39c 3f6a4ff2 bf2f7dbe 3ee16ad9 bf5b25db 3e7ddd05 bf3edbbd 3f3d51bc bf5397c7 3f06d591 bf7dca10 3f78380e bf43a9b8 beff42e6 3f096f89 3dc278ce beef32c9 3c70c36d 3eeca6ed 3f7507fa bf6725e5 3e5ec51b bd9248a4 bf20578d 3e5afcd5 be916293 3eea6eeb be935e94 3d5dd16f be82b282 bf3481ae 3dd268df bf4d39c0 3eefdafb 3ea48281 3efba2d7 bf4697ba 3f7c760f bf252f9a 3f60c5da bedddad1 3f042d83 bf0cd78e 3f45c3bf bf6c53eb 3f5983db becd4ede 3e52fcb9 bca55f48 b94ff3bf be33b48b be6074e4 3e9b6a81 3eba9ec7 bf499bbf 3ef646e5 bf38cfba 3f748fff 3f3da1c8 beecdaed 3e9e1a94 be1f6ca4 bcd5215c bf14df7e bf3041b7 3f04a979 bf617de0 bdc8d8a0 be36acb5 3eb5a68c 3ea7628d bf001379 3d19f0c6 3d90689f 3f6b21f0 bf4063b2 3eb2a2b3 be39dccc 3ea7d2af 3ebd52a9 bde2a8d8 bec616c3 3e2a04aa beca36c0 3ece46c4 3eb926a2 be8bbaa2 3f5a8bdd beb6fecb 3dc448cd bedb2ec3 3e41b4a0 bebe42c2 beaef6a8 3dcaa8cd 3f5583d2 bd47309d bf4423c1 3f673fe9 
3f5db9da bf145f9b 3e0ddc7b be2faca2 3ef99301 be93daa1 be8d3292 3f097594 bf1e6393 3f143d98 bf4079c2 3f2dcf9c bd2a515a 3f2a57b1 bf5f0fda 3f40b7c2 bf633bd7 3e888a77 3ee856da be871292 bd69d18d bed32ac7 3d976894 3f0c5789 bf350fa1 bd6fd1b5 3d8ba828 3ee716e2 bf764008 3e7ef4eb 3f0bef8b 3ef42706 bf0c0f8a 3eb00677 be820a78 3f2571a0 3ef546f7 bede1ec9 3e4bbc79 3ecf22b5 3ea4aa9e bf4b25ca 3f4ff1d2 be94d28d bf46ddc0 3f23d3ac 3f0d2791 bf4b83c1 bf37c5b3 3d7ed033 3f05a780 bd12f085 bf10a98d 3f6bd7f5 be2b8c9b bf6a4be6 3f5815ce 3dddd8e2 bd2ff12c 3f22d797 be733ccf bdb96868 becad2bf 3ea14692 3e5454a5 bccda0cf 3f0b7f8b 3e6c04dd 3f3667a8 3ef162d0 bf392bb7 3ef02ae7 3e6b64ac 3e4de4b1 3f57a9c9 bf741ff7 3f7c5e17 3e4d1cc2 bf16cb99 3f590bce bf785807 3f156983 3f5545cf bf7c7c09 3f065b70 3f00f774 bf47ebba 3f3b83b5 bec0bab4 3f2ad9b6 bcd7df82 bf652fe7 3f221192 bf4b67c5 3f0ce382 3eca1eca beea8edd 3eb04e96 3edebee3 beac62bf beff5706 3e67ace0 3d22302b 3ce66308 bea2c6a4 3f21dba4 bf229993 bec0a2b9 3eb466bd 3f54a7d2 3c1d3e61 3da0f8a4 bf748ff2 3f3333a9 bf6b71eb 3f4327c7 bf4105c2 3dc1f8ed bf1a2591 beb0a2ac 3f283d95 3f0b9185 be78150c beb52ebd 3f7f9225 bf287f99 bed166e0 3f6e29f5 be0d045c 3ea3da80 3d46d026 beff8b0f 3e49ccc5 bf7177fb 3eb482a4 3e963695 bf00b779 be3104b1 3d88884e bc2b4181 bf153583 3f76dc02 be80d26d bf3b0da9 3f7db015 bf57cbd4 3d92684e bf76f205 3e1aac91 be971a97 beb0b2b1 3f11bd86 3f03af7d bf376fb3 3eccb2b4 bf39cfb8 3f43b5c0 bf06c381 be80e65c 3ea45aa9 bb02fd25 3f4cdbc0 be9d92a0 be69f4b0 3f1ec99b beb77eba 3e845a69 3f2fb3a7 bf64bdd4 3f7235fe 3eb5da8f bf5583d7 3f0c1b78 3d3f30a9 3d78d056 be9ed68d bf6a31ef 3f2c99a1 beb3baa3 3e312c8d 3f4ae5d2 beeca6bc 3e8a8a9a bf485fbf 3f586fda bf583fce 3f78f604 bcc79f75 3f4f75d5 3e6684cf bf5441d0 3e5e2d03 bec0da9d 3ee97eee bf035988 3e3ff4d4 be963e8b 3eb772c9 bf682de0 3f6649e7 be46f4c4 bf13478d 3f67efe7 bf4177b2 3ea1069c beec66e3 3eb55eb7 3ea1ee8b bd5150a8 3be88899 bf50d3c1 3f5bf1e0 bf5159cf 3f4367b6 bf4225c0 bf621bd8 3f238197 be7e54f8 be8c6e62 3ee86ef4 3f61afe3 3ee43ae2 3e5b2506 bd105099 3f3f41ae 3c25bf0b bf3987c1 3f09117d bf3a5dc2 3f73c3eb bf20658c bf715ffb 3f666bdb bf5021c6 3eb88abc bf02737c 3e2c44cd bdfa395a 3f26ab93 bf148d9d 3f6775f2 bedc3eb7 bf3447ae 3c925fc9 3c47c4b0 bf32d5a6 3f418db5 be20cc8d 3ed6f6d1 3d35f065 3f63d9e0 bf76e609 bd36b0ac bdac1889 3ed346bb bf0c5593 
bf6513ed 3edf56d1 3e879a72 be96169a 3e4a7ccf bee9c6df 3f6db5ef bf6915f4 3ef2eae1 bf0f9d97 3f5a8dce bec112c0 bf549dd6 3f36b9ac beeadecb 3e29f4b4 3e36cca1 3ed4e2b2 bee0fae1 bedf5aaf 3f5d5dd7 3d856816 bbd587ba beeb22fa 3f02c788 3d37f0b2 3e94f290 bf1a678a 3ef986d7 3ee81eec bf6b01e5 bf3837ae 3f54b7df bf21ad9f 3f24139a bf6cbdef becfdab5 3e76750c bdf978d4 bf17a789 3e21f47f bdea296e 3ed78abd becb52ce 3f77e213 bf2b85b3 be9f9675 3f2951ac 3f299f9c 3d270fbc bf146588 bd77d092 3f0a098c bf4a97d1 3e9f0690 3f53b9d5 bf6865ee 3eccdebd bf3f2bb9 3ee92ae7 bf285d9b 3f613be0 bf5343cc 3f3f77c2 bf35d7b8 3de77944 be5d3ccb bf4669c5 be2fd49c bf47e3c0 3f5f7dd6 bebf66bd be224490 bf3887a5 bdf478d2 3e99b69b bf31cda4 bf0a1193 3f3663b3 bf1f71a1 3ee002c0 bf24b191 bd769163 3dd1e8db beb392ad 3ecb4ebd bf2f45aa 3eef4717 be1a8479 befcb2e6 3e5da4ec 3e9afa87 3ed8c2cc 3e198cd1 bc812273 bf07898d 3ef3cafa bf021379 bee60ebf 3efdb2e8 3f146185 bf189591 3eca9ab9 3e3a9cd1 3e83728e beeaa6dc 3e963ea4 3f5559c9 bf6a89e4 be48cca8 bf44c9c8 3f224f9d 3e3354a2 3e18849b 3e221c7f 3eec52b7 3cb920ce 3e4094c5 bd82e901 3f04d176 bee4ff03 bf2d25a3 3de05915 3e97ae99 bf220f98 3f270795 3e04346e bec44eb5 beecaae6 bdad085d 3ddd78b9 bda798e9 3f1c199f 3ef00ee6 be32c4b8 beae7ea8 3f43c5c2 3e9632b7 bf25038f 3f14018d be69e4cd be950e82 3d7950b5 3f088984 bf5499c8 3f1b4ba6 bd74f0b2 3f6c31da 3ee256bc bf054987 3f3de1b5 bf7da028 3e32d48f 3cc9e11a 3ed82ad4 be83ce8b 3e179cc6 be98568c 3f7449fe bf29b3ab be252c92 bf4e8dcc 3f64cfe3 3e849e80 bf6fbdff 3f226199 bec962ba bf05137a 3f15ff9a bf667be2 3d431095 3eacf692 be4c04f6 bf198993 3f62e5df bebbdeae 3eda0ed0 3f455fb3 bf5b79de 3ee21ed8 bf2b07a5 3ce21fbd 3ece32c3 3e88a698 be826a87 3e33e48c be8f76a2 bf072f7a bf53bfcb 3edc8ad3 3f101189 bcd06077 bf26c39d 3f3bf5b2 bf203994 3f6935f4 bf6623e3 3e8aa28d 3f28d99f bf7ea41f 3d9b6878 3f287193 bf1e4fa0 bdf96887 3f389db9 be72ed09 3d58d11e bf50fdd3 3f284da6 bec6e6d4 3f4fd9c7 becfe2df 3f7aa404 bf5f2bd9 3f1fe78b 3f550bda bf3787b1 3eb1a6a4 3eb72aab bf5bf9d2 bf32efa6 bf2bc1a6 bf09dd7a 3f0b4980 bf7f662c 3d4bd054 3f3cc9b4 bf1f61a1 3f64b5e5 bf73f809 3f2d9ba2 3f2dcd9b bebc52aa 3f7f9e35 bf3e5fb4 3f6a9feb bf23659a bdc188d5 bda43903 3e40cc99 bf6a47ed 3eeff6ef 3f37b7bb 3ed2eab9 bf4b87cd 3f7d5220 be781cd1 bf22db96 3e5b54d6 bf78e806 be3ea4f7 3f5805cc bec9a2d5 3ebf0eb8 bebce6ca 3eca76be 
3f5d73d1 bf12378c 3e739cd9 bf2683a5 3f57c3d7 bf2cc7ad 3eae22b0 bef592e5 3f38f7c4 3e2374ae bf3377ba 3df9b8f1 3f4b99da bf3f4db5 3ed4e6e0 3e9a9278 bf3e67c2 be85b27e 3ed672ba 3ed8cedf bf3d1bb8 be9552a3 3ee9fad4 bedf8ad2 3f48bfce bf747e02 be2f3cb7 3f1dd385 be131476 bf2d11a4 3f4adbcb 3f5373c3 bec386c7 bed486cd 3f077196 3d36d0ce 3f51f1bd bf029d7f 3f787bf6 bf0d0b8d 3f3ee9ac bf0d4d8c 3d8be8a3 beaad2ad bdf868cc 3e857a75 bdfb3947 3df568ab bf66e7f1 3c7441a9 3ecbf6c5 3e63f4b4 be76f4f2 3e1acc81 be65647b beb0e693 3ead3ac2 bde8c916 3ee7c6e1 be86d674 be26fc88 3eb57a93 3de4b8c4 be6c0520 3ec03abf bedb82ea 3f4055bf 3b32ff1d 3f5823d1 be4b44f2 3eb97e9f bf6729f3 3f530dc8 3f58a1dd bf4155b5 3f4479c0 3e049ca1 3f263998 be975685 be35e46c 3f5dddd5 bedbded2 3ee876d8 3d2f303f bd97a83b be65dcdb 3f3a29b4 bf24379a 3e901293 3e923e95 bea4c299 3e02aca1 bf5749c9 bee14ac1 3f01a974 be6dc4eb 3d42b123 3f0b9f80 3e917e9c bf3461a7 bdaa7885 3ea69abb befcb702 bea54286 bef162eb 3f2dada7 bf1bc792 bd9628f4 3b7f005d 3f5735dc 3eaed6b8 bea2fe99 be778cc7 be41048e be567ccc bf5e53ef 3ec10abe bf0f3399 3f5f05d9 bf3c59ae 3eae72af 3f154390 bddc98cd 3ee0a6e8 bf4891c3 3f31099f bf789202 3f1bad9b 3f459fb4 bf0dad82 3e939a81 3daff86a bf3fd9ad be237ca4 be54c4f2 3ed4eabc bf7c0c15 3ccba05c 3eb316cd beed16ee 3f25b7af bebe9aa9 3e999a86 be032476 3d8f7841 3eb026a2 bf0ec383 bf09fd7d bf0d2f82 3e8cba8f 3e11749c bcc8a18c 3f267d9d bf3955c6 3e8f4e7b beabf6a3 bc23c025 3ed862d4 bf6d25fe 3ead6ead 3f6911f0 3cb56090 bf784a03 bcd1a23a 3e9e327d 3c9c1f9e 3d924879 3e365c6e 3e4544a3 3e2774ad 3e9e8e96 bf1b159b 3f7815f7 bf043f7f be86ba96 3ea4928b bf2ef1a6 be5824c8 be4334d0 3f586dc2 bf5a47d9 3f788c01 bf2b1da1 bf37c7a2 3f6433dd bf2d79b1 3f119191 3f38a1b9 3eb9d6ac bef16ece bf560dcf 3f3be1b0 3de4e8d2 3e107c8b bf0c757d 3e7d150d 3e01b45f 3e83b291 bf0e3d7f 3f5285d8 3e80328b bf499dbc 3f4811c2 be750515 bd6af06b beeeaad9 3f05d37b 3f10d982 bf721805 3f1e3392 bf18a591 be694ca6 bf40c1b7 3ee7c2dc bc1a42a0 bf759ffd 3f6fca03 bf6209e0 3f02d56c 3ea62a97 3f78fa02 3f201586 3f3217ab bf195b9c 3f4319c5 3e796d03 bf6a11ea 3f1e15a7 bf2f7798 3f1e978c bf18279f bde358e1 bf5b3bca bed6febf 3f135397 bf6a09de 3f6cc5f3 3d34f08b bdf7a928 3d2b8ff7 3f4c6dc5 bed9becf bf5ed7ce be6544a4 3f69e3ed bf75fff9 bd5950a0 3f1961a6 3e765526 3f7155f3 3b02fa2b bf4e6bc5 3f6973e7 bf745603 3f21cd93 bea656c5 
3f2c17a9 bf4f55bf 3f483bc6 be1db4b9 3e589cb5 bf3231b5 3f7df419 beca3ac2 bd7cf1d7 bf59ebcf 3f4d2bc5 3e1f2c89 bf17138e 3f38a9aa bf59add8 3cf7e189 3f58a7d9 bce4202a be372cc4 bef9e6e6 3f730e00 bf1c6199 3f4d99cd bf29e3a1 be581c8f 3f074787 3f2affa3 bf367baf be5514c4 3f49f3d0 bf3e19b7 bf015f77 bd40d07a 3f52f1c6 bf3b4bb5 be8f669f 3e239c77 bf66b1d9 3eaf6a99 bf61cfe8 3f718ff1 bf475fb9 3f737407 becedec3 3edb9ad6 bee816e1 3f2e33b1 bf7c9817 3f73c9f6 3ea6f2a7 bf552fe1 3ed35ac5 bf3843c4 3f73bfed bed55ece 3f2e5ba7 bf7c880b 3f794403 bf7293fd 3f4be3c3 bda5b88d be5774cc bf12938b 3edeb2e2 beca82c0 3f408dc1 bf401fb8 bdc6b8e4 bd80f895 bf4957bb 3f259fa0 3e166c79 bed092df bf3a81b8 3f3543b7 bf68e3f1 be4a848c beaa2e95 3e27cc96 be9a9684 bf0e3987 3f1afd99 bf7431f0 3f2cf1b3 beaf86a1 3eac6282 bf13c186 3f60b9e5 bf6baff7 3f0f0b92 bd365030 be374c9c 3f4131c3 3f7067ea bf71da01 3f4c0fcd bea51eaf bf6e41f1 3f39bbae be9b5a8d 3f1841a2 bf3623af 3f60b1d9 3ee4bed6 3dd90890 3ebf8eb4 bf54e9db 3f7bc413 bf023778 be301cb2 bf6639e4 3f2a03a0 bd1d1197 3df718cd 3f52adc6 3e93f28f 3b92809f 3ea522b2 bf4de3c3 3e70d503 be519cdc 3e2ba4bb bf5b73d5 3e358cbf 3ebfbec6 bec676ae 3f3c4bb6 bf44e7c6 be92ae8c 3ea916af be499ca7 3e0d4496 3d55b10a 3ecf16ba 3ec4aaaf bdea88c1 3f04077d 3e9d4e93 befb0af0 3efb6eff bf0e7983 3e9ceeaf be6cacfb bee5a2c8 3f30b9b2 bf779606 3f196b91 3f5fc3df bed93ad6 3f3b0dba bf6955e5 3ef1e2ef bf64a7f2 3f4f97c0 bf2dfda7 3f7fd22d be032c6e bf15fd8f 3f76f409 bef11ef8 bf7183f1 3f296ba3 3e9ad67d 3f4bedce bf18b78c 3eb0c2ac bf245f99 3f16f19e bf24f9a1 bdd3f8d8 3df598ce be521c95 bf0e4b8b 3f6cc1f6 be922675 3bfb89b9 3f6b05f7 bf099f7d 3f5c2dce bf7fca31 3f6f51f2 bf5c31cc 3ee452f9 3f6897e1 bf6c97fa 3f21939b bf38d1b8 bf36a7a7 3d8df84c 3f250fa7 3eb11aac be80927f bf312fa9 3e9d6e7c 3e2cb4a5 3cf0a130 bed00eaf 3e4e9ce3 befb82fb bccf9f98 bf3c35bb 3f2017a3 bf13e98d 3ee6bed2 bf16478a 3f7a780d bf69d1f4 bdee98f1 3f5b4be6 bf0feb92 3f03677b 3ee87ed2 3ed0a6af 3ed352cf bf6691df 3f6f9ffa bf1a3d99 3f0f2191 bf29eba6 be9e2699 bf48b5b9 bf44a3b8 bed102c5 3e239493 beb13ec1 be994286 3ef052f5 3ec162b9 bf3941c5 3f4383b5 bf1f8fa1 3f56fdd3 3f789001 3e551ca3 be76e511 3ec08ae3 bf140793 be3f848f 3e604ca2 be4834fd bf28719e 3f240599 3f129f86 3d8f88d3 bf4f8fd1 3f703fed 3d7e9066 be89b290 bf5d05ca bf1c4b99 bd7a3135 3f0ead90 bf46b5ca 3f2f69a9 3de3c8bd bf7c0e15 
3eb61aad beb7beae 3eb44a91 bf5bd7e5 3f11f59e 3e697cef bf17038a be87aa6f 3f28539c 3ec6b6c7 be8e8e84 bd8d683d bf41a9ab 3f4693c5 3e191cd4 3d1bf091 bf6cbfee 3e93b685 3e5b8cbc be66e4a0 3daf58d1 bd40f062 be952291 3e868a79 3f14d996 bf5597cf be83a683 bcf45fa3 3f5a25e6 bf326fa4 3ee7dadb 3e46aca8 3e2b0cd4 bf2fa5ac 3f4847ba bed792f3 3f6eeff5 bed57e98 3f6bc3e9 3dab08ee beeda2f8 be409cd0 3d2bb0ae be427472 3e6b2d0d bedccae2 3e349c9f 3f24b796 bec52abc bf1c2796 3f6581e2 bef872eb 3f2b1b99 bf2145b4 be768ccc 3dfaa8c0 3ee766e2 be838e77 bed8aecc 3efbe2f2 bf691bf6 3f605de3 bd3310cc 3f2d93a7 bf602dd9 3e45f507 be95967c 3f00137f beaaaaa8 3f7fc432 bf59bbd5 bdcc78e3 3f5fa3e8 bf16b58e 3f0d338a 3e5814cc 3f3b49ba bf178f8c 3eeefaf9 3f599ddf bf0ac589 3ee846d8 be3d24ba 3e92aa86 bf2e87b1 3f5dc1d0 bf7343f7 3e71b4be 3e695cce be2da497 beebe2e8 3f22a3a1 bf5641c9 bf637be1 3f38d5b9 bf6b83ff 3f52a9c0 3da12894 3b590b5c beb59e8f 3ef072fc bea9169f bdfed8eb bf7ae409 3ccda0a1 bf08b17a 3f6f5fe9 bec4fabd beb95aaf 3ef7bee3 3f3e61b7 bf2953ad 3ef5f702 bf33c1b2 bedc42df bf256197 3f14718d bf63b3ec 3f6969f6 3eaf9e9b be58ecb4 be30d47a 3f3769bf 3c9a5fad bd3ef0da be59aca7 3b28fba4 3f204d96 be9abe86 3e81ba74 beb376ad 3dab693f 3e9a1e9d be718cd9 bf757ff9 3e26049d be7c0504 bf2787a1 3f734bee bf73880a 3f100387 bea0ea9d 3f2b05a9 3d2a500d beded6eb 3f4e47ca bf00958e bf097997 3ec35ebb beb3feb7 bd48907d 3f1d2f90 be1ea487 3f0f0396 bebe86c9 bf13a58e be7a3d01 3f035b7d beb266a5 3e8eb681 3f0a9d90 bf0e537f be90b69a bf687de6 3e8e1e7c becd46ee 3f6531ef bf6dd3e7 3f4c3fc4 be98b6a1 3ee3ced6 3e32ccb3 3e01c49f bf0e038a bd842889 3d635156 bf791a02 3f40efb6 bf5469c8 3f1b999e bf3a47b2 3f7b0813 bf6353db be181c9f 3dbb08d2 bcb2625e 3f54a9ca 3d8fb8f1 3e00bc7d bf6bc3ef 3c821feb 3e246ca6 3e70e4f6 3ed936bf bf665bec 3f6627e7 bf2b6fa1 3f0df182 3ed196a8 bae9e4a9 3f7c0c09 bf050391 3e3f7cc1 3bc883ce 3e996e84 bf10f38f 3f32ebaf bec586ae be27cc6c bdb028cd bf0fc196 3e098c9c bf590fc8 bea3c681 3f2fb7b1 3bd67c98 becc6ab0 3f0cdd80 3c8661ac 3f5db3d5 3ebdcea6 3f043b8a 3f247b9a beea72f8 3f5b0bd5 bec332d4 3e27f4bb bf5c2bda 3f582dd7 be4054b1 3e264c70 bf7eb021 bf0f898a bf3d3baf 3f55a3d6 bf3c13b5 3f376dba 3dbe692b bea18697 3f16318c 3ddc8931 bf09d18d bec4cade 3eaeba96 3e15345d becba6d0 bf04e385 3f2b61a3 3f1c4386 3f0edf85 3eade2a6 bf083397 3f45fdb7 bf6c7df7 3eee9aef 3e013c54 
bf7e5023 3f0ec78d 3e30a4c4 3d54d086 be1ebc70 be5ef4d1 3e9e468a 3f222fa7 bf5fd9e3 3e08648e bf23e3a5 3f4415bb 3f23a79e bf3959b3 bf16a192 3f3c77ac 3efd86f2 bf4e01cd 3f649bd6 bf6985ed 3f72b7fd bf7479ea 3f38f3c4 bed0c6ac be921684 3ed306cb 3ea7ba99 3eb90ab1 bf7cf80b 3e92be95 be05bc3c 3eb0e693 befdaeec 3ef40706 be213ca6 bdac78bf bf04437b 3e2ef4d7 bf2035a1 bf043381 3f3a79bd 3f26ffa3 bf0ce582 3e8ff2a3 be914681 3f1b539e bf0d537f bf3aa3a7 3f59a7de bf54f1da 3f5d59dd bf6d83ef 3ebbe2a5 bb8e84e2 3e94ce90 3cdd1f4d bf2c1da2 3e27d493 3f50e1ce bf04b978 3e903a93 3e3534b7 bf60d1e1 3c9b60b5 3c81e0e3 3f1e6595 3e4e34c0 bea112b1 3ecf32dc bf73f3fd 3f55d1cd bd990907 bf2a6ba7 3f3873a9 bf032d83 bf5bc3d2 3e35c49d 3f08138b bf66f1e5 bf38bfb9 3f10d793 bef2e6d8 3f3985bc bf439fb6 3f2983b4 be9e52a3 3ebe1eb4 3ed31ec1 bf12118d 3e961e7e 3f08d77d bf377fb9 3f7091fc 3da9c873 3f1ef5a0 bf03f781 3f0f0f82 bf6693e7 3f35c3a8 bf05b184 3d6fb0c5 bdb6594e 3f0e0793 3ed68ac4 3f31f3b7 be2064b6 be8a1e7d bee60ad4 3f5c53db be483cb7 bf5073c7 3e920a7d bd67903d 3e90daa0 3f5ba7ce 3e116cc2 bea386a1 3f5e93db bf4565bc bf092573 3e4f2cf5 3dbe586c be6fb503 befbceef 3cb35fa7 3e6084ed be882a7c bef5b6f2 3ebe7abd be121cc4 3eb71aaf be99326d bed902b1 3ea0c2a7 3f22e593 3f1983a1 beba6abd 3f5ebdd7 bf7d6426 3f4c8fba 3e81427f bf0ea980 beee5ab5 3eeb1eed befee305 3ecdded1 bf0fcb8e 3f50e7cd bf713df9 3f655be8 bed96eb7 3eb40ac6 bf6ebfef bea3faa2 3f03d56e 3f078f75 3e8f628f 3de068d9 bf6ef1f1 3f111d9a bef89ef3 3ebc32ad 3efd3efa 3f208f94 3e9dee85 3e9ea2ae bf19978f 3e7c1cea 3e4564b7 bead8e93 bea90e77 bef1c2e5 3f15d595 be97729f 3f622dd6 be5244d4 3ef316ee bd09108c bd111035 3ecffed6 bed926b7 3e3ab506 be616482 3f6c95fb bf0d8785 3e2ee492 bf795a02 3ea72a9c 3e5cfcc2 3e0f7c80 3f19a599 bf10038e 3ecb22ae bf4b07c4 3f5859db bf5de3f8 3f5871c6 bf44d3bd 3c33c0eb bf31e1a4 bf3aadae 3ee772e1 3d02afb7 beee6af5 3c95604e 3e436cd1 beec56d2 3f5059c5 bf1f05a7 3f762e01 3edf4ef6 bf0ac37d 3f7b4817 3e8d669a bf1de9a4 3c11c1ba bea4ae8c 3e255484 bf65b9e0 be904297 bf051f82 be3e5cc9 bed4eedd 3e68ecfb bf7a2005 3f385bb1 becfb2c9 3f6cd002 bf0b9986 bf6935eb 3f6103e1 3f1b1789 3f189592 3eb25ab3 bebc22ba 3d8878bd 3e91be9c bf755ffb 3f675dea bf5dc9d0 bcb3a178 3f5cf5db beb16a80 3d885938 be9fe6a1 3f5b27d3 be6df507 bdc22874 bf710dfb 3d812872 bf75c9fc 3ee1a6df be9c0a8a 3f1bd396 bf345bb3 3f15d381 
3f3c4da9 bedb76df beef6ecd 3e427489 3f02d775 bf117d8f 3f004784 bf7211f9 3f1aff93 bd75503b 3f50e3d5 bf7131ee becb06c5 3f178991 3f014776 bf5d6fe9 bdd6c904 3f30bbb2 bf7a2611 3f6c19e5 bf491dbd 3f17219c 3e9422b8 bf573fc5 3f7dbe21 bef406e8 beaa72a3 be6eacdc 3eca4aa4 3f11ab8c bf23418f be945269 3f2b6db1 bf6ef5f6 3f0b1183 beaa16aa 3f5221c4 bf1c198a 3f796e14 3ebee2b1 bf6a19f8 be394496 bea56eae 3f12e17d be6d6ccf be861e85 3f5919df bcc2e0e8 3d69f08d 3f035987 bf03c77e 3e7ec506 3ebf86c4 bf3ef3ab 3f56d7cb bf5c77e0 3f7e0a1f bdb1a8cb bf51cfd1 3ea1eaac 3e07e49c beda76c9 3f1a3fa0 3e6b44e1 3e680ccc bf2ff7a6 bf5cddcd 3f6ae1eb bf706c0f 3f50c7c0 be20047f bf04dd74 3f5c01ea bf5c85df 3f5375d3 3f44f1c5 bf3057a9 be93d68f 3f6f3fee 3f113586 be6b1d08 bda1b8d0 bf2c5fa5 3f4c8dbf bed13ae0 be95ee91 3e6b34d2 bf46f7c3 3ec72eb6 3cad1d84 bf3945b6 3f2f49a7 bf490fc3 3dc2f8bf bf17b590 3ec9dae1 bf31d7aa 3f370dba bf03bb87 3f3debb3 be6774e2 3e971e91 bf5177bf 3c20404b bf789bf6 3ece22df be2f0490 3f758e06 bf77cc03 bea40e94 3f7e3e1d bdb5c941 bd5ab0fb bf07657c bdf3d8d4 bf503bd1 3f2fe9ad bf7029eb 3eecced6 3f4c3db7 bf13d78a 3f394bb2 bf2e73a4 3f7d6424 bdeaa8a6 3ebf56cb bea1be88 3f79ba0d bf22a395 3d10b07d bea532a0 3f775407 bec412a9 3e8a3287 bf113389 bf6435e5 3ebef6cc bf15b38d 3f46a9bd bf5039cd bed3b6c9 3f68efe2 3dc1b852 bee3c2e9 3f1a6b9e bf077b8a 3e99ee91 3f0bc585 bec876eb 3ed71ab6 bf4377c1 3d85f8c7 3f67e1e6 3f24e5a6 bf5835cf be5aacdd bf3e1fb2 3e832e75 3f0c1f79 3e316cbc bf177b93 3ec47ea2 bf517fce bee6f300 becb6ed2 bf5f87d9 3f5485d9 bda89904 bf073d79 3f352faf 3e4a74d1 3ed6cae4 bea60eab bd1790ac bf41bbad 3de3893c beca4aca 3ed5f2ca bf7c2c08 3f6941eb bf07377e 3f1e8792 bf1f259d 3e104496 bea99ac4 3e963a91 3f644fe1 bf6f11f9 3dca08a1 bd323145 bee512f9 3e22ccaa bef74f0b 3f6c25e7 bf51afd5 3f3e4fa8 bef1d2d7 3d835884 3ea89292 3f4151b0 3f5429cb bf382bb4 bd32f153 3f7c140f bf229595 3f33d7ad bf26df9c 3e0c6c84 be13d49b bf08f982 bf67cdef 3f44b5b5 bf38d3a1 be107c97 3ada1608 3f369baf b9e81d61 3ed7d6df 3f03e778 3f147f83 bd40b0e8 3f258997 bf371bb0 3f49add1 3ed8d2cc bee4e6e7 3df0c909 bf449fbd 3f3ca7b3 3f4e3dc0 bf4e49c0 bf23e198 bedad6ce bd1eb116 3ea0469e be8e1e85 be51e4b5 3f350bac bef536fc 3e8b1e9b 3eea76d7 bf76dbf9 3f12a18e beaa1a9e 3ea996bc bf7b500b 3f1a6d97 3d10d13c 3f04a782 3e29349e 3f2203a0 3e9d9296 bf177f85 3e90c67d 3d3f70f9 be642cbb 
3ef6fee5 be71ace0 3f6cedf0 bf7a6203 3f1d79a4 bf6179df 3f75500a bf0f0391 3f3fe7b3 bf1a8396 bf0ebf81 3f77ac06 bdfe08cb be432ce5 be9b5e90 3f2d11a9 be585504 bec536bb 3f61b9f3 bf7eae15 3f7b6e15 bf6c5df8 bdde3904 3f4d29d0 bf30afb1 bd281040 3efa76ed 3e295c9f be4bdcb5 bee2dedf 3f45c7ba bea222a3 3eda1afd 3c99e102 3efca706 bf3947b1 3e987e7d bc9ce16d bf58b9cf 3deda925 3e88fa65 3ea3929a 3efadaf2 be3d1ca8 bf099184 3f060d72 bf752609 3e974a97 be63acd5 bf671be6 3f6a2de7 bf5333db 3f488fba bf69f5e3 3efefaf4 bef076e2 3e83d286 bf42b9c6 3f64e5e4 bd8f38f5 bf2521a5 3f61dbf2 bf2da3b4 bd9568d1 bf301fa6 3f537dd7 3f72b1f6 bf21a3a4 3ecc92a7 3e175c6c bf6063e5 3f72abfc bed72ecf 3dc4c902 bf3cedbb bebe96c0 3f4d7ddf bd1fb014 beef1ae7 bf64b9e0 3f0b477f bc96dee8 3f61f1e4 bf6ca7fa 3f333da2 be563d09 3deba875 3f189b8c bedc86f2 3f31ada4 bf170189 3f600ddd bf2c9399 3f65fbf1 bf092b82 3ef786eb 3eb87aae bde0e870 bed5b2cb 3dec1918 bf5a13d5 3f6337eb be883e7a 3f5151d5 be8cba4a 3f78fc0e bf53e1d9 be48fc8c 3ecc26c1 3f1b039e bf08bf7a bf3cd3b0 3f7b8e17 be92a66e 3eb0aebb 3f5a09d7 bf2b55b4 3f72f7fe bf1d5793 bd08715d be4d54be bee99ad2 3ee182de bec5eabe bf47a5cc 3dbd08bf be654ceb bebbbe9c bdd878f1 3f401db5 bee7e2ef bf751bf7 3f6655f1 bf5f4ddc 3f7d7a17 3caa6101 3f545bc8 bf376baf 3e9ba2b0 3ece8eba 3da068ba bed3b2c4 be3f24d3 3f1a8b98 bf28299e 3f32bda4 bf3acbb3 bec85ecf be43f4b3 3e872281 3ecab6b6 3e2584ea bf46bfb7 bf666bf2 3f530bce 3ec4a6a9 3e826263 3ecd92da bf6f33e8 3e2324b7 3d9bf8b2 3f006b7c bdf9a918 3f3503a9 3f3d15b5 3ee89eda 3dc24872 bf39f5b9 3f3ba9ae bf7f5026 3e7f54f3 bf4cc3b9 3ee5cedf bd90487a 3f7b8c1a bec3c2c2 3eae528f be5d249e 3f4c53d5 bed1c6be bf54b9c5 3f4c1fc1 be9b3681 3daef8fc 3e53c4d2 3dc3b8db bf77dc03 3f6d83ec 3eae4a7f bf21678b 3f014372 3e98f291 3ea75ea0 bf5c27df 3f5d61d0 bf5855c9 3ed996ea 3e9a4673 bef71eec bf293999 bf5c4bd2 3f753c00 be919698 bf2a939c 3d20b09e bc956323 be01d48c 3f0fe582 be2c84b7 3f1a7596 3f6edfed bec94eab bd17f13b 3ef422e5 bdb3681f bf1f4794 be877268 bec746af bf7e341a 3ef9aad1 bf77fc09 3e8c9e99 3f2f03b7 bf760804 be38fcc2 3c3ac43a 3f41cdc0 be5c3c97 bef122ca bedbc2c1 3f08bd87 3e1b6ca6 3f4cddd2 bf1a4787 bdeb28a9 3ee04ea6 3e4a8c9f bf4839b9 3f65cdde bf7ccc1b 3f27619a bf41fdb9 3f614de8 bed6debc 3ee1aaf7 3e32fcbf bddd288d bef06ed7 3cfb5f74 bea39e8d bf089d79 be1974ab 3e483cbc bea5aebb 3f21879a bf6c1ff5 
bdd818dd bf2c2b9e 3e883e7c 3e3254e9 be81f678 3f40dbb4 bf06457d bcd56077 be176497 3d55111b 3f38bda2 bf7dc818 3ee63ec7 bd994914 3e004477 bf084184 3f186b97 bced5f71 bf328da7 3f7849fe bf747c08 3f6b73e6 3cc46308 bf503fc4 3f4249b3 be49e4b7 3ea94e8d bf7f1222 3f4ad1c5 bf34d9a8 3e0a1487 3e47bcc7 bf634dd6 3e66e4fd bf4421c2 3f6f41f9 bf3cfdb3 3ea8de9d 3f3501a6 bf47efba 3f7c3622 bf7aa401 bee16adb 3db65945 3f0d2d82 3d2cefab 3e93ca9a be29548d 3efab317 3e906e89 3eece6dc bf598dcf 3f4a67c3 bec7becb 3f766e0a bf2ba79f 3f00f971 3ebec68c bf42e9cb 3f01a17b 3e7cf4f2 bf3df3bb 3f238bab bd7290e1 3f7a580c bf7407f3 beb56ebe bef9cf06 3f3547b0 bf4d19d7 3f567dcb bebac2ba bedab2d1 3f2d61a8 3f5c59dd beedeae6 be7ec4c2 bec12ea6 3f6e25e8 bd85e8de 3eb22ac3 bf77e204 3ed062c2 bf5b1fde 3f2c33a5 bea40a90 3e1bd48d be92f28e bebe02b9 3e528cd1 bea5cea1 bcf9e254 bcb15fff be3354aa 3e03fc8e 3b978a1f bf70f1f7 3e84f685 3f124593 3d5f7087 3ed6ead4 bea446a0 bf0e1b8a 3ea2ea92 be9bea8d bf3e91c1 3f213795 bdb5d8cb 3da458af bf5a49ce 3f11c97e 3eac4aa0 bf20e790 3efc6ae9 bf4e77cd be4ae4b5 be8b2e8a 3e2284cb bed71eb6 3ea9ceb8 3ea42e90 3ec886b9 bebf4ab9 3eb2eaaf 3f77bc0a bead329a 3f6909e6 bed4f2b8 3f3d43c1 bf5f47e1 3f3cefb0 3f37a7b7 bf31f1b0 3f176596 bf281991 3e17ecbe bf6593ed 3f38efb5 bee306da bf0c5789 3f7111f1 bf46a7b0 3f19ad9d bf0b838d be0db477 3eccfab5 3d8218d3 3f56afd1 3ebd5e9c bf5d61d0 3e2cdc7b bf144790 3f567fe0 3f271d9c bf176fa0 be539caa bd62316d bf57efc7 3f7f4a23 be4acca8 3ddec8de bf69b5e7 3f38fdb5 bf73ebff bef736d7 bf5775cc 3e4c8cee bd315004 3f6a45de bee6a2e0 3f5bf9df be2d04a3 3ee0aad7 bf02cb7d becca6ab be22ccae 3f032370 bf2833a5 beaf6a9e 3eb93ecb 3f5d0be1 bec4b6b1 bec7b2c4 3f2963a4 bf07e17f bed34ebb 3f71c604 bf28d3a1 bf32bdb8 3f5f93d5 be1bd46d bf5009c6 bdade89a 3f23c5b3 bf413bba 3f6257e5 bf4abfba 3e92668d be72b4d1 3f647beb 3f0ef382 bf6d8ff0 3f1c5d86 3e315c88 3ee1eed4 be85ba70 3f18ef96 bf77de1a 3e5d2ceb bee56eef bf6605ea be06949d 3f3ef5a6 bf7b9c08 3f476fc5 bde5a89e 3f38cdb3 3f08a58a 3f3555a9 bf003175 3f7dfc22 beff22f6 bf23a191 3f29bda8 3f0e1b8d befc5308 bef482f7 3e431cde 3f792e11 bf2dcfa3 3e30f4b6 3ea576a5 bf74bdff 3f4fffc9 3e731ced bf756202 3f34b7b1 bf395fbc 3f44e3bd bf2c5baa 3f59d5db bd33b07f be30dca4 bf3affa9 3eef3eef bf4eabd0 3f7a900d bf20af9d 3f7393f6 bf1b699a 3f73f006 bf0b6984 3f65f5e5 bf044579 bd42903e 3f083371 
3f34cfa6 3c9ddfd2 3ebe3ac7 bf716deb 3f536bca bf7dc613 3eac1a96 3dc66874 3ee006d9 bf6f17f7 3f3ee7b4 bf09b586 3f4dfbcd bf7325fa 3f5e97dc be7fa4dc beec7ace 3ea2e28b 3e2a4c8c be803a72 3dc048aa bde2792b be7da50c 3efc56f5 bca1610d bf49d1c9 3ee6aade bbcd8222 3f2f1d9b be3ffcd5 3ecc2ee1 bef0bb02 3f3d6db7 3f13cb8f be93729b 3ea10a91 3d565139 becdf291 3ec96ebf be78c4fb bf3705b3 3f3db1b3 3f2d5da3 beaf9ec2 be9676ae bdfd08dd bede06dd 3f161f8a bf2b0f99 beca8abb be1b34ae 3de7691b bd15b07e be22e487 bf6699dd 3f48d3be bf663df1 3e22a49c 3e82ca78 bed186b0 bea1de94 3f49dfbc bf01cd88 beb5c2bd bed7cadf 3ea0c69a 3e9bea92 3f5b99d4 bf6c23f2 3e71fccb 3ef6a6c6 bf4b6dc5 3f7029f6 bf685feb bf684fe6 3f312daf 3e86ca74 3ea47291 bf746e00 3f0c7b85 bebc96b6 3ec1bab7 3e8f1682 3f3c11ad bf132595 3e144c93 bf3ef9cd 3f7251fe be6c24e2 3e922681 bbd37f62 3edc82c5 bf2f03ab 3f7405fb bf5a45e5 3ed04eba 3f104b84 3de75905 bf5ce5cf bd9e2841 bec22ea7 3f59bbd8 becf5ab7 3f0e6797 beeb26f9 3f28bd99 3ee93ee4 bf711ffe 3f60bfd9 be992a7e 3e1f9c87 3e9b2ab2 bf4bcfb5 3f3b5fb0 bdde4880 3f76da02 bead2eaa 3da638ab 3f0cbf7e be5cec94 bf796a0e 3f204b9e bee2e2c5 bec42ac9 be6054bf bf5271d3 3e94566c bf63e9f2 3f14a99c bf52bfcc 3df128cb beb976ac bf031583 3f6fc1f9 bf4d35c1 3f3071ad 3d1f10f6 be9d6ea6 3f772400 bf1dcf95 bdf7091c 3e1e549d 3e818a66 be3b84d1 3f70fbf8 bf7dba21 be21947d bf3105a4 be927a9e 3f13619b 3eb18ab5 bd088fff be4644b3 bf26d79e 3f51e7d3 bf5f21e2 3f4523be 3f1df192 bf6285e0 3edc56df be9f7eac 3f6ab9e7 bf4613c1 3f49cfc2 3ec06aaa 3f44ebb6 3e392ca2 bf049b7d bf184591 bd511079 bf24a1ab 3eddaec5 bf7d9e11 3f790406 beaa52b4 3f242d99 bf6e6ff3 3f6bade0 3edafadb bf6381ea bdb2d902 bf168f83 3f701bfb bf3903b4 3ed22ed3 3f36d5a4 bf50b9d7 3ee3f6de 3f2ac3b1 bf5ca7ec 3e47b4d6 3e9c9e91 3f0d0b7c bf1e918f 3eb226c4 be129cb3 3e8e8697 bea71a85 3f253fa8 bf797e0e 3e2a1c83 bccd2064 3e1b9c78 bf2fe5ba 3e23e476 bf09d789 be855e80 3f61dfd7 beccbab2 3f7cc22a 3aee0ada 3f6bc9e1 bf594dd8 3f2737a1 bf4977c6 3eabc6b3 bf614de4 bf215794 be5554d9 3d1fd017 bf1cef96 3f0fa984 3eb13699 beaccea5 beb50aa3 3e679cd8 3f3a91b0 bf3213a7 bf1a59a2 3f3ec9bd be691c92 bf2c2598 3e747ced bd525100 bf2667a1 3f7d9a22 bf1be197 3f54e5c8 bf5555d7 3f2e2fb5 bf6ad5e4 bea5e2aa 3f50bbc7 3e07748a 3ecdb6c1 be991e80 3bb88658 be06f4c7 be4f9cb5 be016c93 3e9caa70 bf0bb585 3d95b80e bf1e13a5 3f4e07cc bf7ea023 
bf01937a bddb78c6 be7794c4 3f704bfa bf44dfc1 3f7cd416 bec1bec2 3b8f8057 bda59886 3e43746e 3e7b2504 bf4207b6 3f08d585 beb39a91 3e1a3473 bea866ac 3f7e9e0e bf7f3228 3f347fa3 bf4373c7 3f6b01ef bf6d57fc 3f6bd3e8 bf6199df 3e90528d 3f33a1ac be792d30 be6abcb7 bf52bbc6 3e537cd8 beda96d1 3eb29ab3 bf153b82 bf01a177 3d68707f befc46e9 3e6d74f4 3df6b901 bf50a5d3 3f4d97c4 3f2a55ab bf72f7ec bd509043 3df358d9 3d89b84e 3d32b096 3f1d1b96 bf4eedc8 3f4ac1cd 3e42fcdc 3c5b3eb2 3f4177b7 bf71ebf8 3f7d6c11 3e6efce0 be1da4d3 3f252ba0 beaefa9a 3ea74a9d be85be84 3f5ef5e7 bf6a79e1 3e92de8a 3f6945e9 be5a1cf8 3ec2f29b bf1bf5a0 bf12658a 3f6c9df0 be049c58 bf4e8bca 3f269f8c beab36ba 3f332fbb 3ebcd2ad 3d8a18c3 bf576fd6 bd6ab11b 3f5911dd bf757003 3f28eba5 be361cd9 bf532dcd bec9b6d0 3d88e889 3f0d738a 3f212798 bf34cfa9 3d5091a9 3cafa063 bf10d986 3ea37a83 3dd938f0 bf3b1bb1 3f72f1f4 bf5dfdeb 3ec1c2b6 bf19a58b 3f352bb0 3f41abb7 bf18e592 be81fa90 3e6f9d06 bf255da1 3f3999af bf09b981 bf6d5df6 3f4e4dca bec656e0 3e808271 bed2bece bec87eb2 3f7b23fd bef256db bf12ad84 bea1cab1 3e04bc8e 3cfa22d9 bf5ac7df 3f32c9b0 3f3d97b7 bf692fef 3f591bd5 3e4edc99 3ed896bf 3e95f66b 3f0cfd93 be4c24df 3f499bc1 3e25e4b1 3ed46abd beaf0e97 3f5725e4 bf07ed80 bb78f88b 3e8dae77 be6accca 3db8d8b7 bf2923b1 3eec02fb 3ef23eed bf1a9788 3df8f930 be221ca1 bf2ef5a5 3f1cdb8e 3f6fb9fc bc373c96 3f19818f bf679bec 3e0ef4e5 bf125f7f 3f68b1de bf5f41e2 3eebfad1 3f15a584 bf3671a6 bee37aeb 3f442fb9 bf5fe5df 3f3329a1 bf78da05 3f5d29db bf4cdfc9 3d9018c0 bf727bf5 3d26d0a3 3f210d9c 3e74dcf2 3f1f3d93 3eb91ec3 be9d4e88 3f6359db bf5de9d7 3f4893cc bf5457c8 3f72bdff bf6e55f2 be945688 3f56abd3 be1884d3 3f6e43fa bf64c7d9 3f05b192 bf4d61c0 3c21bea6 3e0bfc85 bf01b590 3e834a7f bd5b1041 3ed1f6ad bea7268a be3cf483 3db858bd be74ccd4 3e55f4e7 bee2dacf 3f23b5a7 bf574bd7 3ef1ef00 bdb3a861 3e2bc4ba be2d6ca8 3ee14ae7 bda6b8f9 3f6463e4 be6384b5 3def597f bf0aa37f bed6d2f0 beb00a80 bdd4786f bf3dbbb0 3f736600 bd92f880 bc28c05c 3f76c3fd 3e7ea51b bb4f0465 3f246f99 bef14ae1 3ecb46c5 bf71d3fe 3f6287dd bf3e4fb7 3f24cf8f bf7d7e26 3f50d7c5 3ee476d7 bf1d9b9d 3e6234e9 3f3959ab 3f0e1f8d be7ae4f1 3d869839 3e29a48f bf46ebcd 3f15959f bf105f84 3edb02d2 3f03f981 3e7a5512 bf22cf8e bdcb6883 bf3e41b5 3f794e0d bf6a05ee 3f7341ed be776d11 be7abd0c 3ebb7aa6 bec54eb4 3ec93eb1 3f4c13cb bf4941d0 3f33cfb3 
3bfa89f9 3f4fb5ce bf5c4dda 3dfd88f1 bc7941a4 bf550dc7 3f6131e1 bf4ea3c4 3ea5c2a8 bd79d221 be5154c3 3f04137d bdbe98ee bd0fcf20 3e878e72 bea91ea0 bebcdaad 3f29aba0 bf2bc59d 3f7021f1 bf762405 3f7891fb bf55d1cd 3f525fd9 bee79aea bf18cb89 3e3cacd6 3f3119bd 3dadf880 3f43f3ca bf0a4d75 3f5339d1 bec80ac7 3f186586 3edb9ee7 3df34972 bd705095 3e92e273 3ee03ec7 bf17b992 bf28a199 3f3a15bb be6414c4 becb42cf 3f6c4bf9 bf6a35e4 3f1a1597 bf26c196 3eb6eeb1 beed9f0e 3bc6822d bf77ec04 3f769808 bf47c5bd bede12e1 3e5f750c bf2771b2 3e962680 be8cea8f 3e6df4f1 bf1b278f 3ef81af3 be92e684 beead6d4 bf0f6984 3e3464bb 3f01b97b bdeea8db bed032d5 be1a648d 3f710600 bea24e9e be02ac83 bf31b9a7 3eb932a1 bf3099a3 3f5ea9dc 3e82d278 bf3b33bc 3f65c1d8 bf5449d5 3ee8a2c7 3f2695b2 3f3953b1 be79bcfd bf2e0b9b bf1d3596 3ef026ed bebf8ab1 3f3829b0 be8dfe88 bd9498e7 3ef696dd bec46eb6 3efff2db beb336b2 3e5724b2 be9a429b 3dfbe8c0 bf750205 3ef322e4 3f13b78f becc5eb7 3f42adbd bf77b9fe 3f56fbd8 3f22b98d be832687 bdffc8a4 be9a7ea5 3f62dfe1 bbd18630 bf699bfb 3f180799 3f127f8f 3e16d466 be8bc698 3e67c4a4 3ef6caf5 bf27f7a1 bf0ca797 3f66a9e3 bf725ffd 3db228eb bf67bde1 3e8f6a84 bf3e05b2 3d80588e bf3b6fad bf5649ca 3f1de793 bf25f3a0 3ee2f2c1 bf76a006 3f7a3214 bf13df89 bed7eecc 3f6cf5f2 bf26ad9e 3f09cd8d bf780206 3f60afe3 befddefe 3ed38aa8 3eeacef3 bf1ebd8b bef166f0 bf779a04 3f5727cd be98e2a0 3f45a9bf bed8a2dd 3ea3f69b 3eaf2ea5 beaa1ea8 bf2c8ba0 3f7ece27 bf484bbb 3f5191d7 beb496aa 3f38dbab bf4701cb 3f3ce1b2 bf2159a0 3f3d27b1 3d5530f7 3d22f115 bf19bf9c 3b8b8431 bf7b0410 3e00a479 bf6879d8 3f69dbdc bf625be8 3cb66285 3e603d15 bf0c9d8e 3f4891d1 3da648c3 bf075b7f bd17afd4 bef532e0 bcc32160 3f10dd84 3ebf829f bda6d8c5 bdfc38a5 3f6bfde5 bf71f1f9 3e547ccb be227ce4 be85ae80 bb5cf6c8 3e5a14a3 3f2c5fa1 bf6fcffb 3f5971d9 bf424db9 3f5a9dd0 be5104e9 3ec902b5 bf625ddf 3f721dff bf66b7ed 3e99ba9b bf5f0dce 3d229042 bef58f1d 3f2ea9a3 3f46a1c4 beb40e94 3f1e5b92 3edccac1 bef24afc beffa30b 3dd9e92e bf60ebde 3d7a514c bc50bdec bf4937bd 3f791605 bf63c3e5 3f7569f9 bf28e5a3 3f74e002 bf4e4fd5 3f4753b9 bf154f9d bf063983 3efdcaf2 beae769f bf292d9d bf44fbbd be8ea296 3f5717ce bf32bbb1 3f5ab1cf bf258b9f 3f422bc3 bf204d92 bf33b3a5 3f072d8e beb426af 3f4db3cf 3c0cc035 be5994be 3ea9aaa6 bf085f7e 3d4bf005 3f28119e bf50e3cc 3f5827cd bef43af8 bf6099d5 3f04bd71 be7bdd05 
bf6dc7f5 3efad2f1 be4494c3 3f1ac38e bead56bd 3f6951f0 bf50e9d2 3f1e2d9d 3ed5aec9 bf72f5fd 3f45c9c4 bf5a89db 3f09b393 bed012c9 be877aa2 3f7e542d bf4dd1c8 3f3f61b2 bf4d1dd0 3e882268 be044c8d be410cc1 3ea6faa7 bf21e197 3f579dc8 ba0be513 3dba291a bf7ad00b 3e2d9491 bf2ffdb1 3e04b4ce bf420bbd 3f3be9b0 bf6951e8 3e531cd7 bf721bf5 3f1c979e bf5a7bd0 bcc1e0e2 3ebef296 3eae5e99 bda518a3 3f098d81 be8c5a94 3ceea214 bf4653bb 3f68b3e9 bed2e6bb 3f183b88 bf3335b0 3f5babe5 3eda7ac9 bf045171 3f065f85 3edc0eca be5644bd 3f1f9b99 be2874c3 be11fc86 3ee6dad1 bf2ae9af 3f759bfa bf139395 3f3919b9 3f3f29b2 bf046981 beae6ab6 3f17718e 3c673ebb 3ea2328d bf52a3c9 be36648c 3f0fd580 3ebf2eb6 bf0a4587 3f5dbfdb bf7f7a1f 3eacbea4 bf1ed994 3f49f1be bed05ebd 3e14845f bf74e201 bf4a77c3 3f0e5f88 3ebc02c8 3f3179b6 bd56f15d 3e8f1a8d bf660fe5 3f77f007 bef892d3 bece4abd 3ee1bee3 bf39b9b9 3ed2caeb 3dc80891 3f125585 bf00c17d 3f6df3f9 bf1a7399 bad5f2d5 bf4c83bf 3f0f658d 3d7670f5 bf6ce1de 3e804682 bf49f1c1 3f7bb010 be6b74eb bf1e8d97 3c9e200c 3f6c0bec bf3ba5a9 bf280da9 3f0b0994 bec232bd 3e88b668 be5c54e6 3e905a80 3f09a97e bf285b9c 3ee8bed2 3ebf12a9 3eb0aaae 3e90ea82 bd5f914c 3f235596 3f62f5e3 bceda0ac 3f20a793 bf502dc7 3f225195 3e960e7c bece96ac 3f018b7f be0b34a4 3eb18ebc bf06d581 3f4c97d5 bf5687d5 3f55d3ca bf22ed90 3efc1ee0 bf1d819b 3ec12ea7 3f073972 3f4581ab bee98ae6 bf2c579e 3f122587 bf2a819d 3c14bfba bf14cb91 3f75a003 bf58add1 3f5ac7e0 be952e80 3c64c3d1 bf38e1b1 3d20700e 3ef0aaca bf11139d 3f1c9b9d bf3801b5 3f21b994 bda11857 3f120b86 be5cc4d5 3f3335ae 3f126177 3ef676ff bf4949c9 3f2a79a4 3f372daa bf48cfca 3f7dd619 bf7af401 bde0b8e4 3f61f9ed bf1b658c 3f641ff2 be9d8e95 beb1ee90 bf4c4dcd 3f23c99d be886269 bf21e39f 3f3ac3ae 3e53ecd9 bdda18dd 3f2a37a9 3e6afcda bf24419b bed71abc 3f03b96b 3e1e84ae beeef6b2 3d965863 bf07157e 3d5950bd 3ef68b0a bee682c3 3e8d0e7d 3eb17e98 bd99786f 3f742ff5 3ea9f69a bf5a6bcb be6b24d2 beed72f1 3e7f94ff bf470db3 3e65a519 3f4d2dcd 3e62c4ce 3ee28ada bef82af6 3f7ea417 bf5ffde5 3f24bb93 bf0da998 3f0c8183 bf3b45b0 be6a0cf6 3f0fe18d bf48afbd 3f779217 bd8c87ea 3e980e79 bc393fa4 3f7b2815 3ec376cb 3f516bc4 bf5d97d6 be95ca77 3f5149c4 bf4647ca 3d1a4fdf 3f0b5b95 3e7fc519 bd8b58a5 bdf8c8c7 bd4030fa beb69296 bc313e7b 3ebda6a5 bee486c3 3ed836da bf2537ab 3ecb6ada be819682 3d26ef5a 3f3079af bdc11923 3eca3ac1 
3f5e5fd8 bf1f919c 3e284cc7 be865a90 be9c329d 3d5b3155 be7834e6 3d13b151 bf2b21a8 3f7e2a18 be487cc6 3e87866f bf2b43ae 3f5f3fe2 be813a78 be3ed477 be80ea87 3ebf0ac2 bdc578bb 3f10717c bebc5eae 3ebb1eae bd30919b be84de54 3dba68b6 bf0e5b8c 3eb63ea8 3f5e0dd7 be8eba73 3ee36ee7 3f319db0 beb6dea9 3f17cf85 bf3bdfac 3f7f5638 bcb9e0f6 3f053f73 be9c8287 3f7ec61c bf473fc1 3ccb2054 bf23779a bd697012 bef7c70c 3f6affec 3cefe278 3d0030ea bf28f999 3ecf5ac5 be537489 3e056caa bf7aca0b 3f3a49bc bf6fd3f4 3ea58aa2 beaacaa3 bedcdad5 3f08e98e bee34efd 3e969677 3e82da92 bf3181a6 3ed24add bf5fd1cd beb83ab2 3eff56f4 be5dbcf9 bcdea146 bf082779 3e2d1c87 3de848d7 3f778e03 bf7d3c1f 3e82aa6f 3c16bf95 bde758f5 3e47749e 3ea1829c bd32d025 be32dccb bf00df7a 3f777a02 3e5524f5 3f7f3e32 bed866b0 bf136587 be215469 bf3ae5bf 3ebcaaae 3d099078 bf104b87 3e5d1cee 3f3a6bb4 beeaceeb 3f3c45c0 bedfdebf be874a6c bf35fbb4 3f19b390 bf41abbe 3f0b2385 3d128f7d 3f51a3ca bf4f03cd 3f200798 3f121f98 bec6daa1 3f3dcdbf bf561bc9 3e85f27c 3eb83aba bcede1a8 bf3579ba 3f13339e 3f398fab bf7bf411 3f35dfa5 bf2247a1 be02ec5d 3e87567b bf50d7c5 3f7ee20d bf719209 3ec0d6bd bf5a79d0 3e454cd8 bdd5b8c5 bf744ffb beed0ad8 bdef78fe be851a95 3e26e4bb 3e5a84e8 bf3b9ba1 3e88167f bee0d6ee 3e9fdea9 bf03cb80 be887a82 3f36c9b7 bf2fbd9e 3f4043b7 bf5675d4 3e880a96 beb782b2 3f1e178b bf7d3410 be664503 3de188e7 3f4b4bd0 bf08178f 3ee2e2e3 3f59f5cf bf784606 3f61d1e5 be965698 be4d0c92 bf339faa 3f77a009 bc24430e 3f12af7b bf5721d1 3eee72ed bd76105e bd64b022 beeafeef bf265da7 3ca3a1c5 3ec472cb bf524dbf bf09b38b bf04f57d 3f65bdeb bf5377ce beec36ed 3e67fcf2 bf1f5595 3f4e29c3 3d89c900 bf3ae1b5 3ecbeab4 befe62f4 3ed076c1 3d9a185f 3f77fc0a bf3665ac 3e958292 3e86c694 be90e281 beec9edf bde07899 bf5475cb 3e26749e 3e10b487 3f2c37a3 bf07f793 be8d8e83 3ebfeaa9 3ef07ed9 be81c266 3f12c18a bf64a9f0 3f4499c3 bf61ffde 3f35efba bf1bff95 bf5e89d7 be63a4cd 3e8f7e82 3f12a386 3f001785 bf06c17c 3f49bbc9 be12bccf bf2e39b8 bf771e01 3f23bf95 beb926ab bea162a3 3f3afbae bee646e9 3e802e7f be54f4b9 3ec346c0 3f1d1998 bf3ea7c1 3f0aab77 bf1ee591 bed95ecd 3df808c4 bf56a9d9 be90a2a6 bf1b3d8c bf4323bb 3f5b01e2 3e7c14cf bf600de4 3f4899c7 be163cb1 be89ba75 bf117390 3f1d1d96 bee6aac9 3e0dfc7a 3f05998b bf059585 3e891e83 3a8dec45 3ed44ae0 bebf96bf 3f00556d bf159988 3ee78eef bec5aec8 bee4dabc bd5dd062 
bf61a5e3 3f1bf39f be74950d 3e96525f 3df108da 3ddb48d9 3e5e84d4 3e955e84 bdf3a951 bed582de bf2841a9 3f1a839d 3ec4bacc bf135588 3c12c4ce bdce08f5 3f3305ae bf3859a2 3dbcb902 beee3ef6 3e7a6508 befef711 3ec63ab2 3ea8c6a5 bf15f58f 3f7b8017 bf5361da befeb327 3e5fed00 bf1ef99f be854275 be351476 be6294f7 3f4eddcb bf44a5bb bec28eb2 3cfae102 bdc9f8a6 bf506bca 3e6dd52c 3f4429b9 bcfc6309 3f228b94 3e478c9a bf1ad995 bf021f79 3f25dd9e bee356c4 3f702c09 bf57afd9 3efd02f3 bd1f31c7 3f060b7a 3e16048b bea8829e 3f4a0dc4 befed300 3ec3e6c6 bf1bdf9d 3ecc12bf befff6ff 3e858e69 3d108fe5 3f6c3bf3 bed362ce 3e50bcf8 3ccca2a6 3e66bcc4 be138478 3f52b1db bf6c89e1 3cc7a0dd bf0cd58f 3f5d19e0 bf6dfffe 3f2b01ab bf57b5ca 3f102589 bf1dfb93 3f7529fd be4f3cde bf1df994 be934698 bf3e35b4 3bf7858d 3f4a2bcc be5f349d 3f40fbbd bd86b8e0 bc254194 3f7acc0f bf66bdf2 3db44874 bf4221b6 3ee09ae7 beb8cab0 3f7039fe 3d0e3075 3e6f0d0a bd80c885 3d9858ca bf70c7f2 3f1bbd94 be7214da bf7cca1b 3ef24adf bf2e0da9 3f321fa4 bf21879f 3f69bbe9 bf7207f7 3ec676cd 3ef302ec bf1f3597 bd4610fb 3e800682 3e011c4b 3ee042b9 3dede856 3e19c46c bcbf5f88 bedffaf0 3f67f3e6 bf3f47b3 3f715a0d bf056b76 3f0d1388 3f541fca 3e6bc503 bd60f0fb 3e41c4c8 3e943289 bf2461a2 3eb61ecb 3f4a85c5 bf185797 3eedd6f9 3d8e48a5 3f221fab bf673fe5 3ed9a2c1 beadf6b6 3e1b5466 3f691bee be3174ab bf09358a 3f5be5dd be65250e 3e4414ad bf12e988 3e87fa77 bf5a59d9 3dfef8b5 3e22fc8e bf1d5991 bdf9d8eb 3f7af612 bd329101 bed086d3 be80366c be94269b 3eb382b7 3e1cf4a2 bf25e398 3f05c387 3f31c9a8 3f60efe3 bf07278f be7064f5 3f15c793 3f4849b6 be8c3285 3e3fe48a be0e5c77 3f3301b3 3e7084d9 3d64d160 be82ea82 beaa4aa2 3f197197 3e529c8d bf19617f 3ed02ebe bf7efe2c 3ec56ec3 bf3afbb0 3f612bf1 bf27d1a2 3e7dbcfe 3efb96f7 3ebc669b 3f69b1f0 bf4e25cb 3f34a19e bf7ec617 3f148f91 3e9c829b bf25e5ad 3e6724f3 bf33edb5 3f37c9b4 becbd2d3 3efcbaec 3d83e894 bf3053a1 3f4167ae 3f32c7b5 3ea6deae 3d5d6ff7 bf3f13c1 bedf0ad7 3f1e6d94 bf4a8fcc 3e9d3e81 3f21b7a0 3f70a3f5 bf35f3bc 3f2e95a3 be4ed517 bf1f1baa 3f0cb788 bf2807ac 3f172f91 bf19fda1 bedcc6d3 3ef73ef1 3987c7b0 3ec122a7 3e99da70 3ec80ecf 3f38d1b7 3e6b54c0 3f1ea1a0 3e9e5692 bf1e819c 3e817674 3eaa66a8 bf0cc58a 3ea24297 be49f49b 3f78700a bf7309ef 3f5755d5 bf2523a6 3e72f4ea be037c99 3ec962e2 bf6bf1f0 3e897693 bee3f6b4 3f4a95ba bf00b378 3d189101 3eb5d6c7 bd90a897 3edceac9 
be17e4b0 3f045f82 bf3eafbb 3f5ec3dc bf7c4403 3ecd9ec5 bf0e0d83 becc1ece 3f6177d5 3db72877 3f6f71e5 bf614bd4 bf0ed182 3f21a99f be0d9484 3eb32ead beafdab5 3c62c050 3f45a5b3 beeb42e0 3f3591a2 bd29b169 bf2e1ba2 3ed48ebb be5bc4da 3d125187 bdb118bd 3f7a21fd bed3f2db 3f48dbc7 be7c2ccd 3f607bda bf09e77e bea75a87 3e14dc68 3f551bd7 bf458dc2 3f40cdbd 3f3b45b0 beef0afa beeb32e2 be01ec7f bf02f177 bde3489b 3d7cf11b 3f6d7df4 bf58c9dc 3f1ef199 bf7d3a0b 3ec822bc 3ea9469b be57d4a4 bf6f7dfe 3f211194 bf0c0785 3e2f34a8 bcd29f18 bdaf6892 3f798806 bf66afe7 3f4c9dbe bcb09f22 be574cbd bf45f1c3 3f21c196 be3714d3 bf3d61bf 3f712ffe bf7043f6 3e3f04a7 be32ccd1 3f03e175 3f270f9b bee4e2cb 3e2a8c99 3f1c8b97 beddcab6 3ed3eab3 beb5d294 bf279796 3f2ce9a8 bdbc18ea 3f18c99f 3ef332da 3e4dacba bf1b038d 3eb3d6d0 bf0c3185 bdece8e2 bf106f91 be92b275 3d62717b 3f6e37f2 bdfca906 3ee31ed1 bf4e47c0 3e694cf4 bf1cc9a3 be5d8cbb 3d1e703a 3eb41ea1 3f013b74 bf759406 3f64f1e1 3f40b9b8 bd24d06b bef07edd 3f052b7e beb162a0 bf1d259e 3f7c280a bf3d19b6 3ec16eb0 bf2d2ba8 3f7285fc bf6191da bb70fdfd bf3931a7 3e84ee5a bf4905c6 3f7c8e20 bed9eecf beb352b3 3ece6abd be65e517 3e1d0ca2 bf0ad18f bf537dcc 3cf0e20a 3ed2c2b3 beffdf02 be9cf283 3f58abd7 bec362a9 bf498bc5 3f2613a5 bf5e27e7 3ef58ed1 bf5d35c8 3f685bfb bec3e6c6 3f1b3faf beed22d4 bf3819aa beb6568d 3f54dfd3 bf1d3d9b 3e6c64c3 3e1434b9 becbf6a9 3f446bb2 3f00e37a bf2899af 3f10b58d 3f0c2d81 be96b6ae bf3e5db0 3e0b0c4e 3eefc6d9 be6024b9 3efe7aff be6b04c6 be90be62 3f6b17fd bf31439e bf6ba1f5 bf40b7c6 3f267f8e 3ea89ea4 bf6817f2 3d6b90c9 3d2d11a1 bec7cad4 3f21bda9 bf7603f0 3d47b046 bf059f73 3f180d97 3d481012 bed4a2c8 beab86a8 3f42bfce be6a14ce 3f6c57f3 bf2905a2 3f6bd1f4 bf627dce 3ed652da bdb0c8e9 bf0f0b7d bedebac6 bf10258b 3f18f5a4 bf3be7af 3f653bde bf508fce 3ebbe6ac 3e2eacb1 beacc2a5 3f65dbdc bf6e47ed 3ee326f7 bf70d3fc 3f554bcf be5a64e0 3cce5ffb bf4c5bbe bf37c9b1 3edbfadf 3c2bc2a9 3f639fcd bf71abf9 3f7cfc19 bf5551c8 be60ace9 bf7d5219 3f2e0f9b bf79ca06 3f141381 3f164395 bf24d7a3 3f6b77e8 bf0d0185 3e749cb2 3f59c7c8 bf77fe12 3e024c43 bf153985 3dcde85b bf75ac09 bf163f97 bc97208f bf6c7fe6 3f15018b 3dcfe95d bf4381c3 3ec416b8 be015c83 3f009176 bf57c9c9 3edd3ee0 bf4e7bc3 3f6d65fc bf0bb37d 3e3aa513 3daba856 bed416d3 3f4119bf 3f25c198 bf3697a0 bddee90f 3c88df12 3f086f7a bf7ef21c 3f3a11b7 be3c1cc5 
be9ca2a5 3f25ef97 bf3bc9ba bdaad8de 3f255d95 bea7e2c3 3f5d67e8 bd7fd121 bf57f3d5 bf104f89 bebc1ac5 3f032d8a 3f7c5413 bf55d7d5 3f01618e bf1fa597 bd385043 3dade932 be5f54ea be38dc5e bf0efb96 3ee266b7 3df4389a 3e511498 bf275fa4 3f4c59c6 bf3c21bf 3dd8698a bf40cbbd 3e9b12a8 bf038f7a be3fc4e8 bcee5f72 3f7fb43d bf4b13b6 3ed9cedc be46eceb beb1829b bf6217d9 3f5769cd beadbab0 3f6479ed bee762ce 3f4689c7 bc5443a5 bf6c81ee 3f3153bd bee706d0 3f582bcc bda4f874 bf6609dd 3f5345c9 3da89873 3ee602fb bf0b098b 3f052f81 bea796a2 bee232df bd9e18c3 be99da8a 3e9e1294 bf52e7c1 3ec90ed2 3f0eb38a bf6261d8 3f3cfbbf 3e0cecc0 bf1fe387 3f759e02 bf1c5793 3f578dd7 bf43e9c6 bf3e49cd 3ed3a2ba bf3835aa 3ec136cb bf5ba5d9 3f6285d6 be7f2d09 3f61d9e5 bf7b1812 3f0d8d8d bf3c29a6 be3edcb5 bebd6ac7 3e228cc8 be5964bd 3b90848f 3f2ab5b3 3ec2fea3 3f18018a bf172d99 be9a1ea2 befb2eee 3d02507e 3f5409da bf382fb5 3f5eb7d4 3e870692 bd5df04f bf5487d1 3f14a195 3e80da7c bf286198 bf4ee3cf bdd1c913 3f69b3f5 bf5b9de2 3f135f93 3f56a1d3 bf78ec05 3dfc8873 3eaea6a1 3e9c7ea5 bea2c2b9 3e63848d 3f6707e5 be1de4c9 3f087778 3de0e8ea bf228593 3f08eb8a 3d6130e7 be593cd6 be5d4ce4 3c88a035 3edac2d2 3f7e7617 bf2d779f bd938934 3eb5aea6 3d1cd08d be8c227e 3bac8245 3efcdef5 bdb1d8a4 3ef1cee4 bdb4e8e4 be054c84 3e51ccc9 bec9d2be bebbf6ba 3ecfb6d9 3f1c2f9f 3f02bd7f bf0f7592 3e289cd3 bedf1ed5 3e89ee97 3dc7c87e bf0c2586 bf008b77 3f3dd9b9 bf611fe5 bf006f7a 3f3433b1 3f29a3b0 bf5c6bdb 3eee4709 bf15c38b 3f225394 bf3f83bf 3f089f83 bf767ffa 3f5529d5 3f1d6d8c 3f5e53d9 bf79720c 3e906276 3e5c2cb4 baaa05ee bec8eeb5 3f02e172 bf29f1a7 3f3fcfc7 be6504a6 3f7fea2c bf694de6 3e6a04da 3e847293 3eb622b5 bf2d97b2 3c20bec4 bf5e47cb 3f6b7ff3 bf7efc2a 3f4db5cd bf0f5387 3f34b3a8 bd7ff1b0 3f331b9d bedd8eed 3f61bdeb bf40fbbc 3effe306 3e075c8a bf1e4992 3ecceacb be3e1cc1 3b450c2c be135c83 3f4a7bbb 3e185478 bf31f5a7 3ef7f30d bed8cad9 3f3773b9 3f671be1 bf2a59a5 3eeb3af6 bf6657ee 3f2d51b8 bec1e6b2 3eebd2d2 3f11fb95 3eac1693 bd36f0e1 3f63cbeb bf523fc4 bb5ef602 bedb56e9 3eaf82a9 bf42cdb0 3f12f78b bf66e5e4 3f4bcfc4 3f140583 beb912b2 3f364d9f 3f167b89 3f07af7d 3eb26eab 3e9e729e bf011b7e 3b1b0d3c 3f3a13b7 3e2c0496 bf3f2db1 3ed3ceb9 be0c147b 3f0d1f86 3e388cc6 bf71fde9 3f68fbe9 bf37bbad 3ec27e9b 3dd5e8a7 bf23759d bf3bf7c7 3f0eff87 3f462bbd bf7b2414 3eeffeed 3e804297 bf096f7f 3e07cc52 
be2374be beab7280 3f205f93 3eea3ed7 bf71cff7 3ec8dec7 bf7b1c0e 3edfe2c7 3f51cdd4 3f3dafc1 3de7b8d1 befa0ae0 bf46b3b8 3ebce2be be9fd695 3ec03697 3f2eeba7 be745cb2 be356cc1 3f13837f 3e1b0c94 3dd928e1 bf69c9fd 3f57f9cb be91767a 3e0614a4 be8bfe8e 3f55ffdd beaddac6 3f51afc7 bf15d18a 3f5de3d7 bebdfabc bf46bbc5 3edad6c9 bf3eedb8 3ef87eea 3f4bddcf bf1a9f98 3f5575cf bf4237b9 3dbad890 3d20308b bf17738d bea0369f 3f5b8ddd bebb32b3 3c354314 bedf76d6 be3e7c99 3f763809 bf3db7ca bd3b50ed bf26999a 3f6af3e3 bf76ce09 3f723ff4 3eb3d2ba be8d567e 3f786407 bf3865b9 3f754a02 bf0f8b91 3f46b9ba bf4ac5c1 3f363bb7 bf4b65c7 3f3659b3 bf783a04 3f39e1bd bf77000b 3f65b1e7 3d96886a 3f18537e 3ea25aab bedaf6e0 3f609ddd bf427bbb bea0a2ac 3e035c67 be145c90 3e65ccdf 3bf67edc 3ecedab9 3da5f82e 3f432bc6 be7fecf5 3f04a38b bf55adcf bf0ad97e bea0f68a 3f0fef89 3c59407c 3f6163ea bf25059d be423cc9 3e9e8695 beb77aac bf5713d0 3f453bcc 3e82869f bf3d4db7 bdb5a8d2 3f5b55e4 3e54fcc2 3ee5e6d7 bf5c7dd4 3f11038c bf136b92 bf59d1e3 3f2f65a7 3f0c7382 bf4f5dd5 bedb42db 3f109389 bf68e9df 3ccd61df bf022781 beb02aac 3f18df8f bf3731bd 3efc4ef5 bf431dbe 3f7dd21b beb966a8 3f28df9a bf799e0c bdccf8eb 3cfddfa0 3f020368 bf1eb397 3f377bb9 bf6bf3f3 3f4975bd bf09578e bd6ed0e9 be98c284 bdf13869 3f379faa bf0fab93 3e901e99 3f4f6bc7 bf5a2dce 3d0670f6 bf5d7fec 3ebea2aa 3dc5a8cb 3ece1acc bd7b70c1 beea16d2 3f7195fe bf0afd7f 3f044980 3ec552b4 3ebb52ae bf5269cd be7414ec 3eae3eaa 3eecbf10 bf06677f 3c5bbe6f 3dd78902 3f1dbd8d bda7487f beed2aed bdc328f5 bf6889f4 3f2e1391 bdd5093a beb06ab9 3f5c0bd6 bee86af2 3f6357e5 bf48f5c1 3f2effb5 bee87eb2 bf519bc4 3f4c8bc5 bee6c6d5 3e34e4b4 bf3bb7b6 3f16139b 3f2583a4 be9bfa95 3e8c7a89 bed96ada 3f4d65c9 bf2381a1 be8bb27f be223cc5 3e880e60 3c08c199 bf6021e3 3f54cdcf bf3bedb5 bd5fd0a5 3f7a7a22 bf5c01d3 3f15938b bf02ff8b 3ea3baaf bf3e7fb9 beabea8b 3f67fa02 bf3081a2 3f235196 bf5a95dd be7d8cff bb62f5f0 be8c6a7b 3f1b739d befa4ee3 3cba609f bed1e6c4 bedacad8 bd67d0b7 befba2fd bf159f92 3f171995 bddb4900 3f450db0 bf275d94 3f4949c1 3d7c50f2 be3f6c86 bea04e9e bf3acfb1 3f0d1d87 bf77fa07 be8c9e75 bf20b99b bd63d0b0 bf05737f 3f6109e9 beab6eb8 bf152791 be2a8493 3e461cb8 3ee806d3 bf21b394 be4cacca be154488 3f6da1f9 bf740a04 3f7c0811 bf17b389 3e4f6cce 3e8c1283 3f6a87ed bf2599aa bf14f597 3f481bc3 bef33eee 3c233f3a 3e321495 3ee9a2c5 
beb42ab2 3e90be9e beed5eeb bf23cb9b 3f7b821c be890a67 3f6673e1 bf4789bc bf3459aa bf1f239a be6784d1 3f46e5c0 3d459074 3f222799 bec5c6b5 3da798cd bf6633e5 3dabb8bc 3d1a30da 3e81666c bf796c08 3eb23ebb 3f14ed96 bef02ef1 bee8bee3 3f5589e2 bf4d8fc4 3edd2adb bf51bfda 3eb3a2b7 bed1c2ea 3ae9f670 be2d947c 3f3f39b9 3f24c592 be8f22b5 3cb2207f bf4eafc8 3f4603cc bf3f59ca bd13f01a 3ed942dc bef146dd 3f59ddd7 3e524ce8 bf002b7e bc2bc353 3e8d8694 3e3584d5 3ecc8ad5 bf6961e1 3e926aa0 3f7b2206 bf4db5d1 3f4effcd bf156b95 be58f4e0 bf1a798e 3eb77eaa bf5f0bde bd5ef0d9 3eb91ac8 bf3bada4 bed59ec9 3f3509ab bf3f71c7 3eba4ed5 bcf81fdf 3f3099a8 bf3983b5 3f3a7fae bf1c9ba3 3dec691a bf23559f bf321ba8 3f1c55a5 be526cc7 bdf3294e 3f1a578b 3d88c8a3 be6d14c6 3f016d88 bf27b9a6 3f0dcd9c bf490bbc bf2e91a2 be0d844b be96a682 3ee82ac7 3f55fdc6 becc36c0 3ebd6ab9 bf7bca05 3e8fd681 beb4d6a1 3f6ea9f3 bf79d608 3f582fdf 3ede52e6 bf6079dd 3ea90ea1 3f200594 be81f2a1 be8cd27c bf1abb90 3eeb8afc bed8aadd 3f017380 3eb0d6b3 3f335db1 bf031385 bf095b89 3f1a6383 3efdd6db be1cf4c8 3f272da7 be923688 3f4c51c5 be2bd4ac bebc72af 3f49a9d0 3df64912 be879a95 be0aa486 bf05c77c 3d9dc870 3e614cfd be25fc5d 3f25e9a5 bf5be1d4 3edcf6dd bf136192 3f7f0824 bf11df82 3e742cee bd92e8cd 3ec666aa 3da2e8dd bf65a5e2 3f3511b0 bf22259c 3c44422a bebbe687 3f771c0a be93828b 3f5a69dd bf69ebf1 3e97728f bf4945bc 3f7c681e bf356fb2 3f049778 bf4597c5 bf43b1c3 3f53a3c5 bea6fea5 3f55cfd3 befe92fb bf2cafaa 3f29ef9e 3e8de285 bec61ecc bf66c9ee 3f501de0 be41ecb9 bd1f70d0 3f058b87 bb6d068d bdbaf882 be41acc3 be51acd7 bf432fb4 3e84229b bf08eb81 3e63e4e2 be43fca1 3f4d7bcd bdc0c89f be3c64e6 3df758b3 3f3dc7b5 befd1ed3 bf644bd6 3f7bb40a bf1ba39b 3edfd2cd bf4f2dce 3f00896f 3f3cc3c3 bedd6ae0 bf62b7ec 3f79f003 bf15559c 3f5973e1 bed03aaf 3ecd1aba bf53c3bc 3ea61aad 3bf57d19 b997f09a 3f06f57b be84f682 3f78d804 bf5ba3e2 bc96605e 3f19f19d bf0d0381 3f7e2419 bf190d8f 3f7a5e0d bf4ff1ca 3f3009a9 be2ab479 3f7aa210 bf03fb7a 3ed70eb4 3f44efc8 bd11705b 3ed032cd bf587fd4 3edb06d7 bf069584 3e699d1e bf5be9d0 3f2b7da0 3f432dcb be923e8c 3eaeaa9e 3eab7a85 3eac26a0 3f21298f bf027177 3f7d8e1a bf60cbe7 3c9820d6 3f67e5f1 be6c5ce9 3f139585 bf7e4a2f 3f6f0df6 3cf921a4 bc18414d bf174b7e 3ed822cd bee77eda be756cd7 3f067573 bf5529d4 bc81a178 be815271 3f6bbdf3 bf394bb3 3e6d9508 3ebaf2c8 bf411fba 3e5cdcd9 
bf02e989 3f3f11ca be1f2482 3f2e35a7 bf46d5bd bd813839 beb97aba 3f04c38b 3f6a05e7 3ebd8aa9 bdd60867 3ca8e142 bf32a3b3 be5444ab 3e63ccd1 be66acd4 3f5a87db 3e1c346d bd3f8fdd bee132c1 3f5247c8 3dbba858 bf5afbdb 3f2217b0 3eb2c2b3 bf062382 3ecaead6 be208cec 3eec76eb be27447b 3e3bccb3 3e8b8a98 3d76d145 bf71f3f3 bf2a7197 3e4404ad 3f3375b5 bf28439a 3e9b3a9f 3e8c468f 3e936a73 3e5f44b1 bf2cd3a5 3ec8faa7 bf72fc01 3edee6ee 3ee84ee9 bf181797 bd497098 bef476e1 3f6a8be7 bea56293 bf625fdc 3f3e7bbb bf6631e2 3f28d39f 3f3a3fa7 bef156e1 3f203389 3e188c5b 3f3149b3 bf474fd1 3f405db2 3f2c23ab bf23b79e 3f5ab3cf be5ed50a bea41ab8 bf3b27bb 3f715209 bf147d7e 3f27b7ac bf46e7bd 3f6517e8 3f3739b2 bee9e6eb bf2b6ba8 3f708deb bec0aabd bf68b7f1 3f54ebc8 bf6591e3 3f1b8796 bf343fad 3f7b6610 3f02817d 3f263d98 3d5d308c bee3bae5 3cc62076 bedb12f0 3eedd2f3 bd91e87e 3f3a43b7 bf130d8c be8a7661 3f3787aa bf708bfb 3d8dd894 3f2aa3ac bf586fc8 bcd42213 3d29906a 3d86c86b 3f143987 bf47a1c5 3f5a55d8 bf4b5fcd beb5baa7 bf30f9a9 3f750c02 bf0f9987 3f0bed7f bf52edc9 bef3cef8 3edfbac7 bf4f41d1 3f3367b0 bf4f23d1 3f5a59ca bf79ec11 bf332fb5 3f73e7f6 be68b4df 3f6f9200 bf115b86 3f392fb4 bdd8a8ec bf49b5c3 3f54a1d7 be0b2cca 3e775cd1 bf57fbc2 3eb1cebf bea65a9c 3f2003a6 bf05858b bdddc8bd 3f3f0fc1 be7ee513 3e673ce2 3e177c93 3e6a74ff bec126b3 be9bf29e be78acc6 3dbb3876 3e10dc76 3f3d57b7 bf3f87be bea19e8e 3e980297 3f30dfab 3ef40ef7 bf216f9b 3e25fccf bed00acb 3e045c66 3f3bfbae bebfa6b6 bf2ab3a6 3f4f07c5 3f18e189 bf7129f1 3f17818e 3e81da65 bef0eef2 be846e86 3e85de8b 3e36bc72 3f11db85 3eaf56a5 3e92da8b 3ec6aaca 3e1464b8 beb12297 3d80b8e4 bf6809e1 3f4835c6 bec0f2b6 bf3e85bb 3f20ef98 3ebbc6ac bf2d4d9f bdfc8973 3f2d8793 be5c14bd 3da15868 bf5f05ea 3f660ddf 3f53f3c4 bf4b81c8 3f1d4f8f bf64cfdd be241489 3f6779ec bf32f5a1 3f70bdfc beee32e1 be609cc8 be2e14ee 3ca9a252 bf41adbf 3f4073b4 bdaa0881 bee3d6d2 3e3e0cd5 bb807da8 bedf7aeb 3df288f5 bf520dcd 3f2da7a7 bf5131bf bf1fb191 3f5dc7d7 bf3949b2 bef8bee8 be849e6f be01347a 3eb37ea8 befc030f 3f4571bd beffeaf9 3f6601f6 bf482dae bf174797 3e777cdd beca7ed2 3e5564e6 bf4379c0 3e0a9462 3e41fcd0 bf31a1a2 3e862e79 3ed806c9 bf5b35e5 3dbca86d bf2911a6 3ee85ab8 bdc47951 bf2ecfa4 3f4c5dce bea9da95 3eff72fd bd75b139 3f0c4f86 bec19ec6 3ebf3ed1 3d27cfe1 3e9c0296 bf32b3b8 3f49a1c9 bf651fe1 3f568bcb bf157f99 3f4b53c7 
be067c77 3c6343d4 bf4985bb 3e99e296 3eb0a2bb 3d4b7161 3e133c82 bea70eaf bf7afe0b bdf6e91d 3e19eca1 be5c8d0a 3f4391bb be224c4f 3df8c892 3e0d0470 bf16098e bedeeede 3f01e781 bee302d4 3de2f91d bec242a3 3eafe697 3d0930c9 bf5ba1d1 3f421fc1 bf5317d6 3f6271d2 bf7c2010 3f195587 be9482a7 bf2d819e 3f1eed88 3ee55abc 3f7c6c12 bf1b21a2 bee7eae5 3f6889ec be8da29f bf3a0db7 bce36207 bef93ade 3f6bcdf3 bf31ddb1 3f73a7ff be27b4d9 bf2d6dad 3ea2b29d 3f46d7b6 bee032b0 3db5686d becaf2da 3f7dae1a be8ecabb 3ec76ab3 beeccaf5 bf57dbd7 3f60cde2 bf6393f0 3d68b14c bf4eadbb 3f30b5b2 bee482de bf11a38f 3c8121c1 bf4c09cd 3ec1be8e 3e944a92 3f4935bc bf407dbf be93268f bd73508f 3f730204 bf4739c1 bf6441e7 3f6c6bef 3ea666b6 bf43b3c5 3e29b4e0 3f3821ba 3e3e4cb6 bec7f6b8 3f46c9bc be5d9509 bee0b6f3 bf22b7a1 bf5b29da 3eb51299 befb02f0 3f16ab9f bf032f79 3edd72cb be6d5d03 bf6979eb 3f791e08 bcc65ffa bef5d6fe 3f609fd9 bf248196 3e9236b7 3d7e3110 3f077384 bf26c79d 3f36cbab bf505fd4 3f6da3f6 bf2ec3ac 3f0b8d87 3ee03adf 3ed86eef bf0fef88 3ed0f6ce bec006c8 3eaa52a5 3f3abdb7 be9eb284 3ecadee7 bf747ff7 3f6e99f2 bf39c9bd 3f62e7d5 3f4f8fc8 bf233798 be915e8a bf2db3b7 3ea7e2b6 bf69d7f8 3dc3e871 3f3e71c1 bf271795 bd7e305e 3e4ad472 3ec2c2b9 3e7774e3 be07a4bc bea5269d be967a8f 3f6563ed bf6f51ef bd5890c7 3e45e508 bf02bd79 3e56750d be89127e 3f6e4df7 bee61ad9 3f47f7bc bf47e7b9 be18a4a0 3e60f4eb 3f75420c bf0d2d83 bf73d201 3eb0d2a0 bec7d2b2 3f25fda6 bf03718e 3ef216d3 bf3a1dc6 3dc3f8ef 3f20c3a1 bf62c7df bdb908ac 3f20579e bf5e97e4 bce0deb0 3e5e44e4 3e3b94d3 3e434cbb bf746601 3d02112e bf1baf86 be7c9ce3 bf3ad5a7 3d929933 3d9638c0 3edbe6f1 3c623fd9 3ee342c8 befb26ea 3f71b604 bed2fac7 be74d4fb 3f6435e5 bdf5b8b2 beeff2f5 3e0f6cb3 3e7bc4cb bda458d4 bf27cd9f bedc0acf beb93e99 3ef28703 3e9d9a93 3ebb82af bf6d63e9 3f1861a5 bf3095b4 be16acae 3f6f5bed bf2caba0 3f7b680a beb3c6cd 3c2842ab bd4e3209 3e2be4ae 3eee8303 bf6ac3ec 3f76e7f7 bea88a91 3f7e9c19 be71eccd 3e4e2cc0 3f5665d9 bf5a65d3 3ed2d2dd 3f4539ba be3404c1 3ef226e8 be87b691 3f4639c2 bf783bfe 3f3aebb2 bf4e55cd 3f67d3f4 be8caa85 3f545dc5 bf1a19aa 3d182fb9 3ef326fa bec99ab9 3c875f65 3efb8efb be234497 3e148c89 be4974df 3f14b379 3f6321e9 bf4187c1 3f5463c2 bf5bcbdf 3f5ee3dd bf784804 3e898a90 bf14d37d bd818854 3db0085d bef8aaf5 3f522dd0 bf743bf6 3f110989 beca12cc 3f266fa7 bf769e01 3f54dbc8 bf07db89 
3e9b828e be8b86ad 3f6029c9 be75d4c6 bf4e95cf 3f095789 be03946a 3d6af053 3f78de06 bdb12874 3eb52296 bf7c1820 3f6577d4 bf4557c4 3e7b7d13 be8d9273 3f109d8c bbf882a9 be33348a 3f4237ba bed696cd 3dd84954 3d91a871 3ea1c69a be830a77 3f3cf9b4 bdeb684e bf144b93 3f4ca7c5 bf4971cc 3f6509e5 3b837f52 bea9aea1 bea57ea5 bf78fa00 3f6633d7 bd90883b bf392db2 3eb59aa1 3ec0eab4 3f7cb015 bf6ccde6 3f000b79 be7d2cdf be8b5a6d bdb20934 3f1c839e bcaf5fd1 bf76ac0c 3eeda6d6 be90f6a2 3f26c19a bf77cff7 be4814b9 3e82fe68 bd3010b6 3f7e6c14 bf790012 3effef15 3f17439b be55dcf5 3ec856cd befe72f1 3f229b96 3f08a17c 3f42e5b3 bf20a1a1 bdb3e830 bf64b1dd 3f3835af 3f6fb7ea bf03c180 bf58afcb 3f1b69a3 3f0c2994 bf526fc7 be641cbf 3f6fcdea bf4eb3cc 3e1bf492 bf6abde3 3eb666de be560cca bf05ed8d 3f48adbe 3f3133b0 3d62906b 3f1de197 3e267caf be64d503 3f127599 bf23059e 3e6ce4ce 3f77a1ff bf6ee7f4 3ccf1ff7 be45ecac 3ec7f2b3 bee462f2 3e9a52af beec86e0 3ec772cf bf0d338b 3f12d38b bf643fdd 3f2323a1 bf66c5e6 3f09f980 beda8ed0 bf4a09b6 3f65e5f2 bf68a3e9 3f3d3dc5 beb5eab0 be9db29d bef17ac2 3f3f7bb9 3ea1ce9e be9cd68d 3d5550ec becafecb bf650bd9 3e93b292 3ec696c6 3f6e3ff4 be12ec6d 3efd52e3 3ef17aff bf6a57e8 3f4b51be beb50291 3a4bd415 bf128592 be461d00 3e9eaa85 3d448fc6 3f3a2bae bf774e0b 3eab1297 3f5b59d8 bf5ef1d8 3f6345dd be885e93 be820e88 3dac38b1 bf5b2fd0 3f0de185 bea0669b 3ebbee9d bde578f0 bf78a403 3f22a18d 3e3134b2 3f30d9b7 bf303da4 3f398bc4 bed3d2c6 3e90b295 bdcf38f9 3f02177e bf15978e 3f6301e6 bedf92d0 bd5c508e 3f5d11d9 bf086787 3f1cfd8a bf42d1b6 3e807696 3f2e599b 3e587cee 3db92905 3f6b53f5 3de1b933 3f46cbbc bf7b7a0f 3e554cd3 bdacf886 bf5c91d0 3f4a2fc7 bf6273d6 3ec092ca bf0ea781 bd6ff17a bef016d4 3f3a19b9 bf3df1b2 3ec716c4 3ed852c5 3ea4beb0 3f05277d 3f11138f bf014f77 bf5127cb 3f19cb98 bda5f8a3 bdf108fe 3f757ffd bf4e39cc 3f337da5 bf34a7af beede2fb 3f2f07a0 bf188f88 3efcd307 bf0abf7c be9d9a8c 3f626fdd bf3c69bd 3c93e138 bf09197c bf478db1 3f3f79be bf5edfd9 3efa62ef be378cdf bf36f9be 3f081f93 bf6517e4 3ea292a1 bf62dfdf 3f084786 be371c79 be80be76 3e6ffcec be531ccb bf10578d 3f3975b3 3be57b89 3d7390e6 3e566cd8 be9792b3 3e981aa7 bf3a95ae 3e896666 3e033483 bf1cb7a3 bf62bfed 3e2e84bf be2cacc7 3f2f45a5 bf6943f0 3f4d0dd3 3eb7aec8 3dfbf94f be269ca1 3f1c3d81 be338cd7 bf32dfad 3f2abbad 3e08d451 beda02d3 3dda4921 3f166798 bf5645d5 3ed77eb0 
bf4b11ca 3f4137c5 bf7a3808 3ea536a5 3f34d3a6 bede2ad4 bea3e67f 3ed53eb6 bf4fe1c9 be9846a7 3d877815 3f67ffef bf7639ff 3e176467 3f22ab9b bf23f79b 3e468c8c 3e5d44e2 bebbc2a3 bf0d4187 3e644cbe 3ea7768d bee022d9 becb3ac1 3eefbae4 bf7f2a18 bd503101 3f4c07ca bf0aeb94 3eb8badc bf3c19ad 3e7844a1 3df5b8fb 3e4454ab 3ed102a7 be5ca4e9 be9aa29f 3f65a1ec bed812d5 bf031787 bee61ef7 3dcc48e3 3f11eb83 bf6a67ee 3f767dfa bf073389 bda1c876 be4f94c4 3f001b7d 3eed86e0 bf016580 be12449e 3f3645b4 3e6ff4e9 be299ca5 bb46f8bd bf2a49a3 3f362faa bdc698a3 bf5febcc 3f4361bb bf476dca 3f4bbfc3 bf09ad90 bf3d2bc2 bf5babe8 3f3f85b9 3d584ff5 3f4577b8 bf6a71ee bf69c7f0 3f4b89bc 3e1ccc73 3ec522ae bf40c7c2 3f799404 be503ca4 bf16738d 3f69fbf2 be8c0e70 3f353dbd 3e54a4eb be872681 3f0ad588 beaf76bb bf6b35f6 3eae0e97 bf28359a bf3a35ae 3f0a4b8b bf5873c8 3f6b09f2 bf0f9b88 beb8deb4 3e132497 3f17698f 3ea5e2a6 bf6e3dfb 3f26c994 3e683511 bf49cbc3 3f35afb9 bf07cd84 3f1dad9b be30fc8a 3f00fd7d 3e841a82 bec4deb7 3e17748e 3f4de7dc bf202b94 3f4377b9 bf030373 be84da69 3f5779d9 bddc581a bf1dd796 bea8ae96 3e0b7c6f 3d9bc7db 3ed716ca 3e9be26f 3f2125a0 bf6a1de4 bf5b63da 3d9258fb bf2925b2 3e9b8a81 bf4503cc 3f39fdab beb6b6a4 3e8c268d 3f77cdfb bf24b3a3 3eea4ec7 bf403faa 3c23c2b3 3e7bdd0a 3e7454fb bf59c9d3 3f022183 bf08e17d 3eabfab9 3d683081 3ed646c8 3e808e8f be08e498 be1d5cb2 3f3f4db2 bf45e3b2 3f33f3b5 3e61acb8 bf065d74 be660cf3 be467ce3 bcc55fab bf295ba1 3f57c1d5 bf787607 3f1deba2 bf2e7fb0 3d23d017 3e1e3497 bf0b197a 3f097f88 bf7b800c 3f58c7c6 bf1919a1 3ec8daad bf22ad9f becfced3 3c224182 bf0c798e bf5b0fe3 3de0b8c0 3e6fb4fc 3e862a85 be0c0cba 3f4e4fcd be763d02 bde6c963 3f3485ba bd1f0fdd 3f3397aa bf264d99 3f735bfc bebbdaa6 bd4fefcd bf6019e1 be446495 bea9d290 bf53b7d3 3f5d2bd7 3f15ef91 bf4309b0 3f4c45c5 bf6847ea 3e671d09 3c094223 bf4d6bc7 3f7caa15 3e9796af beec6ee2 3d7f7170 3dfa18fd 3ec5c6e7 3c8d215a be684cff bc353e98 3edceed6 3e893287 3f76d811 bf03397a be9c427b 3f57d1db bf07297f 3f501bd7 bf4131c1 3f3981af 3eb3e6a5 3db9f89c 3f45a7b7 bf3a7db9 3f7e182a bf4b37ba 3ea3c69d 3e77cccb bf3a8dbb bd135054 bf4c19be 3f522bcd bf3bd3b5 3f090d91 3c2ec47f 3e8f8274 be9fce7f 3f6e7ff9 3e8ac680 3f5ecbe2 bf6119d4 3d4cf0b8 3f1b0b98 bf226d97 bf6e6bec 3f07a781 3d8288ce bf5371c8 3ecebec2 3f478dc8 bf3893af 3d92289b 3e82e293 bec17acb 3d29f0a2 3e075492 3e9f2eb6 
3f2acfa3 bf28899c 3f2adb9e be8f967e bf24b7a3 3f6373e6 bf09f17a 3f03a981 be5584b1 3f768402 bf0eef82 beca3eba 3efc46ed 3e327ca2 be60dc9e bcd3e06d 3e51750a bf463db7 3f5423c7 3ec9bad6 becb7ab6 3e01746e bbc67b30 3f145d81 bdc648f4 3f27c5ad 3eaf06b1 bf4245b2 3e0a246f 3e9d9697 bd9a3875 3eb48e99 bf16bf8c 3f10e984 be8b9299 be834a71 3f20fd92 bf7bba15 3f163d88 3e6a3cc7 3e81a276 3ea39697 bf6b8be5 3f6f4ded becf4ee0 3e90f299 be7b251f 3f3d87af bf39d3aa bef9aad6 3f1d1f91 be64acbe be8e368c be821280 bea25697 3f2e17a7 bf0c1385 3ebe22c7 bee15ef1 3ee9d2e7 bdc088a4 bed2a6bb 3e8ba678 be042c61 3f78f208 3f14cf81 be816a80 bf13138d 3bdb7f58 3f5d4fe0 3eb6f298 be9e0e99 3d7b9171 bf6815ee 3f0d4d91 bf0e3784 3d87284e 3ec932b2 bf5577d9 3dcaf8f5 bec402a9 beb07682 3e21ecba be90e694 3e6f0515 3e41e4ee 3ebbf2c3 3d5f5076 3f2bbba6 3f2fe7ae bf78d806 3f36d1af bf056f83 3f40e7bd be7894e2 bf0cc983 bee3aae2 3f55f5d3 bef6cade bdc9e81c 3f05437b 3e48ecb6 bf24b59b 3f118b88 bf63ffd9 3dcfa927 bf2a37a3 3f779411 bf2fd5ad bdd968cc bdf398d8 beb532be 3eb5b2aa 3ecd0ab1 bf6b13fb 3f1a079f 3e3784c3 3f23a5a6 bf017589 3f0e3d7f bf5d9bd3 3e37c4f4 bf62e5d6 3f6ff7f6 3f5b71cf be466ccf 3f52bfd1 bee866fb 3f77d607 be94da8b bee892fe bb2302f3 bf1fd194 be216cc9 3f47edbf bef446e1 3f50f1c3 bf797a0b 3f132d92 be926e75 3f235b9d bed152c6 3c5ac327 be841e72 befa02e6 be5b8cd9 3f0ecf8f bed95abe bf3cf3ae 3f7f5e25 bebeaa9a bee5e2dc be20749d 3f5ab5c7 bc5bbfb5 3f0d6b8f 3e2b1495 be222cc3 3eca7ac8 be8f1287 3f0a6b8c be9dde91 3f6c89f4 bf22f391 bd5a1041 3f21e39b bf177d95 3f10df87 bdbcd964 bd36304f 3f7dd00c beb776ac 3f1bb19e 3f252993 3d9ab86b bf1b5ba0 3efc2303 bf6237db 3eae46a9 bf6d9bf4 3f6dcffb bf56d9c8 bf194580 3ee0ced4 bf00937d be871a85 be911298 3f5aadd5 3e36dcbd 3f727bff be6b4cd0 3f404dc4 bf7e5c11 3e530cb2 bf07b58f 3e9fbaa2 3eb7dec5 bf0ab190 3ee2aed8 3f3a8db9 bf41e7b7 bf129194 3ef24eff 3e9e8a95 bf0aa989 bec6fec1 3e9b32a3 be949697 3ec20eba bed3a6e3 beb3ca9b bf4a1dba 3ef2d2e2 3ec2c6ba bf3a6db3 3db438a5 bec162ca 3f35a7b8 bebc5a98 bf2919a1 bd88a848 bf6b93e2 3e84b279 be1dec7f bdec38ab 3ef8faff be4e34df 3f0f6d85 3f26079c 3ea91e8f bf3e81bd 3f7bae05 bf6c95fc 3eadcabc bdd2282b bf16dd91 be33fcaf bf34ffad bef0aaec 3f213194 be9d7299 bec41ab5 3f53bdce 3f2b87ad bebd428f be6274ec 3f18d18d bd4331e0 bf6a8c01 3f002574 be87327f 3e0074b7 3ed34ad8 bf1c7598 3f0fad91 bf3a83c3 
3f5933d5 bf62f5eb 3f5439c9 beed3af5 3f36f9a7 bf7d4622 3f1ee39c bdd35889 bf3635b8 3f0a8f8b bf4f8bc8 3f4331bc bdc8f88d bf0c3393 bcbca0fb 3e7f14cf 3e3424c2 3d9398f9 bde19921 bf4005a6 3f5289de bf724df7 3f4e9fd1 bf7f3034 bdc8a93e bf1b9187 be4f7cd2 3f21239f bf26e1a3 3f412bb6 bf767a06 3f288b89 be9e62a6 bf18bb96 3f070f82 bf23c79d 3f4bd3be bf3d85bc 3f44cfa9 bf46e5cd 3e084cba be5f4498 3e2c7c56 3e8cc680 bf6ae7f3 3ea21e8d 3eb342b3 bf7c280d 3f3ecbbf 3efc92f7 bf298fb0 3f32cdbd bf064b74 3f643de2 bd8498a8 bea44a99 3f51e9dd bf6d71fb 3f6203d2 bf030171 3ee826d4 3e992aa0 3d55d03a bf1b9395 be68eccf bef2aef7 be91227b 3f747802 bf6141d5 bf00e365 3e949289 bf5fc9d7 3f783201 be63c525 3f4e11cd bf154b93 3eecb6db bd2dd0c1 3df5c86e 3f47e9b9 bf142797 3f7d0a0a bf4a89bf 3f7f2821 bf5909d4 3f1c4d94 bf3bdbad 3eb2aab2 bf4527c4 bf3ff3b1 3f49a5bf 3e4a84b2 bf54d9d3 3f1ddb98 becf6aa8 3f0e5982 3f276ba4 bf623fe5 3f4dc5c5 bf67d1e7 3eba2eca bf5d83df 3f5f4bd5 bf17f78c 3f6831ef bc27c33b 3e038487 bea8469a 3e210ccd 3eb38eaa 3e067c7c 3e65ace0 be468496 beb8aab2 3f140789 bf090b84 be2afc70 bed85eca 3ebbfeb5 bf49c1ce 3f5567da 3c951f77 3e9de695 bf30a1a3 bf0f5791 3e83fa87 bf7cec0e 3eaa8a93 bf2d29a8 be45a4f1 3f0be175 3f2f9ba2 bf137183 3f7b0a15 bf3dedb2 bf065f86 3f62cfdf bf260b9f 3f3933ae bf1e419a 3db028a5 bc97a198 3ee74ad7 3dbaf854 3f069985 3e876667 bf6755f2 3f63b5e7 3ee9bed6 bf7aa607 3ba481ef 3f353fa7 3eab7296 bf322fab bf0c9381 be87068c beb152b2 bdac4867 bd21efe8 be827669 3f0ff382 bf7103f2 bef772e4 3f2f5fa6 3e65348d bf019f89 3ea582ab bf4185b4 3f4b29c1 bf76c205 3e99ce81 bf72abff 3ecef6c5 bf78cc00 3eddf2ce be1364d6 3e9d5285 bde17837 3f3347ae 3e53d4a8 bed42ad6 3efa5ef0 3eb46aad 3e1ba45f be08bcb8 3f6227e3 bf03217d 3dc358c1 bf4d57cf bf2853a2 be811696 3f5747cc bf3225ae 3f508bce 3ea2daab bed1a6ca be8e2270 3f6e71fb bf2cc1ae bf35b1b3 3ef5fee9 3f4d81c5 bf19e594 be4764ba 3e9872ae 3f57e3d2 bf4ae3c6 3f60bddf bf69c3fc 3f142d89 3ef3deff 3d98887b 3abdfef1 be5a2c9a 3e095478 3f0dd78b 3d71b0e5 bf466db7 3e5ff516 3e9fd28e 3f5aafd7 3e68bcef 3f0a0791 bf083b75 3f157998 bf48e7be bcb35e4a bf19cb9b bf47a7b5 3e25d4a9 3e860287 bf0d6771 3f30c5a9 bf026577 3ec35ae9 3f04c57b 3ec6f6c1 3f1d5da5 be571cf3 3e521ca2 3ec0a2be 3c544176 bf7d2c11 3d4f9046 bee86ed8 3f31b7a9 be9192ab bece2ede 3f273b9d 3efbeef2 be911690 3c304145 bf0b737d 3f661de5 bf15bb90 3d38f143 
be93e2a9 be5404bc 3ebd32bd bf763203 3f3011a4 3e08b464 be8fda7e 3d72b0ee 3ecdc6e0 bea07e95 3f3345b1 be8dee7a bec2ea9c 3f112391 3ece72c0 bf3243a6 3e964a7f bf19d19e 3f5bb9e4 bf323da3 3f317ba7 bd6cf1a5 be87ce6f 3f5cc1c6 3e409ca1 3f795003 bf3577b5 3f402db5 bee582e3 bc7fbf7c 3e94ee7b beaefed5 3f280f9c 3ed512c5 beb70ebf 3f56f3c7 bf7fae20 3f7eaa19 bf6f2ffa 3f13ad84 bea002a1 3ed66ea6 be2404f0 be9c7a90 3f2bcb9f 3e75ccbd bf471fbc 3f6ff9fe bee3a6de bf12bb84 3ede32e2 beb202b3 3dcf0912 bef09af4 3d4cb008 bf00997e 3e8f7a9e be93c6a9 3eb426c0 bf2acb9d 3da65815 bf5b97db 3e668ce6 3f5f19d9 be9b4a95 3f1a5b94 be7314c4 3ec00aaf 3e8b5e7b 3efddecf be954289 3f641de3 bf5bb9e3 3ed99adb bf4ebfc1 3eb94eaa be5a54c8 bee066c9 3e8f4a97 bf4f57c7 3eccbac4 bed0a6cf 3ec0babc bf50c3c4 3e8d42a0 3edd1ab7 bf7055ef 3f4ee9d1 bc3840ad 3f753604 bf5e6bd7 be85e280 3f3dfbb7 bef92ee6 3d0d71b9 beec1eeb bd8618c4 bec176b5 3f11c388 be00a4ad 3f7a5608 bf361fb3 3f2bdb98 bedef6d1 bf191794 3f071591 bf119190 3f20e190 bf19df87 3dc8f8eb bea0c6a8 bea0aea2 3eece2dd bea86ea6 3f080772 becc26de 3f3d5bc8 be6654c5 3e10549d 3f417dc5 bf3d29bb be742ceb 3ecb2acf 3f00157e 3d5c1122 be5864f1 3f552bc3 3eb2a68f bdcea902 3f1f4394 bef91ed7 bf4889c3 3f4f8dc6 bf7335f3 3efcab15 3ef02ecc be600ccd bf234d9e 3f3f27b2 bf126d85 3eefcade be6d64e0 bf211b90 3e20d48a bf26cba7 bdb588c5 3f4ac3c9 bf6a5fed bd8398e5 3f49e9c3 3e0a6482 bf07b37a bf2ecbab 3f6c59e2 3e8f0a66 3f2a09b1 3e255caf 3e851276 3e1cbc95 be46acca be902675 3f71b1fe 3f1a0d93 bf6d91f1 bc9a9e66 be5354be 3f722bfe bf1b298c 3ec282bc bd81585f 3f2611a4 bdc0783e 3f74f607 bf6717eb 3f71f3f9 bf6c63f3 3f5a6fca bf2e55ad bed896d5 be7a5522 3d0c705d 3e45dcd4 be9daa91 bf509bca 3f515dc6 bf75cffc 3f35f9b5 bf3a75b3 3f7b360a 3f78ca0a bedc72cf bf4927cb 3f2aebab bf1b0595 bf1f9399 3f3185a8 be26949a bf32f9a6 3e867e96 3f7c420e bf0e938a bea92e93 3d0b115a 3f1f7b9d bf39c3a3 be1824a8 be2b3ce3 be5e4493 3f677beb bf543dd3 be888a9b 3f047381 bf1e9ba7 3e6f5518 3daf3883 bf45a7bd 3e7c4d16 3e90fa6f 3f3aafac bf7327fd be92ee8d bf6995ee 3eb8b295 bf1f1389 3f25e3a5 be72acee 3f6667eb 3ee69ec7 3f02997e bea1faa7 3e89ce61 bf1aa596 3f4ca1d3 bf267ba2 3e3db4cc bf2ab9ab bf19fb87 be84a292 3ede3acb bf16e38a bf40adbd 3f281ba1 3f25eb9f be4e54f9 3f46c5c7 bf44c7c3 bde6986b 3f6f87ff bf4dd5d4 bf0e3f8d be92d280 3f5d17d6 be80aa7c bf08a596 3f119988 beac968e 
3f6f85e8 3c4dc058 be5194ad 3f4cf7c2 befea2e6 bef052cc 3f45b9c0 bf5665dd 3f6bb7e2 bf56b7d4 bed756dc 3f26259a bf274199 3f08a778 bf1a7785 3d989914 3f181b8b bf3cbba9 3f7b7212 bf333fb0 bd8ac878 3e344cd1 be82828c bee72ae5 bf4595cc be782503 b90faaf0 bef656ec 3ef356eb be9ee2a3 3e892a68 bd38906f bf5869d3 be88d297 3e9f7aa7 bf7449ff 3f443bb9 bf38abae 3f63a1e1 bedaeece 3f233f98 bf768e09 3f3c0dbd bea682b6 3e285cb9 bf3419b2 3f1cc395 bf053b79 3f007183 bd0b50d3 3ead3ea5 bf075f89 3f72a1ff bf141784 3f3c51a6 3e057c64 bd0d9027 bcc5a0bf 3dd708a8 3e6e34dc 3eeb32e6 3f6957f3 bf4cc7c7 bc9361bb bf36b1b7 3f600be5 bf5265c7 be98d26b bf0d6178 3e565cd4 bea126a0 beb1bea3 3ec48ab7 bf05a77d 3f16d99a be0af49e 3f06c38d be115476 3ead06b8 bd6770bb 3ed2e2b8 bf15738e 3e848e6c 3f5385b9 bf094b8f bdd6e8e8 3f4e3fd4 bda2a8dd bf5bc9ea 3dc548b0 3f22bfa8 be9432a1 3eee42dd bf298998 3f7ef421 bde1a8bb 3e948280 3e70ecd7 bee38adc be1af492 bf4e23d4 3f072180 bec446b9 3e884284 3e3b7c7f 3d12d181 bf1cad8c 3f67adee beef2ed7 3efa0ae9 be6464c1 3f6429ef bf5b5fea 3f2e2da0 bf714400 3f44dbaf bf638be6 3f1b8d96 bf12b787 bf304baf 3f64a9da bdc02855 bec35aca bf70cffc 3f3ddbb9 3dce98d9 bf34aba4 bf272f9a 3d9db8e1 3b42feb1 3d8948a7 bdc798d0 3f212b9c bf36edb2 3f5ee1e7 bf78a803 3d9d27ef 3f2df99b bf05d180 3dc45944 3e902a70 be714ce6 3f5c3dd5 be620505 3ec796c6 3e0cfcba bf28c59d 3f6da5eb bf52c9d5 3d77b174 bf1b339a 3f187196 3ec04ea3 bf16b39c be633cab bf5663d7 bdcaa87e bee8fed2 3de2a904 3e997eb7 be902286 bebdbaaf bf210d8a 3efd4edb 3f32e5af bf11f799 be5a24b9 bc78bc37 3ddfe848 bebbeeaa be3e0471 bee262da bed7e2b4 3f019786 bc89e0d3 3d7991aa bf5045c7 3f7ad604 3d9b588e 3f1e039b 3d2ed05b bf586dce 3f24a7af 3f6169db bf78a004 3ea9b6a9 be370ccf 3f42cfbf bf6a41ed bf68cff2 3f62e1e8 3e891a94 3e6facfc be836288 3f7ade04 bf4771be 3f1ae999 3e8a5a72 3d32d05a bf0c437e be987e9b 3f6bd5e8 bf746404 3f352da4 beef4af9 3eee92e8 3f5c27da bf6015d9 be2d9cc5 3ee24acd 3e4a2cc0 bf331faa 3f662be3 bef44ef8 3f35e39b befe12f8 3f4b17c8 bf7e8c1b be9a2295 3e9886a8 3f6b95f5 bde658eb 3f33a7ad bebc2aa9 3e2a94d8 bea972ab bf4e9bbe beb8daa5 be47acf2 bc9fdfe2 3e935a92 3ea62e8b bf6945e7 3f73fa02 beed0ef0 3f6d5dec 3ea0a691 3e17c461 bebc66b4 3f3f5bb8 3f27fb93 bf065787 bf36f7b6 3e657ce9 bf40dbbc 3f3eefb8 be4cdcc4 bee606eb 3e884672 3f5ac3d3 3ecfaae7 bf77780b 3f0f057d bdcde919 3ef716e6 bf2d85a7 
bf65c9e6 3e2084c7 be549484 beea3eec 3f173b94 bdbbe8a6 bba78004 3e13b4a6 bf4bd5d7 3f740fff 3efa370c bf2fdfb7 3f696fed bf4a4fc3 3ed72edb be2d24ad 3eb53699 be7734c6 bf53b3da 3f61fbdb 3e21a474 bf3473b9 3f236b90 3f4df9cb 3c2b4067 3f6bf3e8 be992e9f 3f17dd8f bf28bba5 3f50a3c4 bf7f6c30 3f52f3c4 3eaf0ec0 3f190d8e bec8b2c7 3f03bf80 3f031b82 bf481fc1 3e89d277 bf520fc7 3eb3c2a6 3e9e0a71 bf06938d 3f0e098c bf6c61e9 3f7bd817 be6794dd 3d67314c bf4541c0 3f22058f befa3310 3ec98ac4 bf63b7dd 3f1ba99e bf768a03 3f0b7d89 bf5bc7d7 3f73ea04 bf66cff4 3e2d4c70 bf4579b8 bf2f4da2 3f14e988 3e8b6e7e 3e6bfcdb bf3351b5 3f77dc04 3e021c8d 3f77260f bf64cdeb 3f5d71d5 bef05ee0 3f3fdbc7 be865e80 3f13118d bf6e69ed bd776fb7 bd532fdf 3e715d15 bf25639f 3f16958e bdeab8ae 3dc1a870 bf7dfc2a 3f14fb7e bca3618e bf5245d5 bdb098be 3f706400 bf3e87af be17345c be5564ab bcf7a04d 3c81613b bf067984 bdef58f3 bf28dbae 3f3737ae bed026b5 3f4f91cf 3dd0b86b 3e937a91 bf3273a7 3f5a05dd bf2b81af 3f010175 3df26880 bef3deee bed01ab3 3f4bb1bf bf759c01 bccc6062 3cbb5fee 3e875a7e be146cb3 3e314c94 3c78c10e bdc208cb 3e910291 3f5ed5d4 bf7ff83e 3e2f8c46 3f24f396 3f514dd7 bf2c43a0 bf1a6997 3f7487f0 3f009569 3eb3aacd bf787a06 3f26a39c 3e96d2a6 bf376da4 3f2a7bb0 bf1bfb99 3ecc5ec5 3ebeb2aa bea35ea6 3c61443b 3e50f4e1 bf193b9b 3e9f22a7 bf49a7d1 3edfb6d9 bf2b95a2 3f5d77d3 bf5be7dc 3f06e77a 3f131993 be2c0cb9 3f076f7a bf08ff81 3ef95aed bf081b85 3f7bde1d 3dd23861 3f440faf 3d2e30ce be9efe8d 3d301144 3f11558d bed08ecf 3f7b8415 bf5527cf 3e2884db beac0eb0 3f6713ef bf207b89 3f36efab beeea2dd 3f5dc5dd bd8b08bd 3f3cc1be bf2bb7a2 bf04a779 3f6569e7 3db0d8c5 bec14aa2 be967290 bf5979dd 3e60a4c7 3f564dcf bf4a45d1 bf17059b 3f6a93ed 3ddbb8ab be17047d bf09d587 3f192994 3eda52e3 bf2623a2 be77dcbf bf3035a3 3efbc30c beba3abf be9a0ea5 3e3084ac bf798c0a 3f3b77ba bf050582 3f4f79cb beb5d6c6 3e92b69a be974281 3ee226d8 bf2a15a3 befd66f2 3ef252c6 3f30eba5 bf6bebfd 3f50c9bd bf1d1d8f 3ec77ac2 bf12a599 beeefad5 3f5093cb bf302bab 3f0a6194 3f63d3e6 bf7665fd 3c2cbc07 be4c7497 bf10817c 3f13e399 bf1ccd91 3f3b17bb 3f5821d7 bed9cabe 3f404bb4 bed7c2d7 be973670 bde5d905 3f13d196 bf3fd5ae 3ed0cede bf7235f9 bd30720c 3ce0a173 bd14d060 bf212591 bec252c0 3e04dc8e 3f43c1b2 3d0d4fe6 3e928ab0 be62f4a8 3ec9c2d5 bda968b8 3e38d4b9 bf6c05f7 be67ccdc 3e2b4483 3eb12a86 bf0c4b86 be9da693 3f1eb19d 
3ecf3ebd bddfd936 3ef69b0a 3e30c49f bf1a0fa1 3e2464cb 3e8e169d bec4d6b6 3f7c8bff bf70b9f6 bef4d2e6 3dd9b883 bccbe1dd be1b0cac 3f0cc78e be8c3675 bf2c4793 3f48efbd 3f212d96 bf710ff8 be4574d0 3f6d1df0 bf4a03c7 bf3d81b8 bd74d144 bf2e35a6 bed73ebf 3f3cf5b5 bf6c83f3 3f27dba4 be8fca9e 3c8b5f91 bf4959c1 beb29ea7 3eb902a4 bec246cf bf6085da 3f7e4026 bc01c366 3f5441ce bf4d65c8 3f0c1585 bf06f174 3f13d396 3e88ce8c be15a471 bf45cfc9 3f5e63e2 3f0e6590 bf453fc3 3e95aaa8 be0d148a 3f4a1fc6 bed462ee 3f1f6995 bf08d78a 3f4e8bb6 bf49a5c3 3f1c779d 3ed092af 3eb5f6c0 3f1cc191 be9746a1 bf051b76 3ef31ee6 be3a1c97 bedb22bc bebd12b9 bede62c9 3d85d898 3eef06e7 bf1e8794 bda17889 bf164b8f bd9af874 3ef862df 3f385fab bf54e1d5 3e9faa94 3dfda913 beff0ef6 3e5044d1 bdde78d9 3f35e7be be3474bc 3c173e1a 3f215594 3dd978d3 bf0bed79 3f76d609 be7c24ef 3f6861f5 bf20a59f 3f1b0f97 3e0a8c53 3ecea2b8 3f2ebba5 bf6b0ff1 3e34a493 be8c7e7e bed48ec7 3e37d4b2 3ea1ae80 bf6dcdfc 3f1f01a1 bf33ddb1 3e59b4e1 3f01df84 3d7d715e bee1a2cb 3f18f992 3ef8deda bf0edf91 3e979a7e bea272a9 3f176d95 bf6fa5e3 3f7cfa1e bf57cdd1 bec882d8 3f29d7a3 3b8d84dc bf50a9c5 bf3699ac 3f108389 3f2e8597 bf1b499f bf78860b 3ec32aa4 3e71dd18 3dc0a929 bf1d0f83 be14e484 3ed9f2c9 be1ac49f bdc558ae be5334a5 befabaed 3ed3fac9 be55ecf7 3f468bc8 bf0c5b83 3f52a5d3 bf02c786 3e5934d9 bf13f7a4 3f4a0bc8 bf4217c3 bf3cbdbb 3ca0a0c6 3eb1eaa4 bf26fb91 3db398f2 be18bc79 3da50896 bf779407 bdfee93d be421cea 3f2dd39e bf49b3c3 bddb2849 3eb6e2c6 becb0eb8 3e855e6b be7b84f0 3e8eea89 be4bfce0 bf18058e 3f103b8a bf554fcc 3ea13e99 bf2c3ba3 bed7bece 3f57e7ca 3e81e687 bf7e261a 3eb44285 bea73eb6 3f0fed87 3f779006 befdc6de bedd96d1 3f75f9f3 bed156c1 be0a4c5a bf1fe19a 3ebe3eb2 be18dc52 3ee8e6e2 beed76d4 3f3285be 3dc898e0 3f707ffc bf0c7d85 bd22f14f 3f35ffb4 bdfe88ff 3f3ff3b5 bf2d03a9 3f3165a4 bef42eed bf273b95 3f396db3 bf58cfd1 3ed536be 3ee656bc bd801836 3d211056 bf003977 be8a8e81 3edaa2ba be416483 3e44c4c1 3e9fc291 3f154b90 bf5ae7e3 3e3654b1 be036cac bf3fe5c1 3f1a81a7 3e500cd7 bf01fb78 3f6ad7f5 bf73d9f8 3f6f2e04 bf6271f1 bf3ecfcb 3f5d83e9 bf6415ee 3f4e1bc1 beb3b6b3 3f4b91cb bf5183cc 3f4babcb bec4aab5 3f393bb9 3b9b7f2e be89027f 3f212197 bd76d12a 3f7d3c15 bf642fea 3e1b149c bf36d5a6 3e77dcbc bee9f2de bec4f2c3 3edf96d2 bef1eafb 3f0a7380 3f4fedc9 bf264b9c 3e61fced 3e01cc8d 3ed252c9 be66fd0c 
bf62cfdb 3f465dc2 bf7037f9 bd229097 3f68abe9 beec22c9 bf120d9d 3f15fb8d bf7391ed 3f2b2da7 3eed4ee2 3f0c4592 bf5dffe9 3f3bcfb9 bf4cdbbb 3efe9b11 3e518cef bec22ad0 bf17e796 3f2b99b3 3edf8adf bf6e43fc 3f4447bd 3e54849a 3f3229a3 3eb28eb7 3ec752c7 bf34b5ae 3f6205df bf495dcb 3f2d6fab be743ce9 3f3537af 3ea7bea1 bf023f73 3f07457d 3f34e7a8 bf5b7fc6 bea706a2 bf164597 3f2cb5b1 bee216de 3ef1c6f3 bf470fbb becca2cb 3eafca9a 3ec3c2b1 bf680fea be5a4ce4 3dfd4978 3f589be0 bf7f342a 3e44ac9f bf30d1ae 3f6aebe8 bf5bd9d9 3f29379e bef16aeb 3e39eca6 bf5d7de9 bee046e2 3dac2898 be9c3a7f 3f0a698d bf1979a1 3f185d95 3e4f3cd1 3e5b84df 3e7c2500 3dd7b8da bf502fd3 3f28f5a4 3e842e77 3f146f8f 3e8ef279 bf70e5fe 3d220ff5 3e6e3cee 3e84526e be160cbb 3eee56ee bec2aec8 3ebefecb bf008d72 bef61ae6 3ee842f6 bf622dd9 3f2c19a8 bf64efe1 3d8b68b1 bf1ca796 beaba697 bc0d42ef 3d8bb884 bf21c39d be9306a1 bf28099f 3f496fc3 3e632cea be5abce6 3f16af8c bf6f3ff7 3f4c75c0 3ec076a7 be453d07 3ea4fe84 ba85f863 bf585bd5 3f0db783 3d845902 bf4f51c2 3eaf8eb8 bf0cc17f 3f51bdc5 bf5907d1 3e09ec84 3f2e61a3 bf6ffff4 3f4453b6 bd0c503b bddb1877 bec062b1 3f4ee7c8 3f63bfd9 bf67fdf7 bc0b3f5e bcdadf8a 3f7d4819 bf159d91 3ecbb2a7 bf7a0c18 3f4895c4 3f63ebe3 bf67d3df 3e1b3cb3 3ed3d2c9 bd015030 3f39ffaf bdb4593e be8ae66d bf1b51a0 3f1dbb98 bf658de5 3f6d0fec be7c8516 3f1fa796 bf312db4 3f66f3d8 3f4de5c7 be5ea4df bdbf8964 3dfb88bb 3f7b2c20 bf1a5187 3ea82aae 3ed972cf 3f1dc5a5 bf60abe5 3e938a88 3f08bf8b be10ec60 bd177056 beffb6fb 3f088f7a 3e93267a bf4c61c2 3f7ca00e bed746ca 3f39adb4 bea98ebc 3f0c0573 bd18b076 3f2fefa2 bf727e09 3d89086f 3f61b3d8 bf3449af 3f7b880c bf3ad7b2 bf6acbdf 3f279d9d bf276593 3d2cb059 3e4d3ca8 3ed286b3 be0b1c95 3f2d03a5 be21d4a7 bf3061a4 3d60f02d bf148385 bda0482c bf4427b7 3e69bd00 3ea062b5 bf074389 bf17cd88 3e9f928f be059c62 beca96ce 3f240791 be8eda78 3f7345f7 bee206d5 3ec306c6 bf7d0a15 3f55edd5 bf108395 3ee586d5 3f5cfdd2 bf566fdd 3dccc8d7 be6bd510 be7cbd05 befd9afe 3f681deb bde8d8d1 3ee576cb bdeae93a 3e15fca7 bef21eee 3f5591d1 bf17c78c 3f43f1c3 bf3d5fc5 3f1ed3aa 3ea936a0 bd86d8b3 bf5d19dd 3f6991f8 bf5e85df 3eab8284 bf577fda 3f6ff5f7 bf7e900c 3ebc6abf be4feccc bda87812 bdff7902 bedbf2db bebc2eaf 3ed19ea0 3eb786bc bde59869 3eec66c4 3f0d1188 3e96ba85 bf094789 3f6efa02 bf4d03bd bee23ed2 3ed09adb becf86c4 3eaf46ae bf7157f7 3f24bda4 
3f7a6008 bf48e3b9 3f3fadc1 3c80a034 bf638fe3 3f2b7ba6 3ecfc2ce 3d8418a0 3e36fcc2 bc61bf05 befe7ef5 bf5f03d5 3f7bba0f 3b78f792 bf41a5bf 3f7011f0 bf4e3dca 3f2cbbab bde4892b bd8168a5 becdfad2 3d094ffc 3eca0eb9 bf3967b8 be89e264 bf5f43e8 3ec2be91 be393c9d 3e073ca4 3e949ea2 bf66a3e0 3f16558b bf743800 3eb65e94 bdc918f6 be6ac4be beb822bb 3eb092a9 3f6985f1 bd6d511d 3df528ea bf1ec3a2 3f247d97 3e1d3ca5 3f556bdd bf4a57c3 3f4343cc 3cf4e1c1 3f0d3f8f be7e2cf2 bf4743bf 3f01d373 3f42a5c0 bf4059bf 3f07057d bf5fbdde 3f4f11d3 bf25af9c 3f169994 3f173792 3ed566da bc624168 bd021074 3e956287 be930e7b 3df7e921 bf7b8615 3f5731de bf6f1bea 3f66a1e3 be21b4a2 3e8dfe97 bf525dc8 bed1ead8 be108cd5 3f31ffad bcd9600c beef06e7 3d335195 bf1cf799 3ebec2b9 bcbfa033 bf1e758e 3f72e805 bdf5f903 3f175f95 bf04577b 3e1f6492 3f3837b1 3e05b48b 3f0bc98d 3eddbee8 bc2cc15f bdcbf923 3ec926b1 3f2d5fa4 3eed62e1 bf622be9 3e8f428f bf059b77 3f12c394 3e874a7c bf20fb97 bf4c2bc0 3efbcaec be376cc4 bda44912 3f2f05b1 bf31b3b1 3edd9ace bd6471dd 3f27ad9d bf18cf99 3ecede9c bd5a30b4 3f033f78 bf7e6a24 3f3903b5 be387cc6 3c423ee6 bd51b0eb 3f02c36c bf4d47cc bf0c1980 3eeff2ef 3dd8f8f6 bee50efa 3f0a4f80 bf74e000 3f06b17e 3f4e2fc8 bf22619b bf3d87b5 3cbaa157 3f37f3b7 bf6fdff1 bc29c02c bf053d7d be87ee7c 3f152fa2 bdcfe8dd 3f282dab bf49d9b8 3ebfc6b5 bf6cc3ef 3df1c8f5 3d8de86c bf696be6 be9e22a9 bec9aac8 3f407fb6 bf5b71db be116453 bf0f1181 3f202393 bf684bea 3c643e19 3f5319cc bf3a01ae 3cf2a218 be701ccf 3f020d7c 3e9de2a3 bf0b8586 bdf9592e 3ec59ad3 bf155b83 3e29acb6 bf152396 3bd485d2 bd8be888 be9bba8e 3cd6e00f 3e020474 bc6f3f31 bed702ef 3e90fe8a bf5d47d7 3f2a1da3 3d871882 3f593dd8 bc524070 3ea5b2b7 bf64bfe1 3eabaeaf be61b4ad bf27bfa6 bd66d07a 3f6233f0 3e3a24bb 3f4759c7 be8dd683 3f4039bd bc8e9fdf bedb0eba 3eec56d8 3f3049ac bf61e5eb 3f77d7ff bf4f65c7 3f3a63b3 bf16338f bf2bdf95 3bf288a9 3e3b14e3 3e86d27a bef7d2f7 3ebd5aca bea1a299 bf4183bf 3ed532e4 3f29c19c be396c9b 3eccdae1 3e2f9cc5 bf5453d3 3e4104d6 bf6695e2 3f75f200 bf518bc7 3f3359a7 bf7a45fc 3e052493 bf1a8f8a 3ed5f6c0 3e37e4ad bf4343bd 3ef08ae3 3f48cfbb bef32eda bc80604e 3eac0a8d 3f4cb5d3 bf738ffb 3f28498e 3bd27fe6 bf09d993 3f74c7fc bf083785 3f5757c5 be9f9ea7 3e541cc6 bf6759f2 3f3475a6 bf64bbea bf38819f 3d6470d4 3d9ba926 bf4c9fb2 3f482fc6 bea122af 3f51ebc5 bf61f1eb 3f02e38b 3f16f79d bf1c0f9e 
bf6ad9f5 3eb3a6a5 be9abaa5 3ed20edf bde238cd bd9208a5 bf0f9387 bf026f7c 3e660cd5 bebb6e9e 3f064b7c 3f2c719b bf357baa be881275 3f5a19dd beafc28f bf23c593 3f75b203 bf5ff7ef 3f3463b6 bdcdb874 3eed56e5 bf215b9a 3eda06e4 3edd5ee4 3eb2deaa 3ec9eec5 beb582b5 bea69eb1 bdd058b9 3f73d20c bec792cb 3ef8e6cc bf085183 3f266b97 beacaea5 3e807292 bdafb8f7 bf7821ff bdb9a8f7 3e2fe489 3eed5af3 bf322397 beb9f696 be297493 bd98e86f bf5d41e1 3e82be8b bf0d0579 3eaf8aac 3efb2709 bd7cb06b bf52add5 3f49d1c3 beae06af 3f7999ff bf79640a 3f52b7d9 bf495fbe beaeb2b6 bf4c1bda 3f1cdf8f bf734bfb 3f611de4 bf4b2fc0 3f3cb7bb 3ec9f2c6 bf13f579 3ea04aae bf19c19d be7bcd20 3e8c066f 3d246ff6 3f572bd7 be316499 bf0e5d80 3eaa8eab 3e55fcc8 3e65fceb 3f2f39a4 bf6adbf9 3f6e47f5 beb95ea1 3d93d8c9 bf149d88 be85ea85 3f0a357c bc5e3ec6 bf56c7cc bcefe1e8 bf7057fb 3e311cd5 bf242d95 3f390dbb befacf12 bf7521f7 3e234c9d bccb213c 3ea042a1 bbcf7bd1 befa96c4 be14fc5f 3f186989 3f5633cb bedd62cd be0e9c63 3d0d2fd5 3e94d681 bf17eb88 3f54e3d3 bf6067e3 3e8fda7d becc12da 3ee196c2 bf027f89 beac4abf 3f70c3ef bed226c3 bebaaeac 3e18cc9f bec29ec4 3e8a0e93 be24847c 3f6243e0 bf159b98 3f042b88 be867a82 bebf22be 3f66b7e3 bf0b5585 bf4783bc 3ebc8aab 3edfa6e8 3f34dbaf bf57b1d6 3efbd300 3f4767bf bbc58011 3df858c2 3e8b5282 bf2b35a7 3d98f88d 3d4ed0f0 3f28f19b be0e8c71 3f586bd5 bea17aa6 3f4dc1d6 3f12d77b beb602e3 3e4b34d8 3e187c91 3f038982 baf1f2fc 3f29dfb4 bf36ab9d 3f2863ad bf6b8fed 3f42a1c0 beb1c6cd 3ebea6d4 bf5023c4 3ec1cedb bed056ec 3f58cfd9 bf4a21c9 3f6b6bee bf116b91 3f4ed1c3 3d8868e6 bc1abf0f 3b30fabb be167cb1 3f165397 beccf2be 3e85ca70 3ec38293 be416cf8 3f4789bb bf6a95e8 bf26939e bf25939a 3f0aa78c 3cf4a27d 3e45ad06 bdc1f8c7 3f3eb7b2 bb1efc08 bf1a8b87 bf0e977b bf14298e bd6d7182 bd183087 bf2a63a8 3f4fbbd6 bf731ffa 3ee3d6fc be42b4aa 3e0fc43d 3dc208d9 bf091b87 3f34ffa6 3e8cf692 3f29e5a1 bf6311e1 3f510dd9 bef9c6ea 3ee682e4 be94929a 3f5763d7 bee01ed9 bf49c5c8 3e7ed51d bef84af5 3ed3f6cb 3de2b962 3f2347a1 3d18b035 be9fe290 3ec8e2af bee4b6b3 3f76c603 3e81ce58 3efa6efb bdae2876 bf5cc5d9 3f6ed9f8 bf245392 bf03996a bdb518e8 3f0d0987 beeffee4 bf353baf 3eb99ab4 3ec17aa5 bf3043b2 3f4153cd bf111599 bf120595 3f28c58e bf2c95b3 3f1e35a4 3dd3f8f1 bdbe190f 3f58f5d9 3e1afc99 3f4fa9cc bf12d78b 3f67f5e7 be810a88 bc4dbe56 bf2cf7a5 3f7d941f beadea86 bf669de5 3f54adcd 
3eedbec1 bc87e0d9 3d8cb8c3 bf4e2bc2 3f79d814 bece1ac8 3f6a61e9 bd983895 3f733000 bf153f7c 3defc8d6 be1b64c6 beb0d295 3f7d1c0c bf7a3004 3e21c465 3f275191 bf3681c0 3e48cc98 bc24c07f bf173588 3e4524ad 3d625185 be6b7d05 3e8d7a68 bf42f5be bef04ade 3ed5dec9 3f5a6bcd bed5f2d5 bf055978 bebee6c7 3f2e6fa5 be6b34db be918ab5 3e8b866f 3e0e6c78 be79fcf5 3f6749ee 3eef2ee4 bf53ddd6 3e01dc59 3f186f8d 3e2b7c6d bd97b8bb 3f7bec11 3e95e28e 3ecc36bc bf157d8c 3f2ef59e bf7f762b 3e081c51 3e499cb5 bd8bf868 bf176791 be8c5e8a 3ee98ecb beafa2a0 3e57acf7 3f7971fe be1344a1 3f5debd6 bee902d6 3e040c97 3d800863 beb62aae bef13ad5 3f33c7be bdd348b2 3f20f59f 3ecb7eac bf179ba0 3ecfaec2 bf2c9fa7 3c962089 3f4169ca bf5473c5 3e5c9d02 bf30e9a4 bd7b911e 3e7f3d1b bef08eca 3e4bcce6 be3e84dc 3ef5cae8 3e721cd9 bed8e6c1 bbf47e52 3e326c74 3f55abcf 3e9f6e90 3e1f0cb4 3ee6bae7 bf5d5fd3 3f0fa591 3f5d23da bf0f1d89 3f7f3021 bf6207d7 3f172d88 3e0fdcb1 bd936836 beadc2ad bf1f0199 3dc8a88c 3f27b39b bf5dd7e4 3f15558a bf3a91a4 3f3c7db6 bf4995b1 3f4717c5 3e559ce4 bf4a4dc3 3f53b3cd 3e73f4fb bf5f29f6 3e9fc68a 3e932a73 3eca0acd 3e3fa4a9 bf0f6787 3f46f7bd bf7c7819 3ef68f01 bf48b1bc 3f718c01 beb84e95 be82de82 3f08ef81 3dce58af 3f3d31b9 bf4acfb4 bf5ea9d0 3f6953f4 bf4581bd be4fc4f4 bf1f8d99 3f157d92 bf62a7e3 3f43afc6 be9c92c0 3dbfb8ce bec9becd be9be68d beb20aad bedea6e3 be49dcb8 bf2b6da6 3ee136dd bd521157 bf7159f4 3f56a3d4 bf5d2fcf bf0d1f8d 3f6709f2 be8e6e8c 3e9a5a90 bf04ad7d 3f6989eb bf451dbd 3f7bca06 bf496dc5 3f63c7e5 bf68c9e2 3f022583 beea4edf 3e394ccd be4414ac bf4501c2 3e93ae97 3f1a0b90 bf036990 bf10ad97 3f4d1dcf bf4ff7ce 3d656fd7 bd0db0e1 bf4d9fc7 3f675fe5 3f3a53aa 3f43bfc5 bf3267ab 3f1b5bac bf4d3fbe 3f026d7c bf3693a8 3ce8a353 3ee582ee 3ee2deda 3ed7a6c1 3f225fa6 bf27c7a6 3f5701ce bdfbd898 bdac086c 3e798ce6 bf3de1bd 3f08937c bf07e98b 3f2b63aa bf155da1 bf118f8a 3c704079 3d2ef139 bf3981a1 3f58e1db bf7bb412 3f4747bf bf4cfdc4 3f45abc2 3d6e705e 3f2dd1ab bf438bbc 3f28d1ad bf6527d8 bebbc6af 3f0fa387 bf5e19df 3f5183c5 beca6ab6 bf3b1fb5 be9d2aab bf675bf6 3f105582 3e9f2a95 3e606cd4 bec16eba 3f7bf018 bd0d509e be473c9b be575cb5 3f6329db 3d7ff115 bf723401 3f3cffb5 bedc5ae8 3e3fac9a 3f6b9bec bf60dbda 3e753cce be8f369f 3db4d93f bf2a519c bd94a859 bebcc2b1 bf5c09cf 3f102997 bf6469ea be27648d 3ee44ae3 3dda1853 bf4f9fbd 3e7dfce7 3f0ddf80 be84ce75 
3e546cbf be57bc82 3ecc8ec0 3d63d044 be41a492 bf4d73cc 3ea11e92 bf3215a8 bf46c1bb 3e8c2a81 bdbd38b9 bee2facd 3f78460a bf547bc1 bd493054 3f562fcf bf660df4 3f527fca bf06e58a 3f6b1fe1 bf1ff396 3f53e9da befb16d5 3ec51ee2 bf430fc2 3f5421d8 3f35f5a3 bf526bd9 bf1dc18e 3e2f2c8e 3f238f99 3edbaed6 bf6ed5f8 3eaf66a1 3e701d12 becf82d7 be3f3ce1 3eb676b4 bf7c920b be2e2cd1 3f070996 3d3b90aa bf7ae00d 3f2b779e bf2d55a7 bf3493a2 bf2feb9e 3c65c0f2 3f25c79f bf68d3e7 3f71e1f3 3ea286a3 bd752fe9 bd519046 3f4281af 3e931e74 bf3f1bc4 3f5917db bf5573dd bd882893 bf16f39a bf5c95e9 3f2ef7a0 be8b7279 bde60853 3f7d9623 bf0dc383 3d2a902c bf0f1f7d be8d4689 bf52d9de 3f7cb60f bf3a39b6 3ec4b6c7 bb64ffa5 bf333bb3 3f4e7bd4 3e4df4c6 be51dcbe 3f74ae07 bf54b7ca 3f5d5fdf bf35d9aa 3f740bfb bf7c5e10 3f13cd9e bf354fb1 3f6e57f7 be6ae507 bf6e57f1 3e085c97 bf44f3ba 3e92fa82 3f2da9ac bf79e802 3ee816cc bf40ebbf bd9db8a1 bee096de 3eaedaba bee05ece 3ea8ce93 3ee976c7 bea6328d 3f208792 bf4c91ce 3f7dc817 bf0e838a 3f5239d3 bf2721b0 3f224d8b bf018185 bee362f7 3f4befc0 bed4a6d3 bf1e67a3 3f4eefc7 bd2f511a bec2a6ba bf1dc592 be064caa 3f266597 bf71a7fe 3f363daf bd9457f9 3ed742dc bf7f9825 3f659dec bf3b47a7 3eee5327 bf6affdc be420c9b 3e369c85 3f5f3de2 be5dc4e9 3d115030 3f0e4983 3e8d529e be850eab 3efc62ec becc72d7 3f672fde bf6db3f0 3f0eeb93 3e2c4c7b 3f076786 3e413cbd 3f25b5a4 be04645f be6aecd3 3f0e2f89 3e811e72 bed656b3 3e8a4e90 3f2c4f9a be9b56a9 bf6427ee 3f7051e8 bee396df bf19b78c 3e8f467d be909299 3edbe2f1 bf1b1f93 3f0ad380 bebc3aba 3ee25abe bf07638b 3ea7e6c1 3f5ea7e7 bee5bafb bf3bbbbe 3f4473b9 3ee6eee5 bf6289e4 3f7ebe10 be275ccc 3e2de472 3e9e6699 bf0b438b bf150788 bf6733de 3ef4a707 bf3285a3 3f3cb9c6 be608cf6 bdab68b7 3f16a997 bf6365da 3e943ea4 bf054f7d bf701ff1 3f6f11f8 bf6efe06 bc054348 3c59c019 3ef166c1 3e25c496 3c94e11b 3e907682 bf3a3db5 3f7eb215 bc663f62 3da558b0 3e4a54aa 3f50f5d1 bf6851e7 3f439bbd be84d687 bf10518f 3ec49ed3 bf63c5e8 3ea4f69f 3ace0fe9 bc8e61dc 3ebdca98 3eefdefc bf10b58c 3f5f53ec bf5e15d7 3f248b95 3ea8ee85 3f7bdc17 3e5c1cc7 3ddbd860 bf42fbb6 be555caa 3e9bde8d bf08b78d befc7f02 3ec736c3 3ea5ee99 bf16d3a1 beb726ac 3f4809bd 3b987caa bed29ec6 3e7fccfe bf6be1ef 3f3083ae 3ebf7ec7 be4a3ca2 3d83b88a 3f7321fa bef39ef6 3f349bae 3ed19ab7 be5bfd0b 3f5511ce 3edb22d5 bf794e0a 3f576dc8 3eb12ec3 be7954fc 3eb852c8 bf652be7 
3eff42f4 bf3e23b3 3cebe079 3dfb58d8 3e04f497 3f5669cc bef642eb 3f7a5c0c 3e9d02a5 3eef1eed 3e6a9d04 3e67b4d2 bf33ffba 3ebe52d3 3f16b38f bf35e5ad be5124b5 3eb5a2a6 befca2e6 be8fe292 3ebb5ebb bf1c4995 be001c8e 3ec526c2 3eef9ae8 bf6ce7f0 bd83387a 3eea6ad6 3eb9ded1 3eb5ea9c bf7dd61f 3d785144 3e8c3e9e 3e8ad68b bf12bd8e 3f4a2dbd beaeceac 3eab66b0 3e484cba 3f1a8599 bf6c91ea 3f6615f2 bea1029a 3e6c1cd9 3eabbaa9 3f3ab1bb 3f764e04 bf4267bb 3c7b3f9d 3f06c183 bf44e9be bf0ee589 be3f54b2 3d4e90fd bf248396 bead6ab6 3f36bfb0 bf3147b4 3f100b83 bc14437a 3f488dbe 3f6865e6 bf5993dd 3f5a0bca bf654de9 be5e8ccd 3d3c5066 3f0d6189 3e0f5cb8 3f0a8b88 3f4a05c0 bf6d09ea 3f25d79a bc35c017 3e0c3cc1 3f2151a3 bf6c79f5 bd8518e0 3e7d84fd bf634fd7 3eea96e1 be90daa3 3e47dccd bf2dd3a1 3eb1769d 3cbca09c 3e7afd11 bee472dd be946a92 3f2f53a9 bd3b90f2 3f4d27dd bf08017d bf1b0193 3f7cbc0c bf722201 3f6e9fed 3ef77ee2 3e5504a4 bad1f53d bcd12014 bf192196 3ef7aaee bf17dda2 3f379db0 bf7307fe 3eeb92e5 bf6e95fe 3f0a0b88 bf44c1b1 3f2ef1a0 becfaec1 3f29f1a4 bf01df8d be1cd474 3f4557b7 beb176b3 bf07bd8c 3f5977c8 3df228a0 3f2857a1 bf7323ec 3f6821ee be443cdb beff6aea 3f0d358c be524cc4 3ee4b6e7 bed7aed6 3e650511 3f61a7ea be9dbe9d 3eea56e3 bf5789d5 be4d8ca3 3e7e1506 be5a34ce bf3861b1 3f1bef8d bec0ead3 bda0b889 bf6d35f9 3f50d3c2 3eae7695 bf460fca 3da5a851 bf274fa1 beeb66e2 3f10b38e 3c3841ef bf6cd7f3 3e9e529b 3e61cd14 3c06be0b bec63aa8 be6684c3 3f7a9605 bf24719d 3edfc6b8 3e924e87 3f231f98 bf724c05 3f210393 bf446bd2 3f5f8bcd bf130b89 3ea51696 3ec64aaf bebe3ac1 bf247ba2 3ebf5ab9 3ef3ead0 bee6e2ea bef9fae5 3f3f9dba bf4bb7c6 bde02884 bd140ff0 3f0a0386 bed68ed5 3f4b01d3 3f43bdbb bd5c0fd7 3ef4beff bea786a9 be5844c0 3f4531b8 bf764e03 3f74a008 bf057574 3e877a89 3f6e5bf0 bed10ec3 3e8cd693 3f2d91ac bf09ed7f bf096381 3e7f0528 bf5dedd7 3f1b978d 3cdc20ea bf47c7bf 3e9f9e84 bea23699 bd2a90ef bf6905f2 3f26b5a3 beed12e3 3f131393 3dca48b2 3f55e1d5 bf53ebd0 3f4ddbcc bf19cd91 bdc238c7 3ed92ad5 bf5d27dc 3e85727e 3e1cc478 bece6eb4 3e991293 bf68aff7 bf046b82 bf4aebc3 3f401bb3 be7facc7 3f7d4019 bf29edab 3ef80ae9 3f43a1b1 bf5a93e1 3e20147d bd9518c3 3f04ed82 bed332bd bf0f437d 3f49d9cb be6224e3 3f0c8391 be9312a2 bf7e4213 3f4b25d5 bf159187 bf2d0fab 3f1c999b bf7a4e0a 3ec782ac bf0c2f8e bee10ad1 bf098187 3f4d0fd5 bf360fa6 bf494dcf 3ee626e7 bf17ed8d 3f3325a9 
bf45ffad 3f0cb389 3ee516d5 bf1d978e bed9aac6 3e8a9681 bf4fafc5 3df3c8e1 bf6001e5 beb5ce9e bf597fcf 3e37ccaa 3f187f92 bf236198 be007c6c 3e3684a5 3ed95ab6 3e611d03 be49c4ae 3f491dce bf46adcd 3f61a9e9 3e7d2d2a bf5957cb 3c9a9fb7 3f57f5c8 bf3cd9a6 3e591caa beb85ac7 bebb7696 3f2dc7a9 be21a47d 3ead1ac6 bf4f4dcf 3f2d55b0 bf3683c1 3ebaaac3 beaf62af be897a79 3dcc1948 bc91a0d1 bf2547a1 3f505dc3 bf4425ce be590cad bf215f94 bf49c3b3 3f7d1615 bf06d187 bd7df17a 3f3bd5aa 3ed2eec2 3ef722d4 3e453cb1 3d793140 3f5443bd bf726a05 3f124d91 bd8317ee be93fa96 bf3e53c3 becce6b3 be502cce bd5f711e 3f3223a2 3ece3a9e bf00757d 3e2a249d bf7abe0e 3d06b0b2 bf4663c5 3ea4baa2 3d49103c bf13638c bebc76b5 be3b4ce0 3e7abcf6 3f1c59a6 bf06877f 3f644dea bed50ec5 3e986eac be80269a 3f691de3 be969e8d bea6aea0 3edb0ada beea370e 3f5249cf be187c7d be67acd4 bf0d3f80 3eab0e89 3f3089a7 bf205f9c 3f3d53b4 bf2a839b bf6503e3 3e860681 bf12ab8c 3f32afa3 3ead66bf bf5025c4 3f7803fb bf5e5dd8 3f174988 3f1b0192 bdfe9950 3f39b7b3 bf2f4faf 3f3201ac bf5771d2 3efa2efe be1b5cca 3e6a1cf4 bdcc492a bf0dab83 3f79b208 bf7bc81b 3e069c50 bf529dc9 3f7fa221 bf51b1c7 3dd72842 bcfbe196 bd88b89b bd94d83b bf0f298c 3f3b7dbb bef1f2e5 bf6777df 3f27a5a6 bf163183 3ea616ac 3f5e07db bf6fea06 3f091380 3eb022c2 be5aa4db be72f4f5 3f5587d8 3f239395 bf4363a8 bed5bad9 3d93b89c 3e4dbca1 3f4fadc2 bd2b502f bee6bad2 3d307187 3f753e01 be33a4bc bf6fd1f3 3f0db385 be4c5492 3e897a6c bd317104 bf3131b7 3e96fe7d bf03e17d beff7ee6 3f07ef8a 3e420cc1 3ebb8ab0 bf0ed78f 3e220490 bf11d587 3c3942b6 be1c3491 3f2d27ac bdd98908 bf107b95 3f24e18e be85b68a 3e854e83 bdb8b8c7 3f5273d1 bf33d7a9 bf389baf 3f5493dd bf1f9d9b bf70c602 3e3b24a0 bf5d5bd5 3f41d9b8 bf253595 3e6fa511 be18b47e 3de6294a be3d64e5 3edc16c4 bf7471f8 3dcc98a2 be7534e4 bf1bad99 3f7077f3 be464c9c 3ee9cae6 3f24c19b bf7ecc21 3f79de01 bef77ef9 3f3249a7 bed826ce 3ef536ea 3e6a44dd 3f113390 bf67bbf3 3e0b1478 bf1c3389 bf2d05a1 3f79f613 bf3581a4 3f1eb997 3d6b3137 bf445bb4 3f6cbfed bd9188b8 bf089192 3f022f72 3dd8e8c6 3e88aa85 3f5efbd5 3f2c39a1 bf76ba00 3f05b77a bf5b69da 3f11a585 bf7e7c25 3ec442a7 be8ea695 3f7299fc bf7699f3 3f469bc1 bf1bd591 3f7de625 bf666de3 3eb25ec6 bf5109b3 3f54e1dd 3eeffacf beb44ac7 3e4e74c9 3f748002 bf4ea7cf 3f5da3cd bf1b6f97 3f629fe0 bd7d504d 3f717df6 bf591fde 3f399fb4 3f3d5fb7 3e81c292 beab8e91 3e7174e0 
bf00f373 3f3691ad bf7413ff 3f39b5b4 3f01876f bf101f84 3f6b4bf8 bda928ee 3f20a596 3f2fdfa2 3f2d979c 3e4d74e6 bf4e67cd 3f74b3fc bed99ac3 3e8e1a9c be7f24cf bf792806 3f16d59c bf3411ad 3f0b4b80 bf3de9b7 be7c7d08 3f675bf7 bef2bed0 beab0ac7 3f67b7f3 bf2c77a0 3f4519bf bf01d971 3efe4706 becd3ab5 bee1dadf 3f74be01 bf245794 3f1af199 bedd12d1 3eb5b691 3e7cfd0a bf279f8f 3f6f23f5 3e0a1cd6 bf4387c0 3f4dd3c4 3ea02eaf 3f13e981 3e12dc98 bf3e11ba 3f7c2e13 bf6123f3 bdec48fb bf217995 be9e568f bf138b91 3ea45e7e bf7fd441 3f6891dc be956e9c bf0e918d 3f62d3f0 3d4b10c7 3eec8ad4 3f52f9c6 beee1efd bf568fc9 3e688ced be13fc87 3d83d862 3f5ce5d0 3e9442a0 3c845fc5 3f042383 bededed5 3f2d0d99 3efbbed0 3ec9cac6 be9a668f be8d4a96 bebb42ae 3ea57ea7 bf2a65b1 3f2ceda8 bf76b405 3e82e693 bf09ab77 3f493fc4 bf67c9e9 3f7031f1 bf2f0fb3 bf5defe3 3f3843b7 3da4a89d 3e427c52 bf74b601 3e8bde82 bf020d89 3f7287fb 3bb27b45 3ec44ec5 3e2a54f6 bf110d8c bd6350b8 3f0d5f75 bf7fac29 3f5f03e7 bec832d7 bf2d49a1 bf05bb7b 3d5ab034 3e362ca5 be3a94d1 3ebd2aae beab229c 3d79103f be0a8ca5 be437500 3f2f01a4 bf4ebdc2 3f7f441e bef6fedf 3f5d1fd7 bf5885da 3e9d829b 3f49b5c5 bf18ad93 3f5105c9 bf17d3a6 3f798a10 bf4f0dbd 3f00b98a 3f4cb9db bf51f7cf 3f3a3daf bef5a301 be87a692 3e5c54c7 3e9f1697 bf575be3 3f175585 bd03d10b bf66fde4 be848e93 3e8a6e92 3f4627bf 3ec052c1 be4e14d7 bf735203 3ebae6b2 3efccee4 bec806cf bf4f97cd 3ecff2ba 3f3693a7 3cabe08a becf52bb 3edc22e2 bf14dd91 3f55afd4 3e854285 bde5c8b4 3f17af91 be3d9ca4 bf51c3c6 bd49f183 bd53b0c9 3f5279c9 3dc61850 3e85ea86 3e51bcb5 bee11ec1 be9bee82 3f0e0597 beade2a4 3e0a7471 be4f8cb1 be441ca2 be894e91 3f2795a1 3f58afd6 bf5cf9d5 3f0feba0 3eb93ab2 3f553bd8 bed822d0 3f4351b8 bf034180 3f033d78 bf1f279a 3f5481db bf69fbef 3f2365a6 be912e98 3f0ef57c 3f08fb89 bed256cd bdede85a bd614fef bf2b8da0 bd9288a0 3ee276b7 bf455fc3 3f3a65b4 bf792a12 3eff06fd be1434cb bf139188 bddda8a2 3e97d689 3f5fd1dd be3aacb1 3f4d1fc7 bef0e2e6 be85f66b 3d13d136 bb4d0647 3e9c069a 3d730fe5 bf41ebb5 3f7ea222 beaf56a0 bf16a59d 3e0cacb8 bf4d1bc5 bf1c0392 3f2dedb0 3dfbc8c5 bee372c9 3f3c61b3 3ec1da97 bec9f2cb bdcee8d1 bde0191b bd935863 3e633d05 bf64ffe8 3f6fbff3 bf52d7d0 3f3e1bba 3ea3ea9a bf6095d2 be761c9d 3eae9a89 bef1a2e1 be275480 bf000b7a 3f72c1ee bf6f01ee 3e8fa26e beb97ecc bf5777cf 3f4751bd bf6eb7f4 bec1ceae bf3eb39d 3eebcef5 3dd6b8b9 
3eb452a6 3dbaa8ca bf46dbb3 3f429bb4 bf5807d9 3e6ded24 bdc21898 bf3e93c5 bd1e31df bf5633cb beba4ec2 bf24e799 3f12f98b bf0cab87 3ef53afb bf2a5baf 3f17099e 3ef4eadf 3edbbed9 bed0d6cd 3efb66cf be03dc78 3f287d96 bf7fec33 3f75b00a bf2f25a8 3e966e9c bf0d4780 3f1ae39d bf1937a1 3ea96e8d be8fd689 3f18a98b be97869f bf085384 3f5941d4 bf5b13e2 3f39bfb8 bf2273a0 3f4d41d0 bf7f8823 be852e95 3f3479a4 bec84ad1 bf685bea bd01d15b 3e114ca8 3ec9b2e1 bf4a3fbb 3f7f5429 3e85266e 3dfe38bc 3f12877f 3e74e4df 3e7144fa 3ee396b2 bf152592 3e619d0c 3f0c357e bf4b33bd 3eefa6f2 bf62d3db bf25c99b 3ef582d2 3f6843e7 bf2393b0 3f0f8389 bcd5a185 bf6b9df8 be634cf0 3bf47f9d be86367b becc7eac 3e625c9e bf640ded bf3c9bba 3ef03ee2 3d99384a 3f4667ce bf2ea5a0 3f20f395 bebd62ca 3f71f1ee beba1eb8 3d80d8a8 3e58f4a6 3da5d8c4 bf2863a2 3f1a179e 3f5469c2 3e0d74ab bf6565e0 3ec71ab9 3ec866af 3efc3afa bdd658b1 bf4bc3c0 3eee96e4 be45dcc1 bf09e37b 3f4109c3 bf1ce595 3eaaaa82 3f1ca588 bf248d9a 3d28106e 3f604fd1 3f041d6e 3e6ddcc3 bf63f7d4 3f4cefc4 bf56b5d2 3f7b7c10 bf4b7fd3 3f7cb815 bf1d699a 3e8c1670 bc89a0ca bf5541cf 3f403fcb bf42afc8 3f5b23dd beba32c2 bf701dfb 3f1ed198 bf7bbe0e 3f2d2faf bf4229ae 3f04897d bf7ee622 3f31e3a8 bf5367da 3f70a9f1 bf55d3c7 3f612df1 bed562c5 beb282aa 3f41a5bb bf58f3d7 3f6fc7f5 be140cb6 3f50c1c9 bf16ed94 beefc2e9 bf7105f6 3e43eccc 3f540dd1 becb76c1 bf13a98c 3f5c05d1 3eb43ac2 bee57eee bee07ee7 bef74af2 3f5cabe0 bf682fe1 3f6269e3 bf7fbc35 3c4a3fe3 bf141386 3ef202f2 bf017d77 3f771002 3f11437a bef9a2e6 bebd2ab3 bf442dc3 3e53fc85 bf5519ce 3f78ac12 be476cc0 3e9b426c bf582bdf 3f6ac3ed bf066989 3f45e5bf bf29f39a be141ca8 bf62c1e9 3e97e6a1 3e578ced bf5a5fcf bc97612f bf3343bd 3edaf2d5 bf3fb9b5 3f7afa05 bed5a2d4 bec66ebb 3f4bf5c2 bf55c1d6 3f359fb9 bf372da9 bed8f2c5 3f2f35af beab4690 3ee076ec 3f093389 bf0be582 3f3bf3b1 bf2b7b97 3ebb5ac5 3ec48e97 bf222b9f 3f6ba7fa bf2f49a6 3f733c02 bf43cbbd bf4fddc3 3f026f78 bf7c6c12 3e900279 3f509bc6 bf5e7fd7 3f44ffcb bf4c03c4 bdaba8a8 3f20a392 bf356bb7 be1fec7a 3f5849d1 bdedf93f 3e976e75 3f66abd9 bf6e11ed 3edad2c3 be0f645b be1f5c85 bf7315f6 3f5b6be1 3efec2f7 bf5af1e8 3f498bc1 beb34ab1 3f6401dd bf4a7bc1 3efae2f2 bef30afb be8b4aa2 3f42e1b9 3e2b2caf be9ce2a5 3edc5ed9 3daf780f 3ec812d7 bf0ce37e 3e45d4df 3e83aa94 3cd4e124 3f00f37d bd8bc87a 3f22bba1 3e7914e4 3f5efde0 bed7fec6 3db818e1 
bf3a6fc5 3dd008d8 3f7eac22 bf4fedc9 3e9396a7 3d89a839 bcabdf6b 3f2e39a7 3ebcce99 be130cad 3f4febc6 3ef72eef 3da418b4 bdda785b beac7695 3f3e5db0 bf1c5f8d bedf3ac1 be7874ea bf0e237d 3f3f47a9 bf790c04 3f2423ad bf1cb5a7 3f1a53a3 bf22df98 3f3e11b7 bf38b3b5 3f403dc5 bf4be1c5 3f72d5f5 bf7c5a0f 3f3e63a6 bf3f17cb 3f61b5e6 bf6aa3ec 3f53fbd6 bf6465ea 3ef01ae8 bef19303 3f179b8d 3f3d9dbb bf7e2a1d 3f07f97e 3f2479a1 3e558cb8 bf260398 3e5b7cbd 3b22f894 bf34dda6 bd785113 bf1f858e 3f16b98a bf7cce18 bdb628cb becc8ae3 3f31a5b9 bf387bab 3f040587 bf6947eb 3f427bb5 bd3f4ffe 3f7ce20a bf3d8fb7 bf0b598b 3f1aed99 bf3001b1 3d912852 3f09997b 3f15cb83 bf05b985 3f5427c2 3deb58d8 be0f7c8b 3f4b5bd3 3f4133b2 3dd4b8c9 bf4191cf be597cab 3e4ed4d6 bda4c909 bec142a9 bebdb2ad 3e651cb3 3e82168e bf387fa9 3e8ec292 3f3131ac bf4f93c2 bf000568 bf02a77d 3f40f3b6 bdce38b4 befdfefc bf0f1384 3ed47abd 3eb6aeac bed4ded5 bef29ab8 3f7425fa beb092be 3f023981 bf5729d0 be5eecaf 3eb986bb 3ddfb8df bf1b3f9a bf4931c9 bdccb87b 3f71adfd bf4e7fdb 3f2869ae bf2c9db2 3ea1ba7d bf1b9b8e 3f059b7e bf5211d7 3f5c5fdf 3e7ce4fc beb432b5 3dc078b9 bf2cd1a2 3f4d25d5 3e248486 3ef91efb be923ab2 3f2f29a2 bf3a41ac 3f5c1fd0 3eb33ead bf2a77a9 3ed54eca be8b0a7f 3c714256 bd9d689d be144c8a 3e7fd4f2 3e5fcce2 bec966c6 be2a14bb be9d42a0 be0214ab 3db3a8dd 3f4845c1 3f209590 3ed95edf bf7fa22a 3f5625de be14744c bf18d59b bd1b317d 3de4f8eb 3f467bc7 be00e484 3c72be7f bdda997e 3e75e4b7 bd04d149 3f512dd9 be4f54a0 3e8b2a9a bed3f6b8 bea3529c bf3e8fb5 3eb1bebc 3ea2c27f 3f79e401 bd9e98e4 3f2d0ba1 bf2ea3a8 beaf1ec1 3ed3c2c6 3de138c4 bd8a5839 bf11dd8f 3efb56e6 3e1974b1 3e64dcfb 3f4eebc3 bdbfb88f 3dccf8db be4db4a9 3f6ebbf5 bb52fb21 3e860e71 be87429b beb19aa5 be07d467 3f566dd9 bf6145d8 3f6277e5 bf2f8ba8 3f3a55b3 bee446f1 3ddb78e3 3e003ca4 bf72f1f5 3f134986 bee9d2c8 bd3d504f 3f38c1bb bf6bd1ef 3f2b539a bece5ec5 beb22a96 3f1d659b bf1f2fa7 3f497dbc 3e1c0486 bd9398ba 3f5645d7 beefd6c7 bddde8f3 3e85567d bec8e6d4 3eb7aabb 3f4175c9 bf6e37fd 3f6075c7 3d21f10f bf0e8584 3ea1e680 bf775409 3f2f71a7 bf7483f8 3f4aebc2 bec30abc 3ec1d6a7 3f1e6398 bf2b1fad bf3c17b5 3f647feb bd96589b bf6e67f9 3ed43ae3 bf047d80 3f105b82 3e7df4f2 befd6adf 3ecbbee4 bf69cde7 3f4669bd bf53f9ca 3f043385 bf34d1a8 3eb65ac1 3e1954a1 be62d495 be99aa8b 3ec3aeb9 bf6d89ea be8c0264 bde568c6 bf26dda6 be22547f 3e90d2b1 
3efb0ae3 be17547c bf6fc7f0 3f770e02 befe8ed7 3f3171b9 bf25119a bf01c37b be4e248f 3f1fefa5 bf59b1d5 beec26e5 bec48a97 3e77c50b 3f106594 bf790e02 3f7d321c be7604bb 3f452fbb 3f226b9d bf5881dd 3f5d91db bf2af79d 3f31edbb bee856e1 3bfc83b5 3f3553ba bf243b9c 3ee432e3 bec9cad4 3eb07abd bdd7b918 3e324466 befbdef8 3f575ddf bf251da2 3edd6eb7 3dbb5866 3eb57e93 be999a9d bdee1861 bf3ff9af 3f225ba1 bd5b713b bf6975f6 3eb80a97 bca260fe bba28ab1 3f57d9cc bece9ee2 3f6f1fe8 bdb01836 befa12f2 3f0fab78 3f3c2bb7 bed496e6 3efd72f3 bf52dbc4 3f6575e3 3e51e4c5 bdc3d8ce bec1a2a1 be1bb468 3e7cc4dc 3e935e8c be0bd495 3e204473 3eaa9a95 bf0a0194 be9ddaa7 3e97b291 bf7a7fff 3e806a81 be6f14ab bf16ef81 befe5b18 bf217f99 3f6a6fee 3eb0de95 bf200d95 3f3b73af bcfc21e7 3f120d8c bf6d6bfe 3f2663a5 bde9f905 3e1bfc97 bf3e6bc2 3f1f919b 3f20cda2 be0c04a9 3ef86aec bf61e1dc 3f6a0fee 3ebb2ed5 bf2f31b2 3eb29293 3ddb1899 3f7327ed bf6881d9 bf377da3 3f180585 3e862280 3f2585a5 bf35ddc0 3e4904dd 3df848d3 3f7069ed be46fcb8 bf04fd78 3f0aa389 be8f1680 bddec8e2 3f60f3e4 bf2e7b9f 3f1a0f87 3e5d9caf bf3823ba be1914a4 3e18044e 3ec786af 3ea2127d bf2fa9ab be07ec67 bf04216e 3f10bb8e bf7b9816 3f67cfe5 bf644fda beef86d2 3f251d9f 3ec52aad bf5063cd 3f7e8808 bf34dfa1 3f7fca2a bf4a29bf 3cc21f49 3e5a5cba 3f4105b8 bf1f999e 3f62b3df bf6afdf3 be7084f3 bf00db7a bf3c71bb 3f3603af bf4ef9d2 3f1eab93 3ee082c3 bf06bd7f 3f0b0b8b bf771204 3e0ac44c 3da538bb 3d07300a bc7ac1b5 bf0fe385 bd40507b be133ca0 be6b0cc4 3ed452c8 3f4a81b9 bedfeee1 3f65dfe5 bf6d7003 bf2f29a8 be73ece3 bf027789 3f28279f 3e9ed687 bef252ea be04549e 3e9fe295 3d117108 bd61710a bf5fb5d4 3ede96dd bf2af5b3 bf53f5ca 3f3f37bd be8bbe8b bebc36cc bf025178 3df4c915 3f0d7d85 3ece62be beb626b6 3e1724ba bf294b9c 3f250b9f bf5b43dd 3ee446cc 3f2909a8 bf54b3c1 3f7ab607 becdaaa8 3f1fff9e bf031f79 3f010381 bf7f181d 3f58d9cf bf4a19cb 3f4209be bd185124 be0c7c92 bf06997d 3de9c8a6 bd2af0f9 be97ca89 bdf04909 bf036181 3f1dfba4 bf3253a9 3f6a53f4 bf43c9c7 becdcad1 3e0a4c7a be06fc91 be7f3cf2 bde9592f 3eb96eb9 3e8fb293 bed376e0 3f5de1d1 be93a69e beea32c4 3ecb66be bf6295db 3f781405 3e7974fe bef0f6d6 bde1f910 3e9f3e93 3f76e601 bf4a8dbd 3e38bc9a bf1c4f9d 3f1f0f97 bde96892 be817a70 3f661be3 bf3a33b1 3e882a80 3ed93f00 bed63ebc 3f012f79 bf2b459e 3f24d19d bf11bb8b 3f77a614 3f05458d bead1e8a 3f3c6db1 3e6c3cdf bdd9a943 
bed21eda 3f783c05 bec5eeb9 3cec22bd be45bc96 bf026d7d 3f055984 3f4801bc becdded0 bf097d71 3e80fa75 3f7499fb bde0385a 3eb8fedb bf7d8819 3f3a1fb3 bf09498c be02647e bf03d18b bf1f539f 3e13d48f 3e024476 bd73f100 be30c4b6 3e5bd4e5 be122c9e bf297da7 be132457 3f6f5800 bf7c9403 3f241f9c bf404dbb 3f4081c2 bf01cf81 3eb1b291 bf6101e1 3f5927dd bf763809 bc98e248 3e834669 3ed04abf be282cc7 3ea22a94 bf0ae584 3f6d15e8 bf1cdf98 3f5a4fe1 bf5b03d5 bf109182 3ecc72ae bf798816 3ef5fad4 3e7e1ce9 becc2ebe bc9a5fb0 bf4d4bc3 3ef1a2ea 3ee902cf bf6b6bf6 be05ec7f beab0e8d 3f41a1d7 bf6d39e5 3f3869bf bf161b8f 3d11cfed 3e3854c4 bef3feea 3eeb16ed bdef98a6 3e836a54 3f441bc1 bf01b970 3f5d25db 3aa9fd59 3edadac2 3f5f75e2 bf7ae805 3ddf58b9 be07443e 3b71019e bf6013de 3f031179 3f103789 bf5dbbd6 3ee32ee0 3db4b880 bcbe9ef7 3dd588a9 bf156f98 3e80ea71 bf5525cd 3f7eb61e bf6667eb 3d5010c9 3e4994bf bd2eaff2 bf3ba3a7 bf033390 3f37e9ac 3f775202 bf5bb3dd bd914891 bf60fde7 3f6961df be017472 bec7e6d1 bde82901 be3524d3 3ef5dee9 bf6a3ff1 3f5ddfd4 bef8eafe bde468c3 bdf0c8b3 be40e4ac bcc45f04 3e6e9cca 3ed632bd be970e63 beb606b8 bda488a0 3e7f74dd 3f1f3793 be9c8aa7 be225cb8 3f58f7e2 bf4723c5 3f3c53ad 3ed79ab9 befb730f bf4455c3 3f778c02 bf42c3bf 3e2d44a0 bf4a01cc 3f0f5981 bde9090f be126c8b bf3b8bbb 3f185197 bf341db2 3f6a23f4 3ea9eea1 3c9e5fa0 3f327fad 3e7544f2 bd46d103 bee6aee3 beac1abc 3f364faf bf509fcd 3f38b7b1 3e6d44c8 be8fa697 beed32f1 3f2aa7a8 3e61a4bb 3d16d055 bd838870 3ee926dc befc2ee2 bf2d0bb8 3efc0700 bf5409cc 3f159f93 3f4fd7d3 3e257c8e 3f1d459d bf4d97c2 bdbec897 3f1b119d bf1f119c 3f7059fd bf7a4807 3f38b9b4 3f35a5ac bf39efbd 3f73d9f5 3ebd76ad 3e15e468 bf1a8192 3f5045bd 3e995a82 be992264 bf4111b6 be83da74 3de6892f 3e6f9532 3e5854c2 bc8d5fdf 3f2425ae bf6221e5 3d41f100 bf3a29b0 3f110784 bf4b4dc8 3f07e585 bf2b25a9 3f41a7ce be263cbf 3f458fbc bf44ddbe 3ee60af3 bf577bd1 3f22979e 3f5f63d5 bf67a7ee 3f3f7db9 bf36ffb2 3f4aadc4 3f067b87 bf130f91 3f2d25ab bf6861dc 3f2ae1ad 3efd2ae6 3d6950d1 bde328f8 3e91ee80 3f009b82 bf00777a bd6eb102 3e903283 bf7cfe0f 3f1d9d94 be3b44c0 3eaa6e93 bcd49ee3 bf0a556f 3e7b94e7 bee4d6d9 3f7c0217 bf1c7f8a bf60ade7 3eb5bea6 3f434dc7 becaf6bd 3d4d9059 3da348da bc4041dd bf1da5a6 3f118390 bd24b0c1 beff9eea 3eeadee9 bf6325ed 3f3f35bf 3ea62297 bf384fb1 3d5370d7 bf7c6a14 3f25d59d bf7ec415 3e3364ad be7994c3 
be57550a bf71c9f9 3f2a15ab 3d57d11f 3e11fc66 3eafc690 be8a468d bf5079dc 3f4c6fc5 3ea786af 3e99ae8e bf49dfc6 beaf06a8 3e6c5ce2 3e6fbcfe 3ec6c2cf becdc2b1 3f73b007 bdd7583c 3f23b99e 3f0bc37b bf69c5ee 3f2855a7 bee9c2e7 3e666d39 3e086c82 3f67ebd3 3da7e869 bf5927cb 3eec3ef7 3ef4bb00 bf2949a4 3f19f995 bed04ebb bd96188f 3f6efff9 bf04ff84 3ec0fe8b 3ecf52c5 bede7ed9 bf08d97c 3f487bd1 bef96ad2 3aa61bb0 3ec546b3 bf3219ae be1c4cb6 3f3b29b2 3e041c6d 3eb68aaa 3e4a94ee bedf5ee6 3ee026d4 bf3c51a9 3f0d5380 3ea63aa3 3e3cf4b7 bf6ef001 3f59efd7 3f252fa7 befb6eee 3f4f8bdc bebd36bd 3ef20af6 bf0bad7c 3f6a1fe9 bf7c95ff 3f5869d1 bf303fb8 3f2fd5b4 bf6833f2 be1e3c7a 3e30acbd bf7f0622 3e870a7f be729ce0 bf3511b3 3e8fc289 3e6a8cdd 3e251c6f bda4a8c5 3f7f7423 bf692be9 becfd2cf 3f6d0e01 bf0f0985 be9ade8f 3efa96f4 bee2d6e6 3d5211a6 3e8b5a93 3e1b4c5b b83c810b be2e6ca4 3f21efa0 bf2ef9b1 3ec946b6 3f5b41e5 3d6d90c1 bf113b91 bf41efc0 3f473bc1 bca4e16d 3f6015d6 bf428fbb bea806ae 3f7bc013 bf5e83cf 3f06198d be6e5cfa 3f5c77e5 bf3279b7 3ea01e94 be989297 3f5535cf be89fe7a be82da72 3e571cce bde6283c bed9f2c9 3f67cbf2 bf0dfd76 3e918e8b bf559bcf 3f7ab808 be3c84d8 bf540dc8 3f6a1bef bf6ff5f2 3d1430b7 3ec9c6d2 3ef34ec8 beb53eb1 bc5cc288 3f2d8594 3eb8daa5 be7a0516 3f29439b bef912f3 3f6037e7 beb72ead 3e1fbca7 bee4cedd bf3ce3c0 3f0e857f bf2641a8 bf5179d4 3f0f7b7d 3edb3abc bd981911 bec65ed7 3f633de7 bf34adb2 be6f3cf7 3eec12d1 3ecda6ce bebd76a3 bf6fddee 3f7c6a15 bf2a6da4 3e4c2479 be3a14b2 3f1b2598 3d9208e3 3c254067 3daa580a bf59c7e3 bdbf2921 bf2bb59f 3f7de81f bf400bb0 3f285db2 bebeaec0 bf286f96 3f008579 be291507 bf7b8c0e 3f2ebfa7 bf2f75a3 bdff2938 bf5e93e5 3f7de219 bf5315cd be7a44db 3f3c83bb 3e33d477 3f7465fd bf267d98 3d1d913a bd19104a bf2a0fa1 3e292c6c 3e8e928d 3e97529b 3f79c209 beca0acf 3eb1aea4 bedaf2df 3f4553c2 bf067b78 bf2bafa6 bda168a7 bd5410e2 3f22319f be8d0267 3d51106c bf7de41a 3f21c9a1 bea1b291 3f339fae bf713bf8 bedc06c7 3e71bcfe bebda2c9 3f4e55c8 bf6cb1f6 be041c66 be08d46f bda1f8a7 bcd7a03f bf4821ba 3f0cf993 bee49af1 3f5d79d4 bf022f79 3f436fbe bf2aa19d 3efb2ef7 bf0f8d92 3f6ca1fb bf38d9b9 3f152192 bf32eba4 3e287cad 3f4363b6 3cd160ae bf7acc15 3e7a1cc5 3e865a93 bf2a21a1 3f437dbf 3dd3a8c6 bf31b1a9 3f22ff9d bee9aaf2 3ee2b2c1 3f102f86 bf16298a bf4297c3 3f70efe9 3e7ba4da bc65c18c 3e5fe501 3f4abdcc bf2fb9a9 3f5295d5 
3f39fbac 3f0a8789 be8dfa8a bf32f7a1 3e85aaa7 be299488 3cf0611e 3f09f38e bf682bdf bd955883 bf64f9e3 3f2539a4 3ede72bd be28dccc bf2313a1 3e85d67e bf32a1a5 bdf11921 be296c9d bf396bb0 bd375112 bddd091b 3ee67b0b beb8d698 3eedbad1 bf6b3bf3 bf262ba8 bc7ec331 3f27fda7 bf066382 3e40b4ea bef856f6 3f0c9b73 bf006d7f 3f19d3a1 bf3b0bb1 befcaaf6 3f3c4fb5 bf4041bc 3ee30ad0 3ed2d6cf bf6b49ea 3f022b83 be897666 3d5c8fe0 3e82ea74 3e642cd9 be6bbce2 bf2b199e 3ec4cab4 bf50cbc6 3f73f1f9 bf6b69f8 3f67fdf9 3e2bbcd8 bf6197cb 3e156ca8 3eb5469a bcc0e286 bf5cffce 3e205cb4 bf278f9a be39ccc6 3ee00acd bf6991f3 3f6423db bf3d43c1 3f40a7b9 be829e78 beb68e95 3f71bdf3 bed2a2d9 3effd2f1 3f2d59a8 be086436 be561cb5 3f2b9fab 3e4db4f5 be887e73 bee8c703 3ebcfaa3 bf7545fe 3f6743dd 3ea2ee8b bf5eb1d8 3f6459eb bf02b581 3f2cbdaf bf18258d 3f7b6ff9 bf17bd88 3c783fed be257cc2 3eae36a7 bf4d0fbb 3f79fe1b bf33fbad bf23899e 3e61bcd1 3ee36ad5 3f091f89 bf4fc5d6 3e140ca2 bf0fa189 3e8d4a8b 3f276f97 bf5ddfe1 3f60d9dc beb5beab bcf96050 bf4087bd 3db8c8b5 3f1bafa8 be5f4ca2 bf00e979 3d41b12e 3f56f7cf bf6b57f3 3eaaf6b7 3e990e76 be7f4cf9 bde6e884 3eff5b02 be799cba bf4b47c1 3eac368a 3ef52af6 bf21999c 3f68f7f7 bf1b7d8f bd9b98bf bf1d059f 3f3c1fbb bf2a5d9d bc0f3f51 bf681be2 3e4e6cf1 bf7b320c 3eda5adb bdf018f1 bf259da4 3f59f1db be43b4c9 3f5b7dda bf0da785 3e9b3e9f 3f7835ff bf162f94 bf0aaf88 3f1fe98f bf039190 be5e64cb 3e9ace8a 3e0aacb8 bef3c6df be6fdce7 3d3a9175 3f743c06 bf09a181 bed47ee0 3f5f41d4 bea19a93 bcbc6043 bf07f97a 3e72ccf3 3df3284e bdc24883 3f7dc619 bf09a57d 3edbdae2 bd0490c4 bf36cdb1 3f3b19ad 3f34d5b5 be58fcd1 be39b4b6 3f23bba3 3ee02ec9 bf4605c1 3f664fe9 3f1ef394 bf17f186 3f3c85c5 bf263797 3e9692a2 bf5fffe8 bef4ceca 3ed8baee be111cc1 bc18c233 3f7aee01 bf4719bd 3edd16d6 bf63b5e5 bf04a579 bf2b91a3 3f3383b7 3daf28c5 bf67b7e5 3f09517c 3f6333dd 3e2d54d4 bd0b9012 bf53bbbd 3f5781e1 bf131d8b 3f67b5f1 be3f6489 be672cb4 be70c4d5 3f4843bf bd97f8ef 3f5a9bdf bf58edc3 3e4e84f3 3f3725aa be22aca3 3da858a9 3ea00aae bd9b285e 3f0a1781 3d91d8b6 bdcb3897 bf2cf1b5 3f11f199 bf08598a bec2b6b9 3f07ff89 bebf42b9 3dd6f933 bdd28907 3ed75eba beffab01 3f16838d bed40ac6 be817275 3ede2ace 3f23759b bf2379a6 3f197390 bf5115d6 3e15f482 3f1c239d bf2bedab 3f2c279d bf5423d3 be7124e1 3eb30aa6 3f6297d6 bf601fe2 bece22c8 3f1e47a5 bf4273b1 bf1ae595 3f66bbec bf7dc41d 
bf291f9b bf53f7d0 3f62c9d6 bdebd8bc 3f2cadb3 bf7051eb 3f3f9bb1 beedb2e4 3f4af9ca 3ebc829f 3f227d96 3e408c98 bf740ffd 3f370bb2 3da1d8b7 3e6dfcee 3f2f93b1 bc8761d7 3ec2a2ae 3e52b4f1 3f31f19c bf401db7 3f55dfe6 bf6cf7ed 3edb82d1 3f15999b 3f70c000 bf09978c 3e593cbb be598d00 bd93f870 3f2a19ac bea5feb8 be848a8d 3e9c2e7b bb2508fa 3f2929a4 be1abc62 bf3b4fb5 3f5113cb bef8ff04 3e9d4689 3f04e578 be9d6291 be195ca3 3e81867a bf018f80 3d91b8a3 3f28c3aa bf3173b1 3f780e07 bf3533a4 3f374db5 bf3621ab bf30ff9e 3f77280e be465cdb 3e101456 bf4bebc1 3f7367ff 3d94491c 3f5ca5e7 beb2329a 3ef1fae0 3e0bbc7b bec76ec0 3ef982dd bf785e0b 3f093788 be643cd6 bea93693 3ef906ec bf798411 be6534ba be6254d6 3f4641bc bf6525da bddcf892 be6984c0 3f6b31f9 bf081387 3ec4ee96 be2e4cc7 bed56abc 3ea68aab be0b849a bdb8c8dc beaba297 3cb6a1ce be6b3ce2 bf1c0d8e 3f7b6c17 bf3a73bd 3eee0ac0 3e88367a bf50c9c6 3f5b81df bdb958d3 3e8b0a65 bf7ebc2a 3d000f92 3f6fd7f7 bf3b11a6 3f7c921f bf522fc7 3ee29edd bf6e1ff4 3f4241bb bf43f7bb 3f113b91 3f2f51a4 3ccc615c bf18ff95 be7184e7 3f735a01 bf69bfe0 3e07c48f 3e0d5c66 3eb6728c bf6211f2 3f088182 bec8bec5 be430cab 3f51d3d8 3e487c8c 3ec096c8 bf68fbda 3f4e63cc bf6757e1 3f470fc5 3f211d9e bef426cf 3ea7a2a7 be62b4c0 3f4129c3 3e3a5495 3f6383de 3eb95eac 3e7d4525 bef566fc 3f3807ae bf1ddb92 be836e7d bdffd8ba bd4530a0 3e49c492 bf74fff0 3f64c9e5 beeb5ad9 3f0d4f92 be47dca9 3f245dae bf461fc4 3f6c85f7 bec1f2a8 3eec92c7 3e17bc8c bf64b5d9 3ec312b1 3ef742e2 bf163d90 befc62c9 3f23d5a0 3e16e470 bec81eb3 3efe82d9 becbaeb9 be8ad675 3eaaeeba bf6255df 3f08977a 3ef116f6 bf3b35bb bf62e9db bd7e9109 3f300b9d bf60a5de bef1c6f7 3f70e3f4 bf6877e9 be20fc7d bf2be7a0 3eff12db 3ec1eacc befaf2d6 3f5ecfe0 3e58dcf9 be5b14c5 3eb9cad0 bdc258b4 bf6badf8 3f6c15eb bf117b93 3f3a61af 3f45c5b2 3f3a39b2 bf3087ad be6cb502 3f6467e4 be9cae9b bf7019f7 bf1bef96 3f5943d9 be69ecbf bd4e10c9 3e960a97 bf5e95d5 3f3a23b3 bf303bbc 3f162f9d bf1db197 3defd92e bf6f39f3 3f6dc1f1 bef1cae1 bf70ebf7 3f780a03 bf697fec 3f3b1fb5 bf6e27e7 3ec95ec4 bf57bfcc 3f4d31d7 3e9a4e7a bf4a91c3 3f713802 3f178b8e bf5b77e2 3f3245b6 bf14e788 3e891278 bf12cb8a 3f7bfa17 bf62e7db bd70f157 3e6274bb 3e3474c1 bf552bca be4e74b3 3f588dcc be98ea85 3ebcaeac bf7f281c 3f66e1e5 bf3d45c1 3f633fe1 3e2b54ab bf19279a be4ea4c6 3e99829a 3ea9d29a beb84abf 3eab3697 3f55a7d7 bf6dcbef 3f3acbb5 
3f744204 bcca212e 3e4514be bf5eb7d2 3f0d7581 bed0cae5 3ef3a2f0 bf3825ad bda5383f bf5589cc bf4315be 3ea49a95 bede3ae0 3f0cd385 bf4b0bc5 be157c80 bef0e6e4 bf011572 3ed03ad1 bf7b140f 3dabf8ef 3eb6bebf bf7a9604 3f6b83f5 beb29a85 bf197784 bf7215ef 3f45d1c9 bf3fcbb9 3f4967cf bdfd78f1 bf22af9d bc5b3dc8 3f732e07 bf64dfde 3e194c7a be86c67c bdf25947 3f5c7bd5 bf1bfd8c be44ac94 3e53bca5 bf6319eb 3f1a6595 bea07687 3e900a97 bdb1e8e5 3eaf2a8b beab4ea0 3ece12dd bebc269b bec492b0 3e1c1c9c 3e915287 3f55d5cf bf0b2d81 be898a8f 3e445ce8 3f241599 be94a6a1 bf1e7196 bf037b90 3e4b9496 bf6e0e01 3f31f796 bf27a5a3 3f23d9a6 3e75d4c3 be67dcde 3f58f1d3 bf5a7fcd 3eee5eea 3e5b1c95 3f46bdc4 bea6c2ab beb322a6 3e9206b3 3f3435b1 be5b2508 be76dcd5 be03147f 3f1aa594 bf6853ff 3f700603 beeceee5 bd00efd0 3f0f7f80 be5b5503 3f1e05ab be570d05 3f47a7c4 bf2e9da2 3f118d7f bf54a5d3 3f22cd96 bf099d91 3f3c99a6 bf7df010 3f5383cb 3ee822c7 be90d28f bee58ee4 3dea78de bda0a892 bdf9991c 3e2df495 3f5a4dde bf57d3cc 3f4db7d8 bf3013a4 bee442d0 be36d493 3edcced2 3ef56ef3 befde6f8 3f073f7f 3b250408 beaaaea2 3dd1c895 3f09d588 bee812ed 3f687be9 befb42c4 bf4affb3 3e1c7c71 bf6f0fe9 3f79c80b bed75ef9 3ed4a6c8 bf7a7008 be90ba87 bd91f873 3ed986b5 bf064982 3d8108c0 bf71a1f0 bf061b77 bf4799bd bc463ddc bcfe22ca 3e752cfb bdc858c2 3ee456eb 3e91c6a1 bf217d9d 3f6353dd bf51bdcb 3f2b239b bf101b91 3e5a04e4 bf78260c 3f7081f6 bf21bd96 bf23299a 3f2fbfaf bf5f7dde 3f204fa7 bf06f37e 3f5847e2 bf6689e3 3ee892dd 3f6017e4 bf7b820c 3e95428a 3e979e9c bf653de9 3f36e5b7 be91ba9d bbf7862c 3f57b1d6 bf238b9b be679cc3 3f313bb4 3f6123e9 3e8d1e99 bf3ed9c4 3f54a5d3 3e167c65 be35f47e 3d6baffa 3ebbd2ba 3f7c201e bf3db5b7 bf2a339f 3f7dde26 bf6a85e3 3e85fa71 be8afa99 beb312a8 3d93c885 3f35c1af bf5fdfdf 3f2a51a7 bf45e9c7 bf1b1d8c bf3cefb4 3ed892c5 3eaecaad bf2063a5 391082c4 3f6d7bfa 3f1b2197 bf75e209 3f6295dd bf6e4bfa 3f22f990 bc42c0a4 bed8eed1 3f6d03ed be2cf4b8 bf057f8f 3f798415 beef5edd 3ee412d0 b9f815bd 3f54b9c5 bf381ba0 3f3505b3 bf7ffc3e 3f6f05eb bdc408cb 3ecc1aa4 bf7c2615 3ebbeaa5 3e9ce69d bf56f7cc bf4243b7 3f5fc9e6 beff6ee8 3eb756ce 3ee3cadd bef5dadc be9a3a8a 3effd6f6 3f07ed87 3ddd5906 bf4ec7c7 3f6279d5 3ed9c2b5 bf542fd3 be3a0498 3eb2c6ab 3f4049b6 bf6e89e9 3f2515aa bf2663a3 bea056a3 3f770809 bf13178d 3ec582b6 bf0ef991 3effa30c bebc16ab be9cb68f 3e028c69 be4b1cc3 
bf14ed7a 3be4826e be3bb4b0 3e8d9e9a 3dadc846 be065ca0 3eb7f2c2 be59b4d4 3f4e85c4 3f21eda5 3f6c91ef bf029b81 3f6f19f6 bf347fbe 3f18d78a 3ed6aac5 3ebf9ebd 3e875e7a bd19d035 3f0aad7b 3de918e8 bee1feca 3f5dffd6 bda4e8ac becafaa8 3f40c1be 3f51dfd8 bf3453b0 3f3e3dbf bf6957f1 3e919e85 3f037d85 3c22c37a bf4f0fc4 3eeacae5 3f2d19a7 bf474bc1 3e8ce681 be1cbc97 be648cca 3f13b986 3e952677 bdbac937 bd129100 3f24afa2 bf6b53e5 3edef2d9 bdf6d8b3 bef3aef3 3b96804a 3e47f4ba 3f07ab6f 3cb51fba bf5255d4 bcf4e09f bec3caab 3f7145ef bf528fd7 beafeab7 3e1c4c69 3caa211f 3f68c1dd bda9d8f0 3f3f01b1 bed5aad3 3e83a292 bf0d3d79 3dace8c5 bf031b77 be880a84 3f0a1186 bec11ec2 bdaae8a6 bf0bb988 bd91c81c 3f78d60f bf74bfff bd727151 be1e6c5c 3e7094ca bee04ed7 3eb076be 3cc1200e be4154ca 3ecd46be be9ec28a bec7d6d8 3e93be7e bf4e3fc3 3e874e7f bec3929e bded392a 3e413488 3eae7abc bef1f6eb 3f199fa4 bf56cfd8 3f409fb4 bf72dff4 bee8bb03 3f5ddbd9 bee28ad8 3f2fdbb6 befa66e0 3f2ac1a1 bf7d2419 3ec2b6b9 bf21f5b0 3f2c89a3 beb5a6b9 3f6737f0 be6e7cd5 b9d84e1a beed82e0 bf276d97 3f5bf7de bf783203 3f5bc3d6 bf2a69ab be10d46c 3e5104c7 bf47f9c3 3f013f77 3f518dd4 be8fde93 3f734df8 be9c12a1 bf42b1c0 3f6107dd 3ed61ab0 3ea0928a 3f09058d bf7ab00f 3f547bdf be89c65f 3f6981f9 3f727805 3db678d8 3f6e35ef bf3175a4 3eacc2ae bf4f3dd7 3efaaad4 bf357fb5 3f012181 be0e747c bd975812 3f15d794 bf3601b1 3f74d1fc 3e833a6a bf5f99dc 3f5913cf 3f5883c4 bf757608 3f53e5d5 bf21d9a1 3f4227b3 bf3d8dbf 3e5a0cf8 3cf5e1b1 bf38dba2 3f32f7b3 bedc6ed1 bd3c6ff1 3f6833f0 bf2b0999 3f02e781 be879e92 bf13cb92 3f32cbb1 bebb6ab2 bea32291 bf3a21b4 bf4511bb 3f796610 bf7a6005 3eee5ac6 bf64e1e6 3f5bade3 bf28219c bf562dc8 3f2a939d 3f19198f bf53e5cd 3e896294 becc8eb9 3f731801 bee876e5 3f596ddb bf71cbf4 3f3cb3b8 be899295 3e4bd4c1 3f7b9616 bc8d22ff 3edfeecd bf4231b7 3f265fa2 be091c8c bf29a7a1 3c1cc36b becc22be 3f049990 be87f67a 3e4d2cd1 bdd5d8d9 3e1e0499 bf5e57da bbd0808b 3f1e4b8d bf025578 3e953e8c bf14ef8a bec27aad 3e50b4b5 bf328fa7 3f02738c 3f0f9f79 bea556a0 bf2acfa5 3f003b72 3f37e5b3 bf3d41b3 3ea56aa5 3eb08297 3f770a04 bf44b1b7 3e4fb4c1 beb48aa6 bea0d29f 3efb4706 3f0f8f84 bf7bf017 be27347a bf290d9b 3f52dfdb bd18d068 bf5fcdde 3f01b17e 3f331fa5 bf5bc5d8 bf2611a3 3f6a07e8 be962281 3d61b0c7 3eed4ae3 bf25a59f 3e0e748e 3d0a70cf 3ebe7ebb bf3045af 3efb9aee bec346bb 3f77d001 bf237d92 
3e664cef 3f16ff90 bee1cae7 3f3759a5 bf688fed 3f0ceb8b bf5575db 3f2cb1a5 bf6697e3 bf61d9e5 bf4afdd1 3ed876c9 bf4741c4 3e9f3a9a be1eecaa bf26e796 be7a24dd 3ca06169 bf06a17b 3e914eaa bf5175d3 3f6b5fe7 bf6f73f3 bf1b4783 3f7191f8 bf5e1de3 beac52a9 3d4e1178 3dc088c7 3e616ce3 be05548a be8b5e69 be332c5f 3f76b3ff bf5399df be6db4f7 3f0a7981 3e962e9b bf4561b8 3f6c87ee bf3867b1 bf3bfdb3 3f7d720d bf2c6da1 bee36eaf 3f4cedd7 bdd378d8 bea49e8e 3f458dba 3e8d7673 bf2ed1a2 be050c8b bd8e686b 3f05f577 3ec9aeae be38bc8c be779d1b 3f1e3d90 3e502ca0 3e898e72 3db73892 bf23ffa0 bf09b18d be5294dd be764ce5 3f743201 bf1d27a1 3ee7aed3 3f5525d2 bf557fd9 3f7087f7 bf284fa1 3edac6cc 3e8dc27a be04fca7 bf114784 3f1dd59b 3e9ab697 beac069c 3f05b377 3ee302fb bf7af008 3f241996 bee03ab0 be7e8516 3ef27ebf 3dd7788a 3e28d4a9 3e008458 3ec672a4 bed9d2c9 3f397fbd bf06d777 be5f6ce1 3f101f77 bf076189 3e5b5cfb 3ea36a8d 3ec68eb6 3f011976 bf45efc3 3e9dc295 be7a4ce3 bedf46e6 3eb9629f 3ea832b6 bebe5aa2 3f53bbdc bf6373e1 3ed722ef bf3315a6 3ebd72c3 bed422dd 3f6cc7e1 3f15458e bf7267e6 3f78560e bf2f27b2 3f5c61da be86e295 3e9cfe98 3c61c534 3e0cd489 bf6c33e2 3e82fa97 bf4c49ce bcf2e0e9 3f7079f7 bf6c6be8 bf228ba5 bda888d4 bf3791b4 3f57afd5 beebbadd bcb560ec bf27d3aa bf6655da bee042d8 bdf9f87a bee3febf 3f337f99 3e6b04d1 3d0a506c 3dd458d6 bdfc18cd bdae88eb 3d4ad11c bf2213a9 3f09cb7c bf57ebe2 be39c4b5 3f53e1df bf5b8ddf bf6837ee 3f677fee bf01d389 3e9996a4 bec742bf 3ebd36aa 3d4ff03f 3ec54ec8 bed642c4 3df0a885 3f0c1180 bf654fe5 3ebe66cf bf4ed9cb 3f285998 becf4ae7 3f18db9d bf1d039e 3f3675b4 3c8a211a 3f313fae 3f4373c0 bed1b6ca bb818290 3f1c1790 bdc4b8e1 3e1c0cd2 be294455 3f65edf3 bf08af8a bf02f580 3f35dbb4 3ed5d2cd 3c92dfad bf2a9ba3 3eaf7eaf bf58d5d1 3e7b14d4 3e33c47d bf151b82 3eaa32b7 bf34a3ad bead0e99 3ec602bb bf1c6991 3f31bfa7 bedc92c6 3ea8c298 3e009471 3f0a958f bf4cadc1 3f5263e0 bf6559d9 3ecf9adf 3e38ec95 3f145387 bcef5fab bdefc88e bf0d6d83 3edd02cf 3f04bb7c 3dd948b4 bc2ec321 3f6f6dfb bf676de1 bf0f2786 3e5dacf6 3ee46ad5 bea2da81 bf5c5bd5 3f3749b7 beb02697 bea94a8e beea42d9 bdeb38c8 3f6629dd bec7bac9 3ef3ceda bf3ad9b9 be689cde 3f21fb9b 3ed4decd 3f17b78d beb236b0 bf693fe7 3f79dc11 3da058cb bf6547e2 3f78a00b 3f110b96 bf4ae5cb bccade64 3f02a17c bf337db5 3ed5dad5 3e810e6a bee4b2ce bdc508e0 3ecd7aad 3ec7b6ca bea962a2 bf30f1a6 3f014b76 
bf175199 bed5b6b4 bd977881 bd9f585f 3e5284d3 3e2314c4 3ef37f0e bf28b195 3f69aa02 3f5173d1 3f63f9ec bedc46db 3f25478d bf133f86 3f6d27ed bef9e2eb 3f7cde26 bf031d88 3f31bba2 bea2cec0 3f1b0d8e bf17c3a5 3f39a1ad 3f35adba bf185395 3ed2aec1 3e4654f2 3da9b880 beac9a99 bacdea10 3eddf6c1 be972a85 3e8af69b bf35efb4 3f5f4fdc be30e4ae be96ae80 be118cb1 3ec722bc bef0fae1 3ec86ad4 3f234d9e bf51fdd5 3f066f73 3f0b9383 bf6ab5dd 3ec636d4 be777cbf bc926204 bf3f37c1 3f0e6b8f 3f110f7f bf4d85cd 3eecd6de bf77c003 3f310fb9 be9dc69e beb992b2 be36f4c6 bf2b2fa5 bddfe901 3f0ce985 3ed8eab4 3f43a7af bf147b8b bf14e19a 3f0d2f80 bf2f91aa bdcb1893 3e451ce6 bf162785 3d76507b 3e9d4a8e bf0f4b8d 3f1ff990 3e607cf0 bf59e1d3 3f12cd93 bf27a7a4 3cd9a0e1 bf392fb9 3f27a1ad 3ee94ecd bf241795 3f5467c5 bea8faac bf2173ab 3f0b5586 bf6f6bed 3f65d3e3 bf54c1c4 3f1e39a1 bee91acf 3f41b7c7 bf7b2e0f 3f2927ab 3e804a79 bf68b3f4 beb722b7 3e73e4d4 beb63aab 3f0afb8b bd9cc93f 3e93927b 3da108a0 bf3a93b3 3f1c5fa2 bead8696 bdd5f881 3f3cd7bb bf3eefb7 3f6785ea bf4bdfc3 bd8de8ab bf63e5f2 3f6ee3fc bf5737c9 3e9fb296 bf1f5796 bc00c00b 3e914682 bf078d8c 3ebb1aad bd6c0fe7 3f213da0 bdba487b 3f33b9b8 bf7e4021 3f27f79b 3f4cbdcd 3e0eb44e 3ee066a8 beaa5aa7 3e21e49d 3d56314e 3f141d9a 3f2b91aa 3f30d3ac bed70ae2 3f65e7df bf7f8235 3dce1884 bf540fc9 3f6847f0 bf0bc778 3ee15ed9 be1e2c7e 3f42b7c3 bec73ad3 3f28239c 3e145488 bf2c05aa 3f3f09b0 3f3b5db9 bf437bb9 3f490bc4 bf7d120d 3f67bbec bf5769d6 3eb0be97 bf3f81ca 3f6395da bedf02ea be2b9cb5 3f1f799a be8aa266 3f738802 bf7c1a0d 3f194d8e be6dfd06 3da8c8cb bf0b258d 3d94c81a bf56ddd7 bee95ede 3e0df479 3d8e0882 bf3d79af 3ebf22bd bec54ac6 bdfdc910 3d0cb0dc bd158f93 3f0ed58d bf3dffb5 bf704fe2 3f40a3c3 bf16159a 3f3d1dc0 3d77f146 3f3f75b6 bf6249da 3f7fc623 bf0f818a 3f09458b 3dbdc902 be9ecaa6 3f399bae bf4487cb 3e226487 3f0a3f74 bf7fe431 3ede0ad2 be70acc1 bdfb9892 3f2e09ad bed552af bf2b9996 3e3cb4be bf3545aa 3f5fe3ee bd13d097 bd3b2ffb bf3c41b0 3ec5e692 bf5f27dd be377c8f 3f32fd9f 3e458ceb 3f3ce3b3 bf7fd231 3f4533c4 3da74873 3f0b5d80 bf514bc0 3f7bfe13 be3ccc9d 3ebe8ebf bf656fdd 3d9de8f2 3ec1969a 3e6b1ce9 3d9d989d bde1d8c7 bf08c97a bf68c7e3 3f2be5b3 3f482bc2 be9dcea1 bf46d1ba 3f2cd5ab bf42e3c2 bf002176 3f6241ee bea2767d becdaedf 3f6023ea bf7277f5 3f474bc5 bf17b194 3f47a1c9 bf2da1a5 bf4ccbc0 3f7267f8 3b3d009b 3ed392b4 
3f15179b 3ec532c2 3f271fa0 bf6895ee 3f16f58f bf23ed9b be1a0492 3eef36e5 bf4535c1 bf78bc08 be5bd4e3 bf196b8f 3f1cbb8f bdc157fa bf2c279d 3ef6aee8 bee7fec8 beb5b6ba 3ee9eacc bf621fe9 3f3bebb3 bf45fbbc 3e60b4c6 bf781a0e 3edc4ac6 bf2163af 3f450fb9 bf51c7cf 3f6f45f7 bf01a97b befeb6fa 3f3885c2 bea7d6a1 3eaa56af bf453dcb 3f377fa5 bf3cc5ae 3f6a0203 bf61bddd 3f78fe13 bf6a9fef 3e2dfc5b 3e6b0cdc bf2d99b6 3f13798d bf1a8586 3f776411 bf25d195 3ea0d69a 3ef96ae8 bece1ed5 3d6d1011 be8d068d 3f7edc19 bf56cdc7 3f3fd3bc bf0a0389 3f19c78c 3eaba68c 3f20af9d 3ea7dea4 beeb9ef6 bf53b9be 3d8ce8d4 bd3e3104 3f3733b5 3d804844 bda3c8c3 3d1db0ce 3d5e3113 3f23cba9 be5264de 3de448ba be9f6272 beb8b6b2 3db4a84a 3d992896 3ecd3ec8 be8a6a87 3f3ec5bd 3ec082b1 bf2a35a5 be645cb7 bb9282f2 3dcd3860 beb93a9c 3e932e7a 3f2d57a5 bf5fcbd5 3f3a21b4 bf52c7d0 3f2afd9c bf5befe7 3ef182ed 3e8e7691 bedbeeee bebc0ae5 3f231596 3f39f1a4 bf4a63ce 3f78e204 bf47b1c0 be10646c 3e90069a bef7f6ea 3eed7ada 3d04d041 bf1a5b90 3f22fda3 bef9c2f5 3ea6b2a9 bef36300 3f638bd5 be956aa7 3f6341e0 bf4037bd 3f4037bf be7454f9 3f5dedd7 bf199399 3e7bed21 be604511 3f3391a4 bf349fb2 3e6d8cd6 bed682bb bedae2c6 3f2b9da8 bef51ad0 bef9ead3 bf245ba6 3eb6e6aa bf4f95cd 3f41a3ba bf4c33c5 3e64bcc4 bf7aac11 beb94ec0 3ede36d3 bf342dad 3f4985c3 bc11c0b6 3f4143bf beff52f7 beafa6a7 3f0ebf8d bf5865cc 3da408fa be96ce7e bedd36ba 3ebb3ac3 befa52ef 3f00077e bf7e5a1c 3eb10a9b bed62ec4 3f372bae be6ed507 3e83fe81 3e22ec7e bd109089 3cb96017 be7194e0 bcb3e1a0 bdb288c6 be4c5c84 bf0fc382 3f7dba17 bf2e05ab be0b94a6 3f06037d bcf720b7 3e98769b 3f4b93d5 3ca65ffe 3db1b870 3e125480 3f309db1 bf4b4fd3 3f69f5ee 3d6fd10f be53f4d8 bef73ae2 3e7e54b0 3ed4d6d0 3f7e282b bf0eb783 3f257faf befceee5 bf09957c beb11aa9 3e692ccd be995a96 3d7fb097 bd64d056 3cbfa04a 3e892270 bf307db6 3f6273d5 bf103586 be89de82 3f4e09c9 bf183d92 3f6beff2 bf371fa2 be8db68c 3f7799ff be836a75 3f7a8e09 bf249d99 3e1844ae bf1f7fa6 3f76f7fe bf3c4da9 3f4267b9 3f59f9d8 bf5237cc 3ef6eaf1 bf4fdfc5 bf2aefa1 3f17f590 be5ddce1 becd96ce bf147390 3f7d801e bf775604 3efd92f5 beec3ade 3f7d6821 bef112e8 be56d4c5 bf1c0595 3f39319e bf6ed9fc 3f6a25ed 3f62dddb bf352db5 bf695ded 3eb692c3 3ef3e2f9 3e834e79 3eda0ac5 3d11f0a1 bf050779 3f0f6b8a be5b44fe 3d59f124 bdb8091e bd9fb8e3 be7804e5 3ebd4ea2 bc99a1b0 3f4dedc3 bf10b18b be76ccea bf3167c2 
becedac0 bf104596 bf1e6d9c 3f73fe00 bcbb21b4 beaa26a6 3f2c49a5 bf1ced9b 3f778414 3f181396 3d84d81a 3f3efdb3 bf712ffe 3eae6a9e 3c43c523 3e6e0518 beca66a8 3f64b1ec bf00b572 3ea382b7 3d8427eb 3e1bbc89 3ecabac8 be068c58 3f56a9db be273cb7 bf11a18e 3f16db92 bf6c41f7 3f79a800 bde6388f bdcdf83b bef732dd 3f6e79f7 bf3149a6 3f254b99 bd2ed053 be12d476 3e3c54b9 bf3b6dac 3f790a09 bf60bbd2 3f7d6e11 bef85edf 3d4c50b4 3e2a849e bf28f5ac 3f1ddd9d beda52ce 3e8a0685 bf555fc4 3f7d4e21 bf5dc5cc 3e8d6a89 bf10ef89 3f64bfdc bf56f1d5 3eedaeef bf7e281b bef72adf bed806bf 3f3041a8 3f1b9d9b bf213598 3f37fbbe bf5dabda bf10138c 3f192188 3ecf8ad3 bf5e73da 3d977897 beccfebb 3e2aaca6 3f2c2f9b be389c9d 3f4219c9 bf3c57b5 be2ea4a1 3ea9fa84 bf7a9c15 be0f9441 3f444db7 beba42ab 3f4ebfc4 bf536de1 3f400bbd be24fcc9 bf005d6e 3ea5e69d 3ed3d6ac bee26edf 3f6be9f6 bef36ee6 3f02a96f bf730c01 3f53c9cd 3ea1d29e bf0d3983 bd71f1a0 beb78abf 3e961292 bee71aee 3f5e43e5 bf04ef7d 3d8997f9 3f18cd8d bf6c03e7 3f73ec07 bd66b06e bf59abd9 3f7ad20a bf39ddad be33accd 3cf19f89 bed6d6c0 3dfc68f4 be382499 be7a0cdb bf15599a 3f3fd9ac bea286a8 3e50dcdc bf3203b5 3e5e4cdf 3d91e8d7 3dc998f0 3f1c8d90 bf228da1 3e5fc513 3f6e65e7 bf09a383 3f7b4c11 be34bcc1 3e915663 be1f3c81 3f16ad8a be259cb9 3f70ac08 bf7353fb 3f3fb9b1 bf6b21ef 3ea0528e bf459dbf 3e883a9e 3e988a8d 3e840a7c be842676 3f31e7af bdae68db 3f0e0d86 becfaad8 3f3e69b8 bf535dca 3ebbcaa0 3f5303ce bf129d79 3db038f1 bf0b497f be6614ba 3f1f1990 bf7517ff 3f5261cf bed662ed 3f293ba2 bda0587f 3da0b8af 3e56a496 bf1fc99c 3e914a77 3f30edaa bf77d209 3f0bbb89 bf678fdd bea30690 3dc6a89c be082c7c bee936da beb75eca 3f3c15a5 bf5f57e9 beeabaf9 3f1c7f96 3f3a8fc1 bf23afa6 be800e81 bf593bd5 3dd1f8a9 bf068b7d 3ec90ab4 3f1ff3a1 3ceb2103 3f1c6d92 bf3383bf 3f2bffa9 bee652e1 be35dcab 3dd548a3 be4fdcc4 3e3a1c96 bdc098cb 3f2487a1 bf36a9b9 3e05ec8b bf2e47b5 3f706200 be6f8cbe bf4123c4 3d5e9027 bf5567d7 3f2f77ad 3d97986f be673cc7 bc4ec53d 3eacfa88 bf58b3d5 bf2b01b2 3f70b5ec bf3a8baa 3f63dddf 3eb44ea9 3e570d0d bf16e595 3f75abf2 3e30dc8b bf6c9dea 3f6dd1f7 bf66c7e2 3f213ba9 bf6f55ed 3f19a397 3f02fb6f bd94f8cb 3ceda020 3f13479a bede76eb bf7c4e20 3f351ba8 3f3c01b2 bd9c485a bf14219b bf0f2387 bf07cf79 3f286bac be8a168e 3e1ed48a befb9303 3ee512e6 be8cd69c 3f663bf1 bf116186 3deec8ae bf75aa00 3f4e97cb bf430db3 3f5d9fd2 3f33f5a1 
3c8b215c 3f6fd3fa 3e6f8502 bf31f7a2 bf11f18c 3f7ec01e beff5af9 3c164151 bf351ba5 be79acaa be71cd18 3dc8b8ce bde37908 3f3f31aa bf2de1b0 3f2e7fa8 bf3e39c2 3e97da99 bf19759c 3f4afbbc bf7baa11 3db2f88b ba640b71 bdea1872 bf4fcfc4 3edd9eb9 bdf3797c 3efadeda be76ad1b be1fa47c bea5aa86 3f17019f bf2befae 3f0db18a bf2e2fa0 3e786ce9 bf6a3bf1 3f3889ae beb1dab2 3f32ddaf becac6ca 3d9a98c1 be591cea bec93acc 3f6d9fdf bf2193a6 3f2543a0 bee02acb bd95c86a 3e117c84 3f0f2f8d bf0d2582 3ef0def6 3dd71899 3eb4b6be bf6ad1e6 3f1ed599 be24346f 3f2ca5a5 3f4ccbca 3dca191b bf776203 3ed72ab7 be1c0ca6 bdcb58c7 3e9d7e7e 3f4f9fce bf1d1b99 bf31b7ad 3f7e1019 bcc06112 3ef45f07 bf431bb8 3e835e79 bf4093b7 bef49ec1 3f5e83e4 be17448c 3d9d481c 3f4fc3c2 be9a0294 be367ca7 3e572cab bf552de2 3f678feb bf5b1be1 3e7304ed be50a4c4 3eaa7aa9 bf181d90 be052489 bda8a828 bf278ba7 3f209d95 be4ef534 3db9c8cc bf74f3ff 3f27e5a0 beeea6fb 3f6ba3f3 bf2897a7 3f3581b0 bf11c78b 3d6f3100 3ea192ac bf5dd3dc 3f4c2bc5 bf2241a7 be214490 3f066d70 bc704379 be2accbd 3f57a3da bf3d35b2 3f755404 bf1ffd9f 3f4b35c6 bec9c6c8 3f4a09d3 bf4f01d1 3d8a07dd 3e74ccea 3eb956bf 3e5d14ba 3e3484c6 bf5e9ddb 3ee6a2d2 be47a4d3 3e56f48f bf7b301f 3f5b89dd bf70d9f7 beff62ff 3ea542af be7394cd bf141190 3f3161b3 bf33d1a1 3f131f99 3c154076 3ecb5ab9 3c831ed0 bd88d804 3f4d6fd4 bf64adeb bf111d86 3f58e5d1 bf55d5c7 3cd5e0e2 bea6cac2 be804e85 bd7f31ca 3f12c78b bdd43889 bf3227ac 3d88f862 3e094c73 3f69c9f2 beaaea97 be3314da 3f388fac bf4429c6 3f02b37d bf3979b0 bd8ec80e be192479 3f5ce3dd bef0d6db 3eaa428b bf178997 3c7fbf74 3f0a3775 3e1994c4 3f304fb9 bf32e1a8 3f27bda1 3e158c5d 3eb8a2bc bf2859a7 3f536fd0 3f0c0b81 bf3245a6 bf4109c2 3ed77abc 3ee9b2e3 3eefb2e2 3ee9e6dc 3f05d17b bf7b3a18 3ec5b2c3 bf3c05b8 bef79af3 3f63d5ee bf51ebda 3f245597 3d15b137 3e719cd9 3e51f4a8 bee176fc 3e6784b7 bf45b1cc 3f085178 3f296faf be600497 beb6f2ab 3ea18695 3e4114e0 3f7e9a1c be3a8489 be9e0aa0 3e5b94a0 bd061037 be2fdc62 3d9ac85e 3f5b65d5 be68cd04 3ec0ce9f bf188d86 3e4354c5 befd0af8 bf02017e 3f18e988 bf476bd1 3d708fc0 3f19ef90 be3b6c81 3ea83aac 3da7d887 bc9aded5 bc6dbea0 bf7b8e0b 3f25239e bf223da1 bf1b9793 3f4f0bcb be00649b 3e8dbe99 bf6673e1 bd873861 3f1d899c 3f6397dd bdd788ae 3e7b5cf1 bf544fd0 3f557dd5 be9f3aad 3ed37ed1 bf42a5be be305491 be3274bb 3f7173f7 3e1fecc4 beab32a5 bd4410fa bdca98ca bf72d400 
3e4c7c9b bf3e43bd be380cbf 3f1fb590 3f13fd8a bf5a9bd3 be7004cd 3f5347d2 3e0d5472 3f073183 bf3d51b7 3f2191a4 bf3a97af 3e2abcac be6ee4dc bee522ef 3f7a0a08 beab1a95 3e8d1a82 bf015176 3f7e461a bd4a1032 bee0b2c5 3f3e31b7 bea95aa4 3f4231c5 bf2d95a7 3d33b0f4 3e859e6e bda0988a 3df8a8d3 bdb598f1 3f2757a7 bf2f6db4 3efa7ae7 3f35fbb4 bbe78942 3e0b3c65 beb9caa6 bea512ac 3df76895 bd73d172 3f0ff987 be30a47b be2bb48e bf19819b 3f378db1 bf0b7d8f 3f4057b9 becc9ab2 bf23d3a1 3f358baf bf0fa584 bf01f76e 3f2371b1 bed5e6d0 3f613dd6 bf7421fa be3b0caf bf4071b5 3eb9a6a8 3eeb4ef2 bf1a9d84 3f38f9a8 bf45f3c7 3f068f77 bf6fbbf3 3f111190 3ee1d6c5 bec57ebc bf535fdf 3f28b592 bd1b104d 3d75514c 3f38dda5 3efa92f0 bf5fa9df 3e9a2e9a befb86db beee02f2 3f3685af bf330db0 3ee246ce 3e6754e5 bec64ebd 3ed902d5 3e93fe99 3e7ac4c0 bedc3abb 3f048191 3e929a8e 3d97184a 3f135d93 be5df4d5 bec6369a 3f6bddf5 be16b4b1 3e931674 3ed5d6d3 bf77c206 3f15df80 bf74affe 3f4299bc bf2a2b9f 3f7da017 bf5221cf 3f577fd4 bf1c8599 3f529dd4 bf12cf95 3d639111 bf19c3a7 3f2d05a5 bf5d1bd7 3f00298d becfcaa0 beba92a5 3ed9ded5 becdfeb6 3e8f9a80 3f06057a bf64ebee 3e5a54de bf63ede7 3d9da8bc 3f6157ec bf065388 bda42860 3ed692c8 3de398c7 bed49abd 3f0ac17e 3f5905dc be874e63 3d7bd223 3f5299cb bf769206 bde1896c 3e258c9a bf126984 bee8faeb 3f104181 be83de7e bf2be3ae 3f6dd5eb 3eb76eb6 be4b8506 be8fbe93 3f0afd83 3f0f7589 bd85c875 3ea2669b bf7b5c10 3ef566f7 bd9428a0 3f5bc9da bf43d3bb bef8d6f2 3e69d4de bd47b092 bf03a97a 3f3437b5 bf2ad1ad 3f2a3da0 3ebb3e9b beab9ebf bf2bd3a3 bdcd08b3 3f15cf8b bee9eaf6 3f696be1 bf38bdb4 bf4621bc 3f23ed9c bf1d6f91 3f014573 bf716403 3f07037b be8cae8a be366c62 bf3391a6 3f1f77a8 3f5f77d9 bf042b87 3cf66152 bf5339c9 bf070576 be9f1e81 3f4b47b9 be8a8a95 3ef1cadb 3f10db82 bf289391 3e86f270 bdf58908 bde718c1 bf6515ed 3f4195c1 bf1bdd93 3f39d3bf 3ebaaeba bf041f7a bf61c7e9 3f4ec5d7 bf34fba5 3f39c7b0 bf697df1 bf284d96 3cdea0f1 3f09718c bf639de5 3f4b0fc8 3d3c91cb bf6aabec 3eed06cf bf73b7f2 3f6499e3 bf45edbf 3f7003f8 bf29999d 3f44fdb6 3ebd1a9e bf22f79b 3f23f799 bf5b31dd beb24ea1 3e3b74bf bf0eb582 3f5cc7e2 bf04cd7e 3f6f83f9 bedf2eb3 3f460fc7 3ef27702 bf23d9a5 3f041978 bf0f3582 3f0bd785 3e9a9ea6 bf3873ad bf0bf189 be86ca6c 3b8788a5 3f15a393 befc5afb bd9c585a 3cd9dfba 3ee992d5 3eed52c5 bcd6618a bf6a51e3 be2c649b 3e540cdf 3f2edbaf beca42b6 3f5e9fdd 
3eda76d2 bec2a2c0 3f091d84 bf218d99 be191c85 3e997282 3f0d818f bef7eecf bf6375e2 3f228da3 3db768f3 3e1f5c75 3e3d34b4 3e0a0c85 3e0ecc63 3ed2aac5 bf28819c bf052d83 3f5c29cb bed8eac5 bf3435ad 3ef282de bef262cf 3eeb5ee2 be5dccd7 bf198599 3f26cba4 bed7f2cd bea57ab5 3f055d7d be699cb6 be079475 bf34b7b6 3f4ae7c5 bf2745a7 bf4fb5d7 3c98e15d be663cf7 3f5215bf bf039783 3f7101fb bf698beb 3e1e2c7d be7ff4f2 3eadee89 3f16d784 bf2c21b0 3e8a6265 beb646d0 3d036f32 3f5225d0 bf53cfd3 3f75aa05 bcdb1fcc becb1ac5 3ec6a2d6 bf37dbb2 3f05197f 3f695deb becd02b8 beac72b8 3f07c775 beff3afe 3d9c1890 3ef172e8 bf3439b5 3f7b7608 bf68a5e4 3e9bc68e bc6d3ff0 3f50a9c5 bf7fb62c 3ef16adc bf15458f be2ce4ad bf1b5791 3f3151b7 be7864fa 3f7ae613 bf2575a2 3ea84e83 bdb3c8d9 3e7c54fe bee88703 3ea9ea91 be3ddcd9 bf72cde8 3e058c96 3ea1769e bf3543a9 3e9756ac befa7ac8 bf492bb7 3f63f5e0 beffc307 bf39b1bf 3f054f84 bf3f29b9 be902a97 3e9b5ea5 3f38e9b7 be78cca3 3f0ddb88 bea776ad bf2d09a6 3f5ad3dc bf259b94 3e3dbcf7 be8fb693 bd74b168 3e5f34d7 3f12278f bf33f1b0 3f4ef1d0 bf3441b7 3f7271fe beaa8e8e 3e20cccf bedf4ae6 3db5a840 be4f74e3 3ebf4a9d 3e3a2c90 3f4d6bcb bdf00905 bf1ef79e 3e374483 3f034d87 bf789403 3f3211ae bdd8e8d6 beb1b6c0 bf00af71 be943e9b 3ab9ec0b bf05257d 3f2ee3b1 3f73aa0b bee4c6d2 3f07c575 3f1b9b95 bf60a1e7 3f14438d bc5f3ec4 be579cbd bf3c7fb3 3db3789d 3f58b1ca bf43c7cf bf780602 3f04ad78 bf063b87 3f5413c1 3de6e90c bf0cf780 bd84a807 bd16af50 3f328da3 bee612f3 3f56adcd bf4467bf 3f74affe bf480dc0 3f1e2797 bf74c7f7 3f1f17a1 3f3117a7 3dc6d8b9 bf0c5f85 3ef942e9 bf73fc0f 3f34e3ae 3eeb46f5 bdec892d be41e48b 3ef9e2e9 bee85ae9 3f03ad86 be4a6ce3 3ea64ec3 3f0a7d8c bf586bd6 be6eccbe bdf9b8e1 3e555cda 3f1ead92 3f494bba be84126a 3e339cab bf7c540e 3f23019d bf4dafda 3e85a69c 3ef38ae8 bf3bd7b2 3f434fb4 3f04cd6d bf201392 3f4403bf bf74fe00 bed1d2d0 3f6a1de6 3ec062a5 bef67315 3f52d3e0 bf48d3c1 3f3429b0 3f6669ec bf1b7399 3f5cf7dd bf3ecbb4 3ed20ad5 bf1a339e 3f65e3df 3d38d03c 3dd0a90c beae0e96 3f24f9ad bf4c81cf 3f4cc1c5 bf03e98f bf73e1fb 3f7a33fc be03c4b0 3ea33ab3 3f6aa3e2 3d2050bc bead829b be8cbe7c be12fc84 3e887e8f bf4317bb beed52ff 3e20b4da bf242f95 3f010d6f be748cd4 3e173c9a be45f499 3e5e54c4 3f2bc798 3dec5905 3ea642a2 bf624fe6 3f77d402 bf1f6599 3eb102af bf08df8c bebeeac2 3db118a1 3efc1700 3f3915b9 bf24df92 bf114188 3edf12d3 bf7ac00d 
3dbfd89f 3d4fb050 3f059d87 bee37f02 3dd6a8cf 3e6e2cf2 bf49f5d8 3ec8f2bd 3f215f98 bf128790 be7574d7 bed1bebf 3eb1c2b6 bf6d9df1 3f29f5a8 bf212992 3edaaeb9 3f486fc1 bf72b1fb 3f4211c1 be2e449a 3f0ccd87 be411c9a bf12fd91 3f07818b be3c7c9a 3ea6329a 3d61714b 3f2ef3b7 bf3aabb9 bd96e8b7 3f4cafb7 bdd2d933 3e4234ba 3e3d2ca0 3f3b39ac 3ef452fe bed76ecc bec2ceeb 3ea3aea8 bf273f98 3ef346f5 3e74a4d1 bddc48bc be47c4ad be6a54c4 3e0e3c85 3e02ec62 3d723160 3c4b3d1b be86569a be86b27f bcece253 bed9c6ce 3f704df2 bf7cf024 3f6653e5 bf357db5 bf169393 3f6caff4 be21246b be139c59 3d82a8c5 3eaf7aaf bf2a3f9c 3f6f69ee bf792601 3f6d5ffa be86b66a bf7167fc 3f6613df bf03076e 3f7b6212 bef4befd 3f495dbc bec1e2d6 3edabace bf5291cd be94f282 3f4435ca bf6d8df1 3f5b67d5 bf771006 3f49cdb1 bf28f7a6 3f454dc4 3f149b8b 3ddc3944 bea89e8f 3f2abda9 bf3437ae 3f74e7fd 3f02237f bf6cdbf4 3f5bc5db 3f4a13bf bf691df2 3f565dcf 3f4915b7 bf7daa1b bdb6f897 bf33e9a4 3e40f4f0 bdd4e8c5 3f62d5ea bf386dab bdde184e 3f390fc1 bee222d2 3f241d9d bef326fa 3e1bdc7e bf3793a9 3f7085f4 bf3e31ab bcb89fdd bde11954 3d9ee8aa 3efe0afd 3eaf5297 bf5e87dd 3f0aaf7c befbfaf2 bf6b6ffb 3f26f197 be8e428f 3f177791 bf481bb6 3f7a6a09 bf7265fc 3ea05eaa 3ef502fb be1b449c 3f11ef81 3f2933ab bedbe6bc bec2fac0 bf6917dc be934e81 3da517df be9f8ea5 bdbda8e9 3f28179a bf504fc9 3f3aeda6 3ed166ac bd8ef862 bf495bd3 3f5f27e3 3f2d13ba bdb8685e 3dfa9952 bed48ac6 bea5f2a5 3eb09aaa 3e753492 be5894cc 3e69ccc5 bf236996 3dbeb8a3 3da778ff bf5013c2 3f4059ba bf726ff5 3f73a1fa bf647dd1 bda95863 bf1aef8e 3f46a3c4 bf2e23ab 3f540fc4 be453504 bf7f5423 3f585fd0 bf44f9bd 3f08b37d 3c67c16c be969281 3e7e9501 bf5911cc 3f2c13ad be7a7ce4 3f5ff3ea bed3a2ee 3e2e248e bf6f2602 3dddc8ab bf49fbc4 3f11c793 3f60f5df bf5783cd 3f6afde9 bf5ce7db 3f3be7b0 bf243394 3eda9ac5 bf79a60b 3f06a787 bf052790 3f2d67a7 3efa5ae9 bf47f5c1 bedc02af 3efb7af6 bf5cc9da 3f0cab95 bf1fab9d 3dbd88f5 bf5c71d4 bdd618c2 3f2f79a7 bf1743a1 3f3dadac bf63d3e7 bc753f1d be31cc9a 3f0ca98d bf63f9db 3f394db7 bf5a55ef 3ee6a6e6 3f764204 bf645df0 be812679 be75acf5 bf793014 bea48ac7 3f29799e 3f47cbc5 bf3609a9 3e6404fb 3f16e186 3f238596 bf0d7f95 3f7b440c be9272a2 bef4e2d3 3f3941c5 bf4defc6 3e70cccc bdda48de bf6589f1 3f22898f bf3a4fb1 3f2949af bf0bab8b 3f5c21d6 bf18739a 3f30f9a4 3dd618aa bf3da7bd be190c9b 3c7ac125 3f3681a8 be452518 3ec78ec5 
beef9eee be770513 bea6c691 3e367c6b 3f333fa9 bf4135c1 3f15c389 bdee4910 bc8720e6 bdbe387a 3f709bed beaab6bf 3e99569b 3efebede be91a285 beaf2e9a 3f1a6f94 bf5a4bc4 be588cd1 3f37e1ac bf3cc1af bda62874 3c1c43bb 3f462dc3 bf1de1a5 3f30c7b4 bf6529d4 bc293fd1 bf5229d5 3f6ea3f5 bee27edb 3e1754a7 bf20058e bd7fb05a bea4e6ab bef126f9 bee20ee7 3de3d915 3f6c61f6 bf68fddd 3f594ddb bee08abf be4a048d 3e758cdc bd0e50e4 3e4874a0 bebaf2de 3f122190 bf0af385 bd7ef144 3f045b90 3e4a14f1 3e557cb0 be306c84 bf222d97 3f7617f8 bf0cf585 3f67c1e9 bf37b3b2 3e7294e6 bf6a9be4 3f7e8a17 bf54d5d3 3f0bdd87 bf1a0197 3dc7b8d6 3e9d72a7 bf3a55b7 3f064388 3f265da2 bede8eed bee17acb bdb66901 bf3bcbb2 3f6b63ea bf6e8408 3f21e78b 3f03977d bec136ce 3ece1ec4 bf104785 3f49afc4 bf4375c3 3f6dfbf1 bef796f1 bf302f9a bdc7f8b0 befd0f15 3d90988d 3eadbea2 be82b672 be9e7a84 bee65ae0 3f038b83 bf3797a9 bf3ab9b4 3f60a5e1 bf5d1dcd beffbef4 3f29cba3 3f10477d 3ee9ceb3 be3f1ca4 3e553cf9 bf7f261c 3f70c9f3 bdcd3865 be4d24ae beefc6c8 3edd22da bf712bfa 3f574dcf 3e8cfe7e bf5a39e2 3f765600 bf07117d 3f32f9a8 bed29adf bf4b71ce 3e09f46c 3f29cda4 bee62ef1 3f16e98e 3e012c50 3e9d8e89 bf020381 3e7344c7 bed41eb9 3e4444e1 3ec58aba be33ec8b bf3a51ae 3f5d9be3 bf6bdfee bf5b15c5 3f3a6db3 3f0e758b 3f15119d 3f2763a1 be3b04d1 bd6a3114 3ed4babc bf46c9c4 3f53d3da bf795213 bd673152 3e290c8a 3e28dc80 bf09098b bf08a187 3d8318c5 bee382e0 3f57fdcf bf0b9589 3f5e99df bf7201f0 3dc168de 3ed00eec beb35e96 3ed312c1 3e8fca9f bd6c3056 3f3625b5 beb5e6c3 3f3239a4 bed266e8 3f50c5c5 be8ae27a 3e47aca7 3e138467 befd22f1 3e35bc96 3ef966eb bd9b48a3 3d0d1128 bdd7688d be8a2293 bd15106c 3ecdfece 3e4824d4 befb2ae3 bd8a389e be583ca3 be3b5cbf 3f619fe3 bed18ebe 3f161183 3f14458a bf5d79e6 be885a98 bea97eb3 3f6219da bf7067ed 3f583fd7 bf338fa5 3ee5ded3 3e204cb6 3c83e0cc 3edc86d5 bf48ddb5 3d3bf03f bdd5e8ea 3f6f3803 bf058d74 3ea64ab2 3f3fc5be bf594bd7 3ede92c3 3f5a91df 3e0cbcbe bf06b991 3e2e4cab bec986c8 3f42d5ac be9752a3 3f133797 bf190193 3f102b94 be0abc95 3f2f8da4 bf475dce be3fb4a4 3e9f5a8a 3f044180 3edfdecb 3f3a57a8 3f1c69a3 bf5b87e3 bf6ea3fa 3f70b7f9 bee0a2e7 befac2e2 be831e6f 3e461494 bf3defba 3e860a96 3ee2fad2 bf23c3a9 3f094185 3eddb2e8 bf327baf 3f693fe7 be807a72 3f7d441f bf77f5ff 3ea94a86 bf25f59f 3f183593 bea2a2a8 beee26fb 3f6cb9ea bf14538e 3f69bfdf bf766ff8 3de99856 3cd0a104 
3f63c9e5 3f19db8f bedceadb 3e9a669d bf4afbcd 3e11645b 3ee386d6 bf16817f bdcf4866 3e14b485 bf733403 3f5ad1cb bf6e9ffe bd425146 3e479cb2 3f0ae778 bf717e00 3f7015fb 3efa32df bf7a8619 3f451fbf bdc418f4 be50d493 bdad1821 be842a8b becbc2dc 3f4ef7d5 3e2d6cb7 3f648de6 bf6debf8 3f5539cf bf76a805 3f6587e8 3efb16ed be8d867e 3f4f83e3 3e59f4ab beaec2cd be817682 3d1450ca 3e760511 bf091378 3f580bd2 bf7f9628 3f5023c7 bee786e7 3eed3aff bf4df3c8 3f169d8f 3e4d0cc8 bf2b37a2 beb706ac 3d81485e 3ea57a98 3ed982d1 bf18798d bf3a65a7 3f182b96 bdda891e 3ee0d6e7 3f037381 bf4ba3ce 3f5775d7 bf24ffa3 3f637be6 be1a8c88 bf04a36e 3f6237e3 bf28d5a3 bef85ae2 3e7e5cfd 3eefb6f3 3f2f89a4 3d07d068 bf1d239a 3f26fd91 bf617fec beaf16ac 3f2fc9a3 bf61c5e1 3f7f8a23 bf7075f1 3f3181b3 bf4bedb8 3edcaedd 3f7b1407 beea06bf 3f6c09f0 be6304db bf3469ab 3f3fa5c3 bdcd4872 3df08902 3e7664ed 3ead7a8c 3dfc193a 3e7d2530 bdd448a8 3f1f278e bf1b7f9b bf62b1e8 bdb8a8c4 3e8ffa8f bef08afa 3f63bdd1 bf344baf be868288 3f2b6fa6 be6af4e2 3f251b92 3cae603d bd8f087d befa7efa 3ef8d6eb bf114b94 3eeb12dc bf617bdf 3f3b89b5 3f3033a6 bec916ba becd5ecd 3eaffeb6 bf4107bf 3f2aaba7 bf5043c9 3ef0c2ec 3da86831 3eb872ac bebf76b5 bec476bd 3f07fb8b 3e9c1aa3 bf4e1bc2 3f6215e8 3f23579d bf162d8b bf024366 bf60bdd3 3cdbe1a3 bee316d9 3e56e47d 3ef012e0 bf766bf5 3f6145dc bdd998eb 3f11bb94 bf234998 3f4507c0 bc906007 3ee292cd bda9a8a6 3eba12d9 be235ccc bd0c111e bf2e8da0 3f6bcfef be252487 bf042d7f 3f4d47d1 bf0f218d bee7e6d9 3df4d8e2 bf3b55ae be8c4278 be230cc6 be51c4a8 3df478a0 be920e82 bc4d3cf3 be6f34f1 3ea696af be87ca94 bb6afde8 bf257fa4 3f5245c5 bf0e5780 3f2a39ae 3e165c9b bf3f5fb2 3ed18eb7 bc3040f0 3f3b33b0 bf07138f 3e180cde bf22c79e 3e905682 bf03dd87 be43a4ad 3ecc6abc 3f75bdfc bf3775ba 3f08317e bf16038d 3eaccaa5 be43e4a7 3f2681a8 bf72a9f9 3ede0ee8 bf108d96 3eb5ce93 3ef7a6d0 be543cad bef5ded6 3ea16ab3 beed02d0 bf00a779 3f3897c4 be6bfcec bf02db7b bf3137a4 3f25afa4 3e1a54d8 3e5ae4ed bf45afcd 3f0fb18d bf3a2db8 3e61e505 3e3d5cd7 bf41c5b6 bdc54881 3f4ba1c3 bef7faea 3e97e282 bf5acde5 be681cc3 bf707df1 be9bde9f 3f1bd98d 3f362b9f bee9eee8 3f006d70 3dd198b9 be4adcae 3f17db85 bd809895 bdb32890 be58ccc8 3eadd2b3 bda698cc bf6ba001 3f508dbc be207ce5 bf68d9da beba46a4 3e9bf692 3f48c9c1 bee87acb bb858371 3dbe790f be2674b3 3ecba6cb bec2debe be565cfb bde1e8bb 3f2b459e bf2ebbb1 
bf0dbb7c bf22b5a4 3e9cca6a 3e9a1681 bdb5e96d 3f09857e bed2c2bb 3d133118 3f105f82 3e089c26 3e13aca0 bef452ed 3f3481aa 3ddc48ee bf0bd980 3e8fee8e 3e527c96 bf43afbd 3d9dd894 bdca18ad 3e59acf9 bd10b063 3ed1b2cd bf1d619d 3f7269fb 3e7b3d1c bf142585 befb1ac6 bf060582 3e1e5caf beb222a6 3f7089f1 bf31bfb3 bf1a1b8f 3ef212d0 bf744202 be03ccb2 3f58c1ce bf3a03bb 3f6077e2 bf5f8bda 3f40a1c7 bf2c4db0 3f5e21dd bf203d8e beb5aa84 3f788a11 bf5f77e6 3f4659bd bf17638d 3ee116bc 3f6217d7 bf3d13b3 3d177064 bf20859d 3f6e67ef 3f36f5af bf6ac7f0 3eafbaa3 bf21dda1 bf0ab576 3f7f201d bf7549f3 3ec706db bee2aabd be821a8a 3f43ffc3 bf2c29a5 3ebcb6a2 3eb6d2b6 3dd52893 bf3879aa bf2bfd9e 3dbf0865 3ef5d6d6 be84fe97 3f4d3dcb 3eeb72d9 bf6b0bf8 3f61f5e9 bf17c988 bd9708a7 3f4819ba bf4c8bc3 3ecaaeda bf7ad208 3d52f0bb be62e4c6 bdf7b8c8 3f5193db bf7123fd 3f29c7a1 bedec6d6 be9b3eaa bd2330c4 3e4304ec bf6309dd 3f205596 beda62dd 3f185f96 3f6edbf4 be4f5cca bebec6cd 3f08858b be994a82 3e6bf4b4 3e2e1c73 bdb6088f bf24c39d 3e0e3481 bf51ddd3 3f63f1d9 bf3413bb 3f6835ea bf08f57e 3ebf96c4 3eb232bc bf6cfde5 3e115ca8 be8e9289 3f5549d9 bf20439d 3f577bda bf615be3 3f035d82 3d99681e bf35bfb7 bcc3a084 3f1a519e be3bccb9 be49a4a3 be8feaa3 3f3da9b7 bf5f9dd7 3c60c534 3d8f289b 3f29579c 3f05058e 3e0b6c7a 3ee35ae9 bef55af0 bdd90852 3f41dbbb beb632c4 bf565dd7 3f36ddaa bf5af7e1 3e0f549c bf34c5a9 3e40fcaf 3eb9aeb5 bf5ef3da 3dea1895 3e0da47a 3f07a182 bf6de3ec 3f5b1dd7 beefa6fa bd960843 bdaed819 3f536dde be56ace6 3f5c5be4 3ea52a86 3f181784 bf4881bd 3f4ed9c0 bf2391b3 3f6319d8 bf43ffbf 3f7fbe2c bf4347b9 3f7d981a bf0fb98d 3ed8faa6 bf3f27bd 3ec4fac3 bf1b6d97 3edc2aee 3d675085 befce6d0 bef412e6 3f4a8fbc be3554b6 3f14d589 bebed29f 3f7f783a bf24c78b be747d0a bef7f2ec 3ec5bea9 bf50bbd7 3f587de2 bbb885cc bed87ed9 bf01dd76 3f6025dd bee32ec4 3f6b8dee bf794c0a 3ed1a2b8 bf38e9af 3f4f57d1 beb9fabc 3efc0309 3e885a7c bf2affa7 3ea526a5 bc8b2117 3f532bcf be30b4d8 bf709bfc 3eaa3aa9 3e6cbcd9 3ce9e107 3e4ce47a 3df07911 be6924ab 3f6379e3 bf1c6398 3e961a9e bf0f497a 3f4cc7cb be85d296 3f76b60d 3eed9ef0 3e3874aa be33dcb1 bef846fa bce5a1b5 bf6617ed 3f63a9e0 3b6cf989 bf4dcbcd 3f29b3ae be27e48d 3e661cf1 beda32c7 3e4b7cd4 3f155f9c bec786cb bdc3c892 3f676be5 3f5e75e0 bf5e55d3 be97e29b 3dc378ab 3e96d691 be5accbd 3f0ab782 bf5dafe0 3e740d26 3f36aba3 be96069f 3e446c9c bdfd2914 
3eb606b3 3e17f4a8 3e9ee6ae bf748dfe 3f34d1b0 bf2a3d92 be722ccd 3f35c7a5 bf115788 bf36fbb4 3f640bed bebd9eb0 3dcb2902 be2cfcdc 3e25347a becf9ecd 3e018493 3f27afa6 becb62c2 3f3577b4 bf2abfaf beaab2a8 bdc338f9 3f19918b bf423db6 bf158b8f 3ead4aa5 3f77160b be2444b1 3f52c9d3 be4a5ca9 bf66abdc 3f6559ed bee90adb 3ebeda9d 3f4fddbc bef7eaf1 be3454cb 3e97de82 bef8f6ff 3ec766d2 be255c8c bd37eff1 be955a79 3f03a77d bb9f8120 bf06cf87 3f0be77d be557cd9 bf2e3d9f 3ef8c6ec bf5481c9 3e8cb698 3f22c796 be905289 becc1adb bf41d7bb 3f7211f7 bee726e1 3f27ed95 3f0b4f80 bf6b2bed 3f0ae57f 3e95ea81 be102c5e 3d9ad82a 3c8fe011 bf17778a 3f3cbdb8 bf5a87dd 3eb3da99 3e11bc76 3f5611dc bd31b0c2 bf2283a5 3e933e8b bf72cff9 bebd0ed5 3f3d0fb8 beeaf6fc 3e149473 3ec422d2 bf5f59e3 3f5e41db 3d96a8e3 3d9048aa 3f5199c9 bf3f99b2 3ec806c6 beeb5ee0 3f19b9a1 bf48a7c5 3f14dd89 3ef34b00 bf7c4c17 3f71bbf1 beaeaab8 3ed796dc bf3909a8 be00cc89 bf750e02 3e9c0a99 3f4235ba bf785a0b 3d8da891 bd06b170 bdadb8bc 3c11419a 3f53d7cd be9fbe9e 3f7275f0 bf7c8a1d 3f695ffd bf7ef821 3ed05abb bf2763af 3ee6eaff 3e97ea97 3ddae94d bee5aeee 3edadec6 bf59cfe3 3f31f9af be3294b8 3e7b54d6 bd9598aa 3ef0facf 3dc8e884 bf57dfc8 3f3857ad be832e81 3f13298e bf79020f 3f787a06 bed98ab0 bea8d2ac 3e820a70 bf5ecfdd bc84a043 bef43eff 3f4e9dc7 bf103b86 bf2b4daf 3f618bf1 beb75292 3f51f7c9 be6694c7 3f5675d2 3e026c5d be7f5d12 befb8f03 3f5201c6 3dfb68b4 bc81dfbf bec78ad4 3ef9a702 bf6d2df6 3f6fa1f1 bea7a69d 3ee4d2d0 bf78a607 3e7a0ce1 bf3357ad bf516bca bd04706b 3f13db96 bf160fa0 3e3b346a be20a4f6 3db3d8a0 bebbe28b bef4daea 3e9d86a3 beb696a4 3e6034d2 3f2e8dad bf39e3b5 3f51b3cd beb002a5 bd09f07e 3f4795cf bf05198b 3e927a9b bf6ec1f5 3f00d372 bf106d8f bf27559f 3f3ed5b3 3f21f190 befc3b0a 3ea9128a 3f5841d1 bf60a3dd bea9fac4 3f68c5eb 3ea24aa8 befb4703 be41ccd2 beece2d7 3f7ce41f bf3363ad 3f681fe0 befd2efb be500cd8 3d5a7183 be8c8a77 3f44b9bb bf12099a 3ef1aadd bf459fbf 3e5bdce4 3f1e2fa0 3e3b6cc6 be7bbd25 bf3dd3b0 3f2d4ba7 beab26a5 bf1ca195 3f2a119f bf4987ce 3f595dd3 bf0e0987 3e855a8b beb9aac4 bf1d2d92 be91fa77 3cc06192 bee21ebf 3efb02f6 3ed10ec2 3f3fe1bf bf5015d3 bef006eb 3f7041fc bf5c81db 3d87b872 3d870871 3df5e858 bdc348a0 bd189030 be91c29a 3e6d1cf7 bf7a7606 bf040f82 3ec34ac1 3ee99abb be845e7a 3ddd6932 be926690 bed2eedb 3f790006 be548cb4 bf3477b5 3e54d502 bf15a183 3f2d3ba2 
3e72b4a9 bf35bbae 3f755210 bf6f65ec 3f75640b bedad2ba 3f6ea1ed bf7caa0e 3ea8fea4 3f02637b bf25bda4 3ec7d2a3 bf38ddb7 3eacea99 3ece4ec0 3d53d0f0 3cf861f9 beeb4ee8 be0924a1 be1a3c63 3eba0eaf 3f1d4996 3e8bd65f bf5eb3e1 3f1e559d 3f5bddd9 bec2e6ce bf206b9e be3a34ab bf198d90 bd8988a2 3f3b2bb7 be908ab0 3f38f1ab bf3c6daa bf369ba3 3f5813e1 be905a9e be37fcd4 3f3f3fc1 bf59e5e1 3f2e23b5 be767cf1 3e5fdc92 bf129991 3f3175b4 bea1b67c bdd2e892 3e351cb3 3f3aefb7 3e872e8a bf5767c8 3f7543fd bf517bd1 3e356490 3f5a1bcc be854e80 3d3670a9 be9d9e9b 3e2e0ca7 bf7e8215 3f5231d7 3e13bc99 bf763dfe 3f131d91 3e759cdd bf00197f 3f6a47f9 befa36f8 3defa8da be22c496 3e9bfa9b bf703fe3 3e3cdc68 3efa52e8 bdd498f5 3f3861ae 3eeaf2e6 bebcbaa7 bea30296 3eec62ef be984e7a 3db418fa bdf4c952 bf1f45a1 bd4230b2 bdcfb867 3e26d488 3ed386c8 beedcee6 bd4350e2 3f30ffa8 bf4a5bcb 3dcc084e 3f3b79aa bf2fc3ab 3e8c828a bd9d289d 3f024977 3ec28eba 3f4909d1 bf3929ac beda66b5 3f5711ce 3e39f492 3d8b98a9 3ca71fa8 bed722cc be930ab4 be64bce3 becbfad1 3f0d878b bf239d98 3f3e65ae be08b4b6 3f4ad3da bf719ff9 bd8378a3 3e4244db 3e830269 bee49ed2 3f76d1fb bf6d6dec 3e35a4c6 bd209148 bf6735e1 3f193396 bf0bff89 3f7f382c bf4babc7 3dd128c6 bed736c9 3f7415fb bf70d1eb 3f46ffbf 3eaac28b bf2661a0 3f4053c9 3e9d0e86 bdb8f927 be9252b0 3f4687b7 3eb112bd be9a8a80 beb446cb be049496 bf5077c7 bcc0a138 bf14e98c 3f63f7e2 bccc9f3b be0a3c4e beab02a1 bf314fab 3f4b61be 3d9bb8ab bc6042e1 3df2d90f bf5c3dd5 3f099f7e 3eb086bb be1e7cd1 3f168788 3f679ff6 beb98e91 be7e44e6 3ea95eae 3e452cca bea5baac 3e4624a6 3e781cea 3f5825d5 beff3f19 3e87e67e be886e8a bf501dd1 3f7a4a06 bf4ce3c6 3ea12e7f bed73abd be88a28f 3f3401a7 bf058f82 3f3dc3b4 be8e5283 3f2e45a8 3ef36edd bf316da6 bf219d97 3f30b7ae befe32f6 bf6167e3 3f4b33ca 3e890e74 bf284b9f bf4a65c7 3f4145bb 3eb14aa0 bdb48937 bed25eb8 bdb39870 3e054c86 beeb96c9 3f4dfdc3 bdbc2904 bf626fd6 3f21799b bf4171bc 3f32b9ab bf30b1ac 3ed6d6cc bf07c787 bf24c58f 3f3929b1 3f005386 bf1f2991 3e88fe6c 3f336f9e bf6ac1fd 3f6f15f1 bf7c8012 3f53c7ca bf57a9d4 3f141995 3f5b2bd5 bf4f17c9 3f3c43bf 3ea5d299 bee8d2f1 be86927e bf311db1 3ea6aa84 3f540bca bebf4eb5 3e795cff 3eae5abf bd90d837 be78fcee 3eb996d9 bf36f1af 3f3cd9ac 3e94da98 3e838288 3f5afbd0 bf5fddeb 3f2e0da2 bf4e37c6 3eb8aaaf 3e1a7497 3f0f118f bf7ae206 3d20102e 3f314ba9 3cade03c 3ecde2d8 bf5667cd 
3f4c57d1 bf07d981 be998e8e 3f54ddc8 beff2adb bf58efd6 3f44e1b8 bef6e2f6 3f46e9b3 beb7eecc 3d19310c 3cb2df84 3f66b3e2 bf0cff8a bf12e191 3dfa38f9 bea30ea2 3eca52e2 3f341bb1 bf24698b 3e81ee8f bf74ee00 bebbaacc 3f5db5d4 bed502d0 bf4fd7d6 3ea55289 3e112c44 3f31e5a4 bdcff834 3f5b69d4 bf4981c8 bf09717d bee9fae3 3f5355e2 3e5c74fd bed666da 3e9d068d bd9338a0 bebdbebc 3eb5f29a be7844b7 bdc9588f 3e9e9a8a bdd1f815 be142c70 beb82ac6 3f66cbed bf7567ff bf144f88 be63ece1 3f6001e7 bed1e2c5 befe52d3 3f2e4fa2 bf7f4028 3e078c6d 3ee8d2ce beb906d3 3dbc0961 3f2645a9 bebaa6cc bf2e099f 3f6dadea becb8ed6 bf32e3b1 3f4089ae bf7de019 3e8dda6e 3e8afe69 3e773ce2 bf27139f 3f082b75 3e4b9c72 bf609be4 3ee402ea bf461db7 be55c4b4 be6f2cde 3f7ee823 bf3845ad bdfdd93f 3f33fdaa bea99e90 3f1f1ba1 3ef0e2e7 bf3e8bbd 3dea08dd bed956d8 3eb836c5 3ea5f6ab bf3de5c4 3f3905bd bf10b787 be0e0c60 3c8821ca 3cd8612d bee35ecd 3d2ab057 bf6ccffc bd23ef91 3ee0aec1 3ed776dd bf5e8bcf bce55ee4 bf14af81 3f184589 bd84d83d 3f76860c beef72dd 3f415fc3 bf1a5d9e 3ee02aca bf126394 3da26901 bf530bc9 3f60bbd8 3ebfd694 bf6819e0 3f3b03b5 bf2faba6 3e202c8f 3d53f077 3ec72acf bcad2243 3f7af20d bf1d918d 3e8bae86 bf4f91c1 3f20bb9e 3ee5d2d5 bee22ec8 3ddf98d4 be93aa89 bcaae143 bf30c7bf 3f5f83cf bf6fb206 3e8d2e80 be5d04c3 bc7443a0 bf37f3c1 bf061386 3ea1ca98 3f001175 3e71ecf9 3f0b6580 3f1acd83 bef7c2dd be0944c1 be6a8c9b bee3bed8 3f5223cf 3f52c3d4 bf55bbd2 bf11c189 3f1fd5a1 bee5dece 3f7d2417 bed932cf bf2d71a3 3f4d87d8 bf6a2ff9 be629cc2 3dacd88b 3e0b947f be4bccaa be81a692 3e833683 3d6931b1 bf165788 bf100d79 3e9e06a6 be7ddd2a 3f5569d7 3d797096 bd8a189d bf03e787 3f5d8bcf bd4190b2 bd84183a be7014c8 be13c47f 3ed552cc bf363dad be909e8a bebdf6d2 3f0a4d88 3e0db445 be14ecb7 3eec16f0 3e97ca88 3dc428b4 bf316fa9 3f7517fc 3eeb7aca bf1add93 be008c52 be2d0ccc 3f69d3f0 beab76ae 3d96785e 3e1d44c1 bf3ae7c3 3ee9dee7 3f4a29c2 bda218d2 be9a467b 3f188d94 bb847b2a 3ec5f2cd 3e1d4c77 3f056f89 bf6ab9f1 3edb46d5 bf4075b8 3f6747d9 bf7de621 3f3973aa bf055f8d 3f083d81 beb4feb5 3f741bf3 bf6379e1 bea4d6a5 3f343bb5 bf0ea57e beae36bb 3e9be686 3d42f15c 3f166391 3e6b6cc6 bf4899c5 bf28559c 3f5181d4 bf693df6 be0f04b5 3f118187 bf029985 3f7b9006 bf30ebab bf41d1ab bd1cf02f bee802f2 3f12ff8b bf454fcf 3f45afc2 3d8a287c bf192b8e be686cd1 3f17b38e 3e870284 bf028570 bf397db0 3f7c1a05 bf1b3b86 
3dfff913 3ee22ee9 3e0b64a6 bf456bbd 3f26adaa 3eeb0ed6 bd3fb0be bf4a6dbc 3eb87ec8 bf4ad9bb 3f1fe39e beab2ea3 bf325ba5 3f2c0f9f 3e7724f6 3e2c9c8c 3eeba6dd bf52c3c7 3d365035 be149cb7 3e253cb7 3f6677dd 3debc84a bde33902 be15d48b 3ec2dea3 3f01b368 bf7ab803 3f120586 bf3e7dab bf2a8dad 3f3efbb1 3f60cbda 3e9b8e85 bf22e194 bdef2968 3eb9f2b1 bf3fc3c1 3f333b9f beb366ce 3ed882b7 be9f52a5 bd70109e 3ef71eed bf5c29ca 3f66c5ed 3c99a0e9 bf17e18c 3f54cfcd 3f66c3e9 be8f5e8b bee7b6eb 3e273cb4 3f59cfd9 bf4551cd 3f6f35ea be96aa87 be381486 3e070c9a 3ea30ab2 bf649bdf 3f5eaddb bdfba8de 3eeef2e9 beebfad9 3f69e7f5 bebb1ace 3f1cf597 bd723137 beacb6a1 bedf26e2 3f6553e8 be5314ca 3ceb5f6a 3e5ee4e9 3f0cdf89 bf0d0d8f 3f79ac09 be0da475 bf1e1790 3e193c99 3f3849b7 bf5941d6 bdba090a bcf1e0d6 bf3593b3 3f5879cc 3e9df687 bce0211d bdfd58d0 bea75287 3d973872 3ea20ea2 bd4d30f8 3ef4eede beb17ebf 3f5a47d3 beeb8ad1 3f23c3b0 3f2da5ac bf431fbb 3f0ca17f bf6ddbeb 3f6cd1f4 3e9c5ea0 bd87e848 3eaf369c bf3a7faa bf345db0 3efeeaee bf3ed5b6 3f007379 bd916900 3e8dee7c 3dd378b5 3ece76bd be7d84f0 bf23719a 3f445dbc bf1855a8 3f129d87 bdcc28da 3dd3992b bf25c799 bde878cd bec286bd be3de4a1 3f069d7a 3efddb06 bf5fc3f0 bbdc7ecd 3e0b1c96 be2cbcad 3f3d2fbc be7dd4e5 3e3344f3 3ea556b4 be4854eb 3e139c56 3d0cf054 3eea8ac6 3f402bbb 3f0c9785 bee0e6d9 bee256da bf05fb7d ba1bdbcd bf7253f5 3f7ca213 be82ce9a 3f01cb72 3f0f9384 bf6b03ea bf3bf5af 3f284b9e 3f63abd5 bf7bb80f 3ee9eed9 bf56e1c9 3ec5fac1 3ed8f6b0 bf05db7f 3eb69ab6 be80e287 3ed52ad9 be828e59 3ee296f6 beabd6bf 3ef85afb bf142f8d 3f6211e5 3e7c8d1e be8df295 3e757cc5 bf5c9fd5 bec0c6b1 3f2bed9e bcb85fc0 be88aa8d bf057185 3f6213db befe6700 3e98d296 beb04e9a 3ef046d7 3e938671 3eed22d6 bf4451bc 3f61cdd8 bf524fcb be94868e 3eb24aa5 bf3e6fb2 3f023378 bf482bc4 be40ecad 3ebb369b bdbb9929 3e4a2496 bf5bd3de 3dadb8b1 3e9cfa92 be030c5e 3f3699b4 bf4c3fbe bf416db9 bc1bc18e 3eec8ef6 bf75840b 3ba583e6 bf0dcf78 bf0fb589 3f4213bd bed4fad5 3ee2dade 3e157488 be04c46c bf048775 3f6b67f6 bf54bbd6 3f127787 bf6c6ff8 bdc718da 3ed456e8 bdc3f85a 3e20348a bf0e2987 3f2befa3 bd56710f bd11f0a4 beb216c7 bf4d79c7 3f6be3e8 3f31a3ab bf3d53b0 3f2e15af 3f49a7c0 bf7ce21c 3ee40ad8 bf6937ed 3f3ad7b7 3e768ce5 3f77ca02 bf46b7c9 3ed0feae be0024b8 3da04886 bf48c9bc 3f7e6e20 bd9ab8b5 be4df4c0 bf24f7a2 3f54afcc 3dda5903 bf011f83 bd93d8eb 
bf5f7be7 beaf7ebc 3e56ad1f 3db6c84e be9b92ae bebe1eb0 bcbbe054 3f5cebd5 3dad18da bd3a7033 3ef442d0 beafc6b1 3ead5abb be823292 be96c284 be360c90 beb046ab 3f4003c8 bf173397 3f70edf6 beff96f1 bf4bd7cc 3dbd28e7 bf3125b2 3f5febef bedb26f4 be99829d 3f2615a5 bf462fb9 3f6097ee 3f0c1d83 bf38a7bf bf6e77fe bc86a377 bde81892 3f471fba bf465fbf 3f783a0a be8f86a5 bf05ad7a 3ef2b2eb bdb038eb 3e224c7f bf208da7 3f75f402 bf581bcb 3ca7e2e5 bda93891 bebb12d7 bf6357e1 3e2c8c66 3f03b582 bf4689bb 3db47864 be2e5c8c be4b9cdb be1674d7 3ecb86d3 bf2d89a7 3f4631c4 bf3df9bb 3e907a80 beb8beb5 bf632fea 3f2641a8 bf4357c1 3db7f8c7 bf14039b 3e2f747b 3e5d84e9 3ec2d6b5 bf2b39a9 bf0ea392 3eaabe93 beeb46f1 bed69ee5 3f0d5578 bee536dc be6fbc9d 3f1689a6 3d99188d bf5f49d6 3f261dac 3e861e5b 3e0d8ca0 bc46becd be6a1ce7 bf5259b9 3ebd9eb5 be80727f 3f769605 bf32a9b3 3ec3f2cc bf67d7f4 3f27199b bf466bbd be63bcfd 3eb6febb bf7213fa bd9c293a 3f11f98e be89fa76 3e12d4c2 be067473 bf250f97 3ea532bf bf1ac795 3f2f1faf 3f71d9ef bf33afb6 3f77ee0b bf6187ec 3e8d4675 bee126d7 bd09908f bc58bc84 bebcf697 3f20d997 bdb9f8cd be01f46e 3eb74e99 bf6e19f9 3f02c58d 3f1ca792 bde4d920 3e940289 3ebfe6b7 bf5adbd1 bdf638bc 3f6b89e5 bf3807a4 3f6dc9f8 bf5aa5ce bd05ef7b 3d7b702f 3d64b0a2 bf6a07eb 3f5abfca bf169b97 3e449cbe bf4675c3 bf63d9db bf005179 3f2e67af 3ed372ac 3ecc5a90 be382caf 3f35bdbc bf4683c2 3e5df4da bf5aabd3 3d197084 3e7da50b 3f7a9e13 bf7cea12 be56551d 3e99769e 3f00936b be573494 3ea3368b bed4e6cd 3d8bc8f4 3f285fa0 bca7a1bd bbe9802e bf082992 bce761dd 3f1b919f bf744c00 3f1f6589 bf4df1c9 3e72851d bddd587b 3eb3f6cd 3e783cf4 3f55d7db bf6fd5ef 3e3ad481 3d9d18ab 3e76d50a bf152d87 3ecd2ac5 3ecd7ed6 bf4793bb 3f3801b9 bf55b3cd 3daec8b3 be345c70 be819e67 3e954ea0 3f56ddca bf78e20d 3f796210 3ca79f2a 3ef472e0 be5c44cc 3ed9cac2 bf0c678b 3f3d63c2 bd4070aa 3f084f8a bf0d7585 beabba91 bd3c910f 3f1eff92 3f27819d 3e1cb4b3 be780d03 3f45e3b4 3e972a86 3f4413ad 3e1a4482 bf26eb9c 3f14d78b bf4023bf 3e7ffce7 bdc9988a 3f4d49d4 bf5a91e5 3e820281 3e9bfe6f 3f11538b bd8047f1 3eeb36ed bf3557ae 3eaa4a9d 3f011d73 be75150b bec3f6da bd9d3856 3f137797 3f1fbda2 bf2c67af be5b94c7 3e0fe49d bf0f418a bf21efa1 3e71e4f6 3f767206 bf24ed91 3f2581a2 bf64b3e1 beaa629f bca0df9b 3f04117c be85ee6e 3e6bbcc7 3e14a480 bd2410ae bf48dfcf 3f7a6404 be868e6a 3d8b1833 bea2d694 3ee8decf 3f01dd67 
3e605cf9 3f4441bb be7d5cc9 3d94b897 3f14e193 be350c9e 3b1d02af bf00f16d bee2eab9 3e6edd2a bf09d378 3e825e7d 3ee76ee3 beed4af2 3f56cdce bf1e239f 3f07878c beb112bb 3ebcdabf bf45e1ad 3e3ed4b5 3ee1c2c5 3f4f39d5 be435512 3e03f49b bf58d3da 3f5a03dc bf2397a1 3f457bbc bf4e1dc1 bcde603c 3e795517 3f3609a8 3f02f96a bea696b6 be9066a0 3e9af295 bf4335ae 3d8db8d5 3f3a05bb bf489fca bdf1e8de 3f3597b7 bf02c17d 3ea3d2bb bee0deee 3f37b9a9 3eea5ad9 3c76400a 3f08178b 3e8a5e75 bed402b1 3f7b5e17 bf4903c2 3f769ffe bf20e3a4 3f6141e0 bed566c7 3eb13ea0 bf23d1a3 3f7a3610 be997285 3ef4dae4 3f5795ce be034c95 bcc4211a 3f2bb3a2 be538cb4 3f33e3a8 bf73b407 3e7eecee 3ee7a6e4 3f522fcd bee0feed 3f7d0210 bed4bec1 3ebf26c1 bf1a7184 3ed7bed7 be875670 be80a272 3f4c61c2 bede02dd bcad5f6c bef44aea 3ecd8ac3 3f272594 be81b684 3f46efbf bf003f77 bf4d3dc2 3f6ec7eb bf461bc8 3f6377e9 bebf6eb7 3f1b67a4 3dbc7888 be39f4fa 3f373fb6 3e077c7d bf18619d bdc5d837 3f3e4db7 bf106786 3f1e959b be8ac286 3f4973c2 bf6ba5f8 be981a7d be840a66 be08ec8d 3efd1306 bd32513d 3e90a697 3e59dcbb bed85ab8 3f7a040d bf7b5a15 3ece42ba bf280fa6 3ebf7290 3ee25ecd be11245e bf78c20d 3f39c1b2 bf40e7b0 3eb966b8 3e95ce7d be899a84 3d76312e bd8ba885 bee5e6d9 3f6d2df5 bf3b41a9 3f0e2398 beb4a6ad 3f7bcc0a bf6aedf5 3f5359d8 be8c3e75 3f6d8a02 3f713ff9 3ee482d9 bf3dc9bd bf6b27fb 3f3f13bf bf243995 3efe02e5 bf004579 3f711ff6 3c57bd01 3ea6069b bee5cade bec60a9e 3f5fdddc bee2bed3 3e7be514 bf7e021f 3f3b4bb3 bf4a33bb 3f35b1c0 bf0b1f7c be6fc4d9 bf4ccfc8 3ebff6c9 3f37ebb7 be5e04d8 bf06eb7c 3f077b7b 3f1a498c bf0b7b81 3e4dfcdc be8e6288 beaeca98 be507cf1 be9a9e83 3d49709e 3ef9c2dd beea5ae2 3f323db0 bf0e4589 3ddbe930 bf4a9dd2 3f6873de bf00c37f 3d1810a1 3e5d04df 3f4de9d0 bf27e1b6 3eeafad0 bf795810 3f5487be bf31a5a7 bf14938a 3d900868 be6ea510 be7d9cff 3ec802e3 bf5fa7e2 3e6f7ce5 bf01057e 3ee492d8 3f141b9c be8e6689 bf3b59b8 3cbd60a4 bf1cff9d be25dcb1 be5fb4be bf4a2db7 bf5b41e3 3f4565bf bf41d9c4 3f4a61c7 bec8cac6 3f1ae190 bf511dc7 bdbc48c7 3ead367d 3dd3588b bf67f3f4 3e001472 bf21c58c be170c8a 3eee8ef3 bdd628ba bf5b65e8 3ecb96cb 3db05823 3e967285 befed704 bf3ccdb5 3f42fbce bf3491af 3f348baa 3e5654bd 3f66edd9 bf117794 bf0d157e 3df93902 be35748b 3de0f8ec 3f101781 3e3ae4ad bf25579a beeffacd 3f3d19b8 bf7aaa0d 3f6aaff3 bf0c1f89 3f0ac383 bf5fe9e2 3ef952ed bd8df83d bf2ee5a5 3e4ca4e6 
3e448cad bf044d90 befda6e4 3e120474 bf4f69cb 3eef62d7 3e99167f be0fa453 3f2ceba7 be1dbcd0 3f040982 bf781406 3f029d7c bf550fcd 3ebc1aa1 3e07044c 3ec3fadb bf6467dd 3f23f598 be59e4a8 3f4525b6 bf3995bc bf491baf bd9348e3 3e9c5aba 3ef386e4 3d94a823 bf1fd991 3f34dfa5 bf3a85ae 3ee60edc bd20d0fa bf3e4bb4 be2b34af be4d94cd 3f217ba9 be94a299 3f39afc0 be996e9a be004493 3f24658f bdd5a87f bec546b9 3dba0858 be05dc80 3f2325a5 bf6bd5ed bf5fabcd 3ec3c6c7 be822e6f bf4001b2 3e98c69d bf5a35cb 3f5c0de3 bf55e7dd 3efbbad8 bf68dddc bdd2b8a8 3eef6ec4 3b86809a bf1c459b 3bdf8150 bf3ec7b1 bee9f6ef be60fca3 3d34d17d be9e1a96 3cffe28d bf3aefb5 3f64e7e1 be84be7b bf6a6bee bdfb88f5 beec5ee1 bebc7abf bd0130b9 bdc758d3 3e94e6ac 3f3ca1be bf65dbe9 3f3253bb bf3049bf 3e091467 be5db50c 3f41e1b6 bf7227fd bec36ec6 3e02bc75 bf08c37c 3e9cb686 3f4763bc bf5b5de1 3f358daf bdefb8c3 bf4473c0 3f0d3b8f bf572dc9 3f5043cf bf780a07 be30ecc3 3f502dd2 be7564d9 be986a99 bea946a3 3f5eafdd bf7171f1 bc9a1fe2 3e9d269e 3ee2d2d1 3e7e7ccb 3e80a679 bf60e1dc 3f1a8999 bf70e1f1 3f13318d bf0beb88 3d4f50b6 bc8be0a4 3e43a4b9 3f5031c6 bf6a7fec 3ea366ae be8f8e9a 3f2753a0 be5c2cbe bd1131b7 be60c48d 3dee78ce 3ea9d6a7 bf30a9a5 3f595fd8 bf22538f 3c494286 3f1fb19d bf383bac 3edef6d9 bf37cbac 3f31cfb4 bf683be7 3e3bbc7b bf6b61f0 bf63f1f0 bebad6c0 3f688ded 3f25379d bf033779 be990289 3e3c1c8d 3dcc397d bf5111cc 3e42bcbb bf0e4382 3f7c300b bf4e71c9 bcac60dd 3ec366c7 bd1fd1a1 3edf42d3 3d641176 be361495 3ecfa6d1 be838292 3f37cfb7 3f0f478c be21ec94 bf2fe9a4 3d3891af 3f67dbf4 bf5003cc bf4b41ca 3f733dfb be119c9c 3f47f3be be90a68d 3f6979f3 bf5c11d7 3f5b1fd9 becc5ac8 bec946a8 be0d4c8b 3ef36ada 3e3b449f 3f171d7f bf12e795 3d99f828 3f1bfb89 bf158194 bef58afc 3e51649d 3eac1e91 bf00277f 3f22c395 be63550d 3f7a1215 beb4fa8b 3f4661cd be2a64b5 3d50304f 3ecb3eaf 3e5754e2 bd14efea bd937899 bf1be98f 3f044d85 3ed01ed3 bdf5093a 3ec62ec4 3f7673ff be7b1cf1 3f793401 3eeaa2db be77fcee 3dc848a4 3e5facad bf25c593 3ec7eabb 3e660504 3ee1d2e7 bf36e1c8 3f46f5c3 bd9e88c7 3f2d459a 3c03c172 3f1b4f95 bf24779e 3e89aa7a 3f3d2dab bf2d91a2 3f6809e3 bf788016 3f34f5b2 3ef3daf7 bebc12a5 3f6005e7 bf3f11bf beab8a84 bf4791b9 3f3d01b6 bcb6e10e 3f0dad84 bd95889d 3d9b28ad be7f851b bf03e57b 3f6823e7 3f1fcba7 bf5447c6 3f665de5 bf4ac3c4 3f3243b5 bf5231d1 3f69e9e2 bea6d29d 3e1edc8d 3f33a5a6 bf196f8d 
bebc86c3 3ed132c5 3f2aeda9 3ec0b28e 3ec31abd bf27cba7 3e66ecef bed2c6d7 3e894675 bf3c43b0 3e908691 3f38bfb5 beb90ab0 3f397bbb be6e14c4 bf3cddc2 bdce28ee 3ed516d7 3e1bec9b bed60ab7 bec306ad 3f0de394 3ec42eb8 3f3341a8 bf251994 bf5f3de7 3f51ffd1 bf5a97d0 3f469db7 be995294 3f226f9b bf43dbbd 3f7a1e0f bec762cf 3f4623bf bf3901c2 bf09b784 3f3acfb8 bf5977e5 3e63ad08 befc5ef2 3e3a44ae bdb9888a 3f4dbbc3 bf308dad be5d7ccf 3f62e3e9 3f7c7413 bf278dac 3e910e8e 3f681bf1 be00946b 3f19dd8b bf3521b5 3ec6ded3 3d251011 3f4b15c9 3ddb2912 be4c44e1 bedcf6dd 3f564bc3 bba3821f 3f6e61fd 3f100175 bec186cd 3f76a80b bf722bfb 3f5083c9 3bb17c59 be8b167a 3ec20acb 3f1c7d97 3ed02ac2 3ec15ea3 3ebe32ab 3ddff8ff 3eac6a95 bf31a9ab bf33b59c 3f223599 bce620da be355cb4 3f65fdd7 bf068f84 3d261016 3f5e79dd be256472 3f7d3417 bf4bb5c9 3f002b8a bf4827d2 3f303db7 bf78ba0f 3ebb0299 3df9995b 3e34fcbc bd25ef75 be4b5c94 3eb37aa4 3f2eeda3 bf6423f0 3dfec93d 3f02677d 3e02f466 bf5e45db 3f4f61cc 3d7171f2 bc5abbcf bf033b7c be8b9e9c 3e4d64d9 be036456 3f37b5bb bf10338e 3f50cbd7 be8ed27d 3e81fa82 3dd248e3 bef47adf beca56b3 3f1995a5 bf15af8c 3f1e258b bf18519c 3e8d3a86 3e84c65b 3eacf2c3 bf734ffa 3f4fc1cb bf23878c 3f1fdb95 be63f4e4 3bd0865d be5904bc be006c73 3f24638a bf54ebe0 3f47dfbd be61e515 3f4385c2 3f08c17e 3f3b59af 3e39dcb6 bf4305be beb716b0 3e127c80 3f6b6fea beb492b3 3d557032 3e94367d 3f1d759a bf3827bb 3e3f5496 3ec94eaa bc0142cf bee6a6c6 be158493 bce49f52 bea622a3 3e893e99 bf055b6c 3ec65ac0 bf4ffbd1 bdbab87f bdfc9994 3ea40ea3 3e1c24a3 bf79d805 3f7ace13 3f1b5f9b bf6c51ee be630ca1 bf4259b4 3e3494ac bf24dd95 3f797405 bf66f7f2 3d83081c 3f62d9e3 bec0e2c1 3ce7a04c bf7c2a0f 3de8e909 bda2b867 3eb122a3 bf5057ce 3f394fae bea932c8 3f21f394 bf5cfbe7 3f717bf3 bf27e591 be9702af b9c802fd bf1ee792 be06dc5e bf037587 3f07a38a bf45e5c4 3ed226e2 bf26edb4 3f5305dd bf129b82 3eb4de99 bf689bee 3f7395ef bf694fe8 bf1f798d bf123f9d bcb2a164 befe832a bee052f4 3f36f7af bf736fed 3f3c05ae bdb89894 bf6fb5f1 3f4103b1 bf6213f5 3eeb6ad9 bf5bedd9 3e399caa bed5c2c9 bee2f6d1 3f2947ab bf70f9f3 3f3771b6 bf18a992 bed91ed0 3e8b0e73 3d011015 bf37ffb2 3e5af4d0 bf55cbd3 3f073d89 3f125396 3df308f3 bd79f07f bdbeb879 bf74460a 3efdcf03 bf342fa5 3f5b07db be9f2e90 bf137d96 be31c4ae bea25e91 3f050f78 bf57cfe4 3f76fffd bf4eb1c0 3f43e7c5 bf6fa1ee 3e364cce beb1f6b4 3ec1ded8 
3f4765cd bf072d81 bf40e9c7 bf026789 be858e85 3f59dbca bf4919be 3f4d13ca bf4a6bb5 3f7ffc4d bf49efba 3d5131ac bf4201b0 3edf7eb9 bea6e6b9 3f652de1 3ede86ce beb346a6 bec9fac6 3f0e8785 3d6cd073 bee696e5 bd607072 bf4f1dd7 3f17e79a 3f3887bb be26bc99 3dfb2895 3ca76066 bf2e15af 3f15ed88 bf546dce 3f5ba3e0 bf3631b9 be137c69 3ef61ecf 3f25db9d bf6d43ef 3f3cddbb 3f4839c1 bf5f4fda 3f75b800 bef966e2 bf5081cf 3f7291ef be3b24f6 bf2a13ab bf7289f5 3f4dd7bd bf1bd191 beea8ae5 bf1af19a 3e8e228f 3e301c59 bdb538e0 be841697 bf6139e4 3e4f04f4 bea09e91 3f1cffa5 bea8dea2 bf41c3b3 bed45ecc bf7e9e1f 3f236997 bf6341e9 3f42f7c9 bed8bec8 3e98fe8f bf115d8b bc48c051 bf4603c6 be772cd0 bf124790 bdd7a896 bf002370 be1ad4b3 3f08f58e 3f7e3221 bf671deb 3f0e3f86 bf041585 bf007186 3eb7fad6 bec8f2aa bf3fedc1 3deb78ea bf66a7f9 3ecf7ab5 3f00617f bf4e11d0 3f66d7f0 be23ecbe 3f2ed3a2 bf1aed8e 3eeadae8 bf2969a6 3f784207 bf5e61d0 be646cd2 3e126c60 3ef556ee bf736407 3eba7e98 3edb62dd bf017985 3d9948ba bef34ede 3f2be3af 3d95f8d2 be2c3c51 3e918a7b bf36cfba 3f0fbb83 bf71d7f9 3ed886cb bf280ba0 3f2119a1 bef632f0 3f7b340b bf6473e7 3f7e1a20 bf4c69c0 3f03a373 bf175596 be47f4d1 3d89e889 3ec906a8 bea7eacd 3ec66ec6 bf5f67e3 3f3f9fb4 bf17938a 3f5573dd bf44bfae 3f7561fa bf4a1fcb 3f456bb8 bf4b5bd3 bea45299 bf65ffe4 bdf4d924 bda3d8dc 3ec272cd 3e85da97 bd50d0a0 bf28c9a1 bf09bd74 3f56e5ca bf58ebd0 be3d5ca3 3f4cb7bd bf0d6383 be595cbd 3ed702c2 be03a45d 3f4925c6 bf0d977e 3e96ea82 3ed782be befb66de 3ee41ae3 3e0c8452 bda0f85c 3e4834ca 3e37dcc3 bd66f0b0 3f018f77 bf5345c5 beabd2aa 3f6af5e5 3e8d2676 3f4d83bb bd2fb17e 3e55dcd9 bf53b1c9 3f77f5fe bf23e79d 3eefc2c6 bf628beb 3f4b9fc3 3f157f8d 3e7a4d2b be6f44fb 3cc52005 3e4534e4 bd7491a3 3ec846a8 bee602f6 3e2e04d5 bd6a116a beacf6ab 3f7dc033 beb2c2a5 3f238796 3e828276 3ef446fb befd8f12 3f211ba3 bf216997 3f2ea1a3 be31348d be386488 3f43d7bb bea12e88 bed46ec0 3ef6d6e4 3f32a1af 3f5de9c8 beb6ae9c 3e80166e 3f5115bc bf110f82 3ee2eac9 3e4d8ca0 bef7dece 3f5903cf be669cfc 3e6f4ce7 3f1e8f92 be086cd8 3c7cbd61 3ecff6c9 3db388e1 3da54862 3eaee2a2 bf5251c4 3f36fdb4 3f1abf8e 3c023f91 bea4e2c5 3f2d4f9e be0684b4 3f620fe4 bf3293ab be1eccbe 3e7b2cec bf5e3fdd 3f740e02 3eac728a 3d902860 3e4604c5 bed7b6e3 3e77fcc7 3f6d17e1 bf3101af 3f6b37e5 be7fd513 3d80c8e7 bd38b0ad 3cfaa1a1 bf04bd85 3f4b3bc6 3db6a8d3 bdabe889 be901e81 
bf2983ab 3eda8ab4 3f18eb8a 3f65c7e6 bf3701b4 3f2e299b bf362bac 3f4719be be469cbe be4c8c84 3ecbf2be bdeb08fa 3f79bffb bf261da0 bcd6a041 be9fae96 bf4cb9c2 bdd9f904 3f60c1d4 bf752e02 3f5e17e8 be94d671 3f12819e be3cc468 3ec046bd bf788bf7 bed7f6b5 3f240da2 bed22ebc 3ecc2ad8 be8d2aa2 3f2e3bb1 bf798011 3f63d1d5 bf135389 3e6d84dc bf4fa1ce 3f6995ee bf6c69e9 bef0c2f1 3efe22ee bf134988 3e9e6aa5 3f04df78 be86ee7c be586cef 3f6189e9 3eba3ebe be82868a 3e844a83 3f17577d 3f257397 bf3301a6 3e0ad472 3d4a7147 3ef476ed 3f02696b bdc1e8cb 3f23ef97 bf6703ef 3ecb92c9 3f03617b 3f58b7da 3ef4f6f3 3e6984ea bebaceda 3ef12acd bf6c09f2 3ea9be92 3ea4e67f 3f1f97a1 3d6910a2 3f59b7d0 be286cbb 3f6e97eb be8a9287 3f58e9e4 bf7341eb bf134f81 3f166b98 bf30c1ad 3f3edbc2 3f04fb7d bedcb6e8 3f108791 3f5379ca 3e014c8c 3e6ab4ef 3eca92b7 bf753005 3f3a99ae be9d1e86 bf4b27be 3e0dac97 bf15d78b 3e98cec5 3e5a4d10 bf18d986 3f020b7b 3e6514e1 3e945281 bf2d63a1 3f6661ed bf01737c 3de2391a be4f0cf5 3f06d778 be4d14b5 3ef5eae2 bf61e7dc 3f063b7c be158c3f be0fb46c 3f24a5a3 bea3ae96 3f5bd9d9 beef36b0 3ea316a9 bd06d06e bed786b0 3ec53aa9 bf11b384 3dd8c94d 3e8b4260 3eccceb9 3bea8722 bd5c30d9 be8d5a7f 3e7b04e5 3d99b884 bd1ab0da 3ecbfede bf3567aa 3f5d57da bf6cc7ef be01447e 3eedcee2 bf767409 3f27bb95 3f57e1d1 3e31649a 3ef54af3 bf2203a2 3efe9ef7 bf36e7b3 3edb86af 3dc6c84b 3f79f410 bf6317e7 3f72f5fe bf1d4d8f 3e42a4b5 be7254d8 3f16cd91 bf7fdc3e 3f145584 bf7a940a 3f4f5bc9 be983677 bf2bf5a7 3f7c0e13 bf55b9ca 3f09818c be099c61 3e4deca8 bf5823cf be10f4a2 3e17446c 3f17a394 be0f5c6f bf2f21a4 beae02bb bf3a3bbc bcdee130 3e9ed286 bdef691f 3f0c637e bf35e3b4 bdd598da 3f465bbf bf4a5dcd be7f94cb bf6277cb 3f6e1be0 bf00c77d 3e881275 bec4e2b8 bf08fb7c 3f16c188 bf09bb87 3f2c15b0 be4ac4c4 be8a826c bf139790 3e973699 bf49b7c0 be020465 3e7f9ce2 bee1a6f3 3f62c1ec bf64abeb be17fca9 3eda86c9 bf7e121a 3ec476cc 3f58efd5 bf3debb4 be870e7a bf74aa0a 3e520cb6 3e215c70 bf756df7 3e4154a8 bdeac8f4 bf0ddb82 3f277da7 bf7f2c35 3ee70edf becd7ec5 bf759606 3eeb52de 3f0dd582 bf787006 3efb2afd bf5947d7 3f0f1582 3e9bd2aa be92d698 bf44e1bd bed79ad6 3f2e2ba0 bf39f3b7 3dbff8ff bf188990 3f1e8d9b befadaea 3e709d10 3f0c9980 bf3207ad bf19c98e 3edfd6d6 bf3be1b4 3f72ebfb bf596ddd bf167193 3f6411e5 bf5c21db bef066f7 3f7147fc bf72a1ff 3f616bd5 bd56104d bd8aa879 bf33c9b6 3f209194 be09bc78 
3f63eddb beb6eab0 bf2251a4 bdd3289b be8d967b 3e00ec79 be4e7cbd be062c85 bf4809bf 3f763a05 bf38c3ae 3e8b8292 bf6201d6 3f442dad bd9958d7 3ee8e2d3 3eb16a97 3f538bcd bf69aff4 3ef7cafa bf26a998 bf00cb7a 3f27939b bf43f1b8 3f041b85 3e183cc6 3f5b2fe3 bf3135af 3e702cf1 3e7ff532 be44349f 3d68516c be3f34d6 3ed1bac7 be0b6c83 3ecc96c5 bef9eede 3f132388 3da9a8d3 3e5dd505 3f00356d bf4951c5 3f5af5cf bf7d301d 3e861289 be774d07 bd47eff3 bf3b17b3 3edb2ebe beba4a98 bf1b238e be239497 3ec02ecc 3c90a099 be4cccc2 bf60e9f3 3f014972 bf4ffdcf bd847896 3ed4b6c6 bd848869 bf0a8f91 bf1d7f92 bf78f3ff 3e82b263 bea4deae 3f3937b2 be02bcbc 3f40c9bc bf747601 bf090f83 bd86589b bef17ef6 bea32a85 becdbeab be34c4ab bf00116c 3f2fabb4 3e9b1a83 be92daa0 3f328ba9 bf18fb96 bf5e71d6 3f48c1cd bf4bc7d0 bf5a9ddc beeb06e0 3f01696b bf77a406 3f525bc9 bdcba8bd be6aa4fd 3f5fdfe6 3ee37ee2 3e250ccd 3e43e4a7 bed512c1 3e543cbd 3e87a675 bf7403f9 3efd6ae9 bf152990 3f2bd7a9 bf583dda 3f1d399b beaa5eb0 3e80ce9e bf5139c2 3f0c3d93 bf181591 3f6af9fd bf4b09b3 3f138186 bef80ee5 be5f3cce be8b4e81 3e8aca97 bf6e75f4 3f56c7d0 befe4ef1 3d418fe8 3f231d9a bed292e0 3d8cd8d6 bf2b67aa 3eb212a6 bc444342 3ea3bea6 bf5b19c5 3f3f05a9 bf4b93cd 3f3c5bbb bf400dc3 3e019498 3f3c07c0 bd25b0cb bb74f896 3f7aa80d bf48dbb5 beb6e29c bf4cd9b9 3f5ef3df bf6d13e9 3f513fd5 be120495 be9ab696 3ea8cab5 bf6c3fd8 3e07d47c bda028dd 3e8ab283 bdb498e0 3e1a8c8f be169caa 3f5041c8 be824e7e 3eb02aaa befbe71e 3e8f0294 3e2fc4c6 be3244a2 becceab3 3eb336c2 bf5069cd 3eecd2cb 3eda1ed0 3f5b29d3 bf5303d3 bedc2ee3 3f45e9be 3dfc2917 3f275d9c 3f05c57f bf09758c 3f1a478e bf34cdb0 beb53ace 3f5765c4 3e82ee7f bf1a4f8b 3e710d02 3f6cdbee bdaa18a5 3ce5609a bea4aa91 3de2685e 3f233b9f bd1ff02b 3e8bd28e 3e23bc69 bf1b9d97 bd88788c 3f04c78b 3f042f78 bee182e2 3f3af9aa bdda692a 3e111cb3 3c8e208c bf28b59d 3f5c0fd8 3dba38bd bd8ce852 3f300fa6 bec0f6c3 bf136796 be10e499 3f6557f1 3c91dfe4 3f01cf7c beaaa28e 3f1d578f 3e830e5e 3ec26aa9 be902e8e 3e98caa0 3f306d97 bf598fe3 3f7163f4 3f6071d4 bf30dba0 bf2813b0 3f0b3d8a 3eaafaaf 3be0801f bd78f138 bf28779f 3ec0dabb 3edaeebf 3f5a01d5 bf31efb6 3e6ed52b 3f4a31bc bf70e9fb 3f272fa2 3ebeaeb0 bf66bfe4 3f1fd790 be439cee 3f5621d5 bf2113a7 3f30b1ab bf45b7c5 3f275b98 3f0b3f85 bf732204 3f490dbf 3f1c0d87 bf779213 3f34b1ac bec3aabe bf6b5bee 3f7681f8 bf1cd593 3f5259dd bf39fdb4 
beb54abd 3ede22f3 bed0fad1 3f1b158c 3dd468c4 bdb468a6 3ebc7eb0 3eb332ac 3f41b1c9 bf6303e3 3e3d4ccf 3e845e94 3eb7eaa8 bf6169e9 3f196f9b bf57dde2 be4504c5 bf06a779 bd45f0f9 3f03ff81 3ecc9ace 3f3d8fb7 bf5095c9 3f382fbb bf15e58a bef09ed5 3eecf6e0 bf701bf4 3f43ebb7 bf6939f0 3e1cac8c bdc6d934 3eeb0ad2 bf04fb6f bea73689 3e7484d5 3ec6bec7 bf6635e9 3eb31ea5 beabfe99 bec3feae 3f3617af bf3d07b9 3f1e2392 3e8c0279 bdbee917 3f08d38b bf0e0f82 3f5d6fe1 bebf52b4 3f2ef9af bd2b0fcf bef60f03 3ed61ec0 3da1f806 3f5393be bf02e185 3f2807a7 bd2c103d 3e06849b bec77ae4 3f00d778 3f5651d7 3e9a029c 3f72e3f3 bf3e15af bea43a98 bdc45870 bf36b9ad 3f33f1ad 3f33e5a4 3dbda914 bd195082 3f70b1f6 be906a76 3f1ca39b 3ea9dabb bf620de1 3f196d9d bef756ee bec596cf 3ecfd6cd 3f53edd5 bf4f21d7 3f6c07f1 3f5603c8 3f08f17a bf166f8f 3f1ec7a2 3d77d15f bf44fdc7 3f297394 bf766e01 bf3163ae bcc5e02a beb386ac 3f24b994 bf202d9c 3f15e19a beb3e2ad 3f45b1ba bef1e2e5 3e6a34f7 bda078c9 3f254da9 bf53fdd0 3f2721a2 3da0d8b8 3decc8ae 3e2614b6 be34ac94 bec36aa8 3f1f89a3 bf07d36e 3f6f3010 bedf16e1 3e9a6e8e 3f6ca5f0 bf71fc02 3f6149cf be826273 bf109d7d 3f3a7db3 bf339dae 3f6fc5f3 bf0a0584 beedd2e2 3f6ab3eb bf06a394 3f3c7fb5 bf324ba4 3eaeb2a1 3ee17ec2 be864280 bf35a1ab 3ea752b6 bf4219b6 bedf52b8 3e5874c3 3f30f7a9 3e1eecc2 bf06037f 3f77affd bf770602 3d055134 3f3241af bf4411bb 3f18bd91 3f3da5c3 bf78c002 3f24519b bf2da7a7 3e796502 be67e4af bf58e3ca 3ea3ca95 be6264d6 3f1b2d93 bec38ecb bd523175 3ed6a2d1 3d18d037 3ef16ed7 bd1e9157 3e57a4f6 bf43a5b6 bf39d5b3 3f6639e3 3dd188fd bf27d5a9 be1a249d bf5a01e0 3eb2cec6 bb2d07c2 bed1f2dc 3f498fce 3e5964c5 bf2487a5 bf3209ad 3f6907f1 bed44eda bf5187d3 3f1a45a6 bf1d7799 3f26eba7 bea5b6af bec43acb bdf658e3 be8f5682 bec0d6a4 3f2a9fa4 3e83268b bf1d3186 bf0c6b90 3f424fc9 bf7ef410 3f5161c4 bf6585e4 3f173185 bd005046 bedd0ec9 3db5387f bf116f90 3bbb79d9 bdab4849 3f598fe8 3e21749a becdc6d6 bdd19907 beca4edd bdea58d3 bcaca0e9 bf4463ba be6764c3 3f085581 bf6131de be9d327d 3f4e83d3 bf7225f6 bf6ae5e7 3f6275db 3f15338f be731cbd bec1aeb6 bee466d8 3f7b920f bef25ed3 3f4fe3d1 bf4f29cf bf581dcd 3f7265fb bf42cbb6 be448cfe 3f6c45ef bf46fbb9 beb8fab1 3f733204 bf315b9f bed7a2db 3f3337a8 bf6f2def 3f7e6419 bf2d87ab 3ee286d1 bf27099d 3f2bb9a0 bf1c4788 bec2b2a3 3f4829b5 bf5a37cc 3f760204 3e9b2e86 bdadc88e 3e8de681 bf6f5df7 3ef4b2e1 
bf575fdb 3e5ffce1 3f2dfdab bf11378a bdcb98b4 3d8cf898 beb3aab7 bf754dfd bdcec873 3edfa2d0 3ef65ad9 bf50f5cc 3ecc42be 3eb402c4 beced6b9 3f06798d 3f3091b2 bea6b2b7 3f5d3ddc bf7a5203 bf175992 be8f026d bd59d0af 3e3dfcaa 3ead4696 3eb92aa9 bf26bb9c 3f754804 bd7ed0dc 3ee966d2 bb8281d9 3f0ecd91 bf740007 3f00ed79 3f42dbc0 bf7c3a0a 3ef9f6ee be05ac80 3f0c5590 bf0e7d88 3f51ddd9 bf56f9d6 3f4c01c4 bf5353d1 3e867a7e bf362daa 3d853886 3f251fa3 bf5c17cd bda0e8de 3e7bd4d0 bece62c6 3f3713b3 bf4263b7 bea046a2 3e06445c bf54bfce 3f5a0dd8 bf4367b5 be3c5c90 3f3c65b3 bf62c3de be3744cc bf45fdb9 bf3313a1 3ec67ab2 3f5c57d9 bea012a1 3f714df8 befeaef4 bf5f91e5 3eb2bad9 bf03af78 3d535077 bf4757ba 3eca72da bf570dcd 3f79d41b bf4a11be 3ed41ecb 3f323fa9 bf687be4 3e398c9d 3dcf189d bf6159e5 beee92eb bf72d5f1 3f7f8025 bf5741d6 3e8f2673 be327cea 3f2bb599 3d3ed19e 3f6ed5f0 3ebf6eb7 bf2f61a4 3f5889df bf5471c4 3f28d79c bf54d3e2 3f2fa9ad bf3a45c2 3f0d6d95 bf016d85 be2304c2 bcd721d9 3e934aa9 bf548bd2 3f112195 bf69b9f8 3f3055a5 be1d9457 3eafd29a bf4ee1c6 3f10578f bf019d74 bd13304f bf5923dd 3f13d58c bf7f3a33 3f64afd8 bf5e07d7 3f3ebfad be3c54a5 bea132a9 3f781204 bed392b1 be4424db bdd258d3 be2c14bc 3e6f14dd be07f47b bf0abd8c 3f340bab 3d48d027 3e8e0675 3f0fb37d 3ed63ecf 3e2924d9 bf7ffe3b 3f178d92 bea1ce88 be854a89 3ed9b6e2 3ef416de bf7e841f 3f4d4fbc be7ad509 bf53dfc8 3f5eedd6 bef55317 3edd62c7 3e8fde89 3daa18ae 3f16b795 3e93ce76 beec46e3 bed18ac8 3f0a2f8f beb88a9e beb07e8a 3db54920 bf48a5c9 3ee6b2d2 bec826eb 3f2af7a5 3eddeac9 bf0f7192 bd9cb8a9 3f1aaba0 3e0c9c83 3f555ddd bf60d3d4 3e96caab 3eb7bed1 bf7e5623 3e779d0d 3e8e029f 3f4727b5 bf673df1 3f5c1dd6 beaa32bc 3eb7a2ed bee156c7 3f4417c7 bf4fbbc9 3f19e387 3eca8ac3 be7cace8 3f753401 bf65cde4 3e40ac94 be28ac9a 3f6091d7 bf3863ae 3f0abb89 bed8a6d7 3dead934 3f18b188 bf0cd987 3efdf703 bd91d88c 3e54e4ae 3f2b119d bf6035df bd23cf3d bf27579d 3d60b108 3e0f348e 3f05cf74 bd1c3184 3e7bacec 3f5b31d9 bf381fa8 3f6d73f2 be8afe97 3f6863ea bf7bae16 3f4aa7b4 3f5eefdb bf6edff8 be136c67 beeeeaca 3f353baf 3ebbc2c8 bf5165c3 3eb6fab4 bf79780a 3f1fe192 3f121d93 bf10b993 3f39f9b3 be741cfa bec20acc 3d6c506f 3f289f97 bf6e49f5 3f4b71c6 3e70a4d7 bf20c9aa 3f255f9f bf7a0a00 3f0df587 be66c50f beb0f68c 3ec36aa9 3ec86ed3 bf125188 3ef2f6cd bda8f894 bf28dfa4 be8eee98 bedf0ebc 3e680535 3eecc2e3 3ed65ed7 
3f705bfd bee1bacb bee76ad2 bda29870 3eda72e7 bebddeae 3f5451d5 3f47ddba 3e0d8497 bf5849d2 3d1eb05c 3c5cc1bd 3bd38497 bea4f683 3efbc6f5 bf4823d0 be528ce8 bc093fb8 be7e74e3 3f0d4987 3f10ef80 3ef1b2f5 3e929e76 bf55d9d7 3e843a81 bf3cdbbc 3f6fe9f9 bf5a1bd9 bf3f41c1 3de218d5 be212c92 bf410fb2 3f584dd7 bd9578e7 bf21b5ac 3e925283 3ef86ed5 bf6719e9 3f4bdfd6 bf3bffbb 3f2b4db3 bf4e03cd 3f6ddfea bf3f43b4 3f6617e5 bcf7603a 3ea112a1 bf73d600 3f60adeb bcd81f9e bdb928bd be96fe8a 3db298a2 3f3ff9c6 be4c1cc7 3f021378 3e804e73 bf412bc1 3f7ec22b bf0d8b86 3f0adb85 becb4eab 3f5d6dd0 3eab7696 3f4597c8 bea8bac9 bf36dba4 3dcf3930 bf44a9c5 3e9c22bb 3f0d7194 3c1b4174 3ce3e146 bd1db103 3f6f55fe bf2fad9c 3f4673c9 bf37f7ac 3f68ade5 bf7fd632 3eafae97 3ce06129 be7624ed 3e274cd4 3f6e6df4 3e08dc46 3f772bfe bf3399ae 3d573037 3f21539b bf03a784 bdb428d5 bf6ef9e7 3dd558db bf27f199 3f27d7a9 bf32edad 3ea23ab6 3a9df680 3ed5becf bf62abdf 3f3f3db4 be580ceb 3e201ca2 3e10a46f 3f2fcfad bf5223d4 3f578fd6 beda72c7 3f5e1fe2 bf108f89 3de3e8ed be834e9b 3ea56e83 3de7e8bf bec2e2a1 3f6dfded bde21935 3effc6f2 3e7564ba be7bad0e 3f4cd1ba bf7e0c1b 3edff2f9 bebd66ae bf3e97b7 3ecc82bc 3ed906bc bf06b18a 3f66addf bf4dd7da 3f5db1dc bf132990 3d836870 bed2aed9 be47cca7 bf243d9f be00dc42 bf018b78 3f43dfb8 bd01b025 bea4d291 3f218f9e bf11fb90 befc96ec 3f6da9f5 bf095586 be4fbcb5 3f6125db bf7f8c23 3f3d21b0 bee172e5 bf6b67f3 3f1c939d bf796608 bdc8289f 3eca12c1 3ef706da bf29a5ac 3f1c87a1 3eba62b8 bea8569d 3f6d55f5 bf4b61d2 3f17c397 bf0bdb87 be888296 3f33d9b5 bf1c539b 3e8c4a85 bf7c4812 3ead72ab 3dfcc8eb 3e4ae4a5 bed39abc 3f395fa7 bca021cc bf3dd5b1 3eba5e9f befff2e6 3dc05906 3e8bca6b be4c9ce7 3df3d8c4 bf525bd1 3f7a3bf3 bedc62d0 be9f1a87 bd2a1114 be165ca0 bf258993 3f75ebfd bf15ef7f 3f0f4392 bf3871bb 3e2ec459 3f4971bb bf59c5df 3a73c20b bf230da8 3f7247f1 bf6b59f7 3ee1f2df bf4bdbc3 3f71b3fb 3e209c85 3e966a74 3f5fb3dc bf5aa1e0 3c0fc186 bd8b481e bf511bc9 3dd998cc 3e1c8496 beff5ee6 bf28b3a7 3f0eb58b beeaeace 3eb7d6ad bf7fb028 3ef8c2e8 3e856e88 3edd4ada beff8edc be5a14bd be0c9c9e 3f47abce 3df6d93f 3eae9e87 bf05bf8d bdaaa8bb 3d074fed beb78eaa 3f4095bd bdae78ec be1f7cc8 3e92a6b6 bf218bb0 3ee506ce bef35ee9 3ebf46a2 3f40bbbd bf16e78f 3ef32ad9 3f286f9a bf7c8c1a bd4a50f8 3f519bd1 bf6d59f5 3f19aba6 3e5cf4ca 3f5b49cb bd81b8a1 3d8ec80e bf10a582 bec712b1 
bf0d8f7d 3d2af187 3f2c6da0 be351c9f 3f06277d bf06438c bf0f2588 bf3a53b4 3d9c3893 3f17bd8f 3ea6ea98 bdf0994e 3eaf868f bf2edba5 3ed2cebe 3ecaa2cd bd45d087 3eca66c6 bf51f3c7 3ec006a1 bf38dfb9 bf2ee3a5 3e13ec63 3eae7eb3 3e047c81 3ec002cd bf1d9985 3f44a3cb 3f4b65cb bdb9e8c8 3e83f671 3ee12acf bd8db8c9 bf55dfc8 3f5241d0 be0c6471 bf0b8f89 3f53b1d2 bf4f73c9 3e8c6e73 3ea26ea3 bf30a5a6 3f4733cd bf52e5c4 3e885687 bf214d9f 3e9b7697 3e8ea29a be5fecc2 3d3b3024 be5d84eb 3f5663cf bf6371eb bec4eeae 3e8a4a9a bf5f07e1 3ef136cd 3ce11f7b bf01bb70 3f291ba3 bf7b6a20 3f0f998f bf05cf83 bf003d74 bf0b418a 3f079981 be1c24ac 3f27f1a7 3eaa169d be41f4b6 bd6a90ae bf1c8d96 3f7333fe bf4fb1d2 3e5324d6 beeeeece 3f05857b befd2700 bd74114f 3f490fc1 bf593fd2 3f2aef9f 3cec9fa0 be7e94d8 bf34c1a9 be866277 bf0f6387 3ee4c6c9 3cc32028 bea9069b 3d53b0ff 3f22f393 3ed826b7 3e8d367e bf2a39b3 3f49fdcd beada6b6 3f1f3996 bf6543e7 3ec406cf 3efd5b0f be1eac81 bf36a3ad 3f6721f5 bf56a3bd beea12c3 3e8c8e85 3dc63920 be862673 bf4af1cb 3f7cc60e bf6b37e5 3f46bbc0 bd8cd7ea bf0c2d85 3f0ac97e bf188591 be09cc89 bea73ab3 befffaf4 3d4631a5 beeec6ed 3f373daf beab3ab5 3f5bebc6 3f113f8c bf6d51f0 3f4d67d7 bf390bc5 3e87c680 bef65ed2 3ea1228a bd8e087e 3f298fa9 be80ae98 3f5a89ce bbf685f6 3ea77ea4 3ed37ab3 bedd2ee4 bf01f377 3f26339d bea68aae 3da2384a 3f423bbf bf793bfd 3edf5ad4 3e8dba81 bec0eece 3f1f7f9a bf289194 3f0c3380 3f592fcc bed16ece 3ef896c6 3ee57ae2 bf3715b1 3de5c8de 3de60986 bf096d7e 3dde0948 bf203f96 3f54d1d3 bf6af3f1 3f77da11 bf476fb5 3f400db2 bf65b1e8 3f061789 3dec28e0 3e7334bb 3d105074 bf23198e 3f1a7393 bf402bb5 3f05e588 bf19dba0 3f511fdd bf0b6b8a 3f4f15d7 bedf9ab7 be804672 be22849f 3f418fb7 3e334cb2 bf534dcb 3f114587 bed82aca 3f0b0f8b be2b648d 3f7f242b bee426ca beaedaa1 bf140189 3f7e7819 be0efc6c bf5effde 3f0d0383 3f71a9f1 be617cfe be2294be be05cc40 3f3d99af bf4049c1 3d8bd8a9 bf0a2190 bef19ed8 bf1bc99b 3f4203c1 bf03cf6e 3f69dde3 bdbad887 3f22f7a1 bf74e5ff 3f7071f7 3f4785ba bf7f7e26 3f1ac9a1 bee342c3 3f35b3af be089c66 3e3eacee bf635de2 3f2991a7 3da838d1 3ed302d3 bf262d98 bed98eb2 bf2e71a2 3f34c3b2 bebfdabb 3f4a3fc8 bf0d838f bd2050f7 bee78ab8 bdb268d2 3e73ccce 3e443ccd bf14f191 3f7f8e28 bf5da5c5 bf11e980 3e9106b0 bee496d7 bf1d41a3 3f6a8de3 3d1f70aa bf3fcfb7 3f6783e7 bf4649ba bdd3686a bf46e3c0 be740cfd 3f41d7b4 befdc305 3f3e39b0 
bce85dab bdbd289f 3d8c6875 befb32da bf070f7d 3f1eaf99 3f6a27e1 be1ddc7b 3ef30f0d bf4965c7 beeed6e9 3c2442ac bd1d301c 3f768002 bf79f205 3e9eb287 bf4275bb 3f6513e5 3d9f089a 3ccbdfaa 3ed6aecf 3ed786b5 be29e4d4 3e8d7e7e bf759e09 3f20a9a1 befaeed8 bed922bf be341c86 bf318bb0 3e9c76a9 bf744803 3f48e3c4 be90d66c 3f43ddbd bf791e01 3f66cded bf500dd1 3f651fe3 beadcaa7 be55b495 3f1d23a5 bf348fb1 3ef7d6e7 3f21a3a1 bf4d95d4 3f59cbce bf611dd6 3f0f4991 bf59f3e1 3f4ab7cd bf42edc5 3f65d1ec 3ea19ea4 bd8fb8ce 3f18b399 bf2ee1a0 3f5c55d3 bf3ce5c3 3eb78eb2 3e2fb44f 3e219c70 bdd558bf 3f189391 3da5288b bd97483f bc83e1e0 be4724da bf5261cc 3f18bf8c be16ec7d 3d3df106 bd4b50a0 bede9ae3 3ec5aece 3e5e5cee bf03877d 3f2f6da9 bf22c5a0 3e5dfcbf bd7b3175 be3c8c80 3cfb2289 3db5088d 3eb796b5 3f781e0b bf5463d6 3f69ffe3 bf79cbfb 3f3047ab bef71720 be6b8cd3 bf22a7a3 3ec8aeca 3ef4e2f5 bebdc6b7 bf30cba4 3eff52e8 3d219050 3d80f865 bf76ea02 3f04398b 3f05e17e bf7ed421 3f41c5b7 3f1f81a7 bc931fcf bf0d5978 3f12fd9d 3f258d9c bf6367e5 3f6705d5 bedfe2dd bf19d791 3f5595d0 be82d680 bd8fd862 3e20dc7a 3f12ef7f 3e7e24bf 3f3471aa bf4dffcd 3f4d45d5 bf6165e3 bf266999 bd9c08c7 3edaeab9 bf4d9bc7 3f167597 3e4c647b be0a846b 3e84fe72 bf29519e bec4dac5 3dd74833 bf7ee82b 3f19e78f bf4cedc5 3e83de78 bdf3e87a 3f76160c bf3d0bbf be6194ca 3ef5bee6 bf5bbbdb 3f7e981f bf1f81a1 3e48fcc2 bf6a69f1 3f46f3c0 bf05d789 bd4e5078 bf016184 beed7ecc 3f2c759d bf7e7e20 3f104380 3e022c9a bee966f0 3f6c8bed bf04b17d 3f3035b3 bf7145f5 3ef9eedd be427ca2 be52fcba 3f30f3a6 bee632c6 3f298db6 bf3fb1b4 3dc5690f 3ef782e3 bec6068f 3f0adf86 be9d96b2 3e8aaa8d be8c72a0 3e46d49b beac5a8a 3c9ba106 be19ac97 3f6609ea bebfceb3 bf5417e2 3ec5deb4 bb290212 3ee4debb be9256a8 3f03c77f bf6677f0 bee452eb be12dcca 3f5495c4 3f2ed7a9 bf589bd3 be9a327d 3f6ed400 bf14bd8d bf417bbe be946e99 3f559fcd bf261997 3dcbc85c 3f076979 3d9fa8c3 3ee3ead6 3f5b0dde be842282 3e27accb be473484 bdc528d2 bf20699d bd1a6fce 3f2525aa bf2bd9a3 bf4845c1 3f1a6184 3f117389 bf52e3c8 3efea6f0 bf714df5 bca1e100 3f42b1c3 bf1c0798 3d2c4f35 bf2ce9a1 3f1b1fa3 3edd12c6 3f755bff beea66e2 3d568fba bf0a6d90 3e6654f1 3f1aa38f bcf060f5 3f08b56d be803296 be12c471 3ee936b8 bf4ba9d3 3f25f3a2 3f1a7b8e be3cecc4 3f70cff3 bf116791 3ee2d6e2 bf4481ce 3f19eb89 bf0fc797 3f4cadc6 be3ce4e1 3f7cac0c be359497 bf05297d 3f13c790 bee016d8 
3f5015d4 be44f4e6 be72ccf9 3f189f7d 3f081d7c bf209198 bf7d180e 3f32d1a9 bf5de1d4 3f634beb 3f4bc3d5 be8a428a bec84ec5 beb546ca 3e31ac88 3f015977 bcfb60de bf24f399 bee46ed7 3eba5ac5 bf4729ca 3f34afa6 bf3c89bb 3dd448a0 3f20d3a1 becd32df 3f3f83bf 3ebfce9f beb9d6be 3f107f84 3f5759d5 bf43edb1 3f54edd6 bf6651e1 3d65d110 be4f44c6 3f019581 bedf66df 3d806868 be4bd4d2 3e3284dd be592cbb 3ea702a3 be5e8515 bf51a5d3 3f5d81e8 be4b4cdc beef3ad9 3f5b4ddb 3e8a7685 bf0be389 3e838687 bf6ff1f1 3e8aba84 bf79a40d 3f5f29dd bf1fc799 be768516 3f3c27c4 bf294da5 3ea41aaf bec282ce bd6610d9 3e34b4d1 be8ff689 3e2ffceb bee716d6 3f65f1f5 beebe6ed 3f1bc193 bf3721ad 3f455bc3 bf084b8a 3f7381ff bc1d40ef bf4b5dd2 3f5a73d9 bf3db9b5 3f72bbfe bf5283c5 3f5893ca be976a81 befaa2d8 3f3ac5b5 bf5f1bdd bee736f0 3f4489ae bf76480c 3f62d1e8 bec1aab6 3f543bd6 bea96ab0 3f3e77aa bf6d07f2 be9b869a 3e88028b 3f46cfcd be58bd02 bf3925bf 3f580fd5 3ea17287 be99ae97 bec7e2cd 3f7469fb bf1a2990 bf032981 bee5d2e8 3f571ddb bf4da5c3 be09d456 3d86784d be37c4ed be1a0ca0 3f46e7ab beb922af bef31ed1 3f5407d2 bddc38bd bf25f1a0 bf0b657e bdf078f7 3e8f9682 bf2d6597 3f6539ec 3f7cc013 bf5b7ddb 3f01c574 3f06d18c bf305bb2 3e42c4a2 be662ce4 bd253056 3f7bbe13 bda848ab 3f6061d9 be8e9e99 3f218b96 bf22b192 3f2a4fad bf3dc7b7 befe76ea 3f39ebb1 3dc5b8db bde738d9 3df518e4 bec69a99 3e7a352d 3e76fd26 3f5953df bf46d9c7 3f5a65d7 bed296de 3f69d5ef be2ef48e be53dcb6 3ecb4ace 3e853272 bf3407a9 3f5599ca bf746a01 3f03c382 bec92abb 3f463dc7 be606d03 3e6954d9 be7154aa be56e4b8 bd2c4faf be8ce67b 3de4a8a2 bd236f83 be3cb4d9 3d433040 becae6c6 3f2c1fa2 bf5a6ddd 3f5f1dd9 bf127b95 3ec24ecc 3d6c1143 be3c3493 bf2f1da7 3f539bd6 3d84a861 3e2cf4b2 bea2129e be881e84 bdf3f8e1 bedc26e5 3f64a3d8 3f4497b2 bea54ea6 bea8e2a2 bf758e00 3ec0f6a7 3f4f67cd bf3c5dad 3f3e0db7 bd2c91bc 3f655fe8 bf65eff1 3f4dafc3 bf4da7c8 3dde88f6 bf0c637f bf0f3d8f bedd9ad1 bc859e90 3f015f7d bf4e27ca 3f35e5bc 3e4eaccd 3e9efa95 bf5331ca 3f2d31b5 3f2ce3b0 bf4d5bcb be866e83 3dc5e8fa 3f0d7987 3e62b4d9 3f3a31b6 bf199f92 3d04b08e 3f3f2dbd be0fec9c 3e4a64d1 bf589fd7 bf15498c be8e0ea2 3ecc1e9c 3f16dd90 bf3e3fc5 3d7070c7 bf35f9a9 3dc3c8c7 be99f69c be5fdce2 3f6b27e3 bf7d2014 3f2b55a5 bf5cf5cf bb8f822f bf760604 3f7a47fd bf4bcdcd 3ecdeecb 3f1cb595 bf157b8d be93fe93 3e84ae7b bf7b2a10 3f224997 beb016a2 3e30149a beb3ea9d 
bf5461d2 3ef892c6 beb166a7 3e455caf bf69b3f7 3f6073e1 3f011b74 bef9cae6 3f454bb6 bf6bfc04 bf7da815 3f41b3ac 3ed17ecd bd08d072 3ec6eed0 bf6117cf 3f09b78b 3e868e74 3f52b5cb bef7bafc 3ed32ede bf60b1dd 3f6cb1f5 be960a98 bd28f159 bee8eec7 bebb0ea6 bf04117e 3f7e5827 bf59dbd3 bf6bbbef 3f76fe01 bf50edd5 3f10cf81 3f072f85 bea7b291 3e82c294 bf065184 3f0a898b bdb798ee be066c8f 3ee3c2e7 bf6407d9 3f51a5d5 3ec7baa7 bf52d5d9 3e96829e 3edd0ed5 bf6d5ff1 bef136e7 3f51fdcb be01dc5d 3f6df9f1 bdf0b947 3ec9a2ce be339c91 3d2e503f 3f23e1a3 bf5a09e4 3f53dfb6 bf545bdc 3f2f95a6 bc88208b bf141981 3e088c9f 3dff28f3 3e33dc8b bf386bb1 3f5957d9 bf0d7d87 bdd1a850 3f129193 bf736bfe bd6f70e8 bf184ba3 3f0f2b7a 3ded6900 bf30fda5 3f1ce99a bf4819b1 3e6cf51a 3da8a8a5 3eb5c2ab bde7a89b bd896826 3f4529c4 bf337fb6 3f008d75 bccea0a6 bf66ffe2 bd84086b be95a6ae 3ee96aac 3e5a44df 3f4ecbcd beebc2d9 bf2c75a6 3db2186b 3f26b3a4 beea3ae8 bf4879c9 3f68cff3 bee972d2 be2c34ba be7d54ee 3f6c63e6 3df3e91f 3e2d7cae bedbbed2 3f7ec41e beedfef3 3f1d2b9d becf26a6 3d80a811 bee772e0 3f37dfb7 bf658bf8 be8db26c 3f5f5fd9 3eda2ae2 bea6baa0 3f1abb95 3d87c8cf bf243fa5 bf68f7e0 3f7d261a bf327f9e beeb56dc 3f4a41c1 bf4eb5cd 3f78d003 bf314da7 bf179f93 beae52d1 bf1d6396 3dde78ba bedaaee9 3f1f8dac be676cd8 3f1d8597 3f0b3998 bf58bfd9 be0d0c6f 3ee332eb beffbaf9 3f5ca1ea bf47f3bf be66ccd5 bed9dad3 bed302ca 3f058989 bf6aeff5 3e6f8cf9 be61ccf3 3f098383 bf750c01 3e9d3690 3da4d944 beac42a5 3ee4c2f6 bef47ed3 3f00eb75 bf6323e5 bd3d312b 3e0f9c63 bda3584a 3f0d9b82 bece56dd 3f04b785 3ebc6eac bd759111 beb6faac 3f5edfd4 bf5c53db 3f036f83 be6034f8 3d0ef196 be69a4d9 3ebceaa9 bf31a7b3 3f79e010 bea93a95 bead9ebb bd170fb3 bcd02051 3e304c8d 3ddf892b 3f34b5ad bd81d8ba bf2c17a2 bf1c3b9b 3dc588b9 3eea5ec3 3f183d88 3e44a4ea bf23d79a bebb9ea9 be309ca2 3e3994a5 beb03a8e bf27eba0 3f3b3fa3 3bc97d13 3e68a4ff 3eba76c3 3f6919ee 3daed8d5 bdb83806 bf0cf38e 3f72d1fa beac0aa7 bf5863da 3f10a782 be2864b4 bcbe20ad bee69308 3f015175 3f230b9a bf013978 bec0a6c2 bf0ec585 bf2a03a3 3ea276a6 bdbd890f befbeafd be4a6485 3e7184ef 3e7dcce2 3f24379f 3f05f777 beebbedc bf0a3195 3f581dd1 be91027b 3f7dec11 bec2feb6 3f5237ce be3f14c1 bf38f7ad 3f4069b2 3d9df836 bf04d16f 3f75cdf9 3ee8cae7 bf5325d1 3f587bd9 beeef2d3 bf4693cd 3f491fc1 bd31d125 3e6becd5 bef1fedb 3f693df9 bf01776f 3e9ad270 3d947874 
3e86e2a3 3f073778 bf1d5b8d 3ec8cacd 3ecb72c0 bf7fd835 3f189981 bf6cade2 3f087383 3eae868e 3f7311ed bf3dcbb8 bf4469ba 3f311fb0 bf4f4bd9 3edfaad7 3dcb18cc bf6333ef bdb7b884 bec8ceba 3f742206 bdc6e8e8 be1664b9 be95b28c 3eac2aa2 3ef5e6d3 3f158f8e be4a54bf bf20ed94 3f2ae3a3 3f415dc0 bf447fb8 3f5d9dd7 bf7e7a19 3e34149b bee3eeb8 3d63b1a3 3f3aa1bc bf4b7bc5 3f147992 beaf0aaf be56ecf3 3f6cf1ed bf56c1cd be9c669f 3f69fdeb bf3ff5bc 3e1d64a1 3f5995d3 bcec209a bdf9c8ae bf32c3ae beef2ad7 be2db4c9 3e3bec96 bf127585 3ede76ec bea822a2 bf03b378 3f530fc7 beb1a69d 3e830683 beefaaea 3f77c008 3d9e18b5 bf094589 3f1c259a bdfe58e4 bf6c37e3 3f71c9fd beeebede be06b491 3f2edfa3 3efa56cc 3e366c8b be0ccc6b 3e2e54ad becd62c9 3efd2ef1 3ec25aba be16c47d bf17f98c 3e99a69c bf13b38c 3f1d5fa5 bf3005b1 3ec45ad7 be7b6d2e 3c9edf17 3f5613c4 3f3893a5 bf26a39c bd16706b bf2775af bec3eed9 3dc418b2 3f1dc19f 3e12b48f bf14b995 3c753e2f 3f3549b9 bedfc6aa 3e1144a7 3e7db4f9 3ed39ebd bf30b7af becbcab6 beb6daa0 3ef0bede bec5e69e bf587dd9 3f4d33c7 bf6c71ef 3f64edd6 bebca6c5 3e3b5c62 3f5505c6 bee63edd 3ec0a69b bf7a3c0a 3f22919f bf7c1013 be0b7c63 3f746c01 3e8b9a97 bf3349b1 3f68f1fa bf09f777 3f24edaa be664ccf bead96b4 3f167988 3ee72eda 3f374fab 3e5b6cdc 3db28901 3edcbaf1 bf57f5bf 3df1693c bf574dd0 bd9f084d 3e91f29c 3f30afac bf72fe04 3f11c599 bec1b6ad 3ef366eb 3e64fd08 3f6d51f4 bd941881 3e1374a7 3e83a664 3e7bb504 bf66dbdf 3f572fd6 bdfdb8cb 3f261fa8 bf6771d6 3f6385ea becb5ee5 3e85c678 bde8b951 3e823a7c 3f674ddd bf63a9f2 3ef8ef03 bf1d0d92 3f12ad8d bf0fed8a bf6533ef 3f1dd1a0 be99f28c 3dd068ba 3e8f8a70 bf14458f 3f6175e6 bf5b9fd9 3f5985d8 bf3191a4 3f39bdb5 bf66cbf3 3f3a0db8 bd0f70ca 3e278c92 bf1eb79d 3f27759e bf2cd79a bedb32c7 bd6d315b 3f56edd3 bdd048ba 3f2219a5 bf74d200 3d7e70d2 bf4f61be 3f211798 3f3001af 3ee782f4 bf712209 3f059777 3f6f77f4 bf43bbb8 be927e7d 3e1a3cbf bf129f84 bf44b7bc bc9f21bc 3e470c9c 3ed1d6d7 bf3f7dad 3d421126 3f502bd5 bf0ce78f 3f14c993 bed37ec5 3ed9c6df bf764604 3dff78cd 3d8a98dc 3f459dc5 3eeec6f8 3f2ccbaf bd17d08e 3deb88e7 3edb6ed1 3e32c4b7 bea482ad 3ccf6206 bf1afb91 be151c9e bdf0e8ac 3ec936a3 be3654b4 bf04cb6c bb150084 bf6869dc 3ecfdafc bf15a789 3f6d59f8 bf2c0fae bea7aaa9 3f6e09ed bf711a00 3dcbb8a7 bf059d82 3f2c8fa9 bec4d2a5 3f49d7c9 be8cc28d bf11cb93 3f4e19cc bd6630ac bf03817a bede2ebe 3f21b393 be9626a0 
be928e92 bf4851c9 3f7c4a0f bf2d15a5 3d1c906d 3f3b13aa bf15e191 3f7f5013 bf39c1b9 bf0bc981 be8b9a76 3f1c578e 3eb84aa1 be6e54ea 3e5a949a 3f1ce591 bf4341c2 3f6bb5ee 3de17905 3d9628c1 bf2f01a9 befc8ef5 3f5197d4 be870271 bd8c6840 bf4c4bc5 be4e2ca9 3ebe1aa4 3ef3a6cb bf7ff02a 3ecacebf bf1bb599 3e996697 3e672cf3 3e6aa4eb 3e946a9e bccddef9 bf213d8c 3f118f8e bf5d0be0 3f75b409 bf17b78c 3c314077 be77acdb 3f5c4bca bf78f003 3f76be02 bf402faf bed432e7 3d85880b 3d453094 3f4e23ba 3f04c990 be9b7e9a 3edd6aaf 3e40c4a5 bf185f89 3f5d35db 3d33d0c7 be1b8c99 bf3839b6 3f4611c7 bf247da6 be8fae84 bee1b6d3 3eda02e2 bf50cdc6 3f4963ce 3f1e7d9f bf414dbb 3f35d5a7 bea34e96 be50b48b bf773c03 3f084989 bf37ddaf 3d2b0ff4 3f6c05f8 bf624dcf bef3eefd 3ea47e95 3f7b000f bf5c5fd5 3f64d9e5 bf549fc9 3f773806 bf51d7cc 3f4589bf bf3425a5 bec582af bf7b2c18 3f5ec7d5 3e5eccae 3e705ce4 3f27919c be3bacc1 be8f6e9e beb536b9 3e9556b1 3f4b55d4 bf6dcfeb 3ea16ec1 be7594e7 3d68d11b bf40f5aa 3f1c379b 3f0fc384 3ec5f6bf bf073f89 3f23e59b 3e7c451b 3f005777 bf36efbb 3f4159b9 bf3d83b5 bd279036 bf374dbc 3ef962e0 bf1ea99a 3eba9ad1 3db1990b 3f501fc4 3e8e8e87 bf70bff3 3e4054b4 bd9528a5 3e319cbd be7eecb4 be1c7493 be75ecda 3f26cdb0 bf780005 be523cb3 bf1fbb94 bec626d1 3e4ff4c9 bf17f58b 3f3413b7 3f06c57c 3e6004ee 3ef2c2ea bea266a3 bf3591a6 3f5327c9 bd203142 bf61f5e0 3f19bf8e bf572bcd bf6a33f3 3e9cc293 bf507dbe 3e989a9d 3da78899 3eeec2f3 bedd86e2 bf2c7390 3e35ecf2 3ecd5ad4 bf25e195 3e3d14b0 be231cac 3df5a8ce be883a8f bf233ba3 3e98628d 3f07617c bf551bc8 3f024d7d 3d803812 3f3729b2 3d026fe2 3ad21002 bf5407dd 3f5c91d3 bf09877e 3d0bd0f8 3d0cd099 3d0bf093 be35bc9f 3dc4d879 bce8e37a beab2a8b be886a6f 3f3a7baa be144472 3dd79900 be0a745d 3f7bf611 bedceecc bebbcec2 3e561cb3 bf3ac3ad 3f6691e8 be2b74cc 3f5c73db bef75ef4 bf135185 bf23e598 3f692de9 be3f04e2 bf5fc5e6 3e4cf49f 3f22eb9d be7adcc9 3ecf26d8 3f3187ac bed856c9 3f030587 bf1b55a2 3e70bce2 3f156f8f bf5d57e1 3ed5e6cd bf4b51d3 3ef14ae2 3d357129 3f6c5ff0 bedbfed5 be699499 bf17fb96 bf3923a5 be3a747c bf3093a9 3ea5a2aa bf6577f9 3f0ce779 bf07998c 3f7a1c0a bf2dffa0 3f3dcbb7 beb022a8 3f3f89bd bf752bfe 3f6c29fc 3d9828d5 3f706e0b bf42c7b6 3f47c3ce bf2ae7a0 3edfdae1 3dbb18e3 be0bac99 bf0c158b 3f2ec5ab 3f17e38d bf6cd9f4 3d2a10b2 3e236cb3 bec71aa8 3eead6e1 bf62e1df be085c64 3f5f37e1 3ef8b6e2 bf7a9e18 3f13597d 
3f5be7d8 3e423ced bf269d98 3f3137b9 befe2aec bd925860 be4554ac bedcaee0 3f5891cc 3e7d050c 3e336cc2 bf683fe1 3f07b38c bef3c2d3 3d40b12c bf11e18e 3d5a9061 3e277cbf bed3cac4 3da16837 3f0f0987 3f2a71a8 bf61f9ed 3e147476 3f01d77f 3f03557f be0f3c7a bea80a8f be03bc5f 3f7161f4 bf5f3bda 3f7e5c17 beecd2df be98fe86 3cf361b8 bf154188 3f145793 becb12af 3f3ebbbd bd773054 becb16c7 3eec36e2 be83fa8b 3f4e27c3 bf718806 3efd8ae0 bf1d5d91 3f7d2227 be36cc7b 3ef056d9 bf1e5b9d bf2e1fa9 3d8e5882 bdf3c886 bf3541b3 3f4b83c6 bee5a6cc bdf75939 bf3d05b8 3f62bfe5 bdeee90e 3df728c7 3dc57900 3f4c49d5 be81de7e 3f26cf98 3daae861 bf57c5d4 bda498f3 bf076b7c 3f2b6bad bf436bb3 3f64ffe8 3e72d4e4 be81ba71 3f5acfd4 be84466f bf3549b4 3eb626b1 3f6761e2 bf079d8b bf6c25eb 3ed136b9 3ec3cab6 bf2bf3ae 3d907886 3d7150ff bd9868c9 3ec15ac6 3f144d8d 3f10137a bf2865ab be8ad28f 3d89689c bf3073a5 3cd1a005 3d6b7026 3f3431ad bf32abab bf0a9984 3ea79a9b 3d21cf9b 3e91e691 bdfdf8f7 3f274f9c bec07eb5 bf41c7bf 3dd4390c bea072c0 3defb84c bf359bad bf107f8e 3f573bd1 bf3611a7 3f06f77b 3f372fa4 beda9afd 3f3d39bd be7ef4f9 3f4dcfcf bf7be00c bf429fbf 3d26b14f 3cce1f6e 3f02117b beb36e9c bdc6c903 3d0430b2 3f0b4d8b bee30af4 3e84ce8b 3e9a32a3 3f2dc3a9 bdc488b2 3f62b9db bf30d3a8 3f712802 bf63a5db beaa8692 bee2cab5 be2fc49d be5ebcda 3f7ff23c bf41f7a8 3dc398b7 3f7141f1 bec952d7 3f4633bf 3f26619e 3e0ce49c 3f7dea1d bf5b57d9 bdc7491e beb1f2cc 3ef642d9 3f7c6210 bf3fbdbc 3dc2189b 3e5aa4df 3cf2e0b8 3ba87f1a 3d63f0a9 bdb7e95b 3f4b37c3 befd32d3 bea326ab 3f78b406 bf3af7b5 3e22148d bea7729b bf5065c4 3f7227ef bd439135 3e06bc9c beb1e677 3f1b2b86 bf05a17a 3e812276 3d87f853 be4924c9 3f15c17a 3e4784a0 3d6ef040 bf7e381a 3eab4ac6 be99068d 3ea7eeae bf7ada01 3f32f1a9 bedfd6d6 3f195b9b beeee700 3ed086a4 bf7a580d 3e85ba77 bec67eb4 3f2d2dbe 3ee53ac5 bee72ee1 3c3bc1b9 3e3ebc9b 3f4e79be bf7b681a 3eb516c1 bf174991 3ec6eaba be6a4cbf bef522eb 3e71d4c5 3ee436db bf5dc1e0 3eee4edb bafe102b 3f52bbe0 bec39eab befbaaee bf5531d2 3f424db9 3e425cd6 3f4951c7 3e9d0a96 3e8a9a95 3f3125b0 3cf2210d 3ece66b9 bdd52940 3b957cc3 bef95715 3d93388c 3f1f2b99 bf64b7e3 be4454a3 3f039b72 be3014b6 bf5fd3d2 beb4e2bc 3f3d49ab bf6be9f0 3e98bea2 3ec08eba bf7e4c20 3f503fb7 3ebfcabc be8d6691 bf67cbea 3f6767ec 3ebdd2ae bf6641f8 3f156590 3e3d4486 3f248396 3db6f8ff bf6045d4 bec19ab8 3f68d7e7 bf5889db 
bf27e39e 3de19903 3c7c4128 bdb758f8 3ddde916 3e887298 3e959e6f 3e4e24b7 bf73cdfb be06448f 3ea20a96 3ee01adb bf29d59f 3f5619d4 beeee2de 3f7ac201 be8cc699 bbe07b2c bf26af99 3f5867dd bf5001cf bf36d9bb 3f6d07ec be10ac75 bf4a4bc5 bc124015 3d24b0a1 3f3775a9 bf71e5f0 bddcb8ef 3f0d7f88 bf5651c8 3f4201c9 bed4f6e2 3f7347f3 bf610be6 3f7099f7 bf2f67a2 bdf0d8ce beac6e8b 3f19bd93 bf35cdc1 3eb5dea5 bf508bdc 3f187b91 3dbf38df 3d6ff144 bf211596 3cfe2272 becbfecf 3f5d01d4 3f00a18f bf133590 3f4075b4 3e950e8d bf6b95f6 3f3261b0 3e35f49f 3f096978 bf729bf6 3f2621ac bf06ab7c be8cee81 bea1ea9b bd45b02f bf62ebe8 3f07d979 3e16bc89 3f505bce 3ec71ebc bf740bf7 3f7bd410 bf747801 3f04f581 bf0ecd82 bda9f8b2 be056c19 3f376bb9 bd796ff7 bf485bc1 3ea75aa5 3f4ff7cd bdd468b6 bf5247d4 3f3e97af 3ee2f6c0 bec3a6d7 be0fe4b6 bd9a28d8 bf779810 3ed66acb be7244de 3f4433c8 bf497fbe 3f72fbfb 3e0a4457 be885274 be8ee267 3f0e7786 3ea92292 3e8d5a92 becd72cc 3e4ea4eb bf672bf0 3f30a1ad bf03df6d 3f6ea5fa be653cda 3f023188 be96a2a7 3f7b5a0f 3df368a4 3e3c8c71 bf44a1b4 3efabeed bf755207 3ecc16c9 bec116d4 bf39afae 3d43705a 3f0dd18b 3f55b7da 3ef3eefc beedaaea 3e865274 bedd3add 3f22159c bdd018d5 bf32ffac 3f774e0a bf5085c4 be8dd283 bbea7b25 bf3f73ba 3f168b9d bf43b9b6 3eb2e6bc bd96c816 3f14099b 3eecf2e2 3d6f5120 3f00f174 bf5eafe1 3a03e3fc 3e4e1cd1 bf3bbfbb be8c4a96 bec756c5 beda0ad5 bf2f1ba7 bf51d9d5 3f693bee 3f128593 be8e2a81 be984286 bf778413 3f3b99b8 be34cc70 3e51dcaf be0874c5 be3a5ceb 3ed0c2d4 bf00017e 3ea8527c bf05777a 3f4863cf bf7513f5 3ec842cf b9b7ef48 3e194467 3ec756b1 bee186d3 3d751132 bf3e57b7 3f7129f3 bf737ff6 3f7de41f bf65bbde 3f2a35a7 bed01eba bee8aee5 bf16eba1 3f568fce 3e384489 3f4885c3 bf771403 3f7c4010 bebebe9b 3e9a7275 bbc980b9 bea1c67f 3f1d7da6 bef55ed8 3f7c6016 bf088f7d 3f4b75cb bf5213d6 3e7fbce6 bf0d1b7e 3f22db9c becaa6d8 bed6ceb6 bdb348da 3f26df9c be5ff4cb bf3ba1b6 3f2105a1 3ea77291 3df4095a beb06290 bd33d13e 3f42f9c4 bf43d1c8 bf28ad96 3eaa72b3 3f0aa588 3f5e73ea bf6519de beec52d0 beef52e7 be806274 be28c45f bee9aede bf3d95b3 3edc96dd bef2aaf2 3e80027d 3f6753e7 bf3e47af bdf628be 3e17145a 3f5e7bdd bf4c4fce 3e7194e5 3f5cd1d9 bda7c8f1 bea87ea5 3f7b8a0f bf095f80 be2d1c8b 3f670fd6 bf3f55c3 beeba6dd 3e3c3498 3f182392 bef46adb bed5bec4 3f7233fc bee00eeb bf200198 bf2cd5a2 3ebceeaa 3eea06de 3dfa28cf bdd178af 3e59a50b 
befa9ef7 3f7bc80f bf2e75a2 3f114fa1 bf08c778 3da68856 bf1c1d96 3e96f695 3f11df81 3ed462c8 bf71c205 3ede56b5 be0574b0 bd695138 be53acf0 be98be8c bea9ee90 3f3853b7 3f1f7d91 bf6411e1 3f28f3ab 3ec8a2cb be3b94a7 bece92bf 3f76e206 bddfc894 bf0d6b7d 3e2e2cda 3ef2aef7 3f2247ab bf78be0c 3f523fc6 bf525fce 3ef62ef7 bf40d9bc 3f5ecdda bf6247db 3e822a97 3f4397b1 bf01d581 3e053cbb 3ef522fb bda808ae 3edb36bb be89f276 bdc0088b bd751045 3e8a1a7d 3f2771a7 bf1f3997 3d1aef83 bf757204 3f5e7fd2 bf64e7f0 3e58d4db 3ee2b6d9 be9e2aa6 bf3653b2 3e3c7c91 3f009769 bf5905e4 3f206d94 3edc42d5 3d28b03d 3e923286 3ee792e1 3d9e7837 bf56bbcf befcfaeb bf009778 3f70c7f3 bedb8eab be0f0c9f 3d637040 bdfaf931 3f34aba5 bf64a5e6 3ed27aca bf5f01d0 3f7fbc31 bf146d81 bd2e701c bee026d6 3f5ffbe1 bef2eee7 bf250196 3b6af1b0 3f5f17d9 bec53aa8 3f7a940a bf0cd188 bd2a3101 3e22d487 3dc408f5 bdbc78be bf665ddf 3f778a08 bf4aa1bd 3e8bf698 bf193594 be5074b4 bdf858e9 3e98467f 3f14a58f bec3fae2 be8f8271 3ea93aa1 bf6675e3 3f14159d bf351daa bd4130fc bf6723e8 3e30bca6 3f724a00 bf132b8d 3f336ba8 bf059388 3f3f1fad 3f26a59f be53e4f0 bf0d7173 bf1e8394 bf59e3e8 3e999292 bdb008d8 3e69fcd4 beb6b29a 3dabc8be 3cfc210c bde68899 3e03044d 3efcf2db 3dbf68c3 3e2d34a4 bea50ab2 3e955a84 3e26ccef becaeac8 3e38ac7a bf7bd018 3e4644d1 bf4d81c4 3f744ff6 3ef972e5 bea7fec1 3f0bcf80 3ef6d2d6 3ede12bc 3e755ced 3f4927bf 3f56f9cc bf5dd9d4 bf735ffb 3f4029b2 3edbaacd 3e0cc451 3e5914df be82be66 bf531fe7 3f5ff9ec bf1e4d9f 3ef732ec bf26498e 3ee61ad4 be182cc4 bca8602a bd34d095 3f288f9d bf1dd99d 3de71914 3f051b87 bf4bf1c1 3f195197 3f360bb2 bf71f5ef 3f3ac9bc bf556bc7 3f481dc9 bf224da0 3ed23ac5 3f2c7ba7 3ebf62c1 bf599bd6 be402493 bf4b3fc7 3f1e3794 be8af6a0 bf0ad586 3f2cefa6 bf6d11f3 3f60d3df bf6eddf1 bd14b067 3d81a8d9 beffaeea bcaa1fa6 3e92ce93 bee8a6d5 3f7cee1d bf777bf5 3f6191ee be67b4c3 3f25d194 bf22779e 3efaa6e4 3f302fa9 bf060f78 be8c16a2 bf026179 3e498cca 3efe32e7 bf613fd7 3f09d373 3f3ddfb2 be5ab4c9 bf066f84 bf350ba4 3f358fb2 3f500fc9 bbfe86ea 3ea1528e bd8ca849 3ebf4ea9 3f6f59f7 bf2b699e 3f50b3c7 bf6769e9 befcbf02 3ea77a98 3eba1ac3 bdd45900 beb89ea8 be17dcb7 3ecdf2b5 bf7b560a 3f2c0b9e bf1b718c bf126791 3f4407b5 bed906ca beb6aaab 3ebd82cd 3edd8ada 3e160c67 bf20e596 3f4649c2 bf56fdd9 3ecacad3 bebe2ecd 3f62d7df 3f637de5 bf7039f9 3eb882c2 bedc8ae7 be883682 3f044f81 
bf2ff399 3e4fc4c7 bf5523cf 3f6e2ff5 bf27bb9a 3f502fcc be71a4a6 3e4194b6 bf7fde3a 3ebfb2b2 be2f5cd0 3f2c95a8 bf3c93b7 3f2b419e bebddaac 3f2ff3a5 be0b5caf bf5985d3 be51ecd5 3e3704ac 3e21cca8 bf00d76d be161c71 3ee3fedd bf143d8a 3ddf288e 3f0bf588 bf122991 beddd6d8 bed7dacc 3e5224a0 3f2ad3a3 bf2d07ad 3f5ad7d3 bf02817b be8a9e80 3f4567be beb7ca98 be9eeaa3 3e5094bd 3dd0f8c8 bf619bdd bd4af0a3 3eb05295 bf18b3a1 3ef396c1 bdc198cf be358c95 becbbec9 3e827e97 3e9e76aa 3e71a4e2 3e9efeb8 bee882e4 3e656cd2 bee51aee 3ee636d2 3ef05ad1 be9aea8e be02dc61 3f354db0 be9b7aa5 bf08cd75 be9cfe81 3eca62b9 bf6cedee 3e4eecf3 3f3b1bba 3f7a760d bee0f6bf bd78b176 bed61abe 3f5049cf 3e801e7e bee286d5 3ecbb6c8 bd78d09b 3f09bd81 bd91083d 3da928bd 3d4871a1 be9efa81 3f3d07b9 bf597bd6 3f162798 3e0afc81 3ef6baf6 bf4815c4 be4b74b7 be484ce4 3e9d427c bc6943ab bdc4a880 bf2a2dab 3f60e9d4 bf09cb7e 3f2ddba3 be77c539 3eaabaaf bd6b50f9 3f075181 3ebf5ec3 bf1d679f bd54b0b8 be40dcce 3f45bbbf bf1b958a 3f504bd1 bf01037f 3eb64ec9 3ee20ebe 3f104f7d be829687 bec60ed2 bef9daf2 3f4387b5 bf01ab87 be5d34f4 bf77a618 3f35e1b4 3dee18cb 3f4ac5d0 3f4635bc 3e774524 bf09a782 3ef336ff bf03b774 3ed316bb 3ed12e9f bf776a02 3f7c7a00 bf5b39da bd92c892 bcee2206 3f4637c1 bf35afa6 3eda62d1 beca6ed0 3ed1dec8 3e9aea9f 3f159195 3e49a4bd bf2d1d9d bf379dac 3ddb08f0 be8d367c be6104e2 bf723ff9 3c434151 bf23b9a3 bf71e9fd 3f6f0fff 3f367fb5 bf2e33bc bf244fa3 3f1cdd91 bf7af208 3f3f8fb1 3f4459a5 be7c74df bed2aac3 3f139181 3ce6df72 3d48915a bdb3888d 3ddfa88e 3e952e95 bf7e5812 3f6f95f2 bf496bbb be3eb4c5 3ef4def6 be5fcccf bf642deb 3f47a3be be9aa69a 3ebe6ab2 be77ed08 3ea58eae bf029783 beb7aaa9 bee40ae0 3f4969c3 3d9d589f 3f69ebe7 beb03eaa bcdd61d0 3edd66bb 3d3af18a be00c486 3e7e3cb7 3d5a30b6 3f7177f2 bf19f793 3ef512ef 3ed2f2c0 bf4a49da 3f5bcdc8 bf4867c3 3ee34ad9 bf3029a4 3c45c0b4 3dd76889 bf43bfb4 3d3cb081 bebe6ed1 be101c86 3f20eb90 3f16777d be21bc68 3da948b9 bef73ee1 3f207192 bf567bcf be7decd9 3f5a83d3 3c0643d3 be359c9e bf4555c4 be935695 3f211388 bf3fd7b4 3eb5729b bf4c59ce be19b459 3dbdb8f2 3f1feda5 3f28cd9d bea1f6b1 3dfcd959 bf636de6 3f71fbf8 be8a5294 3efc52db bf3153ab 3f3707b9 bbcc7e84 3f61e9dd bf774006 3ee316f9 3f25b9a7 bf1e0990 be9cf6a1 3e8ade7d bf403bae 3f5165d8 3e082492 be4f14ce 3d47d087 bedbfacc bf72ddf1 3f313dac bf0c2798 3f7c0a15 bf3bbdac 3f62bde9 
3ef49ee1 3df0489d 3f05477f bf0a198d 3dd28948 be805e94 3e259c95 bde418fa 3f5a5fce beb826a6 3eea22d5 bf6c2dfc 3f076d80 bdb04913 be454cc6 be5384dc 3edff6d5 3f12dd86 3e1d5cb9 3e2704dd bf41f9c1 3f747a09 bed8d6c3 3ebe26c6 be8d3e5f be292c7c 3d55f06d 3f05c179 3e9dfe6f 3f38c9ac bf05d98e bf23df98 3f3f21b8 bf7fc433 3f6cbdf2 bd872852 beaff2a4 be0c1c7f 3eeb3ef9 bf16d186 3f05d784 3ee812d9 3ec49ad7 beecc6e9 3e3e84ab 3f019f6d bf5e43e1 3f79ae05 bf3985c5 3f6ba9e5 bf65cfdc bd7af10e bef14f06 3f14b18d 3f29219d bf6871e2 3f17a595 bf7b3414 3f699dee bf468bb7 bd02505d be95be87 3f2fd3b4 3e9f7e94 bf186b97 3f689bef be698cc1 bf6cf1eb bf30e7b7 3e64e4e1 3f295da3 beabc2ac be867291 bf1b7b98 3cc96031 3d0490a8 bf3cc9a9 3eb54ea8 bf5d99e8 3f143197 bf08b57d 3f508fda bf51d1cc 3f01fd89 beb32abe be46c4cf 3e11d49f bed072cd 3f78f40b 3d8f18c6 bf6907fb 3f663de3 bf01e77c 3f5733cd bf0bf98d 3f0cad8b bf504bc5 39a874f0 3ecaeecb bf03677d 3d03d12e bf1c1587 3cfc61b1 3f680beb bf6ee3ef 3f1d69a3 bf3667af 3d601220 3eede6cb be9f328c bf161192 3e2bb4a5 bf04938b 3f5435ca 3e1a4ca4 bf2761a2 3eb6d6ad 3ef606f0 3eea16d9 bf0ed39c 3d95d841 bf62e3e1 bf5efbdb bbb77f1c 3cc2e273 3da228e9 3ec23eba bf1cb39d bdbe58b0 3f4307b7 bf38f3a9 3c9f1fc2 3f4a19be bee3faf6 bf446dc2 3eeac6e5 be7d1d23 3eab5286 be313ce9 bf19ab96 bedafed1 bd199145 3f082f7b 3f296da0 3edd1eb9 beec2ef6 3f012d73 3f3795a5 3ec7ceac 3e5254c4 3f5c51d8 bf3205b0 bf041b76 3f7297f3 bdaa38b0 be4304e5 3f111582 bf15838c bf240f99 becc56df 3f5207d1 bef952cb bf0d4380 3f0bf793 bf1fa18e 3ed4aeb9 bf3d21be 3f4ea5d2 be4ddce7 3e80d67c 3f0dc581 bf37bdb5 3f767a0f bf1bcb91 3f6511df bf76fbff 3eb05ab7 be4c34f2 be9f5aa2 3f7b9810 bedcbab7 3f2f0fb2 bf098d7f bc77bd63 bf7117f4 be04d469 3f020584 bf02a183 beb756a7 3eb70eb4 be4af4b8 bea4da83 bf125d8d be084c25 3ed9a6d1 bf67c7e9 3f37e3b2 3c7d4197 bf36b3aa 3f3095a2 3f3865b6 bf4395b8 3f4869c5 3e81627e 3f4555c3 bf3cd1bd 3f59e7d2 bf6931f4 be800a6a bf257b9d 3e9e36a8 3f027977 becac2cc 3e410ce8 3ed06aad be962eb8 be1bbc83 3e4f54bd 3ef222ee 3e018ca1 bf075d8e 3f173596 bf07838b 3f0a4789 3f1b61a8 bede82e6 bf6f37ee be40b49e becd42b4 3e8c2277 3f26e58b be85f281 bf434fb5 3f5fe1de bec9c2b7 3e1df4a5 bf5731ce be9dc288 3f52bdd5 befc22e2 bf59c3cb 3f765206 bea71299 3eb7b2a3 3ef596f3 bf5697c9 bece32c0 3f59d1d7 bf2e6fba 3f7fb230 bdad882a 3f4d05c7 bf37dfb1 3ce99f90 3e401cd2 bf50bdc3 
bf225ba0 bcab9f58 beac1e9e 3ea83ea4 bcb42086 3ebbdea3 bf5f19e4 3f3c8bbd bf764fff be051c6b 3e01ac54 3f0b5985 be5674c2 be7ac4cb 3ef6b70b be5d14ab bf32e9b0 bd5d7256 bf1829a8 3e99aa9b 3ee466d4 bf6c55e4 3f6453e5 bf6d27e7 3f4047b6 3e98de99 bf18339b bee6dee0 beaafaaf bf100f89 3f03cb81 3f29eba4 bf5155c8 3f52d1c8 bf194b8f bee7f2cd 3f6681ef bf21db9b 3f5475d1 bec07ab4 bebe46bd bd7a50ba bf59c1d3 3f280995 bde4a8f3 beed06f4 3e419c81 3e991aa1 beb932a3 be818e84 3e3544c6 3f60e3dd bdd0d8cc bf096978 bf49f9bc 3f762002 bea2b693 3e8cbe81 bed206b1 3f44afbd 3dae382b 3998352f bd819885 bef3f6f9 3ebdfed5 bebcce99 3da478aa 3f71f7f8 3f122f8d be785d08 bf5027c9 3f1be593 3cc82013 3f190399 3e907e89 3ea29e92 3dab58cd 3ee646d6 3e864286 bdd1d8e7 3dcf892c bf1b179d 3f5d43d4 bf3ca7ba 3f6455e2 beea1ee3 be1dccb8 3f3139a4 bf21a598 bef792ff 3f5949cd beca5ab2 be6c2d09 3e1934a2 beedfacb be797505 3f69d7f1 beb8c6c4 be907ea9 3e823e90 bd591115 3f22738b 3e842a59 bf7c7218 3f6ffff4 bf35a7af 3f4fc7c1 bdbb18fa bf4f7bc9 3f04bf79 3deb18d5 be5a04e1 3f40dfbd bf69e1e6 3eafa6b3 3d82984d 3dd0782c bf7ed22a 3f2c619e bf13a390 3f1e1d92 3eea26bc 3f7b1007 be128ca8 3e4c44d3 bebbaead be22fcfe 3f137d8e bed08acd be00acc7 3dc288b9 3f33e9a2 bf7d7223 3ebfbab2 3f68ebe7 be940e88 3ea0cea4 bf1de598 3ec516c7 3f3129b3 3dc01902 3ddd493b bea7de95 bf4c1dd1 bf0ab77f 3f6c79f3 bf69e3f3 bd43111d bf77c60b bc34c22f bec06aa9 3e556cda 3e4224bd bf7ea826 3f3dd7b2 bed28699 3eefe6da be95568c 3f79c60d 3ec53ec1 bee272cb 3dde397e 3e706cfa 3f00417e bf18e184 3f3877aa 3e97329a bf08817e 3dc55924 bf385fae 3f243d9d bf4975bc bd44506a 3ef41eeb bf7085fe 3f5e0bdc bebdcac9 3f5b9bdb bf6245e0 3ee2a2e6 bf33d5b5 3f1fb99a bf5b11ce 3f2395af 3f16658a 3f297b98 bf75c3fd 3f52edd0 3c4d4294 3e0d3493 be6314e3 3e940e87 3f3bffae 3e1efcf9 bf254da4 3f6a6deb bf3f45bf be66dcf3 3f7d7821 bf30e5b7 bf6feff7 3f3cbbc3 bf10a789 bf794014 3eb63abd bedf82bf 3f44d5c3 bf04ed76 3f6d21f0 3f4fafc2 bf4153c7 3eb76ab9 bf4ce9b8 3f3a3bb0 be884a7a bf1ad592 3f4f95c2 bf7c3e1d 3f331daa bf105d8c 3f041582 bebfeec4 3f3a67b7 bf100585 bf099b7d 3f15258b 3f4731c2 3ef0aef4 3e8eaa9f bda6a8d2 bf6ae1f2 3f716bf7 bf08d18f 3df3a893 beade6b1 3ef772f5 3ef24702 3ec47ac1 bf738602 3f2dfbab 3f5507e3 bf760a06 3f1def90 bf79e604 3eae1297 3ecfeec6 3e81ca6b bf1c87aa 3ed5b6d6 bf40b1ba bd06501e bf4f77c8 3f23d1a5 be05e484 bd78112c 3f6829ef 
3f0dc385 3e8c9a93 bf1f8399 3f4fefca bf7d1a21 3f069778 3f044583 bf1f5ba5 3f4d3bc9 3f1c4b91 bf0a6588 bf3833a8 3f7065fd bf2d73a0 3eb7c6aa bd313131 3f6ad1f0 be55fd00 3f68b5e2 bf6509f3 3eadc2b0 3ea5de9e bf2967a3 3f0c7f7a bf038387 beb4cab3 3f1b47a3 3f201394 3ef88ee8 be24b473 3ce1a14f bf786bfb 3f77aa0a beb516ab bd3eb0e3 3f211f96 bef76b0c 3df92913 bf2a85ad 3e53f4d7 3f5c43d1 bef27aee 3f45e7c5 3dbd989f bf4fefcf 3f780c07 be0c9487 bf61c1db 3f7eea26 bd57111a bd9dd8b2 bf772bf1 3e4174b1 3f72bffc bdff590a 3e96e284 bf695ff4 3f61c1db be5f1cbd bf5a27d9 3e822e87 bc023f7c beb1568b 3f036989 be02b470 bd4d10db bd7e70fd bf52f3bd beec0acf 3ec79eaf 3ea5b695 3d0a30ce beee62e5 bda99852 bf3ac7b7 beace69c bc13bfcf bee25ae3 bed762e6 3e6fec9d 3ca0e031 3e1c2cb0 beb072a7 3e2f5490 bef6c6fe 3e89b29b 3f130f91 bf5c75e9 3e52a4b7 3efc0ed9 3dab4857 bf549bce 3f6f65f0 beea4af8 3ed922c9 3f0cbd7f bf6f4fe9 3f192799 3e04ec9b 3e620541 bd8a98cf bf7bdc11 3efa3f0c beabdab2 3f12698c bf3f77c2 3ec7aeae bee12ebb 3f7f0c2e bed9bad3 3f0b1d85 beb66ab2 beb13abf 3ef47ef0 bf070b9e 3e6624c2 3d1ef0ca 3f1d4b90 bf46f1cf 3f7045fc bf3b13b9 bf1d3fa5 be1a3465 bf483db4 3f6bfbe3 bf30cda9 3f15838b be79c50a 3daca89b 3f195390 bf2dc59f bc783f6a 3e0e2c8f bd347075 befe1ae6 bf17ef99 3e859692 3e95d69e be753ccf bf59f1dd 3eab9eaa bf0acf9b 3ecd6eb9 3f5843d1 3e6f2cf2 bf28ff9e 3f27c9a2 bd342fc3 3f4045ad 3f3531a9 bf4c8fc4 3f40e1bc 3d85c859 3ec0deb9 3d671132 bf54fbd2 3e3d64b9 be34fcef be882698 bf5f89db 3e8f6e93 3e809a5b be771ce8 bf10f981 3f02537e bf2c55b0 bf3779a6 3f5fffe1 bec262a1 3f571fdd bf4dd9dd 3f4e8dc2 3e36f4c7 bea662ae 3dbe88cf 3ee696ea bf55e5d8 be92aa72 3f7a0e17 bf6aafe4 3f3b6fbe bee492d8 3f4f59cd bebb1eb1 bf4b97bd beb4b299 3ee8fae9 bf098b7c 3e85ce8e bf35a9b0 3f61f7de bf4749bf 3b808331 bf35999c 3f639bea bf1d3b99 3f05f984 3edf3ec6 bf6a99ec 3ee68eee 3f65e9e5 bec42eb7 3f31b9b4 3eab62a5 3ec606ca bf553dd4 3ead8a93 bf22a999 bdefa906 bf4e1fd3 3db518a1 3e99de73 3d8788d9 3ea792b0 bf5d77d7 3f7aa609 be1074a3 bd48d0a0 3e4794c9 bf5141cc 3f7d3014 bf68a7e2 bd972869 3d9458ba 3f003f8a bf21bf9e bf19e197 bef87eea bf1eef9c 3f616ddc becb3ea9 bdcdd898 3f4515bc beddc2e1 3ee176d0 bf07d57c bf0fd180 3d3fd054 3f21ebac bf2fc1a7 bebf2aaa be1c84bd 3f37afa6 bdefd8c6 3daab8b1 bf240b9d 3eda96d0 3c033f2b bd52d013 3f49e1c2 bdd5790d 3f6849e3 bf2f89af 3eba42bf be918287 bf259f9f 
bf167799 be8bb69a 3f7c8215 bf715df3 3f65a3e2 bf352bad be4594a7 3eab42a9 bf2b49a0 bf5999cb 3f797a09 3e9cea99 bf15e993 3e1c4484 3e5334d1 bf51dbc3 3c8061fd bee5eec2 bf1cc193 3f773c0b bf694be8 3efc6ef5 beaf6ea0 3f78a1fc bf428bb4 3f7faa25 bf669fdf bee5dad9 bf2f11a5 3f27dda9 be3bbca7 3f6ff1f8 bf5c59e8 bef0cf07 3f7cd209 bf439db7 bc62c1ca 3e891669 3f0ba583 be84ea82 bf658fdf 3f031f77 bec6a6c0 bf198f9d 3f75c1f5 bf1fb790 bce21df6 3f4f0fc3 bf6291e3 bd905904 3eb4a6a5 3f1fafa7 be552ce6 bf615fe4 3ec97eca bf2ab19f 3f7a260e bf6f05f3 3e8d0677 3f5961e0 bf05237d 3e65bcf4 3de51904 3d7d1176 beb9a2c5 3e982a9f 3eb43ead 3e16c467 3f7019f9 bf755e0a 3f122382 bf787bfc 3f4865c1 bc8360f4 3f10457a 3ea2166a 3ee962cf bdf2f94e 3f16238f 3dc918b9 bf2ac9a8 3f74200f bf5427c6 3f7349ff bea83ea2 3db2a84d bf5ef7dd 3f4c83da 3e855287 bf47b5ba be19649e 3f66efe3 bf35d1b5 3ef6faf4 bf5151de 3ef236db bf629fde 3f3f5fc1 bf7547f9 bea2628f 3eb9e6ab 3f71ddff bf5451c6 3f63e5eb bf5983d8 3f5c97dd bf146195 3ecd1ec0 bf6a83e7 3e162cb1 bf5307ce 3ec3d6c5 3f2f63a8 bf35ffb4 3f6af1e5 be63ccd9 bf5011d9 3f499dc1 bf1e1593 bcdc20c9 3ea706a5 3e8bee7a 3f340793 bf153796 3f12018a beeb1af8 3f02f57d bf677bf3 3eddd2d2 bf59d5d9 3f67e3e1 bf3dc3a8 3f7cc41c bf3507b0 3f4db9c5 3e64ccf0 3f046d72 bf7a820a 3f4eb9d0 3e3f1c9f 3cab2178 3f506bc4 bf48fdce bea89abf be4a1512 3e1decc1 3d047067 be2b2c9b bf1ae198 bf2eddb7 3f4fb9cc bf7e6821 bda2f891 bf2b7d9c 3f00a781 3ec07aad 3f4f69d1 bf48c7c0 3f322bae 3f0bb985 ba5c0987 bed0fedd 3ec836ce bd9b8887 3e71f4ae 3f04d985 3f0bbf84 bee44ee5 3e7a9d0f bf29c7a7 3f0a4188 be2f24a3 bf3b31bb 3ebb4ab5 3e833288 bf34c3aa 3f59dfde 3e934e92 bf612dd5 3f41d5bc bc9ee123 bf173982 be475c8e 3eecb307 baade6ee 3f669de8 bf195597 3f4cd7cf bf590bd7 3f6b0be1 bf721dfa 3f780606 bf433dbd 3f5923e1 becf1eb4 bebb06bd 3e2fa4cb bf6611d9 3f6bbbff beb2d2ae bf2363a0 be07ac80 bf053f85 be951a86 3d86d8ce 3f2b15b1 be36a4a5 3f731ffb be67a524 3f56bdc6 bed916dd 3f21438b bf6a2df3 bdbea8ea 3f7a9801 bf5bebdd 3d68f0ec bbba78d7 3d387007 3f183397 bf0f6f7d 3ea9ae99 3f086d8c bbbd7e3b bea646ae 3f237799 3e90ce6f 3f2bf99a 3e3b0c93 befeef0d 3f507fd2 bf3ce9b6 bd57f200 bf07ad81 3f3b21ad bed43ae5 3f749bf6 be875285 bf2b5fa3 3f4675bd 3e5c8ce9 3ed0fad3 bf5439cd 3dc0c881 3e9ece82 3d67f115 bec822cf 3e9f0e99 bf47cfb6 3e050c69 bf769001 3dc928ad bcbce112 3d4b30b9 3df658e3 3f1513a1 
3f4c5bc3 3cc6a0ce bf44c3bd 3eb03e96 be6ba507 3f33e7b0 bf0ee792 3f1bab95 3d9a68a7 3f7a1003 bf6ad7f0 beeb0ef3 3f77fe0a bf1bb995 3f1b439b bddb5888 3f303fa4 be418490 3f7d7c1a bf1b8592 3e4754c5 3eec0ade bf06e981 bf20c7a1 3ed39ac0 bf2e0fa8 3f7103f9 bd8ab842 3f7aec16 bf480fba be22ec7d bf289f9a 3f6d7ff5 3f25199b bf7e9c17 3bce8460 3f7d9215 bf3777b1 be8f32a0 3e3a34b2 3f7db61d bf11038d 3e0a7c6c 3f50b9cf bf7f5c26 3f25f791 bf63a1da 3f516dce bf1a459e 3f4cc3c3 bf2dbdac be98ba9c 3ee336d1 bd693060 3f57b9ca bf741dfb 3f64a5e6 be892e93 be56b4e4 3e82d68b bf3bf9b3 3f73e401 bf4d25b9 3dce496e 3e90968f be9e9e86 be8d5e9c 3d401027 bf6a21ec 3f34bfad becb2ad7 3f6ef7fb beb18a9f beef96fe 3e7574f1 bf04c786 bf5f6de1 3f4df1c7 bf6f2c00 3d9e5863 3de328af bee1f6d3 3e873a81 bef0eaf5 bda6788d 3ea61e9a 3f3b47c2 bf3e95b3 be88de7f 3f7fe237 bf08fd7c 3d854810 bec26ea6 3ec072bc bd7b1093 3e303cd0 3f3e53a8 bea3f6af 3f2c919e 3f218998 bf178594 bf5a23dd 3f5f9dda bf3505ae be26e47e 3f43d9c0 bf6129e9 3f3199ad 3ea73ea3 3eda2edd 3f184d8c bdc968d7 bf7d9619 3f17f18f bf351fad 3d73510e 3f4297b6 bf4d07c7 3f7df217 bed72adb 3eaa628e bf7115f9 3ee5eeb1 bb9e7b37 be831a71 bd88e8b4 3d08107e 3f08ff78 3e2a6477 3e78bd0b be2e0cc7 3ecd66c2 bf21218c be14ac7f 3e629cd8 bf3dfbc1 bf151597 3f7f2228 bf3f69cc 3eaeb692 bf51f5d7 bf20739d 3f724400 bed24ab6 3f37dbb1 be6d24bd be2c7493 3ca3e143 3f3a59bc 3e51c4c5 be42cc96 3f5709d7 3d86182d 3f7335f5 bf647bdd be82426e bf6b1ff6 3f375bb3 bf184199 bdbb4934 bf0a5d80 3f656ddf bf6999f1 3f4fb7c9 bf14d18e bf6da3f0 3ec22290 bf4c27ca 3f0d5990 3c95a04b bda2e84d be85028e 3f160b7d 3e989294 bf5355ca 3f2acbae bedeaaba bec5b6ba 3f2eb1ac bf57a5d9 3e95f285 3ef35add 3e65653b bf4ca3b3 3f28eda6 bf7ad411 3e626d03 bf07757e 3f5497d0 be31b48d 3d0b2ff1 bedbb2c6 3f7661fd bece06ce be878a6f 3f722ff4 be9fee97 3f74400d bf5053c4 3ec4c2c5 3ed2e6c8 3e333c8c 3f6489d9 be9a7290 be2544b1 bef246de beedeedb be4614ba bf705def 3f357fae bf25259c bded18cf 3f283ba6 3e7ab506 bf6933e8 3f02077c bde0a92c 3c82a1c3 3e4b3cb5 bf2d5ba3 3e5c7d33 3e4f34d2 bf167b82 bf2a259e 3f24619b bf3dafac be27a4b0 bedca2f6 3ecffabc bf6bddf9 3ef75ae6 bca4a027 3ec686bf 3f095d7e bf7d9228 3f308ba5 bf4d87cc 3e62fcb6 3f05b982 be696cf6 bf75a400 3f0e6391 be84ca8a 3edddae3 be79b505 bd2e304b 3e906a91 3dd648e3 3f1d91ac 3d1ab0c5 3f726ffb bde9a8cb bca62017 be8a366e 3e85be85 bf4617c2 
bef0df05 bdd778f6 3f1e3b92 3d9f6825 bea406aa bea2faae 3f024379 bf03fd79 beb9febd bee686e5 3f2a13a9 3ddfd853 becef2c1 be1e54c0 3cd65ffb bed74ec5 bcc6a0a2 be401c9e bf6dd9dc 3e8b1a87 3c09bfb8 bf37a1ba 3f78c801 bc583fcf 3f549fd5 bf17218b be0b9c5d 3d58b016 bf58d7d7 3f00cb7c 3f4749cd 3df3b957 bf4d53c5 bf1d0b90 3f5317c7 3e958a7e bf6e6df3 bc841e9c 3f6dbffb bf7109ef be7614ec be349470 3f07bf87 bf71a9fe 3f0fd98a 3eccc6be be32548a 3e7594e9 bf2b89a8 3f6e1ddb bf2b3fb1 3e924a96 3ebab2e6 bf469bcf bd902911 3f22fb94 bf7a9816 3e5ad477 3ee1b6eb bf443fc8 3f2a7da5 bf3e2fa7 3f2533ac becf16d3 3f0f1991 bebb2edc 3df458ad 3e9d6699 3e57b4c8 3ecb02c9 bf28f3a6 bf05677a 3eb3969d 3d875893 bed6c2b3 3f19d99b 3f3423b1 bf3effc2 3f4225bc bc31c03c 3ecaa6b9 3cd220e6 3dba588b 3e809e57 3e64ece1 bf31d5ab bdf2c8bb 3e030c86 3e805675 bf22ebab 3ddad8a5 3f497bcb bf56e5c8 3f46c3b7 bea5729f beae8e8d beb9eab3 bee946cb be4cc4ca bf47c1c1 3f6bf1f4 3e6f1cca bf049982 3f7b2015 bea7829c befd16fc 3f16498f bed0cec7 bee2fec9 bf5f61de 3cd120fb be85327c 3f4eb7c2 3ec11a9f bf2595a9 3f707403 bf4967b8 3e997aaa bf1c9393 be17cc7c 3dbd18c3 3f10d387 bf4101b3 3e10fcb9 3e9ada8b 3e1f345e be44c4d9 bef652f3 be155c9e bec8fea5 bd62cfc9 be83968f 3e8cf29a 3f42c7c1 bf478fbb 3f79be15 3ed91ab6 bed7d6cd beb6a2b9 3eb04a8c 3f6081d6 3e86fe60 3db1d888 bf23a597 3ee47ad4 bf4f8ddb 3f283f9c 3e03748e bf774a02 3edb8ebb bf1f0992 bee77acf be94228d bf2c6fba 3f032b70 3f754c03 be4cd4c5 3f1e7f87 bee6e6e8 3eadf28b 3e93129b bf0fa99a 3f091983 bee822dd 3e74acf6 3f0f3185 3f3ce5b0 bf011178 3f6679ed bf75e60d 3f08658b 3e4494ca bebf8ece bedd8ab2 3f35bfbd bec8a2c2 3eb652cb be96d29b 3eba86bf 3ee9d6de bf6e35ed 3ef8cb02 bf3329a2 3f79601e bf4611b6 3f1eb597 3ec52ec8 bd91389a bf06b583 bf3727a6 3f6bf9f0 beb0ae9d bf231792 bec932c5 3f2e79af bf5971d8 3bf0813d bf641de0 3f62b1e3 bf60b9d7 3ed58ec3 bf6005e4 becbe2b3 3ea882c8 3df4b86c 3f6fc3f2 bda868f7 3f6067da 3ea4c2be be7fb4d4 3e0b4ca1 3e00dc8e becbf2c0 bec92ed3 3f738401 bf0a2f87 3f41adb7 bf07397c be0f7497 3ef576ed 3e90727b bf6ee1e0 3f7f1c26 3f266da7 be3e94f0 3c5f43d1 3f63afe6 bf74d9f2 3ef0c6e6 3f49edc9 bf4531bc 3ed096cc bf6e85f4 3ef1f6fc beb5debf 3f360daf bf4e7dca 3f4bf9ca bf7a1004 3e9b627b 3f51e1d1 bf2b4ba5 3f2f33aa bec732bc bf10858a 3f37a9b5 bf109f81 beb46a82 bed19aba bed5ead5 bf06af87 beaeeabf 3f16fd85 bdbb08bb 3d7ad0f0 3e964291 
3f3599b1 bf4013bd 3f0c2596 bf726df0 3f71dffd be92be8f bda478bd 3dbab8ea 3f202796 3e482cf0 bf4911c1 3f3879a8 bef52af4 3f74f003 bf2e59a0 3f7d2e23 bf2c7b9e 3f3209ae 3f54efd1 beb17ab4 3f6971eb bf2ab7ae 3ebd1e9b bf73f1fa bf3da5ca 3f6c35f3 bee7becd 3e48bcba 3f055189 beb2cea7 bf7b5e02 3e59d4e8 3f2c299c 3e36c4af be6454b6 bef456d4 3f2765a7 3eebfecb bf38eda9 3f1d979f 3f259b98 be6a7cc6 bd186fb0 3e9a828e be5cd497 bf04f17c 3dd918fd be0954a3 3ececaaf bf72cc00 3f5057ce 3cfbe251 bf3387b8 3f30fba2 3dd1a8c9 bf04757b 3efc96e6 3f103f78 bf449bc3 3f19a199 3f21ada0 bf54cbc0 3f3f3bb4 be7becf0 bf3325ad 3f20b590 3ea71e92 bf233fa5 bd35f10c bf140988 3f5a93db 3f46dbb7 bf7b6000 3f5997d0 3eaf6ea9 bf7cb015 3eeb9ad1 bec1d2ac 3e503ce7 bf4a73c1 3df968bc bf46abd2 3f1fa99d bf6c73ef 3f015d85 3e5f04e1 3dc36887 bcbf1fb3 3ed33adb be7b7d1f 3ea7b69f bf6b0dee 3f48e9d1 bec0769b beddfac6 3f57d7e5 3e507cf3 3f0e918c 3ebaa299 3e84a269 bf7147f9 3f2b579f bf0d0f91 bf3553ad 3f6dabeb be65ecb9 3df9c8c6 be7d4d2a 3f5835cc 3f3b37ae bccd60d5 3c8d61f7 bee53aee bf38e5b1 3f7c2c08 bf6189df 3d87e8e7 3f14c58d bce3a019 3f7eae28 bf4a5fc3 3ec236a9 3d8d28bb 3f05c785 bf79560e 3ea35a7d 3dfeb8dd 3d9148ac 3f311db3 bde0f8ca 3f6933f1 bebf3287 3dbe1919 bf31e3ad 3eb02eb7 bee572ba bf47d7ca 3f28bf9c 3f0c5384 bf38f9a5 bf064d7a bf0a7384 bedd7ec4 3f7eb422 bf4935b7 3f74edf3 bed33ec1 bebe3eb3 3f3651b7 be66b4d8 3f11198b 3f191588 3dcd9909 3f58c3d1 bf7f522c bd83d8bb bf3431b1 3eae6e90 bf125b8b 3f5035c9 bf613bd9 3f760a01 bf454bd1 3e14acb3 3f22a993 bf6ac5f4 bf3f85b4 3ec5a2c3 bf45a1c0 3f04e97e 3d33f143 bf3b75a7 3f6d81ed bf4577c8 3f5965d3 bf706dfc 3f1cbf96 3d292fb9 bf4adfce 3e6c84c5 3eed0ad9 bdb828e9 be92026b 3e87728e be69d499 3de358b9 bf5c43e4 3f30f1be 3e93e298 3f72b5f5 bf6795f3 3ee7f2d6 3efd56d9 3f51cfbc befe2f01 3e494cb5 3f141f8e 3ea49e9d 3df9492c be8af282 3f15978c bc9e212e 3f5291df bf4853ba 3d2d3034 bf5493d1 beb9aeb8 be3d7499 bf6cb3ef 3f2c53a5 befaead3 3f60b3e3 bf150591 3f487dbd bf7c5c15 3e80ae7b bf17ab8d 3e24fcaf 3f2e9fa4 bf4ef1dd bce6e21c 3f683feb bf5fbfd0 bf7003ee 3ef1b6fe bf318da5 3ec702d2 3e7d9521 bd66701d bf4475b9 3f134d88 bdbb3922 3efc8f0c bd9df867 be2eb4a5 3e54acb3 be61dcca 3f6b23ed bf620fe4 3f737bfd bf728ff9 3ed62ebe bf18db95 3e97f68e 3f6421de bf4007ba 3ee07ade 3f13358c 3e849a76 3f43edb6 3db7d8c0 3f2563a3 bf7151f9 3eeeeee9 bf246ba2 3e090c8d 
bf711e01 3f75edfe bf238f99 3eade699 bd94b8b8 beb886b1 3f3cb1be bf29afa8 bce3e1c5 bebfbeb0 3f1d419a bf10ab91 be68a484 3eb5aaa8 bf77d9fb 3f51bfce bf6ba9ff 3e6a6cc5 bf5eddd6 bf160d8f 3d84e8a3 bebb66c2 3f273595 3eb9feb3 3f7775ff bf49e1ce 3f147b7e be8b1e8e beb4a28a 3ef256ef 3f5065c7 bf18b195 baddfd98 be19fc8e bd3550c4 3e332c9c bde9d8d8 bf404fc3 3eb62ab7 beac2ea0 bf70adf6 3f3145b5 bf65e7e4 3f776a02 bf35f7af 3f6855eb be8aca7e 3e7e4d07 3d13f04a 3ea766af bef506df bdedc8db 3e9b9689 3e291c96 bf27a1ae 3f2f87a9 be58acce bf6cd3ff 3f1ba794 bee166ca bf76e202 3f4fd3ce bf3373a6 3e72a4f7 3f4b13c3 bf4887c9 bf127d84 3f08e77c 3efedee0 bd8057ff bf15218a bf16c989 3eef4313 bf0f5b89 bf22f594 3f7573fa bf2e51ac 3cf9a159 3f2fa1aa be5cccf2 3f417bb2 3e157c63 3e7b4cf7 be09f46f 3eb9eece bf6c31ed 3f2c5d9d bee36ade bf5c3fd3 3f670de1 bec166b6 3ea51298 bd34b13a beb2e689 3f6c17ff bf3be9ad bee4aab7 befa8f05 bec182b1 3f0b0786 bd0d3081 be920a92 3f77ea00 bd65b1fe be9396a0 bf2a739d 3f5739dc bec002c1 bf101589 beb00697 bef806ee 3ee75ecf 3eccb6a6 3e4eccc6 bf09f57b 3f2f25ae be49bcaf bdafa891 bf141f8d bf225d94 3e1ec4cc be4c4cba 3b150e35 bef9a6df 3f7b160f bf18198e 3e826676 be89828b be61f4ca bf3bb9ac bdd1388f bf1c958d 3f71760b beb9be91 3ea22e98 3f0bf980 3dd4e91c bede32b7 be7764b6 3ed16eda 3ef1bada 3f5881ca 3d5eb09c 3d4b50db bf24db9b 3f057984 bf4d43ca 3f31d5ab bc90e01b bf23b597 3dda790c bf4b21cb bec0aeb6 bdb7d8ce 3e5bb486 3f05a580 3e3e04ca 3e4f1cb8 bec436aa 3f058185 bf51f1c0 3c6bc40a 3f5e31d7 bf3b99ba be4a94d0 3ec976c1 3f0bfb8b 3f17e98a be978e8e 3ed14ad1 bef5ef04 3e9f3698 bdfe7930 3f0a2173 bf58e1db 3f398dbd bf4533bb 3f237d96 3d645191 bdac9843 be39a4a2 bd291107 3efd8ef6 beb9deb6 3d1ff095 3f005d75 3d25f04a bf2ac193 be121461 bf6d77ed 3efde2f7 be7e24fd bf068585 bf434bb9 bcd260cf 3edc32dd bf5157d9 be080c9b bf273da5 3f556dd7 bf342bb3 be895294 3e3514cd bd987900 3f107d7b 3e964670 3f189191 3dce68ba 3eeddad8 3e7a84c8 bf3395ac 3cf3a124 bf15958f 3f3c35c2 be6d050f 3f5099cf be9dba89 3efcaefb bf7049f3 3f77f9fb bf075181 bec9bad7 3f103585 3f2ad5a9 3e962a8d bd88f87a be0adc52 bf2773a1 3f169f8f bdf5d8d9 3b9e7dd0 3ded490a bf7245ed 3f2e3fa7 beddaec3 3ea59696 bef946f3 bf37f9aa 3f51efd9 bf13d188 3e4984a6 bdb3f976 3f5593cf bf71ba03 be50bccd 3c41455c bd1a30a1 bf197f93 be56c4f9 bf7bf812 3ded3915 beb80ec5 3ed232d3 3c6cc3c9 3f1b959d bdd8c902 
3f7ae204 be85e67c be4e1cfd 3f1ecda5 beaa928e bcbfe05c be2f0cac 3e158497 3e6734eb 3e4f74f3 bf03e385 3f788407 beb746a8 3ea6b686 3d9b888d bdceb903 3f3bedb3 be5004ac 3f414fbf 3f65ebd9 bdff6966 3f00ff71 bf7a1a15 bef896eb be51d49d be665ce1 be2cd4d1 3e75b4d5 3dfe28c4 bf0cdf86 bea4c6bd 3ef7bae9 bee27ad1 3e9ca2a3 be6334f4 3f2b35a5 bf1cc79b 3f6881ea 3bf9784c 3e463ca3 3f6e49f7 bf050d81 3f25099c bee666da be47fc84 3eccaac9 bf3f63b1 3d2bd013 be16249a be85cea0 3f3c97ac bec2bad0 3e792cdc bf048383 3ec882bc bea516b3 3cac2169 3f123b84 3e9a2289 3d8748a2 3f0b2781 3f041f71 bf1d8797 3ef7eed5 bf7fcc39 3f49c3c0 3f7c5a17 bf75fe02 bd4c90e9 3dbf78b0 3f001d78 3e3a0ce0 3ecdbed3 bdb9c931 3f4b6fd1 bf3c3dad 3f78e606 be2df4cb bf4431c5 3e9776ae bf0f0789 bed6f2b9 be6874b3 3e7d8d27 bec0529e 3f6795f4 bf7047f4 3f697de5 3f08cd87 bf1bcd93 3ce52253 3ad607c9 3ee916d8 bf3443af 3ebf32ae bf046f7d 3f740800 3f2f0ba4 bebefaa8 bf1eb993 3f617dde bf3021a2 bf086f78 3e686ceb 3e94129f 3f0e3b83 bf2f8db7 bbf27f3f 3f714bf9 bef972f0 3f652fe0 beab9a9e bf681ded 3f2b65a0 3c39c47f bf2f19a9 3f5a67d8 bf4017b9 3f63e7e7 3f6483e1 be9c8686 3f68d1ed bf7e221f 3f413baa bf3fcdbb 3f066b6f bed2d2ca 3e918694 3ccedfb3 3f782202 3d0ff0f0 3f188192 bf71f7f8 3f17158c befe9efc bf4a07c6 3f420bac bda77906 bdd668cf 3e352c88 bf6c5ff2 bd6e1124 bf6d2bfa 3e5704c8 3f2e47a2 bf279da6 3f7453ff bf307ba5 bcc85f55 3ecce2af 3d412f91 3efbdaf3 3f34a39c beca86d1 3e2784bd beb522c4 bf3815b5 3f6ab5eb bf34519d 3e6af52f 3f41b9cd be82c25e bf2479a6 3f43b9be bda24853 3e6714e1 bf11d186 bf54bdd0 3ea9069d befbc6f3 3f3a87b9 be2fbc8f be624cf7 becf2ecc 3e93eaac 3f46d1bd bf4dc5c0 3e9dfaa8 bf12d59a 3f6dc5f6 bf672fef 3ee012d0 bed9ced8 3e08e486 bcb020fa bf243194 3f0e278c 3f27cda7 be08dc8a 3f6013d4 3d0eb0c0 be905e9c 3f798601 3e0ebc85 3f264d9a bf582dd3 3f56efd0 3e7c9ced 3edb26d9 bf05e17f 3e2c0c81 3f39ddb3 bf6bcfeb 3ef2e6eb bed726c1 bef2f2d6 bdc498ae bea3d691 bea11aad 3ac5f3dd 3e7ebccd 3f0f957b 3e33ac80 bea5e698 bf5123d3 3ef6b2ed bf56c5d2 3f6813ef bf777008 3f227793 be33c4b9 3f29e7ae bf16198d be93368b bf5bbddf 3ed382ba 3f197b93 bef922f3 3f52cdcb bf4759c9 3f03077e beaf3ea1 3f51b1cb bc4c43b0 bec4a6ae 3e536498 3f1d7790 3ee7eaf1 be4facba bec45eb8 3f2c57a9 bd9898af bf5eedd5 3f721bf1 3edd2edb bed9eae0 3f3f0db7 bed532cb 3f6a63e8 3ed5faac 3e98ba9e be853a9c 3e6324b8 bf23cf9a be44fcb0 beaf36bd 
bf4db7c5 beb362b7 3ed1b6d1 beda2aad beb2ea86 3f59a9d1 be6c4d1a be106cab bd0cf0c8 bdc1c8a7 bddd48ce bd4b90c7 bf5813dc 3f58c5d1 bf223b97 3e00e481 bf430bc5 3e6cfcbd bf703403 bec8f6c9 bf5711d9 3ef30ae3 3f064776 3f437fb9 be93dea2 3f1aa18f 3e320ca3 be9e429e 3d256f88 3f130993 bee45edb 3f1b3994 bef742f6 3f153d93 be4ad44c bf4ab7b2 3f2f09a4 bf46e1cc bd625099 bf00f587 bf080b85 3d5c5136 3cb09f06 bf121791 3f782c03 bf76effc 3f3997b7 3f4125c4 bf65a9dc 3f66a7ed bf7c7a18 3e8e4292 3e90c297 bec15abb 3f5f6bd0 bf22298f 3f149397 bf2effb1 bf0a8981 3d2250a6 bf08e985 bf1cbd95 3f03b381 be3a64b0 3f4123b8 bf520bcf bf5ca5d3 3f6dbdef bed69ad1 bd4d9131 bd8778a8 bf1aa37f 3d96c897 bf4ab5c6 3f3395bc bf3d77bb bed542cb bc892167 3f5693cf befe0ef8 3f0e9f83 3f05237f be22bcac 3f24bfa7 bf66b9e0 3f075f7f be89427b be8de68d bed4b2ca 3d8af8a4 3f064976 bf4667bf bc99e0fc 3eee4ad7 3cb8e002 3c213fe2 bea596a0 bf79a008 3f5c41d2 3f019979 bf79b606 3f4e51ca 3f182194 bf34d5ab be788cd9 bdf428c7 3eaca6bc 3dfab932 bf2217a3 3f1ad991 bf6743f4 3f057380 3e02dc8a 3de1686f bf10af8d 3f4563ba bf74fa0b 3f5c39cf bf50adca bf4de1c4 beaa3e90 bebf5ea7 3ee73abb 3f208d96 bf6177e0 3f075775 3d06f0a7 be2094c3 3db97870 bf4909d0 bf07878f 3e6364fc 3de6f8e7 be91d293 3f6315df be020c6f be37acb2 be8de280 3f5801db bf41e9b4 3f7f9026 be4ce4f3 3f7241eb 3e94267e bf6ea5ef 3efccafb bf165f94 3f189791 beea76cb 3ee23eeb be88faab bf24af96 be305ce7 bc5dc194 be3804c3 3f3a07ac be084487 bea492a3 3f05ff84 bf3c5bb3 bd8638ce 3e5b34ca be9b6a90 3ecf0eb6 bf38c5b9 3dbf8882 3dcd289b 3f29c9ab 3f18fd8d beeb1edf bebb4eba bc06c19b 3e3694ef 3f42a9aa bf1e459c bf6ea7f7 3f7e301d bd072f2a bdcb88f1 bed3fae2 3f2c319e 3dd6d8d7 bd13afaf bd87a85c 3f49e5c2 beb99ab2 bf0baf8d bea0fea3 be21347e bea3ce84 bf29819e 3f3027a9 bf78d407 be85869a bb010501 3b38fd93 bdcc0907 bf45f7c5 3e48e4d6 3eb7d2a1 bf2f6fbb 3f38aba2 befddb11 3f2c07a0 bf0c9f73 3f3631c8 3c1dc41d be117cbd 3f43efbd bf455bc2 3ec18ab0 bf33e1ad beaf46a9 3f36b3ac 3eba6aa5 3ee51acd bf76e004 3f70f9e5 be58b4e7 3ec58eae bf5e11db 3dd568ab be21f498 3f0a9f93 3f7521f9 bf4d1fc1 be7f0ce1 3ef2fafd bf4ca5c6 3e70acce 3f025b73 bf6ecbf7 3ea41699 bf7e8a12 3f667bde be859a85 bf3f9fb4 bf240398 3ed556ce 3e998685 bf0bdd93 be87da7d 3f37bfbc beed36dc bf6b15ef 3f2db7a2 bf3707a8 3f116f93 bf6ff9f7 bd55b19a bee626e9 3c14435d 3f294fac bea4729d 3f5555dc 3e95deb8 
3f63f3e0 3efbaee8 bd39d1e9 be84aa8a 3f74b7f5 bf744e00 be837a76 3f7ad408 bf4b57c4 3f2ee1a7 be971e88 3ebefaa7 3f1c078e bf3487ad 3e80b67d 3f271b94 be179cc6 3f30bda9 3e4e0c9e 3f473fce 3f3ff5b1 bf195398 bf535bc9 bce1dffe beb24290 3dded8ec bf05f37d 3cc5e134 3e9e2e86 bed26edb 3ea4f281 bf4331b5 3f591fe8 bf7cd216 3f092f80 3e2afcc7 3ed4b2c9 bf080d87 3f7dda17 bbb37dce 3f554dd0 beb952b6 3dbe2914 3f63a3ef bf4be9b1 3f2e5fb9 bf19ad8e bf109782 3ededf01 3e44bca3 bead12d0 3f466fc9 bf5147cb 3e6634c8 be83d28b bf0a778f 3f098f74 bdb1f8f2 3f35f7b1 bd0bf15b 3f651de1 beb7dabc 3f2ed9a7 bf47dbbf be098c93 3efd42cd 3f38cfb7 bf25fd94 3f66fdee bf15699b 3f2abfa8 be515cde 3f11178b 3ec2eabe bf3aa9bd 3f306ba9 3f583be2 bee416d8 bed306c2 3f1b939b bf61d5e9 3e1344b5 bf006176 be402cc7 3f07338f bec5f6d1 3ef18ee7 bd9f789d 3f0a7788 befefef0 3f21b199 be6e6ce7 3f57bdd1 bf5e3bf2 be57ecb1 3ee052d4 3deb08f9 3e94aa9d be88967a bf580bc8 3f6d35f5 bf41f1b8 be4994bd 3eeae2e2 3f4d0bd3 bf7b7607 3f156d99 bf13b589 3eeba2f7 bf226995 3f524dd0 bf4587c5 3f5703d1 bf486dc6 3e9c52a2 3f2657ad bf3885b1 3ef84aeb 3e046491 3f2693a9 3f6e17f1 bda7f886 be88f683 bf4f71d3 3f138b89 3e6864e7 bf45d9c2 3f145f84 bea282a1 3edae2b4 3f7281f3 bf5843cb 3f4ab5d4 bf4163b9 3d9f88fd bedadeed 3f74f3fb bf57a3d6 be6ec4f1 3ee996d1 bf233da1 3e881a7a bf47b7d0 bf31cbb4 3f2d018d 3ef022c3 bf6afbeb 3f2b7f93 be41c4f2 bea51ab1 bdbbc8f3 3f717ff1 bee29eec 3f5163d3 bf15b78e be782d14 3f00d97b bf014181 3eb50690 3f255b9b bf4aadc7 3f36ada7 be197c78 3e5bcccb be84e68b 3f346dac be01c4a4 beee76e9 bf7d1009 3f25c9a9 3f30d5a7 bed0dee5 3dcbe8ba bf2eabad 3f08d190 3f7bf81a bf6269dc becfbec5 3f5937db bee12ad6 3d882823 bf607fe5 3f13e58d bef66adc bf2f859e 3f40c3ba 3f5e6fd7 bed66ecb 3f03918c bd103020 3f5861df bf4e79cc 3f5b85e0 3e8c5a98 bef356d8 3f053d7f be3084cb 3f6e9df7 bf72c5f9 3ea4da8a 3e9d7aa6 bf751e01 3ef4a2f5 bd6e30ec bda7e8e6 3df888f0 bea85ab6 3e631cb0 3a441287 bdce688c 3f21ff97 bec7a6c7 3f345fb1 bf03ab88 bf4e75c5 3d88a88f 3f4e65c4 bf308bab bf15d998 3f079385 be01fc5f 3f5e01d2 bde8a8ee bf2489a3 bf17099b 3f17d9a1 3e071441 bef9d303 3f5751c9 bedcfadf be976e7d 3f66f5e4 be92e28a 3f7a920b bf148f93 be3fdc98 3f76f201 3f401fb6 befdeef8 bee40ed5 3f702dfb be9cde95 3e8d9278 be88767e 3f6addde bc4740e3 bf02e571 3eb8caad 3e06fca1 3db3686b 3f155983 bdf168d4 bf5ef9e4 3ef5aede bf41fbc0 bf1ceb93 
bf128193 bf63dfdb 3ebd06c1 be1f2cb3 beb2ee9e 3ecce6b9 3e9b9a84 bf0e8786 bde938a9 3f004589 bf22639f 3e009c8f bf2f2fb3 3f4a91cc bf131f91 be9cc295 bd59b05e bf09037a be83ee7d bf469fc3 bf16b9a3 3f5315d2 3f09657e 3dd20871 3df7f925 be847a7d 3f004379 3ed7f6d6 bf4767c3 3d9c988a 3f053571 be2884a4 bdf1b89f 3cb7e0ba 3f10eb84 bf5d55ce bdc5c8f9 3f06658b bf5cc3d9 be243c5e bf187b97 3f018989 bf0a1b80 bee75ee1 bf047776 3f5dd9db bf0edd8f 3f70c1f7 bf1d8da0 bea8a69f 3ec99ac9 bf03ff86 3e977a8f 3eeb02ee be3ec4a6 3f793e01 bf6453e0 3ee54af4 bf19bb9d bde9e8c1 bf5fcfe1 3f3551b5 bf6f8df4 3f4ae1c3 bd77112b 3de87881 bf6c17f1 3e7c6d07 bf267f98 3e928e95 bea802be 3de598ae beaa9ea6 bec75ac9 3f3d59b0 bf26d58e bf21d587 3e852a71 bd87b845 3e16846e bea1ba9c 3f7eda11 bed66ac9 3f3e67a9 bf17878d 3e208caa bd6010c2 bf1a2b9b 3f2e81a7 bf0d9984 beccbec8 3df41917 bf4233bb 3f44edc3 3ecb3ad5 bf47b9c7 3e657503 be44dcca 3f0b0382 3c94a0d3 3e912279 be95fea1 3ede66d1 bf70ddf9 bdde9875 3f5021ca bf06f58f 3e971a89 3ea8ba94 be850a9d 3eb9bab6 be2fa48d bf1c89a3 3f39dbbb be95e294 bf5233cf 3f49fbcc bec05ecb bf09c588 be29b491 bf5b53ce be914ea8 3f3b51a9 3e0e5447 3ece02a7 bf2851aa 3e19048b 3f16f38d bf2df39b 3ed756b5 bf2d93a7 be947682 3f256fa2 bf07ef7e 3f7047ee bf570fdc 3e8ee294 3dfce880 3f5171d0 bf5c0bd6 3f3c89b3 bf184f92 3f55e3e0 3f6391e3 bf4045bd be81367e 3f7bf217 bf5243ba 3f0e718d 3cff202e 3e552ca0 be878e96 bef826fb 3d6a1037 3dfa7927 3dceb8c4 be8a7a9c 3ecc02d7 bf3319b1 bd25102c 3ed2face beaa0a99 bedfa2bd 3dc7d8aa 3e5d5d0c beb8a6b6 bf1dfd9d 3f3df5c0 3f69b9ed bf2727a7 bf4d4fcb 3f460bb8 bf13f38c 3f3cafbd bf4213c3 beefa2cd 3edb4ed0 3f0c697d bf132789 be0304b7 3f4ec3c2 be968a80 3f32fbaa 3d8f5888 3f037b85 bf6ab3f1 bf6953e6 3f116d97 3cc19fc0 bf016f7f be53a4cc 3eb186bf bec75ec1 beacfa77 3f2e19a2 bf1d739b bddf28d5 be2ba445 3f07258e bcfb202c be3ebcba 3f4e01c2 bc6abf52 bf5135c3 3f216b95 bf12a382 3ec79abc be9572a6 bed58ac8 3e6cecf5 bf170f95 3ec646b8 be3e44b6 3db078a3 3f475dc1 be01a472 bf5301ce 3f6943e9 3e711cae 3d56f070 beb64eae bf112d9c bea9e689 3f6983ef 3f00b56d bf6d8bf9 3f3df3b4 bea8329d be5efcea 3f3d1bb7 bf3ccbad 3e7f24df bf3401b5 be8cca73 bb12f4c2 3efef2ff bf63f5ed bf6127ed 3f22e79f 3dde98e1 bf03b97d 3d934903 bedd02d8 3eba4ab9 bf7c2e17 3f097d7c be93e698 3f682dea bf62b5db 3ed7cec5 bf272da4 3e9a368f 3f05837a bc15c0eb 3ee66ad2 3f0edd80 
3f5f43e1 3ece86c3 beeff6f4 3f7a380c bf52d3cc 3ec6e2a7 be993eb2 3ef32ece bd07b05c be7134cd 3e0e045b 3ea99283 3e7c7cf9 bf2643a2 3f78a80e bea52e8e 3eec82cc 3dfe78c4 3ed072c7 3f6b9fe6 be2e7c8c be2ac45b bf7efa12 3e8b2e73 3d7a1069 3e9ffe7c bf1d899f bea52ab6 3f7859f6 be844e61 be7924f7 be87b27d 3f7409fb bef8eede befba6d4 3f6947e4 be99166c be122474 3edf86b8 3ead869f 3ea546ab bf0dbd8b 3f4305bd 3efba6dc 3f50fdcf bf78900d 3e28bc84 3e5e9d12 be9d5a98 3f7eb01f bf14957f 3ee46ed4 be8b8e8b be5ded19 bf3fdbc2 3e684cf3 3c0142a4 beb83eb0 3f18e388 bcb9a02e 3f2df7b1 bedebed0 3ebdf6da be220c99 be26548c bed386d0 3f6a7df3 3e7464bf 3e11b4a0 3e0eec8a 3e170c6e bf0b3187 3f79fc0e bf6de7f1 3f50c3c9 bf27d992 3f7027f8 be097489 3e9aaace be940693 3ea9768f bedb5ed8 bf59b9e2 3f6d77f1 bf5ce9d5 3f3951a7 befb9af3 3f6845e7 bf7d281a 3f2b97a1 3f33afad beb91eb8 3f4c73d8 bf4c67c1 bdfda8bc 3f0d6f96 bdec589d be05447f be80ca75 be86026d 3db718e2 be86da7b 3f4339bd 3e974277 bd08b10d bf717ff9 3f543fd6 befdd6de bea31aa1 3e807e7e bee4bae0 3e207c51 3f426db2 bf614fde 3f6ffc03 be1f1c8a 3db7a8bc be1bfc91 3f7be607 bd8258a5 3f002381 3ea44e9e bea60a9b be339479 bf6f43eb 3f789c04 be3d94b9 bc643fcf bf207192 3f32a7bc befc2aee 3f7d2a13 bef0c6e2 bf12b384 3f4889c7 bf067382 3e9eaec0 bef346e1 bea72a88 3e1ac49d 3d8c482e 3e60c4d6 bf34efb2 bf4e69cb 3f61e7e9 bf4955c9 3e06ac65 bd50af30 bf1ad18c 3f0b538a bf5559c8 3ee35ed9 3ebdbacf be238cc0 3b730099 3e08f4b5 be8baea7 3ea7b2a9 3e66cccb bcf4a281 befedafe 3f694de5 bed082d6 3f520be0 bf797c03 3f1e5d9a 3f180991 bf102384 bf3cf5bd 3f1da58b 3ead02b0 bea02e99 3e6964ac 3cd620e2 3e999e8a 3ed6b6e6 be83f27d bf32c9b0 3f3529c0 be55bcfe be980ea3 3db6892a bf5b47d7 bea85e97 3d9fd8b9 3f6781e5 3f22079f be99e68d bf4d51c3 3f799e0a be7cdce7 3c363f41 bdfc6899 3f062b8d bf6bb5ef 3f79d1fe be898e8c 3bc186b2 bec562ad bc0ebdf5 bed106ce be53fcce be5d1cd4 3f3909b8 3c1f40fd bd862869 3e6eec9d bd64f179 3f56a5d0 bdbc0913 3dad7932 3d9e3909 beeb2ed9 3e07f46e befb62fb 3ebe56cb 3d123039 be53d4ad bf1bbf90 3d8fc8b4 3e831292 3f28879b 3e7864ea bf4a67c4 be702cfe 3e4aacdf 3dbf48df bece6acd 3e88267d bf2df5a7 3f15c989 3cb15feb 3ed54ad0 3ea41299 3d1ad0ba be80da8f 3ec132de 3f7d3622 bf063383 3d1b103d 3e5c3cec bdd0789b 3f4011c2 bef302f0 3f5695d0 bf091181 3dcf993f bf311f9d bdd4c8d9 3f5cb3c6 bf2309a5 3e2ed48c be25a4df bf22879b 3c8b9ded bf2625a3 
bf066584 3d7d906b 3e5614e6 bf7361fb 3f3235ae 3e869287 bf5089cd 3d32713d 3efceaee bf2a2f9e 3f692be7 bf7bcc14 3e6fd501 3e1814a4 bf080f82 bd7210d5 3dc7689e be942a81 beca7ab6 bf193191 3d9908b7 3e3e8cc1 3f7b7a08 be677ca5 bf6039e1 3f35079f be919a9b 3efdaef0 bf3d3dc4 be5144d1 3f41c3b3 beba02ad bf43f3c5 3e63bcc7 3f28e59e bf7e9821 3f5791dd bf197386 3f057b77 bf7d5e0a 3ebdaaa8 3e2ac4ad bf06f97c bf5e4de1 bf1a6588 3f203b9c 3e3674aa bf5d69d6 3ee83ed4 bf4863c6 bcc360de 3e534cb9 bec24aa8 3f6ba1e6 3ec7deba be8d6a85 3e985a8c 3c9da0f8 3e8d4e76 bf772a07 3f2e21ab bf1ccf93 3e78a4e5 3e48c4f5 be96029a 3f3c03ae bf2fb5ad bf33bfb1 3f02b78f bf5f31d7 3f13a58c 3e123475 bef8df06 3f5acdcc bf7ba40b 3f7057ff bf5f1dde 3e5144e9 bf4bf3c5 3f3321b5 bf2a4fac 3f2d8faa 3f3c57bf bf3337a5 bde868e7 3f5c75d6 bf3e3bb9 be0dbca5 3f1cf38e bf6e4fed 3e674514 bf7ad809 3f5789ce bf2bfba7 3f53f9c9 bf75b809 3f0f9d7d bea356a6 3f282bb8 be545ca8 3e9cf2a7 be8f5a7c bf2c019d bef822e7 3f23a3a1 3f2afb9f bf3261be 3ea2aa84 3e5f4cbc 3e876a8f beb5a2a9 3f1c658a bf737c12 3f13fb88 bf6abfe7 3eda6ee2 be103c95 bdb5486a bf6f9bf2 3db0b834 be945ab5 3da3d88a bf3039af 3f719ff7 3ead52c7 3b750b64 bf5aa9cc 3eb896bb 3f68e9ed bf3735b9 3eef86e2 bf56e3cd 3eaa1e99 3f114b79 bf469dd2 3eef52e5 3d0c9042 3e6104d4 bdd4f938 3f339da5 bf75fc10 3ed33edb 3f056b87 3e876267 be67d4ee 3f5d8ddc beba3ec2 3f0c6f8c 3e88ae69 3d4ab0d0 be234c94 3f0c4182 bf3d69b7 3ebf52cb be342c8d be0b1477 3edb12c8 bf0cbd8b bde3991a 3efe4ee0 3da4b8a8 bf7c8e1d 3f13af8f bf112779 3eda8ed2 3c8aa0c7 bf6d37ed 3f7213ef bef496e1 3f0b2d7d bf1a218e 3eab5aa3 be8eea98 bec506a8 3c7f4010 bf3799b5 3f5abbd9 bce1a18c bde2d8ee 3d811874 be2dec8d 3ee072d4 3efaaee7 3f1a03a7 beb47e9c bf507fc2 bf41b1c0 3f766800 bbda7ef2 3ecfdecd bf6efbf6 3f3dc9bc bd44906a be8e1691 3ef3d6f5 bef6c2f0 bb49060e 3f0cc58d bdc04890 3e8bba83 3f5d7dd3 bee1aad1 3f14119a bf66a1e9 3e726d13 bf1f3195 3f021d72 bec55ac3 bf6f57f2 3ea63eab bf0add7e 3f3491a2 beacb2b8 3f4681be bed452d0 be99ea7c 3f2bd998 befb22f5 3f7f4c24 beb6bab4 be48749b bea55a88 bef056f9 3f4ba5d2 3d113127 3eb6b6cb bf3fd3b2 3f51cbcb 3de3488e bd283044 3e9dd283 bf279b9c be6becd3 3e8dce8d bf3071a1 3ec436ba bdecc8d4 bf46d3b7 3e06c490 bd76efea 3e6124ab be13f458 bf26319b 3e8bce88 becd0edf 3d5bf18c 3f3cd1b8 bd0e70b0 3f46c1c1 bf7fc82c 3eb41698 3f02196a bf012d8c 3f2ff1a9 3ef946b9 be9da2a0 
3e61d4df bee41ed1 3e12f4b9 3f2ab99f bf186f8f be289467 3f2d3fa7 3e66d4fb bf57bbda 3f23fd9a bf3dc1c5 3f190f8c be0b3c5e 3eba06d3 becd6edb 3f5939d9 bf5249cf 3ef5c6d4 3eb08a84 bd3b107e 3f5d39e4 bf77b404 bf19b99b 3ee212c7 3f474db2 bf735800 3f4b59c4 befebf27 3eb7daba 3f1e5992 bf7fe034 3f2f7fb3 3f798e12 bf3a2fc1 3f0f9b87 bf6027d6 3f779602 bf7203f1 3efdbed8 bd85d84f 3ed362b0 bf5287e2 3f6a2fdf 3f3403a6 3f199ba0 bec26ab3 be1e14a5 3f758602 beb686c2 3f5c8bdf be9b429b 3f137591 bf14ff86 be6cecc4 bf1d9f8e 3e19ccaf bceba118 bea1c27c bdd208a9 3ef042eb becebeb0 3e8af298 3d72f093 bf4769bc 3f4be9cd befdcede 3d6ed0da 3f635ddb bf2f99ac 3f7e5218 bf2e25a2 be56ccd9 3e6c94ed bf12f795 3f2dd7b0 bf6ce3e6 3f7f0421 bed172c2 3f2169ab bccc213a be000c90 bea836bf bf56edcd 3f7b6003 bd8ad839 bf2f87a2 bceb608f 3f7217fd bf3ab1b3 3f686de1 bee6eae6 3f4cabc5 beb4e6b5 be6a2cfc 3f59f3d8 bf3c91c0 3f3ffbb4 bf1d9d96 3e8ed693 bef746ff 3e7384d4 3e73c4a2 3f38ebb4 3eacb2ba bf541bc9 be7724cb be172481 3f51f9c6 bf778808 3d00effc 3ece7acf bf39ebb4 3f316db1 be550c92 3f62f1db bf20cbac 3db13857 3eec42c9 3f0a017f 3f11d186 bf5553db 3f6e45f3 bd0950a2 be2dc4f1 bf548dd1 3d95091c 3f597fd7 bec4b2b9 bf13d398 be95b68e 3f74cfeb bf42a9c9 3f5aa3d0 bf7fe63d 3f4a7fc4 bf4d29b7 3f026585 bf2deda4 3f345daf bf66efeb 3f2833aa be19f485 bf3d3fb1 3ed0a2cf bf1ed7a6 be929272 bec61ab0 3c8ce1a5 bf6ea9f2 3ef7c6ec be62ecdb 3e45fcbc bf16db89 3f4d39d4 bf462dba 3f6c81f6 bf7f8e2d 3f4c6bb9 bcd32073 bf603bdc 3efb76ef 3efc2acc 3e07bc82 bf1ded97 3f0ef17b be7f14cf 3d4150ed 3e981270 be882e5c 3e995e97 bf4c95cb 3f2531a7 3ddd384e 3de8a872 3f275fa0 3d80e8b5 bf2777a1 3e6344f6 be8e9a6b 3e8bda98 3e8cda90 bf479dc1 3e39ccbc bf773a0a 3ebfa6ad 3f51c1cb 3ef25aed bf64fbdd 3df95913 bf5db5d9 3f7d701d beacaa92 bf415fc4 3f7e6a19 bf2cffad 3e4c5498 3e3ee4db bf466fc7 3e90ca92 bf3857aa be988286 beab42af 3f0b1f81 bf07ab8a 3f7355fa 3d60d0a5 bec9b2d3 3f0d4187 3e42cc87 3f6ec9ee bf3d6db7 3ebba6a9 bef486db be2b44c1 3e032c77 3f116188 bf7eda1c 3f085d87 bf4b91c1 3ec75aa7 3e517caa be2e8486 3f500dd4 bf5967d3 bdf6a8bf bdf18897 3ee942fe bf39e5aa 3e5e14ee bf61f7df 3f4e6bcc bf01d77c 3f71f000 bf4bd1cb 3eb0feab 3f2c59a8 bf6ca5fa 3f4537c2 3f0d0f8b bf32fda4 3e827a88 be9e2e99 3f7187fe bf18938f 3f3b27ac beedd6d9 bf286da3 bc1f40ba bf240d9a 3f170b86 bc2fc13f beee9ef0 3e0ccc75 bd12101f bf6983ed 3f6eb7ed 
3ee9bae1 be647ce5 3ed586c2 bf7bec19 3f78ee03 bf0f7383 3d832825 be81fe75 3da2d865 3f5bb7d6 bf3f03b1 3f3a0fb7 bf35e9a3 bd27cfef 3ef4b6fc bf3037a8 3f54bdc6 bf2d33ae 3f1e6790 bf45dbbf befcdeea 3f523dca 3f0cd58b bf3471b8 be618ce9 3f2397a8 bf6545e7 3f07557f bea1ee97 beddeedc 3f249999 bf5d23d5 beffb2dc be5704e7 3e835682 3eb96ace bec3cec5 3d5a50a7 3f3899ba bf48ffbf 3e80c275 3ec41abd bf282da1 bf133195 bf207592 3de9290c 3c8961d6 bf25679b be4654ca bead06ae be66eccc bd81e8cf 3e0c449a 3f092378 3d7111a0 3f1e5fa1 bf2fc9b1 3f40a5b2 becb26e2 3ed9fecf be2eccab bdf52948 3efcc6e1 3eacaa9e bf45d1d1 3efbe6e4 bf0de98b 3f008181 bec95ec8 be991297 3edde2c9 3e296478 3e98f682 be18c48f 3e3a4c95 3ed69ad0 bf7e520e 3f11a995 be3214ab bf2d4fa8 3f22e19e 3f3499a4 bd9dc827 bf145d89 3e55c4eb 3ead26ab 3efda2e0 bf4da1bb bf23f18e 3f1ea398 bed88ec5 3e106c83 be9ae68a 3ee306e3 bf72e3fe 3e53a4cf 3eaf3ea1 bf22a59e 3ec4dec2 b77ef4a0 bc73bd04 bf006b81 bf12a98f 3e1b8c97 3d6210e1 3f6dedf5 bee6fed3 be26c461 3cf5a188 3f3585c2 bf369fa7 3f2a97ae beaa22a2 bce0602e bf45a5c3 3f24719e be2114c3 bea02a85 bf6747e6 be0d2c8f 3ed50ab1 bef666fd bf16fd99 3f5fb1d6 bd7790a2 3ee6feda bf20618d 3dc18917 3f262d9c 3e22248a bf6523dc 3f6e2df9 bf48e1cb 3e89c665 3f2a45a8 bf184385 3f4a47ba bf706fef 3f5ceddb bf510fd3 3f6d63fb becde6d1 3eab5ea7 3e2edca1 3da0a7ed 3f4ea7c8 3c56c2b9 3f3571af 3d051093 3f032978 bf65f3e0 3f58adda bf0b7f89 3f6659ed bf6dd7e2 3ea2dea8 3eac6e8f bf05557f 3ed60ae2 3e8d2a83 3d9058a0 bf65b5e0 3c5341fb 3f6381eb bf762c05 3f47c5c5 befe0af1 3ec29ab9 bf407fb9 3ef7fae4 3f0fb78d beca9ebd beb012b3 bd8e885c bf25d9a2 3d0e7107 3ee5c6d8 bd0f30cc 3e0e8cb7 be6b44cc beba66ba 3f37bbaf bf0b178d 3f7db405 bd9de8ae bf509dc9 3ddfc879 3e0e5c9e 3ed21af6 3eecbaea bec9129f b9a7f3e2 3f3c67b2 bf7493e6 3f0ee58c 3cc3e0e0 39507196 3da6681e 3f3ce7b5 bd08109a 3f4da3d4 bf0a0976 3f5bf3e5 bf4b29bf 3e87f281 bf77800d 3f5f11e4 bf123d93 3d13107f bf793608 3e6674e1 3ebfdab9 bec552bd 3f5bbdd3 bf769800 3f030f75 be2ffcc3 3f4c9fcd bf2cb7ae 3f1ae791 bf3121b7 3f23339e bf6a03ec 3f4f53cf 3e5e9503 beca06bf 3ee50ade be89b685 3e61b4cc 3f71b9f9 bf6ea1eb 3f334db0 bf560bc6 3f6f21f8 be6a94f8 bf4223c2 3f5491d1 bebff2a3 bf181189 3ea37295 3f24979b bf64c3d8 3f1ddf9f bf31bba4 3daa689a 3ed176c6 3e4d94b9 3f70f7f3 bf1c5d9d 3f15b78c bf2227a0 3e91aa81 3ea71686 be86aa99 3ef1fed6 bf68a1f2 
bf68bdf3 3f6723e4 bf57e7cd 3f7ff42f bf1fdd99 3e744cea bb50fc20 3dc318d1 be8bda95 be2ccc85 bf086b7a 3f064d96 be537c7d 3ea7228a bebbd2b0 be6e44ec 3e9cae77 bf0f1780 3d5b90d6 3eb28291 3f49ffc3 bf5fefed beac7ab8 3f4fe1d3 bf489dbb 3f2a1fa3 bef91700 3f5657dd bf4dabcf 3f4fa7d4 bedc36d6 3f6e7c01 3e5274ca 3f386fb6 beef6aeb bf23ad9d 3f65abe9 bed57ab6 beeadac4 3eed96e1 bea02292 3bb47b29 3ea11a7d 3ee0e2ce 3ef5b2f5 3ef672f9 be6bacf1 3ed7b6c8 3f2ec1a2 bde5f916 3f17cb8e bf056385 3ed696cb bf01db73 bde30894 bf1f33a2 3f0fbf97 be5de4d0 3e2ebcaf bf4239b6 3f3b55a9 bf0a479a bf020974 bdd7c917 3f3c0bac beb2bab0 3f20c796 bf6d3dec 3e62e4d5 3f20d78d bf665ff2 3edefabf bf7ab206 3f2c7da6 bf4d5dc7 3e2c34f0 3f448db8 bf27ffa4 bdc06843 3f5bd7db bf74a7fc bf349da8 3efe1f0b 3f0e8182 bf2cdfa4 3e4894be bf6a73e8 3f7d461f 3f6415e3 bef38b07 bef82ee9 3eff4af1 be85068e 3d89f827 3f6003d9 be9a6a92 bd18f161 3d577148 3f51c7d1 bf6e25f1 3f244d92 3e4f8ca0 3ea5cea5 bdf948c4 3dcd499e bf58e9c8 3f0cf781 be65acf6 3e9b0e79 becfdebf be762cd5 3f15b991 bf6d7fef 3f7d3e15 be92fa72 3eadfaa5 bf154d93 3f785e0d 3ec4e6b9 3ebecaab bea20eb8 3f137b8a 3e9eca94 bf0ccd92 bd4ab0d5 bd2db100 be963aad 3ea202a1 bf23c9a5 3f03ab85 bde9b8af be478ced 3ea2ce89 bd9888b5 bf6929e9 3f09eb87 bf030f8a 3f528bde bf0fd399 3ef876c6 bf101d8c beb9b6a2 3f17518d bf42ddb3 3db86879 bf01b175 bf12978b bea0ba95 beaaf28e 3e176c79 be6c14be 3f3ad9ac bf76f40e ba81fdd5 3e936691 3e6a5cde bf554dcd 3f441fcd bf52fdc9 3e4c3cc4 beae5a99 3f774805 bef1d6fd 3e6114de bf108785 3f0e8381 bf2c11a0 3f0dbf92 39d8613c 3d0ed081 bf36bfb4 3e51a4da 3e8b7290 3f13bb9a bdb408b2 3ec7c2bd bee4bedd 3e5a6488 bf20bfa3 3f79820a bf1b3989 3f4243c1 becc9edf be83e682 be2034a5 be322c8a 3f1a1b97 bf29379f 3e635d2f bed522e3 beb512b9 3ee236d8 bf124d99 3f7209f9 bf6855e2 3ee84aea bf0c9582 3ef31af0 bf6c45ea bf2fefad 3f361ba7 bf2b83a0 beb86ab4 3e79ed25 3edddefe be010c54 3eb2eecc bf2279a0 3f01c184 3edb3ee3 3edb5acf beb1ba95 be829284 3eb6429b be130485 3e8fc680 bf13eb84 bd3e501f 3e839256 be6ad4d7 bcafdf95 3dedc8e8 3d559146 bee0ceb6 3e3204b2 be9b8e87 3ea4b694 be236c97 3d5b510e bf15858d be37dcbe 3f1e8394 bf051782 becc62cb 3e84da75 bdd2c8bd 3eb5ee9f bf2551a3 3f7e5e13 bf58e7dc 3e91829e bebba6b5 3f05ed70 bef932f0 3f3af3b0 bf732a0b 3d45afd7 bf784c0d 3f169b8b bea3d288 3e321cbd 3eed32db bf66a5ea 3ee6d2ef 3e815677 3ed2a2bb 
3f3349b7 bf32c7be 3f112b8c bf5d53d0 3e4b04ba 3efb62f1 bf21d39e 3f1bf18e bc20c196 3e189cae 3ef2cef3 3d9e48a5 bf1d458f 3f05df78 3e8bc28b bd7cd0e7 3f12eb86 be7e6cd8 3f138795 bf7b841f 3d855873 bdeda8f2 3f2a69b4 bf2f5bb6 3f6a03f1 bef562ea 3e5f6cf6 bef4aed9 3eda56e7 3b530091 bf1ec79e bea7629c bed97ab6 bf4b01c0 3f27d9a1 3efe5710 bf73be00 3f27439f bee162d7 3f3db5bc bf032b79 3ef84ee6 bf7e1c20 3f203993 bf717a02 bf5725d7 3f50cdcc bf7c120c 3c15c394 bf57bdc2 3f43a3c0 bf0cfd8e 3ed40ebb bf1fe5a2 3f62efe1 3df068c6 bd89f871 bf44d5c7 3f2dbda8 bcd8e18b be9d02a2 3f4fcbcc 3edd32e7 be20f47b be983275 bede42c9 3e90b69f 3dcb58c8 3f1be392 bf2c8fb8 3f0ba382 be917278 3f7de021 bf11898d 3f715ff9 bf4b77c3 bddcd889 3f18b9a3 be4a3499 3bdd8395 3f0def90 3f183f96 bf061f8d bf0ded86 3f4223c4 be4934b5 3f3d8dbc bf757bf9 bf6267e5 3e95c68d 3f5a9fd7 bf0ba98f 3f017d84 bf1741a1 becdbab4 bd9a885b 3eb592ab befad2e0 bf09857b 3e18ac99 3eb3eaac bf792e03 3f5cc9dd bf7d8a18 3f771e06 bf2e7794 3f2e51ac bf1cf992 3f190991 bf0b3d8e 3f5415d7 bf1b1b9d 3ecbd2d6 3e18d463 bf6993e2 3f783408 bf11458d bf333da1 3e0c3493 bf79de0e 3eee6ed0 bf3d7fbc be457ce4 3f2383a1 bf1e4393 3f782e08 bee4f6f0 3f6b2be3 bf3fa9c1 be9b1695 3f2601a9 bef72318 3eceaeb1 be4eecd1 3f671feb be4dd491 bd4bcf6e bdab17f7 bf18eb82 3f5c81d6 bf11af91 3f7621f5 bee102e8 3db80888 3f1e418f be330499 3f7605fa 3eba02a6 bee69ee0 3f6a5bed bf5827ca 3d9ce877 3ecac6c2 3ee92eee bf01278e bd8238a3 3f2813aa beae4ec2 3eb8cebf 3e65d4cf bf018383 3f10238f bf7fbe3b 3f3e5fb1 beb8ae9f 3f4d35ca bf4c1fcd 3f44bdbd bf6f79f7 3f42ddca be908699 3f38c3af bf3237a7 bed89ec3 bd4570cb 3ea33eaa bf6781df 3f62adeb be7114d5 bd9998a8 be4cfc83 bf3a77aa 3ed842d7 bd7f9146 3ee8d6e9 3f36a3af bf3dc5a3 3f4d89d7 bf6579e8 3f002d6f 3f5103de bf184d8f 3e3d8d04 bf143390 3f40d3b3 bee942ea 3f055f7d bf089594 3f7cf412 3f42a7bc bf7b7417 3f11cf8e 3f429db4 be92fe84 bf232391 3f3fb1cd bf5403d2 3f5c6fd5 be447cb0 bed716c9 bf40c5b7 3e1a6cb8 3f3993b7 bf784207 3ecc32c3 bec65acd 3f7f582a bf6f95e6 3f2865ad be6854f3 3eca86c0 bed49ecb 3f00498a be013c6e 3e6bd4c8 be3e14ab 3dbbb8c3 bf0b9d92 3f160f8a bdb2f947 3f0c1387 bed07ad3 3e0cdc58 3f6fbbf1 bf0ce18e 3eeeaee7 beb41ab5 3e1a9484 bd7ad0c7 3ee502df bf0cb997 3f70c5e5 bf7c7e18 3f72cbe8 bf182197 3eadea8b 3f7519fc bec542d5 3f37d7b7 bf606fd5 3f06fb85 bf4865bc 3f799c14 bf25cf9a bf018576 3dcf58a4 
bf045580 3cd3a076 3eaece7b 3ebebac3 3e76452c bf6bc5e7 3f3419be bf147586 be98ce74 3e8a3e9c bf3b91b5 bcf8e156 3e727cbb be218c87 bf4e73d7 3e095c38 bf208794 bd65f05a 3e813e71 3edf9eeb be80d689 3f3233a6 bf53d5c8 3f0df98b bf77d401 bde20855 3f095b83 be77bd3a be7d3517 bd6f908f 3f28aba7 3e9c929d 3f18039d 3f16f98d bf7d8e1e 3f067f92 bec6c2ca 3f461fb7 beaa0eb0 bd3a10b1 bf12f981 3f5157dd 3dcad8c2 beb16e8c 3f65cbdd 3f19239a bec0deaa 3ef6bed5 3eab7eaf 3f14ef95 bf7c1617 3f25b1a1 bebc02d3 3f3d45b2 bf13058f bf175391 3f21e5a3 3f07d77f bedd22c4 3edda6d5 be8dea9a bf4615be be97fab2 3db3c895 3e9532a1 3f185595 bf2cdd96 3f023d92 bf70b1f8 bc7d42b4 3f22d59e bf42cfc0 3e003497 bf7c6209 3f36e7a8 be7dc535 3ecf56d6 bf579fcb 3ee45aff bf241b89 be915a76 beb5dace 3f2be7a9 be41bcb9 3ec66ad2 bf7d6616 3ec896ac 3ed0e2d7 3f69bdee be916e76 bf27f5aa 3e5ddce1 bf061981 3f3af5a7 3edc3ac9 beb57ac0 3e21dca1 3ece92c9 3ecc3eb6 3ed8f2e3 bf6421db 3f500bd7 bf4b1dc9 3f4825b8 bf334fb1 3f78c40e bf3f3dc3 3f17638a bf7f9c25 3f781804 bf732df2 3f4be7c0 bf7a8e07 3f014172 3ea312a9 bf6563c8 3f5c35e2 3f316bb3 be919e83 3f42c9bb 3eaede97 bd6cd17f 3f4c4bcb bf4befcd 3f28399b bf7ac809 bd2fd0b2 bec87acf 3ec9feb5 3f6f97f1 bf6679dd 3e1f948a bc8c6050 beedb6e3 be25ecbd be7174f5 bdf87934 3f08e57d 3dc9a8ef beff76fb 3eee22e8 bf5cd7ea 3e05fc64 3e05cc71 beb356b8 be6d0cf8 bf433fc5 3e200c7d bd34510e bf180d96 3f7b9e12 bf18818b 3e63a4f0 bf52a7cf 3f02476f 3e6c2cf2 bf7369fb 3f12738b bf08a787 3e8ac285 3ca95fba bf06817e 3f68e1e7 be8c4e91 3ddb586b bf63abe0 3f6c67ee bf735df5 3f7fae2c bf3615ab 3eac7a8a bf03a176 3e45cccf 3f5887ce bf07e381 3e8e7e9d 3eda4ecd bc3bc03e bf035776 3e5344ad 3f3219b1 3e2ddcba 3ecc52c0 bf00e174 be97a288 bf6bb3ed 3e48d4f1 bdf68942 3f63a5e2 bedfb6b8 bf5539c8 3f068b7b be84b28a 3f314db6 bf33dba6 3ece7edb be831275 3e575ce3 bf3e13bb bf3e9bc8 3f6ac1e1 bef8f2ed bf05357e be44ecbc 3f5121cf bf6923e3 3f0a2d94 be7f750e bf399bac 3f6febfe 3f269b9d 3bc381ba bf2f5fbc 3f632fd6 bd27b11d bd3dcfcc befc06e9 3f35edaf becad6c5 bf2a4da4 3f48bdcb bf6681f1 3f018d76 bf109982 3e844694 3d3e70da 3d52311c 3f4fdbc2 bf6e63f6 3e7624e5 bcd2df89 bf098371 3efe86f1 bf5359c8 be7ccd02 3ee2cec5 bf55f5d3 3f78e001 bf5657cb be2904cc 3f158b8e bf5125cc 3f2e059b bf6749f6 3f219ba0 bf7347fb 3e3b84ac bf51b7d1 3f12e98b be9c22a2 3f4141bb bf056180 bd55d15d 3f40f7ba bdfb48d1 3e09fc85 
3f4b85c5 be4384a1 be95d690 bf29099a 3a242328 3f383fb1 bf0c838e 3f6bb9ef bf138986 3f5d49d6 be9fc698 3f2329a3 3d4b8ffe be2bfcab 3f6b51ed 3f054d7f 3e17cc8e 3e4becd1 bf048981 bf0df188 3f4b1fc0 bf7d5c1f 3ef22ef7 bd86a849 3f5b43da 3f1a2793 bf686fef 3ed816b7 3f595bd2 bf606bdd 3eb312b9 bf6121e0 bf3483b2 3e182c75 3ee536dd beb9e6b6 3e225c90 bee6cace befd7efe 3f4005b7 3dd858ce bf4cffc0 3e971285 bec7febb bee266cc bdff4899 becee6be 3e049463 bf2d9ba2 bcf31f44 3f303bac bea53e8e 3dc2a8de bf12c58f 3e4a5cc5 3f4dadd0 bf7139fc be7b8d16 bc6a3e67 bf30e1ae 3f63b7db 3ec24ab8 3ea43692 3e14c4b4 bf37c1b9 3e0f84a3 bdfc0877 bd8ee897 3f045172 3f03717c bf4f0bca 3f0e9393 3e059c6a 3f5fdbdb bf4da9c5 3e032473 3eb422cf bdc4484a 3f22559f be1f0482 3f5387d2 beaf4ac0 be1ce4a8 bd9a48d8 be8ac69f 3f2e9b9e be012c99 bf6081dd be493cab 3c9c6155 3e5f2cd7 3ea1e2a1 3e94c68d bf0b517c becf42a3 3edbb6e4 be33bc9c bf263598 be79d532 beb556b2 3eec32d2 3e942a7e be672499 3ea796a5 bedbbad6 becfe6d4 3bc07cd5 3dbc28c6 3f16c98f be3dc473 bec662b5 3ee786df 3e8faa9e be562cd5 be97c299 3f511dd5 bf5a41e1 bf1d5397 bd97388f be671cbc bf4f83d1 3e588496 bf37b9b9 3e525cb5 3d4f109c 3f304ba2 3e87aa75 3e2644d9 beb69ec2 bf50f9cf 3e8c4285 3f5563d4 bf180991 3f750ffe bf119783 3f7c660f be2b9471 bf093380 3f2cfba0 bf761605 3f797e13 be8fc271 3f5dbdcf bf62a3e9 3edd56f6 3f3247b0 3e45a513 bf0adb7f 3f627be8 bf3a89ab 3eed66e4 bf40f7b9 3f756603 be82d282 3e4884bc bebcdebf 3f11e789 3e1d8ca7 bebba2bd bd6ef1e0 3ee712d5 be0b248b bd88c83a bf3745b7 3f10e57d 3c28c1b2 3ee572eb bef1bef7 3ebd62df bf3371b7 3f4ca9c4 bf1acf90 3f14677a bf6669f1 3f0da58c bf1ad39b 3c10bf11 bf2e819b 3f795201 bef462e1 bf22bd8d 3d7491c6 bf67cff7 3f5a51db 3ec81ece 3f1c5388 3f12b784 bf4933be bf00e572 3f24699f beb612c2 3f744c01 bf3d75ae 3e8cfa93 beccd2b6 3e706473 bdc7c838 bd652fb1 3f40bdbd 3ed7a2d1 bf14698a 3eeb2af3 be260ccf 3f5109d4 bf3c95ba 3f3e43b7 be91f68f 3e7b0cd4 3f108186 bf2645a4 bf75e7f9 3ec40ac4 3c44c2e6 bed6bac8 be9fda94 3eb08ec3 be99ce7e 3d8c0863 3ccde185 3f6ab7e9 bf12ed9a 3e4c1cd5 3f3d91b4 bf56e9c8 3f5ce9e5 bf69cbf1 3e3edcf5 bf6d21fa 3f7c5808 bdcca869 beea92f0 3f6701eb bf2aa3b1 3f47b9c9 be45fce4 3f2def9b be958e78 3e5a8ca3 be3becb8 3f4f23d8 bf2b77a4 3e1a24c8 3f0c4978 bf0a1389 3f799815 3c4cc119 3db63889 3f2a539c bf12038f 3e7c3d2c bf252ba3 3f1fdd9d be4c2ce7 bf6ba3e9 3f6859f7 bf2b8ba6 
3e1fb477 bee3a2eb 3f5811cf 3dc9d8ca 3f07f783 bf61b3e6 3efed6ea bf6d4fef 3f4c37c8 bf7c7417 3e03ac44 be925e8a bf139f8e 3e850e90 bf5627cc bf6c4beb be720509 3ebddeae 3ea142a8 3f056183 bf2b27a0 3eeb8efe 3eac3e93 bf047b71 bf4195b3 bf35abbd 3f326faf bebb92c7 bf764409 3f3e7fa2 be91ca93 3f46afb7 3f3bd1a6 bea55e9d bf186786 3f4b11d2 beb8a2bf 3f1c2194 3eeda2e0 bf5e4fdb 3f6b61f8 bf15ed86 3f1fa396 3f061b81 bc909fec 3e7f1cee be09147b 3f776000 bf0bbf7d 3f038f90 bf49bdbd 3df138c1 3dbbe843 3ed0e6c5 be2a24f8 bece26d1 3f204795 3ed94ab9 3e1a5cab 3f19398f bf1b199b bf2621a4 bb0505fe be891a92 3f240399 beecf6c4 3f7e1217 bf5489e3 3ecc7ec2 bf3f8fb7 3e99d682 bdbaa88a be954a73 bf28a5a5 3f6055d7 bf3d57c9 3ed626dd bf6f5fef 3eba2ad2 bf4cc1c2 3f15418f bf63f3ec 3f7ba20a bea3eeaa 3ef33afb bf37f1b5 3f0f2386 3e0c1460 3f3297a9 bf2c839c 3f434bc7 bf72adfd bd1f90ab 3ecf36ac be315c4a 3ec026ba bf013384 3f733803 3ee0f2ec be96e284 3df6692a bf0deb80 be32bc5c 3e42d46e 3d998828 3f5873d5 3def0949 be8e7254 bf062773 3d015124 3f216fa6 bf324daf 3ddc6950 bebd1ab0 3f4a8bd5 bf7b4009 3f725bf4 3d98091b 3f7e660f bed836d2 3f5635cd 3bab7b3b 3f2799a5 bb9c87ea beb3f6ab bf3d55b5 3e1b048a bf197195 3f4eb5cf 3e9d1ea8 3dd7587d bf6ebded bdbc684c 3e6a54d4 be7b053d bf5efde1 3f1edd8f bf493bc4 3f02eb84 3e8efe8d be871e92 bf4755bb 3d70f15a 3f20cf9d bf112391 bf2fe7b7 3ea72ea6 3d75d18d 3c936153 be04dc51 3e5a7cf4 3e86ae94 bf0a377e bcb4e022 3e368ce4 bd5ff01d bd8f98e1 bf0d4f8a 3f5267cc 3dc1789f bf5affd0 3f086b81 be0a2496 3f0fcf9b 3d89786f be01bc5f bf76bbf5 3f6ef3e9 bf045b7d 3f33b7aa beaffa92 3e32e4a9 3dbb88d4 bedafab7 3f6119e3 bf05c385 3f73ee10 bd9ba8ac be615ce3 3ec1d2a2 3e4014a5 3dab38e0 3f6db1f1 bf71edfe beba82d2 bf19efa5 beccceb9 3f65b5ed be3f74a0 3e667cf2 bd6430a7 befc76e4 be5304c8 3ebcf6bd 3d86390b 3edca703 bf0d9d75 3eb36ac3 bf14b193 bf480bb9 3f7ef81e bf5c13d6 3f4c43ba bf3d09b5 becfd6af 3f2877a3 bf7dde19 3e9ee2aa bf077782 3f3bbdb3 3ef6eedb 3d5ed0a3 be6e84d6 3f7cd81b befd1ae8 3f1a4b99 bdd898ab 3daad8dc be82e27e bf796013 3f4621ba bef9badd bef096fe 3ece4ad6 be87c287 3f1eeb9f 3da44958 3f47dbbc bf7f3622 3e402c9a 3d801836 3e6e6520 bf2bebaa 3f3dd5af bf2b7fa7 be939a93 be5e34e3 3ded18e1 bc44bfce bf14638a 3f5da1d8 bf5ec3dc 3f0d5188 beca92ab bf3e59a7 3d4a2ffd bf0dcd8c 3ec732ce bf0f478e 3f5cade0 bf34d3b1 3efe3af9 be7bc4fd 3f28b7a3 bf192996 bdd418b0 
3eed6ecd bf4513cd 3f01ad77 bf70fff3 bd75f0bb 3edc3ede bec0febf 3f646bdb bf4a7fc3 3f2185ab 3f23f3a5 bed1fad0 3f6207e4 bd8a0852 3f6551e3 3f29e9a7 3f3791ba bf2bf19a bf5ee1d4 3f4d8fcc bf4abbbb 3f4585cb bf7d6018 3f43e3c0 3f06118c 3f7309fa bf0b7791 3f0c177f 3e992689 3f15038b bf6f03f2 3d5fb028 bf5235e6 3eb24e9c 3f10cb8f bf2f1fb9 bde7b897 beaebeac 3e2d848d bec83ab1 bed37ad7 3f25a99b bf5445d1 bf03cd85 be93ae9a 3f08997d bec7fad2 bf18ef99 3da8e847 3ea27ec2 bab5ee58 3f07a97d bee276ef bdfe287a 3e5c4cde 3e23b4c8 bf4773c9 bd97186b bef56ac7 bdc608e8 be5ec4d2 3f6cabf2 3e6294e1 bf1e8f90 3f30e1aa bf08458e bf3803b5 3f625fd9 bf4753bd 3efcdafa 3ecb56b1 3dd5a8b4 bebabeac 3f6c1dee bf6b7bf5 3f7583f3 bee0d2f5 3f3e3fb1 3e3a7cb6 beab5e99 3e08a481 3e885285 beb50eb8 be9dea9c bda15891 3f070d7c bf6dedfa 3f2b67a6 bf76a5fa 3f03838e bef272cf 3ea03e9d 3f052984 bede3ee3 3f3093a1 bf7d6818 3f58bdc5 bf5883d5 bf1c919f 3f240b9b bebb9ab1 3ef096ed 3f08ab82 becb32cf bd97e8c9 bf5a3ddc bf133d9b 3f2691a3 3e09cc71 3d287086 be739ce7 3ea652b6 be8622a2 3f4371bd bf6f69f2 3effcadd be56dce6 becf02bd bf365fb5 be9c9aaa 3e8d5e79 bf4fabc7 beaf828e be398cdb 3f6b8fe3 bea0aaa3 3f6b1bea bf143789 3ea16696 bf74c9f3 3ee07ed4 3f2e6ba3 3e8c4e81 bf3725c1 3f5e05e1 3e08ac75 3e3814b2 3f152799 be896a76 bf4cb3ba 3f459bbf 3f548bcc bf030b6e bee9b2c4 3f786c0c be112c62 3ee4aadd bf75a1fd 3ee4f6e4 be229c6a bde94891 bd80288b bde3d8f1 3f38ffc1 bf3733aa 3baa818f 3f07cd8b be9e8e94 be1d3c9d bf0adf89 3f54d3dd be60f4bf be9b1e8c 3d9cd8b2 bf69dbe9 3f04cf80 3f19798e bdd3a8e0 bf1c9d97 3e4164a4 bee05ad6 be3face8 3ef88add bcc95e74 bf14a18a 3e68dcdd bf382da3 bbec8492 bd9ee8d5 bf00e779 3ead929e bdfea8ba bf38a1ac 3f48cdc9 3ec2daa4 3f0b7185 bec66abc 3e1dfc87 be458c95 be2eac60 bd85a892 3f167f76 3e05dc94 3e1c5ca9 bef996d8 bf1aab8d 3f7475ef bf2b4fa2 3f276da9 3f4e9bca bf76cc05 3f2513a5 bf77dffe 3f64f5d4 3e850287 bebcaebb 3f3e75af 3e0a8475 3d3ab10b bf709dfc 3ee122dd bf5a99d8 3f05af7c bf79b005 bcea1ff5 3d059172 bf0d5785 3e986a8a 3e8aea93 3f5e7ddd bf2a7fa5 3f011f81 3e545cc1 3ebabac6 bf3c09b8 bdab78a8 beae3a8a bf02ef82 3f48a1c1 bba07e02 3d9168db bf2f53b9 3f3111b1 bf6dc3f9 3f1db79f 3e308c58 3f2993a6 bf175d92 3f4b7dc2 bf6fe400 3f0fe37b 3c58c160 bef626e7 3f4713c5 3e533cad 3f5211bf bee33ace 3f2a2bac bf68cbe4 3f5d09ee bea93e93 bdf36909 3e5f2508 bef4b2fa 3f624fd8 beacd6ae 
3f5c11d1 bf0d4b90 3f2feda9 bec90ab6 3f6c1bf3 bf178397 3f0ce184 bf5d17ea 3f5135c9 bf3031b2 bf1edd9f 3e9b0699 bede46d3 bf1d2196 bf176194 bf1e559c bf4dc1d1 3f36879f 3f4443bf bf707ff6 3f69f7e6 befbbeee bbdf81c7 3e991ea4 bf6bc1ed bf3529b1 bda668de bcace11f bf1a5587 bf1dc390 3f4797d2 3ea5ae91 be125472 3ed486bd bf67ede3 3f268d9d 3f5a97dc bf6073dd 3ece56b5 3f03f77e 3ebe9292 bed4d6e3 3f044787 3f49b3b9 3de2e8bd be796ce8 be6914fd 3f77c809 be07643e be811a74 be471ca4 bef2a6e7 3f0e8f90 be4784e4 bed176ec 3e75fd01 3f1b4d90 3eb0dab3 becee2b8 3f6083d9 be2d5cd7 be3be4d1 bf46dfca 3f7ea81e bf5121c6 3f01b776 3f2ec79e bf054580 3f3657af be928685 bf2ec196 bea34ab0 3f24d797 bec086ad bc3cc248 bdf4190f befb0efa 3dc038ad bf11b991 3f59bfd0 be21dca3 bea6dea3 3f20c59a be0594a5 3f07db7c bf3ba7b6 3f789e17 bf4391b2 3ed612d5 3eef82ed bf147f84 3f3a89bd bf78d1fa 3dc608e1 bed1b2df 3ebce6ba 3e3934c6 be6884fc 3f4475c5 be8e3291 bdbd78c1 3bad7e95 bf3fa3c2 3e95baa3 3e514cbe 3f6115db 3f49d3cf bf4aa3c8 3f1efd9b bf3f7fbb 3f108985 bf3d23bd 3f6bb3ed bf765e02 3eeefee5 3eec06da bf2f5dab 3f3b61ad 3e9fae8a 3f4e0dd7 bf123987 3f12ed8d 3f560bd7 bf440dba 3e8eeeb2 bf1a3b8d 3e1f7ca6 bea66e98 3e687cd1 3ee762c7 bf227da5 beab1ea1 be830e85 3f19c996 bf54dbce 3de69970 bf0bb175 bf388397 3f20c1a2 3ed026db bf5e21d7 bf2289a6 3f4725c6 beb3e6a4 3d31915c bf35adba 3e9a4a76 3f291da6 bef21afa 3f1b5da2 bf053974 3f127b91 3da498c7 bf5279da 3f5a6ddb 3da1a899 bf1c4d9a 3f2be99e be8b2693 3f7ab3fe bf7a840d 3ef312ff be3d8ca8 3ed082bd 3ec0aaa5 3e708ce7 bf4da3c9 be4b24dc 3f599bd7 3d8d685d 3e492cb2 3f2975a9 bf6f13f1 3d3e1078 3f5ed1e6 bf09c17a 3f53b7d3 be01b470 3f43f9cb be6a04ef 3e7b1cd7 bf39a1b0 3f4313c5 bf245d9b bef2cece 3e87c264 3cc6e12a bdec78a2 bea3ca82 3f3911be bf089f8a be1d04a0 be072470 bf1c318e 3f356baa 3f07eb78 bf648ddd 3f4121c7 bf6e09ed be32fcbd bd7431b8 3f4c35c4 bdd68880 bed426ca 3e853e89 bf3c77b2 3e864e86 bf67e7f8 3ef56aeb 3f6d0bf5 bf4643b5 3f79a611 beb72aba 3f234f9d 3f49e7cc bf2427a5 3f0d6590 3e0f246a bf5f1fd9 bdb0b837 be2ae46a 3e829e85 bf4785be be546cc3 3f3d93bc 3e3194a8 3ef886ed be90ae96 3e63dcc8 bf639fdf 3ebd7e96 3e9dba7b 3e584cd4 3f02ef73 be9fa69b bec98ab9 3d0830b3 bf3bc1b9 3f28039a 3de8c928 3d7e5168 bec572c3 3f12db93 bec902c2 bf7021e9 3d7bb0db bf07e589 3e800a7d 3e6c6d00 bef59aea be99e2a1 3f3e0bb7 bf2c3fa6 3e10748f bea2e295 befd92f8 
be3f44b6 3e5f94dd bed90b01 3e8d5693 bdf3089d bf789601 3f79e204 bf45bbc2 3ec9fabf 3e4e54b9 3f1af593 beea22e3 3f45f3c0 3e3c5cab 3f633be7 3f12a793 3e9a1a96 bdc8e8fe bf0d5586 3f26d1a4 bf73180a 3f2837b3 3e6044ec bf1a4989 3f6305dd 3ed49ed5 3f2d699f bec96ac1 3f5055d2 3f1f3b8d bf7f7431 3efaeae4 bf3f53bc 3f365da3 bdab98e6 bed712e4 bf150192 3f4dc9c2 be109cab bf20df99 bf19eb94 3f174ba4 bf6537e3 3cd460b6 bf551dcd 3ee38eda 3eae1ea2 bf3d39c0 bea5eea9 3e829677 3ee66ed1 3ec60ec9 bf2b47b6 3ed3deb4 3f4e57c9 bf2f95a3 bf12ff95 3ddd28ab 3e1dbca2 bec91eca be994692 bd30b197 3f6537dd bf7dec19 3f0f4583 bf12f595 3db0a861 bf5569cc 3c37415d 3ec3e2c5 3e08449b 3f63ffde bf2a31ab be818a8d 3ef206c5 bd067178 3f21e194 be1184b1 be3ac492 bdd538fc bf020578 3ed706bf bf43d9c5 3f06b98a bf67a3ed 3f6111e9 bf49a3b9 3f5fa5df bf1e0396 3d3bb09f be64c480 3dd0c903 3e8aae7e 3e50cceb 3f6c8de7 bf50c7d6 bddfa8d5 3eaa5a97 be76d4d5 be98d685 3e76151c 3dd738c6 3ea952ad 3e3e3492 bed31aea bf7d5419 bf0c218a 3e125c9a bf193f9f 3f188791 bda318d6 3ecd4acd bf41ffc0 3ecfd2c4 3e6944ef bf3edfb9 3ea4fab6 3e733cef bf6111de bef0a2ee 3edda2cc bf6fbfed 3f30f5a7 bf6765eb 3f49a3c9 be8aea72 3d5050c1 3f0a5d7c bf43c1be 3f477bcb be725cf0 3f7c9a10 bf3497a1 3f03ef7f bd58f15b 3e256466 3f20658b 3f324fb3 bf704ded 3f193194 3e8f9283 3f06938d bed2cac3 3e0c5cb2 3e132cb1 3ea686a3 bd82b869 bf4c7dcb 3f3177ac bf5ff5df 3f4769d0 bf6057d1 3dd10904 3f08af85 bf63cbed 3f148988 bf4b17cb 3f3d5daf bf3393ad bf216d97 3f6695e8 bf5de7e1 3f47a9bf bf409dba 3def393e bf65c3ea 3f6b59f2 3e4684ce bef132f8 bf5e0dd5 3ea43e9f bf631de5 3f612fec 3dc268ce bf53f3c4 3e923aaf be40ccd4 bf20338d becf96c5 3da7a834 be02cca5 3f6d93f7 bef9fee3 3f77c409 bf3713bc 3eafbe95 bf40a1b2 3f77400e bd2f7036 bec352df 3f1a7d9b bdec68b2 3ea68e8d 3eeb26eb bedd82bc bda1083a bdac58b1 3e8db665 bde6f961 3f700bf6 bedfbec5 bf391daf 3e6f6d03 3dfd19a4 bea8fea1 3f60ffd6 be73bcf1 3f40eba7 bef1b2ed bf265399 3e81aa7f bebcbeae 3db048e5 bf5191ce befe6b00 3df7983b 3eb142a5 bf32f1a9 3f41cfc9 3e9f7699 bed0dad6 3f3303b7 be868a6a 3f7c5006 bf4a61c0 bf07198c be42fcee 3efbb2e5 bee93f04 3f631bce 3cb1e01f bf013582 bec9febd bf6ef7f7 3f7851ff bee43ecd 3f08cf7d 3e459ccd be0cac82 bf1ff594 be058c85 3f3ca5b1 bf6e01ef 3efc2ef9 3f47c9c6 3e3a94a3 3dbb681f 3eadf6ae bf0f3b8e 3f154f92 3eebeefb bf4c29be 3f66ebe4 be813293 3f422fc3 bee3e6d9 
be4b04de bdcac8c6 3ec496aa bf27ad9e 3ecd36bc 3f3d77b1 bf13af89 3f2bf599 be77cd0d bf5a15cf 3f0f078b be9cd2a4 bf0a2391 3ca9e299 bf627bdb bf158d9e bd52f0a5 bd8f680a bed5d2c8 3ef926e1 3ea66a9d bf47bbbc 3edeaed1 beeecee8 3eaca2ab bf7ee023 be246c9f bed2e2b5 bd04104e bf6891ef 3f65b9ea bf210f9f 3f5dcfdc bf791608 3e8f5260 3f6441d9 bf1b0991 3e0ff484 bf025983 3f02777d 3f711bf9 bf2d1ba8 3f6871e5 beac8a99 3f5803d9 baf6136e bf5695ca 3f7a0605 3e865e5b 3dce08db bf2e5ba5 bef96eeb 3f75f5fd bf5c1dde bf3659ad 3f3635ad 3ef626ed bf0f9f88 3ebaeeb5 bece52b4 3f60e1df bd8ea8a4 beeec2c7 3f131b95 3e11ac7d bd39afe0 3ea7f68f 3f39a7aa 3e7ad4d6 bf6efffa 3eb5029e bf5105cc bbb17cee 3f5b2dd4 beafd6b6 be4c0cd4 bf50c1d1 3f6437d1 be463cf0 3f096b78 be765cfc 3f77f3fe bec726cd 3dd2c90f 3ec8eeb5 beccc2d2 bdaf48a9 be1b1ca1 bd5bf16f 3eb2b2a4 3e029c70 beeaaada 3eb096b6 bf2ea998 bf4ec1c3 3eeab2c6 3f277ba1 bf6a43eb 3efc9af0 be3bfce2 3f17f98f bf72a7f9 3f08c77e bf5f6bda 3f5513d8 3f3c31b4 3f00f56d 3f170f90 3e62bcd4 3e11a494 bf7c8407 3f130397 bd573177 3ee5a6c1 bf61dbe4 3f652be3 be2ebce6 bf288da1 3f74a404 3dcbd89d 3ea0368f 3d22712a bf0f9785 3f559dd7 be6f74f5 3d8918b1 be90ea85 3ead8e8f bed83ec3 bdd938c3 bf2539aa 3dc47907 bd32b0e0 bed632d4 3eb4f6c2 be8ef679 bf322db3 bdfa692a 3e55b507 bf3cb3ac bdc978bd beb6828f bbb57875 3e92d6bd bf2cc399 3ed7fed6 bedbc6cd 3f6c3fed bf5203da 3f29fd9b be9e82ac 3f136395 be12a4b5 3e477cd0 3d30f07b be4efcc8 3f56f5d3 bf4073c3 3f02ad6f 3f6869df bf5ac9dc 3f3c9fbf beb2a6b7 beaf02a9 3f4d95d5 3e75f4be bdc31893 bf35c5ad 3f2873a2 3f49e3c3 bd9a1900 3f1cd594 bf5879cc 3ede6ee4 bd2390ff 3e211460 3e33cca7 3e828e7d 3f754dfc bf030d76 3e22ac95 bf523bcd be687ccd bef84eec 3f3bc3b0 3e852e7a 3e3634c4 bf26f9a9 bec602a9 3ef17f0a bf6883e9 3f1e0f91 bf800000 3ed8cae4 bf175789 3eda82c5 be9b9e99 3ee65ae4 bed052d7 bef78f14 3ed3c6b2 3e83c67b 3ec872b1 bee6d6ca 3f142389 bf6f8600 3e9b1eaa bf52f7e4 3f3e1dbf bcd35ff5 3f21a596 beee42ee 3ef9b2d3 3ed322bb 3f6799f0 bf1edba9 bc866310 3e7b8ce8 bf037981 3f2a85a6 bf74b9ff 3eec7ee4 bf13bd8d be70e4f1 be2c449b 3f75cbf7 3e51d4c2 bf43a7bb 3eec1ec4 bf21dfaa bee806eb 3f071975 3f3a17b4 3f03e972 bb987c77 bf4c5dc5 3f4193bf bf3ee5b4 3e9a3a85 3f04257d 3eebe6d4 bf7651fb 3f7d5c1f beba7eab bf1e01a6 bec3deb7 3e3afca9 bf139b95 3ea40694 bdee68c0 bf4857b5 3f27d3b0 bf4b73c5 3d5290e7 bf09ef80 3f528fd9 
3f4741b1 bf66f3f6 3f774fff be0aec93 bead9ad6 3e00248f bf254998 3e156466 bdb2a8d7 3f7f8219 bf7e801b 3f1f9f90 3e3d2496 3e8ff68e 3e09b489 3f7a13f9 be36bca5 3ec2e6ab 3f3a71b1 bf79ce09 3ed4f2c3 3d9998b4 be42eccf 3f330ba4 bef11af2 3e92827b 3f61dddb bde778d6 3f183987 be8c6293 3f476bbe bf68f3f0 3ef3d2ef 3e33fcd1 be6f0cfb beedaeed 3e983e9e 3ed1aea5 bdb478f7 3e9bb2b1 bf5ee9d9 be9ede88 3f064f94 bf37ada5 3dad58a6 bf0d9b8c 3f51a1dc bf42c1c3 befb3ef9 be027479 3f3641a3 3e8eba8d bef97f08 3f11b184 3f4853c7 bf745804 3efd0ad7 be2e9c90 3e8f2e9d 3d8158e1 bf19d98e 3e33bc85 beb2be95 be128468 be9df68b 3cbce0a4 bf113f97 bee8f6e3 bbe6852d 3e8a8e82 3eef6af6 be0f5452 3f53ddc9 bf7a2a05 beac869d 3f489fce 3eb222bc bf2aafb0 bf05f980 3f0c7d8b bf5037c3 bea50e8c be90aa86 3f169394 bf418bbc 3f7abe08 bef042de 3f76660d bed7e6bc bf0e7b94 3f6df1f5 bf38c9b0 3f097984 3e4854af 3f6a15eb be77f4df bf190f95 3ec2aaa5 3efafaf0 bf59fdcb 3f1cb19f beaa82a7 3ee8a6f1 3e07fcbc bed81acc bf20ad9e bf31e5b3 bf4271c9 bf025783 bbce8251 3f50adcf be572cbf bf114f86 3f0e2d91 beba62b3 3eae8e9a bee862f7 3f4cc9cb beb8e2a5 bf4095b2 3e86e694 3d679037 3eb556a4 bec34ab4 bf4521bf 3f6e8600 bed09ec5 be3374d5 3f037985 3e9d769a 3f29d9ad beff36fe 3f11b589 3ed402c6 bf6f21fe 3f6fdbf1 bbf07f91 3d83482d 3f2ab194 3dcda956 3f3a4bc2 bddf688e 3d8c98b1 3e8d1681 bedefed7 3f573dcb bf5289d1 3dc3885a 3f16e793 bf023578 3e0ae46c bf06777f 3e3884a8 bf1eeb9d 3eeea6ff ba141c96 bef312ef 3e6de4cc bdbbb8fe bf6f3bf7 3ecd2ebd bee676dd 3eb346c3 3f0b418f bf26b7a0 bf019581 3e9aaea9 3e665cdb be9e46a0 bf22ab9c becb9eb3 3d005073 3ec116ac bf2111a4 3f35d1b1 bf19338b 3e4be508 bf127f91 bed616c4 be5c34a0 3f4dd1c6 3e020c25 3f382da9 3e24b4ab bf0d8980 bf32359f 3ae204f3 3f5d21db 3e46f51b bdd028bd 3f470bc1 bf15718f 3f6ee1fc bdd24807 3d5830f6 3f0d957c bdc0b840 bf2a27ad 3efe770b bb3cff8a 3de74891 beebf6cd be924292 3e3644ac be94fe88 3f2723a3 be876e6f 3f2e83a6 beedbaec be895ead bde7e8de be46a4ad 3de8f892 bf4c0fd0 bf056d7b 3f13f18e be76bd20 3f06b781 bee3ced7 bef68aeb 3f4615ca be8e7e8e 3f029f81 bcf0dfbc 3f4777c1 bf4e9fc8 bf1ec5a6 3f76b9fd beba0ead 3f28a5a5 3e870e7e be007489 bf40e1b4 bf1bb38c bdb0d864 3f506fcf bf200f92 3e6add17 be5bbca8 be056476 bf3067a4 3f2c35a9 bf17a38d 3e66c4df 3cb2623f 3f7fdc38 bf1fb596 3f4d53c1 bec456bf 3ecfa2e9 3d921855 3e93027b 3e6224d9 3e74bcc2 bce9e1f1 bf5781df 
ba920b07 3eb352a1 bf6a0bed 3de828c3 3eecdedd bf24639e 3f64e1ee bdc4389f be46bcaf bf0ca988 3f4d61c0 bf091f7a 3da1c8ba bf076f81 3ec412ab bf3339b2 bf13418a 3daee8a4 bf648be0 3f5033ce bf4e5dd1 3f5b17db bf0cef98 bf067f93 3f26bd98 befc92f4 bd9b58a3 bf7b5817 3f33efa9 bf498fc8 3d787101 3db4e895 3e69dcdd bf4febcb 3f7df618 bf0b0b85 3ea76a9f bf59ffdd 3ed9eed9 bf6227d5 3f32c3a1 3f223d98 bf1edfa3 3d80981c 3f3825b1 bf0c0b82 3f07897a be4abcf3 3f7c3e03 3d83f7bd bf7e1a32 3f1a9d8f bf516fd3 3e8b3a8d bf124978 3f0deb8f bf5c45e2 3f03f188 bf7ae9f9 3f7eb816 bf3c49b6 3f144b93 3eb8eeb1 3eeceed7 bea0c2aa 3f3803a9 3e8e669e 3ecceed8 bedb1ee3 3ef9d6ed bf68e1e5 3e74f504 bf2ac7ab 3f11c191 3f4051c6 bf295fa9 beb92ead 3f4c4fb9 3eb20aae befbd6ef 3f42cdbb 3ecb0ec9 3e0e24c1 3d2a70e1 bf4f53c5 3ef39af7 bf08498b bf6789ea 3f5609d1 3db5d902 bf5917c9 3f0ee188 bd8e291f bf7f942d 3d97d81b beed2eed 3f44d7c1 be9d529d bed9c2d8 3f2a25a3 bf5bb1e3 3f31a7af bf2ad59e 3e6b94ca 3d1f2f2b 3f00c56f 3f72edf4 3f249f98 3f630bdd bd8f5882 bf4fa7c0 3ed9ead1 3e2d748d bf0f319a 3f2aaf97 bf426bc3 3f0aa188 bf604fe5 3e5d94f3 3f78b206 bf75b3fb 3e6414a8 bf10c587 3f791004 3d47f0d7 becf72b8 bd03508e 3f1b5794 bf58c7d1 be2984a3 bf36ebaf 3f10ad91 bf6c2bf9 be01e47e 3f6443d5 bf7d3627 3f2b5992 bf77b80c 3d46b08b bf488bc9 bf021580 3e7004e9 bee0aed8 3dcab8cd 3eb8d2af bf6be7f8 3f658de5 bed022d7 be90fe89 bebe16b6 3f630dd9 bec4bacf 3f1a2f8e 3e9e5e78 bf2955b4 3ea902a4 bed5a709 3f0e4d7f be1a948f 3ed42ae1 3f26f39a be795cdf befcd2cd be08a46b bdb2988f 3f7be80a bf2de3ad 3ec506b9 be59ecb3 3f6151d7 3a347842 3e799d1b bed7cee7 3f425fb7 bf7161f4 3f4aa3c9 bf34e5ab 3f7385f9 3e2b6cb7 3e55acb4 bf79a213 bdeb1891 be0cdc62 bf29fd9f 3f33abb6 3f383baa bdda38ca bf4b39c1 be93f27c 3e18f464 bf748206 3f351db9 bf75ce02 bdde08d6 3d9f78ab bf2d19a5 bd4eefe8 3f14178b 3ed30ac6 bf3513aa 3ee8badd be13dc62 3f34e9ad bed20ada 3e92769a bead76c6 be59a4d3 3e863a8f bf0f8789 3f755dfd be92eabd bb9a85b9 3f3a95af beadd2a8 3f7a8204 bf05f788 bec58ece 3ec892bc be2ed4bc 3f43f5c5 bcd89ed8 bf2afbab 3e826e76 be975a9d bf7077f6 3eef32f6 3f1e43a4 be5c1cbe bf2965a1 bc9ba15d bf037f82 3dff58dd 3ed08eaf 3f15158c 3eaff69a bf7a7207 3f27b59a be60e4e7 3f4cf5cf bf20819c 3ef44ee7 3f1bd590 bf702beb 3f6abfe6 bebb96b5 bf28af9a 3e238c81 be3d2ca1 bc6cbe6a bec18abd 3e0aa4b0 beb0b692 bf10a17d 3ed09ed1 3eaa2690 3e08ec85 
bf74bbfa 3f4d57d7 be15548b 3f2e53a8 bf50e5c1 3f7df019 bf4b3bc3 3e359c9f bd29d163 3f004b79 bed3c6ca be80c269 3f2629aa be5ee4d8 be754cfe 3eef12d6 3f230d97 3e94469e bdf4f958 3f3c39a6 be9b468c beffff02 3f4007bc bbf17f77 bda63864 3e010c4f 3dfa68df 3f10777f beab92a9 3f2a6db1 beafaea5 3edcdaea bf29f7a6 3f6b43ed bf506dc6 3efb5ad8 3e14ec89 bc45bfc6 3f0ad981 3eac8e93 3e131c3a bf768817 3f1c4f90 3e582ca0 becda2da bd28d014 3c05c205 bed886be befd6ee8 bd8677fb 3f13d997 be4d3cd8 3f229597 bb3308bd bed70ee8 3ed78ed3 3ead229e 3e951aa0 3ec992d2 bf47bdc4 3f53d9c7 beb81a99 bf5623cf be06149c bcee9ffa bedfb2dc bf031178 bdff1930 3f05cd7c bf33a9c1 3f3a37b0 3da6984e 3eb846b9 bea0869e bf65a3e7 3f047b85 3e49dceb bf75fa04 3f3a35b7 bf6813e9 3efd96ec bf49bbc7 bf058b7c 3f173392 3f4aafc4 bf0cb191 3f2225ac 3f6e8ffa bf5f51d5 3e00cc7c 3f37f5b4 beec1af3 3e213cbf 3f3409a9 3f0e557f bf7d000c 3f67d9eb bf4973c2 3f051d7e be1564c7 3f0b8f88 be79852d 3e4dd4c5 bed0eac3 3f2655b6 bf4ee7c7 bf422bbe bf32e7a9 bf70e7f7 be3e0cba 3f7db21f bf4c41c8 3f16bf93 bc6c40d3 be08cc6e 3e911e98 3cf11f81 3f3271b3 bef862e9 be2f54b6 3ede2ece 3f2d6bb5 bf073175 be96629f bebab6a6 3f7fee39 bf049d69 be6344d6 3f2489a1 3d1e9038 3f2dd5a2 be03fcb2 3f4065b5 be97ba9a 3e53dcf5 bf4ef7c9 3f78280b bb7cf150 3ef552fa 3eca56db 3f75a5fc bf195da3 3f5df9e5 bf2d8db5 3e48acb6 3dc7f8ca 3ef65eef bf3059a8 3f6d2bf3 3ec852bb bf4cd3d2 3e833e79 bf2883a9 be26cc69 3f37d5b6 bebe8eac 3f7d5a1d bf79dc0b 3eee36d9 bf0c6f95 bf3739b6 3e571504 3f793a15 be9eb67e 3ed06ec6 bf1e2b8c 3da9d8f2 3e6524a7 bece9ab6 bec122c3 3e864a7a bf4b8fc0 3f4fa3bb bf7cda0f 3f7133f9 bf410bc1 3f7cb415 bf5c25d0 bf2c0b9e 3f3ab3b7 3f0ee387 bc2d4136 be6e94e2 3f784c0c bf3fa1bf bf0fa796 3ed7c6df 3e64d4d2 3f019d78 3c3b4604 3ee94aed 3e1ee4a4 3b3afb33 3f6b81fa be175c75 3e21b47a 3f187d8c bf527fc8 beed92c8 3dda3903 3ee6cad2 bf5d15dd 3eb6dabb be15cc9a be79a4e8 3f2e87a5 bec86ed5 3d90d898 3e7044c3 bf270b9d 3ed35ebd be5b1cf7 bf175b91 3ee9dada bf73dff2 3f6589eb 3c7dbe82 bf2207a3 3f046f85 bf7295f9 beae22b0 3f273f93 be39950f 3eaf029f 3f68bfde 3de27900 bf54c7d3 bd059128 3f43e9c2 3e87a28a 3e975aa4 be38b4dc 3e8e3e6e bf613de6 bd89481a 3f329fbe be97ea8f bdeff8e7 bf4313bc 3f5f71d4 befebb09 bf34cba5 3f724dff bf6e4df0 3f04b387 bd00109a 3eea7ae8 bea29686 3cbf201a 3f1e5195 beed4eec 3f2209a3 3e9b027b bf3bcfb4 bf082376 3eff2ee4 
3cda5fb0 3d11110b beddf2d6 3d3150f5 be910a7e be53bc96 3d9878d8 be529ca8 3ee546df bf4a43c4 3ed016bd 3f07dd76 bf7027f5 3f26a79e 3e31f4c9 bece42ce bf09c78b 3d80886a bef69b0a be72fcd2 3d471211 3ebae2c4 bf060984 bd7a9002 3ea962a2 bf42b5cd 3e84166b 3e8fce97 bf79980c 3f0d217e bf1a7fa1 3f1e0792 bf3eabc4 3f5391cc bf6fabf3 3efa8ad8 bf47d9cb 3f21c59e bf7ec822 bf02d37d 3e299cb2 bccb6199 3ea6c2a5 bf4fb9c9 3e03a44c 3f1bbf89 bef1dec9 3f6567ed be185cde 3ed5a2ac bf1f19a1 3e39547e bf77040b 3f7aaa05 bee5d6fe 3ebe0aba bf277b8d bf6a7bec 3f1e5398 bedd52ca 3e96a267 becb6ad5 3f3477ab 3f245796 bea7c29c 3f155392 3e3124c4 3e9eee92 bedc4ed3 3ea746bc bd4431bc befdbaf2 be3784b2 3e927281 3f6e05ef bf34bdba 3f1ab794 3d9e98fd bf0db977 3f75c601 bf5393d5 3f571bd1 3f161997 bf5951db bf4a0db1 3ef4330d bf1db391 bf093d7a 3e2514c8 3e829a80 bf5a2fd7 3f172396 bed6eedd bf367fb4 bd551098 3f4513bf beed7aea bd5eb1c0 3f0f7785 bf4b55c5 be15248b be988a9d 3efb6aca 3d98b891 bf2749a7 3eee3eeb 3f57abd5 3f1d81a5 3f5123d4 3f11698a bf64d5db 3e703cfc 3d8cc897 bf68f9ee 3f6915eb bf4691b2 bd767104 bed6a6bc 3e86b686 be061c8f befa0eec beb5e2ad 3df248f6 3f58e3d2 beede6d9 bef316d1 bd610fe0 3f2fd7b5 bf60cfd4 3eb922b1 bf3347b5 bf29db9f 3ec74ecd bf2cadb3 3ee7aab3 3f17bb91 bf57d7d9 bf183193 3ea15aac bf5c49d3 bef5eae1 be124c90 bdd548a7 3de8b8a9 3ea2f69d be9992a6 bf781207 3f5195cf bf0a2b8f bf78a213 3f5737d5 be86f688 3f59ebd4 becae2a9 bd9ef892 bf02b381 becec2c7 3e4af49f bd1b906f 3ec03eaa 3f72a3fb bf5535d4 be0184a1 bf5fc1dd 3f611fd7 bf61a9e0 3f764806 bf7e0e1f 3f7869fd be385c50 bdded87a 3f12df94 be682cf3 3e2e5cab 3e19a499 be3c4c9a bf162387 3f23b799 3f17e184 bf5d51da bf4255c1 3f5771cd be4e4cf0 bf136f84 3ed18ada 3ee2eec6 bf6109d9 3f0d4b8b bf34f7a4 bda32805 be498cba bf015772 3e4864ee bf512bc3 bf121584 3f5a41d0 bf75dbf7 3f5067d7 3ec776ad 3ebc4ab0 bf22f196 3f7b9411 bf3d9ba8 3e909a86 3e96e691 bf6b77e3 3f64ebf0 bf1f5192 3f4a49c6 bf141b88 3e8cea7e 3d1d1046 3d70d1db 3ed9f6bc bd8148d5 bf5e4bd2 3f4359be 3dac58f7 3cac9fce 3f02dd6f 3f08a379 3cd75f7d bea67ea4 be9b0aa8 bf73fdf9 bdfb18e9 3e970a84 3f2b47a0 bf5c61e0 bf0f2f97 bceb218d 3dbfa8c2 bf1ed199 3f685ff6 be16dc5f bf55fbc9 3f31ebb1 bea84ab9 3f4543be bf6a39eb 3f713bf9 be941a96 3e087c4b 3e9c6679 bf44f1bd 3f757c04 bf4537ba 3e7aad15 3ef062e2 bf720ffc 3f29239a bf77f211 3ec89ead 3f627fe8 3d4a4fe9 3e803a53 
bf54c5e7 3f2cc3a8 bed536cd 3e9a2a88 3f4697bc beba9aac 3f0e4387 3dd3e8c9 bee32acf 3f7e501c bf6c49f2 3eaacaa4 3cb3216e bdc988b8 bf035583 3f28459a bea922b0 3f0e1389 3e0c2470 3e9826b4 be81da82 3e442cd6 3e4ebcb5 be522ce3 bd05b000 3f5e33e0 bea95696 bf2443a0 3f6527d3 3e610cca bf38c7bf 3f47c1bc bedf86e3 3e0b5467 3dab286c 3f4467c3 becf56c1 bd879883 3f7183f4 3f10f593 be7e7d1c 3f112993 bf209f9f 3f7139fd be3564c5 bbe88492 bf448bbd 3f0f4b8d bf409bbd 3ed506ce be979e99 3f61abe5 3d3cd008 bf6567e9 3f34c7b3 bf56add2 3f6ff3fb 3f177b91 bda6c8ee 3e4344ce bf040582 3f5647dd bf5803de bca0a07e bf3691a8 3f21a7a0 bf1db798 bee352ef 3f4b2fb9 bf7f141f 3f44d3b0 becb0ab5 3f53cdd5 bf664dda be7344af 3e87d687 bf61ebe8 3f7c7015 bf388db3 3f2ab7a7 be80ba74 be2a6ccb bf268ba3 3f7e6014 3f09f189 3c69bf58 b8e1cecb 3f287f9a bdc1a8c7 3e464d01 3dfd7960 be7c0d01 3f348da2 3f02917a bf1c5b96 bddd6868 bee986db 3f520fc6 bf5671d0 3f3029b3 3f21bb92 bda2c8c8 bea22a88 be07cc81 3f367bb5 be64b4e0 bf0f798b bf3cf7b9 bf1f959f bf5d6bd9 3f58ffd7 3d9b3880 be3e64a3 3f5cb5d2 bf13039f 3e7b6cd0 3f60c7eb bf21cf9e 3f29ff9f 3e34d496 3e275c9a 3ec276c6 be23a488 bef046eb 3ef97edd 3e6824b8 3f09f781 bf5aafdc 3f049f85 be536ca4 3f4f13d6 3f0a5774 bed27ea7 3f305db3 bf168d91 bec97ec1 3f478bc7 3f5f31e1 bf1cd79b 3f479dc5 3de9f912 3f768dff bf3e5baf 3eff5f10 bf6b55e6 3f669bf3 3f5095ce beea0aea 3e5cecb8 3f32e9a6 3e02648c bf0ac980 3cf51f33 be45b4d5 3e9fa697 3f6263e9 be233cbf 3f4321c1 beffc6e3 be5604e1 bf2bbba1 3ec956d1 3f33b5a6 3e8e3a9c be3d6ccd 3e0e9c6b 3eba0abd bedbd2e3 3efd6edf bf5cc1d8 3f67a7e1 bf5763e2 bcdda061 3e4d84de bf3055b1 3f0bc185 3ef436f3 bf6af9f1 3ef14ee9 3e51fcc0 3f26eda2 bf16798d beb5faa4 3f79ea0b bf4e59d3 3ec9e6a9 3f0d0585 bf0ad38d 3eb1a2b7 3e2cd4a7 3ea7c696 3daf9901 3ee27ad1 3e916a58 3f4fb3cd bf4989bb 3ce3a184 3e3acc86 bf7e441f 3e58acc8 bf3973b0 3f27459b bf05df83 3f4bd1c5 bf6e15e5 3f7f7628 bf13079d 3d59d158 bf2dd19b 3f7abc00 bf5c4fe1 3f6407d9 bf3717b6 be9d7a92 3f5729d0 bbe58648 bddef8b3 bf6c1de4 3ebb46ad bf274bac be5ae4d9 bf5293d5 3f06f97c 3f2fcb9d 3f0b5f8d 3ee26aed be732ce6 bf2ce7a6 3f2e65a0 3f10c377 3e2e749d be095cad 3f319fab bf698de3 3f514fd3 3eea4af9 bf43e5bd 3f4947c7 bf06558f 3ee1e6da bf5ea7d7 3f32e1ad bf36e5aa 3efc7afe 3e489ca6 bf0fc589 be97aa9f 3f00d174 bf4bc1cb 3efeaee9 3e31847e 3eab6aae bf24a791 bf102d92 bf398fb3 3f2c3ba3 
3f222d97 bf05b78f 3f6571e0 bf7da623 be7164c8 bea99681 3e37a4a1 bf79ee12 3f35cfa6 bf7d4011 3f4883b9 be4364c9 befe3703 3f6b13f3 bf244b97 3efdd2e7 3e8cde85 bf7cc412 3f39a5bc bf66ebe7 3f3299a3 bf0c657e be935aa1 3f55b9c6 bf211796 bef9b6ee 3dfb988b 3f389faf bf329db0 bd023067 bdb67928 3ed396ba bf4b3dce 3f5ed7db bf5b27d5 bf148587 3f31f5b0 beacf2a5 bf09df8b bf656de2 3ef032ed bf3ec9b1 3ea096ae bee0c2e1 be86468b 3dba7820 3f7169ed bf4f63c8 3eadfecd 39b8148d bceee1cd bf4fc3bc 3e86268b 3f568db7 bf346bb8 3f4aa5c0 bf3963b9 be603cbd bf38adb6 3f0b9579 be178c9e be6e4cd7 3e197c81 3c9ca02e 3f427dc0 bf6b43f3 3f468fba 3d3a4f84 3d85283e 3e04745b 3eb66ac6 bf6edbe2 3f770204 bef3b2f7 3f21cb99 bdacd919 3f090f82 bf7cc611 3f50d1bd bf7cfc10 bdca08e9 3f467dc4 be9cbe83 bed53ac1 bf5899db 3ec81acb bee70acf 3e4184db bee7a6cc bf0f5187 3f62a9e0 bf18f5a1 bf216b9e bdc8785d 3f3579b8 3e5574e6 3ef102e9 bf166590 3edd7ee2 bf3a67b9 be3114b9 bef5aef2 3f701df2 bf51b5d3 3e88baa3 bf475bba 3f44f5bb 3eb3b6a9 3f6a3df0 3f4861c7 bf74f802 3ea9269f bf3489a4 3ea00eb0 bee4aec9 3e87927e bf6f5bfb 3f3357a8 bf743000 becc82bd 3ec2bac3 bf0ff985 3f068d76 bf2785ab 3e585cc6 bebeeeb8 bf11e58b 3f15b18d 3e2ff47c bebd9ac3 bf2d27a8 be80fa94 3eabaaa3 bf50f1cf 3f7ea628 be3f2c75 bf15cf98 bf4227c0 3e341cc8 3e347c97 bf1ce795 bf1af395 3e64a4fb 3e77bcd7 3e7074c4 bf2351a1 bf7c220e 3ed74ec3 bef5e6f9 3e2974d2 bf5e77da 3edde6c7 be866a5c 3f2969a5 bf5ef5df beae6ea8 bf14c593 bdd6f933 be918e93 3f055b7e 3ee222d9 be8d7279 bf14798b bf211f99 3f2adfa9 bf1f5d96 beaf42b8 3edbf6d6 bf2ed3a9 3f5783d6 bf6daffd 3f3ed7b2 3ea0caa2 beae82a8 3f6e87f4 bf541dc4 3ec4aec5 bde0688a be440492 bf26bf9c 3f0f5d8e beec16de 3f2f6ba4 beebd6fd b987a248 3d13511a bf6007eb 3f03757c 3ec626b5 bf7e6ffd 3f42ebd2 bf7415f7 bcfe60c2 bf1adb91 bdc2c8c3 3e015c83 3f3e89b2 bec936c4 3ed76ae7 3f4575b3 be4c64d9 3eb31a93 bf3aa1b6 3ea9f29b 3d838858 bebf92b2 3e82f66a 3cb6df81 3f575bda bf7f4e1b 3f02af84 bf42ffc6 3f5335cb be047421 bf23efa1 bd639203 3eacce9f 3f2de5a7 3f00ad75 bebec2b0 3f6579e4 3f123191 be514cf4 bf5205d5 bf0c1180 bf1fbd9c 3f405bb9 be953e93 3e6a14e1 bf796202 3e3144a2 bf246fab 3f0a9b7a be9b4e90 bf452bb3 3d37d136 bd6cb151 bea7e6a1 beecb2f9 3f3c33b2 be6634bb 3f16c799 bf3f39b3 3e9db6ac bf169f90 3f3f07b3 3f22c19a be8aaa86 3ede4abd bdc83920 bf15778d 3e7ae4c5 3e9f4695 3f6ce7eb 3f0a658c bf212d99 
3e892671 bf0a6981 be0c746d 3ebc7a97 3f6841e2 bf0c4f87 3f6ca9f0 be211c94 3f63fdd9 beffa708 3eccf2b7 be9b529b 3eea36df bd54508a bec2caa5 3c32437f bf013f6a 3ef1d6e5 3c5dc00c bebf0eb7 3f293fa5 bf0e1987 3f6ad9e2 bf7a2e13 3eb67aad 3f6cf3f3 bf5cfde3 3efa06fd bf1a9589 3ee68adb 3f046b7b bf5b2de2 3f5837d5 bf2ba5a9 3f61b7e1 3eb06ea4 bf150d8d 3eee02cd 3e802a86 3f4c99c0 bbe486e3 bcf39fcb 3f06fd82 3c7bc366 3e8936a4 bd4d71b3 bf3b49a7 3f101d93 3ea6ce9b bebae2bc 3eb002a4 3efd22e1 bed686e3 bf15c98f 3ee9ab08 beb43eb0 bdb4190c 3f5f97e6 bec1dab8 3f64d5ef bf5443c9 3f42fdb7 becf22ba 3f0ef792 bf1c7992 3f342dab bf4af9be 3f00b36f bf672df8 3e3dcca4 be948e8c 3f05118a bf4d17ba 3da4292e 3e7f84bc bf6439ee 3f10f77c 3e212c91 be203ca9 3f3595a6 3f17b58d bf74a1f3 3f043178 3f08377c 3f123f9b bf095188 3f34f7ab bf328bb0 3f4487b7 3ed1c6bd bf5e9bd5 3f1e139a 3f7261f1 bf3b65bd beb0daaf bf2293a1 be1f4ca9 bde6b8ee 3f178f84 bdbfa8e7 3f6741ea bf53cbcf 3f2b399e bea1e2b5 3f260fad 3db178ca 3e994283 bf709ff0 bef12ae2 bf6e3bfb 3f53f7c7 bbae7bda 3e8d2278 3d6b10cc be45ccac 3f63e3ec bf4277b6 3f5d65e0 3e66a4d8 3f134597 be900286 be95668e 3ef0fef2 3e802276 3ee06ef3 bed9b6df 3f5f2bd8 bf07c17a bedb06d1 3f629dd9 3e3ddc97 3e87ce7f beb33ab1 3f3459a4 bf6625df 3ea6be98 3efa1ad5 3f41e9ba be2a9cc9 bef31aff 3f1cd999 3eadde97 3e04548d bf09e98b 3dd638af 3f1d8f88 3f4245bc be0a14b1 3f1e9199 bf4893ba 3f75ca02 3ebcb29b 3ce7dfe5 bf359fb3 3f6533d9 3e7a14c6 3f51b5c9 be3904f0 3f065183 bda25869 bf3ca3b6 3ea2ca83 3ee802ec 3f40d1b9 bf36c7b5 3ef46704 3f4ebdcb bf3ef7bf 3f711a05 bf3dadb5 3f751bfd bf637de6 be4234c8 bdd27895 beb1aab2 be0c4475 3d73d16c 3d34b01f 3f248d90 3e62a4d7 bf27a9a1 3ebf66cb 3db938bd bf014388 3f14b793 bdf7c91c 3f2e5da7 be8bf275 bf042f7e 3f3eadb9 bf4717c1 3f3bdda3 3f5f81da bf0bd37f 3f4af7bf bf571dd6 bea58e9f 3ecdd6c9 bf722ffa 3d958849 bf15c786 3ec156ae 3ed2ded5 bf3899b4 3f4bc7b8 bf472dd1 3f49c7d0 bf23dd9d bedc2ad9 3ea5628d 3f32aba2 bef87b00 3d840830 3e006cb0 3e3024ad 3f031d7a bf4251c1 bf1bf198 bf20e9a1 3eacda9c bf608de1 be3ba4a2 beb25e96 3f694ff9 3f1de99b 3f132f8b bf636bf0 3f0ab989 3b0d06c2 3d4e70f0 3f66e9dc be2f44dd bee8a2ec 3f5141cb 3effb6fd bd2630ef 3f13c98c 3eaebeaf 3ea4c69d be3924e9 bf2b15a6 3b04ff46 3f226394 3d1d6fba 3e65c487 befdaaf3 bf7c9e1c 3db348b7 bf24e5a8 3f7767fa befe56d6 3ec14ea5 bf28e7a7 bf3ee7b3 bec51ece 3ddef8f6 
3da0c8ac 3e2664a9 3eba96bf bf01eb7c bf0a7d7c 3eca8eb5 bf767c09 3d99d8c3 bf577dd3 3e8fae81 be822a8b 3d425060 beb1feae befdf70a 3f5e2fd5 3dfbb8dd be6744bb 3f5817d7 bf6599e5 3f5cafdb bf04b57d 3dc0e85b be15b4cc 3e75ed24 be272480 be7d64f4 bc08bdc1 3d9a587b 3e993a88 be06a4c3 bf03eb77 bd01efb3 3f230395 bf2b51a5 beb7f2bf 3e16dc43 bed5aeb4 3f0fdd8d bf7d0e19 3d8ac854 bf3d63a6 3f5111cf bf59b7e8 bf03c375 3f5471de bf605bd9 3f7fb834 beebb2d5 bf6f63f1 3f4a55d1 bf7d8c1f 3f015b77 be05848c 3f412dbb bf39a3be 3f4023a6 bf07498c 3e7f2cf4 be5cb4f8 bf1d4791 bc733f2a 3eb936aa bf2ae39e 3d9548e2 bf2fb3b3 3f250da3 be4f84d3 3c49c356 3f2e9399 3de98933 3c6fc3fa bb2f02f7 3f2221a4 be6ca4c7 3dc1d8c5 3f160592 bf7c421d 3f4465b9 bf6327d9 be0334b3 bf6445f0 3f3777ba bf077f8e bec322b0 bf205391 3f6ef1f1 bf7fea2b 3f6999dc bf733a01 3ebfaab7 bd90e899 bea17ea9 bf311ba5 3f324dac 3f4013ba 3e2ad4aa 3f615bdb bf075981 3b170185 bf2a3b98 bcd1e120 3f148b93 bf49afc5 3e2ecca0 bf160b88 be655ced bea38283 3f2c67a5 3f1a778c 3ede46c1 bb5b00b5 bf5b07d5 3ef006e6 bd0a7078 bf0c737f 3e823690 be1c448c be69ccd5 bf6857e7 3e178cb4 3c1ec1ad 3f0ff79c bf356da7 be755cbd bf2bf79b 3f4ffdcf bf6eabec 3f7f4624 bf1c358b bd59f0c9 bf48a3ce 3f5431c5 bf760201 3f5a33cc befcf6e3 3ef49afa bf493fba bf0a6178 3dfdc8f0 3f3783b7 bf782c08 3f2b8f9e bf70d5fa 3f5691cc bef48eed bea502bd bf26e3a5 be41249b beb902c0 3f4d6dd2 bf4dbbc5 bf2a1f9a bebb5ebf 3f6a3be5 bf36fdb2 bee3cae6 beff4702 bd42d046 beb58ebf be9c968e 3ee922e9 3eb27a9d bf4f6bc5 bf196995 3f40d5be bf1aa992 bf16cf92 3ea23e97 beb73aba be4cb4dc be76ed0b 3ec60ab6 3f22419e bdb2188b 3f140f89 3eeccacc beaac29b 3dbe9925 bf42b3b4 be30449d 3f5c47de bece36e6 bf1f1f96 3f4f2bcd be8f6a91 bea9ca88 be783d0b 3eb246ad bedadacd 3f62abe6 beafaa96 be56bcd9 bf7c660a 3ecd42c1 be2f74db 3f34a7bf be56f4b5 3ed952ba 3df148bc 3f5c8dd5 bf25ef9a 3e510c7d beebeaeb 3f800000 bf7b0dfd 3f5d55d7 bf4035b5 3ecb52d3 3ef10f0a be4ec492 bf61e3e8 3f20d192 be1adc95 bed1a2b5 3ea44291 bf45cbbf 3f665fe4 3f77b605 be114c68 3f58d1ca bda768bb 3e895276 3ef2dee5 bf4445c8 bf0f5f92 bf06cd7b 3f4879d2 bf042581 bdb18867 3d8ef8b6 bf761804 3f0acd7b 3e18b474 bf75edf9 3dee98a6 bf3d9fbf bf06e37d bea6669e bf122d99 3ea6ee91 3f5bf5d8 bec10abc be901a74 bed9d6d6 be0a5c85 3f339bb3 3f11cd85 3f6801ec be961294 be1e04c4 beefceed 3f38adad ba8a00a1 3f176793 3f1f8394 be9bd288 
beb08eb8 3ea2a691 bf06a988 3f2e89ac bec196bc 3f0ef98c 3e302c9d 3f3e9baa bdec08ed 3f1bed90 be5dd4f8 3e3d0ca7 3f29d3a6 3e92ba93 bf4f79bd 3e50d4e1 beebf2ee 3d0070a5 bef95eef 3f143393 bf5bdbdb 3f0c8b82 bd3ad059 bf000372 3f6b7de5 bf6babf2 3f691fe0 bf63bdf1 3f133d93 bf0e7f91 3f46b3bc 3e8d6289 bf78560e 3f6605df 3cf75f72 3e652cfd bdc39875 3da9986e 3c044073 3f6771ea bee532f8 be789ce1 3f3cc7b0 3ede82cd bf600be7 3f7329e8 bf7f8624 3f2e3da2 3f07917d 3e3224af 3dcec8a8 bd0ff096 bf38b9b0 3f3f1db9 bf5df1ed 3f3c73ae bebedaa9 be82725a 3e00047e 3f55ebd0 3adde4aa be5b74e0 3efd06e9 3e85866e 3f50f7c1 bf6875f4 3eed0ebc be96fa85 bf0d118f 3ea3d68f bf68c3e5 3ef76af9 bf6b29ea 3f2efda4 bf7f1a21 3edb66cd 3ef67adf bf3747bc 3f59bdd2 3f15679f 3d880844 3ec68ac0 bc996049 3f20e997 bcd86132 bebc62a3 3ece6ece be535c73 3eb88ec5 bf297fab 3ef57ee8 3f3b8bad beadee99 bea43e9b bf0e9b8a bf75860f 3e1eb484 bf10d37d 3f5799de 3e5d550a be8bea84 be0d6c8b 3e7bbcca 3f20498d bd70912a 3f76c209 bf13db92 3e73ecb6 bf761a04 bb947e70 beb27abe 3f50d9c1 bef22f00 be4284bd 3f6b71fa bf2e799b 3e57bcde 3f17a994 3e8b268e 3ea7caa2 bf4c07be 3ec3fec7 be2e74e2 3f5a11d4 3e290489 bf000d88 3ed7badb bf5285d3 3f12198a 3f5aa5d6 bf47ffc1 3f208192 beda1f06 3ec456c2 bf4c87c9 3f4a5bbe be8aba8f 3f5a1dcc bed6fad0 be28349d 3e803676 bec4eac6 3e6ea4de 3eb21a9f be94c29b 3f2a299b 3dc4f837 3f6619e1 bf1db997 3e06d486 3e07646e 3f4a83c7 3f1bdb9d bf43e1c6 3efeb2f9 3e04846e 3f518bcb bec1c2a7 3f2f83a5 3dc648c2 3e3804c3 bf5ad5cf 3f4f21ce 3f1b3b9a bf4dc9c4 3f3971b3 3e639cae 3c103fac 3db6d8a6 3f080382 3e908e6e bf3bf1b6 3d95786c bf78b608 bcf86248 bf7867fd 3f4617be bf1b8b8b 3f7d2c1c 3de8086f bf76c008 3f08db7a 3f5cffd6 bf53a9d3 be7384cf 3f7fc830 bf4e6dd4 3f3b69a9 be5ffcde bf6f23f3 3f07f584 3e4e14d7 3f1ce79a 3de1c91d bf38e7b4 3da07881 be19948d be724cdb be9af66c bf3515b7 3f71a800 3d79d1b1 be71fce6 bf1f9b93 3de4d906 3f1b1d9b bf6a2bdb 3f7a8c10 bf4fbdc7 3d66f12f 3f763bf9 bf5029d1 3f4d91c7 bf21199f 3f3dbba8 bdde2946 bf739c07 be5234d1 bf6d17e7 3e262476 bf5f71dd 3f3995bd bf3019ac 3ecf46c9 3f2d71a3 bc3b4132 3e272486 bebb0ac1 3f1d8b93 bdf8a94c 3f3205b1 bf5987e3 3f4959bc be41349e 3edce2e4 3f603bdf 3f031779 3ed492c4 3f1be193 bf18bf85 bf14ab95 3f000577 be6f94c4 3f5dd1d5 3cbb203e bf2d3599 bf1e5d89 bf451fba 3b0900cd 3e81f274 3f3cf3c2 bf72b7e6 be357c85 3e3e54b7 bf773400 3e93a28a 
be139499 bdaf7842 be1f448c 3e2eb48d 3d948835 bdbe690b bf7073f1 3e361ce5 bf00696d 3d9ef8ef bf089b8f 3e59ecab bf7c640a be19dcb9 3f20ad99 beb9b2c2 3f3085a2 bd2f9118 3e23d49a 3e827690 bd6ad09e 3f301dad bf49e7cb 3f642fe0 bf547fd3 3e877e96 3eff8b05 be736cde 3cc560b9 bc55c01a be95e6a6 beb6428e 3ea4a2a6 3e6fe4d2 bf6477ee 3ece8ac0 bef392d5 3f37c1b9 bf4797c7 be86066e 3f21679c 3e26a4d2 bf78aa04 3e67bca4 3e09447c be92c697 3eda3ab4 bed9a6b8 be967e9e bf7bd21a 3f0d7784 3dda88eb 3eda26ce bf40b9c2 3f6de5fb bf790400 3f07fd85 3ec11eca be0eccb0 bf60d5de 3e67e4da bebfeac6 be2184aa bee956ce bf063d76 3f08577f be9506ab 3f371db5 bed54ad8 3ece2ad4 3e8b4e73 3f51f5c9 bf5afdd0 3f79cc06 3d3830fb bdbc3890 beb6e6ba 3f1a8f99 bf754204 be1b3cc4 bf16a397 3e345c76 bf5dbddd 3d4d301d 3eea86c8 bf07698b 3f139981 bf7a5c09 3f3587ab 3f01fb81 bf24ad8b bf54abc9 3f3ecdb4 3e4574ba 3f15518b 3f58a5ca ba95f329 3ea1feac befa5ef2 bee93ad0 3f790e0a bf1d1f94 3ea0daa2 bf777201 bc483e8e bf29dda1 3eb58abd 3e8a129f be0e3492 3f69b5e7 bf20eb99 3f1c3f9b bf078189 3f1a4f91 bf3a17bf 3ea08ea7 3d18f09e beefdaf7 bf14eb95 3f27bf9b beb052a4 3f03c985 befc2706 bdd3389f be988ea3 3f087d86 be763513 3f34bdb8 beeb7ef3 bf76f80a 3f23e799 3e5fa513 bf3cebbe 3f4d4bcd bdac885a 3e13a454 bf4bd3c3 3f5e9bd2 bf5e25e5 3ea8faa7 3eafcece bd7370fc 3eb3929a bf4999be bc213dcd 3e8ce28d bf7803fd 3d39f0a2 3da7b8a6 3d571175 beb0fea9 be8ccea5 bf0ff784 be403cb7 3f018181 bf170b8d be022476 bebe82aa 3e68f4ff bf4843c2 bbc7825f 3f3b3bb3 bf7e1818 3f02e577 bf349ba9 3f2885aa bf5e6dd7 3ea31e83 bd1cd107 bf72ebfe 3eb4ee9b be66f4da 3f2669ab 3f4301c3 3f2a7fa5 3dc4e8a7 bcf66306 3ef1d2e2 bf775206 3daf68da 3f3aa3b4 bf28a3a9 bf4117b2 3f4e59cd 3e3bac83 bf1ea38f 3f0b9d8b bf3bddb4 3f173da3 3f31b19f bf464dcf 3e89e286 bf7a6a06 3f18cf94 bd4e717c 3f016784 bf07dd81 3f6a43f8 bdebf8f7 3ed81ecd bf33cdb6 bf25d78d 3f5ba9d9 3f3b25a1 be880274 bf0b9f8f 3f4a25d6 bf2c1396 bd9b38ac 3f07277a bf3b3bbe 3e846e7a bed93ed8 3f24459f bf72e7fc 3f1b8995 3f4e75c9 3e24acaf 3f443fc2 3e22bc4a 3e987a9f 3d4670b3 bf0edb86 3eb9dac3 bde5394f bf4609bf 3f0b9b87 bf0f618e 3f013981 bf781c0b 3ec39eab 3e890a78 bf5745da 3f56bfd5 bf5eabe8 bf6ba7ee beba26b0 bf214199 bec576b4 3f7f5a17 bf0b5b88 3f1c7595 bec972bb be91aa82 bf103786 3f7b740c 3ee146e5 3ec21aaa 3f1b6f98 bf1d7994 bf3679ab 3f7cec0a bd85f836 bd80b824 3ec086be 3f074f80 
3d44b129 3eaa6a7c 3e0f0461 bdf5c8dc bf22e59d 3f3c8fb3 3e5354a6 3ed256d5 be8f26a3 3e3074bb 3f0f8798 3ac9ebc1 3ee59ee5 3f5f95ec bf7e3a0c 3f2e69a1 bf2c31ad be2b14eb 3e95be86 bf4805be 3d9318b1 bf01097f bba18394 bc274232 3e1794d0 3e45bc9b bf6aa9ee bdfa1985 3f442bc8 bef572e7 3f17599b 3dc7592d bd35d0dc bee7eef2 3f26dd9c 3d3eaffe be15e456 be2e54b9 3eeb06c4 3dfe1903 bf5ad7d0 bd27f0c1 3f6b15fb bed0d2dc 3e6ebce6 bea5be99 3eff9aee bf0d3187 3f4b5dcd 3f7503fb bf181b83 bedbf6cf 3e282480 3e6e54c8 be896281 3efce6dd bf02537f 3e172ca2 bee002d7 3f763ffa be23dcab 3ec066b6 3f1f219a be497cac 3eec86d1 3bf87e81 bef266bc bdfa48d5 3ebe8ab7 be9b2a77 be8bee89 bf746001 3f667ddc bf6003d9 bec842b8 3f2bd19d bf7f5825 3f6561e7 be7e9d1b 3f4427b9 3d81e82e 3e21845e 3f7b3a0f bf165188 bdc108d7 bca51f87 3eb3bea5 3eac22a1 bed482de bf783e01 3f7d5817 3f068987 bf1ae3a3 bddb88b0 bf564dd7 bea7c6bc be6e9cf9 bea0faa8 3f46adbf bedc96db be7f3553 bd3710e8 3ed52eec 3e912a92 3f1da3a5 bd8d789c 3e0dd468 bf6431e8 3f60dfe4 bf75d609 3ea356a6 bf048b76 3da568a9 3e915e88 bf07bf7f 3f52f7d4 bf30ddb1 3f0a137e 3ecc0aca bf4acdcf 3f2f67a4 bf3f9dc1 3f3445a5 bf20a7a3 3efbd6f8 bf59dfdd 3f07bd8f bf4d2fc2 3eaec6a9 3f3ba5ad be047cbc bf49d7be 3f721002 bf010f79 bf6259de 3f74b5f3 bec5b295 bf04d379 3f6cffed beabf28d bdf7d8e1 bf3e8db7 3f11937c be6214fe 3f6b93e6 bf650dde 3f765004 bc76bfd8 bf032586 3f49f7cb beed6ae2 3f037f78 3d9b08df 3f47b5c1 beea2ef2 be87feac 3f74e9fb bf1fd3ae 3f23219b be228cc5 3f23fb9d bf0b6f85 3f22cfa8 bf15ab93 3f1c8995 be7dad18 bdf208df 3ed7c2ca bea9e2b3 3f4445bd bc4bc01e 3eb19eb3 bf6071d3 bf4147b3 bf6a23ed 3edd7adf bf0fcd96 be3e24e0 3f22b594 be0254b3 bededad9 3f4f43bf 3eaf1aa3 bf41edaa 3e9b1687 bef7caff 3f74bbfe bf53a7c7 3e281ccf bf447bcb 3f484fcc 3e0be4b2 be373ca5 3f04678d bf662bdf 3f2df5a2 be857269 bf553fd3 3f0fb585 bedb7ad0 3f6c93e8 3ed9d6b1 bf6f1ffc bf3199ab 3e8f1294 3e7d7cf6 beaa06b3 3ee832eb 3e1eccc3 bcae5fd5 bde158bf 3e5b4cc5 3e86729b bf167d7f 3f4bf3cd bf6135db bef3d2f7 bf0f4f94 be12b4a2 bec1decb be9eae93 3d25b058 3f1d13a3 bd16f022 bf3ea1bb 3f6949f5 3d7d50bc bdf2e916 3e2a3498 3c8fa03c 3ed9bed1 bf359db8 3f706ff1 bf7ebe23 3f7391e5 3f5027d1 3f0ffb8e 3eb656ab 3e2a9ccc bf67e1f5 3f61c5d9 bf4a35c1 bde22908 3f7b0612 be9c6a89 be2f84e3 bf26cf99 bd54902c bf3d6fb4 3f29a5ad 3ee726ca bf28d79e 3eb7eec8 be68bcfe be5044de bf09fb90 
beefeee0 3eb7769d bf7083fb 3f349daa 3ed3bebb bf4d45c7 3eb576c0 bf610fd9 3f6fedf4 be8e7a82 bf2c359e 3e8df27c bf1ff79d bf5655be 3f5853e0 bf6149e5 3f7cd61b bf213ba1 3f2acda6 bddd78c1 3f472bc7 3e5a2cf9 3e1214a2 3e7114cf bf22bb92 3ee4bad4 3ef15aea 3ef652f4 bf0bcb96 beabaa8b 3e7aecbc bf6a45f4 3f6c65f3 bdca38c6 bf30cfa6 3f6147db bf6d85fe 3f5b37cd bf7b201d 3f6793df bc921f64 3f2b3ba5 bf5a6fd6 beb2d6a3 3f6a69f0 bf4c2fd8 3e91d698 3e0ca488 bee5b2e8 bf6721de 3e930a93 3f5aa7d9 bf3e7bb7 3ef92f00 bf6479e7 3f5039d2 be8bca76 becdb2d2 3f670bf1 bf6dfdeb 3d86a7fe beda0ed2 bf5625c9 3f5a4be6 bf759001 3f4e45d3 beab6a93 3f202fa4 bf7bd40a 3f35a3ba be1d84a0 3f4ce3c5 bcfd2161 bd2010c7 3f3639af be845686 3f5773ca bf116386 be90367a 3d062fff beb37aac be758ce6 bf112986 3e6e44d5 3f10bf80 bee3aed6 be8b7e80 bee516e0 3f1c039e 3f70ebed bf739df7 be80ee76 3e3e64cb 3e9f4a8b 3ee616cf 3f0da77f be6b6d35 3f07a57c bf4633c9 3f46a5b1 bd56d01b 3ea726ab bf1ccb97 bf01017c 3e21fc92 bf1d8f9c 3f4f5fc9 3dc4b879 beadbea8 3e2dd4c4 3f0d0d85 bdfb0953 3f0a9775 bf49dbc1 3f6eba01 bf7107fa 3eebf2dc 3d524fbc bf1d2f96 3f7ecc1c bf7cba0e 3f639de3 bf1b759d 3f5fcdd9 3c734045 3e9e4e94 3dab98d1 3d02cf99 3ed1e2b8 bf53c1c9 3e2c24e9 3ef41af2 bf23599a 3f31dfb5 3e98828f bd15f0c5 3d85989a 3f0c2380 bf1a9398 becd8ace 3f6fcff3 bc1dbceb 3ea50eb2 beee72df beafeeb6 3f1ea796 bf7889f9 3f6445e7 bf3421a9 3ebc26a9 bf08ed7e 3f33ffb2 bf380fb1 bf26e59d 3f4ba7be bf21e7a9 3f28b1a3 bf6bedef 3f4773c1 bf412fc9 3e58e4c1 befdb2fc be04cc8f 3f5dcbcf bf720c00 3f203794 3d7fd0d6 be6124c8 3d3c11a0 bd87488d bf33a5a8 bd8f48a9 3f6599de 3f24b1a3 3f3031a7 3e1cfc74 be4324f2 3f63add1 bf79e408 3f532dc1 bf3889b9 3db2589e bf28b9a1 3f7f4e24 beb196b9 3dd5c8c4 bf0a5f7e 3f4721ba 3d91385b 3ed912bd bf7b961d 3e433cc1 3e79e4f0 bed4aeb3 3f1645a0 bf6e7bfd 3f3103b5 3f0c2b87 bf2147a0 3d8028cf bf6c11f3 3e1e949f 3ef66ef4 3f4ef3c5 bf077385 3edbc2fa bedc12c5 be2a34ad 3dcd58e9 bf538dc8 3f6a3ff6 beda7ee3 bddaa900 3dd1794a 3d94386b 3eea0eeb 3f1ab59b 3f3291b1 bf116d9a 3f6aa1e6 be84ee83 3f000377 bf6c0bf7 3cf020df 3f56a7d3 beaffea5 bf789803 3f2285a5 beacba99 3eb52ead bf441bb5 3f46fbc1 bf313db3 3f3157b4 bf2935ab bf5f75e2 bee09ee5 bf0c4193 3f6e3bfe bed8f6c7 3de24925 3e1aec9c 3f11677b bf6829e9 3df738ab 3ef23ad3 be94b291 3f48a9c1 bd0cd0a7 bf02638d 3f10a991 bf4415b6 3e2424c4 3d4af126 3f01657f 3eaf26a6 
3bc4826f bcce60b7 3f50b1d9 bf4f4fcf 3e895671 be88ea73 3f098978 be6c9d27 beb482a6 3d3990a9 3e22b48c 3dc1c8c7 3f26a99f 3e85e28a 3e473ccc bcb76053 bb8d8117 3da4687d bec00ab3 3c60441c bf786607 bc9d601b bf194d8a 3ebbfa9f bdcb4829 bd4db01a bedc1ab7 bf32cbb5 3f106d80 bc713ad6 3f4d9fd3 be02946b bf3bafa9 3f2a87a1 bdeb58da bef0d2f1 3eb942a5 3eb746af bedac6c8 be82c691 be326c5e bf3c6bbd 3f4dcbcc 3f140d93 bf7cae17 3f0ffd9b 3e0accdd bf2cf5a5 3f780208 bdba68aa 3ee346d6 bf3dd9b3 3c9d61a5 3eaffab4 3eee32ea bf710bf6 3f33cda8 3e32b45a beeb72e2 3e620d06 3e3c84a7 3f581bda bde3c8ab bd211027 3e92169e bf69b1f5 3f2d89a7 bf109588 3f715bff bf2db1b7 3f14b57b bf619de5 bec47ab6 3ed992e6 bf0e898b bf08ab7e be82fa81 be4fd4d4 3f7c0414 bf640fd9 3f6a7ff6 beb5feb8 3f54f7c9 bf1c2d92 bdd888d2 3e5624ca 3f2ea79f 3c931e67 bedc76d5 bf3adfb3 3e8cc296 3f74de03 bf57e1ca 3ee3b6e8 bf05117f bf033f77 3eee1ef5 bed246ba 3edf3ae1 bf57f7e7 3edbcee0 bf4a55c5 3f5f73d7 3f23cfa7 bf145996 3edf82cb bf1d8b93 becba2c1 3f6173e7 bf31d19f be1a1c87 3d43b195 bf3517b9 3f5797cf bf5b33cf 3f3b65b1 beb2aec4 be18cc8c 3ebb26b1 bf33fda7 3f553fd7 bf4285c3 3e766d03 bf43e7b1 bf388bac 3ee0fac3 bf6ec5ec 3f4a03c7 bf7adc11 3f62dbdf bf4637bf 3f634de7 bf60c3d7 3e6c8cf4 bef3bed1 bf0f777e 3e871e9e befdbf00 3e978abb 3f3fbbbe bf7fb828 bdc9392a bee01ac5 3f24ef8f bdead8ec bb8a7afc 3d2e9071 bd8d8877 be19e455 3ef8ceee beb8c2b7 bec10ea7 3f45cdc7 3dbd58e9 be884682 3eea1ee6 bf4ff5c6 3f60a3ee bf33a7aa 3f0b618a be848276 3f5b8bdf bdacb919 bf6cabe8 3f6955ed bf547dd6 3d038fe5 3e32f4a6 be941281 3e8b6676 3ed432ad 3e1d9c5e bf5683e3 becf3ec7 bee58afb bf5189e4 3f620de6 bf7bda17 3e36aceb 3d898854 3de958c6 3ec3bad3 bce2e218 bf0ecb7e bd6dd0dd 3f4dc3cc bf01a37e be264ccb bf1f438a 3e9dde90 3ee88abc 3e87ea8c bf69f3e6 3f3a81b9 be827a88 3f22719b bee56add bf270395 3f7a4201 3da757e3 3f0fc186 bc3fbd22 bf7127f9 3ec2a6b1 bf3f1dba 3f4239c8 bf20f794 3f6c1fed bef606d3 3f6dfff3 bf1d7b97 beaade9a 3f53bfcb bf2e2ba1 3e91a6a7 bf7db217 bec06ec1 bec152b4 3ec0c6b8 bf0db387 3e6b2523 bf24cd99 3f3901b1 3e41d4ca bf67d5df 3eb75eaf 3f390bb1 bd33302c be88da7f be1b2cd8 3f470dcc bf6377e1 3f5073d5 bf3f23b4 3f4803b3 3ea6d68f 3f797008 be0f9c85 bf5d25d0 3f03ed87 be02f45e bed816d1 3dbc8876 be8f4a91 3f3f6fb3 bf417db8 3f2a4d98 bf7ea224 3f5e27d8 beb45ec2 bed7aada 3f4d43ca 3ef8aed5 bf1dab93 bf31dba9 3eb51e93 
3f3b0bba bf7fa42d 3ed2c6c5 bf3641aa 3f744802 bf36d3a5 3f155789 becf5edc 3f7a7009 bf1f21a6 3f6a7bd8 bf43b7b2 bef7dae1 3ddda889 bf25b1a3 3d95385b be947a81 3ebc16b7 bee322e2 3f7e861f 3e307ca5 3f08bb79 3e13fc9c 3e2f3c7f beb5eeb9 3f3469b3 be93f6a1 3f26e19f 3ec1e29e bf43a1c7 bf3cbfb8 3eec0ef0 3f260bad bf7d4e1a 3f237396 3e84068a be6c551c bf3cc7be 3f6ebdfe 3da968a2 3e5904f9 3f3f59bd bf6911f1 beb12eb2 3eb782ad 3e7b4529 bf1e0794 3f4d8dc5 bf7063ec 3f2b85aa bf55fdc9 3ee5c30b 3f29d59f bf62edde bc773f18 3f207f94 bf5aa7d6 3ec1eed0 bef7d6f9 3f2b319b bf062f85 bf5f33e4 3f44d9b3 bf4623d0 3f31efb9 3e0b8444 3dfb4919 bf18598e 3e1c94d2 beaea69c be1d2479 3eecaae3 3f4a57be bf4c75c8 3f59e3c8 3ee9a6cd 3ea29698 3ef762e5 bf791ff7 3f4eabcd bf02eb85 bde558f7 3eb10699 bf179595 3f671df7 bf70fdfb bee70edd 3ebfa28a bd43f04b 3f6da7f1 beb0a6ac bf4813c3 3f3c6bb2 bf5055cd 3f4c33c1 beffe6fe 3f23359b bf54b5d5 3f121585 3ec5eea1 befe3afb 3f761dfc bf5c57e7 bf3017ac 3ef392ef 3ea6d295 3e377cc0 3e5b0cf0 bec502ac 3e3834b7 3ed45eb4 be89be66 3f136d8c bd1430f8 beebaec7 3f5577dd bf3ed3bf 3f0eaf87 3da5e862 befdfafb 3f3465ae befcceff 3f33d5a1 3f1cd191 3f07c98c 3e6d0ce2 3e42ecf5 3db408f3 be440c9a 3f34ebab beff1af9 3e444cdf bccba1f1 3eb062b2 3e876e75 3f5fa9d9 becea2d8 3ed70ab4 be381c95 bf2fedb2 3f1c1b90 3f20dd96 3e8ffe87 bf4f85ca 3f165f92 bf21fd9c 3f729ffb bf70a5ff 3f76aa0c bf68d5ef 3f60edd6 bdf848c7 bed86aeb 3d93e8c3 bcb7208b bc1fc06a 3cb82031 3ebd129b bf31fda3 3f4fd5c9 bf502bc4 be806e6f 3e6054e2 3db948a7 3ec1869b be60850a 3f5623d7 bf55eddc 3f66b9f6 bf568dd3 3eb89eaa bebfd6c6 3f31fba8 bda9c876 3f456dbf 3f1a2d90 bf5a33cf 3f54bbbd 3e95e6a2 bf067d7d 3ea87684 bf29a9a3 3f10a174 3e0bb45e 3e30d4b3 bf530de0 3e947e89 3f5ed9d8 be950296 3e80aa79 bf3613ad bd092f62 3f5e29dd bf141588 be89968a be5724e7 3ec7d6c5 3dfdf8ec bf4c5fbf bdd9287e bec7f2ad 3e3aacbc 3ef79303 bdd0f850 3eafe2c6 bf2adbaa 3f345bb6 bf0e478f be74ec9c be8c1289 3f0b1784 be9c3e97 3ec28aab bf005977 3f3f19b8 3eab6e89 3f777c02 bede72de 3d0a1057 3e7f0d10 bec0429b 3f7ad81a bf3c2fae 3e8e4a86 3b76f4f5 3cdca008 becd2eb3 bef75306 3f305ba1 be972ea5 3cc2604b be708cb8 3f0eb796 bf6a0fe1 3f3527a9 bf76d009 bf5609d5 3f4e7ddd 3d5fd162 3eb75ab9 be88fe7e 3eaf0a97 3de3f8d4 3e77b519 be4e0cfa bf13e586 3f5f7bdb bf44b9c5 3e2a14e2 bdb318ba 3f40a9be bf58fdcf bf6783ee 3f6bc1fa 3f5bc7e5 bf74f5f2 
bf02177b 3f4cd5cd be6014eb 3f67f7f3 bf7271f9 3efed2f5 bf1e6589 3e95c2bc bf508dca 3e0d3c97 bf1d099f 3e8bc68b 3f6689ea bf12c79b 3f270d9d 3f4379ba bf2f8faf 3f2689ac be8e2eb0 bf1cbf8b bf0ead7e 3e8a3671 bf4241be 3e00fc5f 3e1b349d bf4333af 3f17139b bef396dd bf633de2 3f750def 3f54c3da bf738206 3e03cc95 3e0efc97 3d86884d bf6395e6 3f4a3bc4 3eaeee95 bf69b7e7 3e77a49c bf3ff7b9 be3d0cc5 3f3417a2 3e74c4a7 3dac885e bf135996 3e9b46a9 3c77c0f9 bd4c10ce bec90ed7 3f47cfc1 bf079786 bea206ad 3cb7606e 3f12f191 bee94af7 3f1a9597 bee8f2c8 3f4da7cd bf72b3fd 3f6c75ee be92769f 3ed5c6d9 beb9a696 3dd968b7 bf06fb81 3e008ca5 3edf92ce 3df54900 3e3e9cb0 3f00c17d bf3bb1ba be8eaa9e 3eb03abf bf3eddbe be950a9b beccb2b7 bf2fa3b3 3f5b5de0 bf6531e5 3f547fd7 bf04e17d be8ece81 3eedfedd bea7baaa 3f11cb85 3f2cd3a5 bf516ddb 3e9832a0 bf67abea 3f5363da beee3ad9 3f6591dc bf0d098e 3ef13ad2 3e15445e beaf2ac3 3ee08ace bde258a4 bef492e8 3ea5baa1 bed4cabb 3e243497 3f73e1f7 be9d827a bf4d3bc0 be833292 3f1d939b bf2e6d93 3f3c29b5 bf5cafd9 3f2ae7a5 bf7a2205 3f08718f be83c276 be70b4fc 3e67ccc3 beb986ba 3e1ffcca 3e96da82 bf3151c0 3e3b04bc bee1bed3 bf4ad5c7 bee34adb beaa3688 beba1aa6 3e858a6f be80065f be91da8e 3da438ca bf09217c 3f3f87b4 bf163584 bf53d1d7 bd0f10d6 bedcced9 3ea4568b beac6aa5 3f690fe6 bf3317b5 bf219fa1 bee4fae8 3f7e4c30 bf053179 3ed44ec1 bf5f55df 3f45a1af bea5eaaa beee16e3 3eea42dd bf138384 3f0a2783 3d27f105 bf150395 3f56e1cf bf5e63ce 3f058d85 be697c76 3e6134d9 3d951893 3f1bcb9f bf67a9f4 3f54f5d5 bf7da41f 3e32aca7 bed3daaf 3e7fece5 bde448d2 bada0489 3d7470ea bed1d6b6 3e961663 be10bc75 bf25339b be9d0e9b 3f2913b2 bf7e601f 3ea88e87 bf0b9389 3f5071c0 bf57e3cc 3f1dfd9c bf300ba7 bd5d90ee 3f74c5fd bf408bb1 be03d46f bef3a303 3f3d4fa4 bec372c5 3efa6af0 bf67ffe9 3ed4a2ad 3f17d38c bcb1e3c0 bf0d278d 3f3557ae 3efbb6e5 beeb16e5 3f7e821e bf714bf9 3f013d72 bf2cfd9f 3efb1ae1 3eca02b5 bf46cfbc 3e79bcd5 3f5ad9e1 bf175f97 3de498bb bc38c0ab be93ba7f 3ebf02b9 bf51fbd4 be5c74ba bf3d5bb2 bc6741a9 3f504fca bf63c1e8 3f48f9bd bf7cf40d 3df778d4 be5e24fb 3f1d0992 be798cf4 3e8e9aa6 3e4d24ac 3d59b108 bf0ca37e 3f627de3 bf69e7e9 3f40adbc bd5a9162 be5a44ca 3f46e1c3 3e9aca89 be812e68 bed192be beff32f9 3edbbae1 becfb6de 3d9618da bf3a15bb 3f1ff592 3eb702ab bf2689aa 3f73cdfd bec1b2c6 3e19d470 bf2de5a7 3f2f21ad 3f5fede8 bf2bd7a5 bf702fed 3f598de2 
bcb12085 beb79e7d be49ac87 bf565fd5 3ef63ef4 3f14417e bf0ced7f 3f5277d1 bdf5a985 3f55bfd0 bd58514a 3d4610f9 bf3bb3a5 3f29679d bf6c9ff8 bf180796 3eefaaee bf4c01c4 3f0e1988 3f5f65d4 bef692f3 3f3c71b0 beec12cc 3f4e03be bee562d2 3f1f57ab bee906e1 3e7ecced 3f52c5c7 bf4ed5d0 be79f4d7 3db8a89e 3f118584 bf21c99c 3ed6d2c8 3eb34e98 bf107984 3bbe7aee 3ed63ac6 3c886094 3f124b83 3e7eacdd bf705bfd 3d8ad85e bee546e4 3f4685bd be177c80 bedfdad0 3f71a5f1 befdcb0f 3e97cea4 beab66ad 3f78d407 be1c2cad be33e4ba bf3115a2 3f2af9a5 bf22efaa 3ec726d3 bee9b6d5 3ea116ab bdb13919 bd98c8d9 3d73f173 3d065051 3eacbaa2 be9c2e95 bcab21bc beec8ef0 beb712bb 3d241051 bdfec8c2 3f37f7b2 bf07f381 3f6efbf7 bddd38fe 3f2de3a3 3e968674 3dc838ca 3e1da4bf bf06ef81 3f2623a5 3ee662da beadfeb1 be9b9675 be6964c9 be986e95 3e6474b6 3f561fcf bf721ffe 3f5c6dcf bf3f31b3 3d167004 bea8e6b1 3d545142 bf2c85a3 3e2144c3 3edc66c7 bf6ffbf1 3f4d15d2 be2efcbc be3a54ab 3ef6dede bf7a180f 3cdd60bb 3f5d63dd 3ef746f9 bf5d13e5 3ea84a81 3e1db499 bf0eaf83 3f68afec bf0c7180 3eeef70b 3e4214d4 be7094c5 3ed546db 3e14047d bf4cc5cb 3f1aa78f 3cae2031 3f262b9b be29bc9d 3f7ddc19 3e01e45d 3f7427fe bee50add 3f157587 be9b1a96 3e1c6c7f 3f294ba2 3e8afa7b bf75e004 3f731c0b 3ed5cad5 3f2011a5 bec62eb0 3f1a3b8b bf11bf8e be148cb6 3efda6d9 3f1bbb89 3eb58291 befa5ac3 bf12f188 3f14eb7e 3eef4ef2 bf751010 3f56dbca 3da738af bd07508b beb87ab6 3f01a371 bf24058c 3f658bed bf35d5c0 3e92a2a7 3e838a5f bf203195 3dd8b85e bebad2be bce5dee3 3f3dd1bb bf4e0dbf 3ed4cad6 3f5921e3 bf1d5593 3eaf9298 bec41ec7 3f169798 bec8d6d8 3f6adff9 bf64dbef 3ef176ea 3c9a2134 3eb2029f bead7aa5 3edbd2ca 3ec7fece bef37ad4 3f4907bf bec91ad0 3ea28a98 be83c678 3f2a31a7 bf31eba6 3d4bb0e3 3f58d3da beff4ae7 3e4b84f0 be75bcc6 3eff86ff bde4290c 3e83628a bf719603 3eedfada bd7f0fe8 befc9ada bf30c9b3 3f621fd9 bf26fdb1 bdf728e2 3f6e23fe bf7763f7 3ec742ab bf55f7d8 3f716ffc bdfbf934 bf5e5fdf 3f6a0dee bf39f1b0 3f76cdff bf5061da 3f125f7f 3f14738b be3674ae 3f6b1de9 bd8b28b5 bf3229aa 3ee0beef be156c89 3eaae6a1 3f3ba7ae be3cdccc bf27059c bd3530df 3e15149b bee192d4 3f184b8a bf4fa3d3 3f1aaf8e be4804f5 be7b64f7 bdc2b8e3 3e901a9d bf77abfb 3f036d7e bf126183 3f4dd5c5 3f41bdb8 bf6fcbfb 3f3891a9 3d6c90be 3e0ba460 3e3b4c95 bf5f2def 3f0c937a bf310ba1 3e59bcca 3d92b8a7 3e590cfc be55cd01 bf561fd9 3ee5d6e5 3f2893a1 be892a87 
3f28c997 be877689 3f4a4bbb 3f2b5197 bec31e92 bf3595af 3f099589 bf261f92 bdc8487a bf23959d be9b0e98 3f59fddb bf5811c2 3f1be79d 3ec46aa6 3e5534f5 3f3d79bf be0d5c80 bed732c5 bf3c79b5 3f2ea5b3 bee4c2e0 bc5c41c2 3e84a676 bf7001ee 3f338fb6 bec1baca 3e1d6c73 bf15618e 3f1a5999 bee61702 3f2713a7 bf6ca1ed 3f4cb1be bf57d5d6 3f2d41aa bf071f87 3f0ea381 bf3785c4 3ed4aac1 bf6b65fa 3ead7ea5 3eb2bea7 3ebda2b3 3e8e2697 bf6dac0f 3f3833aa bed0f6eb bf34b9b9 3f4155b2 bf64f1e7 3ef8b2d1 bf61c9d8 befc1708 3f73b604 3d0771b7 3e917aa0 bef88af1 3ed9fae6 3d3810ca be85aa83 bbb67ed8 bed8fed5 3f278b9f beaf8aa3 bdf4989c 3eefe2ed be5dacfc 3edc8eea 3f4911cb bf2dd9a7 3f5eb5dc bf70a7f7 3ecd56ce bf01bd79 be8d7688 3d0bb050 bf6f83f4 3e439cc9 bf0e8b84 3f7429ff bf5c83d6 bf634be8 3f4fcfc9 3d705038 3ed87ecb be27bca5 bebcd2bf be1ab433 3eb0ca9b bd95f817 be51ccca 3f39e9a1 be09dc8b 3e48448b 3f498db5 bee8c2dd 3d71306b 3e80ee8c 3e80de88 bf1c999d 3f5b97c6 bf728602 3f3ad3b0 3f034781 bf7d821e be917e8f 3edfceea 3f270b9b bf7f4630 3f5ebfc9 bf71e201 3f5089c5 bf6cebed 3cbe2166 3eada6c7 bf531dce 3e97a68e 3f44e9b8 bf2271a0 bed52ab3 bded08bb bf269bab 3e33ecec bf6d41f6 bef176fa 3e9e0ea1 bf3689bf 3f3d6bb8 befe6f11 bf3323b6 be82f25e 3f5f33e7 bf779bef be38ecb9 bf6773df 3f2beb96 bf7bb21b 3f778607 be582d12 bf40ffcb bdd518a7 bf1877a0 3ecf8ed8 3f774a04 bf2bb3a9 bf00f97d 3f6ae3e4 bf381daf bf048d77 3f723205 bec11aab 3e27444a be4744a4 bece3ecb 3f484bc1 bf4ce7c6 3ef09ad5 3d215149 3f6791ec bef76eea 3e55bd05 bf5fd7e5 3f7ad010 bed4e2c0 bf15f394 3d9af901 3f3dabb8 bf399fab bcb2df80 3e5f54eb bf5f23d5 3f435db1 bf080993 3f50f3cc bf7a5411 3f4e7fcc bf4ac7c1 3e0b2c85 bd3c107c bf49abcd 3e78cce5 3d7a315a 3d919846 bf097385 3d9be8d5 3f023f79 bf730dfb 3f0ca389 be0afc79 be7544d4 bea0b683 bbff8299 3e7c64ce bdb73882 3ea69ea6 3d393022 3ebcc6ad 3f050778 bf3433a8 3e2fec83 3ef6a2e1 bf7e0415 3f46d5c3 3f5f99ed bf72fffc 3f05f16d bed27abe 3dacb8d9 3ea2e689 bef6f2f0 be906297 3f31cdaa bf6cc5ed bca95f9c beb48eb3 bcbd215a bf0cb390 3f2b4fa6 bdb94872 bdf178e2 bf193d89 be36848a beb3d6b3 3f7721fb bd559118 3eb9faa8 bf21539f 3e01bc3e 3f27879e bf156d8c 3ef8e2fe be9bae9b 3f1faba6 bf0f3793 3f6ab1f1 bee06ee2 3e974eab bede22d3 bf6bb9f0 3f5503ca be8ce293 bf519fcf 3f4b4dbf bf4fd1c9 3f4e0fc2 3e1d1c98 be640c97 3eac4e85 be9f82a6 3c79c212 3df588d6 3f01a78e be91dea4 bdfa791d bf015575 
3f3ec1ab bf47bfbe be8b0686 bf73a001 3f4b6bc5 be954e9f 3f64cbe3 bf39edb3 3f4ef9d9 3f1c2d93 bed572d5 bc174392 3f10197c bf6a7de9 3ede26d0 bf563bcf bf5e91d6 3eeeb6e1 3f0cf186 3e79acdf bef866e8 bd89c867 3eb54287 bf2e2db5 3f714ff5 beb702ad bdadf802 3d9758d1 3ec252db bf21d793 3f6425d8 bf00a370 3e08948b 3e46c4c1 3e0e1cba bf4365bd 3f7a27f9 bf4fb7da 3f5969db bf2019a1 3f64a7e0 bf24cf95 3e1d2c9f bf4417bd 3dae78ab 3f1bfd8c bf4825c7 3f7131fb 3ef486ef bf3687af 3f6a57e9 bd6c70b8 3f208593 3f0a4587 bf18d78c bf2e5fab 3e3d7490 3db1a8bf 3d27b0b8 bef15aee 3f58cbcd bedeaee8 3f68dde1 bf5b37d9 bd8f885e 3eefd6f7 bf5d07d5 3f15e58e bf4f7fda be889a83 3cd0e2dc bea72e99 3ee7d2d2 bed7a6c5 3f697ff6 bf40c3b2 3f740207 bd530feb 3f2a3fa4 3ca55fd3 bf1dcb92 3f2c8bad 3f6bebef bee7cae1 bef22b01 3d1f4fd7 3e92f680 3e9e5a94 3ca6e258 bf3627b9 3f4e0bcb bf0b717d bca82134 be0e7c77 becd0ab2 3c9d20b1 bebb62b0 3eff66f9 bf43cdc5 3f038178 bf4817ce 3ec7beb1 3e4f5cb7 bd85885c bf7ddc18 3f4285c0 3ed21eca bf2babaa bf32d3ad 3f4fdfc2 3e115471 beb32ebf 3bbf7a7d 3f506dd5 beb4daab 3dd2e910 3f094d8e bea14e92 bf424bb5 3f4d23c2 3eb8169f 3e0f8ca2 3f2643a2 be6edcc6 3f13bd8d 3f27dfa7 be833a8d 3ea51e81 bf28959b 3f5be9e3 3e518499 3f076b86 bf010d81 3e9722ab 3f793209 be29247d 3efd82fa 3e27c48e bed55abc 3da618d8 3f6f73f8 bcfaa04d 3ef1c2e1 bec266b3 bf39f7ac 392fdceb 3f528dcb bf62d9ee 3f690bec bdf60925 bec72eb4 bed312bd 3f08df7f 3e0d4c9a 3e233c91 bf3da9c5 3f761004 bf189799 bebd86a5 bf1cb195 bb30fd29 3f517fd5 bec256cd 3dc338c9 bead6ebb 3f30cba2 beafbe8b bebbd6ab 3e86167f 3f3b23b5 bf69e5e9 3f44f7bd 3ea60a9f bf5f9fdf 3ebc46bb bf0aab84 3f6923ee bf76b1f9 3f6fb1fd be6904c7 3f62b7e9 be35a47d be78d4c8 be11a474 3f7699fd bf05d587 3ecefae4 bed646b1 3f36f3b3 bf4329bc 3f6b49f3 3eeea2f7 bf6e7fea 3f6745ed bf1b4187 3e93c690 bf7b6212 3e9ac689 be43dca7 be246493 3f3655b3 bf277f9a 3f5227c9 bf7cbc1d bf43ddc1 3f5655cd be1f34af be581497 3f43d5ba bf6455e2 3f7095fc 3ccfa119 bf051d7b 3f7adc04 beea46e4 3f75260b bf4e31b5 3f7361fb bee106db be288cb4 3ed8e6c5 3f110591 be4894af 3ed89eca bee722ee bf25b998 bdb778cb 3f71fa00 bf05e58c 3e4c34d1 bf68ede1 3f219f94 bd6b10b1 bf2aeb9e 3f21bfa1 bf569dcc 3e8c329b 3d5cd0ea 3d8f988c 3f71ebfb bf78ddfc 3f58edd4 bea41279 3f2679a5 bf26b9a0 3e16a497 bdc638cd befeeafd 3f5dcdd3 bf69a5f4 3f5571ca bf53e9db 3eec3af3 bf248ba5 3f73fbf2 bf2b9da9 
bf772013 3f36199f 3f431fba be0f2c99 3ed6a6af bead0ab0 bf3fbbb5 3f56c3ca bf4f35c6 beebeef8 3f2cbfaa bf5bb5cd 3f3ff1c4 be82ee5c 3ce1e1ec 3f534bdd 3f7daa26 bf4745bc beda3ee9 3dfad902 3e889285 3ea06aa7 bcf19f55 3e2f5cad bdbdc86d be7f6514 3da5b8eb 3f081b7d bf79c210 3f52b9d3 bf3c83b1 be6734a7 3f2af1a3 bf727a09 3f3023b1 3d9d7874 be5c9cb7 be41fc8a 3eaac6a7 bf26919d 3f4a99c9 bf30eda4 3f48c3c6 bd3c3119 3e083c71 3cbf5fc2 be791cef be3cd4ab bf7461fa 3f10798e bef0f2c9 bf292797 bdc898b0 bf5b89db 3f3e05bc 3ee85ecf 3ed56ae2 bf5a25d7 3f5a15db bed776da bf06c58e 3ed6beb3 bf74d404 3f71e3f9 be83d674 3f3441ad bf41f3bb 3f5bb5e7 3d1591aa 3e9abaa8 3ed5aac1 be9822bb 3ea6ba99 be189c75 be869691 3ee6c2ee bf3937b2 3ce32257 bf2e6b9f 3e63ecc9 3de1e8ef be2f64a3 bf761404 3db79888 3effdefa be5f7cc7 bee0eecd be621ccd 3e98b2b4 3efd26eb bf4df5d6 3f00cf76 3c89df8c be5f74fb 3f6049d6 bf79a7f6 3f51e5cc be0a04a7 bdf888f7 3e7894cf 3ef40acd 3c915ee2 bf623de5 3f164b97 3f49bfc7 bef992cc bd2c6fec 3f20978d 3f3b57b0 bf715004 bf071b8b 3f6497ec beaed2a4 bf4c85c0 3f3589b1 bf2d67a1 3d409165 3e10ac73 3f1c719e bf777e05 3e10e480 bf632de0 3e85d279 bf0ebb7f 3e5774aa bf4979c6 be0cf473 3f60d7de bf27f396 3d07f048 bedaa2d8 bf23fb9b 3f1ced90 bf3047af bedf56dd be0e2c98 bee69add be6de511 3e3bf491 bc2a3d29 bf52b3c8 be150cd6 be770d25 3ef89ef3 3e3f749c 3f29e38f bf370bb1 3ecab2b3 bf335db8 3f08838c 3dad48d3 3f31e1ae bf38d7ba befae2eb 3f09c57e 3e899e5b bf56d3d7 3f53e7c8 3e754ca5 3f1af797 3b550f14 bf5779c6 3f23d7a3 be4bc4e5 bb4305d9 3ee192c5 bed8ced4 3f2d6db1 bf04c387 bf0a0787 3f709e03 bf24c99e bee6cedb 3f239da0 3e34eca3 bda5c81d beaa469e 3f5a77db bf5857cc 3d5d1198 bf700bee 3f1c73a2 be627d01 3e94ba7d bf2b65a5 be95fa9c 3edf9ad9 befa72eb 3e93727d bea7da9a be5c84ae bf41a3bb 3f7f6a27 bf275bad be38d49c 3f150594 3ecae6d8 3e4b0ceb bf18fd94 3f5e5bdf bf52dfd7 bebe36c0 3ef936fd 3f2ba5a9 3e5cad03 3e000cba bf4705bc 3f27419e bf2491ab 3ec91ad4 bf32c1b2 3c8ae02f 3e145c9e befbaf02 3e4cb4a5 bf3f49b6 3f4c87c8 bf776803 3f0a2b87 bead66a8 befbbaff 3df838cb be40bc8f bdd0a8cd 3ddaa8c0 3f4c95c8 bdb4a911 bef466ea bef79ede 3f01eb6c 3f45bdbf beb4c29b be75b4b9 3ef33f07 3e43c4bc be623cdf 3eec6ee7 be4b548d bf2d0da8 3f2637a2 bf6cddf4 3f58a9d6 bf4011af bdb688ae 3ed3e6db 3e5dece3 bf354bb7 3f62f3dd bf13798c bdd3e887 3f5cb1dd bf771bfb 3f53c3cd be94ca8b bedf6eca 3f3371a1 
3f6dcdfd bf7ac20f 3d622f3d bed942c2 beb036b7 3f2bfba4 be1c8caf 3e4cac89 bc343d15 3e0534b0 3efdfb03 beb27684 be934283 3ec69ae3 be88568a bf4ec5c6 bf4a0bb3 3f4f55c4 3e4e64d8 bed83abd 3e2dccb3 bf3f65c7 be0e6c86 3e6fc4ef bef8e6e5 3ee00ec5 3dd3690a bf4b4bb6 3f774607 be95a29d 3e288c8c 3e8bfe98 3e916e98 becb56cf 3e9f1a95 bf3fc5c3 3f3225be bedfcede 3f0fd184 bf1c7b8c 3eeb76e0 bf7ca20d 3f745c02 bf755bfa 3ed93abd bf122f95 3f6069de be63dd0f 3f6f2c05 3ddc5910 bd8348aa 3f4b8db9 3d9f1875 3f6b35ef bf689ded be3bd4cc bf28058c 3f6155d7 bf76d20f 3f0cc18a 3f56f1d3 bf47c9cb 3f4841cb becd6ab2 be363468 bf296197 3f656fed bf425bbd bede0ad8 bd5d116c bd707153 bf2931a7 3f4449b9 bf5d93e0 3f04fd74 bec7c6b6 3f05bb85 3e669ccd bd2bafd8 3f2b93b8 bf796e08 3f700df5 bc985fac 3f39abb0 bea226c1 3e306c62 3ec64ead 3eb9cec6 bf4e5bc9 3db528a9 3f09d18b bf1e379d 3f3399b5 bf00c978 3e03b45d 3eea66f6 bdd868ee bf35edae 3f7d842b bf37d3aa beba2eb2 3d533092 3f4793bb bf155388 bf2eefa9 3e1f5494 beb39eaa bf3a5fb5 be96ea7d 3f5fe9df 3f2cb7aa bf7b880b 3ecdbaab 3f2f11a9 bf4aedd4 3f6d57f5 be983e8b bedc6af0 3eeb4ae9 be68149e 3f7e9421 be300ca9 3f3613c4 bf1ff18f 3f674bef be5094d4 3e801287 bf2c71a9 3ec42ad8 3e3b8cc0 bc9bdec4 3f7a2e1a bf2cc9a1 3f50ddd7 3ecba2c4 bda4d8f1 3f5dfdd6 be0ce4a2 3f057d7a bec15eb1 3f046977 3f39f7b7 bf102780 3ed1eacc bf73ee07 3e5ed4e3 bf215194 3f32a3ad bb090486 bed5e2b3 be6e24c0 bedf2ade 3f34a9aa 3ed446c0 bf170d97 bdf8e95d 3f07137f bf3ab7aa be9d3a9a bd6d10d4 bef67ee9 3f619be1 bf7b780e 3f4913c2 bf3acdac be0cd453 bd775133 be1d8c91 3f07ad89 3c891f6a bec27296 3e5f0cec 3ef616eb bf3abbb4 3eea0b02 bed44aaf 3ebbaac8 bf6c21f2 3f3989af 3e4ddcba 3ef726f1 bebe52c1 3da8888f 3dca3875 bc133f9d 3f7a7e15 bf38ffaf 3f3379af bed5dac9 3f41bfb5 be9c4ead 3f524fc9 bf5ee7d5 3ef6aae9 3e77f4e7 beac4e8b bf3ebbba 3d9eb821 3ebeaaa4 bf4b6bbe 3f6535e7 3f2d798d bf6a9df1 bf5a07d7 3efa4300 bf399daa 3f7c960c bee54ee2 3e522ce0 bdddb8f4 3f5d37d2 bebde2d8 3ea7c285 be564cd9 3f45cfca bf1cbb97 3f30dbac beae3ea8 3e071c72 3f210194 3efef6fa bf6af7f8 3f5329d0 bf01ed85 3ecbceab bf6799ee 3e3d54d6 3e984aae 3f4859ce bedd7ac6 bf6c8fee 3da708b9 3f0fff8f bf034594 bf146f88 3f410dbf bf4fc1d1 3eb696d3 3f0dfd88 bf33e7b5 3f6debef bf538bd3 3f119b8e 3e432cd5 bf01b776 bdc01843 3f2ecfab bedb7ed7 3da768da 3e8ad271 bf6e1def 3f762810 bf1c5995 3e4fa4e1 3ee49ee5 bf2ae1a8 
3f7c4c17 bf251b8e 3f1f9da4 3d9178de 3f136b86 bf7f802c 3f5d41d1 bf6049e8 3f3311aa bea9ceae bf4bc9c5 3f3497ba 3ed7d2c1 bf6451e7 3f6e93fa 3eebc2f2 3f10f18d bf7b3c12 3f4a17c8 bedc56bf 3ee4eeba 3ed1ced5 3ec556cb bde8494f 3c6b4286 3ebe02be bf1dc99f 3f2e31b2 bef182e3 bf2651a5 3f5ec1d4 bf557bcb bee3b6cb 3f3065a2 be855681 3ed62ae3 bdf928f0 be89d682 3efb3313 bf125588 3f61cfce 3d8a581b bebaf6b6 3cd1e1b7 3f4a73b7 bf3e55bd 3e1264b3 beae66a3 bf25318d beafb284 be8d4e84 3de78933 bf28ed9f bf111981 3f355bb5 3edaa6b9 bcdba15b 3e3bb476 3e5d3ceb be81427a bf751a05 3f2f2db1 be347c90 bed862c9 3f5e11d3 be3624c3 bdfbc8cf 3e215478 3f37f1b1 3dee68fc be8b6e79 3f7bfc14 bf3a31cb 3f16e587 3e81ea6a be544cf3 bf3189b7 3f2493a2 bf3661af bd26d0eb 3ec7b2b6 be61fcab bee19adb be8eae80 bf4fe7cb 3ed69edc beca62d1 bea59ea1 3f5c3fd3 bef98307 bd46300d 3eabfe9c bf70c207 3f28bb9b bf4a3bc9 3d427135 bf036f82 3f5707d5 bf3ca1bd 3de94895 3f6f0bf3 bf7a2408 3efeb6f2 beb772b1 3f73f3f8 3e879e74 3ee672d5 3f7a0806 bea68ea6 bf5b8fe1 beb64aa4 3ef5eef1 ba2c0ea7 bf3f51b4 3f5005d4 bf775bff 3f027b7e 3c7a41dd 3c46c139 bf1a13a3 3c71c118 bf6bbff8 3eac5eb8 3e229494 bf6d99df 3f0a2589 bd1d907d 3ed1fabb bf2343a6 3f3adbb9 bf4635c8 be8a8685 3e192ca1 bf5c7fe3 3d92a8b3 bf3111ac 3d84f8a6 bf4855c7 be800281 3f087f89 bf5a81e4 3ebb06b0 bf5cd3ea 3f44e5b1 be2ec49c 3f0fe98d 3e7fa51e be27d487 be05d484 3ef9bae5 3e622cc7 3e26ecc9 bf5007cd 3ea0fe8d be8fc68a 3f27e39e bed38ade 3f16cb93 3e87268b bef53b05 3f624de5 bf063187 3f2b83b9 bf0cf98b 3f5fbdde bcc91f43 3ef622d5 bec9decc be8b3a90 3ca2dfeb 3ebed6b5 bf3905b7 3f563fd7 be8d4286 bf05157d 3f05e789 be46349a 3f7e0c15 bf6ef3f7 3e8c5e97 bf2847a5 3f3917b7 bf4e93c3 3f4bd7c1 bf534be3 3c30c3bf bf067588 3ed25ad4 bf5fc7e3 3e7254d7 be941e89 3e504cfd be8d2278 3f1fb78d bf6903e7 3f06c792 3f2317a0 be1e7498 3ee956e1 be45c4cc bef92af8 bf301db2 3f658fe8 3f6dddf1 bf262fa5 3f050b84 bf140b97 3e544cfb bdaa986f 3c34bd07 bf0fe78c be982a81 3f39cdb1 bf6601ed 3d403064 3def18e4 bf20a3a1 3f368fc0 bf19a79b bf3cb5bb bd9f2866 3f05cb78 bd8038cf bd4cb094 be4244c5 3f4ec9c7 bf00ad72 3dc2c8ce bf7b380c 3e97f291 3f6031cb 3e05c452 bf22fd9a 3f45ddbb 3e128c60 be65d4ce 3ede6ad4 bf00cd7f 3ec61ac1 bf668fea 3f79aa09 bf69cff0 3f62a1dc bf63c9e2 3f2c21b2 be0c8c73 be162c86 bf249fa7 3f332bae be9f86b0 3f3a73b7 bf782806 3f5ca3d4 bf717600 3f210799 bf61abd9 
beab5a9e 3e77ed1f 3d94f8a6 bf42b7c1 3e959aa2 3e17dc88 be8cfa7f 3d74b110 3bae78e9 bd8668de 3f7f9439 bf3fc7b5 beda56cd 3f3487b6 bf3aedb2 bf7581fa 3f43cdc5 be95f27c bde7f8e7 be9aee95 3e6c34ee bf52c1d0 be62dcd3 3d0f907e 3e1b749c bf0e1788 3ecdaac3 be812a8f 3f1ac193 3e56bccf bf233595 3f7b5807 bd147129 bc3e45a5 be6394c7 bf023177 3f4d09d3 bf57d1cc 3ed07ed5 bd8da900 bf4aa5d4 3e2c64ae 3de308fc 3dd89911 bf1a3f90 3f1f6f94 be2aa4b1 3ec65e8e 3f082d7a 3ec6aebf 3f037781 bf116989 3f10c588 3f09037b bf29bba3 beb936be 3e8f3a93 bf3a59bd 3e09d4a3 3e1b6475 3f65b7d9 bf4c99c8 3ed22aba 3def795a bf253b9c 3f5d53d3 bf45c5ca 3e7d3cf2 bea0428d bf3ac9b6 3f1e819f bf7667f2 3eddfab9 bf062587 bea38ea3 3e9dd67b 3f4b67c8 bf5ebdd7 3f3715b5 bca4209c be0fcc89 be6d7d34 3eed16ed 3f3361ad 3f06bd7f 3ebcfec8 bf3a4db4 3f479fcb bf458bc0 3f3d75b2 bf384bbf 3f200ba1 3d8927f2 3f160d8b 3d51f0c6 3eeb5ae8 3e4ac4bb 3e2e3ca5 bf12b590 3f6d85f2 bf781fed 3f66d9ec bf42a7be 3f0d8375 bf728404 bf1ce196 bf135d8d bf6f19f3 3f519dce 3f10fb79 3f06b58a bf5c51d5 3f417fb8 bed4d2db 3ec6bacf be827e75 3f12358d bf0d7391 3d9558a2 3f4807c7 3cc3608f 3f3d83b8 be68c4f8 beb142bf 3f796a03 bf085b78 bec2aab2 3e18c47d 3ed436c2 bf778ffa 3f4f2fcd 3d91887d 3e9dca9e 3ebb4ea4 3f048f74 3dc7486e 3eeecabe 3e964e72 3f3fb5b4 bf5f15e7 3f578bd1 bf26659e 3f6e83e7 bde38899 beefcad5 3e35d49a bf72a5f9 3ef93b16 bf3589b8 3eab16a5 bf2415a0 3f20779e 3e21d496 be974e92 3f18ad85 bf7a6813 3eefaee7 bf4b0fcb 3eb9b2ad 3eaad6af bf5893c9 3e37b4b5 beefe2cf 3d25d0cd bea6aab1 bf160191 3c18c12e 3d663111 3f3c1dbf bf5335c6 3f6a99f1 bec21eaf bf28e1a2 3e836669 3f4c65c5 bec8d2cb be30ccab bf53efc9 3f5297cf bed2b2df 3e67d4ef be784d19 3f239fa7 bf65b3f4 3f44b7b6 3db618e3 3e636cb9 3eadc6a1 3ee5a2bc 3dec084a bed272ba 3e3abcb6 be668cae bd93288b 3e2bcc89 bd0bb112 bebdc2c7 bf10ff84 be958296 3e23dc63 3f7703fe be57b4cc be97ae89 bf3fc9c2 bdaa6885 3f67b3e9 bf7c0009 3f5641cf bf1c7d9f 3f113d7e bd1e10c1 3efacaee bf3009b1 3f61a5e6 be489cbd 3f32b7b5 bee8e6f4 bd807850 3f59d7d9 bd6030bd 3f2e1db1 bf51c9d0 bcea5fe0 3e2634ad bc684113 beafbaa9 3e8a8693 3e1e64dc 3f0a8d76 3d9f3817 bf68f1f6 3ee93ad8 bf46afba 3ef4cae4 bf3ed7c9 3c273edd 3ec13ac2 bf271f9a 3f7cce0f bee67ece 3eeb82e9 bf009d87 3e68acc2 bed30ab9 3f4e69be bf7a561d 3f1bb798 3f5fbfd9 bf450fcb be824a73 3ec226c1 bedee6f8 3f4033bb bf164393 3f67dff6 be96967e 
3efecf0d befa76c9 bcb0df62 3f3381b3 befd06e7 bdf67912 3f628fe0 bf1cab9f 3e92ca72 be6b14d1 bf4925be 3f290199 3e0fbc80 be3abcbc 3f4e37c0 3c901f11 3e066491 bf19dd8f 3f748dee bd3bb17e bdcbe83b 3f06e57b 3f125186 bf0dd78c 3edf2ec0 bea722af 3f5c07e3 bf606dd8 bf19bd8e 3f52ddcf bf2d69a5 3b0af679 beadaabe bd8c389a 3f168d91 be074c57 3cafe25d 3e268ca7 3e2834aa baee0fe4 3f38e3ba beb3269c 3de488f9 3ea866b3 bf5643d0 3f78c20c bf543fc7 be4d6cdd bcde1f89 bf51c1c3 be84ae90 3f1d3798 bf138d90 3ec97ad6 bee2c6d8 3f622fd8 bee24ee9 3f11af7b 3ea2d276 bf3075ba be87f278 3f2c9fad bf7c0a15 3f6a49fd bf117587 bf00497e 3f2fbdb2 bc1144f7 be867e97 3f3bf1b3 3e286485 be6ef4c3 3f4149ca bd58d0b4 3f0fbd86 bf7d3e14 3f028584 bf5501da 3f5e23d5 bf52f5d0 3e8ae673 3eff2af2 bf1b5f88 bf220b94 bf4fcbd1 bda198c6 3ef1e6d5 3e6464cd bf6db1ec 3f56b3d9 bedcb2e0 3e74450c bf19ff94 bf3a71b0 bd9cd859 be0dcc8f bf4279bc bd99e82e 3f07538f bef296ed bf0fd783 3f3db3bc bf182f8e 3f15c592 3ea9e68c 3f6cfbe7 3f3369a7 3f02357b bf578fcc bedee2c8 bef602e2 3f77f203 bf74ea02 3f101b7b be386c86 bdaea814 bed6bec4 3ec4d2ab 3d5c3068 bf378d9d bef2c2d1 be66a4f5 bda91867 3f000977 bf4829c4 3ecc56b3 3edb56af befc6efd 3e5cd4b0 3e501ca0 3e80f284 bf4583c7 3d40512d bf199181 beb572b6 be7b7515 be843678 bed3e6b9 be94aa91 3d9388c5 3ea51a96 be2f6cd3 be1c3c81 bf533fd3 3f320fb4 be3064af 3f3d2bc2 3d6a5047 3f25a38f be86be7e 3e4bc4f5 bf7eaa18 3f3b7fb3 bf24fd96 3ee7e2d8 3da03837 3e39d4b1 3ed6ced5 bf137f86 bcbde1b2 3ed956be 3e1e246b 3f1c7b8a bd739164 3ea8e293 3eef2aef 3e98da9c bf24459a bc57c219 3e4634ed bf63b1ef 3f136584 3f6917f5 bf24cb9c be9dca6f be0d3c53 3e94867d 3f742bfa bf58a3d1 3f2a99a8 bb88787d 3ce7212e bf0bbb7d 3f6541ec bf079f89 be13bc50 be1be4d0 bf1f3f94 bf3d31c5 3f275595 bdeec87c 3ee3f2cd bd25701e 3c93a114 3ec8c2be bef5a6c9 3f04ff7d 3f144986 3f4affbf bf4f13ce bead5aaa 3e13949a 3c4ebffe 3f6fdfe9 bec622c2 bed996c3 3ecfeac9 3c5a4291 bd881858 bea606a0 3e4fccd7 bd46f10a be8fba8c 3e73dcc3 bf7007fc bea6daa0 3f4353c3 bf24259b bea2ba9a bd89584c be3154ad 3d66707e 3f117d93 bef35304 3eee7eda bec216bb 3e627cbf bf36dfa2 3e54ecfa be4a2cfb 3c96e149 3e790ce5 3f22ef9f be989686 3ee55ee7 3eb7a6ca befc1ee5 3f03577e bf7443f2 3e94ae96 bea5d6b2 3d83385b 3f517bc4 bf14f397 be8c4696 3f5079c2 bf20f9a8 bf64c9f4 3f35f39d 3e77e4d7 bef622e9 3f2b09a9 bf77e803 3f0e5799 bf5aefd8 3e3774da 
bf4cbdc2 3f7baa15 bf0cb788 be042490 3f12898c bea81acb bf5e9fe3 3f3541b8 bd9858c1 3dcc287c 3f3bc9b1 bf115591 3eb4b2b4 bf684def 3e1d14c6 be32e469 3c74c03d 3ea5fa9a bf08a37c bee542ea 3f0e458a bf6949eb 3e888276 bf1bf796 3f79ec0d bf3b819e be9b7690 3f5509c8 3f0b6b80 bf69ddee 3f5ce1dd be5d9cc3 3f17cd88 bf022186 3e22745b be846281 be6be4a4 3ed82ec8 bf74e3f7 3e99e6bc bf1c55a1 3f01057b bf4651bf 3e8bfa69 3f2d359a bf51cdc9 3ec55ac9 3f5ae5d4 bf3b2fc3 3f763dff 3e18349f beccf6db 3c1ac3f6 bec52ea5 3e4abc9c 3c68409f bf0ec98d 3ecaaac0 bf72f3f3 3f64d1e2 bbe37ef0 bef95b04 3f6afbef bf3ecdb1 3f0d1587 3f534fce bf6d4be0 3e87b286 3e7634d4 bea6128d bf26979f 3ee52ef3 bf3d65b8 bed4eae1 3ec8c6bd 3e408498 bdd108f3 3f25979f bef56ef3 3e25ec8d 3e400c85 bed42ecb 3e8e6287 3f299da1 3f6df7fa be063439 bf28fb91 3df9a927 3f207d97 bf2b3b9f 3f02298a bf16b199 3f5e89d3 3f4017aa 3db588a9 3ca521e2 3f5d5bdd 3e421cc5 bf1a2fa3 3f2bdd9e 3eeebeeb be44bce0 3c0d3eab beac3eb3 bf2a0997 bf044b7c bf77ce04 3e78fd09 3e68e4ec 3f5dc3e0 becd66c1 bd41102e 3db0f8da 3e1e9c95 bf160589 3f5f09d9 bc764069 be7b9cbf 3cde200d 3f1e3f9b 3eac12af 3f59abd0 bf6887e9 3eeee2f2 bc88e075 bed972c9 3f26f590 bf337ba8 3f309fab bf627fe6 3e84be85 3dee2890 3e6a7cae 3f56cfd0 be56a4bd 3f369fb1 3d0c2fcd bdbd18f5 3f552fd3 bf2c91ab 3dccd8c4 beb4dec2 3f030b80 3f2e27a8 be5a74cf 3dbdd8e9 bf6bdbfd 3d244f2e bf59a1d9 3dfac8c6 3f30d1ac 3e6284ca 3e4584b5 bec2d6ad 3e849679 bf5381c6 3f4debbf bf7f782c 3f653fe5 be88ce90 bc8da0f4 bee312e1 bf0f058a be22a495 3d7db0a0 bf7a6415 3eed6ae5 be31fc6d 3f1e7595 bea466a2 3f70f1eb bf302daf bf6709e0 3f4999c7 bebceab8 3f480bc1 bf2267a8 be18ac68 bee7ded5 3e94de98 bf5699c4 3e6904e5 3f058f8d bf6b9bef 3ec51aa4 be321cb3 3f091b71 3f2851a5 3f177598 bed41ae2 bf510bba 3f198fa1 bf4e3bc3 3ec7faba bf329bab 3ec00ee3 be76b507 bf3fb5be bf6339db 3f769bff bee16edb 3ee722c0 be4a0ca6 bf5167cf 3f6607dd bee7c2d9 3f031980 bf53f1c8 3f099391 3e98428c bf5f85cc 3f2109a0 be9f72c9 3ed30ece 3f40afb2 3e9c96ae bf14f99a 3f55d9dd be5634d7 3ebcdeca beeb36c7 3f0e039a beead2c8 3d7a911b be0a94a7 3d7bf07e 3edcb6d2 3ed6eed9 bf56cbd7 3f4875b5 3d9728ab beaabea5 bee8e2d2 be1d6c74 3d2e7070 bf4569c8 3ef48f10 be45e48f 3f6f79f9 bec1febd 3f3b05b6 bebdfe9a bf753e08 3f622bd0 3d23b12f bf3fe7c2 3f4d55c5 3f1ad38e bf1ef597 3f168f97 bf6b07e9 3f705000 bf2671ab 3f5f8fd2 be180ca3 3ed50ebe 
bdda08d8 bf1dd3a1 3f3955ac bf0ff57a be38f495 3effdb0c 3f51c5d8 bf63adeb 3dcd18d7 bed64ade 3e3234a3 bf44c5c5 3f48e7bc 3dc298ad 3ecbaacd bf3c01ab 3f2b19ae bf45f5cc 3f7a8008 beeb82f7 3f26759a bf12af79 3f7eba11 bef4cafd be37a497 bce15f63 3f18af95 bf7e5e0e bd99d86a 3e548cc9 bd107010 bf4371b5 3f0bb185 be54d4f3 be6b64ce 3f7ed82f bf69f9e6 3f5c45d1 bdbf1930 3f58bfd2 bf595dd7 3f5eb3d3 bc42415d bd8c98b4 be8c1e89 bdb5f896 3ed96ec5 bf74a5f8 3eadce99 3dc858b5 bf5143c4 3f3a77ae bd67b1ad 3f70adf7 bf39fbb5 3f108b95 bf0bd793 3f5cfbd7 befb06cf 3f1c9da3 bf77be06 3f53a1ca bf39d1ae 3d98e8dc be35048e bf4353b6 3ebb22b8 3dfe98e8 bf3ee1bc 3f1b799e 3d3850a5 3eced6d4 3e80ba7d 3ed496ce bf1bdb9a 3ee8b2da bf719bfe 3f2941ad bf6383e3 3f49c9bc be9126b1 bebc46b4 3f0b8179 bf759809 bef28ee9 bd7eb1e0 3f7cda13 bf5c9dd0 3f1c0594 bf0f0f85 3eeb22f6 be11ec9d be54e4a6 bf6f09fb be3f94b2 3c9722f8 beccc6c0 bf3f89b5 3f559bd0 bf799c05 3b9c83d9 bf4025b2 3f3141b3 3e9c6289 3ed36ee3 3f3c6fb8 3e71cd0c bd7d8f87 beaf22b4 be959e7b 3e4aa50c 3e81367a bf0c1d86 3f7603f7 bf62c9e1 3ec0329c bf718bf6 3f72ce06 bf21a197 bd3c50de bf4a8bb7 bf0b477d 3f632bec bf6265db 3f7d0e14 bf0e157e be882291 3ec7dacf bed12ed8 3f53c5d3 bf2553ad 3f2d9fa0 bf2d2f9e bf2c5db1 3e438c98 beecbef4 be6d1d15 3f1f2d94 bf7a4408 3f45f9bd bcc4a09d 3e8caa98 bf0d0776 be750ccb bf4c9bc4 3f205ba1 3ee776ab 3de9a895 3f7fd031 bef026e2 bf09cf83 beb88ea8 bed892d9 3f0e3192 3dcfb889 3ed5bacb bf5b93d1 3f2c3da4 be21e481 bec696a3 3f03db85 3d850863 3f28e399 3dfdd846 3dfd28d8 3f2a6ba9 bee6fae7 3ea1faa7 bf1d2998 be0c6c78 beee8eee 3f6c71e8 be864e85 3f4409bc bf3a69b8 3f09bf90 bf5c1bde 3f5f55d8 3d9c585e 3ef54302 3d75921f 3f23bda6 bf4295b8 3ee9e2f2 3f1fbb9c becfa6c4 be73f4eb bf59f7d7 bf269f9c 3f6715e1 3f23ff9e bf1c01a6 3f12f593 bd379014 3f33c9c0 beaccaba 3ec102a2 3eba52dd 3f763605 bedf42e6 3ee872f0 beff0b05 3ecb1ad5 be198cb7 3df1e8c9 bee4deb8 3eb456a5 3e3ef4b9 bf21af94 3f4b8bc3 beee7ee9 3f55c3cf bf305da7 bdf448c9 bf5addd0 be38549f 3de128d8 bf12e586 3e5f8cdc 3d6d70bc 3c573ca0 bd1190fa bec74ad0 3e8cca97 3ee19ad3 bee406c4 bf281594 3d12b122 3f5343d6 bf0af786 bf3b69b5 3f6365df be8a0e7f 3f3e25bf be8d1ea0 3f4097be bdb52882 beda6ac2 bf0fd585 3e06a49b bf71eff5 3f4259c5 3f1b0593 bf35dbbc 3d3b1141 3f16df8a bf733e01 3e1c3c7f bf1b2b95 3e14f49e 3f19fb92 bf708df1 3f4401c8 bf293b94 beb5c696 3eacb6a4 
bdf908e1 3f4f93c4 bf4c3bd3 3f7b6a13 be9d1aab bf00ff76 bf189b91 3f5425dd 3dc52860 3e73b4a1 be1874d5 3f1f7197 be9816a3 bf4a0fb3 3f746807 bf2e9bad 3f7cc820 bf70abee 3f16158f bf204fa2 3f00876e bea78aa1 beb94aba 3e80fe6a 3e22f4a4 3e5e64ee 3c27c2e4 bdc518d0 3f7283fe bf78fc05 3f5fb5de 3dff093f bf2879a7 3f65a9e7 bf148789 be86e68e 3e9cbe78 be85fe9a bf5d31dd 3edacecd be5974c9 bea45e8f be04acbc bd42f0ed 3e07b4ab 3f070b95 bf1ae98e 3ed36ad6 3e0d948b be852a90 bde14929 3ee37ada bf4fc7ce bf5369c8 3f4bdbd5 bf4897d3 3f5b73cc bef152f0 bf15e394 3f682bf4 bf4df7c2 3f6d47f4 bf19b199 3f504dc0 3c8f2225 3e89f296 3ea07a7d bd94487e 3ebc5693 3e429487 bf039d7e be400c9d bf336db0 3f2c65a1 bebd92c6 bbb28608 3f66a3e7 bf44bbbe 3f5839cf bedd26cd be1d1ca5 3f3eebbb bf0c1779 3f5143cb beaa3a9a 3f0e178c bf62f3e7 3f11d78b bf45b5d0 3f608be1 bf745c02 3f7107f0 bf3751aa 3f5e2bdd 3f66f9e4 bf68b5f2 3f20e793 3f1ded9f bee9d6d3 3f35cbb9 3db3e876 3f6ecbeb bf389da5 bf1a9990 3de4590a bf7dee21 3f1a5f8e be334c9f 3e13f472 3df9893a bf0b0385 3ee4fadb be9c0681 bf1c7198 3f769e01 bebf9ec1 3f29719f bec4a2c1 bd9ce82b 3f166f9b 3f4629cf bed2ded5 3f2c69a6 bf07f182 be192c8e 3e3c9cc2 3f33a9ad bf3651b8 3f17efa1 bf3a4bb5 3ee5f2d3 bedda2ec 3e3f64cf 3f5dc9d2 be083cab bdaa589b 3f02a77b bf3a6bb0 3eb2b6b5 bcf923ee bf6cbbef 3f6df5f8 bf183995 3f4b31c1 3f5c99d1 bf6115db 3df468f4 bedf22da bf3e9fb2 3ee80ada 3f0dbd99 3e4284b0 3f5b75d5 bf3f33af bea00e9a bdeba953 3f79b60b bf1ee385 3c5ec48e 3e7b74e4 beb832b2 beba6ec9 3e746cc9 bf790604 3e970289 bf42d7bb 3f52cbd0 bf2f55a0 3f1add96 3f4485b5 bf1d4fa5 be4344b4 3e3764aa bf3a09ac 3dcba8cc be1a9c92 3f25d9aa be1afcb9 bf12718c bee64ac9 be13ec77 bf22cd98 3eebaf00 be079c46 bf5a69ca 3e2694c9 3ecfcad6 3f72ddf7 3e7e6521 bf46b1ba bf4d6dc5 3f54e7de beb00e9d be4544b8 bf3d97b0 3df70910 bdfb78bd be7cc4fa bf6e9de3 bd97d87a bedb52d1 3ebbb28f bec516d4 3f588fd2 bf4f49c6 3f74c005 bf7cdc11 3f3d9fb3 bde4b8e3 bf187d91 3e69c4ee bf059185 3e843e8b 3f26d3a3 3ebeeaa9 3ee8aeee 3e17047c 3e9522af be1a6c73 be96caa0 3deb28fa 3b8a7b48 3f103d85 bda13873 bf53cdd5 3f2a2da9 3f791a06 bf2e4fac bf044f87 3e9766aa 3f391bb8 bf02ab84 3e5604e0 bf11ad9e bd5bb01d bedb3ecd be3eccbe 3f34fbb1 3e57c4cf 3eaef2a9 3f3ecfbd bf3119ae bf10e589 3f7db81b bf5e35e0 3f1d2d96 be707c97 3f003d7b 3f5c7fd2 bf4665c2 3ecdfacb bd8ed889 bd868876 3e23047a 3e4594a3 3e20f4c5 
3ec656b1 bf5ccde6 3ee45ec7 bf5959d9 3f02757d 3f39d7b9 be97b68d 3db898fe bf5a4dce 3e7f8cbe 3e043c8f bf3a2bb9 3f1d6794 3d3511a7 bf335ba1 3ee3dad7 bf1f0390 3e5eacf0 3f04917b bf58dfcd 3eca6ab0 bebfdeb9 3f6a91f8 bf119580 be10c464 bde168f2 bf446fc1 3f57ebb9 bf7d6e2b 3f2a17a5 bf49d5cc 3e2d2490 3ee2aae7 bf71b3fb 3f4929bf be217499 3e1e14a5 3d8ae846 3f6361e6 bf3e61b7 3f432fae be735cc7 3f14638d be07847b 3da3c89d bf3df5bc 3f0cfb8f 3e894a4b bf2f83b9 3efcb2f3 3f27a398 bf6663f0 3f6a67e8 3f78b606 bf4e19c7 3f47d1bd bf75b5f8 3ec4eac7 3f2be1a4 bf6cc1e2 3f025188 bebecec6 beb0eea3 3e4fac88 bf5d8fe9 3efd32d8 bf52e1ce bcc99ee7 be3724d4 bf2fcda9 3f4021c3 3e659ccd 3eded6cd bf6727f7 3f6789e2 bf4369c2 3ea17a94 bf254fa0 3f1bb396 bf4497ab 3f03c182 be470ceb bf14998d 3e516c82 3f017b7e beeeaefa 3e5be4d9 3ea13a84 3ea81ab1 beb91aad 3eb6debf bf224f9a 3f6e8bf1 bf514dd1 bf4ea9bd 3f5e09df be2bcc9b bf5a61cd 3eed92eb bf5b3fc3 3da318c2 bf771806 3f29ada1 3ef61ad8 bcffa1e7 3ebc52ac bf072587 be69dcd5 3f1ee199 be817e98 3f2caba1 bf3011af 3f666df0 3d4dd127 bf074b8e 3e837e7b bf6f9dfb 3f6c27eb be9a368e bf1d2b98 bee39ada 3eeabee7 bf7c7007 3f109587 3ef6e6e0 bf765bf4 3df27906 3df0e8cd bec292ba 3f15a78b bede6ee2 3eff1ee7 beb7ced3 be6dd4f7 beca16ae 3f529fcb bf65d9f9 3f5e77d0 bda40884 3e1fa463 3f10978d bf4d2bd0 3f3bf9b6 bf6dbdf0 bf1a2799 3f44f3c7 bf1da19a 3f4f01cc 3ded28cb bd5cb0f0 bf26cd9d be492cad bf21279c 3e84aa8e 3f0c0187 bded98ef bf2d6baf bd04f0b9 3f0d3182 beeeb6f6 3f4901ca be0e8475 be953a7c 3f7ff02d bd303185 3ec0c2a9 bf6c35f1 3f6a35e3 bf4807b0 bf252d9e 3f70d7f4 bea18a75 3ea8369b 3d54f0a9 3f440bb7 beabb6b2 beaf8ea2 beeb6ee9 3f69e5f8 3d3c706d 3f71c1ef be3364ad 3ea14a8d be1ed499 3f1f0b95 3ee8c6c0 bf5743d9 bf3709ad 3d0dd04e 3f3539af 3ef04aea be8d2676 bf2d43ad 3f562dbb 3eea3ab3 3ebe0eb0 bf22b998 3f46f9c3 3ec372b1 3f6405de be24dcd5 3f1fe591 bf317dab bdfac8a8 bce6a0d0 3d16f10d 3dee48f1 bea506b0 bca2a205 3f2c6b99 bdb788f9 3ea822ab beb1d287 be7db4dd bf30e3b3 be83f69a bef25af8 3cb4dec9 bdb85813 3f04797a be26648c be6604d1 be83ba85 be91ea8f 3f6fadf7 bf3aa7b1 bf5dd5e2 3f22239b 3f5f23dd bf60e5e3 3eb15696 bf272b9c 3da1b88a 3f1e7990 be323cdf 3f18cb8e bd5c919b bf000f74 3dda0937 bf68e7e6 bef416c8 3f6875f2 befabf00 3eec6ad1 bf2fe1b6 3f50e5d8 bf46cdbd bdcce8c1 bf6583dc 3ef362fc bea7ceaf 3e8dde9c be3afc8c 3e062492 3e4f44d4 bf515bd5 
3e2a7499 3e85fe69 3ed5cebd 3e3c14a2 bf0be985 beca02bd 3e7c2cf5 3d5910f7 3f131586 be6ff529 be02e46b 3ef7c2f1 bf0efd94 3f07df7a 3eb646a9 bd417156 3e0ed45b 3e491cba bf3bd5b3 3f6db3f9 3eafd6a7 befb56d9 be16cc75 bde43911 3f1db19d 3d3770e3 3f3081b7 be62acbf be8abe93 3f3f97c2 be97329f 3e92427e bf06b373 3f7d3a15 bf5e1fdb 3f063d88 bf0c3b8a be5af4ff 3ccae1a9 bec0fab9 3eb5e2a8 bf41a1c0 3e105c93 bedb16de 3e809274 3efc5ada bf03a57a bec1cacb 3f250199 bf1c7390 bf1e279f 3f2c7fae bf5833db bef0caf5 be695c8d 3f06af8e be82467c 3ecc7abc bf5c15d5 3f7f2c2c bef90ade 3f225795 be58a4cc 3f573fd7 bf335fb0 3f59a1db 3c4bc107 3e675cd6 3f3275a8 3e2bacc9 bde5b97b bf7d4816 3f684bef bec5a6d2 3eaaf2b8 be907297 3e8c366a be04345a 3edf72d9 be752ce5 3eabe2af beee6ee2 3f64f9db be9e8aac bf6f8800 3eca169b 3d775020 befc12e2 bf171192 3e8baa85 3e9fe6a4 be4ee4b4 bf1ed589 3f7d8a1f be853671 bb370829 be97b28f 3ea6dab4 3f1b8f95 be4ba4aa 3f771a06 be86de81 3e8b6293 bee96af5 bebd8ac0 3f5667dc be04145d 3f126d89 bf5173c7 beef76e5 3f0a1f81 bf44d1c8 3e49d496 bf1eafa2 3eadaeb3 3dc0b863 3f3317ad bf75f005 3ec1f2a9 3f46d9d3 be35eca6 3cc0e242 3f5d75d4 bf10e78d be7044bb 3f6fb5f4 bed626e3 3e1ca48e 3ef60aea bf6ee9f8 3f7afe0d bf69d9e8 3f2d21a5 bde4989a 3ce4a146 bebd5acd 3e866e81 bd5a5193 bf5b61d4 3d8ca8a9 3bcb7f9c be2d5482 3e98ee9c 3db308b7 3f3221b9 bf134594 3f201d94 bee5aae5 be32a45c 3ebf1acf 3ccaa112 3f438dc3 be488cb3 3f1fd19a bf2711a4 3e573ccc 3e142c6e 3f56e7db bf4ab3c3 bcb7a09c be9ac677 ba43f861 3ec452bc bf34e1a2 bf3633b7 3f74a602 bf1acb91 3f623fd2 bf2303a6 3f6d3de2 bf522dc8 3e685d0b beca72c6 baf9f0c7 bf122b83 3e1924d0 3ea98eaa 3f1e6f90 bf2fdba2 be828a5e bf1df192 bf02d576 3f01d181 bf47dfb8 3e76a4fb bf6235e9 3f3c23bf 3f705df4 bf6a1be1 3e8be68f bf7e2e17 3ef822e0 3f67d5ed bf2ea1a2 bf2723ad be6c9527 3f3d09b5 bf55c7dd beb9baa5 bf573bd1 bd20710b bf4b2bc5 3f782603 be30f4d7 3f0c6d92 bf3b79b3 3f4b23cd bf0ee38f 3f2417a9 bf6e8bef 3e3044cc bec4c2bd 3f2da1ac bea9f696 3f729df5 3e99a285 3e35b4aa 3edc46d1 be923270 be32f481 bd992893 3f128394 be80de7e 3f15d98d bf4c11c9 3f38e1c1 3f2339a8 bf5425cb be913276 3e597cd9 be5944db 3f5a2bdb 3db958b7 bf47d3ca 3ee4aedb bf39a9b9 3f1a138b bf1f6fa5 3f3925bd 3e7d74e5 3f4f1fd7 bf48a9c1 3ecb9ec8 be7cb4fc 3f04ab87 bf54afc7 3f62bbdc 3e91ce79 3e5edcb8 3f45ffaf bf7c3619 3f50edc9 bf44e3c8 3ee47ef4 bf41dbb4 3f6249e7 
bf2979a7 bd7e50c5 bf6ae3e8 3f3db9b3 bdc658d8 3ea812b2 3e32dcab bf6fc5f2 3eea9ee2 3d5af0d9 be4fa4f3 3edf7aaa bed456ab be1b7c52 bf083987 bdb3b8da 3e33746a be9c1a90 3f234bab bf6b87f8 bf4b35c5 3f7a6613 bebe4eb6 3f0e7388 bf6475e6 3e2fdc8d bf764211 3ef29702 be683ccd 3db248ac bf2a99b3 3f4b27c8 bf050f83 be757cdc 3e9f42a9 beb372b5 3f226798 39c8025b 3e3d6cc4 bd00b0bf bd8268b2 3f36b1b8 be1cecf0 3ec1aaa9 be027c77 bec79ade 3f20db95 3d3f10f0 bd9f8873 3ea54eb3 3f382bac bf201596 3f75d612 3c83610c 3f0ebb86 bf4edfc3 3f01097f be34448f 3d8198b4 be3fa486 bf0c697d 3ef43edf bf76b80b 3dd4f847 3e9beea3 bf102182 bd7a7034 be852680 bf22c197 bf1ca98a 3f26db9e 3ebdc2a8 bf46fdbc 3ea332bf bed366d0 3e43b4d6 3efe12df bf063f87 bdcaf8a5 be50e4d7 3f12c599 bf1c2f96 3e73aca3 be68e4f7 3f6eafeb 3e936270 bf29879e 3f7f1e2c 3eee3af7 be55f4b2 bef206e6 3ef666e8 3ec95ac3 bf71cdf0 3f698fe9 bed982cf 3f06cb78 be437cae bf2a5792 3c1e405b bf44cfd0 3f17939a bf62f9d8 3f3b75c6 be8e9682 befc7af5 bf100993 3e523483 3f0ccf80 3ec912bd bd5970f7 3ea9baaf bdbf78e5 3f799018 bf181f85 3e866296 bf362fb7 3f3fa7ab be61acce bf379bac 3eaf5aae be610d08 bf7dfe1f 3f75ffff bf3a3fa5 3dc82909 be7ffd05 3e3df4c7 bf21fb8f 3f725ffc bf49cfc9 3e52e4d2 3e161489 beaea2b9 3ed3a6ae 3f025975 bf6779ea 3f2a5d9e 3f09158b 3e6584cc bec8dadc 3f1c479b bf2327a3 bd37d07c 3c41c128 beafb6aa 3e26fcaf bee33eec 3ebe4aa5 bf014583 bd8fc8cf bc30c460 bf2c39a9 3e4a4ccc bf3b87ae 3f71a1fa bf3ae3b9 bf1b6b92 3ec33ebe 3f035171 3e5abcbf bf32fba7 3f39d5bb be61a4de 3f5b11da bf34a5aa 3ea97e7e bf7f7c34 3f030974 3e495cbd be81928e 3d07b07c 3f6faff3 bf1fa994 3f2febaa bf13c39a 3e8cae80 bf695be8 3f1d47a1 3d0310a1 3f5433cd 3e60bcc0 3ce261ae 3e309c81 3dd7e87a 3f13718a bf27839e be95de9d 3edc0705 bd8af848 3f492bbf bf180f93 bf2a6fa3 3dd628c0 3f48d1b9 bda90899 bec55eb9 3f18158a 3ef776f2 3f087984 3ebe2ab5 3f25d3ac bf4811c5 3e2594a6 bf20778a 3f38a7b5 bf74fc10 3f4c19ca bf004372 3d7210b5 3f6acbeb bf3217aa 3d7a707a 3dd9f919 bf7621ef 3e57f4d0 bf4b49c5 3e109c62 becc3ec9 3f58f3e3 bf60afde 3efc66f3 bf4471b5 3f5b57e5 bf6343e5 3e7f5d03 bf3091b2 3f6ddbf4 be82a28b 3f0de983 bea31e7e bf3e0fb2 3e238494 3c37c0e2 3efb82f3 bf45a9c3 3f4bc1c4 be0edcce bdbfd869 be50ccae bf69d5f5 3f04a581 bd6330a6 befb7ee7 3f19f79b befe26f0 3e54cccc bf722a00 3e124466 bf79ea04 3f7379fe bf0b3982 3f2bd59c beeacaf5 3f5551cf bf119d85 
3f4f29d3 3f128d89 3ee1def0 bf6da5f5 3f28d5aa bf24139d 3dbc1966 3f6b7bef bf33f7bc bee082b8 3f1ab19b bf7c3418 3f7e2e22 bd9d1895 3f156383 be14b491 3ede5ecc bf5bbfd8 3f15af8c 3eb1febc 3f79b811 bf45adc4 3d18511d 3db5590b 3def6914 3e371cb4 3f6a89e9 bf3741b1 3f6293e4 bf45f9d0 3f569dd5 bf07717d 3d8d0884 3f62f7db bf560fcc 3f4de1d7 bf70bbe9 3ee906d1 bf5431dc 3f56d1d3 bee252e0 bf21eb9f 3ea2a297 becdd2e8 be37bc9b 3f15478a bf7f082c 3f01857f bf1d158e 3e040469 bf7e0017 3f36e9a9 bf5309c7 beb856c6 3f078382 bef7e2f6 3ecd06c2 bef48ad3 3ea12a94 3f0af37c be2dbcc6 3e6a64e1 3f4f27cc bf1e359a 3f0ccb97 bf09bf94 3f1a7994 3df62933 3efb12fb 3f742402 bf6d79ec 3e65549a 3e493cb1 3e4ee4d6 3f0e4f90 bf5a0bd0 bddaf8a1 bb73036e 3f70d1f1 bf4d8bd0 3eac82a0 bf1c3fa6 3f631dd9 bf7a141a 3d8a8816 bf3b2db5 3eb916ba bf45d7bd bf3647a9 3f4c91d8 bf091776 3f09a38b bf4fffd1 3f2fdda7 bf0e7784 be7304b0 bcb5e05a 3b5d0981 3ea6769b 3f4a87bc bf0b8989 3f531bdc bed3d6d1 3f146596 bd84680b 3efc3f02 3f5bdbe3 bf352fab be869e84 be110cb5 bf7023ef 3f75e80a bf618fd9 bf1e538c 3e5d34a5 3d79b09d bea232ad 3f28899c bf528bc9 3f5f1fe3 be89567d 3ea1b297 3f6bffed bf4655c3 3f4b21cd bec1f6ad 3f18199f bedba2da 3f1cf7a0 bf44e5c2 3ed03eb7 3f12fb86 bf768400 3f4defcf bf4ccdb9 be2d448e 3f32ffa2 bec7ead6 bf4721c2 3e09645a be3234f4 3e031456 be89ce82 3f79f217 bf7d4408 3f6807e5 bef172f0 3f343daa be462cd7 3f5681e6 bf368da1 3f17f78e bd51f184 3f57dddc bd227049 beb9cecb 3f07b58f 3f0b2f8b be31ec9a bf368bb3 3df498bc 3f099d73 bf3b09ad be0ebc9e 3ee40eeb bf65adf2 3f57c5cc 3f167d8a beabe6a9 bf611bdf 3f6729e5 be987a92 bf5b3dcf 3e02947a 3f3673b4 bee0bee7 3f220d9c bef5e2d9 3f5a95e0 bf7405ff bdba58fa be84427b bf4077b1 3f771fff bf6715e3 3e28149c 3dd49963 3c3e4129 3e97b68a bf7df217 3f10c780 be6e74e2 3f55bbcd 3e56c4d1 bf2f51b7 3f446dc0 bf573dd0 3ed12abd bf75d1f2 be28f492 beb542a3 bf5d3de7 3f6f39f2 bf16c78a 3f7b5c0a bf375fb6 3f68b9e9 bf69f7e5 3f24cda7 3e0c8c51 bf7ec008 3f3789b1 bc4a4039 be85de90 3f79300d bee422bc 3f28f7a4 3f0f8593 bf3575b4 3f285b9c bf1a898b 3f74e3f5 bf2555a6 be2dac86 3f4099be 3dcf48fe be890e7d 3d1bd07f bea6b6a3 befab6d9 3f762a0c be835e7a 3f2cd9a5 bf4e97c7 3f2c3fa0 3bd180d6 bf111789 3eae2e92 bf3c33ad 3efb8b02 3f4f71d3 bf1fdf9e 3f598bd4 bf1f6b97 3ec3eeb6 3d45cfea bd2670b3 3f1db58b 3eb6cea5 3e57ecf1 3de64922 bf6193e0 3f2999a9 bf07d778 bd967893 bda46868 
bf5647ca befa22de becf12ca 3f6b85e9 bf444fbe 3f2b13ad bf02417f bebb16a4 3f0a2975 3f4a89c5 bf099382 3f555bd0 bf6adfe1 be90ca9c 3e92c292 bf142b86 3d2330a1 3f512bdc bf3d27b6 beea56d6 bf3957b0 3f065770 3d69b0bb bf0a3f89 3f165783 bf220997 be95c67a 3e4d9cde bf255998 3f017f7c bea8d6a9 3e5384ed bedfa6df 3d561114 bf168989 3f325db6 bf1e8b97 3f545fbf be726515 bca6e00a bd6db132 3f2fa5a6 beb66eab 3f180b8b bcc26055 bd26b01e 3e9a7ea5 3ea602be be9f8a85 3f60abe4 3e3f6cdb be1fbcc1 3ebb8ead 3ef506f3 bf6011d5 3f5925d8 bf0d5190 3f403bb9 bf6bf7ed bd02efdd 3e223490 bf4c6dce be5834c6 3ede3ee6 bf393bb2 3f78d206 bf210194 3d81c84f bf7b2812 bbfb82f3 bec28aa6 3f04f374 be888ea0 bf21f192 be7e0507 3f4161c0 3f220ba1 bf6d3403 3e7374c1 be960e90 3f215b89 3e8a269f beeabec3 3f071f7b 3ef04ecd be9a528e 3f5e5dd4 3eabc29d 3ea60eb0 bd8128d1 bebd2ec5 3f0dcf8d bf2e29a3 3f50f9cf be88e694 3e99c291 3f26e9a8 bf6987e4 3ecbcaad bf791214 3f27ab98 bf760e06 3ec486a9 bf138588 bf083586 3dcb98b5 bf6bffea 3f24339d bbc882bc 3f193d87 3f0ded8d bf4787bc 3f477dcb 3f4205c4 bc97e01e bda7187c 3f19459d bf5ae5dd 3f3c55ac bec9dad0 3e04ac72 bf732bf2 3d6610e7 bf03317d 3eec7aeb bf0a257e be911e76 3f05dd7c bf35b5b7 3f55a9d0 bee0e2e8 bef5d30a 3f4e2dc5 bf23a3ad 3f53cbdb bf20599d 3ec01ab9 beceeec3 3f209f98 3f119784 bf2debb4 3f28a995 be841a8e bf1ecf99 3f3799b4 bef45aeb 3ea15eac bf1d9398 bea63a93 bee872ef 3eb6c6b5 3e32ec9a bf78ac08 3bff80d3 bf04978a 3f27f3a6 bf5a83d2 bf2b5da9 3f7d0614 bedbeac5 3ee86ad5 bf0f1992 3f191193 3e3ca4c1 bf22c994 3f6e6be9 bf105384 bf6839e7 3f1dc993 3f50dfbf bf7f382d 3ee972d1 3f44c3c9 be8ec68a bf3be5a3 bedb8ac7 3f3805b4 bf3a43b3 3ec3dec1 bc49bfc0 bd1c50ac 3f5125d0 bd51d0f0 be1ffc97 be7c44e5 3f0c4d8a bbac7ac6 bf07df87 3ec1c6b6 3f217d9b bf450bcb 3e8e7297 bf083d84 bed322ac 3c8c5f11 bf144995 3f6b75ed bdbc9884 3e5664ee 3f130590 3de0c8b0 3f0ddd7b bd3a30b5 be87d28b 3d120fcb bf1da398 3f0bab92 be81c67e be16e480 be73b4b3 3f1ee78e be9c56bf be88b290 3efb1ef1 bf7933f1 3f4063c1 bf64d7f0 bedae6ca 3f21d9a7 bf0e2791 3e95fa8f bf26ffaf 3f2d1fa2 3e211cab bf4bd9c8 3da35845 3e86da73 be9a3e98 3f7d0020 bf00097a bebce2b5 be51fca1 3ea0e291 bce2604f bf54b1d5 3f7ae808 bf4779c7 3f489dc6 3edc36df be94e673 bea71698 be4d1ca1 beb2cab0 3ee6aef8 beb5ca9b be957a95 3edcbece bf5f53e7 3ccd1f38 bf2c07ad 3f0df787 3e8b1688 be3c0ccd 3c9461f5 3e9a868e 3daf887e 
bdaeb8ae 3f7e4e13 beda92d5 3ef58ac7 bf3b4dbb 3f2d65a7 bd0971f7 3ebfdecb bf6da1f4 bea80e93 beb96aa6 bcd9223d 3f034583 3f013384 bf3f35ba 3f23599b be1054da bf2f37a9 3f4bf7ca 3e9b5a95 3f687df0 bf7149f7 3f50d5d5 bebf6aa5 3e99fe92 be509cd7 3eb2d2a3 be48ace1 3f4347c3 bf08ef83 3d93a891 3e5ce4c9 3dd2f91e 3eb7f6bd bdaee8d9 3f1bd78e bf798e08 3f592bdc bf7dae21 3f3c91b5 bf4877c4 3f4f25c9 bf7401f3 be13e4d4 3e2eeca9 beda5ac3 3d94e89e bf04f775 3ee272c4 bf7ad60d beaa8aa7 3f13b595 bf6031df 3f1ebb97 beb7c6c6 3ede62d6 bf3ccfb9 3e717ce3 3f543dca bf592fd3 3f531dd3 3ea56697 3eaf4a99 bee88b07 3f05bf7a bf040376 be8efe8e 3efb7ee2 3f263fa5 3c95e05b 3f3ae3c1 bf2c2fa3 3ea0f29e 3f154d95 3e4baceb bf4f81c9 bf019b7c 3f70e5ec bee8aaef 3ea19a99 bef926ee bf5673d9 3f36c5af bf6051dd 3eb4c6c8 bebd7eac bf06d37a be92ca7f bf513dd3 3f756dfd beefbede 3dc028be 3eb5faad bf124383 bdb0f886 3e4254a6 bf65fbed 3f3dc5ae 3e7acce3 be78b4f1 3f09637a 3cd2e0a7 3eea12d1 3e3aec93 3f40b5b6 bd4b115f 3d3731a0 3f13bf91 bf6683e9 3dbcd845 bf6f3df2 3f7e061f bf795bfc bf16599c be980a69 bdce7876 bdb24895 be415cae 3eac7694 bf1fef97 3f32f5ab 3eaa2e93 3f4873b4 bed3aacd 3e5bc500 3ea9a6a0 3e84028b be6cf4eb 3d19b119 3e0ffc9e bf082d8f 3f371bac befafae1 3e10bc9c bd8cc88a 3f1a2997 bf4b53c5 3f6ee5fe bf4d89cf bed706f5 3f22dfa0 bf6c93f6 3f56d9cf be656cc5 3e3a5cc1 beafca96 be3a7cb3 3f4f7dbd 3e621ccd 3f122978 bf091d89 3da1e8ee 3f5f21e2 3d5ff0f6 3db6e86a be03848c 3f534dd5 3f0fa189 bf74d5ff 3ebf42a9 bd5b90f3 bd1b6ed6 bdff98e4 3dee8937 be5164af 3dfb38aa be5cace6 3f4729bd beaa9ab2 bf1ddd93 3f3a83a8 bebbf2b5 bf57f9d4 3f5b3fd5 3f0add88 3f01f575 bf27c1a7 3f3637af bf753a01 3f396fb8 be2e04ae bf054b7f be2ddcb5 3f29e19f bc0bc3df bed02ac9 be014c58 3f405fbf bf4439c3 beaeba97 3f75e9fd bf0cc78a 3f32d5ab bba67fed 3f6f27fa 3e4d04bd bf6b63f0 3e20fca9 be946296 bd84b89b bf00bb86 bd3490c7 bf03477e 3ee372e7 bd68314f 3f0c5185 bf1865a3 3e885e6f 3f3e91b7 bf5341d3 3f3bb5bb bf32dbb2 3f3003b9 bf10f184 3f198b91 bf162598 3f66d3dc 3e28f475 bedb6ee8 3e536c97 3eb706a8 be20acbb beac66aa 3e93e68d be97627b 3f230797 bee73ee2 3e2574b1 bf664fe5 3f2ecbaa 3f3057a7 beb28a97 bf06db8b 3f4cebb6 be940293 bdca48f0 3e896e75 bee392d4 bf5f95d4 3efecb13 beae7a9a 3f6c7ff4 be268cb1 3b19073d bdf7e93a 3f5ba5d5 bf6ae9e3 3f7a9a01 bd0dd052 3eec1adf bf07097b be0c4c33 3e080483 3eaa769e bf4677d2 3f3c5dc1 
3eda6ad0 bf30abb1 3e7a2d01 bf164da4 3f114d83 be892687 bf679fef 3f6625da 3e044c91 3f5b95db 3e99c67c bda008fe bec05ac5 bf114398 3f724bee bec206d7 3ea38e90 bbb47f3a be2f34bc bf6befe3 3e25dce1 bef7b6e5 3f0d8f90 bf3913b1 3edab6e4 bef576e0 3f79400b bf1f8786 bf12f389 3f748c00 bf5517c1 3f028780 bf3d25ad 3e894e68 bf0ccb8d be8b9671 3f3881b5 bf3a8fbd 3f3583ab bd4e9171 3dcdc959 bf37cfaa 3f64ade3 3f340dad bf6457de 3f423fc1 3e88de81 bee1fad3 3f29b1ac 3e149c93 3f6259e5 bf762e04 3f59ffdb bf18139c 3d6770e7 bbfa83db 3f179592 bf56ebd7 3d265033 3f08b17e bf3d2fbd bec9f6c8 bedd72cb 3f329bc2 bf1e89a0 3eaad29a 3f2ddf9f bf1f4dae bdc168aa bf7b0813 3ea3ee88 bedb62bf 3ea1029d bf2bcf9e 3e8df6b9 3ea66e9a 3e9bc29a bf094f89 3eb286a4 bebe12d3 3f6289e0 3e155c91 3f3e37b4 bf16998a 3e865689 3ea6728e 3c074160 3f4a77bc 3e9f8e8d bec50abc bec3dabd 3f3abfc0 bf6e1be8 3f5f9fdf be8a4a82 3e80e26b 3bb08410 3e4b2504 bf2737a6 3e5e7d01 bda3e8a1 bf26f395 3d98a84b bf7153fd ba0416e8 3d978899 bf1e6b95 3f0a6384 bec652b9 3f188389 3ef7cee4 bf18d189 3f43cfbb 3f1cad82 3f1feb98 beae62b1 3f3f93c9 bed91acd 3f42c1c6 bf2ac3a6 3e5b04c8 bf3da3b5 bf5d3bdd 3f79fa09 bf755a00 3e7474d1 bf5ca1d7 3f7555f5 bf7b7217 3f46b5ba be5eb4ab 3ef802fa bf1bd994 3ee12eec bf434db9 bda27887 3e86367c bf1b3592 3f5a71db be87e66c 3e58c4b6 3e86967e bed612bb bd8cb83d 3e61dcf5 3bfd828c 3f01db6f bf38a9ba bf28fda1 3e53b4a4 bddf58a5 be161489 bf15318a be4dbc9a 3ec2cecb bed356cf bf61bbe8 3c2abd49 3cbc60c3 3f0ce586 bee1dec6 3e5ef501 be7f0508 be2d3489 3f1ff1a2 bf5495cb 3f7d1417 bf74c3f8 3f52d9d5 bf4027c1 3ecb2ead 3d21b163 3f02d183 bf5db9e6 bf6f35fb 3efb4eee bf35659f 3f22c998 bcd9e114 3e78c525 bf47f1c7 3f7ca818 beb8ee9f bf299fa0 3e2454c0 3f079f87 bf26a196 3e22c4b3 3f145989 bef5c307 3e8d3e86 bf4c97c3 3f15299d bf40cfb4 bf38f5b5 be999e8a 3f512fc6 be48e4a7 3f02b185 beb4f2a8 3ecd3ab7 3ef0ceda bd7a1150 3e598cc8 bee2cec3 3d379086 3e80c668 bedc0ed1 bed6b2c8 3ee21ac1 beea9ad5 3e441ccf 3e8c1a8b bf114d7f 3f73c1f3 bf581fca 3e0f14c3 bf15f195 3f6c11f2 bf06977d bed596d1 3f608ddd bf2639ad 3e892e54 3e9d2a83 bea8ea9a be2af499 3f2b3398 3dfb18ad bef8aef2 bf6fedf6 3f6e8ded 3d231065 bef702cd 3f7f1a1b bf5f4be6 3f063779 3c5c3f27 3f4d5bc9 3d92f8d5 bdd21870 be0d1cb2 bf65bde7 3f7f721e bf30c5af be23bca8 3e2474b4 bb21096b bf5d0de2 3f3d6fb0 bf12c1a4 3f68cdea bf6c0df4 3da38865 3f074b7d bf79b40c 
beb01e94 3efad6f6 beeecafa 3f67bff4 beb23ebf 3d605034 3f776602 bf79480a be7b4d17 bf6587e0 bdca78d2 be82ae74 3f2c79a5 bca9e0ba be4a24c2 bf594fd9 3ec37aba be96369c 3f6edded be6284e9 3f3839b4 bcd4e0ee be5b9cb0 3ca32060 3f3f25b9 bf206795 bf3c85b4 3f06cf8b 3da32895 bdf388d8 be64ecd6 3f65ffdd bf4f39c9 3f4a6fc3 3ea636a4 be82025d 3f15f789 bf213192 3e102ca2 bf0dc787 3f1843a1 3e72fcbd bf43a3bc bf1e9f94 3f3bdfa9 beda46cd bf15eb8a 3f50fbda bf6d1bec be80b26f bee2d2b5 3f354ba6 bf1ce393 3ebb7ebe 3effab1d bf48c5c4 3e6b5c8f 3f31d1a9 bf00357c be71b4db 3eff7b01 3f084d82 3ef4c6eb bf6307e7 3f52a3ca bee71ed9 beb76ab1 be0a7cc3 3f0e6d80 3f1b0792 3e7434f2 be501ceb 3f4f37c0 bf79c410 3f030181 bf50a3c1 3f7c9e08 bf6981e7 3f2eafb3 bec16ab5 bec992e0 beedf6ec bf5b99cf 3f70e001 bf2c7da6 3ee0dac3 bf17ff8f be320cc4 beefeaed 3e21247b 3f3dedbf bf451bb9 3e8e46a9 3ea2ba85 bf71c5f9 3f5f79d5 bf044181 3d4a9086 3dd15895 3ea36e84 bd83b907 3e200499 3f3a4dab 3f1ea99f bef3b6f6 3e912e84 3f166d88 bf7e642a 3f3bb7b5 be126493 bf747004 3f472db5 bf762a06 bedba6e2 bf3c8bb9 3ebe36cd bf34e9a8 bc9b2148 bed9def0 3eaada94 3ec21ea1 3e9e1e99 3eb992b5 3cb7215d bdd2a8a3 3f686feb be9c2a73 3ea79e9b bd9b68e7 3e11cc8f bf59a7d9 3e8a8269 bea6eec0 3f5f69eb 3dfd68be 3dbec8fb 3f4857c2 bf76de04 3f133b92 bf39dfb1 3f292d9c bf7011fb 3f422db7 3de908be bf5e7dd7 3f4745ca bf7009f2 3f105d91 3f68f5e5 bf595bdd 3f57dbd6 bdee891c 3f65cfef bf27319a 3e995292 3e6374d1 3f4ecfcb 3e6434b7 beb45aa8 3cd5a1df bf298da0 3f5a3dce 3e714ce1 be70dc9d 3de15899 3e21343e bf1f4b9b 3e7a94b1 be9b2e8d 3f52fbc9 be4604e3 bf25b394 3ed7dec2 3f5ae7d7 3e48f4c9 3f116590 bf1fd597 3f13ff8c bf1bc39d beb3eec0 3f6565d3 bf43c3c2 3f1edb87 3f3831aa bf3c9dba 3e5cc4ca 3f0ba187 bf20d998 be6f24cf 3f2995a3 befc32f2 3f5637cb bf29a3ab 3f36bdaa 3f3e55b0 be558cee 3eccd299 bf7e141f 3edb1ecc be71f4e4 3e4fecc2 bf73affc 3ea1aaa7 be17ec92 3bb37d32 3e260c9a bebd82c2 3f69f1de bf137b91 3f7455f8 bf3a9bac 3f1d119e bf3f67b1 3ea2f2a2 bf072b85 3e8fe27a 3f27c3a2 bf2bcbb1 be1c5cac 3e379cb1 3e77ad02 bf33c3a4 3f4e41c5 bf18c5a1 3da1890e be878287 3ef99ad9 bf7c301d 3efeeedf 3e72ace9 3f53c1d1 bf763409 3f04637d bf5ec7c9 be566cc0 3db9088b 3e70c4ea bf21ed9b bddae909 bf121994 3d0c1119 3e5394b4 3f5137d6 bf578dcf 3efdf306 3e772cfa bd7330cf bd61b11a 3ec172d2 bec452a0 3eb196aa bf15879d 3f5be1d7 bd5650cf be276cdd 3f31c7ac 
3e15bca5 be859e9a 3f0a438b bf4197b7 befa3f08 3f068778 bf5e67da 3f0e538f 3f660bec 3e2074b7 3f5aefdb bf2a419c 3f0e4b82 bf6009f0 3f4cbbcd 3f229f92 3e11e485 be8ab690 bf7c600f 3f15db8c bf5d11e7 be5bdcc9 3f7d621d bf2bb19d bf11ed88 3f77be0a 3e226c71 3f1ebf99 bf615dea 3f78ec04 bf691fde 3e9c4699 be293c5f bd9a6821 bf010781 3b610732 beffeefc 3ef74aed 3f17618f bea1368e bed40ecd 3d5ad0ee 3f78080b bec1fabc 3ec87aad befb4afe 3f31fdaf bed116d3 3ec2eea8 3f7a3dfc bf42abc0 3ebd26a9 bea48e9d 3ec8bebc bf66a9f5 3f207b96 bd79311e bf6175e7 3f3f8bb5 3e0f4c93 be843e8a bf6701ee 3c02bfe4 3f0cc380 bf7eca17 3f5e0fdb bea2e698 3f5e87d7 bf4ef5de bed0b6c3 becd56c0 bdfd994a beb862aa 3f68c7f3 3e814e74 bdcf5886 bf3f1fb5 3f310da6 be878683 bd9d484d 3f48afb9 3e91766b 3f0faf85 beaa42af 3e97868a bf44ebbe 3f7d5011 bee2c2dc 3f63b3eb bf4091bd 3e6fcce8 be713cb2 3f3263b1 bf697be7 3f7b260b bf1e0d91 be24d485 3f19b593 be04ec84 bf2de9b0 3ede7ae9 be157494 bf6e07ef beeb76ce 3f4989c2 bf3cb9b2 bcc8ddef 3f416bc1 bf20db9d bdc0e865 3f2d63a0 be6c44e8 3f5d8fd0 3e100c7a 3f7c7806 bf190b9f 3f6967e3 3e074475 3e909e8a be674cc1 bf10df92 be0a6c87 3e71acd6 bf0f7d85 be077c51 3d820892 bf733ffe 3efffeec bf2e179a 3f6f09f4 be931eb4 3f71a3ed bf17a98f bf085782 bc9d2208 bf5d1fe2 3e293caf be3584c0 3f61f3de bf48b7c3 3ee7cec5 3de678fc be787d06 bdd14905 3f5371db bf5433ce 3f5e61db bf2887a5 3a1434bc bde748a3 bd1df077 bf3f9bc2 be431cbb 3f0a3d8e bea196af beea82df bed7bac5 bed47ac4 3eb47ebb 3e39fc7a 3ed81ad5 bf15cb90 bf60fbe2 3f13897a bf0fc997 3e812e76 3ef5cee5 3e1fac85 be5054b9 bf1b379a 3df008e3 3ef91b0a bf5611d9 bea9de9b bf1b2f92 bdaa285a 3eb2d6c6 bebf0abe 3e7c0d0e 3f0cb582 bda9791c bf3cffc0 3e1cdc59 bf7b3e16 3f650dd8 bf19cf90 bea9d6b9 3f685df1 bee8dac5 3e637cc5 bf47e5bf 3f184788 be1e4cd0 bf2239a9 3e7a74d5 bf5097d4 3e93a691 3e4adcb1 3ece2ed1 bf43c5b9 3f7f7a28 bea20a9e 3f42d7c5 bf15bd8a 3f12d584 be8b3e88 bd9f4825 3d3d90f6 bf05018e bdd708e2 3c2c407a be28e4cd 3f42f1bc be4294ef 3f33e1a8 bf784004 3ebf36af bc8fe234 3f6355e3 bf3d4bc2 3f2e43a4 bef93ee6 3dd508e5 3ec83ac1 bf14d586 3f5a5de1 be8d5295 3efa12e5 bf173d97 bc7cbf72 befe1ef5 3ddb8937 3ea646b3 3f4c29c7 3ed1e6b8 3e895a7b bf4a15c9 3f7c900f beb43ab2 3f5bcfd3 bcb32136 be9ff29c bec7eec7 3e1a1c93 3e822679 bf52b1d6 3eb06ab5 bec526a6 3f66a5ed bf7bea08 3f3eb5c6 bee006d9 bc3c4291 bf3915b2 3eb4d6a2 bf0e418d 
3f153989 bedff2d0 be7b44c5 3f2f55a0 3f306fa3 bea8da8f 3eb532ae bed096dd beef16e3 bf69f1e8 3da19894 bcdc5f8f beddc6d6 3f4b95da bf6dc5e7 be9ad67c bf3abdab 3f3f8db8 3f67e9da bf15b988 3f751404 bddb093c bf69a9f2 3f30b3a9 3e8d727d bf09f984 bf33c7b0 bc4e3edf bf20559e 3f3a25b8 bee4a6d1 3ebaded5 3d846873 bdfe18df 3e756ce6 3f2829a9 3d97f896 beaf32a3 bf6c2ff3 3f29b79f 3f20319e bf454dc4 bf31aba5 3f4761d3 bf208991 3f033786 3ce81f58 bf082189 be1a748b be90de97 3d9ea89e 3eabee89 be113484 be7c5508 3ee3bee0 3ef92adf bf4465bd 3f7157fb be65fce9 bf534fc7 3f213597 3f7357f7 bf23db8b 3e51ed03 3f67aff7 bf7cf608 3ef08edd bf4efbc0 3f0b4389 3e7c751b 3f457fc0 3e91ea87 be805658 bf15cd7b bf68e5e1 3f61d7e8 3c01bf25 3e7554ee be8f9e92 3e04cc8f bf26d19c be5becd7 be96da85 be2844a9 bd8bd8a4 3f6851df bf39cbc3 bd70d199 bddb98d6 3eba56ac bee8deee 3ea1c29d bf32adb9 3f1d31a5 bf18f797 3ed24ecb 3eab1aa8 bf3fb7c2 3da4c891 3f56c5cf bf58abd6 3f3721ab 3de078a4 3f69eff2 bf70eff8 3f77c203 bf40dfb2 3d1dd169 3e46bca6 bbf385b9 3e3fd4c1 bf409fab bea82eaa beec76f5 bec01ec4 bd6c90ef befdeae4 bf06e77a 3e7ced01 be6ccd0a 3f6901e4 bf19a98e 3e1d04a5 3e73bcef 3ec862b6 be6c7ccc 3f56dfd4 3eee16d0 bf3259a8 bd017105 be89a67e bece46bf 3ede8ecd 3d2c0fdf 3f008f72 3f445fbc be19d49b bdd568b7 be95f687 bd681090 3ef856de bf488dc9 3f39b3b9 bf5c9bdf 3eb60aa4 be54acd4 3e7164ed be650ca7 3ea246b0 beef26f2 3f7c880e be79ed28 3f22378d bf1abf9e 3dabd8d8 3f7f6e25 be35cc97 3f0edb8b bed8b2c4 be5a8503 be2d7c81 3f35d3af 3e065c5c 3f776208 bf241d98 3ed296d5 bf445fc3 be5954ad 3f1dab94 3e28ec73 be2be4e7 3edd92b2 3e3274a5 3f26a1a9 3e6e4cbb 3dde2940 bdbca859 bda1d8c0 3eaea2b2 bf7afc15 3d6dd06e 3f46abb6 3f139d7e bee242e0 3f5e57d1 bf14e386 3f160797 bf176b9b bc94df17 3ea59a84 3ecc6eda bf197b8d 3ed6c2c5 be875e72 3f2e73b2 bef3f2f1 3f69a1e0 bf6fa7fb 3e871289 3e7e6d0e bf796ff9 3f0ec589 bf743a07 3ed0dede bf008783 3f31d7a8 bf3de3bc 3eeb2ede 3eebe2eb 3afe0bc0 3e49449d 3d76120d bf68ebe5 bdb358c2 beb9d2b8 3f65dde5 bf166d87 bdf558ac bebd4aa1 beef3ecd 3ec41ebe 3e138c75 bead52c5 be23f4dd 3f1f5fa2 bf1df597 bf3ef1b4 3f54b3c1 bd787107 be0dec3d 3f4ccfc5 be38acaf bf02a97b bf584bdd bf32cdb1 be2c4c6e 3ebdeeba 3dd5790d bf6459dc 3ee352e1 bf6cc9f1 3f72fa04 bea96e84 3f1e31a8 bf3e33a7 3f50bfd1 3ec316b4 bf2655a4 be848682 3e9ff698 3e5794b7 bf0eab8f 3f574fd4 3dd3b89f 3eb0bac0 be1fd4b0 
bf4dadd4 3f5473e2 3d96f84b bf7fc039 be2c5cdb bef546c5 3f156194 beb85ea2 3f7f3a23 3eac42b5 3ec36ec2 bece7ecc 3f6b3dff bf686be1 3f7d4c22 3de83977 3f527bd3 bf4f09d1 bf0e6b99 beb8169c 3db468e4 beaf72cb 3f65adf0 be862e77 bf08658a 3f3b2dbb 3eb90eb6 3ef8baef 3f1d539a bf5d49ed 3f3dfdc0 bed86ed1 beb8f2cd 3f576bd6 bf5e79d1 3c6ebfcc bf4ad3cc 3f7303fe 3f35c9bb bf5327c9 be981295 3f31afb3 3f4483c5 bf784ffc 3f074380 bf38ebba be1084a6 3f73abfd 3e063c89 bedb46db 3e8f5a9e beb382c0 be7a1cff 3f774c05 bf48edb8 bf39e7af 3f6403db bf306db1 be3764a2 3f7b1e0f bf1cf5a0 bf723e04 3f75d7fd bf373bb9 bf5c37d3 3f3e85b9 3e294477 be959a7c 3f0c0d8d bf26759a bf5f83d0 be8be67c 3f20299f 3ed416d1 3f6959f6 bf43d5bc 3ea1329a bf742bf7 3ed6e2ca 3ea4ce94 bd6bb0e2 3f08dd79 be8b426b 3f762400 bf16ff8a beae12b6 be1d3483 3f7ee622 bf5913bf 3e94c288 3de86884 3ed6c6c2 3d9b98bd 3c2f4440 3eb1fa95 bf06bb83 bdb818ae 3f4f2dc2 bf4351c3 3f11b38b bf3847b7 3f307fa3 bf738c02 3e41dcb2 bf244998 3ea0129f 3f191784 bf27b3a9 3eff8305 be9bfe8e be2b5cb7 3f094392 3f1f099e 3eb79aca 3da8f8fc 3e750d19 3f7d4217 beee12f2 3f24ab9d bf705fed 3f4eb1d0 bf078b8c 3f2c9baa bf4b79c6 3ed112c8 befb8ae8 bf2ca99d bebdeeb4 3f17b18c 3f01bf6b bd5e10a3 beb08295 3ede02cd bd7d10b5 bf02cd80 bf4339c0 3df1793e 3f11fd91 bf0bd58b 3f3c75bf bf04eb7a bd26501b 3f662df5 bf2687a5 3f546bb5 bf7bc00f 3f44abbe bf5b83df 3f4f99bd bdfad928 bf5f5dd8 3f18a18f bf2f35b1 3f04db82 be825280 bf20d386 bea552a5 3ece0ec5 be82fe7b 3f4015b4 bf7c0608 3edc6ec3 bf540bd7 bf2f63a2 3e1c8c9c 3ce2e036 3f003774 bde6d8f6 be711ccc be2ad4b7 3d8aa8e4 bf104193 bebb8abe bea1aa9e 3d56700e becd2ab8 3d76901c 3e244c91 be2d648e 3f033b76 3ea03ab4 bf79bc09 bd577133 bea5da94 bebcfebf 3dacc8b7 3e2d64a3 bdb938f6 3ec57ae1 bf55e3d2 3f3569bb bf4af7d7 3f5b63da bc164311 bf5919db 3f752416 bf68d1e7 3f046176 be8e8a7f 3ebd4295 3e800e50 3e670d1e 3e86ba83 3f25f5a7 bf43d7b6 3e376c77 3f19438f bf19a39d bd8ff885 bf3f25b7 3f1965a1 bf0da18b 3f698ddc 3f726dfd bf4dfdc3 3e2bfc59 bd4ed117 3eed7ecc 3e3dc4b0 3f773207 bf766a06 3e41449e 3ea34296 3dedf923 bf2b11a4 3f15b586 3f3a0baa bf749a0a 3e93327f 3e340ce1 bf74abfb 3ebaa6b5 3f02a384 3f5b35d1 3f5af9de 3df688b7 be4a44c6 beda86ce 3f775e04 be8b4686 3c04be86 3e6c9cc8 bef322f1 bec646ce 3f39c5bd bf6f91fd beabdec8 3f27039d 3ed28adb befe9ac7 3cb8625d 3e9fce94 bf1be592 3d3cf0a4 bf27e9a1 3ea70e9e 
bf088582 3b6f013a beb042b7 3f759007 3f42bbb9 bf1ef3a1 3f2b03a8 bf00fd74 bf283fa1 bd9c686f bf3af9ba 3f1c1d8e bf56abdb 3e788ce5 bdd068e7 bf70cbe4 3e868668 be159484 3f6887f4 3f3afdae bf4f5bc9 3f36bbb6 bf3943bd bea4fe8d 3f659fe2 bf7287ed bd9fe851 bf6a53ed bdbb28c1 3e922a8e bf21e5a4 3f210fa0 be34ecb6 be922e81 3ea73a9e 3d29afe5 3f41dfc8 bf440fb9 bf5877d1 3f699fe9 bd67f0ad bf36c5b5 bdd1685d bc7bbf72 3f078582 3f24f19d bd845882 bf6e39e9 be2bacb4 3f4303c7 bdcd7871 3d8248ac 3ea742a5 bf4963c7 3e94f684 3f6d11fa bf00b176 3db4f8d5 3f1c418e bf688bf3 3f093983 3f1ce18c bf2e93ac 3f4ce1cd 3f65c3e5 bf131194 bed436e0 3f4257b9 bf75cc03 3f41c1bc 3f7735fa 3d51b03c bf4b43c2 be03ac56 bf30d9bc bd28afc4 3e1c9ca8 3f60f9df beace2a0 bd4fb0be bef6a6dc 3f24759d bf55f9cd bdf408ad bca3a109 3f17118b 3d2e0f86 bf1eb1a2 3e8eca96 3e0d1c7a be87de81 bf749e04 3ec0aea7 bf1e7797 bd4f109b 3f0bb78e bf023b7b 3ebac680 bf3a57b5 3f7197fd bf787dfc 3f744df0 bf47e9c9 3f5befd5 3f32bfb1 bf5b0bdd be801274 3f094b95 be1e0c96 bf04098b 3f7207fc bf5feddd be7aecff bf4405c5 3ef8fece bf7071f7 beeda6f1 bce0a11c 3ee8dabb bcab5f17 bf4509b9 3eaa0eaf be83928b 3e3594ce bec03ec3 3f47e7b4 3f24e796 3d29102b bed7d2c6 bf61b1e3 3f146b99 3f2bcfa9 bf4c35c5 bea74e9b 3f357baa 3ec0d2b5 3d7191f4 bf5207cb 3f6e2bf9 bf6d3bf8 3f0e7f8f be77e4f6 bf17818f bde678af 3f1d739b bf0dd582 3f130795 3e9ebe9d bf5895c5 3ef002e9 3e196caf be279ca1 3e594cfb be75a4e1 3ecb8eab 3ee216da 3d8d487b 3c85e0bd bf60bfe7 3f45f5b1 3e8f8e8e be4dc4c5 3f67c7eb 3e34f495 3ee15ac4 be1fdc74 bee9a2f4 3f4625cf bf1a4b7f 3f257598 be891e90 3f14297d 3f0ed387 3d8ee8bc bf050b81 3f7f962d bea5c2b6 3da21874 beb41299 3e3cbca9 be990e6d 3eb26ac8 3cbe6028 3f6a83fa bded68ab 3e941ab8 bf21ff8b 3eb1c6ca bdfde8a7 3eca26b9 bf1feb9a 3f3a33be bf4d7bc5 beb6c6a1 3f5819df bf207f86 bd83c826 3f226d9b bea2f28d beebd2ea 3da247f4 bf1b4393 bee746da beac7eae 3f6f5def bf7a0403 3efeaafe bf229b9e 3f6c69ea 3f0c8f8a bf50fbc9 3f462fbf bf755800 bf76c7fc 3f08d97b 3e222c73 be936a73 bc70bdf6 bf31b5a2 bf171795 3f7a3a11 bf3b7db9 3f0b1386 bf5dcbe2 3f7bd00f bf28c19f 3d2df12a 3d03f0c5 3db09826 be977e91 3f6827e5 bec5c2bb bf04c983 bf521bc6 bf332da4 bea4caa5 3efe06f0 be3a24c9 bdfd4917 bec9aeb6 3f6717de bf6107e2 3f1fb3a6 3f2fd1af bf4485c9 3f48abba 3f001f83 bf61efdb 3d289006 3e59e4dc bf029386 3f4c1bb9 bf596be6 3f560dc6 be3e2cc2 3f736df7 
3e92fe95 3ea47aa3 be5cfcbc bf0af180 bf7d940d 3f4e95ca bf53a3ce 3eee12bd 3f02576a 3f08fd87 be5be4bd 3f0ca77d be9a1a8e 3f4a4fb1 bf086985 3f7f1626 be872282 bdb16897 bf0d377c bf4943d4 3f2d33b4 bea4a6b6 3d2c6efa 3f5d15cb bf71fffe 3f1f999e 3f4b9bd1 be1b2497 3f6b87e2 bf38bbbe 3f6de3f0 bf2a89ab 3eb8aeb1 bdc538ba 3e9d8a90 bea7caa1 be9ea284 3eaa3e8c 3f3b8fa9 bf0ee97e 3ee7eef3 3de5e870 3e817a70 3e1b2c8e bf5a85d4 bf561dcd 3e93aa81 3f57c7d7 3dd29938 bf19998b bf3ee3b0 3f6255e1 bf70afe7 3f6a55e9 be3cfcd1 bea9429b bf07eb87 3f2b5ba5 bf700ff3 3f2ba199 becfead2 bddbc915 bd609120 bf03f375 bf704bf6 3f1b8395 bd9d08f7 be806a98 3f1a3993 bf2a29af bf5d8bd7 3ea8ae82 3ed10ac2 3e568d05 3e958e79 3f5631d3 bf33bda6 be715cd1 bef5b2f3 3f261b9c bee1e2d1 3e81b697 bd574fd1 3f6a59ef bf6055e1 3f2709a9 bf6eadf4 3f277798 3ece52b5 bf53edd3 3f710dfc 3efc7ef9 3ebece9d 3e7d5d07 3e956aa2 bed0eebd 3ea44a9d beaafeb7 3f31a9b0 bf341fc0 3f3df1b7 bf16ab8a 3f271794 bf798202 bf098989 3f1bc387 3ee702dd bf4bcbc1 3e966282 3f175b8d bf3e37b0 3e848278 3f4355b6 be00b4a0 3f1e9b93 3e30e4dd 3f743e01 be9a2aa0 bf4dc7c4 3f053177 3f69c3e7 bef23edc 3e46ccc5 3ed15ec4 be317cc7 bebe76bb bf5479c9 3e426ca7 3f37a1b7 3ef85ef4 bf4161c1 bf23f998 3f347db1 3f20ff96 bf05477d bde298a1 bdcf18a6 3f39e7b7 bf49ddb1 3f098787 be414cca 3ee3e6e7 3ee6fad5 3dd33860 bf6d29f5 3f78680c bf6f81fa beea26ec 3f7e3a20 bf3891bb 3f229399 bef7beea 3ee69ad8 be97f28e bd6710c3 bf26ab9f 3e881e79 bc60c109 3f48d9bc bf504dd7 bf061d8c 3e3fbc90 bf5717d1 3e95a293 bf639be3 3f0b7395 bf6b3ffa 3f3611b0 bf67dfe7 3f3de5ae bf4137b7 3e37fc7e bf71e3ed 3ef266fe 3e231c62 bf1af590 be8aa6a4 3f02e96c bd4cd12d be70f533 3dce38c7 3e82a682 bea57687 beb8929d bf6f53fc 3f6ee7f8 bea08e99 3e9516a2 bef3fae6 3e8a42a4 3bf181c8 3ecf1edc be87ba85 3f61bbd7 be835271 be9f2a91 3f52d5d3 bf6163e0 3e615cd7 3f182794 bd55f0ab 3f237b98 3f72adfe bf4e53bc 3ee0c2de bcdaa153 3d8f3859 3ee62ae5 bf51bbca bf138f95 3f43adb0 bf339bbb 3f62c5d8 3f29778f 3c929e7c be855a8d be81ae88 3f54fbc9 be37e4ba 3f729bf3 bf7ade0b 3f4c55d5 bf30fba2 3f1fc799 bca11f58 bf29d9a8 3ed1beb6 be02fc7a 3eb616aa be6bdcd3 be84e293 bdb698e3 3f4707b9 3f1a7f92 3e95a69f 3f35ebad bf770a02 3f73d400 bf09ff83 3ef42ae9 bf757809 3f3097b1 bef282da bf3773aa 3dd95975 3d96d843 bf55ddd3 3f59f7e1 bec86ac9 3e95868c 3ec43ab2 bf43dfc5 3f60e7de 3ced1fb6 bf51e5cd bebea6c5 
bf1f9f97 be098496 3ecccace 3ee7b6d2 3ed066bb 3ea17ebb bec226cb 3f15bb88 bf6713dc bf35a5b2 3f3addb3 bf6dc9f0 3ebc9eb2 bf0aa787 3db1085f beb89aac be0ee479 3f118984 3e2e64a6 3f031579 beb19eaa 3e8b3288 be193c90 be6ab49c 3e94a282 bef6faf8 bf2fa7a2 3e5a24ca bf2d2da5 3e609506 be34b484 bf00377b 3f5a17d9 bf7ab61d 3e8f7282 be95127c 3f2ec3a1 bf7dc226 3f2907a5 bf687fe3 be2c1cd6 3ed8aec8 bf6409df 3f01f185 3f067387 3f6cd5f3 be019c62 bf41d5bc beb116b9 3f54d9ce 3f563dd7 bf5571d7 3f1fc5a1 be680cbc bf3b6bb9 3f4b09c7 bd7151fe 3ed7b2db be9c5283 3f4bd9bd bf5c63d4 3f3f1baa bdc4d8ec 3f7279f9 3dce2882 bda23899 3f056780 bee63af2 bd3ed084 3f14c38d 3eb4d2a4 be93ea89 bd4670b6 bec6bec2 bda068fd bf54d1d2 3e4504cf 3efb0eec 3ed6fed9 beef82f3 3f4735bd bf35c3c5 3db5e8b2 bebeb2c4 3eaaa29a bf3cafaf 3f7f8824 bebc1e9b bf5cf7db 3f5377cd bf5347d2 bf420daf be205c89 bf763c02 3ee99ed9 bf046d78 3f06ff89 bedd2ac4 3ee732ce bf7cb41e 3f72e201 bf5d03d2 3e6e84cf 3f79ce09 be5254aa 3eb01eaf bf4fa9ca 3f5b25de bea85287 bf06597f 3f1cab95 bedc1ede 3e2f14a5 bf24ab9b bdce58f1 bf5d33cf be98669f 3dfa88bb 3f773006 bf60a7d5 bf46ffbb 3f31ddb5 bf6361e3 3e492488 be164cc8 3ec212b4 3f1de5ad be968688 bf60e3dd 3b5101eb 3f4b03d2 3ea4a6bb bebc32b6 bf10bb7e bea07a74 3f2439a3 bf79be0a 3f448fba bf44dbba 3f77e7fb bf6be3ee be4964b5 bf052b7d 3e6bacd9 3f30ab9d bf3ec5bb 3f3365ab 3f57c9da bf4129ba 3db7085e be2b4c9e be913a9b 3f0a7583 bf519dd4 3f7781fb be700cc9 3ebe2eac bf30bfb7 3e450c93 3ca5de20 3f76c7fb 3e0b9c84 3e82ce97 be360465 3ef5a703 3e0bec66 3f42b3b4 bdba888a bdd9e903 3f068383 bf077d79 3f55c5cf be0e4ca6 be527cce 3e5064ac 3d15d0a9 3f30e79d bf5513d6 3ee416d9 3edcfade bf5cbbd8 3f5129d9 bf6959dc 3f53ffd2 3f5fc1e3 bf6643dc 3dea8870 3dffa928 bd376fcc 3e3f8c8c beecb6e2 bf25dda7 3f14838b bf3d1fb6 bf152b92 3f5c83da bedb3acf be7234c0 3f439fb9 bf7b481a bd98d89f bf3783b9 bf115f85 3f2a73b2 bf6c75f8 3f44b1c0 bf571fdd 3e15949d 3f0ec987 3de6c890 3e3c6490 bde97893 beb132ad bee506cd bf1fb98a 3f5959d7 beb3becf bd0ed0eb bf096b8e 3eb42a9f bf457fd2 3f64a1e1 bf1cfb88 3eb73ac2 bf18ab91 3f5687cc 3eb46e99 bf6613e1 3f09a186 bf3345ad 3f67bdeb beb4aeb5 bf131588 bd517065 bf21b198 3de6b88f bd101064 bdaef880 bee702e7 3f36c7b2 3e5134d1 be482cac 3f21619b 3e2fcc70 3f6a79e6 bf73b206 3f712df0 bf18918c 3f2c77a8 bf6a6dec 3e4cdcb5 3e05d474 bf5ae1dd be024c9c 3f295997 3f273d9a 
be553c94 3f2b3f99 bf76ebf9 3dec997a bec556ab bf310da4 3f289d97 bf465bc3 3f7c6e15 3f020184 bee88ef6 3f078b85 3e0104bd bde2c87e 3ef9a2eb bd35b0fe 3cef61bb bebc42b5 bea9aa83 3ca461af 3da7c872 bee90ee5 3ecbc6c1 bf107393 3e50fc99 3f70dbfd beccaec7 3f4613cc beb8469e 3ed8eed6 bd0c7029 3ecfbec7 bf239b9a 3f5697d4 3ea68287 bf0d2b83 3f100793 bd4f5054 be19cc74 3f329da8 3f049b83 bf282b9c 3f5457ce beb87291 bf6eb5ec be21acad bf26f19a 3f7ab00d 3e645cc7 bf1f2b9e bf6195db 3ec19ea1 bd1bb0da be751cf3 3f69cbf0 beb46ea2 beeb62e1 3e90e2a7 bf780fff 3f102d81 bea2dea2 3e8c9672 bf5d89db bf18c391 3f162599 bf30239f bef27efd 3f1f2f94 becb7ec5 3d096ffc bed63ad8 3ee91ee6 bed0bac8 3f2d23af bd99c887 3eedcaff 3f22d392 bf757a00 bd8927ea bdd30866 bea9767d 3e884a7c 3f3183ab bf3f7bbc 3f1c158d 3ef766f0 bf6263d6 3e915a8c 3f3ed3b9 be95c286 3f3025a9 3ec8d2a7 3f6dcbe7 3e346c73 3f174784 bf0cad8a 3f36cfa8 bf6e97f9 3eecfad3 3f219d93 bf1cc39d 3ed7eece be256c8e bf2cc5a9 bea91abc 3f0ae999 bf58bdd4 3f5673ca bf48bdb5 3f5ffddb bf05bd8c 3ef78b08 bf37e5af 3f4c47d3 3eaa12a0 3eff4ef3 3f41afc3 bf74d807 be5664d2 3f7ea01d be289c87 3e9cd271 3ec1b6aa bb0cfb30 be3bc4d5 3e0e9468 bf0f6d8f 3ef956f9 3f4817ca bf228194 bdd838bb bf1a399c 3ebc92a3 3ed9baea 3f01257c bde08990 3f23c7a0 bf18838d 3f163392 bf4c17ce 3f4187b7 3f147d7d 3d5b709a 3d19113e bf6f0e06 3f64d7e2 bf5677d3 bf3e71c0 3ea206a5 3d4eb043 3f605bd1 bf6cafea 3f5127cc beda06d2 3ebe6ece bf1f0792 3ebb32b5 be1cacb1 3e813a73 beb2b28e bf04d57a bf38b5a6 3e2f04a4 3e588cd1 be47bc93 bf14517d bf113d83 bec236a3 3e93d286 bdb718e4 bf21f999 3f14f38d beb71eb6 3ed5feb9 be0f4475 bf240196 3f24e997 bf1c1b90 3e70dcea bf255ba1 3f7da81f bf7815ff 3f7223f6 be9bf69f bf6b25ea 3ec402da 3f114986 bf340dac 3eca32c0 be8bdea3 3f4c11c1 3efca2f3 be97a68d 3ed90aca 3f5ca9d7 bf441fb8 bd9e08b0 3f309ba9 bf5c23da 3f6893e6 3e8a666b 3f3601af be7c6500 3f038d76 3e143cae bec03ab7 3f5c6be3 bf2b639c 3ecd32b2 bf65c1ef 3ed122bc bf27aba7 3f728df3 be75dcdd 3f6393ef bf5415da 3ebb9aaa 3e0444c4 bee8d6e5 3f666ff1 bf0bef83 3ee666df bf2353a7 3f11ed7f be35b4b0 bf03857d bd923882 be41b498 3f4495b4 be3dd4b8 bf0c597f 3f5395d3 bf26859a 3f6dd9f3 bf4573b7 3f7cbe17 bf6a25db 3f606bde 3c6dbd72 befd76f8 bf00a979 3e039479 bf122586 bf02ad77 be759cfc be17d4bd 3ee71ae6 bef2dee8 bea69ac0 3f5de5cf bed6eaee 3f0e6984 3f17458f 3ed376c7 bf799205 3e1a1492 
3eedf6f5 bea08a99 3f1dcb92 bec0b6bd 3f672be9 be9c4a8e 3f407bab bf057977 be6d4c99 bf1fd7a7 3eef96f4 bf3a11b5 3e1f048b 3e08fcdd bf4c31ca 3f1d1597 bee9bacc 3f5b93d0 bef86edf 3f3281bb bf5707ca 3f7ef627 be5d0cb1 3f244198 bec102c2 bf56d1bd 3e909285 be893e8d be09ec46 3ea46e8a bf631fdb 3f357db4 bdae08c8 bf674fe1 bdb638ec 3e54651a beda82d0 3d5f9090 be1d4cc5 be88ee8d bf25078a 3f14db86 bf7ede22 3f753fff 3d4d7113 3f7171e5 be8aee95 3dca9876 bf260f93 3f094982 3f2e9da8 3e5c04e4 bed3cedf 3e968eaf bf2d5faf 3e378cb6 bcf55eee 3f048581 3e741ccf 3e801a79 bf0e5585 3ede16bf 3f5979d1 3db748a8 bf116597 3f6b45ee 3d9e287b 3eef0eed bf4499bd 3f11e19b becabab4 3e951290 3dd01931 bf1e47a5 3e808665 bed3c2cf bf5da1d5 3f7e4823 bde408bf 3f130d85 bedd3ed9 3ec682b7 bf7b161f 3f2f99a4 bec0cea8 bf4289c1 3f4e99d1 be460ca5 beb21299 bf366fa9 3e1dacc4 bf6ebc01 bf1c2596 be8d7e79 bf010b8b 3df7b911 be7e5cff 3f4941c5 bef63ad0 bebf82ab bc81602f 3edd82d5 bcd4602a 3e828a8d 3f22ad97 be96d67f 3e9c4290 3e0e0c7a bf00a577 3f131786 bf2e3ba9 3e58249b 3f159b8a bf2f15a4 be417ca5 bf36f5ae beb81ea5 3f4f89c5 bde3e8df bf4e41c2 3eb9c6ac bef586ec beb136ab 3e92b27b bdb2290e 3e0edca9 beb79a8d be4eb4ec bdba1899 be2a94a0 3f78bc04 bf2aeda9 3f4cbfc9 bf64ede3 be98f6ab bed89ac6 bd969802 be6ddcdf 3ee912dd be8d8a90 3d4fd05d bf793809 3e88c68f bdea78c5 3f3163ae bee1b2e0 3f3005a9 3e6bccdb 3f5117d6 bf7671fd bef092e5 3f767bfd bf7a0000 3e9bcaa9 bdf77931 beea9ee4 3f798c13 bf31c9b6 3f136796 be9a868d 3f648be1 3e0b748f 3f188599 bf7c2412 3f0c9180 3e6214d2 3f6339dd 3e82c66e bd49afe4 be19c445 3f62afde bf0c877e bf0dc582 3ec5b6a0 be5784db 3f0a7b87 bf2d83b8 3f65f7e4 bea6cec0 3ea736a7 bf073b85 3f206795 bf223198 be253cca 3f239b95 3e2bf471 bf6f61ec 3f46ebc1 bda5e921 bf183792 be03e474 bf73bc0b 3ed40acd bf6893e9 3e98c287 bf19d58c 3f6c73ea beee56e5 3d1e1137 beb2a29f bf39d9ae 3e609cde be556cb5 bf4253c0 3f139f9b bf7a7817 3f6e19f9 bf7281f5 3f0b778b 3e90a293 3cad606b 3f125793 bf3b67ae 3e94fe89 bf416fb9 3f63d7db bf730607 3f28619f 3ead0ad0 bf717bf8 3f2895a9 bf2b9b9e 3f78b804 bf6645f4 3f65f9d5 be774553 3eb95a8f 3ec32eac bf72c7fd 3ec6da9f 3e8c5690 bf4b89cf 3f6b4df2 be9f4690 3e66f4fa bd8d586b bd00d097 3dc008b5 bf629de5 3f74f9f5 3e9f1286 3ee5cacb 3d1a7084 3f7a5208 bed0b2dd 3f68dbdd bf7d6215 3f139786 3e70f4cf be85d667 be6554a7 bec8a6ad bf5a57d4 be8c268a 3f6d01f0 bf1fada8 
3de1d950 bf5bc1ce 3f391db2 bf1d95a4 3d95c806 bead42a2 be88c69e 3c24bff1 3f76f601 beccdeae 3ee6d6dd 3d81b862 3eb3b2c4 bf087189 3f64b9dc bedbcadb be78a4d1 3e4a3c7e bec27ec7 3c8e6047 3ebd4aba bf232b95 bf11878b be328cb7 3e787cec 3f48ddc3 befec302 3f1aef9c bf184790 3eea2add 3e741513 bf4121c8 3ef9c6f2 3eb886ce 3f6d69f2 bf5ddddd 3f4881bc bea3da9b 3f4b49c2 beeab6ea 3f1be99f be801e8c 3f7443f6 bf65d5d3 bea61eae bdddd892 bf197d9d 3f4739ba bf26e995 3eefeae5 bf20ef96 bf35b7ab 3f3c8dbf be549c9d 3e17a48e 3e996a8f bdc588a9 becb46d2 beb59ab6 be5134af 3f308da4 bf70a3fa bec612ca bbde7d5b 3f21ddad bf6989f4 bded8910 bf3559a8 3f3293a6 3f01b57c bf2d8fa4 3ecafab0 bf0d3585 3f6623e4 bf2c33af 3f5287d4 3eca7edf bf120187 bd85287a bee20af4 3f4653bc bf3d37c3 3f645fde bea0d6a9 3e63c4ee 3ee312db bd3d714e befd9ed8 3f12e79a 3f49bdba be16549e 3f6cf7e9 3f0e9991 bd99a817 3f3befb1 3db3f8ef bd3f1083 bf5bf7d0 3f76ae0d bf05ef80 3f47e3d8 bf63afdb be8ff2a7 3ec9d6b6 bf72aff1 3e4ba4d5 be6c6cf1 3d6f919c be3b2cbd 3e9f568b be86fa6e 3f020f72 bf770c09 3f3bbbb7 bde85910 3f3ca9b9 3e87da73 bf6deff1 3f740402 bea47a90 3ef77af4 3e28fc86 be8c8ea3 3f200f8e bf76d60a 3f18638c 3f379bbd bea15e9e 3d31712e 3e7e9d30 bf5a73d5 3f5f07dd bf6b2df4 3ef1beee 3f3809b2 3da978c8 3e67f4a2 3ebc36b1 bf15b585 3ed202be be5d6cf2 3f768a02 bf1a758e 3ecc22bd bec93ec6 bee296d3 3e5264bc bf070772 bf62b3d3 3f6a09e9 3e736510 bf2fe3a1 3f5f47d2 be97d691 3f0f2587 3e1ddc87 bf209ba6 3d70115e be922a8a 3dffc99d beef8ad7 be64dc91 bf07a583 3f149184 3db2c88e beeaaef0 bf437fb9 3de10919 bf29bd9b 3f128b9a bf76fa0b 3eb7e2b4 3f7255f1 be813e88 bef4b6dd 3f6593dd bf641feb 3e2f7cb6 be968e8c 3f3b95c0 bf720df8 3f461bbd bf05c17f 3f78a403 bf2cb19d bd6e8ffd 3f43dbc6 bf6841e7 3ee392c9 3f2bb7af 3cf7a2db 3f3a2fb4 3f0c9586 bdb3d8c2 3da25879 3f106187 bf42e1c2 be40947f 3f174189 3eeab6d3 3e469c8a bf209d8d 3f737202 bd5bd092 3e6024bd 3f01e577 bf54dfd6 3f5af3dd be4f3513 bede66c4 beb272a1 3dd668d9 bf032381 3f4199ae bec89ac5 3d28effe 3f03a578 bf231198 beb596b9 3ec586c6 3f075b73 bf723bef 3f4b5fd6 bf7cb80b 3f186d8d bf63cff0 3f0ca584 bf4709b9 3f46c7bf bf01c789 3eb00eae 3b88838b bebe22a0 bf5785d3 3f3533c1 bf6d0fed 3f4823bf bf23999d 3f7905fb bed3e2d2 bf76edfb be81627e bea7fa9e bdcf0935 bf15339b 3cb2a052 3c053f0c 3eb4aeae bf1dad93 3d1fb02d 3ea1d683 3f4805ba 3eb53e91 3f3213a9 bf67ebe2 3f095393 
3f4bcdcb beebdae0 3f2e01a3 bf3fafb9 3f4f0dc7 bef4f6e8 3f613fe4 bf6305f5 3eaa22a3 bf696dee 3f234396 bf3649b3 be4d34a0 3ef79ef1 bf397fb7 3ebba2c6 3e99fa82 bf088d81 3f6a31f1 bf4b45c6 3ee88efe 3e9602a1 3f246d8d 3f02f176 bf7313f6 3e16fcaf bd0caf5f be163479 3eb20ebd beec9ad5 3e5cccdd 3e9a9ab0 3dcd8967 bf47f7b5 bf2bc9a4 3eadd6b6 3d2c914b be87fa74 bf6065dd 3f71d5ef bee9bed2 be0e3c8f bf394faa 3edfcad3 3f4a4dbb bf0d8d7f 3f5d4be0 bf592bd7 3f7c0019 bef01ee7 3db878f5 3f4f41d9 bf205b9f 3eba1eb3 bef3daea 3eed3f02 bf42d9b9 3f4991c9 3ecd22a6 bef0bed2 3eae1aa1 3e90269c 3f147787 bf035f85 be605ca7 3f0d297c 3e95b667 3f463fc5 bf53b5d0 bf4bf7cb 3f2bf7a5 3ec50ea5 bf641be8 3f3ce9b1 bebc4eae bf03d378 3cf620c4 bc5fc1f0 3f2a8da3 bf2ba1a2 3e16748d bdd318f3 be137437 3e08c4b9 bf5a5ddd 3f3677bc bf7afa11 3f73b3f5 bf192f81 bef5c712 beed1edf bed6aee2 bf1ca39d 3e9b0a9e bf052185 bf4235c3 3f5053cd 3e9cd690 bf53abc8 3f74b9fe bf6b39df 3f47b3c6 3ed97ec8 bdd848d5 3e9ede82 3db35866 3ec5fec5 bea4a2ab 3e6cb503 3e98e2b3 bf51dfcd 3f5877cf bec23aaa 3e89ba7e 3bd58a2a bf0df377 bd92a857 3efe62fa bf544dc6 3ed43ed2 bf23fda1 3b7afac3 3edd26c0 bf020f79 3f6e15f5 bf2f33ae bf5e75d8 3f1e1ba5 be805a71 3e682d13 be1b6ca5 be60bcee 3f4335bc bf313fa4 3de318d3 bf2d3da2 3e4b5cca beca0ec0 be408c84 3f5c23de bf70dffb 3d35310f 3ef132d7 bf4e07d9 3f475fc9 3e8a2292 be2dd4a9 3e82566a 3f7e2613 bf4cd5cd 3ed236cb bed396be 3e5ba4b3 bf4673ba 3cf8e35b be8a1a9c 3e9ef29b 3e4364d2 3f3b53b4 bf6345de 3f5597d7 be7474ba 3f50afc9 bef2dafb be85da71 3f00c377 3e05e427 3e4c5cdb 3f1b5587 bef2e2ed 3f6e03ea bed516e6 bf54cdcd 3e265c87 3e0c1c9f bf3ce7b7 3f6eebf0 3d36f06a befe0303 bea63e9e 3f451dbd bed07ec4 3d269056 be91d69b bdb848e3 bdbf686d bdebc8ff 3ef9bef2 bf110194 bf3911b9 3e6a4ccc bf7013e6 bf75ebf5 3f6d13e7 bf39bfae be84968b 3f66c7e3 bdbcc8ed beb58ab9 bf49ffc1 3f0f6981 3ebbf69e bf4301b8 bd34f160 be1414ad bf21a997 3f7e7023 bf45d5bd be51b4fc 3f78e401 beaf4eac 3f7013f4 bf14cf92 3f3ba3a6 bf4c63d1 3f242f99 bf532fd7 3f4423c6 3efefed4 bee336f1 bf120b91 3f77f80d bf163b90 3f3f57aa be880e87 3f086184 bd0ef0dd be898670 3f191f8e be7d44c3 be09649b 3c976070 3f3741be 3f203d99 bea12a9b 3f483fd1 bf4d75d0 3f517dcc bf7d7422 3e88ca7a 3f4833c1 3f574bd6 be39e4ab be2ee4bf 3f7b4a12 be70d4ad 3b4108b4 bd98b851 3be18393 3f0ae17f bf082f86 bf3c0db0 be6d3500 bf670de9 3f759809 bf7dbc15 
bf4dc3cf 3eff0301 be474cdb be815e7e 3f2f85a1 bf70bdf3 3f606ddf bf182b8f 3f143b96 3deac89a 3e4e3cfe bde8f84f 3f75b603 bf4019c2 3f3ae9be bf374fb2 3f100d86 bec846c6 be8f1a9a 3f16eb8c bf31c39b be840663 bf24979a bcf1626f 3e1a7c99 3f27b9ac bf6d31f0 3f06456d be5cbca1 3e11c4ab bd6f3027 bf005372 bdbb8889 3f11418a 3f35d7b1 bd018fad bf1e939a 3f361fa0 3f086379 bf58cdd2 bcc75f88 3f34a5ab 3ea5ca92 be8ddea6 bd076ff2 bf1aad92 3f5403cc bf54f5c4 3cf263a0 be27dc92 3d45110f 3ea98699 bf3e1bba 3edf06c2 be171499 be504ca8 3f1cf998 bf253f9e be8cdeac 3eef1aef bed876c5 bee9caed be1034d0 3f5ec5ce bf2943b6 3eefcee0 bf7bfc22 be8b768b 3f37edce 3f6b4ff3 bf72bdf1 be2de4a3 3f763406 bf7f1e24 3eccaeba 3f021581 3c1a40aa bf1eed96 3f0b2b84 be63d51a 3efc4ae1 3e2c6c56 bee436dd 3e956686 3f4263b4 bf3c73b0 3f158d8f 3b5ef9f3 bf0bd179 3f6bdbf1 3f05a385 3e0a3c7d 3f29259f bf3c3fad 3f37efbb 3f3817ae bf76e7fa 3e6304ec 3e237ce4 bf3695a0 3edfb2eb beab3eb0 be9b8a89 bf4e91c0 3f39b1ab be35448d bf5357d5 3f22f596 be5874fd bf20078d 3f6d25f5 bf0dff80 be22d4b3 3e8e2a79 bf5201d7 3f3c87ad be9a7a8f 3e851671 bdef48fd 3f4431b8 bf1f4989 3f764c0c bf727ffc 3d7030e0 bea6a6b4 3edb96da 3ee0eef0 3bd8832d be88c272 bd4c306c 3f4d2fc2 bf128d91 be661cd5 3f204392 bf2ca5a3 3f5d0fe8 bf140f8d 3f6a2bde be142459 bf48d9b6 3f610deb bebb4aaf be5cf4ec 3f00bf7d becadabd bf3bd9a8 3f67a9e2 bf7fee3c 3e13c468 bf39e1a9 3f31d3ab bf2407a0 3f72f002 3d2b4fd1 3e81129c bdacc897 3ebe76c3 bf293d99 bf0a7f8c 3f3389ad be32acb6 be92468b bf08bd86 3f14fd91 bf14d984 3f1c6f90 be25c4a5 bef082e9 3d5f305e be23d484 bf31dfb5 3f02cf81 3f1e899d be7d6d35 3f1bb599 3ddf3915 bf4515b8 3bc780de 3f772e07 be62347b 3e6694df bf659bea 3f5761d5 becf66cf 3f0b7585 3ee162d0 bf1b4b92 3e2b1c9d 3f134391 3ec792cf 3da918b3 3f6d4ff6 3f4d79c3 bf73d003 3f6817ef bd9968ec bf3b15b7 bcca9ff1 3f779bff bf0c6181 3e9f5e93 bf6963e3 3f78940b beb33ea6 3f2687b2 bc8b5f90 bea3c2a9 3de0090b 3eec46f2 bf41a7bb 3d5e5074 bf6fc3f9 3f1eb3a7 bf5845d2 3ee556f3 3eacc6ad beb6a6b6 3d81382c bf7bb620 3f4b6dbf 3d3450ea bdeca8e2 bf34d7a3 3f2511aa bf51e1c9 3cc85fe0 be250ccf 3e94a6ae bead929f bf179981 3f6ecff5 bf1ca596 bf4b2db9 bcfca285 bf2fcfa7 3e577cdf bd47d085 bdbd090b 3e7bccbc 3e5f1500 bf418fb8 bf6355df 3e943a8b 3ed426d7 bf60e7d9 be86d292 3f37cdbd bf4be7c5 3f2559a5 bf0eed76 3e2bd4c4 3f5947cf 3e035471 3f6d67f5 bf315fab 3f55b3d4 
3f3991b5 bf293f9c 3e8c8694 3d71d020 be86fe96 3d285062 bef10afa 3ed0c6f5 bed5f6d8 3d93684d bef646f4 3e13145d bf6401e0 3eb9beaf beb7fabf 3f18b59d bf33bbab 3f02f77f 3eb4cabb bf22fba2 3f63b9dd 3e56d484 3f33adaf bf2fffb1 3f1c3595 bf5db7e7 3f36d7a8 3eb3feaa bf23d598 3e3f84b3 3e5e74f7 3e562d1c 3f2bf3a4 bf7db817 3d0e10f2 bf11a98f 3f7023f7 bf4adbc7 bd28512d 3f197f98 3e16349c bf6329e8 3e6d3cc6 beab4aa0 bd9a586f 3f1cd7a0 bf67e3e1 3f7fd629 bd8b38a6 3ea41e98 be4bb4c7 bf4b05d4 3f7dac0e bec7aabe 3f52ebcb bf78cff2 3f4c21d3 bf0ceb78 3f645be6 bf5ad1dc 3f0a3990 3f2d5baa bf1bf38e beed8ed7 3f28ff95 bf236b92 3f6e63f2 3e02c42e bf7111f9 bebb02b9 3f56ffd2 be7a6d1b bee642e8 3f1d0597 bc9020b4 bf2123ad 3eb01699 3dacf8bc be5a0cad 3d4830c1 bf13cd7f bec6babd 3f728bef bf463bbc be477cc1 3e580cd9 bdb238c6 becf06cc 3f643fd1 bf799610 be1464a0 bf361db3 3ec5bab3 bc4141aa bdb0e8fb bf66e9f1 3f73a402 bf16f58c 3f10218f 3e913281 3e2cbcbe be989e9b 3f1ab98f 3f6f31f9 bf75a802 bda7588b 3f5f6fd8 be9afea5 bd2d0fb8 3ef51eed bea46e91 bd77b10e 3e8d8a80 3ef3430f be6424e7 3f5417c4 bf57e5d3 3f079780 bf16398b be270cbe 3e8efa8f bf5b49da 3f64f3d9 3ec4e2c7 be018c71 3d5cb14c be8c2e90 beb60ea7 3f2c01ae bf55c9d9 bc80e0de bd0e9112 3f17838c bf58f7d1 3f5293d5 be444cc4 3dcc88ad bf57ade1 3f0b0185 3de5494e 3db96867 be8a7e9a 3f071d89 bedc5ece 3e87fe89 3f42dfbe bf7e3e15 3f447fae 3ed466a5 be472c8e 3f449db6 bf3b1db6 3d6f1191 bf7d2a1f 3f75f7f9 bf5773d6 3d1b4fa8 3e641cb8 3f18598c bf0eff7d be412c96 3f228f8d 3c8ca014 3d267071 3ec78abe bf4215be be933e74 3f68a5ef bf67d9e2 3f4dbfca 3efa8edd bf231fa0 becaeed0 3e4554a9 bf59bdce 3dae587e 3f5091cf befcf2f6 bef81afa bebdb69c bd41f0be 3f380db7 3e20a47d bf22d7a1 3e46fcde bf7095ed 3f74fbfb bf4ed1d5 be1ec4c6 bec0e6b1 bec94ac0 bf4ae9c7 be998a8d 3ed246d5 bf3eb7bf 3efd7edb 3e3fdce5 3e4484cb bf719400 3f55f7d3 3e902280 bef9d6e2 3ef712ca be625ce3 bf3b85b6 3f41fdbb bf40a7ca 3f78be04 bf5225cb 3ee74ed5 3eb4e696 3f3e73bf bf05eb8e 3f34bba7 be219c90 bf65abe3 3f5b3dd9 bc6140f3 3eb492b6 bba47a33 bf2d23ad 3f1bdf86 3ea07e95 bea5669b 3efa0ef1 3e12ac84 3ee4e6de bf43adb5 3f2fadaf 3f0b3793 bf4e57cc 3f65d5e4 3da30881 3f5c1bdb bdcf28e7 3e54c4c5 3cc92315 bec3f2c1 3f124993 bf3e45af 3f673bed 3e67951a 3e73a4cb bf6cf9f1 3f73d803 3e998a82 bf38fdaf 3f7b0e10 bf40edbd 3e8eaea3 3e712ca0 bf7f723a 3d7890fa bf596fcb 3e6b84e1 bef3aaf6 
bf435fd2 3f63bbd4 beef4ef7 3d5270c9 3ea862a4 3d2f90ae 3f5213ca bf5565ca 3f3f17c6 bf0d2979 3f3255b3 3e39ac88 3f0f3f9c bd9ac84c 3ecdf6c0 bf41bfbc 3f59d3e1 bf3271a9 bde998d2 bdbdd843 bd0bd0f5 bf6d0de2 be4aece2 3f5f9bd9 bf4d9dd5 3f2dafb1 beab7eae bf5df7da 3f2b0faa 3e9a4279 bf2ef7a6 bd6e7054 bf566dc8 3f76b005 bee202df 3f18f7a3 bf4057ae 3f4607cd bf7f0e12 3e9e7e96 bee2b6d7 3f6aa9eb bf2c37a7 3f4f49c5 3e0d1466 be7d0505 3ebc5abb bf4917b2 3de40904 bf13b797 3f184f88 3f014d81 bea56a99 beeb3af0 bf12b99e 3f5159dc be9fa2a9 becc4ec0 3e48a4a8 3e5acc9f be965e78 bf16d995 3f765409 be5d44ee 3dec8861 3b8c7ede be9f028d bcd5e12c 3f57d3cc be048488 bf169d83 3ed2fe9f 3e4d6cd7 bf0f6577 3e57e4f1 be340c5f 3de5b903 3ee95ad2 bf47d1c2 3f13c389 3f37cbb0 be860a93 3e1f847a beea0ec0 3f7ec82b bf2eeb9b 3f057184 bebf2ea9 3e51948d beb1ceb6 3f75fc05 bc3f4028 be644cbf 3d883881 be3fccc9 3f5f91e5 bf2b9fa1 3ee0d2dd bf24559a bef19af8 3d7571d2 3d6cf164 bee142e8 bf5ac3d8 3f5133cb 3eaa1a9e bf2411a7 3caba098 bea0ca92 3f09fb7e bf52a1d1 3f4e2bd1 bf281ba7 bf02116f 3cc7201d bed316e0 be8a0a6f 3f36e1a3 be84f29d 3ea71aa7 bc39c402 3ef3c2ff bef9f2d9 bf4f31c1 3eefd307 bf557dce 3f47efd3 be99a66f 3e1524b1 3f54cbd1 bed216e7 3ebebeaa bf06ad77 3f0a9385 bf08617a befbcaec 3ea07695 3ec88ecf be4d74c1 bea2529e bec276bb 3f2b4bb5 bf50e1d1 3f17b98a bf282795 be2fe4ed 3f194796 bf2abda0 be908ea7 3da9e8a9 bf518dd4 3f6127e8 be4d2cf1 3f316fa9 bf182d89 3ea85a83 3eda5ebc bd356fe9 bf28cba8 3f7d6021 bf50b1c8 3f13f985 bf3d0dbd be24e4ae 3db23883 3edf16e1 3f0aff87 bf226f9d 3f6b69ed bf3ffbbe bf0d6980 3f7df821 be6fa4da 3f28c199 be19bc7f 3f17c783 bf69bdf8 3f1dbf99 3e23347a 3f5b5fdd bdabb87f bf2f2da3 bf1e9d8b 3f2d4998 3e523cda 3d79f02f bdbd48eb 3f4c7dce be8a6e8c 3f2ed1b5 3ec016a7 3f5cf9d4 bf3971ac 3f78dc06 bee112ce 3dd98873 bec34ecf 3e650cb3 3e66acc3 bf3583aa befb5eee 3f749e06 bf396dac bda5592e 3f5fafdf bf602bee 3f3d37bc bf67dbef 3ee5ead0 be3c94ab be7404b2 bf773df3 3f322fb8 bf13a187 3e0fb4a3 3f6335ea bf780e0d 3e85ae71 bf3535b1 3f4983cf bf0a7982 3f13698e bf6801e2 3e9c2692 3b4ef853 bf2f47ae be83aa97 3f20ab9e bf206d9a be826688 be8e6a8d 3eb32ac3 bf789e0b be0a1caf bea7469d 3ec8bac3 bf07b785 3f5aeddb bf51d3ce 3e5c64db 3e84625e bf52b7d7 3f1c299b 3e023c52 bebbca94 be349cc9 3db5b87f bf0f2b82 3f34dda9 beee06e8 3aae0807 3f7d1a15 beeb7ac7 3f758bf4 3da378c3 3e834282 
3f0d698c bf53e3d6 3f28439d be9e3a95 be2e1cb4 bf3939ae 3eb262c6 bf473bb5 3f4ff9de be9f1697 be6a6ccf bf1e3393 bed9fae5 3db01883 bf29d3a9 3f78ce02 bf785202 3f6d91f5 bd07909e 3edafeaf be86ae8c 3f68cbec 3de63925 bf53e7d3 3f1bc791 bf06ed90 3ecae2b6 3f229d96 be78ecf2 bf06157c 3eb13ab1 3f4d85cd 3b5b0d31 3e6e0d0f bf0caf89 3f7fc232 bf5dc7cb 3f1c518f 3f1fa599 3e0f44a9 bf296b9f 3f1a1f93 beecd6ed 3d3a110f bf50f3c4 bd9bc7f8 3f2aad9f be85c269 3f5325df be9dae90 3d1c5032 bf3771c3 3e04fc8f 3f4503bd 3ef7ded2 bf220d94 bd3f31b8 3f426fb8 be8cfe7e beefd2f3 3f13b3a3 3e103499 bf78b808 3f4f63cf bf6831e1 3eef0aed bd2430bd bf04cf7a 3e1be491 be99b693 3f7f7e35 bf6df9ef 3ef3c6ea be8e1288 3f2e7bb0 3d6a7053 beb4be8f befbe2dc 3f7ab211 bf024989 bf75ae06 3f152b88 bf27dfad 3f4517cc bf44cbb4 bda4b816 3f361dac bf6faffb 3f629bdb bec7ded6 be838679 3df6c8e0 bd35109f 3d86585b 3ea8da95 bf72f9f8 3f20259c bec97ab6 3f6dafeb bd77f141 3f15eb8f bf11a790 3f6feff6 3cfba2bd bda338a2 bf41d3b7 3ee686e4 3e4704a4 3ed412d5 bf3c4fbe 3f3d85bb bf014776 3f40cfc4 3eb682a2 bda088dc 3f764600 bef6e6f1 3e405c9f bee0bad9 3e5b74d7 bea24692 beab06a0 3ed88ac5 3f088d7d 3e859a61 3e466cc3 3e5424f9 bea292a0 bead8abc bf35ebad 3e89967a 3e46ecb5 bf238d98 3f53d5d3 bec99ec2 3f52a7d3 3e3394a6 bf3c75ad 3e88be87 3f0c7787 3e4324e3 be52dc83 be32249f 3ee252cc 3ead0e9f bed346e5 3f15d198 be92de7f 3f2b37a3 bd4b310c 3eb976cb bf0a357f 3e579ce6 bd48509c be971677 3ed3feac bf40afb4 be9a7682 3f1ad78c bf60f9d9 3f78860e bf5693d4 3f78e802 3e08cc74 be1f8481 bf06fd7b be47ecd5 be559ca8 bef3cae8 3f3a4fbc be823a90 bdbb68a1 bf2f3ba2 3e946e78 bf2bdba5 3f2e8ba4 bf73ba04 3f7a2a0c bf6e05e3 bf1abd8a 3d35b0f2 3f2485a5 3f36a5b1 be1f0c87 bf55c5cf 3f4cb3cb bf1cfd95 bf3cadaf 3f087b7c bf5365c5 bf1a5f97 be826e68 3f26b9a3 bf66d9f2 3e0adc90 3ee91aea be8c6673 bdc5e884 3ef6f6d5 3e9f828d 3f007f70 bf579bd0 3edecad3 3ebaceb0 bf05b382 3edd76d6 be738cf9 3f1ac787 bed23adf 3f3a5bbc bee66ee0 3f6b0fea bdba295b bf0e2578 3ee62303 bf31af96 3e94ca7e 3f2ac9a0 bf22919e 3f26f9a2 bf4af3ca 3f356fb1 bf0b918a 3f764a08 bf5761c6 3f70cdf8 3f135b84 bf773806 3f672deb bc85e064 3f561dd0 bf6569e0 3f6f8dec 3f175397 bf4f45c3 3f49c5c4 bf799006 3f0fdf99 be61c4c4 3f1e19a6 bf7aae0a 3f3c95b1 bf6f71f9 3ed9dad7 bd8c586d 3e16ec71 3e5fbcb9 3ec69ec0 bf4e51d5 3f6fd1ef bf24a5aa bf2eafa7 3f214597 bf749c02 bebb86b2 3cca5f02 
bf279393 3f66afe7 bf69a1f9 3e9596a4 3f511bcc 3da7f8dc be132c76 3f5e71da bf5797cd 3d161049 3eb876b2 3f76580a be6d2d21 3f570dcd be6704b5 be450cc4 3edd52d9 bf5cb7d5 bd82d865 be20b4a8 be5fd4cf bd791031 bf112b85 3f43e1c3 bea0eebb 3eb9e2b6 be99968a bf29b9a3 3eddd6ce 3d02301c 3c9b1ff5 befd82ca bf5a7dd6 3ef39edd be90128b bf4993c9 3f22139c bf4a95be bf18e374 be2c24ac 3f3ac7b8 bf529bdc 3ed592d5 3e3fb4c7 3ef516d7 3f0be589 bf7a2c06 3e074c9c bee766b7 3df638d5 bc855e97 3f0a1591 be251ca5 bf2bb99e be154ca5 be0c2c6d 3f3c69c3 bf73d402 3cf1e251 3f3fbfbd bf227b9b 3e01147a 3f25bd9a bf33d3a9 3f7be015 beef42cf 3f106b86 3e360cb3 bea966a2 3e01a46c bf4269a8 3f09c782 be29ccec 3e55d4f9 bf7c3817 bdab58aa 3f5683dd bea886ae bde5085f be11d460 3f6051e1 3dc7391a be9d3684 3edd86f2 bdc2d8a0 3ea7eac8 bf25159c 3f342fae bef77af5 bc9921e2 3ece9ec7 bf545dce 3f513ddd bf090786 be3a2cf2 3f718201 bf23eb9d 3e2dac95 bf456fc3 3e75a4f5 bf46c5c4 3e9e26a3 beb6d2b4 be797ce5 3caf20b2 3f71d1f7 bf35d3b7 3eb3bab1 bf4e89c5 3f0dc992 3ba78239 beaee2ad bf34c9a7 3d46903e be810682 bf539fda 3f0dd382 be99a26c bc68bebe 3f1f158e bf0b5791 3f5831cf bec336dd bf4695bd bd8d4897 bedd32d1 be9b629e 3ebd0ea5 3f24f5a0 3f436bc8 bf5f79df 3f3a5fa9 be271cbf bec83ec9 3e230ccb befc9eeb bf47ddb5 3f7fa82c bed966be be846a6f bf5bf1da 3f5365ca 3e12ecda bf194f99 bec782d4 3f278999 bf7eb623 3cb05ef7 3e693ce9 bf69ede2 3f3b5bba bd175134 bf034b7f 3cea6020 3e8e9699 bd3caff7 3e8e0aa7 3f3f95be be769539 be242476 3f021f7d bf58c5d2 3e853a83 bf3c7db3 3ee6f6fc 3e4024e3 3efe5f0e 3ec966d5 3d6bcfae bdf158dc 3d668fcf 3f4c09bf bea62a97 3f18bb92 be7c1505 be232cca 3f5a21cc bf6927e1 3f2e4bad 3edf8ee6 3ceae02e bf130191 bf44edb8 be1aa47c 3f5b4fe4 bf6219ec 3f2c1da2 3f1fdf9f beb9c6ba 3f23f1ac 3f5275c9 be80f68b bf090587 3f21d7a1 3e9a8a9c bf761211 3f79f7fb bf13dd81 be8ca686 bf5547d7 3f1d0d97 bee59af2 3f3195a2 bf6f41ef 3e5e34d1 3d88983a bf2565a0 3f07cf86 bf25a9a5 be15f498 bd95b8a3 3d9a28cd bef5ceeb 3f5101ce 3a91ee3e 3d1f9118 be97c691 3eafeab3 bf4103b4 3f6f29f7 bf400fb7 3f17ad88 be938693 bebf5ab9 3efe96e6 bf69a7f6 becc46b7 3f195d93 bf0a8198 befb52f6 bebf56cc 3f4671c9 bf5e41df beb942c9 3f26d7a5 be9a928b 3f4e61d7 bef6aee2 be307c99 3e7decff bdb148cd 3f63c1e3 be1df490 3e662cf7 bea9a69f bd71d13f bd152fe4 beddfee7 3ef94af9 bf18f18e 3f20a191 3eea62d3 befd2af8 3f723c05 3e2c74bc 3e6b14a3 
bed3fec8 bb4b00c9 3f34679e bede5ebf bf40c9b7 bdbb588a 3e5dbcbf bf149b9d 3e50e509 3f2ee7aa bf619fd8 bf1dbb9b 3d303096 bf4ee9bd 3ee0c6e4 be9b8298 3eb4ba9c 3e24ec55 3f494fbf bf2901a9 3f5e51e3 bf26f594 3f6247f3 bf3919ab 3f063583 bf5a53e5 3f2f17a5 3e86b28b bf092d81 3f37e7a3 bf4447c3 3f381fba 3f5807d3 be9f5e94 3ee242e7 3f2739a7 bd38d16c 3f761401 bde2e87b 3f3f55ad bf44bdb9 3f51c9d3 be8ada82 bf1a6390 3e8b7e64 bf6c4dea 3f350db0 3f2dc597 bf26019f 3f3c41a8 bec04ea9 be90b280 3f4215b6 bed752a3 3f1d518a 3dfe4897 bf0f7f88 3ed472ae 3eef02e4 bf74dbf8 3f521bdd bf5751cd 3f3653af bf5d81ec 3ebdea99 bf3221ab bf02dd7b 3f11478c beb4ea9d 3f71cffc be7424e5 3ea93297 bebe7ec0 3e94be78 3f167193 3ebc72bf bf726bfb 3f236fa5 be7d74f8 3eb9c29a bf50ebd3 bd2c30df 3e76acd3 bf246596 be7934e9 3f5ae9e2 bf728df0 3f56d3cf bf5059cc 3f3847b0 be98a27a 3f288da8 bf2c0da3 3f122d9e be734cfe bea67a85 3dc868bd 3f165b87 bdd008c4 3ea55ea9 3e98fa9d 3ed96ac8 bf0d198a 3f3727be be1a547b bf5cefd3 3f526fdf bf4735bc 3f7cf013 beb90eb8 bea3968d 3f3f03b4 3f3013aa beb62ea5 3f64c1e3 bf0e6f87 3f6d4df1 bf4355b8 3f5993cd bf7f5a2a 3ed15ac2 befa16f0 3e592cd5 3f090185 3f117f90 bdf2394f 3f3425a6 bf102984 bf4badc1 bedc7ad5 3f2d4dad bf729ffe 3f2f4bb1 bce2a09d bd95e8fa 3f190195 3f045d75 beca5ebc be3894e0 3f2d83a8 3f3745ba bf4df9cf bee89ed5 3f55a5d5 3e6884d9 bec9d6ab 3f77e004 3ebbd6b5 bf3423b2 3f78ae05 bf72bbfe 3eca22b9 3e8ab690 3f4399c2 bf69a3e9 3e2684d5 bea46298 bf49ebbd 3f0b19a2 beb4669f bc7a3c4d 3ed3f2d1 3f071b91 befd5aef 3f4e39d0 bf7d0621 bd447040 bf5981ce 3eb9b69c bd70b085 bf3b89b5 beb0ba90 3bf3860b bd9268eb 3cb45fc8 bcc72250 bdcb78e8 bd38708a 3d1a1061 3d92d8f3 bf18f382 3f7bb21a 3ee14ee7 3eea72cc bf3097ae 3f1f8f98 bea64a9d bf027b7f 3cdda32f beb3168e bf7fa828 3f36afb5 3e8e3299 bea44296 bebdeabb 3f3c9dae bf6501e2 3f5561db 3e247ca6 3f688ff2 bf58ffd5 3f314fba bf5a9fd9 3f7ca402 beb1a2c1 3f3517b4 be743506 3e6ad496 bdc5f8d6 3f620bec be6decda bed472c5 3e63fcca be5414c2 bf70a9f7 3f4117bb 3d8f68ab bf1ddf9a 3f5499cd bf7921ff 3f5389d0 bf5ccbd1 3f546fd5 bee7aaec 3e3c4c8c 3f4699ba 3dc908e6 be97fe97 3efbdeee 3f317db5 bc1cc13d bf4113c3 3f7a7207 bde368fe be07047e befecee6 beecfeb1 3f3121be bec9eebc 3ea0de95 bf2ba39c beb26e96 bf20179b 3f183195 bea742b1 3f537fc9 bf4143c8 3f15fd86 3e87767a bf3365a2 3ee1e2e7 bf1f8991 3d1790f2 bec326ce bf206f99 3eff62ec 
3f5e2de2 bf2789a3 beae5ea4 3f02ed81 3e17fcbd 3f5d31d3 bf78440e 3f4bffc1 be365c9e bf08cb87 3f4cdfd7 3e224485 3f3451aa be404491 3ed28ea4 befa4b05 3e82f29e bf574fe3 3e05ac6d beaf26c2 3f09f589 bf5199cb 3f3147b9 bf4449c3 3e184c68 3f4651bd bf79fa11 3f6481dd bf2cbba3 bb878376 3ef51b01 bf49f7c8 be11f4cc bf41b5b6 3e928695 bf645be3 bf553bd5 be060ca6 bf1e3194 3ed042bd bf4261b3 bd46b050 3f09e97f bea61688 3f021b83 bd270fb7 3deb4883 bf7df433 3f3943ad bf3e99c3 3f0c2f82 bf5363cd 3eb662bf bedd76ba 3f074984 bf6425ee 3f0a5f8d bd5fb0c6 be5fc4dd bd9198ab 3efa1705 bf068d80 3ee542e2 bdc668a4 3eb15aa4 3f60f1d5 bd11d09a 3d807873 bf43abbd bdaf0875 bf17a58a 3f174fa5 bf4139b4 3e6614ed be9e5e9d bf07cb89 3e824a57 3e940a8b bf3d15bb 3f165985 3e393ced bd9648b2 3cfd2103 3f60ebe7 3c29bec0 bf3117b1 3f3191af bea9f2ad 3e42b4b4 3dc878d4 bf522bcb 3f157794 bed1fecd bdd6b891 3f11bf90 beb67ac2 3e9abe89 bf6a81f6 3f2fbbad bf6cd1e4 3ea0ae91 bf64a1eb 3f351fad beaa7ea6 bebcd6b6 3f60a1e7 bf1f4f99 3f308fa6 bf5953d7 3efd9ef0 be9e7687 beee2ad6 be75fcf5 bf471bc6 3edc9ac1 3d8ed899 bf30b3a5 3ecec2c6 bf2875ae 3f42a3be 3d3250a7 3dcc58ce be737cf9 bede26cf bea06299 beacea90 3dbee8b4 3e240c88 3f25179d 3eea8ee3 bf09657c 3f74fffd bf7189fd 3e985e74 3cb9e25e bf3369b5 be1854b1 bd41b031 3ef0a6fe bf6659e5 bed556b0 3f2bc1af 3f2c8d9e bf7e9a19 3dca7905 bdff08ed bf78d607 bcfa5ffa bdf7f915 3ef882d4 bee1d6dd 3f063184 bf48e5bf bf46efc1 3f665bf1 be18fc7f 3f6c03e3 beaf5ea6 3db8e862 3e3f148b bdb4c870 be2bf4a7 bf317bb9 3eea9aed bf0cbf81 3f18d58b 3e4d34de 3f7f7c2c bf305fa8 3edc7ab0 3f23cda1 3f796c0c bf6be5ef 3f3087a5 bf230196 3f41f9ba bf775801 3f69a5f4 bef782ee bf3fe1c4 3f5d3fda bf4aafc6 bf794a01 3ee7defb bf148b81 3f2805a6 bf616fd8 3f5357d5 38dfee32 3ec26ecb 3f37c5b5 bf103f7d bf124180 3f55e5d3 bf52a5d0 3f72c9f1 bf2e5daa 3e099cab bf292b9d bf136d89 3f10ff79 beaaa6b9 3e3864b2 3d9ec892 bf555bdf 3e863275 bf567fe6 3f6671df bf3d99b3 bec1ea9e bd197072 3f4779bb be143ce5 3eb15ea5 3ee90edd bd3931ec bf17cf97 3f162999 3d17312a bcb59f22 3d3fb0fa 3e867698 bf3703b5 3f4e17be bf19f98e bf2a4ba9 3e1f1499 3da2f901 bed7deda bf783808 3f14af86 3ecd8eba bf007f72 be996a82 3f058783 3ef29ae9 3ea46aa0 bf02b77e 3e6c54fb 3ddea8f3 3e815a8c 3f6a29f1 3e048c63 be6f1d05 be35c4a5 bebaaac9 3f063f82 befcc2e3 be522498 3f55cbc8 bf4053c9 3eff6b08 3e391488 3f047d72 3e03e4a4 bebaeaa2 
bf4389bd 3f7c3c0d bef882e2 3f0eef85 bf7f701a 3e69ace7 beb34ec4 3f4271bf bf761df3 3f359daa befbc2e6 bebe0eb1 bd41d0cd bf37fbac 3f775802 bf20c19e 3f17a182 3dc14854 3f033583 bf0ef79c 3e7e2cfd 3dc1e8ad be6d8cf3 3f495bc9 be9b669b bdf1d8b2 3dbe08e3 bf5585d0 3f7cba19 bf095383 3e848a86 bdd118a0 3f6e51e7 bdd1589f 3ebe9aa0 3f4943c3 3f4a5dcc 3f4455b6 beb03286 3e6d5ce2 3f32cfac 3dd0d952 bf5e33d4 3f7a0c19 bf479bca 3e826a71 3cd06220 3ea22284 3d347086 3c42c482 3e4cbc8a 3f762ff8 bf442fb9 3f295fa5 bf5e6fd3 3f4a5fcb 3cd29fcb bee95ae4 3df698d6 3ec972a6 bea982a8 3e322cb8 bd90b8bc bd537103 bf172399 bf588fe7 3e03bc42 3c9fa1ce 3f5aa9e9 3ec25ec5 3db2d902 be18f44c 3f4663d4 bd8f2857 becd9ebd 3f479bcb 3f0b6f82 bf7f1c21 3f6f47e2 bee91ef5 bf0fb192 3f5753cf bf276796 bf27fd9d bd7031ac 3eb48aa9 be61ece1 bd3670b1 bec3e2a3 3f6515e9 bf57fdce 3f715df5 bf3af1a5 3f684df3 bf673be4 3dbc38d9 3f53dbcd bf501fcd 3f71ffec bee9e2f2 3f4461c7 be896665 3f1c679e bf6153da 3f7b4205 be8c2a69 bf3991ac 3f6ad5eb bf5005d1 3f0caf7b 3eb9aaaa 3dbea8da 3ecac2d0 3f6cebff bf731df5 3e92f286 be434c96 3f6ca3f7 bee3d2e2 3e146c7d bf7b9417 3f3983b8 be3ab48a 3f73fffa bf0e8d86 3f7ba00f bf457dc5 be766cf1 3e2decbb bf3c8fb0 3e5ca4de bebc6ab9 3eb1de9c 3e67dcd9 bee3b2ce 3f70a7f2 be89f6a9 3eb732ba bf113183 3f73e604 3e315497 bf6f9ff1 bc98a187 3e8bea82 3dc658e4 3f302da4 3e21ac46 3f6c99ee bf631bf2 3f1c6384 bf16a98b 3ecbfab6 3daaa8af 3f61ffe7 be9a5683 bf4a53b1 be2634b1 3ca6a189 3f2bdfa1 bf7485fe 3f447dbc bedd4eeb 3f138d90 3f01bb7e bf6089e1 3f36dbb5 bf5ec5d7 bf28e99b 3ed4c6e7 be8f1e82 bf537bd5 bf54a7c8 3eef56fc 3f00677d bf626dd9 3f4ff3ca be4224ff bd2f30b3 3e69b4c7 3f7619fa be91528e 3eb172b9 3f5a7bd9 3c1bc07f be8a328f 3eb0468c bd44d0cc 3f0f4189 bf738401 bda8c8bd bec3d6a9 3e8dd693 3edebae5 bebdaebc 3f039d8b bf39c7b9 3f1ab39b bdd268c0 3ebcbecd 3f7cdc0f bf6eb9ee 3f28cba2 be3c6c86 bebff6d0 3f7ede11 be4becee 3f3bc7b0 bf5949cd 3f34d9ad 3ecf6eb7 bf0e6d8d 3e1d7492 bf69fdeb 3dd7c860 be876aa4 bee2b2e7 3f697be3 bf4517b4 3e6d5527 bf56bdc4 3f765e01 bf6043d3 3f7bd60e bf7cc80f 3f664de0 3e60ace1 3e406cad bee43ad2 3f4ac9ba 3f254f90 beea1af9 bf1ebfa2 3ed916bf 3f093f8f bf66d5d9 3c6e3ff6 bf3869a8 3f727df9 bf6499eb 3f097387 bf6463ef bed15abb bed1cab6 3f01076c 3ee496e1 bf231d9b 3f51d1d1 bf0b8d80 3eba72b8 bf396fae 3f6033df bec76ac7 be2f2c61 bf4c37c0 3f054989 bdea38fa 
bdb4b86e be226493 3e21948b bf1eb592 3f74a203 befd42f1 3f0d5b88 bf0c917f 3e0564b7 3f4977c3 bf6347eb 3f6503e7 be4a1cd8 3ede06c9 bf52b9d1 3d019045 3e9e4278 bf3b57b0 be333cce 3f4a63c4 bf3b3da2 3f37f9b2 bf63fde2 3ea0faac bf3cc3b8 3f0f3987 bda7b8d7 3f7b3c02 bf485dbf 3e5864b7 3eaa7eb3 bf2a1d9e be4a8ccd 3db0c8de bf13ff97 bf413dc1 bf3abfb5 bf7a3211 3f518fd3 bf76d40c bd2e90fa bec032bb 3f4253c3 bf76adf7 3ecfe6d9 3e508cc9 bf027974 bd8f7854 3e85c285 bef726ed beb3dab1 bf347dad 3e8eda9c 3eb39aaa be94ae75 3ee5f6ed bf64dde5 3f2a01a9 3e6c4517 bf34edb0 bd1a501e 3f150798 bf64d9e8 3f6899e3 3e8e1286 3f1f5597 3ef53ef3 bf6fc1f1 be67c4eb bf51a3d1 3ea156c3 becf32b5 bee2bac8 bdfeb886 3f5f89d9 bf6e3ff0 bf52ebcb 3f2ae997 bc80a0b0 be963287 3f5313cb bf7b6413 3f5a35d6 bd5af0ca 3f6839ee bf0a0f87 bd2df0fc 3f45edc7 bf1fc399 3d9118b4 3e88a293 be0a5464 be4d9c94 3d5870d9 be74b4e7 3f1a419b bf45ddc5 3e93c287 3d8a7825 bf5733dc 3f39c9bb bf6821e9 3e3a148c 3e0254a4 bea71e9c bebaa2ab 3f7dcc14 bf6ecde0 3f7b3e09 bf6c0feb bd99385f bec192c4 beab12af bede0ee2 3e93568d 3f1f039e bea0de87 bf1e2d90 be0f8481 3f028b70 3f10738a bf0c1b7e bd03b034 bf7de210 3f4e67c7 bf49c9d3 3f2fa7a7 3f1c81a3 bf3811b9 3f06a57f 3e27dc76 3e3de48e bf14c789 3f088b8a bf564fcd 3f3ee5bd bf7f642c 3f065572 3d51712c bf5bf5d1 3f036372 3ef6f2f3 bde0c81e 3e676cd3 bf1a878d bee7c6c1 be6c34d8 bebc4ab4 3dffd8c1 bd5db15e be7f450e 3f1c4997 bf408da9 be2c6c89 be1a4cac 3f5bffda 3e15dc5d be834682 bf5839d1 3f7d6612 bf4f07cf 3f556fcf bf597dc5 be9d7e8b 3f2d379b bef226f0 3f06958f 3f150d95 3d0fd117 3d0610f9 3f3643b7 3f6f4407 bf19f58c bedd1ed3 3f24b39a bf234797 3dafe8ec bb0f0a2a bf283ba9 beba0aa3 bf25ff9a bdb2782b bee5fed1 bebb56ba 3f1f3192 be9d66a1 beac82ad bea522a1 3e844e83 3f5ad5d9 bee062cb 3e817271 be8cf27e be26ac85 3ba2836f 3e04d4d6 beeccec7 3f21c3a5 bf4c6fcd bf57edd4 3f6235e1 bf43b5c0 3e0e6463 3edc26dd beff02db bf3d91bc 3f0b7985 be73c4dc befd1318 3f0dfb8b becce2ce 3ef01ede 3ef12eec 3e375457 3ee5fedd bed3bad9 3f26b1a3 bf52b5bf 3f3e2bb7 3f1f3f9a bf5607cb 3e87429e bca7de2e 3dccb914 beed6ef7 be83227a 3d99c8a6 bdb9b872 be2d7499 bf60edd6 3f04778c 3f69c7e5 bf72d7fb 3ed162bd bea7b69c 3f5659c8 be052c64 bddf889a 3e47c4a4 3d1751c6 3ed966d5 3f17278a 3eaa8696 bf7319f7 3d90f857 3ee3a2ed bf4a9fc9 3ea3b69b 3ee632c9 be062442 bed0aebb bdb7f96d 3e7d5505 3f62cdd8 bf7c561a 3f40f9b7 
bec89ecd bda5487a 3ed866d1 be227497 bba97dab 3d31d100 be85c683 3d82d866 3e135470 bf5fb9e1 3f3ab9b3 be6f9ccb bef526b9 3f37abae 3e564cab 3edc6ade bf44afb8 3f7fd827 be9bca9f 3c9f6013 bf0bc17a 3f2759a5 be6c64d8 3f28b3a1 be012493 3eaafea1 bf1cd99e bf4039bd 3f4077b4 bf7ce621 3f007b7f 3e932295 bca3e02a bdd638a1 3f09ed7c 3f3b85be 3f71d7fe 3cc89f06 3f0cb985 be3ca4d2 3f655de7 bf18358f 3e72eca5 3f2647a8 bea02689 beb7b2c7 3f55e9c8 bdfaa929 bea8be93 3f1a9f9b 3f3cb5c7 3e64b4ef bd886887 bf244d90 3f2ee5ac bf5b21db 3f7bc613 bf05897a be98fa9f 3f664be3 bed466d3 3e3b1c8a 3dd138ce be9c2685 bf21919b be631cab bf393db7 3f69eddc 3f446fb4 bea7beb4 3f749802 beb3029e 3f667ff1 bf05f57b bed606d0 3f193791 3f5627d4 be2edcb2 be7e3ce1 bf05877a 3f738fff bf628ddb 3f14d395 be941681 bf5129c8 3dd2a883 3e218c73 bf3c39ba 3f5915d3 bf4e8fd6 3f14d189 bf77f00f 3f792c0c bf01536f 3f737e00 bf6597f3 3ea89a83 bdf028c0 3f07d17b bf0ffd9c 3f603fdf bf21b9a5 3f4ad7c3 3c55c430 be9d16ac 3f5b8fd5 bf728bfa 3f056d91 bf027d79 3f583dc6 be84927b 3f5321d6 3e25b4c7 3d31f08d 3d98d864 bf689fdd 3e886e87 3f3785b5 3e4c94d4 bf04e57d bf20d78a 3f3f73bd bd8888ad 3f755803 bf0e0b78 3842558f bddba92a bf7a4c00 3f4f9dca 3e243cb1 bf693be3 3f550dd0 bf2af1ac 3f3053a7 bdddf8ef bec50ec1 3f370fbb beeb52dc 3e65dcc6 3e7c9518 bf11cd89 be4f04dc 3d32f04e bea182a9 3f6a71e7 3e3cfcb5 bcf8a294 3e6314ca bc92e050 3f24cba5 be9a4e87 bde548ea be7a34f3 3f6009dc bf29b1b0 3d30b161 bf0cfb81 3f47a5af 3e976276 3e31e4b1 bf5ffbe3 3f58bbd6 bf261ba7 3f696dec bf160788 3e893a6d bf08197c 3d7731ae bf6cb9eb 3ef916e9 bf45b9c7 bf4929bb 3f7f6225 bf0fdb89 3f4a9fbf bee6eefb 3e88f675 3ec0f288 3e71349b 3f44a1b7 3e6974b8 3f6583e4 bec012a5 3f2ca1a2 bf7dd41a 3f249595 be1bc4d6 3f698bf1 bf0ef38c bd19b079 bf1d018c 3f36f1b9 bf4a87c2 3f6903f4 becf76c0 3eb842d3 3e701508 bf724ffa 3f7c180a 3f4f6dd9 bf4399c2 3f4931c8 bda68854 bf14bb91 3eff3ef1 3f19c38c bf41e1c0 3f514bd3 3d995878 bf5961d4 3f15858c bee31efa be81e66a bed872e6 beb792bb 3ede9ad2 bf6da7f5 3f7f8634 bf11d384 bf2cebb3 3ee206ea 3f003372 bf4777be 3ea846af 3f3751b4 bf17d788 3f41c9c0 bf2385a0 3f618fe9 be131cac bc962105 bf4173be 3eb82edb 3e2e3472 be17f47f 3eb73eb7 bf6b6de6 3f193b9b 3c0dc04e bf186d88 3eb1e2c2 bf781e02 bb6709e9 3f6e53f0 bdf4b88b bf074d87 3f6ccdf3 bf208b89 be1e448b bd9158c8 3eb6a2a2 3f3331b1 bf4d77c3 3db31898 bdca289c 3e9d2298 
3f74740a be242c4f bee30ee2 3ebdd6c4 be1c6caa bf004b76 3f715402 bef07ae9 3f2b499c bde4790c be977a9a 3ec4fec2 be36ec76 bf1f5f9d bf0b237e bcce21be 3f08017f bf52efdb 3ec46eb2 bea14294 3f54b5d6 bf11798f be96c676 bd3e102e be38a4c6 be97e695 3f5afdcf 3d8f486d 3e7a6d03 3f751ff7 bf5a3fd9 3e0c0cab be4ab4bb 3f34edc0 bf7b4e08 bef472ef bf2bd19f 3d72910b bf6437e3 3eb67eb1 bf4db1d1 3f28ad9c bed64ed0 bf7079eb 3f5989d0 3c8be005 bf6671ec 3eaf969f bd5050ad bece3ac6 bf3b73af bee80ae2 3f746e02 befd02d1 3ec4b298 bd82990e be9e1e84 3f109189 bf72c005 3f227f9c bf048578 3e4f24cd be09ac81 3e0d0c7e 3f01f976 3e7a5d08 3f1b6d9f bf4325ae bf054371 3b3eff96 bedbb6d8 bf1ae78f 3e11f475 3e2f64a9 3ef9ff02 bf3c03ba bde80912 bf51a1d1 3f62ffd0 3ee0e6c5 bf794223 3f04eb81 be1aecdc beafd2ba 3f3c09b6 3ed766d6 3e0a9c88 bea00699 3ed9d2d1 bc40c11a bdd858db 3f4787bd bebb2ab5 bef40ee1 bead36a3 3e11949c 3f6cdde3 bf2b31ad beb736ce 3f3f23b2 bf512fca 3ebd22b5 be9d86a1 bf70e3f9 3f78a5ff bf4a41bb 3ed212be 3e5ab4bf bf1aff9a 3e43fc98 beec06e7 bdb1c909 bf66b3dc 3f3d13bb bee62ae8 3f7c9408 be704ced bf183f91 befbf2ff 3f5fe7d1 bdb30909 3d6bf006 bf4b63c3 3dc9c965 bee982f1 3f44b3c2 3db458ba 3ee1bae2 beb7e69a be985e82 3e2b9cb2 be1dc4c6 3e8e5282 bf102b91 3ebad2c0 3d8d78ca be35fca9 bdaf5847 3e06ec68 bdc0a8fa 3f7dbc1e bf2dd7b5 3f2e99a4 be7e4cd7 bf767604 3ed8e2cf be4914b0 3efd1af3 bf159390 bf48f9c9 3f03258b bd9e785c 3f4a1bc4 bf505bc9 3f0b7b93 3dbe48e1 be235470 be18ecb3 bf737400 3ee1f6ca 3eee06cf bf25ab98 3f005b71 bd8f1879 befb5ad9 3ef8aae5 3e20e494 bd836830 3f54d7ce be9f4aa9 3f5f51e6 bdf248cb bec956b3 3eb6c2c3 bf6bf5f0 3f0b2179 bea37eb2 be4754c7 bf33a3b2 bdaaf89d bf3c63b3 bea22ea3 bf09017d 3f09cf8e 3eb81eb5 bef32aee 3ea816c2 bf118b83 bed882d2 3f047f79 3ea2aeaa bea70ab1 3f3e99b7 bf6313e0 3ed83ae8 bf3e1db2 3ec33aab 3ef272f0 bf397ba8 bebd72a8 beb3f2b2 3e3bc4ba beed5acb 3f591dc7 bf5caddd 3f1e9d9b bf195f93 bbe28048 be0f6cae 3f19f391 3e2efc84 bf15e78c 3f7f0021 be89ea88 3f51b9d4 beb812a0 3f31dbb1 bf298ba7 3db8b85d 3f22b798 bda5d83a bf385baf 3f788e1a bf35e1b3 be0bec85 bccee1df bd89b8b1 3b9981cd bea10aa2 bce1204c 3f30fdb7 beeedae0 3f6597e5 bf76601a 3e6594c3 bf2c8dad 3f55ddd5 be2a548d bf2977b1 3f668bda bf0e2b8d 3f1d0b99 3e4f64de bf6a17e6 bce82030 3f2917a1 bf6885f4 3f6543ed becd16c7 3f12339c bf233398 bf0bf582 3e20ecba 3e47d4a3 3e56fcd2 bf6aa7fa 
bf2435a3 3cd9230e 3f199397 bf5dade0 3f6c83ef be722515 bde64908 bf56efda 3e353c9a be4edcf3 3f3b81b3 bf786e11 3f46edaa 3f5b21d5 3e6cc4cf 3e285484 bf165b97 3f4a35c1 bed1bac6 3ef26f09 bf6e8dfb 3ef186ee 3f060783 be8ba296 3ed9b2d9 bedcc2f0 3e43d491 bf2be9b0 beed66c5 bf592dd0 3ecabec1 3e89f673 be638cbc bf336bb3 3f5543d4 3f4c71c6 bedf7edd 3f4755c2 3ec692a1 bdd4a909 3f2b0db2 bf5cdfe3 3f66f1f3 3f181f8e bf7fba38 3ee106d4 3ee4fee5 3e350495 be5e9cbb 3f57bbd5 3cbee0d1 3f0c3f8b bf29cb98 be16bc5f 3e9bce95 be7efcee 3e092c7d bdd488c1 3f635bf2 bef186fa be32ec9f 3eb38ac7 be4e6c8b 3e5c44f1 be65850c bf4883b8 3ebd3ec9 befaaed0 3f7d9019 bd9be870 3ea2fe9d 3f22b1a7 3d26304b bf771612 3efe2ad9 bea26eab 3f5077c4 3cb5a10b be379c75 bf0c097f 3e7f7d1b 3f3c79b9 bf2ad39e 3f5c95d4 bf02d782 bf3025a4 bee47af3 3f42b5b9 bf6fe5ef 3eae0abc be116c69 bf1fa39b 3d9358a6 3f4c2dc5 3f04f980 bf1b258e bf02c588 bdc72915 3f5139ce bf0ae78e bd00308e 3eb2f29b 3e91da78 3ec88aad 3e4a1ca5 bf4211bd 3f0d9d80 beb15ea3 3f2749b4 3d8258b2 be7ea4e4 3f4595b6 bd3ab16c 3e99ea96 bf1e799c bd53d0c6 bebbb2c7 3f7f1019 bd7dd194 3ce29f5e bf17d995 3f1bcf93 3e418ccf bd6bd196 3f266793 bf3a7bac bf3989ae 3f5aa1e4 bf4247ac 3f30cdaa 3f14a78d bf3c99bd 3f565fda bf42dfc3 3f1b7191 bf4d37cb 3f4c7fbd bf09af89 3eb68eb6 bf391fbd bf1b0f93 3f4b77d3 bf512dbb 3f6ec1f4 3e3c0c6d bdccc8d6 beb57ea6 bf0e0190 3f4701bd 3f2e77a4 be889277 be52bc99 bf48d1d0 3ef80f02 bf2ca1a6 3effeae6 be98e691 3f3b9bae 3f1a8797 bf7ae60d 3f35c5c0 bf224599 3f17878c bf7b0a03 3f60b5de be7ced45 bf02df77 3e2adcb7 be92a28e be96ee89 bf3e51c6 3f68ede5 bedefac8 3f4f73cf bf0b5f83 3f79b00a bf5bcdd4 3f6501ef 3d1710b7 3f4093c3 bebb7ab2 3f784404 3ea7fabf bf08dd73 bf31ffab 3f71e9f3 bf798603 3f172985 3f2a0dab be890668 be939ea8 be7b0cce be03b4b7 bd7990d4 3f5ff5e4 bf1e6199 3ed0daca bedbe2b4 3e4f7cbf 3f134f80 3ed4c2b8 3d5bb07f be98f286 3e839e64 be442c8d bec8aec7 3f42d1b6 bd63103a be9ef6a6 3db08880 bf5153d9 3f7c380b bf6c15eb 3de4284e bea90a9b bf3b05ab 3ed7f2d5 be5764f8 3f2cafa4 bf4e81cb 3e8b22a1 be1f9475 3e7f4d4b bec9e2c0 3f713df9 bf3d2daf 3f7afc08 bf642bdd 3f4ee3c4 bf0ab97a bef276dc 3efe6ada bf5dc3d5 3f392db0 3f1d338c be261488 3eca9ec2 bf45c1b9 3f6f7ff2 be1d0c9d be283c98 3e4c0c9b bec6eeb5 3f0a0d89 3ec84aae bf452db9 3f475bc0 bf7ca411 3f10a583 bedb86c7 3ec38ad0 3eee2ada 3f3039a5 bf7f4828 3f0f0d77 3eed76c2 
3f1eb790 bf6143ed 3f54bfcd bee73ad9 bba5829b bea6bea6 3f1f8b97 3f28f9ab 3e88c296 bf165d8f bd295210 3f048787 bf5975dc bf14978b bf57a7e8 3f5effd2 bf3e79b0 3f2de9a7 bf7537f4 3f0abf85 3e9eb68d beb786ab bc04c082 bf1d7194 3f6d3be7 bedfc2d4 bc66bd39 3f3fd7b9 3f3f7fbc 3ee65ef5 3f105985 bf7065f7 3f385dae 3f0a4989 bf53c9bb bea82aa5 3e5a6ca8 be23c490 bf737202 3ee606e3 bf20c592 3f426bbb bf7dc014 be196c95 3f433faf beaddeb0 bf562bd8 3ea8f287 bf13698a bee14ec7 3efa22f6 bf60c7dd 3f6d9bf8 be075c8a 3d9fc8d3 be088ca1 3e0c645f bece5ab6 bf16f981 3ecfc6b4 3dae181a 3ee7bad1 bf5e0be6 3ea65ab0 be9d127e 3f7fba2f bf16d585 3f6993ed bf2729a3 bf040776 3e925e9d bf4a85c9 bd8b9876 3f6e59fa be07bc5f 3e3d1cc1 bf7e4e19 3f785c01 bf4151bf 3f3963b9 3d8ff8b1 bf716fef 3e3a74bb becbe6c5 3e4954a0 3ea45291 3f6351e1 beae868f 3df5598e 3ee3e2fd bebe72b3 3f70a5f2 bef8b6e5 bebc6ea3 bf5887c1 3f6457eb 3e7104c4 3f29eda4 bf63d1d9 3d9b78e6 3f4061b8 bf6803ea 3caf60cc bf4625c7 3eec4af0 3ced6048 3f0bdf8b bf563dc0 beb5f6aa 3e81f674 bed252bb 3ee4cef4 bf5891d4 3e8ede7a 3dfbd8d0 3ee57ed3 be6594f4 bea00a96 bebdcec0 be2aec9f 3f3815bc bf7bf612 3f049d76 beadcead bf0ac183 3f77740a 3e10f47d bf1f0fa1 3f2a2fac bf2b2ba1 bf1fb394 3e046c94 bd9a98c3 3ca11fb2 3f2c87a0 bf72e5ec 3f5e3deb bf48adbd 3f788809 bbca8452 3f619de0 bf36e3bb 3ddc9914 bf59eddc 3e8c1e77 3d1bb0cd 3ee4b2d1 3f3fcdb5 bf4d83ca bee6dabf 3c52421f 3f07e17a 3e01d440 3f55f9da bef41eed 3ecc0ed9 beea6ac6 bf2bd5aa 3eabda9e be115c62 3ed116e3 bed11ed4 3e92e684 3e824676 3da5c8be bedb5add 3f100592 3e8fa67e bf1a1fa1 3f6af7ee 3eca5ab6 bf5acfd9 3e055ca1 bf423fc0 3f2591a8 bf632be7 3ef18ae4 beb55ea2 be14545c bf256b99 3f1bc59e bf2fc7a4 beed56e0 3ec1a6b0 3f5175d0 bf2215a9 3f1c9590 3bed8032 bf4065b9 be4484bb 3ee34eb4 3e5244d2 3f119594 bf03b57e bebe92a7 3f030d7b be819a97 bd893866 3e8fbe77 bf1be78e bf16bd89 3ee0fed4 bf102f81 3f4df3c9 bf1bbba1 3f690de8 bf53add3 bdb0586e 3f318bb6 bf0bcf8f 3f7215e9 bf5c47e1 3f3e45b4 bec49eb5 3f646de9 3e29dc75 3eb97aac bf4e29d2 3e76dce2 becb92af 3f6079d7 bf191d9f 3ec432b7 be863a9b be39d4a9 3e1eacb3 bf6113e3 3f742dff bf119f93 3f38e5b1 be4b8cb6 3f17ed86 be8d3a74 bdf69907 bf5abddb 3de4c936 bf3711ae 3f773a08 bf77b00d bda9b8e1 beb4d2aa 3f09357c bf27159b 3ec7eedf becbbaa9 bc95202c 3e82067d 3eab46b5 bc21c1c1 bed0aac4 3ee20ae5 bf6ecfe9 bf151381 3f62fddb bf51efd1 be1b14ae 
3d7830d7 3f1c6190 bf6041de 3ee4eae5 3e8abe74 bead469c be35d49b bf77f3f7 be404c98 3f4341c3 beb2feac 3de88893 3edcd6c4 3f407db9 3eadda8e bdf2b8e4 3d2eb08a be8b82a7 3f74cdf6 bf798a04 3ee2bad1 bee9cec8 3f3abbb4 be5e6cc4 bf2f0999 3edb32d8 bb907f28 bf7c3215 bf13c797 befbeee0 bf6977f5 3f484dbb bf0acd8d bf0f9187 3f7fa032 bf1cd187 3f233193 bf2a01a1 3f79e606 3e946689 bf3643b0 3f05637d 3df2a8b8 3e5684e9 bf54ddd1 3f2f7ba0 3f1b37a2 bde7d85e 3f50cfca bda398d0 bec98eb3 3f22cb97 bf77e601 3f1aeb94 bf4281c4 3ebb2ab5 3e8a2a92 3eb366b5 3e47fc86 bcf6a1f2 bea77a91 bf082589 3f551dd1 3ecbdac9 bf16af94 3e810a7f bf2d8ba8 be3dcca4 bdd3d8a9 3f5c8fd6 bede5ad9 3ee7a2db 3ed59ac0 bf33b1a9 bf4849ba 3f3101ae 3eac7e8b bf7e161f 3f0a917f bd68b1f0 bf08a98a 3f3b67b0 3f4269bb bf3355aa 3f773df9 bf7ace06 be3db469 bf4e63bf 3f485bcf bf471dc0 3e80d28c bf1ab197 3f2821a0 bdf598b5 3f743403 bf3e83ce befe8b0e bf174f97 3f16b59b bac5f2a7 be90327d 3e38e4b0 3efe7ee4 3f29539e bf5991d5 3e279492 bf0e6383 3f7125fe 3e8dea8b 3e2654e6 bdf2d8fb bf05e984 3f680df4 bf02237d 3eb1f6bc bf27dd9f 3eec96d9 bdaca849 3f52dbcf bd08308d be6174d9 3f0e5b87 bf30a39d 3f777e03 bf045f81 be7074ed 3d64f092 3e83f294 be2b54a7 3e8ace88 3f6611ec 3cbddf46 bd5e90d4 be375c69 bf02c383 3f79360d bf2d75a2 3e88d282 bf4db3c7 be1c0492 bf166989 3eddaaee 3f24ff9d 3f458bd2 bf53fbc6 3dd8d8ff bef086d5 bf011977 bc264248 3f60a7da bf3729b6 3ec632c7 bf194185 bf4ea5c2 3ec292c3 beff86f1 3f65e1ec 3e83ce8a bf4939c9 3f52ffda bf7535f3 3ef402e8 3e02348a bf3723ae 3e0ab479 be099489 3e949688 bf72ea0a 3f74c9fb bf304fa6 bf030982 3f2af5a3 3ef4d2e8 3d82c88c 3e3b9cc3 bd173175 3d7f312d 3ed9aeeb bf195791 3f5be3ee befa2adb be62bccd 3f5461da be71dd09 bf358bba 3d5a113d bdcfc87d bea3428d 3edae6bf 3e967a75 3e110c86 bf42bfba bebc9abb 3f4437bd bf1bab89 3f2ebdb2 bf6ff7fc 3f78ea05 bf361bac 3f75ae00 bedfaeea 3f39e5a8 beda4abb bcf0207d bea36a91 3e735cdc be8a9680 3ecc66d3 bdf6b8df bf0fb391 3f2d15a2 bf45c3cb 3f06298c be48f478 bf5cf1c6 3d8d3881 bf1a7d8c 3f5fabe1 3e118c23 be42e4ea be10fca6 bdff88c8 3e1304ac be1ca4f7 3e85926f 3e25f495 3ecb16b0 be19a481 bf5ea1d5 3f227996 bf3561b9 be604cf3 3eaa4e9d 3e330c59 3ef376f6 3ec34ecd 3efce2f7 bf32a5a3 3f66f7e4 3dfea8b6 3f2599ad bebd6ec1 3e96229d bd71302e be9fde86 3f58c9cf bf4209c3 bf18af95 3f21df9d bd80e8bc be5544c0 3f74e5fb bcf0a047 3d00d00f 3f039980 be4b14de 
bf4d33be bd7db080 3f1cc797 bf4319b5 3f09af81 be894a90 3f392bb3 3f182595 3d32111e be02448d bebf46a5 3e7ee4f9 bf20039c bedca6d2 3cdaa0f4 bf2efbaf 3f5dd5df bf23739f bdda2850 3f000187 be5f64fe 3e89a289 bf346db5 3f6d53f2 bc7dc050 bd669101 3e3efcc4 3f5f0fd2 3f123985 3f08e187 3f5519c8 bdf8992f 3e35e4a2 3e5fb4d9 bf270f91 3f795a10 bf6db9e7 3f6641e9 bf565bc3 bed31ed2 3f429fb6 be5fa4b8 bee35ad9 3ede42bc 3f03e574 bf7eec26 bdbae899 bf005f67 bf40d7c3 3f7419f7 bf3415ba 3f14df86 3e3e74ad bec4becb 3f6d09f5 beb866ac bf16f18a bf0ec789 3f3cf1b3 bf5337c8 3f739bf8 bcc11efb bed766bd bf201b91 3ee61ee0 be433ca1 3f3393a9 3f0b6380 bec17ecd 3d6a9037 be9dd6a3 3e935284 bf7d420b 3f60e5df 3f4d1bc3 bf3d49bc 3beb7fd5 3f3affb1 3ca1a35e becf36af 3f0af78f bf11117e bf154788 3ea226b0 bf6173de 3f5019ce 3eba6ecf 3ef5a2ea be5084cf 3e5efd03 3ddcf886 3df388b7 bf014985 3e52149e bf358fb3 3f06df74 3f1ccb8d 3f245390 beee9aff 3e03dcc3 be978a99 3eb8debb bf2cd9a0 bf077975 3f4f45c7 3f01c377 bf3fefc2 3e0a6c60 bf24f599 bf223597 3f5ef1dd 3e8eb28f bf4de9c2 3f5af1d6 bf6b7def 3f1a2192 bda828ea bea6869c bf0a4191 be43ccd1 be83b27d 3ee142b0 be7fc4ce bed546da 3f54c5dd bed066ad 3eaf3298 bf62d1e3 3f40d7c7 bf6f93fa be5eacf2 bf4553c7 3f5907d5 bead02b6 3eed72ed bf3495ad 3dadd8e9 3f3c2fba bd057042 3f5981d3 bc8ddf99 beb3329d bf7a0206 bf2679ad 3f5557ca 3ed0aea6 be8e0a88 3f4a0fc9 3e5e04bf be86128a 3ec91edb bf11c993 3f39e3b9 3eb1e6b7 3edc62e7 bd30f0de bf7e9421 3f1e119c 3de8194f be0cec84 3e681cea 3ea006a3 bf2d45a5 3f0dcb87 3f2fb9a7 bf429dc5 3f3aa9bc be903a84 3e86c287 bedd6ed1 3f5ccddd bf1bed95 befa62f2 3d689140 bf1c8b9b 3f430dbb bf14a38a be6dad09 3f3b9fa8 bec862c1 bc9da189 3f5ec9d2 bf11d98f be7a9cf9 3f33bbae 3e06e47c 3e2d149a be6e64f7 3f349f99 bf546fcf bc6fbdcf 3f051372 3c7ebfcc 3da628c2 3e2b24b3 bf299ba3 3f7d041f bebe9e87 bf386faa 3f4275bf bf4f99dd 3ef632ea befd3ee6 3f0ea78f 3e84de6e bf1a05a6 3f4f81c1 bf12538f be25846d 3f49ddd3 bf5257cd 3f0f3395 bd8578d3 be426ce3 3f702000 3def8939 3d4d108b bea4b687 bea3e2a5 3d14b026 3ef1dedd bee0c6df 3ef306ef be2a7cc1 bdd72906 bea03aa1 befc1ae9 3f3287af 3dd47882 3ea2568b be1174a0 3f36edb0 bf5413db 3ea4ee93 bf0e9982 bee122d5 be7884f7 3e4034a7 bf3ca9b5 3cbbe24d bf52afcb bdabf8c4 3e6c4cf1 3dbae879 3d8b78ab bf370d9d 3f7d2019 3ed42ede bf4589c5 3f0e3396 bf00077e bd853892 bebf3ad0 3c966072 bf44f5bd 3f3c5fb5 
3f12d187 bf096787 3f58a3c9 bf2fbf9a 3eda42de bf115199 be786ce5 be99ca83 bf3503a4 3f6c13f1 bf0f9581 3f650ff1 bec6c6b4 3eee66ef 3ee746d4 bf12db91 3f30efbe bf008f76 3f099b8e bf58b5d1 3ed7aaf9 bce8a032 3d65f160 bf2d31a8 3db2e8c3 bc8ba066 bf31f3a3 be916a8f bf7b440c be667515 bf5a1fd9 be639c89 beae9e97 3f5951e4 bf115387 bdd0b8c6 be15c462 3dea3901 3e79f4ff 3de3a950 bbbf8971 bf4539c7 3f5ef9e1 bf4081c8 be614cab 3f64abe7 3e1bac83 3f13518f 3f109984 bf6d4dec 3ecd62bc bc25bfcf bf3dcfb7 3f181d83 bf60f7d2 3e7d9ccb 3f3567ab 3ee202ef bf5727ce 3f3aa7b8 bf73a40c 3f34f3a1 beb7d2bf 3f5d03cb be9f3e92 3dd7f933 bf2d59ad bf4dcfc0 3f4cf9de bf6369e3 3f531fdb bef37702 3f64c5e7 bf4283b2 beb2faaa 3e882e91 be53949f be3704ad bf1c8190 3e1ef49b 3ef842d8 bf0e5180 3f63c3f0 be1404ba 3f38c7b1 bf0a3d8c bf4489bd 3e88f2a9 beaa567b beb80695 3f187389 bee896ef 3f039587 bc14c176 3e31a4ac be5d7500 bf18e7a6 bf734a07 3f4349b9 befeaaec 3f5c9bd4 bf5a71d3 3f7a4e1f 3dbb9853 bf5e03de be3a44c7 3f0d7b91 3e3b2cdd 3e83e278 3f464bbf bf4d91c1 be91c685 3e7274e9 be7bb509 3ea61292 3ea18e8f bf2e69ac 3f57e5d5 3e52ecab 3eef66c4 3e93768d bf2cfbab 3f4bb5c5 bf2e49a1 3ea352b3 bf45cdc5 3f6523dc bd8068d0 3e62d4e4 3e2bdcaa 3f4031b0 3eaec2b2 bf6f49fd 3f393da7 bf0a1d87 3f75a3fc bf282395 be1a445a bee226c6 bf21958c 3e02fc8a 3f22d1ad 3f730ff6 3ec916c9 becb02b9 bf7627fd 3f45cbbb bf227fa3 bf436fb6 bd9d882e be83765f 3f41f3bf bf3e6db2 bc37c047 bf4c57b8 3e6d6d20 3f6d19f0 bf7061ec be390cab 3effaf1c bf5ad9d3 3ef9d2fc be3024a9 3dc308d5 bf515fd3 3ee8fede bed142e4 be0dc491 3efbaae2 bf3657aa 3f6f9e06 bf6c7be5 3f786607 bd59903c 3e8ba293 beef9ad5 3ef7eaf4 bdc2e8aa be37b48b bf081f72 3edbdef9 bf5755db bddd98e1 3eae3280 bcaea032 bf585dd5 3f34c9b1 bf133b8d be3bdcbf 3d2170a6 bd5630c6 3f164793 bf15d587 be896e6c 3e271c92 3ee16edd bf70c9f3 3e382c86 3f56e3da bf28d99a 3f002f81 bf11b189 3eed26e9 beafdea8 bee98ee8 3f36d3ab bf6539df 3f0aed93 3ebf6ab7 bf5e0fd7 3f6c01f2 bf042983 bd4d50e9 3d615092 bef0a6f6 bf1d138c 3f5447c7 bf34fda8 3f6c55fb bf24679c 3f01a580 bf360db8 3f2b819b bf6017de 3f6769ee bd6a515a 3ede1af9 bf1b879d bdcd58f3 be7484d7 bec24eba 3f09ad84 bec68abd 3ea4ca89 3e07a456 3e3bdcaa 3f02cb7e be1daccb 3f3455a9 bdc948dc 3f20f98d 3f19c190 bf037d79 bf03197d 3f5eb1dd bea0f2af bf02d180 bf040d77 3f7d1e1e bf7b420a 3f4757ad bebd22a9 3eb972bf 3efc36d9 397081f0 bd0d115f 
3f224b90 bf29e9a5 3d49d0ce be89c26f 3f216598 be618504 3f1fcf9a be5da4f5 3f783e04 bf51a9d3 3e5784dc bf1c2397 3efb9ef0 bec922d2 bef116d0 3f779e03 bf4cc9c3 be13ac9c 3f3d9bb4 3d0911ef be3e3c8b bd1c701b 3eb952bf 3e8c0e7e be802e90 3f4a45c4 3dc958c3 3f2d53af 3f1e8598 3ec982a0 3ed4fecb 3f6e4bf6 bee4a2f4 be716cec bc5d3e0c 3edf6ebf 3f06ef92 bf786203 3f06596d bf0a8d83 3f29dda2 3da848c5 3e34bc9a 3cdf2076 3df05909 bebafeba bf472bc3 3dc678a5 bf4f25d3 3f6057e6 be13a495 be690c99 3e798539 3f49cbc5 bf50ffc9 3f43c9ba bf5f81d9 3d8f08f4 bb690a52 3ee10acb be0b4498 bed46abd 3e5e3ce4 be368cbf bebfaaa2 3ea9c29a 3eb36e9e 3f6ebffe bf19f397 3f258f9f be573ce8 bf16b797 3f29dbac bf4effc4 3f5a43d8 bec496ce 3eee1aeb be3794b3 3f6db9f7 bbd77fac bf272599 3f279fae bf06e17e be964a84 be5cdce5 3df218c8 3f728ff9 bf285f95 3f22f19e 3e30ecb7 bf1b0d91 3ec4f6ad bf232da1 3f01797c bf29adb4 3f1c098f 3f04e181 3f1b4596 3ddcb87c bf6cb7f0 3f3309ac bf079581 bd52b029 bdfc48fe 3f74c406 bececac5 3daf089c bf3379ab be14f46f bddad8a3 3ca2a1ce 3e96f289 3f3251a6 bf4f9bc7 3f068183 bf435db8 3efd1f0f bef9befc bed8c2c8 beb252bb 3b2effb7 befb9edc 3f4705c4 bed92acd 3f08677a bb3f08bc be14c462 bf1e999f 3d9c88a4 bea1529a bf410dc7 3e9ec692 3e254c8d 3ddcc912 bf4607bd 3e4c74ac 3d2730e2 3eb526a8 3e5aace1 3f7efa21 bf4cfbbf bef2fede bf556fd0 bedffeea 3ecd02c4 3f45f1bf bf49edcd 3f21d19f 3f3df7b8 3f175d9b 3dc2b8e8 bf4b0dc0 3f1ba3aa bd96b86f 3f1ec390 bdd5c900 bf318fae 3f5e6ddb 3e7524da beefb6dd 3f5ab7d6 bf3cd7bb 3f130199 bda81891 3e4074d3 3d5c7049 3f0abd7c bed8c6c2 3ecd12df be99d298 beb1e2aa 3ed26aca be407482 bebef6ae 3ef60eec bf134393 3f1ac590 bf3a19ac 3f4d9bd5 3e38a498 3e06b457 3e27a49f 3f640fdd bf05658d 3eb8d6b6 bef6a303 3f090780 beb49ea6 3f29d1a4 3ec336ae bd84c883 bf4be3c2 3e6c7c99 3f4771ba bf4de5c3 3ed3dad5 3dd09864 3efdc6d0 bf24a3a3 be9cba93 3f3f71b9 be8dc2a2 3e970e9a be43ecc1 3f2df19f bf3ed1c3 3f785413 bf50e7c3 3db98885 3e58b50b bf296fa1 3f344f9e be8dba9c 3e384c8c 3f3b0fb5 bf4ddbc0 3f78801a bf6d0bfa 3f4cf3cb bf18c192 bd48f067 3f3bd7bb bf3e89c5 3f2831a1 bf49b9bf 3e9e968d bf33f5aa 3f6f81f7 bed846cc 3f4fa1d2 bd04b085 bf48f1b1 3f778804 bf72dbf5 3f548fce bf049586 be26f45f beb106a2 bd464fbe bec7ceb9 bdadd890 bf4043ae 3ec16a9e 3f12d97b bf5d21d7 3ed80e9f 3f24eb98 bcdbe080 beaeaea4 3e88ee81 3ea8d67e be79e4be 3d8e184e bf7ef62b 3f3ad5bb bf5fdbe2 
3f284fa5 bebbfab3 3f4933c1 bea5de94 be28a466 3c9220f0 bec47eba 3ea06699 bf60dfde 3f0c6b8b 3df4e915 3e90aea3 bf1a0993 3f1b9f96 3dd4c8f3 bf79b201 3f3f6bb5 3df188ff bf1b6390 bf0f5989 3f47f5b5 bebfbac5 bf3ebfb3 3f7c3a0e bf663fe3 bed112bf be23fc8f bf1be38e bf1b1391 3bb67efa bf494fdd bee81ae7 3ecd86bf bdf4a946 3ec9e2c9 bef81ee8 bf13ad80 3f3dd3b7 3ea96687 bf1a239f bd2e50f2 bf1fe995 3e80527e bf0df794 3f52afd9 becaa2d7 3f7a3008 beb9eebb 3f3b97b3 bf07ff7e bddb384e 3efd16d8 be79ccdc bf487bc9 3f421bba bd1f5007 bf13bf98 3ece82d3 3e7324c0 bf702df9 3f47bdb4 3e82ba58 beb086c5 3e331ccb bc949eaa 3e93de88 bf498db7 bec632a8 bd3e923c bee386c7 3f478fbc bf18879b 3ed8dae7 3e055492 3e07dcb1 be802271 3d77912d be980287 bf2587a0 3e12a47e bf089783 3f4c79c1 bf3a63bb 3f56ebcc bd11b0c1 bf0e058f 3efa4af8 bf71dbe6 3f1a3d95 beb0d6a6 bbeb7e2a 3f019175 bd9c38ae be496cc5 3ee3df00 be9ba281 bf537fce bec132ba bdfd88c4 3f7e161e bf39a5ae 3f12cb8b bd34105b bec396a1 be73fc9f bc193f36 3ec816b9 3d8a6838 3f4fe9d4 bf5e5bd7 3f63b1ea bf5943d7 bd8fe89e be7a74d8 3f2b73a8 bf2673a7 3f5203d5 bd2d3122 3e6a24f2 3e8a3a7e 3e98a69a 3ed38ecc bf1afda1 bed60ed8 3efb5ee1 bf652de8 3f6645f6 bd9f386f 3efe4ada 3e120c86 3ed7aed7 be01aca1 bf1e5fa1 3f4a01c9 bdf98904 3f321ba6 bf6ccbe0 3f194b9f bf6b11ee beda6eb8 3f4071b5 3f09e57a 3ed91ed1 3f61d3de bf799a10 3e618cc5 3e3944b4 befb6ae9 bf257995 bf289d97 be3ee469 3f07c18c bd06910a bea29eaf bc003eb7 be16fc99 3ee41ee3 bf4901c1 3e486cbe bedabeca 3e646cc9 3df868ed bf3875af 3eef7adf beec3eed 3ed0bece bf715bfc 3efcbef7 bf2e21ab 3f79d012 be82e682 bdedd906 3eb9d2b7 bf731007 3f60f7d9 bf229d95 3ee1ced5 be422cbb 3b68fea2 bf7f4c35 3f124794 bf3c61af bea94eb4 bece86b9 3df578d2 3f66fbd8 bf2885ae 3ec0ca90 bf28f1a9 bf4657c2 3eac0eaa 3e8b4a93 3e98ea8d be04e48a bedb96b2 3f3fddb4 bf7e7615 bd4fcfe8 3dfd9935 3f3289a8 bf6497ee 3d827861 3dd888d6 bf0ba592 3d651058 3e5024e1 bf0bbd93 3f116b8e beeac6c5 3f7c6421 bf17298d 3dfe08cb be4c14cb be348481 be92b6a5 3f3043a5 bf273990 bda72849 3ea082b6 bee9dac0 3f4189bd bf72ca05 3ea32e96 3f49dbc8 bf5d65da 3f57f7d6 bebc92a2 3dd1d8b9 be6f4cea bf3c9fbe 3f42afb6 be932e8a 3e4aec8b baa20ecc bf05c579 be4984cd 3f4ba3d3 bef75af9 3f4439be bee52afe 3f2955a4 be8b125f 3f1f6385 bf5bcfe6 3f40f1ca bf2a53b8 bd215040 bea39a9e 3ef9dae5 bed45ab9 bed13ec5 bebaeec5 3f5aebe0 3d0f2fda 3e9c1ea8 bf06bf75 
3ec82abf bf3c2db0 3ef90ee9 bf646be0 3f7f8c21 bf741bef 3f7e6215 bf4e15bf 3f5617cb bed76ae8 3a81f3ad be9466a2 3f2bcdab bf3277ad 3e8f2287 3ee232db 3e171c8b bf028b86 3ee522d8 3f4a8dc4 bf5d75d3 3f70bbf9 be4314c0 bef4d707 3f27799c 3f4197af be324cb0 3f4277b6 3e19647f 3e58ecff 3edd46b8 3ed582ce bf3993b5 3f5767c5 bf5d91dd 3ee9aede 3ee4dad9 beac229f bf7081f5 3f668fec 3f2685a3 be85ca9f 3f1efb98 bf005779 3e0bccdf bf4cb7be 3f3eafc6 bf6495e4 3f04f775 bf3c67bd 3f4d5dd7 bf6581ed 3f0a057e bd69101c be5bacb0 be3b64af 3f7be40d bd1ef02c bf11b58c 3f4e4bcd bf4e4dca be9ada7e 3f3755b2 bf1d33a7 3f2cf7b3 bf5765ce 3f7f482d bdef08e0 3f63dfdd bedbdabb bee846d6 3f6a13e0 bf4a2fb4 be8f4298 3e082c8f bf1a1da7 3ebfd2cb 3ee836dc 3bd97f4b 3f094f7e 3f16c389 bf7f5624 3f47cdbe bf121d9b 3e83ca77 3e2cacdd bee2a6da 3f796812 bf2e5399 3e4044b9 bd1a9096 3c849ff3 bf0d7781 3f3e35b2 bf4563be 3ed16acd 3f289b93 3ee366d9 be045c5a bf117f81 bb0b0520 bbbe842d 3e490cdd 3e24a4b8 3e86667f be7c950b be35ac76 be75f4b7 bd006fe9 bee586e6 3f4781bd bf38f1b5 3f6b5dee be81aa7a 3ded093a 3d81f881 be9f068d bf3719ad 3f51add3 bf3f5bc4 be1e24b3 bef63f06 3f0bd17f 3f1f4f98 be8b667f 3edf46df bf2ec9b1 3e87d276 bf4fa5cb 3e9afea3 bf4ef3d6 3f72fdf9 be82566e be57fcfb be9ab280 bd7b50f9 bd491064 3ded7939 3f24219d bdfb5931 be3aa494 bf4119bb be7284d1 bf1b0b98 3f04d385 be4a74aa beacdeab 3f59ede1 3ea3f2ba 3ee77ae1 3e519cfc 3e7d64f0 bf6e1800 3f55efcd beb946a4 bd5ed13a 3df48855 3e2c3cbb 3d8fd85b 3ec84ebe bf17d191 3e9c3e99 3f3607ab bf4803c2 3f6dd3f6 bf63e7ee 3f1e098e 3f4185b7 bf0e4990 be3874a3 be28b496 3e70251c bdce18c2 3f654fdc bed592da 3dcdf91b 3db62873 bea42294 3ea7aeaf 3f48f7c9 be8e7683 3e6194fb 3f2b8b9e 3f2727a7 bf3f6fcd bd5cd0df bf54a3c8 3f5235c4 3e124c9c 3f2f59b2 3e18645d be11cc97 bf108b8a bee83eca 3f7325fb bf5e29dd 3f47e5cb 3f315fb9 bf58c1d3 3eb2aea4 bde4e8cc 3f077f80 beeab2ec 3f7d4a0c be039c81 bee38ed5 3eeca2de 3e5d8cc4 bea1a685 bf5375da 3f3a85b0 bee7d6f3 3f7e8c14 bf12c986 3eaf5eb5 bf3547ad 3f28cfa4 3e66fcb3 be8bd68d 3dd0e98b 3ca1e062 3ef562e4 bf50bfbf 3da2b8be bef59efc 3f6f67ed bf6a29e7 3ed56ebd 3e14cccb 3f268b9f bf7e6e14 3f59e9df bf7dfa17 3f33f7a8 3e96b28d 3f0f8d84 bf3dcdab 3f2a95b0 bf55f3d7 3f111b7d bde5198f be74dce6 3da118c1 be842e7d 3e9b2688 3eab0a85 bef94efa 3f47ebc2 bf4d2dd4 3f6ceffc 3d3d70d4 3f6159dc bf5bfdd9 bf44b3b8 3f7b3810 bf178b97 
3f510bdb bf3763b9 3f2341a9 bc8520a5 3df53911 3dd088dc 3dcff8ac beceb6bf 3f46bfbb bf77240b 3f443dbb bf157993 3ebd3ac1 bec486ad 3f07f192 bf4c05be bee7bad5 3f0c5d8a be9ffa99 be0ac47f bf080389 bc7c420b 3e9c6e7e 3e846664 bf78b20a 3dde686d bf70f7fb 3f02717c bf3cabbb 3e85e6a2 bf0c0591 3eda12d9 bebc3eba 3e89927c bed5ced1 3f384db1 bf6203e4 3ee31aea 3f5bb3e1 bf543bc8 bf48efb4 3e0cb4b1 3cf6a1e5 bdf1a8e8 3f41edc9 bec202b2 3e8f7695 bf228fa0 3f3c3fb9 bdbd9905 3ea5be83 bf0a8b7c 3f7c9811 bef7aeec 3f5bc1d6 bf63fbe5 be8a2e6c bf28019a 3f2cc7a6 bed8fad3 3f7f661c bea54a8c bebecab5 3eeaeaee bef30ede 3eaf72b7 be296495 befc72fd bebc06b0 3e8dca9c 3ecada97 bf7035e9 3f7e0421 3dde48d2 3e00c47f 3f5bafcd bea7a2a3 bf009f6d 3d8e2857 bf4069c1 beb50690 3ee8aae7 3dce78f9 bf5591d0 3f6b41f2 bf60dddf 3f18798c bf03537d 3cc16017 3ee5bad9 be82226f 3d66d10d 3d33301a 3d942833 3e2a6ca6 be974a91 be5c6ce1 bef98af4 be1fe4aa 3f6a9bf1 bd0af063 3dc128cb bf75bffb 3f3bdbbb bf3c1fb8 3f27c1a7 3e4694e1 bf15c584 3f7d9e1c bee5facc 3e2b6480 bef57ef5 3f168185 bf0f6b87 bf1f2d8d 3f5155cb bf079b8b 3f7489fc bf4085ba 3ec7aaca 3e3bfc95 3f067d85 bf177196 be84d294 bf5e23e9 3f6b11fa be86a674 3eab22a5 3dfd5915 3e324c83 3e8d3271 bf28d19b 3dd6c8d9 3ed422d3 bdb0a8bd 3de968cd 3f241194 bf55bdd0 bd3b708b 3e9d6272 be55a4d5 3f32b1ab 3e8e5a69 3d41d03e 3e1fd465 3e093487 3df5d899 bef842e9 bf46c3bc 3f1d0399 bf61b5e6 be877e91 3f6129ed bf040b86 3e6ccca5 3d72704f 3eacdea1 bf161f92 3e96be9d be91b28f 3f166199 bf22e39d be6d9d09 3eb192c7 bf3d89ac 3f76ca04 bee39ed8 bf6901e1 3e133488 3f67f1e7 bf20bd9d 3f033978 bf7097f6 3c0c409e bed602bd 3e8f0680 be9e129b 3f09098d bea77e9d bf4e65cd 3deed890 3e20c4a1 bf5681d0 bf07938f 3f0ff184 3ed4cee3 3ea0867d 3d16b0a9 bf5fb1d9 3d6d507a bf5c99d9 3e599cc4 3f08157c 3f5553d5 bf6807ea 3f3b8dc5 bf7b120c bb170e1e beca26ac 3f3045af bf5b1de6 3f3811ac bf210b9f bef936e3 be8d12a5 3f6eb3ed bf50efc9 bedd1aeb 3f438fc0 3e810271 3e6f64d4 bf292fa5 bebae6cb 3c07bec0 3f6493e6 bf161797 3e47a4f0 bee65ecb 3e40049d 3e0bd482 bf4c55c3 3e92ae9b 3f5fe5e4 be95268c 3f28c7a5 bf783604 3eca4ed7 3ecb7abc bf5613cf 3b64f59a 3eff92d8 bf188b8c 3f7ac001 bf2945a0 bf25f9a3 3dd9d860 bf588dcf 3f6a85f6 bf2845aa 3e2b34cb bf20518d 3f396bb7 bf235fa1 3f69b7eb bf7a6600 3e476cd4 3f103986 bf4f43d1 3f2d75b8 bf6b75f3 be937687 bf12837e 3ef3b2d6 3f4bebc9 bf49e9c2 bdf2a8e7 
bf605fe9 3f3623af be52f499 bf1d5197 3e925697 bf2b29a1 3eb55281 be7f7d2b be3184a6 3e2c9477 3e9ab2a1 3d0890eb be14d4ab 3e3a8495 beeb2ae5 3f6dbbf2 3e44749b 3e806e83 bf44d7b9 3f02bb78 3f4917b7 be7bd51d bf4d01c3 3f2cb3aa 3eb2f6b0 3d4110f4 3f653de5 bf464fb8 3f2b9bab bea7d2a5 3e025cbc bf060173 3f55bdd5 bf680deb 3f6221e3 bedcd2d5 be41dc9b 3ebc06b5 bf763604 3f4d17cf 3f209396 be1604a3 bd12d01b beba8eb8 be947287 3e9b66a5 be27ecb4 3f5337d2 bef9aedf bf4cf3c2 3f5785d9 bf0e4f83 be7e0ccc bf713602 3ec256a5 3e7d1cc1 3f64bbda 3c0e3d6c 3e6544ca bf05d382 bf2b97a9 3ed476b8 3f07e784 bf5593c8 3f471dcf bf2d53ae 3f381daf bef42af1 3f7e0219 bf6f0bf7 3edb7acb 3e87ba9b bf692dee 3e9ec29a bf4bfdb9 bf064191 be0be478 3ec0e2ab 3f1a978c bc07c0be 3f4fabc2 bf791c01 3f66c9ed bea6eab8 3ec2b2b2 bf106b93 3f769403 bf57a1c5 3f466bbc bf29aba0 3d60911c 3e7e84d8 bd123068 bdecf8b2 bee9a6eb 3f6bcbef bf38e3b7 3f4cd3c6 3e0c2c64 bf5219c8 beae56b1 3ec616bf 3f3703b1 bee17eea 3e001c98 bec8e2c4 bdcd691f 3f2fc3a9 bf735bf7 3e23f48a 3e76e4d3 3deee90e bf13c585 3f129788 3f51dbcb bf4ca9c1 3ed8c6e8 3df8b922 bf4c43cd 3f7ccc0f bf348baa bd9bb8d1 3d447129 3f23e999 3f5585cf bf5075bd bc6bbfac bea33ea6 3f06bb7a bf748bfb 3f4df5da bed1aacb 3f28db9a bf5791d5 3f3827a8 bf3aafb5 beb3a695 3f6f8ff7 bf2ebdaa 3ef6c6dd bf25eda5 3f028f83 bf7dda17 3f2ff7b1 bf0dc18f bef2bada 3ef4c2ff 3c90de76 3f3169b4 bf18cd94 3ee092db 3f4091b3 bf48f7c3 3dfee91d 3e515cb5 bf2b0b9d 3de418c5 be85769f 3f1027a1 bf719de5 3efaf2f1 3ca021a5 3e9ff27d bdbbd927 3eb946b1 bf174591 3d22b03a 3f610bd5 3e7924c3 bf72da01 3e6244d6 3ec30ab2 3db148af 3f65c9e5 bf1cc5a4 3f515fcf be53c49d bf30bdaf 3f46a7bf 3dabe8fa 3f3717b1 bf3637b4 3f3949b8 3ef8bed7 be9296a2 bf6d61f5 3f243f8f bf5067d6 3f0f3d8a 3f2a059a 3e532d00 3ea26a99 bf126b93 bf4cb5be 3e980699 3c871f05 3e4e9487 3ee8b6da 3ec62aec be856698 3e02d474 bebeb6ac 3f22759b 3f08f97c 3d3dd0cc bf25f79a 3f7fa42a bd4f3028 bdb6a8f4 bf3b5fae be010482 3f2e719f 3f3723b1 bee94ed8 bf55ffcb 3f29b5ac bdc0f8cd be094c7a bb58f7aa 3ef686fa 3e7d0d02 be26a4b7 bf7ee426 bd46907e 3cada2b3 3e5804cb 3e390cd8 be957e89 bae208df 3f562bc8 bf68a9eb 3f2653b1 bf75bbf9 3f3295a7 3e99d295 3ecc62a7 3f3f0ba6 bf58ddd4 3f3259a4 3f2603a7 bf105985 3f5419dc bf600fd6 3f165d98 bd90c87a 3d52d0ff bf4a59c9 3f6451d6 bf0c478b 3f28fd9a 3f6e95f3 beac2a8c 3e223c8b bebd02a6 3e58fcfa 3eb296a8 
bebb46ac 3eb49699 bf0def7f 3f48f3c1 3e135c63 3d169168 3ed76ec3 be038c74 3e300ccb 3e1664a4 bf415dc3 bc0a42d8 bdd978ce 3f3fcbb3 bf2695ab bdcc886f bf10cb85 bddcc894 3f408fb3 be9ff69f bf690fe2 3f625be0 3d6111c1 be9b9aa5 bf4407c7 3ed25ec2 bf77a00b 3f7713ff bf365db2 3f19d58f 3eafb6bb bdfd688b be84327e 3f4a6bc2 bf6e99fa ba8e0b79 3f4f6fce bea0ceb4 3d579078 bd0a301b bf3257af 3ec4c6aa be438cee 3f6c7ded be88e272 3c7741d2 be9fd294 bf157595 3eddcec3 3f26d59f bf78640f 3f5a13ce 3ef076d7 3f68a1eb be2f4c80 bf660be4 3d3f9173 bf41cbbb 3e64f4e9 3e967ea1 3f6a19ef bf67c5e5 3e840e8b bea30a8f 3f5349d5 bf780bff 3eec72d6 3e0d2ca5 bf26d39c 3f7237fc bf75de08 3eeeaae4 3ef70efa be73a52d 3f5399d0 3eef9ec3 3f25dfa8 bf321fbb beee0ae7 be973a73 3ebcbaae bed78ab0 3d05b12e bdea497b be2d14a7 3ec056b9 bee6b6dc becbaad8 3f52c1bf bf2d51b5 3f1b2f91 bed5c6e0 3d44f13d 3cb3e033 3eb9f6c0 be8a5a7e bdccd8f6 3e36ec91 bed2f6e5 3ec59eb0 3f6b79e3 bf75f600 bdf458ed be7dfcf9 3f3535a9 bc8a6152 be3b34ab beb26a93 3f4b9dc5 bea3a6b7 3c58431e bd50f0c1 3f050182 bf7565f9 3d0df02d bd2a704d bf0fe98d bbab7cdb 3f243b9b bf171f90 be2a0487 3f2ad19a bf105597 be36b4f4 bf63d5e5 3e91e298 3f35d9a3 be09b458 bedec2cf 3f3cdbbd bf1fcb87 3e0bac6c bd62f146 be025c58 be76450f 3f6b91f6 bf11058e 3ed40698 bf0b1198 3f23619d be89da7d be2e9483 3f006574 bf29efa8 3f208b9f 3f326dba bf5d9ddb 3ee58ac8 bf47cbcb 3f3d0bba beaf66a2 bf2ed5aa 3f2ca9a2 bf41c9bb 3f6fde03 be85a674 3ef46ee7 3ebc0ab6 becc0ec0 3f49b1ce be5924d9 befcfef1 3f171b9a bf7e3621 3f45d5bd bedecac6 3f2b079c bf7b2216 be070c53 3ea99ea1 3ec37ebb bf661de8 3c3a4573 bf17198f 3e982e8e bf18038d bd0fb035 3f33bfa5 beeb92f8 befafeec be8f9299 3df4f8d5 3d9f4887 bf05ff87 3d9ae878 3f5dadd4 bf47adcf 3f3ef9bc bc1c411a bf4915cc bedd42e0 3e29eca1 bcae20b5 3f3fe5bf 3df898a7 be5b34df 3e012499 beec7eea bf67adee 3edd3ab2 3e40ecce 3e3b3cb5 bf73e400 3d7b30e5 be0d644c 3d90a87f bf219798 bdfcc8c1 3eb8f28c 3e3e9494 3f0f9188 bf59a3e6 bf5389d9 3f3895af 3ef6e2ec bee842fb 3e2b04cd 3efee2eb be494c96 bf61addb 3e21046e 3e89867e 3f3fabbe 3f137fa0 bf301b9e 3f08e37d bf3a5bbb 3e9c56b4 3ec832ad bf65d7f2 3e64acdd 3f265b9a bf02877f 3f130b87 bf41cdc3 bf307fa5 3d1c10ab 3da29929 bf34099d bef20ef3 3d0fb0b0 be53cca1 3e866a94 bee742ef 3c193eb3 3f12c989 3e5974ed bee48eda 3e8c6696 bf2be19c bf2ccda0 3e0fd45b 3db12840 bef542cf 3d3710d3 3efc76fd 
bea91298 3f198d86 bec3a2c3 3ca42085 be990a93 befe42f1 3e5644db bf149f81 3f0b6d80 bf2c4ba4 3f659bf3 3f0fe783 becc66ac bf2e27ac 3f2da3a7 3e77550e bd58b12f 3ef976ee bf7fc634 3f6877d9 bf31f9a8 3e97aa74 bf225795 3f7efe22 3ed46ee3 beb6eea6 3f1cc59b bf2a7597 3ebf06d9 bf2bada9 bf2867a6 3f5323ce bf3829b1 be9bb682 3f6631e7 3de1f913 bf340ba4 be6bccec 3f7af80c bf37e7b5 3f15b398 be949e86 be388cc3 bf011781 be0c5c87 3e0d6445 3f5855df be6444ba bdeef8d4 3cd721bd 3ed2f6c2 bf4145b8 bf414baf bf3e29bd 3e8f5696 3f3855b1 be880694 3f2903a3 3e24e499 bf7377fa 3e5db4ca beabb293 3f3b71b5 bf0c978e be60a4b9 3f6585eb bf6823e7 3e96a68c be4aacdc be749cd2 3f3923c0 bf2903a7 be166c9a 3cd8e03e bf1b459f bef8a6f2 bf5739cd 3f12a991 3f7c1618 bf2c99a1 3da818a4 3ea3fabd be21fccf 3da4e8ae 3ec8f6d7 bf4859c6 3f2f47b1 3f21e99c bf6215f4 3d8187ed 3f2ce193 bf4eb9c5 3ee82f01 3dec38b9 bec9069d bebd3a92 3f6803fb bf4a51bd 3e37949f 3e2ea4d1 bf6bc9eb 3f3279ac 3e4424c7 3e5adcee bf236d9c be49ecbe 3f7375f5 bf0aed7e bec32ecb 3f41ddc6 bf4cd7c5 3e737ccb be6324d3 3f78f004 bf2fbba9 3f4aefc4 3f3eedb8 be9d3e7c beb2c6b8 3f3cf7a2 bf1c179b 3f4ce7cf bf02477b 3f3d67b2 3e5f1cd5 3ee9b6dc bf7a9a18 3c5542b5 3f38f5b3 bf7f6a24 3f776e0a bf049178 3e87967e 3f01ab7b becbead4 3dada8fb bed3decb 3eb11eaf 3dd6593b bf132d99 3f182d96 be5e3cab 3ebed2b9 3e9a06a2 bf6859ee 3da02891 be1f9c95 3eadb293 3e232cb9 bf27699e 3f3e3bb8 bf110b7a 3f59c3e5 bc0dbec1 bf5ecdd0 3ed6bae1 bf178d8c bf143581 3e51acb9 bf5e81df 3f4a21c9 bebd26ca be100c95 3f554fd0 bf7be40f 3f5e3fe7 bf68dbe6 3f5c3bd5 be34d497 3ef7db0a bf4149b9 3f663fe5 3e9bda93 be72a4bb 3f35a9af bed7c6eb 3f325b9f bf5933df 3f106789 3e3a6c46 3f36e3ab bf2a1ba4 3f0ee795 bf3b83ac 3f4953be bf0aa19a 3c856124 3e8d6e8b bf35bdb5 3f20739a 3eea52f7 bc79c373 bebfaea5 3e99328f bf5401d3 3e6dbcf9 bed8bab5 3f4b45d6 3f570fd7 be801a6d bf309ba4 3efd3afe 3f05bd7a be0bc480 3d8b385e 3e9fee87 3f232d9c bcbaa075 bf184997 3eb01ab3 bf331ba9 3f3449b1 3f5e35d3 bf5cb9e3 3e44b4ac be25acbb be6c84aa bf3a0bb3 3f378bb3 3eb1b6a9 3ea5a696 bf6493e9 becdb6c7 bf147792 3efa46f0 bf10e18b 3f792605 bf1dff9a be0814a8 3f1b5195 3dc6f86b bf7fe82d 3f3aabc0 bf2837a6 3f10b784 3f58cdd6 bf0ecf91 3eb7369f 3f5ae1dc 3d3290f9 3f4b3fcf bf3527ac 3efceed9 3ec492b8 beff16fa be4564dd befe4add 3ef806f2 bd9ea8d5 3ed55ee4 3f30a7b7 be981e89 3eb2caa9 3f024180 be1c649c be96de74 
3f5d13d5 bf68c1eb 3f2bc39e bf3dddc1 3f7c2220 bea66a99 3f69a7ee bf4a99ba 3f1e9992 be4194b4 beae16a8 bf7ece22 3f06ad77 3f2db3a2 bf4a93bf 3e04e4ae 3cd35fd0 bbd480a0 3d1ed033 3d4c9031 3f20f7a3 3e178481 be96be87 bf07f581 bf4aa9cd 3f13d797 bdefe8ef be869a8e 3f4c77be 3d0b6f82 3f3977af bf341bae 3f74aa0b 3e480d0c bf7251eb be77a4ed 3f5929d3 be9ace97 bea13a97 3b817f1f 3eeac2cc beedc6e5 3f7cfe14 be9cee80 3f757005 bf411bb6 bf40a5ad 3f235da3 bc1ec10d bf6925fb 3ececeba 3ee676e4 3f5f13de 3f4711bc bf6d65df 3e674cf6 3e036ca1 bf3619b2 3eb1d2ba bd1aef2c 3f25e5a8 beecaeea 3d4170ca 3ecd0eb2 beaaba9d bee19edd 3f7f9a2d bed6aabe 3f246b99 be8a2a63 be8f9a9b 3f0c6782 be52d4b8 3ee7b2c5 3be68350 3f4a53cd 3f173f90 beeefef6 bf401bbb 3f334fa3 3c97e01a beb486a8 3efcfadf bebfb2ad be1014b5 3f2cf3ab bf319d9b bf081d85 3ee1a2c5 3ef9e6de bf77b216 3f06a982 3eb94aaa bf6c27f0 3f38bba4 3f08457e bf77bbff 3f1e7b92 3e8e8a80 beb5b292 3edb42f2 be961eae bdd6a8ce be5b3d02 3edd5ae3 3d2a3076 bf5b6be4 3f315db7 3e5e1cdf bf5bddde 3f5b6fd7 3ea92a94 bf45ebc0 be1bdca2 3ea0729a bf4eebb5 bf7275f0 3f409dc1 bf52cfcb 3f20e591 be7af51a bf05a58f be176cb6 3e512c9d bf3951b7 be9e6e84 3f62c3d6 bef336fd 3eb462aa bdfa08ca bdbfc85f 3d73315f be6b951e bf18639b 3ef8db0f bf11d77f 3f79080e bf6151dc 3e911698 3d4c707d 3b1f09cc be9bc692 bf271996 3dc7a930 3f4dabd0 bed23ebe 3f423dbc bf6e21ef 3f21cf9f bea332a0 3ea4e296 bc95a173 bf5117c7 3eb1aab2 3e9b52b3 bd21905a 3f059385 3e9d3a9f 3f4365c7 3dbbf914 bf10f789 3f18c792 bcfe9f29 be93ce89 3eccbec2 beab7a89 3d02f125 3f06dd7b bf775e06 3ed152c8 bf101175 3ea692a5 bf6abbe3 3f256ba8 bf60efea 3e9962ab 3e16445d bf045383 3f00796d bf7eee19 3e42acfc bdbde8a5 bd9aa8ef 3f4e13c7 bf545fe1 3e249c72 3e56ecff bee07ae1 3eaba2a7 3e1e4c7e be9a4a92 bed94ec4 3f4419d2 bf62fddd 3f33edba 3f0a2389 3dd168b3 bf6705e9 bf19c791 3e91729c 3ea4eaa1 be7bfcf3 bf07a77d 3ea91a91 be285c74 beca1aaa bf3103a2 3a6c101c 3f7f5c1e bf4dbfbf 3f3851b5 bf3809b4 be982e8a 3e773522 be8b7a79 3ed67ec3 3f0b837d 3ef2c6f1 bf151991 bef0fed9 3d9fb8cf 3f132786 3f4fd1c1 be997a92 3f624be3 bf7239eb 3efe5304 bec666d2 3f115d7f bf34bbac 3daf18f2 3f44e7b8 be93caaf bc034299 3d36afb7 bf4287c4 3f1cafa3 bf0da385 bea16a93 bf6c3bfe 3d8b584b bdcfd87e 3d6ab082 bf3f3bc2 3f7397eb be893291 3f6711e6 bf4fd9d7 3ee086cd bf5019d1 bd810888 be297c7c bef02aea be993a97 bc84decd 3ded8921 
be9a2692 beedcace 3f65bfec bde268c9 bf13b179 3ec996cf bf7d6a17 3f3063b8 bd474fe9 bedb1ad6 3f509dc7 3f10d581 be52acc9 bf0e2192 3f580ddb bf663bd3 3eca1ad3 bec692b1 3eed9ae0 bf3107ae bf03c580 beeb9aea 3f5a99d4 3eda66bb 3f560fd3 bf37b7b1 3e6254c7 bd899832 be968288 bf616de1 3f4a07c8 bf56c3d3 bea23e96 be6aacff 3f413dbb 3eb28a9b bf1869a3 3ed26ec5 3d147078 bdd4d8bc be184474 be2b8482 be96ba79 bedef2ce beeaa2e8 3f19df8f 3f2d8da7 bf6d15f9 3f05a177 3f360fc1 be31dc97 bf22f98f bf40b3be bf04317d 3f7e382d bf16df88 becff2b4 3f69cdf6 bf40a9b7 3f2535aa bf6505e6 3f1b63a3 beb3b287 bec21ab5 3f6ce1f3 be7d0cf6 beda42cb bf18dd8a 3ee77ed8 beea52e6 3e122c8b 3e2a2cae bf089380 3eba26b0 bf2ff1b7 3c3ec180 bf7261f9 3f6a6bdc be95ae87 3dda68e6 bea7569b beac3299 3f0c5983 bf56b3cf 3f6751ea bf6083e2 3f544bd6 bd68d15a 3ee8cede bf7bc21e 3f397da4 3e2f0c7f bf6e2e05 3f5607cb be22dc9b bf7a4010 3f4001b4 bc8ae07a bf5ebbd7 3f3e41bb bf340fb3 3f79ee07 bf3ffdb5 3ea3a6a2 3e617cc1 be508d15 3f1d438a befa2ef0 be4ff4d1 3f3339a3 bf227593 bef76303 3f2f2ba9 3e535ca7 bb8982e2 3f2429a9 3f12cf8b be0e04cd 3f44c1b5 bf6d03f2 3e8fd291 3f557fca bb9588a7 beabfa97 3f7fe820 bea9fea8 3d71f0b0 3ddd8942 bf189d95 3e718d14 3df0191f be1d44ec 3e85b28b 3f7c1212 bf5937ce 3f69a400 bf5c5dd6 3ee81abc 3eacfe7f be8b1a78 be542483 3f294d9c 3f6267e0 bf4a27d1 3d2d4fa2 bf0aef7c 3efd7708 bf060d88 3f1adf90 bed782d3 be58e496 3eed2ece 3e3d7cb0 be9956a2 3e430cc3 bea10686 be4014de bf1c4391 bf2b8799 be99d668 3f546dd3 bf789a03 3f064182 bf7d580d 3f5d93e9 beabca6d 3e1874a4 bf0a4988 3f062f7d 3e8d0279 3e2d3cd1 3ddf78e9 3d7f1163 bd820878 3f3de3b2 bf138185 3d9cb83b 3e8b7a71 3dff3902 3f04e77d becb9ae2 3f15a188 bf2339a6 3e31148f be83b6a1 3f439dc5 bf2817a7 3f5b91d6 bea46a89 bed7facf bd87f89d 3ec4daa9 beb24ab9 3f4bfdc7 bf124f95 bf53c5c1 3e511cdd 3f134b8f 3f2fb1a4 bf2c1ba8 3f1e57ac bf30d7ad 3f7c7e07 bf374bb9 3ef922d8 3e1bb4ca 3f5061d4 bddd88e1 bf5c8fcd 3ebe5e93 bd63b0db 3ebde6cb be294cc1 3f010f75 bdf218ed be9a1673 bf1b5d90 bf2133a3 3f3489ad 3ec3a2b1 be5c7cc9 bf75d804 3e9b569f bf6571d9 bcaddfef 3f3845b9 bf7c041b 3f5c4de1 bf2e97a3 3f3d25cd bf21ab99 bc96a241 bf09e587 3f6f63fa bf2ff5af 3ecdd2ab bd3831a9 be816e75 3f6819f8 3e856679 3f3563aa befacaeb 3f024583 bde2f8e9 be0b8c94 bec6d6ab be194497 3ccea239 3e0414bd 3ec5c2cf 3e6c14e0 3e959273 3eb47691 3e9e3ea1 3e317ccd bead62be 
3f069f80 3ecdeab5 bf6b8de8 bda0d867 3f4251c9 bf3817b5 3f58b5d7 bd71b126 bf6e2ff7 3f6199ed bf15d383 bf6c99e6 3f6643e9 bf6df602 3f200194 3d95a859 3f43c7ca bf5bafdb 3f06d979 3ebca6a6 3f24d391 3ed00ab4 bf4b19bd bf6767e9 bcc01e11 be407ca2 3eddfed3 3d58f16c bd21d057 3f5bd1e3 bf5fa5e3 3f4d19cb 3f7093ec bf37bfb5 3d359149 beb096b1 bed016d4 3f2b959c bf564bd1 3f69d1f8 befa26e1 3ee04abf 3e903ea8 3efa86ec 3f00bb7c bf7b6c0f 3e929673 bcfadfa8 3d876867 bf6a3ded 3e59fcc9 3ec2cab8 3f5999df bd2b707b bf123584 3f140387 3ef0dad9 bf239f98 3f320bab bf5ac5d6 3f6e77e8 bf497dcc 3f5857db be6834cc bf2bf98b 3e1fe4c8 3f03657c 3f533bcf bf6d45f5 3f6675da bd31113f bf012179 3f09557b bd3990d4 bdcc38ad 3f6ed1ef bf4725bd 3f6f03f6 bf7a0e15 3f4709c7 bd409022 3f2f0da4 bf338dbb 3f6c2df3 bed3eed0 be9e4a95 3e9dea8b bea6027f becc4aa9 3f3697a4 be838a74 bef54acf 3f668de2 bee31af7 be547ca3 3f7c3218 becb1eb4 bc7f427e 3e2d0cb4 3e84ca7b bdab08b6 bf3b25b1 3f6879ea bedecee1 be5804ca bf037381 3ed1c2ae be5aeccb 3e89fa90 be13348a be1c7c83 3f495fc3 be4de4ca bf3c6fae be1f648a bea8caaa be5ba4b9 bf0f5d83 be6dcce7 3f4293ac bed26ac8 bf123b91 bc0e4171 3e119c96 bf541fd3 3eee9ed8 bef8bade bc82e02f 3f3d7bac bd7c9123 bf019180 3f3ea9b3 bf5387d2 bf4a83c1 3f09ff8d bf08e372 3e751d32 3daa88b6 bf585fd9 3f0f3b85 3ddbc904 bf62a9e9 bec1eec0 3e1d2476 3f5dabd9 bef6eef4 3e771cae bd5e300b be186c94 3e95fe7f bd762fd0 bed77ef5 3e1e0c9f 3e9b72ab be6404d9 be9ee6a0 3f4a43c9 3e978ea3 3f344db9 3e4b6ca8 be24aca1 bdc7e8b6 3f1a678d 3f1b6b96 bf323ba6 3e3eb4e8 bd2cf103 3f42c5c6 bf67e9ec 3e45ecf2 bf25b799 3d61efea 3f04d78a bf4d05c2 3e948a71 bedd46e1 3f4995be bf456dc3 bc75bb93 bf1cdb8f 3f558fcf bf7141fb 3f7f3426 bf5d73d8 3f4647bd bf3eb1b8 3ea4ae8b bf6e33ed 3ec206c8 3f0dc780 bbd87dd3 3eeaaedf bf33cbb1 bec25abd 3f5d51d7 3e16acb6 3ce61ff0 bf011d87 3d665099 bf3a25a7 3f7fde31 bf777403 3f542dc7 bf460bb8 3edee2ee bec31ab8 bf6e71eb 3f3a45c4 be0d2473 3f4f17c9 bf47fbb8 bc9de038 3ed656de bf73aa00 3f280da1 be7444d6 3f4cd9ca 3f240fa3 bf17db8d bf0fb78e 3f692ff0 3e6e7d03 3cc7e024 3f3fffb5 be66d4e9 bec3eab2 3f521fd1 beb406a0 beb57693 3f117b8c be91be93 3f75320f bf3cf1aa 3ee0b2f3 bf21779e 3f6ce3f3 bf0fe17e 3f043f72 bf48c3aa bd12b02e bf7681fb 3e4f0cc7 3e97ee9b bf2a67a9 3f7ac40e bf040179 3f41d3c9 bef022cb 3eead2e3 bf7fa62c 3e82de83 bf6e61f4 3ed576d1 bf52cdc0 3d90888f 3df028ec 
be71e4b4 beadd6c9 3f70b9ef bec59ec0 3d6acff9 3e36a4e5 bec4fe8b be2adc8a 3f6cf9e8 beb44ead 3d2fd07d 3f070782 bd61d191 3eac8a90 bcdf609d bf3b03b5 bf242198 3f5d2dea bed0c2c7 bf5757c2 bd415073 bf2933a1 3f7bce15 3f2a639e bd7bb153 3f04af83 bf214f98 becaaea3 3f3f51ab bf5a11d3 3f3d4bb9 bf4e0fcd bf484dbf 3f3e47bf bef2d2d6 3f3d47b7 3e87de63 bf1ecb90 3f1f759c bf443bb8 3f0a6791 beda22e9 be5a5c94 bf737601 3f04ef8d beeb12d7 3f6f61f4 bf5e17d7 3f2a779a bcf4226c 3ed2bebd beb3c2c2 bf53d9ca 3f5901db bf25bb8f 3e493503 bea99298 bef1a6d3 3f0a1d8c bea366c4 3e97fe9f bd9bf8ab be7dbcda bd95a829 3f7bd21f becefaa3 bf3585a6 bd6210c4 3da2a889 bed79ec2 beb4cec0 3f57ffca bf5897de 3f230f89 bf4ecfcf 3f012b79 beca2ec2 bdb5b8cc 3f08237b bf2c9ba0 bef64ed9 3e33b499 be354c8a bf01ef8d 3e5634db 3f3037b3 bf0fbb8f 3dac9920 3f170d91 bf66f9eb 3f74f804 bf5ecbdb 3f082586 befab2e0 3e6f24e4 be54ec99 bf47a3be 3f4923bd be5a94b3 bf0c8f8f 3f3a97aa bf00cf7e 3eeb42ce beebfeeb 3f19898f 3f4e31cd bf6489e6 3f3573b2 bf5549c9 3f2ac594 be330ca6 befd72f6 be1a2c5f 3f3197b0 3f5cb7d1 bf2af3a1 3f6a9deb bda568c4 3ec5ceb4 bf2831b1 3f09677c 3e383ca4 be023483 3ee566c9 3e262cd2 bdae58a9 3f46cdc3 bf3eb9b8 3e81be7f bf4831cb 3f638fe2 bf715600 3f61add4 3f7a5006 bf291d92 3f5d05ee bf51cbda 3f676fe6 bd5c7188 be24ccd5 3e19ac89 3ebe9eb3 3f33c3b2 bf56afe1 3e11ec93 bf1ea58b 3f609bd2 bedb36cf be1cc48b 3ea85695 be90ce8a 3f6cb3e2 bf6751f4 bd4dd0dd 3e14146b 3f4d8bcc bf788e05 bf05a98d 3c8a5f08 bf71de00 3f0ba78a bdd238dd bf1c3792 bf24bf96 3f2c5ba3 bf02c984 3ea54a9e bf5ed5db 3f5189c9 bd7ab14e 3f026186 be4d04cf be8f7a85 3edbb2ca bd9d788d 3ebdaebf bef00f04 3e0dc4a7 3f0c9f85 3e28e4a5 bf2ecda6 3f558dcf bf6239de 3f6439e5 beb60aab be0ffc77 3edcdeb8 3f777213 bf65e9d8 3e1d7c62 bf448dbb be017cdf 3f161b83 3e6d7d06 bf4443c2 bc846017 3f11397d bf2b17a8 3f124f95 3f0e9d88 bf74a000 3f1b298e bf02bf7c 3f2345b0 bee0ead4 3e6da532 3f61e1ec bf542bb9 3e9ca689 bf6053e7 3ec2e2b9 3ed926a3 bf4257b6 3f7ed022 bf4ebbd2 3f1cef90 bf6b4bf8 bf12238b 3f3d3bab bdfbb8f9 bf164191 3e31fce3 bf6d19f1 3eed02eb beaa6e93 3eb912c1 bf2aa5ab 3e27346f 3eecc6d6 bf3bc7ac 3e0c4c4e bf4fcdcf 3f66cff9 bf3249ae 3f2f4da6 bf08e57d bf25eb94 3f760e09 bf49cdcb 3f7185f1 3e46b4bc 3f113194 bf59cdd1 3f077d94 be89367c bf10fd97 3f146996 bf4097ad 3ea95aa9 3f2e5797 bd6c512b 3f7ce024 bf4833be 3f7a1611 3d4f7037 bede9ed6 
bee03eeb 3f127d8d bf7db614 3f4e71c7 bf34c7a9 3e5f5cb6 3e7204f1 be15dc47 be825e6b bf066b85 3edfeae1 bcd15f5e bf2ce59d 3ea6ca9d bf17e59e 3f6adbe3 3f5b1bdb bf73eff1 3ef2cae8 3f14f797 3e89de86 3e53ace0 bf7bee01 3e03ec56 bf069d7c bec8b6b2 3f78c616 be01541b bed0f2d8 bc9c5d31 bd0b10a7 3f39d9ae bdfa88fd 3e9e9281 3d40f1d7 bf6069da 3ed856c9 3d9d68a4 be479cfd 3efde703 bf31fba3 3f0e5d8a 3f003182 3d8c57d5 3ef872f3 beab6299 bd9d9920 be67bcac 3f027d6d beeaeed1 be2bbc81 3ecd269a be721ca0 be189486 3f4d21da bf450db6 3f2fafa2 bc47c3e7 3f15718f bf7d9a07 3f40cbb6 bf64f3ee 3f42abb8 bec5bea0 bf048f78 3e09bcac 3f7f2a1a bf2fcbb2 3ecf66a3 3f70d5f7 bf67f1e1 3f5fa7e1 bf6d95ef 3f548dc7 be3b9ca7 be86a283 3f28919d bf0d4982 be199c85 3f486dd4 3f11ff96 bf0a9b8b 3ed48adf 3f1e9f96 beef5af6 bf45a3c4 3f6d6bfd beec0ef8 3e707cd1 be0fc449 be99c686 3f59e1c3 bf63d7e0 3f76b20c bf1b539e 3f197796 3e92229b bdd0989d be08ac71 3ceee062 3d053071 3edea6e2 bf151d96 3dae68b7 be1494d0 bf5d67df 3e83169e 3e3104a9 3eb4e2b9 bf42e5c1 3edcaae2 3ee1eaf7 bd2cd062 beb1caa9 bf6d67f5 3eff0af4 bf2b57a6 3e4a4482 3e39a497 bec51ab7 3e49f4e9 be9df29a 3eb16ec2 bf3cf9ae 3e738d13 bee2aece bf10d587 3f71c000 bf10b38a 3eed8acf bc8962ea 3e6934a6 bf2d37aa bf09eb77 bea1d6a7 3e27bcbb bdc92856 be75cce7 bef786f3 3f11278f be5d2cbd bf75c210 3f67b9e1 bf204bac 3f480dba bc0cbdbd bf199d8d 3e169495 3f007581 bf104d88 bd6deff5 beda2ecd 3f09e788 3f0fcb91 bf134b91 bf5113da 3f7b6401 3e6894fd 3eab02a9 3ef89afa be281491 3d98185f 3f47c7bd be2bc484 3ef75ef1 bddf78de 3f042788 bee1f2d7 3f1a4d93 bf6dd1f5 3ccc1f3e 3f06b37f bf176d9b 3f092579 bedf4edc befdd30a 3f22339b be706c9c bdcc190a bec776d1 3f5081c5 bf776bfe 3f75c402 bf729df5 3d6970ef 3f190598 bf623be5 bed35ac8 3de708df 3f37ffbb bbfd813d 3f19418c bf65a7e8 3f46b7c8 beb8feb7 3ea326af bf319ba9 3f5a29de bf2b41a6 3be97e30 bd9478d0 3f6f8bf2 bf37b5b1 be870a92 3f4fe5d2 bf4731ba 3dc7e863 bd9e6868 3eda32ce 3edfc2ca bd9e483d bdc9d8e2 3e1de4cc bda73894 3d009043 be82a661 3f4265c0 3e481ceb bf04677b 3f45d7bf be495cb8 3e0b5c7a 3f6f01f9 bf4f19bc 3e6be4d8 3de7d857 3dcb38e9 3dc5c91e be6d84d5 3f1f6b9f bdada901 3f43fbb5 bf79b804 3f62a3e9 bf7c6e0a 3f4775bf 3ef95eeb bf3083b2 3f18a59a bf23a7ab 3dbc48ae bf602fe1 3f5f49d2 be88f281 bd998883 3f5ea5e8 bf3bb5b0 3f5a3fd6 bf2825a1 be9b3aa3 bf00657e bec32ac1 3f032f87 bf685ddc 3d08d0d3 3f32d3ab 
3f5699c8 bf1f67a3 3f2b4396 bf277da9 3f4f9bdc bf2049a3 3ecc06c1 befc42f0 3f5255d4 bd5470a5 3e7794d1 bf25fb98 3f3155b9 beb526c2 3f5cd9e2 bf68abf5 bf2513a1 3e8e5e9c 3d90c86a bed062c9 bf143193 3ecddad1 3f3e6fb1 bf3179b7 3f6d1c01 3ca160b1 bf521dd5 3e7714e5 3efc82f1 3e9dc6bb bee636e5 bd96a886 bd23b011 be7a152b be23148d 3f6b55ef bf7d7819 3e8cd290 be09348f 3c8da197 3ef2dafd bf1f0d9f beebcee2 3e814674 bf11ff8b bd98f8ee 3f42efb1 bed992c0 be5bcd16 3e5204d4 be2fecbe bd64121a 3f74e207 bf6b5df2 3dd038cc bc69c079 3ebe86ad bf1ec192 bf05f17d 3f4551bf 3cffa1da be105c92 3f386db6 bf2b2db3 3f4521c4 beb47299 bf0b4b91 3f4b1bbf bf777601 be5f04a8 be81b272 3f1d9f90 bf3b7faf 3f28b991 bf63dbf0 3f43fdbd bf5455e1 3f5a85d3 be2774b4 bf264fa7 bf47b3c2 3f53adcd bf068979 beeceae6 3ebb12c8 3f5217d0 bf27b79a befb96d0 3f6a0bec bf3c65ae 3f377db7 bf67b3ec 3f5581d5 bf7429ff 3ed85adf beadae8e bebffec9 be0ec487 3d3a7142 3f45ebbb bf64f5d8 bea41eae 3f10fd7e 3e98b6a0 bdc76901 3f1d5999 3ee44ee0 bf7c1c10 3e1f7478 3f5899ce bf653fd7 3d12f110 be96e694 3f119d9a 3e904a96 3e0af469 3ed636e4 bf2e8fa2 be81e28c 3f61a1db bf1e0f9c 3ef636f5 bf207994 3f76700c bf0d5f93 3f7659fc 3dc9e93a bf24d19b 3ecb6ecb 3df678a7 bf1e259c 3e15a4aa 3f070184 3eb5cab1 3ed1a6bd bcbd5fee 3bde8c9b 3d1a91d8 3f6209ee bf643ddd 3ec986ba 3f1a2392 bf463fb8 3d83a839 3e33a48b bf1c1f93 3f6303f3 be84726f bea31683 3ebd86b4 3f0fd385 be90f284 3dbc58fc bf6ac9f1 3f53cfd3 3ef5db05 be7ead17 bf483bb9 3e099484 bf50c5db 3f2061a7 bf7531fa 3dd518e6 3d24f037 bf115994 befecb14 be2554dd 3ef20ee9 bf1cf19f 3f153590 3e5544cc bf61a3d9 3f7aca05 bf661fe9 3f5e45d7 3e004c46 3dcd68b4 bf55b7c4 3f747201 bf5719c9 3ef2d6f5 bd2cb152 be6bb4cd 3f115b99 bc4cc236 bda5a869 3e3decc0 3f1ccd8d bc64c3ef bf194396 beec72ea 3f21a1a1 bf1e058b bdee088f 3d6490d9 3f2905b4 bf2bc7ae 3f496bc6 bf78c3fc 3f679df4 beb22e95 bf70a206 3f4135ae 3e4ab4b9 bec0c2b6 be9f7a89 3f476dba bf16ad8c be1fb480 bed586ee be65ccb2 3e069450 be9a5a8b 3d3490ab 3e819284 bdebb8b7 bef3d6f9 3ecbdee2 bf007b74 3d20915b bf008973 3eca36c0 bf4ce5ce 3f112d88 3d28304d be8da66e 3e84e696 bec40aa9 3e769d0e bf6919e7 3f09a586 bf724809 3f6413d8 bf3485b6 3f5fb7ec bf110784 befe7b0a 3ebc86b1 3cb9a0a6 be8df69b 3eda7ed5 bd822909 3e86de7f be81d272 be99629d 3e506ce0 bf6615e8 3f572dbd bec4cedd 3f74d7eb 3e52ccab 3ddee927 bde0d8b5 3f40f5b2 becec6c0 beff82ed 
be852278 becd1ecb 3f54f1cb bf6897e2 3f3c9bbe bf37edaa 3f7ebc25 bf5051bc 3e6c2503 bf02ed75 3c26c013 3e505cac 3ee5aaeb beece6ea bee66ae5 3edc72bf 3ed292bb 3f085b85 bf601bda 3f5b3be9 be57e4d2 3df9f913 bf734600 3f6045ce bf1b9993 3da5885e 3ef44af7 bd6bf017 bf65c5ec 3e03c48a 3d5490e4 bd539103 3e101c85 3e25cc76 becbd6c9 3f061d7f be06c492 3f6e3a01 bf5d0fd3 3eee270b bf3a49ae 3f66dfdd 3e82728f bf039385 3f6291e9 bee82adf bc0ac358 be2a5cc1 3f2d43a2 bef6b702 3f6d45f9 bf3c1bb3 bf1eff8e 3f6505da be22f471 bb1902c8 bf0e8195 3f022d79 3f45d9be bf5eb5d8 3b3700d7 be3eeca3 bed67ebe be31aca9 3f549dd2 bf4291c6 3f09c374 bf1b3191 3f7fcc2f 3c0041a7 3f36b5a0 bf7f6e24 3f5851d9 bead5ea0 3ea38a9f 3eb7feb0 bf2f93a9 3f09b592 bf23579f 3f7ba813 3f106f8e bf0a6f94 3e2f4ca9 3eaeae9b be4d44cf bf4567c7 3efe1af6 3f3ea3b7 bf7e961f 3e48b48e 3f129b84 bf3ff1b7 3f02c17b 3e5494b1 3e2e8cbc be3deca8 3f0c5f7e 3eff8ef9 bea78e98 bf45bfb1 3f7d6a23 3eb55a9d be587c8d bf616bd9 3ef6cef9 bf6281e4 bdb6e8f5 3f61c3d8 bf1a1590 be07b498 3e3ba4c8 3ee422f4 3e7d6ce0 bf5311d7 3f14359b bf67e5e9 3da7189e 3f535dda 3e3f0cb6 bf041397 bd6a70f1 3e2d5cce 3e871678 bf3f75b1 3ec94ad7 bf31ada6 bec836d4 3f56cbd2 bf4f75d1 3e9a7699 be1acc97 3f007d7d bf246da5 bec20eaa 3e05a4a4 bf3a07b6 3f16bb8a be8f3a92 bf1e6f89 3e819685 3eabf2b2 bf007d72 3ef00ae1 3e990292 bef94ac6 3ea3a2b3 bde8e8f2 bf14fd99 3f5e95e8 bf6e9c00 bdae4884 3e261cbb be69bcf3 3f1df399 beba86a3 bf4841b8 3e7154fe 3f249da0 3ca61fcc 3eeaa6e0 bda038c2 3f04757f 3cbba1db becbb6d3 3f3c0fbd 3f6ee9ec bd72b0fe be7e8ced 3e2d9c77 3ddcd8b8 bec37aa8 3f2babb2 bee18ae5 3e10c473 be9436b7 bf6de5ef 3f7d8818 bedfcae8 3f281f98 bed94ad8 3f00c779 bf0a1784 3e76b4df be02a4d7 bf2adfb1 3f20639f bf3b01b8 3ea942a7 bf4c71c9 3f5c63de 3e846a7a bf2995b1 3f162185 3f2c47a9 bf6297d5 3e0b3469 beb30eb3 3dff1907 3e91c28a bda01890 be2dfc95 3f78d9ec bee552f1 bee526c8 3ea28e91 3f3fb7be bf6863ea 3f48b3c5 bdeb8924 3f464fb9 bde9290b 3eeb7ed0 bc28417a 3df74961 bf04237c 3f24c99d bebd4ed2 3e1224b0 3e1ab470 3e4afcbc 3e8ed297 3e0bf47b bf20bb95 3f5cdbd9 bf5275cc 3eb8c6e5 bead7ec4 3ea0b693 3d78f0ea 3f4e05d0 bf205d92 3f5c25d8 bf46f9c1 3f384fc6 bf765600 3e6dcd2f 3f7f3228 bf78c9fc 3ed3aaaf 3d1190f2 3e3feccc bda948a0 be767502 be48c4ae 3f6093d9 beaad6b5 3f056580 bdaac868 bf5385d1 3c851fb6 bf2f05af 3f088784 bf17c591 bec222d6 3f3e93ba be46dcb6 
3f7c340b bf22b39b 3ed17ac7 bf1a9b8f 3f6085d2 bf6e5a01 3d5cf091 3d0f6fef 3f09218f beeebac2 3f6777ef bf14a98a bf62b9d4 3f6a4deb be325ccd 3ec2169e bf03d990 bf001596 3f214b8b bf3b3fbb 3f710bf1 bf4765c9 3f6de1ed becd06b4 bed14ec8 3e9fea84 bf33a1a7 3f6f53f6 bec2dac9 3f758a03 bf0d937f 3f0b6789 bf251fa3 3f37d1bf be3c44d1 bf119b86 beb22690 be9a5eb7 3e3ffcb2 3e5dcce1 bd8307e1 beab9693 be93b68d 3dcb68c1 3e896a80 bf38d5ac 3f631fe2 bf765802 3f2b2fb3 bf5217bf be58c4c5 3ee49acd 3e356caa be5d5cf7 becc92b1 3f03eb71 3ed49aa7 bf515dde 3e9da670 bee3def1 3f721ff7 be89d296 3f76b807 bed84ad7 bf13bb97 3e44fcba 3f1a7187 beb92aa6 bf036b83 be69fcde bf1e1992 3f6231e4 bf36b5a7 3e28b4af bf2143a0 3df1a8f3 3ebd6eb2 bf01ad81 3e819a7f be951e7e bf7b261c 3f3bb399 bf11f98e 3f48ebc2 bf3417af 3f6725f7 bede86c3 bf075587 3f3193a4 3d9c68f3 bf306baa 3f2f31b3 be5014cd bf2f979d 3dae28f5 3dc938b6 bed25ac3 bf26d99d 3e297c85 3f4cfbc9 bf4e0bd0 bf2a9fb0 3eed1eeb 3e4c04c4 3f00df79 3ea1a29f be7b350f be62cccb 3e77052b 3e56ccc5 3d9bd87b bf6cdfdd 3d8fa8ce 3f1cf18f bf4ae7cb 3f7b3014 beb396b7 bf3239ba be5c94db bd21b0ab 3f6a75e8 bf5eebd1 3e4ffce9 3f2541b1 bf07677c 3f57fbd5 beb842c8 3f44c7bd bf4f5fc9 3f786e05 be61bcab bec6d2c8 3efbeb03 bdfce88d 3eecaedb be265cb4 3eb72eb1 bf0e3587 3f7aae16 bd98289a bf04817a bea0327d 3f093185 bf6059df 3f6867f7 bf119991 3e6064e7 3efd9afb bf1fdba6 3f703bf2 be90766f 3c17c2ef 3f2a899e bf7173fb 3f4dcddc 3ea162a6 3d8c38c5 bf2973a4 3e2764aa bf20b394 bdd398be bd391105 be1bf482 3f08a97b bf5d9fe0 bf22d196 bf29cfa1 3f3edfc7 bec736c1 beac5ea2 3f16e3a0 bf7df820 3f45f7bf bea5a2a3 3f550fcb 3ea6ae9d bf126f93 bd61913a be3d0491 3cb4a133 bf1b4f9b 3f6b6df5 bf405fc2 3f4d71cb 3ca4e290 bcfce324 3e081460 3d57f13f 3ecbaeca bead16ad be102481 3e0724c3 ba7c0793 bf3033aa 3e91369b 3f1b7790 bd0f50a8 3ddca93b bf034f7a 3d1070e7 3e89ca86 bf7005eb 3f23a1b3 3d2550a3 be5d64f1 be962a86 beb6c2a6 3eeedadd bf752006 3e18eca5 bf20f599 be0bcc9a be74bcac 3e6d04cb 3d9a781b beae2ea3 3eff9ef9 bf0f1b91 3f0eb97d bf43f9c0 bc981f92 bd3a51a4 3f3acdb8 bf62a5e3 3f304daf beb21e86 3f4d77d4 bf372ba7 3e1b5c83 bf7b5413 3f3e87bd bf0be190 3e8ea6b3 be916665 3f48c7bf bdf0f8b2 bf3c53a9 3f035f7b 3eac3aa9 bf6385e0 3e5314c4 beb04ab2 3ed242cb 3e67eccc bf37f5ac be42c4af 3e41bcd2 be63fcaa 3f2cff96 3f4c5fbe bf4d11c0 3f3da7a5 bebe269a 3f7ff842 bf6d75e7 bcbee0ec 
bf280398 bd0f908a 3f140b8c bf112f8d 3e69e4f2 3e3054b3 3f6c23e9 bf635bed 3da278cc 3e56dcce bf5fa3e7 3f3105b9 3f20b39f be9d8a96 be8bce85 3e628ca2 bf3263af 3f76edfe be04a47b 3d8668b9 bf5661cd 3f355fb7 bf1bb19b 3e994e85 3e84d681 3f6925e5 bf621de8 3a1bfaa7 3e462cba bf33b7a2 bec67aa4 3f1a9b8e be9cea98 bf11e785 3e8c2e69 3f4ecdb7 3eb85aa1 3e33f4de bded289e 3caae0a4 3e4e8cca bde4f905 3f2ecdaf bec532b9 bec522c0 3f1b7ba2 be81be73 3f035376 bf0fdd94 3f763202 be9392a7 3f0d439a bf34eba8 3f6187e5 bf19f194 3e515493 bf27518f 3f7c1020 bf7417fa 3f5205d5 bf1af796 beeca2d3 bec68ea3 3ea35e9b 3f55c1d9 bf330ba5 bb1cf975 bd471155 3ee97ac6 3f7b0408 bf31c7b1 3ec98eb9 be50c49f 3f1d2997 3f044b7a bf52f9cc 3f5f85d6 bf166193 3f792406 bf1f3b9c 3f29c399 3f0b998a bf567dc7 3e0facae bef6dad2 3f59a3d7 bf6df1f0 3f5721e3 bf17319a 3db338ea bd731052 3e6144f1 beb262b9 3f49efc1 3daaf87b bdb568a0 3e291498 3f25879e 3e9db293 bf675fe3 3f2a219f 3f1b8b8e be5face7 bd2870ca bf5b91d1 bdbb78e8 3ecd4ead bd8a78ec 3e169c92 bf75da04 3f2cdfaa 3efaeee9 3e729d14 bf3b7bac 3f7ce808 bf43efbd 3ed3cab1 3f12e586 3e5584d2 3e5b9cb1 bf6941ee 3f4ffbda bf2b05a0 3df4a920 bf1bd39a 3f4163c8 bf384dbe bf11819e 3f3d1fb8 bf5b9bd5 bea18e9b 3f5119d1 bf37d9b5 3f5579d8 bf794408 3f58f9d7 bf4f1fbd 3f2a07ab bf3f0fbe be93d295 3f36cda3 3f3b9db0 bf6793ed 3f31d9b7 bf539dda 3f6d9dfa bf745dfb 3f0b8588 bf5dcfd7 3f1bf597 bf2869b4 3eb4feab bf7bd81d 3f4549ba bf143995 bf5853d6 3f756c09 bef2cad7 3e7aa4d5 3f6aa7f3 beb28692 3e9382a1 bee74ecf 3e5f9cb8 3e4b54ca 3f3e01bd 3f505fcf bf3195a8 3f1ecf9c 3e323caf bed4c6d7 3f5f25eb bedf12c0 bf24d395 3d97e895 bf59e7d6 3f5341bf 3eb306a7 bf1d399b 3f40e9b7 3ebe96b9 bf56fbd4 3f4221ba bf785404 bdf468eb 3f198799 bf37fdb7 3ef4fef2 bf7db017 3f4601c0 bf01e978 3f0e7d87 bf0d137b 3f081981 3e40e46a bf7a7a11 3e875276 be9fc290 3f6ce002 bf358dac 3f18dd8e bdb2e8ae beaca2ba 3ebe82ad be9d5e91 3f6447de be8b62a6 3f0bcd90 3be37e29 3ef47abf 3d5df0b0 3f66dbed bf479fb2 3f4af1c4 bf7017fa 3f7f2e2d bf745a09 3f6251d7 bf71d5f6 3f7257e9 3e2544b4 bf63efea 3f493bcd bf64d3da 3f5df5e2 bf23f392 be7df4f5 3d5ef0dd 3ebbbead 3f3957af bf24b992 bca92016 3f2f15a9 bf6bc7f5 3e731517 bef292b3 3f1dc7a2 be6eecb3 bef002e3 3f38b1b6 3ed832bf bf047974 3f4279c4 bf7cde11 3f6f6ffb 3e079492 beb7deb4 3e76f52c bf51ffe3 be0c3c9a be38e48c 3f21738c bf3755b1 beb29286 3e985296 3e8feaa9 
3f4f85d1 be4b6cd5 bf0de775 3f7f5225 bf3d8bb3 be13cc75 bf4f7dcb 3f2053a4 3d5f1145 be026c61 3f06cd82 be93c288 bf5ba7da 3f1afb9c bf1c7793 3ee1aed0 3f37b1a5 bf13d596 bf287ba6 3f125d88 3ecb9ad7 be620cb6 3cfd6070 3d85b81f bf30dfb7 bf539bc6 3f73c7fb 3d9f9823 bf100b80 3f5863d3 3f2ec9a5 bf7a6c01 3eeaeeda 3f7dca14 bf6ddfed beda1ad7 bf1b598c 3ed802d3 bf6391e2 3f290ba9 bf7dd00c 3f33dfb5 bf57f1d1 3ee1b2d7 3eaace92 be4dccf8 bf31bda9 3ed276ce be6e8cf3 be18d4c0 be0f346f bf1f7590 3e60ecff bf08e789 3f0e398b 3e2fbc8d bed8dad5 3e24f4a3 3f06237b bf1791a0 3eb892a9 3ef4faee 3ef09ee1 bf78ce07 be1484c7 3f142591 bf0e1d98 3f0c377c bf4b99c9 bf25db98 3ee18edc 3e26bc9a bf05dd7a bf20d594 3e630ce4 3d24309d becb8ae1 3d857899 bf69bbf6 3f537bd8 beec62d3 bf3f57b2 3f03c57a 3f5685cd bf1b8d88 3d51d087 be873e9f 3f5d6be5 bf7529f4 3f424bc0 3d50b0c9 bf111f84 3f20899f bf740e07 3e36b4c3 bf029175 3f0ed98f bf5557d3 bf3455a5 3f74c204 bf1e519c be42f4d2 befa82db 3f2549ac 3e848699 3e447cdd 3deb98f2 bf5b6fd4 3f4291b4 3ef5baee beb0dead bf790a11 3ed442db be42648e bc653f93 bf108991 3ea82e78 bf6551e8 3d851815 bb44fb5f bdb068bc 3eb066b4 3e396ce8 3e305cbe 3eec26db bf7435f8 3f3731a9 3f2ccd95 bf04a981 3f2aa1a6 3f10e182 bf6731ec 3f1f1f9e bf6b33ea 3f1db991 bf5e8fdf 3f746400 bf4fbfd6 3f5d2fd6 3dc8d952 bf1fe79b befc3f08 3e3824c7 3f1c9f91 bf0c459c 3eaa0aa3 be6c74f9 3ee4a2c9 3efbfafd bf6785e6 3f67e7e9 be280c7e 3f5a45d3 bf13ab7e 3f78aa0d 3e857e81 bf363fbb 3f119f8b be8c0694 bf5d4bda 3c51417d 3f23db9b beef1eff 3edb4ac9 bf0a4389 be9c7e8e bf30bb9e 3e7424ff bf6b7ff6 3eb33aa6 bc8ee00f bf4435a9 3f3a03bf 3ef3fedb 3e2fd4c0 3ea626ab bf08f38d bea9bea7 3f2eb59b bf6eb1fb bdca58a9 3e31b489 bd8a2839 3f4b4fca bcfde251 bed2babd 3e1e7cca 3ea6a2aa 3f3021af bf2ddfac 3ee6deee becd92da 3ee9c2ef bed4aad5 3e8be26f 3e6b74b3 3e50ac83 be4da4a8 bec9e6b7 3f109f8e bf3fabc7 3f4501c3 be2d848e 3e992e70 bf7c4612 3f092773 bf753c0f 3eaaaeba bf7e4810 3f16d391 bf2e9596 bf038b86 3f3189be bf3ba9b1 3f5f4de1 bf4d67c2 3e983670 3e28c4b7 bdfe48c7 bdb5096b bede7ae0 3f7025f1 bf4c89cf 3f3d41b9 bf021d7b 3e91fe93 3e21bc8d 3f03877e bf42e7bd bf25d39e 3f73a007 be46e4be beae8ac5 3eff46d3 3e825a77 be50fcdc 3ed27ec7 bf2c49a0 3f6abdf1 bf7197fa bdb2b850 3ea43a9d bf7cb60c 3f42e7c9 bef99ede bdc35857 3e90aa8f 3e3034d5 3e745d06 3ebd16b0 3dbb2863 bf4003ba 3f22e39b 3f08cb75 3d633173 bf395dae 
bf77aa0e 3f7559f7 beba52b2 bf250d9e 3f6703e1 3c50c000 3f5271d7 bf2a19b0 3ec296bd bf3617b2 3f06ed82 bef97aff 3f640de3 bec082a9 3f5401cf bf1ee192 bf4397b6 3f157b99 3ed932e3 bdf82903 bf153d88 3ef7feec bf28aba1 3f67a5f3 3dd31888 3f5a3be8 bf22bf9d beca46d0 3f6757ef bf6febfe bf26279b 3f6deffe bf04357f bf422fb2 3f292f9c 3f6427da bed8deb7 3ecdb2b4 3f14758a bda508d4 3ecd9ad3 3eb3ae9d bf231599 3f4dddcf bf73ddfa 3eb322b1 3f7a740d bf4a1bcb 3f2773a7 bf0abb7d 3f3a01af 3eaf1e83 3e9cba8e 3eb99eba bf4ab9bb 3e3ce4b7 3eb98ab1 be449ce0 bf5ccfd4 3f7a8a11 bf2a5fa9 be7f9cdd bd455097 3f69abee bee7d2d5 3e6d9cec bdcae8e0 3ed772cc 3dedb8d4 3effbaea be329caa bee212db 3f55b5d4 3f30a3b1 bf3b77bb 3e9c1282 3ebaf6ac 3e08346f 3f5e65cb bf7237fb 3ee13ac5 3f149786 bea2aaa0 bf375db0 3e5b14f3 3f04b585 beae4a90 be9e8689 3f1d2796 bf5fd5d1 3f2473a1 bf035b88 3e8ebe85 3ef81ef9 be18647d 3f4a75c3 bf7543ff 3f734007 3f59add9 bf42f1cb 3e7234f3 3ef016e9 ba23f239 be1a5ca0 be96427d bcc51dea beb7a6ae 3f3e9fbd bedc16db bf477dc6 3f17fb8c 3f066983 3dac08d3 bdcef8c5 3e0ee4cf 3f45dbc9 3d99e88c 3e1fc48d 3e7facf4 bed476ca 3f5ac9dd bf6573ed be904aa3 be511cbd bd81c832 3ef3f2f6 be7dcd19 bf17d59e bd65d0df be9a9aad bf2605a9 3f4acbcb be83be9d 3e8e2e81 3f39f3bd bb9684d0 befc0f01 3f192da7 bf47d5c4 3e2acc77 3d9cf81f 3f5b39de bf49c7cb 3ecad6bd bf4303c1 3f6811e7 bf3babad 3e217cc5 bf3aa5b0 3f7189eb bef8d2ff bf6557d9 3e98969b bf00bf75 bf5825d3 3ee2e6f2 be5b5ce9 3d927850 bce66054 3f53fdcb bc10c0df bf38cda9 3ef62af3 be7524e8 3e762cb2 3e925a64 3d85a897 3f19cd84 3f6047da bf14e587 3ed5eab0 3e8e6e89 bf426fc5 be029c77 bf191384 3e654ca0 3f15cd80 bf266da2 3ed332b7 3ebc76b5 bdb70920 3f1e4f94 bf5253be be9f6a8a bdd74898 3f056987 bda7a8c0 bf263b9f bf5631d5 3f77e3fb bf0aa577 3e723d20 bdce889d 3c293cc2 bee0a6e3 be36fccf 3f0bcb83 beea86cd 3f2c5196 bf5da7e9 3f15a99c bed842e7 bf464bba 3f13a17f 3f23ad91 be9c168d 3f2181a5 3daa08bd 3f3c17a4 bec1c6b7 3e7af51d 3eac029d 3d74d156 bf26299b 3f1ae58a bec0b2b0 3f24c7a5 bf4061b0 3e850a7a 3edf1ed0 bf2d4ba0 3f355daa bf6bd3ee 3f787601 bf65d3f0 3f03d379 be710cd7 bf286b9d 3f53efcb 3ea8269f bef05ae2 bf268fb2 3f657ff0 bf5319cf 3ee322c3 bf71adfd 3f3b91b1 be5b6c94 be226ce4 3f3719b2 bf37d5a4 3f4da9c5 3e4744ad 3eab86bc bef66ee9 3ea80ebe bf0e8f83 be214ca5 3d90382d bf3afdb3 3f26e397 bd8d08be 3d44cff3 bf76b60b be180478 3f64cddf 
bf208f9f be262ca7 3ec1267f 3ef702d2 bf73c9fa 3db18920 bf0c0d76 3e80268b be81466d 3f71cdfd bf75ea03 3f220f97 be343497 bf55b1c5 3e3004bb 3d7811c0 3f19ff9f be728ce9 bf213792 3f2711a9 bf4089b4 3f3173ac 3dd21898 bf6787e4 bd0c9111 bf10c98d 3e8c5294 3f02f37b bf5d43ce 3f197d8c 3f40c5c3 bf6349e6 3f3343b0 3dac18fe be95d2b5 bf3275b6 3f3701b2 bf656bed be3fe49f beb962ac bf133395 3d3e316b 3e41f4a4 be951698 3eab8ab4 be7bf512 bf1ffb9d 3e474cc9 3d76b0af 3cd7a0ab bec1d6cb bf27b5b3 bd85b831 bf07d181 3f2bf199 bdde6915 bed0e2b9 3edd06d6 3f19fd97 bf49e3cf 3f220199 3e5d6cdf bf4009bd be2164d5 3e4f84aa be0e1cab be65b4cf bea3f2ac bf08838c 3f1c2799 bedd56d7 3e91ae8f bedaeacb bf4b23c1 3f112574 3e79cd05 bf6c5beb 3b8280b6 bf4c23ca 3f7d1217 bf3c07b2 3e9a9687 bf09f378 3f7a400a be97269a bef2a2f3 3f4c3bca bf78f80b 3f5a31d2 be3694bb bee1d2f4 3f684fdc bf11ab93 be912a98 be0c346b beb0cebe 3f1d179b bf56a5d8 bf4c25cf 3f117195 3d8c8891 bf66e1e2 3f7e3617 bf5af3ce 3f52b3d0 bf2d01a1 3f70e1ff bf2b71af 3ed792a5 3d8b287d 3e7e8cb1 bef03edd bf331db1 3f4fb1d6 bf326bb0 bf27eda5 beb1faa5 3dba48d7 3e96c28a be936e92 bebfb6c2 3eef92e4 3f3ee1b4 3e23fc8b bef26acd 3ee4cae2 bf2fb7a2 3f6f49ee bd3db12a 3f030386 3ee79ad2 bf7299f5 3f38d7b1 bf39abc1 bf558fd2 3d23f0fb 3e916681 be0a2c61 3d9b1823 3ea93e9a be419cd8 bec7c2ee 3edc52d1 beaa2aa5 3f3febb5 bf4e83d0 3f6007e1 bf18718a 3f703dfc bf74980d 3ef99eed 3f6e41ef bec00eb2 3f6b03f3 3f2e499f bf58fbd4 3f71fe05 bf25719a 3ebb62ac bf7b9e1d 3f3427ae bede96c4 3f2ba7a3 bf3af3b6 3e761cf6 3e390493 be34dc9b bf7bde12 be4b64e8 bf237ba0 3f2ba39f bf0f3989 3f6bd9ee be67f4ae 3f7c2409 bf778a11 3cbe9fd4 3f55b1cf bf74400e 3e1b9474 bec5dada 3e14bc99 3cdf6142 3f4c23bd bb917e7c bf55a5ca 3f173996 3f3ae5c4 3e8bbe7e 3e01f44b bf4a71c0 3f5963d0 bf50b7d6 3f043d7b 3f6e21ed bf4d4dcd 3e7c5cf8 bf290798 3eea2ebf 3f016f78 beb4569b 3f06db6d 3f68a3e5 bf61a7e8 be1f74b1 bec02ab3 3c40416c bf0a8785 bee02ed4 3e415c81 3d515002 be05fc93 be6864b3 3f430fb9 bebb5acf be96b27c 3e4d7ce2 bd458fe6 3e31dc93 be944e8d 3dc4a8f0 3e2af46f beef92e6 3f0ecb91 bf0e5998 3f30ada4 bef40303 3ebedeb3 bd581057 bf664be1 3f7d1023 3ead5ead 3b937f75 bf39ffc4 3f6309e7 3daa48e2 3d2cd085 bf5145d9 3f52e3d5 bf6c59f4 3f775c03 bf423bc5 bf390fba bd1b4fbc 3e88e66e 3d3ff05d 3f47d3cf beb066a2 3f3935b6 bedab6bf 3e09847c be9ea692 3e748cd5 3f72e5e6 beda7ae4 3eed82c0 
3f2bafa5 3e9dda7e bf78ee13 3ec4ceb7 3e75bcc1 3e91fa75 be343ca7 3f3b3db5 bf2c6ba5 bea38aab 3f503bd4 bf64f7d7 3f001987 3f13f79a be1f8c80 3cd69ff2 bef8cf03 3f623ddc bf3283b4 3ee27ee8 3ee30ec9 bf258f99 3eb1628d bd3730f7 3f7083f2 be74c4cf bd675076 bda6586f 3dd2b91d 3eba22b3 bf6619ec 3e89d680 3d541101 be8c9679 3f59d9e0 bf41e3b5 3ec112b9 3eef4ae6 bca8a02f 3f473dca 3f7007f4 bf72c1fd 3f6d4bef bef65ade 3e1f1c52 3eccd6ac 3e81fe8f be4474fe 3e3f2ce1 becf7ab7 3f738003 bc5a41fa 3ed002a1 bde3a933 3f214d93 bf7fb22b 3f6485d4 bf6da001 3d99a865 3e818e87 bf057b8f 3e942e79 3eb35eb9 3f3de9ce bf76c40a 3f3689ad 3d4a1062 3f1e4d96 3e7dd501 bf54f7c5 3f221d96 bf104398 3f757a0c be899e79 3ef11ae9 bf62fbe9 3f3ed1ae 3f63e1e0 bf29c9a9 3f2841a2 bf484fb8 3f24d998 be94bea0 bd84e8c2 bc154010 bd64903e bdf80915 3f526bd9 bf6f8fec 3f3765a5 be8f4eab be2bdc86 be5b0cb4 3f12b189 3ebddab8 be86ce80 bd4bf02a 3f416fb6 3f045978 beda9ed6 bdcc68ba 3f4025b9 bf675de1 3e7e74fd 3ebd2eb2 be7cfd12 bd89a877 bf34a1aa 3f2cdbab be43bc89 bf034382 3e30cc89 3f6929e1 bf67bfe5 3f6bb1ee 3eab3295 3f6815f5 bf6ab7e3 3e11248f bc2e3d94 3f1b7f93 bf12bf8d bf6029de 3f019b77 bf16c395 3f3ea1b6 bf2e3fa5 3f21f9a3 bf5a77d3 beabce83 3d2d704d 3e33245d be205466 3f146d8b 3f54e9cd bd83a85d 3e560cfb bf13f18a 3f185b95 bf0cc383 be5c5cdb 3eee2ec0 bea766b4 3daf48b5 be3cacbf bb56e953 bec302ca 3f13f599 bf338bb0 3f10098b bf0de382 be4fccd7 bf058373 bf1e7b87 bec01ac7 3ecf4ace bebb3ea7 bea0a69a 3f5f01df bf1a5393 3ef086f6 be0aac74 bed12ad3 3f788203 bf417fbf be851284 3eb47aa5 3f3ad1aa 3e780cc6 3f5935c8 bf0d2188 bf16498a 3f174d8d bf75e402 bdcbc901 3f5bb1da bf0c3585 bebcc6c8 3f103188 3dcce87d 3ebd56a8 bf4493b6 3f1e0ba5 bf78ea06 3d96b87d 3f3735aa bf655deb bf0d9f92 be1e5cd2 bea73296 3f25c3ab be1cfcd8 3ee612fb bf4659bf bea7928f bcf29eb1 3f4375be 3dd04936 be814e75 bf50d9d6 3e6ca4fb bf2971b0 bf364dac 3f77b20a beea2b00 3f77a7f9 bdd678e5 3e0c7477 3f7149f9 bf5e05e0 3f2c43b3 bf5b8bd1 3f3819b5 bf7d9024 3ef0f6e0 3e722cf7 be6a250f 3e2dc4a6 bed136c6 3f438bc1 bf60c5e1 3f7f6412 bf097b89 3efe8ae9 bf3079ac 3f27d1b6 bf4bddd3 3f7b2e1d bf30a7a0 3f747bee bf7a7e02 bf380bb2 3ea05695 3f3051a7 bf25a1a9 bf037776 3ea9de9f 3f625ddb bf3571b0 3f02ff70 bf4b75cb 3f62ebe5 3ed2a6b1 3f245b96 bf58cbd7 3e195c89 bf34b3b7 bee1eab0 3e933697 be5f14c2 3ef9defb be6894d2 becfbab3 be29dc9a be6e1cf7 be8a4ea4 
bf2997b1 3e05bc54 3ef03ad5 be6ebcd5 be938a84 3e6f34cb be810e6c bf09db83 3f56c1d3 be249c96 be8fd297 3f29f3b8 bf62dde1 3e9c9aa3 bef4fed9 3ed97ada be649482 bf416bb7 3f70a1fb bf618ddb 3f03497d bf75b9f9 3f70d9f1 bf3769b3 3d923905 bf2c63a5 3f799208 bf300dad 3eecdacf bf7a900e 3f472fcb 3e9c72a5 bec08ac1 bee6b2e8 bc9c201c 3f4939ba bf5483d6 3df7a8b3 be485ce9 bf5f69e3 bf6825e9 3f4665c7 bf32b9aa be0ddc61 3eb8e6a6 bf6253db 3ae6115a 3ef3e6c3 bf01d189 3e841269 bf0eb382 bedea2bc 3f31cba7 bf27b192 bf106191 3f6dc7ec bec9eabd 3f5f5de1 bf4409b6 3f5f39e8 bf4869bd 3f1e93a7 bf6bfdeb bef69713 3f4e73c3 bf14b78a bdd9c8b3 bf785ffa 3f57b3d4 bef45eeb 3eefbeda 3e47e4e1 bf4711c9 3d6eb0cb 3df0f94e 3df91941 bd9c9874 bf4ae1b7 3dab78cb 3e9dce68 beec6acf 3f6a5fec bf742402 3f3d35c0 bec37ec2 3edec2c8 bdeeb8ad bf4aa7b8 3f2e25a3 bf7dea1d 3f6acdf3 bec5e2c4 3eef5ee5 be4d5cb7 bf58bbd1 3f4113ba bf171d8a beb732ac bf0b1587 3f0c1983 3da1487a bf17bb97 3f3d8bb0 3e4d14a9 bf5411d7 3e079c5e 3ef29ee8 3f325fb0 bf7533ff 3f03bd87 3e4124d9 3e6a94c6 beb71ab7 bddc88fb be38c4e2 bf364fb0 bebd96a4 3f052584 3eac2e9e bf021970 be29fcab 3f3ba1ae be43c4f5 3f3ceda9 bf5badd9 3f6b19e5 bf1b67a6 bc87a021 3e4204b6 3f50a5d3 bf426dba 3f7539f9 bf4d7dca bed526de bdfb2901 bf2ae59f baca1066 3f00af7c bef41adb 3eb446a1 3f2fcd99 bf3f6bb3 3f3c59b5 bf3d7bb4 3f7f3c2a bf23b38e 3f44a9c6 bf35cfb9 3e060c63 3ee046c7 be10b46d 3e404cd5 3f642de5 3ea6feb6 3e8fb691 bebe56a0 3ed022ce 3e414cb5 beddaaeb 3eba3ac9 bea7f69a 3e89ae73 beac36a4 be6754a8 3ed616b4 3f365fa3 bf7be817 3df61895 bf3999ac bf234ba8 3f44d1c8 3eb266ad beb28ebd 3f048b8b 3e91caa2 bf72d1f0 3f4ebbc9 3b48fb16 3d9ff8a8 bf6843e1 3f435bbc be9cda9b 3f24c3a1 beaf12a2 3eb23aba 3cca1fed 3ea7f299 3f5a2dd9 be589cad 3efd7af5 bec45acb bf1c3d9e 3d97c8f0 3f0d1982 3e457cb8 3e57d512 bf6cd5f7 bdc8c8c1 3ef3bef7 3ec462ab 3f2945af 3eb412ac 3ea4d695 bf0dd19c 3efa1edb bf55efc8 be969a7f 3ea5fe7c bf7c9c1d 3f4ff5c6 bf0f8588 3f4965c4 be6afd26 3f10757d beaa76b1 be319cb5 3e9bba94 be845292 3ecd52c5 bf290baf 3f040f7f bf0f018f be9afa8c 3ea0167f 3e37acda be80b677 3e1f4c87 be81ca59 bf047f76 3e83ba9a 3f01d989 3f79bc01 bf03f978 bf2acd9f 3f2db1a0 3edf1ae1 bf283da1 be8d0e83 beb2f6ae 3f22ed9c 3d8448e6 bf3309ab bea926ab bf2f69b2 3f634fea be7c1d04 3f3bfda9 3f7143f9 bf6e73fa 3f091780 bf5617cc 3f532fd3 3d7450fa 3b947de5 3ed572c6 3e252cb3 
bf3d01b8 3f4badc8 bf7e8822 3f6139d7 bec2beb3 beb1c2a8 3f7f9830 bf0e317b 3db158fb bea4867c 3eaceeb9 bef6bad4 3f7d5e17 bf3211af 3e96aa8f 3d9e8830 3e55ece9 3ecd72ab 3e812a77 bf18b981 3e8a9e8a 3f4395b8 bf06cb7c 3e4b14fd be5064c0 3f0f7d82 beec96d8 be95da8b 3f3307ac 3e49bcd2 3d86483f bf78f20b 3f463bba 3f39dfb3 bf17c18a be68f4e5 3f087587 be847e64 3ea426a2 3f69dfe6 3f052d7b bd7190cb 3e839a81 3efdb70f bebb52c7 3f6ef5f2 beef22ee 3dda28e1 be20dc96 3f118783 3cfda112 3e9546b7 bf4d63c8 3f1a119d 3ef4ceee bebf9ac2 bf5d3fe0 3ee152c9 bef64b0a 3eaf9aa0 bd9538b3 3d9f287f 3e8e9e91 3f3ae7b3 bf151f8c 3e851e8d 3ebac2a9 3f059f7c bf5df3dc 3f7a1808 bf5c19cd bf04657d 3f7113e8 3e43dcf1 bf3fffa9 3f0c8991 bf004771 3f6fe1ff bf223799 3f3967bd bf4ff3c2 3e2cecd3 bca2dffa bd49d0a0 bd5f10ed bebf02c7 3ebd92b5 3e60fcec 3edf32b8 3ecf9ecf bf5a05d3 3f1b2390 bf7cd019 3f7cae0a bf3251a9 3f71f5f7 be98ee75 3f4b57c8 bcc7e059 bdb7c8b8 bf192d9c 3f3c1bb6 bf1ea1a5 befa6f03 3f77340e bdc9c8c6 bf363bb5 bebe2aaf 3f5bcbcf bf7f0228 3edb5ece bf3519a6 bdc2f843 3f43b1c1 bd8eb8a2 3ef96eeb 3df37870 beb11ea8 beb41690 3f52e5e1 bf3015ac 3da98881 be0a447a be247c89 3eeb96e8 bf6d73f1 3efb3ae6 3f0d998a bf2dafb1 3e4fd486 be979684 bef28ad8 3f364ba1 3f01777c bedd66bc 3f6c3df9 3e1d945e bf1e3da0 3f249ba7 bf6eebfb 3e4a6cc6 bec096b1 3e805e6a 3d7af0d0 bf5071c4 3ef64f02 be805272 3e088482 3e9d56a0 bf0a7b8e 3c3fc03e 3c9ae1fe bf6ce5d7 be7e6503 bc323e7f 3e0d7c60 be07149f be8d9a71 bdf22910 3edfbec5 bf249398 3ede9ec2 3ef526d3 bea4768e be7964ce becf2aab 3f1b3395 3dddb8d2 3eb0cea2 3f026b78 bf6405dd 3dfc38eb be15046a 3d82f8e6 becacec4 3ed4bee3 3c52c0ee bf657fe8 3f5f57cb bf079193 3f253ba8 bf57b3cd be31e477 3f07298b bef13ef5 bed84ec4 bf002d75 be4aa48c bcccde3a bf0c7b98 3f412fbc bd181078 3f4fbddd bf713fe9 be171c8e 3eb302d3 3deeb8b9 3ee756df bec046a5 bf19b588 bf093f79 bf772e06 3f564fc3 bf0ac78d 3e7854cf 3d31117e 3f3e8db9 bf03358f 3f6975dc bf7d8019 3f602bd7 bf7e2421 3d43f0ff bebdf2ad 3e93ee7a 3e375c8a bf39adb8 3f61c9d4 bf7e0a1f 3f6f4bf3 be2784b6 3d530fac 3f5af7ce bf00a176 bec312b9 3f10f983 beceaec3 3f338db1 3e888660 be5474d3 bf2c87a1 bf60b5db 3f179d8f 3f20b18d bf7bbc18 3eceaabf 3e270ca7 3e993e8c 3f2aa59e bf5395c3 bbc27bb6 3f11a78b 3f6f3dff bf30adae 3f2eb3a1 bf65afdb be4ffcc0 bf6487e3 3e6454c0 3f5a57d8 bf3375a9 3e890686 bf3003a3 3f17fd89 bf7eea19 3f4b43cf 
3f1f5b95 bf2a8bae 3f2a6fa3 bf5329ce 3f5fefe3 be6c0cb2 bf026981 bcb1a150 3f55cdd8 bf5049c6 3f2a61a0 beb0e2a0 bf30f5a5 3f6db7e2 be55d4e4 becd9adf bbfc7b9a bf05cb81 bf265bad 3f7bc213 be7464d4 beee86e1 bedac2c4 3f795406 bf00737a 3ec176d6 bed06ecd 3f5f6dd5 bf6535ed bf028376 3ec4d6ab 3ecf96a3 bf61d1e1 3e93ba8d bf41b9bf 3f70e7f9 bf425db9 3ee3c6dc bed82ecc bf6c4fed bcfba295 bf26b1a5 bdb19883 bead229c bd8c087d bf1df39f 3f3e59b7 bf1aafa4 3efdfef6 bf478bb8 bca65ef2 3eb2fea1 3dafc8a5 3ea6f694 bf7185fe 3f3fd5ba 3ee4d6f1 3e44f4b5 ba33cde0 be5e14bd 3d2530f9 be5984ac 3e1e8c94 bf5f97da 3efcff12 bed0becf bc8320ab bd6050db 3e280495 bf1c5195 3f3ef3bc 3f51b7cb bf7e8615 bdc5688c 3ea32a94 3e9e1687 bf2e45a7 3f3bd3ad bf203ba5 3dee092b 3e97c287 3d8bf82d 3e7a04d7 be730d24 3ed762e7 3e09acbf bdcd8890 bf14a788 bea74a9d bf2c89a0 3f6117ee be829a8c 3edeeec0 bec926f3 3f077986 bf330fae bf36a5b5 3e95b26f bed09ad9 3e7694cf 3f192592 becefed7 3e4efcab 3f2503a3 bf4a9bc1 3ea09e91 3efae6d9 bdd038f5 bd86e861 3f406bbd be9e027e 3f3e8bb0 3e16b497 bf33dfa8 3e02cc9b beff0704 3f11d97f be172c63 3e74d500 bf2fd7a2 3f617bf1 be8ec29b 3e38b4b9 bf01af88 3e24c48b 3f55c7d4 bf6a4ff6 3e990a8e bf2d61a5 3f1e4992 3e015446 3ec446a3 bf309fbc bdeaf8c5 3e869a8a bf177587 be985285 3eb806b2 be988685 3f62b5ed bef502e2 3f5aabd3 bf78c806 3f7cf80a bddc08af 3eff1707 bf7d1602 3f388bb6 be4904ca bed78ede 3f5945cf be825a87 3f25e1aa 3dfca94a 3dc88861 bec462c7 3d95284f 3f49c1d1 bf3475a6 3f2069a3 bded486c bdf5390e bf25cda5 3ec012c1 3f3781b6 bf5a67d0 3f1ad58c bf63cdeb 3de088d2 3ec1aeb4 be85fa62 3f3387aa bed39ed0 be3414bc 3f58fbd2 bf646ddf 3f4e21c4 bedb66d5 3f222b8f be2b1cc0 bee922f6 3f5185c6 3e7fe50a bf4bb1c6 3f5829db 3ecefee3 3f30c3a1 bdfc5910 be348c78 3f0ed17f bf015b76 bd3a90cb bf79e006 3f366fbd 3eb5fea8 bf6fb3f9 3f2eb9b5 bf2b73a5 3df508b6 3f4efbcb 3f0e3594 3f0f6389 be318cbc be859692 3ed3b6be bec03685 3e58bcca bf404bad 3eb51ab1 3e7a3cda bef39ae7 3f1ffd92 3ea27a89 3e299490 befce2f9 3f25bf9a be684504 bd8dc891 3f157390 bf2e43a9 be723ce2 3d96086b bf3389ae 3e946296 3e3e1c9a 3e19b4c0 bed5fa9e bef90ed8 3bbc7ffa bc88612d 3f51fbbd 3eebb6cb bdf038b2 bf45c9cf 3f630fe8 bf07b983 bebcaac8 3dbdf8a9 bf6dddf5 3f1b139f 3ed0d2ca bf713802 bf3ebdb0 3f5dafd8 bf61d7e3 3f7da61e 3e198485 3f3545aa bd3810a3 bf71fa00 3f115982 3ea3227f bf190385 3f6ec3fb bf12dd93 3e6aeccc 
bf2103a6 3f04cb74 bdc2689d 3de73922 beda5ebe bbdb8286 3f6f1dfe bee346e3 bf0a0b85 3f0eab80 be06bc9b bd7d30ba 3f5069c4 bf666600 be551cce 3f5169c7 beb10eb4 3f77e612 3e878a8b bea23aaf bf22ff9d 3f6beded bd513049 becff6c0 bd75d147 beb14ab2 3ea6a68d bf01898f 3eebd6dd 3f5da9e9 bf77d7f1 3f7575fb befefae6 3eb9069d 3eebdedc bdf318bb 3d87d88a bec5ceab 3f6f7dfc 3e051ca3 3ecdaeb6 3f1fbfa1 3de7a8bb 3f00ab77 be6e0ce0 3f444bc3 bf56dbd4 3f0bfd85 bea58aa9 3f6043e9 bf52cbc4 3f0e978b bf3c11b5 bdd8d8e8 3e7684f7 be90568b bea2ee8a bf5e69d2 3f726bff bf4e85cd 3f6921dd bee366e1 3dc43854 3eb826bd 3d61d054 3e818265 be9b6e79 bea03ea2 3f359bac be7c5cf3 bea702a1 bf4645b1 3edf36d3 3f2c73a0 bf782e03 3f3b1dae bf1eab8b 3e52f4cf be628cc2 3e973e9a be670cf4 be8b326f bec866cf 3eb04299 bebd3ea8 bf1ead94 3f08c383 3f0e4182 3e29fcb4 3f5adbdd bf1e1f99 beb98aa8 3ed732da bf11718b 3df298d9 3ed126a3 3f4317b8 3e81a67e bf2d39a7 3f0d8993 bf49f3bc bdcad8a6 3ed9e6d1 bf503dd2 3f09d77c bf4e05c2 3e728ce9 3e72bcca bf3f09c4 bd783132 bf3ef5b2 3e740525 bf15dd8a 3f551fd0 bf2a0bad 3f428fc4 bf4bf5c6 be23349d 3f3e5bb8 bee29ad3 3e608d1c bf68adf5 3f6ce9f3 3e5ac4fb be9ca6a8 beec02d9 3f2f73b5 be9f12af 3f66c1f2 bed43ed9 bf698fe9 3f5b51d0 bf078f8c 3f10a38e bf33aba5 3f63cde6 beba7abe 3f16bd93 bf3a279b 3eb982bd bf7aa818 3f5e67db bf0ef189 bd94687a bf1765a5 bd22511d 3f72da01 bf3f91be bd4c50cb 3f3b35bf beddeadc bf6f6df7 3f4027b3 bf15f78a 3bb780f9 3f6c41e9 bf716bfd 3debd874 3e57cce9 bee916db be807e96 3f5f8ddc be99be92 3e1a9ca5 bf35f1b9 3f6a17f6 bebc8ec6 3f35b9b2 bf373dae 3e013494 bf24e193 3f04b179 bf183b88 3f7043fa bf4c6bcd be86c288 3f4c39b3 bf795e0e 3e596ce1 bf18c991 3f660fea bf6f5a03 3d2db07c 3ea04ea7 bf3669b9 bea9c298 bf76b006 3f0b5188 3e42f4e1 be08fcb0 bf04638b 3f6137e1 3f28359c bf171b91 3e4eb4e5 3ec942cd bf0cb589 3f019388 3db9b886 bf72b5fb be5c4cab beeeded3 be6a74c6 3f00cd74 bd821902 bf02af66 3e042ca6 3f27e9a3 bf1f1799 3e87ae8a be6094b0 3e3c74c1 bf778e02 3f13dd88 be20d487 bf2bbf9d 3f409bb6 bf0d6f7f bea81eaa 3f148580 3e52dcd7 3ef5d308 bebabaa0 3f552dcd bf5cdbd4 3d93f8a7 3ebb9697 3f4703bb bf2a059a 3ee036d4 bf7ff635 3e57dccd bf2a9195 3f5897da be2cec7a be048c8e 3f73f7f2 be7104bc 3f265199 bdad98c0 bf2be59e 3f5fd9ec 3f5a2fe1 bf5b67e5 3f22d9a1 bf56a1c7 3d3f4fef bf580dcc 3ef4e708 3ea78299 bd85588e becc2ad0 3f2dabaa bf7219fd 3f51d9d4 bf142d93 
3f4f4dd6 bf5391c3 3e5444ba bd2970a8 3ec8d6c7 be7cf51d bf74cdf3 3f3115b1 3e9c6a92 bece8eaa bea4f29e 3ee3a6f0 bf4bffc5 3f40edb5 3ea7aa9f bef67b00 be01647d bf3a99b9 be3284bd bbd98580 3f4ab9c1 bf63a3eb 3f6853ea bf3c37b8 3f2dff95 3ebb429f bed132e8 3f135597 bf5d29d2 3eaa369c bf0c0182 3cd89f82 3dc5d86f be685caf be7e1ce7 bf2a47ad 3eb62eaf 3e94169e bf69e9e6 be174ca7 be727ccc bf095d7b bee4f2db bd93c857 be459c8e 3e0c949f bf04e77b 3f6787f6 bf5a1dc5 bda6187a 3f6549e9 bf527bc2 3f19578f 3ef602ce 3e65b4a6 bec3b6d0 3f708bee bcb221e4 3dfa588e be83ca8e 3e7cacc0 bf38fbb7 3f4987c0 be9646a3 bf169191 3e8c3a80 3ec342bf 3e229c9e bf3eadb3 3f2f9dbb be27149d 3f7e8e2b bf36c9bd 3e810674 be49b486 3e0c7c6b bddd191c 3f3695ad befedef3 3ed216c8 bf19e38c 3f7c561f 3e88da7c bf070d89 3f133f9a 3f5723d7 bf4bb3b8 bef886f0 bd96f85a bf5f25d1 3f26c5a5 be082472 3e8f3e8e 3d085146 3d2ad126 bea33ab3 bf655ff4 bda588d1 3ea5aa91 3e151c8e bddca88f 3f76a3f5 bf7241fe 3f3cd5c3 3bfe855b 3f7e8421 bf6075d9 3e7994e3 3e778d0f 3f67d7ed 3eb4f2c5 bab1f70e be804a74 3d9288b4 3f05957c bed742c9 3e90f694 3f065d85 bf4591bd 3dc9490c 3e28ccd0 3f2939ad bf4847b8 bec3beb1 3edf0ebf 3d915832 bef106e2 3e886a98 bf52bdc0 3ec4a2ae 3f3927bc bf31c1ae 3eee62cd be152c65 3f297fa9 bf57b7cd 3ee526ce bebb26b4 3cb1a287 3ea2b69a 3e765cf9 be900e91 bbc18033 3f4ae3cb 3e02b464 3d165136 bf21bba0 3ec192b9 3e9726ad bf4fe3d6 3e8ef685 3f7cf20b bf12078b bdf43917 3da9581d bf3361ab 3f3077b2 bd9278c6 bf01c57e 3f4c15c2 3d81685d bf751202 3f56b5c9 bee13ae5 3e658ccc be518cb9 bf599dd0 3f31e9ab bd87891b 3f24d5a3 bd44f050 3e58ccb5 bd93e880 bf221fa7 3f0c0f85 3f18678c bf5503dc 3f343fa4 3f20c98a bf3587b2 3f64b3eb bf7653f8 3f6eb1fc be5a3cb8 3ee71ed5 3ecca2c9 3f6087d4 bf063790 bf4dedc1 3f5229c8 3e389c95 bf070385 bf6a37e9 3f044387 bece8ab6 be652c9c 3f4545c3 bf7165f9 3ede4ed8 3f016381 bd038ffc 3f062d81 3ee6cee6 bf6d55fc 3f1d5b9d 3e0e7c8c 3c6a40a2 3e81d67c bf326da0 3f6c51f3 bf5bfbd5 3f5a53cc bde7888b beae46bd 3f6ad3eb bedaa6b5 3ea25e9d beb8769f 3f795c04 bef60ad6 bf5107cf 3ebb16a9 bf0db58d 3e3334a4 bd656fd3 3f0beb80 bf7b1a0f 3de9e8b4 bdba387a 3ed3eeda 3e5404eb bdbed893 3f4421be bf15a38c bf020b76 3eef8abe bf7ca815 be9f6ea3 3e37bc88 bf221994 3f784e12 bf4403bd bf6bcde5 3f24b597 bdffb905 3ec9bed6 3c66404e 3f44ddc8 bf62a1e0 3ecfbabb bf3b07ad 3f22dda1 bf253da5 3f0f798a bf0b6d8d 3f142f93 
bf3d4fc4 3f7e7214 bebe0aaf 3e2dbc9a beff7aeb 3f4b63d2 3f299b9b bf66d1f0 3e41acac 3d65b062 3f4897b8 bf61dff2 3f6efdf9 bf59efd0 bdb178b7 be383483 3f4af3d5 3ec85eca bae5e427 3d849869 bd054ffc be8d1687 bf27a3ac 3f2b21af be89e699 bef2f6d5 bd95d8d2 3edaaaa3 bf127394 3f4791b8 3d86f836 be9bc2af 3f072378 bed17ad7 3f5b77d3 3d87a858 3f26bfa7 bf4175c5 3f101580 3f5c37e2 beceaaa7 3f19c599 3f0a1b8b be22049d 3e4fe4e7 be5c2499 3f3a9fbd bf7869ff 3f2f6fac be120caa bf25bfad 3f03b178 be54ccdc bf086379 bf4c65c2 3f06618d bed15eae beb7fec4 3b4701b5 3e8b9e8f bef83adf 3f7dd41f bf4d15cc be44b4b6 3f7d0c1d bf196384 bf0b3585 3eee8af3 3de5d91c bf26b5a2 3eb716ab bf3743a0 3e82126d bcb821b1 be9faa92 3f5cf1d9 bf768c04 3ea40a95 bf53a1c9 3f7bb80d bed236ba bf00bd76 bf137391 3f4b7bd9 bf455dbf bf6a93f1 3f750200 3d8b886c 3f3017a9 be45d4ac 3e8a727e 3dd258b9 bf5ac1cc 3f4e35d2 bf121b8b 3eff32f2 3f60d1d5 bec376d2 3ef98af1 bf34afa8 3e8c7678 bf666feb 3f7c7bfb bf5fa1e6 be063c46 bf6b91e6 3ed106ad 3ef90ae8 bf4f2fc2 bf1b9f90 bf6bd9e1 3f332db2 3e6174df be7aa4d6 bf42d3bb 3ea5d6c7 3e43ccdf bf0b9b85 3e5cbd08 3f0ac575 bf0f8f94 be873a7c 3e926e7f 3ef79ae1 be9acab2 3e647cda 3e09dc7f 3e6d64e4 be5e1c9a 3f0d6386 bf6fdbf3 3ed622d7 bd8438b2 bf02bb76 beb7d6bf 3efdeee6 bea92aaf 3ec06ecd bdba988e 3e076c81 bee0aac3 3ea0328d bd6b7259 bf2ed9ad bef442f1 3f6323e6 bf46a3d2 3f4541c0 bf24fb9a 3f1c5b8e be240cb7 bf0ddf91 bd7f51a8 3f6143db bdad58ef 3ecb76c0 bf2b0dad 3f6135e3 bf021b7b 3e99f67f bf254199 3f6c39e2 bf6c19fa 3f080f7b 3d103072 3e2c1c88 3f5833d2 bf4d21c4 bd9a786b bf1def97 3ed056cf bf7d081f 3f3019a3 3f02097b bf4addcd 3ce420ad bd5790d7 bef682eb bdfcd8cb bcb46068 beb1869c 3f40bfcd bef196ea bf1c6d96 3e84c282 bf3c27bd bf03ad80 3f244392 3f26719f bf43e3ba beb06ea2 3f04177c 3f48ffc1 bdb57942 3e443496 3dbbd876 befbf710 3f4783c7 bf0a5384 be0514a6 3e549cce bf5a21d4 3e8c727c 3e2b94a2 bf1c2b91 3f0fb987 bf4ed7c6 bea8129c 3f48f5c0 bf012f78 3ecf86e4 bf4885cf 3f5c33dd bf1a4190 3d8c2857 bf3f8db6 3f761c10 bf3cdfb0 be3884b3 bdc12902 3f1f11a6 3e9e4a7d be8d9e88 3f19f58c bf7d0415 3f66e5e2 bdee3924 bd157043 3ecc46a8 bf7a7c01 3e8ada8e 3d9aa844 bf6f47e6 3f7eca2d 3cc9a214 3dfd088c 3f69afe7 3d96487d 3eabd696 bd717043 bed692e3 3ee7cac0 3f32e7ab bd0c31cb bf3523ab 3f15bd99 bf73c1f8 3f0ed787 bed962ca 3f7cd00c beed96fd 3f2b0b99 bebf36b7 3ea6e6c9 3d91c8e5 bf13fb88 
3f5c69cc bf7a1c13 3cf72064 3eb0f6b1 be31a4b7 bf4e4bc6 beba22a3 3f3b41be bd84f877 bf2b8fb2 3de468ec bd8a881b 3df788b5 bd9f6826 3f41f5d1 bcba6169 bf6ad3f1 be046c62 3e2f94d4 be480cc2 bec8c2c2 3f52fdd1 3f44bfc7 bf3b61b5 3dbd68c6 3e81e278 3ce46135 3dd9c851 3ea0229c bf60f3e7 3ebb6ea9 3e250499 be2c9c98 bf02338e 3df9789d bf1beb90 bf569bcf 3f3babb9 bf0bfd85 beaace87 bef86ae5 3eb58eb1 bf3b5da9 3dc3288b 3eabb282 bf3573b1 3ec3aace be659ce4 3ec3d2b2 3e24d45e be6e2cf3 3f4d7fc9 bf7abc0a 3f69adf5 3f673dec be68d4e2 be9d26a6 3efaf6da 3ed47ed0 bf54edd5 3f4d51c2 bf5901cb 3ec232ae 3ef572e1 bf282f9a 3e8a2e8b 3f3b7bb4 bf64afe5 3eee86d8 3e841e67 bce7a222 3e362513 be00d489 3f132b9b be9c5eac be6bc4d5 3d249155 3f24099d 3dc5f8ef bf083f7c 3dc728e8 3f5975d9 3e342cb5 bf0a8587 3f42c3bb 3ef28ef5 bd76b133 bf610deb 3d03311e 3e88e281 bf77d60b 3f5209d1 beb23aaf 3e357cdf be619cea be03f495 bf13a790 3dde18b6 be794ce2 bdf73896 3f6895e7 be8ab26d be884e96 3f2c55a0 3e46a49f 3f52e7cb 3e40dcb4 bf763000 3f5a1fcc 3f4b0bbc 3f163b95 bef53ee7 bf2f41af 3f22a59b 3f2b71a6 be80966d bf10bf79 3f13ed87 be3e4cad 3d4e507c bedbaed6 3f41fbc9 bb8c82d6 bf054d82 3d7cb120 bde128d9 bf118d85 3eccf6bf 3da368ce bf23839d 3f7bbc07 bf24d5a1 3f06ab8b 3e77d4dd 3ec3beb9 3e3d3c9d bf1a6b95 3eb3f2bc be4b0cd5 bf212b9b 3f79b408 bf6647eb 3f589dd0 bd35908a 3f419fac bf7b1006 3f58dddf be942e96 bf274da0 3f6e4ff9 bf3f4fb7 3f29f997 bd149174 bf4eefc7 be90ee7b 3e3f3c9c b9709592 bf3333b2 3ee426db bebfc2ce 3d04109c 3ec6ced1 bd86f835 be0f1c9e be5284bd bedde2ca be2c94b7 3dbcc8b5 3f711def bf134d95 3f3bb1b2 3e00548f 3d6191aa bf54e3c7 3f3dbfbc bdd428f5 3ed8ded6 3f28e99a bf419bb3 3f73d5f9 bebacaba bf265f8c 3f5ca7d0 be0d7c9b 3eb726b7 3efa6706 be52b49a 3c4844b6 bf6fb7f4 3f72c5f7 3ee156df bf1c6fa2 beb96eba bf4359bc 3f63a7de bf72c403 3f5a37d3 bf5e2ddd 3f223f98 bed492bc 3ead62a5 3e84fa82 beeb86e3 3f3c13b3 bdac6890 bec3bacf 3f5cdfdd 3efc1aee bec6a2d2 bf26dba1 3f777007 bf2e61a8 3e9a1292 bec886c6 3f126b91 3ed5b2d1 bf5c67db 3f4afdc6 be425cda 3f3aa5bb bf5805d6 3c54c31f becd76b7 3f03fd78 3cc59fcc bf1ba991 3e35fc55 3d81d85f be4a7cab 3f712bfc bedbaad2 3ea8e687 3e5dc4e7 bf3b8db2 3e5c14a8 bf47edc6 bf1f418e bceaa173 bf3dabc2 3f5075cb be843a99 3dbce8a0 bf5e51e1 3eb7c29d bcbc203e 3ea9c6b2 bea2be95 3f1ba19b bf21559b bef35add 3e6164d3 bf75c7ff 3f4887c9 bf7663fd 3f0c397d 3de7c8e1 
bed2cecd 3eeebadd 3f005183 bf3849b1 3f3effb2 3f410bc4 bc3d3f7e bed77ace 3d3430c3 3f277fa2 3d77116a bf004f7e 3f2609a0 bf29b5a0 be92ba7d bdd3b862 3f6185e4 3d94189f bf0e9581 3f2d9da7 3de2c91e bf25a796 bf55e1c3 3ef796d8 bc7b40df 3ef0eacc bec58ac1 bef1cf12 3ddeb8b2 3f23dd9b bf2223ac be1b04d8 3cb02175 3f79e810 bf0a5975 3f7af40c 3eae069a 3eda92d8 bee84edb 3f2d179d 3de9b8e7 3ebee6c9 bf1e7f93 3f07b186 bea3bec4 3f05c97f be9776a8 3e9bd692 bf5921ce 3ea4769e be839a5b bef61efa 3f58b9d5 bf21499f bf5621d4 be04b47b 3f19d191 be353ceb bf5859d3 3f760808 be712cde be5ce4f8 3ec566bd be9dd291 bec356a7 3f26c79c bf778bff 3f6e6fed bf135797 3e4d54d0 bf4349c9 3f3fa1b5 be8ef291 bf24ef98 3e655cd2 3e8a6a89 3e130c74 bf5035c1 3e648ce9 3e8da275 beadf2bd be1b9c8e bf3463ad 3f4c17cb bf3551ac beb17296 be011c68 3f449bc2 be8e5e74 bd254fdd 3f575fd9 bf6ee5ec 3f5e37d8 bedcdeb9 3e496cfe 3f02fd7e bea0da8d 3ea432a3 3f0cb189 befc66f6 3c084167 bf08878c 3f32eda3 bf4bbdc5 bdc378ee bf767e04 bebab2c0 3f5d33cc bf1c8397 bf43cfb7 be364cbf 3d9e6910 3f72a7ef bf24c19c bf4d23c0 3f73cc0e be760c8d 3f1ff792 bf54cfcd 3d8d88e3 3f5153d5 bf5ddbd3 bef51edc 3f4605b3 be93b2a9 3f1ef78e 3d4731d2 be065451 be9fcaa3 3f2d1dac bf769402 3f5e9dd7 bf73ac00 3e2b7473 bf187f8a beae2a8c 3f720dee bf3e2bbf 3f4469c5 3e216cb3 be48d4ba bbcb803d 3c6d40f2 bf6c07f8 3f2c939c bee0f2e1 bcd6df0a 3c31bfb1 3f0e2b88 bedbd6cc be983aa4 3ee26ec5 be3f7c97 3f1d4d93 3ee33ae1 bf0bfb8a 3f5c17d7 bcafa03f 3d01b07a 3edba2af 3e3614b9 bf6cf3f1 3eb272ca 3e883267 3e3adc76 3da6f8b9 3f26c39b bf6bcbed 3db168bc 3e19e48b bf4733c2 3e4d44e9 beb0cab6 3eb1529b 3e98aa6c bf60d9de 3dffe946 bf79fe00 3f7a6805 bf5723db 3ec386b1 3f15099a bf6e2bf9 3f23f9a0 bf241f9d bee282e2 3f66e3e5 bf0da582 3f6e1fe3 bf69c1f6 bf2201ab 3f2649a3 3ea67a8f 3f371fb2 bf6a49e8 3f464dc8 be0ab46c be6b54de 3f2a47a3 bede36bc be113cb6 3f0c7582 bf16e186 3da098b7 bf0f2d85 3f4a3dd1 bf7ac407 bf4fe5c4 3f7eee27 bef332dd 3f43f7bd bf6637e1 3f7033f6 beb61aba be73ccd0 3cb39f10 be8b02b2 3f139b9b bf442bb6 be13b47f 3c63c270 3f1f5d91 bc86e161 bf37d1b7 3f4c9bce bef5bacb 3f6fa5f4 bf5abbdc 3e8f6689 bf6399e9 3ecc4ec0 bf2f0bb7 3f4b79ba be28ec5c 3eb35ad7 3f76ec0f 3bc280c2 3f723deb be0b749a beaaeec0 be204494 3eb92ed1 bd80889f 3eeee6e9 bf21098e 3efcc2ec be33d4c0 becc86bf 3f4ce9be 3e5c3491 3e988e75 3f076392 be281cb8 3ed726bc be1d7ca9 be7f6d0b 
bdbc58ac be053470 bea9b28f 3d60307c bf032778 bf55cdca 3e8daa90 3d8268da 3e689cda bf7015fa 3ed0babb 3d6b5086 be835679 3e6c0ccd 3f428bbb bf1c6589 bdf57883 bee2f2c3 3f6ae9f1 bf5c03cf 3cb0e16c 3f14b998 3e52c4b1 3f142786 bf419fbd befe06f8 3ee2a6ce 3ecfe2c2 be05f4b2 be849a8a 3f03418c 3f0f4d87 bf0bf38b be5f5ccd bede8ad7 beaeeeac beba9ed2 bf6e5dfe 3f029b83 bd43718e bf164f90 bd045198 3ef9eacb 3ecb1ec3 bf6ec7ec 3eda36c3 be91a6a4 3ecf76ac 3de7989a 3d4db105 3ed606d7 3e4664de bf618bd7 3f6d8df7 be0e64a0 3f519fcf bf145b97 be5364d8 3f4ed7ca bf2c7f9e beb622a7 3f5d99ec bf090d81 be111489 3f6245e6 bf628fe8 3f3a47b9 bf124b9b 3d76f108 3a85dd64 3f5405c6 bf588bd6 3e235c7d 3f2fc1a4 3ddc191e bee46acf be11e47b 3f4255c7 bf33ada7 3f2e63a3 becb86e4 3f031378 3d465099 bcdcdf6f bd7c10e3 3f0a817f bbbb7fd0 bea4ee9e 3f08117e bf7b1e0a 3f4d4dd1 bf514fc3 3f0e1580 bf5f65d2 3f30d7b1 bf7425fe 3f5a23e0 bf128b8b bf2f3fa2 3f6b5bf7 bf388fb1 3f5bbfdd be75850c be622ce5 3f5c89d4 3f161d88 3f3de7b9 bf76620c 3f72a5fa bea9c693 3f32d9a1 bee402d5 beeeb2c8 3ee95ec5 3d187149 be4d7ccd bf3749aa bd48714b 3f25619f bdcbb889 bee236e7 3efc730a 3f02bf77 3af20f43 bf4337bb 3eb22eb6 bf22e9a6 3f33b1b1 bf0bb78d 3f1e2b9b bed382da 3e74ece0 3e0b246c 3d1c7011 3f72e9fb bf538fdf 3f4311ae bf647fe5 3db6b882 bef5f6fd 3e1c5476 3d56b0fc 3d09d02d 3f3d4dab bf2d9da1 3f0f3589 3de018a9 bece7ac0 3d127133 bc41be4b 3f095f7a bea6f6a4 bf2ec7a9 3e6dacca beff26f2 3e9edab4 bf7301f7 3de43952 bcdfa1b7 bf48a1c2 3c48bf90 3f516fd3 be48b476 bf327db0 3ece0acf bed11ac3 be3b14b2 3f2521a4 bed53ec0 3e0bdc8f 3ee596e1 3c841ee8 3e1abc73 3dcb48d7 bf018d7f 3f677de3 be5114d9 3f56e9d7 bf1e5995 3e0604a5 3da3e87d bf3961b9 3f6637e8 bf6d49f7 3f25ff9b 3e890287 bf5267c9 3e814a6b bece66da 3f592dd9 3f040178 bea862a7 bf2a87a4 bdc7790e 3ebb869f bf09377e 3e7394fe be921e7b be688cd2 3ed71ef3 bee55ede 3e4ec4f3 be94e2a6 3f6035eb becccab6 3bcc88be 3f7305f6 be60ece7 3f0e3794 bf6087d8 3ebbbab3 bf24a98f 3f3ccdc2 bf7ab407 3f791401 bf3321b0 3f71dbf9 bf6257ea 3e9a8e89 3f6f25f1 befcc6d8 befee6f6 3f6179e3 bf314ba8 3f01ff79 bedb2af4 beffdae5 3ec7f6cc 3f26fb98 be658c9e 3f791c03 bf28e39d bd169081 be3aecaf bf0c6d79 bf441db7 bd93188f bf75f401 3e29e493 3ed57ac9 3e8e569c bf07c987 3efa8300 befb76de 3f152d8f bf7d4a2a 3f494dbc beb7c2ad bda28857 bf3d47b4 be3774bd bec96ebc bf036585 3ef0b307 bf1d3797 3f027f6e 
3e00d48d 3c66c312 3c91208c 3f0cd98a 3f28af9c bdc598d7 3f4165be bf6485f3 3f015770 3eac5aab bf02a57b 3f164197 bf07537c 3efaa2ee bf788408 3f10af86 3e95ae8d bdf0a8fb be035c8c be910e83 3f68a9eb bf7e741a 3edeead4 bf79d00d 3f310ba8 3f6265dd bf62cbed 3f05f38d bf01717a 3d7cd022 bf0a158b beb3a2b0 3e4f94c6 3e485ce5 3f36ebb5 3e2b4cd4 3ef74f03 3f24db8f 3d84888b beec5ad6 3ee5e2bc 3e3fc4ba bf4751c2 be773ce1 3ed73ec3 3f010b74 bf4345bd bdc388bf 3f08218e bf5abfca 3de0992a bec092b2 3f7035fb bf6d93f2 3f30e39d bf61fbf5 bd69b23b 3f18e78a becd8ed6 3f057583 bcf36223 bdd738e6 bef1dacd 3f752dfa bf7025ef 3f6161e1 bf6997f5 3f61e5d2 3e38ccb5 bed9a2bf be8eb68b 3e3af4ed 3eeae6d6 bf7f4423 bd161080 3e019c76 3e6f74fa bdec98ff 3ce5e0f1 bebf1ed6 3e0e8495 be839e88 3e3eeccb be2ff4a4 3e331483 be6cfd29 3dbef8e8 bf2ddda8 3f395bb9 bec30ec3 3f18d39a bf2a9da9 3f5f87e1 be9c727a 3f02db78 bece72c8 bd0a8fd2 3edf6ae0 3e037cbc be4ebc8e 3e975e8d bef99ae6 be6974e5 3f496dbf bf79ae0e bf5ab9d8 be123c99 bec18ed1 3f288399 bf3a1bc1 3f5017cc bf1e2f9a 3ee112c5 3d9b4887 3c0b4350 3ec74aba 3f4481cb 3c4f4319 bf49a9c8 3f2ca7ad bf244796 3e2954ef beb65a96 bf0c778b 3f66dde8 bd337040 bf0c9997 3f6837eb bf71b5f3 3f149982 bf2047a2 3f17ff91 bef8dadf 3e7cdd31 bf54efce 3f6b39ea bf797604 3f40e3b9 3f5c49e6 bf35c1b3 3f19e186 bdaa8829 bf0a9773 3edc92c1 bf4cd1ce 3f0aeb81 bf07a18a 3e8ca26d 3ee48acf bf6d69fa 3ef456f7 be7774cf 3f77d20b be11ac7c be241c7a 3e9a7a93 3f57b5d5 bedd06bf 3f3913b9 3d97a874 3f129393 bf6e0fed 3e6bdcd9 3f4da5cf bf584dd0 3f5465dc bf4947c7 3f144799 be6d74ec 3e5a34b6 be7fe521 bef50efe 3ed74acb bec5d2c9 be3da48e 3d3e50f9 bd7f7142 bf5239d0 3f75e003 bf406dba 3f6f07f7 bee5ced0 3e9ce2bf 3e465c89 3e5bf489 bf2811b6 3f499fc9 3d9a0885 bd0df0aa bf690de2 be569509 bdabc84b 3f7ffa3f bf28a78f 3f45a3c4 bf10e386 3ee5aee5 3e9d9ea1 be264463 be7f8cdf 3f3defb0 bf2c3d9d 3f280ba1 bf7e661f 3f134190 bef50af3 bf320da7 3f2c83a5 bf7ed02a 3f4e6fc3 be420482 3f6733e7 bf7aec09 3f2ad7a5 bd02d093 be0404a3 bf04af81 3f44a7ba be62a4eb bf654be7 3f4a65ca bece02c3 beb1b2bf 3f1c3198 bf2eedb1 3f3fa3bd 3ef682f2 bf218f9f bea61aaa be568c9d bf365bb7 3f5331c6 bec872cb 3f584bd1 3e7824a6 3f2d39a0 3ef932ff 3e2ab492 3f14cb87 bf5c0dd8 be9aaa90 3ef656fb beacc69e bea06aaa 3e9af679 3ef7b2dc be979a92 3d62efc5 3e8d9a7e 3eb792d9 3f1b098e 3dbde86c 3f6253dd bf3e0dc0 3f2a91b0 bd9b18b3 
bf6db5ec 3f7cca17 bef2eabf bf2ee7a7 bef6770d 3e282c98 bf2f7bb7 3f3c25a5 bf6047f5 3f5c79e0 bf3737a5 3f217f96 bf637fe3 3f44adcb be9fea80 3ebc2ed8 bf144d87 bd81a815 3eff1aff 3e47ccbf bf3e69bc 3ec3f6b1 be100484 3f03277d be6664f2 bf63e1e2 3f2db99e bf7223f9 3f23b3a3 3f073b70 3e6eccda 3e7834ec 3e14fc90 bea2ea88 bf041d94 bea45a92 bf3de7c9 3e031c58 bf1e7d98 3ea53a98 3ea8aa82 bf0b1b89 3f77ec08 3d9a3855 be4c6cb6 bec6b2ca 3f330d99 bc92a1d8 bee04acd 3ef43aed 3e569cd2 3ba081e9 bef712f4 3ea9feb6 bf1aa188 3f0b1b91 3f63efd7 bf7d020f 3d139110 bf17af97 3f2f13ba bf167588 3f5531d8 bf37b1c2 bdeb98d6 be02d492 3f2551a2 bf651df7 bee326db 3ecdcaa9 3f37c7b7 bf773203 3f226990 be4fb4e6 3f6f4ff4 bec29aba ba3beaa0 bf2d7fa3 3f7495ef bef6defa 3f457dbf bf424fba 3f31c5ab bf7eac28 3f5bbbca bf4cf7c6 3f26bb9a 3e81325f bee53ef3 3ec30ec6 bf5acbd3 3f79a20f bf5753c3 3d7e11c7 bee52ecc 3f7e0819 bf5df5df 3eb3629a beb25a9e 3e981e9f bf125791 3f5a79cf be4eccc7 bf1de798 3f6347d7 3f19758c 3ef06ad2 3ebad6c5 bf312bb7 3e0bc45e bf27e7a1 3f01157b bcd76038 bec6e2a6 bed75ab5 be8c3a82 bf50dfc9 3d6e309b 3f0baf83 bf0c4d89 3f604ddf bd5d3149 be57ccca 3f33fbb6 bec73ec6 be5b04f8 3f11b78a bebf62ad bdf3b940 3f2e039e bf2023a8 3f3283a5 bf77500d 3f27ff9f be530ca9 beb74eba 3f79480c bf74ddf6 bf759202 3f7e7c28 bf4639ba 3eb82ab1 be26ec2d 3db758ba 3f69c1eb bf62dbe3 3f64e3e5 bf4e33d0 3ead2e78 3e8dfa89 3db59897 bf2d9fa3 3dcb0931 bf343bbc 3f59cdc3 bf63e3ed be02847f bea75e87 bd8e789d bf38c1ae 3ea0bead be965a8f 3eb56ac2 bee5f6ef be0ad499 3f637fe1 bf3f95b9 3ef98ef2 bf5133d9 3ed29ee8 be851e72 3f636deb bf7419fa 3f2b5d90 3f42edb8 bf72a3f0 3f20df99 be48ecb5 3d98c8e6 3d9fe8c1 bf2d7ba9 3ef6daf2 bf348db0 3cf4226b bf28a9a7 3f57e9cf bf36f3b7 be194c73 3e467cbd 3f5e8fd4 3e49fca3 bbdd82bc bf07177f 3e75dcf4 bf406bb1 3f54f3cd bf6a61f0 3e87468e becd1aa2 3f4ad5c9 bf73e7fc 3ef0eed4 bdd6996e 3e3974bb 3cf8a123 3f129586 3e2cc4ad bf025b76 3f4eedcf bee8eae4 3cbda0fe bf733804 3f4323b6 3a9a0b61 bf6ec9f3 3f5e4ddb 3e0fcc9e bf5fe1e1 3f68e5f0 bed1eeba bccfe07a 3f3565b2 be835a8d 3dd9a853 3dbf990f bf383db1 beba72c4 3f2f41a5 bd07f11b 3f649fe2 bec69ec9 3e677ccb be9c6295 bf2f23ae beb3ae9e be8e0679 bf6f97e4 3eb406bc bf2aa7ac 3f01c783 3f41f1c1 beef12e1 3e2024c3 3f3d65c1 bf07e775 be9e728f be17c48c 3ed75ac4 bf3fa5c3 3e95ee87 bf60f5ee bea59a93 beb4ee92 3e538cc9 bf058178 3dfa0925 
3f215995 bf6627e0 3ed8a6df 3f15e7a0 3f049383 be82ba83 3ec6fac2 3deb68be bc1b3e1f be5324b7 bec8eac9 3f2c81a7 bda3782d 3e6e8cfb bec82ebd bd5530a5 3f1ccf95 be1e1ca2 be4c3ccb bf196790 3f7ac80c be087c94 3e908275 bf562fdd 3f6d5bee beded2d1 3f37b3aa 3ed976ca bec04aab bf3d5db4 be6f64c2 be6cc4d4 3d078ffa bd43b0f2 3ebc4ebb 3f11a386 3f4309bd bf1efb96 3f6a4beb becaaabf be11bc9d be809e7f bed9e6e6 3cb41ea8 bdda58a9 bc533fbd bea97ab7 3f01ef7f bf27019c 3f6371e8 bf4311c3 bd83e881 3f4ca5cf bee42ec9 3f6be1f5 bf54a1cf bf6e9407 3f4b1db1 3f24f78e 3e22dc80 bf02457f 3ea86a9c becd36ab 3e93da6e 3f09df6e 3e78e4b0 bf4453cb 3f4b2dcb 3f5743d6 bf14058b bf18ed9d 3f3353a5 be94ce89 be5adcb5 bebd52ad beb80a96 3f3fefb5 bda3a8d2 bd5f30e7 bf145587 3e83e677 be16f4a6 3c91a003 3f4837ba bf0c8d92 3f00fb7f bf3e65b1 3f12b591 bf2733a9 3efc5eeb 3ec57ecd bf35c9ac 3ea01a92 3f193f8f befa9afa bc6b3e49 bd0eb0e5 3f0b898a bf7045ea 3f795610 bf0d5b7b 3dc3d87a beba2ab6 3f7ed61b bf46f5c1 bf620bdd 3deaf89c bf6c01f3 3f4bd5bf 3f50ffc7 bed87ae2 3ee09ec5 bf4021ad 3f75e209 3e3264a7 3f6977ed be3094a7 3f64fbe3 bf6a77f7 3eceb2c6 bf20979b bed002e3 3f4813c7 bf1d7d90 bd6d9001 bda148c4 3e88967e bf3183af 3f37679f bef40af0 bd6b30a4 bd421099 3f3415b3 bdd0889c 3eb74ac8 bd800899 bf34e7a3 3f7bac10 3f3a2db5 bf16638c 3decb8d9 3d9a8883 3ee05ac2 bf3427a6 bf07858c 3f09c989 bf1e39a8 3f366bae bedf6aca bef9b2c3 3f2f75a4 bead3eb4 3f7e802e bf17798d 3f0acb7e be8ede80 3f404fb9 be0bfce0 3f01bd76 3e9c8e93 be872e91 3f48fdc6 bf5281c5 3f46dfc5 bea79e8c bf18758f 3e805a94 3e774d03 3eb4daa8 3e3be4ed be98ca82 beb35aab 3f4d93dc bf55abd4 bed506bd 3ea40297 3ecad2b7 be43d4dd 3d0450b2 be4084ac 3f11638c be44a4da 3f000d6e 3f1c0f95 be99268e 3eec9aed bf161d98 3f76920c bf4f89c2 be89727a bf122788 3e8ece71 3d20f03a 3eb326a9 3e9c7a78 beac2697 3eae569d 3e50eca7 bdfd3895 bdcd1860 be8a027f 3f5b03d2 bf5735dd 3ece36c9 bea336a5 bf53afd5 3f4509b7 beb6beba 3df8195b bee926fb 3f42bdb2 3c53bd53 3e927e9f bf2181a5 3f5c9fcc be8d1a7f bf0eb182 3f6a51dc bf6dc1fc 3f66b1e2 be6a44ed bf37efbb 3db7c8af be10cc8a 3e9d5e9b 3f07f37c 3ec83ecd bf3933ac 3e027465 bf674bf0 3f5615d2 bf524bcb 3f4d75c9 3ed502b4 3f055591 bd5a712c 3f4f4fc1 3de618fc be80fe5d 3ead16ad bf6f27e9 bd4810c4 3e2b8cc6 bf248f97 3e0544de 3eb59e7b 3eb3e29e bf0eeb82 3f59b9d6 bf11218d 3f3d73b4 3f4ea9cf bf0e3387 3f5ae3d7 be375477 3eeb66ed 
3ecf1adc bea6269b 3f07e385 bf5d6dd6 beb15abf 3f048d74 bf62c5e4 3e819e58 bee22ae0 3f445bbb 3e96b696 bf67f9e9 3e391cdb bf180b8a 3f49ebce bda9e916 bf7af818 3f34119d be62c4ea 3f256998 bf48fbca befb4ef3 3dab88a1 3f2ae5ae bf6c57f7 3f18a790 bf651be4 bf0fa38d 3f0de585 3e9f4e8d 3eb562a4 3f0e0b74 bf3d03b1 3f4191bf be9de68d bf6061df bd9bd8c4 be4674ce 3e78b4b5 bf2f4bb2 3f32bbaf 3e8a7a79 3f2391ab bf325db5 3f4e25b7 3e8f0e70 bed652c8 bc22beba 3ebb0e9c bf6d1feb 3ecfb2cc 3ebe1698 bf76d7f5 3e337ccb bf1b0791 3f708fe9 3f3d81ae bf216194 bf4b85b9 be87c686 3f5a7dd1 bf5543d7 3f5987e2 bf3eb5b2 bc16c2a7 bf6241e9 3f5541d5 bf06ff7b bf6aade9 3e933aa3 3f235fa2 be984a8d be975eb1 3f4827bf bdf768c0 3f1ecb9f bf7f9a35 3f237995 bf0db790 3f745ffe bee246c8 3ed87aee bebb36ac beebc6d1 be05c465 3f0bd58f be413c98 be3cbc68 3eb5bab2 be308cb1 bf3331ae 3f6ae5e7 be6574bb bf28dd96 3f705fff bf4fe9d1 3f25aba3 bee962cf 3ed4dab6 3cf32048 bf069f7d 3f4599b9 be90fa71 bf6105d9 3f4471be 3f281dae bd991881 3f594fd8 bf66f5ec bf486bbe 3e7e0d19 bd5550e1 3ea756b3 bf4d0dc9 be637cbf bf28cf9a be406cbf beb65ea7 3d75b121 3f1ca98d be29a4b0 3f411bbc bf458fc4 3bd77dcf 3f31abaf bb8684e4 bebd46d8 3f347baa be3f4cca becbb2ab 3f5455d5 beb1dea0 bf571bc3 bd1a1056 bf448fb8 3f4eafc2 3d7c10b9 bf2ce1a0 bf221da6 3eaed29f 3e913a7d becde2c3 bebfe6b5 3f73dffb 3e539ce7 bd15d126 3e6994d1 bf0c5393 3f2dbfab 3d86b899 bebadab6 3c35c0ad bea14a96 beeae2ce 3f20bd9f bf6f99ee 3efb52e9 bf1f9799 be1a148c bd0e2ffe bf0d3b83 3edc4ef1 bf0fe587 3ed206b6 be80c682 3f49f9c7 bdf33911 bf043b85 bedf96d5 bd9438a7 3e86be87 bdbce897 bc8aa0db bdaff888 3f736c00 bf012b82 bf4249b8 3f1d3ba2 bf419dbb 3f7ee024 bf4cf1bc 3d04f098 bec416bb bf5da9e9 3f3e23b3 bf5e99e3 3f29979f bee732e3 3e7874e2 3edf62d0 3ec8aacc be3844ba bd81f87b be6624bb bf4edbcb 3f7e741f bf72b9fe 3f02d379 bf10c78d 3f53f5d8 be7034ab be2e3cda be01cca1 3e92466d 3f162b8a bea9029d 3ebc0eb0 bf601de1 3f5d97e5 bed3beca bdac2878 bd8a683d bf060b7b 3f09dd7c be973ea0 beb802a5 3edf26cd 3d5bd0d5 beb42eb3 3c1fbfe0 bf0ba783 3f70f5e9 3ec876bf beb8d2a2 be9f66a5 bf01f17a be4e3cad 3ee51ec5 3dfcb8fd 3ed89ae3 bf3f15c2 3f5eebd5 bf67b9e1 be1f548d bf4559cb 3efab711 bf2dcda4 bef4c6dd 3f43c3bf befe5eed 3ee1c6c2 3f2cf5af bdf05856 bdaab8bd 3f0eed76 bec716c9 bdec18e4 be4944ad 3e370c4b bea1d29f 3d8e78e6 bf76f604 3f084b86 bf6f75ef 3e831a80 bf60b3db 
bef7e6fe 3f0a0f89 bf1f1d8d 3f2363bb 3db7b914 bec5f2b2 3f794a0d be369ce3 3ebb56c7 bf52d1cb be1984a3 3f48edbd 3e059484 3ea4deb4 bf2fd99d 3e65ed08 3f5411d3 bebed6a5 be5b2cc5 bd0b7112 3f245f93 3ee742e0 3d9d8887 bf3cd5ad 3f3747bb bd88088f 3edc0aeb 3f33f9a7 bf12cd9b 3eb1f2a5 bf5903db 3cc1e20e 3dec7944 be70a4ec bdbe890a 3edd8ec0 3f085f79 be720d0c bddbf8ea 3f570bd7 bf6ffdf9 bc8f60d6 bf60b7da 3f4683b9 bf73a60c bec77ee7 3f419bbd bf1d7597 3f288195 3e1b1c82 3e7784be bed14ad8 3f4ed5d9 3e847a8c bda6486a bf35dfbc bf5185d5 3f7ae415 3e9f8ab3 3f0da98b bf62bbed 3f615dde bf210598 3e354c80 3f1dd9a0 3e873ea1 3dff48b9 be847668 3f73cfed 3dffb8f0 bf4e6fc8 3ed846d1 be1ef482 bcf61fd4 bf0c2b85 3d7d30a7 3efd0ed3 bf04f372 3e9b7aa7 be651cb2 bf0a757b 3ec5e2ab be9e3ead 3f6d3ff0 be3004aa bf3531ad 3f4b19c2 bf236fa7 3f35b5b0 bf209984 3f7f7028 bf46bdb8 be2cb47a 3f2dcbac bf4aabbc 3f3a51b9 be9ba69d bec62ac4 3eef22d9 bf4477ba 3f56b1c3 bf77360f 3f4405cf 3f089b7c bf16d795 be1834a4 bf4545cf 3ec77ed4 3e2e44b2 3f596fd9 bdbdf902 be8ed6ad 3d0e905d 3f4111b3 3d3e90b7 3e129c76 3f57adc5 bc802064 be97dea0 3e318cbb bf54e7d1 3ed08aaf be2b7c91 3f2fe5ab bf776dfa 3e89427d bea1da78 3e550ceb bf42ebc5 3f5df3d7 bf7b7012 3f195f94 3f16a589 3f3b6da9 3e81d281 bf235b97 bc5043ea 3efd62f0 3f411fbb bf33f3ad 3e5554d7 3d0350e0 3e79d4c5 bf223f93 bf08b37d 3e3c24a0 bec7b6ba 3f180f96 bf5f39eb 3e9ef673 bcb6a119 3e161c92 3e944e71 3e9a0e9a 3d7f51fd be6add07 3f5011ce bf343da3 3f68f3e1 befa86f8 3f7fa61f bf6449d9 3f1ba591 3d860871 bf453bb8 3eda46c6 bf4f9dd6 3f784ffd 3f369dad bf2e19b2 3f42e9d0 bf1fa789 3ed1aaad be79150e be4f1c7e 3dc3a894 3f4945d2 bed74adb 3f3525aa bf6f67df 3e8f5e95 3f00b171 3d89d88e 3f7363ed bf6429e2 3f7e0011 bf66ade9 3f4bf1cf bf5df9e4 3eff3705 bf66c3e2 3f02b977 bd8e38b4 3e96de6e 3f4691b8 bf5a31d3 3efcd6cd 3e497cd3 befad6f2 3e716cca bf492db7 3f460db8 be210cae bdb748a5 bf7b5211 3f6e55eb be954697 3ef0f2fb be5794dd 3e440cc9 beb1ea92 3f488bc3 bf087791 3f183795 beff4eee 3f2a499f bd2bf1b1 bf3fdfb5 3f6c21f6 be7354e5 3f4067c5 bf5f9be1 bf1c0b9b 3eca42c0 3f4c1dc0 be177489 3f3649b4 bf7433f6 3ef71af5 bf27079e 3f74ac00 bf35e7bd 3ec6b2d1 3f0d1b8b 3ed3e2c4 bf3197b5 3f6ea7f1 be446c86 3d3ad15e beb7baa2 3eb206b4 bf64fde3 be8c8660 3f5a5bd0 bf6f31ef 3c5e424e 3e9ea6a5 3d6810f9 3e141c83 be46d4b8 3f06218c bed51ecb 3f65a7f4 3ab605e4 3e9aa283 3edb92e3 
3f2d1b9f bf1f599f 3f3b15c8 bf29c3a9 3eff9702 bcaa5fa0 bf4c47bd be516cbd 3e18e4c0 3ebb0ab3 bd4f7101 be74fce7 bf7cee0b 3f74d3fe bf0c3f89 3eab569e bf4f2bc9 be20c4af 3f563bcf bf5a8de3 be6244e9 bf4031aa 3f143797 be316c8f 3e0b44ba bf01e570 bf0ed987 3eb8eabf bf4b1bcb 3e9fb67d 3d84c879 3e10948e 3e4b8cba be135498 3e49ecc1 3e7b6512 bf583bd6 3ef3f6ea be65f4e4 bf3065af 3f75e3fd be3f8ca2 3f4173b6 be06049e 3f4115c0 bea8c6b4 3f287b9b bf29ff9c bd2d8fc8 bf166b93 3ca59edf bdb5587b bf105b88 bec53ece 3f09c186 3f15dd87 3f1cb98a bf3767bb bf67c3df 3f3e95aa bf716a0d 3f24478e bf02a375 3f25579b bf59f9c8 bee932bc 3eae82a5 bf0d9180 3dfae8b6 bf219b9c 3e60d505 3f0e5183 bf3381a2 3f29b9b8 be81ce7e 3f12b98c bf6491ea 3f79220d bf3dbdc0 3f274da7 bd90089f 3eb40e9f be0c8477 bf27ef9b 3f2ffbb3 be6954c7 3dced8f4 3cc39fe5 bedb02d2 3eb7b6bf bf2fc5a6 3eb7e6bd 3f36d9a3 bf7fd03d 3f47d5bc bf271b92 3e6d24eb 3ec10eae bdc36919 3c75c30e 3ec3ceb4 3d0f5010 bf661be4 3e0d9c91 be4dec79 3ed482c9 3f36a9a3 bf4457c3 be2d8cd3 be926a7e be77550f 3f0d677f beb6cea4 bf3ad1bd 3f14f596 bed80edb bedb9edd becb2ec0 3f4d3fc5 bf150f7f 3f2075a6 3e3f9cb4 bf6595df 3f4b3dce bf4ab1c6 3f6f93ef bdf93953 bdea9883 3f1d5598 be272c77 3ea4229d bf03a385 bf107d82 bf3dfdb2 bea9b697 3f78b009 bf0a0d7e 3e087470 bf7e6222 3f6105e9 beed26e8 3eaa9ea2 bec12ab4 3f7fb627 be88b67e 3f739dfe bf54f9c6 3f5b0fd8 beaee68c 3ee2bee1 be451ce9 be0ae48b be081c69 bf24198b 3e9f3280 bead3aa3 3dea592b befef300 3f47afb8 bf72effe 3cd7dfc3 3ecbd6c5 be59bcce be9d067a 3f7fc031 bf2da5b3 3f307daf bf2e01b9 bf6125d8 3f1b359e bf061190 3c73c141 3e428cc6 3e6d3511 bf4c15c0 3f22839b bf4f15cd 3df7d918 beba8aae 3f274ba9 bdc288bd bbee7c28 bf71aff9 3edbcad4 bf3353a8 3f6927e7 bf63bfee 3f384bc3 becffed1 3f00998b be81d688 3e21647d be00bc87 bf556dd1 3f02b58e bf14db8d 3f006372 bef382db 3e8bb68a 3f077781 beb20690 3f04577a bf2839a6 3f19d795 3ed85ebe beea6ed6 bf17fd9e 3ecb0aca bf6acff1 3f567bd2 beef62e0 be0cb497 3ec22ac8 bee752de bc8c20aa bd99b874 bf08557d 3f764409 bf6331ef 3e6644e6 bf5f73d9 3f782403 3eabe6bb be6b84f4 bf5cabe3 3e27e49a bf213f9f 3f7f1825 bf2f0da6 3f06e37b bf542dc1 3ed962a4 3dfde8ad bf638dea 3d9d38a7 3f0f7389 bf3b29c1 3e2404c5 3e61f4ed be2c54bb 3e395ca1 3eef76d1 bd535068 be2e8c7b 3e348ca7 3f0c7985 be4ca4d2 be090461 be8e2676 3e15048e bdcab902 3ec82ebb bf444dba bf16959c 3f0e9b8c bf30b59e 
3f6fe7f3 bf5099c2 3e64c4c0 3d0a90b2 bf1f698e 3e7b9ce1 3edf4abc 3f48a7ba bf5b09e3 3f1b659b beac12a5 3f06e187 3f1a8d85 bf7d9c0f 3f184995 3e5f84e4 bc51bd7b 3f5653dc bf5701d7 3f4451bd 3f4a37c3 bbef7932 be92c276 3e612cbd be02c4aa 3eb49ac7 3f4295c1 bf32f3ab 3f6e9bf5 3e1b7c7c 3c0ac256 3da8d85e bef10f0f 3eb09eae bea3fea3 be4704a7 be1cb4c3 3f17d588 be12ac98 3f1db394 bf133996 bc9b606f beb192a8 bf5837c5 3e4c6cbc be0e24a6 bf0fbf8e 3ec02ab2 3f4425bc be2a74c5 3f34f1a9 be863291 3f59a5d7 3d5471a0 bf0df97a bf30f3a9 be8c5681 3f0f8991 3f41c7c3 bea3de96 3eeb6ed5 3e38dc73 bec8c6be bdca8872 3f42ffc8 bd1ad027 3dd5f8a8 3ef59af4 bedc7eef 3f37bdc3 3e286cc1 bf4cf9ce 3f4e93da bf0fff8f 3e76cce2 be811e6e 3e15b4b7 be7ba4ee 3e9cb290 bf1c419a 3ee1face bf492fd5 3eb602c2 3d28d10d bf10077d 3f1d7ba6 bf5ae9d9 3f797811 bf4165b8 3f3d69b7 3d03b072 bde008bd bf2609a1 3f36c1a6 bcffe066 be9c8e9d 3f1b4196 bf5561c9 3ea81e9e be2a0cc5 bf681fe9 3f7d9c15 3d1950cf 3f4f4bc1 bf4d09cb 3ef2fed3 bf51e3d4 3f3eb9bb 3ea806a4 bb2af0c0 bd5b314d be5684cd 3ed4f6ce 3eb45a9d bf049f7d bdafe8a0 3f7d8c11 bf559fc8 3f52a1bf bf5ed3dd 3f0e7985 bf0ddd8f 3f12659a be8f0aaf 3f122b8d bf56b9d0 3ea50aa2 bec79ec1 3d0f1005 bf4a05ba 3e947a7e 3f0f4f82 3ec07ebf 3f414bb6 bcdf2212 bf11fd90 3ec146c9 bdc4286d 3eb43693 3e31d48c bf465dbe 3f3621be bf3663ad bceca0e4 bf3525b2 3ebff2db bf3cb7ae 3ee6e6e0 bf5f63e4 3eea02cf bea27abd bdc278eb 3f7c8615 bee7ceca 3f26e79f be6474ce 3e437cd0 3e781505 bf5169c6 3f5719e0 be07dc94 be3ff4ba bdb7a8dc 3ea87e92 bf736e07 3f3a93b0 bea3baa6 3e4914c1 3f5e3bcb be8c5299 3e472c81 3f0c8585 bf703bf2 3ef142e5 3ef846dd 3d6df11f beba12ba 3f6d71fd bf258193 3ec85aba bf7aa016 3f2cd1ae bc1040ee 3ed526c4 bd891861 bf0b0596 3f286daf bf2eb1a2 3f39a9bc bf6a55e3 3f6685df bf1e959f 3f59c9ce 3e2b8473 bef812d7 3f6d31ed bf468dc0 3f3fbdc1 bf7aba0d 3f177391 bf6023df 3f214197 bf5861cd 3f3123a6 bf7e302b 3f79180d bd9c1857 3f785808 bec342b8 3e24947c 3d8b0870 3d1cb0a1 bed9aed2 3eb586a9 3ecd76b3 be42d486 3f3e27bf bf6b85fc 3f5e47e6 bebb8e90 3f2825ae bed146ce bf34f1b5 3f646fd8 be596c9c 3f6519ed be859290 bef3e2ca 3ed31ac8 bdd79927 3f14bb99 bf002583 3d8d9870 3ed84ad1 3db1e8b7 bf548fca 3f4677b8 bdbf4892 bf3295b6 3f5a63cc bf40cdad bdff389d 3f4e3bd7 bf5be5c3 3eb17ac0 be8c9272 bf203793 3f3fe3b9 be1dfcaf 3ef912e7 bf521fbd 3cbd221b 3f57b7d0 3db77853 3dd538f1 bf5689d7 
3e24dc8e be03ec76 3ef736dd beac5699 3f7e3c21 beecc2da be0d4466 bf3a87c3 3ed596c6 bf2c45a8 3e9a6aaf bf5969d5 3e206c7b 3f3421a7 bf39f9b5 3a2c2ff7 befd4efd bc74bfd1 beb8f6b1 be2becca bf755600 3cccdf3a 3f219597 bf42d5bf 3f0fcd8a bf1a038e bea1169c 3e4dccb9 becbdea9 bf609fe3 3dc0d8db bf00177d 3f5ab9d5 bf4a47cc 3f33eba1 bd92b8a9 3f5ac5d3 bf720a01 bedd5ad2 3f01717e bf662de5 3f4d5fc5 3eab96b6 3f008384 3e4a348f be959291 3f7e4a1c bf3781b5 befca6ff be384ca9 bec366a3 be20e484 beb996c3 be50ecbd 3f16518c 3f54d5d3 be802a88 bbe183ac bf7cd419 bd8b88eb bd9c88e4 becf3ad3 3f00e96e 3d8eb845 bf65dde5 3f0eb18c beba5a9c bed92ee0 3ee862e1 bf086d77 bf026b7b 3f542bc1 bf724a03 3f13eb95 bdea6842 beb742a1 3f6e89fc bf54add3 3f17f390 be8f628c 3ed6f2bf be4dfd03 3f0be37e 3e83ae76 be3fd4a5 3ebc8ea9 bdf6f90e be900677 3f18fb91 bf3bd1af be808a71 3f17bf86 beb0aaa6 3e87b695 bf5eadda 3f58e7cd bf131b9c 3db20916 3eabcabf 3eb3cac2 3ee8eef4 bf112577 bf5163ce 3d455102 3d2c3078 3ea8b68c bf025f76 3deae8ff beb75ac4 bea37a90 3f492fbe bea24289 beccfacb 3e784cac 3d2dd061 3f14bd84 bf5149cb 3f39c3c6 bf271da7 3e3604b6 3eb7cec2 bf0b137d 3ee78aff bece0eb4 bea3aa94 3f5d89db bf346fb3 3f39b9b3 bcdb60dd 3f4ea3cb bea10ea6 beec2ac4 bf25a39d bde248ea bde6188a 3f29afa8 bf7231fe 3f7ed217 bf4529c2 bd397098 3f455dc7 beac3aa0 3de5285a 3f411dbf bcfd6131 3d52b012 3e5fd505 3efc9f15 3d435063 3e5bacb7 3c13c113 3e36e4c4 bf48cbc5 bd9ae88f 3e9d2e9d bf68c5f0 3ed41ab2 bdd808e0 3ef94ef3 be8b368e bd74717c 3ea78ebe bed852dd 3f54c1ce bec4f6a6 3ecde6b3 bf7495f7 3f48c5d4 bf3d67bb beb956cf 3e072c6f bf16218b 3f775603 bf5137db 3ba67e03 bf15db87 3f0f1b8f be17bc85 bf24098c 3f79da0a bd8bb85c 3e52d49b 3d930881 bf5be3cc 3f792a06 bf2a6195 3f7cb214 bf79c801 3f25ed9d bf088b83 3ee2fef3 bed4ced7 bf7f1028 3f6c53e9 bf237fa0 3de578b3 bf028974 3f1b859b bc12c5f9 be417484 3f317fa8 be9d0aab 3f2459b1 bd89087d bebc82af 3eb072ad bf725df5 bf212f8b 3d3050ce 3e3f4cb4 bf2ac59d 3f28dd8f 3e5994c1 becc7abe be51bca4 be875a6d bee086e2 3f28a1a5 bf6c67eb 3f5353e6 bf4861bf 3f153197 be344cd2 bd86c8d8 bd3050d4 bf6a87e7 3effe6f1 3e9b7e95 beab16b8 bd2e101e bee79ed6 3f23a996 be81866b bd0270b7 be267cb4 3f7efc17 bf5d85e8 3e18a48d 3f50bdd7 bf6d97f9 3f765c0b bf2f9bad be8a9a7f 3e868295 3eda4ab9 bef23af9 3f48b7c1 beb7eaab bead4ea0 be332484 3f7f0e1c bf029585 be346ca0 bf2e67a2 3f7611f7 bde28939 
3bda826a beb54eb9 3ecf3ac6 bf50b5c0 bdf8f928 bd501137 bd9ec86f 3f2bbd99 3e80be6d 3edce6c5 bb8b860c 3f5037d4 bf257794 be6f6cc0 3e9b3694 3ebe12c1 3e80ca72 3e945e91 3e40a483 3f3647a3 3e90e69d 3e016474 be9a8ea9 3e1654a6 3e26dc95 be569ca7 3f3ea5bb bf0c819b 3f5edbe0 3ec99ea5 3f5cd7dd be883285 3e0f6497 bb76fdce 3e0c0496 bf58c3ce be678cc2 3f13e788 3f0d478d be9f4ea1 3f751206 bf10eb88 bf5d59d7 3e17b470 bf025d8e 3eb52aad bf635fe5 3f04a185 3f48bbce be72dd13 3f73bdf7 bf1ac595 3f6c97f3 bf168593 3e129454 bf73bffe 3e3f2499 3e44d4ac 3f1c0ba5 3f71b7f1 bf192597 3f3a9bbe bf738e01 3f7ae006 bf172785 3f3b4dbb bf36ddb1 3f55f1cc bea652a8 3e54f4f1 3f051f87 bd6b90f5 3e7764b8 3d395005 beae1aab 3f30dda6 bf7a3604 3e89da63 3ed7facc bf2429a6 3ec74693 bea88ec1 be806673 bf78e5ff 3f3bb9bf bf69eff0 3f5047cd becd52b1 beb76ec6 3f5705cb be6a9d0c 3e51b4b4 3ce9622f 3dd6e8f3 3ea3b2a2 be929e6d 3ea39aaf 3e86ce79 bf1c9791 bf1f7794 bdbd68ed 3ef21af0 3f7289f3 bd954882 bf0a4b83 3f2e11ab bea7eeab 3f6963e9 bf6315dd 3f6b0de7 bf413fb6 bda8e81f 3f38b3c4 bf440bb9 3edf0add bf77ee03 3eda16db beaa66bc 3eede2f2 bd0ab02a 3c4741b3 bee8cec4 3f662fe8 bf4b8bc0 3f64bdea bf6389ef 3f100f8e be94ba9e bf432dbd 3ce361a6 bed5d6fb 3f7f1226 3c8de018 3edc1edf bf215d98 3e162459 3ef7d2ff bf3c97bd 3e7224bb 3ead9eab bf52a9cc 3d6311b1 3dea9915 bf1c9f9a be7ca4e4 3f1d3f8b bf460dbf be821e64 beee66e4 3ec18ecc bf68bfef 3f5d3bdb be3d34df 3f047190 bec6b6a7 3f32c59d 3eadbaa3 bf6d53e7 3bc57e27 3e9a5eb7 bf5ebfd9 3f73f5fa bf3677b4 3e153c84 bf20a990 3f15f588 3f06717f bf589dc9 3ef55aef 3eeaaad8 3f107b80 bf66bbf2 3f6c0fe5 bf3895b6 3f4db1c8 3e9bf28b bf3c4bb0 3e9f66ad 3eb866ad bf438db5 be521490 bdc808ca bf003b7b 3f6d6ff2 bf5e39d8 3ef69f07 bf6ed3f9 3f2cc1a3 bdf28943 3ec5caaf bf2db5a5 3f51bbcf 3f565bcb bf4747b1 3d17d1eb 3f387bb4 3e44ccca bf7ba609 3f6d3a04 bf2eb39e 3bb5819f beaeb6a8 be616d03 bee622dc 3f7aa015 bf0e6782 3f71e5fe 3f5f7fec be6d3ce2 3ebb9ec2 bb9977cb bd2ad00c bf5e65d2 3f6e13f1 beb05ea8 3f775a04 be06d45b 3d4d5214 3e624cf4 beb2daa3 3cf563a0 be7a9505 3f33d1ad bf017b88 3e3e6cbf 3f766400 bf754fff 3ec9aacc bef232f7 3f689df4 bf3953c2 3f138584 bf6d87ed 3f47b1c5 bf11db8d bf06c97c 3f0ae37a 3d74f07a bf56d5ca 3ed752cc be5174c4 3ec286ad 3f46f1c0 bf6df3e7 3f054b7f bf2d21b3 3f34fda9 bf230ba0 3f334bb8 bd65108b bf733bf5 3f4c31c1 be057c5d 3eb4aab3 bf2a7ba6 be3d3c89 
3f5f0dda bf6b4de9 3f6039ed be7b5cee 3f5547d3 be8f8a70 3f4695b9 bf7c5228 bf24f19f bd26f083 bf5f7fe5 3ed3aec0 bec64ab5 3f6cd3fa bf28ebaa bc063dd3 bf1deb8e be262475 be692cd1 bf56dfdf 3e6e6d07 bf2ec5b3 3f748407 bf73f5fa 3f55c9cd bf380db7 3eccc2c2 bec8fac2 be8ffe80 bf4f37de bf40efb9 3e00ac9b be49ccce bf093b87 3f10c984 3e1b24a0 3f346baa bf7b4a0a 3d85e89b bef69efe bf45b3bc 3f5d4de3 bd2d6fc4 3f75e604 bf41dfbb 3ef812f7 3f00b779 bf0aff8d bedf72ca becd7ac4 3dc978c9 bed22ace 3e97c697 bcc1a141 bc82a1b2 3ebf9aa7 3eb3de9e bf127791 befd52db bf74eff5 3de50904 3e2ae4af 3dae988c bf1b7989 3f2de7a7 bf4c0bca 3f011388 bdc8b8e8 bf0a5777 3f0f5f7d bf771a04 be320475 bdc2a8ba bdfcb90b 3eb2e29b bf2e37ba 3f6225ea 3d986877 bf7041ed 3f7bda18 bf42bdc3 3f19598d 3ea1be8a 3ec87eb2 3f4c81be bf79740d 3f3823b1 bf0b2781 3f68c9e7 bf7fce2f 3e990673 bedd9ed5 bea5a6ba bd063027 3e3a8ca5 bea01aa8 bef7cefb 3e37149d 3f0c2793 3ebe72b9 3ee952ca bf5ea3dc bf52ffc8 3eae668e 3ed192b0 bf7ce810 3ef082e2 bf5cc7d9 3f626de9 bf118390 3ea3dea4 bd2b90d6 3eba36b5 bef432d1 3f1abd94 3cfea027 3f794204 bf7e461d 3f10ed84 bf73c5f7 3f611bd9 beeb6ad0 3e98e6a0 bf4713c7 3f6b3bf2 bef2d6dc be29ac96 3f3965a3 bdd3c8fc 3f38e7bf 3d45705e bf778608 3ef59ee6 bf07c385 3f4463b9 bf0b5393 3e30fcb2 be3a6cd0 3f5b7fd5 bf3b21af 3f28799d 3e853687 bd61f17e 3d24cf96 3edefed7 bf37abb5 3f188f9b 3f42d9b6 be8f4699 3f24fbab be462490 3decd95d bf31e9a4 3f5107cd bf6d01ef 3dc2e833 bf27799c 3f7a8608 3e89b687 becef6ae 3f67fbf2 bf151187 bd60d019 3ed1dab5 3ec562ae bf225599 beb9e2a4 3f7123f9 be8daa8e bf6511eb 3defe8ae 3e294c7c bf08b98a 3f297dab bf4c8dcb bdc3b8ed 3f6349f0 bf646fdd 3f227b94 bbd284eb 3f3ae1b5 be3b54ca 3f7315fb bf7e2021 3f2627a4 3c124471 3eb0ea9d 3e1cd4aa bf263fa0 bd83f94e 3f156b9d bf2bdd9e bf6cb5f3 3f3b31be 3dc7889a bf6b4ff4 bdbcf913 3f4fcdc2 bf57ffcc 3ec396b3 3f01ed83 be37347d 3f36fba9 3da008c3 beed1acd be78e4d4 bec2c697 bf79da05 bbed85a7 beddbed8 3e007c5f 3e313cb7 3e9b86a3 bd24f0a8 bee1ced0 bf022d76 bde798c9 be5b84df 3ea1daa1 be9dfead 3f7c8a17 bf01698b be64a528 bdfff929 3ebadac8 bf66fbe2 3f54b1c1 bedf32df 3f264fa9 bf68cdeb 3f7121f1 bf5467cb 3f7b4008 bead4ab0 3e50c4d8 3f5a81d7 bf6707ef 3ebd02ab 3e89727a 3ed9aad1 bf3051a6 3a7bfe57 bf5f45df 3f4085b0 beb766c6 3edcfedd bf2c4fa9 3e0fecb8 be702518 3eae3ab1 3e36d4cd be3c04a6 beada29c 3f17e58a bdf0890f 3e4c4ce5 
bec106ad 3ef22af6 bf063581 bd0b30d5 be601ccc bf4687bb be4884e5 3f1acb97 3f756005 3c2e40e5 3f779808 bf2975a7 3ef63ae2 bf16378d 3e05144d 3dd028c9 3f70ddff bec482b9 3f746208 be07c48b 3ea46688 3edfe6be bf7edc1e 3f719bf0 bf2e4dac 3e9dbe7f be6fcd20 3e65f4af 3ef9cedd 3f181187 3f7587fd beb09aaf 3f0fc78e 3f4b0dcf bf626be3 3ea18aaa bf4e87c7 3f3ac1bc 3c98619a 3f6fbdeb 3cdde11d 3bdc7e5b beb2aab0 bf370fad 3f3ef1c0 be5f84d3 bf2c2da8 3f188b95 3ebf7ac7 3f155b90 bf4181b0 3f72f3f1 bf7cbe22 3d3a309c 3f0c078b bebf72a5 bec722d1 3f433dae 3eb4c2af 3f466db8 3ef73af7 bf6835e7 3f5269d3 be98c67d be0e4492 3f3e51bd bf3b37b1 3f3385a7 bf1fc59e 3ee592f2 3f25a5a8 3e005c74 3f01f774 be3d5496 be512cb9 3f19ed97 bf5619cc bcdd21a4 3f5601df bf4523c0 3f2f57b5 bf2849a2 3cc42180 bf1e7393 bf5485c5 3f7a880f bef57ad6 3e85067f bf4441b3 3f7dc215 bee5c6e4 3f64dde6 3e4ef4ab 3e31cc8f bf21e998 3f544fc1 3f23df98 bf41cfb8 becf9ada 3db78875 bf428dc6 3f5fb9df 3f70aff2 bf6603ec 3ec27aad 3e9d1288 3f0c5b88 bf336fb9 3f2a3bb0 bf4921cd 3f33c1ac bed912d8 bed02ed3 3e969aab bd9fd8b7 bf01e189 bf4f3bc6 3f4a39bd 3d361121 bd498fcc 3ec22eb5 bf3fadb2 3f21fda3 3cfca1b5 beb0be96 bca22093 3eff0f01 bf750a02 3eb1da95 bf30c3a1 be4a4cb5 3f727ff1 bed242d4 bf00d97e 3f66bdf4 bf6f77ed 3f5e69e7 bf11f59d be667ce6 beb59299 3f079d85 bf737a00 be2014a1 3f725402 bf526dcb 3f6cd9f5 bf51d5bf beca76c7 3dbb48e8 bf0faf7d 3dae4875 3eba32d5 be28bc87 beae32a0 3efabada 3f3969b3 bf087f89 bd9eb87f bf23e9a8 3ddb990d bed636c8 bdde588d 3f5ee9ec bf5831d6 3c86a09c 3ed342c6 bc084094 bf5041ca 3ef232e2 3efe92d4 be909ab3 3f28e7a1 bebd06b7 bd193177 3eafdeba 3ba3847f bf41b3c0 3f64dbde bf50afc9 be5f94b0 bd1cb0dd bf4e61c6 bc32bdff bcb620b2 3e670517 bf4801b2 3e836e82 bf223398 3f3eb1bb 3e9cce8d bf5ca3d3 3f4041b9 3f38b5ba bf3b39ac 3f0ba989 3dbfe8c8 3eba8eb5 3cd51fc5 bebea2a8 3f3061ab bf74b3f6 bdb918f7 bd39f0ae bf350da2 3f12ab88 3f02df68 3e62f4bd 3f48f1ad 3de2d8cf 3f6cc9f3 bf645feb 3f0aa983 bf094384 be096c78 3f5bd3e7 bdd7d89b 3f6059dd bf2fa1bf 3ef7e6ee bec382bb bf03f186 bce46103 3eafaaa3 3ed946be bea546a1 be4bf4c7 3f272b8d bf759a07 3f2a23ac bf629bdd 3f6363dd bf5603d0 3f129989 bf7c3c12 3e2db4b2 bea312ba bce961c8 3f096181 bf783410 3e6844f8 3db3b84c 3f1ee985 3c0ebf54 3eef8ed3 bf63ebee 3f6e3df5 beb2deaa 3f7b560f bf00eb6d bd25cfca bef0aefc 3f5233cf bef2b6e3 bed0a2bb 3f1edf9b bf3d17b0 
be12cc7c 3e5cb4c7 3d54303f 3bca8502 3eb86aa8 3f450bbe 3ed5eeca bf4875bf bf3e27bb be53b496 bf10718e 3e080c71 3d81787d be3b7c84 3f43bbb2 bf4e2fcb be88164f be491c86 becb36a4 bd22b062 bd7bd097 bee18ec0 3f4ce5c2 be7eccfd bec25eab 3f650be4 bf087b86 3ea24e83 bf5629dc be87d683 bf7b020d 3e7c84f7 bf0dcb94 bf7503ee 3f0cc98b bdf1f87a 3eb9a2cb 3e4da49f bf77ca0b bee68afa 3e0344b5 bf00917e 3f028375 3ef46afa bf4193b3 3e8b467e 3d1e4f95 3e7cb4b3 bf76fdf9 be028c6f 3f2801b0 bf1d659b 3f6fb3e8 3e42dcdd bf65a1e0 3e5294e9 3e691d19 bf0d9597 bf121381 be68fcac bf6077d0 3f3e9dc9 bf507bc7 3f731e0d bf6eb3e9 3ef902e5 bf6155ed 3f0f9785 3e941e97 beed62e1 bf317fa4 be2a3cb3 be64f4f0 bf0c3d77 3f64c3e7 bf391bb7 3ee5b6c1 3e8a0a78 bf4115b5 3ee63ad4 be3ae4d3 bc822071 3d643085 3f6e5ffe be09e47d 3ece9ab2 bf667fd9 3f290fa7 3dcc791d bee74ae4 be66bcd9 be9a6e78 bf6275e0 3f2747af be4664b2 bed9b2df bf2b5b99 3f3f5db4 3f34c5a6 bf5a2bdd 3f7c1e12 bf1f739d bf64e9e6 3f7e2017 bf3d59bd be072c87 bf08057d 3f48b5bc bef62f00 3e181c8c 3de298cb bea4fa95 3f5b47c9 be823e76 bdfd18f3 3f03d77a 3f4f3dc0 bf7cd61f 3ead42c4 be966678 be2f8cb9 3f0cdb8a bef6ab0b 3dad9914 3e429cf1 bebd32ce 3f5085de bf3499b7 3f6e0de8 be424c85 3ef2baed bf6301da 3f5281c8 bcebe2d8 bed802be 3da20845 3e0f9485 be3d44a3 3f4e5bc0 bc942088 bea76ea5 3f7049ee bc4540cf bf3113ab bed99ef9 3f00db6a bea0b29f 3f6e33f5 bf10637b 3f30cfb1 bdd408ec bf107592 3f172b99 3ea3ceb1 bf353fa0 bedc22d5 3ef50ae8 3eac06ba 3db4c8ae 3efb22ee 3e5a74eb 3df2f8b4 bf7bc40f 3f6759ee bf12d187 3e0a5457 3f10517b 3af601dd bd8358b3 be1d54df be4d64f0 be2f9cc5 be87ae9d 3f3227a7 bf2175a4 3eb4ea9e 3ec89abc bf13cf95 3f6e01ed be9d7689 3f5d69dd be52e4b4 3f7a7c0a bf67afe7 3f6c6df8 beed3ed4 3f61d5e6 be4b7cad be30bc9d bef286e1 3f7343fb bf7fda32 3ce8e103 3e3294f6 bf5e8de0 3f3351b3 bf4eb7d5 bee85efe 3f6d6dea bf7cfa1a 3f3bc1ae 3f2e5596 bef876fa 3f5adfe7 be9f36ab bf372faf be80426e bec40ecb bec9a6a8 bf536bd3 3f3797b9 bea5829d 3e0d6c5b 3eac9aa1 bf71b1f1 3e2beca4 bf3ab3a9 3f465fc3 bf2bffab 3f340f9f be090c9b 3f6be5ee bf276fa3 bf3157b0 3f52c7c5 be20ecae bb26f602 bd0a114a 3eacd297 3f20d58d bf7f1626 3f5437c4 bf10cf97 3f5dd3cc 3ee2c2dd bf290f9f 3f5c4fe2 bf5bdfea 3f4229b4 bd929875 be91369f 3cd020a2 bf0ff37d be4f6cce 3f2431aa bf6a5be7 3e6fdd0c bf7d501a 3e69f49e 3e350cab 3f138f90 bf6e5bf9 3f24dfa5 3e929286 bf5939d6 3f678de9 
bf4e21cf 3ed1cab4 bef54efa 3ef25efb bf45e7c3 bea29a7f bf53a5d1 3f6a41e3 3f1d9ba2 bdd2f8fd 3f3fc3b9 beaef2c7 3f2617a5 bf61b9e1 3ec73eaf be726cd9 3f6c2bfa beeddae8 3f6eb5f8 bf44ffcb 3f5397cd bf300fa8 3dc498a7 be84a677 3e922e90 be91069b bef8b2f6 3f1ec58a 3d72d152 3f084184 3f2fc5b5 bd97c854 3f050377 3f6469e7 bcbae136 3e5c94b2 bf68bbec 3e817e6b 3f003979 3f54ffc8 beeddf02 3f04c17f bdc7b8f2 bef3eada 3f48d5c4 bee1c2cb 3f4d69c1 bf7f4a2c 3f7cf61d 3e79c51b bf5867ea 3ebacac6 bf69ffe1 bcd0a087 3eed42eb 3f25679d bed672e5 3ebc3a91 3f51e3db be8cda8f 3f3e81b5 3ee59ad7 bf16c591 3df7c8d9 3d0ab02d 3e8db269 3f636fd9 bf48f3b9 be9c1e8d 3f3523a0 3c8f5f88 3f6019d9 be9d2291 3f793808 bf6909e1 3e41ccee 3e690cea be069c87 be00fc79 3ee52aeb bf17bf89 3f5501da be3af4ef bf791803 3f35b7b2 bf6fc9fa 3f539dcb 3e26ac9a bf3a9dae 3f380fb1 3f0f677a be4b34d6 3f741800 bf254b9f 3ee9fec7 3ebe629b 3e09a499 befd4b0d beea96ce 3f3b6bc0 bec852c4 be008445 3f5517d2 bf39e9af 3f28198d 3ef2b6dd bed7b2b7 3eb6eaa8 bf249ba7 3f6aa5f3 bf5635d5 3f33a3a2 bf772213 3ebbcec5 bea362a3 bc2240e1 bf08798c 3f28479c bf0afb8a 3f4139c1 be98de8d 3c85a299 3b8480a6 bd319014 3e736d02 3c6ac116 bf5a63d7 3f2df39f bf076d7f be9ec66e 3ebfb6a7 3cf3e308 bf4c39c5 3f431baa be8f0e7d 3f08057c bea5b2b3 be3df48d bef83ef6 3ebdb6aa bef4370a bea04a89 bde458e8 3f3c21a7 3f3f15bd bf2021a3 3e8dd27e bf2c69a5 3f5001ca bf5b95d9 3f0d3d87 3c3f3e73 becc02b9 bde91905 3e5304bb 3f1e73a3 bf2a0da1 beb09e8e 3e272c9d bf3cb1b5 be2cc48b bc9e6018 3f61e3e4 bf334bac 3f5ff7e2 bf3299a6 bf42efc0 3f16d190 bf1a119e 3ef11eec bc54c08d 3e44ec9c 3ea0aa9b bee1eeac be64cccc 3f03e378 bf5ad3d3 3ed11ec9 bf0c3993 3e27147c bf65bfe7 3e62ed18 bed0e6c4 bdb9d88f 3dc098f1 bef5feeb bc861edd bf0c0389 3f5e85d9 bf0cf18b be15ac8a 3f34b9b5 bed10ac5 3ecc76c0 3ecf82ab bebf129f 3f151b95 3f045386 bf04e972 3f39cfb1 bf71c3f8 bc0fc1a2 bf003381 3ddd0927 be335cac 3eedb2e4 3f37adb1 be8bfa9b 3f6b9def 3cb79f5b 3edb0ee7 bf5507cd 3f5eabd9 bf08f77c 3f2d3dab 3ea97a9c becb72ba 3e9666aa bedf3eda 3ec2f6bd beef66df bf3089aa 3f036b6e 3eabbea4 be8f2e9c be88ca76 bd43cfab 3ee3aee6 bf6bbdf9 be554cdf 3ec242a8 3ed4d2ad bf40e5be 3e55e48d bf73dbf5 3ee10ec4 3dcf68cd bf22599b 3f79280c bf788802 3f2f7da2 bf034d7a 3f253d9c 3ec512a0 bf1d4b9b 3f62f9df bdcf6892 3f4e15c5 3ecf72b7 bf459bbf 3e700cea bf095973 3f6521d9 bf71dffc 3f31a1b0 3e5984d3 
3f292b9a 3ec70ad1 bf3f01bf 3f60ddde bf04a18b 3f6eadef 3f0d5d84 bf523dd6 be3b3c59 3d589181 bf00ef81 bc9ca020 bf06f789 3f657be1 beb21aa3 3b070846 be9dfaa7 bcf5dfe6 bea2a692 3e984e8c bea3ea96 3f3dc1b6 bd9ad8d5 3d16311a 3d92e853 3e108455 3e07ec3a 3dba9870 bf004175 bdca687e bf3625ac 3e503503 bf3d33c3 bef706d1 bf41ddb6 3e01fc87 3f63c5ee be2d3c79 beb24699 bf5181df 3eb53aad beaada99 3e4674bc bf29d7a9 3f1a5596 bf32d1a9 bed4dadb 3f36a1a1 bea9ba9a beecbad1 3f39d1b0 3e8f9e8c 3e80b277 3f1da98e bf5ed9e1 bf13d983 3da3b8b4 bcc2221d bf71be01 3f1c7999 bf4d41c7 bf26599f 3f0b258a 3d90e857 3c80de0e bf2f2bac bf3e25b6 3f754602 beec4ae1 3e4e44d8 bd7d70d0 bf7a4215 3e4e047e bf657be8 3f6663e4 be8c7a94 bd9f98f4 bee2a2e5 3f3aadb0 be9c5a96 bd4c7071 beb36ac2 becda6d9 3f61c7d6 bf486fb9 3f797c14 bf02b180 bf6c85f6 3f783006 bf4871bc bf2ad9a1 3e9ffa91 be8d0a81 be60b4ba bdfa28f1 becbcec5 3e9c16a5 3eb24299 3e0d24b0 bf7eb427 3f65d9d9 bf3311a2 3f4979c4 bf5801c6 3e9d5a81 bf7d7619 3f756803 bf3da1c1 3f200da4 bf1fed9a 3eb1caaa be9e329b 3f40b1c1 befbfee9 3f5fc5e5 bea392ae bf092981 3f6a5df1 bf32b5ab 3ee652e5 bf7f621d 3f74b1fa bf2009a1 3ef2f2d9 bf680bf6 3f557bcc bd07d160 3e08547b 3e595ce4 be47b4b1 3d6cb066 3cdc606e 3f0a5180 bf3c0bb1 3d5b1121 be9ce696 3d477108 3f1e218d 3d157037 bebd5eb3 3f22bd87 3ef54edd bf087374 be9ac2a0 bf3605b8 bd1390f3 3f267393 bf2929ab 3e4464d3 bed97ee0 3e9b6e94 be99eea3 3f139382 bf04d77e 3f348fad bf56f5ca 3f2f5bb3 3ea0ee7f be5c0cce 3f6369dd be23e493 3e335cbc bf2165a5 bc915eac be399cd4 3ec8a6c1 3f68d9e4 bf1e3ba2 3f49f5cc bf198b9d 3df8e92f 3d4410d9 bf575dd0 3f7ba60f be7b3d22 3d8dc854 3e12fc5d 3ee13ee2 be943a93 3e82a293 3f46ddbd beceb2b4 3eb742cc 3e86fa7a bebcb2b5 3f719e02 bef38702 3f10e37f beda36d2 3ed156c1 3e15ec67 bf08ad7c 3e283cb8 beabae9e 3e764d37 bf24238f 3e2a3caa be989a9a bf4923c5 3ee28ee2 3f10ab8f be3424ab 3f636bec bea1ae94 be10dca4 3e41a49d bf5da3e0 3db60876 bec81ab2 beb27ea4 bd966850 3ed006d4 bf2afdb6 3e0b8cad bf3813b9 3ed366ed be98da88 3f38c5a2 bedcf2b4 3d0d900e 3ea8d295 3e7bf54d 39f7cc36 3c9fe19d bea636c0 3f1d8388 bd052fc8 beb49ac0 3f4381b6 3ec38ed2 bf062d80 bedeb2dc 3ed746c9 3ebf1ea6 bd3f7122 3f363faf bf74cbfd 3f5fade6 bf5e59d1 3ead4e89 3cf6df7a 3f11f398 bf76200d 3e936e91 bf17258a 3eb5c6a4 bf4f6dcb bed8b6e5 beda26c0 3db26907 3f2fb59e bd0e10ca bf121f8f 3e90ee92 bd16d042 bf7273f9 
3de368bb bf5d87d7 3f738e00 bf6ed1f0 3f1af9a0 bf0ccf93 bf4327bb 3f7e1c26 bf2c1f9d 3f0ab37b be84fa92 3f5e91e5 bedd92dd 3e59ccc1 bf421bc1 3f702ff8 bf42dbc9 3f7fac34 bf4699b9 3f3323ae bf4cddc0 3d8e3897 bf61f3e5 3f75ddfd bf5379d9 3deb3914 3ea662ac bf2ff9ba 3ebffac7 3f02a584 bd7e10eb 3e1e6c9d 3f0cd184 3f00a584 3f5ee7e1 be47d4cc bf4a3dc4 bd5b51c4 3e7d4cd8 3ef97ae1 3ec44ac1 bf27c39e 3f533fcd bc8ce013 3e344491 bd165108 3f6317e1 bf30f7b1 bd9768d3 3eb1d6b1 bf16978a be978285 bed56ed9 bed9e2d7 3f507dd6 3f24e3a0 be7054c2 3ee0bae9 3e83ee76 be1e6478 3ef86707 3ef15ee4 3e1dc4ac bf5e09dd 3f43a9b6 3e496485 3f3d55bf bf2b03ab 3f513bc9 bf5f3fdf bcf3e186 3f628bdd 3e7de4bb 3f06bf83 bf4383c1 3ee1cae2 3cf46206 3e9bbe9b bebd1eb1 beb562a1 3f09b17e 3ee62eec 3c4c4009 3ed6b2ab bdc68927 bf47c3c1 3f5ed3da 3ed282c6 3e26f487 bd8cf86d 3f7c2a0f bf0a8382 bd876858 3f073581 3e926284 be1b748b be40f4ba bed8d2e7 3e921e83 3f5c85ce bf15b193 3dff699a be908294 3dcfd8fd 3f2a599f be2b24db 3d1b7195 bca46123 3df3f906 bde138bd 3ee0a2cb bedc9ed2 3cf8205a be3954c6 bf427fb9 3f38afa9 3ec922cb bee13ee6 beef0eef 3f41f7c8 3cf9dfbb 3dc1189a befaf6df 3f6e11f4 be9de28c be257498 3caee086 bed03ec5 be5b4d06 3f3327a0 be25e487 bf3c1db1 3f5309d3 beb10aae 3f36c3a9 3d439130 be9bda92 3c9be0ea bf0e758a 3f5793ce bf7d1c19 be201cc8 3e8c6aa1 3f480fcf be1044c6 3f452db3 bf5f8fee 3f6b33df bd4cf106 3f1da192 be5e54c5 bed4b6ca 3f430bbd bf4bc5cb 3f0c8d88 bf5821d5 3f000f7e beee2eec bec996b2 3d01d066 bf02b980 3f08f381 be1e8ca2 3f209993 bed30ec3 bd3df09b bf3ee9c2 3e80a28b bf2e85a4 3f2f61a2 bf0ebd8c 3f05d984 3e09e463 bd529089 bf2093a3 3f2bbfb3 bf794601 3f0b9787 bed832c8 3e7ca4ea bf6aebe9 3f3113c0 bf5ee5d9 3f4715d3 bf50a1da be1e8466 3e32a4b5 bdea0910 beb83697 3c0a43c0 be6f04f5 3e1f24a3 3f3b43b6 bf4179b7 3e88067a 3efebada bed88aca 3f0f2784 3f5219c7 be91868b bf6c3df1 3e4c9cb2 befb7afe bea3b696 3f794c09 bf6661e2 3f774208 be287c8a 3f1a058f be39fcd1 3dd7d8bc be0ba462 3f3671b5 bc5ec376 3f35219f bf1d0795 3e3e5cdb bf6da9f6 3f75d011 bf5dcddc 3f41ffbe bf5033d4 3ef586eb bf6d81f7 3f4737b5 bed33aba bea05e94 3ef21edb bf3c81b3 bdf838d8 3e825278 3ee9f6eb 3de0d85f bf544bd0 3ee79ed5 bf40abbf 3ebca2b2 3ee056fb befc36f7 3f5c9ddd bf68b9eb be719ce8 3f023b81 3e56b4c2 3e386cb5 3d8a4837 3edb16d0 3f1d0789 3efe36ff be75e508 bed3aecf be104c7a 3f31bdab beb476b3 3efa9afb 3ef112f1 
bd8e4891 3e7f3520 be59ccd2 3e9baaaa becb96c0 3edcc2c6 3cace0a8 3e03d43c 3e92c688 be6fd4f2 bb937ec9 bdc7a8b5 bf18a18e 3f77b802 bf355bac 3f6d43f3 bf5a29d4 3e618519 bde728c4 3e9da27b bd8c48b4 3f1d259c 3f1fa19d bf5d7bd2 3f2f27aa bdbe787f beee8af2 3f3405ae 3d82e871 bf58d9d5 3f142196 becf7eb5 bd8b77f2 bf77a7fb befbb2fb 3ebc96ae 3e44dd02 3f535fd5 bf1b838e 3d0af0c2 bf0b7991 3d1df05e 3e1bcca3 bf5437cd 3eb0eec5 bf204196 3eef72e6 bf403db6 3f6e07ed bc3dbef7 3d9748a7 3ee8c2d1 3f15bf90 bd6130c1 beba06b2 bf65f1ef 3f2bfda8 bf7aee0f 3e902e79 be5e7cd4 be168494 bf0b677e 3d7eb171 3ec09eb5 bf48ebca 3eafee9d bf46b9c9 3dc6b896 bef3baf7 3f33cba6 3f0bf182 bf5963d0 bf01fd7b beebdf10 3f3cd3ba bef6cee4 be9c4689 3ef3baee bf0a9d8d 3f7b1a0f bf46c7b2 bea2d28e be7ab4fa bf7ac60f 3f149f87 3eff26f6 bf65dfe7 be8e5a7d bf60c1dc 3f268f9f bf7bac15 3f16858d 3e4bf4c2 bec1a6c0 bf20b19e 3f3d03a8 bdd828fa 3f03d988 bf2c23a5 bed282a9 be3974bd 3f4851bd bf04737b 3f18c597 bf7a0614 3eaa2a84 bdab3873 be94f687 3ef2aaf7 bf1de39d 3e1b444c 3e097cc5 be4cbcd1 3f50b5c6 3c694192 be54dcd9 bf6a27da 3f3373b2 3f17c58e bf6b19e5 3dbf2904 be5b7ce1 3e581cdb bf56d7d9 3ea842a5 3eab4ea3 bf045d90 3f6a8fed be811291 bebd16da be7364d8 3f77a408 bf63a7d1 be83725b 3e227cd5 bf2de7a2 3f21499a bf02fb6b 3f6b25f7 bf7df625 3f6e31f5 3dad68dd be274cd8 bf5bf3d9 3efdc2f1 bf3291b0 3e43f4b8 beaa96b7 bf3359a6 bf03d57c 3f53f1d1 bf6279de 3f4871c7 bf7331e7 3f67abef 3e35acbe bdf91887 3dac692d 3f06d37f 3e287495 be4394a3 3df398d5 bf100188 3f3661b3 bf3e2db6 3f68b7e2 bed1aeef 3f7167ec beefbaf1 3f155d90 bf0e4d8b 3eebc6e3 bf7f5e25 3f19a993 3d3690d0 3d9c48d0 3e85467d be089449 be19ec77 3ed29ab1 bdc9b869 3e94768d 3deff8e4 bf1b4d8e 3f5c09d9 3eafdaa1 bf5c8bd5 3f6555ea be6dbd0c 3f1a4390 3d2f10eb bf0a2980 bde3b92c 3f083583 bf094187 3f232faa befc8ad9 be9bb290 bf3c5fb3 3e4d5cf3 3f330faa 3f0e298d bec59abe 3f3c2dae bf5bd1e3 3e5a3caa 3e913e72 bf75b202 3e1ebc73 be31bc99 3f482dc7 bf4547c5 bf15ff8e 3e2e7ccb bf5ab3d3 3f0b2993 3ebc12ae 3ec04aa0 bf09c38b 3f34c1bb bf4671b9 3eb27e98 bd8548fc 3f4df7d5 befd5f00 3ebc22c3 bed126d3 3f5875cf bf29e7a2 3f1d0f9b bdc78900 bf3a61b3 bc2c436a 3ece5adf bdfc2978 3f208391 bf2eb5a5 3e8ca671 bf6097d9 3f601fdd bf07fd7e 3f6d2fe7 be60d4df bf73b5f5 3f415baa bf7c7611 3e00647b bf1f8b91 bf36bbb5 3f440db9 bea4329a 3e84b681 be907a8e bd9848c2 bf04617a bece76b1 
3f35dda7 bf35fdaf 3f751608 bf7a0811 3f549bcb be8fe684 3e00b465 bec026ad bf31339a 3f7389ff bf40e3b6 3e050446 3f3207b3 bf6e23e8 3f0e2195 bf6b23e4 3f12b383 3ee532c9 bf3241a7 3d8b4916 3d14d12d bf111b81 bf0c497e 3edffaea bcec5e46 bbaf7cee 3e1364a1 be6934da be8f7e8a 3e649ce7 3e7eb50a bf0fad97 3ee32aef 3f5007cd 3e6924e7 be59c4c3 bf0a9389 beb5f2af 3d8c787d bd1d509d 3ebcc2bd 3f55a1e9 bf60c9d8 3f21b589 3edca2bb be6484dc beac02b3 3f0f0186 beb7aebf bf6971f1 3ec67ea7 bed446cd bf48b3c2 3f25c597 be822688 3f731a07 bf211d98 3f4261b9 3dafb909 be42a4a0 3f17a791 bd79517b bdb108a2 3edb76c9 3e5bfcd4 beca22bb 3f0b337d 3ea9ca85 3e10cc81 bef422db bf0de18f 3e60dce7 3f5307c8 3f33b3ae bf6d3fea 3f10697c 3eb8f6b9 bf5809d9 3f4dd9c7 bf2921a3 3e67751d 3ec80ac0 3f2cdd9e 3f6de7ec bf154395 be5e5caa 3f117591 3f21579a 3f669ff2 bf595fd4 3f3eddb9 be62fcba bf607de8 3f6a95e5 be1dd464 3af9f202 bf12458b 3e127487 3ef492d9 3e6f4508 3f1aa98c bf7cb21a 3eeed2f2 beef56f3 3f28e19f beb672b5 3f5f2dde bf734e07 3f6857d8 bf2e57a7 3f65c5e9 bf5195c6 3ec246db bf2495a7 be2234b5 3eb0fa9b 3f4bb7ce bf425fbc be857e7b 3ed8d6da 3e90429b be45acb4 3f7c260f bed52ee0 3f1e7192 bf7ef01a 3f42f3b6 bf0f4d8a bb0701fe 3e6aacee 3f1bdda3 bf7f0a1a 3f3cc5bb 3f233da2 becf92af 3de6594f 3f3a5dac bf21a796 bc6ebe7d 3dd40876 3c8ee180 bf4bb9c3 3f6099dd bd850827 bdc618ee 3e930679 3e5054c2 3e9ba686 3f78f803 3d8d58a2 bebac6d0 3f3af1af bf45c7c5 3f7da21a bf12957c bf4f6fc6 3f4e81d4 bf321da8 3e1d849d bf1b118e 3e71c4d2 3f3e7daf bf6233e1 3ec166ba bf3789b1 3f621dde bf757e04 3eca46ae bf40f9ca 3ebe42a6 be8ffa82 3e18dc96 3f4f7bc7 bee06ae5 be1904ae bdb4f882 be4954c0 3ee486e7 bea8b2a4 3eefeef7 bf2cdb9d 3dea4889 3d83c846 3da598ba be314c9b bf3fa7c3 3f7c8412 bf5ab5cf 3e81ae77 bf76e409 3e5834df 3f679bea bf746c02 3f053384 be221492 bf5f5bd8 3f1d6397 3f3d05b2 3d0db09b 3e6874c1 bf71a5fa be607cc0 be67fce9 3e5014df 3cbfe186 3e938e7a bf039f83 3f707bf5 3dcb78d1 bec2c29e bf2dabb1 3f47e1c4 3f65efdd bf10d789 3f7ffe3c bec422a7 bf120f8c be91ce68 3f0a6d7c bf5705df 3f67ddf2 be44e4da 3dad08b7 bf47cdb8 3e8d1292 bea372a7 3efffaf2 bf3795ab 3eebdafa 3d49f049 befdf309 3f3e6bb2 3eba8aa2 beacfeb3 be924e82 3eb39ea5 bf043d8a 3f648fdc 3e163c82 bf2791aa 3eda3edb bf0fcf8f bd963870 3f3377b3 beae1ea5 3f37d3bc 3e15c449 3eb372bd 3e98a2a6 be076c96 be00f479 3f2041a7 bf6a6fee 3f6635df 3ee7bec8 bd9f189f 
bf7fc22f 3f050d6f bf6091d5 3f234990 be27c487 bf55bfc8 3f3863b9 bcfede3d 3f4101bb bf688ded 3f3ccbb8 3ead3290 bf5e01d3 3f4491b0 be406490 3f5d85e1 bf76a9ff 3e8fba9b bc17c26e 3f19b194 bf32b7b3 3f3c19bf 3eaf16b9 bd4271c1 bef01ace be023c77 3ef7b6ec bf20cd94 3f67a3f0 be889e7d be97ce7c 3f644be3 bf3a13b6 bd08f0b8 bf5c8dd9 3f5e49e1 3ec92abc 3e886679 bdf6699b 3f0f3784 bf517dc3 bf587bcd 3f2c2bb3 3d69d0f4 bf429bbf 3eae02c6 3f5ebbe6 bf7765fc 3f5265cd 3da8084a 3f471bbc bed202c3 3f75d402 bf7bc60e 3f4477b4 bf6a01f6 3f1f4792 bf793e09 3f201ba5 bf6fd9fa 3e6ef4a1 3df2e8ce be635d20 beb47aaa be06ac61 3e960691 bcd3a122 bf2f79b1 3eed5ee0 bec44ab1 3f601bc9 3e1bc457 bf6dadf2 bf554bc6 3f2aa9b3 bc364265 bf2c8198 3f725a00 bf0ba18b be5ad4ee 3f39edb3 bf55f1dc bf21cb9c bf5c73e2 3e7b34ba 3e9f028d bf05697f bf5997db bef5aaf8 3f4edbd2 bf77a206 3f6d41fa bdabd8b3 3f09ab7b bf774201 3f4bc9bc bcb8e060 bb38fd0c bef582e7 be7cd4a7 bf2c4199 3f6755ed be88ba70 3e3e3ca4 bd03f040 bebffacc bf0d5d8a 3f7075e7 bf79c60e 3f32dba7 bf379fb1 3f108d87 3e1a0476 be50f4bd 3f4107c0 bf5639cb 3e16cc86 be9e06ac 3f79a01b bf6de1e0 3ece5ec7 bf21b796 bf46cbbc 3eb0c6c0 bee476e6 3f5ef7d0 bed4fec3 be952a85 3f1a9993 bebe5eb0 bf2d6fa7 3f5515d7 bf0d1d78 bf5419c8 3f6223ee bf11a578 bef4eacc 3db1c8a5 3f1691a2 bee796b7 3ebdbebb bd8dd899 3b0f0776 be4b2c95 3eaab6ae 3c3c404f bf25739a be3b1c9b bf5f11d7 bcd62125 3d1c30b9 be9f428d 3f04f17e bf7a8a15 3f09db7a 3e901681 3e34c4ad bef18aea 3f0fdb8f 3ee3eee8 bf268dab bdcfa91a 3e04c474 3f6763e6 beca9abb 3e3c3cd7 bf140d95 3f55add9 bda5785e 3d2fefd7 3e5124ca be8ca285 bf5a5bdb 3ed036c4 3ea0b27c be1c54a4 3e9a62a0 bf2095a1 3ebfaeba bf3877b1 3f6731e6 bdd8f8ae bef4eed9 3f2f1ba8 bf294fa4 3f60fde1 beb666a9 bda3882e 3efec6fe 3f427fc5 bf05b57f bece2acc 3f4f31cc bf2947a2 3f5cc3d8 3e7fb4eb be09a4a1 bf5a17d4 be89ee78 3f17eb8d 3d57b125 3f2b79a9 bd62b0cc 3e0a5c9e bf3255aa 3f3073a9 bebdaab5 bf487fcb 3ec39aa7 baa623e9 3f6399d5 bf4e99cb bf4cebc8 3f033178 bf4c2dc8 bc4f455c 3f32ada0 3dd4a91a be3ef4fa 3e965681 3a0bd7d4 bf6c39f7 3f5257d9 be517cf7 3ed05ec9 3d8c18fa bca31ff9 beb6cac9 3ef0cada bf5421cb 3f55f3d5 bef36b01 bf6161d8 3f4ddfca bec9ce9c 3dd228ec 3e84d275 bf4205d0 be5574bc 3f4dffcd bf3139a7 3f29359c beaf3ab3 3e6cd4f7 bee992d1 beb61e8d bf0cdd90 3ed6dad2 bf1bd7a1 3ead969e bf07fb75 3df6f882 3eb636c8 bebfe2c1 bf73a802 3f2c45aa 
3f5d0dd2 bcbb623d 3ea53e95 3d698fea be4e64c4 3f461db6 be99faa7 bf2e8ba0 3f0b458f be4dacc0 bea016a7 becb82b0 3e696d17 3d20cfe5 bf3921ab bd3bf0a4 3f3067a1 bf3f4bae 3f011174 bf452fbb 3f6cb5fa bee996e3 bf22d989 3f26359b be83e27d 3f688bf3 bf5929db 3f25e7a4 bf490dc2 3ec106c7 bef366e1 3d4230be be7d7cec 3eaef6a5 3f182f96 bf6b97e9 beba56b7 becdcebe 3ebd7aca bf268199 3f5df1e8 3f38fb9e bdef18db bf50d5c6 3f64dfe5 bf56b1d4 be261c98 be8e867e 3e724523 bed61ecb bf2a11a7 be14ccc1 bcc6e280 3f13df8e bf57c7d7 3ebdf2aa 3e9f9a94 bddac8ac bc59c0ca 3f72fff9 bea8c291 bee2eecf 3f5b09d5 bee776c1 3f248fa6 bf06838a 3d5750b7 3cdfa02d be809a6c 3f4957d1 bf6507f0 becd4acc 3f7a6c05 3f3559af be50dcde bf3327ad 3f75ba04 bf5cd9e4 3eace6a1 3f189d94 bf7491f7 3f6885eb 3ece3ebd 3f6c9bef babdf0b6 beced2c6 3f2659a7 3f387dac be65a4d9 bd8277fa 3ed86adf bf3c25bf bcf51ff7 bf2941a3 3f323bb8 beb37eb3 be856274 3ecef2c6 bd4a708f 3f752802 3e2f248d bf5305d0 3f2139a6 bf51abcb 3f192b9b 3de288c2 3f3db7b4 bf7d840d 3f553dc1 bf033d89 3f06eb8c bf6e13e4 3f2f19b5 bf199594 3ebdc6a9 bec172ad 3ecf2ece bc0c429e be74f4bd bd2210b0 3eb10ebb 3ef106e7 3f32159d 3c5fc132 3ce6a2cf bf71b7ff 3f6719ef be50accd 3b26ff54 3a53fc7b 3f3e03ba bf467bc8 3f59b1db bdee2856 3d1d311d bdd1287a 3f7dee23 bef4bade 3e205489 bf3c0faa 3f214fa3 be311c83 be20246b 3e25bcaf bf0e7382 be07344d 3f57efd4 ba7446c2 3f2427a0 3e0a2c67 3ebd46bd bf4b15cf 3f3633ab be4bacec 3f487fb8 bf5c87d8 be290c78 3f79ca0e bf7c0213 beb30ad9 3f700ff7 bef4fad9 3e6814fe bf62afe0 be906e6f 3f375fc5 bca6a039 bc8fa0f2 bf5615ca 3f6ed7f8 bf5297cc 3f2f5da5 3f5cd3d9 bf6f29fa 3f2fe1a4 bf7dd226 3f6c37fa beef46ec 3f6387e1 bf0df586 3e9f1e93 bf5b6dd0 3f77cc17 bf5295cd 3f21f59e bf01317f bd4ad11d 3e14d47f be99ba89 bf7c8613 3f713600 beefe6bf 3e2e14d7 bea26a9a bf4763ce 3e9ae6b3 be9ef28f 3f6c6fed be37d4c6 3d94d863 bf7355f9 3f0d5787 bf528dd8 3eb05eb3 3f074185 bf6687df 3f6687e7 3f30a9af bf5a3bd9 3eb762c4 bf3e3dbd 3f37fdad 3caaa0a2 3ec826ad 3cda2038 3f1b319b bf20b7a7 be958693 3f182994 bf6f7bed 3ee8ead2 3f1d7190 bf385db6 3f1bf795 bec6f2a6 bf2e7d9d 3f22e992 be428cf1 3f3457aa bf2ce3ab 3f0d4582 bedacea4 3f7f1422 bf23c1aa 3f4d01b9 bf7427f0 3f66e7df bf08d587 3f6e81fa bf48abbd 3ea306bb 3e29bca1 bebc8aa0 3dd5d939 3e42e4b0 3f354fbc 3ec322db bf235d9d 3e5e0c9b 3f3bcbb0 bf1fcf92 3f2f3ba2 bf6fb9f8 3f6197d6 3ea7a68a bef5f2e9 
bf3adba9 bc7e3a2b be28049f beeb4afe 3e76bd22 bea21aa8 3e016c66 3ec01eaf bf288bac 3e8736a3 3f029385 3e152c68 3e54150d bd93b875 3f5147e0 bf5cd5db 3f3875b2 bedde6bc 3f467fb9 bf1c6791 beeaf2d4 3f0a3b79 bebe8aac 3e9df289 bedf62ed be636cb9 be8c9a8b 3f3bd9bb bf2cb3a7 3f4393c3 bdbf38a9 3e8ee675 3e3fcc82 be55950d be9a128d 3f4c93ce 3e403cb1 3f54c7d6 bf3109ae 3e4a04e8 bede4ebb bf4ff9cb 3dc198c8 3eebaad7 3ea37ea5 3db0e902 3f237f9a 3d9c088a 3deaa928 be602d03 3f4c0dc3 3f4593b3 bf79ba09 3dcdd8e7 3f25cf9b 3d3b5085 bf5685cb 3f678bee bf4c93c3 be4444d5 be7ebd03 3f2d09b2 bf64cbe8 3f3dffbc bf4795cb 3f05ef84 3b9a7b99 3f269d90 bdfe689b bf3befb2 3ef996e4 3f0df392 bf719009 bf119393 3de5890c 3f6abbe4 bf74b1ff 3f533dc6 bf4437bd 3e576ce8 be1d74a9 bcbba121 bf1ec98a bf5799d1 3e2a0cdd be34f4c0 be90469d becc06ce 3f059180 be9ae27d be4d4cb8 3f3d89c2 3be7835b 3f444fbd bf2743af 3f279baf bf2a8f97 3f4ad9bb bf779e05 bf4265bb 3e35cc94 3ecb06ca be937e9e 3f2785a7 bf51f9c8 3e52acdf bf7b9a21 3f4abbb5 bd92d8a6 bf0b2b8b 3f694be8 be95769b 3e776ce4 bf3563af 3f6573dc bf143b9f 3f066385 bf024d7c 3d91f872 3ed7caac bf3ec3bb bec296b8 beec92bf bee64ede 3f11ad87 3f0fd791 bf7311fd 3f1e1f90 bf006376 bd68f0f4 be9fb29c 3ee172fd bf5429d5 3f32d7ab bf147182 3e09047d bea65e95 bf1f1592 3f5da7d1 3c4e42ab be129499 bb7efa34 be5fbd00 3f32dfa9 3caea0d6 3f0bff79 bf74c204 3ec392af bf2527a2 be57dcae be7714e3 3f6fe3f1 bf0ae181 be179489 bf5497d7 3f5b33d5 be6b9d0a bf191193 3f2c63ad 3eec5eeb bf443db9 3ef9aec3 be2084d8 3f040d82 3f32a5af bf598bd8 bea98a92 3f13f39b 3db5f8b7 bea8cea2 bc564077 bea0e29b bf21f796 3f28a3a4 bf1c219b 3f29a79e be43acf7 bf414fb2 3ed1f2c9 bf0a517e 3ee6f302 3ed8b6cd bf1b8991 3f1fc1a9 bf33cfa6 3f3fa9bb bf0fbd8e 3f3f4fc8 be8a5e81 3f0ad181 3e8f3295 bf4681c4 3f4ef5cf 3e5de501 3f21f79a bd76517f bf47a9cb 3f507bc9 bf52c5c4 3ec9f6bc 3f15818f bef5cb00 3f4a33be bf5ceddf 3f4ee5da bf11c399 be68dcef bf4efdd1 3f4a7db9 3dbf1875 bf11e38c 3f1beb88 beb0eab4 bdc3e8c7 bedd4af8 bedeead9 3f2605a9 bef512f4 3e4724ae 3f41b5c9 bf5537cb 3ecaf2c4 be904e93 be9e3698 3e44e4d8 3f27cfa5 be3914db beadfa98 bf233198 3f6a21f2 bf4601c1 3e70fca6 3c2d4105 bf5847d5 3f19cfa1 be77b4c0 bdaf185d 3f024f80 bf6e0bf7 3f00dd79 be91ee75 be9a0aa5 3f0f8b80 be8a7283 be178485 bf2cb99e beb6d6bb 3f5db7c7 bea53aa4 bf718df9 3f7fd42b bf232f9b 3f32779c bf7eb221 3f090b7f bdc678fe 
3f6eedf2 bef636d8 3f05db80 3ef70adb be8baaa2 3e0a347f bf19eda1 3f65aff3 be901689 3eca96cf bf407bb2 bda8b8d9 beb0f284 bedbcee3 3eaf2296 be29ecad 3e6484b6 bf74cff5 3ed55ac4 3df87890 3f64c7e2 bf22a196 3f6c7bf3 bf2917af 3e76c4e9 3f6805ef bf60ffee 3f6c2fed bf62d5e7 3edb6ad5 bf3ac1ae 3e8e369a bf4b8dc8 3f6797ef bf4cbfc1 3dee392e bf200ba1 bf2dc997 3f142ba2 3edf02f4 3ee08eef 3d5390e6 3f2a67a8 bf563fe2 bedc32b9 bea16e86 bf1d6da9 3e9dae95 bf3341ad 3f61fddb bf7e8e18 bf4997d2 3f7bea0e bdd4b8de bf76c608 3f31b3a6 bf29dfa7 3f4acdcc bf29e5b1 3f6477d5 bd3211f5 be7c4d20 3ec5eac3 bf2c09ae 3f5b61d2 bf373fa2 bcf2209c bf6791ef 3e85826b 3ec4f2b1 3e28a4b7 bf00797c 3f338ba3 3f2f43ac bf5915d5 3e5f648b bf29d1ac 3f7b860a beff92de 3f03b77d bdc6f906 3e1dcca8 3f089d83 3eb42e99 3e50749f 3e526c89 3ecb26c1 bf34dba8 3e7884d5 be91b6b2 3ededad5 bf0a1f7b bf2d3bb1 3edf76ca bf7c6816 3f3593a3 be8ace88 beb3fac4 3f7b3211 3f782a0b bf4575c5 3f039386 bf7cd81d 3f6d95eb bef372e8 3f4997e0 3e887671 be09c4c0 bebfc6a6 3e9f86a9 bee662f2 bee80eee 3f50dbbe 3dd878b8 bf05537f 3e3d04d9 be9f9a99 3ef2a6f7 beab5299 3f082986 be48a4b2 3f53a5d0 3efd46de bdbd58f0 be4c7cd7 beddf6bf 3f41d1bf bf6575f5 3f7f4223 be00547b 3eebeae3 bf49a1a9 3f7f9c2c bf52e9bf 3f023791 3dd1b905 be1694b9 3f642bdd bf5e37d0 3ceaa34e 3cc65ef9 bdbc88e4 3efdeaf9 bf4a7dbf bf1b779a 3f191b8a bf57b9cf 3f5dfbe3 bef5bef4 3f747000 bf01bf7b bf11b786 3cbae15c 3f34f99b 3f0c0377 bf2029a2 3f344ba6 3d43d084 bf0bc38d 3de72921 befd6307 3ef196c8 bee4cad8 3d5d919b bf5a75d6 3f6419e3 3e30b497 befc82e6 bdc708f6 3f3961b9 be1cdcd0 3f6c5bde bf1e1b97 3edeaaca 3d9c28a3 beeb02dc 3f0f2d89 be435ccc 3f68c3e2 bf4c3dcb 3eeededa bf5edbdd 3f01e180 be7d94f7 3dece899 3d97b840 be542c9e be68acb3 3dc46897 bed2dac9 be9dee94 3f24a992 bf6471e6 beee22cc befac6eb 3f2b75af 3d2130af bd361096 bf152f7e 3f485fdb bf27d799 be853e7d 3f4569c3 bf39b3c6 3dd1488f 3e113c91 3f52d7c3 3e998e96 bf7bfe13 3f485dc1 bdad285d 3dc77852 bf4ee5c5 3f043593 3f589fd0 bee196e2 3e91b66e 3ead56a8 bed676c1 bf17ad97 3f641be2 bf78e003 3f555fc7 3e7a44fb be82167f be91e286 be921282 3f1c8583 3eded2c6 bf457bbb 3f716e02 bf40d5b8 3f23b198 3e61c4e3 beabbead 3f10498c bf65e1ed 3e9e8287 be6d54c7 3f7323ff bf0daf88 3f49d5bd bf7f903b 3f406db6 be0c246e 3f5da5e4 bec70ebf bc49406e bd230ffe 3f51f3c5 bf5d4dd7 3dcee926 3e4b1c96 3e770cdc bf13998d 3e3f5ce3 
bf7ba7fd 3ed98ede bee792cb bee852d5 bd213049 3f59e5cb beedf2fb bd9c7873 bf2ea7a4 3f104d7e bee8b2ea 3f3355b3 3f6ccbff bf4d6fcb 3f27019e bf3d7db3 3f1dff96 3f177d91 be4bbc74 bf18df97 becc32c9 be585cab bf2e03a3 3f789802 bf5dfbd8 bd249037 3ea87a8f bf754c00 3f3f6dbc 3e887a97 becc6ed1 3f4181b4 3daea8c7 bee28ed7 3f06337b 3e6d4cc2 3e04a45e 3f7a6207 bf4e5fbb bf1a8d93 bf5533d9 3f327b9c bf737dfa 3f40abbd 3f012777 3ef05eda 3f3ff7a8 bf50b3d9 3f6327e8 bf5a03d0 3f4591be 3f2af396 bf4a23c3 3f27eba4 bea19295 3f72aa0d bf3fe3b1 3eff7725 beb86e9d 3de228c5 bed36ac5 bd9018a0 3f01837c bea5caa5 3d9468b8 3e280c9a 3f4937bc 3b630446 3f2d7dad bf74ec03 3e8a569c bec982b6 bee97701 3dd388bc 3d29cf9f 3f07c37a 3e85f68f bf7a4a07 3ee1dad0 bf1f7d9f 3f013576 bf71d20c 3e5eecd7 beb07aa0 bdf56882 bf3247a4 3ed172d3 3f179f8d be3e9c82 3f21d597 bf678bf6 3f770bfe 3ddba8cc bd4eb01b 3f50ebd5 bee656d0 3f08b780 be8c76a7 bf2913a4 bf6653f6 3ee8f2de bbad864d 3e5764a3 be395c7d be92068a be6cdcd3 bf22d596 3e808a72 3e61ecf3 3eabb688 3cfe5fbb 3e9922b9 bf0a9190 bf087585 3f25779e 3e23a4b2 beacbe96 3ebdb28f bf0acb82 be525cd1 bdc0d8a6 be83028c bf7ba023 3f137382 3ed686bc bf5973d7 3f4619c5 3c334061 befadeee bea6429b be881a9b 3f527dcf bf468fb9 3ecbe6ab 3d8398d5 bf18a389 3f3a27bb bf7d5a28 3f1cfb92 bd22d06a 3ea98a8e be917a8c bd6fb0d6 3ec9d2c6 3ef146f7 3e2e6c90 3de1a8e4 3f08ad7a bf5cbde3 3eb07e97 bd6290bc 3f6cc3fa bbaa7cf0 bf6b2fff bd9ed916 bdc29886 bf25cba9 3ea74eb4 3ddc78e9 3e96ce8b 3e09c47a 3ef1dae9 bf3e07bc 3f3495a0 3e18bca2 bf686de7 3f3ef7b5 bea44ea5 3ed51abe bf56a7d9 bf3161ae 3eb1829d bf149187 3f3d0db4 bf4e45d0 3e92ee81 bdaf8910 be39bcbc bf02e37c 3e2b5cad 3f2add9b bef78b05 3f5a0fd3 bf2fb1b4 3f009d7d bf3997b1 3f7e1e17 bf16f797 3dae88a5 3f6d79ef bf603fec 3f367da8 3e8a466b 3f6913e7 bb7afce6 bf51e9c6 3ebf92cd be8cb28f 3f6735d6 bf53dbc9 3edb72f6 3dfc98ed bf2c65a2 3f3107b3 3e43949d bf3d73b2 bec6faca bebe06d2 3f787205 bf482fc9 bece82c5 3eb14e97 3f7593f9 bf5579d7 bea4ce95 3e2444c9 bed352e4 be52a4c9 3ea67eaa 3ec8e6c0 bf00dd7e 3f2c9d9f bebc7ec6 bf67c1fc 3f7ed422 bf2ebf9a 3f7a0203 bf7f2e30 3eb1eeac bed5feaf 3e355c92 bce51fd0 bf14c992 3f120789 bf6cfbee 3f6cd7f5 be3a4c63 3f65b3eb bec316bb bf61ede5 3e811a6d bece4ec1 3f577dd7 bf5f2fda 3e1af4c0 bf0ff191 3f128f93 bed076be be244ca3 bcada1b8 3eebf6d9 3dce88e9 bf489bc5 3f6343e2 bed2eadb 3edc02e8 
be94de9c 3f6367e3 beeafac5 3f5ce7e8 be8a3e76 bf5fb7cd 3f1df994 3d8ea81a 3e93fa9e 3e06dc7a 3ecb8ada bf5fafdf bf4293bc 3f269796 3e83966d bf053781 3e4e7cd5 bf608fe2 3e602ce7 3f20098d 3ecb36c6 3f2f8f9f 3d7eeff5 bebe62a9 3eb8c2b6 bd89786b bb6ef8eb 3f5745cb bf03f582 bf3303aa 3f7895ff bf7e1e1f bde3f8e6 3f099793 bec8debf bef986ee 3e1c1473 bf7087fa 3f5addcb 3f3ab7af 3f569fe0 bf00817c 3dc138c1 3e8bb28d bf6fa9ef becc3ab3 bf3831a7 3f5c67e2 bedfd2fb 3ee016fb bf20c39a bdb6c90a be6064ab 3e7b84df befe16f3 beaf9a93 3ef816ff bf52abc4 3f3fafb5 bf07af8f 3ebcf2be 3e869e53 bf4015ca 3f4be5d0 bf135f92 be0a6482 bf53c7d3 3e2aa4b3 bf19a195 3f153f97 bda1e859 3f190b97 3f2619b1 bf3d6bb4 3ea09a97 bf4543b0 bd33f061 3f40d9bc 3da90903 3d49b0f9 bdad38a7 3f75fdf4 bee566f5 3d873887 3ec332ab 3f10f395 bf6c65f0 bc72c349 bf0e9d84 be895a88 3f37a5bd bf4505c5 3e0b047e bea876a9 be4034ad bf1c3989 be127477 3f230591 3e916282 3f3b07ae bde768b2 beaed673 3f366db0 bf5eefde 3f5cd5df 3f00697d be4214c9 3f42d3c0 bf655bd7 bee076e2 3e724cee bdb158ce 3e6b9cda 3f6101ee bf75c5f9 3ee01edc bf2cbf9e 3f2769a3 3e159c85 3eae428b 3e30948a 3dc9b8c9 3f5533c8 bf33efa6 bde6a882 3f2ed5a5 bed28ac3 bf27359f 3f2bc596 3f38a5b4 bf1ba193 3f02ab6e bf4ecbd0 3f7399f1 bf7a500d 3f6165de bf65ebdd 3f14c788 3e965e8d bf5ec9e2 3efd36e9 bed81edb 3e35dc79 3c38c0c2 bf0e3b8d bee48ae9 be78dd01 bf07578d 3f05ad85 3d19d065 bf5ce3d2 be1edc87 bee376cd 3f5243cd 3e5694ca 3e2aec6c 3f3b87ac bebadeaf bee23ad6 3e945a91 bf6763f4 3e4c14a3 3a89dd89 3e763cbe beafe696 3f614bdf bf578bd9 be36c48f 3efc26ed 3eab06a0 3f781a08 be303497 3dba889d be9d4684 3e905ea5 3ef7e2ec bebd7a9f 3e372c8e 3f45bfb7 bf38afaa 3df6e8dd bf2dc1b0 3ee032cd bf4fadcb 3f790c08 beb982a6 bf0db17e 3f716602 bf10bd75 beb7f6a3 3f150b8d bf34bfb2 bf1daf8e bf2dfbb4 3f0d0195 3e190c73 3eab2e9a bf5273c6 3f486bc1 bf732ff0 3f29c5b0 bc91e05b 3e7514eb bf0ea196 be31f476 3f7f601a bdafc864 3f24679b bf7bf20f 3f1fd397 3f651bd9 bf6845e5 bee7b2cf 3f1cd38d be0f14b3 3e06544c 3f2f97a4 bf25c19e 3f25a78e bf42f9c2 3f10858a bf2ca7af 3eb056a5 3f2d8bb1 bf4ca1bd 3f3fedbd bf323fad 3e7f44f0 3ee9f2e7 bf0c7f81 3f6e7de9 bf3007a4 3f7ef00c bf3177b4 3f1a2b95 bf01677b bf2efd9a bef6f6f9 3dedd8bd 3f3f43ae 3f094778 bf54c9c7 3eef5af2 be4be494 3f3a6fb7 bf30efb1 3ed13ac4 bdf5196c 3f2eadb1 bf10e96f bf316ba3 3f74d5fa bebe4ab4 be75c4ca 3e097442 3d30d0ae 
3f608fda bf7d3821 bde4c8db 3d5e1183 be138c68 3f745a0f bf3465ad 3e6334b9 be52c4af bf2d5dab bdbf9886 3f0ad786 3f45fbba bf59e9d4 bed4c2e4 3f4f51c5 3d5d5096 bcaa9f9c 3f1f5997 bf77f80d bee912c8 bf139586 3e49b502 be9c7673 3f4369bd bf0e9f8b 3e17d4b3 bf6c43ef 3f4867c7 3dcfc8d2 befa56ef 3f12bb8f 3ece16b9 bf7243f8 3f50b7d1 be3b8cc0 3f262f9c bd09b03f beb422c1 bf63c7f2 bf3753b7 3e70b4ba 3ef756e9 bf6a75ee 3f75da01 3ee64ef8 3f028d7f bf5653c8 3e994a8e bf28c3a9 3f474fcf 3e6c74ef beb9daa6 3e5ebcc9 3f6431eb bf4a79d0 3f3eabb4 3da398d0 be39ecb9 3e86a675 bddc68cb 3e48047e bec432bd 3e3d84b9 be3f9caa 3f78cc12 3e0ec496 3ecd5eb7 bed1dac8 3f09bb91 bf31239d bdb76899 bf604dd1 3ee54eea 3ee70acd 3d95e8a9 3e955282 bf2c619e bed412aa 3f0d0772 bf6b5feb bc02bd40 bca72108 3ed676cc bf64a3f2 3e8f2a7a 3ef9fafb 3d08f11d 3f776c0b be3efcfa be2594a3 bd8c286e 3f09a783 bef98ed6 3f4217c1 3f4bfbcb be00ec69 bed58ed5 bf21398c 3e3064b3 beadc6bf be1c1496 becfc6c5 3f538fd3 bf389fad bf4f87c9 3ed562db bf4bfbc6 3f3f63ce 3f3265b5 bef6d6ec 3c264036 be861688 bf1a6d85 3f09918c be997686 3f77060d bf770807 bf0b0785 3e90467e beac46ad bf4a13cb 3f431db0 bf3b93bb 3f5e19dd bf6b89f5 3e5f7cd9 3f5679e2 bed406c3 bf427dc3 3eba16c7 bea8f2a9 3f00bd87 bebf06bc 3e9f6aa7 3b66f960 3ef0e6ea beb0c690 beae9aad 3f4247b7 bf1a7b93 3f5f35df befe8727 3ce8614a 3ebeb6a5 3f15f38b 3f093b89 3ee96ee1 bf14c393 3f12bd7d 3e583ccd 3f722e07 bea87a96 3d1410ea bf270d9c be2abca6 bebf16b6 bdd718aa 3f71cbfd bee5b6db 3f33ddad 3d1490e7 bd90781d bece16ac bd96882d beb6f6c7 3f298ba6 3ee132f0 bf418dbd bee9fee2 bec022bf bf5563cf 3f5051bf bd87c879 bf06b77d 3e952a9a bf4c7bc2 3f3813a6 bf7f3e26 3efc8aff 3e91a287 3e9b92a4 3e8ae282 bc2f43af bed67ad0 3edc2ec5 be3eacd0 bd368f5d bebf7ed7 3f05e384 bec976b4 3f3f91b7 3f324bab 3e7cd528 beb99e8b befe3ef8 3ef382e6 bd870836 bef6eb06 3f5605db be5e94b6 bf3b19b1 3dfdb8bb 3f70cbef bf387db9 bde7c923 bf01f978 bde668e8 3efc86f0 beb4b69f bf5321d0 3f542fd0 be0a0c87 3e063474 3d11b068 be23b4a9 befcaeeb 3f2197a6 bed196e4 be88a689 3ef066e2 be3c24c9 3e269cb1 becdd6dd 3eaaeaaf bf1e21a2 3f40fdb9 bf18e992 3dc23854 3e844269 bf73e600 3f06f187 bf76a208 3f41bbbb bf0f4589 3f3ee3af 3f252da5 3f699bf1 bf185b8e be25f494 bf40a3b4 3f5003dd bee6f6e5 3db998fc bea01e8a 3f5bedd9 bf649fdd 3ef372f9 bf576bcd 3f6a77f1 3ec352ac bf77b5ff 3f4c89bd bf01c188 3ed88ed7 bec02ec1 
bf094d84 3efb42c7 3f080983 3a3c22dd bf5cd1cc 3f14e797 bf364bb1 3ea2bea3 3e67a4e3 3eb2da93 3f1acf92 bf2dd5a3 be8e8295 3f7591ff bcb9606e be7a8cf7 bf347bba 3f32c1ab bf58b1c7 3f4e5dc4 3f4583b7 beae72b2 3f5b83dd bf406fb6 be89aa95 3bef7fa9 3f01756f 3eb21e9a bf550bc6 3f590dd6 beba36b6 bed372d9 3ebc5eb5 be4694be 3ef66af1 bf6741ef 3e54bcb0 bea426c0 3f0d8b8c 3f3d7db2 3eb66ea5 3e40bc8b bf258d9a 3f71ac02 beccd6c3 bf75f803 3ed59e9f be19546a 3f22399c 3ef4f2ed bf6183e1 be814a88 3f680ff0 bf4b1fbc bf40d1b4 3f7c5210 bf5a51d7 be9eda9b 3ec45eac bec856e1 bec57ab5 3eaab2ab bc1e420d 3f0f817e bf2915a3 be005c6d bf7a3e1a 3ec56aaf 3df19923 be3bf4a5 3e2cfcb4 3e7934d4 3f3237ae be2a1ca3 be91428e bf3e09b7 3f3c93ad bca061b1 3e31bcbc 3e4f4c9e 3edfaee8 3eaefe9d bf781806 3f6d05f7 bec72ab9 3e9fa298 bf46a9d1 3d239089 bf44cdc0 be861a89 3f70b3f9 bf59afd3 3f05397e 3dad3951 bf68dfe1 bf01977a be7a5ce8 3f33d3a4 3e758511 bee83adb 3edaf6bc 3f5f59e1 be1e9461 bf19238c 3f4ba9c1 3e832a71 3efbf2e7 be74ace8 3dcf28fa bf74f204 3f3e79b8 bed6f6c0 3f7d2811 bea672a4 3ecc4abe bef942d1 bed5cac9 3f2987b5 3f709fee bf26efaa 3ee18ae7 3f6ac5f2 bf6b1df2 3eceb6c1 3d37afc9 be15344b 3f205995 bf61bfe3 be88ae7b 3f7377f5 3c84df5b bdf06907 3d7f909f bd65516a bedd5ee6 3e3b64e6 bf7871f9 3f7c460a bf2367a3 3ed58aaf be9b0681 beff1301 3f0ff580 bef4aafb 3ea34a85 bf791003 bf308fb1 bca8e0d0 be67ecae 3dd68895 bf5669cf be934a93 bee24ada 3eea46ee 3edd36c5 be4774ef 3f68fde5 bf405bbe 3d78b1b5 bf37a5b4 3ef55f02 bf483fb1 3f33bdae be1facc3 3f6595e5 becbc6ce bee6c2cc bdf1292d 3e242cca 3f57cdd1 3da8784c 3f7b9c15 bf4203b5 3db88905 3eea1afb bec43ec0 3f74d9ff bf195190 3f43abb9 bedce2d2 bd906900 bf281f9f bef962e3 3f64fdcf bf43ebbe 3ef2e2f3 bdf29880 3dad2943 3eef7ec8 3e475ccb bf00d176 bf0c3795 bec212b0 be206c4a 3e93d67c 3f0d398d bf7093e4 3f6229d7 bdd1892a bea9eaad be87ea89 3f6bafe8 bdf5e93e bf78b006 3f4655cd 3d50d04e 3e939ea2 3f0cff95 bf7ea614 3f7c800e beb01a92 3ecf7ebb be86ea86 bdd9b8f3 be63e4a0 3e411cf4 3e66dd03 bf4419cb 3f4183af 3e85769d be2d4cb2 3ded98f3 bf084f79 3f2cc5a6 bf1d178f 3f6389e0 bf6899ef 3f7fe02c bf2ccb9e 3ec356be 3def98a5 3f40c7b3 be0d8c6e 3dd27949 be7854c0 bec642b8 bf760ff9 bf7a6e06 3f66bfdf bf00f787 3f5a07cc bf4ba7bd 3f5689e0 bf36d1ac 3e8cce8d bf304db3 3efe26f4 3ec50aaf bf247f98 3edbd6c6 bf788207 3f55e7e1 bf084390 3f305fa9 bee4d2e5 bdaa48a7 
3dfe6904 bd7250a2 bf5031d6 3d7770de 3f732bf9 bf256f9a 3f6fd5fa beb3d2cb bea9a2a2 bd9e388d bf49b1d3 3f048382 bf064793 be649cbd bf208399 3f7d0813 bede56de 3f3ceba9 bf533bc4 3ebccab0 bf7e3c1a 3f216393 bf79c001 3f6e0ff5 3f0d9187 be8bc2a9 bf0dc9a1 3ee42aef bdcdc88c bf3269b4 3f241b9f 3dd32877 beb3ce99 3dc9f975 be856e7d 3f33dbb8 be925a8d 3edf5ec2 bf5491c9 3db668c9 bf7a280c 3f2dc1ab bf2f65a5 3dbd78f2 be769d2a 3ef292fb 3e82b690 be9c6e91 bf2957b2 bef2c6f3 3f6aefe6 be15bc86 bf02d97b 3efb92f2 3f4019b6 bf4661c5 3f0ea578 3f27338a bf433bc7 3f778017 3e6ac49c bf04b789 3ea3767b bf7da221 3f301ba9 3e85ee74 3f27c79a bdedb8b5 bedce6cd bc88a2a0 3ecf5ecd bf2af9b2 3e0aec65 bf5af9d4 3f4e6dc7 3eaa82a2 befde2f0 be3b74e3 3ee24edc bf46a5c0 bf001b79 3ec6feb2 3f06537f bf40bbbe 3e4814a1 3e363c96 3e43bcd8 3f0f718c 3e199c8d 3e9fbe92 bf3a0fac 3f46b1c5 bf5aebdf 3e108c6b 3f23eb9a 3f4799b5 be9cb298 3d06d0d3 be5bf4be 3f337bb1 bf5d5dd4 bf0ec182 be7334e4 3f41a9c1 bf437dbd be7274ff be009cb2 bf0bc58f 3f7b7e0a bf5ee3e7 3f68a7df bf61d3e5 3e352497 bf5c55d6 3f3e19c7 be0fdc66 3ebb92c5 beeae6e2 bf59a5df 3ee796d9 bee59ece bf002979 3d884880 3eef2704 bf1acd9d 3e7fdd0c bf00b984 3ee11ab0 3f4b97bf bf6205e1 bec892bd 3f005979 bf3febb9 3f62a7ed bdef88c3 3f2079a3 bdace89b 3e99f29c bea25a8a 3d65304d 3ec262ba be6e3cd5 3f1b599a bf01e37d 3e816a72 3f48b9c5 3ea502a0 3f1f1399 be293454 3e84367b 3ed7eaca 3eaa069d 3f5d95db bf7d6c11 3dcd083e 3d6c2fc0 bef68700 3e83527c 3f1d61a7 be7c8d2b 3f41ebb6 bf61b7dc 3edf66be becb4ab9 bf4f47c9 3f5537c5 be295c9b 3eb566a7 be0f8ca6 be9f0a8f bf73c7ff 3eb7cac6 bf45abc0 3f616fe0 bf5b17e1 3ed222d0 bec802b3 bf085d7c 3ea08a94 bee146d3 3f3883ae 3eac529f 3f2867a3 bf7f602a 3f53a9db bee8cad9 3dcd78f3 be8e1a6d bec0bebf bf37e3b1 3f6bdfe6 3f32b5a7 bec5d6bb 3f231994 bf7e0819 3f2545a4 be37ec91 be73e4e2 be400498 3e949aa1 3ecaf6bf bf5d2bd7 3f0a8581 bdb4d928 3eb70ad8 bf2d47a3 3e067460 bf5eb9e4 3f5381c8 be3d4caa bedcfece 3eada2bb bf1e2989 3f111f7f 3e26c479 be80827d 3f0a997d 3e1ea486 bf080795 bea1e6a6 bf221ba9 3f4ed3c8 bd32708c be125c9a bc8e204b 3df828f4 bf0b6393 3ecf06de bf36c3ba 3f57cbe0 bf7a5e0c beb0c2a5 be9f929b 3ec642d1 bd72d147 3f3fc1c9 3f6311e1 3f256d9d be92ce9f 3d823889 3e86d678 be91fe8a beb146a3 3f745e03 bec512c6 3f6665e3 bf4199b8 3c5d3f92 3f004f81 bef8face 3f73ae02 bf1e0b85 3ea3e6ab bf5935d8 3ecbe2bc 3f1f2991 
bea5c6a5 3eed2ae9 3ec2d2b6 3e40d4c6 bf0ca18a bee072d9 bdbe48ae 3d9ca84e 3d62b0ee 3f18779a 3d05f00b 3ec7a2a0 3f4c67be be396473 3f6507e7 bf6dd5ed 3e83be69 bed68ae0 3f0a8389 3e72c4fe be2f146f 3d9cc8b7 3eaefaa2 bf3c8db0 bf3c55be 3efbf6dc 3e424caa bf35cbae 3f6b2ff1 3df1b8ef bed222c6 bdd6d90b 3ef592ee bd3bd05c be970682 3dbed890 bef89afb 3f0f5394 beddbabc 3f2a5fa3 bda368cb 3e4d4cc8 3f0a3180 be97668e 3f25cb9f be808e7e bf0f3f89 3ee186d5 3f3dbdb7 3eba66cd bf5ab7d7 3f4877c4 becabed2 3e45b4e0 bf4169b6 3f3135ac bf7f8a24 3edb1ac5 bedfbab4 be966a76 bef71afa 3f2a0b98 bec5fab9 3f762bfa be4cf4e1 bf2cb5b7 be088481 be2c7c93 3f14958a bd0850b9 bd90986e 3b918175 3e13e46e 3f4c25c6 bf3f3fc7 3eb3ceb1 bedc9ad6 3f23379e bf24bda5 3f448baf 3f013167 bf3addb8 be9caa91 3f2367a3 bd05d073 be657ca3 bea6fa8d beb3de8f be8dbe7a 3f3561aa bf6d47f8 3f469fbc be58d4ca 3f2699ab bf593dd7 bf252993 3f293da3 bf377ba9 be54a496 bda0c878 3f18ff99 3e87f660 3f2c8594 bf6229de 3f7439f3 bef032ed 3f56b9cf becd86da 3f211597 bf0d6589 3f3753c1 bf1af999 3f30c1a1 3f0e0f83 bf5b85cf 3d1b90aa 3e920277 bdf14911 3f009f74 3ea1a696 bddf4882 3f43d3c2 3ca21f65 be830674 be2aaccf 3f72d3f1 bef6bee8 3d4990b1 bf3f79c1 3f2e1bab 3b2afbb9 3eccfeab 3c879e60 bf24bb98 3dd3d8fc bf6c9bf4 3f0d9381 bf796813 3f6bbfe6 bf5277c8 3edcc6cc be050498 bf56c9cf 3f5b9fdd bf201f9b bf150b90 3d35d094 bf6ce9ed 3da488c1 bc3ec2b5 beb8eaa9 be8a067d bf6761f2 3f65d7d5 be577cc3 3de02905 be9b2693 3eda9ee2 bf4775cb bc95e258 be9096aa 3f6449eb bf03ed7d 3f7dce1e bf260da3 3f230989 bf63bbe3 3f3a9db9 bf7823f2 3f62e9e6 3ec8eac1 bd6270dd 3f0c438d bef37ee1 3f4b81d3 bf6bd7f6 3f614fe8 3e2844b2 3e8f1e7c 3c724454 bf39a7bc be4e9cef becd26ca 3e4734af 3ebb66c3 bf6033d7 3f65a5e3 be2474b0 3f4a71bc 3f02977c bf662fe0 be1ee4a7 be887287 3e96ee8c 3f013789 bf5a4fe4 3f126387 3aa21f57 3e039c5f be302cb3 be693d0f 3e974681 bf019978 3f23af8d bf5f6fe1 3f19e990 3d519041 3f6739f7 bf33b9b1 be93be85 3f4ab3c7 bf2b61a8 3f3b01cc be7f1d17 be2f7c9d be89a28c beac92ad bec5feb7 3f318fa6 3f2ca3a5 3e803e6b be248cb5 bf58a1cc 3f762602 bf0a637d 3dca889f 3f15f98b be937ab0 3f123774 bf2ca3ae 3f5145cb 3f06c97d 3e19fcba be80768b bdcc98b6 bf6e8fe2 bed6c6be bf47afb9 3e9eba8d bf035178 be5a6cc9 3ecf2aaf be4afcfc beab56ae bf173b8d 3e86ee6d bf14677e 3f4e77d8 bf421dc1 3ef8f6f5 bf75be09 3f1bc995 be29f4ab 3f18ab8d 39e77b9f bf76bdfb 
3f2d47b0 bf6c77fa 3e248c80 bf6251d1 3f70f403 3f42b9b4 bec3c6c6 3de9d8c8 3d2b7083 bf5659d5 3ea73296 bf6037de bf6c1bfa 3e29d495 bf5795cc 3f29bfa4 3d00b0b7 3dab18d5 bea62ea0 beffcaf9 3f45d3c0 bf055d8f 3ed5429c 3e9cda99 3f3627bd bebb3ab5 3ed34ec9 be06cc9b be8e467f bf26f799 3f7411fa bec752c1 bf0e2f8d 3f1f35a8 be98b274 3f4e33cf bf54d7d7 3f4147b8 becea6c1 3ed8a2d5 be8a6687 bf035d7d be0fbcb7 3da9f8f5 bf5aa3d8 3f0cf587 bd5ad066 3e6b8cec bf65d1f0 bef212fe 3f4b8fcb bf62d7d8 3e74b4df 3ef6c2f2 bf2df7ac 3f3cabb3 3de148ae be71c507 3f0db58a 3eb81aa6 be486cd6 3e3404c5 beb4f6a3 beea62dc be397cb7 3efedaed 3e9adea9 bec2d2b2 3ea252a9 bf2f07aa 3dfc4866 3ea48a95 bf1a9199 3e2da49f bf214b93 3f1ca19d bed936d7 3f2b27a9 bf42f7b2 3eb80eab bf2b75ab 3f4c85ca 3e720c9a bf38a5ba 3e3c2cf3 be215cbd 3f2db59e 3ef3aaef bf5bffe3 3eed12da bdcf98e0 3eb862ad bf4571c3 be8cf68e 3f468dbd be845a7b 3e8b6a85 3ec362cb 3f6c47f2 bf21c1a0 be455ca1 be097c82 bed2d6ba be15ec60 3eac869e bf1e1da1 3efea2f7 bf47fdcb be997e9d 3e99468f bf54e5d3 3f4c05d3 bf5017c5 be0d546b 3efd5eec 3e7bfd00 bf353dae 3ecc3ac3 3d2bf034 bf783005 3ec662b9 bf743dfc be7a2cf2 3f27e1aa becbeec1 bee502d4 bda858c6 3f53b5c4 bf15fb8a 3edf22d8 be7294c3 bf50abb5 3f28979c 3de258d9 3ecdc2c2 3ca8a18f 3f7001fb bf4e35c8 3f6d75ed be98a681 beb896a4 3f4c7bd0 be035491 3e8b7690 bdfe38e0 3f6ec5f0 beef7ee2 3f5fbbe1 3ebf76c2 bf0f5582 3ec1fac3 3ed68ed3 3da2c8ae 3f05b57b bf795009 3f25559b 3ee5b2e2 bf4a37c1 3f561bd1 3e298c7c bd33505d bf69adf5 3ee406d7 bf7e6c1a 3f6aede3 be922287 bed276be 3f5e8de1 bef62ade 3eb6caba bf3f2fb1 bdb888df 3e3f94b7 bf276b9e bd57d1ab 3f4389b6 bf35f5ac be6a84f4 bf1f7ba2 3ea59e89 3f38cb9f bdb6491f 3f005f77 be5484ea be8e4e7c 3f60c3e5 bf51b9d3 bd94c88b bf5fb3db 3d485093 3e37eca2 bc09c1a3 3f356db3 bf59d3dd be6fed07 3f4079c8 bec766c2 be1d2c4b 3e7504e3 bd288fe1 bde898fa 3f2e4196 bea816a6 3dc708de 3dc81920 3ebc9aaf bf546bca bf03d779 3ef19ed4 3ea592a3 bee7a2e9 3eb98eb3 bdb8d8dd bf5637e2 3f6a33ee bdafd903 3f43b3b6 3e861a6f bf78f613 beb676ae bf332baa 3f60cfd6 bec5decf 3f1c9196 bf7a3409 3f4993b1 bf3a23b7 be980682 3ed9e2ce bed326b3 bc05c340 bf7bce17 3eb84eb1 be970a89 3f4b69d3 3eab3e96 3f326bb4 bddc189c 3f414db7 bd273072 3efe72f5 bea1569a 3f127993 3d1b2ff3 3f069188 3c3cbb92 3f206f8d bf4991bd 3ee56edf bdaf989d 3f383dae bf103192 3e220cc4 bea42ac4 be953673 3f7aac15 
bf0bdf83 3e97fa9e 3f1ad18a 3ef72aed bf6621ea bf7c1413 3f57bfdd bf0a4f8c 3ed642da 3ee6b6d8 bbbc7cb3 3f58ebe5 3f17c982 3f59c1d3 be9e168c 3f0da38b bf4de7d0 3c4abec2 3f725000 bf291ba1 3ef8d2fc bf3977ad 3e83ea6b bf551fcf 3e5bbcdf bf5d63d4 3e87e292 bdd1b913 3efacf02 3e9c3289 bf6b17f9 3f7d7418 be5024da baba0f38 beda12c0 becf0abd 3f6053df bf7bd619 3e9d6a74 bf6561e3 3f35abb7 3ea39e9c 3e19f463 bdc3090b 3f5ac1d9 bf369daa 3f213fac bf71c001 3f6e0be7 3f11e38a bf01a789 3f006f83 3e640cbb bf2ed7b7 3f5167c4 bf3297bd bdb0787b 3e6f5cea bf3fd1be 3e63b4ec bca1a050 bc9f5fc8 3df0d91d 3f389bbb 3bba8344 beb38aa6 3edb7f00 bf281d9a 3f06778a be055c52 3f2b1fa0 bef9f6d1 3efff70c bea7aec9 3f747df1 bf5373da 3f07b782 bf3d93c0 3f312bb0 beae0aaa 3e62ccd9 bf7b7e17 3f23c19d bd883844 3eb71eb5 3c2a4053 bf5f17dd bcb06099 3f1e0195 3c563e91 bf22c398 3e90de97 3e19bc9d 3f72b9f1 bf7c9a18 3f674fe5 bf398da7 bf52ddc7 be3644af 3d2d90df 3ecc86b3 be5e74f5 3ec13eac 3e9daa73 be78bd0b 3e586cfb bec592bd 3f6657e6 3edbfee8 be0d348c 3f420dbe bf3be3b5 3f7e141a bf4dd3bb 3ee262d3 bf2aab9f 3f6905f8 bf2633a2 bcb65de5 3f03f383 3f093d83 3ec1f6bf 3f3143a9 bf713405 3f3f33b5 3f132598 bf6df7fa 3f4657b8 bf57e9d6 3f4207bb bf1c8f95 3f7d7631 bef216db bf2fd3a3 3f133992 bf4189b7 bf0b8780 3f0efd89 bf77c7f9 3ec8b6cd 3eb276ad bf6d7beb 3ead2a93 bef33ae6 be945e8f 3d355076 bea89696 bd8e1860 bf6e7deb 3f7d7e1b bececec5 bd6f10d6 be584cbf bf27dba4 3f686bef bf3ce1c1 be0dd478 3d97088f 3e164c95 bf4ec9c1 3f040b76 3f3b63b2 be2b0cd2 3f150f88 bf4cabbd 3ec6d2e3 3dfc78a7 be74e4ae bee67ace 3f320db3 beef8ee0 3f38a3af bf0be78a 3f6d1fe6 bdc738f5 bf1cd391 3e90d683 3ed872e3 3f6b2df2 bf7f2224 3e3ec487 bf4907cf 3efd66fe be9c0eaa 3ca25fe0 bf060787 3f2ab3a4 3da6d84c 3f75c7fa bf226598 3f4a69bf bec6cecf be95ba8b 3eebb2d1 3efb3eff bf1dd1a1 3cb5e23c 3eb41abb bf6147e0 3f7fe43c bf630be5 3e734ca5 bf367dbf 3f1e699a bf217196 3ddb68e5 3ea8f69f 3f7a2408 bf472fcb 3cfce0b4 3e0abc87 bf43bdb9 3f64efe9 be2324cf 3e8e6a92 bf1da997 bf51c5c4 3e951eaf 3eb3ee91 3f73dc00 be3934ab bd2b314f 3d47513b bf099994 3f5a49dd be245493 bcbda1a3 3f2b1da5 bf043781 3ec0faa9 3e6424c1 3f08398a be0fac96 bde1c903 bea8f69f bf7031f4 3f124193 bf4be5c1 3dcac8f8 bf5435bb 3ea5728d bf00c587 bf3141b1 3ed73abd bf22dd97 be64fca8 bf01cb89 3f315bb1 be873682 be080439 befb3af2 3f0ec174 bf2657a8 3f4f35c9 be9ffeab bf001d6d 
3ef836ea bddf98aa bf53d3d1 be840e7c 3f6471e3 3f76cff8 bf6e51e9 3ed4eebb bea096b9 bf1df7a1 bd5f50d6 bf0d8587 bf3597b0 bf58f5cf 3e0c544f bf26c9aa 3f76a60d bdbe28b7 bf4ecdca 3f12438c bf06c781 3f6ac9f5 bea5f6c4 3ee6c6eb 3e9e3a96 3efa7ee5 3d31b14a bd071086 bf3e73bd 3f07cb7e 3e0f2c45 bf6171d7 3f02897f bea64ea6 3f61cbe8 bcdca182 beea7ac6 3f14f98a 3f0ab183 3e8f36a7 be12e4d9 bf7dbe19 3f4af5d0 bf7199f9 3f1fc9a3 bf3a9fab 3ee83af0 3ead9a8b be99b292 bf12b172 bd1ed064 3db42876 bf156398 3e971683 bda6e8e2 3dac78b8 bd82a86c 3f055374 bd1c113b be1eb4d5 be0a34a4 3da13921 bd8d2855 bf32afae 3ddaf8fb bda8d888 beb2b694 3f13c58d be37cc93 be8d2e81 be4b3ce0 bf022b7f 3ec17eab bea5d2b1 be91ae85 3f20f192 bf28efab 3f437bbb bf081191 3ecbbabf 3e27b47e 3f2ee99e bef1aed8 bf12df88 3ec6f2ba bedb92af 3f7e4217 be5fe4f6 be991a94 be97ee99 3f604bdf becb22c9 bd757001 bf756c06 3ee852e2 bf4627c5 3f6c77f8 3f51a7ce bddce8b7 be7e150b 3f2f23a1 bf5c6fe1 3f26efa0 bf024b7b becb66cf 3f67cddf bf2ba9a9 be3c14d2 bf5945db bdbff8c8 bddab87b beeed2e6 3eddc2d2 be831678 3f4493b8 bf782a0a 3f2cb9aa bf067188 3f74fdff bf4961c4 bf5c07cd be6a34cf bf2f57ba 3f32e3ae bf6b3df8 be05a49f 3f3669bd bf5e2fdf 3f628de1 bf5511e0 3f18f38d bf49fdc8 3f4087b3 bdb2c8d3 3da3f870 3de538c7 3f36ffaf bd1370f2 3e69a506 3d10112a bddbe8eb 3e79dcf1 3e9c4a8c 3de118d5 3f5c5dd5 bf73680f 3f718df6 be534ce1 3f04b981 be3d14a7 bf70d7f4 3f771207 beca32d0 3f2c05a1 bc826068 bea826ad 3f5909dc bf089981 3ebbaeb2 be7afce7 3e6b4ccc bf405dc2 bf0e6587 3f57cfde bf28b79d 3f0ea998 bf3841b6 3f7e682b bf36adb5 3f1f939e bf41f5b5 3f5671d2 bf500fbe bdb448e8 3dc968d3 3b4b0755 3ef06ed8 bf322b9d bf4159ba 3f5521c8 bde838ab 3f2ff9af bf3f97bc 3e919aa0 3f4315cb becadeb3 3c83a0ef bf2defa5 3e38f4ad bf012375 3d4291ce bef596f6 3f2bb1ab bf54fdc2 3e89c28d befc4aeb 3f5eddd5 befe470e 3f7537fc bf711bf8 3f0e6178 3e5d4cf3 3e4b64f8 3eec2ad6 bf26a592 3f65f3f2 bf74b7fd bf3281b0 3f4f7fcb bf03057b 3f20b792 3e9cde8d bf3fddb4 3f08f77b bf6973f4 3f4289c2 3f7aea13 bf4cefc3 3d48f062 bf3287af 3db32876 bbc47e96 bdfa5860 3f060f79 bf3f61b2 be599c96 3e623ccd be31247e be0ca49a 3dc0f893 bf10178e bd73afd6 bc9f9f66 3f0b6980 3de378c6 3f176f9a bede6ab9 3ea02a91 3e147c3a 3ec326d6 3e225474 3eb8a69f 3f6545ec befa6af0 3edf52e7 3ef28ad9 3e234474 be5edcad beae42a8 3f63dbe8 bf295d97 3f3267a3 3cac5fcc bf013b7b 3f1fcd99 3c68bf98 
bd7890a5 3d0e504e 3f2a439e 3e0584a7 bf4a25c1 bf62eff0 3f6ca7f8 be6d44e3 3e993699 3f2d77a4 3dcdb897 3e9b2297 3f2fffa1 3f0e8b8c 3f12a583 3e17ac5c bf3a1fb3 3e820e53 be040c62 3f4ee1c5 bf3c31c2 be173c8c 3eba9299 bebbfeb1 bf5209d3 3e940670 bf2cf999 3f163786 3e2a448c be9cca79 be0ed485 3f6d8ffc bee99eda bd57b03e beafe280 be9b2292 3f04dd8a bf6093d7 be594ca7 bf3df7a7 3f1a3597 3f1b81a3 bf1aeb9d 3f0f1d87 bf097f7b 3f153b88 bebe66b0 bf103d87 3f0db995 be8dc68e 3f38dfaa be5434e0 3e6eacee 3f2985a0 bf78e412 3f3841a5 bddf08cb bf6d2ffb 3f569bd4 be8f3ea0 3f4a59c1 bf355dad 3f2481a5 bdfa9922 3edc9ede 3ea27289 bee78efd 3f2175a0 bf6eedf5 3f656bea 3deea8ec 3ee89ace 3dd348a2 3e134cb3 bed2f2d2 be29c4bb 3f077586 bf1c6ba7 3ed11ad2 bf3fbfb2 3bcf86a2 bf3555bd 3f2ba99f 3eca5ebe 3e17e48c bf4ba1be 3f0d977b bf7d7027 3f6283df bee00acf 3df118c3 bf0c9b89 3f3d23c2 3effb2fd 3df1d8a3 3f008b79 bf725c00 bf643bdf 3f7f4030 bf23218c beaf1ab7 3f18f1a5 bf2eb9a7 3e435ce3 3f419daf bf7fb428 3f1af39d 3ee2cadb 3eeb9ed3 3ee7d6d7 bd145070 3f14ff8d bed28eea be0754a0 beaaf6a2 3f27cba4 be866695 3dd8093e bf51b3dd 3f5177c2 3f5df7dd 3e81168c 3f0e6f90 be1fcc53 3f5b5be1 bf38cbbb 3f4be1d3 bf6413ec 3f5cb9d8 beee36e8 3e78dce9 3e79b51b bf58dbda 3f4905c8 bf1db59b 3ea9829a bf298593 beff66ed 3f04557d bf053382 bdbef8b6 3ef1aeec bf5323d3 be71d4ed bebb82ba 3f1fc38d bf3ea9bb 3e601cb0 bf016b8f 3ed6fad1 3f6325e1 bf2f13ae 3e39c487 beaa1277 bf2ab5a7 3f5643c4 bf4fdbdb 3ecca6ca becf6eaf 3f63fbef bf14c189 3f0dff8a 3f223b9e bf5c1fda 3ebc42d6 3f00777d bf4593b4 3eb6bad0 beadb2d0 3f19359b bf5d8dc8 3f2731a1 becf8abc 3f576fdf bf5db3d8 3f038583 bea052b3 bdc4684c 3f6babea be88868f bf496fc1 3e8cb276 3f1cc99e bf53ffd7 be0cfca0 beacdab0 3f5e59d1 be7374d7 bd699177 3f3bafb5 bee432d8 3f654be9 bf1cb998 3f649de5 bf3457ab 3f6693e4 bf5ae3da bd06f051 bf185d96 3f2bc9a9 beb31eaa 3c9ce1b9 bf58a9d6 3c3d3cd7 3ed326e7 bf36d7ba 3f7af00f 3eb9eabe be418cfb be9a2e8a 3e3cc4bc bf6157e3 3f6c49f9 bf31a3b5 3f600fdc bee596f6 bf3f0dbd 3f0bb37c 3e39bc76 be8bd293 3f17d185 be81668f 3e154c7f beac8ece 3f40e5bd bdbba96b 3ea4628b bf34f5a8 3f418bb4 bef3a6ed 3f7f6c2c bf2e89a6 3ea886b2 bf78b402 be0eeca4 3eb712b2 befa46f2 3f171fa0 be666cdf be5344e0 bebe7ab8 bef9dedd be031c4d bf22119f 3ee376f2 bf0f0d86 bf023981 3f795e15 bf5adfca 3f2d29a3 bf4083b3 3ea6569e bf6cf5f0 3f60c9d7 bf757400 3df8d962 
bf5925cc 3ef4aaec bf7ff231 3f16c586 3e91d292 3f4e5fc9 bf5e31d3 3e638ccd bf2e63a3 be812287 bed162d8 bd69f009 bea346d1 bf36cbb7 bf4127c0 3e97d283 bdc6a8ea 3f32b3a0 becdeeaa bf17df8c 3f38eda7 3782cb26 bf6649f6 3f6d99eb 3ec9b6d3 3e038c60 bea79aa1 3f135791 bf6e45f5 3f6409ee bedb9adb bee47ec1 3db9d8fc 3ea05a9d 3e2a7c9e be55acfa 3f27679f be202cb3 3f6bf7ee 3e3dd49d be9ebea0 befbd2c9 3e80e681 3ebeeeb4 beda8ab7 3f0de77b beaa7ab2 3f632ddc bf263db2 3f3763b6 bf288f9f be54fca6 bbf983f0 bf1bcf9b 3f0cef81 bec7dace 3e0dbcae 3f3575b9 bf7393ee 3e3894cf bf1a318e 3e1894c0 3e7e450c beafcec3 be8eb296 bea36eb8 3f179988 bf55e9d5 3f44bbbd bf096186 bf008572 be000477 bf5263cb 3ed7e2c2 3f0a5b81 3e9aa6b2 bf42c5bc 3f061f6f 3e066c5f 3dc34814 3f5e55d9 bedcaac7 3dfc58ae bf678de0 3e863e8e 3ed5a6c8 3de3b905 be07e47d 3f71edfa bf5f37e6 3efdbaec 3e20bcb6 bf07357e bedf8ecd bea83aa1 be6134dd 3f61edd6 3eec9edd bf5e49cc 3ecee2c0 3f17ab8e bf02f77e 3f3075a3 3da178c4 bf5c05e5 3f3159ac be863e74 bf5c33e0 3ddbf969 bf31cfa7 be352cc5 bb40fd08 bed90eda 3f752bff beb882b3 be153cba be79dcf7 3eae16a0 3eeb56ca bf5b81e0 bf155193 beac1695 bee2e6db bf1fff97 3d33104a 3e027c70 bee5bec3 3f16178f bf02077b bdaf387f 3eae6293 bef7a2e1 3f3519b2 bf10db89 3e002c8d be2504f1 3f6c0de5 becffade 3f03337b be7eb4fb 3f23e39c bf7101f7 3f5fd7d9 3f5a39e0 bf76d9f5 3f4e87c5 beeba2ed 3f28a79b be05b46c bf05a37a be510cec bf0b4588 3f75bbf9 bedc66dd 3f77fffe bef4c2ee be874683 3f5b7be5 bf772ffb 3cd820bd be76fce1 bbb07b03 bd8717fe bd1bd010 3d984904 bf06d982 3ed32acd 3e150c77 be84c283 be1b94a9 3f59b5e1 bf65f9f2 3f06e98a bf0d7980 3f79a40d bf5709dc 3eb19a97 3ef3fad9 bf5841d7 3e46e4d7 3f204593 be9d4ab0 bf151789 3f45b7c2 3f1daf92 bf3ae9bf 3f0a6f7c bf4837bd 3f3605ba bf10ed87 bc3abccc be4e5cc1 bede92ba be2224a0 3ee4a6e5 bf1ce999 3f051582 3e6014d2 3f3e2fae bf4cb1c8 3e8bf293 3d296fc0 3f4333b4 3ded5909 bf0e1387 3f17058c bf3655a2 bf2a55ad 3f20ed98 bddc7874 3d82b8a2 3f083b87 beda4ed7 3e94ea9a be851672 3d3ef0ef bccf5f77 3e911a9c beb1aea1 3f2eb7a4 bf217b9b 3de6d91f 3cdce2e4 bc945f5c bef8e2d8 3e809683 bed80ad9 3f1a699e be42ad10 be266ca5 bf174d9a 3f110d88 3eb376d5 3f0af575 3eaf62a2 bf2c79a0 3ee64ad5 bee5c2db beee4ed0 3eaf769e 3f4addd5 beccb6be 3f061377 3f1de382 bf34e3af 3f7fe63b bf25e79d 3f2527a0 bf6337de 3f42cbc3 be9af29c 3efbfee0 3e9a568f bd293166 3eb752af 3ed6dee6 
3ea30295 3e4b44e1 3ece96eb bec896d3 bf5dd1d8 3f12598f bec33aa3 3f2e07ad 3ea2828e 3e6074ff 3f3c37af bf435bad 3f6011d9 3e4c2c86 3f3be3b5 3da8b838 bee3f2b7 bbc37914 bea0bea4 3f6193e1 bf5875e4 3f06a376 3f346fa1 bf2613a4 bf3445a2 3e856a8d 3ee692ec bf570bcc 3f7dfa10 bf78ae01 3f3f53b2 3dc488f9 3bcd8ae9 bda2d87f be4114d5 3eb2fab3 bf5c3bd9 3e721502 bf775ffa 3e7edcfa be3dacb2 3f4961d9 bf40d3b5 3e6d1513 bed32ebb bd247110 be23648f beddb2e8 3e9b9e90 bf506fc2 3eeb86ed 3eaeea9a 3e7f6523 3cee20e0 3e34dcea 3e86f679 bf7089f1 3ee362cb 3f02d974 be22b4e1 3f32efa2 bda6f8cc bf4abdbe 3f45e1ba 3e2f8474 bed6e2cb 3f11e580 bf101996 3f6b65f8 bf25979a 3f54f9dd 3edd0ace 3f098b80 bebbbab3 bf2eada9 bebf7ab0 3f202d98 be200cb7 bf3ea3ac 3ef4aed4 bf668df9 3e6ae4d5 3f260d9f be3dbcae 3f151f7c bf7cf20a 3e872a7f bee3c6e9 bf12598d bd2f1191 3f13a991 bf30d5b1 3f5445ce bd2bd0ed 3f1a2587 bea092a5 be844a7a bee57705 3f4723bd be790524 be4714a7 bef976e3 3e0ea4a5 bf33eb9b 3f7a1a15 bec466a9 3e23ccb8 3f3fd1b5 bdcd9852 3ed94eec 3f0f5582 bf04bb7e 3f5fd5dd bf5691d3 bd687133 3f5639c7 befa3afc 3e2c5c94 bebedeaf 3f751df0 3e08bc5b 3ed5e2e4 3f13a39a 3f4573c2 beccaace 3eceeeca be8b2a93 3e6abcce be5914a3 3f406fb7 bf7a1e07 3f5ccbd9 bf0b3b82 3df5f8f9 3f597bd2 bf7359f3 3dc798ce bd5430f1 bb837cbf bf2f43ab 3f092d87 3e663d09 bf59b5e6 bd8ae85f bce9a0fe 3ed0eab5 bf6403e7 3ea9e2a6 bb3507d5 3e653ce1 3ee6e2e6 3efafefb bf6e53f5 3ec5d2a2 bf7f001c 3f35e9b3 be0a9c94 be89ae95 3f547dd2 bdecb8ef 3f192f9b be7aad0e bf1a6f8b 3f4acfc1 bd2350e7 be8aae70 3f3443ac bf607bd9 3f758202 bf73c40a 3e8b8e88 3e7dad3b bb60fc05 be709cdd bf2e9fb7 3f6a97e2 bef8a2f0 bed6b6c9 3f002182 bef906ea 3ec05eae bf04717e 3f5cefe5 bf65b7e5 bed5decf 3f3df9c1 bf668bea 3f70d3f2 bef6d2ec be6824f1 3e8fe69c 3ec70ede 3e00f4a5 3f1a198e bf5351d7 3ec7cad3 3d73708b bf582fd2 3d2f5119 be11c4b5 3f1f679a bf4ad7bf 3d0691d7 bf05e37b 3f3439ae bebee2c9 3f00e579 3ee7fed5 bebf26b0 bd637046 3e81b26b bf6af5f1 3f5d1de2 bf09e171 be87be94 3f20358d 3d071039 bc67bfee bf5b05da 3eb596ad be52ec97 bd9b78b2 3f3a69c0 bf4c21c2 3f7a5407 bf761c02 3f6195db bf449dc5 3e3ceccb 3dc598f9 3f3e13b0 bf505dc9 bf344f9c bed3eac6 3d09f099 3e2a5cd5 3cd3e033 3ecd82b3 3f01cd6e be003cb5 bf3d0fb5 3f1b4998 beeb0ac7 bead26aa 3ec19acf bf4c77c1 3f590fd7 bf4db9d3 3f73bbfb bf23459a be1c9472 3dbf58d7 bf395ba3 3e5084e3 bf470bc5 3e889e82 
3efe8ef4 bf70f3ec bded5918 3f7aba01 bcc81fcf 3d22d040 bee09ab3 3d8a3897 bef4a2cf bf37eba1 3ed64ab7 bea20292 3e72e4e4 bf7a8c10 3e2cccab bf29c1ae 3f68d5f1 bf1a2d97 3f3f67b6 bf2781a0 3ec022bd bf00ed8b bf444bb8 3f06f384 3f57f1df bf5d71d2 3eebcacc bf3537b7 3f799609 bf5b51dd 3ede8ac5 bf4d13d2 3f160994 bf31d3a6 3f04e388 bea3a2b9 3eb386b5 3e66b4df 3f48cbd4 bee712d8 3cd96264 3e23ec8d bec70ad3 3f373bb9 be72c4ea 3f4ec7c7 bf082b85 3f57d5d1 be88be8a 3f10b187 3e2c54a5 bf42fdb9 bda418d7 3e27fc91 bf4d31cb 3e8d9685 3f5f2fd6 bf3265ac bf12d397 3ebc2aa9 bf5cb5d2 3f0cd790 3ef2beea bf289ba1 3da3a8d5 3f02cd8f bf0ffb97 3eacae9d bf58a7ca 3ed266d9 bf00ab79 bf1dd594 bf156794 3f7e2c21 be022c51 3f6133d9 bed9fed8 bdf7493a 3f6cadfb bf2c97b9 3f24ad9d bebc56ba be0114c6 bf3685b3 3f4903b4 bebca2c3 3f4f03cb 3e34ac5a 3f002780 3f170383 bf54a9c7 3cec605a 3e65e4a3 bf5fadd5 3f6113d6 bf670fec 3f7e221d befa06f6 3dbd487e beffd70c 3e767cdb 3f46d3c9 bd7c702d 3e2ce49c bdc1b8f1 bedf1ad9 3c36c3f2 bf016374 3e5734e6 bf6913e3 3f206b9e bf67fbec 3f15878d bf3765ac 3f4a79c6 bf6e91ff 3e782cfa 3eb252c1 bf2607aa bf038d8b 3e6ee4cd bf222f97 bf2df9a5 be4a9cb5 beefb2ec 3efcf6fd bf1d4993 3f380bb6 bf6bf9f3 3ea34698 3e9e7a87 bf40f1be 3f4c27cd bf4a69c7 bed6e6d0 3f79640d bf09777e 3e904e8e be6fe4ef 3f676de4 bf4459bc be34e49b 3f5c87ce be856a9d bd2230dd 3c96a1a9 3ee48ee1 3df3191d bf3233a6 3f0aef7a bf4ce1bf be3e34b2 3f025580 3dee58ef 3f16a77d bf3e63cc 3f3867b1 bf41b7c8 be36dcb7 bdeed8b7 bf4fd3c7 3f538dc6 3da67860 be0eac89 bf3cfbb8 3f6fa3ff bf6e65fa 3e84927b be938e8d 3f7975fe bee782e7 bf3f93c1 3f3ebdae bd029111 3f3319a3 bf0ae391 bdc17876 3f62c7e6 becc76c5 3f27a7a2 bf6ab1e9 3f58dfdf beed9aee 3ec73ac2 3ec1b2aa bec8baeb 3f3d3fb7 bf792407 3ec3eaad 3f41e3b5 bedfe6c9 be520499 bf122188 3e017c7d 3dbac85c 3e338ccb 3da8283a bd930871 3f759a05 bf6eaff0 3f4815bc bf24519d 3f5e25e8 bef80313 3e343497 bf3385a5 3f1dd792 bf7faa41 3f5e13d7 bf6549d8 3f57a7d7 bd10ef94 bec14eb1 3eac66a8 3f0fc997 bf02757f bf3187ac 3f212f93 3f4bbbca bf009b6d 3f5009d2 bf0f158d be10947b be8dca8c 3f7b2a13 bf59d9db 3f6027df bf4707d4 3f5b9dd5 bf63dde6 bd20f065 3f12e38e 3f5629db 3f203fa7 bf2a7da4 3f13b197 bf2a239f 3d3daf98 bf6fe7ef 3f45c1c8 bf633fe2 3f5c15d1 bf4433b8 3ea3e2a6 3e121c54 3e78ecc5 bee1c6f4 3e937eb9 bf26bd9a 3f3fdfb5 bb5500f8 3c40c17b 3edbeee4 3d940835 3f5defe5 bf61cbd3 
bedd16de 3f6d97f8 bdde88b3 bf5299cf be337c6c 3f0e4782 bd0ad032 3da93850 3ee0cab3 3e878297 3e022474 bf15f988 3f4f1bd9 be9db6a3 3f77ae0a bf6e87f5 3f1c0190 bed17ec6 3c4fc0a5 bdf548a1 3e2ca49d 3eb0a692 3f786211 bf712df3 3eabea90 bf14bf87 3f6f9bf3 bd16307a bf2f399d 3f3711b2 bd31f005 3eae8aa7 be57f4e6 3f34e5b5 bf093187 3e87ca92 3e38fcf6 befcead4 bf6c87eb 3f66d5eb be96f67e be8ba69f 3ee736cd becd82c4 be9b02ab be7d24f0 3d8d186b beebaafa be0e5487 be3464b7 bf118584 3f7fce28 bef836f6 3f022771 3eedc2e5 be8fb268 bf4029b9 3f6167e3 3d843889 3efd4ae2 bead7296 bd011096 beee9717 3ecf0ace bda708b0 bf3bcdaf 3ecd6ad6 3efc12f0 be429c8d 3f2a279f be84b66d 3f7e7a19 bc36c1fb bf1ef1a1 bd269103 beb74aac bf03db76 3eddeee0 beac9eb8 be9562a1 3f6f1bf6 bf4715be 3f607fdd 3d17b171 bdc868b3 bf109b84 bd043000 bf4fb3cc bdc4f84b bf75d3ff 3f76fbfc bd859879 3eae96c0 bf0a397f 3e2c2ca6 be8b2282 3ed0eee0 bf0b2f8b 3f15e386 3e4bfc96 bd1e503d bf065b88 bf1c2992 3f4179b5 bf3f07bc 3f48fbb6 3ed13ebb bebda6b8 3eff3b03 3ea10eac bef3e6d3 3f3e1fb5 befd86f3 3f787419 bef1faf4 3ef93edd bda128c8 be8d6ea9 3f59c5ce 3f1d999c bf2a95a7 3f54a3d9 3edeb6df 3e4e5ca6 3e12bc80 3ee5fada bf4a39c6 3f7b460a bf11eb9e 3f1eef99 befa8b07 3eee7ac3 bef556f0 3f77440c 3bec805c bf1a0b96 3ed8febd be334497 3e9ae285 bf604be6 3f4f65d3 be0fd4cb bd3cf188 be834283 3f1f5395 bf256996 bda1a8d2 3d2b3087 3dff891e 3def2889 be193460 3f18a391 be9b1281 bf5bb7d9 3f17df8b bf02f368 3e88ea81 3e678cfc 3f01c97b 3e28ac74 3e5d2503 bb3b0068 bf2c519e 3f01e388 3df098aa bcef208f bdb8e906 3f606fd2 bf050975 bf5601c3 3f19858a 3f67c5dd bf74ae02 bd274fd7 bef91adc 3e2524d7 3ebf3ab0 bf59a9e2 be4f64b4 be28d4d0 3f3a75b3 bf6f45f3 3e416c85 bc553e87 bea0e6a7 be110479 be1bcc98 3f5e4fd4 bf0ba383 bf19e98c 3c344041 3e8b926d 3f5527c8 bf5c0fd5 3f4ac7c3 bf50a7d2 bd3390f7 3eeeead3 bf7c4a17 3f342ba5 bf4c7fce 3f386bb6 befb12f0 3eab2ab8 3e8c0a86 3ea99ab6 bee9defd 3e6854c7 3e6a0cdc 3e144485 bed62ace bdb0885d 3ee17add beb0fa8d bf0de58c 3e847e6d 3f3273af bf474dc2 bdf81892 bf01f577 bc334171 bd864881 3f3c3db5 be8fee97 bf44abb9 3dd41927 3e0de46d beb972b2 3ef38eef 3e5844ac bda2286c bef5fadb bf679df1 bdfc7924 be705ced 3f02c976 bec3aeba 3f218da0 3d9838cc 3ea0eaa6 3ec40ec2 be3d84b1 3e84ea88 3f27059f bf3c87ad bd5cf051 3ec6e6b4 be08c446 3f1ed79f bf7e2c1e ba9a089a 3edf2ae4 bf558bc7 3e57fcd6 bf473dca 3f32a9a4 
