/*
 * @(#)BlueNoiseData3_128 * Copyright © 2026 Werner Randelshofer, Switzerland. MIT License.
 */
3f4e5722 bf5d1f28 3f141640 bf543f70 3d92e036 3f43f6f9 3e9d8a47 bf4e46f3 3f71c7ba bf5f5755 3ee2fb95 bf0f45e6 3d18bf12 be10927b 3e1d51a8 bd01c1c0 be7cb37e bdf9e471 be99da9f be39d1d9 3eabfad2 bf5f0783 bd44c0dc bf01859c bf72a7bf 3edf3bbc bec4eab9 3ec78ad0 3ecb6b50 bf505f69 3cd7830f bf12f62d bef33baa 3f04ae0c be0f3267 3f54270e becc9b21 3e2df2c0 bf6a3f9f 3f4f673f 3f3056b3 bec06a1a bed17ae7 bf6acfb0 3f4e3757 beb8fb5a 3ed96ae6 bf4b2749 3f4f1f0e 3f54f74b bf4cdf27 bf468719 3f589f70 befecb66 3f0bb603 3eea8b40 bf7967f5 3ef99b06 be2772a4 3f559f5c bc1b1183 bd07c3f7 bf41beff 3ecbdac8 be5dd32a be0b12e6 beaba9f9 3e0d51e3 3f6d47a6 bf6a4fd1 3f586731 bf700f8f 3f222682 bf26d666 3f22be9d bdfd62bd 3f14ae2b 3ddee1ce bf667780 3f6d8fec be45f1f4 3d1dc1da bd7e459c be5e72b8 bf6ad7e4 3f6fa00c 3e71525f bebcbab4 3f78e039 bf652f97 3ee45b9e bf37aea3 bf55f73b 3f7e6876 bf779801 3f637f5b bf50df2a be8419c6 be7d3437 bf78e82f 3f28c654 3ed94ae6 3e103307 be8389f0 3f2cb678 bf4bf725 3e9aaa13 be9fda20 bed86ad6 bf373ec4 3f750811 ba705706 3ede6bcb be80b95b 3f38cebb bf3a9edd 3e978a03 bda81f88 3ea05a8b 3d3dc301 3f55b6e4 bf6dbff3 3f4ca6fa be35132f 3f3d26e1 bf7af0b0 beb2ba5a beeccbc7 
bef04bb0 3f12cdf3 be989aa6 3ddfa3aa 3f544728 bf5be761 bec02acf 3f33a68e bee81bfb 3ee24b02 be08515d bc9d88c1 3e81f980 bc0b16c8 beaa8a7b 3f133e45 3dfea445 3ef3eb48 3e8d6a33 be2652f8 3e46933c 3f316e56 bdd66420 3eed7b1c 3f782ffd bf56af8c 3ec81b13 bd6ebee2 bf43d6e2 3f6a1fb7 be4432d9 3f59ef57 bdaa60d7 3d81a24c bf449739 3d7fc0ee bf16ee19 3f710ff0 bf064e03 3f151611 bf7cf83b 3f3e46af 3ead8a34 3f7577dd bf271668 be2973a2 3f2e8671 bdcca39b bf0e5661 bf19666f 3f0cb61c 3f39befa bf3926ba 3d972136 bf62b76d 3eff6c07 beff1bbd 3f274ea4 bf23668d beef4b2c bd57c325 bd8a227d 3f3786d7 bec17aac bdb6e1b8 3e92e9e1 3f3f5ec5 bf6b17ff bc9086e5 beb6dac4 3f67afad bf494ed2 3f71fffb bf4b0f21 3f4a472a bf52b725 bf489f1f 3f3e6ee5 3e4ff344 beadca28 3e8649c4 be9a79e6 3f339eeb be9d8a8f 3f5d0f48 bf369ee0 bd94a2ec bd18c1df bf4e5759 3f62b77d bf6a8f8b 3f5d3738 3ea17a1b bee83ba7 3f17e65c bf1efe45 3f70b01f bde2a29d 3f49b6c8 3e825a16 bea90a86 beb9bb28 bf1375f5 3f09b601 bf72d027 3e920a39 3e2f32df 3efdcc23 3eba1ace 3ef04b5b bf0d0e4c bef6bb73 3e25d38c bf3d6eac 3ed41b87 be8c9963 3f0f2e2f 3dcd6101 bf5dbf7e 3e86f989 bf0a2617 3ee51b7e beeb6b74 be5f5287 bf4436c0 3f7a780a 3eb04abf 3efb2b30 
bf745fda 3f44f70a bee58b39 3ec53a40 bf680fa8 3dcfe2db 3f5dd73f bf0325fd be6732cf 3e74d391 bedbdaf3 3f246e78 bf38468b 3f63b7b3 bf4606c8 3e149274 bf40de8a bf4076a5 3efa5bda bee7bba8 3cce8047 bf62bf74 3edfeb16 beeacbe4 bf4126ee 3f6d17ca bec12b0c 3e21527a 3e243131 3e937a23 bf70e800 3dfa64ab bf290687 3f6f27fa be33b18c 3f7227e0 bf0bf5ee 3ec5aadb bee77b87 3e7a935a bf309680 3ea4fa47 bf5f1f94 bf496f49 3f715fbb bea0fa83 bf7c9064 3f5d6768 bc650cce 3effebd2 be956a71 be979993 3d6ec35d 3f67a797 3ef30bc1 bf26167b 3f75c7cd bf553f47 3f72680a 3d2ec307 3e9339f6 beb39adf 3ee1db50 bf482ee3 3f7b1842 bf15a5f5 bf2eb68e 3f376ec9 3e9e29f2 3e81397c bf1a1e6c bdba22d1 3d86e12c be2e7290 be5633f3 3f31f688 3f558f48 bf7db058 3e54735e bf29fe75 3f3456ef bf193663 be7a33c6 bd9c63a7 3dd1e15b be6ed282 3dbb1f3e 3f55cf18 bf08d605 3f224e4d 3cac80b3 be8739d0 3e6df344 bf3616a8 3f48c6fb bf55d6ff 3e26d349 bf0405f2 be9199b5 bf0fe5f4 3f4596fe be7c9333 3f707ff3 be8eb9e3 3f5b47b3 3e52333d bf5ef791 3c24f4a6 bf51a72e bcae87c9 3ed26ad6 3e8359e5 3e8eca3b 3e951a97 bd3dc4dc bdcda4de bef17baf bdb8e115 3f2c7e9b 3e88399f bebefb23 3eb1cac7 bdd8619a 3f4e86e5 3eb03b2b bea4ea2f bf766045 3e92f9f1 
3f55273f bf0ff658 be0d9292 bc191fc0 3f3c9ea3 3e4cb23b bf7b2025 3f3ad6d2 bf035e16 3f79d840 bf527f4b 3ebc6aa0 be041220 bf284ea9 3f608f76 bd12425b 3f61d7aa 3f61ef8d bf6ba7fc 3f4a6ebc be13b1df 3f7fd0f1 bf5bff38 3f50ef1f bd8ba49d bedf3ad1 3e97aa00 bf0eee0c 3edd8b55 bf008e1c 3eae4a5b 3f4f0ee1 bf05c5ca 3df463b6 bf79d032 3e8ce9f7 bef32b90 3d5ec450 bb6bc518 3ec19a92 3f1f8655 3e3c72fa 3eb5ea89 3f30f6af bf767012 3f5c8703 3f370edb bf6f2fea 3e3b9231 be2ab30c bec04a7a 3f3396b5 bf481ec7 beb95af4 bf66af8f 3f766ff8 bf53e707 bcfb7eee bd9422c9 bf4c16e2 3f64ef71 bf3f76d2 be15d250 3f00ade1 bee92bac be47330b 3f733ff3 bf0c8e21 be73744c bf539785 3f762fdd 3d7641a1 3da21fcd 3e8619cf be3d7309 bed41b1f bf185de6 3f40e700 bdc6a277 3f655f7f bf35bee8 3ecd7b66 3f49ff1f bf15c65d bdba61a0 3f151e17 beb26a58 bed3dbfb 3e75d451 beb74aa2 befa2c55 3ea5aa45 bec13b40 3f25f671 bf076dd9 3f175e85 3e1552e7 3d82a3d3 3ec23adf 3f084e0d bf3826b9 3e4b9325 bee52b7c bf36eec4 bef73afc be01d1ad 3f224634 3e5b332d 3f02061a 3d0dc216 be271265 bf39fecd 3ed58b45 bf6127be 3efd5b94 bd7fc87f 3f595f7e bf58b772 3ed21b83 bf76a05f 3f04260f 3ea03abb bf726000 3dada299 bf54af53 3ec67b23 3f108618 3e5212a8 
bf144610 3e1012d3 3f538719 beea7bb9 bf227e36 3e7e1434 3c9b8bb2 3e91ba56 be8969cc be92c9c3 bd3bc700 3f123e35 bf063612 3f7f70cf bf1fae5c bf465722 bef40bae bf34e6c9 3f030e17 bea4ca2e be0dd264 bf4eef45 3f77e025 bf74a03a 3f44971c beabba11 3ed8db46 3d1d4137 3dd46091 bee3fc0e 3f24163f bf6947d4 3e34f143 3e9b79ae 3f416efb be95ca0e 3efbab5c 3ecaba89 beec6b1d be8d59bc bf207ea0 bf377e8b 3d344347 3d24c531 bda0a29a becaaac3 bf361ec0 3f4976eb bf13964f 3f765824 bf1df66a 3ea31b11 3f0f45dc 3ef29b8a 3eed6b47 bf103680 3e8089dc 3f5c4730 be8ea9f4 3eedac0e bf205e58 3f05ddf8 3f1d9e56 bf2e5ebb 3ef67c02 3df7e45b be85d9cb be8f29c5 3f120def 3f44fedd beebdb43 bf0a2e01 bd87a1c9 bea63a24 3f24ce77 bd5744b4 3e3fd26e be517303 bef84bf4 be5b338d be6773db 3e613250 bf56c71a 3ebbfb1a 3f184621 bf66f787 3f15a61f be883a0a 3eb5a9ce be2ed399 3f31ae8d 3e9059ce bf2a4e68 3f27169d bf303ecb 3eab1a40 bf4636b6 3edfab61 beaf2a6b bf41deda 3f786037 bf202e89 3f33ae7d 3f342ed1 3f44a702 bf080e06 3e7913c4 bf6e17e9 3ef09bb9 bf44ff03 3f1cf62f 3ef6cb65 befdeb7b 3f517f32 bec3ca8e beac6a5a bee29bbb 3f7f50d3 bf190611 3f68cfa3 bedfab80 bef44bd7 3f73a7bb 3e683209 bdd4627d 3f32268a bf54ef76 beb62a74 
3f59c75a bf78b81a 3e18d13d be56d461 3f433f1d bf0d761c 3f093614 bf678f95 3f7e2075 bef31bd7 3f28b615 bf5c3783 3f0fee3f bf7d007b 3f0e4e2d 3f3cdefa 3f792858 bebe9aff 3f293e8f bf3b0698 3f73b808 beb1ca5e 3eb36ae6 bf246e7a 3f2e0e5d bf6b3f9e 3f007dbe bf4def1e 3f127e1c 3e4bb2d5 bebcaabf bd56c455 3f3b0eeb bf478ef2 bee8db49 3db62413 beeecb40 bedbcb4e 3f051e09 3dd86353 3f74fffa 3f13ce24 be3f31f4 bea6aa5c 3f037dd6 3ebcdace be4a5324 3f4d8746 befd8bb8 bf2b4e56 3f7857f0 bf735813 bea059b8 bf5db772 3edf7b37 3df8e47e be8209ff bf130614 befb4c6b 3f575f44 bf15fe22 3e4172b5 bf2ff6c2 3dd922ad 3e33f36f bf2cf6b0 3f16961e be465264 3d1bc4d7 bf5edfb3 bdd5e3ae 3f3b46e0 3f06bdb6 bf111e7e 3e85b986 bf2d769f 3f77f031 bed35af1 3f2d368d bd2ec225 3f24d692 be87b9d5 3e5d53a4 3eaecaa9 bf63df87 3e00b27e 3f454ee0 bf720037 3f6d97a6 bf285e65 be5f335b be9a99ff 3dd2234c 3ec89b07 bf07fe1f 3f240e69 3e65546c bf05e5d4 3f422f00 be025121 3e28b245 be80e9a4 be7f535d bf1bee80 bf7aa839 3f5aaf52 bf3136a7 3f69e7a6 bf0d5635 3f2f267c bf2aa6a9 3dde633d be99ca69 3e8a4a0d be996aab 3f34b683 3da86167 bf573f54 3c1d0239 bddee3c9 3d9be235 3ec92ab0 bf3d16b8 bdbea220 3e01f38b bf166639 3e83c9ee 3f0c160a 
be8e0a2d 3f0d861a 3e1c5207 bf10a616 3f356ed3 bf0cce2e 3e199212 3ebe9ab9 bf4e371b 3f0185b7 bee32b86 3dc2244c 3ef5eb98 3d8f228a 3c3d0221 bf6efff5 bf197e1a bde4e286 3c6efcda 3e283303 bf2c1eb4 3f625f5e bf6e6011 3f7127c9 bf161645 3ee80af3 3e5bf46b 3e319264 beb94b27 bf02ddc3 3f58d751 beba6a89 3bf23b49 3e0d3203 3e60b2a3 3f4d2f3a be9cba41 3f020e0a bdefa313 bed50ab8 bf52a711 bf1b9e39 3f5bff6b bf0c4de9 bdf82370 bd06c273 3c847a6b bf7ca055 3ee32aef 3f2f466f bf67f7d7 3f46eee6 3f3acea5 3f0915e4 bf21868f be93ca68 3f177628 3ee46b98 3d7a4725 bd8ae28b bd8ee374 3e5293e4 3f096dff bef63b93 3f668761 bf1c2e6c 3e67f359 3df865ce be61136c 3f0f560a 3f316695 bf6b9fbe be8989e7 3f00bde5 be9a0a64 3ea5eac4 bf275e57 bef62bb9 3e834989 bec6aae6 bf331e93 3f1cbe34 bf159634 3bfa0141 3f3e4ec2 3dac62c0 bf1b5695 3eb37adf bec00b47 be10d181 3f4cb72f bed0db55 3f214ead bf74eff3 3f22563b be8879ff bf1b3627 3f30dec3 bf178e56 3d5ac260 be8bd9be 3efd6bd6 3d28c109 3ec43aee 3f4b6753 bee1bb87 3eef7b4a be6b1376 be7e93b0 3ef8dbfb bf0375d8 3efa0b99 3d8b222f bf134661 3ebf1a78 bf14ce5f 3d9960f3 3f2cfe82 3ee81af8 bebcda99 bd77c423 3e42b2c3 bca282e3 3e932a89 bea14a8d 3f029dfa 3e3c52c4 bf514f41 
bee95b70 bdeae4c7 3e67546e be4c135a bd04be35 bf135e0e 3f74dffa bf4186cb 3f515f4e bf370699 3f6a1792 bf05be2f be40d1d0 be5753eb 3e22723b 3f2fae7e 3deea306 3f65576e bf721817 3f219655 3d7cc31d bf540f44 3f188e4f be1ed1f5 be9e8a78 3ecc6b48 bf467710 3c6503ac 3f59a743 be0cf228 bee89b84 3ee74b94 bf56df5a 3f4036f7 bf06f5d5 bf324e97 3cbf8241 3eb01aaf bf4faedc 3f71f005 3f0b0e1d 3e895a50 bf57cf29 3f72900a bcdc82fe bee30bba 3eb599d0 3f21061b 3e723434 bf764810 3f6edfbb bf4e6f34 bf23765c bee67b07 3f4b8f23 3edfdb78 bf6fffe5 bd5142a6 3e4ad1e4 bf646773 3f6c97fc bf4db716 3d0d4020 3e2cf29d bf55a741 3f2adeab 3d942079 bf41169e 3f544f53 bf569716 be68936f 3e3772ff 3e95ca37 bf1e6e83 3f3eeed5 bef9bb54 3f400730 3f4606d8 bf043dfc 3f49af1c be2a3216 3e86e9c5 3e311238 3b861e7b bf600fb6 3e0cf241 3dc9235d bd03c27f 3f14de17 beb3ca4b 3f019df9 bf7cd863 3f38f6a0 be9119da 3f06d5f6 bf1dc638 3f555f57 be635487 bed1fb65 3f61e784 beddaaf9 beb35b11 3ef75beb bf7a7873 3ee92b22 bf46c718 be1d52e1 3ebd79e0 beb75ae5 3e1e12d6 bd53411e 3e2bf33f bee45b79 3f737fc6 bed11b48 3f10bddf beb4eab8 bf47c70d 3e2e73b1 be769432 3e269268 bdc721a7 be0d520c 3e8f2976 bd6841ae bdb6a44f bf0f6e21 3f7c308b 
3f5f474b bc530ac4 bf353eb9 3f56477c be1fd1e9 3f1bce63 bf44d742 be2292c3 3f0655f4 be953a24 bf2e6e9b 3f780074 bf235e74 3f67effd bf304e96 be58d3f3 3def254a bf791050 3f6b478b bf4c572a 3f1f95f7 bc110b7a 3f13b612 bf787033 3f79f83c bf4fcf4e 3f6b57ea beb47a7e bf159e59 3e153205 3d3645c8 3e1952b9 3ee29b26 be74d430 3b4c0112 3f233e77 3e63d404 bf34d6b7 3f3c66ad bf228e64 bf15264d 3f0f6dfb bec25ac9 3e5dd3af bf744802 3f7f68c2 be3a930f bf335e96 bf24d6aa 3f7d5086 bf613f7e 3f6ecf5e 3e92a9f1 3ec9baa9 bf64ffae be9e6a78 3f71e032 bf137df1 3f0535e8 3e981a9f 3e2c9246 bf0be63b 3f72c7d4 bf3a96b3 3f6d1fa4 bf791824 3ed06b32 3e4c3446 bee44b99 3f12a649 3e0511c9 be493279 3f6a37a7 bf2d9671 3e8d3a17 befb1b69 be6c925f bf30f671 bed9db05 3e9dfa40 bef49b9f 3e819a3f bf76882e 3f53af83 3f097e3e beb4ca97 3f3906e8 bf4d2f46 3e90ca73 bf2c9ecc 3d14c14d 3ea3ba65 3e2d5123 bf61ff70 3f6a47c5 bf783009 3f0c2e5f bf28f69e 3f692780 bf7ca82f 3f40b701 be87da4f 3d46c18e 3e894a05 be16b254 3eec4a8f 3f5d87ae bf7e3870 3f4306dc beb6aac6 3db1a259 be2631ec bcd37f8a bddfe205 bf41cf09 3e3a31d4 3eecabc2 3f0d2df8 bf01a5bf 3eb5fa81 3f2156cb bf56a756 3f37fea8 bf312ea0 3e4792ae be9559e4 3f5a1750 bf800000 
bf6c2fc1 3cb98442 3f24ee93 bf05cdf2 bf21d64b 3e76f30a 3f1fc689 be9d9aa7 3d90e105 bcb67cc5 3f2866b2 bf6c9fab 3f4df732 bf6847de 3f1bde02 3db3e478 be6fd336 3e36928f 3f17be20 bf58e740 3f2a6e8b bf657f6c be28b1a2 3f42aeff bf530f07 3f665fcd bf593f24 3f1e8e3d 3dbda4a0 3d2cc251 3ed23b26 bf73bfcf 3e87a9d9 bf33e6a4 3f682f69 bf6d67d4 3e2f532a 3ead4ac4 be18332c 3f338691 bf607735 3f500f17 beec3b53 3ddae46d 3f63d7b4 bf2aeea1 bec4faca 3f4d2703 3f44e713 bedbab49 3e40511c bee6bb6c bea65a78 be0993b8 3f7b2874 be75f2dc be0cd1a5 3de9a404 bd46c34e bf582746 bd87e105 3f3326aa bf77d81d 3f032e10 bea32a2e 3f6c0ff2 bf69f797 3ee27b59 3eaf2ab4 bf716ff9 3f490f16 bf78f876 be383267 be972997 3f17b667 bce48654 3f0b6dec 3ee12b40 3f3036c1 be9d1a24 3e7e73e2 3cc38c4e 3f25ce9b bed67b7f bf6bd788 3f0fbdfe bf46eeda 3ecc4aae 3dec21a9 3ed95aff 3f083614 bf6b2fde 3f1a65fe bd9d235e be00b1a9 3eb2cabc 3eaf9a8f bf3ccead 3f1e762b bf376ea6 3eddfbab bd8f20da 3d16beef be4bd346 3eac7aa5 bf42ced1 bec6caaa 3e1a71c2 3ef83c0e bf4ad6c8 3f3c06bd bd66c434 bd9ee545 3e3b5175 3f73f7fc be489273 bf68c7b9 3df2a2b0 3f03fe2f bf175e37 bed77b54 3d43bffd 3ef19b33 bf0f563f 3f5a2f67 3d23c434 bf5b2f92 3f5d7783 
3e902a0a 3eadca87 bf0c9ddc 3e950a58 3f732fed bf510f64 bede4b5d 3f401ef7 bf04ddf4 beec1b3a 3f61375b bf4d2746 3eb8bab6 bced84d7 bc9f8ae7 be08b216 3f0f95d6 bdc422c3 bf310e98 3f4136e6 bf0bfdf2 3f42cec5 3ea69a5f bf63f7be 3f697f5a bf6557a7 3dd9e27a 3e6e92f5 bf232e7c 3ecc2a91 bf5b0f31 3f79704d 3ed0daef 3c8a7ffb bea41a4d 3e253220 bd70c39a be2df291 bf3d4ea0 3e6d5321 3f31de9e bf431f08 3f0445fb be46f362 bf4ccf20 3ecd5aef 3ea46a46 be7912d3 bf6a97bd bec4dae4 3f30a6af be3692d4 3ed38b04 be097258 bf2a2e9d be1350d5 3f1ece61 bf5daf4f 3f250616 3eb11a52 3f09ddb0 bf6ef7e0 3f7d589f bea80a38 bee20b30 be6ab34e 3ecd8b02 bdc8a1e8 bf32de8a 3f716fe5 bf12adf7 3f5fffae 3eb13a69 3e818a09 be0291fa befb0be7 be808a08 be9f5a37 bf633fa6 3f120605 bf663f78 3f301e92 bf5a8f41 3ea02a9d 3f31e6cc 3bb9efa4 3dc962fa 3e97da95 be7a93ca bf6ae7ba 3eed2b7c beee6b4b 3f1ade3e bf10ce3e 3f1ed614 bf3b1eb1 be68f4dc 3f6c47a0 bf286696 3f7da064 bf0d4608 bf09a62e 3f5c973b bf506f51 3f0d5e18 3da6634b 3f18365a be7ef429 bf0565ec 3f349ec2 bf516723 3d73c1bd 3ee18b80 bf44b713 bf06fdfd 3e24d261 3f04162a bddc639c bec90b2f 3dc2a316 3f703fa3 be852a24 3d05c475 3e4d5357 bf7b9878 3e65f30d 3ea4ab24 be057177 
3e533366 bf306e86 3f43df15 bf6e7fe1 3de2e265 3eab6b07 3e8d29bb bf20a66f 3f3aaec0 3e8d09f6 bf416eb8 3e999a78 3f269eb9 bf33fe96 3f352e8d bf7ad83b 3e38b2cb bf1b1625 3f624fbb bef52bc1 3eb3ab4c bf13e61d bec36b0b 3f794053 bf792830 3f55373c 3ed13b2c bf09de24 3eacfa44 3e11b215 3eea3b7f bf1e5e51 bf41e6fa bdd36300 3f26be7b be804a51 3eca7aed 3e99aa7e 3f654f8a bf4c0ec4 3da261cb bd653f1d be1b52e9 3ea47aaa 3e930a36 3ed3daea bf114e06 bc7700f9 3f4f36dc 3f450f13 bf1a467b bdeaa5e2 3e3ab2f5 be8639dd 3f60b76d 3d65bdd0 befbeba6 3f2f96b8 beb01a83 be98ea42 bededb1f 3e9d4ab4 be8d1a22 bde96354 3f70e7e8 bea87a78 3e48d4c5 be6193db 3f24f68e bed48b0c 3d3d4379 bf6d17e7 3da9e39b bf3af694 3e2d132a 3e7571d4 3f259e91 be934a0f 3f4adef6 3e1b124e 3c9c814e 3ed04b33 bf1be66e 3f520eea bf562f54 be98ab1e 3eb38b30 bf5d2f7f 3f54bf68 3d8e2200 3eaf6a11 bead8a6e 3eeddbc1 bf668f58 3f18c618 be36535e 3f21fe90 bf74281a 3e423225 bf49fef7 3f39c6bc 3ee93b9e bf4c671d 3f794833 bf7ab82d 3ebaaa8e bf2e368f 3f3aa6fa be8d8a51 3e6a73f4 3f16763f bee00b61 be095346 3f6977a9 3d9922c4 be7673f0 3f34f6f0 bf6fa7c2 3f742fe2 bda5e388 bf67778b 3e9369f2 bf7c4056 3f33beac 3f4356f4 bf04bdf7 3e57d361 bead1aaa 
be64732e 3f0d1e2b beed6bd1 3f6c8fa4 bf13c5f2 bea579dc 3f3b268e bf3bd6a1 3e4cf29b bf389eda 3f578772 be6412a3 bf32feaf 3df123e9 bc6301a0 3f594f3e bd99622e 3f45eefe bf7b306a 3edf4bc6 beff7bea 3f1c5e3c 3e2c73ef bf64c763 3f5fdf75 bf148e36 bf3c06c9 3f0b9e47 3d82e449 bf2b5e8e bda2a200 3ec54a7d 3f36dedd 3ee15b9a bf6c079d 3e57f44a bf23f650 bf0235dc bf45f721 3f77c81b bf45e70f 3f6c87ba bf2caeae 3efbfb07 bf5f2f9d be7153da 3df9a18e 3f0d05fe bf7d3856 bebd7a80 be8189c5 3f1f7666 bec37a5f 3da020c7 becbdb09 bf16de17 3f48df16 bf32aeb1 3e88da37 be5c72b6 3f0ab609 3f055dc7 bf4d66e1 3f298666 bf54e74f bceb7e37 3e89ea12 bf20d671 3f11de15 bf5a5752 3f7067fd 3eadfae5 3ee1fafd bb5c313c 3f3276a6 bf216e68 be3c12c5 3e38728a bec68ae4 bf0785dc 3e54139e bebd4ae8 3ea56a24 3b923347 beb2eb04 3f3f268c be5a335c 3edb1b72 beed5b7b bd3cc2ce bde164bb bdd7e562 3d75411b 3f06e613 be15f2a2 b9a142d2 be80d9ba 3ee4ab28 3f1bc66c 3de3e472 bf0c562b bc2eff09 beae8a62 3e7112ef 3d9d6242 3ef33bb6 bf172683 3e47132d be814a5a bd88e11b bf6e6ff5 3f6d6f7d be983aef bf67c79f 3f3146ab bf15760a bf2f466a 3f5bd753 bf5b4f48 3e6a3551 3cf57f7a 3f442ed6 3f3436a9 bf0d3ded bf60b789 3f36eeb0 beadfacd 3e7cb437 
bf3eaec0 3f1a862e bf1bf638 beac9a1c 3f799891 bf501f4b 3e9279da be3312cf 3f643f5f bed45b3f 3ddb6266 bdf422a3 3f16f67d 3ed17aff bf237e88 be7cf3c3 bf4906db 3d37c22d 3e915a8b 3e2b126e 3e27b307 be8ab9b8 3d3ac37f 3f4a4ed3 bf7cc88a 3f4f073d 3e5453be 3d816236 bef36b9d 3f7b6082 be8e19c7 3daa21e7 bf7aa054 bde7e2ef 3e80b99c 3f294e93 3e9b39f3 3f4c975c 3f1b9e68 bf22863d 3f02b5f2 bee8fb53 3ec03a70 befd2c77 3f51fee6 3ed7cb67 3c16ef76 bf2b9e99 3f557f51 3e5133c4 3f0ebe1b bee19add 3d1a42d9 3e5a337e 3d8221e3 3f47c6de bf14065b 3da46264 3ef0eaff 3ea63a42 bf4eb700 beba0a98 3edb2b7d 3dd56322 bebf9b31 3f76b801 bf403715 3f70d80d bf58a755 3f5d9746 bf75482d bcaf896a bf797012 3ef22b75 bf03e5d3 beb99acd 3f3bd6e0 bf660f6a 3f5e6767 bdbaa103 bd043dd5 3eaa7aea be633348 be3f73e0 3e997a5e 3e713282 bf577778 3eb90afc 3e881a24 bece4aec 3e9049fb 3e74b396 bf11b616 3dc8e539 bec1faa7 be54f400 3f074e3a bf51ef47 bed58af7 3e733360 bdb2e3c9 3ea33a79 3f249eac beca6b5d bf161e43 3f12ee50 be9faaab 3f4896e5 bf1e7674 3f529f26 3e80f9f5 be825a3b 3eb63a50 3e2511d7 be9e0a0b 3f5b7f78 bd45c047 3f110e3e bf1d9623 3f34c64b be981a21 bf3366cf bf5ccf3d 3f2cbe62 3e02d22c 3e38d380 bf18ce74 3f541f3f 
3f56f721 bf7f9915 3f7167a4 bdaca414 bf1c5691 3f4f2f09 bcde8d49 bebb2ae0 be9aaa3b bdad6328 3e293286 be800977 bf061e08 3e0432ac bcf98298 3f0fae30 3f4b972f beb70ae9 3e70f3a5 bf71c7c3 3f3f1ee5 bf3beedb 3d1845f9 bf25be92 3f63e7c1 bf1aedfe bec99b59 3f1fe679 bf776011 3f15e637 bf78d069 3f444707 3d6a420f 3f475ed3 bf283679 be854995 bf7577df be6953c0 bf7a5027 3eef0c3f beaa1ab1 3e5b9301 bf18ee83 3f673fe3 bf5f4f3e bed28b70 be70134e 3f21b691 bedacb0f be623366 bf4b5f0f 3f4fe74e bf53b717 3f5fb761 bf3a7673 bf36d6b3 3f6917c0 bf0165d6 bea9fa76 bf1ec664 3f693fea 3e93baba bed1ab10 3ec51abb beb58b1e 3e8d59eb bf665779 3f505eff bf447f22 3f583f2f bec3aafb 3f38b708 3f01b5d3 be78b4a0 3e67d41e 3f1d1e7b 3e5752cc be5ed2fd 3ed03aca bf1f066c 3f78088d bf4d0709 bb81ee68 3f2bf67d bf3346ba bedb5b63 3f7dc871 bf267e67 be6c338e 3f7af862 bf7e88bc 3f41feb7 beb80b1a 3f12de32 bce97e6e 3f2a0646 bede7b17 3f13065f 3f09c617 bf3516ba 3f451f0e bf321ef8 bf596f35 3f357e96 3eef3b66 bf3b86db 3e998a82 bf298eb3 3e9ada57 be9c1a60 beaada81 bf036e1b 3bee2188 3eb09abf be8d69d0 bf0e6dfc 3e54b3dd bf6f7fc7 3f1bbe60 be0b5250 be585348 3f56ef0c 3ee9abf5 be081262 3e4732bc bf0beddb 3f4c26ed bf7a1073 
bf20ee77 3f714fda bf142633 bd816130 3ea68a80 bf611758 3e984a41 be13f344 3f6e77b5 bf13860d 3f18be45 be21f273 3f5ca76e bf654f83 3f0dce40 bf0d7e52 bed89b32 be1971a0 3eaabab7 3ee68bc2 bef7bb16 3f53f740 3eeedb9a 3e36d278 bf591753 3f6a0f9a bebeca10 3cab809d 3f51ef49 bef60bf4 3f39e6c1 beacbb49 bee02b48 3cdd7367 be2cb28b 3f23369b 3f39968b 3efadbd7 3f07c63a 3ed05a91 bebdeadc 3ecdfa8a 3ed0eb39 bf367ef2 3ed47acc 3e8e9a18 3f6757ba bf7bf083 3e2ab2ce 3f06ae14 3dc722e8 3e505326 be3171e6 be749414 3e8b8a08 3f6effee bf6aefad 3eda1b2a 3f59b787 be5d93fe 3e0a51df bf705fb7 3f275693 bf533764 3eddeb7c 3e1f52de bbce145c 3ef18aff bf73aff7 3f3256dd bf7a0060 3e3bb1ef beb60a34 be0e11ad 3d2fc33b bf5a2758 bf0dbe14 3e8a0a60 bef7db3c 3e2371e7 bf73dff7 3f0b4621 3ebd5ab8 bf07ddfc 3edb8bed 3f264e8f bf53d742 3f51774f bd99e0ec bf41fef9 3f10b637 bf0065f3 3e4e9210 bec24abb be7b5474 be50327e bf116e2e 3eef4b66 bf7f08e1 3f6837ad bf433e9a 3f4726f0 3f0abe40 be71f350 bf4e1f50 3f7ef8ac be966a82 3eea0bc6 bd02c4e8 beb3ba4f 3f5f7791 3f32be60 bc6d011d bf4d5f08 3f5b2f74 be63f1b3 3eb109e8 3eaa6ab1 3a87e38f beb64aca be133290 3e73b333 bf6f1fd4 3e54d413 bf4dcf02 3f6b0f92 bf6f5fcd 3f68efd7 
bcee7fde bf13b5df 3e389373 bdc9a044 3f51171f be9baaac 3f3da6d5 befe0c38 bed33ac5 bc6ef0a5 bdb92187 bf0505e5 be299255 3f513726 bed88ad7 3d9523bf 3daba328 3f2306ba bf5e2756 3e5e1437 bd13c2d5 bf3d9ed7 bf77783e 3f354e9e be8eea36 3e82c958 bebf7af2 3e99c9e5 bf72ffc6 3eb44a75 bf18fe3a 3ea75a14 3ee00ac0 bf1c9667 3f493ede bf394eed bf14b635 bee3cb7d bf48cef8 bc67084c beca2aaf 3df1e1f2 bf05f617 3e4b12dd 3f158e1a bf2b1e97 bf7367db 3f65079a 3d06c04e be5bf32b be89b9c8 bef6cbdd 3f777855 bf04d60e 3e2852b0 bf6b27fa 3f4cdf40 bf6027b2 bb4bec9b bf1e9e1f 3f30fea7 be6393d4 3f3bc6c8 bdffa3b8 3edafb7a bf7fb0e5 3ee21b2f be9bcaa1 3f3b2ecb bebd3a99 3f59e762 bd15c045 bf001ddc 3f39eea1 bd95e2f4 3f6f4796 3ea52aca 3ee52b9a 3d26c72f 3f0005d9 3f45c71e be8269ec be99badc bed23aff 3e8739e2 beb90ac0 bef13b8d 3eda9b5f bf57c720 3f7cb072 3dfde15a be9ec9e4 3e235340 3f10ae3c bebfeb15 3f251659 3ed34ae7 bee1dbcd 3f156e23 bde3e4e6 bf1d1ea2 3e9ed9eb bf67cfe7 3e9c39fc 3f0eade5 bf550f35 3e8caa0d bf1fce9e 3f3416e3 be24d24f bf3d1ed2 bf3916d1 be835ac4 3f7a983a bf484ef0 3ea77a00 be279219 beca5b13 3ea20a84 bd59c661 3f4f272c bf6f77bd 3f3adee1 3ebfaa52 3f027e18 beed4b96 3f0e5642 beb04acc 
3f1e1609 3bea0d3d 3f36f683 bf7db835 bdace45a bece5b17 be581348 bdf4639d 3f65478f be3732ef 3e3712d2 3f20a692 beaf0aa4 bf0ede0e 3d85214e 3f3896a8 be643353 bf0615db 3f769847 bf50ef45 3f1af633 3f650fac 3ea10a17 3de5a4a2 bedd1ba2 3ec14b0d beaedaae 3f310682 be5712d1 3f7137cb bf12663d 3ed6eb11 bf559f7d 3f74380f bf3f1ee2 3e5ad349 3f0405f3 3f46e6e5 3e79337d 3ed0fbb8 3efddb8e be391374 3eaeba62 bac84a58 bf4e8713 3f1fee77 3f2b367e bdffe514 bf659fae 3eac6b37 3f0ace62 3c818295 bf0555cd be5d7382 3f7a103e bf25fe40 3f7217c4 bee2fb55 3f7a0808 bf118e01 3f06b5e0 bf543736 3d3ec068 bf279e7e 3e54f3ea 3f1dbe60 3dbf23fa bf252e70 3e0b1289 beb81aeb bf3b56ea 3f10763c 3dcee2ae bd6dc109 bf5c9f7d be82bac6 bf07a5e8 bf13ae54 be908a39 bf02b5de bf273e8c bea84ab2 3f25a65b 3f5bb756 bf25de4c 3e964a18 3f5d2f3b bf27e693 3f78c86e bf2e46c3 bf68bf94 3f5df74a be1eb282 bf528f4b 3f2cd63b beb97a8e bf1e266d 3f25c6c1 bf3abef9 3e9289f8 3f76085e beffbb71 3f622fa6 bf58678e 3f47d6f4 bf18c66c 3f59773b be7bd41a bf14d687 3ee2eb10 3f11262c 3f101633 3efcfb9b bf2b069f 3db722f0 3e2ff118 bf0bce35 3f3916e5 bf52cecc 3ee25b61 bf5c477e 3f39b6d4 be553295 bf201e4f bef9db26 3ec97ad3 bf2bd68c 3d49c0aa 
bf2d26bc bef57bba bdb062f1 3f66efa7 bdbba4bf 3f237e45 3ebb6af7 bd3f3eb6 bf56e77c 3e84ba74 bf0e0605 3d52c859 3d3bc0ff 3f67975e bf039603 bf2f5e92 3d204323 3ebe4ace bf3f56cd 3f73e812 bf60d7c6 bf49bf1f bc09071c bf212ea3 3f75204a bf61778f 3ee14b5e bef16bc1 be89aa2b befa4b1d 3ef69c11 bef7abb6 3f7ec090 bf5a3767 3e3f73b4 3f34ce7f bf74dfed bef1cb34 be3ff324 bebd9a6b bf7e5875 3f4dcf0c bf501711 3f56074d bdf3e349 3e0f3195 bf628793 3e2f12e9 3f5f975f bccc8435 bf6f97c7 3eee9b0c 3de82202 3e9e6a21 bf09d620 be3ed229 3d4e4491 bf665fb8 3f2c36a1 bf65ffac 3f7df024 bee5dbba 3f736ffa bce57f5e 3d164179 bf671787 3f100e1f be7c73be 3f556f43 be07b2f3 3f62cf8e bf3c5692 be945a5b 3ef01bea 3ee3cb69 3ee58c0e 3ea559f6 3f3a9ed2 3ec9cac8 3f15964e 3eb58aa1 3f581f30 bf708802 bf79f832 3f6607c4 bf6c5fc5 3e5533ed beeb1adb bed98af0 3f126600 3f22c67d be789503 bef0db5a 3f5c7f4f bec75b49 be8f4a6f 3e61d395 3ed25a6c beb06b0b bbedff27 bf442e8a bf1c3e8d 3f4086b4 bed26aee bcca8127 be3411ee 3d0a433c bd9022cb 3f031e0d bea81a4d bf4026e4 bd6245fa bf46d6e0 3e98da48 3ec5fadd beb48a63 3f5b2760 beea8beb 3f0f0e29 be04d209 3e5b13ba 3dfaa536 befcdb56 3f7b58cd be19b2cb 3eb65a3d 3e9a99ad 3eb34a8c 
3f58a73b 3f1cfe53 bf1235f5 bf1fee43 3e7ab3f6 bf63676f bed93b4c 3dc762cc 3f74f811 bf01ddf0 3f739025 bf4786fc 3e213415 bf585f8c 3f45174f 3f05bdd4 3e25f276 bed63adb 3f0d562e bf2c3669 3f3946b3 3eae8af5 3f27e683 bd9160f3 bf00bde5 3f76201a bee3dbb8 3e965a81 3f52571c beb7ba9e 3e13b188 bdbee393 bf2dae99 3ed4ba90 3caf8958 bf18be54 3f068de7 3f2a465e bea19aa0 3f73affc 3eff7b7c be8b29d3 bdc862d9 be02b343 bf2e96b3 3f60c766 be24f1b9 3e4152be bf7d587d 3ed8baeb 3e6cb3c0 3e349342 bedbbb79 3da6a1af bc9380ca 3ec85af7 3ef54b21 be1fb163 3ef53bdd be94ba6a beb14a8b 3a6ffe74 bf340ed6 3e057199 3e9bfa12 3e5a736b bdcba18a bcb28000 beee2b86 bf3e06e8 3ea5daca be1cb334 3f5746fc bf64d79e be4d9311 bd404027 bf4996fd beb67aab bf12763f bef39bb5 beddeb6e bf0e7e1d 3f2bd669 3f3a56b2 be6f3336 3f01bde2 be8be95a 3f1eee59 3f12961a bf76d020 3daca284 bf025dd9 3f6b7fb5 bf1ede29 3cd981b1 3f5c07a5 3d4640d3 bf676fb3 3f463715 3dc162b6 3f3beee4 3f32066a bf25c649 bd25402b 3edcfae9 3e7293e7 bf36269e 3f267669 bf441ee7 3f4d0f16 bd5642c4 3f0d7df9 3eb8fb23 3d8de32b bd971f96 bee8eb9c be471219 bf229e85 3f182689 bf41f6da 3f02e5f5 bf35568a 3f20b6c5 bf658f89 3f2a7ed0 bf7e788b 3d0b4306 bf415ea1 
bf39a6fe be97aa1a 3f5b4f4c 3ea21a37 be2f1335 3f606f45 3f08cdf8 bea0ba4a bf2a963b 3e1bb2b7 bf1f2e53 3f78f826 be189236 3eeb7bcb bf0c462f bf73f830 3f13de09 be8309bf 3ec0db03 bf21b666 3f28ce8c bf6dc7bd bf32566c 3f4d5730 bf057e1c be824a2b be1e71e8 bcbe8718 bf766851 3f161e22 be1c123a 3eb92a29 3ed1db3f 3e4d73ff be9aba71 3f12ae5f bf59b796 3ece9ad8 bef06be6 bf211ea5 beb50ae6 3d80204b 3e9cca8e 3efccc4b 3e175195 bec62ab8 be773330 3f23a633 3eb6da70 bf4226dc 3f23c685 bf7e205c 3f1c3e42 be3c72ff 3e3d32f2 be8369f5 bf68ef99 3f444eda bf7ce090 3f477eb8 3e169192 3eab2a0f 3eb53a9a beec5b4e bdf9638d 3d836315 be741282 3ee39ba8 3b95f601 3f7b306a be31525a bf3e3eda 3f2a5681 bef2fbc4 3f7ae872 bf136e1e 3f598f59 3ef97b03 3e824a2e 3ef65b52 3f1f468a bdb0a294 bddba2fe bf01cdf5 bef18afe 3e7ef34a bea99a73 be8cb9bb bf169e51 3f2c569d 3dd0623c 3ebcfb25 bf7f8109 3f4696d3 bf250e5d bea67a15 bf273673 3f421efd beafea76 bf1b05f4 bf3cdec4 be839a36 bdf023ec 3f4616ee bf65f7ee 3e4ed394 3edbfb67 bec5bb21 3e84da49 bf20065e 3ef5bb6f bf6e47c5 3d27c555 bf0ef61a 3e1c91a4 3ea87a29 3f5cd71b be14d394 3da7a256 be1d12e4 3f1e6e44 beda7b9e 3f4e2f30 bf0f4e13 3e365264 3e751469 3f3d36fc 3ea4da24 
3f70dfef bed19a82 bf64efa1 3ddaa2db be97f9c6 bebb4b14 bf6fcfab 3f790039 be797347 3f4a0f1b be83b9d0 bf37deb2 3e39b307 becacaae 3f4a1eb9 3f248e4d bede9b6a bf0f2e79 3f3ea700 beff9c12 3e3df244 3e7d1277 3f600781 bf5b9736 3eedcb76 3f0b1e00 bdbfe1d5 3edc4ad5 3f261e80 bf108e10 bda7df7b be667225 bf625772 3eae5ad6 bf55076e 3f58f749 3e20520c bf3266b5 3f52974f 3efacbe3 bbfdf720 3eab5aab bee8caed bf6d7fcd 3ece2b43 bd8d22ae 3dff65e6 bf129dfd be65f372 3f7b708f bf3756e4 3f4ef715 3e8fe96d bf4b56e2 3f2916d7 becc5b46 3f6eafb1 bed75b2b 3ea84b2b bd1f4074 bf512f4c be2c326b bd34437e 3f55d752 bf41d6bb 3f7da8ac bf6f0ffb 3eb9cadb bec20b0e bf363ec2 3d8762b4 3f5f374a bf7e485e 3f395e92 bf49ef31 3eac9a8b bec78b22 bf24be66 3dfc2456 bf7f6110 3ec95b39 bf63ffaa 3f700fe9 be121227 3edc2b05 3ddf2101 3d374311 3f24fe34 3d15c2f0 bb2410ef bf101e1d 3dda2378 3f3f36ff bf10c62a 3f39a6c1 3e1dd222 3f55af67 be6513a5 be24123a 3f663787 3f20dea8 3ee08b2f be988a72 3e1272ed be79d3fd 3e8c09e9 be23522d be595322 3f695fb6 bf563f78 3f4abf0f be9edaa6 3f7d00af 3d2bc31d 3ede4b35 bf70efcb bea34a34 be5cd382 3f1725ea bf0795e8 3dc0a1e1 bf0e4e39 bd96e16a 3e0e71b0 3e7cf453 becbeb07 bf17666e bf014db4 
bef07c40 3ef28b7b 3f7057e8 bbb20c03 bd51c57e 3f5bef62 be0c3216 3d72c1f0 bf356e94 3e45f35a bea12a6f 3f6f2fb6 be6071d9 3e40d25f bf5b0768 beac0ac8 3f111e2a 3f1a8e2d bf2cce36 3f191e68 bec72b3e bd75c202 bf39dec7 3f3566e6 be71d2bb bf3d7ef7 3e8909e4 bf6d5fec bdb1246e 3eaf4a1c 3e787354 3f00d5ef 3ef61b9f 3e94a9fc 3ee7dae8 bf509716 be91aa23 3f690fc5 bf4e6760 bf0935ec 3ed8eba1 bf775020 3f6c37df 3f5d4f72 bf1f4e6f 3f2fa672 be4af2d5 3f26e682 bf214ebd bd0fc708 bec47ad1 be32b206 bf3e1696 3f70f7be bf35969a 3e9b4a50 beb9aabd 3e3af1d8 becdeb3f 3e617391 3f045dd5 3f0c75cd bf3e46de beabfb45 3f13a64b bf559796 3f311ea2 3de1651b bb33d6e6 3f3306a2 bd0cc5f5 bf467f41 3f4dbf08 bf0abdee 3eca3a57 3c50fef6 3df5e1f5 3e623451 3e966a62 3f1b8e52 beb8ba9b 3f6ca017 bf73f00d bcfd82d4 3ea40a5b bf30c69b bd4343e5 bed40b27 bece1b13 3ed4ab5b 3d7c4407 3d57424c bf375eb5 3e1e528e be0ed2ae bed72b2e bf6a7fc9 3e0212a8 bdca2234 becc2b1d bf6eb79b bebc5a88 3ea5fa65 beaaeaab 3ee55b72 3d2d3d49 bf189693 3f0085ef bf736fe0 3f7d4074 bf4e0737 3e0b7263 bf24268f bf771827 3eed8bad 3e8099f4 3f51bf2c bf7b6035 3f2d669e bf496747 3f49d6f0 3f24665a beef9bc7 3ef81b8d bf56771b 3f38468f 3e60937f 3eff0c0e 
3d0cc3b1 bf24165b beee9bb8 bf057612 3e868a05 bf0fde1f 3e679463 be053169 3f6ba7e2 bf2ce66a 3eb8aa6e be73d1fb bf22c67b 3f36a6b8 3ea749c3 3eae6a65 bf7e60b7 3e0fd2c1 bf42feb5 3f580f11 bf349ed7 3f463f14 3e85f967 bf3106c9 3eebbbb8 bdb9e2e8 3f3bdef1 3efe0b9d be21b188 3e14f26d bf6befe8 bd38c4ba bf4446dd be6e52ba beab8a9c 3f4ccf2c 3dfca405 bf08fe23 3f03a632 3e01b190 3e8a6a1a 3f23ee56 bf761021 beb31a8f be2cf1c7 be8e9a5a bf5e1f8d 3f2c1699 3e143117 3e9a89f9 3eb70a6a 3f350eb9 be31317e 3e4f52e0 be9f3b11 3f45df0d bf7477f0 3e9aea2c 3f0725d1 bf23e691 3e58f2ec bf536f68 3f7a9024 3dede26c beb0ca88 3eafba79 bd424754 bef96c3b bec1ea7b 3e8849de bf42971a 3f7fc92e be03b216 bef34b1a 3f309e8d bf6687b4 3ee23b46 3d93e255 bf6e0fe2 3eef5b7c bf450f29 be20f1c8 3f729fec bf351ea8 3f0aa5f8 be2b3355 3f01d5f0 3f4c6f36 beee3c06 3f3136af bf7e1064 3f46bee4 3e09d2ad 3ebbca8e bf096e05 3f3b3eba 3f51e722 bca58505 3e8d79a7 3e44b2df 3f334e6c 3f3e0ee0 bf21967c 3f2436a0 bf57a714 3e76d2ec 3f325ec0 be7e73f4 3ef23b2a bf71afe7 3f7c884d be8a3a1b 3f782061 3f499ef8 bd41c2fa bf69bf9d 3e1f919d 3f46cf1d bf031dc9 3f53c734 bf4cbeef bf6f8f96 3f3986a7 bf247e57 3f7b9860 bf4caf1c 3e357358 bf132632 
3ecf4af5 3f3696d5 3ce08193 3f5d1f87 be5d3300 3c93853e be0511d5 3d08c27a bf5a6f46 3f360ed0 be12f294 be888a54 3f2a1654 bf143e18 bee84bdb 3df62233 3f2d867b 3e4091df 3f425ed3 bf4b1f49 3f0bcded bf36f6d5 3e1171ca be1bd21e 3f4ab6dd bf181623 beba5a18 bf666fb9 3f35e69c bed5cbb5 3f3c7ece 3f29c625 bc7f0d78 3f52df8d bea71aa2 bebb79c4 3d8d6144 be997a70 3f103608 bf25764f bec9fb29 bf0665e2 3f44d6f5 3e6eb3b3 3ee49b67 3f2e1ead 3f43c6e4 bf780862 be5552b3 bec2da81 bee09b3c bf48fec7 3ec27b0c be861a87 bdf36140 be7093b3 3f23865d 3ec80ad3 bf78dffa 3f64b78e bf52474c 3f54ef53 bf5a4f52 3dc2e2cb bc57094b 3e31d26d bee36bcc 3f11e630 3f446ee4 bf186e1e 3f4246ee bf756819 bea88a31 3f300e89 bef5db2c 3f398ea6 bf348ead 3eef2b3b 3df3a471 bb960e82 3f4b071c bdf623be bf2ee67f 3f532728 bf7ea862 3f262e51 bf23fe91 bf70fff7 3eba5ab7 bed90b34 3eb88a9b 3bcdf87e bf506720 3e209213 3f0e65c7 bf60dfdd be97d9bc bf02cdd5 3d654499 bf103e41 bdf1640e bf5d679f 3eb7aa07 bebd0b20 3f7b1039 bf6fe7d8 bd73bfda bf16e5f1 3f0d6e0a 3ea39a93 befdcb5e bedebb2e bf0985f3 bf7dc060 bd912102 3f7f10af bf12062d bf19ae2b be3d31f4 be7db495 3f3a36a1 3e85698e 3f3b5ee8 bf7c60a5 3e3b31c2 3e02519e be2b12d0 3ef5fc06 
bf601f74 be939a32 bead99e6 beca9a57 be91e9e4 3f2d0e6f be9ada44 3f17ae64 3b3c142c 3ea25a9b bf60cfc9 3f5ad75c be4ad2f7 be10121a 3f4faf18 bf044e1b be7dd3e6 bf3e0ef7 bec10ab0 3f132635 beacaa8d 3eaf0a1e 3ddea0ad 3bc60d08 bf475eca 3e04f218 3f23d66b 3f43af22 bf62afb6 3f35ced9 bf4416b5 bf5dcf47 3ed15b1e bf7dd891 3f69b796 bf122ddf 3f4a76fd bee04ba5 be35d183 3ef3fb93 3f235e69 3f035df9 bf020e09 be87fa3e bf3bb6ce bf66d77f bec60b17 3f3666c5 3f2f366e 3d0ac2df 3f6c17fa 3e8a8a3b be2b732c 3e42527c 3ee0ab2d be1b3229 beafaaac bf3b7eb6 3f10f65c be2f32b0 3f16a63f be86c9e5 3f088637 bf10be1e 3f2eaea5 bf456f17 3f539765 bf2c96c2 bf063dfa bea31a7e 3eea7b3e 3edeeb6c 3efc5b6d bd28c263 bf5ebf44 3ecd9b3e 3e9cba0f bf49d70c 3f3e06cd bf6d97f6 3cb57cd1 be9209de 3eabca60 be9dea86 3f7b2065 bf552f35 3f4a96ea 3f08bdfb 3e96b9cd 3defa3b0 be7a7439 3df6a143 3e5513cc 3e9e9aa6 bf664f71 3f4376a8 3ed02baa be3fb37e 3f70cfeb bddda5f0 3ebf0b05 3d8b9ff8 3f56e77b bf78404a 3e9dba59 3d936164 3f68273b be45d1b0 3b33f4ad bf6b1fb7 3f4796e2 3f36b670 3e8609e6 3f6807b8 3ebd2b1a bf583f3d 3f1db63c 3ed86b02 3f7b50a1 bf0d5dd2 bd9b21a5 bf12c650 bf27ae8c 3f466f15 3effcbc7 bf79c046 3f761004 bf1e866a 
3f620f94 3f30469c be8859e1 3f5cb77b be78f343 bec11ab8 3dfee4ee bed0eb69 bee70b14 3e5bb36a 3e960a5b be505314 becdfac3 bdb220b8 3e96ea1c bf150e3c 3f4aa710 3f3e7ec9 3d9de0f7 bebafaa5 3d6fc722 3ee02b57 bf78382c 3f6defb2 bde6a3a2 3f2f9ea4 bf28ced7 bf26ae5c 3f3f9f02 bf5ab74b 3f57a733 3f62476c bf1cae4e 3f415ee7 bf4bb73f 3f21ae4d bf5d577a 3f61a73a be63b383 bf0685e2 bec4cb09 bf7d185d 3ef26aca 3eb98a5e 3f6fcff5 3f49a709 3e7213ae bf3f2ede bebf1ac6 bf25d63e be659324 bf3ecf07 3f458eec bf625fa2 3d85a01b be4212cb 3ef03bc6 3f3be6e5 be1b9288 be30b0b8 bf187646 be58f450 bda9a2fb 3f06ee14 bf09b5d9 3f1c9e7b bf30cedc 3edd7b99 3f3716a6 3ee0cade bf592f6b bea7fa24 bf41a6d5 3e2eb24e 3f778025 be99aa91 be8b6a17 3eb08a8a 3da123e5 bc60fdab 3f1f1666 bec57b85 3f644f4f bf695fbe bf1a962b 3f51df3d bf674f89 bcff892d bf158e55 bf1eb66f 3f769014 bf3f672c 3f1fb642 bf28769f 3f6be7d6 bf1c6e79 3d43404f bd89220c bf313ec0 bf03cde7 3f18fe4f bf0765f5 bf0a1dec 3f576f69 bf168611 3e0c11ae bf5d9f59 bc12fb22 3e854982 3f69bfbe bf5b5784 bf1ff68d bef3fbd9 be944a46 bf54cf4c 3ef2cbbe bebfda6b bee69bb1 bf66c7cf 3da5226b 3ed40ade 3f02d5b1 3ed9aad0 bf2ef6af bea66a59 3f1f3e6c bf24ae72 3e8f6a1a 
bf3336da bf65a768 3ee5cb60 bf7f2890 3f07a5fb 3e4192aa be731393 3ee0bad6 3f3626ce bf155e28 3ea6da8e bf23ee2d 3f7c285d 3e041257 bf2bb6b6 3f69076d bf4ea736 bf44aef3 3d5c44ac 3f162e3c bf052e21 be77739f 3f1c8646 bf3776b0 3e891a48 bf6defce 3ee8bb61 bd47450e 3f0ae632 bc5906fe beb6fa7f bf78284c 3ed88b50 3e8b9a38 bf01fdcb 3f16de33 be1371d9 bf3bf6fe 3f35eebd 3cee8af8 3f54d744 3f380ea4 3ce58333 bf469ef5 bf31d6d9 bf6f9fea 3ee69c06 3d4dc53a 3f21be6c 3f27eeae be2ad2a5 3f65efbc bf58075f 3f73d00f 3c8c86a2 bd5043d2 bdaaa128 bf65af7e 3cbd7c26 3d9b6325 3f3506bf 3f25ae51 bf1915f7 3ef52b7a bf794002 3f04ddd7 3ec46b39 bf2896b1 bf08be4f be4292f1 3f296671 3ebd8a57 3f78d067 bef2ab84 bf0e0e0e bf10fe22 3f7f80c0 bf2b4683 3d2644f5 be2e51fb 3da3215b bee63b18 beab5a6a 3f1a55f6 3f777025 bf4de6ee 3f472ef0 bedbeb54 3f6e57de 3f2e764f bf5d3f3d 3e931a8a be858a64 bd1fc1b5 be05b20b b9de8c2b be96c9c9 3e822a5f 3f3bbef7 3d68c3db 3e189124 bf0a45da 3f74d00c bf266e1c 3ede2bd1 3d8a210c 3e74335e 3f4c16ed bf67e7e3 bf25ee4c 3f6597c4 3e73931b 3f4f7745 be3332fa 3f331e87 3f0905f1 be7ad3d1 3f071638 3ef6abba 3f22de9c bf316e9a bf3f4697 3e9a79ee 3ed89aac bea61a92 3e8059d0 3dace3d6 bae7b1ce 
3dc465cb 3f5c2f9e be91f995 3f800000 bf14a628 be069196 3f048de4 bf6a2fc9 3e52d38f bf392ecc 3f419edf bd82617a be803a01 bf19ce7d 3f088e0a bf3b9e88 3f3e26da 3f069dec be12b1fb bf12ce43 3f648771 bebf8abc 3f258e8c bf1b761b 3f1115f3 3e961a19 3edc5b38 3c807a57 bf67afc0 bd872094 3f0df657 3f4e4721 bedafb55 bf051df2 3f4ad705 bf5b8f82 3f31fe85 3e1b932c be3ad25d bf2816c4 bec22aee bf4e772a be50936e 3f62177a 3ed0bafa 3f687fb2 bf46cf0c 3e83194f bf219e97 beeaeb56 3e8f7a38 bf33b69a 3ede0bcc bf255e54 beb66ae2 3f26de96 bf23ce27 3f79e86b 3e8559e8 bdc7a215 bf697788 3d7044b5 bf4aff05 3f2e4e90 3f2dfe83 befd6b60 befebb56 3f685fa1 3f154630 bf2f669d 3deae2dc bf133e1a bf564f62 3e9e8a14 3f22d656 3f4c7ef5 bf722f9a 3e1a9158 3f24a6a0 bf39e6bc 3f171e04 3cc07d33 3e4fb4d4 bed5fae4 bf2f4ea7 be83ea75 3ee7bb16 bd3046e5 bf194661 bf6347ba 3f56df49 be0f724b 3e9a299e 3ce37d15 3e573413 be1ff27f 3f6937ae bf68b78f 3c0711da bec74b6d bd80e0e1 3ee41b18 bd5542ef bf52df28 3f607795 bf5e2f77 3eaf7ab0 bf7b785b 3f4a26eb 3f506f2a bf7ad047 bbf1fa38 bf4dff43 3ef64b9d bf3a0ec8 bf602fb0 3e13f2ef bcdb7db0 beb28a89 bf64a79d 3f32869a 3f452ec5 bf4d572b 3d323ffb 3ec7eb21 bd24c27d bf4a86f3 3f34debf 
bf689fa5 3f05adfe bf5b7f7b be86f979 bebdfaaa 3f50af20 bf6a07d4 3f79c82a bed4aaa3 3f3e8ee5 be139215 bf1ef67b 3eaa0a13 3ea57a87 3eb3ba95 3e6c53b3 bf4e9f26 3d96a2ca 3dfd6733 3dc12595 bec8aaa8 3b2c020b bf462f32 3f77483f bf4bdf22 bdb1a0eb bf49c6a4 bc210abf 3f613f80 3ea24a84 bf17fde9 bf77f02e 3f68e7b2 bea85a8c 3edb5b74 bf125623 3ed93ad5 bf44bf21 3f010dd8 3f25feab 3eb18a88 3ed91ab6 3efa3c52 bf5f8791 3d8aa08e bf769048 3f6bbf8f bee51bd2 3f7d4897 bf34667f 3f367671 bed02ae7 3f17ee4f 3e8e39ac 3e7b537e bf3ace99 3f7a2075 bf35a6d0 bf5c4f93 3f65cfbc be9189be 3f551f5a 3f2efe93 bf474ed8 bf4336bd 3f455ee0 bb63be8c bf3db701 be975a31 3f3c96c2 bda76462 3e0db1c1 3f525f62 bdcee271 bf589f56 bf288ed0 3f177e62 3e962a52 bf32d683 3f4f6f03 bf21ae40 3dade376 3ebdda9f be2c5282 3f1ac63d 3f4946aa bf7117bc bd9b620d 3f4f8f41 3e6f13f8 bcc38353 bf0a8de5 3e8c6a04 bea8aaad be86d98f 3e880a1a bf5b4717 3f2e168c bd16c461 3e6d32da 3e77d36d bf14c61d 3ccd7ac0 3f515727 bf6d47d8 3f54e719 bec1aac2 3f4e673e bf1b2e34 bf48c705 3f627770 bdd3a409 3f31eebe bf4306a4 3f63177a 3f609f6d be2f533a 3d74c326 be32d2cf 3f6fe7d5 bf029dd7 bf050df7 3f5be75d beccbb10 bef21b65 3de1a36b 3f255671 bdfce116 
3e8f5a24 be93fa2d 3f134670 3f11b621 3f214691 bf3dc698 3f094deb bf2b3e9b 3f3d86de bf71f814 be2f9175 3f147e15 3ef3cb44 bf38b6c5 bf437ef2 3e0652b3 3f3b1eda bf3b6ed1 3f01ee05 becc1ad7 3ed11b7c 3e9aba3e 3e8b6a29 bf15e64d 3f38068b bca38164 3f5edf87 bdcb21e4 bf1e1e42 bed81b16 3f15f62c 3ecd2abd 3e88ca09 bf5b6f71 3f3a5ec9 bf0efe3b 3f287674 be29f1f0 be90a9d6 bec3da80 bf398ea1 3eb85a21 bf618fa5 3f4bd737 bf20365f 3f790816 bf078dd0 be805ac5 be9cca55 3f21267b be9309fe bc0cff98 beb9ca6c bf5e9782 3f492ef3 bdc59ff8 bf3ca697 3f3866fd 3db0e31e 3e3e328b be88c9f8 bf6c8f91 be2bb2a0 3e2e92df 3f72e83d bf765041 3f40269d 3df3e33a 3e5b724a bf4d373c 3ee01af3 bec39afd bdf4a475 bebccb1b 3f75e817 3f351ec3 bf50c70e 3e98ba38 bf2ede8a 3f353e77 bf34ce94 3ede1b81 bf4d1735 3e3c1234 bdd1a45a bf785801 3f65e7ab 3e77332a bf4976f1 3e84c9fe bf0c6600 3f66579c bf6b37ec 3f6367b6 bde7a30d 3e123165 bdea242b 3f202e45 bf70780f 3f0a2df8 bf0295af 3f050dca be8bb9c1 3d283fed 3e6c32d6 bf0005ed 3efe2bed bf76f844 3f7dd0b6 3e56d378 bf18b659 3e4b333f bf0cede6 3f3466c2 bf213e8d bf7877f0 3e93da77 bda5a2cc 3ea22a3e bef9eb7f 3e80ea0b bdcea1b8 be92f9b4 3ecc3b31 3f09560a 3ced87e2 bf5e77b4 3ed72b06 
3d4ec282 3ebdeaae bf5af7ae beab0a86 bf4376b6 bdfc6368 3f57d73b bee97b08 beb08ac8 3efa2bd2 3f69a7ab bf5e67a3 bf364eeb 3f55bebd 3f32ae76 be0271b4 be9b7a82 3f1dde48 bf1afe52 3ec08a80 bdec5fa2 bf66ff75 3f64d7ed bf3cb6e7 3eb05a79 bf7557ee 3e42d3c6 beb45a9b 3f174e68 3dbce2d3 bd754591 beba8a6c bf4886ef 3f776037 bf04f60e 3e949a7c beb8cae5 bcd58084 3f7447dd bee2eae6 3f7bc055 bf0285e1 3f0eddef be52b320 3f647f84 bf788031 3e63534e 3f4bbef3 be831a0d bedf7b3f be35b147 3e963a09 3f3b36ca 3eab8aa5 bf438ee0 3f1fbe50 bd7cc5b5 3df4a47a bdb96311 bf390ee7 3f552f53 3f789081 bf3e26c7 3f4ebf10 bf7017b0 3f23fe4d bf72b814 3e4a53ce 3e121069 3e50335c 3daf628a bf04a5f7 3f5baf77 bf08ddfb be30d179 bf74c80b 3f47beef bcb57f67 3f123606 bf2136c1 3f5b0737 be62f3fd 3f3ccee9 bdfb2356 bd0ac2f3 3f1f9e20 bf7dc8b2 3f430eb7 bf5c974b 3f7db88a bf1c8689 3eb71aa0 3eca9b26 bf334eab 3db2e263 3ddfe349 bdf8e402 be9039ea 3ed16afa bdbe60d4 bda961e4 3e34b1ff 3def6301 bf2dd686 3ecfcb4e 3da0e302 bea98a80 3f194654 bf47f6ea be43d2cd 3f52ef54 bf2ebe4a 3f63c7b8 bf7bc869 3f3df6ec 3ed68b4b 3e9ecab2 bf36c6ae 3f18a651 bf495f39 3f22f672 bd83a24b 3e3e7330 beec9b67 bf4006b9 3e87d9ee 3edd1b5f be59f32b 
bf38c696 3caa87a8 3f3b9ed9 3ea76a23 3f2ce629 3f070e0c bf75f053 3de56444 3f683f80 bf4946ee bf46e6fa 3f319e74 3f1e0620 bf5cc769 3e749382 bf305ed6 bddf64c8 3ebe2a04 bf06a5ec 3f4a671f bf38dee3 3f554f5f bec46b1d bddce2a8 3f51a733 bddfa26c 3f0d4e0c bf63bfe6 3f480ece bf2946aa bc2b03de 3ef55ba1 3f518f60 bf4d0f0e 3ea7c9e0 be915aa2 3f18666d bf5e8791 3c3b00b3 bef95bb4 3ec3aa9e bf32b691 3ef21b79 bf234e45 bf4066a4 3f500721 be88a9cc befedbf8 bdd624f1 3f49cf38 3e879a14 bf2af692 bf0f1e14 be7f731e 3f564f77 bf70f7e8 3ee4bb09 beedcb69 3e2c534d 3f0afe21 bf73cfef bf47e6dd 3f4f571c bf12b5ea be941a31 3f323e72 3e381136 bdad22da be2d3277 be4e72f8 3df4e2ce 3f1ca652 bf5e7fe0 3f0b65df 3e86d9b7 3f133653 bf0775a7 beeffb90 3e0fb1d4 be495370 bee33bd0 be0e71df bf1c1e81 3e98ea63 bebd1b1d 3ecaca45 3e9b6aae bf234695 3f590f24 bf2886a6 3f0275e8 bf57af1c be18d29c 3f098627 be0df23b bef71b79 3f7cf0bc bf7ce89a 3f3526a8 bf134e10 3f00c5ec bf3c26fb 3f036635 3e1a113d 3dcde1c3 beb33aa2 3ebc9aeb bc470748 3e84aa5b bd30bfe0 3d9c6429 bf2bfeb8 3ef6fbdb be08920f 3e4211e2 bf7bb830 3f45f71f bf4206cb 3f4ea739 be5ad302 bd1c4445 3d74457e bec1dae1 3f57df47 3eb50a88 3df424b9 bf00a5f5 3ecd0ba6 
3e4fd353 3ed27af4 bf7c8037 be73f23e bea6fa52 bf55771e 3f486f33 3e3372f2 bf5c6746 3f4f8720 3e5592cb be7b7494 3d98e27f bd84a104 beb87ac7 3f52f782 3f104e32 bf3e4ede 3f18164b bf4236be 3f093e45 bcdd8bc5 bea16a3b 3e92da30 bf15ce57 bed29b27 3e3b716b 3f284e8b bf4f3f3a 3f0dde0f 3e4772fe bf5d1739 beb5ba8a 3efdacb8 be0011da bda3e30e 3dcb21a9 3ed5dbc9 3ef3abc2 bed18aa4 3f10d667 beff2ba8 3f619797 be9f6ac2 3f66f7dc bd9f641a bf00ade6 3f784802 be8a5a0a bef1eb42 bee85bd1 3f6a07cc 3ea89aa0 3e1bd2aa bf0ba60f 3ecada66 3ef8bb7c bf449f2e 3f427edc bef53b37 3f4f9f5e 3f19b62d beebbb74 3d986206 3f5daf8e bf2b769b bf083601 3f5b9f65 bf4136e3 3f72d001 bf4c0712 beb71b1c 3f61af53 bf3b470a 3dce21e1 bf572732 3f7e40a6 3e9cfaaa beb84a97 3f2d7686 3e2251fd 3ebbbb2b 3e1c32c9 3e87ea2a beef8bc3 3e7f13f3 bf72500d 3f62d76d be8dca23 be83fa55 3e14b2d2 3f57572e 3b13e4ba be68d46b 3e3031d0 3ec82b79 bf7377f9 3f795027 be8939ab bdbde1fd 3e9199cf 3e81a9c3 bf22b639 3f08a5e5 bf54d6ed 3f4266c3 bf0af609 bf233e54 3f720fd3 bf7c983d 3f0455f2 3ef43c17 bdf9227e bf20b68f 3f7dd880 bed4faf7 be28d16b 3f5b37b1 bf6a17a7 3eb1baa8 3c897adb bed14aab 3e1251d9 be2111a0 bf619fb7 3e92c9de be8109c7 3ecf3adf 
bf4256c3 3d1ac3ea 3f2d5e92 3e32d1fc 3e7fd373 3f1b463e bf006de1 3e22f1cd bed53b1d 3ea48ac1 bed0bad4 3e844a04 bf5f1767 3f55c6ef 3ee88ba9 bf645f44 bec52acd 3e17725a 3cb3808f 3f0af617 bf4b771d 3e85999e be8dfa3d 3f49eecd bef58bdd 3f725ffd beb4fa7e bf2e3e9a 3f3b8ec8 bf355ea8 3ec7cad4 3f017e16 3eac5aad bf4f772b 3f324ef8 bec73b06 bd932130 bed5daf0 be8519f0 3e91aa05 be96e9b4 3dd363f0 bf37e6cb 3e49f3c7 be539266 bf59cf4b 3f6c4fc5 bf6cc7b5 3e62741d 3ee71b2c 3e0bb265 bf25667c be9429dc be0a30df 3f212e42 bf1c8e36 be5e336b 3f4146ee bf1c9e83 bebeba73 3d6d4036 bf7627fa 3ea43a3d 3e8a1a0d bf7c3882 3eaaca3d 3e1d327c 3c0f10da be1f31be be03728b 3ee20b0d 3e954a69 bf2f568d 3f04bde6 3cec811c 3ee11b58 bf427eb4 bed32ad3 3e8d1a12 bf17f644 bec35ab9 3ea41a9e bf5c8746 3f252689 be3fd25f 3e828a39 3f1b1e46 bebe6b43 bf192653 3f3426ca be9e29eb bf54f787 bdb461f8 3e980a80 bf1a8e50 3eb73a54 3e4dd3d8 bf2c5694 3ed6aaec bf55df34 3f347682 bf626f48 3f6aefd5 bf24665a 3ef63b66 be8f9aa5 3f30168f 3e8179ee bf3726b1 3f62ff5b bef8fb22 bf2a767e 3f167e60 be019347 bec91ad5 3e1d921f 3eb61a80 bf681faa 3ec30b0f 3d81e141 be53d207 3f358eac 3e53f3d7 bea07a6c 3f04a5fa 3f0865e0 bef9ab02 3e98aa2c 
3d9121c5 be4e31c0 3e4bd2fd bf7a686c 3f071e0e bf1e1628 3e1cb19e 3e41f1fe 3efebb44 beb34aca 3db4a2f1 b878375a 3f6f57cc bf4b4f24 bf10ee3e 3f0685da 3ec5eaa4 3e68b2a5 be9d6a3c be7c53f5 3ea2ba8f 3f3c6e75 bf66177e 3e64d2d6 bef2eb5d 3e8269c7 bf36b6c9 3f6b27ef 3cde788c be14530f bd4c46c1 bf556f57 3ebe6a91 3ed28b01 bf09bddb 3ebf9ab2 3ed18b27 bebc0b2f 3f586f30 bf3f0eeb 3ecf1b8c 3eb43afc 3e6d143f bdd8a322 3d5042d2 3f0e063d 3d34c07c be783302 3f23ae5d bf7dd08a 3f15c5e6 3e18b1ab 3ea88a2a 3cd884b2 bf215eac 3f67ff74 bf1f367d 3d7f4025 3dc7e376 3f31ce88 be3871fb 3f4166f1 3db26038 bf177e48 3f61df67 3e28726d 3e8de969 bf70b7e2 3f69f7d9 be81da26 bf194e2c 3eebeb87 bd81215b 3d473f2b bf1b968e 3f32d6b9 bea4fa84 3f7cf8a3 bec38ada 3f7fb8e1 bf19de1c 3f137647 bec32ab1 3edeabbe bf598f90 3eec6b46 bf656774 3ea32aba 3f73c7fe bf138e29 3e8899bc 3f2b4e78 3e1ff324 be3291d1 3f1a0e60 bf6877d5 3f523f5a be8ec9de 3e73f2b3 3f4c3efd beea0b68 3dee2513 3e447256 bec2ca5f 3f1c363e bef8db5a bf608760 3f479ee6 bf07d60b bd09c130 3efeab7b bdd5640a 3d83a211 3c6d053b 3ec90b08 bea20a16 3e848a19 3d95a1ab 3f34e697 bf0c3e31 3de8633b bf1a363d bf31f6a9 3f59cf47 bf4a9703 3e9e5a59 bf3e6f2c 3f2c9e82 
3f768842 bf7c186e 3f75cfb2 beec4b83 3f41e6d5 bf4826be 3f484f3c bf723fc5 bde22339 3eb29b36 bec85adf 3eba3b0b bf5d2741 3ea49b1a 3f4886e0 beaabac1 bdcf6395 beeadc2d 3d51c214 3f0745f3 bf11063a bec3eb37 3e7c12a7 3f587748 bf628fac 3f590701 3db42387 becd4a7b bf1e7e2d 3f067de9 3d5a4279 3f381ea8 bf4216ed 3e4832a3 be9e4a5c 3e51f3d5 bf51b74d 3f7f48b9 bf64df7a 3f17662d bed49b56 be8d297e bef15b91 3f548f80 bf37d6b1 3ebefa9f bf7ae874 3f242e60 beae9a65 3eb649f9 be77d328 bed65b87 bd49c5b1 3e651346 bca77eca 3dbc64aa bd704563 3edd6b75 bf468ee7 3ed0ab2e bf6c77c2 3e866a37 bf27a689 3f1d7e52 beee8b3a bf60f74b bdf561c9 3f653fb8 bf5f5f93 3ec3fb16 3e23f28c bda9e17c bf135620 3f5f8f6b bdc3e0aa bf49b6d8 3f17d62d bf566733 be61d285 bed0fb3b bcd08567 3f41a692 bf2b967e 3ed3cb26 3ed2cb4b be21d25c 3f2f065e bf097dd1 bf331699 3e7c73c2 bf284695 3e5d9285 bf2a5677 3e5933b2 be64540c 3f206eb0 bf4eff68 3e977a25 be7c1470 bf5b8777 3daee0b5 3ed7faf9 bf186607 3ebc8b70 bf089e1c 3eefdb7b 3f40aef5 bf652789 3f7ca887 bf0d8ddf bea789db 3f345e84 bf0a5e54 bce87e40 bc010778 becccb88 3e5492ec bf198e57 be71927b bd9c22f5 3eb12a2b 3f5def8b be69732e 3f2c0e50 bf619797 3e9f3a66 3f307e85 bf57178f 
bf58778e 3f39569f bf04ee2d bd0c432e 3e21b1a7 be90fa89 3f236650 3d9ae410 3ec31a48 bebb3ade 3ec39ae6 bea40a69 3f0e0e57 be84aab7 be1cd331 becd2abe 3e7c338e 3e49d2c4 3e910a33 be4db33c be50b305 3f751811 bf217694 becf9b82 3f041de4 beec8b0d bf1ffe32 3f6f17d8 3e0c5277 becc6b21 3e88696a bf6aa7b5 3f78987b bec09a8b 3f14ce4b bd22c0b7 3e5e9309 bef5bb7d bec27ad5 3f4ff71f bee18b18 3f19be4a 3cf07c8c be79b30e be9f09fc 3f02f633 3e85d99e 3e20d1a6 bf0c5e2e 3e8659e0 3ec61b1f be4632de 3f400f0b bf73882b 3f015df7 bf3f06ec 3ec1caf3 be665363 3e8e8a2e be6e7333 3f6e87f5 bf30ee61 3f6b37c8 bf2d7e50 3f31beca 3f11563b 3ed55aeb bf300ec9 3f404ed4 bf15ae29 3eb4ea6e bd8c237e 3ef06b7b bf7baffc 3ef2eb9e 3e1bf1d1 3ee04b9f beac1a66 3f6a4fab 3eeceb45 bedb0b75 bf0025c2 bdb36512 3eb66a57 bf7417f7 3e11d163 bed39b21 3f772ffe bd36c3bf 3eeeab80 3f14a60d beed1b3c 3f0475c6 3c5d195e be0bf202 beca3b45 3f62bf84 bf1f5660 3f318e8b 3e9719ae 3f337e89 bf7fe0e8 3f6ce7d2 bedddb06 3efceb53 bf00f5cb 3cea7d43 bcf285ee bf06ce1d 3f5f078a bee1ab3d bebd5ad8 3eb68a37 be10b202 3ee84b7c bd9d635b 3f359ebf be4492a4 3f503f28 be9f2ad0 bea01a90 bf04fe09 be8129ca be59b3ab 3eb679fb 3f24b6c4 bf70aff5 3ea15a49 
3f7eb0c0 bf60677f 3f653790 bf287e99 3f14c658 bf0c3618 bd68c3de bf686779 3f149e21 bf0545ca 3f1dee4c bf551733 3f4c8f3d bf492eef 3f5ed768 bf2a8e8a 3f630f8d becb9b46 bf29d6cc 3edd4ad6 bdf0e4dd 39dfd7b7 bec9ba50 3f22a668 be3632c6 3d1942f0 3f547726 bf7247f2 3e37f138 3e0ef08a bf036608 3f6d7fa3 bf33f681 bd69c040 bd8ca22f bf480f3f 3f3e86a4 3d962236 3f48670d bf28fe81 becadad5 3f4f4703 bf7bd06e 3f1a4e43 3f05d5dd bf24966e bf0485cf 3ec45ae6 3dc5621a bbc5f51e bf3b16d0 3ee2aba1 bf1db654 3e869a10 3f5806f6 bebffadb 3f0e9e29 bf404ec5 3f46a6fb bee10bba bf13be02 3f77a06e bf6db7ac 3ea97a1c bf0a75e7 bf1eee3e 3e24b271 bf2a5e88 3e3fb335 3dbe6551 bd223f84 bf24ee43 3f543f10 bed22b44 3f4206cf bf42b6fc bebfab50 3ee5abda bf40a6cf bf3ee70f 3f37c68d 3df6e23b 3f68a79d bf62e007 3f635f7b 3f26ee9c bf36368a bf0ec626 3db523b0 bf25a664 becc3ac1 3e0b5150 3e72b3ab bf28bebe 3f4d4f31 be946a1e bee0ab80 3f24aeb9 bf58df4e be441227 bef46b9a 3e38319f 3e7bd3f4 bf5fd773 3f6ac7ed bf590f53 3de7e334 3f58af48 bf55b703 3e95e9fb bd9da179 3f288e4b be07920a be48130c 3dc0e3e1 bf38870b bd2fc6db bf2cfed1 3e0ad1e9 be7273da 3f5ac722 be65341b 3f221e5e 3e2c3354 beb1ea4d bf632783 3f237670 3e7cd3b8 
becfdb43 bf0095ad 3f2c2662 bf3ab6cc 3eef1bfe 3b6bfac1 3eb75a5a 3f5a8755 bed52b26 3d85e158 be39f2b5 3ea86a4a be3a7212 be80f99e 3e8cb9d1 3e1451a9 bf02ede0 be343322 3f3fce99 3e82f9a2 bf53f6f2 3f08f5e7 bde5233e 3eeadb94 bf640fa3 3e9e7a22 bd5840de bf157e28 3f54071d bef3cc02 3f571752 bf79e837 3f3fe6f9 beb30af6 3f1dce54 3eb2eabf bf1dbe51 be5af39f bf649f93 3f2ece85 bd886244 beafba88 3eb72a1c be6d52ba bf0fc685 3f01c5f9 3f4a56e3 bf3c76ca bd92e1d8 3f06fe14 3dfe64be 3da562a3 3e777314 be1f51e0 bf556757 bc38ffd7 bde9a4ea 3ef85bdf bf4ee700 3f1b9676 3e61f27a bf6b8fad 3f1c6e23 bd1bc281 3f7e0076 bf1b2623 3f763802 3d842144 3f498ef6 bf75e825 3f14ee2e 3deba4a0 bed00b3b bdc8232e be938a9f 3cfd88af 3f6b67d7 bf451746 3f7df85d 3d846275 3e05f236 bf0e3631 bf42deb1 3f0e85dd bf0aa606 bf54b717 3f69cf99 3f0795fe 3e1c12dc 3dafe143 3f793044 bf51af1d 3f10e675 befcfbc1 3eacea33 bed61b37 3f41b6ee bf7df0b7 3f6997e2 3ed83b2a be4f941d 3f277e74 bf53af19 3f7e8093 bf4bff2f 3f741015 3cad8258 bf697fc5 3f7a1861 be47d379 bf0735e9 3d3b3c98 bf421eaf 3f52af32 bf0ae612 3f6d87be bd85a490 3f7f28a7 bf144e09 3e4c5241 bf6c17a6 3f126e53 befdab83 bf08c623 3f217660 3f2d6e56 bdb82239 bf6abfb2 
3ef57b35 3f40d6b3 bf3086c7 3f0f4dd6 be78d2eb bdfaa49f bef08bb8 bf269e41 3e9f8aa9 bdd222c9 3f0ffe12 bf607f7d 3f6b6fee becb7aef 3e265126 bf1ace32 3f054dc7 3e9daa6d bf070624 bee91b86 3f101e19 3eb89a76 bf5d7785 bcce85b4 3f2b868c be8a69e0 bd6f40a5 3f481eae bec64b06 bf2c0eab 3ee8eb44 bf26e669 3f7b086c bf6bafd8 3e9f0a3a bf4196eb 3f554741 3dab61f8 3f6af7a8 bf03ae31 3f6c7764 bf6b9794 3f69701f beca4b16 3f292e9b bf7e2873 3e0af2cf bdaea1ce 3f1b3688 bf7127ed be0fd1c9 3e3f52cf bf05a626 3f392edd 3d724445 3f290eaa be4ff250 be0d3162 3e6f9347 bdc05e8b be69151d 3f2cc695 3d9461d0 bf27b663 bf226e8c 3f2fc674 bf76b810 bef03b54 bf0c9618 3ebfcb1a 3ea8aa71 bee4cb9a 3ebc5ac2 3ec8bc00 3b040bf7 3eedbb94 bf76b057 3f148df3 bf5eff7b 3e974a53 bf046dba 3f2ea6b0 3dbca341 3f152630 bec79aa8 3f7e788e bf71e7fc be4bb2c6 bf59e72c 3f078df7 bf52fecb 3e30f326 3e925a4d bedc7b22 3f222ea7 bf432ec2 3f0dbe64 3e92b9df bf4f6762 3e6fd34c bf545766 3f648f83 bf7167f0 3f507f2b bf6e77e6 3e061237 bed71b59 3f0f5e41 bf429ea4 3ea64ab2 3d714337 3f4bc702 bdce22a0 3ddba445 bec70ae4 3e45b212 bf30667e bf1295ef 3e78f3f3 3f236e5d 3e5252a0 be2b928a be03315b 3f52671e bf0b35f1 bf260e4a bddb2374 3f7af08b 
bf6267a8 be409303 be832a58 3ef71b97 bf561745 3f78801f bc83802e 3f759030 bf66df8e 3f37eec6 bf59c73c 3f170e69 bed70b19 be4fd2a4 3f3186bb be92aa63 3eed5b6d bf193e2f 3d6742eb 3f701815 bf5cd76f be0af1fb 3f267e7b 3e55b37c bf0eb638 3f10fde7 bf1f463c be34f2fd 3e4112fa 3e8cd9c6 3f00f5b2 be3f1233 bf2e76cb 3f6327aa bf19ee23 3f3766d3 bf3a3670 3d20c5de bf59975f bd694349 bf71cfcc 3f79f03b bf4846ff beab2a4c 3f18ee45 3e4852e8 3e7bf3c4 befa5b95 3eab7ad0 3e257166 3f609750 bf267644 3ec58aec bf074616 bd5cbe5d bedf2b11 be1df1d9 3c6300ad 3f043e08 bf224e4e 3ed30ae8 beff5bec be876a44 3f11a5f9 3f1bf647 bf1cbe93 3f7117e2 3f0285f0 3f4d1ef2 bf3ef6c0 3e3cb2ce bf29ce98 3f1a265d bf7157bb 3d75c27b be982aa9 bc331534 3f372ed3 bef76ba3 3f6ae7e9 bf77b005 3f5e5f43 bf323ec9 bea2e9f5 bd0a4303 3e2751d1 be5c32b0 3f2fb6ba 3f7c7881 bf5d976e 3f7f9900 bf184e4d 3f1afe3e bf16b632 3ebc3acb 3e65d20a bf719010 3ef41b7d bd114484 3e59b24e 3ef0fb7b bf69d7a9 3f4d7f31 beb0fb17 3f028e1d 3ec13b26 bf07e629 3f67dfbf bee9baf8 3f2b5e88 bf5d0f17 3d44428b bf702feb 3f77d063 bec41a8f bdb3e304 3ec68a78 3f68b7a7 bf357e9e be9249df bf40b6fc 3f4e26f3 be52f2be be51b216 be4832c0 3f756fd5 be047242 bf1e0e06 
3f6b9fee 3edcab3c bf0bbe0e 3f577f53 be8b8a47 be4a925c bf223618 beb07ac4 3f2e266e befdbbac 3e6ff36b 3ecbaae9 bef1fbaa 3f3bb6e4 bf7f70ab 3e8cfa01 bea59a34 bd53c15d 3f026e12 bf549f58 3f198628 bcf38703 beca8ae2 3dbba167 bf085e30 3e4ef2ef 3ed20b58 bde1e32e 3ac7ab3c bdce6412 bf5bef33 3f0be656 3f0115fe bf38a6cd 3f1eb6a4 be88d9f1 3e12b23b 3e26f335 3f3c1ee2 3ecd1afa 3f602762 bf5ee76f 3f7b80a2 bdc5236d be91d961 bf412f12 3ea42a49 3e747352 bed5eb48 beb38abc bf4f0f17 3f76e008 bf3906d9 3f7a4868 bec4aa70 3e6dd2e5 3f5f6fb2 bf742042 3f090dfc bf13de51 3f211612 be1ad2bd 3deee3a8 3ded6261 bf4e2f39 3ebeaada bf521755 beeeabab bf5d8f39 3f688800 beb53aab 3f3dcf00 bdbda136 3e2172b7 3f20ee65 bddbe4f7 3f0665dd bf3f1705 3d96e365 be683407 3f23ce98 bf514711 3eda3b41 3cb2809a 3ecafaab bf5adf0a 3f63af8c bf7fc0e7 bf6497a5 3f368ec6 bf4526f7 3f0a4e35 bf681797 3f7e18b2 bf731027 3eb24a98 3f6fafe0 bf47eee8 3f067600 bf0bd64d 3df5a4f3 3f0165cd bdc62213 bf422ef0 3eb6ca1c bf15663f 3ec8ab92 befdfbfe befd0ba3 3ecb4b12 be9d5a17 3f6767b8 3e43f26d bf0e8658 3e0c3204 3ec07a2b be0c51bc bf65cf94 3f0dc5ec 3f002dc8 3ed7eae4 be85aa28 bf0b3dfb 3f17863a 3d534965 bf65efc9 3f2e965c bd1343a9 
be8faa69 beb5fa25 3eecbb74 bf604f88 be01b252 3f63777e 3d3fc071 3f14be57 bf78883d 3f51cf27 bf3f86b9 3f11ce26 bf4b6f39 3f27fea8 beaa7a21 3f74803c bf071640 3f27269a bde8e596 bf1e8e53 3f3d3ef6 be15b2af be55d3ac 3ee5eb0d 3edceb50 3ccc7edb bf03d5f1 3f1f4e67 bf3226d1 3f76a035 bed10b8c 3ef82bfd bf7ac057 3f22ce63 befbfb63 be31f2ff 3ebecab0 bef61c04 bf10ae27 bf012df9 bf081e09 3dbd6332 bef3ab1f 3e00d1af 3e0f526b 3f76000b bec0ba7f be9d3a4b 3f08961c 3f48ceb9 3e073250 bf111639 3ec5bb28 bf180626 bd724389 3e1cf280 bf338698 3f0785dc be5913b9 3e2a127e 3ebe7ad6 bf63a776 3f6bcf87 bf3cfeb9 3ee6ab91 3ef98b77 3e5c132b 3f275e6b 3f1c9668 bf4716fa 3e643341 be36b2bc bf58473b 3f0bbe13 bf601742 3e0b929e bef66bd5 3dde2259 3f5cdf3b bf7a802c 3eec3b50 be9fba27 3f4e970c bf34c6d5 3f60476d bef7fbd4 bd9aa2c6 3f734808 3e8bd9d6 3eda6af6 bee1eb87 3f1a0680 3ca28760 bebb6aac 3f2b1657 befa6b74 bf31aeac 3edd2bde be6ad2ef 3e1e3233 bcbc8536 bf5c57b5 3eb8ca9f 3f6e07c8 bf56270f 3f6d2ff1 bf524f54 3f667776 3e64f3e1 bc998762 3e3e52f9 bf778048 3ec56ac9 bd61c36d 3e6672d4 bea02aa6 bf03dddc 3f6d07a1 be57d2c6 bf29168f be1072e8 bd806110 3f3c0ea6 bf40becf 3f1b3e43 bdafe3c4 be829a5c be8459dc 
bf4c4ee9 3e97ca50 bde563bd 3f160648 3e842a53 bef90b5c bf777023 3f4daef9 bf06c5e2 3f4366dc bf170e30 3e771283 bd26c161 3ea45a2e befd4c6f be965a27 3c8287fd bf37beb4 3e453317 3f42bf07 bf38aef9 bef2cb26 3f75efe1 bf621f84 bec30abc 3e5d7382 bf3eef03 3f2f4e4d bf20fe56 3e7b32f2 be25d129 3e0bd33c 3cf68783 3f0135c8 bea50ae6 3f2b66bf bf2166a3 3f545732 3e7ad46c 3ed35b5a 3e307252 3f67d78d bf1d763b 3f14360e bf02e606 bf637791 3ef13b48 3dc062bd bef6eb46 bf78a818 3eb9ba79 3d7742d2 3e25b2f6 be2db381 3f79d037 bef50b52 bdff2413 3f165de6 bed38b0f 3e5632ec bf7ab00b 3f63df93 bf09fe23 3e3792cb 3d314609 bf3bced2 3c9d832f bf7f38f0 3ec71aaf bec2ba55 3f20ce7d bf08b63d 3f72a823 3e0331b2 be69b2dc 3f4cff33 bed0cb10 3f47a6f5 bf77a025 3f062e0f 3ee79b6c bf3b66ce 3eae7abc bf415665 bf07edf6 3f64a78e bef42c00 bf070e07 bf59372f 3eaba9e3 bf371ed3 3f0fb64e bf6ecffc 3f7f40df bf69b7d8 3f44b70f 3ca5849f 3f29ee8e bf6507db 3f588710 be93ba61 3f70a7f3 bebeeabd bf6997ab 3f5a4767 bf2bcea7 3f216656 bf529766 3bf5fbec bf3e76d4 3f6a57c7 bef8cbbb 3f08dde8 bedd2b3f be03f145 3eb5ca75 3ee65b2b be1773b3 bf175634 3f198e27 3eae9a9d bebf5a97 3e862a0c be9cda0f be8c29f9 3ebb3a86 3d50c1de 3f47670c 
3f396e97 3f29b664 bf6f4fd7 3ee2bb68 bf7ee0b1 3f41eecd 3ef15b07 3e0c71b3 bf44a6fd 3ef1cbad bf0825ef 3f56cf2a bed82b1e bea3aa90 3ee9db36 bde7243b 3f596f4e 3e82d9cd be8fba24 be9909fa 3eabdaed 3f2f5660 bf58c738 3f611f8c be3bd32a 3f4edf27 3e91ca37 bd2dbf94 3e9039ab bf0305ec 3ed07b2a bf023e13 3e99da5a bf2f0e8a 3e8bc9d2 be89da37 3db0a27b bf48bf04 bdc7e2a9 3e23b1fb bf140e22 bf43ff06 3f5aa749 bf73303c 3f5c4f5c 3f3516a8 bf1d0e78 3e709380 3f166e18 3e671298 3eee6bdd bf741002 3f77bfe7 bf5b3754 beeb0b24 bd40c1ac 3f5b5745 bf61f770 bd5242f8 3f0215eb 3ef93bf3 3dea6242 bf07c5c0 3f189e47 3c4500f1 bcb98bca 3f0c9e0c 3f1665e4 bf153e01 3f755fee bf7b405d 3f570f44 bf5e47a1 be4dd31e 3d12bd8b be72b38e 3e811a5f bf709ff2 3f3556a1 bef0bbd5 bcb48627 be031219 3ef4bb99 3f0035fd 3f45aedf bf6dffdd 3ea2aa6e 3f6a9f92 3f0ad659 bd98e1d8 3f4a2f18 bf41af0d 3f7037e7 bf4746fd 3d3cbfd6 3ec26afd bf4dd6d3 be685320 3ef80b65 becf7b4d bf2dde8e 3ead6b1a bf16768a 3f735010 bda3a17e bf40167a 3f4156bd be99f9f0 3f3d1ebe 3e7d3373 bf48d71b 3f71e835 bf2e167a 3ecb8b1b 3edf2b67 bf413efe bd47c69b bee48bb2 3f6c27cf be4ed3ab bd90632f bf188e6c 3f364e95 bf028e09 3f65d7b0 bf077dc1 bf14f603 be10322c 
bf427709 bf7c6858 3f6ccfc5 bec0daee 3f270e96 3ca07ce0 bf7c7050 3ea2fa42 bb13f9b7 3f4836c5 bf7337ff 3ee05ba3 bf1d2656 3f1d4655 3ee60b18 bf532f4d bed37b30 bf100e0f 3f435efb be8c49e8 beecdb56 3ec75adf bf79d865 3f35decd bf220664 bf36feba be8719b4 bf580f61 3f6e1009 bee78bcd 3f18d607 bee8bb95 3f465f38 bec7fa9b 3ef9db6b beff4bdd 3f289e28 3f293664 be6613cd bec3fa95 3f538f2e 3da7e41b be82e990 3f089e00 bf4bcf06 bed2db07 3ec41ad1 bdb1e1ed bf7b906c 3f2ad6c9 bf67378c 3f38e6f7 bf3e56e7 3f4f16ff 3f1ffe83 bd97e095 bef6fbaa 3e3272f7 3f5a9748 bf73a7fd bf30b66f 3e4c72bc bdb42025 bd10c066 bf2a0eb7 3f4c5738 bf7b5053 3e1cd201 bdcce405 bf386e82 3f32cec4 bf30feaa 3f3bcec6 be843a3b 3f467f1f bf4f86ff 3ebbeb13 3ea96a30 3ea1fab6 be00d198 bbae1238 3f033e30 bf7467da be80c98e bf17d63a 3f0ba60a bea06a13 bf3afe57 bf307ed7 bdd8e470 bf060627 3f136e09 bf470f26 3f6627b7 be0ab137 be527288 3e9759fa 3f1bd615 bf1dd64d 3f2da68a 3eeb6bfc bf00e614 3f5d4778 bf752016 3d524679 3f049606 3da9a27e bf734feb 3f0dfe2e bf5eb758 3f6667e3 bf6207a6 3b2421d4 3e105269 bf40c6e4 3f70b7e1 be0b9243 3f09ce35 bf37169d bf4b7f24 3f3266a5 3ec73a85 bf236e7b 3f080dcf bf448ef9 3e8f19e9 3f77b02c bebdaa84 
3f385ec5 3f57ef24 3d9da2e9 bf5cf732 3f11c60c bf79a036 3f612f44 3ea4c9cf bf3036bf bdaee29a 3e8149b8 3d9e224a 3ee2db62 bf1f267d bf4be731 3f629f7f 3f23de84 3e08f0ea bf165652 3f2a3e6e 3cf4831d be1c32db 3f75b038 becd6ad7 3eb3ea7d 3f245655 3f645f82 3e94d9f9 bebf0a96 bea38abb 3ecb2a97 bf5b3f52 3f25d679 bf767814 3f69afad bedecb1a be855a0c bf69cf8e 3f314ec7 3b9e1b3b be0cb2ae be07f1af 3cc588b8 3db3a3d5 3e82099e 3f0f9e22 bf195e58 3eb86a05 3f281e6d bf1a7e2d 3e6e12db 3f37f6dc bf0c7636 be935a76 bebe2a96 bf297e76 3f48d6da be84f9d7 bf3a56b2 3f638794 3f3d568f be9fca90 3f2fe652 bf06be13 3f75dff4 bf7c288c 3f76c800 bf34f6e9 3f6cff77 3e09513c 3e6b7544 befb2bcc 3f0d0e06 bf0a1629 3dcb610a 3ce877c2 3ec87b2b bf0a5606 bf048df8 3e19f25e bdcd23e1 3da0a0e9 3e27d1fa 3f7c9868 bf2c668a 3f35fed0 be4ef2af 3f593f4b 3ef36bd8 3f1565da bea23a8b 3f039611 bf178620 3ea00a52 bf606fb3 3f787814 bf630f87 3ed87b98 bf0cfe13 be7f3422 3dee651d becb1ad3 3d9ce14b 3dd7e2a8 3f0ee5e5 bf5aef5e 3e4a92f4 3f046dff bda7241e 3c0901e8 bc817eb3 3e0a92fd 3f4aaf0d b940624c be8cea60 3eb42a83 bf539f36 3ca37fee 3f542f1d 3f0c1e28 bd9221b9 bf6357a3 3f7c8072 bf5b9f79 3f3ac6e8 bea3da66 bf454f15 3f203637 
bf57e748 bf495716 beae2a65 3f5aeef5 bec44ac7 3f48beef be703331 bf50a72f 3f79a84b bede1b9f 3f173633 bf2c4643 be3bf2f9 3f6e97c8 3e89f9e6 be49b32f bf62c772 3e0c90fb 3edbaaf2 bf7ed885 3f0f3e10 bf179e58 be795273 bf0e1643 3e84e9ff bf6f87dd bf1f5e1c bf132e62 3f49c717 bea15ab7 3e5e748f 3eb27aa9 be4e9363 3ebceabc bee90bac 3d91a1d8 3eef9ba4 3f059601 beab6a3b be77f31c be79f44c 3ebffa2b bf12de32 3ea60ad2 bf70a7d9 3f20d697 beea2b34 3eff8b42 bf7f88a4 3f6bb7bc be879a13 bf73e7e3 3f28f67d 3efedc34 bdd76483 3f60a76d bcc886df bee65ba0 3f541727 bf67dfd5 bec83ad2 be3df204 bf0b05fe 3f209e60 bf6b5fa3 3f526f30 bf1aae93 3f19cdec bf6bffca be837988 bee72b3e 3f66b765 bf5b77a2 3eccaacb be9f4adc 3e935a1f bf33ceae 3f274687 bd32475b 3f4ce756 bf0e2e50 be459254 3e325275 bf63efad 3f59f767 bf4baef8 3cbe81bc bf4456df be62944d bf3026c6 3f128dfc bf4da725 3f485f1a bdfba2fb 3e717334 bb860a29 bdd064ba bcf081fd 3ee9bb2b 3ef96b37 bf44cef7 3f68f7b7 bece2ad5 bd093e3c bf0d85fe 3f74982b bf623f76 3f38aee3 bf57bf40 3ed80b25 3e8729e4 bf252663 beee1b21 bf19b66f 3f6e6fa7 bf39b6d0 3f6e9fe1 be85ea17 bf4a3f39 bf03b628 bc94826b 3f06a5d5 bf29a6af 3f7fc119 bf5b1f3d 3f78f04f be9daa7b be513328 
3f7ad869 3f0515bd 3e333344 3de723e1 bf648f74 3e40f25c bf126e6c 3f7be882 bf4c1f04 3eeb3bcd bf7ff917 3f547f63 be5b93c6 bf26ee72 be43731e bdece369 3f2a8e84 be7ed3ae 3d8ee0d6 3f06462f be3cb1de 3ec24ab8 3f132e2b 3e71d2e9 3ef8cb8e 3e9f7a87 3f07ddcf 3f1f0666 bf52873a 3f142634 bf15061c 3ec8eaa8 bf498ecd 3f63cfdd bf1495f9 3e9a6a5e 3cf28665 bf61576c 3eab4a86 3f3dc6be bee6cb5c 3f42d6ed be1871bd 3ef1dba6 3ec28b09 bf0d4e29 3ef6eb63 bf319e50 3f52a734 bf3416e3 3e27f265 3f45268c becc0b3e bf2b0ead 3ea65b1c bf3c3e77 bf4696df 3f3abec5 be3f92b9 3dbae15f 3f3ef6c7 3e5f72af 3ec9daff bf424efc 3f6ca7c7 bf188651 3e70525c bea92a3a 3f4826e9 3eb2faea 3e625391 bea1da1b bddc2601 3f6c6f93 bf4a3754 3f68d7ca bf2a6e51 3f4c1edf bf086649 bf4a274e 3f5bf762 be6253bd 3f128618 bf1cfe61 3f1f2673 bf041dfb 3f16be56 3f604f87 bee86c42 3f571f47 bf1ee66e 3f1715ee bd2f4521 bf5e079f 3f42df2a bf502f08 3f086df6 3e331358 bf4ab714 3ddd21fa 3e2591e4 be6ef257 3dbe2419 3e1ed247 3edbcbac bf041618 3f0c3e5e bf509f12 3f43beea be149276 bf1b5e3c 3f328e78 3f4746de bcaa7bc6 3e6073bc bf436ecc 3ec6ea69 beabca15 3f6fffd5 3ef87bc6 be17b229 3ea9da58 be69935c bf277e9a 3ee0eb05 bf779008 3f2a1e89 3e0071a7 
bf78a03b 3e973a4e bf6fd7e3 3ed6cb9e 3e94fa47 3f2ac65b be293212 be1af215 3e09f328 bdd0e292 3f6b97e0 be6a5327 3dfd24a9 3ecfeb0d 3d5dc5ff 3f254649 bf477ee6 3f3576fe bf512733 3dd02362 bd9fa3a2 bf180e45 be922a7d bed31b1c bf79483f 3eb5ba60 bf518f04 3ec38aab bf23ae35 3f767ff4 bf6eefe3 3f0295ec 3e60d389 bf2b868c 3f2f6676 bf1bfe30 3deb2341 3eebdbd7 be08d34d bf3faeed 3eaefacd bf49af10 be9f8a59 bea47a75 3c03006d be8b79f9 3f1ff686 be2a71ed 3d41bd1b bd074096 3ea12a3d bf7e08da 3f7a5073 beb91acc 3eda4b98 3e9a1a3d 3f59376c bda1e2d8 bf547778 3f18565a bf69dfd2 be29b261 be8e29e1 3f7aa841 bf732845 3e7b1427 3e43924d bcd881e2 bf31deb5 bd544446 be3b3234 bcf7850c 3e8b19cf bf2d4695 3e17f217 be537357 3d2e407c bf07addd 3dc263ed 3f47e70c bf49a727 3e6e334b beff3c23 3f4786fa bf5fbf34 3f651fa9 bf1e2e7d bf31ee98 3eb9aa3e be6f7362 3eeb8b8f bf6ca7a8 3f00de0a bddde5ae 3efb8bd6 be4e1293 3e3992a2 bf2e06ac 3f7e10a2 bf26de61 3f417709 bf6cef93 3f336ed1 bf4f3710 3eb48a3e bf374ebd 3f1f564e 3eeaab2a bf6417bb 3f01ade7 3dcfa481 bebc1a68 beaa2a2f bf5a1750 3f264664 be5252a7 3f181e52 bee82b43 bf205654 3dbaa008 bf500ef0 3e27937d 3d13c0cb 3f68779d bdfca4d5 3ecb3ac9 3d9c23df bf497f12 
3f77983c bef6ab20 3f40f6f3 be71b2b1 be92d9af bf3666bb 3d514245 3db82488 bd3642cb bdda66af bf2d66bc bf41b707 3ea81a9f be0591a4 becb5a39 be327203 bf0125f0 3f2d4e68 bedceb85 3f4fd733 bee0eb76 3f587f19 3e27132a 3f2b2e6d 3f2bc670 3eb76a70 bf29be45 3f519f33 bf1b3e3a 3e35b3a1 3e8f89fb bddf25cd 3e0dd22a bebcfaa9 3e9c2a41 3ede5bb0 bf3526bf 3f4baefa bf232647 3f7e5093 bec98b54 3f635799 3f3daeca beaebadc 3f129e1e bdada42f becdaac4 be4272dc 3ebe0ac7 befe9be6 3ef16a85 bd4bc75d beaa5a41 3ea3aa53 bee5cb7e be3b927c bf3a5ea8 bd78c58b 3ef70b5f 3ed43ad2 beb0bae1 3f6befe8 bed7db3e bf25e68f 3f0525e2 3eb25a74 bf4986f8 3f6b87ba be8629ec 3ee4cb74 bea43aa3 3ede8b63 be90ba11 3f01a613 bec43a67 3f287e81 bebe4b0f 3f78b032 be85ba0e be9c9a23 3f3fded4 bf4876e6 3f729806 bf79a876 3f57e72b bf2ece3f 3e1651dc 3ecc9b0d bcea825e bed6ba98 be2731a2 3f6a8005 bef78bfc 3f19e613 bf7a28b5 bdd7a62d 3f391ea7 befd7b85 3eec0b12 bf383eb2 3f173e51 bef9fbdc 3f74f046 bf1e9653 3f0b8e0c 3f04f61c bf71a7cb be4d5318 3ee7eb27 3e89aa0e bf4286ff 3f4acf1a be38b2b6 3f3d7eb1 3db02295 becbaba0 be66d27f 3e39f2ac 3f25de80 bea5ba99 3f772803 3d2b40c1 bed8ab70 bf4756c8 3c32fcbb bebbda2e be860a44 3f5aff11 
bf04e601 be4392a6 3e8749cd bf0ea5eb 3f545f62 3e5cb3e2 3e4e338b 3e8bfa33 bf03fdd9 3f28ae54 3f18ce43 3f6f6fc7 3d143f7d bf2c6e95 3f6d779c bde6e4e1 3f71f7fa bf77e018 3f14864c bf235662 bdaf2048 bd1943b6 bf627f9d be68b3ef bf745002 bd3fc15b 3ef46ba9 bec5cb26 3f50e752 bf50ff4e 3e9179f8 befb7b7a 3e2bb2bb 3f0f1e72 bf2c7eb1 be9b1a8a 3f22e698 bf272e82 be9c3a67 3eb51a3e bf4316c6 bed42b4b bf36cea4 3e50b3c4 beb79aa3 be7254ef 3f671fc0 bf302e99 3f33e686 bf11564d 3e15d2f1 3e916a90 bf14ae50 3f66ffe5 bf53ff30 3f6777bc 3d0344ac 3eee3bb7 befb6be8 bf27eec2 3f3216c2 bf69ffcc 3f4e3ee4 3debe3a2 bcba8a37 be8ac9fa 3e8c5a6a bf708fee 3f6ebfc1 bf48073b 3f005e09 bd0141ec bf27c6b0 3f12b5fe be4f5328 bbddfca5 bf15f64a be6cb2ca bec61b65 3e878afa bf1ece8d 3f530f1c bf67efe0 3f615778 bf5f3f8b 3f2d8ec0 be143363 3f05eddd bf133678 3f6e4fd8 beadeac6 be6a9312 beceba84 be2af2dc 3f445ec6 3edecb7b bf1dde2e bea49a6d 3f5c9f39 bf59df47 3f79885f bf53eee3 3d832327 be88f98a 3e0bf29a bf3a3ea6 3f72c018 3efc6b69 bf3e1eb1 be9e1ab3 3f5a9f66 bf758016 3f3baeb4 bf747ff9 bd12c55a bc8a75cf 3f347e7d bf1775f4 3d333fc7 be2fd1f7 bef19b74 beebcbe2 3f7bb899 3e37333e 3ed3eb4d 3e0a31ca 3ef9cbd0 bf560f57 
3d63c59d 3eb45ac8 bdf4e320 3e0911be bf1215ed bbd1f03c beecbb61 bea2ba79 3f0aae06 bf342e7f bf5ea75b bf2686b2 beb09a4e 3f60ef3b bf4c8f0b be04b202 bf0a4e08 3e853a06 3e9c6a5a beaf1b05 3f61279a befa1bb6 3f3b16b6 3f706fda be06d2b9 3f5a276e bf4f4725 3e0091df bf4b06fe 3f228ea0 3ef62b3b bf04c5ca 3f063e12 bf5dd77f 3f138e57 3f232e80 bf547fa6 3f572f67 3e8eaa7a bebc6acc 3f7427f9 3e5e32e9 3f04c62e bde66444 3edddb0b be219232 be994a91 3ec1fa84 bf092e1b 3f485708 bf4dc72c 3f3fd6c3 bf0e7623 3e47f26a be54d388 3ec20a8d bf27967a bea2fa0a 3f69d7b3 beb5da07 3ea6ca48 bdeb6230 bf062e08 3eafda5b bf3a6e9e 3e924a78 3ee61b4b 3e91f9ed bf3dded7 3eeb2b1d be9a69f1 be3af341 3f03860f bdd0a1e1 bf19e625 3ea8ea2b 3f2e7e75 3e4933b3 3f0a9dbe bcc088a2 be37d2cb 3f27ce88 bf78c041 3f744ff3 beedfb01 3ecdeaf6 bf3646c4 bee71ac7 3da3a2dc beab19f7 3dd9a109 3dfbe32c 3f3d5ed7 be649283 be9f1a71 bf4776fc 3f0f0612 3ee5dae1 bf65e7ce 3f2e5eb4 bf604778 3f0e960c 3ec06a65 beea6bde 3f4666fd bf124e21 bd9ea364 bf4af6df 3f536f5e 3e2af268 becfabb6 3ec3bada be9a1a51 3e47b397 3f4c9f41 bf2e2679 3ee6bb84 bf26b69f 3f3a96c0 beff6c38 3f537f54 3d36c2b7 bf6957e8 3e7613d7 bf3d0ec4 3e88a9ed bf6d4025 3f67c7a3 
3f28e694 bf2bbe8b be3f52fa 3f0a0df0 be5151f8 3f308eb4 be7613ed 3f628f3e bf3bfeb8 3f6d27c5 3f217e58 3f4d471f be49d3f7 3deb63bb be8789bc 3f1a5e1c 3eed1b61 bf183e10 3e9b1a5c beb6ba33 bd5a4407 bdac634a bed83b07 bf2db6b1 be5b1323 be8d0a59 3d95e33a 3f323698 3ed6db0b beb7da8d bf61d76f 3f745814 bee34b77 3ef73c00 bd2ac2c3 bf68cf9e 3f16e65b bf48971b 3eccbb06 bf68e78e 3e695433 bf77682a 3ee82b47 bf2b6683 3e7d747b bd99a11e 3db221fe 3cba890a bf032da8 3f379694 bf753ff4 3f38a6a3 bf164e0d 3f306685 bef37b76 be907a38 3f2c5e6d be9069d7 3d38bfd9 bed2ab46 3ec44aae be087271 3ec37b1c be5eb2ef 3f788859 bee3ab48 befb5bb9 3e0271a1 3dcda16b 3f053df6 bf2976ad 3f7d88ab bf23d632 be0db2a5 3f78a075 bec77b05 bee54b0d bf2a3e67 bee13b74 3ef91bbb bec2eac6 bef81bd1 3f6f97df bf5e8fc4 3ccf838d bb1c26d5 3f2a7690 3ecd4a9c 3f116659 bef79b71 3f0d45fd bf7e308c 3e94ea46 beb98ae8 3f257e90 bc5d0a6f 3efb1b41 bf563752 3f497f20 bea52a4b 3f7f08e1 bf3fa6d4 be22d205 3f025e0f bf3236df 3f2eee98 3f0355f2 bee27b06 3f00cdd4 bf6d8fdf 3f283688 bf26363f 3f56674e bf60ff8c 3f0c4e3d bf7c087d 3f3db693 bf1f6639 3f3366cf bedcdb71 bea5aa6e 3ee3ab62 bdfc2325 3f6617b0 bf6be7d2 3f6d0fa7 3ec01ac5 bf360eaa 
bee22b61 3d4d4370 3f55ff28 bf46b6f6 3eba0a96 bf7fd0e3 3f221655 bf66ef73 3ee31b1e bf6837fd be9caa72 bf41c711 3edc8b6b bf40eec9 3f7b405e bf5df755 be8c599d 3f4b76e4 bf372e9e 3f5cef65 bf3d86a7 3f4bef02 3d58c3bd 3ec05a76 3e29d2b4 3f3b969f bf4b9f18 bd90a471 bf54ff55 3efecbad 3f29468f bf35deb7 3c98883e becbbb06 3e26b287 3e9bba62 3f21863a bec16a7f 3e0d7205 3f2f8ea1 bc5f01ad 3eb0ea79 bbb5f8e1 3cb183cd 3e9299a8 bf0da64b 3e785341 3eb14acb beb12a5b 3f1cde5f be7eb454 3f1ae649 bf48eee4 3f0cd608 bea3ea87 3f639731 bf7fe8ee 3f5b778c bf49f6d4 3f27c677 beac2aa1 be0932fe 3ecf7ad5 bf464efe bee4dbe7 3f01f5f9 be049228 3e839a51 beadda6c bdd82544 3d80613c bed95ae5 bd284422 3ef9bbb0 bf50cf3f be8aaa1b 3f420eda 3f47aed9 3d6dc392 bef68b90 3f1cce46 3e2ad2cc bead5a4c 3e8169d6 3f52e758 bf66bffa bdbf62a3 bf3de6ea be5672fd bd6bc1fc 3d9f636c 3f40c6bd be66b354 bf1045ec 3f4b0f3d bf743fc2 3eb9ea71 bf1d8657 3f09be30 bf249e0f bf669fb6 3f5e175d beaa6a6a 3dbf612f bee11b7a 3d11c3a0 bf4ed710 3f5b1f31 bf6ab7ae 3f63f7c6 bef02bfb 3f44bedc bf7e0096 3f3dfeb1 bf05b61d 3f27ae4b 3ee42b0e beccaa8d 3dc36331 beb2aa79 3f240662 bf199615 bdc1620b bea08a65 3f7e909e bf6af7e2 be18523a 3dd4a257 
bda0217d 3f10c5fa bf4fe728 bdbc21e2 3f119647 3ec48ab3 be131293 bd88a3cc 3f36c6bb bc44fe4a 3f4c670b be4231dd 3ea9e9f0 3e5fd2e3 bf402ef0 3f7f90db bf51772d 3f152e3a bf6707c0 3f5dc783 bf1c5e58 3e30d242 bf79e06b 3f66d7eb bf5f27aa bedb2b31 3f2ffee2 3e88e9d1 3e637354 3e99fa70 bf7df883 3f524724 bdf2a3ff 3f6b07d8 bee7eb39 be1552cd bf2dce84 3dc52306 3eca5aec bf61ef6c 3eed9bbb bf5f6751 3f660fc6 bf3786ce 3e957ae4 3f31a691 bf637fd8 3f2aeec9 bf10960a bea0c9f9 be25925d be967a8c 3f268e8d bf08a62b 3d88a161 bef48b38 3f0d6608 bf291e4b 3f7c9043 bf2e7ea2 3ef49b92 bf428f27 3efbdb27 3f09461e bc170e3a 3e93ea38 beffcbc3 3f1875fc be4c92eb be9549d9 3f5e2f3b beeddbd6 3f36aeac bf53172b 3f61077b 3efe9ba8 bf3c2eab bf7ae04a 3f6f4fc5 bf27bea4 3efcdbc8 bf6a77b0 3f1a2e1e bf240685 bf0d6e26 3f7bd832 3cb08e0d 3f2ab68b bdde63ce 3eeccb1e be9749e8 bf7277fa 3f689fe5 3d87e25e be904a1a bd7a4060 3f0615d7 3e7c941e 3d62462d 3e9c19b8 3f4e8f2d 3df922af bf3356cb 3f5d3f4c 3df7660b 3f3e66e5 bf703fcb 3f79787a bee06af6 3ed24adf bf3836b2 3cd5907c 3e9479fc bd5bbd67 3ec59aef bf704fe0 be1f7254 bf0385f9 3f5fd786 bedd6ac1 3e305288 bde1257c 3f5f5f94 bf1a1633 bf3f5eff 3f137e25 bd064044 3f1b0e1b 
be4151b2 bf39ee98 3f390ee0 3eea9b2a bf577f44 be39b314 3d0c4627 3ec7baed bf3046f0 beda2af4 3eaa2a2a bf6edfab 3f757fdf bf7057bf 3f5106da bf46df0f 3f7e6094 beb22a46 3e8a3a16 bdb56224 be9b2a8e 3f766051 bd4fc20b bed9aae0 3f199644 3c5b1407 3e2471b2 bf78c83f 3e9b2a8d bebacad2 3eabeae3 bbd5eae7 befe8b82 bf1d068b be8c09f3 3f677f7a be7b1465 3f746805 bf7c5872 3e3092e7 3ea83ace 3cb78b80 be7d52fb 3e015216 be50d40b bf3a16e0 3f4a16de bf7f30d7 3f5a8f41 3f2ace97 bdafa336 3f076dce bf756fce 3f640780 bde0655a 3a98091d 3e62f419 beb68b07 be09f1ac becc4aea 3f47ceed 3e8f0a37 beb4da71 bf64e78a 3f35aecb bf532750 3ed2fb8c befccbff 3d8da302 3f21a68b bf634f6b bda66230 3eba6abf be8b3a08 be2372f0 bf7af856 3f78a82f 3edf5bb2 bf730805 3f38d6d9 bf25463b 3f617781 bee41b68 3f7c7076 3d7d4659 bf765823 3e2fb2a0 bf3766c9 3f0efe15 bf52c726 3f23be6a 3e858984 bead3a4f bf0c6dff 3f3616e4 be846a04 3bbe0a39 bf2d4e8d bed7eb69 3c46f923 bf13ee47 bf65c760 3f7de075 bf55473c bf4f1721 bc431206 3f30069a bee93b57 bf52e742 3f52b726 bd85e261 3ed01b69 be91b9c1 be43f372 be850a46 3f6737d7 3ecbba6e 3e979a7d be521289 be90da97 3ed14ae0 be962a68 bf2f8690 3f3e16f9 3f1e7e57 3e40724e bf122603 be5a52f6 
3f464f23 3f14d638 bf318ea2 bdcc6270 3ec00ab2 3e435328 3de62446 bf4e2702 3f5faf34 bd26429c 3e163114 3ebfea96 bf184649 3cf986ed 3f12c5f9 bed20b16 bf448718 3e5a1332 3d84a23e bdfa6387 3da3e408 bf6a1f71 3f07b5fe bf084dfc 3f0fe5f6 bef3eb82 be73334f 3f60ffab bd484400 be2831c4 3e9e4aa4 be8fda32 3ec4daf3 3f4b1f35 3ed84b13 bf11ce26 bdae2206 bf4a66be 3f37cea9 3f58ff2e bf651fa9 3ee72b2d be5ef3a7 3eb0ca8d 3e63b3aa 3ec2bb1a 3dae62a4 3f1e4e6d bf669777 bef98b7e bf2c2e3e 3eedeb8c 3e393280 bf31b6c0 3ef0db81 bedb3b43 3ec25ada bdb02222 3f3d0ed7 be30134b bf2b7e6e bed9fb30 3eceeb73 3f73dff0 bf6c4fc7 3f62af9a be8fca0f 3f432ede bf43e752 3dd5e14a 3e9c0a0b 3e219273 be4d1187 be0232dd 3f232674 3f3cb6bf bf68df67 3e7ed42b 3ed29af1 3d42c01d bc927f50 be30f14f be63730b bf579f62 3e5eb379 3f4eaf2d bde5e250 3ef7eba8 bf3cd6ff 3f7fb0c8 bf799053 3f2ede81 bececa5d 3f53572c bf75d7eb 3f2f16a0 bf162e70 3f741feb 3f346e9d be5e136b 3ee66b51 3f692fc5 beb51ab0 3ed9cb24 3f606792 3c908892 bf6dafe4 3f29067b 3f4f7f72 bf298696 be20337b bed7bb7f 3edebb2f bdc1a1ba 3ec4bb04 bf346ec1 bf73c7e1 3ef44b4a bf4bc712 3f1a7e23 be9289ce bd63c30b 3f5e3f82 bf37469a bf2cde7b bf1bce30 3f7ae068 bee7dbe0 
bf4b66fc bf296eb1 3f38ded5 bf0cb606 3f18de36 bf7267e8 3f7f789b bed62aee 3f25b672 bf62a7a5 3e8a2a53 bf091650 3f5cbf96 bcf17fd1 bf6d1ff9 3f59ff6b 3f305ee1 3db060a8 bf61e785 3f51d743 3e9baa0b bc8085fe 3e84fa11 3ea61b2b bf440ef8 3f363e7b bddd24ca be335376 bf18ae6a 3f57b714 bf581f8f 3f16d660 bf1a0e4e beb1aacb bf6fc773 3e8469b0 3ef48b65 3ed5cb88 bf33d6d9 bf2966a5 be043234 3edadb81 be1ab27d befb8b67 3e0971c8 bf50270d be6af3b1 beef3ba7 3f446706 3f113e54 3f3b7ef7 bf00edc3 be5892f1 3f5dcf64 bf5ba71e 3ee8db58 bedc0b80 bc4b0557 bf4b86f5 3f402ee3 3d2dc06e 3f6d57cb bf3a7ea3 befd9b53 3efc2b8c bef8bbd3 3d08442a bf411ea6 3f711fdc bea4bab8 be859a16 3ee0fb0b bf19a635 3f582771 bf789040 bf5086bc 3f7de849 bf2d56a8 bed1bb62 3db7e50a bf0965f8 3f2b6e8f 3d8ae1a3 3f5ee791 bf197635 be5b5377 beeafb0b 3e4f1377 3ed6fb49 bf417f22 3f3a76f8 bf14de63 beb4babe 3f2cf672 bf11e608 3f192e41 beeaabf8 be1e9223 bf677f69 bdfb61a1 3de4229c bf5d7f5a bec95aa4 bcc6863e bf1b1e52 ba0f0815 3f07be3e beb1faf4 bf0d9e1a bc6afb1b 3f0a5e3a 3f262683 bf603f93 3f35becf bf454729 3f550f26 3f474f11 bea93abc 3f3ca6b7 3aa841a7 be7d93ac 3efe1be8 bf7e9077 3f1ba61e 3f014de6 3f678768 bf728009 3f187e20 
3f034dba 3e44336b 3f168e0b bf3606ca 3efa9b7c bdc32235 bf1e3e1d 3e06d23f bed0aa77 3daa621e 3f5e9f6b bf2ade86 3dd262a0 bec6dad4 3f7b68b1 bf6457ab bf4536db 3dc862a3 3f783ff8 bf72e019 bf4f9efe 3f3ba6ff bf5d474c bd02457f 3f1b565e bf7fd8ca 3f50475a bf384eb0 3f755009 bf5cbf5c 3f0025ec be2612c6 3e2cb2aa 3f3026b5 3ee38b36 3f104648 bf5a0734 3e367215 3eb33abf 3f155dfb 3f34a6ef bf14163f 3d2545bd 3ef76bb3 bc9882dc 3f41d6be 3ef7cbb9 3e7db3d7 bf2d368b beb89af6 bf266655 3cd28225 3f2e9e87 bf798834 3f3eaee6 3eabb9cd beaa4a7e 3f38eea0 bcfc7c36 bec63b0f be5352b8 beffdbe2 3e601290 3f2a26bb bf37fee1 3f74700e bf2c3e98 3f7f20e4 bf5cdf6f 3f150621 bf3a1eb5 3f4ddf1b bf329680 3e20f1ff 3ec52a70 3f6f1ffc bf46feeb 3f652fc6 3e21f194 3e1b3331 3f423eff bf65df9b be75d2f4 be8cda5b 3ec2aaa7 bda32150 3f527728 bf608f97 3eb91aea 3d0443c9 beba3b0e 3f7c1084 bedb7ae0 3e893a72 bf01edda 3e403245 3ead3a7a be6bf419 3f6f3fb7 3e2f919f be56b35d 3f1d5622 3f38bea2 3d0740c6 3cd688d5 bc8b7641 3ec57aef bf4c271a 3f7ec873 3e3ef31b bf347688 bf162677 3ef7fb76 befafba5 3f462f53 bf77485c beb19aa1 bc3106e7 bf45672b 3e5313d4 bf117deb 3ee1ab75 bc0efea9 3eac1af0 bf47cf13 befa0bf1 3d8ca08b bc4101bc 
3e995aa6 bf33beaf be9d7a9d 3ea34a7d bdf223aa bc3706f6 3f5d270f bc79064f bc8f8c55 3eeb1afd bf65bfb2 3ea3fa80 3e8ada3a bf0c2e38 3db361fd 3ef4fafe 3f040e1c bde62366 bf395e7f 3f354697 3f6adf8b bedf6b27 3f0fde20 bd8ea45d 3e7dd40b 3e24f283 be003292 3ec7aa65 bf238699 3f5abf21 bf29c677 3f32fe71 bf424728 bed3eb4f be451285 bf28ee7b 3e6053d5 be723435 bc50f718 bf5abf62 be7932ef bee46be6 3f59873e bf319683 bdde2382 bf397edc be2671c3 bf1435e9 3f76e82a be60b2dc 3f2b76c4 3eb8eaba bf6cb7db 3f481708 bf0b763e bf4d9f30 3f023e45 bf1d9e52 3eca1b13 3d2c405b 3ee86b3d 3dd8e161 be7a145a 3d44c5d8 3d69433a bf4326cf 3f4e176d bef7ebb4 beb139fa 3f0f8e17 3e6413e1 bf382ee1 3f4ee6e1 be1dd281 bf47a6bc 3db8e0bb bebd2ac6 bf00b603 3d8a6225 bf378eb4 beedabc5 3f501730 3e3432e1 3e795448 bf3cc692 3f3c470a bf7f90f0 3f7e28a1 bf55ef61 3f54cf44 bf3f26e5 bd54c0ae be22122f be1b11dd 3f5c7758 bf7d6883 3f20c665 bf0a3dfc 3dd9633c bf4b46f4 3f1aa62a bf582f78 be64b340 bef5ab78 3f56b74c bf471eff 3bfe1e43 3f513f2e bf6e9857 bec58b23 3f7c0045 bca48606 3f4f3ef0 bf204e7b be169366 3edabb2c 3f31d698 bdc26298 3efd2b78 3ed19a8e bdef2242 3efd8c10 bf31bede bd1cc618 3e96aa51 3e38f210 3f7417e1 bf61bf73 
3f2e56b1 beaf8a78 3f6037a6 bf0cddeb 3eb21a5f bf12be2c be90ca57 bf1835e1 3f42c6f9 bf7d706d 3f0e262f 3e985a87 bec5fb8a 3f73381f befc1c20 bf54df31 3f4e5f52 bf50e725 3f7d687f bf1ea635 bf22ee5b be98ca53 3e11330c bee9cb72 bd104161 bf1e5683 3f02fe19 bf7147f1 3f6f07ae bf65778e 3e799411 be963993 3ec8cb54 3f743fec bf270e37 3f591745 3eccdac2 3e647362 bd784628 3f443edd 3dbb5fd7 3f3f56e6 bf43b6c9 3c0b0236 3f657775 bc91848e 3edc3ab9 bda464fb 3ddca3ab bee0bb40 3ce27dde bf1f3e73 3f29f671 bedb1bca 3f61f7a0 3d3f3e63 3ef0bb6e bed84aa7 be1572ab 3e1511d0 bf749821 3f4cbf1d be63d31e be971a49 3eda8adb 3ed57b5c bf5a7739 3ef05b67 3ec47ab3 bf02bde0 be9059de 3f312e9f bf79581e 3f4c8718 bdc0a077 3e79b3fb 3ec6aa95 3ed9bb0d bd83e3f2 3f7e888a bda922d0 bca082e5 bf62ffa3 3f25ee77 bdd3e1c4 bdade0d3 be0731e1 3eadaaa0 bea9ba34 3e01d2e6 3e6a5553 3d67c603 3f0ef5de bf206654 3e94c9de 3e66343c becefb8d 3de8a4f4 3e90f9f3 be519411 3f2fee66 beda8b0e 3f7d98b7 bf17ee1e be1651ed 3f43e6df bf16f61b beb11a28 3f6967f5 be4df39f bdab615e bf45befa bef4ab89 3e46b310 3f560f70 bf38e6e1 bf44df37 3e0ed197 be4c72c8 bf295e61 3eca0af3 bf5c3f8a 3f338eb1 3e3dd1c8 3ddf627e be6553ce bf773815 3e98fa59 
bf574712 3e896a39 3d4a3d9a bf38beaa 3f69ff7f be167281 3f33c69b bd454288 bea2da1a 3f366e91 3d10c188 bf171e51 be2c9242 bf1d6e84 3f19061d 3f0a1627 bf76d7fb 3f3cbedd bf327638 3e17d237 3f382e92 3b8203ec 3f4a9ee5 bf201620 3f611785 3ea1aae6 be35f276 3f68c7a3 bf47b6f2 3f0765d9 3edf8b14 be75527e be48532e bf70dfd5 3f64df86 bf6437c2 bea7bab1 bf466ed1 3e85e9e3 bf2f0671 3d89a332 bf696f70 3f775034 beac8a94 be1bb127 bf2ffe9c 3f46b70e bf3946c9 3eb06ab8 bef9cb92 3f78280a bf53bf05 3f519712 beed2be4 bf64f7ce 3ebababb bf0075ca 3e96fa60 3ec86aee bd2e41bb 3f3cf6e4 bf7937ca 3eac3acd 3ecb5b28 bf72080f 3f291e85 beae5ad7 3f11363c bf733fff 3f7fa8e8 bf277697 3f1535d8 3b7c0650 bf27de72 3f2fceb2 bf50d711 3eb4ca4e bf6897a3 3e3c928d bf77b802 3e1fb1a1 bdd6a3f9 3f3c5692 bf572f58 3f6a2f7a bf3b0ec3 3f6c07cf bf588f33 3f272e7d bf32a6c9 3f0ade3a bf4c3edf 3e0a1277 3eb6fae5 bf75c04a 3ed5ab30 3ecf9ac4 be82f9d7 3f0555ca bf538712 3ee09af5 bf1f864b 3e0832ab 3f03e608 bea3fa28 bead6a3f 3f50d706 beaaaae4 be51f28a be08327a 3e62b306 3f102621 3f57ff28 bf05ede1 bf515751 3f4686f6 3f30d698 3cb68522 3e0f1136 be309221 3f48fed6 becedace 3f2076c4 bf674780 beb7aab2 3ebdca5e 3f6e3816 be457187 
3f7cc0b9 bf4df757 3eb15ae0 3e16b18f bebdcb03 bf40ced8 3edd0b2c bec67a70 3f121e79 bf726ffe bde2e23f 3f1d661d 3efb4afa 3efbcb4c bf7d886d 3f45b6c2 bf0b4e0f 3f532f3c beb3aa89 3ef1aba4 bed74b5e be8cca16 bf750ffb 3f59d75e bf739831 bea94abb bdc0df9c bf7097b8 3f74a050 bf74d020 3e36f2bc beb5aab5 3f3126cf 3ec29adb bf181e53 3f265e88 3e8769e6 3f11d627 3f595738 bf2706aa 3f508f4d 3e982a42 bf6cafb5 3f373ec9 bf0115e7 3f34aeda bf66b7bb 3f0b2619 3c26f641 3eaffa8b bf119613 3f2b0e71 bf3f4eb7 3ed12b0c 3f2ae685 3d64c2c0 bf110e39 3f499710 bf568f2f bef01b9f 3e8339c2 3e5792a4 3e207288 bee94b8d 3f719001 bf7b003c 3f3ceecd bf3bbecd 3f3ee6fd bf6ebffc 3f7ea0c6 bf725802 3cd384de 3f45cf12 bf409ea2 3ef68bbb bed43ac8 3f628767 3dcce565 3ef78bab 3eba7a86 bf311ec0 3f4c7729 bf46bf04 3b9a1a4e bdf0a350 3e355298 bf25367a 3f649768 beb02a80 bdee2083 3f48a70d bf39c6b5 3eee8b69 3f66bf7c bf338e8c be6b3367 be40734b bed80b5a 3f79905f bf401ead 3f7e70ac bf5bf6f9 bea26ad2 3f226685 bf1b0e22 3d88e243 3ca485a6 3d93a12d 3e29b2eb bd7741bf bf3fdebe befcabc5 3ed09b06 3f594767 bf7fc8fb be95a9e8 befc4b39 3e9b99e3 3e913a0e bf28267a 3e6f53c9 bf3976ef 3f53d72f 3f192638 becb0b12 bf6e87f9 3e940a3d 
bf2fa6a1 3f41ded1 be75b3ca be3bb2c6 3f6de7cb 3ca9820c 3e3e9333 bf317eba 3e53b329 3f37aeac 3d40422f bf0085fb bf0f15eb bd58c575 3e011164 be73b244 3cfb82f4 be7ff2a1 bf06ddda 3e0f7278 bedf4b2f 3f69dfd6 3ee10b10 bedc4ba2 3f47df0e 3daea036 3f304ed0 3efc1bda bf173e2e 3f676fba bef6dbba 3ea6ea69 be4532dd bf407ee8 3f64575f bf6887b3 3ee6eb5c bf79200b bf6637d0 3f29ae73 bf31e6df bdb7223f 3f0e3603 3d872219 beed3bfb 3f756823 bf010db0 3f057de8 bf3df698 3ece8aa1 bf4a070b 3f37bec9 bed8fb0e 3e465211 beae3afb be833a12 3f3ab6de bf63d7c8 3f603f74 3ead1a24 bd1ec137 bf107e2a 3e8479db be6b5293 bd21c0e2 bdb3a439 3f197646 bf5d0728 3f3f8e9f 3cd189d1 bf09760c 3ef79b34 3ee1bc13 bf27d64b 3e4892d1 3ee35b40 3e3eb3d2 bf6ff7cd 3e071292 bf6e27f7 3f08d61e bec34aee be936a41 3f56879a 3d104815 3e7e34aa beebab7c 3f630781 bf780039 3e93fa0e 3dfae6b6 bee28b4f 3f21dec3 bf7d4083 beba2aee 3e301152 3f569737 3bca1080 3e71f33d bebf3ad3 3d9a603d befefbf0 3f7db059 bd55c292 be41d315 3f64afb7 bf3f7e96 3ea51a93 3ce480de be8a79eb bd4cc75c 3f723005 bea8da98 3e4a1303 bf66a7b4 3f57f720 3f549f4c bed6eb08 3ed66bbc bf30be98 3cc776d0 3f27767c 3e898aa8 bf3c96a6 be2811c6 3de224ac 3f4e4efc bee76b4f 
be2d52db 3dfe22c4 bef12b96 3eb35b1e bf7d104b be287182 3df56357 3f57274f bea54a16 bf3c8660 3db7a363 3f4d1725 bf0a35d9 3f6b8fb4 bed97ab4 3f0c4635 be2bd28a 3e339352 3f53b753 3ce97f35 3e827a3b bf51f751 3de76414 bede5b61 3b5c28aa bf1d6677 be57f291 bf554f5f 3f2576b0 bf6b87b7 3f6a27d8 bf4edf27 3f5d573d bf27265d 3f61ff78 bf457708 3ea2ea03 3f3cfef3 3ead7aa2 3ec1aa0f beb8eae0 3f33d693 bf3ac6d1 bec8eaa4 3ed65b54 bf32867a bea7d9c2 3f54df2d bf6757b6 3f4f9778 3ef9fb39 bf61379e 3f4b6edf bebd6b0a bdf062af 3d99a23f 3e077193 be41f1ef bcc4888d bf2c06c5 3eeb9b96 bde5a2f6 3ef17ad4 bef80b2c 3f34eeaf bed73b3a beb00a6c 3f76b051 bf61c793 3da5e1c7 3dd4e2cf 3e3a732a bf622770 3ecbeae6 3cda80f9 bf33eed5 be961a48 3f5b3f90 3e1832db 3f08ee0f bf082e06 3f6ab7cc bec81ab8 bf01ade1 be3eb1e7 becd5a3e 3f2a6640 bf457ef9 3f2c06ad be6c741d 3e2013fb beceeb06 3e211353 3f6057d5 3df8a6bb bdc5e133 bf3c4ec4 bed12af6 3f2286ae bf6b676b 3f6c678a bda6a123 bf59ff94 3e3db254 be9aea72 bf43469a 3f6e2feb bf0255c5 3e2410eb 3dd662c9 3e36131d bf4426ed 3f56af35 bf320e98 3f7ad060 bf7d507e bf679f68 3f50bee7 bf1f6e5d 3f344ec9 3ebe8b1a bf544721 bea8ca99 3f5da756 bebb5ae6 be8759fe be1111e4 3f0dadfe 
3f180e53 bf075dfb 3f5a5f36 bed3fb2a 3f3496c5 3f5d5f77 bf6bcffc bed07acb 3d593fe5 3f75a7eb bf4e0f4e 3cdb865e 3e495289 bee8ab03 bcd97add beed9b2e 3e72f4f3 be97ba78 bf4b3eea beacca6b 3ea66ab4 bd7d4842 3f0195d0 be6872d1 3f460f02 be8019d6 3f6f7fcd be811a36 3f53bf22 bf7517d7 3f562757 bf43f715 3e27731f 3ebb2a81 bf57eeda 3f60878c beb3da43 bf1ebe91 3da8a29f bf2e2e98 3f1b25fe bf7ff123 3f579771 3f106e11 bcc58b3b bab7d656 3f491ec0 bf74a7ce 3f6b77b4 bf29368f bf1f7e11 3f4956cd bf33ae7c 3eb46a8b 3ef38b55 be42528b be4b52e4 3dcbe09e 3f199de5 bf1ab648 3f1c4e47 bf570f4e 3f72dfff bf7d3036 3eb94aaa bdbb2218 3ecc5b34 bf7fb8b6 3f470ed7 bdeda219 3ed2aa99 bf0b5e39 3f0a8e25 3f121637 beb41afe 3f4b3f1c 3e0691db be9c7a43 bf66e72d 3f06cdd0 bf0bddfe bd8f6162 3d6441af 3f146651 3eaa4a64 bd29c0d8 3e80da2e bf42f6ee 3f6a8fe1 bf224678 3dcc61c4 3f4a86e0 bf418ecf bf0f363b be3391b0 3f1abe0c 3c1f0696 3f378eb0 bf2d6ec6 3f681754 bef88be5 be86e991 3f31c6b0 3eb9fa65 3c20fc12 3f2afe97 bea74a20 be9879fc 3efeebe4 bf75c812 3f6237c0 bf42d69f bc22fcf0 3dc5e440 bea0aa5f 3f6fbff1 3f14f63c bebb8a4e bbc1f4b0 be9fea7a beb6ea75 3ec33ab1 3ec3cb3e beeb9bf6 3ea8da7d 3f574ef1 bf299e90 bee31b45 
3e5652be bf0cd5f0 bd91e315 3da1e262 bf0f8e5c bf671fb4 3f2d2695 3f5ff777 bf354e7f be559421 3f52bf2e bf513797 3f562f53 bf3c66a8 3f50fee6 3d423f5c bddb6373 3f1dc64f 3e4e52b0 3f557713 bf62f79c 3f487ee6 bf5d4f32 3e6af4a1 be819a0d bf128df9 3d92a1e1 be9d2a11 beab9a38 3f5bc77a bf6bf7d0 3f6c3fa0 be05f2f2 bea7e9cc 3ea1bae8 be9c2ab6 3eb77a6f bd8da3e7 3ef31c0f beea9b8f 3ea1ca32 3f3f96d4 bf29f640 bf66279d 3e14721d be249311 3e47529f bf3a8e88 3f54974e bf2abea3 3f6b17ba bd9ae481 beb9fa3b 3ecdcb17 bf58575a 3e78b3a3 3f001ded bf684f6a 3eebab36 be21731e 3f147628 bee5bb4d bec7eae5 3f28eeaa 3e6492b9 bf59ef65 3f35d6d8 3e90aa8e be88ba48 bd14454e bf4c6f3c 3f496f0a bebb0ac0 bf4d9737 bed87b4e 3e61124e bf51c718 3f77885d be4b130e 3f38c6e0 bf29b682 3f61bf50 bf3ba6bb be932a8c 3d9fa03e bf39669a 3f091e06 3eadeacb bf2ed663 3de1e446 3e8c7975 bf7d80ae 3f565f5b 3f107e41 bd6342d3 bf7b082e 3f4056c1 bf6f17fb 3ec16aa4 bec6bb1d bec59ad0 3f62ef90 bf6d4fd7 beb57aaf bd842336 be9c8a79 be7572c8 3ebaca73 3e83fa30 3e31f0e2 bd334598 3e43731a 3f6e47e2 bf345683 3e02b1ad bf25f683 bf72e7eb 3f4aef38 bedf5bb7 3f7ba878 bf36e69c 3f52ff2d bf37b6c3 3e3cf2e2 bf05dde2 bf616797 3f79e02d bcd28591 
3f4676ec beb65aa1 3f5e4763 bf3e9ee0 3f5d7f81 3f2ebe70 bee49b8e bf571f3e 3f7d3843 bf5da78b 3f0c65e0 bf1a75f4 3f25e67e bf60e7ab 3f607fc9 bf758822 3e571384 bf034db1 be3c5254 beac4ac9 3e8eba56 beb15ab9 3f083dea baf81e1e bdaf61be 3f3e3706 bdc46129 bb73e2e1 3d5541e8 becfbb3b 3ee56b0f bedc3b2d bef75bad 3f15fe0e 3e019196 bf1e0631 3e9c8a22 be8ed9e1 3dabe238 3f413ef6 bf26ce78 bf3e2eef 3f3926ca 3f008da2 3f0a660d bf4ebf06 3f0ec5fc 3e71936c bf02f616 3f1e3e41 bf6d6fd8 3e035242 3e88597a be9b0a2f 3f447eb8 bf792fed 3f5cf721 be96f9bf 3ec98a7b bf62efaa bd62c0cc 3edbeb6a 3f03dde9 bf446f19 be27f120 3f53a781 bf4cd726 beaffad0 3ea19ab4 3c877fb1 3f5e7767 bf239630 3e0f91ef 3f5f2762 3f626772 beeb5b0f 3ed82b2f bf03162c 3c54f38d bf1cc65d 3f3cc6dc bf4ac72d 3f6bffe2 be46b3e8 3e78d364 3e9cda0d bde8242d bf3cae9b 3f727fb3 3c998126 bea36a1c 3f6da7d3 bf6667bd be8a49e0 3e7272d7 3f47eef1 bf1c1663 3f04661a 3dd3e1a6 3e11914f 3ee90ba0 bf17ae41 3f4f5f1f 3de36282 3e9cea50 be2072d9 3f521726 bf21be6e be834a4f bf45971a 3f40a6af bf525f15 bf6937de 3f7e38ad be669291 3f5f87a0 3f393eaa bf217e96 3ec21a9f bf6247ab 3f37a679 bf6bc7e0 3e7072c7 3f0ed60c 3ee70b9c 3ee9cb3b be1f918e bf701fc5 
bf52d710 3eec5b18 bf347ebd 3f105e04 bf71d7c7 3e4912ac bf0f0e1f 3f60df81 bef2db23 3e59735d 3ea35a95 bf0c0e26 3f2bee9b bd9ce297 be6cd3a3 3d1b4644 3f21c63b 3e8109c8 bf09e600 3f7027f2 bf3ceefc 3f0b5e19 bf4766f5 3f0a863f bf2ae688 3e9bea29 bf55c73b 3f37de9f 3e7a32c9 be9c69d2 3e1912d2 3e1a50f5 3f230eb6 bf21fe79 3ce18412 3f243e57 be5e5453 3e6d7335 bf067dbc bf519f37 3f592f48 3e86a99a be09b309 bf136606 beb4aa76 3f4be702 bf7c50ac 3f3ebf0b bf5f9f53 3f20463e 3e86b9e4 beafda73 3f2b1e65 bf5c5f8f 3f5c6f7b bd836202 bf0335b7 3d02428b 3db6e296 3f49df2f 3c9487e7 beda0b59 bf0e1e25 3f6e5fc8 bebe0af5 3da36294 3dd0a2b3 3f3196b8 bf08e634 3d926292 bf4bd71c 3f103e3a beb7ea96 bf0fd5fe bf6a27a2 bd1740c7 3f0e761b bed25b55 3f7f58bc bf301679 3ee4fc0f bf317682 3f0435f1 bf58bf71 3f12e646 bf14ee34 3e48f32b 3ee33b23 befc9bbd befacb1d 3eb4faa5 bf16be47 3f175657 3e8ba9f6 bf517f45 3e97ba5a bf04263e 3e906983 bed64b32 be880a33 3d17c24b be38524c bf07b616 3e2f7316 bee5fadb 3ec42b1b bf713fcf 3edc6b62 3f2dce44 3f431ef6 bf4a4f03 3f785018 3f39fea7 bf7ed0d7 3e3bd1f1 bf6c6fbf bf2f76ad 3f3606cd bf1d4638 3f478eee bed51abe 3f567f76 bd3ac4a7 bf6967f5 be7ab2f7 be986a11 bdc2e229 3f746025 
3f1e5e5c be55b3b5 bda4a2dc 3efb5b53 3cd48e25 be6713b1 3f5bdf56 bf3da6ea 3f2b266f bf7a9065 3f6aa7cb bf3a8669 3e731331 bf22de4c 3ecb7b2b 3e956a8b bf5fcf5e bbe1eadf 3f494ed9 bf59bf58 3e6cd361 3f4fdf50 bf63077d 3f5bbf5e be3a120e be20b2ab 3f670fae bf5fa770 bf11c607 3f7a604d bf4a5f36 3e04d18a bf27ceb6 3f263e76 bf39be8f 3d094107 bedd4af4 3ebadaa5 3ed08aca 3f582f4d bf49ceeb 3e863a3e bf16ce46 3f7c185c bf661f7c 3f66cfc3 bed8eb2b 3e48133d 3f13562c bf755ffa 3f01e5e7 bf145e30 3e85c951 bec15b30 beb54adf be2a510d 3f457f08 bea6ca97 be93a9d3 bea69a23 bef24b6e 3f7627f4 bf0b1e19 3f14b64e bf7ee8e8 3f1f6658 bf32e6a8 3e56b44d be1d91ca 3f073dd1 3cbc7d32 bd2c43cc 3ee4eb72 3e66138d 3f367ebd 3f0055cf bf68f7c5 3e41d1d8 bee88b78 bd84e216 3f7317e6 bf163610 3ecf6a7a bd5b406f 3eb83abf bf17c610 3f60af49 bf7c1062 3f3ce6dd 3d0bc463 3f0cfe09 bf04ae2e 3e6f33f1 bed66b1d 3f6e1fc6 bf315676 3f62a798 be995a99 3ec6db2c 3d8b6221 3d8d22a9 3edfcb9f 3e32b291 3e9019e5 bee42b27 3e9009ab 3f0db63e bec2fa98 bf1d8e1b bf3d8eba 3edacb69 bf3c1ee0 bea89a99 3f09add3 3e9229f2 3f13e603 3f4456f7 bf2d1662 3f1be628 bead7a96 be565321 bf329e93 3ed5eb1a 3e9f49db 3f50f73e bf2c8689 3f509741 bf7ba838 
3e46f28d bce681a6 3ea0ba73 bf710ffa 3f74bfcc bf2e86b3 3ec34a84 bf4d7edd 3e7592eb 3f119e1d bf579741 3f2bb63a 3c8f85d5 3e9d7a35 3ea8ca4b bf4b8f14 3f69c79a bf1ed664 be22b317 3e912a59 be15922a bf5e4f58 3f4bdf08 bf341ed3 3e0eb15d 3de7a407 bf25ae4d 3f441ebc 3ec72a3b bf3dcebf 3ed8cb15 3ef5cbbb bd64bfaa bb040236 3f74e82f be4f3306 3ed2eb2f bedd3b92 bf13a636 bd6b3f45 bef5cbed 3f2df691 bf030e10 3f0315da 3e65b3ea bf46671b 3edb9b36 bf3ad6b9 3ee8fb4b be4d73cd 3efbbb5a be3071a7 3ec179e9 3efd4bc6 3eefebdf be933ac5 bea42a1e 3ed2db6e 3ecf2afe be970a1c 3f6aafe3 bf6dd801 3f2b8e74 bf479efc 3f5e8780 3efe5b1a bf408e8e 3f399eb3 bf3ff6c8 3d6cc173 3db46087 be6033f2 bf01060a 3e8519f5 bf77a814 bd0b3e41 3e8ef9e6 3ef95ab3 3e13d266 bdf7e259 bf555f19 3e2b9216 3f08761e bf73a01a 3f01de07 be81c996 3da1a23e be3e925d 3ecddb14 bf1bd642 bee4fb68 3f24bebe bebc4ae8 3e993ada bf142e5d 3e9709ea bd82e1fe bf748829 3effdbe3 bddca2a1 bf0b9de4 3e8459a4 bf4ce75a 3cf18072 3f599f65 bf7bc046 3eaa3a60 be04f1f1 3f53cef5 3e15b31c 3f335ec2 becceae3 3f180661 bee5eb77 bf17a641 be39927a bf3c16d4 3ea82ae1 be4a13db be9649e5 3f4c0ef2 3f058dd9 bf4d8708 3eaaea57 bf7ec89a 3f688fdd bef45b25 3d70c0d8 
bf352eda bec51ac9 3f50a72a bf447706 3f16ce18 bf7007d8 3f539f4d bc8c794b 3f1ab5e4 bf61b764 3f1f1ea5 bdb523b6 bf292678 3e57b30c bf675fc0 3f1b6e0b be4352b0 3f5f6777 bf06ee2a 3ec2fa89 3e515228 3e07532f 3f194ded bf45cf12 3f3086ba bd802371 be3c91f9 3e8079df bf4aaf17 3f41bf1e bdcde4b7 bf7eb8a4 3f1bfe66 bf62d7c9 bee4bb4d bf1bb65d 3f144601 3884beec 3ebb0af4 3e2b3338 3e94b9f7 3dba2205 be067238 be901a2f bf176e78 3f629748 ba2edb8d 3e28f26f 3e6db286 bf45b70b 3f39d66f bf6cd7ec bd7144ae bf5cff56 be992a7e 3f1c562b be62b431 bf16c620 3e085364 be36729a 3d064230 bf27f6b3 3f396698 be968a9b be9009d1 bf7d4838 3f3736c1 3e91ea56 be73533e 3f3776fb bf5a4753 3f6467a1 be631378 3e7813b9 3e9349de 3e9a39f4 bec50a87 be9d0a16 bf004dcd 3f3de6e2 3f11fe38 bf0265ed 3e595410 be54531d 3f69efb8 bf3c5e9a 3f0bfe1b bebe1b2e bca68ab1 3e9dc9f7 3e41b282 3e2332d3 bf24e68c 3ee9eb52 3d4fc54b beb03a3b 3e3210e9 3f6257cb be005233 bee96b27 3f7407f7 bf18de3d 3f6f0f97 be5412fa bf3ed716 3f771017 beeb7bc4 be071193 be0112a3 bf0b8dbc bf35e6f0 3f4e1f49 bf3486df 3f2bae78 3e1812a5 3f22ae60 bdd6e519 3f158624 bf04660a 3f2dc69b bf4fef22 bee1fb26 3f4def0c bf0f2654 3f226e65 bf02fe2e beb25b06 3f551746 
3f7bf87d bdc2a477 be4993b2 3edfbb5d bdab22ea 3ef7abaf be0bd162 bf3c8e7c be161322 3efcbc09 bf11661a 3f07f649 be743358 3f2fde4c 3eb209f2 3e899a2b bf600770 be931a80 be07d1a5 3e449308 bf100656 3dad223b bf5ca74c 3f7b78ac bf020610 bef05c12 3f60f777 bf7eb073 3f63ffbc bf189e57 bd8b233d 3f5ba768 be0f9270 3f6cd7c4 3ec4aaa4 3f62f77c bf56ff1d bea73a7d 3f218e46 bf5bdf47 3e71b45a bf2a7e55 3e4d92bf 3f3b4ed8 bd5f40b1 be89ca04 be95f99f beb40a8a 3e8759fa 3e37b335 be7bb478 3f125615 3f3856c4 3f522701 bf0e9dd8 3e9f6a75 bdabe26b 3f0eb5e8 3e74f400 bf1ade2a 3f54c7a0 be5b739f 3ed9fb36 bf1abe16 3f74c7fe 3f3d6ec3 bf2fb6cb bec76aee be3b5237 3e8df9ca bf167e37 3f36be7a bf7d0886 3f5ddf67 bf7e98c5 3f159e1f bed04b4b 3f708fd0 be87ea1d be3d121f bf6b4785 3f75b80a bee75b30 bc5b1408 bead2a68 bf117624 3f599740 be77b387 3e2032fe bd8de2a2 beb44a2c 3dad648f 3ecb0a78 bd86a15d be397184 3f573f46 bf2d8e61 beba9afe bebc2aa9 3ed78af8 be72f3bb bf021e36 3f08e5fd bf4616d8 3f731ff8 bf47d6fc 3e8e49df 3df1a153 3ea38a08 3d906253 3f6ad760 bf6187c1 3e72d44a be1712ef be5333c5 bf2f36aa 3ed59b63 bf561f78 3f388ecd bf02a5ed 3ea23aa7 3e3ed28c 3d56c0fc bd7bc458 3e69b459 3c9a8506 3f329e74 bf5c6f65 
bf767ff0 3f340ecc bf5fdfac 3e941a90 bec03a2f bed8cb6e 3e5db3a4 3f139618 3ebd4aa8 bf196e73 3f3d171d bf6cdfa3 3f471f34 bf5eaf7c bf17b673 3e543368 3da72156 3f6df7e1 3e70324c bef93bcc 3eb02ad2 3ef25a9f 3d9f2255 be3232db be8e59ef 3f6f67c7 bf566f65 3f6857b2 beaacae9 bdc1e2b5 3f0ff672 bf616f99 bea13a71 bf49deef bf05961b bf2586a7 3f072dc3 3f26066c bf78203b 3f16ae19 3e43127c 3ecf8a25 3d80a2f6 bf7e707d 3f13c654 be9b5ad2 3f28de83 be2bf291 3ed44b5f bf2b3656 3f056df7 bf408693 bf662f9f bf2f3e8a 3f74903a bf3936f7 3c7b022e bde9e636 bf002dab 3ea98a4d be745331 be455252 bef30b86 3f07e602 bf621764 bf3b4ece 3f4d96f4 3e11f1b2 3f05fdb5 bef0ab90 3f407ec0 bf595f44 3f5eb76a bf533f0f 3f144e24 3c36f5c8 bf552787 3f426ee4 bf6e9008 3f6ee7d4 3e7833d2 bf230677 3e68530e 3ecaeaee 3e4f3403 3f3c769f bf7c4891 bde4a5e2 bd31c339 3e47d2ee 3e53d2d6 bf1fb65c 3e8b0a3e be82aa6c bf07be18 bdd9a154 bda623a5 3f617f7d 3e0052a9 be1a5248 3d66c2c8 3f201e39 bf75f84c 3f5a6771 bed60adf 3da62378 3eff9b99 bee07ab1 becf4afa 3e249208 bf365eeb 3f4396c2 3c868488 bd39c5d1 be2551bf 3f64e7c1 bedc9ba3 3f26fe3c bf5fc740 3f162605 3badd62c 3dc3e355 bf70d7c9 3f225e53 bf659790 3e96d9d9 bf3696ac 3ec7fb53 
bdda2494 bd274167 3f483efe be20d1ec 3da8e36a 3f72b830 bf77004c 3e687407 bf542f15 3ed48b47 bcb18161 3e5a531a bee50b6d 3f597f70 3cb4854f 3ed45b7e be3252fa bf34069c bf370ec2 3f7ac061 bf19f64f 3e03717b bf387ecb 3f4fb70f bee38bb5 3e5c726d bf5c0753 3eeffc09 bf61076f 3f7f60f7 bf6477d9 3f456eea 3f4586ef 3eaaaa4c 3f7487f8 3e4d329e bea27ada be8cfaa2 3ea8fa6f 3e8a99a4 bf597f7b bd243ef4 bdee6124 3f2e2e83 bec0aac0 3d94e209 be827a32 3ea79a91 bf79604d 3f7157e8 bee2cb99 3f21ce6b 3f6ec7d1 3ed10bcf bf2e56a7 3eeb0b31 3d35424e 3dd522e9 3e5f1360 3eb17aed bea86ad4 3ebf5adf 3eefac13 bde76569 3eb74a22 3f3f76e4 bf325eb7 3d00c0da bf380e80 3ebfba94 bee3ebf7 3eb2aacf be93d9e7 3f299e48 bf385eaf 3f1e1e2d 3f09f5f7 bf76a842 3f44c6fa bebc7ac5 bf169620 3f78e833 bf113dfb be1e522c bf667f99 3e9e1a04 3e7b7313 3f3a66c8 3e4592e3 bf6df810 3f1e965d 3f377ed9 bf3dbec6 3f27de72 3f3fa694 3e735453 be477264 bf105e1c bef00b24 3f018dc6 bf3b969b 3e31b165 3f009db6 bf15b667 3efbeafd bf6f47cb 3edc0b3a bf037dd7 3f4b5f1b 3ec1daed bf308e79 3ebdfb12 bf68a7ce 3f5d9f25 be8daa2f bd233bce bf459f29 3f19d61e 3e8db9f5 be856a27 bf455f03 3f43b730 3e39d320 3edc7b3e 3de46498 3ed54b58 bd25bfa4 3f52c75c 
3ed1fb0b bec7aad6 bf42eed3 3ed22b44 bf139e30 be4ab324 3efb7bca be775393 3f75d7ed be8fea53 bf02d5e4 3e9a0acf 3d9ee209 bf03bddb 3e5192cf bf2fd6c6 3e05b2a8 3f0f7614 3e8e09fd bda061f9 befaeb1b 3ed52b5f bcda7fbe 3ed85b70 bf75b029 3f51b71a 3ed92a8b 3e05d21d 3e77529c beef1b9a 3e539366 beeabc38 bf10de3c bf261e49 bea83a40 bf6487cf 3f7a682d bf0d2e10 3daae2f7 3df52432 bd94e285 3f6aff97 bf1f9660 3da6e355 bdcd62f2 3eb9daa6 bef77b52 3d4bc419 3f423703 beb7facb bedd9af1 3e1eb1cc bf7f1081 beb69a8c 3ed5bb44 bd9de179 3d30c23b bedbfafc 3e946a45 bf61477d 3ee1cb87 be8dda35 be884974 bf3a66b1 3f30bec3 bf62e790 3de6a255 3f34fee2 bd9be2d0 3e88893e bd0d3ffc 3ed5fb43 bf73b7ff 3f4486eb bede8b69 bf01bdc5 be806a37 3f2b567d be34b1c4 bebbea49 3f4c4f4c bf617fc3 3eec2b2b 3ec55a96 3f631f77 bf4abefc bdbd6271 bf71b7d9 bd0ec0f6 3f4fa70d bf400ebb bf57d752 3f5c6786 bf5f7f8d bf29965a bf25b655 3ecd6adc 3f7ed092 bef59c0a 3f3c4f02 bef27b33 3f498709 bf50772a 3e07d253 3ea50a72 3f1c7e32 be8979ce 3f3d06e4 bf7cd044 bed76b2a 3f4a36fa 3e1db1cb 3e67b347 bf069612 bb53fdbd bcec827f 3f3c16e0 bec4badc bf3daef7 3f657f4a 3ea7aa90 bf2bc6be be8f6992 be69f35d bf537f28 3f03c5d8 bf4706dd bf210e7b 
bf63cfb5 3f5d0771 3ee28bc6 be7df4a3 3f4cef62 bf504726 3f05a5bd be37f14f bf77883a 3ec1eb2f 3f098dd9 be9c5a93 3e69f47a beb88b1c 3f2e46dc be9b4abc 3f15ce19 bf069e2a 3e50d3f6 bed4eb17 3f14e615 3edd9b80 bf573769 3d54c021 3f1e2e5e bedc5b5c bf4916cb bea77a53 3e93cafd bcc18e13 3f2a9e6a be877a0e 3f7097e6 be021246 3f527f23 3ebe3a4f be6133f8 3d7942e9 3e943aa5 bf476ee5 3effbbe5 bf4396f4 3e88b991 3cca8317 3c610786 beaf7aae 3f6f37d6 bef0cb59 becaeb26 bd5ec395 3f5cc72d bf264e57 3f465775 3f35c6e2 bedcfafd bf13fe2e 3f7ee09b bf706fee 3f76f055 bda361c4 3f0095a7 bf088dfb 3f6bf7be 3e8afa5f bf251e6f 3f41cee4 bd6fc518 bf283e79 3dc623df 3d5b43f6 bf3f3eef 3edd3b22 3eae1ac8 bf22f5f3 3f03b5ef 3f7d809a bedd5b01 3d91e32a bf0135bd 3f42b6de bf1af648 3ee19bd8 be42b2ba bf43df08 be9e5a13 3f448f0c 3e986a6d 3f7b3880 bf018dbd 3e15f17b 3e58d3c0 3f54ff43 becd0a8b 3f0e1e73 3f4ae709 3f3bfed0 bf2436b4 bf245e91 beb20a97 3ed50b85 be9ea94b bf0ebe40 3f0e6df2 3dc9a281 bf2b167e bec5eb50 bded2415 bef41b7d 3f53472f 3ec5ca50 bf06d5f5 bf43aecb 3e63f41d 3efafbaf be12312e 3e6ef33d beb46ad1 be2ef2bf 3f2a86ea bf24a644 be980a5a 3f65c7da bdaae20a 3f095e48 3f26aea0 be8ffa69 3efe3b82 3f6c7f86 
3c30ef70 3d0540fc bf4366de bde863ba be375366 3f52d75c bf43ceea 3e8bba61 3f638f39 be1c92ed bf4acf14 3eccfb80 bed7fb37 3f239644 bf581768 3f302e9a bf45c6f4 3e8e59bf bf2a4673 3f51272a bf5f0f69 bef38b75 3f48aefe 3d956116 bf009dc6 3e9d6a4d 3f23f63a 3f32b699 bee26aef bf066dd3 be11d109 be4a72ab bf01d5e1 3efffbfa bf6767d0 bda4e365 bf160637 3f172e1e bf09260f 3f7c0858 be83aa4c 3e76b3a4 bd613faf 3e959a6b be8429f6 3e2ed276 bf4e4f17 3e9fcb1c 3f1b4e58 be94fa38 bf03c5e8 3f5fe785 bf6c97a2 bf2f6e84 3f31b6b5 3e7c539a bf5c1f2e 3f759809 bf12fdef bf6c47e0 3f44cf06 bf405ed6 beba7a93 3eacda84 beb78ad9 3a2fa1dd 3e4552b5 3d40c03a 3e821a10 be5cf346 3f6b1fb4 bf4b2f3d 3e9f9ad6 3e66f380 bf404703 beb3fa5f bf1cf633 3f49bf04 be3e5328 be51d1b0 3e98ca26 bef43b3c 3f1b5e48 3f07063f be447287 bf0fee2b bf586f3f be0bb1d8 be8699ca 3e8aba5e bf45870d 3dc320e9 bf000e33 be53f275 bf34dedb bf1dfe41 3f11bdc0 3f1efe29 3f317692 bf6d77da 3e871980 3f72d7be bf2c4e74 3ea6aa4d 3ea5ba77 3ed1bb10 3f10662a beaf9a64 bcb88b61 bf38ceba 3f0dd63c 3f779039 bf1ad634 3e44d2c5 bee64b5c 3d9e634b be19d240 3ee3eb30 3e8eda1d bf0895ec 3f146e0d bf77f81e 3de96425 beda3b18 bf2da658 3e229327 bf094e35 be50f3b0 
3e603320 bf0c1640 3f5a1f3c 3f108e4b bf3e7e9a be0a10f3 3ea5cad2 bdaba22e bf620f48 3e463358 3e8c3a6c 3ef4db3f bef29afe 3f2e06a5 bf4b170a 3f18f63f be8f09a8 3f0fce28 3f066df4 bf091de4 3f699fd6 3dfce542 bee60b17 3dc1e3bf be8ada48 3ea9aa03 bf278e86 bf6de836 3f244e64 3f54a747 be9f79c7 3f2bbe50 be0ff185 be8179cd bd67404c 3f65ff82 3e8c19ff bec69ab7 3e6ab3ce bf535f7f bdcfe432 bc030fd1 3ea2ca63 bf7bd87c 3f2f6e8b 3d8fe152 3eb32ac1 3df162a1 bf7ea06e 3f5fcf9f be98da67 bf05ae4b 3f783818 3e9fbae4 bf29ee4a 3ee64b6a 3d45c231 bef54b92 3f08fddd 3ef20b58 bd5dc0c4 3f0225d2 3eacba63 bf31cebf 3f70300f bec3baad bf09ce10 3f112e06 bed34b32 be759340 3c4905b1 ba87e52f bea6ba4a 3ee13b3e 3dd1234f 3f3a2683 3f0c5e40 bf06e5ee 3d89e29d 3dd1a3df beb55b1f 3f16864f bf46af12 beba1aec 3f0855da 3f4906eb 3f0bde2f 3e045171 3eac8ae0 bd14c4b8 3ebd3b27 bb8a1888 3ee7fa7a 3ec94a9b 3eb97b32 3ee4db98 bf106669 bf00d5d6 bf358edb 3f73f01e be5f91d2 be9eea26 bf5a2f3a 3f394ea1 bf51970d becddaeb bbbe0f46 be35911f 3f231e97 bdcb60b9 beb10ab4 be9dca41 bed79b1e 3edc9ae9 be303276 3f13163b bccf8b7c bf4bef02 be927a68 3ee06b68 3dd6a42e 3f160e81 be9a5a24 3f664f93 be40b268 3f6c2fb6 bebddb0f 3e59d2da 
bed55ab6 3f4eb716 bf72c7f8 bed05a98 3f674fec bdea6469 bee12b45 3f7d188d bede3b4e 3f6f8fd4 bf4386a9 3e1e9141 bf7107e3 3f3dd6dc bed4dac4 3efc8b90 bec97acc be55735e bf08861c be3cd228 beefdbdf bcab82ec 3eaeea63 becbca91 3f5caf76 bf1cd64d 3f0da5cb 3f42f6dc bf240e87 bf13ce32 ba9827aa bebaba9d 3e0131df 3eee1b1e 3eca2b18 bf5fe752 bef11bac 3f021df0 be2dd2c0 3f1cb60e 3f2566cc bf033de1 3ce680b0 3f640f63 bf1b8e56 bea24aac bdc4a162 be1bf25a 3f4e9f4d bf52af51 3f5a3f46 becc7baf be705437 be5bd47d 3de52579 bf1015ec 3f2a4e47 bf230e5e 3ee83b63 bf6407b9 3ca18588 bf7d98b9 3f4eeef5 bf0675bc bdc761ec bbe60725 3f57bf00 bf753041 3f6d3fd2 be8f8a16 3e66534f bd72c471 3f115e24 bf7c884c 3e97fb0c bf4d6f21 bf2f9e8e 3f36feb9 bf2bee76 3f3a86f2 bdd2a2d5 be5872e7 3ed8fb4d 3e926a21 bf3be6db bf2c1687 bf508efe 3ef34bf6 bf3f96ec be1a3301 3f04e5ea bf521f17 3e8679f7 bf3bc6b1 be0fb249 bdd1223b 3ef77bdb 3f00e5ee 3d892186 3d303ebd bf60ef6c 3f566f2c 3f3d6709 be239300 3dfb22f6 3f68dff8 beefcbe5 be8c7a63 3e1af1f9 bec42ab8 3f79b046 bed8bad9 3f48e6e8 bd2d4254 be6092a9 bec26a95 3db1217c 3f48eef6 3ef1fbe5 bf222e69 3c2b102a bf5d6faf 3f333eaa bf772826 3dca61b9 bf3fd693 3e581336 3ebccad0 
3e58943a bf1c4671 3f4536f3 3e059276 bf63b7c1 3f3756a2 be8e69eb bf4466f3 3e8069e4 bea48a18 bf0bb5eb 3f614f53 3f4bf718 bf60377f 3f47170c bf609777 3f004606 bd48c6f2 3f26b651 3e77f2ea 3f6a5fa2 bf781038 3f3b872e bf26c64b 3ebf7ad3 bf61af63 3f2e668c bf5fef8b 3f348eba be3ef207 3f5d177d becf8b54 3e691360 bf4a7712 bebcea9a 3e8f9a12 3f720809 bf6a479a 3f0805e7 bf21468a bf74d7e2 3f7c206c bf511eff bd9761e2 3d8120d8 3f03bdb9 3e1a313f bec18ac7 3e93aa63 bee0db2f be35530a 3f3c26e0 bf10d606 3ecccac6 3f51c726 befe5c0e 3e9219d1 3e2312a8 bea95b11 3f773819 3d243fa2 3f7287db bf3d5eed 3ed8aaf0 3e9f2a4a bedfbba9 bdc96314 3e44f32b beed0bcf 3e093210 be27b141 3ae7e346 bee74afe 3f7e58aa be80a9b7 3f4e0f46 3e911a28 be5e9357 3eb28ade bea829c6 bf3ade81 3f761804 bf74e816 3f454715 bd9e6313 3f7677db 3f6567c4 bf57b711 3f5e375b 3e37d1f4 bf58af31 3f4b9f00 3d896261 be4cf2f4 3f7f18b3 bf3dee9a be9739fe be461296 bc4d0176 bd8662d4 3f2f7e92 beebfb1a bf257e88 bec08a65 3e969af4 bf6fef87 3f0b761e 3f781827 bf6d07bd 3f259665 bf79f00c 3d2744e2 bdc22183 bf20de94 3ee97b24 3dfba13f be1471cb bf393eae bdc39fd7 bdbd2397 3f2c8e44 bd49446b 3e9c5a1e be976a08 3f7c489b 3c1afd0e 3d0ec54d bf32c6ac 
3dca23c0 3f116df7 bf4dbf33 3efa1b95 3e5bd41d bf1de61f 3f1dae14 3f105646 bd986106 3e8e69eb 3f22b693 bf5fff5f bf154e14 3dbbe1b4 3d3843f0 3c918c03 3f122e01 bf231e35 3dafa386 bf4f5f2f bf09ade8 3f12766a be1931ff bcdf84ef 3e003249 3f1a3652 beb9dab8 be6a3417 3e90da45 bce08822 bf1b6e18 3e3ad325 3dd76249 3ef2fb89 3f4d8ef1 be3ab31c bf430ed0 3f7b4868 bf78f056 3f64f791 3f092e46 bea91a82 3e990a92 3f29fe82 bf72bfcd 3ef24ae1 bf4c4707 3f58c73a bf54bf0d 3f771831 be5312e8 bf46a6ec 3f6dffa5 bf4a1f20 bf70cfe7 3f134e21 bf1a5e37 3ec91b2b bf086e23 be4791ba bf6a67c4 3e3a92fb bee7cb66 3e139093 3d9d2201 bf13d61a 3f5ecf4b beef7b2a 3e2992ed 3f227e6b bf4eaf37 3f4cd724 becf5ac1 bda7a337 bf4c9731 3e1fd295 bf03f5d8 3ea4ba9d beec2b8d 3ee50bbc 3f0dee5f befabb83 3e91da8f bf529f2d 3e9feae2 bf6b0fe4 bf439f32 3f27066f befc0bce be209228 3f71c003 bf79006e 3ea36a74 3e75f43d bf7197cc 3f1d5e59 3f0c962a be6b934d 3d71c2c5 be347356 bd0841c0 be5012fe 3eee0b62 3f28be17 bebb1b15 3f3f0702 bf5bbf67 bf22e65b 3ea90ac8 3d84e072 3e9eea78 3f509f2d bf28d668 3f0de633 3ea0da93 bf07cdd5 3f489f15 be8409fb 3f295e92 be6b72b7 3c857cd3 be97e9e8 3d59c1bc 3cfe8bca bed78b35 bf4c7765 3f6c200d 3e89ca33 
3d56443a bed24b10 3e06323f 3d48428b becd3b0a 3f468f12 bf7d9085 be914a40 bc3f1606 bf43c6dd 3eaa8ac8 bdf9a4e2 3f2b7e55 3f296ea0 bf28dea5 3e633268 bf294ea7 3e64539a 3e50947a 3e7ff3e0 3f74a820 bf410eb5 3e83e9f1 3de5e285 bebe5af5 bed57afe 3f4186ab be9699c6 3ed2bae8 bf3b8ee0 3f22764a bdf86083 3ab82bd1 bf2f96b7 bf3656be bc28fad2 3e88fa37 bf23a662 3f6447ad becd8abb bf6a9fc6 3f276e63 bf794ff4 3e55f2c0 3d7b4517 3f22fe78 bf45a708 3f7a58b9 bf67875c 3f29e68d bf51d72c 3f76bfef bf058e0e 3f0fd60d 3f61cfbb 3e8b39bc bf130e2d 3f3706e8 bde0a66c 3f58b744 3eae2a32 bd0f43cc 3f1fadff be948a37 3d98a38d 3e66d45f bd4ac558 bea9da1b 3ef4abb6 bf6f082e 3f23567e 3de3a341 bf0dee48 3f2c1e5e 3f15ae57 be413306 be42d31f 3f29967c bf5def60 3f313e91 bf592748 3c14f613 3f40eed2 bdb860d5 3f20ae84 bdb4e2d8 3f796837 bf0a7e21 3eaafa71 bf016dc4 be999a41 3f5dbfa2 bf4b370d be05d2e9 3f667f76 bf08760d be69d3c2 bddea50f 3ec18a73 3db5e36c bece3ab5 3f5dff4a bf20e62f bc1500f2 bf11860c 3f07cdc2 3d87a0cd 3f55ef22 bd7dc4e5 bd9822de bef74b66 bf48f6f6 3f4e7f3f be8679bb bf434ed8 3e843a3e bf0f5e0b 3efa7be7 beb5ea6d bf11a5fa 3f02660e bf18561b 3f060da4 bf0e3e76 3f34beb1 3ed60ad0 bf1fde63 bf259643 
3f31167f bec8bb25 3f3656be bf2e9ee7 3ed56b42 be84da2a 3f0a7e3d 3f1c2e44 be13d220 3f68ff99 bf3aa6ae 3f4eff20 bf75e014 bf17963b 3eeaeb41 3d613eef 3f2cce42 bec0fb26 3f1655e3 bf7cc048 3dac2363 be20137a bd2bc36f bcad8439 3ed7aad0 3dd7a339 bf69afa3 3f4936fe bf5d3716 3f344699 3e8c89b9 bf3fbe8a 3efa4b83 3ef72bef 3f449ebd bd35c4b4 3ef92bec 3d6b4209 bf461f05 3ede7b33 3e08922b 3f06c5a6 bd92a321 3f207e78 bf4f8f39 bdc6e3cd 3ee5fb24 bf7b5864 3f77e7fb bf6cbfea 3f66c78b bf1c0668 bd60402a bed94b12 bf3c36bb bf2ab697 3f6dcf7d bf6e07e2 bc550062 bf715ff4 3e6c931a bf2dc6ff 3eb79a4d bf2bde82 3e79f34a 3e33d31c bf22d66e 3ece0af1 bd6cc1ae 3e33b26c bd46413a bf45df4e 3f668f6c bf2cbec0 bf16ae56 3f417ef6 be8929d0 bdbca2c7 3f45d708 bf3b26a3 3ed1aacf 3ec79a45 bf708009 3dbfa332 bf2d1e91 3dcc2203 bd9a62eb bf0dfe1b 3f2c767a 3f07adee be2271fc bf1a2644 3f533f4f 3ec09af9 bf65d785 bd414458 3eedfb7b be08f408 be48b2c5 3bd6196f bdfbe2c7 bb442144 bf4e8f40 3f7aa034 bed5ab58 bc887aea bee59b59 bd3d44b8 bf6f57fd 3f05760b 3e9a59de 3f1d0638 bf479715 3ecb9ab7 3e689381 3f577744 be8bca3b bf11dde5 3f092641 3ec66aaa 3ea91af3 be9f9a70 3f71cfee bf385691 3e9399fd bf210683 3f30aee7 3e4e72b6 
bf25ce4e 3d0f47d3 bcfa8aa3 3e83a9cb bdcc2419 be381219 beeb4b19 be75136c bf2cc67c 3f052dcf bf4866e0 3c18f8d7 3f34869b 3e3411d6 3de12520 bf174e1f be9bbaa0 3d90a2cf bf2ca67a 3f62e79f bea28aa1 3e4c133d 3f343ed4 bf7187fc 3ebf8b06 be7f941b 3f5cff4d bf4d8f1a 3f7a283b bf3f9ec1 becf2b09 3f28fe55 bec87a7f bf0a6dee beeefbc0 be8729e0 bf542736 3f24e645 be5db2d7 3f4f4ed7 bf7f58f7 3e1732af bf049de2 be247331 3f59af6e bf13160a 3f6f87fa beb17aad 3ef8ab16 bf146644 3f0d3621 bee9eb1e 3ee07b93 3f47770e 3e5f93b1 3f3d96f9 bf04461b 3e8d9a0d 3f7a4043 bdf721a9 3f1ace48 becafa83 3f0ea5e6 bde36462 3f265659 bf742fef 3f4aff17 3eb84a96 bf6c27e1 3f4cc73f bda8a2b3 3f06f64a bf145622 3f71a021 bf74f81b 3f05ce1e bf0ade46 3cc683f9 bf056e46 3ec84a9d 3e70b37b bf0f65f7 3ee6cb4b 3f102e28 3e4cd2ca 3d6849e4 be9ffa4d 3f2ec6a9 bf7b382c bf12d639 3f030622 3e5ed299 beefab70 bf511708 3f64bfbe 3f495f13 bf632f7b 3f42fec4 bf5c1771 3f6d67a8 be94da55 3e5c9326 3f4196b8 beef0b7c 3eb7da05 3e1c72da bd80a2fe 3edbbb3a 3f05e5fe 3e65342c bf72afeb 3f556776 bf5e1752 3f512f61 bf3a06db bf60af43 3f114648 3f0badfd bec21ae6 bf5ff76d 3db6a112 beca1aca bedd8b4e be14f1a9 3f190e43 bf21f665 3e8f49c1 bec45b1e 
3f540f4a be4fb324 3e39524b bf790824 3f67cf8d 3dbde28e 3d12427d 3f6a67d4 be82d97d bd2a3f80 3f6207a3 beae4a84 bd17c2b9 bf4926f3 3f68bf92 bed2cb5b 3f4bff22 3e1b7242 bd1d4826 3eec7b57 bf337ecf 3ef0abe0 bf6ed7cf 3f1a6e02 3e918a6f bf750011 3f4d3f10 bf750828 3efdeb70 bea1c9fc 3f77204d bf598771 3f51af45 bd9e232f 3f0b0605 3f3af6b7 3c670d5c 3ea26ab6 bf0015c1 bebbaaf4 3f164667 3e16f223 3eba4b1c be8ca996 3c7f0b66 beefeb1c be5f7308 bf4c7f4d 3ef50b77 3eaddab1 bf6fe002 3f64cfb6 bf41ef2f be8b4948 bf7617e3 3ee37b31 beffabe5 3c7101fd bf0ca61a bf320658 3f588f47 bf35ae7b 3eac2a6e bf2bae93 3e09b1aa 3df0a2eb 3db9e055 bf76c860 3f50ceef bf24b69d bf3e5eb5 3f297650 bf6bb7d8 3ea92b29 3f705ff9 beef2b36 3f0f164f 3d2f41e6 3f2d569b bf53674b 3e2671b3 bcc97d80 3e8d89ca bf653f8b be86aa2a 3f0545c1 befeeba9 3f0a3629 3ec83b28 3f0c5636 be8d39d6 bf0eae07 3f5066fb 3efefbd6 bf262621 bf527749 bd053d52 3e765398 3ed1cb05 bf242e96 be2131df 3d47bedc bf2a16bd be61531d be787492 3e87b9ca be65b22c be02f2a8 bf250681 3c5f1461 bd90e41c bee08b12 3f536766 bf37cecd 3f2b0674 3f1fd654 bf065dd4 bf1cce5a 3f0ac669 3f53ff2b bdb0e429 3f1d7653 3e797350 3f16163b bf38eead 3f4d7726 be7e53d9 3c8d7e82 
3f1e8633 bf35feeb 3ec22a8d 3f5ae713 bf4d4f3e bf1ba68d 3ecebaa6 bf5ecf3a 3ee16b92 be7713c1 bf2d2e81 3ea0fa06 be8ba9fc 3f29ce7a bf4a9f0b 3e313251 beb77af1 bf1e3651 3eddab31 bf70bffe 3f386eaf be2fb173 3de6e3d5 3ea1da5d bebf2a7c 3e741268 3e08d120 3d86a0b1 3ec8daf4 bf2dee71 3ed4eb64 bf328e63 3e50f4a3 bd71c539 bf771045 3e968a6d bf7607f7 3eb1da0d bcf87f8c 3f195df2 bf0db63f bf274696 3f4dc6f4 bf3c7eba 3f19ee07 3e7e9456 3f2a362f 3f4dff46 bf1ca673 bece8b4b 3f680f9a be8f5a42 be40f258 3f55579a 3eca8b02 bdb6226f bc967f72 3f2d1e53 bd5ac2b0 3eeb4ba9 bf11f5fe be5bb37c 3f71afef bf060dea 3ee7cb60 be7cd3de bcd481ad 3ec74b13 3e812a1e 3eb78aa4 3f1e5671 be311101 3f387f1c bf330661 bf594754 3d60c05c beec7b96 3d8f62d0 bf00fdbd 3ece1b46 3ef47b66 bf34aee2 3eb4aa87 3e8879c7 3e90ea3b 3d734059 bed2eabf bc85845c bf590727 be58b34f 3efb6b61 bd3742b6 be7133e3 bf1d3e56 3f178e56 3f326ea6 3f1b7e68 bf1fa624 bec92b19 3f044dde 3f0e463d bef10bb9 3f4066e3 3f63379d bf093e2a 3e1f3325 bed06adf 3f7177f6 bf098e11 3f6d4fd0 3e3c3365 3ebc0b03 bf24463d 3f08c60f bf7b7029 3ea44a20 3c928636 3f3096cb bf35f6b6 bf08ae5a be951a1c be0b723b bf3ec6ce be8e39f3 3ebc1acf bf55bf19 3f332edf bf7de062 
bf64cf89 3e9bdaf1 3dc0239b bf78987d 3f32a6b0 3f0605f6 3ecdab2b bf54c746 3f2d0677 3e22b37c bdfda35a 3f488ed7 bf269684 3f591f6f bf3c0ea5 3f6717b1 3cc97ea4 3e039147 3f0ca615 be113278 3eb2da95 bf0275de 3f18ae84 bf486ecd 3de4a54a 3f143e49 bf2dbec5 be1d3361 3ebc7adf bec84b0c 3eb5da96 3ec8fae4 bec07a35 3ecc8af3 3f0625db be7d14c5 3f1da65e 3ebbaaea bf3b3ec6 3dc3a43d 3f280e3b bd9661f3 be0e515b 3d2a42b0 bd34c1ef bf569f22 bf083e25 bf5f77a2 3f3ece8f 3e1d11c1 bebeda4d bf0d060e 3f49e702 bf0df632 bf39f6ac 3f47fef7 bf565f34 3eb57b1e bf5ce758 3f72ffd7 bbaa016a 3e838a25 bf28b6a5 3db563b4 3eb1f9c1 bf24c689 3f4a0759 bf34fea1 be89fa13 bf523739 3c7d0562 bf37eecd bd4a42e3 3f48b6dd 3f04d629 3f0e7dc9 3e9faa7a be8a0984 3e2d3237 3e4eb2a6 bf5e5776 3f7ca068 bf22167d 3ef8fb7a bf774042 3eb7ca5e 3ec65ac4 bd4f414a 3f7c40bc be0a7225 be67f2a9 be1412f8 3f0b7e54 bdf3224b 3ca887f7 bf5c2f33 bf027dcf 3e397274 3f7247fb bf647fb3 be349204 3e567382 bf32f696 bf61cf5c 3ef2bb39 3f065de8 beacda2d be52936f 3e0e3260 bf1c7624 bf5e9f5f 3ea0ca2f bef8eb36 3f45a6e3 3c8e855f 3e0991fa bf276e63 3da4e362 3ea0eadd 3f1a4647 3e1ef295 3e8d4a10 3f047de8 3e96c9bb be1e1196 3f197e7d becb4aa5 3f7f00da 
3f0a6e1c 3f298e44 bf78d847 3f7ef075 be42f3f0 bf769819 bdcfa3af 3f6fd813 bea68a7c bf47df30 3f3f7ec2 bf7fa8c2 3e5373c4 bf2a9e89 3f409f0f bf738009 3dd6e299 bee1cb83 bd20c2e8 beae0ac5 3ddbe3c9 be0ef35c be984a41 3f3e9edb beccfb4a be32f2e8 3e3293cd 3eef6b2f bf12e645 3eae3aa8 bd793fae bf0fce61 3f3fbee4 bf7457f6 3e81ca53 bce38be2 bf0a8625 be711396 3f0f7e18 bed27b5e bf204652 3f0f2604 bed6fad6 3ea13abf 3e3f3346 3f3c2ed4 3f2d9684 3ed61a8c be4eb303 bf121e21 3f1d165f 3ee75b2f bf4d3f2f 3f3316cd bf158669 3f681f74 bf51076b 3f6cdfbf bf0dd63d be921a3d bf5baf4f 3f1c0e51 3e897a81 bf2df6a8 3f68afb5 bf703803 3f18b64a be83ca26 3f57af17 3ef11b77 3ed51bf7 3f003e08 bdbbe358 bf1fe620 bf35769a be8ef9fa bf553721 3f61b726 be191295 bedcab24 3f20264b beb36ace beddfb5e 3eb93a7e 3ea93a8a be2453b6 bee6db61 3e2232aa bf56ef62 bb3be943 3ed4daf9 be85ca17 3ba21395 be33d261 3ea80a62 3e6b33f0 3f67b776 bee01bac bed2bb60 3e6e53e1 3e6d92c0 3e4af1f9 3e89da68 3f70bfe3 bf11ee47 bf45af29 3ee5bb71 3d78c434 bdd5a1b4 3f3feeff 3ea949ae 3f2d164a bec71ad4 bd8c6281 becf3aff 3d78409d 3f0cedeb 3d6e43a1 bf339675 bd2cbee8 be847a35 bf1cde4c 3e87ca1a bf2b8e80 3ed4fbd1 bf515f16 3e75b357 bf353693 
bf48b716 bf0a95ee 3f7bf058 bf2a8697 bdd16425 3f6517a7 bdc66177 bf42aeee 3d97a12f 3eee5b82 be09132d 3f004e13 3e8b7a2d 3ed9db4b bf14860a 3f534f2c be7e136f 3f5c170d be9b3a5d 3eb60ab4 be8ae9c7 3f7277fd bf7177ea 3f632f9d bf3b369e 3f43eee2 beb52a29 becdcb2b 3f754021 bf537757 3f08262a bea189f8 bd9f22c2 3f238e5e bf0b560d 3e7a538b 3f2f3e84 bf21c680 3f2bdea7 3d1f419d 3ec0eaea be1a121f 3c4cfbb8 3e323139 bf558746 bf18d639 bdac22d9 bf40aedc 3ead2a8b 3f15bdcd bf7c305c 3ef27b21 befddba5 3f193e36 3ea59ace bf7a20a0 3f592759 bf27566d 3f528f22 3eb07a22 3f5a773a bf60a74f 3e56f29c 3ec99a84 bf336e78 3f17a649 3c9682be bf12ee0e 3d07c027 bf53cf4b bed6aa90 bec14ad5 3e629326 3ee95bba 3f13be38 3ed3faa0 3ee53b62 befc7bcc beb29a0f 3f641778 bf6b6fb8 3f4fef14 3e5c32b3 be5ab313 bf0345fe 3f7d20ac bf2ac682 3f278e59 bdbae343 3f473703 bf7d2848 3f7e087d bf682fdf 3f362eae bed21b37 bed5bb92 bea2cac2 3e2e32cc bd9521de 3f37d682 bf5e0f52 3d57c4c1 be99eab3 bf0f9624 3eeb5bb5 3f3e5edb 3c77043e beebeaca 3e2891ea bebe3a95 bf149dd9 bf38069d 3f424ee8 bf215664 3f4806f0 be1171aa be9dda9a be7e33c6 3f3156a8 be0ad1eb 3ed33ac9 3ea14a56 3bb611c5 bebfcb47 3f03cdf2 3ecb1ab6 bda423c9 3f3d76f5 
3f3e1ef3 3e882a1b bf575f35 3f0505d2 be1c5277 be06b214 be153255 3f2296c7 3e2e52dd bcbf8478 bf0aae0e be475308 beacfb0f bdd962dc be00f2b0 be0c123d bce28359 bf44f706 be76d3b7 3f3fb6cc bf6fb7d3 3e9dd9f9 bee2bb29 3eb81ab9 bf7de87e 3f6eefcf bf45073b 3f1ef63a bf6ee7c7 3e9caaa2 3f117635 bf154632 3f5bcf5b bf6c7fc6 3f3536a8 befeab40 be807a93 3edaab48 bf772016 3d5e431b be9e7a74 3e5a92e6 beb59aca 3e7d9390 3f0a95f0 3f53e72a bf0a9dde 3f5b8f6f bee16b3b be899a2a 3f0a3e62 be2e1246 3ef08ba9 bf7297ce bda520f2 3edefb41 3c9788b3 bf202668 be2b526e bf4e3ef1 bed54a73 3f67e7b0 bf6c87f2 3f15de28 be445394 3e3d5294 bee5abb4 3f11061a 3e13721f 3e8c4a3e 3f0635f6 3f085dd7 bf3ae683 3e03f192 bf265674 bebc9a91 3e4d125f beae7ad5 3f4566f8 bf4ff74d 3ef02c4d bf10b609 bf22fe3b 3f7a702a bf20c64a be36d2be bd31402b 3f0145dc bf77303f 3ea789fa be7af405 be039218 3f273e85 bf30e650 3e3753f2 3f72f017 bf1eae69 3eddcbb8 be2d732f bf2ad67b 3f4d6ef6 3df062db be813a20 3f675f70 bf7b807d be5c53da bf10e61d 3f4226dc be84babf 3e2a9271 3f3c8eee 3ed7db24 bf262e56 3f659f77 bf5faf5f 3e69d420 bdb9a1ef 3e6e731d 3e2b5214 bf42e6d1 3e84098e bef20b46 3e07b258 3f60e78b bf786868 be67d3d8 3da2df7d bf255668 
bf67bf86 3f0d9608 be6d938c 3f3f6e93 bf4836f9 3ed37a92 be60d363 be9029bf befc5b57 bdb32475 3f4116f6 3d855f7f 3e9dea6e be952a1a 3f79c06e bf2faeb8 3f11864e 3e8fda1a 3f626f70 bf6a0fe1 3e64b305 3f26f65a befb9ad8 3f322ebb 3ec9aa6e bee15b8f 3d5d4406 3efe4be2 3e59f31b 3ceb8222 bf520f0d 3ecc7b2a befa3c18 bdeea26c 3f3f3ec9 bf20be29 3f1c7658 be17f264 3f3f4ecc 3d8ea0a2 3e6f73fc be2891ee 3e955a32 be25b1ec bf23de5f be1b7192 bdf7a595 3e948a6d beda5b33 3f5a6f48 bf4f2739 3e131186 be5613c5 3f4ba6c2 3e07925f beac7a93 bd819f44 3f62c77c 3e615268 3f0155ec 3e83b9f0 bf23b646 3f4c0714 beae6b10 bedccb19 3e9c9a64 3ea53a4f bf5c8f73 3f1e9e92 bf34bede 3d13405c bed2fb0a 3d7ac4ca 3f4c5f3f bf163e3e 3f5f9f58 bf56472e 3f737806 bf6297d1 3f114e0e 3d9ba241 3eea5b54 3e3592d0 be371265 3d3a4007 3f2aa678 be707472 bf0c2624 3f43ff25 bdb2612b 3eb1aa65 bdd024bd bf22268d 3f713006 bea97aa2 bf76200d 3f6bafdc becfeb06 3e2cd21e 3f0775dc bf44c6f7 bce78696 3eeecb4f bf56bf08 3f4d9ee2 3f2f1e7f bed8dba5 3f1fa64a bf5aff45 3f006632 bf6a57d3 3d6bc199 bd5e40db be28f1cb 3d454600 3db9626c 3ef56bab bf30de66 3d69bf25 3df0218c 3f3a16ae bf426ede 3e944a41 bf45d725 3ee47b85 3f504f69 bf3aee73 3f7fa110 
bdc360a3 3c230fca bd4e474f bf3e66e6 3f5fc7a2 bee43ba5 3f0cf602 bddd65ac 3f796023 bee47b54 be1992af bea5fa17 3e823a54 bf0ed61b 3e1ad17a bf244e55 3f145612 bf505743 bf7b1042 3f48472b 3eae0a9e bf65b7b6 3f03edfd bf3dfeb1 bf254e20 3f7cd897 bf452efe bd6a3eab bf271e4d 3f271e7f 3e4f93f1 3cfc88b9 3f4da725 bf16464e bd23bf69 bdf763e3 bd9621ea be74737d bf444eee 3ed32b40 bf71efe4 3f6947eb bf548f53 3f3a7eae beb7caec 3f279ea6 bebe7a84 bd4ec4ca be07525b bf0dde61 3f531f07 be65d32b 3c3f045c befd3c03 bea0da3d 3f242698 bf2fbeb4 bdf3a220 bf3f6ecf 3e2731f1 bebaaa32 3f1ee665 bf576f50 3e9d59fd 3f77a889 bf72d832 3e06f154 3f39de9f bf5f3799 3f32e6c0 bf0f9e4b 3f793884 bf70c7e2 3ec5dad1 bea44a85 3eeebace bc8d7f5f bf263e42 3f45bef4 bf15163f bf04360f bd154208 3c790e6a bf32beda 3f36868b bf683fad 3d882195 3f3cd6b8 bf264663 bdbce1db bf0495ec 3f2926b5 3a503127 bf2aae9f 3ea71a2f 3ef88b99 bea39a65 bf21ee85 3f3e7709 bf7d2078 3f6527d7 3d53c3eb bf26fe52 3f122647 bedfcb1a bf396ec8 3edaeb45 bf233680 3f17f63f 3d09c37a 3e4e1317 3c887e86 3f087e09 bf339ea9 3f6f77ee bf08ede6 becb2af7 3f361f01 be4cb1e4 3e9b8986 bf680788 3f4b874e 3f016df2 bf0c1ddd 3f08adc9 bf6ea7b9 3f07d608 bef22bd4 
3d866180 3e80c9da 3b73f240 3e16d1aa 3e8e7a37 bf546f6c 3eba8a7c bf0cc617 bef8abae 3e621393 3ebb1b1a bf59674a 3f6ed78e be0c91dc bc7d07a5 3f429710 bf3566c1 3f78b82d 3f4646e5 be9a4a36 bf388ec0 3f1cae3a bd8fe11a 3ed49ae2 3f286e56 bf64bf81 3f1df65a 3f3f46b0 bf239e53 3ece7b25 bf3686d6 be76b31e be4052cd be395263 3f5ab76d bf007db9 3f5f576d bea5da1f 3f21eea0 3e8c2a68 bd95a2aa 3dd3221a bf06460a 3f476ef2 bf2cee99 3f234e9d bf33a6ac 3f40cec7 3ed42b79 3ddb2339 bf152dfe 3ead0a4b be59933a 3f5f0f74 bee05b1c bdb7e2b2 3f5db78e bf102641 3f7a8040 beeb2a92 3e1092d0 beb0daea 3f320ea4 bf2be6b8 bea25ac6 3e28d23a 3edf0b6f bf4a7f49 3ed31af6 3f1d8e52 bf182e3c bd0dc1d5 3f37e6ba bf1f0e9e 3e35329d bf0f3dea 3cc4824a 3f40deca bf717fdd 3f698faa 3f4cf767 bf3d3efe 3f3afec9 3ea9ca13 be9439e8 3dece4fa 3f32dee1 bf6d57ee 3efc0b3f 3ecbcab5 3d966248 be73938e be97ca23 3f7ab066 bef1bb4f bda8e18d 3ea2da2e 3f012da1 bf17ce2d 3f5ebfa0 bf425f06 3c40f4db 3e31539a 3f1f0e56 bf35c6c3 3f4b470d 3eb00af3 bf0e5df0 3f138646 bf6e4fef 3f02c601 be6a728d beeeeb54 3f4126bb bf627784 3d2244f5 3f363687 bf781845 3f3d4701 bf685fbc 3f774037 bf6547ae bedf0b10 3f0d8df3 ba4f8e5a be2531ab 3e2bd38c 3eebfbb1 
3e19d1e4 bf1a3e4d 3f0bf659 bea70a85 bee56b74 3f6f5fdb be20534c 3dbc2373 3f735fdf bf75a7ee 3f21f660 3f2be65c bf7b4829 3e0871ae bd86df53 be5fd340 bd3946b0 bf258e83 bf146e04 3d94a2bb 3efd7bc3 bd89a17a bda26252 bf1b462a 3eaeaaa4 be7d73d4 3d902309 bf74b019 3f561731 be8af9a7 3f07fe34 3ecfbafe be7a53d5 3f14fe32 bf75cfb8 3e22d2ff bf4fc756 3ef3dba3 beae1ac5 bf51e75b 3f0755d4 3e281253 3e081274 bef94b64 3de9e466 bea03aa9 3f234676 bf610f44 bf55cf4d 3f0bee39 be18b246 3de66366 be16f1c3 bf29dea9 3f33ee95 be95ba26 bf23be60 3f27b639 becd7aa2 bd08c578 3f1aae2a bed85b31 3ea7ea96 3da061a8 3e6c7362 3e7fb352 bf330e81 3f56bf7f befc2b8d bf406ecf 3f4ffef5 bf191e1b bd05bfa2 bdfee479 3f533723 3e4ab25d bf01c5e4 3e994a6c be25f19f bec29add bf7ef8e5 3f2e6e69 bf1f8e3e bf0c0613 3ee3bb8c 3b0bdb4a bf531f46 3f4b4ef5 bf594f6f 3eeefbe4 bf4a8ef2 3f33f6c7 bdd1e5b1 bf2e66c5 3d8be212 39a0452d bf5aaf1d 3f3c5ec4 bf46f712 3e73d3d9 be802976 3f3d4e86 bf0cadc9 bf31a66e 3f636f63 befbbb5c bf460ed7 3f6a77dd bf318693 3f7cd09c bf63e7b5 3f510f16 bf0ac5fe 3e86ca13 bd734460 3f473ecb bf0e8e3b 3e1411d0 3e467306 be8229d9 3f26c64e be9409ee 3f65a786 bf55573c bc07087b 3eb82ae3 be693399 bf4a1756 
3f72f7eb beddcb55 bea21a7d 3eff4ba9 3dcae450 bf0ce5fd 3de06309 bec05ab0 be729304 3ec0fb01 bf37c6a3 bf192e21 3f66dfaf be2c719d 3e7a13b0 be91c9f9 3efb0b50 3f49f6ed be0632a0 3df36582 3e6312fb bf6827bc 3f634783 bee87baf 3baa136a 3e1df26a 3e1f1217 3e99ba69 be92ea07 be03d1f1 bf631f53 3f46d723 bf3e36d2 3e7693a7 3e10b210 3f3a4ec8 3ed3aabf bf4056a9 3f213e8c 3ee96ad8 be8289c4 bf6d2817 3f2dee6d be8449d9 3f550723 bf5ae739 3e15932b 3f642f6d 3ef9ebac 3c8b83a3 bef14b0d 3f44df03 bf03a60d 3f6ef7c0 bf76e81e 3f297e71 be14b34e 3d8fa016 bf4bbef7 3f42eed0 bf694fcb 3e9c7a36 bf0b0e2b 3e507381 bee7abc8 3f04edd5 bf4c2f02 3f253eac 3d32c1db bd79c2b8 3f201652 bf21ce56 3f791046 bee6eb90 bf187e12 bf047600 3f7f30cf bf290e82 3ec0bb53 3ef7dbbc 3edffb2c 3e9729d1 bdd422b6 3f7a3860 bf4f7f3f 3ec77b09 3e591382 3e987a78 3db663a1 be4c3375 3eed0b52 bed01af9 3dbea4ad 3f1eae6c bba20a49 3f589782 3e1b532f bf14be2c 3f414ee5 be1ef32d 3eb56af2 bf567f27 3f5f1f49 bd6d4376 bb7bfeaf be9609fd 3f7fe138 bf3866d3 3e8daa18 bf172e44 3f255e95 bed96a8a 3de92584 3eec1b52 bf362ec2 bda22294 bf054df8 3f79203d bf699fc0 3f2c3eda bf5b1764 be403246 3ec32ad4 bec7baa2 3f6b4fb9 bf5e6fa1 3f61c783 3cf883bf 
bf642795 3f5f7f9c 3ea1eab2 bf7a6066 3f57c748 bf151e64 3eefbba8 3ebb9b5f bebb9a8d 3ec63b20 3eed4b15 3ee54b2a bf1fd652 3d931ff4 bdcbe236 3e42f28d befcbba1 bf2f8ea4 3ef84c2f bea8ba78 3c131148 bdcf23f4 3ee67b8a bde2638f 3f20968b bf05fdfa 3e44128b bef09c04 3f0b1646 3d174159 3f6707b1 bf3b5e95 bde0e477 3f482f0f bf55aedd bf0195ef bd67c10b 3e40b191 3e2a3318 bf68d7ad 3f63ef9e 3ee43b72 bde1a3ae bec7da6c be007229 3f5eef62 bedfdaf3 bf2d86a5 bf31feac 3e55534b 3ea729f8 bf7cb855 3ef89b6f be9299fc bcbd816c 3edccaec bed13b59 3ecfaae7 3f369eb6 bf292e65 3f579f66 3b64226c 3e3e1392 3f189624 bf691f88 3f1b764c 3ea3cacc bf0b65f0 be275266 3ed36b64 bf17160f 3d29416c be8159ca bdd72562 3f4d66c2 3ece5b70 bf1bde42 be8f19ab 3ec12b86 bf20768e beedeb7b be5d1373 bf366e9e 3efc4c10 bf40f6e1 3f5c276c bf78b02b beed7b75 3f16fe71 bf2806c6 3f2de678 bf09edf0 3e832993 bf16fe3c bece9b11 bf599f71 be72d2ce 3f4de73e bf301e9f be753397 3e945a1f bec86af5 3e95f9fa bec8cb00 3cfa8094 3e9d9a45 bf636fa5 3f2f2ea7 bed36b5f 3f266664 bf102e44 3dd42433 3e3a137a bf2ec64f 3efabbcf 3f30ce59 bed3ab67 3ec49a70 bf4c8723 3f7147c3 bead0aef 3f4476fd befe2b31 be48f2ad 3e43b227 bf2e0ed2 3e4c9307 bf27fea8 
3f3ec6a9 bf723790 be8e7a00 3f6a87c7 bf4f9758 3f32f69e bea8eaa3 bf1f1694 3f38fed4 bf5caf78 3c4b007f bf2afe75 3f3a6ed2 be84e98c bb92103d 3d604255 3f2aae88 bf16d666 3f3876cf bf629f8b 3f5b5f5e 3e21d1e0 bf24f663 bf109e08 3e85a9fb bf58874a 3f64c7d2 be1251f3 bf0ace0f 3e5af3a8 bf77c80e 3f1b2e35 3f2d4665 bf77cfe8 3f15b636 3f28069f bf0ece34 3f223659 bf7a1865 3f50c71b bf3aaecb bf326eb9 3ea67a5c 3ea29a68 bf15362b beb56b2a bb8dfbe1 3f6d9fa3 3f256e8a bf01b5ea 3e02f1dd 3f3f66f5 be01529c bea51ab8 3f024632 bf3d46df 3e4a73d7 bea9aab1 beda1b44 3e3cd390 bf295684 3e5833ab bf47aeba 3e0d92cb 3ea0aa88 bcf587e5 bf3fcee6 3f437ee9 be11f206 be23b227 3c34fa21 3f204e72 bd4b4531 bdb4a3e2 bde924ba bf6eafc8 3f1c1639 3f723812 bf67ff8c 3f3976ba 3dbee2ef 3f53df40 3f0a561d bf3c46a4 3f7ab8a0 bf4a0f2c 3f6e67ee 3f0fa63f bf2c8e72 3f06960e bf0de65f 3e4df35e 3eb47adb 3e03b1b8 3f40befc 3f5a3787 3d8262df beb37ada bdf52372 3f686fb5 bf2126c4 3f559730 bec01a75 bdeb2370 3f03d632 bebbbabd 3f142dfb bea10aa1 3e433224 bdc8e295 bd8e62cb 3e61b37c be115160 3f024e59 bec40a9e bd74c241 bf0e4637 3f211e4c be33f1f6 3d7bc00b bf105607 3e90ba80 bee9db77 3f649f9f becdba9c 3f3eb6ef 3defe209 3efd3bd5 
3e942a6a bd0bbf21 3f65f787 bf7e68c9 3eaa1a63 be816a19 3e07f2be 3ea6ba8f 3e1711a1 be7f1447 3f239e42 3e9af9e6 bf0e6641 3eaf5aa4 3c2f07a2 bea6ea57 be874a4f 3f740029 bf2e1e5d 3f5acf64 bf7bf85f be67b318 3f2cee3d 3f28867a bd846023 3f634f91 bf5f8f8c 3e5b53c6 3ea85af9 3cae860b 3f0815f5 be9a2a7e bf332eb6 3e8a59f4 3e892a03 bf055e0b 3e7a72e4 be5a130f 3f321f00 bd184644 3ea4e9c6 3f6bd79d bf4d4703 3f1c1e49 3e0e51ce 3f6e27ef beed8ba9 beda4ae1 bf759807 3f7d78a7 bf491ef8 be44b1e5 bea759ba 3f2b96b2 bebc3ab0 3e8ac9fa 3f2a2e89 bf0905fa 3f241e58 3d1542c7 3e9d3a69 bc8e87ba 3f25be97 be8d7a40 3d22c443 be93e9ea 3f374e9d bef86bb0 3e52b34c 3d41448e 3e8b2990 bf76c03b 3ea9ba11 be44f23f 3e9e0a46 3f254e7a bf3676e0 be70d297 bf085621 3f5c0f78 bf534f36 bf4d773a be41b291 bccb7cd5 3e5cf33f bf473edf 3e587358 bf6f3fd4 3f1a3e2d be577381 3ee57bae bde32373 bf0815fd bd1ac2e4 bf5dff7b bed1eb59 bf3dd6f4 3f7d306d becc8b85 bd1b3e73 bf0aee37 3d2ac394 be950a7a 3ef58b53 becf0b0c beef5ac5 3f2c8687 bf7a4823 3f26a67a bf4fbf26 3f1b8691 3e3f9340 bf5a1f26 3f441693 bf57ff2f 3e95da03 3f27be61 bf75900c 3f50274a bf597760 3f75302a bef35b2c 3ee3db6a bf3546a6 3cc282fc bf14e669 be29d1f9 bf611f98 
bed1cac1 3d03c47c bf13f674 3f10ee29 3e8f3986 bdd52320 be2911a5 be251179 bed44b25 3f223e5a bee4eb6d bf4ca75a 3f7c3891 bf53473c 3f28a642 be4b3274 bd93a099 bee3bb5a bf45fee7 3f22eeaa 3d544484 3f27a6ab bf52bf36 be89ea61 bf2ace62 be1d729a 3e8cca0b be5932dc 3ec9eb7d bf643f91 3ece6b54 bea0ea51 3f5b678d bd3ec147 bedfeb6b be52d3ec 3f19adf8 bf631759 3c530b32 bef28b01 bf3326a6 3dcea0b5 be9499b6 3d9aa2ab bf6b4fbb bf0dae16 3eb0da30 3e801a24 3f443709 bf33c6b8 3ec40b73 3f5e6f41 bf38f699 3ecffb2f bf3956e7 3e9ffa00 bf1f9e66 3ea37a1b 3ba5fa04 bf23164e 3ebf2aa3 bf28569f 3ee34b49 bf56f749 3f5eaf65 bef89bdb be173311 3ea3da24 bf45eeed 3f084611 bf0bc60c 3f7ee88c be890997 3eb49abc bf797812 3f30b6b0 beabdacb 3f0c05f9 3f1fde63 bf4f074e 3ef12bde 3f4d36de 3ebd0af5 bd89e288 bd33c1cf 3ef9ab45 3f0cde2e bedb6b62 3f19c634 bf059e10 beceaa5b 3e8529b6 3e8eea1a 3ebc2a4c 3edbdb60 3f02edf7 3f12fe73 bf0455ec bedb9bbe 3f4fc6c3 be64f4e7 3f74d844 bf43ef1c 3efaab98 3e4452f1 3d6ac1aa bd0e456d 3f02be0e bd7643f6 3f3f2ebd bf4cf715 be319306 3f0b2e18 bef26b98 3f60cf64 bdd26051 be8f3a22 3ec96afa bf026df5 3f2c2e94 beaf4a52 bedefb6e 3f1c663a be9ef99c 3f4ec72c 3e62d30a 3e6ed3a4 3f516707 
3be60333 3f16c603 bedaeae7 3de264dd bf16a646 bcd67f00 3f3246a9 be4972e2 3ecbfb02 bf462737 3f0a4602 3f00a5f4 be47b2c2 bd60c393 bedf8ba9 3f2d3ec3 bd8fa33e 3f2d7e56 3f7ac870 bf5f472a 3dfc6380 bf0fbe48 3f176e05 3e68127a 3f3a0e86 be913a0e 3ec3db90 be8c8a34 be8c1a4a 3f469efc befceb82 3ef32b71 bf69c775 3e29528c 3f191638 be9589f9 3f157646 3deda2ae 3f150e06 3ecf0b3b 3eb99ad1 3f0d1609 bed7caf9 3f184e3b 3f079e42 3f4b56fb bf04cdfc 3dae24b3 bf2e8ee3 3f2c4ea4 bf0d1e08 beb27ac0 3d02c5bc 3f23169f be81ea6d 3f47071e bf635fd1 3f6acfb6 bf7ec0a6 3f3886f5 bd443f63 3dc7a32a be94aa37 3f4bcf0c bf5ed791 3f3efeec be9beaab 3ebbdae1 3e2a72b8 3e77939f bf079e2c 3da824d1 bf4cff17 3f28d665 3eb6bac9 bf60c76c 3f164e28 bf2f2ea2 3d1e445a bec8dab6 3f10ce2a bf6cf7dd bea1fa19 beb92aae 3eac4b24 bece7ade bf523f27 3f602f8e bf1e6667 3eafaae4 3eeabb41 3ea30aa1 bf70480c 3e8b4a4d bf624f8e 3e413377 bf740016 3f261689 3ed9eb33 bf1b7e31 bcd7836f bf2bf6a5 3f1d3667 bf2fe671 bf0ffe3c 3f601f72 bf5a8755 be48735f be64d42e bf3896d6 3f775842 bdefe392 3ee99b86 bf248615 bdeee4c1 bf0f863d 3dc8232c 3cd089ed 3ee8abb9 bf6b57e1 3f355ec3 be74b3d8 3e48b383 be6793aa bf322ec2 be1cf22f be54b418 bf107631 
bf3586a7 3cc1818e 3f0e8e13 be84c9e4 3f244673 be4332b6 bf017594 bdb8a267 3eb0bacf 3e0cb161 be5cb449 bedaaa9b be9d4a62 3f3ddf08 bd6c4404 bf0d65e0 beab7a83 bf18e659 bf30a662 3ecaab7f bc3d164a 3e8a7a2e be01f1ff bf1aa664 3d33c19f 3d1142d1 bf0945fa 3f5e2777 bf4e5f30 3f3d8eca bf51ff07 3ebe1a29 3f00ed90 bf2fde8a 3eb4bab5 be991a92 bf499f3b bd7f45fc bf6de02a 3b5419ff becf6b1a bf4856dd 3f0175fd beff0bce bec53a6f bf55ff5e 3f09edc2 bea56ab6 3f18e645 befc6b73 3cbb7edb 3f6727a7 bf19be76 be916a08 bf0a060b 3f0e2dd5 be7c3412 3ded217a 3ea3ea9d 3ea16a2e bf698fbe 3f46c6f6 be96b9f8 3de320eb bee53ba4 3f306e76 bf7f512b 3e7f9323 bef4fb71 3e8b5a9a be0612d0 3f639f31 be2d926f be6c54ba bd88222c 3e9eaac6 3f01ce15 bf1e464f 3f23e669 3d83e27b 3d6f4412 be43b1a4 3f401706 3f627f2f bf7a0843 3f20fe2e 3efd0bb7 bf017dcc bdd4e236 3e87fa35 bf2e4ec3 bf2a1e6d 3f514762 3e7672bb 3dd0e35f 3ec2db08 3dc1a3d6 bc897964 bf15de1d 3e5ef36d 3f2a0e7a bf108611 3f4506e4 3db32161 3f511f3c bf76e026 3f36e726 3f1dfe3b 3e3d1350 3e8709bf beacea82 bead4a40 bf1d2e90 3f585748 bd8e22b4 3f522f06 3eb7ba7c bf6c67a7 3f1fce7c befe7c33 3f1c4630 bebfbadc be7b345c 3eafca5a 3f6747b1 be87ca24 3e0230c7 3f7b906c 
3f600f93 be9a8a42 bf5a3f22 3ee36ae1 bf112e18 3f149629 bddae439 3edc1be0 bf7a9826 3f208e98 be579319 3f117e29 bd1a414a bdbf22f3 beccdb25 3f4b16f4 3eeafb1d 3f27369d bdb7a2f8 3f1f7e87 bedcbab9 3e952b01 be7813d7 3f0b3614 bf084668 3f1d4e45 bf644fc7 3f7397db bf4fd6fe 3ef6db6b be0a921d 3e6ad389 bef4ebdf 3f47f718 bf58cf3b 3f389ea8 3f2d2ec7 3ec60ad8 3f6c5fa4 be6db27b 3eb7ea7c 3f641f99 bebbcadb 3e221270 3e6c1414 3ee8cb9e 3ea9fa20 beff8be7 3cf77f53 3ed67b20 3e20b1a7 bf69ef9d 3ec35a93 3f6fefe9 3df0e2ce bf5f6f6b 3f576768 bf518739 3d21c4f4 bf3fe6e1 3f7e307c bede2b0d bf03ee06 3f154e14 bcef7d6d bee4aaf7 3f501f32 3f2536ba bf507f37 3f1ec62b bf32ce8f be5df476 be0a5218 3ec1ba67 bea7aa6f 3c00f8f9 bf57874a 3f46f6df be5693f0 befe4baf 3da761f6 3ed0caf5 bf557f6b bf4a2f40 3eed3afa 3ea27a12 bf6fbfc3 3f365ea2 3dc8a386 bdc92178 3f061dd6 3f6e179e bf10f62f bf0b262d 3e0cd1d7 bf11fe1e 3f2daea4 bf19fe73 3f6ddfd5 bf2ea68d 3ebaead4 3d5fc294 bf6c57ec bdf6a1e4 bf199e0d 3f4b7f0a bf5a5f75 be77927d bf42a6b8 3f205677 beb85ae0 3f0c7de1 3f125e23 beac59fd beb18a61 bf3b2e9b bf003dc9 3f7d70a9 bf20869e 3f54b729 bf52ef78 3de0a2cb 3f619f14 bf6d37dd bf3c6ed7 3f3ed6ad bf0fb630 bf465eec 
bf7ef0dc 3f3e56cc 3ef90be3 3ec11b21 bf5b5f6a 3ec7db03 bee35be4 3f1a1e38 3d01c471 bbca06b0 bf3d76ca 3f3aeec5 bf31c69e 3c9f896e 3eaf3a43 befb3bda bf4c36d3 be26b20a 3d8c6238 bf52270e 3ef07ba0 bf6fafdd 3f19ddd1 3c42eef6 be16d29b 3eb6aa5e 3e9389d2 bec6fb01 3e13321f bd7ec72b 3d29c197 be864a51 3ddd6383 be985a92 3f578f80 bf763826 beb9eadb bf4ecefc bf315e74 3e75530b bec56b02 bf259e6a 3d494346 3d6c4328 3efd9c35 bf4f4f1d beea3b75 3f58e70e be8669f3 bf314ec5 be39333d 3f766850 befc8bcc bf732004 3b43f8b2 3f694fa3 bf729ff0 3f63a774 3ea54a81 3dfb641e be5a9379 be4f735e 3f73681b bf48df23 3eac0ad6 3e58b45e bf565733 bf4cef53 3f7ce87a be3c32ef 3ed73b78 3e68d321 be7bf3bd 3f17c626 bf225647 3f726fd5 3e81ea22 bf4c5f45 3f1d6e22 beb63a8d 3efc7bca bf0b4601 3f514f4c 3eff5bce bdb5a309 bebadb42 3a10b26e 3e9839f7 bf2f2693 3d91616b bf2a2698 bf29e659 3e95badf 3e3b117f 3f487737 beee5b3e bd92625d bede6b80 3ef8ec04 be848a5b bf3e96db 3f141e40 3ecefaf7 3f7d289f bf3796dc 3f17968c be10f24a 3f6697ae bd8222d2 bde42283 bda0e0b1 3d1fc4e6 bf1a9e4d befe3bbb 3f75285b 3f0c8e11 3ebb5aa4 bf2a6696 3e7e5499 bf33deb3 3f02ddd1 3e7f7392 bf7f790c 3f6e3fab 3f20e665 bf6f27e0 3f553f28 3f0f861a 
3f5b0f52 bf1bc638 bf42c6d5 bdb5e140 3f4a8f03 3e18f23e bf0afe32 be1812ad beaf5a14 3f406edf 3d99e0ba bee9fb62 3e677414 3f3836aa bf12a629 3ec2ea51 3f1f6e39 be94ca26 3f3c36eb be95da21 3f2dde54 3f3edeb7 bf4cc717 3e8aa9f9 bf168e0a 3e9c4a15 bf209e69 bdb662ab 3f436ea1 bf02162d 3e36b299 3e5772d3 3e7252ec bf1bbe34 bcb3814a 3eacca4e 3f1d0e3c 3f4a3f30 3eceab14 3d62c82d 3ecceb26 3dffa4a6 3f1c0626 bf655f8c bec49b29 3f3826d2 3ec62b92 bf591f32 3e95aab6 3f74b021 3dbd2507 bf11bded 3e347374 3f7a004b be5fb2c3 beef6b16 3f24863e bf5d5fb3 bee0cb2b 3f0d264c bf260632 3f249685 bf451f19 3e914a57 be233255 be18f374 3f663fa8 3f1de622 bf692fa5 bdc9e1cc bf21e662 3f295693 bf3e86af 3d922381 3d5bc363 bf5306f7 bdf660fc 3f672f98 bf5f9754 3f2dbe69 bc878937 bf195654 3e6fb33a bf63af7b 3e7d53f3 3de2a260 3f19a609 befbab55 3ea6faac 3f405eaf 3efe7baa bd11bf79 3f327ea0 bf76f041 be8949ef 3d1c4101 3f250e32 3ebfdaeb bf739024 3f440f16 3f48f6ab bf038e3f bf0ad618 bf75a03f 3f67bf74 bf36be95 3ccb8812 bf48aeef 3f459efb bf379e80 3f5de779 bf7a8843 3f684f71 3f5a0f5b bf64b758 bf747012 3ee0da96 be857a65 3f20be6d bd8b62b3 3f09961c bf7a584f 3f418ee6 be86b976 bf3986ea 3f2d9ec1 bf165e8c bf042dfb 
bea9ea19 3e6bf3d7 3f4e773e bd8a622d bf2ba674 be9b9ab1 3f4916f8 3e80a9ea 3db1e480 bf72efed 3ec0cae9 3e9bcab7 bef4cb76 3dc4234d bf445ee6 3f3caeea be9c0a7a beb86af1 3dd3a45a bed09abb beb1da5e bf5e3f5e 3f02566c 3d9b2297 3f0a2615 beeebb0b 3f282e51 3eb39aec bf4176fe bdeca1c7 3f163608 bf4cb6a7 3de0e470 3f7c687f bf0f7642 3e6b14cc bf345eab bf615f66 3e3912af bf54a71f 3e3ff2ab bf2f16a4 3e7f33af 3eebcb61 3f4a7efb bf7f40b5 3e16125d 3f0b4e35 bee7fb04 bf08f60a bf3a4ebf 3f174683 bd50c53a bf656f66 3f4626f0 bf612f90 3f16b622 3eea4b4f bc1f2074 be8f79d5 3f1aee3a bf3a2ec1 3f751053 bf27865e 3f678f93 bf57df53 be3dd272 beee0b24 3f0735f0 3f32ee8f baa86bd3 bdf5a3ba 3eda7b06 bde8a4ae 3efc3bde 3efb9bad 3dd7220b bf7b1870 3f7187f9 bf673f81 3dda62bd 3eaedafe 3eb54b07 bc9a88c3 3ee63b29 bf06ae01 bf01e5b3 3f26d6af bf6b07c1 bea7ca56 bf62375c 3f048604 bf4aef32 3f747822 3ec6ba1d bec0eab9 beb16a9d bef99b3e 3f656fa9 bf52f70c bf024e1e be009335 3f7047c6 3f2fd6a6 bf35cee1 3e70d41e 3f60176a bf090e1c 3e0291f1 bdbc6280 be1e3159 3f5e1f45 bf549735 bf731801 3f27d6b1 3f6b5fec beb6ca94 3da92175 bea3ca9f be4d3279 bf1dae54 3f70ef8c 3d35c4bd bf2c266b 3f283e6a 3dc5a233 bb2bff4b 3eadba51 
bf61a762 3f139e57 bf6d9fd5 3edb0b66 3da5a350 3f02ce0f bf2dfea3 beaeeae6 3ddda36f 3f71a7e0 bf605739 3f12462b beea5b72 3ef2ab79 3ebcbb08 bf327e6f 3db162c5 bd832391 3f0cc606 be2eb2d4 3f5f2f84 3db86447 3e9fda8a bf12464d be0f5187 3ebb8b11 bf2d5e83 bdaa21f7 3dc9e1fe 3f58bf91 bf641fa6 3f2f0e7f bea4da9f bf3736b9 3e00119b 3e08b158 3e187216 3f7007bc bb9e10d0 3ea70a78 3f3d2ec3 bd5c3f26 be1271d4 bf483f27 be853a22 3f12bde1 bea17a65 bc848529 bdfea3a6 3f4e6f3e 3f6fc7da bf56078c 3f77082b bf62cf91 3f2ff6af 3e9efa0e befa7b8b bf073e14 3f09e5c6 bd37c760 be993a31 3f082df8 bf614fa8 3ed53bd4 bed3bbd2 3f1bae60 3e35d2a2 be44d294 bd43c309 bf4e1768 3e7f52be bf1a6650 3ebb4a78 be5d53c5 bf50b719 be0eb2c7 be0e3147 3f56a75b be8b59c4 3b1bfff7 3f41c6e5 bf490eff bba60a26 be937a1d be017263 3f1ede3e be81a9aa 3e802a90 3f0105e5 3f6d5ff1 be7853f0 3f27f6c0 bef69b14 beec0b23 be2232ec 3c2d0973 3f4e073c bf209678 3f2ee692 bef23b88 3f7eb876 3e2611e7 bf251679 bf5a7f87 3f6cf7b1 bf0045d7 bf0b95de 3f27668f bee2abc4 3f3726bf bf387689 bedf1b3e 3f341ea9 3f4316cc bec5aad4 bf0995d1 be53b312 3ece4b4d bdd323ff 3f09a615 3e907a04 bf3e8ee5 be998a7f 3f34d699 bd164418 bf576735 3d975f43 3f205ea3 
3ef86b44 3f038e46 bf5006c0 3f563786 bf36a6c5 3ec4fa12 bee23baa 3f758820 bf770814 3f11ae08 bf419f19 3f2bfea9 be8d4a5b be5f1398 3f011dac be55f38f 3ef00b9f 3e9d1ab7 bf6b77d9 3e967a63 bf516f01 3eb26acc bf435f1c 3f76a826 bf6647bf 3f46ff06 beafca67 3ef1ebe9 bda5624e bf28ae7e 3ea04b08 3e55d3b8 bcb78243 3f548797 becabafc 3f247e8f bf493eee bcc28084 bf35b6b9 3bda2164 bf721fe9 3c570188 3efc9b8c 3f3f8679 bea1ea57 3eb23aba bf166e5a 3f075e0d 3dfda3df bf6987b0 bf34b6b6 3e3852bd bee57bd7 3f427706 beee7b7a bf2b26c8 3f7bb099 beadaa37 3e0e9261 bf062644 3eab9ad4 bea62ac6 3f252e87 3deca418 bf128608 be4c53b1 3ed62a5e be2a11ec 3f23b640 be2850e0 3edb6b57 3f2b4665 bf72f802 3f6ceffc 3e5f52c3 3f17ce05 be4bf260 bf670f8e 3f042dd6 bf2f7e9c 3ed00af4 bf28c6a1 3f6dafd0 bd034674 be56f312 bd8ce1b7 3dffe26d bed30abd bef47b44 bf7da097 3f15ee36 bf3efebc 3f524f0d 3e4b73df 3effac0b bf73d815 3f4c371d bf26a63a 3e2fd21a be257228 be98fa8d bedc8b2f 3de0240b 3f7b8860 bf714fcf 3f5c5777 bf115df1 3f260e62 bf463ee2 3e99ea49 3e6a14d9 3f3586c9 bf52071e bf238e79 3f0f65f0 be38d2b4 3f518731 bf1da636 3cef82a4 bea6daea bc2505fc 3f1d2664 3d79c51f bea72a2a be3cf207 3f384eb1 3e3f12b9 bf646fa9 
bc7b0a3f bf3506c5 3f7257d0 bf18264f 3e4572a8 be8d9a09 3f08b5f1 be76f481 3e909a3e bf005ddf 3f5d8f68 bf31669d 3f007590 bec6eb13 bf1c2664 3e83d97e bea09a71 be98bada 3e639383 3f6b2fc1 bf3816b2 3f563f61 bf4d1f1c 3f4b273a be82c9d9 3e14d1de beaecaa7 3eee4baf bf3c9e94 3f7c589f bf0b1616 3db5a39c bf7a707e 3f0c3654 bf3a46ab bc9e8019 bdd2e377 3f220e8c 3e10d212 3f53775b 3e17b2a5 3f0b561c bf749029 be045232 be46d2b5 bca17e83 3f3376a0 bf3f8ecb 3d5f4093 3f0cce3d 3f2a96a4 3f2696a2 bf5bc783 3f35f6d1 bf414e99 3f74b846 bf1a568c 3e12d253 3e2b712a 3d61c377 3ef7bb78 bea2ab1d bef56bba bd9361c4 3f77d857 be6dd2be beb21ac7 bf0725ee 3ea11a09 bf309e31 3e51b407 bf5bb76f 3f438eeb bf3ea679 bd743ec9 bf6bbff2 3f6a3f90 bd896228 3f29be8e bea11a8c 3ede9bc2 be50725e 3e13522c bf423ee2 3f770070 bf51cf45 3f196e53 3cff83a8 3f1bee5f 3f1d8661 3d0e452a bef1db96 3d5cc15e befc3ae8 bece0abf 3f615f81 bf7027ab 3ece3aea 3e5ff359 beb73b34 3f245e78 be3453b5 3f4b3721 bf3376a8 bd8aa011 3eba2b16 beb82b0c 3df66436 bca886b9 3e763318 bf44ef11 be8a2a15 3f28466d 3eb95a92 be8e8a1b bd42c3a5 bf022db9 3eda2b0a bd38471b 3e5e539a bed4baae bef4bb49 3ecfdb2d be3b7251 3ddc628b be868a35 be81fa43 3f303e7b 
3f182e26 bf485ef2 3f50772a bf75b80c 3f691fa7 be6c142e beb93ac7 bebbfad6 3e4bf2b2 3de8e71c 3bddeb97 bf1a8613 3ee73ba5 3ec0aaf9 3f0ece16 3e1e7177 bed91b21 3f4a5f12 bee6abc5 bec5dac9 3dd2e237 3d39be9b 3ed90b4c bf119e2e be809a10 3f12f67c bf72904a 3f60bfab bf5e3768 3f642758 bf7fa0ee 3f6dd7ae 3f3e3ecf bf55e734 3f6fb800 bdeba26c 3f3ae71a bf6c1fcd be4a339c bf609f3d bc8682e3 bed92b8e 3f330ec9 be5ff399 3f6bdfaa bf720fd8 bd6abd27 3ed1eb82 be1952c0 3d48c54a bf691799 bf3fc6d5 3f7a304b bf4f6f65 3f179e67 be62d3f4 bc74ff7f bf099e0a 3f2c6e8c bf59d750 bc350000 bc82791c 3f521f4d bf104e2b befadba1 3e2d723c 3ecd3acb 3f2eb67a bf00ddc9 3f7cb876 be9b6aa3 3db2a185 3f219e4a bf0fae28 3f585f3c 3d0fc596 be74f34b be6e12a4 bf2fcea4 3ebd1aa4 bf34eea2 3f65b791 bf735ff3 3f583758 bf19865c 3ec76adc beb23a57 be8899f6 bded621e bf578f26 3e6b54b6 3ebeeadc 3ebdaad8 bef51bb1 3f61474c be96d9ef bbb9fd2c 3f412ecc bf71bfbb 3f3a46b5 be8a8a4b bee21b98 be9cea7e bed99b2c 3f65dfe2 bf2eae51 3e585366 3ebcaad8 bec94b17 3e6993ca 3f0f35fa 3d982316 bea64a42 beda9af9 3e74533e 3f09760d be8b1a12 3dc4a334 be3a52ba 3efe6b04 bd643eca 3f7bc85c bf57f714 3db4e1f6 3f43ceb0 bf4406fb 3f200673 bf78501a 
3f661fd4 bc9b8133 bea9ca87 3ec15a04 be151201 beb42af7 3f3dbe96 3e50125f 3e77b343 bee99b1b bdec2069 3f76f854 bf3cf6ba bed56b3f bf1cee50 bc958258 3ed46aca bf333ea0 3f1f3679 bf0a65fa 3f4dd711 bf3d56b1 beb2daf3 3f315ec0 beb0eaf4 3ef6bb83 bd65c222 3ee62b76 becbfae7 bccd87f7 3f01fdf8 bf3d96f1 bf17de3e 3efdfb74 bea22a1f be977a10 bf6797af 3f535f43 3f30e6b1 3e4a3359 3f4286f7 bf40fec3 3f6847b7 bf752824 be31d30f 3f7557f7 bef4dbd0 3ebdbb21 beb43aa2 3dc66336 3ee03b90 3f6e8fd2 bf09561d 3d4c3f3f 3ea07ae2 bf558f64 3f502f21 3ea06a5f be96a9d7 3e2a52dd 3f408ed1 bf4fa6fd 3e56946f 3e5d129e 3d4ac13e 3e351230 bf40d6a4 bc69160c bec66ae3 bf147635 3eddbb68 bd6e44c3 bf426732 3efa6b97 bee55b7a 3e5fb292 be763317 3ee87b74 3f410ebf beb96b3d 3f130e1c bf59f77e 3f622782 beb8db26 be0d71c9 3f3346a0 bf18f65b 3f6cbfb5 beedbbf7 3f75381b bf131e05 3d58426b bf1a6e03 3f6a6fad bf455706 bf0dce15 3f169e33 bf6b7ff3 3f109e05 bf013ddb bd003ec5 3f1a9e2d 3efcabdf 3ee76b7f beb0aaa2 bdf6e327 3ea08a01 bf53c734 3f33fee5 bf274e78 bd93e285 be92b9ca 3ea7fa88 3e8509a5 bdf1a4b8 bf77bffa 3f39f6ad 3d55c0f8 bf2cb6bc 3cb887ad bec48ade bf487eed 3f3a2eaf bc3b104d bf3996c2 3e60f391 3f4c2f11 bf1fc664 
bf7f00a5 3e5572af 393f4e60 3e52f418 bf3216c4 3f50b6db bf5de796 bdb2a1ea bef0eb21 3ec36aa1 3da4a445 bec1ba30 3c390798 3f5af70e 3e9e3a7b bc4f0ff1 beaa0ac5 3f036e14 bf087e3c 3f669f80 bf7f68bc 3f5ec730 3cc879a2 3e8ff985 befe1bd8 3e43d29c bf24763f beb24ab8 3f58df27 bf50af48 3ec93ae5 be11b24e 3f5a7f27 bea35a82 be617361 3f1ad63b 3f77f848 bf6a87ea becb6abd befbcb74 be849a66 3eb3cad6 bf56d72e 3f6c5794 be4913e7 bf26f698 3f15d633 bf4fb723 3f28266e be6753c5 be03526e bf1c0e8a bea049d9 3f29de5f bf0035a3 3f10960a be9b8ac2 bf65178a 3ed97aef bea1aae5 bc72ef9c 3d1ec3ea beaafa6d 3e239298 be10520f 3ee94bda be5c13bf 3f006ded 3f19661f 3e8fa96e bf0f7e50 3ecc0afd 3e8379c2 bd8d6263 3ca68732 bf127e38 3f5e7f40 bf6397b2 bf15ee55 3e0df29f bc9c85ec 3e6bd49c bf1ae65e 3f43a6d6 bf71e005 3e7b934a bf045e1c 3eda5b5f bf754fd1 3f3816ae bee03b93 3e8579ef 3e345347 bf68800d 3f5b976d 3eb3faa4 3e976a56 bec19b21 3f666fa3 be947a09 3ecf5abe bf42beac bedd7adb bf568736 3ef10c00 be81b9c3 3f6897c9 bf34369d 3f55e754 bf141e09 3f5056f1 beecfbbd 3f1c266a bf79b80f 3f492700 3f3b7710 bf6f67e2 3e401198 3f6cc7e5 be627351 3ef42bbf 3f6cafc7 bf7e4085 3eea6ae0 3ea01a4d bdfe63cd bf37a6ab 3ec6cac8 
3ee48b10 be5232c5 3ea09a6c bf0d35f5 3f79b876 bee9ab7e 3dfa2313 3f2e3ec0 be79931e 3f58cf27 bf53df1e 3df824cf 3ea7da38 beea4b1e bf190e2f 3ecdbb2c 3e06713b befe6c1d 3f0125cf bf67b7cc 3f2fbec6 beb2cacb bef3bb70 3c58ff71 bec9ca87 3f5f4f3c bd21403b 3f263674 bf1a4e82 3e5ab2d3 3f1e4645 bf544f32 3f00fe00 bf4c9f5e 3f7547dc bf5a9773 bf4096c6 3f4bb72a bcb07c4f 3f45e6e0 be910a5e 3eec8ba5 bd32c874 be4b7373 3f1cee61 bf3cbedc 3f6abfaf bea30a98 3e04719a be6cf3c3 3e6cf3a3 3e49b25a 3f2b9e91 bf3146a5 3e7df4ed be8e4a7a 3ec88ae5 3eea2bcd 3ee9fb5f be8bf9d7 be305178 3ec6fafd 3f1955ea bf488f0f 3ede3b73 bf72881d 3f5e0f88 bf743803 bf22ce3f 3e5113af 3e2ef2b4 be8dba27 be469397 3ea7b9c3 be065265 3f3faeb2 bf48e73a 3f2e8eae 3f4576f9 bda2e2a4 bf241e6e 3f731025 bf49e6fa 3eb41a4d 3dd82563 3f724023 bed9cb79 3e67335e 3f1a163c bf68af83 3f0e5ded bd81e160 3e7534fa 3eb7fadc be2f7356 bf74b7f7 3e2552b5 be895a24 be1c7230 bf4daf3b 3f39cec4 bd94631f 3f6d37ea 3f0b864e 3e2dd2a5 bec2ab28 bf3feeb4 3f099dd5 beb49a95 be87096f 3f02a5ec bf2eee76 bbe9ef41 3f17062e bf6f380d beac3a59 3f5c37bf bf2d9e94 bee17b83 be0c7178 be823a4b bf642f99 3f47b6f0 bede0b6d beaefb60 3f453f2e bef3db7e 3f51f717 
bf15d643 3ed74b6c bf156e2e 3f022ddd bf074e1b bf17be48 3f58174f bf4f575e 3daaa156 bf7d6089 3f03760a 3f4fcf03 bf6ccfdb bcac8764 3f73a01a bf6e2fdb 3ec02b2c 3db8a313 3e5272f2 be6d3274 3f2abeb5 bf35d696 3f35a6a4 3eafea26 3e82e9b6 bf685786 3e30b161 bf4726dd 3f0e1637 be361219 bf5a0f5f 3f59676b bf3d36da 3edcdb39 bd9922bb 3af81c72 3f285eb0 be377244 bedb4b03 3eb19ac4 bf4ec6e8 3e991a27 be09d231 bec55ac2 bda6e2d6 3ee40b71 beb619df bf24de60 3f7ba073 bf3d06dc 3f034621 bf2d0eae 3e0e132a bde3a33d 3df9e262 3eb40a11 bf6f6ff8 3d7ec1ea bf583717 3e5c526b 3efaebf7 bf4106a7 bef91be3 3f6fa818 bec28b6d 3f4046cc bf0b6e26 3f75a029 3ea95a20 bb0c1fcc bef97beb 3f77b7ee bf5eef60 3f05f5d5 bf7e80a1 3f05c617 befa9b3b 3c4f036f bf719fd3 3dcf640b 3f10064a bf15564b 3e4271f6 3ee6dbdf bf56b747 bf1c7e58 be175307 3e3352f7 bf2d3ec7 3f76d81c bf1d166d be419208 bec1caab bdf1e261 3d9a2121 3ed98ae7 3f200e40 be9afaba 3f2cde1a 3e953a9b bea76a09 beab4a09 bf02adf9 bf113643 bf0fa64c 3f33368e 3f679f8d bf7cb041 3f569f57 be9bdad2 be2312f0 3ebeda7c 3e157300 be4f1236 3f50371f be2a923c be957ab2 3f475700 be5733b6 3f78c03f bee73b34 3f4fbf18 be24b20d 3e19b265 3cf38784 bed9eb5e 3ead9a58 bf3496e4 
3f70c7ea bf11260d 3f721ff6 bf4ddee3 3f13660e 3f5306fa bf47bf01 3c6af788 3f4db706 3f188659 be7fb386 bf6e57ce 3f33cea9 3f310e81 bf7be08a 3f4d072d bcfe85b5 bf570720 3f0cbe1e 3c29009f bf5b6745 3f7107e2 bec9da98 bf605f47 3dff2517 3f2ca69d be27d29c 3f5f1755 bf53a742 3f3fff1e 3ed76b56 bec89ac4 3f2ed62d 3da96238 bf51beff 3f57071d bf5b275b 3ea8bae1 be43127e be925a52 3f5c8f3c bf47ff26 3f7ea899 be3d5270 3ef4eb9c bf4ae720 3f2856b2 3d77c226 bd2941cc bf01f5b2 3f4c4718 bdfde420 bee37b6d 3f4556f4 bf20aec0 3e18536a 3f145e3c 3eaf1a8b 3eca4ae1 3eb3db01 bf381e8a 3f7b0063 bdae60c4 bf015dc8 3dec625f be543331 bf227670 3dcba1bd bf7f20ac 3f2ba64f bea55a44 be3212ff 3ed39ade bd9a227b 3f543713 bebdba63 3e12f25d 3f54af42 bc97853f 3f268664 bf7a308a 3f04fdc6 3df96130 bf4936ce 3f7ce059 3f215e70 3edf1b54 be26921d 3df221dc bdbb6403 3d664150 3f183e50 3f03ae4b bf080612 3f371eb8 bf229654 bf072e0c 3dc6e404 bf38fe97 3e996aef be6d1354 3f411e88 3d8ce1f7 3ef5ab18 3f5206b3 bf5dc742 bf4a6f0b 3f791860 bf6a37bc 3f46af2c bf0e9620 3ebc4af1 be3533b1 bf7067ec 3ed81b07 be2d11ef be8659e6 3c9e8796 bec65af2 bf1c3660 3e5353d4 3c750d03 bf4e9740 3dbfe2b7 3f43371f bf5ad77a 3f6ea7e4 beaf6a32 
be06f26c bc2cfaee bf6e9fd4 3f713fef bf1d5669 bf5a9f61 3f2db6ac 3e46d39b bf5c7f78 bf3f36d0 3f000dd9 3ed79b34 beaa3acf bf3ebeb1 3f0d9dc0 bf36ae9f 3eb16ade 3f33b6b2 bf798032 3f27867c 3c050793 be66f2c7 be9099ca 3f795821 3e1931e4 bf6d0fb7 3e049218 bed1db43 3f0e3e21 bf6e3fb3 be0f1313 bcf48c27 bf2fc6c9 3db921fb 3e3bf2d6 3e5f32be beffebd4 3f4386cb be90ea6c 3f247673 beea1b1f 3e830a06 bf3246d1 bee6fb8e 3f13d660 bf28a67a 3f40ff21 bf5a6742 3f1b1632 be2432df be91798c be41129e 3f1d3e6e beaa9ab2 bdb7628d 3df72407 bf120e4e be6572eb bf39d706 bce17eae 3dd1632d bf24ce83 3f0aedf3 3dcaa25f bea53a04 3f0d7603 3f3c86af be3e33c7 3f4af6ec bed08b0c 3f0c0deb bf2c769d 3ec70a7e bedc2b58 bf526f24 3f1ea6a1 bf1ac5ee be38f306 bf77582c 3e4992d4 3f3a3ed0 bf5c2746 3f37468f be6df349 be5832e7 bf63c78c bf51df3b 3f4326e1 bf21168d 3e29f1aa be02d20f bf3446df be6812dd 3e9d0a98 bedd0b3e bd00c000 3f41aec1 3e79d39a 3e197258 3d862304 bf1a064e 3ebf6b09 bf125e08 be6e33b5 bed6caf0 3e6972c7 3f53ef16 beeb3ae0 3de4e5ed be3a322d 3ee30aeb bf658787 3f54676f 3f24c689 be1db277 beab3a4e 3f6957b9 bf1f7620 3f36d6b9 3ef66b8e be6f133b be881a8d 3f6ff7e4 3bc21599 bf7ba086 3f65af93 bf3bdeab 3d4f42d2 
bf7f188d 3f4ac6f9 3ed69a7e bec9aaea 3df32486 3f7bd049 bf011dfc be1a7226 3f2af69c 3f3b66bb becd9ac8 beb76a75 3f44eede bf019db2 3f584752 3be2049f bf058618 bdc12191 3f50df08 bf7e1871 3f57379b bedabb2c 3f21d6ae bf32eeb2 becd1a9f 3f4426d0 3f1dd645 bf763ff5 3f157dfe 3d88616f 3f71d7ff bed59b87 3f6bc7aa be5c93cb 3e2d927e bee14bdd 3e8e2a72 be8dea73 be417183 bec23b34 be6d7387 3eda0b57 3eb8dac0 3f2bce47 bf268e65 3f75bfe1 bf69a7e3 3e9d2abb be467308 3f04cdf4 be5112db 3e82b970 bdcaa08b bf248e56 3f317ec5 3e8c99e6 bee66b90 3f56ff01 3f3f0efd bed6dad1 3f717ff3 beeedafe be31b279 3ca7816c 3e81ba16 bf24566e bf106e2b be6bb44e 3d634798 bf58ff34 3ecedb63 3f0d3dcc bf3b76bb 3f7dc071 3d31c402 3edb3b04 bedadb86 3f5c1f30 3f6647d7 bee98adf be9dba4a 3edb4b34 bf0535e2 3ea62ac9 3e36334c 3f5ccf75 3f02360e bed4caae 3f140e1c bd1e4704 3e0a71d1 3f279667 bc70f7ff bdc4e1e5 3e51736b 3ed64b11 bf280ebd bf1a2e2d 3e6574a6 bcf68293 3f5b6f45 bf58ef31 3e1f7298 3f7a8853 bf4fff06 3f58ef36 bf6907cc bd979f60 3f13f636 bf289e6a 3f220687 3df2e43e bf343ecf bdd923f8 bf20ce2d 3f3a067e bf2a0663 3e0531f6 be9bfa51 bf05d5c1 3e35f23b 3e055234 be7213f9 bf0f0625 3f621f58 be12d1d9 bea5ea13 3f561f43 
3f289676 bebaea8e bef72b8b 3ddc23c0 3cdc7c10 bf00cdd6 beca7b14 3f0c2647 bf29ae67 bf4adf06 3f63bfa1 bf458ef5 3e992a97 3e45138e bf2b568a be3e12d9 3f5fefac bf443ee6 3d3c4100 3e68f3b8 bec31aef bebc8a6b 3ef5dbd5 bf0a0ddc 3f7c5070 bf5ec771 bf0355d2 3f60d77e 3d003e0c bf2a3661 bf453ee7 3ee78b72 bf653763 3e9eba9d bef67bdf 3ededb35 3ed70ae0 bf1fbe89 3f610f8a bd82a28b 3efd1b61 bec88a76 bf28e676 be45b2ce be2c127b bf226674 3f6e7fe0 3e2911f7 be83da0f bf2fee94 3f0a0638 bee40bf5 3d3e438a 3f434729 bf0dc5eb bf123e43 3f616fa7 bf69e7ff bf253e8b 3d7e46fb bf3076c4 3f064ddf 3ea289d9 bf3fb698 3f516f29 be2cd284 3f5eff53 bd7c419f 3e8049e3 3f56c756 bf3126b5 bdede337 3e107248 be9c4a1d bf0b2dff bdef6385 3e3172d8 bf39aead bf5acf44 3f039e35 beee4b2a 3f618fad bf3116a6 3eab0a54 bf473700 be70b339 be85fa6c bd2040e8 bf2de694 3f13ae6f bf75383c 3e989a7b beecab01 3f210e3b bf711fc1 3eb69a05 be5493a3 3f72b016 bdc02019 bf503f22 3d8c2187 3eb87a2d 3ef14b82 bf7a4058 3ee7ab47 bdf12376 be6f9328 3f66e77b bf0b7de3 3eb6ea9d bf7e5094 3f258674 3e65944c bd354128 3f4ecf24 bedb8b70 3c68fb14 3ddde3ad 3f434f08 bf1cb663 3f6dbf7f bf071df5 bdf265af 3f140613 be9dfad1 bf0245ea 3f216e3f bef5fb91 
be61b30e 3e849a51 bdd4a405 3f4caf2e bf399eca 3f2f766a 3f17de34 bee39b31 3f379e91 3e7af3fd bee0fb8d 3f37b6a9 bef85b3b bef65b5e 3f7f88ed bf11ae01 3e1151c6 3ee85b4a be8219ff 3e04b22d 3f10de90 3dd2a127 befaabbd 3f2dd648 bf359eb5 3f077dd5 3eb22aa1 bf3edee9 beb3eab6 3f6437a3 3f1ebe5d bed16aae 3f1e0e1d be3d929d 3f20f606 bf35ee95 be49f376 3e8bea4f bf221e66 3e958ab3 bf1c6650 3edcbae5 3f05b5d7 3e737358 3f3f16b2 3e829990 bf7347f6 bee24b8c 3f2c46c1 3f163e2e bf37f6d3 3f7f38e3 bf54171c 3e32f2f2 bea46a54 3f2a5e84 bf1f1e50 3ee6fb79 3eee2b76 3f3e96cc be295280 bf0c7e14 3f0eedfc be6fb34a 3bd20c1d bf6dcfe4 3eff3b5b bf065617 bf0155f3 bdf2e3d3 3e2451cc 3dea2453 3e1ab0c0 be1a91fa 3f764827 bf0cbdea 3f5e8f6b be59728b 3f79a05c be11921a 3ed4cb33 bf6adfc9 3ee59bf8 3ec50a58 3f081e24 bee68b7b 3eecdb10 3e6b9456 3ee17bcb beddbb60 3f229ecc 3e461362 bf420f09 3ebf3b01 3f1ce64d bf047e13 3f0585dc bf5cb76c 3da16107 3f75f813 bee25bc5 bedeab1d be6213d9 3e2c131a 3e9b0a58 bea58a1e 3ee98b7c bf5c7787 be4e526b 3f658f8f 3d214450 3c957c9b bf6607d3 3f421710 bf639fa8 be3571d5 3f776831 bf68ff96 bd96a1fc 3d04c333 be26d2a2 befffc05 3f618796 bea799e4 bef1aaef 3f66afcc befd5b9c be37b1ee 
3f203e09 bf540745 3f3296ab bf6a6fcb 3eb62aa2 be5513bc bf6ce7bd 3ea99ace bf7b2833 3f3ff6e8 bf286ea1 3e619328 3e1792f6 3f43d6e4 bf786044 3f45fef0 bf22be38 bf147e08 3f5f3f45 bf4f1f44 bf1b8645 3ec64aa1 3eaa99f5 bf5d8754 3f65bfbf bf3d668e 3e45d296 3f73c03a befa8be8 3c1103f5 bf61df80 3eb2badc 3e2e125d bf6e1fc6 3f19364c bd664209 3dc6a28f 3f55a725 bf6da802 3f709fc1 bf6337bf 3f41f6bf bf79c820 beb5ca8d bf58d75e bd7ac42a 3f69877c 3f0a7653 bf76301e bd9fe23b bd3e46da be1f1224 be3b1214 3f5ef750 bf18a643 3f46def2 bf513f89 3f6477b2 bf77e7e1 bf6e37c1 3f7087d3 bdcae2cf be6e932e be60f2ba 3f3e2f09 3ec69ac9 bed9bb2e 3ea739d6 3f0fc622 bdff6484 3db9a333 bea29ab5 3f049e2c bf672f86 3ef51b33 bf548753 3d1cc25f be882b11 be95e98c bef25b69 be9789ef 3f439f01 be6a13a9 bf6aafbc be179348 3f4966ff beca0af6 bf3426a4 3eaada7a bd86221c bea5ca15 bd2b3f37 3f7ed8ae bf19d63e be9e3a02 be3792e4 3f2c9678 bf1ce632 3f0bc633 bf4a5710 3ebebaad 3f704ff9 bf17466a 3f335692 bee2db49 be912a1c 3ec4ea88 3f208663 3d8e60ab bf7c208d 3dd8a224 bddaa502 3f5fbf8f bf43befa 3f5b8795 be66348e be60132c 3ce7863a 3f06ddeb be225394 3c0cfeed 3f29a643 bf24fe96 be926a48 3f55df16 bf2f1e90 3e9f1a12 3e3d730b 
bf14fe39 3f7d90d3 bf7227f6 3f662fc1 bea1ba1f 3f16ee9c 3df7a2c2 3f61678d 3db763d0 bec0cacc 3ec9fae3 be7fd292 beefbb83 beb05aa7 3e5d3340 bdfe23c1 3f0ce610 3eef8b8d bf208e6e 3f30769b 3f3a1ee2 bf15be72 bef5ebb4 3f7cc881 bf57574d 3ef60bca bf02c5d8 bf4f2f24 3f28166c bd7b4406 3f0b3e08 bf1d5e9c 3dab22db 3f55f722 bf7d786e 3f1e2646 bf1e4e5b bed47b15 3f131e20 bebf4afc 3f6dc7c1 bf4fdf23 3f52cf28 3f52370c 3ed7bb1c bca9810b bf11d5e0 bf22ae5e 3f7077bf be0d10d3 3efa8b48 be23f283 3e6a936a bef7cb7d bf17363c 3f0a1dee bf1b6664 bbfa2171 3f059e1e 3f1a762a bed68aab bf040e00 3f73d842 bf051606 be59d3ad bf4ba6e4 3f6cb78b bf546765 3eff2b82 bf2b6ea0 3ee91afb be4cd298 be055193 3e1112bf 3ef37bd3 bd5d3de6 3f393712 bf1dce14 3f76d00e be547376 3f78d836 bf693fc4 3ef94b86 3f2caea7 bd3b4416 bf23c671 3df2633f 3f584f41 bf3ffeb9 3f09662c bea00a77 bd856214 bf3056ad bcd1869d 3f5286fa bcbb7fff bf3006ac 3f251e5e bcc78a9d 3b8a2915 bf206e6e bea8fa7c 3e0ff1b8 be7b93fe be9a3a60 3f798037 bf6ac79e bf574f1d 3f3c3f1c 3ec04ae0 3e8aea56 bf095e50 3efe8b36 bf686fa2 3f02adf0 bda1a2a9 bdfd2240 3f13fdfd bf7f4904 3f5a4f28 bf5ddf90 3ebd6a8f beb2faf0 3f1cc67c be94e9c9 bebd8acd 3eb80a62 bf0055ca 
3ea18a56 bef64be1 3e908a30 3dcca354 bf391e86 3e23d2f0 bf203e7c bf4aa70d 3e66b3ba bec8fb16 3f3b6ee2 be891978 3f383eaa 3e9b5a72 bdb16301 3c8383c8 bf7da845 3f118e90 bf435704 3eb0aac5 bf7be884 3f21e697 3f0335e0 bef0fb4c bd27c486 3f5a5755 be0e91de 3f5adf4d bedf9b99 bed69afc 3dd6226c 3f7d104f bf3eb688 bc4901fc 3e4b53a9 3e8dca59 bde0233b 3f07ee28 be61f3af becb8ae4 befbdbb1 3eacaaa9 bf2b2e6e bf38d6ea bec82b1a 3f0bd620 beadba3c 3f70ffd9 bf4a46fa 3d4b43f9 beecebc7 bc26ef34 3d9ca06d 3ee77b0f 3f13ee17 bf00c5f9 3f7387f7 bea96a35 be70f30e bece6b60 3ed63adf bd1dc443 bdf8a260 3d80e242 3ec4cb80 3f09fdf5 bf0225f5 3e599346 be163225 be17d20c 3ef59bc3 bf08cdc3 3f428ef5 bea37a69 beba4a65 bf0b8614 3f11f649 bf481717 3ee2cb11 bf7b684e 3e8369ae bf4166c9 3f09d5c4 bf6c3fad 3f26ce99 bd5fbf96 bd98a220 3eab3a23 bf58f765 3f633fba beabeafa 3f701fcf bd852310 3f24de66 bf7a3878 3cdf7bcc 3ef45b73 be9e997b beaf3a79 3ef39ba4 3f66a7b2 bdfae357 bd8761b7 3e3a524b 3e9f5a7e bef2bb62 3f135e57 3f5ea796 bf26be7e bf622f52 3f6eb7aa bf6cff9f 3f03f5fd 3e2db323 3e5df3b4 bf67d79d 3f440748 bf587f3f 3f5e4f60 bf218e77 3e34d304 3f2c665f bf7137eb 3f7327ef bf6c380b 3f5a0779 bd3a4471 3e8009c3 
3eb4dad1 be605224 3e263116 bf09c620 3f7ff15a be886a40 3f725030 3dcd2177 3f032604 be3db2cf be9cfa75 bf30ae50 3e81d9cd bf5ac777 3e167142 3e9a4958 3f2e36af bedeeb2b 3f186e0e 3dc4e492 bad838ac 3d9ea338 bf688fb4 3ee3fba5 be8c6a1a bf3d2ed0 be6eb390 be0132db be47f2ae 3f787048 bf6d3023 bf04b600 bd8be1f0 3f59bf8e bf3baeef beb1bad4 3f2ef64e bf7c006d 3f00b608 3eb52a16 3eeacb8f 3e8e1a49 3d76c35b 3f786820 bea60a6a bdbe20eb 3e8039dc beb32b0c bd9ca1e1 3f42a6cf bec54ac6 3f646fa6 bf6ec7d4 befd1bfa 3ef74bc0 bf6727e3 3d97e198 bed03af2 3f50876e becfcb2a 3da2a054 3ebafb13 bf472f1d 3eeeeb81 bf053e29 bee80b90 3f0b9638 bec96aa4 3f2f868b beb72ad6 3f013de3 bf541f4f 3ec10abf bf0ab5fe 3f6b3fd0 3e429243 bed46aa8 3ec3eb03 3e129320 3e6bb474 3e8dda35 3f359699 bda163d9 be5a72ea be8b9a0b 3f17fe48 bf0d1617 be22f2ba 3f42e724 bf0d9603 bf1dee3b bea3ba43 bee62b23 be6bd314 3f19f635 be337238 3e9239d2 bf06b63a 3f206676 bf538f5f bf48a714 3e97ea98 be2e91f6 3efdbc01 bf650faa 3e4db3cf be88e993 bf43a70c 3f64ff6f bd52bfa3 be3e7195 3f3bf6ea bef70c08 bda12185 bdca6287 3ee89b4b 3e3d91ff 3d014438 bf0145e5 3f56d73f be6f52c0 bf2cd659 3f7357c5 bf67a798 3eb96aa8 3dce6223 bf638f92 bdc56109 
bf7407d8 3edf6c36 3bb1f2b0 3ee1eb52 bf293ec3 bf0525eb bbda0040 bf3a26a8 3daf22da bea45af3 3f3def12 3eff1bd3 3ddce416 bbf60fdc 3f4076ec bf74c01d be8a19b9 3e56130c bd956350 bf368ebb 3f5c3f8b beeb8ba1 3f5e0753 bd76c41b 3ef0cb6e 3f3b56cc bd3c41af 3e877a77 bde463ca bf0cf638 3f71b81e 3f0015f2 3e89b9ca bf545f33 3f153e0f 3ec2cb6a bf56cf31 3f7ff92e bee61b24 be2ff249 bf6e67bb bdbfa06e be34d240 be4b93ef bd19c0f6 3edb7bd6 bf5c0f59 3f5b1765 bf21a693 3e0ab134 bf039e1c 3da42288 3ed99a9b 3f568f91 bf6c0fd6 3f4096db 3f3b06b4 bf256e81 3dcf23e1 3c730673 be57b25f bd9ba418 3ed6bb2c 3eaf8a9d beaeaabc 3f623f54 bf282e39 3e4871eb be077226 bf17e61a 3e9aca51 3d7dc96f 3f375ebd bf584f14 3eb1e9dc bf4b96e2 3eea1c0b bc1d16db bf1c4e52 3e8fb9c5 bf11462c bf3ce6f5 3e00f114 3f1b063c 3e4f735f bf4ef72c 3f0c8616 3e51d3ef bf39cef9 3ed75bbc 3f71980b 3e10f177 3f57cf29 bec33b50 3dba6285 be3891d8 be26f203 3eb55aa1 3d25c1e2 3f3d9eb8 3e49722d 3e69339f bec80a85 be2152e9 3eb31ab7 3f59df41 bed7ab11 3efb3b31 bf220e23 3f4d5eff bf1d4e4e bf243e5d 3f730801 bf595767 3f403f25 bef82ba6 bf2d0674 3ee26b27 3e7eb3a0 bf79b049 3ed3bb1d 3d19c324 3d4cc25a be48d304 3f1d2e3c bf20f669 3f7e48b8 3ef3bb66 
3f2b3e65 bb9a193b bebeaa99 bf07560d 3f425709 3f21366c be8b09c2 3f461efa bea4aaa9 3edd5b7f bf281ed8 bf1d7e63 3b8e2f93 3e0b32db bf350ebc 3f29d65c 3f1a9611 bf64478a 3f36cea2 be87aa78 bd91a328 be2e318d bf068e02 be923aa5 bf0d25cb bf60bf58 3f3a8ed2 bf551f3a 3f565759 beb83b34 bed15aae bf6d87c9 3ebf4b3f becb3abc 3f3406bd bf64af7f 3f7fd911 bf40e6bd be765342 3f4106c1 3f1b6640 3f124e08 bf525737 3f364689 bf6aff9c 3f6db7d7 bf09f604 3ef2db9c bec9eae7 3f5316ec be36f358 be8c39a0 bdebe177 bf504f2a 3f7be06b bf0ee5d9 bf1bae53 3dd5a064 3f1e6688 bf200e12 3f76400f bf2c5ea9 3e06b266 bf59af88 3f30c6be bf7c7837 3f5c5f88 bf4146a7 3f6fdfb9 be9eb9ae 3f1f2e9b bf50f774 be23d255 3f1cd666 bedffb27 3f7e98ba bf690fca 3f5d6f3e becf1b18 3e82a96d 3f155632 3e7013d1 3e031289 bf30d6bd bedc1b2d 3f62dfaf be4012e8 be9599b3 3f1bb66d bebf6adb bf160e72 bf522f12 bd59461d bef87b68 3f5fa71b bf5bcf51 3f686795 bf66cfb6 bd4dc4e8 bf6a5f9a 3e6693cb 3d2344e8 3ad793b0 3eefcbda bebe8acd bf5e5f6d 3deaa2dd 3f056601 bf07f5f3 bf223e46 3f5e975b 3eee7c06 bf50bf4d 3f7c6064 bf344ec5 3e8159db 3f39ae93 bed3cb8a bda860e6 3f3fc6f8 be0b3234 3e5cd25e bf34a705 3f7d60d3 bf712fed 3ee22b1b bf589739 bec93b11 
bf5cef41 3ef4cbbc be19f1d2 3f605f72 bf0c85f0 bf79987d 3f19fe69 bf403ece 3ef40b8e bec7ca64 3ea58aae 3f6a97bd bf3d26ab 3f658775 bf1d364d 3ed77b69 bf4e7ece 3f7d08b3 bf21de91 3f2f5e7e bee79b5a 3f185e52 3ebd9ad2 3ef1bb73 3f04b636 3f4b2f34 bf5fb77a 3f429ee3 bf7ac863 3f4ed729 3e789345 3f12d61b 3e1d7297 3e0d12a7 bf22a65e 3ececb0d bf2efedb 3f10a605 3f0cae1d bf526725 bf535745 3d9fe180 3ebe5b33 3f1f5e49 bf1b4e64 3eecfbab bf36dec1 3f33de7c bedc6b20 bf6bdfa8 3f32c69e 3ef35bd6 beb8aaf2 3f30eeec bf44e6ff 3d3943a2 3f266e17 3e017153 bf4646d5 3ed71b26 bf7cf03e 3f5e570b be1291e2 3f1e3679 becffb03 3f11ee3a be9acacc 3eca6ae9 bf75fff4 3f1f8e52 bf503716 3f7fe934 bef92bc7 3ecc1b73 bf0badda bdfa22db 3e7bb40e bf59a764 3f765015 bf225e75 bf0e264a 3ee44bc3 bf19c64c 3f67f781 3eb30b09 bef83b9b bf265eae 3f5586fe bf784836 3f0c6e25 3eba9a8e 3eec9bc9 3f5ce75a bf276670 3eb0faa0 be717395 3e03d1f8 3edf9b25 3ebb7a75 3f397ed5 bd4d4136 bf7b889a 3f546f20 bf5bd743 3eaa5a87 3f35b6a1 bdf5e1d1 bef55b84 3f781033 3e841a0a beda6b1f bf5aa74e 3f567768 bf6927c3 3e988a39 3e29726c bf17060f 3ead5b26 bea33a10 bc050b14 bf638795 3f44af0a be8a9a5f be6ff3ec bdd9e3a2 3f1d9679 3e8fca49 3f1c8e32 
