/*
 * @(#)BlueNoiseData1_256.hex
 * Copyright © 2026 Werner Randelshofer, Switzerland. MIT License.
 */
3ea2ded6 be6a74af be168c19 bd8b87f7 bf3ce39e 3eb10ea8 bf397d80 3ea14242 bf3649a0 bc4fc404 3f11f75e bebe6ac3 3f44cd9c be831667 3f1dbfb1 bed1ce38 3f7c2c13 bf11eb8c 3e9fd68b bf154d8d 3dd40832 3b89721b 3e8f7ea6 bf253582 3f6555e0 be913e68 beadaedc 3eea2345 bef47683 3f7205b3 bef70eba 3f39cdbc bf78f636 3ef7fe9b bf6109c6 3eddc271 be08c47f bd7bf1ea 3f5da5c7 bf3a87a9 3f3fbbb6 3eb3dad2 bf03d947 be96fe3f 3ef58add bf71dde0 3e42ac8a 3f1c4b80 bd357002 3eeb4e76 be91266c becf62a0 3ebd3675 3e9e26d2 be9b1673 bf16e37f 3f28618e bf17af9d bf48d7d9 3f52099d be19e483 3f235991 bf1b199d 3f76f016 bc35be33 bf313185 bf7199fd 3de9d8d0 beae6ab4 bf1ac99b bf15bf92 3ea6129d 3ea1462c be9a1a97 3e995a71 3f58bfaa bf3915a7 3f4631a2 bea0eeb0 3f62a7e8 bf0d3597 3dfc67d1 3e9d4aab 3d29f1d4 beba4aa7 beffe2cb bf2b8999 3f07ab9b 3f5e21bf 3e871e8c bf5bafb0 3ed7c298 bec55680 3f6dd3db befbbae5 3f1b8580 3e7d3506 bf68e1f9 3e505c7d 3ea7ca70 bf25db8f 3eef1b11 be832eb0 be1b7bd0 3c673b45 3e891672 3f6b07f0 bf4ae3c0 3e598cc5 bf14319c 3e990a86 bed48ea3 3ebada8f beb46e34 be3f8c71 3f1a8568 3f222d7a bf0d7b6e bede4ec6 3f2839a6 bf0231a2 3f1d4fcf be619401 bf55f79e 3f186b7e 3e1f6cc2 3d8fd824 bf7793fe 3f02c560 bf40457f 3f0ba35c 3f30497e bf7cf23f 3f41b391 bf6e19d2 3f03d785 3e84863a bf182b8d 3f7e0639 bf158f70 3ed1b6f0 3e429ca6 3ed18ae7 3f742218 bf4aa3d1 3e00ccc2 bf189d63 be54ec7f 3f146d8b 3ef2a2ed bf4709b5 3f0ecb59 bf09759d bee636ca bf69c5af 3f37a190 3e5c84ba 3e367cbd be9552b1 3eb6ea32 bf03c57c 3d79ce75 3e97fe85 be5c7d10 3ea572a0 3e993641 bec8ca9f 3eadaa87 be4d3cd7 3f5865e4 bdd1896d 3efe76e6 bf7a2a2b 3f128172 bf79600d 3f743fd4 3da009d1 bec696d2 bf6c85f8 3f5fe7e2 bf497b99 be22dca4 3e777455 3edd370a bf1bdd98 bee07ec4 3f18e995 bdb8e754 3f7bc868 bf6847c9 bf21898f 3dcbb7e0 3f10a38c bf2f539d bf28036f 3d15efdf bf562f9e 3f1f1191 3ecf4acf bf6d95e3 3e521423 3e3134b2 3f66adf5 bed2faa6 be91ce75 3f08858b be6d4ccb bd4ab163 bf55fdcd 3dc8a8bb 3f43ef85 bf76e201 3f6fd411 bf23ef82 3f7b0230 bf4d4ba2 3f2dc7aa beb0c699 bef4c6ad bec636c5 3f722209 be5a8cae 3f216188 3e301548 bf3cf9b1 3f784c09 bf6901e4 3f2c13ae 3e3f84d8 bf212b79 3f37edd4 bebdce9a bf21a175 3f4a11cc 3d948882 3e04bc40 bcbbddf1 be8a3eb7 3f58abb2 bec05e79 bd8c38e3 3f2035af bf43019f 3f5823fe bf6ad002 3f730bc8 be4bac81 3d55d1f1 bf74a9fe 3f4885cc 3f71c5e8 bdd6b9a1 3f091f45 bebb3e90 3ebb5e95 be8b26a3
be8fa27d 3e432d4c 3e787ccb bee46ac4 3f75a00d bef792aa 3e3c05b4 3eda7ed9 be66ccdd 3f43d385 bf207d91 bee632d0 3ef7b69b bf3b1db4 3ca9637f bf041973 3e9a0a37 bf6115b8 3ef0cb09 3f471db9 bf5edff3 3f421395 bf23019b 3f6fc5fc bf6607cf 3bb0800c 3f25ed9c bea9a2bf bf0ad785 3f0bbd5b bf78683f 3eea46ca 3f086b5d bf192594 3f093b77 3cc964d7 3eaeceb9 bec2d683 bf5907c9 3f732a1f bf4e5796 3cee6010 3ec7f6a3 3eb89eb6 bf1d7d8b 3f6fbdf2 bea27e74 bae209cf bf39379e 3f4b13bf bf5d43b0 3f57c5bd 3dad07dd bf6b39e8 3f444ba6 be50a47a 3ec682b9 be9d0686 3f7f4e57 bf7b4237 3f1dd593 bf1dad76 3eb5c2cd bf32b365 be89e215 3f53dfb4 3f539dcc bec31ed5 3f2a858c 3dfab8d7 3f5879d0 bdbfa8b5 bf10bf51 3ed562df bf1e3579 3e4b7455 bf278da6 3ee946e6 bf72c9ee 3e32e4ef 3e151c48 be8976a0 3df747f9 bf3ceba1 3f18435d 3e173d15 3f744be2 bf3c176e bf1f5991 be80a657 3f4aafae bf16c75d 3e77a42b be4b7c87 be4514a2 befe2ef4 bdc228a0 3f1c8173 bcbb9d4f be1fc4bf 3f234788 bf37fd7c 3f536db2 bf37bd86 3f062363 bf73f7f6 be971a7e 3e842e88 bd14b1bd 3f5691a4 bf5d6bb5 3f58a7aa 3d7b310b be836224 3eb31f04 bf0bdb88 beb54ea8 3eae4287 3f4e85d9 bf7c0837 3e292cbf be896a63 3e80f65d 3f5e9bc7 bf6f7bf4 3e8ec6cf be51747f 3f77900f 3afa02a6 bd511011 3e809a71 bf394faf 3f158f85 3f04e158 be9db676 3e30dd33 bf7a2e0b 3f69a1e3 bf4bc9af 3e12bc96 3e1b0ca7 be8a2285 bedaf2a1 bf3263bc 3e835ea8 3eb472b0 3ebfba36 3e9e4684 bf4ffbbf 3d306e41 3c303bba 3e9fb280 bdd0e7c8 3f38bfa8 3f110d7f bf04df6a 3dfe0947 be3f3c88 3d6750be be7b2cc0 3f2175a4 bf24d989 3f3e0d56 bf45dbbc 3e84bea4 bf7bb014 3f58dfc5 be27f48b be435c91 bf5883a0 3ea4aa9b becada6e 3ed952c5 3d7caf5b 3f32af70 bf4fc3e3 bea73e9a 3f6a61dd 3e860eb5 bf4d3bb7 3f39e1a4 3ea42266 bf6b03c5 3efba28e be762cfc 3f2a0d91 3ea90634 bf47efc3 bf2d536d 3f5339e3 3f17676f 3e4d7cec bf757216 3f63a5ea 3f20a5a4 be159cc8 3f4365aa bf6edbe7 3eae2653 3e4ec4a5 3f3b91a0 bf79cdfe bec272c2 beb17a36 3f4f2bca 3dfea83e bf3041a8 3f5a81ca bea8a2d9 3f6879d1 bf787a21 3f7a4214 bf5d59ad 3f080986 bf3cd9a9 3f4f3f80 bf282fb3 bdc1474c 3f752fd0 3dbd9873 bf5659c8 3f105d77 bf7549e7 3eadb680 3d885766 bf43f7ab 3f6577f7 be4c44d7 be966a24 3e95264b bede9ecc 3ed0872b 3e9d9a7a be8f9672 bf2f498c 3f09739f bf1691ae 3f360b9a bf7225b7 3f27ada7 bee1aa7f 3d63704b bed89686 3ebef63b bcf31d6f bd9e58f7 bf05c36f 3f0fcb60 3f6c75c3 bf3fb197 bf3d99a2 bf125158 bd57309c 3f63cbaf bf5ee3cd 3e8aaaa1 
3e6e2d42 beb612a1 be4da4e4 3f3a4ba7 bed252cd be3313c8 3f3825a9 bf6f45c9 3f14c365 bf59c7bc 3f1773a3 3f027554 bed78f15 3e0ac42b 3f49618a bc1440c0 bdbfd779 3f62c3c8 beb36aab bf632200 3f5affdc bda8389b bf64f5dc 3f5269df bf383393 3f7ac216 bf7ef063 3e6f0c73 3f6af1c4 bf26fb8a 3f0423a0 bca9e74a bf3c65b0 3f240f72 be08840e beec2ad2 bef102d6 3f4121ac 3f02a78a bf5695bc 3f46e586 bf39b7b6 3ed1bab9 bf2e97aa 3e74550b 3e02cc54 bf504598 3f793028 bf3b31b8 3f0cff71 bec02e79 3e3bd4b2 bf3f4dc5 3f44bdb1 3e247bf8 bf781a07 3f65a7d7 bf6751d5 3ef512e5 bef2bebc 3f3dd190 bf790024 3f4db3ee 3dcfd8e1 3ea17286 bf018959 bf577599 3f183f6f bf77e005 3ece76ce bf7cfe55 3e0ffc30 3daa274f 3e1b1509 3ec8cefd be823274 3e69545f 3f04934e be1a14e8 3f27876a bf1a8d5c 3f234f73 bdd738f8 3eb76ea5 3edb829e bf7b1c34 be4e3bf3 3ea7a668 3f0bc59e be9712a2 3ef9e70a bf0b455c 3f6d79d7 bf6a01ef 3f4e95a3 3ee19b24 be89b25e bd2ff0c5 bdf377b8 be96be76 bd9c3913 bddd48c0 3dbd87c5 be59452f 3f5c0bcf bd88c883 3f6f39f7 bf5d49be 3f083558 bf6b85e1 3f4d31aa bf6b1a03 be1a44f1 3eb3c2ae bdc0b929 3e76e40d 3d9f58ba be5d24aa bf4e69e8 3f3cc78a 3f4eb9ae bf4d73d8 3e15d48a bf3f01a4 3f7a401d bf399f7e 3eeb6f39 bf423199 bf3ed3be 3f712001 bf672bba 3f124361 bf0f9379 bf088f75 bcbce5ea 3edc364d 3f535db0 bf571dcf 3f138387 3e46844c bf019372 3daf6860 3f12ef89 3e40f560 3f0bab81 bf75abe3 beb256d3 3f01d17a bead1a6a 3f568fae bf561de3 3f2981ae bf68cbd5 3c92224f befe7714 3d1ef18e bdc95871 be7144f4 3f35399f bf480987 3f2da9ac bf0a936a 3e8ef691 be9cbeb6 3f2c0193 3ee226b9 bf14ab7a bd1991bb 3ef36aa4 3eae8a4e 3e95d277 bedef69f 3ee372c4 bf261553 bee69aeb 3f62c99a bc7cb7e2 bf2f1780 3d05afcb 3f56bbb6 bf7ed063 3ee59a7b 3e957a4d beb1ea61 3f1669b6 bf5a1da0 bf35439a 3f6fd7fd 3f28978e bf4197a6 beef72c0 be3b6495 3f2611b7 bf6b7e04 3e4c14a3 bf751c07 3f271f8e be477506 3ec956ea bf495fc6 bef98eee 3f4b45bb 3f0f7b70 3eec5e72 bf73e418 bf13c790 3f776a26 bf3bddc9 3f07555a bf46d5b3 3cff2168 3e6e6543 beca0acd 3f1d6f82 bf049b86 3bca7c49 3e94c2ad 3e9c367c bf46a1a4 be2c4c49 3edaea6c be5accad 3eceb717 bebb2684 3f4381bf 3bfe7c48 becbbab2 bea6e6bf 3e9b367c 3e1a8ca1 bdb4173e 3c323eec bf1efd92 3f12038e 3ee4b6c4 bf11c985 3f406d6f bf6285cb 3f7fd4a1 bf4703a6 3edf4eed 3e27dc1e 3cffdf83 3f03c972 bf6c4c03 3f440986 3d0e93af beed4aba bf6193b7 3ecace9b 3f4bbf9b 3f6ba7f9 bf13479d bedd131e 3e2634cc 3ebf62a6 
bf249378 3f656dde bea1b278 beb832a9 bf349dac 3f437fb7 bf3f698b 3e0004d6 3eb2969b bcb4e0a7 bea93e77 be33ec8c 3dfa684e 3e0a7c75 bf3f8b7c bd9ad8e3 bd341118 bf0cbb58 3dac1831 3f4177a6 bf6379b8 3e018c40 3f6f63d6 bf4309cd 3efb8aa1 beb37a94 3ec1e2b7 bc0dbfa2 bf308b7f 3bb48a11 3ed53a92 be9bba93 3e4d9450 3e3df4a9 bf219d8d 3f7b3bf0 3ec1feb7 bf73cff2 3e8f8e92 be8aa636 3f3bb5a7 bec20e90 3e3f3467 3e8e065b bc0fb90b bd9d5617 3e2c2cda bdd0c771 3f37e9a7 bf6d580a 3f7535f9 bf1ddf5e 3f7b3014 bf659bf8 3d27aff6 3f37cb90 bf45e9bd 3ed61e9f 3ebe2688 bf14096e 3de9f94d 3f1dada2 bf2ded99 3e87ca87 bf4d07c0 3f6de3fa bde417d8 3e53ac77 3e9b9e1c bc03c118 3ea236a2 3b5d0d67 3f0b7f9e bf3f53ab be7b3c5c 3e82be88 3e21d4fc bf6861ed 3f13877a bf7731f4 3eede6d9 bf18677f bd11b1e7 becc4e79 be0184e8 3e632c2d 3f2e0596 bf6ecded 3f51779f bf554bd3 3e8bae6e bf472bc6 3f0d538a bf046983 3eb8ea4e bf7573fc 3f1593b2 bef01ad6 3f15458b be708d1e 3f546bc1 bebbd6b6 3ea1668d be5fb478 bf35d7ae bf00897f 3d6e504b 3d3bcf9e 3ef78eb6 bf4a85b8 3f790216 be4ebd17 3f3b77ab bf6fdc10 3f412ddc bf6e99db 3f5d3bbe be3bd4b3 3f6d4def bf601fc9 bf5809ca 3f63f3ca 3e373c9f be016cb6 be01b460 3ea556a1 be1fa49a 3ec10323 3f5237ad bf1e9fa4 3e9c8652 3eeb8ae1 3e0ce427 3efa3a8b 3e678d16 bf21d97a bf5addc0 3f4c5bb4 bee49ed8 be95ba93 3f234196 bdc738e0 bbf278af bf29df92 bea17e75 3f7d2026 3de68a6a bed48291 bd9e4950 3ea77ac0 bea61ea5 3d4df024 3eddfe7f 3efa46c2 bec196cc 3f739014 bd9889e1 3e085550 be97da85 3ef5af0e bf4a33a8 3f2f45bd bec912c2 3eccbe8d becc72ae bf311baa 3f651fe5 bf34478e 3f03ad60 bf7e3854 3ea6b655 be0d4d18 3dc41784 3e868289 3e7d54d3 beff42de bd315099 3f0faf81 bef9e2ac bf00c966 3f5c6bd5 bf60a5d5 3e8b7693 bddc78a8 bedb3ebb 3f266384 3f739603 bf7fae6b bebeee78 3ed96b10 3ec512c2 be724c62 3f3647de bed2da65 3edc169c 3e8c7a31 be0fac50 beb70700 3e5883d2 3e6914b7 3f70e9eb bf7159ee bf3437a4 bda687fc 3f26dfa7 3f420b8a bf38d1ad 3dd2d8bf be88d65d 3ec5dac6 3f006967 bf23e182 3f08796e beb40a7c 3eacfa42 3ecc42c8 bf6787cb 3e8cd666 3d498f77 3e3dec88 3f0d9368 bf4dbbae 3f51f5b2 be8cae8f bf7c7449 3ed0beae 3cd29d7f 3f56d5cb bf7e5660 3f3a03a3 bf62dde6 3f69bdaf bc574a41 bf147765 3ed212ee bf2b3fa8 3f19038b be2504b5 bee1ca97 3f3683b5 bf0cf385 3d9b0847 be9cb291 beccfea1 3ef732f9 be592522 bedb6e86 3f62b9cf 3ebe5a8c 3e29dd6e bf768011 bf33b57c 3f34b38a bd4a7058 3f06d764 bf21056f 
3e667497 be2d5c0a be742c56 3f469790 3f5d33cf beb072ef 3e3d24d6 3ee9e302 bf032366 3e0f8457 3f061352 be253c0c bf07a597 3f463b9c bf04c764 3f757028 becb6ed8 3f67ffc6 bf7f6a53 3f4aef8c be2a1c81 3ebfeeb8 bf6611fd 3eca3ede 3dc7fa2a bf0be980 3e99664e be58e4eb 3f0ffb68 3e769465 bf7a3a2c 3f5999ec bf464b8e 3f4871be bf2b15b3 3dcd281d bf794042 3f7efe65 bea97e61 3dfcb8d7 bf5c57ba 3efc86c0 3dd1f84e bf54f5b5 3f4919cb bf549df0 3f60e9ef bf4995a1 bf19199c 3f709c12 bf5975b5 3e573cdc bf028f77 3f5109bf bf070554 be3b3d2c 3f44cba8 bf186976 bee1ee8e 3f758801 bf5d31c0 3f24078d bf5ffbbc 3f6479d2 bee0367c 3f188b66 bf7131f3 3f209d9b bf076b62 bea28a9d 3f3f3198 bf036b44 bf2c7da8 3f6d47f2 3e173538 be26bc39 be08cc41 3d91f7e0 3ed7b2e9 3e16bcd4 3f134964 bdc6f8d7 3f1c8f9f 3ea0ee72 bf16fb76 3f47ddc9 bf20af8a 3e3fac58 beb5b25c 3e555531 3ee7bae4 3f3fc997 bf47e3a8 3f45fd95 be68c4dd be3ab50b 3f71e60b bf4e53d9 3ec0ff16 be91569f beec72e2 be8b22c9 3dcd38e7 3e14c44b 3f299d8a 3f5c53c1 bf202389 bcc1e0d3 be999f05 3f634fbd bf52afb0 bf13d33e 3f17c586 be80ce69 3d7d2e05 3e04d4b4 bdf2c8b3 bf53a9b4 be341d80 3f5287bb 3e25849b 3c8ce12c bf68a3f9 3f4f5dbf beb20eba be9d2e77 3ecf3af7 bf2c357b bd136f31 be3484c6 bd4791fc bf05f787 bee122bf be5b44f1 3ccba10e 3e7fa418 3f4b2b8a be795582 be221c5b 3ee31ea8 bee25a9f be9a3a66 3d9dc7df 3f029d7d 3e99d685 bf7067f9 bd3730f7 3f0df97d 3d7eb0b4 bf4617a4 3f1e477c bdb569dc becdfee9 bed3b2bf 3e2ad3f5 bf391dbf bf22617e 3f38e9c1 bf3795ad 3e2b1cc6 3f198987 becb2ec8 bdf8b891 3e89867d bedb42dd 3f2b5990 be8c1256 3e9b025a beb05a7a 3e93f2cc 3f12fd5f bf6cabe8 3f5b43da bf6e59ea 3f2285af bdcd791e bdf1693e 3e0d5cf5 3ecf1ed1 3dfa28be 3b90750f be3a34c2 3f5193c4 bf11df4b 3f3e5fc8 bf1fc17e bf4a0db9 3f43499c 3ef15a92 bf6049e1 3f712817 bf755deb be6e3437 bd204fb0 3f0a2577 bf7cbc43 3f79de2f bf139f9d 3f30a385 bf517dc0 bf07c970 3f3b7f94 3f39fb7d be9182a3 bedfdaa2 beb7826e 3d2e918f 3f345b92 be5afd0a 3d2e7092 bec6e284 3e16f4f6 3e09fd20 bec866b8 bdde5988 be8ecad8 3f090d93 3e2b5513 bada4ccc bd84f7e1 bf6ce7bf 3f198796 bf3301b5 3e6274b8 3f5f9db5 3dd67b45 bf5c91d2 3e3a0cd8 3e604cf2 bdd2b952 3eccfe79 bf6cc9ae 3f4987aa bf2dcf92 3f125f85 bd3eeef1 be3de4d7 be47d461 3f3d378c bf723bf0 3f2f7d8c be9b2ada 3f2c3bc3 be015c19 3ed5f6ea bebe9281 3f0cbf8d bf3a67ac befc0ac4 3d9ac8f5 3eedba78 3ed23694 bec1feb6 3e0aec9a bf52b3c8 3f67abf3 
bf0a0d4a 3dc8faf9 3e126416 bf5e6bcf bf030771 bf3e07a2 3f13a958 bf296da2 3ea6f295 be954ac0 bec40ece 3ea53e8c 3f1ee7b3 bf3843c4 3eaf56ac be804aae befd6eb2 bdb82a18 3f32bf96 bf459dbd beb09a97 3dbdd928 3f24f37c bf30cdb1 3f0c2570 bd0670a2 3eb6a6cb bebd326c bec132b2 3eb88e53 bcda9ff0 3eea1af0 bef346a4 3df01838 3cdc24e2 3f37cd86 bc443a1a 3cb9e344 becb02a4 3f3e979c 3ebb32b7 bf038b72 bd57afc6 3f52b5bf bf5c21ee 3f6943e8 bf7a0004 3f7a2e00 3eda4ea3 becc7ace bcfa1e41 3f5521cb befc272a be3dd4e7 3f192fa5 bef27e9e 3d730e16 bd850814 3f673de3 bf76c605 3f319188 bf360fa3 3f58ebb4 be8a3aed bddd394c beefc6b2 3f6317f9 bf74ebd4 3f5485b2 3dae78fb bf6ec1d9 3edce2d3 3ee2669b beaa4a7d bf246f96 3f002766 be4bccc9 3f262d78 bf27bf6e bf2367b6 3cbedd66 bf50e7db bda708f6 bebb0e9f 3f2f997f bf4737ac be2ea45a 3f4f71bf bd829888 3b56ed40 bf3f316d bf210da1 3f2a2991 bf698fd9 3f248db4 3d92f976 bf6d5a01 3f2679b1 ba740351 beab769e 3f4f33ce 3e54fc73 3e6254c5 bf0edb75 be9ebe39 bf7761f9 3f4ad995 3e1f24af 3dc6e933 bf7503e7 3f7339ef 3e1e9515 bd41efec bed52ea0 3f3ad392 bf0c1765 3e76dcb1 3f5f11cd 3de4e8c9 bf2cfd92 bcaa2492 be0bdca8 3ec1c712 bcb9a151 beb44e73 3f6b97cc bf734ddb 3f7f9e65 bf24b57c 3f2f3bb4 3e620470 3e32acf1 3f11d554 3ebc76a7 bf44a5a5 3f051171 bf5d71d0 bd9ae8d4 3f1be98f bf3e13a4 3f64d1d5 bebed6ac 3f136995 bf329ba7 bd1051b7 3f507fd6 be50cc50 becf36c7 3dfeb7f6 3e9ba222 3e83ae69 bf26a976 3f2e7db2 3e95ae4a 3d88773d 3f20f773 3f33c7a1 bf413b91 3f486bb6 3d5a5117 bf6cf5e1 3ecad2a3 3ee74e9a bf3761b7 3f5001b7 be018cf4 bf1c1f83 3d4a7479 3f2c8d77 bf14fb72 be302c6b 3f46d7cb bf4b71a8 3f2d4596 bf5b75c9 3f1d43ab beb0ca91 bcbe5f56 bf34437f 3e49d521 be2143f3 3dd4275d bec9d2dc bee5f686 3ed4b292 bea84252 3f6cfc01 bf6833e2 3c7abc6c 3e543479 bf0d8b6a 3f331999 3ee736dd 3c9c5ea6 bf5ebdc7 3f6e89bd bf5207da 3edcba2e bf2d93a4 3f2c9d77 3f0b7971 bf712a04 be48dcf0 3ece12b0 3dcb6878 3e09045f 3e115505 bf7507f7 3f2325be bf4af196 3f2ad39f bea87e78 3e3febd0 bd9a5946 3f54ffb6 becc5285 3caaa321 bed42ad8 bf065191 3f48d5da 3d98781d 3f4fbbad bef632c2 3ee592bb bf672fe6 be806606 3f31e1a2 3e24e4db bf6b37d2 3ef1565d be49ad5d 3f176990 bf4ccdc0 3f7f3a83 bee81ed3 bea0464a 3f38ffb3 becf3ecf 3e6f2459 be9e5a85 3f1e8d69 bf67cde0 3eab5e83 be9e9e6e bf2dc7b9 3f218394 bf5b87d9 3f49db94 3f0ca379 bf22739d 3f19f77e bf097d73 3dede8ff 3e6804ef 3dfb584e be397d37 
3f65f7cc be9f8631 3ec3da5f 3ed21e7e 3f2c0988 3f561ba9 bd75d1af be125453 3d9c989e 3f4e5bd3 bec3dec0 bd351008 bf26116e 3eace271 bd2d5093 3be3800d 3ec706ae 3e80be3c bf7ec07b 3f574be1 3f362ba7 be4d6cf7 bf14ef8c 3f65cbb9 bf482fca 3d38d0f5 bebf52b5 3f09b588 bd859828 3dd0b8e1 bf22f592 3e4dacae be81c68c 3f3c819e bf704802 bd593068 beeb0ac3 3ed5468b bd923752 bf360da4 beae3a5c 3f6303cc bf078d8e bcdfa0f4 bd9776be 3da2390a 3d7a503d bed15e84 bf345776 3f27a79d bf06a75a 3e69646b bf1b6b87 3f4ec7c3 bf5e139f 3f69e5eb bf6a5dfa 3f28357a bf7b7234 3e6bbd22 3e9fbe46 bd21af00 be102c77 bf0fa970 3f70c3b2 bf1d636c 3f0a7395 be65fcd5 3cbda2f9 bea326bd 3f4c9fa3 3e5c7c87 bf33d98b 3f402f92 beeffa93 3f3f7f7b bf49a1c9 be4bc4c1 3eca1ee2 3f0cf75b 3f10f372 3ec24ae8 3f40c5a2 bf68b5df 3f23cd99 be521d7a 3f588fd0 bf5115a2 bf1d996c 3f659dfc 3e8a7e6c 3ed672ba 3be56bb7 3ec79ec4 bf2cc58e 3e233ca9 3f163173 bec4f226 be919a68 3f333f8b bf6659d7 3cb26265 bf3a139e 3f31cb86 3effaa98 3d9e685c bd1a516c bf3ba5a2 3f043369 3e477578 3e30c452 bf7e2632 3f5dd819 bf4335c2 3f0ed792 bf57739a 3f4e39bc bf7af809 bf16578c 3f7af016 bf0e1156 3f74abe7 bf2a6193 3dcb08ec 3e31c55a bf120b70 3f06854c be760ccc 3d8558c5 bdec4920 bf75d81a 3f02736b bf714bd6 3e8be677 3e386c40 be304c49 3f3b4bbe bf2a87b5 3f0a677d bee3aaff be974a38 3f07c579 bf59e1d0 3f3da19e bebec2b5 bf033b8e 3f10cd5e bed3168f 3f1d4996 bf447376 bc929c50 3e3bb4ee be16f499 bf051d40 be673543 bee8a2a1 bf23d59f 3f1c7380 bf21617e be5ded1b 3f5949e3 bdb4d73b bf532db4 3f7fa65b bf66c9db be8f4e44 3f72c9c6 be0e5bb2 bf6a11d9 3f72a5ee bf45b5b3 3eb4aa9a bf00bd8b 3f6cc7e8 beb5d6ae 3e23d420 be346da2 3f6639c0 beab8afb 3f2f17b5 bf3e358d 3f35f994 be96826e 3f7047f1 be78acdc bf0b3f87 3f7713e6 bf28798c 3f679fd6 be259486 be3dcd32 bd527109 bf33f38c 3ea91e99 3e9cde93 3e1c24ab bf05cf79 3f6169e4 bd7af3f3 beabd6d5 be8202dd 3f24e182 3dd2887b bf766dff 3f704dde bf59b9ae 3f772deb bebed26a 3f15a383 be3c6cef 3f251799 bf448dbe 3ef85e54 bdf9797c bf5b8bd4 3ec48698 be0cb424 3f40f997 3dff5834 be2b3c25 befca6be bf7599f7 3f57d7e7 bf465d9d 3f3fc5b0 3f09196a bf581fe2 3e68d504 3f2e2176 bc84e6e7 bed4ab03 bd1a308d 3eccd6dd bf315f80 bdf42852 3ee07a9b be707cc4 bf132b6b 3f1a3971 bf04b179 3eb83295 3e963286 bf036d6b 3f68f5d9 be245543 3f03e36d 3de1f9ea be062c50 bf37e97c 3f14f5c0 bf253773 be1cbc84 3f2a239f bf7d2442 3f5c21df bf11cd63 
bf39677a 3ea59e91 bf28a19e bd159380 bf774dea bed5826f bf4ea7c3 3f72dc1b beeeeaa5 bf3d79ae 3e361472 3f3db7b3 bea2e2a7 3f5d6bbc bf71d1fe 3f589fd4 bf7d4429 3ef68273 3f003b62 bf114381 bf344189 bdcfa89b 3e8e0a35 be8e763c 3c30c434 3f5997ed bf35b1bc 3f2e55c0 bf7dae4e 3f73a9f5 bea956c3 3f658fdb bf62bbe4 3e39445d 3f0e9b7b 3d85b7af 3f0daf6c bf2193a1 3e87fe7f 3f6dedf6 beac1a67 be60fccf 3e1efc62 be079493 3f307d9d bf55a1b3 3eea0af2 3f2b23c8 bef88afc 3f5eebbe bf768416 3f5381ab bebd7afc 3f09937c bf2d6576 3e088c79 3f4d37bc bf0c4384 3f26d76c 3ef47ab0 bf4c859a 3b410c79 3f41039e bf757dff 3f7217db bf2abd83 bd37cfad 3df319d5 be05c3ea 3ebe5e52 bf77bc10 3ce463c8 be58cc3c be4b74e0 3f2a41b5 bf5a6dae 3f40a39e 3d03b045 bd6b30f9 bf0f9583 bf36a168 bf3e47d8 3ca5d954 3eb2ee71 be7e8cf1 be72042f bef44afe 3f27d19a 3e983a9f beee56c6 bf5689aa 3efce29a bf3e758b bdecf96f 3f6ca203 bf2f9bbe 3e3da4e0 be463d98 3f0ad952 bf1f817d 3ee04ebe 3da838dc 3f4b8fbb beaf9247 bf2b7182 3ed5cace 3dfe38ce bb8f6fe8 3e74145f bf372198 bd530fe8 3ee9db14 bdb337fd 3e2ba47d 3d9f2998 3ebcf270 bf319f94 3f5441c1 3eb5bab0 3e340ce4 bf2ecd72 bdc84992 beb242a9 3f3d6399 bf50bb9e 3f697deb bf29459f be0ca45d 3efc36ed be935ebd 3f5101b3 3e1e0489 be836a58 3eb3ceaf be659d84 bd03108a bea3422d 3f3b2d9e bef8cee1 3ec30aad 3e5b747b be8cf29f 3cf3e27e 3ef34eeb bea6b242 3f4f5bbe bf603ba7 3f639bf4 bf735c00 3f796003 be9f922f 3ece0ecd bd86573b 3e5d5469 3f2489ad 3e8a4e2a 3e1cf4be 3e68e5aa beaab2a5 3f59c3cc bf6667f3 3cdf9f38 3f420399 bf63d9f7 3f5125e5 3d2ab15a be033479 bee1faee 3f6f2809 befdff39 3f1e21c7 becbe26c 3f157978 bf651bca be066c8a 3f292d97 bf5b97ba be36450a be71b589 3f137f68 bf473fcf 3f406968 bf51efb7 be55cce5 bdd657dd 3e82823a bf5197a0 3dca3962 bf05af5e be95567d 3f4c69bb 3d5770be 3dfa0999 be2ed467 bd099295 bef09270 3f42bba8 bf7c5a23 beb9dea7 3f5ffde1 bef72a75 be4c6d62 3e274c74 3f47a7b1 bf5c5da9 3e6415a1 bee5fea7 3dc4989d bef1971a 3e1a04ba bf5be9ab 3f6b4fd2 bf41c186 3ecd6ab3 3e8392d6 3f162ba9 bf6759c6 3d9ce926 bec40297 be0ffca7 3f4fb1b3 3f2acb9f bf348b9b 3f67fdbd bf42b7a6 bee5bebd 3f555bad bf6591d4 3deac788 bf43db92 3f5bcdd4 be6c44e7 3c5c461e 3ceddfb0 3f73afcc bf1b3182 3d5512d1 3f32d78e be4fe535 3e910e44 bf71e9ea 3f20297e bdfa3943 bed39e8d 3c939f8d bf41ada2 bdf5c8ee bd90d8fb 3f03c778 bcb6217c 3ec98af9 3e08e4ad 3cb32052 3e05dc3e beb7b698 3e507cf9 
3f7311cb be1ed4d0 3dcae83a 3f20c368 3ed2bac9 3f34ada7 3f3709a5 bf42d9e4 3ea99ab9 3f1cadae be111cd0 be8b1a7b bf34b9a7 3f07f971 bf1a1d74 3eb312ce 3e818e72 bf1bef85 bd0850c0 3de209eb 3f644dc2 be3684e8 3f3b9f84 bf032178 be2f8c67 3eb8fecd bf583bc0 3f4cedac bee92e9c 3dae58f0 be9075e0 bf25a171 3f76d80e bedf4f1f bf13af8c 3e8a2a9d bf4ffdb0 3f7263f8 bf0bc794 bf60cdec 3f7e8626 bf65e3dd 3f5ebfff bf14019a be2d0d28 3eb7f29a bde6781e bf7bbc43 3f5ef1d8 bf4855b0 3f1f4b72 bea77e82 3dddf806 bf19d58e 3f7805f7 bed76acb bf645fda 3ef63b0f bf2e5f7d beba0e90 3eed0f03 3a85eb40 bebe82c1 3f7c1845 bf700a13 3d9e0987 3f6211cb bf4e4bae 3ebf96da bdfc48de 3efc46d7 3f14bd83 3c98a443 3f06f799 bf698bd1 3e6d5d49 3e9b82d8 bf1c9776 3e84eaa4 3e85c234 3f6f17f2 3f1a8f53 bdc787f6 beab82ab 3eb51e74 3e552cdd 3f048b8b bf7273df 3f0adb64 bce4debf 3f405fb0 beb80e6a 3e8fb69f 3f0e577d bf6b67d5 3e8b9ac6 3ddf38be be8c7a95 3eabba7b bf224189 3f66c3ad bf32dfb8 bf044553 3dd24914 3c96e62c 3e04dc11 bf6a7fcf 3f621db0 bf0d3f5a 3f2621be 3ee53a8c bf0a6d77 bd1f71ae 3de6f969 bf64fbd9 3f400bc3 3c72bc10 bec9229a befcd6f7 bea566e4 3eef171f 3f5a99b4 bef206b3 3ed416b2 be60f4c7 3d338fe3 3cc4a1f2 3f1aa580 bf7f6073 3f3f419f bf57a5f8 be91326b 3f53e7ac bf4321b3 3f0ac7a6 beb54aca 3e96d6ac bf10a17f bedc52b2 3f4b67b2 bf785605 3f22cdba bdbef8a5 bf145179 3e28bbbb beeba6d7 3f12db83 bf6dcddf 3f7ecc71 bf6d5dff 3ec5fee6 bf1e1184 be0aec2a 3e57452e bf3cc7a2 be98fe91 3e751cd2 bf0d996f 3ecb7294 be422c87 bec6ea4e 3f6db5c2 bf759605 3f085f79 3b0f047d befa96e4 be336c7f 3f18b56c bf1db57c be6e3c73 be06c42d 3eb3e6b8 bf41fd99 3f59a5cd 3e999238 bf2f65b2 3f52bd92 3ee7c6b0 be927660 bf33ab9a 3f78e210 bf3ddf9e 3f252576 3e52fc84 bc063d26 3f11614c 3e0584af 3f37c194 3e9d8e82 3e012cf4 bf2a4785 bf07c37c 3efb76c1 3d4f3108 bbc281a1 bd247273 bd7ab362 3f0bb938 3f1b3f8f bf0acb79 bdab491c 3f4707b7 bf6c01cf bda6f88a 3e4cdd44 3f647dd9 bf3bb5d1 3f36eda9 3e1a33db 3ad23d53 3ec5a2d7 be058c44 3e7b757e 3d6eef17 bf0b9f8e beacbe50 3f4ff9b8 bec18ea2 3f100384 3db19855 bf34137a bd48f13c bef1fac6 3ec4b643 bedd0f35 3f665be3 bf2ca3ae 3f5843ce 3c96622b 3f055787 beb2f662 be74d52d 3e913e46 be038c71 bf3c01a2 be6adce7 3eff22a8 bf20ad7c bf1ee354 3f322990 3ed10ebb beb6367c bdd94967 3e7e7d03 3e3b64a9 3f2bc77b 3ea28687 3e4724f1 be6c34cc bf629ddc 3f0d1f72 bf2fd17f bd225283 be0bbbf5 3f2c41a1 bf06415b 
bf24ff7e beac266c 3ece7302 bf41afa8 bef8d6f0 bed2127c bf7d7633 3f7b5e0e bf5ccdc9 3eaee663 bf38dd60 3f272399 3efd4ef7 bf1e0f92 3f6effd9 bf64c7c6 3f3debba be9d72d7 3f476bbc bf5985c8 bc82e056 be8f1256 bf6d0bd2 3f1d8d62 3edb6ab8 bf5159b7 3f4e59e7 bec27ec5 3e44fcea 3e59dca6 3d5451c4 3e683cc8 bdf7f7f7 be57942e 3f76120f bf0d5f73 3f3f95af bf76adf5 3f33a38b 3ef282d8 bf6565e8 3f78a20f bef6babf be3f6412 3f6681c4 bf6df9e1 3f510fec 3dc3f6d3 bddbd962 bea0aeb3 3ed942b9 bedc46be 3e4f0520 3e83fa4d bf1b0998 3f0a856a 3f03a57f bd94381d 3f7097d6 bf109d8c 3f69cdcf bf427397 3ea44a6c bf782418 3f49439a 3e0d7ca1 bf4d8dd0 3f115d46 3e0504bf bed9fb07 be11a42b bf5a1f98 3d005157 bf0efb70 3f3cf3b4 3e8fa62b bf4331c6 3f094758 bcecdf02 bf0a8b73 be925a68 bf7e2c3a 3f0d579d be8dbac0 3e4a7400 bf536fae 3ea53251 bdc7c6e4 3df64962 bf289376 bdec17e1 3f07eba0 bf5835cd 3ed0def0 bee832c2 3f76fbdc beb642e0 bdf1896d 3e631445 3dd1990b bec29a65 3d76f005 3f154180 3eda7aef be76d48b 3f3c05ad be7b5ca2 3ebc4690 bf6c75e6 3eaf5ea2 bf6925d9 3f1fc184 bea5427d 3f059b5a 3ed5f2e9 bf365985 bdc69868 3eb9e279 3f252b68 3dc338d6 bef76b11 bdfea9eb bf7559f3 3f4fcfc7 bf7e225a 3f2dcfec bf143570 3e2ef403 3eca3adf bf14817a 3f7cc42e bf3bc3b4 3f102379 bf49f3c3 3f42b3a9 bec86ecd 3ec53e90 3e53f50e 3f4f97b9 bf7101df 3f08dd4d bcaf1f80 3c33bc5c 3e0cfc07 3f2e539b bf1d93c4 3ef13add 3eb6029c bef72652 3e58e417 3eab9ed8 3e016bf2 3f017f68 be6c8c4d 3e271d01 3f261d91 bf155197 3f4205b1 bf20ff8d 3e6e9ce8 3efbc2e9 bf31f999 3ed6eecc bdf53961 bf0c479d 3f2e9188 3ee472ca bf4119d6 3f113978 3f217791 bedbc6d2 bcb31f91 3f2583ae bf038392 bed8d6d9 3eff76c8 bf4397bf be54bd4a 3e58349d 3f729203 bf2e5197 bdb4f7cd 3e8a4267 bedd72bb be560d06 bf0bc38a bf09ad6a beda4731 bf22d78b 3e279435 3f415fc1 3e125429 3e6704fa bf6ae5e2 3f3371a1 3c95dda4 3cd82000 bf5e71dc bc24bc97 be9b9a58 3f2993a6 bf078f83 3ddcc88c 3f6e19e3 bf6363e9 bf259961 3f7e0e54 bf66fbdf be872e8a 3e09445c 3e0a6ca6 bf2d0da1 3dcbe6ba be9c6a6b 3f6ea805 bf3295bb 3f00b169 beb47249 be225c2e 3dd5087e be35547f 3edc0686 3f161d58 bf51b5b5 3f78861b bf6421e3 3e80762a bf17778d 3be97fd7 bf539bd9 3f4dc7d3 be972299 be165511 3e1f4c8f 3f09f184 3f119773 be0d248b 3e01abe5 3f56ebbc bf4fcdbd be2bc4c0 bdd968e4 3f21b980 be42d566 bf142b85 be4ea493 bf0db981 bf01c986 3f24439d 3f26fdad befff67d 3f0df181 3e6cb51c 3df40a46 bf311f92 3ec48ea7 
bed02255 3f7da633 bee136e2 3ea3b739 3f4f9da4 3e5e2c5e 3f781e0f bf59cfe3 3f4fabb4 be68a46b 3f0a7987 bf26437e 3ed716a7 bf3e5fa6 3f4fa7b0 bf7291d7 3f108971 bf5301c7 3f11d963 be92727e 3f0c9f7f 3ca4df7d 3f427b92 be181442 bf1caf5b 3ed8b300 3ec982de bf62fdd5 3eabeeaa bee1e2ac 3e5194ab 3ea6ce7f bf728001 3f4801c6 bf377b90 3d64f256 be054cd5 3f4d53b5 bf7e9a6b 3ed70673 3d666ff1 bee72ea1 bdef2884 3f1e1fba bf602fda 3f22e998 bf24f754 be69e502 3f7443f7 bf4cc1de 3f4725c1 bf16017c 3ecf12a7 3e86365b bf35899c 3e8bd68a bf1c5b82 bd56727b bf7b1607 3f120790 bf6483c9 3e59444e 3f2baba7 3d9c47a7 bd367087 be1b44ba 3d3b5059 3e581486 bf6db9a2 3f758c16 3dc3b8e4 3f165589 3ea59299 3e07a440 bf04055e 3eb37ef2 bf103d83 3f6ed7ef bf4d0fad 3f783c2d be7f9d01 3f55cdda be520d46 bd8196df 3f21bb65 bedb1e94 3f33659d bdbde8bd be24248d 3f5bc7d8 be8aa271 bf04db62 3f6119dc bed97327 3ef07ed3 bf56c9c5 be1773ee 3f0a8f79 bf0c0d7d 3eb996a5 be85fe75 3f0d6175 bf3abd93 bee7066b be3d8492 bf0dc96c 3d9147fd bcb71eb1 3f1d737c 3ef292dd bef5c6d7 3f5cffb3 bea98a75 bf3ce989 3f107192 be8fbe4c 3f6ae3db bf3e8bb0 bf46e1b7 3f3b29b2 befe0ed2 3f352bb2 3ed5fec1 3ed1ee4e be636438 3f5991f3 bf37099e 3d92897d 3d942707 be2f6ca8 3c0d4240 3e97ba31 bf105f83 3f724fd9 bf6543f1 3e72cd68 be94f273 bf003f6d be94528c 3e98a266 3e99aa8f bf7143c4 3ee4eafe be57c500 bf5859d1 3f7a4828 bf484faf bf15396f 3f6403d2 bf129170 3d841921 bf3df991 3eae667d bf2a278e 3f2a6784 bf05bb55 3d437212 bdfe7950 3edc76cb bf2ed998 3f0ed16c bf4419ac 3f7459ff beefb6a3 3f5f7dc8 bf6403ae bd6f12d6 3e00bc2d bd9e180f bf7eba31 3f5f71cf be4564d9 bf460bb7 3f2f89a9 bea98290 3f1d2d9c be450c8e 3f27d9a7 bf4c27c8 beb12e6a be4dc4a9 3f6dcdd2 bf6f0bff 3f157d7a 3e658caa 3f3aafbc 3f36cbb8 3dffb86e 3f69fde5 bf41e3a2 3c033a4d bf3c73b3 3dab19ff 3ec2bac0 be49dcc7 bf22ab95 3ecfdee3 3f183d8b 3d93f777 3ec4ba7d bf490ba8 3eb02678 3e47ecd2 bf6a73d3 3f6e65cc 3e59e48e bf42dfd7 3f28c381 3ef72ac7 bebd8306 be3fa493 3f03c566 3f33bbb8 bf4be9b4 3e5c2d05 3eacca7d bf7ab014 3f7a7c35 bf6b4fd7 3f7349ec bed96efb 3e9aba81 bf713ddd 3f3865af bf06ef79 3b210592 3f4519a4 bea00a62 3f1f8372 3ee24275 bf4e3ff3 3f135990 3ee17f19 bf12298e bdcb2886 bf58118e be481552 beb4a2df 3f01b16f bf2ba194 3f73300f bca76070 bf693fbc 3e736ce3 3f4813aa be88b66c 3f5e67c5 3ea0fec9 bf478db1 3d0ab30b bea04270 3ea28eab bf761005 3f0f6b7d be5d451f 3f252975 
3da12914 beea329f bedd2ac8 3ee4bacb bf7f7886 beb82abd bf304394 3f3635b5 bf74ffe3 3e402c6a beebca85 3f128d66 bf272d8e 3eeab6bb bea8a69f 3ef896bd 3ea9fa46 beb132a8 3eac8a8a bf4553b9 3f32d583 bf760023 3e869a9d bf087177 3f37239e bea58f14 bf03857f 3f0c375b 3f4a0fa8 bf13bd77 be5d6450 be3c5d33 3f4e2ba5 be2923c2 bee012c0 3f5699db bf04ed67 bf039185 3f5bbbd1 bf317f75 3e90de57 3f064585 be6b4505 3e6f84fe bef7ee9c 3f27c56a bc2e412a 3dbfa956 bf7dfe4b 3f79c5f6 bf7c4e2a 3f381bc1 bf1b476d be9a0a86 3f440174 3ed8d29a bf182d9c 3f4c3baa 3f27b7a3 be84068f 3f474d9f be955e79 bf0bc190 3e8c3282 bf5cd1de 3f3f8194 beb06292 3edd4f23 3eb87614 bf16a798 bed7573a bde5b806 bf5577c7 3f5257b8 bf0b8382 be073c85 3f394b96 bf5665aa 3d89a7a8 bde2284b be860a88 be0244a7 3d958840 bf137b64 3dc6d92c bd97e95f bdb7a8fa bf7d1423 3f5a0bc7 bf547fbc 3e3de46b 3f15f56d bf5201cb 3e913213 be49fd25 3f13ab60 3d1f1015 3e5e0cff be58ec8f bd7e7174 3e6eec8d bed3d675 3ef4fe65 3ed04655 3f20096f 3cd89c08 3ef952a3 bed86712 bf4c959a 3e3a449e bdbe3897 bf12ab56 3bb38b3a 3f5f5ff8 bf7fa26a 3f0a236e bf6589c3 3f53b7d0 3e1ba4d0 3c7f3a8c be8e4a73 3d38b18e bf18379c bf6b6fde 3ea6dab0 bf70ffdd 3f44d9d5 3e0bf40f be13acd8 bc743876 bcf3e209 be9ffa68 3f099d71 bf1cc197 3ed6a658 3ef9eeed be9a0eb5 3f4323a0 3e31fc97 bf34f7a1 3f383398 bac625f4 3ed1228b be86d207 3f7ed453 bf795835 3f3143b6 3f4ae97d bf507599 3e2f445b 3f3cc99d bee4a2d1 3f6d75f2 bf3a9b89 3f0f0161 bf5d97b6 3f6e97d6 bf13b168 3ddbc839 3ebece8c bec99e7f 3f140b7e bf2ddba5 bec29e89 3d9c17c7 3e266d4c 3e5ed414 bd90c97d 3ebf0a4b 3e1d6432 bd63b045 beab9711 3f61edb3 be867681 bde1a813 3ddd38a3 bf2cbd99 3e888a5a 3f09eb8b 3d9a487e 3efc72d6 bf013b3e 3e076390 3e8e32d9 bf3841ac bf31556c bf2b0b8a bc919f0f bf5013ca 3f747c03 beead275 3f7229cc 3d95c865 beb5a66d 3f497bac becf4eb0 3f175f60 bf7bf228 3d9f484e be9e2ab6 3f583fab bf0f6b8a 3e909287 3dc91a15 bf199f78 3f30b794 be846e71 3dd347bc bee2629d bdc44951 3f4e5dc3 bf74d7df bea8ba9d 3f123178 bf24118c 3ec882d1 3e72b552 3d1b5408 3e3cdd4e beb11e9a be6e24d4 3e011478 3ce42244 3f2b6fbf bf653df7 3f74dbdf bf7e761a 3e93cea1 bf278ba6 3ccbdeea 3eb3629b bef7e6e5 bf5979bf 3f4395a5 bd6a105c 3f498fec 3f54cbae bdd2d8ea bf1e3178 3f1f0dbc bf0471a3 be490c2c 3f67b3cf bdcc1841 bf47cfbe 3e97fa89 bf28dd9d bdb30985 3f18318a befe6f3c 3f5783aa bf36e1ad 3f7609f5 bea6fe6e bd95691c be13d488 
bcf8a115 3eeb1b0e 3f0fd97e bef98afa 3f5343e7 3f322596 bd88d896 3e9c1a89 3df557f7 3f4d47a5 be91c62c 3e053ceb bbc07ba4 3f5aebb6 bf6a0feb 3d485325 befccb49 3f01e7a4 be86866a 3f5d37e3 bf24056d 3e1e84e0 3f3f35b0 bf7faa86 3f5cd5ba bf214d8d 3f791813 bf58efe1 bf45cda8 3f15cfa0 3f4ff7a7 be34dbf7 bf774220 3f45ff9e bec5327f 3edfb6a1 bee782bf 3f27af9b bdcde95c be259c79 3c5aba12 be9bceae bf1f7763 3f60b7c9 bee51ecd 3d64118c bf035179 3f452988 3ea4a6cd bf279997 3f78b5fc bf3cf58e 3f2cb395 3e34c4c3 bf1ab99d bf38a1a3 3f68d7bc bf270799 bef91f64 bf169b7f 3e76cd36 bde6b875 3e0edd2e 3d1030df 3f2d197a bd602f66 beedded2 be406c92 bed0f689 3f57e3be be05e4da 3f18f58c 3e198d3e bed7c6f8 3ecde2e3 3ef636eb bf25a941 3eb83a65 3efb26e9 be9826a9 3f3b99ad bf5fdfd5 3f405bb9 3d8f9828 3eaaf699 bed85713 3ef8cae4 3f5b2da4 bebeca5a be7e1cf5 3f06ab6d bf414b7e 3f7423fd bf3971a0 3f179985 bf3adb67 3eb05ea8 bf5e87d3 3ebe723d 3ed6e6bd bf10f368 3ee46e92 bf06556e bdacf87f bf5d75d3 3ede1edf bf77b613 3f5643b8 3f4fe7b7 bf6281b5 3f6dbfed bd788ebf 3ecaeea3 befc1f12 3eec5a8d 3f066b4d bf632dda 3f62ebcb bf60bbdb 3c96a249 3f12e769 bf0273a2 3f6203d7 3f0f6772 3f48fbbf bea4a265 3e8d3ec8 bf138998 be2df442 3f546de3 bf2fad8d 3f608fd8 bf7d8420 3f443fa4 bf154395 bf0cf1a6 3f0fc185 bf6051c0 3ef542fa be748cba bd7eee29 bf5aa9b4 3f201163 bf671fd1 bdf6d905 3f0f9568 bf6a57de 3dbed8d1 bed4d6c3 3f0a0981 bf6b75f1 3eddb6ef bf15db6b 3ec1328f 3db30756 3d32d118 3ec032bc bf4777bd 3f546fd3 bf738016 3f22018a bf0e1fb4 3f6455dd 3e253bd1 3e68c4b2 bf258999 3f257784 bf55e9c6 3ed91aaa bef03ed2 3ebd0aa3 bed142a5 3e82568f bf3d3fc5 3f0861b0 bf04315d 3f6b29e0 befc76d5 bf05b96a 3e0134c5 bec4ce60 beda1ed0 3f657bdb bf6b13e2 3f57a1b0 3f6417b6 3e188406 3e4e0d0f 3ecb42ee bf249da2 3e9a6264 bf5887b3 3ccee180 bec36a85 bf0f4f7b 3f196b8d bef2d6b9 3c77b765 3f76be0d bf631bc2 3e1a53bd bd1d71d2 be8af288 3f199fa4 be51d4fb bf3b33ba 3ec352a9 be99fec3 3e438d24 3e791537 bea8fa41 3d9128f8 3f38cd91 bef17721 3f448ba4 bf56e7af 3e99b6bc bf5f71cf 3f12757f be820eab 3edcf6d7 3eca2ef9 bf22e99f be81824c 3f1e6582 becce6c8 3e021c45 3e40eccd 3f264393 bf38f79a 3ecaa6c0 3eb7a263 3f522faa bea13e3c be0b1bf7 bf4a3b8f bf74b1f5 3ee992cc 3df869e1 3de04893 bdfab9b3 bbdf8b58 bdf6a8d8 bf0fb97b 3f3c997f 3e56fcb4 beefa6ce 3f29039d bf5257c7 3f6a7805 bf7a6024 3f3c09c7 bf714fee 3ed52a97 3d033044 be5ff466 
be97324c bee322c8 be961e99 3d6f3103 bf10d583 bf4167c1 3eeee6ae bf72d5f6 3dc5b76c bf597d9a be7cddcf 3f201d7e bf6e3ff1 be7f6ce6 3eb2aa74 3f4727be bec0bab5 bd33b068 bd3f2ee4 bf5fc7e1 3f357dd3 bd09f0d0 bf0a4970 3f6cabeb bed3be3c bec3ae3f 3dc2088d 3edc6e82 3f47cfae bf39f5a9 bf58afe3 3e56ed10 3f56a7ed bf42c3ad 3ed2ded9 bf486be4 3f19599c be843a53 bf359f8b 3f7ece67 bec2669b 3efaaac0 3f02c359 bf3337a3 3d07f093 3f1a137c bf093b93 bec9b676 3cb1a164 3e567c52 bf7e0834 3f7c542d bf3e1fab bdb3f872 3f269980 3df8f778 bc0bcb84 bee0ead7 3f566db4 3f5c7dd3 bf3a519a bcf9214e 3f669e01 bf7ca616 3e43852c bf4963aa 3f4af17a 3f26d582 bf2f1d8d 3ed12ed1 bf6fa20b 3f260599 bf7e6473 3f789e0b bf585da8 3d6bce3c bf1f0d86 3f6d702d bf73c1f6 bd8ee8c0 bd91d80d 3e0b2c32 3e90fe64 bf71ebef 3ea70e89 3cdd5e9f bea5029c bf6aa401 3eed6eed 3e182403 3e931eba bf41b19e 3f0bb560 beb0d255 3f06b758 bf521fb2 3f791de0 bd75f2c2 3ef62eab bf52ebd6 3eafea8a bd61d34a 3ed71ade bd5faff1 3f058b85 beaf0eef 3f3c7598 bf396f8e bf077d8d 3f2649ae bf1b0b94 bde1798d bf08c35f 3ec24f02 bf2dd77e be1e1d39 3f4cb5d7 bf33b38b 3e371cbd 3f2cc384 bf5b99a8 3f0a035c bf23dd78 bf62cbb5 be981ea7 bedb72b8 3ec42aa2 be2bac23 3f069b85 bf057368 be0db441 3e18e400 3cfc5ea6 3e51a4d8 3c21c5da 3f5f13d4 bf3707bf 3e7d24cc bd1f1054 3deaa80c 3f3d739c bde2b8ce 3e5fac7b 3ef2c6ff 3e98e694 bedd2ea0 3f6781c4 bf183385 3f75c41c bda3984d be879ac0 3f503b86 bf1af789 3df1e99b 3d2d4ea2 bf5133a0 3f3bedba bf12b785 3f2f43bb bebdfefe 3f09e995 bf257b95 3b1d08bb bf7eec5d 3f599fbc bf3137a6 3f54a9bd bf5967b8 3f66a7d1 bf55bbc6 3f22ff97 3e0c7c9b bf104f51 3f103785 3f01f97d bf3beba3 3ef236e5 befcdee9 3f4b97b2 be3204bd 3e8a7a60 3f3c8989 bf6a89fa 3f4485de bf6573a1 beae8a6f bf0b3b83 3f380b93 bf7dba71 3f4bd197 3c955e20 3ec06ea5 3e4fdcb0 3f4f3d86 3ed63744 bf4d8390 3f341fbb bd4b9053 bea05ac6 3e110ce6 3f020371 bee33ef6 3f1b8370 bf7d624b 3f4a1dd3 3ee6965c 3d2ad274 3dd99761 3ec242b7 bf7d4a23 3f304d77 be228424 be4e64e3 bee6ee7c 3e88b614 be5ebd13 3f5a9bc7 3d74d091 be82b28b 3efbe6d6 bf5b6dc5 be9c8a5d 3f7295f0 bec6ee6f 3e50bcdb bf386580 3f6ff3ef bf0ffd85 bf0d1b5d 3f5bb1ef bef46b01 bf342bbe be976e27 bf11c763 3f34e383 3ed822b4 3f7ad826 bf165995 3da81906 be090c87 3da0195b 3eaa9ed7 bed1f64c 3f6e77e9 bf358b92 be2f94a4 3f3be78f bef422e5 3eb72ede bf069b64 3e87de7b bd286c4d 3f032f6b be8a0a63 be565480 3f5e11ae 
be0cac72 3f5119bf bd80a81e 3db1e8c5 3f68a3dd be1bbc46 3eff4aab 3d2def8c 3f761009 3e86d676 3f0d1988 bef3b6d4 3f425fb5 3eb0fef8 bf098f8c bedd868d 3d002fbb 3f035d79 be4f6d08 3f64afdd bf481da8 3efdbb27 bf08d163 bcac5f22 bec6aeb4 3f4f35b4 be30249d bf50b9a9 be5c0ce9 3f189773 3f374fc0 be373d02 bf01b52f 3f07d579 be8ed6a1 3f7197d6 bf636bd1 3f2943b6 bc3f4375 be8b624b befb26f3 3e1ad413 bf30d7d2 3f1b4985 3d0bf010 bf085f59 3f73c7f1 3ece5a91 bf6269c7 3f5a879e 3f040f79 bf60f5cf 3e64e51a 3f073d99 bf70f410 3f2239b3 bf424db9 3f7af636 bf3377a1 bf7c283c 3f7c3e1a be1dec57 bf519fe5 3eaeb697 3f1f418f be78dd14 3e53bc74 bf7197f4 3efeb2a0 3e32741c bdd7595e 3e042c1a 3dbe7958 3e3dbc24 bedb5abc 3f6fb3ce 3eb88a5b bf5d89a3 3f499db7 3c283969 3f1f518d bf3745a0 3e20dca7 3dd7e908 3f02df46 bf301999 3f53f5d0 3ee1d2be beea86bd 3c4f43fe befb36f5 3f513bbc be96665d bea4b251 3e33f3d3 3f036179 bf1b596b be7e64de be6a4cce 3e051483 3f0a4b8c be816255 bf1cf96c 3ebd86af bdea1837 3e0c9c6b bda71836 3d3fcf6b 3f117585 bf07d773 3ea652ef 3e619474 3ef4f68f 3e6be54b bbb38142 3efff6e2 bf7f3471 3f30439d be1c8c66 bde5a8d7 bea40e69 3ee632e6 3e59ecf1 3f392794 3e11b351 3f28759e bdc1e832 bddbf813 3e609d02 bf2bdf90 3f774606 be904286 befae6cc 3ee0d6e5 bf6c87ed 3df6d869 bd74f123 3f74d5d2 bf2c9d9b be885e3a bf3c79c5 3ec72b26 be7a7532 bf7bb64e 3f0ecd56 bf5613be 3e82ce2d 3ddad957 bf6db58f be1b1cbd 3ed43afa bf59f7d5 3f760401 bf03b17f 3efecef9 3e7374a2 be93be21 3e85e6aa bee94b00 3d88a8f0 be92ea90 3f2d5574 3d613000 3f155570 be3da48d becac2d8 3f15f165 bef59ec7 3f46fdc0 bed786e4 bd07d0c0 beed12bc 3f7b3611 bf0f3b6b bf39af94 3f3ceb93 bebc56af 3d19d117 3e5df4ae bf015b77 be620ca6 bda5576d be9f6ea4 3e9f2258 3ebbaea9 3e491c58 3e8c4aac bf4a8790 3f619be6 bee63eca bf2f7785 3eca06c0 bf7351e3 bef0128c bf08137e 3f34dfaf bf1695b5 be64d4e7 3e9d369b bedee6c8 3def689a be81a292 3d206f9f 3eca9a5e bf1ed7a1 bee0aef2 be34a452 bf194d71 3e2db4dd 3f3e69a0 bedf3ec0 be959630 3f6625fb bf268572 3f495ba8 bed46270 bf6ab1ff 3f000179 befee740 3d75d053 3f54a3bf be8cc6d1 bd6d7255 bf0a0f43 3f0eb16d 3ebccec7 bf1fcfa4 bde9782a 3f7e964b bf7b6821 3f30ab85 3e686495 3f700c03 3c8c24bb 3ca7dc4e bf6a33e1 be004427 bc8ce0fd 3e9816a1 beed6287 3d9d0895 3e355488 bebdb701 bdce895d 3d93d8db be27843e 3dda8845 bf4c73bb 3f7d0e3e bf03c786 3f31e7b3 bf1c757b be890a93 3ea33e52 bdca3894 bf1fb78e 
3f2267a4 bf718c14 3d921805 be2304ef bee6cb43 bed37eba 3d857a69 bef0f2c5 bf25318c bf732fca 3ebd92d3 bf468986 3ebaae84 bf6865bd 3f7f2070 be07e4d1 3e4433f8 beae0693 bf15eb77 3f3389a0 bf5f05f1 3f087da0 3e014be4 3eb88245 3cc5dda7 3c79b982 bed25e83 3f53f9c3 3ec43698 bf4359c5 bf254b8e 3f16b987 bec72a45 3e362546 be7e4dc4 bf168f9c 3f3faf9b bf56e3b6 3f24238a be0fe417 3f726bcf bf2b9982 3f7e6862 bf6515f3 3f276d94 bf0dcf64 bf261965 be405c61 3f4ff591 bf7415e3 bf048388 3f7717d8 3e56449d bf1b617e 3eaa4a9e bdea9854 3e10ec5f beb16259 3e002c98 3f2a27a9 bf06898a be104ca3 3f4fa3c3 3e12ec5c bf6d1fea 3f40b38f bef26ac8 3d458f70 3f220f86 bf75d404 3f429da0 be1ac493 bf0dff5d 3f20476d bf191b7c 3db8b879 bf6f17e3 3f2fdb80 bec126bd bd9a97d0 bf7625ee 3f6b2feb be8b8eca 3ec8fa9f bf53e9c9 3f468dbb bf59dfd6 bd8d68fe 3eccf28a bd899846 3e9c0abe bedc6af6 3e52c520 3e26f47c bd24d089 bf265f8c 3f1dc39c be44d452 3f57cfa2 be94be87 bf1f238d 3c8b5d03 3f372d8c bef10e9e bdd347ff bf2e7d73 3f1ecd61 bf445993 3f03296a bd47b177 be85627d 3e488c90 bf3c137d bf144f6f 3f33137c bf4b7994 3f6d25fc bea26244 bddeb8bc be3354de 3f7c1c4b bf2a1181 bf2ceba3 3eacc2bf bf0be562 bedb92a3 beaf2adc bdfe18e9 3d537061 3f2e9b85 bf489baf ba81f178 3f126d66 be263493 3ef1e288 3eaee27a bf17d76e bf3d8fb4 3eebfb17 3f68c1e2 3eb9da65 bf0ec57d 3f018549 3f1c1987 3e385455 3dbb6865 3e80fe97 be9406ae 3f504599 3ead6680 bdff1810 3eb4bedc bf16498c 3d2ceeaf bd59512b bf135da6 3f4367ad bf463b8f 3f60c7d8 beb2d2b5 3edd9eb4 bf6d4fff 3e45e507 bee57a94 3ce565e3 3f2ef780 bf692008 3edb0ab8 bf767425 3ea0ce7b 3f3599ab bf1e157c bdf068b8 bdda992f 3f434390 bee24b03 3e0684f9 3bcf74fd be9f769b 3e5bfc6d 3f1b8b8f bee186ac 3f3a3176 be267c42 bf4c79a9 3ee906e9 bdd8284d 3f0ce167 bf2d479c 3f4097a6 bdcc995b 3f047b95 3efdfb00 3f0f7777 3ea276ad bece9b46 3f51b7c7 be84ce7b 3e58fc88 3ee22ed5 bf09719d 3f0b5f90 bd494e4b be925271 3f28ed95 3e3194c3 3efa5aaa 3f6e85e0 bf3ff1b5 bf150f89 3f6097c0 bf3e1586 3e50a4ae 3d9d5895 befacb27 3eb2d266 3f5bd9ef bf16b96d 3f7b37fb bf7a6a18 3e2043f3 bed1baf3 3f1803af 3de4f8cd be1d8437 bf5453d5 3f6b95c2 bc5048da bf049361 bd46f1d8 3e959a72 bf5efdc6 bdf9a883 bf7511f7 3f3fe1cb bda118e4 3eccf698 beca46dc 3ebd1674 3e86ba02 3e4eb51e bf437d85 3f642bcc bf03fd53 3f40b790 be933f11 3e951658 3dce789e bda267f0 bf1de384 3ecdbecd bec5fe9e 3f7fd09c bf07798c 3e9bca87 3e3d5cb7 
bed49275 3e71bc6f 3f48cbaf bf1277a5 3eb1ceb4 3f596fc3 becefea5 3f1367b1 3f0b2170 3f711e05 bd34502c 3eaafab7 3e2dd493 bdd8b6eb bd99b9a9 bec8d2a0 3e55b549 3e502486 3ef3e709 bf7d5c3e 3f79b80d be124c21 bf23e77b 3e633ccd bf0bfb89 bdfa08f6 3ea642b3 be27152e bf6bcdca 3f4da1e1 3f1af57c bf3f49b5 3f4fc5b9 bf1f9d86 3f70b3e7 bee2e311 3e620ced 3df8e7fb be376421 bf46e5ac 3d82a971 be166c87 3b52e826 bdd4b975 be49d4ab 3f501fae 3f21f788 be9dd233 be38dcbe 3f197587 3eb96a9e bf415fb1 bf1f9986 3edbdafc 3f2207ad bf5339be 3f3ab997 be599c7d 3d63d1da be1223f1 3ebc32b5 be4a4436 bd980819 bf5bc9a0 3f6355ec bf47d1b8 3f03d3a6 3f0d0b7b bf5451bd 3f147579 bf5d5bc7 3f7409d4 bf3aa39b 3f1de77c be6274b1 3eda8f05 bdfe28e4 3f65cfb4 bf5af1dd 3f2e979d 3f3a1ba2 bf41f9be 3e849677 bf0fcb94 3f276b8e bf160585 3f794650 bf725bf4 3f3621b2 bf76a01d 3f4d1faf bf365d88 3ee26aea befacf36 3f1db789 bead8a5a 3f07e99b be80de85 bf38cd87 3d3f7129 3f7193f7 be813e5f 3d07d08b be0a6bbc 3f592dc0 3ee81edb bebdcac1 3f5e1ddb bf7795e6 3d99d895 3f06978c bf015562 3f08c982 3f4eadbb bf4a47e6 3e6d64d9 be06fc8d bed7ee81 3f1589a0 bc852472 bf6c93cc 3ee06e95 3f6ae7ec bf4e95cd 3ee77ec9 3e95a247 3f4659b7 3ea87ec8 bed3aa65 bef076ab 3f0cf566 3d3171e3 beb3329a bce3a09d beae9a25 be9152bb 3f1d59ad 3f63dfaf bf694db4 bf03f585 bf3a77b2 3f762fe5 bf114d8e bf2433a3 bec2a27f 3e0f9458 bd85c868 bf19a7a5 3eb1daae bf6ad3e2 be74548d 3e975281 be1bed19 3f3c3b93 bf01a583 3f22b7aa bf055385 3e1afc9f 3dfef6cc bf3a19a9 3f176f86 3ec0ea67 be7e5588 3f033f62 bf208d9f 3ea3368f be4b94d8 3f63b9c8 3e790465 bdc3d7af bf21e579 3f1c2186 3e673448 bd84e88d bdf5d978 bd25f152 3e77ac23 be98c2d0 3f5f3dd5 bf74a81c 3f42899e bf6cc3e7 3ebb668c bf30bbb4 3f70efe5 bee0f28d bed31a7f 3e665539 be83d25e bea6d28d 3eb1c296 bf74edd2 beee2b0c be592cea be20ec9c be651cd1 bf23f17b 3ef8c2a5 bf12e36b be5ac473 3f1f9188 bf450798 3edfeebe bf3a73a0 3f1811a3 bf5f35b0 bf034587 bf1a6dbd 3ee636bf 3f293390 bf2b6963 3f190d74 bcf4dd6d bf0a9555 3f76b804 bf6a19f3 be1334fe 3c40b833 bf29396c 3f72b81b be7b34a3 3f0d599f bf78aa23 3e76ec8c 3dd06903 3eb78eb2 bddf37bf bf153f71 3f49e1c0 3dc7e99d bcb6df94 3d51af46 3f27b1a9 3edc82a1 bdbb493f be4cbc97 3f0e2b8b beb43e86 bd306d76 bf741c07 3f25fdd1 be496caa 3edce6b8 bf4cad82 3ecdab15 bf7c424e 3f600dd4 bf267395 3f03fb5f 3e13546e 3d6b2e3a 3dcd8953 bf5b55ab bb0cceb3 3e698458 bea13655 
3dac76b5 3e087446 bf6c55ef 3f4b47c1 bea54a68 becc96c2 bf0e736e 3ee9f6c0 bf74bfe3 bf21db6e be7a8c6b be4f147e bc89a24b 3e9b46c6 be9b968c 3f4f8fb0 bf2f2b6a bd0cd188 be0f9441 3f7efc81 bf60bfe6 3d3a31d7 3e52ecea 3e5c5c4b 3e16ec94 3f5bcfde bf5f21cf 3edcae65 3ed57b2d bd8e48a3 bf011775 bd26d0ab 3edb42cf bf41c385 3de8587c 3b7afe10 3dce389e bed63273 3ee0ee87 3f55f5c3 bdaa4798 bd6ef1d7 be3bcc26 3f23b173 beb9ca99 bec58ad6 bf7eca86 3f55659a bf17cd85 3dcc07a0 beb686e8 3f345999 3f2d83a7 be910e98 bf67b3ad 3f69e9ec bf5bf5ef 3e2ff54e 3e4e54c3 be747c31 bf2183b7 3f257f7f be9926ac 3f222f8f 3e84c67b be33745a be12fc19 bf37e787 3e24145a 3f41dda8 bd9a08db bf3e59d1 3f6493d1 bf2ddfaa be317518 3f034f5b bf0a3b55 bee53317 3e050cdd bd16313f bf5961c3 3f103368 3d9b1808 be1dac41 3f29f197 bf37b98a 3d257157 3f3c8fba bf3143a3 3f66b3f1 bf41a9a6 3f7511eb bf41339e 3f4007c7 bf54f196 3f207d96 bf40e98f bb42e6f1 3f6769dd beb4b283 beaf62a5 bf160f67 3f01316f bf688fec bdb4a8fa bf46d3ac 3ce4e57a bf06e987 3f4a1fd9 3e9c6a6f bf72c3df 3f369fac bdc02836 bf4c9197 3f0cc1a4 3ead0a86 be1a6c66 3e6e4520 be892a5d 3d728f6e 3ef02ae1 3d99a92c bf7c0624 3f5fe9d1 be1e2d4b be9cfa7d bf44718f bf3c1975 3f6817d0 bdd939e4 bd4e3207 bd7430fc bdc6184f 3e95729a 3e1ff472 3e901284 bf27019b bf05337c 3f35eda9 3f217193 3ed342b2 bf30f584 3ea45abc 3f1ee59c 3f3363af bf3f2f83 3f253d81 3eda22ba beebb6e8 3f5fcfef 3e5bf486 3e9a8a7e bf0ca57b 3d6c8f8c be3eb4a0 be1384b6 3efb3ec4 bebd46df bc831e4f 3f3eebb3 bf7f726f 3e3d7bf8 bec4a2ba 3f778825 bf5909d5 3f52a9c7 bf4851a8 becc82b7 bf215795 3ef3d306 3dc097f8 be172424 bf348fa7 3f186d7f bf532bb0 3f1d39ce bf3ad98e 3f08915a bf6125ee 3f2b5787 bf3edb9e 3f046789 3f012566 bebf7eca 3eed9ec3 be32fca7 3ddaa97b 3e1ee3cb 3ec71ac4 bca62067 bdafe960 3f2dc188 3f362f94 be1dd3fd 3d41f1b4 3f50f1be 3e602d27 bed532dc 3f6bf7f7 bf5655d2 3f352dc5 bf1c738d 3f5fe5cf bd59d34e beb12691 3f01b379 3f73320c 3e063c1b be83aa71 be150427 bf173972 3f2e3166 bf56e59a 3f6dfc26 bf4169be 3ebb729c 3f406b69 bf29a579 3f7159e6 bf19097c bf37cdad 3f0fc75a 3e62ac2e 3e307cbf bee8f26d 3eaea298 bef0bb03 3e6b7456 bcec2259 bf6bf9f5 3ee78ead 3dc31937 bf14e791 beb5eaae 3e582cbe bf5d35d1 3e8d76d0 bef7f2ba 3f4751c6 3f48ada6 bf25d584 bca86105 3d9cf8e9 be0d1461 3f1b4199 bc891f08 3e4554b5 bf7237e3 3f5409d2 bf62afee 3dd2fa01 3d2eb1e9 3f5705a6 3e90eee7 bf349399 3f0da98a 
bf58dfa8 3f786618 bf36d378 3f23ab73 bf5e33c4 3f2ae5a4 3f4155a8 bf21f7a1 3f11a588 3f34078e 3e0c2cbb 3ef64acf bf25739d 3e410c4b 3b9688a2 bf3ac7b0 3f558391 bd42d0f3 be42bcec bf62c1d6 3ef6d2ba 3e8bf67b 3dbb882b beb48ec1 bea3d28d be8d1e75 be504cfd 3f178d92 bf6be5e1 bba180c9 3edace9c bda80875 be6eed70 3f092f7f 3e0af462 bf0af55b 3e9d3291 3cbf5d78 bdc757bb bf4e8b99 bedfb2e5 3f64c9e5 be92ba51 bededeab 3eb7de87 3c1f3ded 3f6d29dc be6f348d 3d0baf9e 3e0b043c be156c86 bf21677c be6b7487 be2c6c4f 3f646bb2 bf182fa3 3f3347bf 3dfa4885 bf600fec 3f7597fe 3ebeb6d0 bea6d6d3 bc33baff bdd74889 bf6a6c13 3eb276cd 3f0b2579 3ea8fe75 3dfce8f3 bf705fea 3e47854d 3efdd6c0 becd7722 3ea86a6a 3df5484c befaaef8 3ec38284 3ed45a8f 3e9e4ea9 becd7ee0 3f7f8055 bf6871c6 3f119387 bebb96c5 beccde8e 3efe1715 be0174d5 bee83ab6 bba87daf 3e010414 bf0d5581 3e4634df be1324d2 3e719473 bf23ad7e 3f6adfbc befe52e8 3f2905a4 bee2a270 be5d4ccc 3f306d7c 3e23c408 3eaf0262 3f2d85a3 3e93ae7a 3eb576ce 3f106977 3e24ecfd bf377d8a be7304d6 3f790ff1 bf4a13ae beb4be68 3f511fb6 bf5fc3d8 3e57ddaa bf3d1996 3f715ddb bf4e09a5 3f152d7f bf64d1ca 3f3b97ba bedceab3 3e8a4a70 bf297795 3f14b183 3ed2be9c 3f5c3ba6 bf6295c6 3f3013a7 bf7d821e 3f7cac28 beec023e 3efbd690 bf7da233 3f3e4fa5 befcd2f8 3f6ee408 bf5d79a9 bf243799 3e21aca5 3d881a00 3d4b705b bf391fa1 beeb22e1 3f105581 bf441fc8 3d24d320 be56e483 bcc4e13f bf48a1ac 3d579133 bea5e6d8 3f23dfac be9cf2da 3eff92ab bf6255b6 3f5811af bedce6aa be4fecc7 3f116d8d 3ee206ac bf156b8b bf103574 3edc56c2 be961245 3f385980 3e7d3d64 3f610dd4 bf11f99b be520549 3f239b7e bddae930 3ecf7ab3 3e29fcfd 3e208497 3e9c5a91 be23dd16 3ef9070b be87e610 3f76fffa bf5cd5ab 3c0c3c57 be894a47 be8f92a1 be85320a 3f7ef66e bf6dbdb2 be457c7d 3dc37956 3d880930 bf4c97a5 3dec5983 bf24a182 3ecaca91 bf760c10 be761c57 3ee48339 bf4b09c4 3f7bd822 bf36239c 3ed7ce8a bf632bd3 3ea60a99 3e2b645e bea8ee52 bef9d2ef bf734fd7 3f793a1a bea30e6b 3f39ab8f be612d60 be0a84d6 3e9ece54 beec6ef7 3eda82ae bf715fe1 3f18c970 bf324fb3 3eb09696 3f686fcc bf028573 bf2e5d90 3f468fb5 bf3807b9 3ed35aba bdb70839 3f2a5b8e beb36e92 3f389d8f bdb8f78c bf11e160 3f6cc9d0 bf1add85 3f5733a0 3f2a8d8b be8bbadf 3f30d3b5 bf6c15e7 bf6023db 3f4361d1 3dffe98a becbd277 3f072966 bf06c95a be1d5bf3 3e5934af 3f2ba17a bec226b6 3eb86e74 3f08495e bf4edf86 bf121780 bd227068 3e7e4513 3e62d507 
3f6d1817 bf5a05be 3f447598 bf01e1a2 3f3f27aa be6b647f bf5547ba 3ee06a8b be363520 be13dcc1 bf6e1fd6 3f08fb8d be4d5c69 3ed22ab2 bd89178b 3eac3a62 bec3a277 be90c698 3f118161 3f56efc5 bea016c0 be114c32 bf4933c5 3f6d4fd9 be6aad2c 3ee1c2a5 3e417cf1 bd5f50d5 3da2d8f8 3f5db1b5 bf779a01 3f5d6dd1 bed5fa97 bea0c65e 3eae32a7 be327c2c 3f33f798 bf52c9bb 3f080f5f 3e45d48c 3f6edff5 bf791827 be829277 3f7089fb bf1fe58f 3f1f3364 bf5f17fb bf18cf85 3f4fd1d1 bec17719 3ebf7eb8 3f4f7bc8 bf11b175 3f6591c9 bf7eac3e 3f000956 bf73b607 3e3d8490 3f6451bf bf750ff4 bf19ef8f 3ee53e8d be45b4d3 3dc4c806 3f68cdb0 bedc868c bec11ab2 bf4a0fb7 3f6c27bc beab26cc 3ed242d1 be1173cb bf0e3783 3ea1f695 3e16c4ab bce0219d 3e104c15 bf3919b3 be066453 3ea3dea0 bf66a1dd 3f7d3440 bf3cb9c2 3ed266b2 3ea3cac6 bef2ba6b 3ef69ef1 be90be85 3f5481d2 bf22e38d 3f6c77ca beae7293 bda047f0 3db5f7a2 3f1d2786 bf49719a 3ea232b7 be9bf668 be97864f 3ddf5975 3e19fcaf bf3eddc6 bf137974 beda8e5c bf1c9f7e bd0a2f31 bf3fb9a2 3d8589c1 3f20af72 bde9b9aa bf2f559d 3f500bb6 3f02d36b bede6269 3f728810 bf0dbb6c 3f6333fb bf58b9f0 3efbbafd bdc8f902 3ee04ad7 bf48059e 3f67f1ca bec71ab5 3eb7ea92 be3d2c98 be0e9bec bf086970 bde66804 bb808e50 3f0e0d80 bec84e89 bf3a8bbb 3f5a6bcd bf0b4d4a 3f23e1af bea8225e 3e1b43fc 3d1e5064 3f7d4c32 bf2d87a5 3ed68291 bea90686 3f7fe8ca bed64a87 3f35e1ba becd7ae2 3f19fb76 be301482 3eb192d0 3d9ca917 3eedf2a7 3f2f6f8c bf2b4d78 bd2f7080 3e398cb3 bd60d2ed bd47ef3d bd3cf022 3ec366c5 bf6417df be072ceb 3f342b7c 3ec37a8c 3e985a58 bf743005 3e4f74b7 bf4cb5a9 bf321d90 3f19cda6 3e2d6d12 bf1f2d8a 3dcb777d bef99aaf beb9f2c6 3de1687e bf654dcb 3f231399 bf4b23a3 3e72d534 bf613fc8 3edd7690 3ea43a77 3e06f452 3f4b3194 bee202ae bf4789d3 3f30819d 3dca68cf 3e82c61c be863ac4 3ee012f3 be6ef4d4 3f30b18a 3dd49932 3e4cd526 3f44037b bf394992 3f18477e bf5e83d3 3eefeae7 bdb78769 3f632ffd bf79a418 3f35d3bb bf4ab5a8 3f7c2049 3f5c93f6 bf1b6387 bf120993 3f05a764 bf6be01e 3f33a97c bee60afa 3ed1a2b2 bd737245 3d61d14e 3f01af67 be45547e be63dcc8 bef77efa 3df90862 3f3efdc8 bf5f9dd1 3f641bca beb9c6ae 3cb61d84 bf541ddb 3c453b7f be325cbd 3ed6eaa8 bf39c78f 3f5c73e3 befe9b16 becdb679 bf5769e5 3e31a532 bf290f9d 3f7a0639 3f100585 beb50ee5 bf045972 3f1e914f bf1be19e 3eb85edd be331c2e be678d30 bda99804 befdd329 3d5dd102 befc3e9d 3f6311f5 3f2c658c bf27e99a 3f11c187 bf6753e3 
3eac4248 bf16bb65 3f036571 bf299f9d 3e01d3ee bf1cd96b 3f7e7a55 be52ecfb bf01715d 3eea5ab4 3e9ed250 be977a2a 3e7b9cc3 beb1424d bf105773 3f52b3c1 bf30837d 3f6b93c5 bf6451ab bf512f9a 3e52d55f 3e03ec64 3f170185 bd0b8f41 bf40f5a8 3f2f739d bf5f99b2 be81ca65 3e9f2eb1 bf2347a3 3d9e49ef be2be3d9 bcbae118 3eca467c bea4ea69 be93d67d bcbaa107 be5b3cc7 3f3b49bb bf6245cf becd6b24 3efd5f1a 3f1eef92 bf30c594 be78f4bb be906a37 3ef002ea 3f6f0fca bf51c5d1 bd93286e be93a699 bee4f2e0 3e953237 bf14d587 3ecc62b2 3cc59fbf 3f48e9b5 be4ccd3a bf6e0001 3f5d7faf 3f2b9b86 bf12c192 3f1f5782 bee39289 be5c2c7f bc9b2232 3f2f31b2 3ebbcab7 bf7d2253 3f6f77c4 bf6ed40a 3f303bb9 be343ca7 3ef3fa9c bf64ee01 3d80178f 3eed92f0 bd3eae6d 3ee87a8b bef936d6 3f658de3 bf1f657b bd0dd52c 3ef9be51 bf6553cf 3f7ee860 bf649dbf 3f23c784 bf50f5b2 3d940888 beba06bb 3e1be419 3db61738 bde8d7a9 bef1568c 3e130be4 3e15ebc3 3d17b111 3f42b997 bd9207a4 bef66af3 3f48f58d 3f645dac 3e59f461 3f087172 3ee64add 3e0163e8 3cf11fb0 bf1ae5a0 3f304f78 3c64c79a becebab5 bf47abb5 be24045d bef77aba 3eb7ae87 bedf5acf 3e7e94ed bc915f55 bea4866c 3e9ec2c2 bdcbd993 3da608e2 bf471db1 3f6071ce bf026393 bf10bb65 3f7a961a 3e843252 bd0fd1cf bf38d79e 3f7cd821 3b9e84f9 3ccda137 be441530 bd80f814 bf003b5d 3e85e295 bf18df68 3e486cf9 bf04a96a 3f3be593 bf6c3a0c 3ee8be8f bf719be9 3eeeaecb bf1df9a1 3f0ac9c2 bf45cbae 3eaa667e 3cea5e81 bf5bb1c4 beff5694 bde00881 3f42c3af bf1f89a4 3eb0c2a3 3ead1e43 bf6d8bcc 3f5af9b8 3e1cecc7 3e07147d becdf6a9 bf542bab 3d516fda 3f4deb8e 3dbe0917 3f2211a1 3f59d5c7 bf7fcc82 3e80a289 bba77cd2 3f3ee3d5 bdedb859 3f238ba2 bc6dc29b 3f18d792 be18a490 3f17a978 bdc68770 3f06c18a 3eb84eb5 bf5471eb be4f24db bef4d6f5 3eef230f 3f3905a5 becc9a94 3def88f4 bf40b56f 3ed446af 3ee8a677 be9a7669 bf12d57a 3b877a26 bf39ddc1 3ea1e269 becb9a3e 3f4ce9ba be5f2c7d 3e8b4e9d bee66ed5 beb7be8c 3f216593 be9a7261 3f50e1a5 bf744e0e bf6fbe03 3eda72b5 3f6bd3cc bf6471dc 3f4f4fce 3e733c3d bf270da4 3e158c47 3ca31d27 3bae90fb bf78bdec 3f7c2236 be92a61e 3f5fd1f9 bf792e2b 3f199b98 bebb6a84 3ea3bef2 bf43839b 3f3f85c1 3ebefa12 3f3447d0 bf5f83a8 3e72dcb2 3ee9bedf bf541bba 3f176d7d 3d96f920 3f7b3e00 be180ca7 3f09b172 bf1be77e bf6a99e4 3f78a018 bec82a60 3f2f01a5 bf429dbd 3f3af7a9 3eb1cab2 be2fb4ab 3e513c62 3e41e525 3f75ec10 bf6ecbec bdaaf845 bf1e458b 3efb86c4 be064c51 3e284464 
3e7da416 be73cd22 3ebe0ee5 be25c48f 3f1d9d63 3e9436ba bf2b9b73 3df3fafb 3f6a8bd5 bf6cc5db 3f27f79d bc2c3d0c bf18cba6 3f6baff7 3dbec8d7 bf264595 3f018930 bf404fb5 3f559dc8 3f1eb78c 3dddc96b be0523e9 beee72d5 beddf2a3 3f7bd226 bf6491dc 3f5d99e7 3f3ca377 bf157b65 3ebc56ae 3f01f56d bdc3c83c be141cbb 3e74d4ac be415c85 3f3a2d70 be2a7ca1 3e4f1479 bf1005a7 3ea1768a 3f1efb5e bef9b6a2 bf35099a 3f4477ae 3ed6965e 3f0c3d6c bf46f5a6 be8c9e83 3d42f060 3f3f1594 3e3ff40a beac1678 3f358bc3 bea82ea4 3f03157b bf6e0fe7 3de84860 bedeaf17 3f735bdc beaba6a5 bf76f421 3f53d5ab bf5bbbdb 3e652c58 3e3144bd bed1a2a5 bdcd690e bea6f2e3 3f5677a5 bf6991f7 3f475fb2 bf720608 3f7a1626 bf7ade15 3f630fed 3ed2a684 bf6bba03 bd6cce2a 3f2e4d90 bf60d9d3 3eac763b bf05cb6a 3f4713a6 bef19efa 3e26bce7 bef86b5c 3ec07ade be98caa0 3f02538d 3e1bf4ad 3f0cc967 bf710de4 3f757414 bf528be1 3f6f7ffa 3de14858 bde078a2 be9f6272 bf6267cb 3f0acd8a be547cdd be6afc5c bf5a25b3 bf030564 bdb629ca bf496796 3d68911d 3f1b03af be972e22 be06ec59 bf039d82 3f3d0ba7 3f3421ae 3f1ced90 3e90d1e9 bf4a5d98 3f5d57e7 bf27738e 3f450f86 bf3f8f94 3ec47258 beaa26aa 3e656515 3ecb9e68 bf633bc2 3f5febd3 3f2f57b8 bf2ca77e bf754de9 3f585bd4 bdd2c903 bf590bdc 3ef00b3a bf4727d5 3f3b698b 3d3aef38 3e6c1cc7 3f4c13a7 bf5989ab 3f79ec22 bf3a23b6 3f31b7b1 bf186f5d 3f4931d5 3d76541e 3eb826a1 befc52e4 3f0f897e be5efc24 bdbcd924 bad24847 3f2dd9a9 3f3ab1a9 3e5bdcc7 becf92ea 3d9ed895 be9d9a33 ba1c5fd7 3ecfd6ea be29eca0 bf727e13 3f426598 be4d8554 3f7013ff be94ae1f be682c7f bf6d2dbe beb7131b bf03f971 3f13eb8d 3f144f8a bf6c2ff2 bda748d2 bf09b761 3e4984da bf6f1de8 3f0c5983 bf6353d7 bec122cf 3ed0b6db bf3273a0 bf143b89 3f5e37cb 3f0dd591 bea4be86 be279559 bf1203a5 bdfed7fb bb8e7685 3f7ac7ea bf6157d2 bf1c6567 3e463ce8 3f6a93d3 bebb3aac 3f7555da bec5a2ff bd4bd1eb bf1c4b86 3d8fa91c 3db15833 bcff9f96 3ef19abf bf0e6d8f bd6e3112 bf41aba7 3f7a7e48 3f7321eb bf063d81 bf02516f 3f0c9584 bf281784 bef1c6b0 3f5149d4 bdbfc83a be8f9e55 3f010d77 3ee96ee4 bf1e8166 bea79aba bd389303 3e6bd50f 3e8d7288 bf640bcf 3ee752aa 3eb44adc beaf4a87 bf36fdb2 beb85aa9 3f5973de bf12698a 3f2271b8 bf5499ed 3f102b5a beb682c8 bf3a43c5 3e17a480 bf29dd9b 3f2a1ba1 3f0b7781 beccb279 bf17fd64 3ea53648 bd4a4f49 bed85b18 bf2fd766 3c92dbc3 3eb6aadf bf22b782 bf03e35d 3ed83ebf 3f6bc5ca bf2e3391 3ea72aae be5054e3 bec4ee50 
bd515033 bca1618f 3dc92a2e be8e3285 bee992c1 bea28286 3f28778e bf380db2 be57dd02 3e57ed5e bedfc2c0 bec472ad 3f385d9c bf27fd88 be9aae97 3f4be5df bee112ae 3f4c83b9 bf763c09 bd934844 bf3f8d95 3ecccef1 3e9c9e3c 3ebc9a7a bee73a68 3ed5429e bf738a16 be12e3dd be95aab3 3ec13673 bf5e85bc 3dc5c805 3eb902ac bf010175 bde69915 bd86d8a0 bef896c3 3eee46a0 be6d7d28 3ef232f3 bf342595 3ecdf6ba 3f259fa7 bf5ba1a1 bf34bfa9 3d8f1860 be48d464 3f64a1dd bf0e9f9f be684d02 beef0af8 3f4d458b bf7f565d 3e5cccff be4b8ca8 3f3d8d98 beb2be74 3f401f85 bf229bac bea16a9f 3f5cabb5 befd4327 3eacfe3a 3f2775bf bee86eb0 3f79a00d bf286d86 3efbd297 bf3b3fa9 3f1aebab 3d90492c 3e4d5417 bf4d6bc8 3f31dfa5 bf0c6b6f bf010763 3f5bf580 bcccdf49 bf31c79d 3f3233b8 be20640e 3f144782 bf210b93 bde528b3 3f21ed99 3ec722f6 be493cac bd95b9a1 3e6dd535 bf792826 3e96b28d 3e3244a1 be9eae92 3f07fb66 bf53c9c5 beb4f6f2 be086c4a 3f55499e 3eccea60 bed512c2 3e8cf63b 3ee662d5 3d173238 3f6949d7 3de2e84d 3e90168c 3e836280 bf5a5fcf 3e4a7c49 3eac5296 3f195f9c bf3395ce bf7261be bf185751 bdc77855 3f4467b1 be5334d0 bf5a9ba4 3f6be205 bf08e152 3f52fbdd bef1a6f8 bda60a0e 3edf4abc 3c85257e bf1d45a0 bf66b5e5 3f6f97df 3e919a3d be79c40e 3cc3dc45 3f6843fa bf2ef5af 3f750ffa bf51f59e bb5cd690 beee0727 bf357f94 3f7b47e3 bf65c7f1 3f23f991 bf2db96e 3f4269c8 bf6815d1 be59dc0a bdad39b8 3ef12e92 bf4aa1cb 3f4243ba 3db0190a bdeac9f2 bf599dad bdd8e87c bf5c59ae 3e0d74d4 3f3e0f6e bede86c6 3f073786 bf21e999 3e124bf7 3f41a9a8 bee58ee3 bed18abe 3ed2ee79 bf608fe3 3f5c79de 3f5af5c7 3f0b81a5 3e201c13 bf4587ad bec8a28d 3f5fc5be 3e969251 3dac4760 3ee8a273 3d71d028 bd4551ce 3f2eed9d 3f370bb7 bf51d3b2 3f6e07ea 3ee1029c bf22378a bf320db3 3f472ba8 3e2f6c69 3e396baf 3f194796 beb19e94 bf068d66 3f61c7dc 3f6977bc bf0f2d81 bede96b2 bd75124b bef43eef 3c373c84 3ef8b69f 3f5ad7c7 bf566db9 3f44d7cb bf44f7a8 3f20ff9c beb8becb 3f3e998f 3ef0eaa6 bf5de1cf bf77920f 3f45d395 bf116167 3f52b9c7 be681cdc 3f44c1be bf6aa60a 3f23978a bf32d5b3 3b1f297d beb876b4 3ef6529f 3e83b262 3ebb4267 bf59f5b6 3e144544 3f743804 bda088a4 bf370fa1 3ef856ae 3ed7a2da 3e39fccd be97ee70 be38c4fa be70e4ef 3f5d2b9c bdec08be bee45ebb 3f69d7f8 bed8f6ac 3f6e49d0 bf478fb1 bebbc677 3ed106f2 3f531dbd bf3923a5 3f2c0ba4 3cf8dd60 3f70f3e3 be3ae461 3e612cd6 bed4163f 3f72abce beba2298 bf656fdd 3f6385ae bec25ab6 3eb71670 3e460475 
bf7bc212 3f6a9dce bf5957af 3f0e0b79 3f6c03e8 bf5f4a07 3f3779c0 3e304546 3e06ec19 3e79ec91 3e18044e 3f1e2bb1 be76b4bb be5b9cca 3f204368 bf1c1196 be4dbccd be44a576 3e24ac72 3f003165 3f177bab bef492f5 3e123c6e bf1ddb6d 3e105cd7 3ede4aa4 3e482cc3 3f2181a1 becc4aa8 3f3ad994 bec6da75 3f4bd7b2 bf6a8be6 3f4c8dc6 3e8deab7 be370525 3dd148db 3dacb794 3e793cc9 bf5c1795 3f6c29d6 bf722de8 3e9c722d 3ebe6253 3f7b25fa be99bec3 3e085d01 bdf3c86d be8e6e7c 3f3231a3 be78e54b be8fd688 3ede92cd 3f2c5381 bf7d5032 3f16898d bf310da8 be0f5cc0 bd0c4e8d 3f34959a be9b0a76 3d82f94c bda18875 bf551d9f be2f847f bf1843a7 3f3e3dbf bee152a5 3f1f7993 beb8b6c3 bf69f5db 3f547baa 3e90c255 bf02796a 3f7b8822 bf39b9b5 3eddce8f beb9b255 3e64548a 3eba3263 bf5ec593 3de71a81 bba97ade 3f15ab7f bf640dbb bf6275ac 3f1ae562 be42e4b7 be89c2d9 3f63a9d1 bef312b5 3f030f5a bf33739f 3da48904 3f171f93 3f2b17b7 be65352b be90825e bf25777c 3f433f9e bf4c31ac 3da7f895 beb42233 bd48b075 bf6293b6 3f04855f bec70654 3ee6b2ee 3f10e179 bf48dbb3 bf2f99ac 3f6ae1cf 3f19bd87 3f6707aa be97267e bf70a3ee 3edd52da 3f7191df bf72a9f0 3da208f6 bef5d29d 3e9736a6 3e1f54df bf765210 3f05eb7d 3f21af88 3ee7a6bc bf29e5b9 3d8f485b 3e2a1527 bf4dfdaa 3f031176 bf6c9bce 3f40bdbb bf3217ae 3f6a91cc 3eb85287 3d20b1d4 3dbda7d1 bf18c9b1 3f6ce1e7 bf58a1b6 3ea3c6e3 3ef65eef 3e49ccad 3d854871 be3cad0f 3e9ef295 befdf317 bf428bb9 3f7637e1 3e617ccd 3e69acac 3f4ca3a5 3de239f1 bf5a9d8d 3f129785 bf4a6baa 3f5a21c5 be4fbd2c bf2831ca 3f7461c9 bf3c99b8 3eac629f 3ea7b29d bf37e596 bf57c196 bf532fae 3edc266d 3f5385c2 3c2dcda4 bf2695b3 be99bad1 bcf422dd bf596fd7 3f5cd3d1 bf2d9f91 be8f0650 bf20b5a5 3edb127c bf1aa191 be96ea7b 3e919e48 3f2ab9a9 bf753dc5 be92aa43 3e0dfc91 bf22519c 3ee1068a bc62b7e9 bf7a7c05 bf1c23a3 3ea03674 3f030759 be96d675 3f58adba bf039982 beb35a64 bf1e5f9f 3e26ac96 3e5ce4db be2e4c51 bed9fece 3ede06bb bf55adbc beb32ea1 3f6919e6 3d892850 3f58b9c1 bf3617ba be03b476 bef45f04 3ee0dad5 bf03cf4c 3e1114b0 3f246f6c 3ee646ca bf339fa2 3f116558 bf6145aa 3d78917b 3f3e7d9e be7784a5 bf5f8fdc bef30e85 3f7ad420 bf0f679f 3e8ba6bd bf51cdc0 3f53cbb8 bdc546b3 3eb55e56 bf7cce35 bdad68d9 3ecf26f9 bce92423 bded57e8 bf304b82 3f69f9d1 be010c4c bea5aa83 bf049d6a 3e058d1a beb5fea4 be8b1e9f becc1ee9 bf1a7f89 3ea40e9c 3e3b94ad bd9b38fd bf061f97 3f54d59c bf3385b8 3ed1629f bf6fc3ed 3f3fcd8b 
3f68b5f7 bf6a13ce 3f795e05 bf4b83e3 bf0b197f 3f1d15a0 bedf3ad1 bf61798e 3f385196 bf739fed 3e2564a9 bf292f90 be995290 3f6901d1 bf6e73cc 3f64fff3 bd8a4853 3f20eb86 be18fc13 bf17c75c be6034ae 3e32ed5e be8ea27d 3f4b6fc8 be591480 bf6d440c 3eb5fa45 bf5537cb 3ef7e6e7 bf076193 be9812a9 3edbaa89 be36e43b be429405 beffa711 3e3e5cd8 3f207f8b bf6bb5eb bd15b33f 3f5107a9 bf31e76e 3f620dc0 bf15cb71 bef842e6 bf181d94 bde2d8a0 3f1f2b87 bf583fa6 3f5329b4 bf046561 3e894266 3eb59293 bf0a1d7b bf16ad6b 3f5d45af bf24c598 3f549de2 3ec2f2d3 bec2ce74 3d47afb0 bf5b77b2 3ec21a98 bd6bf2e9 3f7169f7 3eff8ecf 3efe6af8 bf796c15 3f0d077c bf363996 3f3b07ae 3eeb22fe bf0acd7a bebdb2db 3dd00945 be889e77 3dc1e858 3dc9c922 be301c63 3d8c5839 be8ad272 3ec99eaa 3edc9aca bec36e5f bd782f98 3f2ce9a1 3f62edbc be52d50d bd7351ed 3e67dcce 3d091155 bf211980 3e44dc38 3f0a517a 3d9ae971 bf1dc19c bf7c1215 3f6923fb bf2c57c6 3f4e0191 bf3b6fb0 3f7f4083 bf1d0d78 3f666dca bf3e3987 3f65abb9 bec54a83 bcc6a2fb bd68cf1e bf5cc590 3f7cd22d 3e4e9412 bea93640 bf2d2590 bf553dc9 3f1a116f 3f6d3603 bf33fb6a bf24d1a0 3f2e9f85 3e7a5ce5 3f0e3d90 bf4a3fa8 3f32f39d 3ece26db bf06356e beb096a5 bec6d6a0 3f2a89a4 beea62de bc9ea7d9 3f561589 bf29039c 3f42f579 bede0ac5 3ebf0683 befe3ed5 bf26f982 3ec9f6b5 beda3aa9 3f386f96 bf1e0b9c 3f0a5f6f bd0c30e5 bf7c7a41 3f192991 bf1d91a0 3e4b7c12 bdc1a771 3f39999a 3ed916dd bf5005d9 3d518f1e bf450bc0 3d93c8fa bf002145 3ea73ac0 3dc6c893 3e9e0ae6 bf37778b 3f2b2f70 bf0c337b bcebe3d8 3f161b6f be9bd274 be05349c 3f4db5e5 3f5611b3 3f1ccb98 bf33119d bf302f69 3e88be58 3e8982aa 3ea4b67f 3ec6b2af 3eb14e76 bef9fe8d 3e089476 3f4d05b3 beddd6b7 3f74f5e9 bf1b5377 3f7b8427 bf7b3c39 3f03896b 3e321c09 3f5a01e5 bf250f82 3f1bfb7a bf116f5a 3f6485c9 3ed66ea6 3f6473f9 bf2db780 3d075226 3e346453 bf526794 3f78b1de be279d1c 3f2b69cc 3e8a0a81 bf6221b9 3f697bd3 3e515c4d bede8aa7 3f6465cb bea8da96 3eccb6d0 bf70a607 bf2a9978 3f110956 3f51c3c3 bf105d6e 3e4f9453 3f00fd81 be444545 bf5403b4 bf015f80 3f67fbc6 bf21b376 3f3d7ba7 bee26ab6 bde0683e bdc57843 3f72ba01 3f3d05b3 bf6b41c8 3ec8d2ca bf0bb75b 3f6a33c8 bf7f7a80 3e888628 be7ab531 3f2287ad 3f20fdad bf141b6c becb9260 3e82fe5c 3ea466cc bf2a83ab 3e9492d8 3eb6c2b9 3d1d9086 3f3cc172 be84e699 3ee892db 3e6cd573 3f6133ca bf278376 bca4dedf be52f537 3e654ce3 3f26b79b bf45d791 3f0f3998 3ed78acd bee9fab1 
3c27bfbd bebbca8e 3f002175 bee2b2e8 3f750de0 befeeb23 3e469c83 3f660be8 beb2f2a6 3e74bd31 3f40f7b1 be1c645c 3f4c15cb bf5713ac 3efa5eed bf17bda3 be9eb261 be866e5c bed8d2b3 3f622da7 be8a468b 3e81d254 3e7bac84 bf74afe5 3f230b66 3f691405 bf0c2b88 3f6d99ea bf1eb37f 3eed66a5 3f03218d bf42a3a9 3e773cab 3ecb7e65 3e3c7cbc beeb96e2 be867286 3ec1baf8 3f43af9d bf7687f1 3ea9d2c2 be8b36b1 3e411446 3f54f5ae 3e9fb659 3e308440 bf667802 3f746e1d bf4b8fc7 3edc12b2 bf686daa 3ee30aa3 3abe2033 3ef982be 3d30ad43 becacebe be81729b bf3ad5b3 3ec77715 3e25c4d9 3ec7e6a6 3f473bc9 bf568da8 bf180960 bf27878c beb69ebd 3f082161 3f0c6b75 bf65cdd7 3f178fa3 bf7dfc56 3f382b9a 3d9fe7f6 3edf6ecf bf063f6e 3f5497b9 bf6315c3 3ec6527b 3ec60ea8 bf208f95 3f08f586 bf77160f 3f4ed3a2 bf6685ca 3c99a4f3 bf6277cb be9fae61 3f10c575 bf480db1 3d80f87f 3f008d4c bccb5c47 bf2c8968 be94a9f9 3f48c9b9 3f579db6 bf4c8fa3 3f0d5b7d 3ea71e74 bf2a3da8 3e806684 bed97ec1 3e04f49d bbbb8e30 3eb5d2b9 beec32d2 3f0aaf4c 3ca29df6 3ef5cf03 bf64f1db 3f3ac9b0 bf4223b3 3f76bc27 3ed3bade bf26bb76 bf30b9a0 3f3521b4 3e9d1a9b bed1aaaa bea21e89 bf195dad 3f3d1bc3 bf420bc1 be843634 3f3c7db2 beae3691 3f312fa7 bf764e1a 3f64bbc8 be5d94f3 be74847c bcc95f22 3e8e5a7f bf350fce 3f1009a1 beace694 3f770ff6 bf2f85c2 3f12b77f bec79aa4 bee3028b 3ed12aaa be89166d 3f2639a5 bd8e686f be34e441 3f38d974 bf13ef76 bf562dbd 3f108d76 bf017d4a 3f5755be 3eeb2e87 bee236ed 3f09375f 3e96c28d bf4da1b8 3f58c9c5 bf6a07c1 3f4a4fcb be5e0483 3eef0eeb bf630bc3 3eccb2f1 be3a0cd5 bf5527a3 bf560fbe bd915810 3f47ffb5 3d908884 bc9fe0c0 3e2a7cd9 bf7ad250 3e501ce3 bf3b05a2 3f23c97a bd0a6e1d bf0c2988 3ee08ef9 bf7e2a12 3ebf0e90 beb1b26d 3f184572 bf230f39 bef7eabc 3d057212 bebf8ec1 3f6613ef bf3b99d3 bf0a5385 bec54e68 bf7a1420 3f6aedcf bf089b64 3dfc1953 3e28f4b5 bf14277a 3dd22802 bf1aef7e bdd28839 3f0a4189 bf792625 3e185c85 bee7e67e 3f2e4b8e bf7d5e3f 3d8f7843 3f3011a5 3f5bd3e2 bf6e7be3 bf04a774 3f114770 be1b3cf4 bf6bc5c0 3f509dc5 3e9eeac2 3f4063a0 bf2b0d97 3df0686c bcdea2ad 3eb27ed8 be1a7c70 3d216f0b bf474bca bf4ed3b3 3f66b5db bf3391d0 3f7a85fe bf439bb4 3f5077c5 be7ba511 3d739211 be8aba7e bf748214 3f5641be bd318ed1 3f3e9591 bf573fb9 3f7fceb0 bf5bebae 3e6024d1 bea39abd bf5cb9a2 3f2af5a2 bf2fc5c1 beb4e2f4 bece168f 3eecea9e be3c24f0 3f53c1cb bf73d217 bde2677c be1ab487 3f057d78 bf6227de 3ca0d963 
bdbf88e2 3edee6fc bf5eb9b4 3f70580c bf620dda 3d97b97c 3d8b8833 bf051b3c be8a1282 3e28c3dc bf72eff1 3ea34a56 bf151972 3e69b4b8 bdcb79cc 3f1fc559 3eda56ab be0d9c73 3f66a9cb bf73b005 3f3417a1 bf79fbfc 3eeba6fd 3eaef2a7 bf0e7b7b bf2f6dac be055ca6 3e90ae89 bf3dd1c4 3f3e29a2 bf7f1a48 3f2797ad 3e17d415 bf4d178e 3ed9f285 3ec5f2cb 3e3f8cc2 be7be4d5 bf4259a4 3ee1f2a1 3dcaf917 be768cfd 3e2a84e0 bf700def be79851a bc9ca4b1 3f47bd9a be56647f bcec9e98 3e4b4bd8 3f75ca12 bf3769b0 3e54b4eb beec066f bedbbeeb 3f47e393 3e1ca46e 3f60dfe6 bf1ee562 3e3c2ce8 bf1bfd80 bf6687dc 3f4427a2 3f43e7b1 3e984e34 3f2c557b bf5515b2 be28ac2e 3f10a965 bdacc7ac bd9079df 3ead5a9f bf466ba4 3f11b360 bf5ae1c4 3eb342c3 3ec1b6e0 beca9678 3e166c8e be950247 3f1e6b93 bf01d76d 3ef1d257 3eff72cb 3ddff915 3f301fbb 3cf722d0 3e9ca22e bcd8a6e7 3f07c384 be9f0a53 beda1aa4 3f7fbca8 3eada6b4 bf344580 bf5ea7bc 3f51f1c1 bf4481a4 bf1d078b 3f784805 bf0de174 3f728412 bf6fa3fb 3f01459e bf55c7bf 3e6a54a8 bd86786f bf3dad92 3f5dcfcb becf467b be8d569a 3e874e9e 3d093333 bee70e68 3f075181 3f0e4391 bf5cc192 3f050357 bef3a32b 3f5d05b4 bda98806 3e8f0e65 bd138ee1 3e29ed46 be176469 be330466 3dd76985 3f192b97 bf707fbe 3e802683 be94f695 3ec6ca94 bf23d78a 3f6d0de0 bf055795 3eca72d0 bf3a0d97 3f3cb5a6 bf77be0f 3f54dfc8 3e699423 3deb18e1 bf384d7c 3f2e2f76 bf6e4fed 3f467595 bf5331b8 3efcbaaf 3f533fbb bf679dd5 3f708c07 bf7597f5 bef2aecb 3f4375ba bf616ba5 3efd3ef4 bf5bb3ac 3f2bef5e 3db538d6 beab86ed bcd92257 beba9acb 3f1bd982 be7b24f9 3f1e1160 3f1c4773 3f4b39ba bf176b87 beea82d8 3f0f6d8b bf684dbc 3f13c188 3ea6ea84 3e13f4d2 3f4d4dc5 bf7d5447 3ef4daf6 bedac6f9 3eb42ed0 3e6c2c36 3ed6cec3 bf228582 3c8b1ee0 3f339ba9 3e643d35 3d83a871 bc34c200 bf30aba5 3f238d91 3f5003c1 3cace2de 3f707403 bf079994 3e33254b 3ed7127b be22e526 3efd6719 be3c4cef 3f492399 bf32cfc1 3f3e33d1 be172be0 3f76f407 bf12e989 be55446a 3f490bcf 3e285477 bf2d09ba bf0fc79d 3f663ba8 3e3bbced bec34a7f 3e858a09 3f40bfb5 bf6849c4 3c856342 bf64cdaa 3f1ad387 bed40ab0 3ec946ae bf770420 3f0e939f 3ea58a47 3e37a4e8 3f6e71f2 bf5f29df 3f6fd9fb bf3d7592 bed40286 3f024b6f bf3e57ba 3f28e59d 3d204eb2 3e873a84 3e7614e9 bf4c1fa1 bedaaa9e 3e83c271 bed4de94 3efd6b0e bdfdd893 3ec392ab 3f1e719a bf53afbd 3f7967ec 3f1dd77a bf5287e0 3f5581a5 bf5419ca 3d45eea7 3ea1de84 3f02834c 3e244464 bf54a1dc 3f7a0009 3e40441a 
be19c4ad 3e892250 3e9d46dc bf5395b7 3f508db4 be32358d 3eb6f23b bebfc6aa 3f40e77e 3ea79a61 bd99cac2 3ebe3ac2 be0d54d8 3f103582 be1fbc4e bf66e1db 3ded4994 bf02c363 3e477d5e bf49a3b7 3f5a85ae bec3b268 3f2b73cf bf70d7fa 3f4191b9 3f49719a bdea7950 be605c91 3f7359e5 bf767634 3f191369 3d8be908 bf21254a 3f6cdbe1 bf5ba9b3 be18839d beffaee7 3f3a9b6e bda217c5 3f1fe160 befda2bd 3f167391 bedbe2ee 3f576fbe 3e7c3cb9 bdb4272f bf332b9d bf0a717d 3f4c59a9 bf7ac826 be4e9458 be45fc7b 3f56b9a8 bedab6a8 3f73dc05 bf7ce035 bd80091c bf73eff8 3f1d1d9f be691d43 3f3513a3 3f21e37c beed8ae1 bf21d182 bea04a37 bf0c6d81 3f525dc3 bed7aadc 3eaacaad bf14b981 3f063f62 bcdbe516 bef0c6bc 3e993a20 3f52d5a3 bf47cdcd 3c6f3f35 bdb947c5 3ed86ad7 bf26cd7f 3f653fc0 bf6d3e17 3ee9fed1 bf6641d1 beb99eac 3d25cfc2 be822e7d bf26af78 3ef56ae1 bf5639ae 3cc21dc5 3f23efa5 bf746809 bf341fb2 3f7e5e5a 3eb372ec be4d2cf3 3f05d3a0 3f2713b5 bef8a6df bec30a8e 3d58ee6f 3e6ed52b 3e1aac49 3eb88671 3ec5ba84 bd71f334 3ebc52ba bf740c10 3f37f19e 3ea30e42 bd5fce49 beff068e be2dd490 3e33d45e beddb6ab 3ee99add bed95675 3e6ef417 be06ac6e be869a42 bf267d8c 3f52a5b2 bf40a57f 3f2b77a4 bed01698 3cf4e441 bf4afdd5 3f654dca 3edfdeff bedac2f5 3f2ecd80 be85729a be84666a 3cb51ccc be756d0a 3e66ed2f bd82473d 3e6e3d02 be595567 bf0947a7 be91be53 3f7729d6 bf6f59f9 3f4bb1c7 beb1be96 bd96989b 3ebf4ee7 bf75a3e9 3f7fae6f bf5579db 3f1cc797 3e9ea291 3d783180 bf061536 3f4e6fcf 3da338fc 3e0334bc bf7d0667 3f7277c9 bf1a738b 3f60b5ba bedbaef4 bd64517c bf41bb8d bf2b33b3 bd99f98c 3f210372 bde427f9 be85f274 3f5895d4 bf4c8ba0 3ecffacb bf61d3d7 bed35eab 3f6c3bf7 beaf06a3 3ed4be99 3c9a633e bf3989a7 3ea182c4 3e1f5ca1 3e5c8c72 bf534fbc be16ec4d 3e7684d3 3d0d0f4f 3ebebad1 bea71aca bf5663a5 bd6210d5 bef0fad4 bd8eb7b3 bd978797 bee2471d be2194d7 bde8e876 be91a26b bd23d029 3d7e2e56 bb8d7b3c bf6045dc be5024e3 3efebf17 be77a3fe bc09c00c bf5afbb1 3f57bddd be44ec7e bdb689a0 bf25f57d 3f543dc4 bf7ef84c 3e1fe447 3e860aa8 3ed5ced0 bc8fa3a9 3f224f8b bea1f6c5 3d704ffc 3f52fddd bee86ac8 bf587fa1 3efa6acb bf7257f1 3f16bfb6 bf6201cf 3edd8a85 3f6233b9 bf389392 3f4249af bf5e53b0 3eb2fa9a bea37ab1 bbb575ac 3eeeba97 3f275597 bd9ab828 3e18cb26 be729d3a 3e0a3cfe bf40c38c 3f0bf166 bd1ccf26 bf747e1a 3c7fb9a3 3de45908 3ea96ac4 bf1ff968 3f6ca5ee bf4ae7b7 bf095986 3ed9bae9 3e0b0c25 bebb0664 bf0837b0 
be7ad4e3 beac7e73 3dbb9854 3ef09aac bed622f8 bd8cc77d be816eaa 3f2c798d bf7a5041 beecaadd 3e7be488 3e152c99 bec99666 bec26ec6 3e2cc53b 3ef126b8 3eb2d687 bd3a4da6 3e5ff4b5 3ede5aaf bea3eadc 3e240443 bf441dbf 3f757824 bf1e5792 bf593fba 3efeb6de bebc72a2 bf166b98 3f4f438f be575cc9 bef7d2d2 3f4a319c bf578fcd 3f76a20e 3ee40aa7 be15b44e 3c3b3e53 be4f8c03 bf424fa8 3ec54ed7 bf78d60b 3f787429 bf589fa5 be807208 3e869e8c 3f223fa8 3f434f85 bf0d978a 3f075d82 3f240177 be97d67e beff928c 3e06ac46 becc0acd 3edf9b00 3e9a22a3 3ef7d6ec 3eae4abb bf5521a5 bb8c82a1 beeee2a5 3d230fb0 3f33cd7c be019c97 3f326bc5 bf00597e 3e882e95 bf0d5183 3f3ecda2 bf745dd2 3ef6fb18 3f10ed8c bf027595 bed2b6d2 3e5de4c9 3f2259a6 bece6ed9 3dfe78c1 3de7397e bf34b7b9 3f2c7f95 3e010c67 3cf7e255 3f77da03 bebd72bb 3de5e936 3f2d337f be525540 3eb25e3a 3f04af6a bf0f9173 3f2fd796 3f3e7595 bf172779 bf3307ab 3ec3bec5 bf3e0fa5 bec7aa5e 3e0c2452 3f7261df bf48b9b1 3e6e0d59 be875a42 becb4abb bf0f3d5f 3dd62920 3d144fa6 3f4b258b bf265193 bf07e15d bd130fb3 3f6a1fc8 3dee78a3 3e3ffbfe bf4745ac 3f71ee05 bf1d2f7f 3f287d76 bf7a1635 3f6de808 3eb356bf bf437b8c 3f4e5fc3 bf731fc8 3f229592 3e48e4a0 3f27b3b7 bf4801aa bf289578 3ed7531a bf4caf97 3e6b3cdf 3e80822b 3d7872d2 3e867e9b 3cfde3d5 bef0a2bf 3f004177 bea3564e 3f03f785 3ef9aaa7 bf24758e 3ef45ac9 bef442c9 3f14fb90 be70f4e7 bd2f2fcb 3e481541 bf2b8f8b 3f00dd67 3d57d1c1 bf66a3e4 3efe46c4 bd9528e6 be6bdcea bed54e80 bdd79796 3f703df2 bef672a4 3ede46c6 bf7e3050 3da887bf 3ef326d4 3f3b6fa7 3ecb629a bea2be18 bf1f9384 3f5979f5 bf5f6be2 3f42ff98 bf74e9d6 3f4569aa 3e81ae1b 3ee7d2b0 bf0e978a bf198178 3f1cdfa7 bf5157bf 3f69c7db bf23fd91 3e4a9d39 befa56e1 3f75abf2 bd1c713c bf11a778 3e542ceb be35c485 3d9bb7fe 3ef37ee1 3f2507b9 bf01f360 3f604c06 3e2bdc5e 3dcff94f 3ec04eb5 3e565d17 bc47bb68 3ef01713 bf5e45b6 3f3503a5 3f170779 bda88870 3e54bce1 beea66d7 3f05236a 3e28646a 3edf0eb7 be98fab2 3e12a474 3edfe2f2 bed7d304 3f33b782 3b2b1e9d bf37afa7 3eaa7a47 beab62d5 bf207177 3e94a27f be96aa24 bef5cebe 3e999645 3f68b7dd bf1e8f6f 3f0a0777 3e872266 3df9178b 3e11ec80 bf421da4 3e031cbe be1c84ac 3f189176 befdbaf0 3ee94ad5 bf155d8a be67fc7d be1e5452 bf4cd5b2 3f3f6197 bf3139b8 3f39d58e be3f44de bf095d6f 3f002f60 3f1bff7c be71a4eb 3e838a9d bf46bf85 3f77a01b bf4ba7c8 3f37b59e 3e9c5280 bec3eeb2 bd5e73b2 3dd75a23 3f7c482b 
3e921e78 3f0b2392 bf358f97 3ea15ece bf027779 3f7b2404 bf5b65ec 3e082c70 3f3a4d83 3e35e4f8 3dcea918 bf17b3a5 3edd4306 3f259d8f bf108554 3e943e55 bf09db7f be80ee07 3eb3aaef bf03098d be196497 3eb20e34 3dc1888e bd99784c bd61511b 3f1491a0 be60d4ac 3ee9eeb8 3ef372cd bf64bfbf 3effceb9 be36bcba bb72d214 3e87922d bf5c6da1 bf01295e 3ee2d2cf bf1d8d8c 3f4601aa 3dcef940 3f206d74 3ee15aaa bf18715a 3d7f4e40 3f37bbc3 bf23e379 befeaafe bf3bff9a 3e22acc9 be4f5472 bf4de78e 3f6503cd bea5066f 3f411fbf bf4fcfaa 3f29afb5 bf39ad8f bdc91859 bf37d1a5 3f719ffd 3e093421 bd5e9342 3d012f4b be41f3e9 3e9282c2 bf79ee29 3ee00294 be1e0458 3f121b7f be933aea 3f0d7186 bf20a397 be7a146c 3e81e660 3e086c93 3c2ab9ea be80aa7c bf14255f 3f38d576 be8d5a9e 3eed7312 bd3d9044 bf5ca1c9 3f212f91 bf2ad9a8 bef81ee1 3f537fc1 bf77f9dd 3d417243 3da17859 bf27f597 be1d5459 3da0890c bf6e13c4 3ea9ee5c 3f513dc9 be6accfc 3eddaa9d 3f042f8f be9942d1 bf5803d9 3f79a9da bec68a71 3d7632b8 3f0ff967 3f380392 bf27a58e 3e854a59 bf7357ff 3f027b68 3f57eddd bebcc264 beb29664 bf73fff0 3f57bfe3 beace2b1 3ec0beb5 bf26e7a6 3ec58aad 3ef3127d bf15e55f be2dacdc 3dd1284a bdeea903 3f056173 be065c6c bf623bb6 be5ffc97 3f3f07e9 3e220c49 3eecaae1 bc32b691 3ed6aaa0 beb976a8 bebe6ef8 3e84a246 bf05a969 3f6335ff bf658bba 3efec6ce bec39ac3 be407bbb bf18fb83 3f608dc0 bee656ab bf10735e 3f1de386 bef0bef4 3f34c39a 3ed062fa bf4af396 3f31779f be46dce2 3e6d54fd 3d88e8b9 3d1811bd 3eb636b7 bc8fe0ca be8d266f bf50a5c7 3efe12e6 3f3a159e 3dcb4808 bf1a0f78 bf42ff9e 3eb0ae50 3e41cd8c 3df2395a 3e24dc9b bf111576 3ecd1e73 3ec9aa78 beddfefb be9ee263 bea83a70 3f230f88 3f3163b3 bf451b93 3ef082ac 3ec252e0 befd133b 3efb0ae7 3e21044f bf41f79d 3de57890 3f6663c8 bf239d7a 3e654526 3da267f3 be8dc641 bf325792 3f172d72 bf4483b3 bf58bfd3 3f2cfbaf bf7221df 3edae695 bf6f97b2 3f0c9b76 3ea7d268 bf1af185 be3d443b bddd77d8 bf127597 3f51ebd4 bf12b977 be2b6482 bf520dbf 3d820841 3ea5967f beeadaa4 be3e1d1b bcf3a056 beadeeed 3f7f5e75 bf45bfb4 3f3bfb93 3e0093a6 bd34f028 3f3703a9 bedfa6fc 3ec21e71 bf7fc065 3f1a8181 be882665 bf6e2bdd 3f243da7 bf3aaf94 3f3c5585 be1c4c71 3e6facbb bea36682 be24ec82 3f2a9f93 bdb3997f 3f7ca249 bf082950 3f14ff68 3e91b249 bf4751e8 3f2f699d bdc6e874 3f096380 bf23096c bea4b630 3f08ed60 bf498990 3f744df9 bf1bbb8a 3d1b323f beea52c1 3ed5dace bf192f97 3f7265ee bf2b8182 bf40d18f 
3e2d8571 bf75ec03 3f725801 be6154c6 3e2294fd beee76e4 3f641dac bf04357a bf1ecb87 3ee28aeb bf2fb9a7 3f6c21d9 bf050779 be8dd25e 3d75f2cf bee4bea2 3f125d87 3e961230 bed5cacc bdb1c8d0 3f7895e1 bf7421fa 3f3dedb9 bf748a09 3f346b8d 3d5d0f96 bf0fb370 bdf87751 bec13ec0 3f0cb181 bea9aa45 3f222b88 bf4dd9a6 3eef3657 3f21535c be14842b 3f558bbf bf5eafd6 3f249b93 bf66a9e7 bf1db77c beabeaa7 3e9b0661 3f03095d bf428fbe 3f0ab15c 3f2b2d8c 3ee09327 bc27c525 3f3bf777 bf124161 3ef296c4 bf70c7ea 3eb04ef0 3ee5d6ae bf6311b0 3f7045fb beb86e7f 3f395185 bea68a65 bf2e8383 3ebe5273 3eec3ea4 bf5b71d2 3dc2e840 3f69bbb0 beca7a6f 3e89eaa4 bf744a01 3de6c7e6 be42ed0e 3f78c1fd bf4cbfd7 3f5b15d9 befabb0a bce19e62 3e9adaa4 3eac1254 bdc0a927 bf42cf90 3eb07672 bed1ca60 3f57b1cd bf296990 3eb646b5 3ec4ae91 be22bc06 bd1a115f 3f14bb78 bf197378 3f578db2 3f013f8a becae28a 3f6137ba bee53efa bdd559a9 bf6105d7 3f3eafbc bf779e18 3f034b82 3f01cb81 bf4cb39f 3ec0de58 3d5e522c bee67edc bf4723c2 3f7739ce beabdaa3 3f624dc8 befe22c0 be992e95 be9ab2b7 3f527fb3 3ebf6ed1 bf142f89 3f24d195 bf75dc07 3f43ff85 be8d5284 bf5407d8 3f6a6ffd bed80b0d 3f21dd7d be3bed22 bf4fdddb 3f157769 3ed8ef4a 3ec73eb7 bf0c6f84 beb9d26d bd6b70df bedc4e90 be531591 3ea91aa6 3d91c878 bda4ba14 3e46cd05 bf032f6d 3f0b8f9c bda517b3 be1e9c43 3e9d6a68 3f62fdf6 bf77ec0d 3f0eed82 3ec17a88 bd87a834 be503ce9 bf488988 bd2a301c 3ec54294 bf456bc1 3f36a5c3 bef622ec be571c64 be9b1a91 3f19d587 bf51879a 3f473fc7 3f4699a0 bef522e8 bf7267f0 3e4654f6 3eed5eba 3ef8cf21 bf697be6 3ed23e96 bee9baf2 be011c56 3f6a01ee bf4df7e5 bda409b8 bd94f864 3f2aa39b bd8a58cb bf5a3dc7 beaea232 3f4989b7 bf00578d bf6e75b2 3f6fe3dd bf1daf93 be81863d 3f6ab3ba bf17676f befe42b2 3e7ff468 3ed6fe7a bf5ec1a9 3f62d7db be31d394 3e74c4f9 3eaf3278 3f2c2f82 3e0b3c23 bee1a6bb 3f522dbb 3ed01ec3 bf5679cb 3f005584 beccb66a 3f04e564 3d8ef73f 3f0c5f6c bef53ad8 3db187cf 3f17a37e 3f2a2b88 3ee3ba9f bf7609f5 3f4487cb 3ee07698 be979266 3ebe82c1 bf731216 3f4ecbb2 bf6965e3 3effff1c beba56ae bf2fcd8c 3f3b47ba bef136c6 3f16417c bf04fd49 3f7d1420 becd62eb 3f7ac5da bf5a15c8 3f145583 3d29d261 bf5981a6 3f5b29b3 beb09ebb bec21e96 bf014b6a bf4e7dcc 3f21fd9f beed2e91 bdbe6888 3eec369a bf0a4f86 bf31bb84 3ebabe27 3eb85692 beb106a2 bc95de69 3f08c366 befd1f16 bdf0c80a 3f4f87b0 be4e750e be2764a6 3e4284a6 bec0d23d 3e95426b 3efc26ba 
be307cb6 3f12915a be51147a bf35edab 3f6f75ed bf67b7d6 bdaf9896 3f3017aa be813270 3e8dd645 be3e8c83 3c4ec1bd bd862851 3cf9deac 3f04bd75 3f208196 bf7e3244 3e8bb290 3db648e8 3efafee0 bf220386 be9bda9e 3f094186 3d811952 bea1c6ac bef5b700 3ee57a97 3f16a96d becbc2ba 3f0d6594 bf4ee39b 3d9a77f9 3f254791 bf7e5a5c 3f06337c bf47319f be12749b 3efcf639 bf1a3799 3f6a59e5 3f009164 3f46c1ad bf69e5cb 3e15c408 be3bb417 3ceda076 bf69b39c 3e091c73 bf51e58a 3e302d19 3de01871 be43b44e 3f702410 bf3a598b bdc1b769 3f29e799 bf31b389 3ef30694 beb87ad5 bede5682 3f79f80b bf01af43 be94d6b0 3f1ac992 3e97f6b2 bf49c1af be7aed66 3f141b81 3eb90692 3f4017a9 bf67c7f3 be5c655b 3f0d117f bf458da4 3e9e8686 3d16f17b be73acc1 bdaa989b be1783b4 3f4465ba 3e870e94 bf01d95d 3ec8067c be44e48c 3ec126c7 be6094eb bf25ef94 3f154778 bdb108e0 bdb0182e be7654f0 bf58ffaa 3ef04a8d bf158d71 3e85fa8a 3dd8d881 3f36dfc1 beb5ee95 be99227d 3f435bc1 bf770a1a 3f50139f befd8ec3 3e8aba5b be9d6eef 3f64f1b3 bf244579 bf1a5f90 3eb9726c bf0fab58 3eeb5298 3ebc8ecf bf6c25ee 3f1f4d80 bf4c2ba9 3f01394e 3e323c4a bd8b674f 3ef646fd be0b9c78 3ec4ea86 bf3097b1 3c05bfd6 be3ce4a8 3f7e444b bf387ba5 3dfbd811 bf6dede2 3f7f5c53 beae7ab0 3eda12d1 3e89feac 3e86a2a4 bef7b6eb 3eefcad4 3de70a1a bed21a65 3f67efb6 bf7177f0 3ed6da88 bd79f10b bd874926 bf2af9a8 3d98a863 3e693c54 bf450fa9 3bcc809b 3f064f48 3f613bcb bebcf6f4 3e165478 3f280170 bf5b45d3 3ea2bee3 3f1ed36c 3e3f94ad bf3669a6 3f2677c6 bf4bddcb bf10818d 3ed21aa3 3f4413b7 bdc6c6f9 bf3a0995 3f42a796 be668cf7 3f6bc7d0 bf5da3cc 3f6061a8 bf765c1f 3eb73698 3f22f382 bcd2a055 bf35dda5 3eeee2dd 3f7233d6 bbea7c8c bf5bfdb6 3f70ffd9 3f370595 bf5123d9 3f097d7a 3e6714e4 bf3877a5 3eb69ab9 3f70a7d4 bf7d6a39 3f051d58 be69dcf0 3ec9e2b9 bf6159e1 3f052170 bf74f3f4 3cbb1c03 bf03c15b 3f2ec3a8 bf79302a be85ee8a 3f4e97a8 bf46058e 3f4ccdbd be796573 bf519dd6 3f25bf95 bf602deb 3f3a0b94 bf6199cc bf2be7b7 bebefe87 3f71d007 bf723def bd772e76 bef116b9 3f2fd97f bcd7a01f 3dfd97b6 bd4d91ef 3d08adc2 be322d37 3f50b3dd bef42b00 be7afd6a 3f4a49a8 bf6fbff5 bd843901 3cfb9cf8 bf518dc1 3f29ad9f bee5dad2 bedd92c3 3f474fb5 be2874c1 bd76b05d 3f00ed45 3f63d1cb 3ecaaeba bd81a72b be83ce3e 3ce9a14a bd5b70b7 3f1fe372 3f19a769 bf1b455e 3b58f9ec 3ed04a8c 3e0ef4d7 bf6a9ddf 3f7a4414 bf2f7398 3eb5dab8 bf4f8fc7 3f4fada2 bd86e93d bebc127f 3ef63f08 bf0ea36f 
bf4435c2 3f42af9c bf58859e 3f7ace23 bf2acb99 3f6ef9ed be377c60 bf293d82 3f54b1c5 bf46a7d7 3f38a7b5 bf0c557e 3ed17aac bc394916 bf2f9fd8 bf3ed1c5 3f7a6010 be852a76 be744c36 bf257993 3ed80291 3f6649be bf79e419 3e3b6ce2 3f25d38b be634cb9 3ec27ad7 bf0c915d bf010f4b 3f55939e bf212153 3f79581b bf7f8689 3f58fdf5 beb1525c 3e549ca4 3ef1fed0 bf396188 3f4b9be2 bf7495f6 bedae680 bf4a3d92 3f5f5de9 bddcf9b5 bcb7deb9 3f7201d4 bf112b50 3f62f5d9 3eb56a56 bf1db381 3f2c3fab bf44ddc5 3dc119d3 be08ac1c 3f30f378 bf63d5fe 3f2a4597 bf5107a7 3f12ab6c bb966c5c 3e913a17 bf20e792 3ecd72b7 3d0ef1d3 bf616fb9 3f3ce97d 3f061164 bf56d7b8 bf1dd572 bdfec89c 3ea462c6 3ef0c2d0 bef03703 3eee9670 bee296ba 3f440b88 bf4a2b99 3f1e379a be38b4da bf443bbd 3dfb0915 bf17d171 3f35db8f bf3e0da9 bea23a94 3ea94678 3ee7ef05 bd5b91c0 bf6559bd 3f19bb8b 3ea0f282 3db3b702 3e1b2cf6 3e6b0d43 becd9eb4 3e980a6f bf7dd445 3f342590 3eca66d4 bf2c3dab 3d8cf819 3ebe9a7b beb1ee8d 3ca51f59 3f5a67c1 bf7f5e8c 3ef9b28c 3f7f4a68 bf563ba8 3f7cb829 bf121373 3eaba2a2 bed036c5 3dec6883 3f189f76 bf355da3 3e715c74 bf0e0f49 bf091f44 3f1b1991 bf3069ac 3f49afb5 3e87262e bef34ef2 3d9e779b bea40639 3e86424e 3f3297aa bf6c4dfc 3f41376d bf11ab85 bf07dd4a 3f395b94 bf406d92 3e385c51 bf782c2b 3f5c4fa3 bf7e3662 3f0f4d75 3e0f1423 bef1aae0 3ed9deaa 3dd3c920 3ef3eae1 be59ac64 3f14d393 bdd117f9 beb8ae8f bf65cbcd 3e704482 bdbb7848 bf36f189 3f46af9a bb78d8e7 bf62739b bbb0817e 3e29741c 3ea1e643 3e8cb69c 3ee14ada be9536b0 bf2a9fae 3f094565 beb4029d 3d32107b bf303fca bef4f729 3f747fee bf7465f7 3f5499d3 be920652 bf0dd36e becd2ecb 3f796bfe bf6653cc bf68fbc8 3ecc36c2 3f05897b bf6b1c18 bf327dc8 3f7a8041 bf5ef7e4 3e63dc54 3ebbfaa9 be347544 bf63bfca 3f4bebc1 bd817800 bf286f9b 3f5855a7 bef3631a 3f613dd1 bed7c2f4 3f7f6c58 bf3515a9 3ecc02da 3f08a964 be953ef1 3ec49292 be82ba5f bea1e669 3e4b942f 3e845a8f bdb24853 3e809e6d 3e5b8cc2 3e63e4a0 3f2ef383 3e99fa9a bf2cab88 3f4adbae bb4ed943 3f1cf79f bf0e136c bf2f798e 3f44a5b3 bef5baf5 3ee286bb 3dbe886d bf27d9a2 3f0dfb92 be9a9651 be2edc31 3f360d85 be88527b 3f3af194 bece4ada 3f52d9aa bf2c5f8e 3f7171d8 be4d352e bf6dbba9 3f0ba154 bf51318b bf011140 bf5a91df 3ea646c1 3e0e13eb 3f2be1b5 bf5f0bb8 be8df23c be8a7294 3ec3ce97 be303bb5 bf127d90 3f1949b4 bee3c6b8 3f18a77d bece7e55 bd7a51fc 3f3573a3 bf668fea 3e585483 3ed31ed3 bf661be0 3f7e3c43 
3f32a5c9 bf289784 3e9faead 3e007434 bf3ad3a2 bd8b0968 3eac0e8a be80a267 bcd41efc be1c6c3f 3dd0c926 3d953983 bed61adf 3efa32e7 3e15040f 3f67a9de bf0bc99e be4ac54d 3f02f55c 3f6f1bd0 bf43ab9e bee68b27 3f1629a9 bf0bbfaa 3d89f7d9 be89665d be300c25 3e579cb4 3ee962bb bed29a99 3d69d2a2 be29f446 bdee499e 3ee0cb0b bf2d2dc5 3f56e5cb bf4cb9ac 3f5473b8 bf4c77b5 3f5601b1 3ec10ef6 3f313194 bf4863bb 3eaa3a8e be61dcaf bf7df43c 3f385b96 bf3d9fa2 beb21e8c 3f6e95e7 bf7b5c47 3f7755fa bed07671 3f0a7d68 bf715bff 3f2cf5a3 bc0c4b44 3e21646e 3ec83add bf5cebab 3c91de0b 3e9ed67b 3eeae26e bf52db8e 3f7c65fd becc46b5 bef5e2b0 3f231786 3f77fe0e bf108b76 3e947e79 beac52c8 bed91263 3f6997c1 bec716a8 bf0943a6 3f7275ca bf522fd8 3f68c7e6 be697427 3f66d9db 3d162ec3 be5f74dc 3eecaebe 3f5d41aa bf4a95ab 3bec933a be73650f 3f695fc4 be1733a7 bf690fe1 3f7db242 bf4d77ca 3de6586a 3e986653 be3f0484 3f20a9b7 befd32a4 bf2db376 3f3e55b9 3e9266ba bf4153af 3f37199e bee9d705 bf607bf2 3f5a41f7 bf233fb9 bef142b1 bb27127c 3d36efc7 bf3af9b1 3f109754 bcc42582 3ec859fc bf69a5f2 3f7e882e be9aaa8a 3f0ea96e 3f5fabac bf55d7bb 3eac32bb beac32e3 bf39d9a7 3f754a08 bf202f68 3f1b5366 be2e2549 bec40ad3 3ea0d695 befe7328 3f24997b 3d24131e bf10af8d 3f3afd81 3ef4caf6 3efd0690 be41358e 3ee1deb7 3cb29f39 bf17656c 3f6ee5f3 bf76781f 3f09c58e bf08158b bf10ef66 3df419c5 3e458cc5 b96f861f 3f239f8b 3ef0da73 bec3f2c8 3f271599 be8c9a75 bf07e565 3f6cbdfd 3e8bb672 be4fad07 bee37a79 be7e7c98 be8be67e 3eb43ede 3e6af51a be88668e 3ecbcec3 3c1ebf35 3f68dbaa 3e8106a2 bf6b69e0 3f6327f9 bf3f678f 3f0d2985 3e21745b 3f585fde bf79ea24 3f70bdeb 3f6535de bf3c5b8e 3d69f229 3f1b5b4f 3f05676c bf335ba1 3f258fb9 bdfb97b0 bf2d4192 3f33116f 3e448c90 bee3ceb4 3e405c98 3eb63289 bf198387 3c18bed5 bea3d67c 3d27d1e5 bedd66b6 3ef4eb14 beaf426a bf2b5d8a 3f36c3d8 bf586bc7 3e8a9ae4 3f3427a7 bf7c6823 3f643da8 bef636b9 bda1987a be480d12 bf53f5d8 3f081173 bf5d27e9 3f1c137a bf3fb59a 3e93327a bf792a16 3f4541a0 3f4b71d7 bf7c4c16 3ee852f1 bf4361ad 3f0b8969 bef41ad6 3ebb4a50 3e5ab524 bf268776 3eb2debc bec9dab4 be764d78 3dda68af bf493f8f 3f226da7 bf5e7de4 3db518ee 3f019d64 3f3ea379 be66e474 3f57c3c7 3f1f6f89 bc7db90a bf17b990 be478c72 3edeb684 3f4c11be bf6a65f0 3f3fd9b9 be5edd29 3f155783 bf5653c7 3f793e1f bf688bcc 3e5c4550 3f1b717a bf56ffcd 3f7b821a bf2d03af 3e9e02a4 3ee37687 bf21fd8d 
3f26657f bf6167c7 3f71dff1 bf3375a1 3f5c49ab 3ddc0878 bf437f8f 3f712203 be3a64c9 3e797d2f be798ce1 3d96589e 3ec19ae2 bf2f91c1 bdf518ca be81de7c bf047f5f 3f78762a bf62c3f5 bf63f7d3 3f5f91bb bebd2ab4 3f2c8f8c bdaf7958 be306c12 3f1bf167 bef9c2af 3f1ecb6d bed17689 bec50ed8 3f6105e2 bf39637a 3f2ed59b bf1f8574 3ec276d5 bf1c1784 3de49a39 bec466c7 3f058573 bf228195 be17bc54 bf58c1be 3f6841f3 bf4e17bb 3f548db4 3dc577f2 3f021198 bf057f81 3f1f5975 bf1d7382 3e293486 3e62b4a0 bf4cefc4 3efc5eaf 3e786479 bebc3eb8 3e384ca6 bf5d6fb6 3ecea28b 3e39ecb1 3edf1699 bec71ebf bf3e9dc3 3f5723bc bf25b7a7 3e76ac68 bddad8b8 be3824f6 bf46cd9d 3ebd269f be8c825b 3e5ddcab 3eda3ea4 bf761a02 3e35c4a1 3eb0a669 bea8569d be3b0cdc bd02f180 bf26d5a6 be93127a beda56cf 3e9f0e86 bf79f41c bd92a8f2 bc856209 3e64b3d8 3dabd8d5 bee416b3 be5be586 3f1e1982 bf52d7a8 3e8f8aa5 3eb6d2af bf251b82 3ee516e3 bf325daa 3f3657c9 3e9cbe9b be57ed79 bf42b195 3f4959b5 bf352b9d 3f4df5a9 3f1ef56d bf1fff84 3f4fc9c5 3e8752bf be710cc3 3f447bcb bebafaa4 3f1bc571 bf6479bf 3e84bad0 3e426c59 bf244dbe 3d4cd08f bef50306 bf446d8a 3f0c0790 3e2b9c5e 3e594c47 3eeb831d bec47ef2 be44c458 3f100da7 bf6fafd9 3ef2ae9a 3f27ff7c bf7c7640 3f124b60 bed6aaec 3f5061c1 bf6f5df5 bf587b91 be47c47e be226c22 bf113f7f 3ed5367c be21246c becd3aa6 3f737bdd bf6b91d9 3f101d7f 3f7491ef be567cd4 bf5501ac 3f5867d9 bf2f5d88 bf774011 3f66cdf3 bf7263d2 3ef6a720 3e98426b bee4ceab bf4fe7c6 3f1c1bab bc84253d 3e133c6d 3f5845c5 bf7f4a69 3e3c44c2 3e2ea4d3 bea2a27e be857ed7 bf5b31d6 3e02449c 3e8d4e95 bcdc6410 be0e8397 bd9c089a bf08539b bf06456f 3eccbab9 bf066f51 bf610fd0 3f7ab805 bf534bb4 3dd4b86b bf10fd91 3f0a3b99 bf2cd5a4 3f320bc5 bd7a71fa be158474 be775c90 3f21c779 bf52f7d0 3eff0e9e bdfd98c5 3f5d69d1 bf2bc7ae 3f3281b0 bef64ae2 3e9cd277 be858a5e 3f76b40d bf4593af 3f3609a7 3dcf6886 bf4dbda2 3f6f55ec bf5753cf be319ccd 3f3d27b5 be39250f 3f76b1f2 befd9e85 bdf5b8b8 3f3a8d8f be6d1d53 3e18d3a8 3f352796 bf57a9d9 be8fde87 3d9ab89e 3f6a5bff be9d6abf bda109b0 3f2eef85 bf71d9d7 3f1a49a6 3d0a711c 3e3d2c74 bf054d7d 3f758207 bef83ef7 3f738e16 bf0a9786 3f03bd62 3ec89a91 bf527ba9 bf07896f bf059366 3e706cc4 bf6385d1 bdf938e3 3f6d91d7 bf220797 3e961a56 bf3591ad 3f60d3af bf1ab7a6 bf000b68 3f0ea778 3e2224a2 bf63de15 3f77fa16 bea562cf bec1f2c3 3d0531ea be40e54c 3f09f584 bf6d35df 3ededebc bf0f0b7f 
3f461173 be58dcb4 3e444401 bf60edcf 3f3211a8 bf5befa8 3f7f2e6b bf6bade1 be94fa60 3d00ee7e 3f184985 bf7e124b 3f587dbc bea9be7f 3f57b5e5 bebbaef1 3f3659c9 bf2ecf7c 3f249384 3ed876a9 3e036c23 bdcb0868 bf6d31d5 3f260d8c bf1d4d59 3f1cf174 beaf76c3 bf15217f 3f22499c be6b14c8 3e7df489 bee4aad9 3f1e6793 bf3a45ab 3f76c802 be890e60 3f72bc0e bf00d38f 3f097590 bf1f6186 3f75e82c 3df9d90f be55e523 3ed26eb9 beff630b bd658e31 bf41b9a0 3f0aef5e 3ea5f69e bf2c05a1 3f53efdf bf2ee387 3f7405f3 bf57e5b6 3eb80283 bed20e69 3f32ab99 bd9ca89f 3eeb62e8 bf791414 3ec3969f bdf4d8d6 3f5345c1 bec3eab1 3d3f0ff4 3e829680 bcce6650 3f31a399 bf130d67 3f757c17 bf1ad5a4 3e5c351f 3d419233 3d9d87c2 3f66cfef bf6443cb 3f511dc3 befa12b9 3f64edb5 3da7d87b 3f5c0fd7 bee652c7 3f5c8dc1 3e8f2a56 3e8eea3b be4becf9 3f2b65ab bf5587bf 3ef61ac2 3db0869d 3eacda6d bdf348e7 3f3127a9 bf618bd1 3f5dd602 bf31b772 3f639dde bf56e9b8 be426c9b 3e343c60 3ef8bea8 3d440f73 be406466 beb6ce69 bf0c0391 3e94c6b4 bf3aab78 be91eaa2 3ec686ec bf6075c0 3ecb6e60 bece66d1 3ef54f32 bea78ec5 3f282568 be505d2c 3f56b1c1 be821690 3f7503f5 bf088d75 be8f8a75 be559416 bf0d27a9 3f376994 bec24268 be087c57 3f540bc5 bf208394 be9c2668 3f4d5f93 be31a504 bec482f5 be75b4cd 3f5f17cf 3f44f3ac 3ebc1636 3e3be4cb 3f3a5b7f bf41c9a6 3f6ebbb6 bec45aef bf01e587 3f61299b bf1eef9b bf5bfbc5 3db6d8f9 3f6e7de5 bf7ac01f 3f1defab 3f25b9af be6a453c 3e5f14f1 bd54b2df bf323193 3f6a39d9 3ea2b6ff bee78efb 3f3e41d6 bf22238f bf240968 3f234376 3f08432a bf787203 3f362595 3e91b67d 3f17b745 be0c246c be1c1c57 bd76ee74 3df097dc 3ed9a2a7 3e887651 3f3e6dab bf08cb83 3f757210 bf001182 3efe4ec4 be88be43 3f66cbf9 bf6999f7 3f662be8 be8cf677 bf388bad 3f61f1e3 bf6243cb 3f307f94 bf567bc3 3f6b1603 bebc8a5f bea81e86 bf09df86 3f503fb3 bf6be9bb 3f793c23 bf4fd38c 3f15a58a bf709dd8 3f2e1786 bf68a7e9 3ea7f2d9 be706421 3e5b3452 3e0bc4c8 3f3283b9 bf49abc5 3d8d48f9 bf48a5d5 3f0a6d88 3e35dd11 bf00db87 be5a64e9 3e807e58 bf1c856a 3f346d8e 3e8b324b be37147a bf469f9b bdaa37f4 3f26ad59 bf6b07ea 3f4c81c1 bf192791 be79e4f2 3f011f77 be3b9c91 3ded2970 bf5971de 3ec33697 bf1b4b8b 3ecd168b bf66e3e4 3f771203 3edba280 3f3b4da4 bea816c4 3d77d13f 3f29c1b3 bf4ddd97 3f43e1a6 bed1e697 3dc0f91c bf09e19a 3f388594 3ebffac5 bf76a3ff 3e874a75 3f051b4c bf06ff89 be015408 3f75d7fc bef3fafe 3f08ff84 bf316589 3f479194 3eaf8e64 bf2f4b96 
bf1ff568 bf08f55f 3f25216e 3f0add7f bf5449ad 3f4415a8 bf5b9bc0 3f34699e 3f673ff3 bf5bd1b2 3e887a75 3ddc1869 bdcf5826 beb45ab2 be6cdc35 be1c54cf 3e35ccd8 beec9684 3ea0c6ab bf051f4e bf1963ad 3f30e790 bd8f76ea 3f176366 beda0e62 bf15137d 3f7c8211 bed426aa 3f256f83 bf7ec866 3f416faa bf53b3a6 3f1b6d82 bec14e77 3bf08298 bf5c6f92 be80b68e 3d4d91ec bee96f17 3f41ff96 bf21ab6d bf1d7f93 3f2d6ba1 bf7ba207 3f602dc4 beca7eac 3f75cde3 bee0fe78 bf4959a0 3f75a206 beb4265b bf34a383 3f51e5cd bf012d40 3f0d777e be51953d beca4e8c 3e42f56b bee82aa1 3f32879f 3d87095b bf5dc3aa 3ed7a6d4 bf10557d 3de177ff bc073f05 bf315d9d 3e4f64e8 3cd26001 bf20dd8e 3f35c3bb bf6dfdec 3f184164 bf692dbd 3e53b489 bf340582 3ef6aae5 be989285 be9dca1c bf7c8618 3e838672 beeba2fd be9cf6af bf42d7db 3e50d4ea be23a476 bf462b8e 3f387baf 3e4f5c89 bf19e189 bee8d666 3e1e7cc6 be9c6649 be9626cf 3f339fa5 bf2f81d9 3dfde9a4 3deab77c 3f01814a be20f468 bf53abc1 3ec99ab5 be6f6d85 3f234d7a bdc468e0 3efa2b05 3e3aad0d 3f26ef98 bf00cd7e 3ea18ab3 3f09c189 bf61b9aa 3f6e87d4 bed9e6bd bf212975 3e44f47b bf5d39c4 3e7b34dc bedefacc 3de81838 3ebb82a3 3f04056d be132cbf 3cd9609b 3e2be42b be5a1c89 bed7baaf 3f66c5bf bf3673a3 bc253ccf bee4a6ef 3f667fe5 be6c7474 bf2d17a9 bf2bd9a1 be82c246 bf605be7 3eac8234 bec00ab2 bec622a7 3ebd62b0 3e59ccbd bf2f61a6 3f671fce 3dd0a861 3ee85e7a bf3ca1bd 3ee9eace bdd0886e becf56ef be7e9c75 bdedd848 3f3d337e be2e44ae bed666e1 be313c8a bdbf9897 bf2c8774 3eb57aae 3f557794 bf33478a beb16634 3f0aa186 bc931843 bf782204 3e555cf2 be996ec9 3eea3aed beae166f 3eaaae7c bf6cf3e5 be0d6451 beeb8af2 be473d30 3dae08d2 bcd3e302 3e7e4d50 bf713fd6 3f123576 be3cb4d5 bdbc8893 be144cf5 3f554d92 bf6d7001 3f524b95 be47fcc4 3ed4b67f bf1343a7 bc906115 3f49417e 3e0dc48a bf55d3b4 3f60c5f1 bf4dc993 3ebb26ba 3ebb22a4 bf164d97 3f6c93ea be843e42 3f22b195 be8a8e6d 3e495ccc bf7bca15 3ee1ee83 bedbd308 3f22d3ab 3e911250 be7eecc5 bf0fd991 3f7d0c30 bf34f58e 3f6c9ff3 bf35457a 3ddf698d bf0c5f7e 3e9f165e 3f3ccbb3 3d8eb921 bf3f1bb7 3f27ed77 bec3466b 3f552dd7 bf04096d 3e57a522 bf36d570 3f337fbe 3d95d89a 3e5e9c9c 3df95a2a bc01c520 3ec2aeb9 bf04f566 bec0ce51 bf7b442c 3f2f959e 3dfee699 beac42b0 be6424fc bd219135 be129470 3f67d5d1 be4344f9 bf1ef3b5 3d1f9200 3f64f7f5 bef5fead bdb53867 3ee54a8e bf177389 3e8142d5 bf642fef 3f4be3bb bf2b119b 3e998e69 bf78a3f4 3f6199d3 
3da3f816 3f7f1677 bf7117f6 bee256a5 3f78ee09 bf187b70 3f29f584 bf217f99 bf5647a4 3f60f3af bf1edb75 3f1ad95e bef4fb01 3f0ad37f 3f1dcb76 bf40799b 3f29eb79 beb3da9a 3eebd727 beb8fa80 3f534bb6 bea3e6b6 bd22cf5e bf176376 3f235184 3ed63b43 bf3c61b3 3e219cbe be9a923c 3f001d8a 3dbd48b3 3d9b87ff 3e7bf495 bec22e62 3f10ff77 3f1b7370 3f17e5a4 bee56e7d 3f408baf bf773c03 3f180d91 3ef3f680 be895ea3 3f138183 bed35aa0 3e4644a5 bf125f94 3dbcd7b2 3f5929bf bf6c65ea 3ea85293 3f3035b9 bf30b5ca 3dd577b3 bee4d6d4 3f3eb1b1 bf119d72 3ef8c6d4 3c633e02 bf4bb1ce 3f3fa9bb bd58705d 3ef14ece bef38f09 3f7bec07 bec8527e 3f5b1ff6 bf49d7bd 3f790de0 bf1fe17e 3e9c4eba 3ee0aec9 3c383b57 3e9d12af 3ea21a58 3e8bba33 3e1a6cc3 beca9e58 3f5849c7 3f136d62 bdb5c934 3ea68e76 3f0e8f89 3e2fedab 3f12cb8c beab7272 3f76202e bf12a370 bef08a9f 3f207774 3f3fb99b bf3c3b94 3f71f3e5 be8acaab bdf3a85d 3d31d092 3f11056f bf28fdab bdb938b5 3df9e8ed 3f5553cd bf1c8d85 3ebcc34b bdccf9ba bea48a76 bdc9f984 bf05cd73 bf19c98f 3f701def bf5cf3ab 3eb7aa76 3d9108c3 befa069e 3dd0da21 3f46f787 be042536 3f4b6bbe be963677 3bdb8f6d 3ed082fd bf738ffe 3e163c3d bd9146d0 be36fc8c beaf1693 3f7da833 bf16218f bebacad3 3f2d9b95 3ec13ab6 bbcd8dd4 bf077189 3f1a9b69 3df6990c 3ed2eab6 3f702bd6 3df756e3 3e1c7454 3e30cc75 3f211b97 bf566191 3f591bb2 bf5d9bcb 3efaeb3c bf7d8820 3eccdeee beeceed0 3f24b191 bf213d9a 3e2aa4a4 3f51cdc7 becffacc bf3f19b5 3f0b0981 be204c41 3f15cdad 3e321447 3f2c45ba bda0176e bf3cb1d3 3f0b6981 3d0971ee bddea9bb bd5a71f1 3ed256a3 3ee1b6bc bf33b77d 3f25e18c bf0ff152 3e8fe26a 3f3a5d8e bd38f111 3f7c7a34 beede6fa 3eab468a bf4ac597 3ebc3ed6 3ef346a7 be886e93 be95e265 3f1a0d6b beffd6de 3e26fc88 3d040fa0 be750d0d be312d05 bf16b17e 3f75bbe3 be695487 bf521dc5 3f168f7c be765ccd 3f235f79 bf33819b 3f24e384 bf788630 3f7bfe39 bf578dd6 bf030d6d 3e3cd562 bf148382 3f21cd85 3f091193 beca6a31 3e96828f 3d5611f5 bf76ca16 3f71d5fd be0194c0 bec32eca 3eeaa285 bf201391 3ebe92a9 3e9c9287 3ea3d6a6 be4d7d50 bf787012 3ef2cef2 3ec6c6a6 bea80ef6 3de44a45 bf62a1eb 3f5ef7c9 bea9929d 3f41b799 bf4f25ba 3eb156a5 bf1f919c 3eb132d2 bf1b3773 3f24eb93 bf07f35b 3f4bcbc7 3f347d86 bf404980 be9ada90 3f004d6b bd72f0e9 3f6b6fb7 bf789202 be7d8d44 bd6fb243 3f5cebc7 bf5d7fb2 3cd7e088 bde9a8c4 bdf128e4 bd2ab1ae 3f098b79 beeaee66 3f73d402 bf35dbb2 3f4461de bea14e98 3f032d71 be23ec85 
bec4d277 bf1f2580 3f5175b2 bdfd68f9 bd570f7d bf4e598e 3f21b166 bc594a27 3eb0ba55 3de0e8ba bdd8c7ad bebc3291 3edb569c bf53c5b9 3c754102 be065411 3f152b6c bf3397d1 3e0ae4f4 3ee366dd bf23c5b7 bdf56839 3e97b266 be77cd03 3e8b42a6 bf3d639c 3e7cdcb1 3f21d979 bf16ed74 3dfd1993 bf4739c0 3ef986d3 bf5be5b6 3f3785ad bf2d6b5f bf19437c bf179b83 3ef73aeb beaf2312 3ea00647 bce0e34b bf01cd71 be17943c bd9bb92e 3b351340 be831aa6 3f17fda3 bedcc65d 3e3c2560 be736cab 3edc02c9 bf50679f 3ecc7ec9 3f11db66 be25d455 bf007b75 3f42eb95 bf363393 3ee6aa8c 3ef50272 bf66bfbb 3eaf12ca bf372796 3f3903ab bf788012 bef02eb5 3eb0cabb bd3dcf53 bf3c4bac 3f6121e9 bf3b13d1 be766c5b be1fd4fc bec076ad bc952061 bed0d6db bde0a922 3e4b5c42 bf0725a1 bef7aebf 3e37acdc bf54fbb3 3ec212d7 bf6771d9 be068c0e beb38b01 3dcb29a7 beb22ab7 3f5bdbd8 bf7c0e3c 3e3f3cc6 be1fac50 be436bf6 bdda183a 3e9a428b becb1294 bdeed838 3e8f165f 3e7bdcd2 bf252b80 be7a5d1e 3f09af77 bf5d6da9 3f0d7b68 bf2bb77a 3f753a1b 3e060be0 3eaf1ecc bf020550 3ecb4b02 bea0fa8e be17fc54 3f63ddc4 bf5895eb 3ea3f27c bf3e937c be7024f5 3e901a70 bd44f005 be1f74ab 3f2c875c be569c79 3ce5a679 3ec292c9 3e393c8f bf5315d6 3ead1a86 3f25fbc6 bf435dd2 bf5dcbb7 3f284b7f be4d95b4 bf67bfb6 3f5413d6 bf4f05ce bf2fb799 be741cd6 3e3284c9 bf51c1cf 3f1f3177 bf69cdda 3f12e16d 3e474cd0 bdb1599b 3ea4b2b1 3ebf2ad9 be14dc5e be42c554 3f07637a 3d2692dd bf72b9f6 3f7b9c24 be3c54a2 3eee868b bee126e6 becedafb bed06aa4 bf0ead8f be9ccaae 3f2bd980 bee30a8e 3ef20303 bf1ec585 3f345394 bf7eea43 3f1aedad be8c2e6c be036457 3f2291a6 bf7459eb 3ea072ea bf53b79b bf05e371 3eadbab3 3a13dd16 3f347b9a bdfdb950 bf3a119c 3f553bd4 bf002f56 3f01ff4e bf6851c0 3f7367fe bf6fc7e1 3f2eeba6 3eec22d2 be033c59 bd33726b bef6beec 3f6443d8 bf3039bb 3eb912c0 bf7e944c 3f683bee be84fe8c 3ebc96c4 bf237788 3f1823ab 3f7397f3 bedbc2cf 3f28139b bf65a5e4 bea2c257 3f2c1b87 bf4f37b6 3f392f9f bee3e6ef 3f0b4967 bf6d89ba 3f60cda1 bf08bf56 bc633414 3f0d69a8 bf7727da be95e6aa 3ea076aa 3f637bac bf1b4183 bf155fa1 3f578999 bf0ed767 3f376b96 be8dae50 bf58b3ef 3f631603 bf5383ae 3f5ca3c7 bf06cb4a 3f25ab86 be1eccbd bee942d6 3f24bd92 bf18817e bf0c635e 3f70fdef bea40a6c 3ee732e0 bf6819d5 be25bcd0 3edfd6c9 3f459d9b bf730407 3f1a9778 be57d537 3edb26de bdca77e4 3f5c01c5 bf63a1d1 3e85523a bcf81f7e befbeae1 3ebfe2a0 bf76701e 3f653dd3 bf612bcf 3ea7fea1 
be5e5cb7 3f1d3183 bf173d68 3e864680 3e35a550 3f01296b be43c4b7 befdf72f 3f1a1787 bf47d5c0 3d7e6fd5 3f33a572 bed54297 3f5f7fba beb14622 3f09c98b bf7ca839 3f4935dd bd5b3044 bf563db6 3f4095b7 bdd0b798 3ea7c27b 3ec80e83 bf5a53bd 3f5e0bb6 3e1a8416 bf60b3d6 3f244f8c 3eb326a9 3e9412a4 bd1a943b 3f26a17a bed01a7b 3ec6aedd 3f2f5da1 3eb916e0 bea21a63 bea7d29b 3f1fcfa5 bf4fefd6 3f768236 bd2bd10d 3d7d4f8c 3e202c29 3e66e4d5 bdf6e975 be54dcd3 3e7c9438 be73fcf0 3e478cd6 3ceb5940 3dd6498d bf7fe086 3f5861dd bf21c184 3efc56c3 bed0069f be692d61 3dcab8f7 bd239261 3f20cf8d be296ca9 be1d7c18 3f157170 3f6ddfd9 bf7593f2 3f7e8a39 bed26ea6 3e884e68 bdfaa952 3f5eadb5 be87c679 3f2ac17f be385c40 bd6773ac 3f3f39c4 bf28afa2 3f5cd9d8 bf10ff8e 3f5b9794 3d856991 bdf47898 3f359da3 3e8ff6bb 3f216793 bf6fabdd 3f70ebeb bf28bd85 3f49a7d9 bf6ee1df 3f678dd7 bed6429a 3deb394f 3c86636f 3e55c52d 3e44a4a2 bf03c969 3edc1e83 3ee92ec6 be82e6b2 3eb68698 3aa617e1 3eb38e58 3ece9ae1 bf2587ad bf2b8380 3f7031f9 bf5d3bd2 3f00397c 3ec9cade bf06f583 3e754d03 beba36ca 3f0227a1 bde61a08 3f32f5a7 bf3de7ab 3eea868a bf064f90 3ed00eb6 bf29b5a1 3ef4a703 beb34a85 bedf66e1 3f4cef94 bdd009c3 bf363796 3f2b1d97 3f680be9 bf266ba1 3f5f01e3 3ed33e86 bf2a17af 3f0eb574 3e900e75 3f3defb8 bed422a8 3eb41659 bdc459c4 3f2be774 be58fc88 bf6e9bd1 3f53e3b2 bf20bf89 be98866f 3e157c8f 3e568ce4 bf51a7ec 3e672c95 3ef73726 bf759feb 3f0f418c bf7017ec 3f2edb84 3e9b9a3f 3f3217a7 3e9432d8 3f402197 bed57a7f beed8ef4 3f15999f bf2e9d90 3f17896d 3d9567a4 bf18d187 3f6abdfd bf35ff9a 3e046cf5 3ee172dc be648c85 3f4ae1ab 3efee701 be970a3f bec8e29a bf134d8e 3ec35e96 bdfe68ea 3e09a402 bf107985 3f286982 3d9f68f9 beab2e83 3f6d5dd3 bf7c9821 be90ee7f 3e50dc47 3cc9268b bd8409a0 3f23497c bf6113d1 3f7c4627 3e141504 be4efc98 bf39a9ad 3f1c0162 3e3684b0 bf31e381 bedb8ae0 bf24d775 3f6e57d8 beb956bf 3f5c71e6 bf30d3c9 3d308dd1 3e914254 befb2ecf 3f3d3dbf bf3cbdea 3f4035a2 bf2ab5ae 3f6a55db bf7325f3 3f51d5a9 3f427d8a bedd8e80 bf4ce99a 3f2449af 3f14117f bf797618 3f1a4f6e bda208d8 be8612c6 3f765ffa bf56a5e1 3ef24f09 be40ed25 3dadc8c1 bf08f16e 3f238592 bed3ce60 3f0bc187 bf6e8bcf 3f7fca8f bf5623c0 3e855a69 bed616ad 3f6717e9 bdd4f9d3 be8842a8 bebc96c5 3ef31694 bf043d5a 3e5d4490 3d84e8e6 bf59cbdf 3cd59fe5 bd53f198 3f05517a bf29298b 3f3db399 bde85947 3ee156ae be944eb7 bd331189 3f285155 
be459491 3ee0229c bee15ece 3c9ea686 bf0b9372 3972b4fc 3d1af257 be05cc52 3df2a95c bd9a4892 3f4ea3bc bf7a5250 be99068e bd8ae7d7 3d23713c beec3f4e 3f6163c6 bf32f998 3f1ffd5d be7f04f1 3f4451c1 bf735e1c be93ea57 beb4c687 3f47b5bf beb78a60 bf44418b 3f72cddf bf037f9a bf5fb9e2 3eca5ef5 bf4ec7a2 3cd09b93 be8db682 3e26147e bf6461df 3bf470d9 3eda0eab 3daba8f0 be282c5a 3e60ad55 be9dda51 beff86b3 3f121da2 bf5d1fab 3e656cd0 bec56e57 3f19b58b bf167995 3f4ad380 bf6c0bf2 3f5ab9d1 beea6abb 3f56a9dd bf288f78 3f4c0ddb bf46bd86 3f32c5a9 3ee0a2fe bf31dda7 3f2a7590 bf4e2ba7 3e0a348c 3e909a8a bf1ddd6c bf26dbbf 3f0fb588 bf75f1f5 3f0d8163 bed03ef8 bdd6a984 be73bd4a bf1ae3a5 3ea8961f bf12bd6a 3f67f3ce bf64ac0b be0233f9 3f50e5ae bf544fa9 3eedc694 bf6d4215 3f34bda1 bf6fd1d7 be8d72bf bef87f26 3f4dc3b4 be9c7e6d bf57efcd 3f6735e3 3e2773e2 beece6ea 3f102f6b bebbb316 3eb9fac3 bf462d87 3f3afb91 bf2d6193 3e90f679 bf797041 3f2947a0 bf5879a1 3ecca6cd bf2553ac bf1b7161 3f5e07b4 3de6a958 bf5b5dbc 3f7f5668 bf204d89 be827649 3d197114 3e802e82 be600d08 3f0b996a bf7545dc 3f601fd4 bf38519a 3f5f3fe9 bf1ac1bc 3cb2e261 3f07cd87 be8622b6 be19d43c 3f5223b2 bf510dd2 3e8bc675 3d492fc6 bdc85a5f bf1aa38f be236477 bf55ebce 3e3d4462 bebd02ca 3f49f5c0 bf7e704a be18e41e be8c7698 3f6595dd bf6919d4 bec2c6ce 3f20e18f 3d4c0f7c 3e96ce58 bf0fe367 3f759a1b beb4ba5e be32f4bd 3f4d73ae bd0f121c beae2ac0 3f3f4d98 be1b04e5 3e895e54 3d37f204 bf38a9b1 bf31df91 be9baa89 bf54cfbd 3e1bfcc7 3f743de9 bf56d3ba 3f5685ad bf2fbbb2 3e056489 3ed4228c bf76f60d 3f6c9a18 bf0bcb97 3e4b0cf0 be9b9289 be4014ec bf639fb4 3f12876d 3ef932bf 3ec86e75 be9d965f 3db54902 3e98d63b bd9737f8 beddce92 3b3f1882 be3a053a bf04cf85 3f35b57f 3f0a0b7e bf4ec1b3 3f2ff1c7 bef78edc bf08076b 3f15c57f bf159381 bf42e9cd 3f61a3ca 3e6ead28 bef25ede bd420fc2 3eaed29f 3f6c63cc 3d672ff3 bf4bedbf 3eb1b697 bf2911b0 3ed206bc 3f0a2f8e beaa4696 3bd38c50 be489d01 3deb0840 3e22d46e bf028b59 3e7f8470 be38952d bb0ae70e bf785de8 baa5e3a3 3f69cbe7 bf06856f beef8293 3f465fb5 bed0264f bf27cf66 3f3d19bf bf5b69ba 3f4c8bb0 bf025962 3e4473ed 3e13c4cc bebe3e9c 3f1aab62 bf6005c6 3ec9a29f 3f3baf7d bec17ae5 3e180c3c 3cad2180 3dddb9dc bf14a382 3eef3e6e bf1b3b89 3f71bfbd bf3079a8 3f37db93 bf4f93e6 3eda02a2 3f21298d bdcf68d8 3f19fd5e bf7bba4a 3f793228 bf234f95 bee93296 3ef9defc bf172f76 3f401bad bf5b67dd 
3f2cdd8c bf7b0018 3f3f7980 3e8cbe9d 3f111b63 bf012567 3e940af1 3f1ca994 bf258b8d 3eb5a297 bf5ad1e5 3f4bb3d1 3f51ffb2 be8b7a07 bdb3d7e3 3eb7e28f be5b2429 be79dcc7 be24a4d0 3dcc17e8 bf3c4181 3f321b95 3f743bfc be938a6f be9b32b3 bdbd375f 3f7f8e68 bf4afbcd 3f4badcb 3e6accb0 3e929258 3e846e7f 3f5a61b8 bf3dcbbd 3f2fe7a0 3e8feec1 be716d10 be830a8b be75951a 3e510460 bec36255 3f1e8966 bcb4a04c be791cfc 3f407bad 3b997f17 bdb08940 3f081796 bf78640f 3f6063c7 bf245d78 3e679d0d bf1ac7af 3e956eb6 be839a26 be46b428 3e633481 bebc22b8 bf31a979 3f536b9c bf24fb92 3e4e4c68 3f1c2b6b bf7dc44b 3f792416 bd1572e9 3ef16288 bd892834 3f097f88 bed23aba 3f1ebf90 bc57ccd5 3f007160 3ca21e3c be63ad4a beb67abe 3ecd4ea7 3e36bd20 bf287188 be081ca2 3f447dbc bf3e71a6 3f4e1ba1 bddf580f 3f32fb98 3ea2069d bf77e409 3f389f9e 3ecbb2d4 bf180591 bf43a39f 3f46bdbd bf68e9cb 3ea25ea3 3e85be4d bf3809b6 3f7343e3 beefd2d1 3f6459d3 beb8f6a5 3f75edf0 befa830a 3edc46a2 3e822e36 3f35259d bf0f1b7e 3e1af42b 3f369dc8 bf66edfb 3f202f7c be21e402 3f5f05b2 bf5ce1a8 3e84ae83 be7d9cab 3e055d0e be439530 be48fc8a be8c5a81 3f79b220 bf33b187 3eab7a2f bf356390 3f68b3dd bf7485f0 3f06b568 beedcea5 3f4d69b4 bf4c53a4 3f3d1385 3f301dc8 3ccc62ca 3f7157df bf6f8be6 3eca7ec1 be870a4b 3f768613 bec84669 bf3a65af 3f6bc9ed 3e389d04 beed6685 be54fd12 3e1c9468 be02acff 3e4244bb bf2ca974 3f316da1 bf5c37ab bc263dac be3c956e 3de8996b bf591fc1 3f2fdd78 bf3e7b8c 3f7dd84c 3f4c55cb 3e701d16 3f777be9 bf011b5d bddc683f bf3b5999 3f6cd408 bf2f31a7 3e83223d 3e79ccc2 bdc2a8f8 3e97e278 bf0d9b5a 3f01933e be4eac9c 3e83e66a 3f61f7d2 bf610dcb bd9ee8e5 bf299b85 3f1cfd83 be812acf bed36a3b 3ef8ae6c 3e607d45 bc979e4d 3f3dada3 be915a8c 3d285045 bf42cda4 3f5805af bee55e97 3e26949b 3f5d89d8 bf3613b2 3f75d9ed 3e398436 bee85b08 be105cb6 3e4b154d 3ec2fab5 bf3781a2 bf12b59b 3e5404de 3f14bf87 bed54a9f 3f78541a bf61a1b3 beb29a4f be8075eb 3f34f192 bed34a86 3f09017d bf5173bf 3f5881cc bdcd08eb be0bd4a8 3ef842d6 3e38eccf 3f3b3d5e bf632fe1 3e21249d 3ee13a92 bf443da0 3f7307d0 bcc5632c 3edfa2bc bf5355cb 3ee21ea2 bb0311f9 bf25ed7e 3f480fc7 be65e538 bebde2c8 3f782020 bf33eda9 bf139da3 bdc8080d 3e135c1f 3d992817 3ec0a279 bf423b7e 3f5807b2 be842aa6 be75acc0 be241423 3e93e2d9 3efbcecb bf220da8 3da6983b bf2839ca be74ed08 3f24376c bf3bd9b1 3f0971ac 3eb45ae3 bebe3aa8 3ebd4652 bedea702 3ea5227e 
bf67abe1 3f542bd3 beda82b9 bf4f95d1 be9a669a 3f29e198 bf0e5975 bf2d1d92 3efde67f 3e795d46 3e3ebd08 bf30d1ba bec41e7a beb5ceb1 3f230974 beec6314 be219cad 3ef2d6f0 3f026bb2 bf0a1359 3f70b9e3 bf7e3a4b bed6c299 be434c9d 3f54afde bf260d8d 3cb8dfa3 bef706e9 bda1f8aa bee7baaa 3e1dfcdc bf78f43c bf1de173 3f782c11 bf6739bc bd941846 3eddf2a3 3ecbaa9d be1c7c94 3f003f64 bea53a76 3c39c504 be829667 3ece96e3 bf62f1ec 3e911e5b beefeae3 bd89e84c 3ef96b08 bee672a9 3e56d4cb 3eff0adf bdc117be 3eb4c2d9 bf055591 3f77b00f bf399996 3f7471fb 3d50f013 bec8c2c3 3f5a2796 bf143d9f bd6290c6 3f357fdb bf19f17c bd69d045 bedfd6cd 3d4c4fbc bf2913ac 3ed43eb8 bf334594 3ecc4a8b bf72d409 3e807240 3f1d1195 be5c346b 3e800230 be5aad16 3f115387 3ef5e2bd bf6783b7 3f79521e bf4b6fa4 bccc9c7f bf106753 3da478e5 3e6b44b5 be2bd4b2 bef6d29e 3f479d9f 3f04f978 be7e3da3 3f375bd5 bf29a17f 3f2fd592 bdbe2856 bd8667fe bf6ad9c7 3eb5de87 befe7b21 bf2e4b87 3e82ae26 3daf4973 bf501d8c bd3f4ffa be9d1292 bdeb28d9 bed07289 3ddfe997 3f04fb6f bf6aa9f1 bcaae492 bdae587c 3f50398f bf46efcd 3f5883d4 beb52f01 3f7c6a2a befa2f1b bf6015e6 3f20cda5 be737c86 3f236988 bf182572 3eaac6c8 3e204c36 3e35ad14 bf0b8d7e 3f150965 bf3d27a5 be4d7537 beca3296 bf5227d8 3f68ddc3 be3aa4d1 be925e75 3d5cf078 be0dc452 3f5d8be0 bf618fc4 3db5091d 3e50c4aa 3ee56a92 bf499db9 3f6469bf bf73dbfc 3f345594 3dc64935 bea7dad4 3f6ad5df bdd64870 bccde85a 3f04d796 bd3c1031 3e40c3f8 bf70e403 bee05abe bf6423f3 bd4af39a bead2a98 3f33ab8e 3ee496e0 bf1bd380 3e80ae4d 3e76d4cf bf3b45b7 3de768eb 3d9f8787 be6e5c94 3f2e5b82 bf6bf1d9 3f2f51aa bf7b262c 3f010f83 3f42f169 bf063358 3ec42277 be71ecb8 bd5b4f1d 3ea06691 bf6537ba 3e4d8471 bf4015a4 3ede52ac becd6eef 3f46f5a2 bf560bc3 3ead4271 be96c294 be7bdc64 be9cfe49 be6cc4ce bead1296 3e74ad70 3e7cd48b bf1c0fab 3dfb19ff 3f02cd94 3ee6a673 bf6729b6 3f08cf75 bf1c2b6b be914a7c 3f050971 3f5945c5 bda5779f be17c4a9 be7af533 3be18d6e 3e96f6a1 bd0411f2 bf7be018 3f5f81b6 bf212f6e beaf3e94 3d52316c bea54e2c 3f41dbb5 beaf3674 3d726df7 be320ce8 bf781803 3eee1ec8 3ed4cea8 be979a45 3e8eae70 3edceeb4 bf16bf81 3cd15f3c 3e8ebec2 bf0fcf87 3ec076dd 3f051547 3f0e7981 be8a42a3 bf1d2973 3dcc37d3 3f355582 bf544db2 3d20f090 3f41a5a0 beb0aa9d becbbecd be8cb68a 3e3f9c87 3e7e0c3a 3e729ca3 3f4e9398 bf771015 3f66bdba bf588ba7 3eb7d676 bf06a182 3f15ff6a bef756da 3f07696f 
3ee63eab beacea66 3e8cf266 3f35efb9 3e820e95 bed706b8 3eb792d6 3f679bb6 bf1f7d8d becb3aca 3e04cbff 3f49b7ca be7fdd22 3f5507cc bf3c5396 3dd7d9c8 3f531bb8 bf5dc1c6 beb0be3c 3da5b8c5 3d0dcf53 3e5efc38 3f4505d8 bf215f8d 3e939abd be72ac7e 3f27517a bcf09f4d 3f749616 bf4d2d8e 3f1e6199 3f53a5c6 3f1a5d99 bf526999 3ec55e5f 3ef78312 bf3dfb9a beef2ac7 3e840ea0 bf47a79c 3f26d18a bec586d0 3e8d5aa3 bd9999b3 3dcf873c 3f152395 bdcda8f2 3ee94ec2 bf3da5a9 3f75a3fe bf64f3f2 3e50e420 bf33499f 3eb6cee9 3daec7f1 bf0f055d 3e421cab bf5e1fb0 3ef67705 beb86262 bf39fd98 3f6a87f1 bf246b84 bf115b75 3f2b8ba0 be044c34 3e5843fb 3ebe2e77 3a9de939 3f13d587 be05f47b bcb6a14b 3f46bfac be0b74b0 bf61e1eb 3ec20acf be948e88 beb962ac bd631151 bf55f9ad 3f691804 bf69a001 3ec7aaa0 3efc3ed6 bc9de3e4 3ebf76a6 bf210984 3f6243e6 bf4ad583 3e3ab513 bf55f5ad bea31283 3edb86a6 bf05b161 bc1fc0d2 bef21703 3ef23e8b 3f4d2196 be847e25 3f219f8f 3eda16c2 bcb2df30 bea08697 3f1f938a 3ec3bacf 3e85a66b 3e70c46a 3f2c9983 bf04ab7e 3d51d16c 3e4a3456 3f3e21b0 bf40eda6 3e70e46a be6af45e 3e0f3465 bf43e592 bec28ebb 3ee82acd 3f3c93b1 bce69fcd bf09255a 3de8a8ee be7d85a6 3e4bdcf8 be865a86 be751503 be9b42a0 3f52a7b6 bec97677 3ee422e6 3e90a266 3f0e1373 bea00e6a bece4300 3f69de06 bf4521c4 3e137491 be88e6b1 3d747052 3efa36be bf7c1c48 3f14797a 3b9c7e14 be2b2cb0 3e8b629d 3e6c056f bf7a8009 3f506fc5 bf1e9da9 bf256b7b 3f4af78d bf5d21c4 be81129a 3eb812bc 3f4687b3 3f0af975 3e918e74 3f478db9 bef86740 bcdb6407 bf47ebd7 3f07db8e be3b24bc 3e22e3a3 3e3054a6 3e908285 bce5df83 3d35500d bf22a990 3f77721c bf75e004 3f7235d6 bf05174d bf09f34a 3f3a3d5d bf2825c0 3f01658f 3ed0671e bf0cbf6c 3f0b1781 3f5905b7 bf38919e 3f5f8ddc beb516c2 be2d2c16 3f025f78 3d4892c6 bdc24915 3ec51a98 3ef122dd bd3e4e24 3f113191 bec16ecf 3d8aa9dc 3f3b1572 be6d4524 bf7e5043 3f50a7d2 3dc8b9dd be387c80 3efd373e 3eb9d693 bf58e79d be94b63f bf40757e 3f5635ba bf0f6592 3f48f3b5 bf6233c2 3eb53680 3f6b37e1 bf375fc4 3eae5e92 3e12148c 3d5c5070 3da678ed bee1d29f 3d2dafc3 bddcd8d5 3f2a7d76 3e904264 3e1684c1 bf71f601 3f17c170 bf4bf9bd 3e01e3a5 be175489 3f12d37b bec1f6aa bd9368bc 3f1cb572 bf76c407 bf207982 3ef686a0 3f045972 be1a1c9c bef2dada 3f179586 be36d40c bf229193 3f1971ab 3eb63a9f 3e3804f7 3e978e7e bf34e1c5 3e6764de bf600df2 3e9f6e80 3eb08a72 bf03d547 3f47f5bd bee212a5 3e8a2242 bde208de be9e0e88 
bf57dbe8 3f3a5998 bf7723fd 3e87029d bf29a38a 3e8eb6ae bee776af beccd66d 3e59145d 3f206570 befa1ed7 bee80b07 3ec272af bf76c216 3f7b6859 bedd3eae bf18b97c 3f0edf94 3e9baa4f 3ecb1a8e bf6455bc 3e9fe654 bf345d85 3f702007 bf24fd91 bc9ce33b bd86b78f bf3fd9bc beb436a9 3f588db8 bf6165c0 bf0b2b82 bf238762 3eecbed9 3ea8caa7 bf6a9bd3 3f63a1eb 3e56e499 3f317b86 bf094db6 3f473dcc bf5cd7a5 3f3ee1d5 bef76f3a 3ea93ea0 bf603fb7 3d840917 bdb2a910 3e6bdd20 bf5871c0 3f6739b8 beb22294 3f71b410 bf05e97b 3c43b61a 3d82c8e5 3f6975ac be8332ba 3e0bd49f 3eb81ecf 3f218778 bf4c8994 3f5ed9d7 3f1d53b0 bf27a17f bd412fc7 3ee5869f bf45ebac 3eb5b2ab bf78a807 3e6834aa 3d8777aa bf27c58e 3c0044e5 3f50ebb0 be8682a7 3edf56e3 3ddbe750 3f5bf9a5 bec2aad8 3ea5b269 3d90e872 3e1adc5d be9e0a96 bf24a39b 3f25a18d bf3663a7 3f05657b be118c22 3ed26ac6 3f3bf580 bc99e0cb bdebb878 3ecb06d9 3cc19c29 3f30c1ac bf5f89c9 be421cf3 bea6ae14 bf433ddb 3ef0faf1 bf462f7f 3f5f99cd bf299d9d bf23b18b 3d7852d4 bf177f94 bf127163 3f082975 bec3f6b1 3d90b98c bee566e6 3ebe8ea8 bdb8b82a be0aace4 3e615c66 3f1eb378 3ef142df bf2b5f88 bf04b77a be16bcab 3efe56e0 be73f4f1 3f76d9fa bf469994 3e78e48c 3f6185e0 bc20c01a bf0b356a bdd5f870 3f00e940 bf786e12 3ee912a4 bf3c75b1 3f29a382 bf06e77b 3e68fce6 3f076d70 beb0ba50 3ea98e75 beafcea9 3f0f6f7d bc13be90 bf558db6 3f5e1fd4 bf2fa3dc be198c85 3f6e09df bf60a1d3 3f22479a 3e4d24c5 be5a0466 3ef086b5 3f319977 bf7a9a01 bf0b7172 bef67eb0 bd5df0cb bf26919b 3d396e2b 3f4e29b1 bebf5a5a 3f4d99b2 bf4399a1 be59a446 3ef2eadd bf54addf 3e5f6553 bdfca91e 3efd22f6 bf0e6985 3f31cd76 bf332dbf 3f42ab98 bee852c6 3e841e49 be9b5a87 3d51f2c4 bf7ad62d 3f4f2377 bf63f5ca 3be287af be6eac4c bd6c7144 beb6da77 3f1755ab bf5671d8 3ace3e7e 3eb8e241 bf502bae 3d253144 beaaee5b bedb32c2 3eec82f5 bf04577f bf4a8daa 3f23fd80 3eda6ac4 bf0a1562 bef2cad6 3ef096d3 bf684fd7 3eed2681 bd3cad9a 3f4f19a5 3ee0b2b2 bf047b7f 3f3121a6 bf67d5c0 3f56e3c5 bf0e757b bed5925c 3d2b73eb 3e954e4a 3e684489 bf268f93 3f71ddfb befd1b3d 3ecaa27c 3e234497 bf750a09 3e646c8a beea7f00 3f5b87ab 3dd567a5 bd4f1105 3f2afba5 be11b388 bf1fdf8e 3f6461ac bf03df58 beb1ba9a 3ef29ed2 3f6ab5c1 bf42b589 3bd57d2e be080c89 3da7b81a 3c0f3912 3e8dee7f 3e4ab47c bf341da9 bdbb988b bed57689 be8a7680 3f2e478c beee82f7 3f5fcbc5 3d1bb256 bf6357e0 3f5fd5e4 bf7eb03c 3f234597 bf0b999b 3e0984bf 3f40d38f 
3f1e4d8c bebe8695 3f322798 bebfe267 3ee112a8 3df94948 3f32cd92 bf2e0da6 3f3bd5ba bf7ea83a 3f359593 3df859f5 beceb26a 3f558fb2 bf74a604 3f24397c 3e7ebc95 3def49cb bf66d3e2 3f06f596 be5894b6 3f5133bf bed45695 bf29b399 3f7a6832 bec7ce43 3f3ed598 3e587464 3e9efa78 bf348183 3f4d0bb2 3ed05695 3ed37ab2 3dd95811 bf53b1a7 3f642fd3 bef972b8 bee502f6 bf7d3463 3f6651ca bf7b2829 3f6a67d3 bf0d2991 be543c8b 3e8f3a40 3f37e197 be8a924c 3e5cc520 bdddf81e 3f495592 bee48ed5 be244524 bed30676 be3cd3da 3f663f9d bf5751d9 bf1bc19d 3f031b8d bf433fdb 3e69442a bf7b6a34 3f322bac bf5f63e2 bf397b7c 3f394992 bdb16986 bf0b159a 3e843a57 3e90e26e 3ea3928e 3f19458d bf25bfb8 3f6e3fd2 bee8ca9e 3e6cacfa bf6a15e6 3f0db78a bf72100f bea91a85 3e68a49a bea4feca 3dea899d bf3e2bc0 3f7eba59 becbee8e 3f45cf96 bf4189b7 3f1f1389 bf1ed5ab bd91873d bf7d3a35 3f1b7f93 bf03e56b 3d8bc874 bde73983 bf2ce7b6 3f550bd8 bd8a3853 3f32dda1 3f361585 bf79e636 3f5cc5c2 bf580da7 3f526df4 3dcce7d7 3f005f6f 3cf09c93 3f7a9c16 bf32a5d6 3f40859c be0aa499 bef17ae5 3f59efc8 bf4bb3cb 3f79dc3b bf1e719c bf1e2b8b bd8758a1 3e8cca87 3f3d09a6 becbcea1 3f20d56e bf4f61d6 bf3af7b4 3f6811d2 bee2273b bf6e7fcc be07c47c 3f273d61 bee0ce85 3ed03e95 bf01736f 3f285569 bdda2925 3efc9abe bf1ea591 3ecdbafe bed5ceea be2393ef 3d40b095 3c86df58 be395c33 be7e25b9 3f694205 bf3389c6 3e96a268 3ee8f6cd bf6d4003 3f7f4c65 bf3b5d9d 3ee5da8b bec7c67a bf37d9c3 3da938d0 3f29bdae 3efb22fd 3f2273ad bf0b877d 3f7c4032 beda32a5 be3e7d04 be6f94d4 bee81af3 3f4ad594 3e4ced93 bf19adaf 3f7bf416 bf1e0d99 3f5589a8 bf3ba9a5 bbf07744 3e9e06ec bf29d584 3f0ca767 be95fa86 3e2d9cf1 3eaf16dc bd19b370 3f3039ae 3db807dd 3e871a78 beb0a2af 3f3d7193 3c85e2ca bd900896 bc3c447f 3ef94ed0 bb62f5a1 bdf30837 3f0d398c be4cf466 3f7eb865 bf0ef543 3edf52dd 3e9c8267 3f661fb6 bf3b9fb9 3d93a7cd 3e2becaf 3e6a3d0a 3f38dd9d bf0c377a 3e82d22e 3c9e23d9 bf657bca 3e741c3d bf318d82 3e83ba2e be6674a6 3ef602b7 be437cc3 3ef1b2d3 3e663c9c bf757007 3c07caa1 3dab396f bf16c360 3e916aa9 be98f6af 3d476f5d 3eb002a7 3ead0647 bdc6a79b bf0a9b90 be2a6c7d be186c41 bede665d 3d7b73a4 3df4e910 bf1a0372 3f23118f 3ecf1a98 bef546da bdd219de be9ff688 3f03e564 be1c14a9 3eb512a7 be827e3f bf66f9e9 3f79ca0a bd37b0b1 3f15ef75 3db93854 3d4e326c 3e4f9ca5 beb0da8e 3c3a48d9 bf26fd80 3f7f6a6a bea56ed0 3ebcd6b7 be78554a 3f143160 be85065e bf33e18b 
beceeac8 bd0e917d bd6caf8d bd02509c 3e229cfe bf52ffc9 be3d0cef 3f0ec784 bed9beca 3ea496b0 bd714f7b bee336f5 3f6c8204 bf72b003 3f74a60b bf54dfb4 3d00d027 becb26b5 3f3069a5 bf2efbc3 3f219174 bf791a35 3f19d974 3f0dcb93 bf5cabd6 3e3ef3dc bf4bfbca bec55aa7 3f4e3bd2 bf5b63ed 3ef6c2ae bf37a184 bef98704 3ecb3edf beacee5c 3f0a1982 bf18cd92 3f720dd4 3f6e13db bf41479f 3f1e9d8b bf3c4fab 3eee0f13 3f066f48 bf04a588 bf5f55be 3f6cade3 bf6ba1e4 3ef49ad2 bf7cd434 3ddd175b 3e8baa6c 3f35636c bee75a7c be68cd5c 3f0f5178 3e997276 bddc182d 3f16c39b be1d645c 3f3125bb 3d3450f2 3ea34e3c 3f7ab01c bf5573cd 3ebf32c3 3f2c2142 be5e8ca5 bd0291f7 bf3def8d be6ddc2d 3d5f312f be90e272 3c9bdf36 bdf01876 3ef7c679 3dbc078b 3e9906a1 3f33e7a3 bef09e97 3e985e33 3d2fb054 3edf26ab beab7ebe bea57ecb bd9099e6 3e24f525 bdbae9ee bd1c50d1 3f6bf9e1 3d38932c be28dc7c 3f3f1b8f bf749212 3f7bd011 becd36f0 3eb1526e bf38218f be97ce87 bf1847a3 3f6883d7 be546519 3e03bca2 bf0ac987 3e40046a bf2e478e 3e523c58 bf746c1f 3ee96b03 bf787838 3f100183 3ee6facd bf629fef 3f177f97 bf6f381d 3ef01f00 3ee9fabf 3e9b56c4 bf5a23a5 3ee25701 bf1f1f90 be7f5d32 3f5a8da8 3f3e2fa9 bf7f6665 3f57dddc 3ef4aee7 3f15d78c bf43bd94 3f60e5da bf6a37db 3f73c3cc bf078380 bec0e655 3c2fc178 3cc09c77 3e62f51f bec05670 3f4257a3 be18c4d6 bcbf1dca bd8c889a 3e910692 bf05796f 3e7944d2 3e457cb2 bf0ef755 3f1d796c bf5e51cb 3ee24a91 bf2ba78e 3f6b21dc 3f39ef82 bf3bd38c be9f268f bef9f2ad be958e4f bc5d46be 3e7034ab bf334dbf 3f1bfd87 3eb92665 3ddf495a bf78101f 3f354394 bf40019e 3f0b8770 befbcecf bec582bb 3ea13e5f 3ee9d72c bf1cf56a 3f76921e bf6d940b 3ee60ef4 bde74a28 bf494fa7 3f173f85 bf4337b1 bf53fdba 3eef0ac0 3e9d8ab5 bf78e438 3e832a32 be2a3517 3ebf6680 bf6635e4 3f1d7d9e bf39a5cf 3ef15ea3 bf130972 bf48579b 3f6addba bf563fc7 bf22cfaf bdb3683c be7fc53f 3d6f1107 3ea7129c bf2f41b6 bf1ca96f 3efbee8a 3e9fee63 bf2e3f73 3f37df87 3dc4a8f8 3e88c62f 3f4cd9b9 bf4e25a5 3e3a6cc5 bee01ad1 bd5bd2f7 3dece9f9 3f0ee197 3f2e9385 be52ad1c 3f2f4ba1 bf21af71 3f7f086e bf7301e7 3f10b778 bf759df1 3f478bbd 3e1d6beb bd84a8a4 3f570bcb beffc6cf 3f0bb754 3e976e5b 3e4aa4f9 bf741211 3e72a4af bf2a6da9 3f18c37c 3e5fe488 beaec6c9 3e329542 bf2dab73 3f3a4998 3ef8b279 bf43819e be0c6447 bf55c5cc 3f3239a5 bee0da85 bf060d66 3f28097a beb3c2fc 3f111f8a becde691 bf3efdae 3ee182ef be83c2a2 bec9aa32 3ddd48a2 3f3273a3 
3f75621d bf46a5cf 3f36aba1 bf54e58d 3f4369aa be432d2b 3f615bde bf7dd243 3f1fdb80 bf1bff82 3f3a358c bf33d383 bd0b506d bd99193a be90ba65 3f762409 bf0e5380 3ef20ad4 3f08198a bf34d985 3f31d9b6 bf233578 3f1a31cb bf763002 3f3c537d 3d9a87f4 3f67ddc8 bc41bcb7 bf221b8c 3f60afd8 bef13a8b 3e81ee66 3f2d3f80 bee696f2 3f33f588 bf51a1d3 3ed58ab4 bf61dfe4 becc12f5 bec1867a 3f54bfa3 be064443 be7a3be1 beee12f3 3f10637f 3f026594 bf2c0193 3f721ff6 bef2231d 3f74a40d 3eb346b6 bf0f837e bf134f95 3f3753c3 bf0b1f6c 3e3bad39 bec88a93 3d0fb293 bf247196 3ea1d2ab bf458995 be13ec66 bee47a7f bf03f37a 3f1c876b bf7e346a bdd1796e bf047d6d 3f231d9b 3e67bd0a 3f16fd83 bdb6b820 3e839ad0 3dfb48b3 be655c73 3ec082b1 bf575fbc 3e3963ee beff52e0 be232c27 3f238fa5 bf574bcd 3e575465 3c9a2234 3d5331ac 3f099f76 bf4fabbd 3f7801ec bf367190 bf06c175 3eb7226b bf3ba1c0 3e3e4c4b 3eaec286 bbb986d1 bf1ea386 3f1d699f be2f1ca5 3f66e9c0 bec76ea1 beaddec1 be64843a bc4d4005 3f4263a2 bf410ba9 3f6a7213 bf088593 3f7b8a1e be0f6c68 3f678fd2 bf72ec0e 3e6c74e5 bdc12825 3eda528c 3e991ab3 3d6c6e7c bedc829e be5a5d24 3ef3db3b bea46262 3f1a377e 3e46b463 bf62c9c2 bf0ba77f 3f4b9fc8 bf74c5eb be88c643 bf14d185 3eac968c bf4ef3d9 3f620fdc bf5e75e9 3f01ef90 3e85364c bde4d951 3ee58ac6 bf30afa6 3f5a97ba bf7d2c45 3e4d7492 bea382d8 3f45c7bb bef852ac 3d4db078 3e4b24a6 bf2435a0 3efa0ec4 3cfa622c 3e621d30 3f3487c9 be98bec7 bf39a1a3 bec7e6a8 3edf3ebd 3f42c7d9 be3ac48a 3f071995 bc17b9eb bf24ef94 3f7737f4 bec20ac3 bf5e35dd 3f4dadd2 3e141c7d beec4f1b 3f6cffea bf7cf013 3f3299c5 3f22319d bf20b19e 3dbb098c bcbd2353 beecf284 3f3aed9f bea6767b 3d406e04 3f3207b1 bf205588 3f376590 3f752df2 bf00a188 be9f3a9b 3f65e9d3 bec09e79 3e29e534 bd54f097 bda93797 3f1aad6f be98d6be bdd84771 3f5da3c6 3e67fcb7 bf2833bd 3f6301e0 3f2da3a7 be66d4e4 3f54ebc9 bde8c74f bf112f50 3f67e7bf 3e961e6f be8c26a1 bf247399 3f7d3044 bed04ec3 be432509 bef3ceda bf322b68 3f18278f 3e5af4be 3d9a583b 3ecccabe bf6aabee be538c81 bf28c3a6 bf348587 3f39f96e bf55afb0 3e757cfd be807e4f 3f3751b2 be5c446b bf041d5c 3ea77eaa bf2e59a5 3dc4b8e0 3d39ac72 bef582b2 bf28c7a7 3de2d804 3f6b0deb bd9de823 3f664bce bf44e1e4 3e987e52 bf11ff96 3f5087b0 bee77e9a 3eb56619 bf5ea3dd 3f31b99f 3ea37a79 3f43f5a8 bf7cd22e 3ecd66b2 3f7a502f bf7fe855 3f2e67b9 bf1f358b 3ee77aba 3ef6226d 3eec2a62 bf32abb1 3f7b8c1e bd82d893 bf7337f8 
be522cc2 3ca15d96 3ef71ecd bf0beb79 3f2ae9a1 bf6a71de 3ecfa6ea befce325 3f5e5dc7 bf004588 be113451 3f4779a0 be7dfd44 3f75c00d bf2ff79e bf33efb0 3f7f263a bf77d00b bf1d8791 3eaa5e5b 3e7cc437 bec00ebe 3f398198 bf39e38c 3f310794 bf6e87be bf17e399 3e8ac23a bd5f0f35 be09dceb 3da4389e bdace7bd bd2e704c bf2b85a1 3e543ceb bce9e1d6 3f45a99d 3dda78f3 3f03f16b 3ed07317 bf773801 be510c51 3f6d41de beb3ea7c bebd4ab4 3f05c558 bf63d7f7 3e7a64cf bec5eaa7 bf14796e be9c5e84 bc2b3967 3f640ba0 bf487bb0 3f3ecb98 be891e31 be9a6e88 3f67d9c6 bebd5e9d 3f24d589 bc875d87 3f0b2d75 3f245b7c befd928c 3f1e4582 3ead3260 3f6af5ca be5a94f1 be8eb24f be6e4ca0 bf0f8f58 3e1f0451 bf4c879b 3f2d2590 bf167177 3e269c7f 3e97e69a be6744c2 3f571fd9 bebab683 be8cbaa7 3f216da0 bf2c45a1 3f5a69cf bf6a87f4 3f3b9ba0 bf1c0b97 3d8e490d 3e879641 3e7924fd bd8477e0 3f38dfae bea716cc bed136af be81ea76 3f7061fb bf6ff7d7 3e8a3e71 bf1953a9 3f60a3c9 be482d45 3f2a0f9d bea9d259 bea8629f 3f07f579 befb72e4 3ed42e8a bf288378 bf2f35b6 3e9e7648 be7c9d8b 3f0e8781 be4724a0 be9c7212 be90de6b bf0e4368 3f514dff bf0d0754 3f66ddbb bf70c9ff 3e752cd2 bebb229c 3f61fbf5 3e519cb0 beb6e6d0 3f22dfa4 3f0f2553 bd33509f 3f214575 3df658d9 bd9f895b 3a44048e be3974b2 bb91735b bd9ea874 bf04d95e 3f375dc0 bf29c78e 3e45cc9e 3f6ecc26 bf1f2793 bd9766e1 bed92692 3f5211ab bee19acb 3f47d5ab be676592 bf18ad59 bd9308c7 bf6b2dd9 3f135f81 3f68d1b3 bedc42bc 3e5a3562 bf225973 bed09685 3edffeae bf14877d 3f4f53f2 bf2ae396 bd49cde4 3f582bdd bf6b47e3 3e9166b7 3e231c63 bf4029ad 3f72461b befc46c0 bf7c9629 3f504bc7 bf04af7b 3f09297f be719cf3 3e36a560 bf4969b3 3f6f9e0e bf3d5f8a 3e89ae49 bea63e5f bf46adc2 3d2b30cf 3ec81e3e bf5acbc9 3f733df6 bf684bd0 3f125763 3e3aecd4 bf7dd02a 3f5e81c4 bea7629c bf5e39d7 3e81fe82 3e7384eb bf535dac beac3af3 bd1490ba bf5debe9 3df05954 3e360d08 be9ed2a4 bf0a4d7b 3f624fac bea7c261 be357c0c bea5fadf 3ecf66ee 3ee54ea5 3f4ec1bb bf67edb6 3e801e55 bf0f1f65 3e8c2265 3f06777e 3f16d970 3f50e9a4 3d8d691a 3d7952e4 3de33950 3ecc9e88 be0a0c25 bf3c7193 3f3ea58a bdc2f75f 3e8a7234 3e903a67 beedbf3a 3e7d7d55 3eeaaab4 3f2a837c be3503f3 bf1b5d87 bf5d67c5 3e379cff bebb4686 3efde2a0 be8715fc 3e89a67e bec2a6bb 3cc7e234 3e344451 bdc4192c bed2826c bf12cd8c 3f563fcc be866662 bf56cdad 3f07d773 bdf05879 be7124ce 3eb5ea83 bf6d39e1 bf157174 3f4cb9e4 bf6ef5f4 3bb59bbe 3ec992c9 
3d823855 bf356d8a 3f26e184 bf4a75ab 3ee7b6bf be472c73 3ea98688 3dcfb7e8 bf477bc0 3f278d60 beb9e2b5 bdbaf93b bf28d397 bef9be8b 3f4ebbcf 3ec6eab1 bf4a71b3 3f72442f 3f1e0b6e 3de47a59 bf4f15d4 3f3e8d89 bf7f0e5d 3f68a1e2 bec9f2cf 3e9dfa73 3f4cd598 bd811900 be0f8439 3eca4eee bf20c784 3ef392aa bea6a613 3f483b96 3ea08280 bf7c024a bdae296f bf5cc995 3e5bcc55 beeb7e6d 3f7bc022 3e4dcd19 bf615de7 3f62b1cf bf05477f 3b6310cf 3f2bb57c 3c90a1e3 3f273f5c bdab78f4 3f1fb36c 3e92b2cc bf73abfc 3f1e31b7 bf55c1bc 3f24c57c 3e97d633 bf661fd6 3ef3cac2 bf5dabcf 3eb3dedf bf5c9bd9 be4c7d76 3ec1467b bf47f5a9 bef68277 bf76d242 3ec932ee 3ef776a1 bca02115 3d35d03a 3f5d259f be834a68 3e709d37 3df5c8ae bed3f6a3 3f59f3ad bf4941a8 bd35b129 bd0bcefa 3e6fecdd 3ca75ffd 3e44cc9a bee5c6f8 3e5774ed be5ef446 3e99ce4e 3e4f5475 bf4c65f1 3f5a95c5 bf729df6 be4f44a5 3e99ea9d 3edf8efc 3e65f52f bf23c799 3f02638d 3eb07ed9 beaafa4e bf485bba 3ed3f25c bf7717ee 3f6ad1ce bf4bcfb1 3f11457b bf3bcf9a 3ec1eae8 3e0bfbfe 3f64fbe1 bed6129f 3df7879e 3d5290e4 bf3ff79f 3f6b3bbb bd24afd1 3f4e53c6 bec476df bea152d1 bd9ec8d8 3d22318f 3f01cd8e be870e48 bf4743c4 3f02a177 bef0aec4 bd036e14 bf322f92 3d29510e bebcde7d bf5ee7c0 3f3fd7c1 bf027d6f 3f6f01ef bf6dc7e3 3f4bffa3 3d70f05e bf34239c 3f7d9c33 bea97669 bf541fd0 3ec4aa5d 3e59545b 3ec5f6d6 bf008765 be65b4cb bf0bd395 3d8747cf 3f44b988 3eeef291 3e83b64a bec322c0 bf4059a0 3f3a456b bf59eba9 3f56a5e8 3e77fd18 bdac1802 beadf6ac 3ece32c5 bef5eee0 3f4c03bd bf40f1c3 3f6b57c7 bf7ca41c 3f3f2f8f bd010c73 bf01f982 3e8ede40 3f395589 3e47cc2c bf0bd1a8 3f1bbd82 bf31f1ae 3f017d60 3e528c60 bef6a6b7 bead2678 3f5901c7 bef6ceb0 3f171d85 3efa42a7 be9d028a 3eec66d9 bf6e2fe5 3f5213a8 beba5eb8 bee062d1 3f71a9e1 bf54d7bb 3ed262b4 3f643fc2 bf6711b9 3f42d39a bdac3949 3f037d5b 3e4f2482 3ecd8abb 3f19cbb1 bedb9aa8 3f12bf67 bf028d76 be33bd71 3e983694 3e81f25a bcae1fd6 3e2d543b bf405fa4 bee432d1 3ef9f2d6 3ec746cc bf146b82 3f07a566 bf3f7588 bf6ae7f5 bf091b41 bc8dde66 3d9fb7ea bf2de5b4 3e914679 3c45bbf1 bd7eaeff 3ecc06b5 bf3e8db3 be006c0c 3cf5e388 3f19c16b beaa5e77 be7db4d6 bf4fe9ce 3e314cfd 3f5be3c6 3ec14a97 3f15e567 bf359b8f 3f6a09ce bf24a7a6 be7b9d16 3f5ae5aa bf03b580 3f6847e7 bf75b1f2 3f5009a0 be2c4492 bdcab7fe 3ea6ca8b bec676a7 3f74c9f2 bf61a9e6 3f6797bd bf366bab 3f6eabff 3f3f3daf bf30c9b5 3f3c3998 3c0dbf0c 3de08824 
3ec9cec3 3ec206a4 bf026b75 3f70d3ce bf04f77f 3ed9bf1f bf4d559a 3f57ffdc bf03ab88 3f38e39f bf4ee7b4 3f729c07 3ec6dadd 3eaaa67a bf5789b6 3e7dd4e6 be9e9a9e bdeaf973 bf546ddc be87aa9d 3f25bb90 bee95ec1 3f47e58b bf59d9ce 3e98225d bdf1e884 bee6e6a8 bf2aa39e 3f15a176 bf0e3b90 3f4cd197 becc06fd 3e3b149e bf506382 3d761333 3f140387 3f7551e3 3dc9e9c5 3eb70eb5 befc02be bf1d5d71 3ec3a2b1 bf369772 3f0be98b be3f249e 3e2bc4d6 bf070173 bf070b5a bf015766 3ed172ae bf197d82 bf0cfd6a 3f496598 bd92273d 3e947299 beef4ed0 bf046174 3f65adb5 bee30697 3f3ca56a be8d3e6d 3f6bd1e0 beeacea9 3ebd0ec1 3ede16be 3f423fb3 3f5aefc7 bf2869ad bf1d599a 3f02d183 be438ce4 bf5fd5cd 3f10e796 bf676bcc 3f3d7f83 be7d4d1a bf3ab9ab 3f5751b6 bf03634a 3f5c91f6 bf6cd3f4 3dc478cf bece2272 3f3cf996 be09accf bced2049 bd3e8d85 bdbbd83a 3f17bb72 bf6495ea 3f714e23 3ebfceb8 bf4d41aa 3e43dcc2 bf3d9d9e 3f5c5fdb bf1ceda0 be91ba59 3f456f71 3d83c847 3f754210 bf756208 3f6e5bed beff32c5 3f094f73 3e31ec85 be4e4413 3c41b782 bf5aebcb 3edb1aaf be559c4c bdb2b8cb 3f7cfa34 bf3cefc0 bec35e71 becc6e88 be394c71 3f6b19ef beaf562f 3e8aa6d6 bed10274 3da9e800 3f5e33c4 bf3605c1 3eb6e262 3e826295 3ea262bb bdbb09eb 3f054d84 3f652fe5 bf4d69b2 3f1e29b4 bf7e5e4e 3f4979ad bf40db8e 3f064797 3dc0a859 bf201d8d 3d8cd6ff 3f364bc4 bde23829 bd9a38b5 bf0f0179 3eb89259 3ebcbaea 3f6c7fef bf12a777 bec4aa61 bf60fdb8 3e661ce6 3f3ce58c bf3bad9c 3f5b4fd4 be50e4c3 3e5d3ca2 bf5833b8 3de64776 3f2df5a3 bf1bc79e 3e9b169a bedd7aa0 bdc3a7c9 bde6099c 3f30cfc1 bf139195 be2f4d4c 3f368b80 be2af415 bf7f5871 3e0183ba bef68acc 3f440786 bf56dfaf 3f3fd3ad bf3f11c4 3f76fdda 3e1a644c bf4a7795 3f65f9ca bf7efe63 3df9b81f bf3b0fbd 3ef5f2cd 3ed95eef bedadac3 3ed8c6cd bebaee9e 3f185371 bf1f6768 3eaa1eb7 bf33cda9 3f0d558d bef12ee0 bdc47858 3e0d3d09 bf3f239c 3e279c55 bf7ce825 bdb958d8 3c9d1d94 3f7a763f bf079d78 3e377cc9 bf5283d7 3f4ed9af bf4ef5ea 3f35e7a3 3f06c37b bf44bb8c bcab9e8a 3f4f1b98 bf53bbbf 3f4f2180 3f396db8 3f5fb5c4 bf06754e 3e5b4c67 3f57b9c6 bf7097e5 3f0d6380 3e2c54ca bf51f1b8 3f61dbbc 3f0d2f93 bf716bd0 3e58bd52 bf2735a2 3f162385 3f604809 bf21eba1 be62ecc9 bf5d55c2 3ddae8cd 3dcaa87a bf47b19a 3f2e1f64 3e4fcd14 bf4b7798 3da78768 bf444f90 3f633fdd bead0289 3f08d36e bf6e69d6 3ec8f288 3eb9baff bef4331a bf19b788 3f78301a bf5ea9bc 3e0d1458 bf78e02c 3dcfe9c5 3d66cf53 bef43729 bec5d2be 
bf210189 bc0cc5e9 3d3b8fe2 bf3b8b9c 3e5f1ca8 3daf8843 3e13645f be6efcb8 be1bb466 3cf69ed1 3e90ca37 bf6047e2 be948a95 3df33985 3dc46976 3d0dedd3 3f464bca be8d4e76 3f221b8f 3e996a69 3e9b62a9 bf6fe7f8 3f5c6dd8 bf3a9d85 3f5d31c4 bf3fa7bb 3f1e5bb5 3f73ea09 bf3941b3 3f02eb77 bf5eefeb 3ec2feb0 3d8a67f7 3ee33698 bd834898 bf5a03be bf1bdfa4 bf444593 3ef88ad3 3ef30e99 3e4c2508 3de538f3 3f33ad9c bf29ebb2 3e66d530 be187408 3f3b35a9 3ee45f00 3ef4bf07 bee74a98 3ea39e7f 3ef79e79 be7a2c38 bf09b35b 3e54d4a4 3f2549a7 be0744d2 3de038fe bf0997a4 3ede6ee4 bf7037eb 3e6f7ce5 bdef684f bddc5789 bf5b8dc7 beef96dd bf3a05b8 3f6857d3 3f09697f bf7d0e29 3f756800 bec2d269 3f11eb78 3e0c140d bf271f95 3f749404 bf313bd2 3f7601e4 bf5c45b4 3e0fc51a 3d974ae1 3f5d7db5 be66f4b6 bf074b6e 3d83e7a5 3da0d832 3da85949 bf1f3b9a 3eca3302 bd251168 be2bccee bf2ef3b7 3f722bce bef5aee1 3f6fdde7 bf5fddeb 3f06fd69 bd3ecf8d be651498 bec93256 bf5df1f3 3f496d7c be835e6a bf16d985 3e97027f bf5a55b6 3f4e11cd bf053b86 3f3f17b5 be7a6573 3ea76e9d be8b1281 bf5443bc 3eb68ea6 3f54e9b2 bc7fbd7d 3e89de86 bf0f998f be635c5c 3e3ddc88 be849e97 3ec216c6 bf33f19a 3ec696db 3e1f7488 bf2c294b 3e761cfe 3dd3d8b4 bf3b25c7 bf1e1b68 3f138592 bf10a772 3f090f96 3e97326b be168481 bf67f1d3 3f67c00b bee46ec8 3f25ad84 bf338bb6 bd53d1ac beb96a99 3f6529d5 be84eaa0 bf1967a7 bf2a739f 3ed8a2cd 3e9f6242 3f6673ca bf3ccda5 bc1cc038 3e9c22a7 bf03317f be93ca88 be4cd4d9 3f7aa60b be909253 be63fd7d be920239 3f4f2fd8 be21646f 3eebaad2 be39ecad bf377fa9 3f7085e2 bf0ebd7c 3d9887cb bed18ec6 3f5a25b4 3f599db3 bf3b1fa6 3f507bd7 bf45ddbf 3f2ce77a bf32c5a7 bf038f79 3f036379 bf04b985 bc0ac18f 3ee8aa40 3deb5930 3f16e7a5 be86f268 be8cde23 beba3edd 3ebad672 bca7a250 bf052f6a 3edc931a 3d9897fd be02f3fd bdcfd851 3f229d86 bf5917be 3f5681b1 bf126181 3f4703d7 3eefaa97 3f61b3cf bf3bc19c bf4dc1a8 3e971e7b 3efa02c6 bea6e2ba 3eef427e beda0a9b 3efd4aea bf6c59fb 3f77681b bf00bb8a bedef28f 3f05ef97 bebc6aa2 bf4bf1b6 bed92ece be960a13 3ee6230d bf5367ae 3f3a81bf bf07e985 bdab0882 3f3641a6 bf77062a bd7b143f 3e5ffcf1 3ef62ac8 3f30fda7 bf1e478b bed13eb8 3d1c50a2 3f47c189 3d8e790d 3d379185 3dca595b 3f4495b1 bf7fb082 3eb6b687 3eb31acd 3f0dab82 3e966a67 bf04a37a bf115350 3dad7841 3f3a3367 be2c8c88 bf7697d6 3f53e5a9 3f20737e bf78080d 3f0c135a 3e07dc95 3f276fb3 3d051321 3e11dc4c 3e2b34f7 3f3ff3a0 
be3a14cd 3ecd42c1 3b42fbda 3f67b1d1 bf2ee797 3ec202ae bf23559b 3f57e7b4 beb81a92 3d6a320c be2664a0 3f60b9d1 bd983740 be6f5516 3f19d18e bf340d7c bf316f6e 3e6cbda9 bdf7197f bf3359be bec43e9b 3f4e47e3 bf5461b8 3f6b63e1 bf6911dc 3f7f6265 bf638bc2 bef00e61 be2cec94 3f1afd87 3e05cc0d be45bc64 bd8cd6d0 be8c7e71 3eb69ea1 3f45dd98 3f1cb190 3f457db9 bf4defc7 bed0de8c bcb461a5 bf05137b becbf6a8 3ed9eeaa 3ba8868a be66bca6 bf317792 bea06295 beb4eae6 3ec3ae95 be78bd3c 3e5ad475 bf09638e 3f43dd95 beae9e2f bf6e1bc9 3f4e21c8 bf3d6187 3f268582 bef9ba89 3f6c9c03 be68f434 bcf59fa3 3e95767e 3f568bc4 3f2b3193 beb49ad9 be848e86 bf29977f 3f76afde bf4b35d7 3f09cd7c bf5d13b9 3f35ffa4 bf196d8a 3ea6eec4 be23b4a7 be9c862b bd5c5002 3f37f597 bf5b19c4 be5c74cb be6f853c 3f5483b2 be8f0e49 be5f8cfd 3f111976 3da7c7bd 3e9a8e92 bf2a4b90 3f66b7bd bf13879f 3f0a8d92 bf2cbf85 3e200c88 be6ce420 3f55ffd1 bf53f3c3 3ecade4d 3e36cc6b 3f715fd0 bf2ba592 3d29926f 3eccc298 3f3a05bd bf36458d 3f3f1f94 bf4ecda8 3f51ad9d bf7c582c 3e492481 3ece7eaa 3f4be1c8 be96f29f bf6995f3 3effda86 bf52e5c9 3f7c3c16 beebaedd 3f6b51dd befa8aed bbb17d0f 3eddeaab bf59ddd1 3f6e75d4 bf2e8570 3efca684 bf3a47a1 3f6bbfff 3f0e2d83 bf2679b3 3f7a5c0b bf2aaba7 bf3a5d87 3f4c99a6 3f5ff9d1 bf79a02b 3ec156d7 bd28cf3b bede3aa0 3f6697fb 3ec57693 bf690bd5 3d161057 3f7e6280 be9dee6d 3eefe6f4 bf446999 3de6b890 be5414ca 3e89ceb4 bdb869f9 3e5dfc66 3f1be578 3d20112e bf18b167 bea0cea5 3f32ed8e 3ce65ff4 bf33719a bed11e73 3e0034e5 3e327c82 3eac6662 bf3615ba 3f60ddc7 bf15ef8c 3f434d7e bf62d1b0 bf5c15b1 3f138f78 bf559b9e 3f1e4fa9 bcb163a0 3ec5326e 3f2b056c bf57a1e9 3f6b59d3 be16044c be643cc0 bf004b62 3e0d4d15 bf2e4d80 3f26957e 3f223dbb bf246da2 3e6a63f5 bcac1ccf 3f019f50 bf5c11b4 3f6661d1 be6f7d0f bee95ac9 3f7285f8 bf42a5c1 3f6c5faa bf6abbfd bf19c596 bf571bb6 3f466dd9 3f052f74 3e15aced bf4ecbc5 3f44b3a2 bf6605c6 3f4031a0 bf576fb3 3f2a3b9a bf053f8a 3ed59ea5 3eb7ca9d bf2297c2 3f185f8d be2e03f3 3f790024 3ea7babf be4684c7 bebeaab1 3f14a15f 3e1ddc9c bf43bfa8 3f6a99c1 bf1a4965 3f7ba60d bed7db01 bf42059f bee16aac bdedf8d9 3f66c9db bf237d91 3d243228 bec7e2ae 3f17218e bf57afd9 bddfc936 3f1c9d80 be26745a bf3ee194 be859667 bee3cae0 3f38c3b4 3f69abe2 bf4839b3 bdc567bf 3d732faa 3f4509b5 bf0c9d93 bf1d256b 3f0e499f 3e6f3c5e bf4de382 3e3add3b bf20d350 3e11d45a bf11d778 bda2787e 
bec75adf 3e783d50 bf49c7ce bf135f90 3f7f106e bf16ef54 3f194b95 bf47199d 3eebbb19 3e28dc0d bf319d9a 3f0dc9a7 bf65f1f0 3f5745be bf77e5f0 3f5d3f9e 3f698bc1 beef06eb 3e21949c 3f0bd782 3ef41a96 bdb2c8f7 be0384b2 be4f7d0c 3e3364fe bf16dd6e 3f12df8e 3f1b477e 3e309ced bf5c5bbc 3af1e85b 3f1a6774 bf22ef99 3f1a9f88 bf69f9ca befaa6c5 bf5d65bf 3d80e8b8 3de469bd 3f53edb8 be6a0553 3f35a3ac 3e65046e be900ad7 bdcd59da 3f089b7b 3f373d91 be806223 3f48899a bf5357f0 3edfaebb bf3e899a 3ef97acb 3d0a5165 3e14249c 3f008b4e be654c7d be25f4d3 3f4591ad bf4dbf95 3e9e1294 bf773a16 3f745fe9 bf5219b6 bf4d87a6 bea596cd 3f2f93b6 3eb172d9 be2ba412 3e9dc685 bf56e1c3 3f73fc0e bef0eecb bdafa8cc 3f1f7d84 bf57f7cf 3f29b1a5 be876e6c 3f3631a6 bf7d3269 3f7f4277 bd0ef21a 3e68851d bf2899a3 3ef28eb5 bdd138cf bf07ef57 be811abe bd7d119a bdce386c 3eb64eb7 bee1bac5 3e6f9535 be9a866b 3f4d49aa bf6669e1 bd96479f 3d7c0fc5 3f114169 bf26397f bedd76cc 3e28d3c0 3ec5ae85 beea2a99 bf717de1 3f68a9e6 bedd1ed4 3db048ca bf060191 3f69c3cf be35dc79 bf117966 bf78ec09 3f6043eb be151430 3ed0a2ec be2d83f2 3ed3965b bf5d91c4 3b8e7a44 bf007158 3f463db3 bebaf6ae 3ebb1e75 be706c81 bde837f9 3f33a774 bdf38889 be12344b bf5421e7 3f015986 bf773403 3f5271dc 3ec6666c bf469792 bf4525bb 3f282767 be940e9a bd1f90c8 3edeae3f bf190b7c bf5dd7be 3f65ffed 3d69b14b bf72e3d7 3f28cf95 be82a284 bed1829b 3ef7f2c7 3dbd58d5 3a91c94b be28cc55 bf1a9979 3ebb6ea9 bf6f6dee 3f686bf4 3ec4b262 bf69c1ae 3eae9268 3eb8cec8 3f7c9822 bf0be155 bf16a587 3f73780e bf740610 3f2125d0 bf6071bd 3f1c5770 3d0730ce 3f246195 3e3e8496 3e791d11 bda898d8 bf59e9a4 be6254b9 3eacbeae bf18eb90 3eee8aa6 bf43e78c 3f116346 3e3cbcf1 3e850253 3ec7be6b be6d0cc2 bf51afa9 3dcd9a67 3f4a43b7 bf4875be bd575002 3ded79e1 bca9668a bf560dd0 3f780df7 bf7991fe 3e61fca8 bf2eb7b7 3f324bb6 3f275d8e 3f4907e4 bf1f7162 be525d25 bebdd69f 3e3a4cc7 3ed74f16 bf26c190 3f5e75e9 be78ecde 3e7fb45f befef69a 3f0d6fa1 bf5d3fbe 3f5a0db5 be9071f7 3e2c3d14 bf30999d bf57d1c1 3edd62d1 3f1ac56f bf67b5bd bd0ab048 3f5357e5 bf6acdec 3eb8b6a3 bf39bdbf 3e74a509 3f6b4db9 3e90be5a 3ef8169c bf2d6d79 3e92cacc 3ea6d277 bf6bcfce 3f5eb5d8 bf009d71 3f5acdeb bf6e5ddc 3eaf666e 3f2d87b2 3eb9caba 3ddc28e8 bf3fe790 bf35579c 3f6007d0 be91227e bd339023 beedab05 3eb232bf 3f1d3bc0 bf608de5 3f257364 bf1d959f 3f599bd3 beb94e7e 3f7de855 bed4f2dd 3f54d7ab 
bf32b992 3f088191 3f3d5ba2 3e6574ee bf3dbd92 be721452 3f3603b1 bebb7e8f bf05458a 3f6d31f9 bf233175 3e51dd09 bd933860 3ed5a292 beb02e69 bde77a5a bf5ed1fa bea43655 3f409f88 bf71c7d2 befd36dd 3bda82c6 3d83b8bd 3f15c37f bef2ee61 3f781411 bf4627ac bf098759 3d8dd979 3f79adfd bf3dff86 3e6074fa 3e292522 bdaf696b 3f4625a8 3f5993d9 3e3a3405 3b8b7791 be90b295 be7264e8 bee3d6a4 3d9387c0 bf6e6ffc 3f7d7e02 bf281f96 be466d30 bf34dfb5 3e9eda93 bedebb20 3eeaaebb 3de2b894 3f2c718f be8cda47 becb66d7 bf357996 3f35bd96 bf18fd5e 3f0d476b bf7ae3ef 3efb2abe 3dc3c7e1 3f5c11e2 bf655bc6 3f4fddcf 3f479399 bd793217 bf5c65b5 be3754bc 3e4e2c73 beb432b5 3f717ff8 bf7a4811 3f4f5fa8 bf4357d5 3f6573f4 bf46e7b3 3f5a37eb bf5ce5a6 3e19b481 bdceaa5f 3da39869 bf4bfdb0 3f5ef5d3 bf194578 3e5dbc23 be248c40 3f5a7dcb 3cd7655a 3e05ac02 3eed46d1 bf689fdd 3ef03695 3ea54656 bee43eed 3d5f10c6 3f3df5a3 bd4c1278 3ddc684e bf089579 bb60ea8a 3f58f1db bee406f6 becb16c7 3f25357d 3eea42d2 bea4f25a bed5aeb7 3f589bd4 3e0cbc07 bf4cd7ac 3e8e8207 3f2ced7d 3f31cf80 bf3b0787 3ee7e6f7 bf14dda2 3e642519 bf2f3b99 3f7cb425 3e435c10 3edaaa8f bf34cf8e be4c5d26 3f22a595 bf6433d5 3f533bba bf6033e4 bf0bef88 3f4ee3bb 3dc227e7 3e4bcc78 3f0ae385 bf5ea1c9 3e5f7caf 3f571bb6 be5d8d34 3f3b27bc bef31ee9 3ea81aca be7e5d2b 3eaa9ae4 3f2b15a3 be4e54ce bea6f6c4 3f3733cd bf50c3b6 3e880e99 3f6ef1e4 bf1fb387 be34cc54 be3a9483 3f136f56 3eb6de79 bece62b3 3f2ed99d bf118d7d bde4993a 3e488499 3e815e93 bf4a11bd bf68ebcc 3f452b86 3eb7da98 bf6485c4 3f7de225 beecc6ca 3f25819b beeaf68d be8b928b 3d2f3026 bef742ed bf00f170 3f0bc9a7 3f65e1ec 3dac872d bf2eab99 3f2f076c be097c71 be55c537 3f2af1bf bf6741e4 be2884d1 bebb1ebd 3db1f8c1 3f7403fa be3afcec bf23ed96 3eb1ae6b 3f4c97aa bf3cafcc 3f0ca94f 3f16ed81 bf08ad61 3f2d8d80 bd8769a4 3f70cdff bf5a87c1 becd8a60 bf075184 bebbb6f5 3f5b73b4 bd170df3 3e9e7a34 bf3731a3 3f4603a9 bf6843fd be91f2ad 3f2f6b95 be031cfb befab325 3f1ad56f bf0b5b84 bede3e92 3e817665 3f1e1b93 3eba2a69 3e313c39 bf125ba1 3ea47aa8 3f043771 bf592dc0 3f1b8789 bd5190c1 3f792c28 bf71bff4 be80c254 beba7648 bf517bc9 3f3a93b9 bf2d7bb2 3f12dd72 3f024d85 bf1aab9e 3e636bd2 bb956753 bda6a836 3e81fa6b bf33af90 bec4ea7f 3e181beb 3f7df248 bee2f6f8 3efe26d1 bf244bc1 3f1b6783 3e9b52cd bf5eebe8 3eb14ab4 3e46ac78 beff9ae7 3f4aa1a1 bec8fad9 be9836ba beabce9e bf06d75c 3ea14a65 
3f57d3d4 bf508db6 bf4e43d7 3dd868c0 3f5eb1ce 3e151430 bf59bfc3 3f6feddc 3e286cd9 bf5335ba 3efd8ec4 3f176169 bf218797 bd9fd775 3f044d9b be2e8bfd 3f681bdd 3f13df81 bf59998a 3f45cda6 3f329bae be13fc44 bca520ed bf080175 3e255486 bf4a67bf 3f58f5cb 3e83e26b bedc8e85 bf03a76e 3f6d49d7 bf53f7c5 3e2b6c72 bde287d4 bf70fba9 bf3a63a1 3e072c60 3e9b3aaf be633439 3f3de997 befec705 3f6517e0 bda0f9d4 be6595b0 3ee2ba7b 3df597e7 3f161769 bea54675 3e6154c3 bee4c6a3 be5ed55d bf59bdb8 3eb30aa9 3f25696d 3ed1fa89 be4a844b bf24658e 3f7213e6 be29bc84 3ed0e6e2 bf20476f bf37fb9a 3f3985c9 bf4e1db6 bed7b2ab 3e819266 3f19a580 3f18c77e bf26ed88 3f0b6175 bf31c3a9 3d97d879 3ed3c29f bd221157 bf5c8dc9 3f6343fc bf68dfdf 3f70e203 beed9f36 3f431f8c bf29d1b1 3f692fbd bf4407c0 3e973e7c 3f125b76 bf4e9faa be38cc54 be9ec664 3d46913d bf1ad38b 3f6e35e7 be7c44c6 bf20d556 3f42f990 bf185f7d bf4535c1 3f01bb6d bf0a7789 3eeefea2 3f03a362 bf72f1df 3f161f70 3ee0aaa6 bf5b51c2 3cbbdf48 3d45b002 3effd289 bf485fb0 becfef0b 3f4c35d0 be936eb4 bf566bcb be15cc50 3e9dab13 bf139983 3f52edab beb44a82 3f5f2ddc bf6c51dd bf03876b be449500 3f545394 be695d25 bebc76ca 3f755c01 bf6eb3ea 3f4a59b3 3f68b1d3 bf5bdff0 be2aa4c5 bcbde009 bf122585 3f7a0c11 bf5649bf bf2f117a 3f1c2377 bf6d69e3 be76bca0 3f2ff3d9 bf68f7e5 3ebeeaad bef16ef5 beb9daa9 3eafca71 be9d2a5b 3f53ffc3 bf38ef60 be8a567e be268c3c 3f5975de bec202a5 be92a239 bc38ca35 bebc6284 3f30a7ae bf1bcf81 3e16fceb 3ec1a281 bf260f8c 3f720be3 3f5a2b9b bf60e3d6 3db7c821 3e2c1c66 be60ec82 bf08456e 3f0c8763 bf235795 3f7cc7f8 bf17e1ad 3e892a38 3f52e792 bf6337c0 bf393992 bc22bd6b 3f5ebbfc bf2e1bac 3eb5c6cc be2aebc5 bda5b963 3e5284b2 3f1da591 3f1f4586 bf5605c4 bdc2588d bea63a67 3f6b8803 bf61a7da 3d0a9183 bd50ae3f bea8e23c bdefa9e8 bf4353cb 3f22c9b3 bf57c3a7 bee64a8a 3ee68302 3dc7380e 3f750803 3e9d22c6 bede76cc bf25c986 3f142d72 bee33310 3e929678 3f185176 3d61af8e bed9925c be2293e6 3f5c65d7 bedc1664 3eeb92f6 3f25cf6b bf144d78 becc1713 3cec1bdd bf1ed19c 3e467418 3ecd8696 bf3a8daf 3ed376c3 3d53cf0e bf2e07b7 bed4c2bf 3f149f6e 3ef26eca bdd4c9de 3f5b7792 3d084e90 3d2391f4 bf16359b bebca65a 3ec33eb1 3b271dd2 bf2eb396 3f594fc0 bf2c53c4 3f2f978a bd9058e0 3ab2310f bf4859ae 3f18f35d bf726fe1 3f7f3e96 bf552fad 3d61108d 3edd6687 3e2f2cb4 bf375db4 3f5cfbd6 bf77e80d 3e503c51 3e109cf6 3f6ccbea 3dc7a8f8 be82dec3 
bf44a1b9 3f54b5c7 3f74bdeb bf31ad94 bf035b5b bdb879a2 3e035c6d bea9321e bf0ddf8d 3f7db43c bf48d9be bed3d287 3ec91a7b bcb41fc4 be145cc1 bebfaaea bea096c2 bf6bc3d9 3f1c6593 beb26ea6 bf77f5ed 3f24d79b bee28b19 3f24ab9d 3e8e7643 3e355c3b bf2375ad 3cb72243 3f782a29 bf40f3c1 3e53a489 3e242c80 3ea40670 bc413db7 3f4dc5b5 3f5e17be bf469395 3e38d4c5 bee5fa6d 3e846295 be9f8a1d bca2e067 bee1aea3 3ed9b6ea bf3f578f 3f0f5b7e bf747a0b 3f19f169 bdb83ab2 3e9812a3 3f2d7397 3e9f02a1 3d58cd8e bf64e5e0 bd8aa7fb bdab6833 3f622fbc bf5b01bc bee0c2c5 3edb7acc bcd61d76 3f457195 bcddde03 3e1b6cba 3e81ce6b bdd158f6 bf37f3c7 beff9f0f 3f194da5 bf1f736b 3f4bb5c3 3d154f2c bf74580b 3f189d66 3ea9a66e bdf4b866 3d9618c7 beed52b4 3ebeca70 bf1f418b 3e257558 bd38b25f be561d2b 3ee6e2d5 bf5aa7b1 3f07b77b 3f58a9a9 bf289da2 3f018d36 3ea68277 bf77de1a 3f58c5e3 bf1d7598 3f1ac15b bd0451fe 3f5eba0e bea5a6a9 3e171499 3e82b680 bf72fdcd 3f16757c bee9bf2a be9c96a8 3efb131c 3e3e2c4b be99568e be190c72 3e9d66a0 3f641f9e bf6f4dd7 3f42a587 3c8f60e9 3f247382 bf3ae19e 3f7a721a bf79c616 3e225c97 bf1df180 3f196391 3f4743ae be4d4481 bf080b66 3f071387 bdd8a7aa bf1f4d62 3f5ecde3 bf682fe7 bf280178 3f270370 bd071197 3e989697 bdd327fb be1f14cc 3ef3f2b2 3f7c5221 bf4e19d9 3f300f9d 3f5d15da bf6493ef 3f6e1feb bdeba917 be2e9445 3f623dd3 befdc30c 3e8f6a55 bf514fa6 3f7a5220 bea80acf 3eda0ad6 bf58ebd4 3f66bfcf bf3e4fa2 3f29f79b be0f0caa bf11ed9a 3f06395d 3ef1c273 bf73e205 3f5293a4 bf5b1fd8 bf3bfb9a 3f09a559 3db739be be81fe8c 3f4d1dc3 beff5acf 3f01bd70 be685521 be359c01 3e254477 3e735c71 bf0ee188 3f1113a1 3f0df78c be291c0b be9966a2 bf2217a6 3f78c830 bf75fbfe 3f49c7bd bf39bfb8 be730c31 bf4113bc 3f28918a 3f0e8b56 bf54ebc5 3f3ebf83 bea0725f 3e0e04a5 3f006184 be932a47 3effbaa0 3f4da3f7 bf20bd8d 3f212d8f 3ee3a673 3c44b886 be856a9e bf5039bd bf424ba2 3f6183e1 bdb907fe 3e716cd6 bdd5d99f be1afcdc bf67f5e5 3f322da7 be4314cd 3de92882 be6994f5 bf470d97 3e363c7c bf3eb184 3f7e9c34 beca8ab8 3efa9b07 3e902a87 3ea9ceda bf2b2d9d 3f0a8164 be2ae420 3dc038e0 3f1eed97 bbc672fe 3d863734 bf4e85b7 3eface6e bf1f1b7a bf6331ef 3f3d87a3 3e80da21 3ec536a2 bed60ecc 3e5c04aa 3f39a18c bf7bc814 3f3b63ad bf07377f 3f2b8d90 bea1ee69 3e040be5 3eb02e6f 3e09ecb7 beadd66f 3e2b5cd2 3e98aa78 bed4f6b8 beeb62bf 3f4cdfbb bef1b29e 3e7dc4aa 3f108379 bf0c3570 bf6561dd bd050d60 3e819699 
3f2ff5ca bf5a3fb7 bf173f78 3f4b51a5 be54e4b4 3f77cc0f be6ebc8b 3e65acfa 3f05ed87 bf3b79a1 3f727ffd be91026b 3f3743d8 bf3a79a7 3eca92b6 3ee212c8 3e10bc4b 3f422f9c 3d4c2f8f be0a645f 3f6801cc bf5e09c0 3f52e98d bf77ce21 be666cbc 3dc10931 3f26e39d bf25f76e bf320fc1 3f7225f4 bec6f69f be7b8d02 bcd16005 bf185b5a 3c6c3b9c bf5869b1 3edbc6da 3eea9297 bdbdd908 bd46d016 3df30a2e 3e0da4dd be7df4f7 3f5915b4 bf1f5f6d 3e00ebed 3eb35a80 beaf9eac bd0db5a0 bf1bc58d be5a0cad bf2fa1e2 3f0a4da1 3d362f7c 3ed186e9 bc4e4703 bf3dab95 3f22e598 3f385383 bf7397f8 3f1bb991 bf66a5e1 be873673 bd92c852 3ea8da77 bea7eaec 3f4a33bd 3eea2f1b bef746ce 3f1d2189 bf524d92 3e131c0d 3f782405 bf36296f 3e2c6c45 bf0aab4a 3ef1665e 3ed58eba bf1baf94 3ecbd6a3 3f006d68 bf14b5af 3f3dbdab bf4409db 3f380f9e be3a44de bf69b7c8 3f44c7a2 be73a4f7 be215c95 3e5c0d0e 3dd078ad be5c24c4 3e1b8c61 bf72d9f6 3eae3a4b bf404b8e 3f06f18d bf4429b3 3f4d9dd0 3e75fc5f 3d87b871 3ddfb9cd 3e921665 bf6181b4 3f296391 3dcbc768 bf0f2b7b bcd86328 bf40f9c4 3f41ed9c bf7b5621 3ebe0aeb 3d1f30b3 bee9df0b 3f0ca570 3e435479 3ef90303 bf58abdc 3da9a77e bec406b9 3f066960 bf35cdce 3f1973a9 be8e5223 bded78c7 3f4201a4 be5a4d90 3f03db76 bf604dc6 3f518fa1 bf3197ac 3f19c36c bf69f3d0 bf0af15b 3eba264b bee2aaa3 bf057b7b be9eea69 3e5a247b bedc72ac 3c862413 3d221148 bf2dfd85 3f74f3ef bf4865cc 3efa8741 bef906d7 3f2f6386 bf15b18c 3daee873 3e939ecf bd96a9ba 3dbdb895 3eb19ad9 bedc0a8e bf152d9e 3f3f6f88 befe3afe 3ed3a67f 3f7f1c61 bf3ec5b5 3f1e637e bf758e1f 3dc61871 3e5e7d39 bee5b684 bd40ef20 3f129dac bf7a3011 3ef4e710 bf26c77a bc4dc545 3e9c2e68 bf302378 3f55bfaa 3f039573 bf5389b4 3f6eede5 bf3ca9e8 3f5e63be 3e034448 3eb952c3 be6e54e5 be553436 3e424c7b bf052985 3eadeec8 3aae3534 bef80269 3e90725f befad6e7 bf2ac16c 3e92e27b be93fa9d be978233 bf1b8f8d 3f4f6fc5 3e9b0a8b 3f773be6 bf1cef91 bce5a173 bea9da90 3e768c87 3f010752 3ed5ba7e bf5da7e4 3f758e16 bf4c07b3 3f354f9c 3ef0aea0 3f007f80 be850e32 bf323d9d 3f451de2 bf68bbcf bd46711c be584d8f bd9ce889 3ef7cab1 bf0ddd98 be1613ce bead668b 3db7f7f7 be1924c0 3e9b76e1 be2ac477 3e932a60 3f768020 bf0df761 bf07959f 3e270c86 3c87e1cc bd9a289a bf5a35e3 3f7101eb bee9029d be9b7699 be5bfca9 bdc43947 3f132d93 bf6fde2e 3e69bce7 3e90aaac bd06af37 bf0e6191 3f7259fd be3d0506 bddb09ad bc995ed8 bdf548e0 be93ee64 3f0dc58c 3ed67eb3 3eeeb2d0 befb32c2 
bec086ad 3f530f8f bf19c18a 3f3dd5ab bf276d7f bf4acd7a 3d998864 beef8aa3 3eabaa5c bf4949a2 3f1d37b3 bf70be12 bd83989c 3ef02305 bf093981 3bc57448 bf20c977 bda138d0 bf3e87a6 3da4b8a7 3ec70eb1 bf3f65a7 3f6aa9ff bedfc6ab 3f7c0037 bf294799 bea58afa 3f2e6da2 3f1c4983 bf67c3c2 3ede9e93 bd3bef49 3edad274 3eb8beb4 becf0a90 3f32e7a7 be819ea1 be9eca79 be9eee96 3f371577 bf7f407b 3f731e0e bf146181 be69ed87 3e31bcdd 3f1ff174 bf269bbd 3f08876b bd90287d 3f783417 bec21ac6 3f7c9c2c bf52f1c5 3ee24661 be912e59 bec5ee96 3f78c620 bf7629f4 3d52effc 3e212c68 3c979f93 3de42900 3f4ce7c1 3e0dec11 bf5987b8 3f2b6392 bf594fb4 be35bcf9 bc835e09 be342d3b 3ec692f8 bed20a30 bcfb5a61 bf429fbd 3f796206 beb5da89 bda34967 bf1bcd83 3f5f89d7 befa9eef be0fdbd6 bf2907a9 3f7b2c0d bf6f1bff 3f4f17b3 bf38359a 3f36bbab be7344b3 bf5e5bc3 3f5eedb7 bee05311 bdba5875 3e9ce69b bdae68a7 3ea08a97 3f1cc581 bef6068d 3f6dffed be93d293 bd6a925d bf3f4bb1 3ddc8828 be6cfc0b beb2ee97 3f6fdfde bf5365a1 3f17d7ad bf1f2995 3f747601 3f07f160 bf1cf36b 3f2cef92 befec311 3c6d399d 3e8abe33 be809648 bf1ac3af 3e872e5c bbb2850d 3e41d52a be186458 3f5ccfd8 bf6017d8 3f141996 3e9fc632 bf53bfc9 3f18ed9c bf2f158b 3f0e3b68 bf26f368 3eea6ac0 bf11335b 3ebd5ec1 3f0ee988 bb10fd0b 3f3fe3b6 bf0b8b79 3f5c03c9 3f24bb7a bf27edb1 3f51b1b0 bf056f6a 3f30ff9f bf14c76c 3eb8e65a 3e25b425 bd8fc91e bf1009ac 3e897e6f bdc87977 3ee41687 bf206d94 3cc6a3e6 bf2b7777 3f25658f be5dbd70 3f6ede01 bf3df583 3f3523b4 bf3d43b0 be9e1eae be6cf3c8 3d8df975 3f69a5f1 bea64a81 bd2970d4 3eb74ad8 3dd6e91a be6844fd 3f227f9e bd6ab1db 3f5df3c5 be292c18 bf330bce 3f0c476f bf11715e be2983e3 be8d1a66 3e21a46e bdd3e71a bf162f61 bdead9b7 3e4bec58 bf0c7584 3e34d494 3ee2eec0 3d6b6eb5 be619c50 be2ad4a8 3ea28299 be755d0e 3f4337b3 be8f2a75 3f5e85d3 bf02e764 3f12cd87 3e94ce68 bef992f4 bef812a0 bec7da75 bedbeedf 3f6795ce be580d3d bda9a87d bf7d9e62 3f1c6177 bce61c9f bf0ec96f 3eeb76e1 bedbf2b3 bf18637f be859e4d 3e2424c0 3f761c33 bf5e9fc4 3f5a7fdc bcfce250 3e8c3a60 3e801266 bf4a997a 3f7cd422 bde47944 3f10a56d bf337992 3f5093bd befcead3 3f048d79 bf3e7d98 bd98c8d1 be97525a 3f7709f6 bf498fa4 3efc1eed be551d0d 3f5169d0 bf08c764 3dc1c81f 3f5c3fad bdf848f6 3d8288cd be488cd9 3ee8fafb be2ebccc bebe9a71 3ec57e9b bce7e376 bf230b60 3e33aca2 3c0aba52 be38e45a 3f37f9a9 bf6027fa bce7248f bd83d950 bf21cf93 3ecbbefb 
be46a427 3e742473 3e868a62 bf7a4c2e 3f6433d3 3efc92d2 3ed72ad5 3c6db7d2 3e287cb7 3e6f8d21 3c9c1fa9 3ef716f4 3e2a34ce be60ccd9 bb998790 3f5f69c0 bf0ffb77 3f54fba8 3f30f163 bf0f4d85 3c8e60ce 3e9496ae bf7435fd 3f38ab9e bf5f01fd 3f13e588 3e3394c3 beac8e94 bf2ab973 3f29a9ad be47b427 3e91260e bf76180c 3e74ecde 3f33077f bf7cc836 3f4663b1 bf1b0798 3f6a4fe9 bf3765b4 3f236378 bec0b673 be0a140a 3f34c19f bf28c1a0 bea6c2fa bd5bb348 3d984a35 beb0ae7d bf500bcc 3f13b75f bf7689e5 3f4a2dac bf5805d9 3f202387 be7554e9 3ea5f286 bf0ad387 3f5c61d3 bf16478e 3e237c26 3e5c9492 bf75a7d6 be7e0d3e 3f30638d bddab7e3 3e4a6c3c 3e902687 3e971a83 beba0290 3f64cdd9 bf42758e 3f2ad1ac 3f4559b3 bf5723ca 3e49ecc3 3f7c0626 bf404da7 3e7394ef bef08e9a 3f5f65cd 3ec5b25f bf5bc7b5 3f3d91bc bf3c5597 3f3467a9 bf0d9d68 3f3c7393 3e8c5ed4 3dd5e77c bedc0e9e 3f143355 bf6765c2 3f7b6e25 bf6809d1 bd67330b bd5590e6 bf1dd172 be0513e2 3f59879f bf011f87 3f740bce be1fb495 3e2c9cac be814f04 bd0891ee be191d08 3f173156 bf454f8e bf72a5cf 3f49e5d5 bf0add75 3f4105a0 be98aa85 3e75cd87 bea75696 3f7d4431 bf6a7bd1 3f5309b0 be3cc4ef bed07a87 bec45ee2 3f37e3a5 bf552ba0 be356c4d 3f51a792 bf4f7fbe 3ea156e0 bd99da76 3e6e94dd 3e0f8bfb 3e640584 bd241288 bf59839f 3eec9b39 bf77efe5 3eaf4e95 bf16b784 becc268a bde817b2 3dc69764 bda9d828 bf09ed77 3f5d4fb9 bef09a8c bf1d81b1 3f2ca380 3f05cb60 bf090150 3f29f9b8 bf6129c8 3f237577 3ed84eb4 3ef2dece bf166991 be31dbd8 bef106be 3dad5962 beac4eb9 3ee7df15 3e7af4a8 3f2b21a5 bf17f53f bf2c6b91 3f104f96 bf1e558b 3ec282c1 bf14a174 be4484ad 3e2efbef bf4093aa bf1acd95 3eb246d4 3e968a4b 3f24857b bf3e378d 3f23bd82 3f071f7b bec286c3 3e0a445f 3f68fdec bf15658b 3cee9ea2 3f6371c4 bf037da9 be84ca4f be24e407 3e8e5e8c 3f0a6392 bef0f6e8 3eb796ad bf559598 3f36f9ab bf7e866c be7b44a7 3f2f35c6 bf65c003 3f4abdba 3e422473 3ea4ee37 3f1b3d91 bf4dcdae bd9d26f4 3f5a05e5 3daaf954 be076cdb be147c81 3f48e3e6 bf164170 3f1a9563 3d9b5958 3e970e93 be938229 becfda92 beed467b 3f199db6 bf51e1a8 39b7b3ed bdb59929 3ea5e6a3 bf20e571 be839642 bd8cb7b7 3f05b374 bf7f9e67 3f2b9974 bf3e639c 3f631c01 bec0f26d 3f0e6965 bf3e098b 3f5f6fd5 bf20ef8d 3e4a3c20 be485cb1 bf1d3373 3ef4bb18 bf40d98f be657500 3f029f78 bf27939d 3db0c7c6 3f54add0 bf3037ab 3e427441 3e0a64a8 3ec95edf be0e7c21 3ecb9a6b bf2df57c 3f0d9569 3e254c4b 3f4fa996 bf671bc0 3f4d7d83 be44cc18 
3ded5a1a bf3fa3be 3ea48698 3ebff2a7 beb20aa8 bf30f19d bd6a30ec bf418db9 3f18d389 bf14337f be712cca 3d8508f3 bf3f6f8f 3f7163f1 bf3f999b beca0701 3f158b99 bf624fcb bf13c986 3f4bd389 bf133174 3f3471b5 3eac36a1 bf2ff997 3f3d49ab befcbf58 be23ac71 3e4804f6 3e31dc60 3e20944a bf28b1aa 3e648ca4 3f297fa6 beea9eb1 bf4ccbb7 3f5795d3 bee1b2bf 3ea36e7b be5434d6 bef88edc 3f0cd36a bf2835ac 3f4ecfbb bf4c4ba7 3f39df9d 3e8f51fe 3ef0baf4 bf04cd72 3f79383e bea17283 3f36fdcd bf1b5f7d 3f4e4d81 beb066a5 3ebbba7f bec68eae be6b2d18 3f3755b7 bf2865a0 3d894824 3e77ed2a bf2c0d9d 3f7af418 3e97d26c bd12d1f3 bf7e605b 3f5e7fd5 bf6665d9 3eea030a bf18e980 bf309594 3f659be4 bf56bdcb bf4ea3c1 3f5509d3 bf27b1a9 bf553fc5 3f2febac 3e917ad2 bdf867b6 bf47c59c 3e780496 be9392dc 3f0afb62 be9d8263 3e351510 bef6b2e4 be18cc85 bf55cfa2 3e9d5268 bec0d670 3f6eb7b9 bf17c176 bdf7b73d 3e69ecfe 3eb6c6be 3cada195 3f5f7bc6 bf3ec7bc 3e146c8d 3d7cce8d bf3d59a9 3e96163b bf223b75 3f48f9c7 beddf6d4 3f1dd399 bf69a3f2 3f5939f3 3f312bb7 bde337b3 bef0cad4 bd90480b be8156ba 3df8d881 bda078f3 bc9aa262 3d9be93a bf1a4f6e bc034715 3f6597f1 bee62adf bd2fb087 3f53159e becd0e99 bdcd1912 3f5ea7c2 bf262da5 3f38bb9c bf5707a7 3eb4ca88 bf5a63cf 3ece62db 3f05fd66 be311ca5 3e3b0468 3f3a7986 be11fbf6 3ea70a74 3ebbf6c5 be24ccdd bdeb999b 3f39e978 bf513fae 3d574edf 3f73f817 bf658dcb be988e69 3e3ba538 bf109b9b 3f43e5c2 bedf36a8 bf137783 bee28303 3f188978 3e3e7564 3f31ebde b89d4938 3df70897 3c4bccc1 bf320589 be2e74e0 3e5c64cd 3f43b9a9 bf2e199c 3f75f7f2 bf3387cc 3f3c5ba9 3f262f58 bf38479b 3f7029d2 3f0e4b9a bef882fc bdd7688d bf69c3af 3f74fa0e bf033393 bf225f8b 3e8c26ae bcd8e34a bf67ffcc 3f73281c bf1a5382 bea50a99 3e2c6487 3ecb471f 3d4f90c4 bef27294 bea4124f be99aa97 3f38c1b2 bee0728b bd69103a 3f3b31ae 3eea5ea2 bf1fb180 bd7f9189 3e06bc77 bf5601cb 3ea1a2dc bf6369cc 3f6efdeb bf1b555e bd56d206 bf029d9b 3eef6b35 be35ac5f bf43c39b 3f4f09bf bf7471d6 3f2ee580 beb4f2eb 3e5b0474 3ec82263 3f0d33a5 be7cfd24 bc193cb7 3f65bde2 bf45b7a9 3f156f51 be08a41c 3f769a2a bf4eb9c3 3e14b436 3f4689bf bf264f89 3ee62704 be3a9cde beaf02c3 3f00a176 bf39cb8b 3e1f2cd1 3dd399a9 be81ce4b 3e510c9b 3f708ff2 be90c28e bdc3b750 3f33ef8c bf1b8d90 3f632dee bf0a3952 bf5c7d9f 3f5d95d8 be30cbe3 bebe4e83 3da3677c bf287377 3f03c37d 3cb4177e bf087b50 bf217584 bda359ed 3e5eac96 3e67f496 be818a4a 
3e259c1f 3f6bffe3 bf5a31d6 3eef06a9 be273550 3e4d44d4 3f4ac3b5 3c8062a4 3db2196f be0acc40 3f5e6dd3 beea1eca 3f2e07a1 bf5fd1ef 3f691ff5 3d02ef22 beb90edb 3f6d27f3 bf09cd62 3f5875be bf78d829 3d2b125e bf196998 3f7b160f bf44c7a8 3ee23308 3e912a25 be32548b 3e5d9c72 be0dd468 3ea02e35 3e42546d bf3951a4 3f6c69db 3e9d02e6 be035ca4 befea6ee 3ef942ed bec44b1e 3f583d9d bee836aa 3ea07e9f be9e3688 3eb8c6f8 bf5a49b0 3d9238cc bf51a3b8 3ef99b05 bf318b94 3e7a04cb bf082f75 3e8f428f bf07abb5 3e831e53 bf07478a 3f34b194 be872640 be4cc503 bd284d9c 3f408397 bf26b78a 3f3b6b93 bef12ade bf509da3 3e02f4ea 3f4c17b8 be89ba91 be216cba 3dd3f8a7 3f55dbcd 3ed81ab6 bef34ade 3ee862a9 3f755e10 bf3513a6 3f6067dc 3f6255ae bf5ccfdb be993eb8 3ea246a9 3f258bb3 bee52f39 3ec5b678 be2644f5 bf0ec775 3f45798c bdaf8942 3f4061ab 3e16b46d 3f3e9f9a bf4d09b0 be805259 3ebf2ee0 3e3af528 3de7a7b2 bf45119b 3df2583d bf22777d 3f6ffbee bf183199 3e790cdc 3e5c1544 bdded8e1 3f2653a2 bf4a93bc 3eeb3ec7 bf1ec19a 3f59cddc bf7fb859 bce8a0a2 bf06095c 3f3fb196 3ee68ad9 bee106c7 3f0c718d beb486a4 befb827c 3f4f93a7 3dbc88d7 3d3191f5 bf5da9db 3f7ad60f bf42e5d3 be51cd33 3f03575e bef13e9a bf4a6fbf 3f437b80 bf73d609 3f38118a be38d4cf 3f575dc1 be54a4ad bf25dda7 3e96d29c 3dd3791c bf7d4024 3d55f0d3 3e52a518 bf0b2f6a 3d0c2eac 3e833a64 bef5caec 3e0efc8f 3f21b777 bf22dfa6 bce26061 3f6ac3f4 be950a57 3f3643bb bf790425 3f4f398c be0273b8 3f6993b5 bf457fd3 bdd83868 bf57b1c5 bed892b2 3f1a515a bf2f05ae 3f7fb68f be352c8e 3c935df1 bf02fb5d 3ecbfed8 bf7b4a43 3f4e37c6 bf6fbc22 bf2cc37f 3f4c87a1 bf48e598 be177bc2 3cdf6170 3eccaec1 3eaf96ca bea49699 3ce6e00d 3f076b73 3dcf9748 beba725d 3f650bf1 bf7289e3 3f71f5da beae963f 3e51d4cc bf032753 3e7a0cd0 3ec2c2b2 3f0aab6a 3e29a416 bf296584 3f492fbd be27a4ca bf3fff88 be27c4fa 3dbc7950 3f39d96d 3e25e517 bdd3a7ea 3f523dbb bf555bc8 3f7093d0 bea48e70 3e90767d 3e3913e8 be31cbc6 3d720fd1 3f6147be bf6c45f9 3f20878d be8d6abb bf32eb89 3f0c4559 bf3c399a be8e168b bc463820 beab3647 3e6b8c33 bf38eb82 3f273584 bf20b9b5 bf1f2fab 3f75f9f1 bf026f6f bf165b9a 3f76e20b bf79cbfc 3f7e003f bf511bbf 3f074799 3dbef85c 3ea24a76 beed0ebf 3f6827af bf5951c7 bf59abb1 3f087571 be4214de 3e77cd14 bf240162 bd90e8d2 3f6445ed be636c07 3ec4a264 bf045372 3e3ec4fa 3ec46a55 3ef1ce8b bf3d41c9 3ebf8a81 3f32eba9 3ee49eed 3de398ea be398c65 bf39c5a1 3efa3ec4 
bec6ba8f bf1bad7b 3f37efb9 bf7967f0 3f617fc2 befc8abe bebe5a69 be90aaa1 3da3c90f 3d9d3860 bf3c0f8d 3e896286 be36553a 3ee51aaa bf65b7e7 3f285767 bf69bdcc 3f649dac bf4831bf 3ddf190d 3eaa0248 3f0c2b5f 3cc1dedc bf4f11c6 3f484dae bf3313ac 3d84c9ba bed002bd 3cf620f7 bf3ef3b1 3f4d29c7 bf6c41fd 3ef5bb2a bf1b7b87 befd8ace 3e65246e 3f255397 bf4193c3 3ec3328c bf1b1b9e bda4a95d 3f0b0f5e bf73a407 3f6d1209 bd778d44 3f3e47c0 bdf73870 3f1ee993 bf14f560 3f614fde bf1bf37a 3f71a3e5 bed02a80 3d703094 3ef5b73e bf2727c8 3edda2a4 3e2cccbb be33a4ea bf15cd87 3edc9e9c befe6b2b 3decd9c1 3f637fbd bdea69b2 bef23a85 be40bd8e 3f4b3bc1 bedf9aa5 bf595fd5 beab66cc 3d8299b3 bdaba7e3 bf4eb1c5 3e782d56 bf4d1194 bf39b3a1 3eedc2a8 3f293586 bf751a0a 3ecf4ec2 beb61ace 3de988d1 3d900941 3e4c1cce bd203047 bf6a35f2 3e335462 bf559fa8 bea672a3 3f6c95f5 bdb14a56 bd0e513b bf162597 3ea9c6ca 3e894a2a 3f20417e bf75d218 3f228b9d bf596dc0 3f696fce becaeebe bd9aa741 3e2fc469 bf03653b 3f4053a2 bef9ea82 3e125c62 3f29abad bef2b662 3f722ddd bf5effeb bf107773 3f287980 bf3fc59f 3f77de0f bdc5e944 be67d469 bf39319e 3f5777a4 bdf44922 bf0d4f90 3f624804 bf0feb7f 3d3d2d78 3e8e7a18 3f62cf9e bf06676c 3f08f38e 3e03d4ad bf0da574 be9fba62 be8a36d9 3f7345cb bf3b0b9a 3e572ca8 3ef1ca7c 3ef42e95 bf4395c9 3f3abfb1 be613542 bd34d096 3e285c83 3e35442e bf41bd82 3caa63dc 3f35ebb0 bf52a5b7 bf030f6a 3e968687 be3c350e 3ef0a652 bf7e4457 3f07d976 bf0dd795 3f5f0dce 3f28076c 3f1cd9ac bf4299a9 3f00f996 bea952d4 bebff695 3f0edda8 bf0c418e 3f2d718c 3e123476 ba8de8c1 3ed50a63 3f69c1cf bf6e49ef 3f3e1da7 bf3a357a 3f4bc3aa bf0ef148 bd4f906a be080475 3f08b991 bf5ba3ab 3efaf31c bea9b669 3eba12a2 bf5495fd 3f4549b7 bf5a719c 3f6a15bf bebc9269 bd5e30bc bee59b05 bf4575cb 3eb656c7 3d977a25 bf5b03c9 3f5221cd be7dc446 3f7b6c34 bef27a85 bf3a298e beac468e be97c685 3ec00a86 be7b151e be8a9e76 bf1beb87 3f5c33c9 bf7ecc82 3f6a7df7 bf4b41b7 be994ad8 3f5493c7 befecb1f 3e8b2291 3f6641b5 be3124d2 bd223093 3f3a436e be5744b6 3f5fd9d9 bf362f8b 3f441f82 be378d65 bc965d44 3f6285d5 bf6727c2 3efc52a8 3eb336b3 bf5ac3ad 3f572dac bf7a4229 3f3b658c be5814af bf1c7b62 3f0e055d bf447b86 3cc621a3 3f26d98b 3f2bb975 bf012768 3e300d9f beedf755 3f75840c bee28726 bf5369c9 3f28e391 bf61afe3 3f0e374e 3e80d636 bf310195 bea49a75 3f49c5a1 bf500dd2 beebe2c4 bea8267f be9cd689 3ef35e88 3f306f7b bf1d497c 
3f7c8bfb bf1ee15e 3f500da7 bea09aea 3e8dce56 bf2f5790 3f7bba0d be2c53b4 3cde216e 3e6ecd1d be11cc85 3f373b98 bf7a3823 3f47dfbd bec75ebd 3f0be36c be85baaf bec89eae 3f403b78 bf4467a8 3ed89af8 bf611dad 3e5394e1 3f1b5964 bead329c 3e23fc6a 3eddbea7 3e6e6d0e 3f03d968 3f00a95b bf00d993 3ee91ea8 3ef9dacb be339d5e 3f1f3565 be185c56 bf483dac 3f780c00 be85e2a3 3f07a38a be443d6f bded997f 3f2dcdce bf20c18f bebb02a5 be5e349c bf0f2348 3ef66aee bf1779a3 3e222c8b bdc1c726 bf4d6fc4 3f3e9d8c bf11295e 3ec7429a beb546de be1fe4a2 bd04712a 3e12ac62 3f3bc3c4 bf576be3 3f7a6e2f bed90a6a bf15a938 3eddae9d bebc4268 3f2a6b6d bf7b9628 3ef032a2 3f3189a3 3ebe3ec8 3eb76689 beb28289 3f130d91 3ecf7ebb 3e84f680 3f4df1c3 be927a43 bdba877e 3e0dd481 3d9819c8 be80be4e 3f187570 bf79940d 3f283b96 be7c1cbe 3eb8428c 3f5b9b9a be2c63d8 3ec9a6a3 bf009b75 bf0f9b92 3f4371ad bddcb865 3bac99f0 bf2fe78b 3ec64a5f 3d2fd0bc 3f20c795 be87fa61 be4cfc8a be45ecbd be26ac46 3ec23a97 bebd567f 3f449dd7 bf6b9c05 3efcb68f bf6f7603 3f412bc0 bf5a43c7 3f5551bc 3d6b0fcf 3ea7da6c bf29bb87 bc16b69f bef40acc 3f42db94 bebd0aa3 3eebeef2 bf403f72 3f7011e4 bf3c63c9 3f2ab7b5 3dd178b0 bf35e9bd 3c24c2d0 bf40739a 3f08f993 bf7dcc1a 3f60a9cb 3e53846a 3e25dd21 bf27cd83 3f3fe5af bec3ca82 bd151292 bf1e7780 3f5b7dcd bf6f69df 3f7cfc35 bf58d9a4 3f13cd89 bef4e2da 3f3cada4 3e882693 bf54ffb0 3f378bad 3eb48691 3e8dbe4b befd2ed2 bdb0d8d2 3f4bb7c8 bf5ea5d8 3f4c07d3 bf571fc5 bf42fdaa bf145b7d 3f78e801 bf6505cd 3f5ac9f7 bf4051b6 3f665dca bf172b7c 3e666540 bf24f191 be12a45f bd92e947 bf6ba3f6 3f4247b1 be7134b7 3f774420 bf583db6 be852e5c 3f7f6657 bf4557b6 3e4824dd be0c8c9a 3ea602e4 bf43af9a 3f105976 3f0ed362 bf55f3bd 3f2a5f8f bf46417f 3e669c56 3eb3b2e7 3f2bbf7a 3de1a821 3e6ab4ce be94ea75 3f685df1 bf454ba2 3e853e16 bf79abf6 3edeba79 3f38619e 3f11fd54 3edef6b4 bf70e1f1 3f16c589 3f1a4d78 3b04fbc1 be720c48 3e920a54 bf0c599f 3f520ba0 be60a458 bf19319c 3efd46e9 bf07fb6a bf43bb9c bc1db80d 3d34f2c4 bcb29f6b bf442799 be0b442c bebada4d 3f1e2dc7 bf7eb417 3edeeae5 be82e2e7 be8bb6a6 3ebc0a11 beb9baa6 3f0ca190 bee61711 3f5bc3fa bf3d9b9c 3f12c18c be79d4a2 3d3c4df4 3f6e29d7 bf4011be be2d3467 bf3bf5b7 3f5539da bf1def72 3f323dc1 bf6983e9 3f6bcdeb 3e022c7a be2824a3 3f1953bf bf1a2587 3eae1e48 bebbce8a 3f5b759d bf2fc7a6 3f5c89c7 3e129401 3ef76a91 bd17d09b be9056b8 bee496c8 3ebd4a61 
3ca79dee becc8af5 3e97ee6c bf531da7 3f242794 3d0e713f bee97abf 3edb92de bf6b9a12 3f7c6407 bf6085f8 3f16b154 bf14e981 3f3c25a0 bf34498b bdbb68ed 3f70c5b1 bf291b9d 3e62a3ed 3ed432b4 be6f4ce1 3e36ad33 3ecab2ce bf48f79e 3d3ab063 3e905a4e bf0bff8b bf666bf1 3da688eb bf769e18 3ef722c0 beea26ac bf08c55f 3e2f4bb7 bd8138c7 be9ba25a 3f2df3a1 beeefee4 bf4da3ae 3eb09a9f 3e3d1c77 bf23cb72 3ed722f4 bec092be 3f2cf7b2 3f2b097f bee57291 3eaa86b9 3d8499ac bd2defe3 3f3397cb beebee96 3f2613a9 bf1c8360 3e74dc8b 3dbb77d7 3f62c7b5 bf4aa5d6 3d8bf995 bedf8a90 3f1c0b90 bf4fe3a5 3e9c0688 3eb73e92 bf22019a 3f3b1b7d bec7a275 3ed28238 bd475143 bf2b59bb be4fa4c1 bf6cf1d7 3f73b5d4 bf2ee18e bf1b217a 3e2d3c8c bf38319e bd44322b bf1a9762 3f6f2fda bf4993a8 3f3aa79e bf1be5a5 3f59bbc0 bf15ed8d 3de6e925 bdadd97d bf6dddb8 3e3a7c64 3ea03e97 be7d050f 3f73a7f3 bf46959b 3db7b852 3f14b983 be5c3c05 3e24a40f bf298397 bf073b57 3edc728c be21a4dd 3f7be234 bf0eb781 3f4455c3 bf6b9fe9 3d9498ff 3d4e9293 3f7293ff bf34f9b0 3f4d95cc bf4fbda0 3f102779 bf6ed61d 3eaaba8a 3e824680 3f60a5d3 bf748c06 3f42f35a bea76e6b bee94eea 3f3975a8 bf38f9b0 3e994285 bf79c02c 3f131370 beb772ab 3f41f1a5 3e62155d 3e81228b bd2170e0 3ea35ab3 bf7c1e26 3f1011ac be665d19 bcd76065 be7fecf7 3ecec6bd bd9df7cb bd8a8812 3e465cb5 bf0f6d7d 3eae4eb4 bd33f18f be9c1a78 3d9689f3 bf21c784 3ef5de86 3d2890b8 bf68f9db 3dc3a7ef 3e86e646 3e949ac5 bf4753ea 3f5db58e bed01e68 3f072b7f 3f1d6d8b 3eec9f16 bf029566 bdbaa892 3f37d7a3 bf529fcc 3ec01a7e bee526fa 3eb5ceb2 3e9f2a8d 3eea8eb1 be3c74e4 3f3d51da bf079f6e beb77e6c bf4b93ae 3f4093ba 3ee922b7 bf6c7fe8 3ef35ac3 3ecdcec1 be113c2e 3d14b085 3f5395cb bf710fdd bebabe83 3f60d5c0 bf14958e 3f300db1 bce121b5 bf4dd19c beb846a5 bdf618be bd132e3b bebb9af8 3e61ac89 bf234b97 3f767c0e 3e18346a bb06fe81 bf73860e bed3eaf0 befc3a92 3f510bb8 bee5a2fe bf79f00d 3f1f7395 bf19d189 3f5763a9 beee86c3 be315cf2 3f5ad3be bf1ef5ac 3f318b9f be362c98 3f765bf8 3de299bc beb6b686 3e0ed500 3f0a1786 3f25118c 3e550437 bf303da5 3f5ed5cd 3debe7d0 bf115f53 3f77adfc bf2bff8a 3e437cf6 bebd3e9f 3ea55289 bf4ff1e7 3f121187 bf295599 3f587fcd bf1d275c bf17d556 3f492dc3 3eb606ab bdadc8c7 3cf21d31 bea1f29a 3f3dc392 bf7149c9 3ebb0ec9 bf48ddbd 3eeacedb bf03fb5e 3f090795 bf350bbf 3f6b83e1 bf28f390 bcc7dfd5 bef24abc 3de5f9ea bf3917bb 3f4c01a3 bf289bb9 3f44a1b0 bf7045ff 
bead9ad8 3f13dd72 beb58efb 3f2a818a bf1e5169 3f164995 bf3c939c 3f195b89 3e1edc15 be9e96c1 be660473 3e876e47 3e548d12 bf16338d 3f35cdb7 be6feccd bf7b2413 3f5449bf bedf62d3 beb2769c 3e4e34b9 3e8fc2d5 bf28ad8e 3f332d76 3e0554b4 bf1d156b 3f70f7f1 3f5e01aa bc8ae155 3f193f5e 3ea09a8a 3d8e2877 3f03516b be941e63 be1dcc23 3f0b9b53 bf265da3 3eea9a87 3f7c0a1b bee12acc beba7e8f 3f6ebdb8 bf4f89ed 3f2bf993 bf1f437e bf5925ba 3f6849d6 bf5243d7 3f0c1548 bf3f9db4 bcde1ac0 3e4ea45a bed37aba 3e21dc77 3ea8de63 bf3a6192 bf09053f 3efc12f2 3f0dcf76 bf2d4995 3f017566 bea8ae61 3f411dd9 bf49f7c6 3f773ffc bf2f2d7f bec11eb4 3f1d7189 bf4a65b1 3f78d3f8 bd12f08c 3f5dafbf bf22e781 3ea19ad6 3f3b438d bee206a2 3ea62aa1 3f4f7fcd 3ef786f7 bf3c6b9a 3e785494 3cfc1cb8 bf341b98 3f1f9b78 bf08c15a 3eb4fab5 3ee14299 be81e676 3f152976 bf3be3a2 3b2d03df be9d42ae 3e866a68 bf39c97f 3f160b83 bf5f27e1 3f2477a4 3f39179a 3e2fd532 3daa180e bed07e50 befb5eea bd462f21 bf0e5b83 3f57cbb6 3ed7eed2 bf7ae5fe 3e89c6ba bf692ba2 3f6d45ff bf2697c8 3f2ea1a1 bdd5381d 3ea2eea8 bf6209a9 bef8bafc 3f77e61d bf6ac7d0 3df9f8a7 3f55f9bf bf4625bc 3f028151 3e915ab0 3f185986 be094446 3ebe7684 bf335598 be403c3d bef46328 3ed16683 bef1da47 3e93b69d 3ed69265 bf0c3990 3ed3decd 3eab426e bf0a8775 3f144578 bf2f7588 3f69699b bf21ad86 3f327f96 be593496 3db588f3 3e72fc82 3e57045e bd739352 be80ca33 3f2d4f94 3e39cc44 bf1c219e 3e5a9c41 3d6eb049 bd653145 bf580bb0 3ed2d2e7 bf13758b bf0ff97f 3f63f9ed beca2695 bef382f0 3f28ef85 bdfb674e 3e39f4a9 3d2d8f90 bf481f90 3e31e44c be68ace4 bef1f6e6 3f6201de 3dec38d9 3f6273d1 bf4b91b2 bd7cf0a2 3e9ee282 bd716e3d bf47b5ae 3e6bcc98 bf179f8f 3cda1f03 3eac26af 3f032584 bf4549bd 3ecf46de bf2c95ac 3e11bb9d 3f488dae 3e35d4a5 3e4e3c64 be64bc4e 3f3cd1a2 bf178989 3f5743af bf48c1ca bf2a5172 3f4a5f9e 3e400c92 3f58b5c6 be672547 3e720ce4 3e10f422 3eb4b2a3 3f0ce75b bf3a25ad 3e211cdf 3c14c898 be49342d bf638faf 3f715012 bf6445b8 bb7d0362 be6174e9 bf47c1b7 3f7de43b beee4711 beb02296 bf5ac7d4 be161c13 3f1a0371 bf2a699f bec106bd 3ef43299 bec7b284 3dd10973 ba53df50 3f24258a bf31a35b 3f766808 bedecaa3 3f0c73aa bf5441d0 3f09cf85 3eb3d6d5 bf2e5795 be05fc4b be878a44 3f308b96 bf2af3b2 3e03ac20 3e1c3ca7 3f219d7b bea0e274 3f13eda5 bf2917a7 3f151981 bce963ed bed65ebb 3da38805 3e44ac2d 3f32796a bf091548 3eef82d0 bf257f85 3f54c7d6 bed7a6da 3f521592 
3ef10efc bed2baf9 bd89b802 3e45fcd3 be8acead bd31b122 3e7814ce 3dacd82a bf61d9e6 3f5ee5d3 3e534c51 be0ee475 bf15c97d 3f4c2994 bf5317df 3f6209b3 3e8a0e4a bdf36902 3ca09be9 3e80a675 3dd4c894 bf5ae3ae 3f7b6231 bf6fd7f2 3f2ea7d9 be8b3e91 bf09fb35 bf77a9fc 3e42dc8e bf2e7771 beef9ed2 be1b0d05 be9d3ea6 3f61e9d5 bf723ff3 3f5103a9 bf2a4d95 3e2c7472 bf7053e6 bcde5d5d 3f4c7fac bf6aa204 3f08af66 be8b7e45 3f0f9f53 3b6ad9ee 3e7e1458 be896285 3ea58e6f 3e846a72 3d5e749c be92c259 3f10d76e beda7ac4 3ee95e7c bdddc772 3f737fe0 bf175187 be8f525d 3ef26ace be12bcb4 bdf0d843 be811674 bd01b1e5 bebb76c6 3eaa2aab 3ed44eaa bed876e9 3f0ce560 bf126b8f be997eca 3d9ad8f6 bf12856c 3ef072ba bf7a85ed 3f7be81c bf06bd8a bf20a1a1 bf7a0a1a 3f442daf be94cab0 3ecc86a1 3eb84a87 bf126568 3f4d71c3 bf5c4fdd be5b6cfe 3f34298a befc8edc 3e054cfa 3f7dd64a bf3db17a 3f54dbb4 3ec3d65f bf308775 3f7ebc4a bf2aa999 bf5c0d8a beadda8d 3f073177 bead7650 3f5fcddc 3e00249c 3eea9e78 bf49b392 be8d3238 3f2873a6 3df63a39 3f05736f be51bd70 be8e2296 3dfe4834 bf123979 3eb61653 3eeb26cc 3f1f9586 bf7f9869 3f338db5 3e68543e bf73ec18 3ed55ae6 be119c5c bf3bd5a1 bd21cef1 bf416d90 3c8adfd4 3f00bb6d 3e14e3ca 3ea7f6c7 be957eb4 3ea966e0 3de5591c bf4101bf 3f3481a3 be42fc8e bf644f9d 3f5363dc bf213985 3f0bdf95 bf7d1a43 3f671bbe bf5e3be2 be477d2c 3f0de362 bf1f1d86 be705438 3f287b74 bf3a1bbe 3f06095a bf6aa802 3f5545bd bdb80985 bf2bcbb1 3f78bc1c 3efd8ac1 bf09657f 3f186991 3d24b156 bf5733dc 3f7751f1 bebf2e80 3eabfa8c bf5aa5a8 3eec0f2a beb6f681 3f7b11f4 bf5dd1d3 3f71b00a be64fd30 bf6147a6 3ddd5999 bf6081eb 3f72b1ff bf7111db 3f6fd221 bf1955a9 3f69a3ef 3d745198 3f3ba791 bf5715c5 3e81de98 bd705169 bed8fede 3f44c9b1 bcfd21e7 bde2779f be93a291 bf3987a7 3f352fb0 bf3d39b3 3ecc9687 bf373dc3 3efb4eb5 be7f5522 3f7365e3 bf161b61 bf2f0396 3e1cccb3 be40a501 bf408581 3e570c83 bea17a87 bf27898a 3f7b280e bf43c79e 3f6463b5 bc8a64b0 3f74d1f8 bf655dc4 3f34519c 3e6a04b5 bea8cee0 3f58f7d3 bf5b37cb 3dfd7810 3f4497b8 3ebe5699 3f0c7b88 bf6f81e6 3f7f7e70 3e37b4ad be0724d1 be854e5a 3ebab26a 3c4b49cd bf50ffc1 3f320dc7 bf339bbe 3eb78238 bf4c6db0 3f78362b becf12e3 bdc05856 3eb0be88 3db7498c 3ee846b0 bf553be9 3f2f6196 bdd308b2 3de02983 bf5ae9b6 3ea6a26d bebbc29a 3f1a7559 bf66dfdd 3f2e6f97 bf12cf7b 3f6867ff bedfd2b4 bf19a9a9 3ea8f6d9 3f08f171 beeae2cd be978e5d bdca58cd bf25b5b2 
bf703fff 3f7a4e3a bf6d91eb 3f749ff2 bf617f9d 3f5fc79c beb3d2b3 be667cd0 3f5199b6 befa92c8 bf6bd1eb 3f2aa1af 3e9c7a17 bed0b315 3eaeae9d bf79fe0f 3e2e9cf7 bf29857e 3f6903ce bf5003d4 3eba9e8d 3efe7ea5 bebb8670 3e7a7d42 bf5f5dc6 3f6885da 3e4904aa 3f449be0 be558c15 3f3bebaf 3f1f658e bd9e9816 3e533cc7 bf530bca 3f7c1e5c bf6525bd 3f328990 bc473e60 3f3b2bb6 bd2e2fc4 be928e82 bda6d7d7 3f165f7f bf6e39e2 3e246bfb 3e203bf3 beeedaa5 3d78b087 3d277199 bf23818a 3f48bfa0 bf1c4387 3e90da35 bea3b66c beb9728d 3e0fccb9 bed536a6 3bdc8345 bdb048de 3e5464d3 bf0da783 3f5371d1 bee192b9 3f28e795 3e1c4cc0 bf3acb97 3f49c9b2 bf44f3d3 bd43f21b 3f51e1bb bf4599db 3f5d65e7 becf5ebd 3f7cf44b bf22f787 bdb27857 be6794cb 3f7e1c39 3f1e59b7 3e99fe9d beeb86c7 bf12f96a 3f04bf5b bee15ac1 be16cc6b 3f73bfdd be02240b bf4fcbbd 3ed60eaa bd8f17d7 bf27239a bdb917ba be8fda85 bf303bb1 3f391dbf bf67f9ec 3f244176 3f174f96 3f36e39f bf7a6ff9 3f0f738b becf16f2 bf70e7d0 3ed4d2a9 be40b54c 3f53ebba bf3fd7b6 be9ceecd bdd5c8c5 bf292390 3f79501a be139426 3e2a4cbd 3d6e6ea3 bf43b39f be55d44f 3f055f8a 3d8537da bf4b59ac 3f7bca57 3d1d524b 3d0c4e6d 3e953644 3f12b972 3f035569 3eec0b08 bf5c23e0 3d047120 3ec046ab bf2fcb88 3f119b6a bf14c193 3f5d1db7 bf79e816 3f112da4 3efa5697 be5e1cf3 bd4bb0e8 3e6264af 3eaab28a bef55af6 3f45118d be200cc9 3e06c48d bd2a1078 3f1ff385 bf6ac205 3f3dd7c0 bf07ed72 3f40fb82 bf590dd3 3f26c385 3e3b3d50 bf60c5cf bf0b8181 3f36ddae bf0f8d5d 3ecf2ae8 3f3357b2 bf6f51d7 3e0afc14 3d41510d 3e996e82 3edd12ed bf5641ab 3eb13f13 3e5fec34 bf413f91 3f5b8bcb bb6ef1ca 3f3df1ab be86b9dc 3daaa879 3f2adfa6 bf6f7405 3e894e3e be906e3a bf5667b6 bdabe748 3f5dd3dc befc32b1 be2a445c 3f5bb001 bf50abb0 be9512ac 3f438fa2 beee5abb 3f72f9df bf50fdb1 3f17d9a3 bebae657 3f6c1bd7 bf76560f 3f45a5ce bf6215e3 3eab02b0 3f4ec3cc bf5edbd5 3f55a5c3 3f25cb58 be7584f5 3f35d5ad bf206762 3f695bb2 bf6557a5 bd87e83b bf7cb42d 3e93d2c2 bee9d2ea 3ee152c8 bf61bba0 3f7449ef bf4183d4 3f153984 bc865e11 bf02436e bf501b92 3e7444d4 3e4acc5c bf045b62 bf49efb0 3f6f2be1 bf01ef5f 3ee46aac bf4bb9b7 3f7b0030 be0844d8 beca3a85 3efac290 3e903669 be6f0471 bf37d7ad 3f7e504a bf790c2b 3f0b1381 bf624db9 3f66ffba bf056356 3ccdde81 bef022b0 3f43bb85 3ed0cadc bf74d9e9 3f784212 bed53a90 3e525454 3e184c20 bf18bf56 be966266 3f7d8428 bf07d167 bf46b195 3f7e1e27 3dde28f9 3dafd92b 3f623fe0 
3f4781bd bf226bb1 3f48c7ad bf6931c1 3f3cdfde beba1aa6 bee70263 3f150756 bf3cfdb7 3ecedecc 3f45ad96 beca1a80 bed9c2dd 3e89aa50 3e5aaccd 3e9c4ade 3f36d1a5 be4704c4 bef6f69a 3ed776c5 bdd438d8 bf45bbb0 3ebc2a6a 3e8a8a1e 3f23558a bf6929c1 be401c9e be913a71 3d44cc0c bf224b79 bf7333f0 3f6cf9f5 bf4d43bf 3f3aada7 bf02ef56 3e65555d 3e375cdc bf6c4fe0 3e471cae bf1ff75c 3f706614 bf39d392 3efa9318 3e1124be 3ed7aec9 bf18077c 3eab52c6 3f2bcfa6 bf40e576 3f5c1fdf bf79442c 3eeed297 3e196ca0 bd05f22d 3f6377af bf03bd7e 3e21844c 3eaab6c6 3edd3afe be7cad2c be62dcca 3e9e2e95 bf207769 3e7e652c bf0af382 3f3e5dab bf7f1474 3f315789 3ea11aa4 bf681bdb 3f4b89d5 be84d29b bee6db03 bed21693 3e750d1f 3f1e8185 bcb75d75 bf122167 bf3b8599 bf5699d0 3f4e0dc3 3f1f438f bf7c8234 3f72d40b beb169f0 bf5857c2 3e9006ab 3f3caf9e be3ad496 be17f428 3f06cd8b 3f21a182 bdecd9b2 3f3267a7 beece311 3f44a7bb bf4293bd bd62512e bf5211b2 3f538d9c bf00a79c 3ec8f6ae 3ebd76cd 3ef396a7 be793cc7 bf2d07b7 3f6c05db be4e8ce1 3f2dfda1 3f06b385 bf550bbc bec8dabe 3edc8adb beb496df 3f20a18b 3ea87ac7 bf2b9f7c bda507b1 3eee9261 bead8638 bf5cdfac 3ed54ed3 bdc35980 bf529bc7 befac6d9 bf003768 3f57f3b8 bea20e68 beaf3a9d 3ef3e30e be9a2aaa be428c59 3d92a8ef 3f2b1b99 bf711bfc 3ebdc68c bf395b90 3f355dac bf5f2ddc 3f24036a bf2da39c 3dd298b4 3eb0eaec bf736216 3f1baf95 bf158b87 3ed842a4 3ea79e68 bf5bedb0 3f68d5cc bee12eff bf009563 3e87326f 3ec87abd 3f1f6191 bf0b7581 bce21df7 be140487 bf79fa0f 3f487bac 3ed47e78 bf002b58 bdd9b97f bee4f6ec 3f5f47dd bf7837ef 3f4459cc bf45f19b 3ea1daa4 bf3cf7a6 3e060438 bebb627a 3e20ac4c bf2e5399 3f4a1bd5 be1e0c99 3ea9727f 3f0fc565 bda2ea1a bf5095c8 3f33e1bc bbae9d15 bf56afa6 3f73921a bec0aa7a 3e90628b bf3677bc 3f166fb6 bf11656c 3f4f05a6 bf5ef1e1 3ebd2a98 be61d554 bdc408ad 3e6054c5 be02548b be4c9415 3f01d989 bf3d67a0 bf287bac 3c4841f6 be6b3d1a 3e8afac8 bf6325ca 3f6e7bec 3f19798f 3eff26aa 3d74b0d7 bdfc18ed 3f3749c1 bf564fca 3f0e6364 bf6de1c2 3f5f61e4 bf7b4c46 3f6cf7da 3f38a198 bf5213d1 3edf5ae7 3ede36ae 3eaceebb bea0f28d bdb7d80c be07f44d 3f53b3ec bf681dd1 3d94e9c1 3ec7baa0 bdcb990b bf6001ab 3f487996 3e3973c2 be6e1d28 be0eece8 3f3ffb8c bf1ead90 3f180b7d bf24f968 3f1d199b 3f2a9994 bf79b633 bcc59ecc 3eafd65d be74a4fb bf04675b 3f2d9da1 bf3ce7a5 3f53b5d5 3f005d54 bf6e3bf4 3f20d766 3ee3e706 bf694fca be671cf9 3e3dcc28 bf792028 
bea8c69b 3ebb3e86 bf3d2d9a 3f7fdc9e bf4c8daa 3ed2f299 bd8607e9 3f4079a9 bf27efa5 3e7acc39 bf055f6c 3d5473eb 3edd3302 bec5527b be109bf3 be9dce19 bf54c9a9 3ed27295 3f32ff84 bf48c7a3 3f11918a 3ee2c6e6 be1e3c80 bf6757dd 3e54a4c1 bdcff8bd 3f7d6236 bf5c4dc9 3f1ca5a0 3ed9dade 3f28439a bf6671fd 3f534fcb be85fa56 3e3a54da beb882da 3e518cb9 3ec54aaa 3e39dc3b 3dc23867 bef4a307 3eeab28e bf170d7d be1c3bdf becceafd 3f3987c7 bf6ed802 3f039d75 bf4e15b6 3f6379a0 beb00e82 3f1b439d bf6c23ff 3d754feb bebdaef1 be75cd15 3f31d39f bf4b7585 bf57b9a7 3f6e1dec bedf6f02 3f347f98 bf3d8997 3f66abea bf6791c9 3f5f3bbe be299413 3ead468e bf54b3db 3f5727cd bf49e1c3 3e3b24f3 3eed9b02 3f20638d bf2b738e bc653da7 bf300598 3f4d51ad 3f0c976c 3f63e1ac bf2a9d99 be8b4a06 3e776cac 3e517d13 beb1ce55 3f77780b bdbbe8e4 bf7279e7 3eed16a2 be68ec82 be8e5e1d bf06bf7c be34ac80 bde7f8e6 be970642 bdf897a9 3e2ec50b 3ee5b2b2 bef9c6d5 3f7715da bf7331e5 3f2f27c8 bf198b71 bf64cbc0 3f27ef8d 3e452c83 bf16e17c 3e671d09 bf7eee51 beb5c697 3f2b0f9b 3f4b7bd5 bf7b9a2a 3f69f7df bf7e783e 3e0a843a 3ef456bc 3c97238b bd6df0b9 3ea7be8a 3ed75ec5 3d7f8fd0 bec1a677 3f541dd7 3f512bae be19f4b8 3dbf17b2 be9c166b 3f65edf2 bf52499e 3f78de18 3ba47b3d bf15e14e 3e766cc1 bdf1084f 3f09fd66 bea16e81 3f3b5dad beff027b 3c5b3d77 3f2cd5b0 bf101b72 be5ba54c 3f4b4bbc be2b0440 3e487497 befc42bf 3d73d30b 3ee2b6ca bf7be41e 3f5e31ab 3e84aa60 bccea61f bf1b659d 3d9ea848 bde3d9b5 3f17f195 3dd898a0 3f546196 be91c229 bf5f53b0 3ee3aeca 3f23e9c0 bf1fed8d 3f52f3a9 bf1d377a 3eff3ab0 3e7624c7 3df4f97c 3ce2dc84 3e3304f4 3e7c4c9b 3e0d0445 bd58f22f 3c08c139 be6e6cd9 be3454ac bf002536 3f78ca23 beaff6a4 3ccc2375 bdbdb8b7 3f128381 bf1fc78f 3ea7268d be39e44d 3e2ee426 3e4b3c7c bf150778 3e9e3662 be0f748f be5eb4fa 3f595fa6 beca5291 3eee4297 bece5685 3cfae1a2 be887289 3f134177 3f55b7a9 be62cccf be0ec46a 3f6b91e5 bf09fd48 bd9f3831 bf6f47d4 bf62ffe3 3f7267f4 bf6a93f5 3d5a3018 3e61d3c0 3eda3a7f bdde492c 3d44ee3f 3f044772 bf7cea34 be0904fb 3f3c877d bf3daf95 beb8cec7 3e9bdaa0 bf13459d 3f5575a8 be90d644 bf219f78 3f0b0790 3da5a95a be6dbc35 be369480 3f6b8e0c bf4e9dac 3daeb83f bd124f1e 3e92c6db bf20099f 3edb3670 be6fb4c5 3e14ec7c bed816d6 bf21d579 3eadf28a 3f21f9a1 bf3c4da8 3f248791 3de13894 be10b3fd 3d8ba897 bedd46a7 bf146383 3f1bd5ad bf0d655c 3d38745a 3f301595 3d40ceac 3d09cefd 3f01c14b 
bf0c1f88 bd2a70f6 3f09797f bf2fbdb1 3d569057 3f300392 bf23db5a bf401b85 3f6f09dd bef6aaef 3f2a4da9 bf34339b 3f2beb5a be2cac16 3e8c1e63 3efb1f40 3e7764fd bc67c82e bf713bf0 3f1fd19e be5ec535 bf56a1b6 3f5d1bd1 3e595c73 3e27ac6a 3e3acced bf495dbd 3f7afa07 bf04d76f bf55efbc 3f2a4fa2 bf045d7e 3e4a1c7e bf695bee 3f4c1bb1 be534cc2 3d65925b bebc0667 3d04309a bd5db188 3e5a0c64 3c3e387d 3e941a48 3f0c0383 be167456 3d614ed5 3f0c1f50 bf3a93ae 3f5aa3b3 bf089371 bebf6aa9 3d0cef45 3f016b60 3eb7b289 bcaf6006 3ea29e7e bf1bcb91 3f6ba3e6 3ebf7a97 bea102cd bd3dedd9 bf2d3984 3f7d6831 bf18db67 3f39a7a7 bf51ed97 be1d7472 3c4fc31a 3e099c24 be2e9c18 3f69b7e1 bf502fce 3e069465 bf5f6deb 3f424dcd bdfa685a 3f139368 beb572bb bf5553b0 3b0d24ca bf0ac570 3f49b5c6 be519d83 bf6da9f9 3f35f1a3 bf3a3998 be6e1507 3f53d3b2 bf148d7a 3f6f99e8 befdc717 3f2ae198 bbd58077 3ea00a60 3db279c9 3ef29ab0 bf27f7a8 3f068d7a 3dc4891f bf77adf6 3f570fe5 bf5b7ba2 3f6411d5 3f501b89 bf7eb82f 3f4901c4 bf1c37a4 3f213376 3f4f69b6 3dbb19b9 bec0a274 bf61edcf 3f77f030 bf622bf5 3f54c9c3 be4afca1 bf11ef89 3ee8d6e2 bf2a7dbb bed9a6e0 3ef612e9 bf2753ac 3f231584 bf5d9fac be799cef bf445196 3f5dd1e9 bf64a1d9 3ec7a69c beefdae9 befee322 be89a237 3f6f6ddb bf3b93a9 3eaf0666 3e061c19 bf761fca 3f08d77c bf0eb192 3f55b1e0 bf78ae1e 3f4e87dc 3d11aea0 bdf2d8d1 bf431bb9 3f0bfb63 3e694c83 bf073166 3f1dfba5 be37fc65 3e0f7cbc bf7d7e45 3ec7aebd 3dfb985e bd942837 3cd4624d bee3727d bead1671 bf50bfaa 3f094386 3e1df4b3 3ed76a94 bf677dde 3e8de288 bf02698a 3e6b5474 be5b2c3e bf239588 3ea0f6b2 bd6f7528 bdb357a7 bec042cd 3d85e8ae 3bd68150 3e86ee97 bf065b8b 3f6561fd bec23246 bf7c4625 3f1ef968 be479cc4 3ac6038d bf053185 3f5961b8 bf68e5de 3f584dc1 bf30d5cc 3ea5d27f 3e405474 be7724e9 3f7809ee bf48cfc5 3cd2222f bf664fc9 3f03e97d bd9c587a 3eaf2a78 3df92855 bf3f63b3 bf18bb60 3f2bb78a bf153d72 bf36ef9a 3f4a93c1 3dbe47af 3f3a0f87 3f7385ee bf5029cc 3eeb02bb 3ef91ea8 bf071176 bef68f00 3f1c6797 bf4509a6 bc1bbdcd 3f6bdfe9 bec916cd bf081b51 3f7d663e 3cd19e4c bedadea1 3f087768 bed43a93 be826658 3f479bae 3dd877a2 bf78c40a 3f7313c6 bf3ebfbd 3efdb700 bf0f6994 3f3c45a4 bf02835c 3e550c0f bca2245f 3d34305d be7cbd5b 3f035b5c 3d75b196 3f47bf94 be908697 beca6612 3eb7ce82 bf1441a5 3e8c8a95 bef97afb 3eb1f6ac 3f777029 bf476dbd 3f6cdde2 bf086375 3e24b3f0 bf5757b6 3f241ba2 bf7e886a 3f3d07bb 
3ea89e52 3ed906a5 bf3fd19e 3f6e9df9 be00ac33 bf7349ea 3f64f9ef 3f0a477b bf58e3b8 3f1ce3ad bf4c9385 3f55add3 bf36afb2 bea20287 3d88d8da bf11458d 3e12dcc8 bb130c7c 3eee629a 3ea86e70 bf1fa381 3f786c26 bf5ac1bd bca0639b be660c1a bed89a8e 3edf62a0 bf3fb391 3f0b936e 3eab96e1 bf1fd195 3f247f76 3e7a9c2a 3f03834d bf4921ce 3f1e85a2 befc0e8d 3ea9c29d bd16d066 be410d13 3b3b0daf bd85382b bf5dade2 3ed57f2c bf5669c4 3ecf8a9e bf4cbdd2 3f7b7439 bee02e85 bea2ae30 3f6f23f2 bdd46908 bf4e23a4 3e61ec84 bf445da2 3f62a20b bf2f3f9f be732d10 bd9627df be72b4a5 3f120f6c 3cef2142 be630ce4 bf406b8a 3ebc4a83 3dddaa2d 3f253984 bec99a6c 3f139161 bf17056f bef7dae6 3ebcb2dc 3f5377e9 bf3b0988 3f4999bb bf7b2e07 3ee462de bc07c06d 3bb286f0 3eefff02 3ee252c6 bf1fe99c 3eda1ab6 3f5281af beac0e42 3e7ded13 3e357cf7 3e7bbc6a befd4e9b bf110983 3f0bcf66 be5394e8 be7a6d63 3cbf1dd3 bf4911d3 3f050f77 be8d9a50 bf0a9d83 3ead6e5a 3e473d07 3eab92e7 3c905eee bf54e394 be897eb2 3eda86d4 bf0ae960 3f2a2da3 bf561bdc bf1bfb73 be1e4c7a 3f5bd1ee bee5e6e3 3f3e31d1 bf496db5 3f1c0f76 bea5ca44 3ead9247 be729595 3f5767bc 3ed22eac bf38b980 3e4e1cc7 3e60cd1a be08e4fb 3f3ab7a9 3e988264 bc66491a be5add23 3efccec8 3e376cd8 3f2a6190 3e457484 bf51f3ae 3f739bf3 bf4a378b 3ded193c 3f691de0 bf138587 3f204b84 bf40bb93 3e70cc8c be09651a bee34eee bd3b312e 3f6d6803 bf6c7bd2 3f2b7fa1 be427c36 bec0a688 3eb21e94 bebf7abe 3f31d189 3ea816e0 bedc2aaf 3f2e1d79 bf1443a7 3f6989ca 3dda19dd 3f1deda9 be5c84f0 be12c4f6 bf093f97 3f14f9a3 3edb667e 3daae970 bd6b1299 3ee23e97 3e1a1505 be7c8d55 3e5574d9 bea35287 3f50d9c5 bf39ef88 3f0c4d6e bf35c1bc 3f6c59e1 bf7ccc52 3f79e023 3ec612d5 3ec46686 bf3f0fbf 3f3fb59a 3dba1813 bf4013a4 3f7c7e03 bf7d0047 3f6f3df4 bf63b9e8 3f51d1db bf63e3d9 bf17e98c 3f38439d 3df7e794 3f7b9218 befb12e2 3d045180 bf2449b3 3f000f78 3f01035a 3da5e8f6 bed2b2fb 3f5f27a5 3efec2d4 bf767e22 3cf0db78 bf429bb3 bf00df75 3e0354b6 3df1281f bf036f4b 3cb4dd9d 3f3aa372 bf4495a8 3f4a3fc3 3b252000 bf5de7c9 3f206f7c 3e8b3e6d bf4b0de6 be32456f 3f5e89e2 bf28cb99 3ec4c6bc 3e36c49d bef8ea89 bf09579d 3f77c80b bcca20b8 bef8bee3 3f2aefce bf378ba0 3f48999e bf7be622 3f7ae623 bf1c7977 3f0ddb77 be97be4f bebee65b bdd5e8f6 bf6133dd 3f48c390 bf36db7d 3f713a0c bee0c6bb 3b14f556 3f52b7e1 bf660bdd bf519385 3f75ea12 bf5c43c5 3e3f243b 3f5863d4 bef596ab 3ec16f0a 3e905278 bf05257e 
bf65cfe4 3ef0bed0 bef9d700 bdfbf9f6 be0c44f6 3f7ea85d bf71e40f be54f4d4 3f14ad81 bf254f8f 3f7d943d bf5db9cb 3f3c31a1 3e81a612 3f1db1a0 bf08db3c 3ed652d0 bee06e8f bde3e906 bf050569 3eb49298 3e485c20 bee926c9 3f247174 3d806753 3e88fe50 3f52f7bb bf67e3c0 3f43a1a6 bf170376 3f2c4f7b bf60cfe7 befa373a 3d22f141 3ee65acd bf4f29a5 3f3ba1a0 3b2ef90f bea88a80 3f22f5a3 be52b4f5 3e38744c 3f64bdb5 beaa7e5b 3f234b8d 3d7dd158 3e54acbf befbbf09 bea0a6c9 3f77ac09 bf5ee1d6 be1944da 3f44bb9e bc713bf0 3eeeb6ac bf5e69df 3f7099f4 bdcec9c1 3e856271 beff7ab4 3ed656af bef18b08 3ee5aea2 3f3a65a7 bd3b71e0 bf3f07a7 3ee27ac9 bf5703a5 3ed49703 be25ccc2 3f79c80b bf1ed98d bf3c0d82 3f647bcd bf36a369 3f55b5c9 bf76d02c 3e956291 3f37739f bf6647cd bd47cfb8 3e7b654d bf4195af be64dd2e bef5f6db 3f034164 bf222f91 bea6a9fb 3f253f70 3f1d9766 bf6cefd9 3e8a566f be8cfa7f 3f0abd68 3f1365a3 bf4a239f 3f3f778d 3f163981 bf29bfb0 3e139d0d bf530dbd 3ef33ae8 3f5ac1bd bf1cb558 3f684dd5 bf5e01c6 3eae0272 3f108570 3e2fcce3 3ece16ea bf74c3ea 3f46e779 bf5305ba 3f0e8590 bea92665 bed72ad4 3f61bbd1 bf1f018b bf3d51ab 3dea47d3 3e43aca9 3ede8ede beaacf11 be2f3ce1 bd759182 bf1c7f6d be2acc94 3f431da8 bf5011c8 beea4e81 3d9e9841 bf2b7b4e 3f06076a bf2343d0 3f6dd1ca bf6ab7cc 3ec45ac0 bf23e57d 3e748418 3de3e899 3f2d21ad bf0fcd91 3f7ca83b bed9c702 3e148c95 3e226464 bf7d6438 3f305f72 3d444cdf beb59aac 3f06cb99 befae2d1 be98526c bf434fb5 3f37bdbe bf3a21a7 bcf46263 bf385fab 3ebce2aa bf38c5b1 3f0c215a 3f18cb5a bf6f3c03 3d021161 bf394782 3f02e35e bf270f89 3e096c47 3f065b82 bf494593 3f5c6fe5 bf60b9ea 3f1b756d bd2f4fdb bebb5e62 3f079968 bf156f6a be63247d bf26ff98 bf3267a3 3f3c358b bf03475e be48ac84 3f2d0794 bf3351b7 3f17496a bee846dd 3eb1ded2 bef4d2fb 3f508ba1 3f5dcdb5 bf6f3fef be946e11 beb6d68a beef3720 3f557f8e 3df96953 bf10df7d bf063160 3f329faf be93f69d bf6ff5e9 bcc465b3 3f22af7a 3e803e24 3e9bee9a 3f14659d 3dad68c2 bea00644 3eb0eef1 3efffb1a bf102b91 3e7bb483 3d63305d bf194b75 3f778415 bf1e43a2 be6184dc 3f76b616 bf1ba171 3e7dbc7d bf62cfb9 3f46338e bf44f1e6 3f55cfe8 3e1ef420 bf0bd970 bf22d399 3f4e7dc2 bf353192 3f19c9ad beff7ebc 3f28d5a9 bf0de58f bdf288a3 be11645f 3eef72fb bd83e96b 3f770218 bebec683 3e5f9ccd 3e8a765d bf6fd5d9 3f7399ff bf163984 be714cea 3efaaed3 3f76e41f bf573be3 3ee136af bdad785b bf547dac 3f0ff364 bed386d8 be594d4b 3f3f6d8b 
bf325b9d 3f3883b1 bd019038 3f0c3164 bee31ac4 bec56a1a 3f279f75 bdac494b bcd7e1f0 bd73328c bef40ec2 3ec3c2b5 bf0f275a be837286 bf209984 3ed4fa4a 3e02e4ae 3c61bd0a 3ed3a265 3e82ea60 be7efc7a bed1064f 3f21d77a bee6aecf bda3a874 bf30b7b1 bf0da37d 3f39eb80 bec746d3 bef702c7 3ef8fed5 3f0fe95f 3e7c8398 3e05f4b0 bedbeacb 3f4fcbc5 bf1dc989 bf047391 3f35a9b1 bf60f1d9 3df5195f be278cc8 bf11af8d beffbac8 3e6afd11 bf15fb5b 3e228480 3eabae35 3e9f4664 bf22c5b5 3db6a96d 3f02ed80 beccf697 bf409b79 3f28c977 be9a4a70 3e5e5cb7 bf57add6 3f24b59a 3e3f0c17 bede52b1 3df9887e bef95ecb be40f54c bf030162 3f6a51cf bf0d874a 3f27799d bce6e35a bed87b1d bdd3c75c 3d20d08d 3ebe4af1 3c961ea6 bf2c979a 3ec36e7c 3f5f1bc6 bf36919d bee14ed1 3e3834f8 3ec922c3 be13bcf1 3f354987 3e86a671 3ed63f0d beb7ea66 3f44699e be9e4ea9 3d1190d1 bf1a7b9e 3f056d84 3f4231be bf07877b 3dbdc927 bf7c6c07 3f79f9ee bf281588 bf71b603 3f78560a 3d834859 3eb45ecb bee356fe bef4fee8 3ee1a6e4 bf5725bc 3f5709d4 be10648c bf7d7020 3f241384 bf2c91b7 3f5131bb bf63a7d9 3f5e91f1 bf226586 3f5197a9 be09b4b6 bf4df1c0 3f5d85d3 3d5d2fe6 3e94f668 bed86adc bf04c583 3e73a585 3e96fea0 bcc62029 3ef37ada 3d42af20 bee9b2de 3ee0e297 3f1d8575 bea83e36 3e9f128d 3f4991d7 bf6241b7 3f0745a4 3bbb7e81 3d649117 3deb9856 3ece8eaa bf304f98 be9ee636 3c9ba352 bed58e54 3d8848b2 bf4ca791 3f2eb9a3 3f19339b bd8ad77b bf24b77f 3f5f37b9 bf411fc5 bc2bbaf0 3f59e3d6 3f46cda8 bf314f94 3f07497c 3f10bf85 3d64334b beb84e7f 3f69b3df bf47139e be65f4ee 3f3bdfb1 3d2a2fde 3f6787dd bf6535bb 3f7fdeb0 bf5c7197 bb16fd87 3ee5c66c bf2bf5c9 3f24ef89 bf460796 3f05b185 3d7db1ff bee99aca 3f11b991 3ee11a9c 3f2a43ae 3f049975 3e2704d9 bea7768e 3d89c7db 3eaaea40 bf497d86 3f5c75e4 bf3afdc1 3f268f8f be79a47b bf11fbad bf3d6dba 3f3dd3ab 3e79c527 3e958241 3ed2fad0 bf15639f be04849e 3f2a57ab 3eba0ab0 bf6873c9 3f225f9a 3f6281d5 bcf5e117 bf721600 3eed06eb bf4bcdc6 bde0e972 beda1266 3efa2f07 beabca99 bf794a05 3f6bf1f8 bf72b40a 3f337bab bf055181 3e87be32 bdb6a804 bd063182 be7f6525 3df6c920 3d5d8e5a 3f5aa7cb bec14698 3e9b6ea9 bf4991b7 3ea05276 3e275be6 3f65b7de bf02f975 3e8dde60 bd689031 bea8028f 3d01ce7b 3d8b193d 3f3c2f8b bef9deb2 3ca82010 bef9f660 bf2aa77c 3f4da7d4 bf7557e9 3f32e5a5 be9fe686 bd9797de 3dc459bf 3de3195f be3134cd bf4f39bf 3e7144a7 3ebb8673 bebaf2ae 3f7ff8ad bf3d57d0 3f55bbb1 bf5babc9 3f5a1fd4 
3e6eb527 bec892bc beb86682 becd8e97 3f61cbd7 bf3b35b2 3f0fcf74 bf47e9d3 3e87f295 3f625dd5 bf27b39d 3f57a7cf be66acfa 3f3d3999 bdabc7d7 3e85eeb4 beb12a9e bee03a80 3e61dbc0 bf3de3c9 3f7627eb bf28c990 3f0dbd80 bf5a93d9 3f7529eb 3f09c388 3e20bc87 bead62b0 3ec1865e 3edd3ed8 bf3b7bb0 bf13398b 3e9d2682 bef15e9e 3e19acb4 be29b4c4 bbe77c58 3f7a9433 bf3d69b7 3f330f86 3e6b7c81 bdfad90d 3f20f56a 3f4653aa bf092958 3f1ac361 bf05bd5d 3ed2968a bf6a6ff3 3f55fbb4 3deaf843 bf374992 3f6e2214 bea90ab0 3f0cab57 bf798030 3f59dfd4 3bd07bdb bf14538a 3e613500 be19cc53 3f5073c8 3e0e8498 be873a6b 3f590da8 bf671dc0 3f3591b1 bf237b89 3dfffa0c 3efcdaf4 bf19039d 3f497396 bf145574 3e047502 3f3457ab bf28ef88 bf162b74 3ebce67b 3f38b774 3db29940 bf1ad998 3ea38ecb bf4a31a7 bdb4c839 bf0bf791 3e1fa3fe bf215589 3f677bab bf51adc0 3f2c9562 bf0e796b bf4819a4 3eb20260 3c6246db 3f6a05e8 bf7e9862 3f3c6fa9 3f086f6e bed8caf1 bf5abfab 3f1e1787 bcc3a2b0 3e7e355a bdc668a6 3e9e8eba be83ee56 be378524 3f1e7766 be002400 bea70673 3e821688 3ed40283 bf116d5c 3edd22c5 bf7e824b 3f2b2982 3ec286e0 bf407b7e 3f569fd9 bf7d1632 3f2cd7a8 3f5b6dbe bf307ba5 3d44add6 bd86c832 bf26c98e 3f6087cd bf4f35aa 3f01a760 bf2d81a5 3f0e9589 bf2a1d90 be6714d1 bd51cf8e 3d8d3874 bf021573 3ece1b09 be5e6cd5 befc5ab7 3f634bd4 be663562 3f7049d6 bf2dbb76 3f6c53c6 3f264f74 bf775bfd be4a6c84 bf137d55 3f5ae9c3 bf6ccfd1 3f6c9dee bd9287e2 bf239775 bf5447b9 3ef9cab6 bee1a2e5 bef6fea5 be211cfc 3f3fada7 bf6daddb 3f34b7b4 bd994855 bec792e4 bf21377d be89fe45 3f3b5380 bf5e89b0 3f63bbd8 3e43ccaa bf2a0d84 3f53c9dc bf05c744 3f32d9a0 bf20e995 bdfaf87a 3f39158f bf45439d bea53e4e bf3a49a7 bf26617d bec8d6a3 3f16e38b 3de4391e bf20176f 3f7315e9 bf557faf 3f12bb6b bf2be1a0 3f2f75ab 3bc16b33 3f58a3e5 bf36a785 3ea4dab2 bf6d81ed 3f25c95c bf351792 3f36299e bf5015a8 bddfb879 3f18af76 bf1b2760 bf5855c3 3eadde9b 3e8e6a4b 3e0494c0 bd348f7c 3f73f3f5 bedb669c 3d80b7ba 3f1cf5ad 3e0e4417 3ee70ad0 beb19264 3f31bf8f bed14a87 3e9f926c bec96eea 3f4897a4 bf017b63 3ec736ae bf11f394 bec73664 be986aab 3e1cd45c 3f17818f be7a1c88 bf246780 be8a52ae bed1e27e 3eca4ab8 bede1e91 3f5ab5cb bd4e9029 bf421995 3ec31aac bf01834a 3f0bbb54 3f4055b1 beab3a4e 3e8cee6a beacae99 3f10dd88 befdef05 3f6267cf bf61cfd7 3f713fd8 bf3cd1bf 3f6d43ea 3da97828 bf2737ac 3f0b3b88 bf7461cc 3e31845b 3e70eca0 be898660 be1a8ca0 
bf1e1f68 3ef7ae6b 3f5e3bab bf38ffd2 3ecd6e85 bdff07e3 3ce8a180 3f47c7c9 bf59bba9 bea96a81 beb18e65 3e2a1d54 bf368581 bdf4983d 3e914a50 bf386981 3edada70 3ec32618 3e7e5d0e bee0b6e4 3ee50eef bee6fe7b 3eee36b4 3dd68b03 bedee2ad bf73cbec 3f0b2772 bd26716c bf652fcd 3f5a2fc7 bdef998b 3f2a8f9b beb896c8 3e8696c1 3ee2fea0 bf0e8ba5 3ecfaacf bf6e79cb 3ec91293 bef1bede be200569 bd2111fd bf227f9d befd175e bcca601d 3f01ed74 bed2c2cf 3c46c534 3f216f93 bf6cdc07 3f48c19d bf68dbd5 3eec4a71 bf23297a 3ec0a685 3efb1726 bf7af229 3f504fdd be18ebbc 3e7ad458 beb3fa72 bf3ded7d 3d55722b bda9c7be 3ea4de95 bf11995e 3eb196e0 bebbfe7f 3e8c8e95 bef372f6 3f37f390 bf76c807 3ee4d2a4 bf0af752 3e1e2bda bda7b84a 3f4645b4 beb6baca befd02ea bf152f93 3f7b1811 bf1f836f 3ed452be 3f21cb86 bd561333 3f524988 bf46a3aa 3e93628c bea7eeb9 3f596da9 be831ebc 3f30b58e 3eb9ea49 bf6111e7 bcc9e07b 3ece92ba bef816bd be0ddcda 3e5f0c8e 3ec03a8f 3de10935 bf337b9f 3ecab6c9 3cc8a558 bf1c098d 3f511bb7 bf3d2bc2 3f4c43d5 bf368b8d 3f2b0383 be531d5d bf4665bd 3f253159 be33dc8b 3f2ee79b bf2c9bb2 bd84c8df 3e0a8caa bf6987ce 3f55a3e5 bf018b67 bf73161f 3f1c2f94 3e6b1d0e be74e564 3f2b53a6 bf6e4ddd 3f5b09d1 bebb424e bce2dbea be99e6a4 3f4b0fa7 bed69ec4 3f78cfe7 be86ee78 3f08514a bf4e6fd7 3f7fbaa1 bf273b8c 3eba0e64 bf272f74 be5ccc9e 3d06cf2a bf23c3d5 bf19bb87 3f00eb3b 3f5bb5e5 beb21291 3f47d9c4 bf0ef958 be9b6674 3e8d6e71 bc75c2ee 3f29318f 3e700d49 be510450 3f6731ee bed726dd bd2e9032 bed156a0 3f1bc164 bf21e162 3f5f59dc 3f42bfaf befeb2f4 be7cd5d1 3ea0ea65 be881662 bf64f9d1 3f7f2c52 bf23a791 be8e2e6f 3ea7a27f bd28ae89 3eb2c69b bf3c27b1 3f3c07b1 3d32eed6 3f71e20c 3f3a8f95 3ec98ee8 bf6905ee 3f14999f bf402791 3f68bfd9 bf721bd0 3f6971c2 beb906af bebd76db 3d39ef03 be1d3d03 bf2f83c9 3f6bb9d5 bf374dc3 3f482dad beda6649 3f3ef5ab bf235d8b 3f5219bd bee5aac2 3f026da8 3f25c775 bf10db8a 3f29db82 bf4eedc8 3e8b6aa1 bf1bed80 3dd829d8 bda927bd bf1d3fa7 be805a3f bd282ea5 bed12ea8 be036cc2 beadca56 3efaef41 bf0d176a 3dd458bf be625cdc 3d7ed172 3f250da5 bbc5747e 3f5055cc be9d8e4c bf0a5f52 3ea72e88 3f089f7c 3f3c8ba0 bde4a9c2 3eacf68a be3ee425 bf48bd9a 3ebe4294 3e99866c be6d3cb0 3f08d56e bf778814 3c996308 bf042344 3f63d7d1 bf4ec5a4 3f013559 bf43ffbc 3e59ac7c bdf088eb bec1aa9c 3efaa2c4 bf461fc5 3ec86220 bf240f89 3f0a2177 3f15fd6e bea9ca15 3e49f436 bddf0864 3f2d2f99 
3f6165c0 bf7f425d be7844fa 3ec2e2b5 bed7f6d4 3e8f6e61 bf3b7db1 be494c53 3f3f57ab 3e915263 3f541fd3 be9cd278 3e9f1a91 3f3415ab bf6581b4 3f51c7a9 3e575c8d bf6ef9e5 3e53e523 3e66b526 becad29f 3e9bd6d4 bf30dbaf 3ea3a2a3 3e3a04e4 3f627dd7 bf75a9c7 3f454dbb 3e2cdce8 bf1a0758 bea19a3c 3f1129a9 bf4df5ca 3f21418d bf635bcb 3f034364 3e60dcc6 be3744c8 3f618fd9 bf297582 3f56b3c0 beda9abd 3f6c87ff 3ee2eaef beea8a93 be091c7d 3e759d38 bb848392 bd2551f0 3d8d194c be93ba54 3f22d7ad 3e93aa4e bd506f12 bf112159 3e1b8476 3ec87f04 bf2b35bf 3dbf56fc be7d25a8 3f7c8816 be2d14ea 3f5f19c6 bf7b2c16 3eae72c7 be8ba65a 3f55e7da bf010973 3f5c8bb2 bf771de5 3f27d7c4 be27ad28 3f3a9797 bd4e5175 be24bc91 3e9c42bf bf1545ae 3e55d53d 3edbae87 3ea51699 bee266a3 3ea76acd 3e710cac bf6a43f4 bec57287 3e7704b8 beadf2d1 3f4f75a0 beee9eeb bf6475fb 3efe4a98 bf6877fd 3de77888 3eafd282 3e3e14b2 bed84afb 3f122970 bf33c9a9 3f3f5988 bf365fa3 3dc74858 3e44144a 3d28f097 beb0b272 3f34938c bf40438c 3f32bb99 bf6569db 3de22a5d 3e7674ce bea572d9 3f0ccd6c 3e97ca90 bf6825cd 3e4aec60 3e8fbecf bcaaa54d 3f2919a6 3e3e2470 3ea1028d be4f3475 3f719bca bea65eee bf18918d 3f124789 bf3259a1 3f647fde bf7cdc34 3f51c9a6 be711cab 3f02f179 bf115d5e 3da77829 bf13a198 bf4a17a1 3f109d76 3d5fcef8 bf048f73 3e1e9d06 3ecc2e79 befb0ed0 3f6bdc06 be537d82 3f30eb87 3e1ecc8d 3db4487b bf65c1f1 3d97696c bf3e319c 3edab677 3f2a3d9d bf633fd5 3f39dd91 bea3fa7c bf5079a4 3f019754 bf5c63ac 3ec3d265 3e728466 3e9e6a21 bdea493f beb47637 be9fb68f bf78b7fd 3f4e31e1 3ef86a8b bf38979b 3f2a3772 3f117d5c bf249f95 3ea4e27e 3f1b2d89 bf23bb95 bde3f916 3f1c1f9b bf262975 3ef53b1d bef2fec2 bf463395 bf44c9a0 be67e4df 3f309bc1 beadba9e 3f32fd96 bf7cb637 3f3d4fba bf1529b0 3e13dcd2 3f2e5d97 bf09cb78 3e3d4c95 3f70adee bf16038d 3f0aa95a bf03695b 3e175ccc bf545996 3f7eae72 bf700812 3a544719 bedc5ad2 3e7b4420 bf12936d 3d356f53 bdfe08b9 3f5a19d1 bf293b79 3f2221b1 3e837e50 3de3a896 3f174b70 bebf9291 3f270181 3eee16e1 be901e31 3ef382c6 beb23680 3efa1a97 be181ce0 3cd9dfa9 bf0cefa6 be725c70 bef386e3 be307468 3f1cfb87 be4dd49c bf36099d bf2e2f7d 3d09af3c bf232d7d 3f7ba828 be4b9cc5 3e7b5cb1 be41e480 be25150f 3e8f3240 3e59748a 3ed7f2d6 be060c3a bd894934 be179c8d 3f093363 be0b9429 3f11d765 be18bd04 3e1a93fa 3e98da45 bed9af0b 3f09836a 3f10f779 bf1cbf76 bf2e99aa 3f463791 bf78a1e6 3ef86e83 bf6737cc 
3dff795e 3f6405e0 bf1ecf96 3f5fd3e1 bf340772 3f39adad 3ef976b4 3db8699d bf02c567 bf1eb9ae bf42c7a2 3db167a8 3dc8da86 bf2eb59c 3e899aa4 3dfb683e bf6ab5db 3f06ad68 3f09038b bf6af1d9 3f6b1409 becdc2cc 3f56a1da bf02175c beaaa2d0 bd408eff 3e2f8d10 be8f7a2e bddd19b5 3f4f67a4 bf1b9b91 3ecbe6f0 bf02ff56 3f59d3ad bf21235e 3f1b2f91 bf26b568 be39348f 3e8bde67 bf5337b0 3f32d376 beeb3ea8 bf3c1f9f bbd783bf 3df8c7cb 3f20ab95 bf7443cb 3f041168 bed91ab3 3e878e1a 3ea6aeaa bf33f57c bf45c1b0 3f03c17d 3f53d9a7 bf6b0be9 3f129fbc be664db9 3f57e1ca bf641e0a 3c2038b0 bf4767ae 3e366cbf 3e1c34ab 3f443977 bf2c778c 3ada2ac2 bf048174 be8ec6bc 3f72f7f7 bf58ade3 3d52d124 bf28b990 b9f94edc 3e9ce284 bf3f2597 3f6671bd bf4e319b 3e8b5ecc bea51eb6 3e0cb467 bf16c17a bc7e376c 3f3b818a 3ead8a0a be7f2444 3ea0566e bf5be1d3 3f6ee9dd 3eb46678 3d5c305a 3edbcaee bebba6c9 3e977a6e bed902c4 3e4dfdc0 3e106cb0 3ddf993b be6b948e bde9f851 3ee802d1 be46d4f0 3e7ae452 bf281d8e 3f592ba9 bf7aa416 3f4417a4 bd86a7b0 3f485da6 bf57fdd1 3eb966bb bd85e7eb bf399d74 3f3d8b94 3ea4ba3a bf4ad985 3c6bbd40 bec25282 bf6335e0 3e85964b bf7af411 3f39b7a4 bf549800 3f7f283b bf1a217e 3f03758a bf247b95 3f4299c1 bf3cd5c2 bdbad8cf 3e7de4f5 bf1ee96b 3f54c3a2 3eab9ac5 3f2e41ad be115c79 bedda2e3 3f526bf0 be9402b6 bee9a6ac 3f445fc3 bf3d87b4 be708509 be1bcc4b bd10f0ba bf0f0362 3f7605fb 3ca46130 3f5d4ddf bf7f3a5d 3f298fa9 bf4181c4 3ee8d308 bf4885ac 3f7703fb bd8c587f 3e974694 be377456 be743c5e bf3261c0 3f10db85 3e1a7502 3f4a61aa 3ded98f6 bec72e4b bf2e9f93 3f35c5cf bf37b586 beb3126a 3f23359b bf63efa2 3ed9b2b4 be4b4d3b 3efa96e5 bf6e17d3 3f70bbf4 bf27c377 3ee9ded1 3f05d97b 3f272daa 3e972aa0 bf2a9565 3deeb8cf be8b6e3c 3f01a148 3c09ba10 be0cd419 3e859e46 bf5c3fd6 3f5fc1a4 bf224376 be83da89 bf526dbf 3f393d82 bf0a1770 3f14b583 3ebc1236 bf587d9d 3f544fae 3f3827b3 bf0f4550 3e6c8caf 3eed1aa5 3dd3aa62 3e75551e bf6b35d5 3f554b94 bf3abb8c bec34e78 be6244c8 3ea10685 bec1165e beafe263 bdda489c bf3e41c5 3f2a2195 bf4785b1 3f44fbc6 bf6679ec 3f77660d bebaea81 3f6dbbbe 3d91190f 3eca8abf beb82eb6 bd656f30 3f493d9f 3f04eb5d 3ec95af5 3e80ba34 bf703bdd 3f1c8372 bf30e1b1 3edafeb4 bec786a4 3e5c6cd3 bf69abb9 3f3ba98b bf5125ce 3f48f1c0 bf4e47d2 3f092d88 bf206195 bec742ea 3e8ec2b6 bee9cb11 bda41988 3edeaa49 bf57e1cf bf025550 3f75f61c bedff2c7 3f0a5383 bd14714f 3f6d1bec bf16516c 
bf4d33b3 bd0d520e bde90922 bc72437d bef87314 3d8b395f bf7a1810 3d865808 3e9c1281 3f6283e7 3f0af781 3e5c4d3b bf1f116f 3f79c400 bdc5d972 beb5b678 3f676fce 3dd2c8f3 bf6885d7 3f7fe4e0 bf68b203 3e6c94df bf5e17b2 3f6eb1ea becb76a6 3f23b38a bf318592 3f4911b1 bf6d75f6 3ea92676 3e88724e be500455 3f075959 bf7ff89b 3f7f0059 bf78580f 3f7457e9 bdb058b9 be68bd0d 3f3f83b4 bf333daa 3e971686 3f41ad93 bd9909da bf055d80 3db0e8d5 3e5f3cef 3ef8a654 bf15bb74 3f03715e bf5d17af 3f77c60d 3f6dcfcc bf4d5db2 bf1ef19e 3f5ec3e7 bf44b79b 3f038b5b bf628de0 3f4ef990 3d61f04b 3f244793 3d54d15d bf4a1fa7 bea44657 3e953e6e 3e17ac18 3f115594 3e827265 bf76de1e 3f2dd3c3 3f50319f bec15691 3ee656c0 bda86821 3ebafac3 be4e84fe 3e486454 3ea2e680 bf401792 3f6e8bc9 3eff3eb6 bf389984 3e8dc64e bf384995 3e7f0c4e bdf31865 3edc86c6 bf7b8400 3dd9e87f bf1e6b6e 3edc5aab 3d212ea0 bee506d1 3ef6f30f be2033ad bf0e6781 3f25cd71 bf1a1565 3f64a9e0 beee7af6 bf2e3176 3f4649d0 bcdca21c bef24686 3f7a2c0d bf6dd5d2 3e46bcbd bf4fb3cf 3f2eb79f bd257190 beb8ea98 3f6743ec bf1ca581 bedcb684 3f6cf5e3 3d56b01a 3eb1ee7b 3f416db1 3e715410 3f5f55af bf765e12 3f20bf6a be990279 bc21bcaa be41ac54 3f10a770 bf4f5de5 3f6ff803 be227bf2 be6a155c 3f39798b bf7aae0d bdfbb876 bf7e8457 3f4531a6 bf794242 3f3607bd bf4aef7f 3f5db9a3 bf5371c5 3eee1ae9 3e986e73 be28ec68 3d737241 3f1c357c bf2d1fab bf104d54 3e1ebc86 bd8ce74a be72755e 3f622bb1 bebe2a5b 3f14097a bd26b0ea bf4a7da8 3ece8a71 bec39eb8 3f7e702e 3e43bc8b bf12578a be338455 bf08ab75 be0ef467 3f4e178a be20b496 3e49547f 3ee42b00 bec66a5f 3ef352ca 3d3770cd bddff829 be3adc68 3f111190 bf0b0579 3f4309a9 bf7cb23c 3f25c3a0 bf3773a9 bdff2746 bf28e176 3f54519c bd67f2e8 bdf8182c bdf20876 bec80a6c 3e2fdd5b 3e7f2d17 be92f669 3ee4aad9 bea61a94 3f497db1 3f5463ac bf44d7e7 3f338fc1 bf66d9c4 3eb386a1 3e3edc65 bf2debaf bf389f92 3f402793 be796ddd bf298da6 3e48fc5d bf1eaf87 3f5e2dcc bf319990 3f23039e 3f10bba1 bb46f16a bf5823f3 3f6fc007 be9ea6ac 3f12557f 3e248468 3ef7dae6 bf76afff 3f5403a6 bf296784 3e95ca72 bf37a596 3db7a7d3 bf7c3624 3e930e3c bee53ad4 3f2d9193 bf7dce27 bec01e85 bf1ceb98 3e9a1674 be228c14 3f3731bc bf411dda 3f5759b2 bdc0f916 3d86c928 3f331b92 bf2fb39d 3ea3bb07 3dbb2967 3ed962f8 bf203b8f 3f205b95 3f16a776 bf00fb78 3f5d73dd bf2bfb9d 3f283f99 3e75051a 3eee7308 bf21b993 3f1b118e bf20fd8d becd5eb1 bf508fa7 3f77d3fa 
3ee566b9 3e62fd2d be29ac88 3dbd784f 3f7a5e14 be989e75 3f3ec192 3eb4fe6f bec9bebe bf42457e bf3c098b 3e5594e5 3ec02aad bf6fcbfa 3db977d1 3e382cad bf65d5da 3e6dad0a be2a2cf6 3e86b20e be80f620 3f5f4bcc be8ce241 3de8383b be6504ef bec61e79 3f018738 bec652c0 3f167d8a be9d66dd bf14d9b4 3e2e1480 beabe6cc 3f5bbfd1 bf7b5e3b 3f59c5da bf4acb6d 3db1c9c0 3e70ad28 beee5ee7 3e95a61a 3e3db48e bf6521e6 3ef9ceb0 3e13a53a 3db57933 bee046cb be59ec6a 3e184470 bc764c04 3edabeba bf7607f5 bed0c2d4 3da0b78c 3f6caff0 bf6b3fbd 3f778209 bf6b05d0 3f5a3a08 bec3e2b7 be08d458 bf68cddd 3f0c338d 3e812675 3f6929e7 bf2c818a 3e095c6c bf17e776 be3b44e6 3f7269df bf636dcf bf65e9e3 3f54b7b8 bf30adc1 3dfda87a bf34efc6 3f28dfa2 bf619fb3 3f05f977 3dff8962 bf5109c1 bec24aa5 3f69efd7 bf295d71 3f31edb9 be08ed14 3e02543b 3d3e91e4 3f14a36b 3e1ec46e 3e8a523c bf63e5b7 3f3a0d9e bef80a87 3f38fb9c bf3d01c1 3f7179f6 bf67a5ec 3f392db8 bf736816 3e578cc5 3f72da0e bf71d3f6 3eb98e96 beafaa55 bbac9c4a be1e14fc 3f5a35e5 be838276 3e260c1e bece9f20 3ef9fedc bf4463c8 3f2fa3b2 be446c32 be8ec288 bf18735a 3d52b0d5 bf47ada2 bf1dc3b7 befabf3d 3f31ffbd bea0e6ab ba048dbd 3d98d9e4 3dbfb9e7 bea806a3 3eeadaa2 bf102376 3cf56537 3e3d14bb be7734fc 3f2c337c bc805aee 3f6551fd be97aa68 3f46e991 beabc680 be29cc11 3f38ad85 bf5d3dc0 3f71cc0b bf4e0596 3f370796 beb5aa77 bef956b2 3f5965c7 3e2e5cca bee2bed2 3f7a57fb bf59cddd bdb5e88a be8e5a57 be3c154b be9b7ec3 3e67ecca 3f1ae35c bf18f371 bf323f9b be21ebee 3f698dca bdcb697e 3d924846 3ecddeb4 bf7637f0 3ee7aacc bf269db3 bd428fe2 3ecda304 bf1ef9ba 3cb95bc6 3f062b84 bf271da5 3ec8125e bf220b85 3ed77ac9 3d14efb2 3e9ae6d6 bed552a6 3ea23ab7 3eeeead7 bf09bd82 bdf699b8 3ed5128a be499523 3f762218 bf6405be 3f13bb8b be7bc556 be26549d be7244a7 be6c244e bf71dbcc 3eca6ab0 be5904a9 3f0e298d bf1d4b69 3eeb6aff 3e849e2f 3f3f8bdf bf7ad44f 3f3c779a bdddb7b6 3f154d76 bdbcf924 3d7bf108 3dccba19 bf1c9361 be96c68d 3dfe6919 3f5c85c5 bf305596 3e80de2e be859267 bf1a3d80 3e26a4e8 3e902ea2 3efe5f06 bf3e6195 3f779203 3db59917 3dc767a8 3f512dc7 3e163413 3e8ad277 bf46838a 3f6eb3ed 3f282972 be74f4a8 3f3b23a3 bf0ba1a3 bd52b0f3 3dab48e9 be30d403 bf39cda2 3edc0ea6 bf6519d7 3f6b45bc be61b465 bf19db5e be05a4f0 3ef4cec0 becef695 bec87ec7 beea3690 3ef572a5 be9ed696 bf31d9a1 3e0f3ca3 bf0b6f7f 3edd9acb bf586fc6 3f66d1d1 3eea1ef7 3f1a0161 bf2e277d 
3f191972 bf7969f6 3f724015 bf5281c7 bf242392 be39bc69 bc94e165 bf5e4de7 3ed556ec 3f084b66 3f741812 bf4b17b0 3e40ac82 3f1f5b68 bd81e7b2 3e82322b 3f071b85 beb2b28d 3f4f9fb8 bf53cdc5 3f209780 bf5a39df 3e84e67c be7ef4de 3e877e11 3f0f2770 bf0d497b 3e05ecaa 3e1d94af bdf907cd 3f4d91cf 3ea16a9c bed1a67b beb766ad 3f567fbc bf60c1cd 3f7e5434 bf1b0583 3e928ab6 be97462c 3f01c96f bf402fcb 3f73a5f5 bf7c622e 3f13015e bef1baad 3f213590 be86bded 3f342d5b bf42478a 3e9aca54 3f281d82 3d0b3060 3ef55714 bf32f77f 3e3dacf5 be8eee3c 3f18bd6d be627c76 bf450590 3f75b42a 3ebbe27c bec94ae3 bebdee80 bed932ad beb5f665 3f7a541e bed82ad9 3eaa1662 bf1fb997 3f6dddd5 3f147f9f bf49f5d7 3f2fcd96 be16dcdc 3f6887cb bf50f7cc 3f7f6068 bf60efe4 3f4831b5 3d33b0cb 3edd6e7a bf7db861 3f6f51ea bf7d0864 3f18ab63 bf71f81a 3e74fd23 bf45c7c5 bc5acd32 3e52acf5 3f3235a5 bf037baf 3e8c2ac6 bf4d4d9a 3f138b9b 3b471482 beaea618 3f051962 3c53421c 3ede1abe bf243b95 bd2331a1 3f2e8396 bec98e80 3f31f7bb be810ab4 bf2a19a9 3f03036b bf1a8174 3f6dabe8 bf75adfc 3f73abda bf76e605 3f5ecbf5 be9ade7f 3f6f43d0 bed74f00 3f7451f7 3f16f774 3e96ca4b bf00c193 3f05e76e bf373bb4 3f7caa2c bf4923bd 3f18bf70 bef44eff 3e99767e 3e5c2543 be783cc6 becf9ea3 be7f3c2e 3e87d2c9 bf5f9bbe be61e494 bf47c9bf 3f7f1a63 bf7ab423 3f1c3397 bf16b58c 3efdaf0a bf6313bf 3e7ee430 bd7a9229 3e835aa2 bf32c1a1 3e3e9c31 3e07d42d bf39558f 3f6fc20c 3dd946d6 3e28cbc3 3da919ca 3f4a99c6 bea4d2a3 bf127b70 3f4b03af 3f3db17f be852640 bf342fc3 baee5707 3f4119b1 bf7a4e2a 3f7eb469 bb878f87 bc809b2d 3ee7eb0e bf2ff1ae 3f7fa865 bf6f99ce 3f3b7592 bf2f2f95 3f48d3c4 be0eac87 3df34a00 bf44d9e6 3f0fe379 be95f679 3f3dddb8 bf3a977b 3e71d550 3d9db6ec 3df878e5 bf6e8de5 3eb306b5 beb55686 3e69dd36 bea48269 3f28c57a 3e5e8c9a 3e39e473 3e9ab669 3f2d118e bf7d3e27 3f486fb2 bf138ba1 3e8d4ace bf37dd90 3db839ed 3d245201 3e68dd65 bf36416e 3ec78690 bf6891db 3ef53740 be9fd286 3f1f9986 3e9e5274 bf59d5bc 3de2f868 be8ba236 be99c691 3f6329e3 bec26ac3 3eda328e bf4985b2 bee48ac2 3f1d8366 bf3cddbe bf3aa58f 3ed53e95 bf4779cc bf6b29c0 3f12156d 3e872a72 bf1a1378 bf2e8785 3ecc669a bf5bcda7 3f0e6174 bed84303 3f4175b5 befbc31a 3f5a33ed 3dd1c879 3dd4d85c bf04f35f 3e282450 3f12376c 3e5f5d04 be7da474 be564c5b 3f5557d0 3ee0b6e8 bf4623bd 3f1c055d 3f656bdb bf1e076a 3f38a5bc bd4c31e8 3edb9ea4 bf07e358 bf2f458e bbe87e3a be7ed495 
bf6b49f1 3f6cc3e5 bf6177ac 3f6f91da 3efabad1 3ebeee93 bd97288d 3f11df61 3d60d1cc bef446d2 bf55ddb5 3f6b1bdf bef4eac3 be8a7a6c 3bfa817f bf705dd9 3f2b2795 bf6361db 3eb34aa3 be903659 3dbd1880 3c0e3b5e 3eb67abe bc6a380a be8cd2a4 bece0e9e 3e50f42c bddb2960 beb87ec5 bde64854 bee1ced4 bf4f5bcc 3f461fb5 3e36fd19 bf389d98 3f49f99d bf6b81f9 3f4c63c2 bf0a7b71 3f517dbf bf7ff4c0 3f3a83cd bea99eda 3f41139c bee7127a be94a619 3f3a95b9 bf5215ce be0fc3f8 3ea656ce bf21edac 3e88d274 bf795e20 3ebc66ab bf0aa395 3f763fd4 bef2deb6 bf0e0779 3eb11e84 3f6debe1 bf662fea bec5b296 3f26dda1 be00d457 3f190761 3ef8def4 bf6e27b9 3e39b416 3f45bfaf bf733de2 3e5f554e bf70dff4 3f7dfa4f bf291f86 be20bc59 be6db46b be9bde77 3f226186 bf662bd3 3e1a2c43 beebaaca 3eb72ab1 3eb082c8 bec09a81 3f033d6e bc935a94 3f0c894e 3f1c8b7a 3d8319a7 3ea57e41 bf753fa0 3c9ca043 bece0a72 3f2b67b8 3ee66eb6 bf565dc1 3e908660 bda6e75e 3dde486f bf36d193 beccef01 3f6705ca bf444790 3f20ad87 bf648dc6 bc82a2b1 be2ddd21 3f57b3c7 bf40e379 3f387592 bf7fbc6f 3f4ab1b0 bea88653 3eb78668 bf3fdf7c 3ee0bb1f bf7da44f 3f06e77c bf3e0593 bf76f7fd 3f237178 bf64f7d1 3f75bdfb bf4539b4 3ec5a6b7 bf542f90 3f6101de bf198f79 3f237f9b bf7f506c 3f383f87 3f45c3b3 be0c6c4a bed0e68f 3f6749cf 3f1ce1b6 3f07cf81 bf5eedf7 3f4493b9 be1f3417 bd04ef22 3eb77e1f 3e2d5c49 3f12276f bf170f9f 3f4131b1 bdc6388f be14a48e 3efdc6a0 bf0b7791 bdfa596b bf3e0ba4 3f0ff53b bf0ed15c bf31bfa7 3e93fecc 3e300576 bf50c9ae bec6fab9 3e359559 3f4d5d89 bf305195 be04ec2f 3e466c50 be6a9c8c bf5c35b1 3f7731e7 bf673bd5 3f257575 bf4025a2 3f68f1f1 bf48fdb6 3f36399f bf1003b8 bea62e9d 3f0a777b 3e54f448 be611589 3c144235 bf38d5a9 3dd368a1 3f5425d2 bf6e41ff 3f0c77a5 3f17fb8d be9dde7a 3f1a61ba becf0ed1 3ea63a86 bf3e1b99 be9baea7 bd2cf31a 3d684f49 bf6a3fe9 3f7081dd bf4e61b1 3f6435af beb0568e 3e63b502 3e89521c becca27f 3e4b3483 3b50d89f 3d94fa8c 3f6c57dd bf3ed7bb 3f172f6a bf54e1a6 3ed52e7b 3ebe969a be56d471 3f5547b4 3df3ba2f bf4413b1 3e8cda53 3ebf9ed3 3da11859 3f75efe7 bf2cefa2 3f4dc9bd 3f4df7c3 bebb36d8 3f52c3b0 3f5173c1 beb1d680 bf054395 3f496983 3dabc944 3ec61a90 be56849b 3f1da7a5 be7edc77 bf091363 3e9ffe65 bea35a3e bf7a2211 3f7c341e bea47a2f 3e172cd4 bea47214 bf475dbd 3f447fb1 beae0e82 be8bea72 bf1905a5 3f18197d befffa80 bf525bbf 3f349198 bf7a1c09 3e31d490 bedb8ec9 3f023f5c 3e98f6c1 bdc39856 3f1ea3a0 
bebe3681 3ed8fae2 be4964bd bed6e69b bec6ce95 bf0ae175 bd4ef0b7 be2f4506 be22cc97 bd9468f9 3f6abff3 bf702628 3f33c5aa beae629b 3f14497a 3f23cb7f bf22c1a8 3f6f25f3 bf2cb98e 3f52cdc7 beb81296 3ee6a25d bf0ab559 bb410077 3efe3ac4 bdd7f986 3f16356d 3dea27dc 3dd78974 3f67adfb be626c8a 3f7165f6 bf2eb9b7 3e47e51c beb5be44 3f358dab bf7ca026 3f6ec1db bf4b1bc3 be3a5d28 3f4805a6 bed0a6b6 bd5bf2f1 bf77c212 3f734009 3d04f179 bf69ebd9 3f7d9640 be573ce7 3f33b198 bcab224a bdb3b8a3 3f6c17d9 be8e1ac2 3f1d51ad bf4287a7 3e94ca87 3f59bddc bf24f56a bf4de571 3f3f05f6 bbf4753c 3d69528b bedf2ec6 3d1c7224 bf5505cb 3f595bca bea8f649 bf01e76c 3f26af6e 3e592cde bccda897 bdb8c7c7 bd5ed181 3f10d36f 3d2d2f8a 3df208db beb35668 3f545998 3ea97ea6 be9fb277 bd9cc981 bee3dadf 3e2ac416 bef05ee5 bb370a6b bf777012 be7f1450 bf2c158d 3f5d97cf 3d0231f2 3f343186 3dd4898e bf701a01 3dccd8a4 3edbcedb 3e708cf5 bf100f98 3e8af69a 3f74ffe3 3e884a8a bf24ab76 3f3ce77f bf46598f 3f3cdbb3 3f13b578 be33e4f4 bf385ba9 3f74fdfd bf4d61aa 3f5419d2 bdfce8c5 bf41c581 3f23d99d 3e308cfd be801a6d 3f4e3fd9 bf0cb371 3f63cdb7 3d0a11b3 3f4679ac bf5947b1 3f47a9d3 bf007d7f 3f26cf87 3dd44828 bd981770 be702ccf bdb978bb 3f5383b5 bf53b99c bf5a77c7 3e9daee0 3ebb76ba bf788bf6 bf0cc95c bf0bbb87 3f11777f be2e844b be9b1265 bdbac961 3d43906d bf1afb64 bdb9a975 bdcbc8f5 bf3b75b8 3f04a77b bebafec9 be22f4e2 3f1b7d98 3f6df3ee bf16738b 3f132972 be85668c 3f7bb809 be7a4412 3e841a71 3f3259ad 3e2ab48e bee3e2fe bc8d60b7 3f23b7b5 bef37f00 3f14fd72 3e3ea48a 3e94469c be500ca0 bdd199ec 3eb3a298 3d9f19b4 bf350390 3f43258c bf70cfee 3f5d2fae be4acd5f be5e554c bcb1df37 beb00a4b 3f44ddaf 3e2e64e8 3e36dc69 bf503fc3 3f4d3fa1 bf6257c0 3d9f9780 be4ab4f0 bf21778b 3f3f11ce beebfa80 3f61d9ba 3e20d4be bd5d3228 3d1daf44 3e50853d 3e8c82a1 beb7ca80 bef93ead 3f02a589 bf29fba0 3f608bd1 bf6c63f6 3f49dfb5 bbb68160 bf421fc2 bb6cd080 be1a84ad 3f01677e bef02ab9 bd8fb8c8 bd8e1928 bc7944af bf37ff80 bebe2e59 3f636fac bf10256a bedf730e bed1ee6d bd70d1b4 bf124352 bdb0e85d bf7c2a35 3dc1390c bf649bb8 be6754a8 bebaa652 3f57c7cd bf3ea1b2 3dec88ff befc3688 3e68ccf5 bf10dd6f 3e348cb9 3f059d75 bedd02d4 3f13ff74 3f185783 bf76b9fd 3f1f69a1 beb4d67a 3e077435 3f7cb22f bf63afd2 3f66e5c6 bf03256a 3f6a0deb bf2a2ba6 3f6fdbe5 bef0aaf6 3f201b83 3e8a9ecb be129c84 3f37a598 bf6f53e7 3f5313a3 bf4bb5b5 3ee9f2d5 
be1d44e9 3cc05a36 bcfc1a75 3f058384 3cbe1e33 3f2ad5ae 3e9dbad4 be1d14a2 3cb0dfa1 3f277d90 bf6301d6 3f36a7b5 bf0ccf81 3ecf1689 bee786f7 bf237f86 3ea47ec4 be92b271 3e84c299 bf606de8 3f0e777c bf7c242e 3f628bd6 bf26d39f 3f0f1173 bf63d400 be8b2a97 bec37e58 beefb29e be9b8e89 bf572bb5 3f43cf91 bf70bc03 3f1ab378 3dbf28cf bea2768e 3f5067c1 bf2c43b9 3eecc680 3efd6ed4 bf549fe5 3ca6a01d 3f3019c1 3ea2cac8 be97caa0 be52e51b 3f0a7f73 bdf9e907 beefd6d6 bf6323d9 3e6c9d30 be5caca4 bf207388 3e98ca7b bf7eaa30 3f6ed3ec bf4f79a2 be0f3ccc 3e7d4d55 3ede8ac0 3ecd5ec2 bf7a71f3 3ee642c6 bd42b137 3ee27edb be7abd03 3f37c3af bf399596 3f134d81 be27741d bf2da982 3f6a19a5 bf405dbc 3f14af7d bf1bf784 be7b74aa 3f165d98 bf37478f bdb22810 bf4b8dbb 3f0fe774 3eb16ee1 bda8c87e 3f3e6fba bdc2092a 3ee48721 3f54d392 3f28cb64 be515488 bde53841 bf5563c0 bd4c907e be8b5a44 3f5fe1b7 bda7585f bf50239f 3e9786b7 3f1deba6 bf5831cd bf154179 bf34117e 3f36ada5 bf403995 3f6a25f0 bf4251c4 bf1a6996 3ddb9a18 3f151b8e bf5d0dc9 3f442fa8 bf76da22 3eb2b696 3ebd9ea0 bea09ebf 3d2730c5 befbb2c0 3f08b179 bf5799dc 3eeeeec7 bf2ee59d bf032b4c 3f68f3ed bf2bebae be8d2e5e 3e8a1639 bf66c1a7 3ec0da7f 3e501573 be454cc6 beab3e56 3f05e56a 3f40419e bebc0a88 3e182bf8 3f06a16c 3f2c5780 3ea96e91 3de098b3 bf438db1 3f6011df 3e91d250 bf03b999 3f28d1a6 3e0c8492 3e845669 3f71480a bf6df1dc 3f6e0de3 be979e5c bf5d51bf bf562bbf 3f118b97 bede929d 3e15cc7e bf128b60 be9a3e90 be41b43e bf7b361a 3f16c990 bdd9d939 be5583d3 bf1cd382 3f6419ba bf6fe40a bf2d05bd 3f418dc1 bf585f9e 3f66a5b9 bf4f47f3 3da22834 3f1a895d be85ce3f 3ea70643 be71fc78 3e4a2c97 bd23b144 3c8e204c 3ede8278 bf6101d4 be012c7f 3ec53a7f be9aa254 3ea2c6ad 3ee84ef8 bead9ebf 3f1ae77a 3ea3228d bec522c8 bf1e7f7c 3ed412c3 bf7cbe28 3f25859b be8e1ea2 3d8139cf bedaa28f 3ef5d6f0 3f098577 bef36f14 3edbb6e1 bf58fbbe 3f6565ea bf505d8e bdd2a823 3f616be6 3c573a12 be3e1534 be8e4695 3f30756b 3ea95268 bf33cf8a 3f2ef982 bd1ab220 3f615dc3 bf69d7b1 3f24e58f 3f24097b 3e6d8d32 bd8e780d 3f58efc1 3e2e2cd6 3f17ffa9 3f07fd64 3f0fd584 3da25891 3f08016e bf126372 3ed59aa9 beb95aca 3f391fa7 bea15a81 3f1fad75 bf4bc1c9 3f4b2198 bf4a57c6 3da9488a bf0de394 3f687bd9 bf467bdd 3f12217f becbf2b0 3d1071de bf5469ab 3f0acba2 bf35d1cb 3f1afb83 bf597ba2 3ed40a9c bdcdca33 bebfd684 bf063769 3f16859f bf6d05d3 3f08a37b bee6d6f3 be233bfa 3e9f4a86 
3f256186 bf3565a0 3ed70a56 becb46a6 be35cc86 be67b4a1 bf75cbfd 3f6af9d1 bf71b9f3 3f0aa392 bf540bbe 3f3bbdab be946a1f be6f7564 3ed6caa6 3dea092b 3f2c4d9b bf7487e1 3f3677b0 3e822681 3df4d8a9 3b9f71b9 3f4cafbb bf4663ac 3e4f4456 3f29ed6b 3ee45706 3ef17eac 3f14c564 3ea3f63f 3f2aedb4 bf3e5dc5 3f3187a1 3d3910cb beb6febc bf0cc76a 3ec5d2e8 bf36df87 3f29fba6 bf6c3ded 3f27578d 3e71dd46 bf52d9a8 3e7c5d0c bf4f71ac 3f4ee9d9 bec64a65 bedc1270 3f5ad5d3 3f7cbe34 beb29e45 3f6125d1 bec36667 3edb46b7 3ed20ed2 3dd937f0 3e18bbd2 3e8a3a8e be3a742b be24fcf0 bf5b7fa4 3f7b7225 3ea4fe33 bf796e2a 3f4161b0 bf175f8d be8d3633 3eb03670 3e2964d8 becb5f04 3ef5bf24 bf45adea 3f27fd78 bee6d324 3eefda7d bd5aef52 be367d1d 3f30ad90 bd79116e 3f7e342f bf75e813 3e627cf1 bf102978 beff0e71 be19146b bf04859b bf27c79b bf7d983a 3f71adeb bea55221 3f5bf78e 3de3d892 be8d4662 be850275 3ba27a65 3f746a0d bf6ab001 be614d1e 3f52ffd3 3f6eaa05 3bfb7668 3f2ceb97 bf6259d3 3eafb263 bda2f9c6 3f71c7f5 bf0c616c 3f1acf9b bf0bcdab 3e64f4c6 3f309596 bf4a69aa 3f3fb3b0 bf5a4bb6 3f0d096e 3c2d4aea 3dc9b8fc beb66686 3f48c59b bee8beda 3f60cbb4 bf68c3dd 3eeb4a81 3f44dbb9 bf15b776 3f67edcc 3c503d86 bf13f746 3f7af820 bf4cf5ac 3e401ccd be5f4539 be97624b be2a646e bef73edc be523d06 bf6909cd 3ebb1291 3e925263 bed82ed4 bf10b57d 3efa12ce bdf758d0 bef182d3 beb78e4d bf2a2fa8 3ef2e2da bf561fe9 3f5a4fcb 3ef9c683 3f6cc5fd be355ca2 be2c9497 3da5687e 3f0c6d88 3df2c8c4 3f48afbf 3e96ea9b be492425 baca25ff 3f201f80 3e50341d bf35018c 3f5f0baf 3f4539b4 bf2c199b 3f1add6e bef616b0 3f10a195 be840ef4 3ca49fcc bf69cfcd 3f4fef91 bf159d8b beec8ef5 3f742c26 bf6c07ca 3f149d7f 3ddd69e8 bd89c856 3e07fc1c be665554 3d07afd9 bf212d74 3ee0fa70 bec70e9f bf34538b 3f605bb3 3f435192 bf525dcc 3f75dbf1 bf3353a3 3f1bcfb5 bf345b78 3f6197ea bf67bbe0 bc0e3a4a bea72e80 3f0e417f bd889811 bdb4690e 3f133d75 bee176e0 3dd987a5 bf5cd9bc 3f694bce be23f450 bf6231aa 3e407c88 3c60c0e0 3ebba2b1 bf19af91 be64b490 3e9ca66b bf2dad7f beacaa99 beb23e86 3e412c54 bf649fd5 be75fcb3 bee7f6e6 bf47f1d1 be0314b6 beeece5d 3d596f4a bf231356 3f7d6c1a bf2bcdad 3ed2ff14 bf5523ac 3f1c2968 3d0bd113 bf34a574 3f505bcb 3dbb38f8 be12ccd9 bd38d1ba be12446c 3eb0b29b bef45316 3ebf46c9 3eefd267 3f26f1a5 bf764a18 3f6823d1 bf1a616e 3ea8e682 beb15e74 3f2c47c8 bdc82826 3d3dd2ee 3e930667 3e828672 3d9c2754 3f477fad bf4761cb 
3f40e389 beb01e9b 3f07c166 bf2b7d6a 3f668fd4 3d2c1258 3e40e51c 3ef91303 be29448c bd9dd8e8 3f6e1be3 bf726bff 3f0c9174 3d63b26e bd1bef01 be4b2cd2 bf1893ab 3f2efb9b be06944b bf70a1ef 3efb72bc bea82a63 bf55fbcb 3f10658f bd7bd0b9 bf089d5f bf42f3d1 be298bca bf53d5c7 be89aa2c befef2c3 3f3ff784 bf248f8d bf00ab9a 3f7fb49a 3dfa87ce 3ed75ab9 be8c1a4f 3f1fab82 bf5137ba 3f7b5231 bf36fb9c 3d4ed294 3f259986 3eb086b3 bdd66890 bef72232 3f6325f4 bf6903fa bf66efed be05aca8 bf1ce391 3e8c66c0 3cc7242d bf4b95a0 bea25a7e bd5291db be4504bd bd8ea730 3ea94e95 3eea7e92 bf12d990 bf096992 3eff62da bd96b943 3de0b8c0 3e5b2c07 bd93185f bf434bc6 3f39a37d bbbf86a6 3e81ca2b be8c4a01 3e6fe4f7 bee6dee6 3f2121b5 bf4bc7b9 3d0af305 bea9d67a bf3075a5 3f52d3bd bed4e6b4 3f62d9fe 3ef8d739 b7775276 3f6667ae 3ed7c67e 3f0cef6a bea3363f bf2d1591 3eee5ac4 bf5a45ba 3f7999f0 be570405 bea2ca5b bec2e26f 3f6837d3 3c723cd8 bf4d4f86 bf620bc7 be448cfa bf0c8147 3f2b438a 3e9eae9e bf61dbdd 3f020d81 bf24eb78 be86fe42 3f1563b9 be0a9cd0 bf31cbba 3f215575 bf108d79 3f02394c bd4d719b bd1cee7c beb916b0 3f49a5c6 bf32c7ac be92c642 3f5285a9 bf36d765 3eb9ce80 bf4e2d97 3e1b0456 bedb0a98 bea9ce1d 3ea33281 bf578bbe 3f7aca05 be85ca4f bf28e78e 3f748de1 3ee05a99 be392ce8 3f30ddc9 3f041772 bed56669 3eecd6dd be93727a 3edbbeb0 3e26b467 bf34fbba 3f6eade9 3cc0ded3 3f279d7f 3e3b74da 3d5c72f4 bf4b21c9 be85b2a7 bf6407ca be81069a 3f4a579e bee78ae4 be679ce7 bf025b58 be74fcf9 bf12ff55 3e5e8502 be162c66 bf193b8d 3dfc479a 3c80dec6 bdd919b3 bf7d6e27 3e3a847b 3e2e5484 bf2f51ab 3f0bfd5c bf18995f 3f5c7fc0 3dfe58da ba3b8114 3cbc5c2f 3f7e1053 bf784a14 3e6e254f bca8a43a bec412ae 3f6127c3 bf7c5e1d 3f78dc07 bec9a66b 3f244b9c bf43f19f 3f7c9005 bda1b761 bf2feba7 bf043f4c bbf67c12 3f2e2d82 bf67e1ce 3eb66292 3ede568d bf49ddd5 3f77b20b be843262 3f4115a7 bf72c1ec 3eec52b8 bed8a27b bddc27c7 3eabc692 3d6d0ed8 3ca19eb6 3e27c485 beca623c 3f5f21d3 bda4584e bca3dcd0 bf4ac18e 3f47edb3 be968a53 3e164cb0 3f4aed8a bdf58893 3ecb5697 be72bcf7 3f72e007 3c7d3fdc 3f38cb85 3ebe6a24 3e841271 3d8de8a7 3f4a77d0 be583d9b be0f647b bea7e29d 3eb862de bd5d109b be4ce521 3e090c1b 3da72838 3d96a9c9 bf5bf1c3 3f7c1266 bf2bdd8c 3f10b991 be585cc5 bdcbe999 3eebcf2d bf6f23eb bf480781 3f7e4e4c bee4fec0 3e794cdc 3f047371 bf2cdda7 3e4f84f0 3e34acff bf148583 3e5becb6 bec78a7e bf6d7ded 3ee62b38 bf358578 
3e70955e bf19238b 3ea62e99 3e7f5d2e bf7e926d 3e88a6b9 3cba9d85 bf7e8c6b 3e006c75 3ebde6c3 bf75fa23 3f4259a8 bef8aebd bd58514b bdf158e3 3db5589d 3f39b3c5 bf70b1f6 3f42cd97 be71c571 3f30e5aa bf01195c 3f4585bb 3f0f3b83 bf74260c 3f578fb8 3f3b1782 3ae998cd 3f131b8b 3f54efa5 be994eb1 be86c629 3f2aa5b5 3e54c4b6 bf22317c bf4be1ae 3ed022d9 bf6f9bd9 3f364fab be57f58f bebb2a9a 3c19b739 3f3a2778 bf795632 bed15285 bd7c710d 3f5c5df8 bf6c1fff 3f5405b4 3f3a295e 3ebc1e57 3f2ff9b2 bf347196 3eb332b5 3e84d678 3f75e437 be6bb4db 3f04836d be50fca7 be275450 3e345428 be3fec8f 3f7111dd bdd9c932 bf19e98f 3e8c727f 3cc9e0cd bdab2851 3f7119fe bf22057f bf3bb3b4 3f3b8b80 bf406193 3f26817f be9af267 be1aa4af 3f27278d bcd99d7a 3f057970 3d7a1005 3df1d8be bebac289 beaeb659 bf423991 3d66510d bf32ddb0 bf60b5ec 3f187b9d bf07b97d 3f552fbc be84ae8c be9a7e4f 3d066fae bec52ac7 3f64e9db be880a54 bf369d5b 3e4da478 3f1c69a0 3f295b7d 3f4ccbd1 bea85273 3e4c94b0 bf773dff 3f6f8406 bf00077e 3ec7ca71 3f457787 bf7fd490 3ec8e6c4 be084cc7 3f3a6b7c bf6bd3f5 3f343fb2 befb56da be982a7e 3f3a6394 bf704405 3f16ff7d 3e25bc73 bf2ce39b 3dd518e7 3f57fbb3 bf21efad 3f3e37a2 3ea1d6cf bd97a821 3f0c1175 3e4dc4b7 bf5321c2 3f24219d 3f13776b bf48f5ae bf1ffb82 3eac1664 bf751e0b 3e2d4c7b bd9be800 bf46158e 3f3e83ad be74acd0 be883e8e 3e88ba27 be10dc68 be6ecd59 bf10c15b bf202d5c 3f3891ad 3eeb170c 3e61f47b 3f4e1dbe 3e44244e bf2a7b9c 3e307494 3efc0ad9 3e995e72 be06e434 3f771c0b bf05ef71 3f4a53c1 bf03ef64 3f733bfa bf2e8997 3ef90f42 3e857e62 3f1e25a2 be9d5ac8 3f003581 3e30d509 bf0e4172 bd537053 bef4cedd bd18704a bc1f4585 bf5c85cf 3ea752dc 3f6265c5 bf3a4da7 3ecae666 bf5121bf 3f0f57a3 beb9fa9f bf146d76 3f23198a 3cac634e bf3c058c 3ebb9283 3f2b8977 3ea40a8f 3e00d49a bf382562 3f457faf bdf1c8a3 befd966f 3ee7e318 bec51aee be76c46f beec5af5 3f3d3bb6 beafde5b 3eb6529b bdba97c2 be8ef651 bdd528e4 3ecc12a1 bf0f475f bcaa6386 3ea2a6a3 bf6eddd4 3f56ddab 3eae222e bea22e94 3ef34aec beb75eb9 bf3bef9c 3e057440 3e942284 bf05d966 be02d4dc bf2c2766 3d0ad338 bf4cab9b 3f0bf570 bf2c999f bf56eba4 3f3b7b9a bf173591 3f7f7c7b bf314ba3 3f588bb2 bf089f5c 3e252c1c 3d4eb10e bdc79768 3e967ad0 be7914d7 bdd5792c 3e6b2ccf bf37d3b5 3f72d5f6 bf6e85cc 3f54a1bd 3f529bba bee1c6bb bf10875f 3e597cce bf4b6b91 3f62abfc bf202968 bdc279ce 3f22f17e bf046da0 3f6cdff7 3f00075e 3e2244c5 be29e495 
bf7dac40 3f7635fc bf42afa0 3e65e532 3f787837 bf265993 3e4a1436 3f57e5a4 3ed51e7a becd86a1 bd487030 3f3441ab bf408da6 3f5a31c7 bd26f24d bf0b516f 3eef7ac4 bef51aa1 3e9c2699 bdb0086b bf1ccb48 3f3befb7 bf6393c3 bf384f98 3f6025ce bece4716 bf6343e3 3ecd52d5 bf18c57c bf53ffae 3f02b77b bc73b4b9 bf2c2f88 3c67b842 3f2e57b7 3eda5acf 3e41ed40 3ea9ba86 bea746a4 3e9c2a87 3d964971 3e9eba9d bf475bcf 3f3e279a 3f2c9770 be368cd6 bf287781 3ee806f3 bf006f42 bf452fd7 bd0f5095 bf6e47f2 3f5ec9f3 be90325c beb2fa6f bef57af3 bf28f586 bd767193 3e83d617 bef82eca 3e15dc8d be86da08 bed5c2b5 bec56661 3f563dc7 beb0b633 bda76860 be967a42 bf27f38b 3f3e9394 3eb46aa3 be464568 3dfd5898 3e1e1c56 bf02bf64 3f3af594 bf7dee43 3e58b55b bf3c7bb5 3ea6629d bf31139b 3f5283af bca8221e 3f3cefaa bd111039 3f05496a 3f5c25d0 bf668df2 3ef10296 bd9b0900 be6d2d1f 3f67cbee bdb03927 3d9c7823 bf2ab79c 3f256396 3c4dbdb3 3e8d1e87 bf3d1793 bf1b1d89 bec77a86 be88d246 3ef17282 3e3aa56e 3e6c14f3 beafcad0 3d878769 bf20857e 3e95f676 3f1b019f beb92ec9 bedd52ce 3f286388 beddb282 3e273cf6 3ef882ae bd4ad1f0 beaf9657 3f33f382 bf28d79a 3f37b18f bc4946cb bf65ebd3 3f415da9 bf0e25a4 bf2e25a1 3eb456e0 bf41df9f bc2abc1c 3f1c1d98 bf6549cd be97f24b 3f28959b bdb65a97 3f437dac 3dd587a6 bd600fad 3ea4268b 3f4239b7 bf2ca1a1 be9336b1 3ee282db 3eb59a5e bf66d1cc 3f4ed1b6 3c5a38e5 3f765205 bf739beb bf1da175 3e119c6f bf38f180 be3e6c55 3f7f887d bf56819c 3e64ccb7 bed872e5 3e553d81 bf1eb193 be2afc10 3e29d52d bece1e4e 3e57f544 bf4439a8 3f71fbdb bf6c79d5 becf72e2 bbd38aff bf0ad16e be0e1c81 3f5b17d8 be61052d 3f42117e bea42e6f 3eee32fb 3ee5e29f be4d4c69 bf177170 bd55d0bb 3f6b01e7 bf0d2384 3f5d51d7 bf0c4baa 3f7feac8 bf4f31b4 be9b3e7f 3f7dbe2d bf7aa22a bd60f287 bf5bb9de 3f40f3aa bf20696f 3ef5cb2b bf0ee77d 3ea1169f 3e8b56be bf08a55f 3f6009b3 3e660cbc bf396b97 3e928e78 3dd0e955 be2e5cb7 3f1d7554 bec5069a 3e013c92 3c9cdfa9 3f467baa bf785411 3f25158f bebdfae7 bf1c9982 3e8c92b8 bf41efaa 3ea2f65d 3f7897ed bf37ed96 bd95784e 3e566c40 3ebfb265 3e695c20 3e8f9275 bd6a5255 be67755f 3f4b87ba 3f192166 bf33ad9f 3f36c7b8 bf6975b2 3dc05922 bf354fb4 3f3ac1b4 bee2e6da 3e3f5ca0 bedb2ab2 3f2885af bf2abb91 3f51fbda bf3011ba 3f5ac7fa bf449b8d 3f065566 bed06e83 bf0d615c 3c5fc71d 3f03f36b 3f6791ec bf5409c7 3f340575 bd90b8d8 bd73f234 3ea66e67 beda36bd bed732a7 bf0c197e bf026775 3f6fe7c0 
3f0bed91 bc5e4979 3e233474 beef22c4 bed6fa97 3e50ac9d 3e032c6f bf780a1e bf39d7ad 3ea44e8d 3f0ad181 bf71a1fd 3f1fd97c bf2755b4 3c0eb947 3f188385 bf4cbbc4 3f6f79ed bf62d3b9 3f4d57a8 bf4545a0 3efe672d 3e8d46da 3f30af90 bf5a2dc1 3f5debc2 bf05b78c 3f12a976 be5083e4 3f7249f4 bf1c475f 3f05d78f 3e37e3ff 3dfdf935 bf507dab 3d35af3d bf743ff3 3f5947cd bf4979af bdad49c0 3ea09ec0 bf4225bc 3f5dc1ba bf372fa3 bf3189a8 3f3ee79f be8dfa6d 3f3215b2 be0e3c74 3f4731a8 bdfff894 3ebc5a90 3d9af8a4 bf29c3a8 3f4507cb 3e4613cb 3f5559b7 3e11fc4e bea012ab 3f65b5c4 be899a21 3ef6e6cc 3ee70ebf beb93680 3efa1ecb bf4329bd 3f0d6b97 3f5933db beb94269 3e20ccc6 bf7b0422 3f46179b bf4b0bd7 3efdb309 bd3270ed be86623e 3f29c7a5 bde1c7b8 3f652ddb bf04c393 3f5a75c8 bf44ad86 bd9fc864 be5fec8d be869e0a be0874b4 bf2767b3 3f19116b 3d71f106 bf6fefef 3f0f7f7b bf6e0bdb be60b445 3d8d08b2 3f21056d bf79b832 3f207578 bf40b19a 3f6c2feb 3eaf2694 3d255268 3f40d99d bf528fbf 3e1f846f bf65f606 3f6acbf2 bf203977 3f75b616 bf297fa5 bdc937b3 bee196b8 3f280fab be988a89 bd9ed88d 3e57cd0d bf2b2f9a bd3bb117 3e90d615 bebb2e7e be04dc60 bc65c52e 3d97f930 3da2881f bdd23a3e 3e6a2c94 3f0a6f73 bc173bb5 3e8f86b6 3e288cbd beb31a94 3f7fb08a be8c1e73 3e8dc25a bed382a7 be79cc8c bf2d2fcb 3f24ad89 bf5e07ac bebf2670 3ebdced5 3f33859f bf4db7ac bddcc848 3f2f25c7 bef92336 3e1fac53 bf473bc9 3f1981a9 3f7161e3 beb9eaa6 3ecb9676 3d1d3213 bf60cbe2 3f4e9fb9 be27ecb7 bea25257 3ec506f0 3ead2627 bedc7a6d 3f5d55ed bf60d3e9 3f3c95a0 3e919637 bf6e91f6 3f72480f 3e0733cb 3eeda2d9 3f3185c2 bf08e789 be141444 bed96692 be95328c 3d9f7807 beb1dab8 bed68ec0 3ef18ac5 3ce95f06 3e6efc5e bf4dabb4 3ec2f6d5 bf5965c2 3e624c90 be9ae677 3d8ae8f5 3f5af7ab bf4323b3 3f5d4bc6 bd9c190e 3f346596 bed5a6e8 3ed3c6c9 bc63b95b be21b3e7 3f2399a7 bf7d9c45 3f7859f6 bf65fbe8 bebcd69a 3f628fd9 bea25e90 bf069950 3dd137b8 bd565393 bf0ce981 3f56c9d4 bf73bfff 3c0fb97d 3e103526 3f4f15bd bf2e09af 3f45b3a4 3e199cc1 3f00675c bcfd9f6f bf526bb4 3f29f386 3ef966eb bf305f7f 3e96526f bf0d93b8 bda4793c 3f65c9b2 bf309da5 bd6e52f4 bf7029fc 3f7eee6f bf6497dd 3f2a6976 3f6b7dc9 bec8168b 3ea8aaa2 bf098d99 3f43d7b1 be99a6bb be238c09 3ea4d2bd bf30b1bb 3f27058c bf0afd4b 3ea95ed9 bea2167d 3f22c170 bf166f6d 3f5675b2 bf3c9196 bf730618 3f525fc7 bf5477b6 3dd4e7da 3e603ca6 bf5eddd6 3f4edfb0 3e5cf4a8 3f166795 3e859a5c bf285f82 
bf2d6f67 beeb0ee1 3eb22aca 3f336b7c bea5be71 3edf9300 be9dea51 3f796a05 3f3a91b1 3e149442 bf630dd5 3f1a4791 3d0c6cf6 3e6c3c8b beba8ed7 3e8dfe44 bea1ae70 3ebefe40 bed2eab8 3eacba84 3f0d9750 bf031753 bf6355db 3f745001 bf38ed6b 3e5b7c80 3e6744bf 3e849237 bf4c25ec 3f207b84 bf40fbc4 3d94c9d3 bef4aeb8 3f08fd8a be629d44 3f7533df bdcaf909 be794d18 3f1595a0 3e96ba60 be2b1c0d 3d502df7 3e5e14cd 3cca5cd5 3f35dfab bf6a280a 3f00176d bf7df63c 3d8b08c8 bea2de8c 3e5d346c bc294901 bee71ec2 3f5f1dc3 bee6831f bf40aba0 3c76c056 bf2a1f85 3e0b8d05 bf5ed5f8 3e548526 bf4d47ca 3d508ee2 3e580ce9 bf3da198 3f7f3068 bf316989 bf6d8ff0 3f00856f 3d142e01 3e43d4a7 3ef95a9d bf1c7769 3f280561 bf322181 3f420d7d bf7ede7d 3e942eb6 bf7cac0f 3ec5eeb9 bf1cc37e 3eef6705 3d81c88d 3de32945 3d7b92c4 be56c4dc 3f56c5cd bf6099f1 3edab289 3f6bb407 beb7d2c3 3f668bda 3ca3e233 3f036b68 bf5bbfca 3f26f9a7 3d304eb6 be751cb7 3e5a94a8 bf6a3be9 3f1a4b96 bf79c21b 3f1683aa 3dc4d720 3f65fdfd bf5bc1e1 3f19b38f bf4747bd 3f48ffce bea6bab1 3f73d20e beb7a29e bf1e6f88 3f7b4bed bf35e5b2 3f7ee678 bee292c5 3f1dffbc bf0f9d77 3f771e1d bf23a593 be80368f 3f7a83fe bf4d5bb5 3e8ea252 bf215982 3eb54eb3 bf226371 3f0c998b bf4c1794 3e64dd4c bf6477d1 3f1c3774 bf17db76 3f5b8dc7 bb00fd3f 3ebceaa5 bd0b6f4d 3f54e3e1 bf3e49c4 bd780fbf 3e800a40 3e6e5de6 bef486c2 3e669475 bec98682 3f09d197 beaecaab bf4da9a0 3e07f49b 3e444c00 3e1dbd02 3ee4cb24 be7bfcc9 be4d9d7e 3f7dfc54 bf6923f1 3e792ccf 3ed93e9d bf70ddfb 3f7d0a56 bf25719b be844e6f 3f59fbf4 bf546fd0 3df7a843 bf789a0b beb9beac 3ee8e6c4 3eab7245 bde3a8e6 3f5ed7c9 becfaac5 3e998a6a 3ee4d67a bf550fa9 3f1585a1 bdebe89f 3dbab81f 3f043f53 be265cc1 3f769dfd bf5307c1 3f17058f bf2ce1a4 bf255b7a 3eee3ee3 bef97f31 bec31297 3ea04670 bf49c5bf 3efa4ed3 befb52c1 bde928e7 3ef97ecf bf2961ae 3f1ef196 3ebb2eb1 bf4c3fdd 3ecbe2d1 3f2a4784 3cee20de be05b468 3f471fb5 bf40cda0 3f2bfd78 3edfdaeb bf244fad bf593585 3f323ba7 bea7decd bf6e81cc 3ea3768a bf21bb7d 3f2a5d9b bf15279f bf22758f 3f609fb7 bf41fbb0 3f74700b bf6037c2 bd710f44 be9da67f 3f7c4e25 be6c93f7 3d2af2d6 3d05ed21 be7534df bf64b3b3 be62d4b9 3f3ebb8d bf551fb4 3f260b80 bf6fcdea 3f66b20e bf3cb3c5 3f60a7c4 bf10158a be613d72 3f42e79c bf42f7a8 3f0e035e be6664e2 3e95ba75 bde38838 3ecd26af 3f516be1 bf4981a3 3f5dbfa2 bf14f372 3f7a8bfe bee98ee3 bf3b2dae 3e1eec0b bf2a237f 3f5aadbc 
3f5edbe3 3f132372 bf4e2795 bf104982 3f284d63 bf3a7181 3db7e7ee bf40f7b6 bf1e9378 bf1ae798 3f6835c2 3c5940fb bf51a9dd 3f0c8357 bd3d116a 3d514f52 bd0051db bdae77af 3ec2327a bf530fde beb27e9e 3f5a17c8 3e90c65a bf4281af 3eab763e 3d1bee88 bf214182 bdfb7719 3eb5ee9d bef21303 3f438b8b bc4ecf10 3ec67ec3 bf1913ad 3eece6ce bf7b4e30 3ed35305 be463595 bda4f7ec bf400f9e 3e94665b 3c9ddf57 be56dc2d bf14bb7d 3f139d73 be937e34 3f2db1b7 3d062ec9 3f4fffbd bf2827da bc822318 be003427 3e1d3457 bf167d9c 3e6c5cbf 3f582ded beba1ecc 3ec6ee80 3f69f3de bdfe585f 3f67aff3 be21d438 3ee8e2c8 be9c625c 3f057763 bf2d2995 3f0d4379 3f7b4dfa bf5e27b5 3f19bf8d bf5a75b5 be187be8 3f2a17b3 bf2d97a3 3ed1d6e6 bf06c766 3f67b9df bccaa3c2 3ec1f688 3f1fbb8f bf2419a0 3f64dfb2 bf740816 3eec8708 3d0d310f 3f0ac5b5 bf72a00c 3f53afc1 bf42e1ec bf5dc5a7 3e9aeed2 bf6d5401 3d1310e0 bf2c256a 3f39ed75 be83badd be9f1245 3ecb0ac1 bf121d4b 3f793617 bf5535af 3f563bb6 bdda3890 bf103185 be67a54b beb6e2db 3f6ef5db bf788826 3eebc2fd bed93ab6 befe6724 be0e6bb4 3f6b2deb bf5bc5ba 3dc5a7cd beb5ba67 3cf420f1 bec592a7 3e30bc3c bf16cf78 3f7e5643 beca12b6 bee50a9b bc6d3d07 3f43f1a7 bf35f5a9 3efd3343 be7d3d35 3e9d4e85 be5a6d2b 3f571dc8 be5b0c52 3f585dde bf4db1ca 3f23cf9f bf5a41c9 bec92a59 3e925ea4 bf4e65c9 3f74ade1 bf6f03db 3f4a6fec bf4497aa 3f256b7c be640cf1 3f229b7c befa66c3 3f25df91 3cfd218f 3e764483 bf1d6d82 beb7468f be40fd5b bdac28b6 bc343ff7 bef7baf4 3d46d2eb 3dce893d bf20cb6a 3f5b05d2 bf7bfc34 3f4ecdc3 bf190f8d 3eec731d bf082d75 3f5c97c9 3e65b522 3f5833a7 bf7afa16 3e1334b2 3d982a4f bf5247a9 3de66918 3dc407a0 beb046ac 3f31dbd8 bf637dc7 3f05f37b bf7a79f5 3f3e178d bf367f76 bf050d8b 3f29c9b2 bf2b4f88 3f60cfc4 3f42b591 bed0fe90 3d99ba47 3f12a39a bebfaeb4 3f77d807 bf0f0f7b 3f343375 3c82a4a9 bed03ad1 3f24c992 bef2aaaa be10fc47 3ed48aab bed5b6c2 bf0cb556 be213bfe be50ac58 be809270 bc7035f0 bdde38ba bf3661ba 3f70d1e3 3f53a3b4 bf7dca2e 3f32b398 3f2b7b7d bef262c9 3f3b0ba7 bc68c5d1 3e6015d3 3f141d6d bedb36e0 3c563aae 3ea6e6b0 bb3cfb3b 3f068366 3ddac8d5 bf044b6b 3c57c02f 3b5afc42 3e847a53 3da19948 3f55c9e1 bcf3608c 3ce5262e becbaee3 3f400db6 bf0d7f74 3f4f8d9a bf23177a 3d8a387d 3e6d25af 3e1ab3db 3e008c05 bf6383d1 3f4e8bad bf2fe190 bec692b6 3f308fb8 bf2185b9 bed36e59 be789cb8 3f3343b0 bf644d8b bcc29c5c be4894bd 3f7ed660 bf071f82 3f44cf93 bf42ebc3 
bf5bd5cc be9a4e70 3f6bc3ce 3dc27837 bdfbe932 3d9309ee 3f4d2da5 3e51bcd2 3f1a6d87 3f3e239c bf19377e bee0a2cb 3f7793f7 bf42a7a7 3e9c6289 bf16078b 3f4e77b2 bf6d15fe 3efe6315 3f41478e be70a4fb be992acf beb9aa59 3f6fcc18 bef9833a 3f5d77e9 bee5e2f4 3f3605b0 3e30ac4b bef252de 3da1da93 bf239164 3f0a4970 bf43cda1 3f7dc636 bf3c2db5 3f518bb5 beef0f00 3e8d3286 3ef6eef7 3e304d1d bf0c4999 3f7c2815 bf01e98b 3ed90ec6 bf5abdb1 3e830a79 bf41919d be79ed0a 3f233776 3e025c4d 3d297141 3ea3a6ba 3ec8aeaa beb84a66 bf23d3af 3f49e9ae bf24259c bf495b9e bda0071d bf7c49f1 3ec6e2f8 be7de48a bf1db18d 3f7c7228 bf2d9d83 3e05bc3f bf6a53d5 3f101777 beadc289 3f7f966e be2fcd7d bed25697 3e38c4ae 3f36b1ab bf302769 bda0c8df bf0b915f 3d83d778 bf37b38b 3eb7528e bf064368 3eca26d3 3de4a984 bf588fae bebde699 3f3c23b2 bed0c6e7 3f6c4bc3 3f198f66 bcdee467 3f1ecf5c 3ead8e23 3e609510 beaf12b9 3e809692 bedc7e65 3f68e601 bee75e85 bd84b8cb 3ec7deae bf0ccd63 3e4b6c69 be039403 3f621bcf 3d19b074 bf32257a 3f397d72 3e23ec84 bdb5d8e8 3f204f95 bd29528e beca227c 3e561daf 3f029354 3e310ce6 bd660fca 3e43e4b7 3f00a54f bef732b8 bf1d3d9d 3f27f5a6 bd8ef913 3efbfaa1 bf4f1bb6 3f394d7c 3deee89e bf0b6d66 3f268d8a beed3271 be31ad12 beb92abd bf426fb7 3f4057b1 bf3487aa 3f43b1ac 3ef92650 bd903876 3e306c8a bed74704 3f76500f bf3a9f9f 3e8f0a7e 3db0f8d4 bf6ccbca 3f315397 bf5437dc bd4e7072 bdb2f8d4 3e8f3e83 3efd2f4e 3e882a88 3f39f75b bed3daa0 3f383585 be5abcef 3f203397 3e868e78 bf174fa3 3f6c67bb bf34b1c2 3f265f82 be275bf1 bd8157eb 3db9193d beaf6ad3 bee92aa2 befd5287 3f6eebf5 bef7c2d3 3d41d212 3f12f591 3e35050a bd9ff6b9 befc12ae 3f340b99 bf0f317f 3f57ada8 3ebd2eb1 bf4b5b8a 3f4cc7bc bdc6496e 3f0f9968 bf188b7c be8c5e9d bf1bb783 be83fe90 3f2917af bf5969ac 3eb64aa1 bf312f90 be17dc96 3ddd7954 bf570bac 3f5857b6 bf151d72 3bd286a3 3d5f523a 3e6ca4fd bbd67115 3f16a37e 3ea64ecf 3ea0de80 3e5a8506 3d292f1f 3f05a37d be240c06 bee4da9d bf308f90 3f42e1b7 bf23114b bf05859b 3f36d5ab bf5fedb7 bef00640 3e38a52f bf7113dd 3f794a2b bf2bc5aa bdd1e898 be1d9338 be03a463 beca5a43 3e5094b9 3eac1a74 befcbb0e 3e5984eb bf7309e8 3eb5f64d bf0cd579 bd944896 3f4319c1 bf4aabc8 3e453454 bec63eda be1c04c4 3f029162 bf066d77 befe2b0a 3e98264a 3f5651ab bf0bd76f 3ead1697 3f42e9a7 bf7c5450 3f425dc9 bda58816 3f3ec5b0 bf5533b1 3ed8f337 3f502d9e bf104160 bdfc097d bd50ef94 be4e14c9 3db46818 
3f37c7b1 becf3afa bde567ff bee59301 3e08241f bc2d42c3 bf44c3b1 bf15e34f 3d9458ff bf700610 3e08c462 3f5deda6 bf7d722b 3f44319f be9ac30d 3f01b780 bf00b38f 3f40779b bf119f74 bf334fc1 3f360f8d be9996dd 3ea0d2b7 bee726c2 bed4365a beee2f11 3ea5ba6a be99debb bf5d47ab 3f7e6660 3c34bcca bd392ff7 bdbdc932 3f33d5bb bf2c7196 3ee4c320 be9e7e92 bd016e63 3dbe2917 be9bf240 beb7f65a 3ed1030f bf50fbb4 3f054175 bc71bce2 3e591c9c 3ef0eeb3 3e0cd467 3e72ad1b bf059742 beba2684 3eb32aa7 bf66e5e3 be9cc6ce 3f2bf36f 3e2cf536 bf692203 3f70a5ef 3d572e47 3f1d9f6e 3f7b9e37 bf5b799e 3f6c61b8 be299c0c be8e3a57 be7ff50f 3f703603 beab9ec6 3f331567 bf5ccbba bee54ea0 3c9da04a 3f2d619f bf15af83 bf3d81a7 3f7f3862 bd4ecf5b 3f19e980 bea84e42 3f3c13b8 bda5fa6d 3eaeea83 bef612ab 3e0e3bbd 3f5391a3 3edcb657 bec4c27d bebe7e9d bf1ccd64 bf11e770 bcc4a44c bf06e15f bed162b4 3e95fe77 bf10f754 3f6b05f6 bf25976c be5c9c3a be81f671 3eaa42ed be889a5f 3d192fee 3e4a5c24 3e09e457 bf3ddd86 be95d675 3f3747df becd4272 bf6317b0 3ef19ee2 be95fe86 be20c425 3ea416a5 be7ecca8 beaf66b2 bf1e759c 3ef632cc bee4af04 bea386c6 3f4c3fb2 3f020771 bf7815f9 3f477b98 bf6705d9 3ec6a28d bec90eb8 bee09a78 3f3209c5 bf5083db 3eb21a89 bce520ce 3f5b27cb 3ea5ce65 3d81d8c0 be88deab bcf2e199 bee542d2 bf1a1753 3f5f09c0 bf39a3b2 bc1ec145 bda9e790 3e564cd0 393129a4 3f5f9bcd bf51bbdd 3f25e58c 3f573bc1 bf6c77ca 3c832581 bf52e7cf bd8af8c3 bf4e2f8c 3e53150f beee7f33 bd14f382 bf5221ba bd83688b 3ecb32a3 bf06135d bd632fcf 3e00146b bf2bb592 3f04d583 3e1754a5 be99eed8 3f796fe7 beeb069a be1a74a2 3eabe6e0 bd9e2894 bd99286d bf5431a3 3f3d118d be97422c 3e00c464 bdaad7d5 bf4421c3 bde488f3 3e2e1c85 3e886e46 bef84aa5 bf0b8f7b 3f5e77d3 3e74343b 3d5aacb4 3f6501e0 bf7c3e32 3f61fdf7 bf02718b 3f660dec 3d134e7c be1a648d 3f77ec24 bf305782 3d0070ba 3f30bfa3 bd9fa7cd bf572fc7 3f12e963 bf42b9b1 be9d568a bf1a5977 3db6591e bf1a79a0 bb927970 3a3bc895 3f7d423e bf466d91 3f5d9be7 bf06637b 3f44e580 bf5141bf 3f518da6 3f1d8f76 3ce62064 3f097b88 bf4a01b0 3f66ebdb be15a511 3e498d00 be7dbc90 3f675bdd bf3017b4 3f04217f bea18698 3eef8ade 3f4665c1 bf28d586 3f20598d bd2db2a9 bf1e3972 3ec38a9d 3e6fa4dd 3e827a4c 3f0a7570 bf392d91 3f5739c1 3f21b35b bf5163c7 bed54680 3dc6a7cd bc423948 bf11f7bc 3f2f87af bf345fa9 3ef08ebb bf4dcf93 3ee55e9f bbe9844b bf25bbc8 bd2a9015 3ef76260 bd312fe7 bc975e64 3f1af196 
bf050f7d 3f579bbc bf193f60 3f5d19cf be82faac 3e0b5c0b 3f0aeb59 3f35f3ad be607d42 3f2a7790 3e2d4449 bf14497a 3dc65937 3e8cfe88 bf35f1ad 3f16eb7c bf5289c3 3ebd3e48 bd86474a 3f186599 bf5905c6 3f66f3cc bf4d1b94 3f3e1bb3 3f04135b 3ead0e58 be3b2cac 3cdcdc77 3f4441bb bf3a3fb9 bef796d8 3f4f85b2 bef81af4 bdafb833 bf0fdb7d 3f4fa1bf bf4d6597 3f27a380 bea14679 bdbe9910 3f16f965 beb52ae8 3f6287cf bf64d5f0 bd6dcfbe 3e3024f8 bf4e3391 3ea6d6aa be72a4e5 3f0deb72 bcede63f bdc2d8b1 3f422b9b 3f15c16b bf6625c0 3ec63acf 3ead2a17 bef15acc 3e9426a4 bf5847c3 bf186b78 3d95a885 bde9387f be3b34f0 3ef13ed0 3da7a7cb bec42e98 be9c1e68 be891a65 3f5437ca 3f397f8e befc9693 beba86c2 3f440d9a 3eff56a8 bf6713cc be574d0a be7174c6 3e94767f bf03a376 beac6a86 bc1a3728 3f215792 bf0f4364 bedbcb04 bf1747a7 3e88068e 3f2b7d8c 3f0c393f 3ebcfabb 3dc847f9 3f1feb94 bec35aa2 3f1fe795 beab0a7c beb1ae79 3f040389 3e122470 3f4a65c1 bf7b7e0a 3f6c2de5 bf1ebbab 3ef69712 bf5e2bb7 3f7d800b 3ecdd6b5 bf7fb2a1 3f32b764 3f4515a8 be5bddd3 bed3ef06 3f186179 bf3e198d 3f607bd7 3c56ba86 3ed0eef0 3eaa5662 bebcb272 3ec81a59 bf71cbe9 be3db506 3f0db368 bf23598a 3ed7e6b1 3f5069ba bee65aee 3f3d1fbd bf2e677e 3f37b398 3cdd1e4f bd22f0c2 bf7797fc bed396d8 be00e410 3f11437f bef662e1 3f7369f1 be797d0a 3e95de0e be980eba 3f17c37c bea01e7a 3e94167c bf5e95d2 be885a4e 3f4179a0 bf13df9c bf572daa 3f67dbb2 3e832e2b 3f4af582 3e026ba7 3f12e357 bdd12893 3eb24b00 3ef196c8 3ec1de97 3edd16e7 bf4f2daa 3f5ce9ae bebc6657 3f2b8591 be6dacb8 3ebcd2cf bf75c5ff 3f3d698d bf4d218c 3f137987 3d8d2885 bf4661ae 3f28997a bf268b80 3f794033 beab1ea4 3e9aae8c bf2e8f93 3f7903ff bd8dd895 3f4fc7ca bf419d96 3e8156d9 be45acb8 3f32b184 bf37998b beb40e64 3e4eacaa bf40ad9e 3eba1680 be4f8493 3e1e63c4 bf4905b6 3e6464d5 bd822848 bf6459d9 3f2e519f bcdb2087 bf1e3f98 bddfe84e 3f5b63af be8f4a3b 3ddd999a 3f64d5a4 3eacd26a 3e0f54f7 3f34c5b0 beaefac2 bdbed837 bf30bda1 3f5e0fce bf6913c8 3e8a6a9d 3e7d6ce7 be078473 be5d9d5e bf0a4358 bf5233c1 3f6c65b7 bf7df03b 3f112f96 bf4ebfb2 3f43e99d be30b40e bf4b4f9a 3f5479b4 bf784005 3f28ebb3 bf3b2fc4 bf2bf3ad 3f4e4b9b bf64bbde 3f6f5bfd bef0d6d7 3f2a3571 bf4c55b7 bed60aa3 be51248e 3d334f93 bf58d3ab be842290 3f0ac395 3f333973 bedf2ad8 3ea432cd be899e4b 3db3f8d5 3e9722b0 be752cbb 3dad1908 3f16c1b4 bf4f13bd 3f43a9d1 3e76048d bf0379b2 bd2d318b bd9f7909 bf5cf99d 
be3dc53d 3e9dca85 bf2ccd97 3ec18ea7 bf28916a 3e529d1b bef2fac0 bee44ad2 be0ccc0f 3d3f4ff7 bf393da5 3f5ab3c0 bee456c7 3ecc0e9e beb0f6eb 3f1b556f bea1ea52 3f51d3b6 bf7e6a6f 3f56d9cb be2cbc4e bf0ddb81 3f32658c bf4b6582 beda628b be6dc483 bdc4f835 3eaf22b5 bf1f8da5 3f5de5d7 be6dd4d3 3e283caa bf258d6a 3f7371f6 3ca05eaa 3d774e3a be1d9b94 3e170c39 3e0e9529 bdbb28e5 3eb27272 bf6a77ca 3e525c92 3e9e627e 3f1b8d94 bf141571 3f4a8bb7 bf195fa5 3e760cc3 bf1b9576 3f2b499b bea11692 beeea741 beedb6ec 3dbff8b2 3d93e854 be02bc54 bd96778c be847260 3ea1beb2 3f6031b7 3e1f0c21 3d66ef23 bef712e5 3eab626d bf21c3a7 3e747c9d 3f29218e bcee619e bf4f4bd9 bf4d71d3 3f3b1d84 be02dccf bf075961 beda2ac0 3f65e5d4 3e09bc6e 3eb3529c bf38e596 3f393f7b 3e9ad282 be20ac48 bf344b8d 3f448da1 bdd7093b 3f7cca13 bf4385a2 bd67b070 bf730df3 3e41c510 bf618dba 3f428bb7 bf48bfb9 3efe96de bef35704 3f5f35d3 bf5c7580 be0d44c4 bf2c07a6 3f430fbc bf29b197 3e836a18 bdc947e8 3f15e979 bf418bb7 bea4023c 3f4a23d5 bf07e775 bf707603 3f13b37c 3d3151ea 3e1db598 3e7f44e6 bf62cdc6 3ddeb88a beb01a7f bf2111af 3eae7abd 3f37919c be99da79 3f6637a8 bf2647b1 3f68cfa4 bf506bab beb5a24b bf13a5a1 3f3b33d1 bf18516e 3e943aa0 bf6d99ed 3f054b66 3f38db79 3f61bfb9 bf49e5dc 3f41bba8 bf452dcf 3e08fc75 bef846c6 3e981e7c befbaacf 3f26ab6d bf538bbd 3f148595 3f2b3bbf bc453399 be982e6b be1bac84 3f7d083a bf334bae beff2aca bf3839a2 bd9d877d bf00a9ac 3ed976d7 bf124f61 bf328f97 3deed80b bf1c9d8b 3f4615a4 bf0c1568 3df4b9e7 bf2c338c 3e707cbc 3d5213d0 bc0d4304 3f3531b2 bf7497e9 3ef2becc becb9e3b 3f5b23ef bf133581 3f253b81 bed3a268 bf4f67c9 3f12057d bdc0688f be3334bd bf693bb6 3f16a565 bf4e3bd3 3f73e5ff bf27ff7a 3f3d6792 bf1d1b73 3f4339a8 bd4bf1b3 bde967ef 3f6589c0 bf6d0fd3 3f4599d1 bc14bf07 be738c8b 3f0e8381 bb211b19 3e25ac46 beff1eb3 3f240573 3dfbf8c2 bf13977f 3d82b908 3d03516d bf3bf3b8 bf169d83 be8a062b bed70eba 3e7fbcb5 3f17c983 bea1baa5 3dd8195a bd7dd174 3ec7028c bf787421 3ed4ca9d 3ea66a85 3e174ce0 3f60f79e bf5161ce 3f6e4bce be566c58 bdae9870 be8e828e be29d45e 3f316f8a bed83b1a 3e9a466d 3e4b2c49 3db2696c 3f4589c5 beb1dec2 3d187226 be5b7536 becaa252 3e1dc484 3e7c0505 3f2a9d97 3e278c22 3f0e1183 3f45fba4 be26ecd2 be8d8e46 bf146795 3e17bb8a 3ea2fe4a 3df138a8 bd908a71 be69cd10 bd27f0de 3ed0e2e3 bf7d4c16 3f7087f1 bf01df8d bf101192 3f6341fe bed8df09 3f753e16 3f09bd79 
3f0ae577 bf1a6ba5 3f49e3d6 be980251 3ee7f302 3d98e8e7 3e2f14a5 3e190480 3ef59eb9 bf1e8975 3f71bbe1 bf2bbb84 bc29c14a 3ef6ff22 bf67dfdc 3f5d1fa6 bf6a39f2 be55bd58 3f0ded70 bf7965ec 3eacc690 3f04517d bf2d0192 3f7b1e1e be94e23b 3f66f7fe beaa4e5b be5d0c1f 3e63fd92 bf59e3b9 3f4f3b89 bf5359e7 3f5411e2 be87328d bf7693d4 3ee492f9 be9c5291 3ecefee3 bf67a9d3 3ef67e93 bf00b19e 3f3223a9 3d7971bd bf29afaf be883a79 3e472d07 be1b14a9 3ee48b40 3e70b49c be46bc54 bebfb6d1 bd4b5304 3ec176af 3ec3069f 3f3c19bb bf49d1b3 3e9bf287 3dfe8879 3f29598d beab5295 bee23af0 bf6539d1 3eb2ae48 3f2d5373 bf25dfac 3f793415 bed0a288 beb2c28c bde79939 3f577996 3f13a195 beaa16cb 3e0a543f 3f0c5181 be1a948f be2c1c90 bf1b8791 3d136d13 3ec552b9 be152c83 bf2be9b9 3f1df788 3e8f2649 be26b4ca bdd097b0 bf0e0159 3ef1f29f 3e3b7cc3 3e1b1cf5 3f3f25c2 be0d8c92 be713c8b 3db7985d 3d931a95 bcb0a05e bf006b54 3f3b95a5 3e27ec11 3f101398 bf12d781 3ef5069c 3d88987f bead4644 be89da53 3f5137dd beea4aa5 3e8d2e8b be41bc27 3f55e3d5 be00b3ea bf35cbb2 3e1f8cba beba2a4d 3f4fd3d6 bd8237bf 3ea3ee7b 3f5191b0 bf5555c4 bec2de90 bd776e98 be867a90 be78fd09 bef7aada 3f58bdaf 3aeda4d3 3f49d180 bf25c58a bd052d1f 3ea8b29b 3f09cb7f beb21687 bf701c14 beef62c6 3f2987ac bf7c5c0d 3f091b5b 3f30539d bf314d9f 3f5cdbd8 bf341988 3e1854a5 3eb2e6b8 bf76fbd8 3e5904df bf5c5fa6 3f786029 bdcb1869 be9aeaa4 bb888173 3f4521bd 3f25af80 bec906e0 3f6ce5ed bf78fa2a 3f23bb91 3f60b1ce bef316bb 3f05ff60 bf054981 3e0fa444 3e2e952f 3f074d7b bec3026a 3e224cec bea2fe8a bd56b2c6 3e0cac62 3f2a7f8c bf7ae201 3eeccebb beecb291 be67f486 3ea51ab6 3f311389 bce49f50 beac5ac5 3f456b8e bdf7c757 3ebe9e61 bce65f7e 3e7abc7e bf4bb7b1 bd63cef0 3e8f6272 beee032b 3eccee73 bf170b69 bc7abd43 3d553412 bf0f5b81 3f529fd4 bf25a35d 3eb66ae0 bf0ca766 3f042b92 bece2ead 3f0de55a bf5dbdad 3f1f3b9b bc85e128 be435506 3f3cbf84 3f19f582 3ebffec9 3ed95ad4 bf7e6272 3eeac694 bf26538c 3f5ff3dc bf2d9187 3ead8232 3f443b82 bf000f65 3d9187c6 bf4ca9a3 3f17277e bf639bc4 3e9ac64e bef5b2e6 3f1d3db8 3f02c15c becbea8f 3e293c88 be930660 3e90a697 bf141960 3e4764f7 bf7aec1a 3f04d173 be67bcde 3ed552c8 3f18c183 bf203567 3bde87c3 beb0023c bf31a17a bf5861ab bf12bf8f 3ec8be75 bbf88bcf 3f1bb5ab be853656 beead6cf bf01978f 3f432773 bf3bfda4 3f7abc14 bf2e7973 3f11957e be9442a9 bd57f2a8 3f392ba0 bf4d6dd7 3cdadf7f bf6291c2 bf099ba7 
bef06ab1 be1e2559 3e9ec6ab bf680be5 3f0ab587 bf50a3c5 3f424fcb bf7f326e 3f30517e bd81f75d bf32cdc9 3f736c14 bf27b78e 3e09f499 3f00cf69 bf35ab84 3f3e7b8e 3f0c2d58 beedaef8 3f39437a 3e19bc64 bf7d7443 3f6773e6 bf6c99d7 3f044979 bf7623dc 3e4bc4c3 3f0cdb88 be1554f5 3f061b56 bf25fd7e 3f73d025 bf7afc09 3ea00e38 3eb56e80 3f46558e bf5e3fac 3f3a6d7d be28a4d1 3f50efd6 bf4d91df 3ee016b1 be383cc0 3ce3a282 3f5e41a3 bf108368 3e3ee471 bf5897de be87fe6d 3f623bc2 bda2475d 3f24d388 bea612a3 bf15d5a8 bf5597a2 3f5247a1 bdd4a90c bf00f35d bee3829d bd134e90 3eacb660 3f7433fd be84aa85 bf1b8989 3e9cf2ef bf4e5d8a 3ee34ee0 3da09941 be21cc3e bd8429b9 bf656bdb 3d2bd23b bd172c65 bf19e38f 3f4a71d3 bf28f1a0 3f71d1fd be1a4ccb be285455 bdc8b856 3dee47a6 3df08912 bf363b9a be7c8566 3f1ce7a4 bf1feb9b 3f376192 bf5049ba 3ee44ebd bf1f4768 3b031265 3ec30ec3 3edb02b9 bf6a41fd 3f6b53cc be851263 be9632a4 be5f23f4 bedb12c5 3ec4dac8 bf042972 3dead7a2 3e291cea 3e5ea45d bee3becc 3e41446d bea2ba0e 3ee02eed bf50ddd5 3ecdef01 3e8dda45 3f145785 bf1a6574 3eb66eed bed3b684 bf3489a1 3d67d030 3eef5abb 3c443612 3f3045a7 bed9628f 3f67eba9 3e13040d bf33c594 3e47ac5f bf19c388 3ed602c7 3e423d16 bda1a84b bf3b89a5 3f310da7 3f6cb1ed bebe2278 3dc87844 3f5fbbde beee6eca bf408183 3f11076a bf07f954 3f7d402a bf5e41b6 3f4cf3b4 3de8b7bb 3ef7eaac bcda6261 bd293202 bf6657d3 3f5471ca beea0ace be787d69 bf06116a 3f19935b bf6d87bd 3f59cfc1 be1c949d bf5f4804 3ef06eca bef1fede 3f776e1a bf79da24 3f3bffab bf6a4e03 3eeb1ef4 3e2fb4ca bdea5933 3dd0f8e1 bc859f6b bf0bf389 3f25e797 bdfd5985 3e5ef439 3ed66658 bf1b3d7a be6314c9 bec89a7e 3e08450a bf15c18b 3f023177 bf312578 bdc5885c bc5fc713 3f34f98a 3e9ad667 be8ade88 3e8f02a7 bf24df89 3f75d603 beadc66b 3ebbf290 3e866638 bf504baa 3e481cf4 3eb80686 bf32f3a6 3ef56ecb be88a64d beed6ab5 3f6359d5 bf3149a8 3efc8eef be867e6d be828232 bf58e5a0 be9a42c8 be6a2555 3f79bc26 bef3df01 3f11f960 bf6e71e8 3f44bfc3 bf371da7 bf10e399 3ede76d6 be0e0cb4 3f2f1ba9 bf3d23a9 3f65afd0 3e64bc02 bf10ed70 3de95987 bf4e55b7 3cb060f6 3f0ecf73 bf504faa 3f56afc7 bf18ed83 3f21f593 3f04df6f be8e7e53 3e73dc7c bf0e0375 bf088393 3f76a9fa bf20d16f 3f254bb5 3f4ef796 3f645bc4 3f445bb1 bf727bfb 3f160d7c bf4f97bf 3eeceeaa 3f2a738b 3edbf2ee bf3c2bcb 3f565f95 bf4fa1d3 beb8d690 3f5f4fe1 bf56edb3 3f2ae392 bf5379e2 3f107964 3f5787ab bc839da6 3f6ae5e1 
beeb3a78 3f759bf6 bf1dbb96 3f5325cb b9c82de8 be19946f bcdadfca 3ef2f2a3 bf5b39d7 3e4f7cc8 3f111789 bf64d3db 3f1abb98 bdb4e752 beceae73 3ed87aac bebaa26c bf543be2 3ec9d6bd bf25598c 3cead8d3 3eadf670 3e108d4f bf2a5d79 3f5a9dce be5754cb 3ef892bf bf5701b2 be1e8452 3f0ed9a6 bf276f68 3da028c4 3dc35a34 3ee49ad4 bf3ccba4 be353475 be847a01 3e84fe31 beea56de bf00293c 3f4b99d0 bf50adcb 3c773ce1 3f013356 bf5077a8 3de9a8e3 3ebae2a7 3f6e9fd6 3c901cb9 bf6b53f2 bda4c942 bf673dc6 3f070fa2 3eac464f 3f5aa1ba bf123d69 bddb39b1 3f52019a bd1b9102 3f029762 bf23bda3 3cf1624c bf5439db 3f7ddc50 be51848f 3f694601 bf5f1fb2 3f1f476a bde7b9dc bdfa295e 3f2e258e 3ef872ae bdf8f87b 3ed5966e bf5f13e4 3f74d7c9 bf7e6c61 3e830251 bec4328c 3f4525b3 bd9d17de be7e45e5 3f02597d 3f7401e9 bf4fedec 3f5b37bb bf36879c 3e918a8c 3db9f9fc bf224f84 3f667df9 bf73c7e3 be87e9e7 3f46bbc2 bf11db5d be6de450 3f5041ae bec3825f 3e9e56af 3f02a988 bf1a2f70 3f4f57be bf1aa598 bac214bd bdca8790 3f15eb64 be8bbeac be64c49e 3f0c576c bf318792 3e289c8e bf6f15de 3f6c19da bf75c7fa 3f171353 3f65c3cc bf340973 bd723409 3e64fcd7 bf5731dc 3ee87ebb bf7e5456 3eaafe93 bed40682 3f460d7c bf2299c2 3e800e5e be1c2be7 bedf76e2 3f41fba5 bf7ef24b bf1af392 3f6131a7 bf395991 bf31fb89 3f085979 3e874638 3eb3b6d0 bf610bba 3dce693a 3cd51f94 bf0b5d6c bc0ec0ca bf75ee01 3f3fc3bf be549c3b 3f060b64 bd3a0ef9 bdd0d79e 3f174d87 bf3aa7a0 3e922a3d 3cd860b5 be31b4ae bdf3f92f be3ef41d 3f42f77d bf30df9f be87625c 3f40498f bf4975a8 3f3e39a2 beac5ede bf211b6a 3f763de9 bf7e9078 3f5c27b9 befa3b4f 3e811e5e be7074e5 beed267c 3f11837b bef52eeb 3f54f9bd bc6b3f00 3ef066ef 3e55ec59 bf280db7 3f61b1c0 3e354c18 bedcbaa4 bd1eb43b bf76ce33 3ecd4a8e 3d581126 3e3cb479 be9a8257 bee5c2c1 3e83aa50 beed7ebd 3f5099f5 bc3ac26e be589ccf 3f2aa7ab be9af651 3ef4a2e9 3df6a8a0 bef0eafd 3ee4e6ed bf132f82 3e3cf542 3ed56aba 3e73ccb2 3f7f025e bf4ac78c 3e3a955c bf3279b1 3f275969 be14f498 3d95b887 3f109368 3e067ce8 3ee036e1 bf4597d5 3ebc62a1 3de8c896 bf24b393 be9cde9a 3f6ff1f4 be8a8a80 3ee7aeb7 3efd7acd bf0dd99b 3e724c73 3e80ea0c bea02a52 3d8997b7 bf12d17e bef86f2c 3f4bb9c5 be816a7a 3f06b974 bf43eb99 3f4aa98d bf5cf5c4 bf5327bb bf4067a6 bf5481b7 3f6b3da4 bef07eb7 3f067f61 bf04fb59 bf255f9d bf025f77 3f46fb98 bf7e5867 3f64dbc8 3edd92b2 bee996f8 be90fac1 3f307378 bde109b4 bed1fa58 bf136968 befc06df 3d34933e 
3ee13299 bf09cf70 be0dfc50 be81c2ae bec3e6e0 3f2e117a bf15f592 3f10fb66 bc7f41c8 3f0a1f7c bf5d2dc4 3f45f3c0 bdb889f7 bf145d67 3f7f9879 bf1d0193 3e887e4d 3f46b38e bebe02c1 3f56e7c9 bf124d6a 3e8ace61 be3294d4 3ee9baa3 bdba183a bf5239a1 3f4f29ae be2d9cd7 3e9b2287 beaa0a77 3bc37045 3f4a17be bf25ab50 3c03b8c8 3e7d0c10 bc78c693 3f6bfbe7 bf09b97b 3ed8067c 3e04fcae be672cf9 3f308794 3e853a44 bf75b00b 3f36c1cb 3e1ce4b5 bf2edb9f bf61e5ca 3e15a499 3f50c3df 3f0d2374 3f14e354 bf08256e 3d9278e0 bf63c5d9 3effeaca befd6ab8 3e60c557 bf7a040d 3f6323fe bf419b8e 3ec50ed5 3f15d38b be88128c bf173b5f beca5e4e 3f01fd5d bebfd28c be42f4c1 3f067563 bf5ff5c7 bd012e6e bf43ed9f 3f45dfa0 be4f2c98 bea87286 3f2c358e bded3962 3ea13a68 bed42ea6 bf4ee9a3 3f7e2219 bf5f0fc6 bf4d239e bcb2210a 3e440ca2 becfd691 3f2d6d8e be8c5648 3f51b3ce bec492b1 3e7bc4c9 3f36dbbe bf772bef 3f2af9a8 3d8b58c2 bf29f98f 3f5671cd bf4345b3 bea95eb4 3f21a58c bf6721c6 3eb47a8b 3f1ed55d bebb32b1 befa9afe 3ef8328a bea2d287 3f3443b3 bec91e9c 3f6fa7d6 beae5a73 3ee1d68d 3dab98c7 bdd1b889 bee4d2d1 3d14d04d 3f2e5996 bf74b3f2 3f6193e0 3d43cf9e 3d1771bf 3f05a951 3c1d3e35 3df14945 bcc2e2a1 3f04ad71 befa26ca 3f2f8bac bda81802 3f765410 be47aca6 be8c728d 3ed0c6b5 3f2d3588 bea4764e beb5e2a2 bd3f0eac 3f4b09db be33648a 3f04f791 bdd3780a 3f2ac984 3e638c55 bd665132 bf3ccfaa 3f24dbaf bf17417e bead7271 3f5773a7 be2c746a 3f3a416b bed6ced9 3e13ccd4 3e885289 3ef6f724 bec9268c 3e81626f 3e1d9cbb bddd2954 3d2c31bb be39b4bc 3f13c572 3d584fae bf0b7b8a 3f6c45a7 bf628fcf 3f1bcba2 be6394f5 3d8ff849 3ec2be95 bf3763aa 3ef596f8 beb31ea7 bef2a6de be51f4d3 be3efc15 3ecfeac5 bf5087b2 3f06c991 bf1ff176 3f6a31e5 3e88629f 3ec08ad4 bf4e67db 3eb9429c 3e995663 bdd4189a 3f209b98 bf5e5fd3 3f14dd6d bf5ddfd9 3bad9ca6 bdee78fd be568cb6 bf5325cc 3f29d975 be7a2472 bde0b93d 3f08e135 be528ce5 be040cee be316cd5 bf675db4 3f405db9 be208cc9 3eadfe90 beb58b10 3eae0e57 bf66d5d0 3ec5c2bb bf3c3d9e be8c367a 3f285369 bf0c676d bd0bf05f 3f5e59c2 be9a9a47 bf2eafa7 3e5a2cc7 bda0a868 bf39e7a7 3e9db6e8 3eab2e9f bf6cddf9 3f15b78b be93ceaf 3ef78ade 3f5891d4 bf6af5ff bcc3e62a 3f3f4bb3 bf3d95bf 3e619c4d 3ea962e0 3f77f211 3f5673c5 bbc3880c 3eabdaa1 bf29f18a 3e804632 3f015183 3e850e27 3f6d07e3 bf75e623 3f6a17b5 bee9f2dc bf6655e1 3f1a3f55 3ea54282 bf3f85ad 3aa201ff 3f3b219a 3cd1de80 3f66fbd1 bf05215b 
3f6115d7 bf23af8f 3f6c41c2 3e83fe8d becb8aa3 3f0e7570 bf656dde 3ef48f19 bf62a5dd 3e8406ce 3e63a4b9 bf22fdac 3ecd229b 3dc96a41 bf68abe9 3f2323b9 beaaea5c bdf94949 be6304cf bef6b6ef 3f488f88 bf6755f1 3f068b7d bf6d3bfe 3f0a9168 3e72c5ca bedc0292 bdc348d6 3f1b2789 bf1fc37c 3f594bdf bf7fda74 be26dcbb 3f49ff8e befa5af4 3dfed778 bf04e379 bf1ed39c 3f6a6bdb bf0b0996 3d90296b bf6f93df 3e3e54be 3f131f5c be12f41a beb676bb 3f477d9e 3f28a56b bd52d0ee bf6c05bc bf5e29cb 3dd309c3 3e4f2c2f bed9cade 3f7e1629 bef762f7 3f61c3cf bf108f7d 3f390d89 bf67dbe4 3f561db6 be277c7a bee026bb bdfac99a 3f343789 3e942ab6 bc1aba15 bf03e78a 3f736e2c bf700fdd 3f515bbf 3c20c22e 3f20277a bf1acb91 3ea97a8e 3e6ea4d7 bf70abe8 3f114b79 bf2df785 3f209559 3efc7af1 bef8c2b4 3eede2b0 3f589dcb 3ef1f6bc bf2fefc5 3f4e07bb bf2a85c1 bf239968 3e5abd10 bf6575c0 3f180f96 bf3ba3a0 3f4b4da3 bf6eb7f0 3f4ddbb9 bf120779 be9416c4 3f62539e bec8b678 3e84f28f 3eb1869d bd996850 bf7b7049 3f6e99e3 bec81ecf 3f290195 bf6463e8 3e330caf bf65c9db 3ef84ac4 bf68e3e5 3e13e4ff bdc747e7 bea18e53 3e9f7695 3d5491ef bee61f0d 3f7bfa1c bf61e3d9 3eae6e98 bf02f353 3e596c70 bf7399e3 be0f4ca7 3e7cecad bf654be2 3f2f2bab bf2a059f bf11234e bf446f77 3f2f55af be90fe8f bdb068f4 bee39eac 3e10b46e 3e545469 bee85f28 bcc8df88 bf0a835b bc364521 bedcfb22 be6da526 bd70f0d4 be1cd42c 3f29ff8a bf1e997f 3f04b95b 3e6a8453 bf619dbd becd5267 be2cdd15 bf182368 3f543200 bf4c99a4 be9d4e6c bef25693 3f02bb60 bcb3a3ec bf3b47cd 3f792626 bf2aa58e beb06abb 3e2c7c8a 3dbe5820 bf2aef99 3f0ef95a bdf4c904 bef542b9 3f09278e be4b04df 3ee832f9 bd7a121c be976a24 3f77bbe7 be9ce680 3e3574b4 3f0fb16e beafb69d be9f72b2 3f496788 bf38a5a1 bf3fadbc 3e22cc42 3e93a68c 3b16f68f bf7cf830 3f7145fd bf7387fb 3f78642a bf30c38b 3f39bbb8 3f32f796 bf207b93 3f432d84 3f3ce1bb bf06fda1 be351cb3 3f13bfae bf2efdab 3eaebe94 bf0b2d79 3f1333b0 3ec59ab9 bee472d9 3e3a2bfb 3dd607ff bea5b2c9 3dde7935 3f5b81bc bf190d64 3f5cafb8 3e1dcd0b be5484e3 3ecf0ee7 be3df460 bf11374e 3ec5ceef 3f40758f bef20abc bcd71cc2 3f44efa2 beef66ec 3d5e11bb 3ecae241 3d4c70de 3e2afcf8 bf0cdb6e bf1e1375 3f15d190 be328c6b bedc5ea4 3e37fceb 3ee01e7e bf4b27c8 bf1b7d8f bf5b07c2 3ef0aa79 bf4d7fc2 3f528ba2 be77d4e1 bf1fe395 bdc9c8ed bf76441f 3f7993f5 bf67cfe5 3eb38a95 3f4af362 bf5691b3 3f4977a2 bf263faf 3f5c9fde befb8ed4 bf4ff3e3 3ed7eaac bf2225a6 
3f41e98a bf67ebac 3e64a41b bf2ba395 3d43af5a 3e32a4a3 3eba7ac0 bd73b342 3f6c2be8 bf4fdfcf 3ee816d1 3eea3703 bf6703d0 3f76ba0c 3d13cc2b 3eb4d251 bf71c9d9 3f371dad be459c62 3f032b7a bf399b89 3f668dbe be40d51b 3f26cb69 be842e8d beb8a253 3f5179a4 bf6137c8 3daa98ca 3d07701b bf1fa18b 3f453fad 3f3b2faa bf62e9da 3e012481 3e3223f3 3da57880 3f6275b6 bf5763cb be71ad47 3f4eddb5 3f30b379 bf058391 3b8a6fae befbae97 3eb3facb bf0b4177 bf2d8ba3 3ea22269 3f469394 3f6f71e7 bf237397 3e4c5d62 3f0225a0 bf7187e7 3ee32ab4 bf740a39 3e992694 3e93521f 3e258c6e be9a9e1e 3e352483 beb4eef9 3f32c1b9 bf0b11c4 bf24076b 3ea31e5f 3eb2662e beddea73 3e32341d 3e243471 bf3f9fb5 3ecd027f bed6eebd be89b698 3f310bb6 bead3677 3f4c53cb bf06d138 be11abf2 3e88925e bf3d05cb 3ead1259 bf6881db bf0f3f6a 3f2e7fb4 bf62a3f3 3f4cbdc8 3f36e9a8 bdccd919 3f085550 3e923689 bf4bf7c8 3f58d5af becad698 3d251308 3f062d91 bd520e6e be99d67f 3d9967cb be0a3c8c bf23ab5d 3f39417e 3e80060c bec6beb2 3e48c4a6 bf15e763 3f27df89 3efceaad 3edcdeb1 be1fecb3 3f7fc29b beb17e3d 3ebf26b5 bda438dc 3f35ad92 bf50b5db 3ec972d7 bf019b8d be23d506 3f2acd8f bf2631a4 3f3cd392 3ed1beb3 3f6167cd bee40ae3 3f397b81 bec5469b 3f35b37a 3f3129b8 3e994aba bd2d1235 be805641 3ef6434f be257c0a be4cac60 3f313382 bd0212db 3edb8aab be58d496 3f4aa39e bd253024 3efb968b bf30297c 3ef6c6c2 3e696c90 bf5319c3 3f578194 bf070960 3f607fd8 3f0c8b6a 3e811a9b 3f41bda2 bf6df3f7 3ef6b2c4 3f486dbb 3eafaea7 beae029e be759d37 3f2cabad bf231578 3ee63a74 3e195c31 3e7054fb be7ce587 3f78400d bf7123f6 3f273b7d be15d3d9 3c63c1fa bf1c4d8d be34c477 3e196492 bc4b3b39 bf10f17a 3f2bd3ad bf5385b2 bed0cea4 3eebb2d0 3f19a1a1 bf5781cd 3ebfd6ad 3f7d4e20 be2eec90 bec5f680 3ef94aeb 3f154b7c bf02a392 be31f447 3ed1d2fc be86fa5b be8242d7 bf6e5ff0 3f2b6bba bf4821a3 bed2e281 be838659 3f7af216 bf364d99 be5504a0 3f428580 3de078c8 be190424 bedbe6fe 3f08316c bf52b5b8 3e920e72 3e45c43c beaa06aa bde94827 bebc9ada 3e0b7468 bf2c2167 be092450 3cad5fd1 bb8b7f25 3f2bada9 bf6143ac be813a78 3e7e9cce 3ea30a6f bf4dffbc 3f6da808 bf6855e0 3ef7e32d bf49dfd2 3dfbe899 3e216bf3 3f68e3df bf47ffad 3f6c47c1 bef94282 3f1d0b8b bf407d6a 3f1f8989 3f49499f 3ea0b648 be871a0e 3e8d0e95 bd1070ca be92d67e 3ed71eb6 3f63c796 bea5b67d 3e6f3448 3d0caf76 bd4fb194 3d3db224 bd9b78dd bf204fa3 3f402597 bf366796 be21bbf6 3f699fe9 3b00f76f bf5329b0 
bf029981 3f096f8f 3cf862be 3e3f64e7 3f39c3b2 bf75c1f2 3c75bdb0 bda8e76f bf72f9e1 3f7c5a45 bf26e388 be5fa528 3f14f1b4 bf4c2fbb bf0b798e 3e86863c 3ef51b32 3f07b56c bf7fe668 3f26c16b be2903e1 beed0afc 3d34b285 bf7ba830 3f5c8fd6 bf2aed8a 3e9b4e8f 3eadead2 3ea08657 bd432d3e 3f2509a4 bf5f4fc7 bf0625ac 3e522c71 3f06cf79 bf1fdba2 3f01dfb0 bf75ddfc 3f330da1 3ee202c8 bf72d005 bed2de8c 3dd6a9b4 3eed56ca bce3e345 3f110f89 be6b4caf 3f7edc76 bf7193c8 bea13a24 bf3f03bc 3f5cdde8 bf7157e5 3f365bc3 bf14c57a 3f18379b 3ef70ae5 be35fcd1 bf0c7b77 3d2d1097 beca4ac5 3e2bb4a3 3f2dafc5 bf78e62b 3f5c51ae be4e2c9b 3efac654 bf7b782d 3f2cbb8e bf3a7d89 3f44e189 bf343b87 3f0a9f87 3ee926ee be3d9cd8 bea39291 3da1ca72 bf5089c5 3f6a41d1 be965a77 be946215 3f012f5f 3ed1ea63 be48e4b1 3f7733f5 befadb1f 3f03336d bf092154 bf53e5cf 3e3efc3b bf1e6578 3e8a367b be86ce22 3ee0d2be bf1a3594 3eac5ec7 bf56cfb2 3f2d89aa bf47af94 3f5dfbc5 befeced3 3f6103ef bf50739b be5ad4b6 3ecf02f0 beae2295 3f28a370 bf09ab6b bf69d5b8 3cb45a56 bf26076a be5bad2b bf19fb68 3f246d5b bf4a59aa be5f7d6c 3e89462c 3ec1e6c4 be491c2c 3f6655d7 bf7b9c11 3f59a3b8 bf4cedb9 beec6b28 bf3595c7 bef2ea85 3f023762 bf1f9b7e bf0a896d bee8fea6 3d9ee8bc bf44af8f 3f52c194 bf5fdbf3 3f7d5620 bea622b2 bf0aff61 bf3bc984 3f1a0b83 bf06fbb2 bc4ab8b7 bf5ddbb4 3f03bb5e 3eecfece bf09af7b befe26d9 3f761e31 bf2ba982 bf2775a4 3e7e84f1 bf78ea1a beeed682 bef7a2be 3f6c840a bf36b398 be86e234 bf24859d 3eaacecc bd404faa 3ebf9aeb bf456386 3f2f038e be921262 bf30638e 3ec26295 bf75d618 3f5229bb bf40bf96 3f16cf48 beaa2aa0 3f70d5d6 3ea0c28d bef826cf 3f578ba8 bf57a7ef 3ebec29a 3e1794dd 3f754c2e bf795a46 be4b6d16 3d564fc7 3e83be20 bf69cbcb be38fcc8 3ee8f2fb bf3da792 bea3c65a 3ec9e688 3f00e35e bf4db5b7 3e886a40 3f387dba 3e089c8c 3e5fc47b be37c568 3f711c18 3c47c7c1 bf3af1aa 3ec3fe53 3f29d1a7 bf590fd6 bf2e1392 3f3b3b66 bf216d95 3f572bbd bc213da2 3e003cbf 3dfe988c be65bc93 3ea38260 3e8e9210 be390ce1 3f2e81ad 3e32d4ae 3ed82ad6 bf5b43cf 3eacaa34 3e0cec8e 3f55ebc3 bf79a9f2 3edac288 be4e9c6c bf140574 3f79ce0c bee13f13 3ee55652 3f202d6a bf55179e 3dee287a bf0c978e 3e297c86 befe82d2 3f097780 bf025d58 3ebfb641 bf7d6c33 be8fcea7 3f4d8db2 bed6eab7 be6cacfd 3f5b91b0 bf7e0a1e be4b4542 be4b5cc5 3eae629d bef3eaef 3e8f5a22 bf3357a7 3ee396cd 3f3e3fcb bf5191a4 3f26b179 3ee32294 bf40b76e 3b9b78b2 3f7b41fd 
bf611fbc 3f0f5985 be608d75 bf29377e 3e8576a1 be0a94ea 3f69f5e7 bebbbb02 3f3c1d93 be8cbe9f be844a49 3f3ff97b befd7a7f 3f3031c9 3f3fffa4 bf090344 beda8687 bf75a5f7 3f4f13d2 3da5d93e bf2c3fc3 3f6e91f5 3d11d03b 3ed862c3 3e618474 bede229d 3eddb2d3 bf63b5ca be509488 bdfa77e6 be8df672 3ed1b305 3f401d92 be855e8d 3d7defca bda36961 beacc26a 3f1587b0 bf147d6a bd93b855 3f06037b 3e24d46f 3efe36bf bf701e28 3ec5e2bb bf78d021 3e5bb4be bedd1701 3f289d95 3f350fa3 bf464dac 3f58e7bd bea8d2ea beef6ae5 3f7dca51 bf2ed790 bf2c3199 3f5b4dc5 becbaabb 3f3fcfa7 3f3ea18b bf47bddf bd5a106c 3df58852 bebfc2c8 3ed3fe57 beb396d1 3e221c45 3f6c33d9 bf20f773 3e88823c 3ef4f2a2 bf2a0b8b bf296ba4 3f6001ee bec8f2d0 3eeb56c2 3ed2027e bf496ba1 3f0fd18b bd576fb9 3e07b420 bf5bbdd8 3ec8c6b0 beb3f66d be9c2e64 3e3e3497 3e7074dd 3ed5eaee 3f13e97b bf33f79d 3f4379a2 be2954b3 be7e354b 3e3494ab 3f201567 be7774a8 3db0584f 3eef46ac bf28c58e 3ecb667c beed2aab 3de1c7e4 3f779617 bf776dfe 3f32bd9f bf3f83ad 3eee66d2 3f7f905b 3d967a1e 3f3eb9af 3e36e46c 3f4123b5 bf40efb5 3f173b83 3f159781 bf4b07b5 3ec29704 bf283d88 be262438 3d1ab183 3e0cdc86 3cf6e0a7 3f187d9f 3f434b7c 3f2ef19f bf27e183 3f2e69c0 3f44f9ca be2964ce 3e05452a 3f0d1589 be31c42d 3e347d17 bf6a5fff 3e6f9d40 3f56b5b9 3f0ffd79 bed69706 bd1011f2 3f45e396 be220432 3e0bbcd6 bf783020 3f48f7a8 3f011372 bf6fb80a 3f6d3fdc 3f2fb9b5 be6cd489 3f208d89 3f691bd0 be701d3f bea3f68e 3f054767 bc774b12 3eaba66e 3ef08aab bf21bd7c bdc0c946 3f385568 bf7bc01c 3ee2f2ad 3ef25326 3ec9f2b6 be2c7c36 3f2e65b1 bf3b539f 3efa26f9 bf15698d bf14b3a1 3caae213 bf6091d5 3f121966 3e1d14ac be3154b5 bce42352 bf6b7804 3f6831ce 3c55444e 3f1babb3 befb6aeb 3f24fba3 3d65513d 3f16bda8 be6ed594 3f4a4dbb bf394d98 be8ca292 3f6c3fcc bf1561a1 becc9e64 bedb22ae 3ea0ca9e be59bc82 beef8e9d bcd9e0ca 3ed5066c bef2d2d7 be04743e 3e902270 3f38e7a6 3e186c4e bec166b8 bec012c5 be98b68d 3e78acd6 bf7e6e4c 3f728ffa bec9eeb8 beb29268 3e9df654 bf3c8ba5 bd701124 bf35f98d 3f72e401 be431cbc befde6df be82f6de 3ef012ff be51b520 3f20ed68 3ec1b2cf bf777a15 3f11bd83 bf4bf3bb be819ac1 3ec76af4 bd0e328d 3eb056c0 3f320fbb bf7f806b 3f6a49f5 bf4ce198 3f3c838b 3d08cfe3 3eedfeb8 bf79dc12 3e9135fb 3e0ba454 bf0dbd5b 3ee18ae9 3f50bfe7 bf4873c4 3f215f71 bf00f773 3f6003de bd7db31b 3df37916 bf53a3b2 3e989e89 bd97b93b bf6345f4 3f54ddcb bf2d6382 bc36c08f 
3ebbd267 be40cd67 bddc47ba 3f3e0583 bec4fe5d bdf1a9a0 bccf6017 bf706607 3f32c997 bf4c59d8 3f5143aa bf357daa bd87f746 beb41661 bf2d7373 3ebb8e8b 3f534dad 3f3dff9e be740538 bf39759a 3f5a83be bed36661 bf41d9a0 3e7e6d18 bf5f0da3 3f77580a bf267197 3f5917b1 3f14ed99 be3bbc4f 3d4feeaf 3e50053b bf77c418 3e6b64ad beeea317 3ec8c294 3f20e395 bf3e4bc5 3f7fbe98 bf304d84 3cd99e04 bdd35890 be91ae58 bca66104 3f58bbaa be3e0d1d 3f6939db bf0e3d77 bf0caf76 3e52ccf2 3dd1d9b3 bf0df38b 3f0f3f8e 3e940ecc bf627db0 3ee176fc 3ea836d4 bec2f28d 3e83165c bf626db9 bf735616 3f41d39b bd068f18 3e93424d 3e392462 bf626fba 3f782e2d bf6175c6 beb186b2 be1524c0 bd873903 bf042553 3f644faf 3eb46ec1 bf4e899f 3e418c8c bd2af035 bef21f2f 3ee2e311 beaea9fd 3cfce254 bebe8eb6 3f3e71a3 be5e7d1f bd727291 3efadee5 bf17fb6c 3ed88710 bf6915c4 3d9fa75a 3f2df19d bf759005 3eb9a674 3d8c4840 be67c474 be90aee2 beb1fa87 3f124f69 bf5a51d8 3f26c77f bf04435b 3f08cb86 be1a0cd0 bf5349a7 3f236d8c be94a23e 3ebc2255 be95866d bf53e7b5 bf256f83 be0e4c13 bf4f9bb9 bea3326e 3ed4729b bdfe47fd bf3adf95 3f7cea2d bf60a7af 3f732e1a 3e58f490 bdc7d7da bed23ea0 3f078784 bf5783eb bebfceab bf6f85f8 3ea56669 be7f1c65 bf7413fd 3f26bf7a bf001f69 3dfb7953 bf3fd39a 3f17a183 3f4627bb becd22a6 befa5ebb bf3e519b 3f1d4dbc bdebc7eb bf4829a2 3f4835b8 bf0ab168 3f6719cf bf06e366 bed9d6f0 3ee782d3 bf50dbba bf00ef7d 3a341f3a bef0a6d5 bf4573ea 3f655de2 bf777c03 3f34bf8b bf19a59b 3ebcb6cd bf7893f3 3f6645a1 be9d525f 3bf28377 3f2127b0 bea22261 bf11d368 3c3dbe29 bf5e55a9 3f22978d bf0941a8 3f00d365 3ed62efd 3d9e1975 3f32a9ae 3f260975 bec2228d bee9e6e8 3ef4669d bdb738fb 3e5b440b 3e1d448d bf48b1d4 bde6580d bf2e11a1 3f5021b9 bf68b01d bf2e7199 3ed006e3 bf0b97a6 3f116987 3dbc4999 bf7f7c85 3f61e5ed 3e7784b1 3ee886b8 bf5253b0 3f67c1fb beea6ed4 3ea34275 bea3a6b7 3f759e12 bf6f7de8 3f210da1 bf6699f9 bf0a3579 3f495188 3f28f980 beee3b13 3ee712a5 3f5185c7 bf3111ae be4b5520 3f3e579e befce6d2 3f27b5b4 3cc862f4 3f5fddd3 bf77580b 3e6444ff 3edff6b5 be540516 3f0b037a bf64e3d1 be1f4ca6 bee93ea5 3f1efd7b be8d8a7c 3f6f93ca bd5eb20d be6d5482 3ed8aef3 bf390f8f bee9eeb4 3f7649f8 beccca95 3e2bac62 bda4d8a8 bf2ac587 3f0f5f5d 3e7c44a8 3eb2ba92 be53e54c 3ed07afc bedcdab9 bedf06b9 3eeaee66 be6b7d05 3dd6c9ab bf5963a1 3e7184e8 bed352bd 3f5b55d3 be83ea79 3ed6b2b0 3d8a99f2 3ed702c1 be6fd4fd 3f4feb86 
bf5a4dd1 3f411194 bf4555c8 3ec50aff bdf67949 3e96e697 bde70880 3f4f0fc5 be418cb3 bec8be83 3f3863b5 bf0eb575 3f7a1a0f bd5cf0f2 3f0d2d92 be9e7a76 bf6093db bf3ce584 3eacf2ab 3e66c50a 3ce21cc8 bed58a78 3f2cdb91 3f233d91 bf07bf7d 3ee562ac bed63a45 be8bf645 bf3cffb0 3e611430 3e6cf529 bf2f1f94 3f50cf94 3e99e6bc 3e428cb1 be88fe5a bf2bb3a1 3eb866b4 bf3243ba 3ef332ef 3f0d7983 bf593dc8 3f3c0bb3 3de378e3 bf513db0 3da9b7db bf57e3be 3f399f74 3e9caa71 bf5af5ba 3f77aa18 bec80260 bf1deb88 3f0cad6a bea73a8e 3f2e8f8e be9c926c be83de5b 3e6f54bf 3f5da7d9 3f11a162 3da92896 bee08a9f beb696a5 3e9096a1 3ed6f6c7 bf1aff48 3f6f57fd bd8527d2 3f7a2a1c bbef7b9a 3cab5d78 bef11a79 be7d6556 3efcfa5b 3ede3af3 bf5c6bbc 3f718201 be92e28e bceaa039 3efdcaae be72d49f 3e49dc9a bed4ba81 3ec872ac be9a3297 3f09db88 bf04377b 3f67cfe7 bf31cfc9 bdaa67aa 3eb6d68e 3d1fd37b be95ea69 3f01a368 be137cd7 3f2d9584 bf199792 3e6d9d2f 3f0ba555 beef3b42 bca123a3 3e9f7e5e 3d980981 3eb51a6c bf378d9e 3ef6bb03 be31ec0a 3f5e87e2 3f5ce1de bd749048 3f5bf1a1 3ee2af06 bf13276e 3dfd49ae 3e8c2ea3 bf1a5574 3f69a9ff bf4bd9a6 bf14df9c 3f4e41ea bec48a80 3e6634a3 be439d21 3f6c49c0 3ea842b0 3f24298a bee6b6a7 3f766e0b bf2e415f 3e358568 3e9ac249 3e7d64c4 becf76b1 bf16e77d bcfe9b54 3f75b9f2 bef32b44 3f38978f bf461db3 3f7fe6e3 bf4305c2 be2de4a3 3f09354b bf56d9b1 3f6d6a26 bdcb8948 3ec782a6 3efe3ee0 3db9c95b 3f2bb397 bec02a8a bd10b0c9 3f11577f bedf46e8 3db3a793 3dc668ac 3d2c50b3 3e6164a9 beeec2b1 3de7e865 bf4f8be3 3f562dcb be96b275 3f20538d 3f4c37c8 bf7adc21 3f71a1f9 bf57f1b6 be969e23 bd14d2cc bf36ffc2 bf7b4831 3f4a09a2 be84fa6d 3ea32682 bf241fa7 3f5da1d3 bf76b3eb 3f3907a4 3f319fa9 3f0cc579 bf4d45d8 3f4d25a1 3f737de1 bf372bc0 3f36e594 bf6007e2 3f061970 3f45bdc4 bf6435cb bf1cd780 3ef4fa81 bd763157 bce32065 be3794ef 3f31d7a9 bf49b176 bed73ec4 3f5ea5cf bf09d37f 3f0dfd89 3f2edd7f bf74f1ea bf37c5a7 3f4f1d8e bf3fa5d3 bf3105bb 3effdea9 3e813251 be899651 be8416a3 3eaeee90 bf3e1774 bee61ae1 3f639211 bf5b4bf1 3f52bbaf bf5c8bd6 3d6d3109 3f0f1b72 3f08cd81 bdf397b2 3e939681 bed08a69 bf4f83d1 3ec592cf bedeb71f 3ec5fabf be949281 3f6a4bfd bf643ddd bf200da4 3f5df1ac bf1cd173 3f4e83e1 bec6e657 bf6853da 3ea58230 bf15a37f 3e1164f7 3f0e5d90 bf185d62 3f5725c0 bf7055f9 3f45dba3 3edfcabe be74b486 3f00e748 bf4ca188 3ea93abb bedb7af8 be9f665b 3d7bb192 befb92a9 be5f5599 
be52154c 3e9a8670 3df0e9cc be1bf4d2 beecd2df 3e6304d5 bdfbc89e bf1eeb6f 3e0d8458 3f23ed9a bf7bb84d 3e8bf2b0 bef8ee76 be311463 bee08e91 3f34bba9 3e63c4ed 3f7e0a32 bf0eab9b 3e8ecaed bf16196d 3f3009a3 beb9d688 bf58a5c5 3f5255c3 bf68efd7 3f75601f be7004d0 3f7bb616 bf3d1d86 3eb98a93 3ec44e76 bf02e34c bea2aa75 beff6ad4 3f575bcc be84a679 3f1d8b7e 3e900aac bf1b917a be71d567 3eb4628c 3d839876 bf00ada7 3e5eebc3 3f5645bc be363cb3 be5facb7 3f0b9d63 be391cb3 be967e66 3e48ec6d 3f6b25e4 bf777630 3f1ddf68 bf46b7b4 be242c96 3f39919a bef96ecf bf444d96 bebc2aea be85d249 3d8c77f2 3f40bbbc bf3e43c7 3de06943 bd96f862 be114407 bf203d89 bf37c9a9 bf11d18e 3f5475a1 bec49ede 3eeaf242 bed4429f bed3e6fe 3f4173ad bf35f390 3e1d84e4 bdbb3966 bec9368a 3e2734e0 be6294ba 3d9167a0 3dd92813 be945a3f be6925e3 3e2a64e3 bea36ecd 3f379380 becaae8a 3efd3b09 bf42dde6 3f5387ac bf298976 bd85186b be3b7c79 3e9fa6d1 be465d27 bf0a517b 3ed92ad9 3dcda9da bf27d7a1 3eca42b0 bef8e6b0 3f3bdba9 bf22f1be 3e8d66a1 bf584fd9 bf3ed5a6 be4aa46f bebebeb7 bf6bfbd9 3f7591f8 beb55297 3f10fd6d bf0b6766 3e235cc9 be9a1edb 3f7f2447 bf6637f5 3eddd2db bed66ed8 3f4377b1 bf7183f3 bed44a9f bebd3a73 be5c1ce9 bdee6946 3ed80eb6 3e176d17 bf7cd034 3f5e39cc bed046a7 3f792209 bed3ca7c be00c406 3eb30ec0 bf6d45fb 3f7383f1 bf5ad7c5 3f162f7c 3ecc228c bf5c01ad 3f50dbc3 beff82cf bee6ea7f 3c8d20dc be3f7d20 bf46abd2 3d460d43 3f4721b7 bf457beb 3e52dd08 3cf3a3af be4a1496 3ed11e90 be252451 beddbe97 3f6dd9e2 beb7da9a 3f4acdc1 bf3507a1 3ec5aac2 bf47dbb1 bf0489a8 3f1c4398 be832693 bc86dfb3 3f66f1da be8ed2c5 3f7c8416 3ee0970c 3e60050a bf3293a8 3f41c3b4 beeaaaac beccda77 3f6edbff bf2e0ba9 bf3b37be bf3325b0 3f35fb9b bf74f5f9 be919e85 3ddcd837 be82b67f 3f037f50 bf1d0f78 bf1d85a0 3f37c5ad 3f690df9 bf79742f 3eee7aec be9dfa46 3e34fd2c bf38d39b 3f733416 3d944826 beb6aa77 3e087c95 beeb9aed bc203ecc 3ef262e9 3f4419a8 bf4465b1 3f541bb8 3db0b70f 3ee612ff bf7af60f 3f252780 be88da8e 3e85fe7a bd4b71b1 3f64d3c6 bf76f027 3f69e3e7 bf6389cd 3f296faf 3e6ac4bd bf69b1af 3e9662a5 bf55e5b7 3eb3f699 bba27d25 3f451bbb 3d9b2870 bd05d0bc be9e024c 3f14c172 bf3f13d1 3f4ab3c2 3f502ba6 bf11e372 3e8b1663 bf1acf87 3edb5295 3f34a99f 3dc828e3 3e8c9eb9 be5dd526 be55fd55 3ebbb296 bf19a192 3ef60ecc bedb76e2 be45a46f bf0af947 3f6b35d1 bf3e2fa9 3f0f5d6e be01645e 3f2a7b84 be681539 3e23dc5e 3f76f9bb 
be981abd 3e291473 bf19f760 3f3059a8 3e980678 3dbac882 beb41e50 3f7c0e3e bf347583 bdc31831 3eeeaab8 3f0ff762 be877677 3edca28f 3db3581e beecd6b8 be99ae73 be0b6c63 bf0b238a 3f4985ac bf277da7 3f35e996 bf682bd5 3f7c6c2a beed06c8 3f0c9d86 bf2eedb4 bd2ef0a1 be6e9435 3e21b49b bd91674a bf34bda7 3f6b2bca bedbbb0e 3f7b0a0e bf7ec454 3f0a8979 bf2afd87 bf049548 3f716bee bdf458a6 3eadc667 bf75ea16 3f63140a 3d6e9051 bf6e11cc 3f14d992 befbc716 bf33dd8e 3f16f57b 3dc1b884 bf194f83 be2fbced 3e89f6a8 be0bfc37 3f58c1ba bef4b292 3eda66ba beb80659 3f4873b5 3f11e769 beab8f09 3f4169d7 bf4095be 3e2d7d91 3f2cb78c bef8fae1 3dbfd8fa 3f6b7bd5 3f1adf5f 3f136b7f bf368fa1 3ece9eb6 3e3f0413 bf2ef1aa 3f7c022d befc62d7 3d3c8faf 3eaf9ec7 be8faa7f 3f731a0b bf36cb9e 3f32e3ae be5ee512 bd1a726d bbc4830b 3f6a8de2 bf4d5fbd 3f140787 bf577991 3f08839f bf3d13b6 3f53a9c9 bf7f2840 3f0bd98d 3f0b6f84 bf130b78 3b91745a 3f175172 be212c25 be32acf1 3e969e81 3caf2597 3eba8e4c bf6013f5 3f32c3b1 bead8e84 3ef186db 3e41f5a4 3f78580b 3cc8e591 3f051358 3ee98ae9 be49a50a bf467fb1 3ebbcea7 bd323016 bc62376b 3f16df64 bf07c75e bcdce533 3eec1ad9 bd9938d7 bf66ddc7 3f78382c 3e322bc7 3e2753f8 3f6a45d0 beebbeae bf2295a6 3ea8eea9 3f1ef385 bf367d94 bc3dbb4e bece269e 3e066538 be577c76 be631cb3 3f27e382 bf11a583 3e87e675 bdff6857 beb3fe92 3ecc76c8 3ddec7d5 beb63eb9 3f6db3d3 bf03715b 3eabfe95 3f5b11e2 bf2de9b2 bf1ba376 3f7f2a42 bf2ac99d 3ecac667 3db289b0 beca7249 3c8221cc 3eab1270 bf5cb5b7 3d8c87fd 3e02ed26 bf378f98 3f74dfe7 be66b503 3f61dfc6 bf3705a5 3d593018 3ea75ade bf4efbc5 be1e9439 bf141f5f beadeb0b bf21cb80 3f51a592 bf6a95fd 3f4a2bb9 3e5764a6 bf706fe3 3f353d80 3f67bbe0 bd3710b7 3f3dcb74 bd1bcf18 3dbca8bc 3f09175e bf32ef98 3f73d9fe bedcca59 3f6febc9 bf24c98a bf44dbd7 3f13d189 bd69ef78 bcc123cf 3eb90ea3 3c53bb3c bf17377f 3f09ad68 bf6a0401 3f4777b8 3e80fa88 bf5297c3 3e9fba2c bf6b7c0d 3ed8e2c5 be771ced bea0c225 bde12a3e bc6f3ea8 3f549bd9 bf743a07 3f14599a beb8f2cf be814282 3e69e513 bee086cd 3f25b388 bf2b47b1 3eb28ec9 3cea9d6d bde76abd 3f7e3636 bf05d762 3e8cea5d bf2dfb79 bee86311 3eba225e 3e9da29d bf1e018d 3e963ab2 bf6b6de1 bceea0a1 bf55e7bb 3f31357a 3e98ba81 bf14ad7f bdfc388c bf6857dd 3f356b96 beeb5675 3e9fea27 bd25b334 bd7b3393 3f2d2b99 bf5393b8 3f6b55d9 3d3530fb bf5af7cf 3f41cfa0 be75c54b bdec389b bf02a780 3ebe86be be647c62 bf14b196 
3f26fbb3 bf011d6e 3f63c99d bf7f444d be779409 be80d692 3f07ff52 bf7f7e6c 3f77fff7 bea08ac9 bdca6877 bf6391c4 3e931a6b bd8a97e3 bc05bcfd 3e17047e 3dbb4950 3e55dcf4 bd62f109 3eb3a6bf bf0c8f7d 3e8d26d4 3eaad648 be9d62e9 3e86ce77 bf387f78 3f7a4a23 beb6a298 3e88c231 be8d2a6f 3f0dd979 be2dfbf9 3dab77d4 be3f1d02 bde848a2 bcea635e bcf25f91 3e2523a9 3f41bfb3 bf3f0da8 bed1c2b5 3d778f7a 3f04cf8f be0774d2 bf41bf8b 3f31f5a5 bea2dac3 3f58d197 3f01016d bf082366 3de34833 3f1cf99a beaaaaa3 3ebd026f beee36c7 bf0cb772 3f2e0bb8 bf703016 3ece3698 be143ce2 bf426bcd 3ebea28c bf274196 3df3888f 3eae52c8 bf791215 3f243150 3ba67ae3 bf5dd9da bf31598b be83bed1 3e9cb299 bf425599 3dec2886 3f4001b0 bf28ff97 bef996dd 3f62fc02 bf24b982 3e6c346d bf52b1b6 3e8b1290 be08f531 bf048b93 3f7c0426 bf4c71b0 bea8aa97 3e65851a 3e639cd7 bf0f7b82 3f79e228 bf07afa2 3eb046d3 3ec6223d bdd249f8 bf569dc4 3f7a7432 be8dea46 bf36ab98 3f17cb8e 3d8e58f4 bf087371 3cc2611f 3e1f34ed 3efae312 be87b675 bebfee74 3e6b1514 bf6127e4 3e5164bb bf7a3222 3e47bc75 bf68d5de 3f4e33eb 3df9c802 3d9a37af bdc999da 3decb880 bf6203d1 3e3d6c3e 3f189560 bf6b2bce 3eb0aa9d 3f5f31dc bf6411b3 3eafa2dc bef236a4 bf7fa46e 3f30c790 3ee59e73 be41d552 bf28cda9 3f2de98c 3d7aaf3d 3f0e5f74 beabf299 3edb3a8f 3edcca5f bf6309cd 3f7b1c15 bf2e6376 3f16958b be9fcea3 3de8f7f5 bf1d2b78 3f1dbda2 bf7b1822 3f7bb430 bf798ffc bd7e3132 3f2e197f 3e8a1e50 bf189f82 3ec9eea4 bec67ea5 bccd64be 3dfc57ed 3d028fc2 3ed23aa3 3d9638fd 3e8f968a be4a7c02 3f049158 bea88e7e bf49fbc8 3f0b196b bebaae57 3f2f47bd bf4ad78a 3f79e403 3d98b83b 3f26378a bca1a392 3f3029b7 be1264c7 3e064493 bee7ea89 3d897848 3f036964 bf3529ab bedf42be be7c5cab bf63c9df 3d95f81c 3e997a5a bf0b3373 3ea99695 bf6185d5 bc404242 3db729dd be8b764a 3f4195ab 3e05b46b befcfad1 3e90468e bf33e397 3f70bfe5 bf00735a bd91a838 3f759010 bf3edf9e 3d74ef70 3eaaf277 3efeeedb be1b5c40 3f2e4f97 bf2a8b97 3ecd5aa0 3eadfa4a be2ee45d bf3ef9a6 3f4823b5 bebfa6ad 3e0e5c74 bc989a8e 3e03b449 3ed0129c bf4b81c5 3f7155f0 bf6799c8 3f1fa394 3dbea8f5 bf66700f 3e867a6e be88626f 3f30f97f 3e127c16 3e3b5c83 bf637bbf 3f233391 3f0bd56b 3e2cd52d 3f171954 3ea5da57 3e6174bc bf76020d 3ed892ef 3f597fc3 beeb5e9a 3f11f164 bf275da6 3f3e1174 bf7bee2f 3f3bb9b1 bf785a03 3f23a588 be4e0c71 be868e2a 3f2f21a5 be80fe30 bee422cc 3f5049b7 bed68692 3e6f2c5a be9e8a6b 3ef336cc 
bd8547d4 be8c3e8b be58247b 3f1f5d7f 3f2be39b beb522a8 3ecd3e8d be9f8e52 3ea22699 bf4771e2 3f7ab3f4 3e2f5c3d 3e7c9c16 be880651 bedd1acc 3f738a18 bf664dea 3f475b93 bee6cf2e be92de80 3f4a15b7 bf5df9e4 3e92ceae bedd9f08 3e912e39 be76acba 3ebed289 bf3c9ba5 3f2eafac bf18c787 3e75c5ae bde6c90e be632c5c 3e44d48b be0ea450 3e373468 3f475591 bf79161e 3e13140d bcbedfd7 3f6d89cc bde517cd bf081d5e 3ddab973 3f1815a1 3e1e3bfa bf11737f bef1d659 bf0db588 3f208f76 bf6f7802 3f045d99 becf6ee1 bd059051 3f2f0955 be7ebcbc 3e946ea2 3d7932d8 3ebe46a6 bedd3286 3e5294a7 3f0e0156 be9f2279 3f200585 be9fa29f 3f273182 bf11bb90 3e60ec6e 3e7fac43 3f5b65aa bd359028 3e91ae7d 3f6855bf bf0b4f5c bf0e9597 3ef99ed2 3f40c3a4 bf2aa19d be970e67 3f65bfd7 be802662 3f65b1c3 bf0fe154 3f263ba8 bf7c903e 3eee02d0 3f584be2 bf61d5ed 3f027756 3f064173 bf7475dd 3e99bea9 beccd270 be89cac4 be2c2cf8 3f2ec1c7 bf1fd393 3c12c867 3f5d83d6 bf48c3d0 be32cd2d 3f70ddfa bf021f6f be5bf4ef bedf7ab7 3e7a1487 3ea3fa3b 3d68b287 3f148972 bed3766d 3f1b9572 3f6acfcf bf39277d 3f05295f bf43a99e 3ec96ea2 bed6a6c7 3e8cde6c 3f7411d0 bedeb323 3e532d18 be4a0515 3ee41a85 bf6ea1ef 3e6dddbc be2ccc9a 3f23f78f 3ee93b03 bd0a4e0e bf5a0dc9 3f43b5cd beb38ef0 3f18a180 bf7bd23a bea0928d 3ed08af0 bf3077ac be4ddc70 3f1bdf7c bf7a081c 3f46f99a bf331598 3e479cee 3f4fc3b8 bf366f9a 3f3d618e bdc4b7bb befcdab2 3f68ea05 bf18bd49 be2d540d bf180b67 3f5b3b9d bf36ed8c 3f76983d bf113d75 3f25d97a bf0c5d7d bee21f00 be47f4f3 3ef1da82 bf5483c7 3eaf9ae5 bdab199e 3f38b191 be9acec2 bec18a85 3e527480 3d5defff bf431fb7 3e69cca4 bf658fb5 3ea73ec0 bed0bec3 bf5afdab 3f797613 be201c6c bebf0a8f 3e026417 3f1f1bab be5674fc 3f772bdb 3e994e93 3e58ec55 bec8229c 3dff6847 3ee896da 3eeb4695 3eee3aab bf4aa9b0 3f628dc7 bf7ffa93 3c074832 be2e0c74 3f41e197 bed28e4f bf083394 3f2fb79e bf0d0174 3e395c32 bf4f0bbf 3f2fe398 be60e479 bf4ed5cf 3e844646 bf2c6997 3f56dbb2 bf13ed81 3e0cf438 be7d6d5c 3f72c3d9 bf512bb0 3e71052f 3e7ccc53 be5a84d3 3de827ee bf360bb8 3f6b9fd0 bf5a7bed 3f39c1d5 bf104b69 bdf6f96f 3e1194b2 3f73f605 bf57d9d3 3ecb9281 bf2525b1 bbf16f40 3f4fe1c9 bee0f6ac bf322d7e beda727a be1bdcd6 bef1caa0 bee13323 3f5165db 3d7f6f01 bf697ffe 3f06d387 be61ac41 bb8388dd bd4db296 3f43bf92 bf346fa3 3f3e53b3 bd8b3885 bf36a571 3f01e384 bf00b597 bd62b03f 3ee446d1 bf582dbd 3f7ad012 bf291d97 3f5fa5be bf5059ae 
3eee5ea9 3ed8aaef be3f5bea bec1bae7 bf40df98 3ef206f5 bf0dfd68 3efddeaf bed2a6c8 3f162d94 bee4869d bf505f95 3efe7abb bdf077f3 3e725c33 be9002e5 bf13519c 3f1ab180 bf54bbb6 3f6da5f2 bf4559aa 3f28bb95 3de7b79f be3d8c77 3f154f80 bdbe18b7 be6a5471 3c9b1f9d 3ecee723 be10e446 be90f696 3e91be33 3e200495 be02fc2d 3f123969 bf721db2 bf031172 3f025b7e 3eb52e94 bf30018a be79b417 bee10a96 3f1f3982 bcd1e1ad bf45f3af 3d1e9047 3ea90a3e 3f40677c be6b3535 3ea05a6a 3f28b976 bf4f77b7 3f6fe5ce bf5f15f3 3ee85aa6 bf44aba2 3f2b819b bf7321d8 3f0e5b79 be6bbd41 3ee6fead bee6b2a4 be9012a7 3ea15adb bf4b739e 3c59bb5e 3f02b36f bf0ba38e 3e9f0676 bf097977 be0afc99 bf469b88 bf0a8f64 3ed08ef4 3f1d8175 bf088b73 bf757fe8 3f75aa02 bd91e7d2 be11c481 bf4f2fbe 3d686fa2 bf1d1777 3f249f94 3e675440 bd0e7026 bf5a5be1 3f5dda2c bf6307b9 bed5e731 3ec97eb5 3f374baa bed59eb1 3f59ede5 be61c51e 3e7ba4a3 bf0c1b81 3f48fdbf bf7fce80 3f1e559f 3eae5a79 bf6531d3 3f01498b 3f5331cb bee59edf 3f349fae bf5bf7d2 be0adc5e be4c24e8 3f11ad5e bf328190 bf54d9af 3f346fa1 bed31266 3e5bbccd 3d96c967 3e2dc491 be534485 bf79d409 3f00b96b bf35818a 3f61c5e0 bf490fbf 3f254182 3f1fdf64 be6a64b5 bf5493da 3ecaf6fd bf46477c 3f762c07 bf479fd3 3edfc2d5 bf2e6967 3f4763d0 3f17334c befd2af5 3f619de1 be710510 bd04329e 3f040d77 befb42d8 3f702dde bf3eef88 bf15775b 3f45cbc0 bf7ed44e 3f19319b bf018d69 3f08bb83 bed0bad4 3f6da9f9 be070cec bd36cf57 be0604a2 be781ced be908a4c 3d4cf191 bcb0232b 3f5931d9 bc8c6538 beddaa7b 3f1e4b8b 3e3114fc bf175b94 be5f5dbb 3eb58ecd 3e19c4ea 3d6fed63 bc87dd2e 3f530d94 bed9aaf9 3f31c3b5 beb7e68a 3ef876c1 3f4535d9 bf67b1b9 3da9d803 3f4babcb bf454d99 be00bbb3 be1da449 bedcdeb1 bf1fa777 3ec6e6c4 bea31abe 3ec9ea75 bf3fc98c bf3be1ad 3e5ac4d7 bdd599d7 bcefdde4 3f14d779 3e193c08 3dadb938 bedcfee4 3e97763b 3ebe1ecb 3e000c92 bed3de9c 3ef85a93 3f090b7b bd6132f8 bf0fc38c 3f519fb4 3f35b792 bf6f6bf9 3f469da6 bf145774 3e324cee 3de597b1 bf48839e 3f77ca01 bf3d93b5 3ec0c6da bf17858d 3f6647aa bf2dc5bb 3f46a9a6 bf5aa3b7 3f50ffc7 bf068b82 3f35b9a9 be149cc5 bf3271b1 3e4084bd 3e251c08 be8a7e60 3f2223a0 bf58b1e1 3d85c8bb 3f5f77c7 3ec25e75 3e179cab 3d91d8ba 3f73e3eb bf4e87a1 be22d467 3ec17eb5 bea3ca80 3e8a861c be0c4ca8 bdf9f96c bf31ab87 3f42a18a bf46ff91 3eb65eb7 3e7efbf2 3f013b71 bf111376 3f78a5e5 bf1a9176 3f210ba6 bf4be591 bceda39d bd2490b0 be19349c 
bf021195 bf35a79f 3f5c4ba4 be939ed5 3f40d5a4 3e0cc3ff bf178f89 3f51cfe5 bf12a96a bd87c810 3f062755 3d5670b4 3e935e52 bf33a9ab 3f4815a1 bec7de9f 3f68cbc4 be911265 3eb39e82 be62e532 3de78924 bf060379 3e958e88 beb57f11 be21042f bf2a976b 3f4d65a8 bd45eebd bf363f82 3ee00a8d 3e2f252a 3dcd1841 bf048d78 3e11f46a beec7ea7 3f70cbed 3f7661f7 bf6f67de 3ea36a75 3da3085c 3f77a7fe bec952b6 3ea9ae6b bee68ef3 3f5347d3 bcf15ddf bf2a4977 3ea1f29b bf11ad88 3e214d26 bf5093ae 3e9762a5 3e827e71 bf08f35e 3f4141a8 be9d868e 3e6f1427 3d3cae83 bbed7473 be5e64d1 bdfba852 bea7cea4 3f7c760e bf5a59e7 3f59b1c0 3ebac642 bf4c21bb 3f0ddf74 beb086ac be47bc3a 3f502fa7 3ec052c8 3f74b613 bf73dde9 bd390fc0 3f015b9c 3f265184 bed5df10 bf325394 3f7a141c 3ddc3963 3f0a1b67 3ec18a86 bf3fd594 be929668 3e6cdd56 3ea1fec0 bedf7edf 3f7519dc 3f22a193 bf3147ae bdf1b91b bf07d364 3dc558a9 bf067951 bd95396f 3f15278b bf21c96a 3ed87ed1 3e2b3d11 bf509bba 3f5825e7 bf51d1c2 bf171f9a 3eadda92 bf60adbc 3f6495b6 3f01375e bf247d8a bd0af1ce 3f02f960 3e9a6a45 bc08c53b 3ec016c1 bf059b56 3f22419c bf62adf8 3f3d317e 3ef592c3 be0fcbf8 3f204974 bf7581d0 3f672fd3 bf4ce394 bf415dd9 3f266d94 bd607023 3f350d88 bf4a89af 3f7aa807 bf231983 3f24dda2 be828e92 bd90179d bea9a671 bf2edf84 3efd16e1 bf5b9db7 3f334b88 beee96a5 be334ca7 bef496f8 3f4009be 3daca7a6 3da1f963 bb2effe4 3ece4240 bdf2594f be4474a0 beb70ae9 3e813a74 bf7afe1d 3f3a1d9f be931a9f 3f0e096e 3e7d2cbc 3c881f98 bebef64b 3d426f67 bf38579e 3f393578 bec9faf6 bf23bfa3 3f676db8 3e7064bb bf46b9bf 3ea31234 be9d926a bf101d70 3d1bd051 bed9965c 3ee082be bdc17776 bf48a7bf 3d864735 3e2ffce1 3db368ca bf1c05a5 3f24a9af 3db0a812 3e99e2b8 3ef8f2a6 bf0cd788 3f6aa60e bf306176 3ef36680 3eaf823b 3f3adbad be70cd07 3f112bb2 bf205391 bf085968 3d713233 3db4d81e befa2ae6 3f35b176 bf78bbe6 bef0b6ef 3f7899ff bf7223dd be87526f be7daca1 3f5ff5ba bf7cc434 bebbeebd 3f1b0b9e bf1d5b86 3e8bce9d 3f078f5a beffe704 3f17e99a bf43f597 3f50bdce bf0623a8 3f086576 bf389593 3f3c63a5 bf567dac 3f28f791 bee2baf4 bc9f229f 3e0b9caa bf456fc7 3f77b603 bedf96b0 3f4b43ac bf20bba4 3f0dff6e bf05a188 3f6a1daf bf4f69b4 bf68fdca 3f6195f5 bf55e1b2 bed75b17 3e8396fd 3e9162d4 3e004cc4 3ea2168a bf3d77a2 3f342f68 3ee792ce becdcad9 3f4a63c5 bf7a0613 3f4733bd bf71cfe8 3dbfe973 bebeda91 bdc9b9bd bf1e8d4f 3f2ec788 be8b426e 3f63e5c0 bed90e80 3f03af4c 
3f3759c3 be0c3452 be143474 3d5311f1 be936abd bf206b86 3f759405 bf6cbfd4 3eb8d6b5 3ea7aa97 bf7ef43d 3f3c91c3 bf2a81a4 3f43d184 bf6a91df 3e391c1c beceb67d beaede70 be3cecd5 3edbfed3 bf04cb69 3f5511e0 bee1e6ac 3d5a8e68 3f6223c3 3d3e309d be1df3c7 be45c4c3 3e8a0295 3e430c70 bef0df10 bee91ecb 3f5ae1c2 be074c97 3dc568bf bf70e9d9 bf303184 3e986a30 3e3f74b1 bf5995b4 3cde65b0 bf43e177 3f2d4b75 bee7cebf bed762c3 3f4667b9 bf5f93ee 3f78fe37 bf2fd95b 3e990e6e 3f7d763d bf2bb19d 3e839ea2 be14fc3a 3e965a64 bf54afcb 3f49b1a7 befcb2f5 3ea5c266 bd032f6c 3eeb96c3 3e9bceb1 bf762dfa 3f760e08 bf10178b bf5801de 3f78f424 bf0cf57d 3f68bdcc befc9aa3 3ce29a08 bf515dbb bf3551b4 3f6b67c8 be99eacb bee5ae8f bf2ec98d 3f308db5 3ebebede bf6b15db bd712dbf bf25e58f bcfc5c19 3eb0ced1 3f4d3dac bf77c835 3f45f5ac beefa2d9 bf2e3d82 bf3291a9 3f327d97 be943669 3f740fca be3c452c 3eecbae0 be4c3515 3eb41a66 bf074373 3f11218d bf6465e7 3f5fc398 bd91289f 3ef566cf 3f1123a5 bc8e5fe1 3f3ff58c bf70d3ef bea4264e 3f58d39b be8f0a64 be9bd6c2 3d957828 bee0e2c2 bf3a279d 3f7ae41a bf6dbfd7 3f407dbf bebbd2b3 bec73aa0 bee6a2a1 3ee5eac0 be91e277 bcacdf33 3f6e31f0 be5845be 3ef0ceca bf3115a7 be11041d 3ee90ac6 bf02d777 bee162b8 3e852a6f bd324ffb be1c242a 3e877a23 3f64fdf1 bf1dbd8d 3f7b8038 bf7201e3 3ed176aa 3f044b82 3e8c6ad3 bf26377d 3e92f6ae befc230d 3d81f7e9 be5e2ce9 bea90e9e 3f6457e3 bf046f96 3f2b1fa7 be498548 3f386990 bf5e43cb 3e89beb1 bf768fe7 3f12e548 3e30f4ac bed62ac4 3f66b9b0 bf533fba 3f28f5a5 3dd388fe be2a0d10 bf3b17c5 3f7489cb bee6c733 3f57dfdd bd59105b 3f6825c2 bf2a2586 bb6af8ab be1cf484 3f7cc025 be611d78 bedd6eea 3f475783 bf1e336b 3e37ec43 be3d64ef bf69b5af 3ee17afa 3ee32ed9 bf480b9d 3e4564e0 bc6c361d bf77d3fe 3e988e7f bf54dba3 3cfaa43e 3f05256e 3f7c8009 bf5041ae 3f23d3c6 bd2b7181 be717cbe 3f1a736b 3f5fa7d9 bf438793 3eedce9a 3f48a5ac bf0ad99b 3e01bbdc 3eb92e82 bda8f860 3ddde821 3f056984 bf168d87 be6bc501 3d504fa3 3e48ccbc 3e10448f bf3de1b8 3f602fd3 bf44a9a8 3f3831ad bf4265d5 3f009d85 3df6b80f bf0835a8 3f493bb7 bf502dc1 3f7a200d bdade9aa bf327ba3 bd11919c bede06ce 3e899687 bc43420f bee22b0e 3e85d69b 3f4165b1 bf4c1d96 3f01c773 3f4a45cd bf0aa771 3e44e497 bf47058f 3d1712dd 3ef52eee bf53fbc9 bea7a655 3dd849c3 be645bbe 3e9fda66 3f178552 bf28a3a9 3f762601 3dc717a0 3eea4ae8 3ef3cecc bf54b1cb 3f07bf6f bf321999 be772ca0 bd7e1090 
bf2953b9 3f1f219f be3e44c4 bf05e766 3f4f0199 be9aee83 3f04c788 bf44b59b 3f662dd6 bf0f3979 3f1c95c5 be14cc91 bea5c2bf 3dcdc85b 3f219b6f be0e149a 3ee292c6 3e586c9c 3eff1681 bf57bba4 3f69c9ee bf5549ca 3f03e77b beb77a8c bea4a691 bf4f91cc 3f03017c bd51eea2 3e559d03 bedbded7 3e94de97 3f5469af bf48c9a0 be634467 3f3593a7 3f0ee586 3f05bf64 bd2130f8 3e5cbd7b 3e6c647b 3f08b590 3f07438c bf435fc0 3f742006 bf133d90 3e83569b 3e42cc29 befc6b02 3f6b6dce beeb7285 bf00514f be269c19 3f28fda6 bf6ea7df 3f4641db bec15ec5 3ea80e8c bf31e17a 3f038d63 be96526b bf5007ce 3e8f76a8 3eab869d bf5cdbbe 3f10776b 3f17d177 bebb8a3c beb452a1 bea692aa 3e893e7d 3c394019 3ec85e0a 3f3685d1 bf24219b 3ee756b8 3ef4d2b6 3f015f9b bf324d9a be043c4a 3f520fc9 3def3963 3f19e784 bf0d0570 3e8e1283 bf6ffdf9 3f7b3220 bf7d4e1a 3f5631dd 3e826aa6 3f6053ef bf1e177c 3ee0c6da bf45b3c0 bf184194 3f34dd9c bf131f70 be24b44f 3e3d8ce2 3eb96e9e bdb5598c bd505054 bf59a5ad be699d0b beaed287 bf444989 3e2bd46c 3e466457 3ec6bef1 bf325197 3c50b8bb 3f1a0990 bf065d8b 3f462398 3f63d5c4 bf4391b1 3e3ecc80 3eb5066f bf448bb1 3f6a7604 3e9da6bc bf5229f2 3f7a89f5 bf49c9d5 bf18177c 3eebbef0 bf34dda9 3f1b5d3f 3e4e5c7d bf172d6c 3f255993 3e47dcb5 3f0c3f5b bf6fe9ff 3f6bd7e4 becb8677 bf4ba5bd 3edc226e bf598bad 3f6d77ea bea12a63 befddb1b be8c3248 3e4a048a bdc5ba19 3e436c88 3f0ab98f be4bbca0 3d8b97b3 be003c26 bdbf6a62 be515cb9 37732265 bf391bca 3f131183 3c3f3990 3f48efcc bf1951a2 be09fcb7 3ed66a83 beb08e69 3eaa228d bf16837a 3db4c84a bc37ca06 3e934a52 3e00645e bf4fadd1 bdaac71c be916254 bf5f73d9 3f1d0787 3f403d83 bf7d9a40 3c986021 be5994ad 3ead5e8e bee14707 3ef81aaa bddb6a7b 3e9dcea5 3f4d27b8 bf3bdba4 beadfa86 3ece2ab0 3eb63ea1 be0af478 3f2841aa bdaeb860 3f76e003 be98e2e4 bf4707a6 bebdde8a bd460d54 3e7ac448 beee3ed3 3ed13adc bf5225c6 becbfabd be95ee5b 3e8ad685 bf49dbc8 3f208391 bf3365c7 3db898b7 3f1a3d58 bf5767d3 beb102a4 3f5821e7 be6fe470 3ed72eeb bf789fe6 3f664fce bec7fe53 3e3fe3e8 bea95acc 3e80aa57 3eed0af9 bf34c19d 3f26e5b5 bf0a7579 3f18877d be467564 bee34ae0 bec8f6d1 3f43d59e 3ebdb664 3e91f25d 3e41fd06 bf12db90 3f72f1d2 bf6b9815 3f5785b5 bedde2da 3e854646 bf4c3bbd bda8d806 3f36f1b5 be9b0e7c 3f3c47a2 bea7968f 3f292f8c 3e0d2cb9 3f11356e bf21519c 3d3130a1 bf66b7f9 3f4cbfc1 bf21c599 bf3b559a beb3060c beae42a4 3f4ffddd bf5c47a4 3f35dd9c 3f113381 beb96e99 
3f7cb61a bf4e51bb 3e6a350b 3f768c16 bf4c13bb 3e8fdab4 bf371587 3f6259d7 bef59aa4 bf058f6f 3ec90eb7 bf07f575 3f66359f beb56ec3 bf0fe961 bda388c8 bd532e3f bf1af973 3d374f0f 3e38f4ef be4ba47e beb386d0 3f07b98b bebc7edc 3f4a13be 3ef0de6d 3e4d2c84 bf706be5 3f1bdb8c beb58704 3e9c964f bf7d683a 3ef822d1 3e4934c4 bf5333b2 bf5df404 3edd1ec9 bf73da09 3e4adc20 bea60e8b bf57e9e1 3e806aa9 bec99285 3ed68a96 be324cf0 bf136390 3f410bbb bf251372 bec07e5b 3e0ee4fb bbc776d4 3f57dbc9 bf6c3412 3f62b3de bf080971 3ec636f4 be5cbd3b 3f150d66 bf022fb3 3ef6deab 3f31e392 be9986d7 3c3fb7f3 3f13319f be50ece0 bf6441c4 3f7aa40d be6f449a 3f4eb7b2 bf6ef3e5 3f3a7fae bf758c1c 3f24f792 bf6c9fc9 3e22dbf9 bf5af9c2 3e798d27 be170cc9 3ee5faf1 bf4211c3 beffead4 bcdd24cb 3f6ad3d3 bf66760b 3f797be7 bf5423e7 3f4f89b4 bf60f3db 3e5dac28 bf5513ae bd6ad1e7 3d1cb26f 3ed27e6b 3f4c93c6 bf72e5e1 3f0a3db3 3ec42e7a bdf4a859 bf721412 3ed8eb1f 3ef562ae 3e660496 3f6383bb 3e483c36 3f4677b3 bea736c1 3e889e82 bf1957b5 3f684be1 be85bec1 be8ccec5 3e922635 bf6bde15 be9f0291 becb72c4 3f75d416 bf782a0f 3f6505d3 bf238b40 be0f54cc 3eb21267 be8dda6a 3eabdebe 3f62b5cb bf5709ad 3f643b92 bf2da79c 3edbdeef bf08ef82 3f268799 bf627fa6 bf1fef72 3f6829a1 bf0b2996 be0ad408 3f34b598 3e29bc6c be08940b 3eb05a89 bf4d578d 3f54cd9c 3e8c7661 3dae1969 3ea526c0 bf02658a becc0307 3d510f2b 3f217f90 bf713a07 3f716fe9 bf36bb7e 3f75c610 be598491 3ed27ab2 beea16c0 bf0a0b5c 3f1a698f bc643ca1 3d772f70 bf6de7ea 3f77e20f bf0629ae 3f7bf01f bf52cfae 3ebf8ea0 beeb12c8 3f798614 3dbdea61 3e00dc77 3f7001c7 bf37f99e bf298b8e 3f73bbd4 3e8b92c8 bf118974 3f566bb8 bf6579c8 3ef846b0 bef2c6ac bf068f8a bda25767 3ed69a3f 3ee09f0b bebe32a2 be49b506 beafc704 3e9f4e50 bf64ddd9 beea7b1e 3ee1cee9 3f447190 3de2a98e 3ea4ae99 beb2329a 3cade38e 3ead7a1a 3e5f74aa 3ed796a8 3f5d0b94 bec38a84 bd449027 3e86da2e 3ee6c2c8 be8f3244 bf24e399 3f5ddff3 3ea35689 bf3bf7a2 3e795505 bc56c82c 3e530486 bce9a1ed beb826de 3f0bb36e beabf6c4 3dc2c7e9 bf30f390 3f297b9d bf472f9f 3f07af8c bf438fab 3e690cff 3f38c987 3ca35e69 becb42d5 bedb46a8 bf1f9592 3da3a834 bde80854 3f046f6b bf6067c9 3e998287 bf60b1c5 3f73ce28 bead2ea8 3f52d1c9 bf7df839 3f145d67 bf2f4fc2 bf31a54a 3ee9cee3 bf6879f8 bdbc38b3 3e4fe4ae 3f642198 bdaaa867 3bba758a 3df7d7d3 3f690bf8 3f19f37c be44dc45 bdcf08f5 3f1d2378 bf6867a9 3e697cf1 beaab6bc 
beeeaedd 3e29b434 bcf51ce2 bf7a77e7 3c8c632f 3f0c097f 3e42e4f9 bf11838e 3eb42b00 3e88965c 3f2d1d7d bf72b223 3efea691 bf4fe1c5 3f7a21fe 3ee03ad7 bf188d87 3f6f33e8 bea31693 3e0ca43a bd8978a9 3f6c43cd bf5b2dc5 3ee996ec bf38f587 bf757bef 3f4acfb0 be87ca41 3f50edbe bf6cfbed 3f328b81 3e9e325f be5b54b9 3ed9e6ab 3ee68ec2 3f6fe9d1 bef292dc 3f5503d8 be53ecc7 3f72e5fd bd937918 3ee66a98 bcbc20f8 bf38ad9f 3f4d77c3 3e667cd5 bf27139d 3f6cc203 be3ccc73 3f5b93a6 bf084b68 bdc5c9f9 be01ec66 3e433ca0 bead6a65 be687cac 3d8917f2 be847631 3eb89a96 bf427b8a bd054e4b bf18e37e 3f1a2178 bf7ba61e 3f526fec be2d1ca9 bec64682 bec016cf 3eca22d8 bef8f6b1 3f78cc11 bf47fdac 3dc8685e 3f25f19d 3f256786 3e23f43b bee3a2c6 3f5c67c2 bf3bcd9a 3f3ed190 3f1edf7b bef286d1 bf7a0ff8 3f5df9ad be512ca7 be2814ab 3ebd1294 bd797093 bcb59f89 3eb28ab8 3f5969b8 be8d8653 bf46499a 3e4db492 bd8de843 3ea91263 bf77f3dc 3f096da9 3f5cfdc7 becb1ed1 bf65a7f1 3e155c38 bf6933bf bf7a4609 3ef8e6ba bf7039c7 3f1badad be8a021d bea31eda 3e07bbc2 be85c29a 3f381391 3e7a2c05 3e545c98 3f3735d4 bf39ff9e b9312d8b 3ec1c2ff bf2d9b7a 3f4279ab bf35df90 3f01418a bf7fc478 3e6b841b beabeebf 3eea9661 bf4b4b91 3f05c155 3e344c53 bf464371 3f4717c3 3f6e63d4 bf5fb3be 3eeffaf1 be250cf8 3e12f400 bf70f9ce 3f47499f bf793c26 3f70f5fb be2f2506 bf5583b0 be825a94 be41dd0d 3e9d6e38 3f39e76d bf54f3ae 3eb3c69a bee84ecf 3f6953e8 bf6efde1 3ed32a8d bf612fd7 3eef9eaf bf11b38d 3f4cc3b5 be8b3ac7 bf489f9e 3f5689ad 3e7e2d16 bd6c908b be855274 bf3e1d8d 3f479f9c be72f4f0 be2f652a bec5daa0 be3d6c90 be7015b0 bee5d2b9 3eea669f 3e3dc3d9 be7694f4 bf6781cc 3f6241f9 bf22eda2 3eac9abb 3e7f1c93 3d4e10ee 3f6aebcc be5cf42d bf5ae7b1 3f0c6164 bf22b98c 3f627fe3 bf01312b 3ecfdad4 3ecefb28 3f2bff96 bf2b978c bf5135b4 3db8d809 be70dd10 3e5513e8 3e8152ad bf266374 3e3564b1 bf106b73 bf6a61df 3e5f44fb 3f1b3787 bf4901b7 be553c55 3ed2f6cc 3e803247 be1be53f bf301d9f 3f4e75cf bf497f9e 3f170f66 bf402bad 3f5fd7df bf7e743a 3f5157b7 bf22a179 3f6ab1ca bee276ed 3f59dc04 befd22f2 3f5925cd be506cb7 3e1f4441 bf574fcf 3e56bc60 3dc28837 3f14f7ad 3e84a64e 3f46efa9 bf39ab9a be08dcea 3f42ad8d 3ddea8d1 3f2a258d bf0d6f5d be433543 3dba28ef be2184ee bc6bbc00 3f4fc19e 3f104799 be07cccf 3eb3eaa5 3f2cd1b1 bf5c13be bf015354 bd9f98f6 bcb0e2e5 be25ad0a bf6823d5 be158cae be59d456 bee872ce 3ee0f69b 3ca6e241 be354cb0 3e976a68 
3f489db5 bf12bb67 3f79a7d1 3d59f148 3f77d5f2 bf60d1e4 bec21699 3f548fb0 bf16df68 bd63f06e bf5485ce 3f30e1b9 ba33fa73 3eca86d3 bed672d3 bf72c7da 3f2eabb4 be163496 bf31afa1 3f20177d bf085591 bf07a162 3e27bc73 3e2f1c90 3f2adda2 3f0a5b5c be8576b5 bf4919af 3f01d369 beb71afc 3e924a72 bf76e81f 3f045f9e bf5055a7 bf18a55f beb902a8 be7fb50f 3da9f77d beb9ce87 bf7a900b 3eb4530a bf284b96 3f1ef76d 3e5d7cf7 bf4e83b4 3edc4292 bf419991 3f2ac373 bf72d80d bec1fa90 bd6c5275 3e390c17 3d7090e6 bd18cf78 3dff079a 3f5be9a6 bebe0e96 bd79d2c8 3eb02a59 be8d7695 3f7fa456 3e1014fe bea0528d 3f089373 bf4393d5 3f0fd779 3f659fde bf385996 3f1aaf8f bf0ded74 befe9744 3f40fd78 3e126c44 bf6701b9 bf4ee1a7 3e7b2d1d 3e29f4f6 be9e92a3 bef45ae1 3e91ce28 bf7063f9 3f6e27e1 3f35cbad beb26688 bf32d1b3 3f61ab99 bf7c4811 3ebcaae5 3ecd3ab1 bf11c17b bf453bb5 3a7c7bde 3f7b0620 beecbec4 3e132c76 be8402af 3f4bc1bf bf542da7 beccae82 3e968e2d 3f4cf7c1 3df7b78e 3f59e7e0 3f1d5faf 3e7ea4d8 bda9585f 3f18fb78 bed4c6df 3ed2928a 3e42a4db 3da8a8d0 bf6b43db be06a4ba 3e8bc270 bf621fb9 3ea822b2 3f09b95b bf35bdad 3f7f6477 bf427768 3f54a5e5 beb886d4 3f31ab80 3e74e4bf bf020960 3f0ee75e bc59c40c 3c603ddd be2d04c4 3f06358b bec61656 bf7a0e14 3ef5aad4 be467cfa 3e7d5d0b be963a65 3f2faf80 befb62ea 3f7f8a8c bf5745d7 be550c64 3f6961d9 3f036f4a 3e75342c bf6517e0 3f1977a5 beff0ab2 3f5edfcc be533cc7 bf15f980 3ef05b1c bd69b185 3f1d9b52 befdaad7 3f7d8c0f bf07db4c bdc32874 3f77f824 bf47a9b1 be6c1449 bed2c6ab 3f3353c3 3f3485c5 bf6fe204 3ede12da 3edd827e 3dc04997 bd5fed61 3f1bbb91 bf20e195 3f6575e4 bf7f0052 3f5bae0a 3eade6a1 bebeba93 3d9349ed 3dd9a6ec bec04e54 bef7cec7 beb692b2 bd1ed2f7 3f5f97ce bed9b70d 3d971922 3e98fea7 beb65691 3e0ad4b9 bf24b199 bec95aa7 3f248377 3ef812ce 3f181b82 bf6e21dd 3f386b7d bf4f27b5 3f6ca7eb bf162d60 3f5c1bd4 3f375fa6 bf0aa19b 3ec65678 bf00675e 3f7633f2 bf13e19f be6b8c89 bcf9e079 3e08b499 3f05054f bef876ee 3f5cb1a8 bf6073cd 3ef14ae8 3e1d5426 3d9729eb bf46f396 3f024383 bf6de9f3 3dc5f82b beed1ac2 befafa6d 3e834e73 be167c33 3f5c0dc5 bf2fe385 3f10459e bf744c0d 3cf461ce bf6bafef 3f5cf7d3 be1b9cb1 be94223d bf3393c9 be65c4c3 bd08d077 3f3251ce bf34c792 3f5df5d8 bec2be93 bf6dcfe3 bf09ef64 3ebec696 bf3be581 be2e54bf 3f28cd86 3ef21ec7 3da619a2 3d7fcec2 3ef2fe6e 3e979659 3d555349 3f2df795 3f1d55a4 bf774fe7 3e929a96 3f151366 bf5119b0 
3ecad68c bed37299 bf15a75a be84da6d bf5fa1c2 3efb42a1 3f20cb8d bf2d3795 3eb4e683 3e783521 3eedb293 bd8db961 bed922b4 beb646d6 3f093d84 3f4463c9 bf189b5c be3a4c61 3f575fc9 beaa5a72 3dc88837 3f4dd1b7 3e5d1c7d bf6a45e5 bcb55f06 bf792c1e 3f4d11a1 3f3f8fc2 bf4d03ac 3ee60b45 3d337046 3efb0ef7 3d32aefc 3f1a7f8b 3ed0169c 3f7ba03b bf0d7176 3ee3fa80 bb8a75b7 3f682fc6 3e95464c bf04076a 3d62ce84 be5ca44f 3ef57a84 be82a647 3f76cdeb bf7167d2 3f4e7baf 3f5a5bab be84f266 3f155fbd bee7cab0 3e972e82 bed1de70 bf7dc237 3f4673bb bf4431d5 3f633206 bf1e238c bed476b4 bf52ddb4 3f644bca bede3249 3f2f77b1 bf5e99cd bf793a1d 3f5955a9 bf1a857e 3f5ff1c0 3efa52b5 bf6d29bd bba388ac 3f7631ec 3e8bfa54 3f00cb77 bf75e418 3f1ba17a 3f410fa7 be8e2673 3e6b5ce2 bf1edd7a bf3a07b1 3e3d549e 3f453db7 bf1d978d 3f1b058f bd3ab06d bf4961c2 3f3e6bb6 3f16dd56 3cd8de64 beb8e68f beec1ef0 3f3f199f becaa673 be62c4a3 3f7279dd be8e7a4f 3e1a444e bf66a7df bed2d676 bf145f70 bec14a9a bf0aa956 3ea67299 bf763218 3f10296a be0ecc03 bf788433 3f4ba3a4 3e9a5279 3eb282bf bf1a0953 3f1a1d85 3dd69a4a bed8aede 3e22b494 bf18617a 3ebc8ac3 bf2c7b9d be68e4fd 3e686c7c bf7bbe36 3f572f93 bf2e6b82 3d9fc716 3d7d715b bf02fd6a 3ea68a91 bde1f973 3f4011bd bde78a08 3e572464 bf02c99d 3e74b51a be1cfceb bd8c7872 bf25c39f 3ede7e8b 3f048982 bf6fa9f4 bedcbee3 be95de8d 3f7719f3 bf67c9e4 3ed86eaa bf267b9a bead5ed7 3f5239b9 bdfc8972 bedf4b0c 3e22745e be134cab bf1a2974 bed796f2 3f2abf9b bf6863d9 3eb946ad 3eb0debe 3f1c4d8d bf46b39b bf4289b9 3f7aec3a bf1a1b68 bf10e17d 3ed02acd bf0b6b6f 3f2113a6 becc62a6 be5e0c8d 3e31ccc9 be5a34c5 bf4343bb 3f54578f bf01235b 3e85c639 3e334c51 3ef3beb0 3f19b77d bf36e9ad 3edd02d6 bf336f94 3f1c9991 bf73781d 3ef80713 3e06d48b bdda57c0 3f6677e2 bf5db7dd be89ae58 bf0a3d67 3f3b0d9b bddee8c9 3dac3751 be73e49f 3e5e64ef bf274391 beb8baad 3e7ce47b bf119370 3f60abba bf309b8e be17d43a 3f16cd6b 3f18297f bf5539de 3df0c8ef bee826a8 3d41b266 3ea09282 be0a23d7 bed13ac0 3d0b902a 3f3a778e bd718f58 3f044358 3eadd65f 3ed5c677 3f24a191 bf4aa7bf 3f192da5 bf7fa66b 3f5637a0 bf008b6b 3ebb521b 3f777ffc bf5ad3cf 3f5c63d4 bf61d7d3 3f5869d9 3cbfded7 3f7c5627 beeebaeb be7d7dba 3eec7f12 bf49cbd5 3efbf2af 3f790600 3ee9a2c6 beb672a0 3f0b7590 3ea9a29b bf794bf9 bcf06241 bea10aa7 3d86f8f7 bf741803 3f4159c3 bf211f64 bf203f8f bf20c57b 3f64b3f1 be920e31 be5cd45c bdb098bd 
bf232365 3f1e9772 3ee9a6b0 3eb1d6b8 3f6687ca bf3f17ce 3ec56a59 bf65ffdd 3f76c412 bf742401 bc939bb7 bdd9e843 3e8d0263 3ef7fa9c bf23d1a6 bf35b7a7 3f74f001 be1ec4a7 bf101f76 3dfada5e bbdb7e1f bf6973bc bc9f9f26 3f023357 3f0fab64 3ec64660 bf31b57f bf520fac 3f74e5e6 bed9d2da beb492cb be3ca54d bf04bf6d 3cd6a4ee bf6f2fce bed85f25 be832a97 3f053f62 bf3db381 be59e42b bf01fb8d 3ee2ab0a 3edf3717 bf2cf39d 3f0d9165 bef53300 bf0b475b 3f4ed7c9 bf6229e7 be8efa40 bf5ba5ad 3eb5ae96 bf670bdb 3f2d7d92 3e659c89 3f0a2b77 3deef879 3e25a422 bf64fddf 3f182f66 3f103d81 3f1645ab bf1299a5 bef00264 3e443ba1 3f08df38 3f33d99b 3e8d3aac bf4e8fab bdd5b98e bf7107d9 3f74cbe5 bdf998e5 bf18ff81 beb3ee41 bec6b662 3f6425b2 befd0f30 bf46137a 3d1fb2a2 3e6df4ec 3f44c59a 3e365545 3e7734ae bf5f2fc3 3f3701be bf4c6bc1 3f078d68 3e23cbe1 bee00aaf be27bcd1 bf390d89 3f3661a3 3e87366c beee4af3 3e17ebd6 be360c62 bece72c4 3c7cbf9f 3d5630be 3f6701bf 3ed1aaea 3ef6e2a0 3e96aa9a bcd122ad 3f2b8f95 3e821e7a bed19b09 3eba9288 3f53f3de bf71c3d6 3e2bfd10 bed18694 3f23e3c1 be50351d be46c473 be673d2c 3f3b5572 bdac785a 3e7c7424 3ec516b1 3f22ad6a bf16677f 3f361d8d 3ea626ac bf183d8e 3f06db5d 3cc52213 3eb55280 3d9a1791 bf6107cf 3f424bb0 bf68d7fa 3e197c8b 3edece58 3d99e7a8 bee362ac 3f655bdd bed7770d 3f27dd99 bf7099d6 3f3f87d2 3f079f7d be535ccf be3daca0 3ddb796c 3f27e99a bde98891 3f757a09 bf4fd7b4 bec66e87 3f72fbd0 bf72840e 3f139f92 3f3fdfbb 3e6bc4e9 3e624490 bef6e2f9 3f775c0b bf6f89d7 be9052b8 3eba56af 3f74ba14 bf768bf9 3f71e9f6 be87b2ae 3f2d099d bf61c1cb 3eb9a28f bedc3aec 3f758016 bf2345a8 3f3c3fa3 bd174e56 bd68f0f3 be4ad512 3ec8661a bf6827c9 3eb8a696 bf7663da 3f4661cf bf40ffcb 3f36c5c3 3c895b5f 3ed4f283 bd1cb012 bed3fe5a 3f2b6dbd bf74e3fe 3e992a76 3f47c9cc be52a4f4 3d8ce7c4 bf13f33f 3ddf891b 3e52445c 3cd05f3d 3cebdb3c 3ef5c726 bd8c48c8 3eccfa9e bf780412 3f371fcd 3d970823 bebe16b6 bf7785f4 3f6491f5 be0354b3 3f658bcc bf7fa884 3f3373af bf181564 3f38f987 be3fac60 be875e71 bf6ebde3 3e6f1c7a bf52f3d8 bec3767a beacd265 3f40d792 bf29f58a 3f5ff7b5 bf5543d7 3f347983 bf56b9cd be04f414 3f01f188 be35e4c7 bf113958 3f4d7f9b bf7fbe63 bee892bd 3e7274a9 bd6272c2 3ce85db7 3e5b23fd befac30a bf159180 bf63e9b3 3f472fbd bf2ff5b1 3c8fdc60 3eeef67f 3ec8a2bd bd5e108d 3e6684db 3f36f596 bf6c6feb 3f3abba7 3f189372 3efa8b5b bea4667b bee11e7b 3ee69e6b 3e580504 
bd88a7fa bdd05906 bebefa5a bf5e8fe9 3e0a1c58 bedcb28f 3ee3c2da 3e5664c6 bc94635f be6c1c9b 3f735dc8 bf451fbf 3ebc42c0 bef3aef8 3f226baf 3ed59288 bf689dc0 3e2504c4 3f22fd97 bf1a678a 3f788821 be5f6d5b 3f5e09c7 bf7f3e62 be6bfc85 bec6aac8 3f5be1e2 3eecf69c bf2caf9e 3e83665e 3f2089a4 be17a467 3f7e2a4b bf04878c 3f56cbd0 3f63a7e5 bec256b0 3ecb4f04 be3d946c 3f05b766 bc92dae2 3dc1a889 befb66fd 3f022198 bf0a4b7b 3f0d35a1 3d24922a 3b3d07d5 3c83a41f 3f54d9af 3f03398d 3e1f7c47 3f5addea befc16cf bf030b6d bd8586e0 bf64a5ed 3f127989 3f00df5e bef342d7 be9e4ad8 bf43fda4 3f7189e1 3e1c047e 3d8c97fc bf2363d2 bedb6a93 bf408ba6 3f64398c 3f520392 be15f40c 3f00a367 bf59a7ac 3f201986 3f5079c1 bf606fd8 3f173966 bf116b70 3f751bd3 3e2dec71 bf150b7b bf00ed69 bf010d5e 3f1b0f93 becb9668 3e76f473 3da6fa01 beb526ae 3e8c1631 3cd622c0 3e1e5367 3f6d85d2 bf6fede5 3e15bc33 be01ac48 3ee2b2e9 3e8df647 be5b6513 3f3b5996 bf7c8a28 be587cfb bf41d1ca bea8b68a 3e11abc1 bd816839 bf3feb9e be8dce80 3f2f9d90 bf51bfcd bec8ea86 3f5bb3fc bf4f19a0 3f2911ae bf428391 3dada952 3c31c26a 3f084135 bf2427ad be15fc5a be7cc5a6 bf102785 bea34e4f 3e2533d9 be4d148a bf78420a 3f618bb6 be964298 be70d52d bf51a5d7 3f5c87c1 3b818a5b be3c8d59 3df629e5 3ef2f67a bf51abd8 3e84dab1 be0c1cba be9c4276 3e2acbea bf13b377 3f0bbf79 bee09ea2 3d4290ae bee2a682 3f69d1db bf425ba5 bec882a0 be63f574 bf6e4be2 3f661bdd 3d47cf28 beb4fedf 3f50a1cc befb4ec4 bf627bc6 bea74ea7 be3d1c8f 3ec196c1 bf38a39f 3ea71691 3f103f8a bec3be7f bf0a816a 3c98e0a2 3df9388f bf125585 3e86129b 3e2b2ca2 3ef87eb3 bf2a377b 3ec42686 bf577dc5 3f299f7e bf6d11e3 3f5e1bbc bf0a6b6e 3e66dcc2 3f1d678f bef28ab0 3f18e397 bd6c13e7 3f0f4f81 bf4edd9d 3cb65b33 bf731810 3f7e0c46 bf3ea793 bd926904 3e737cac 3f205f8e bf7bd634 3defe84b 3e09942e 3eb0167b 3e8be279 bed496a9 be838e4a 3f1eb593 bf3901b3 bd3c6cff 3d8cb810 3f26b393 bf323b98 3ea0ba83 3dbc58a5 3f3775ab bd8068e3 bf3a6d9a be810262 3f4769b1 bf087575 3e1864e6 3d491012 bf1b4973 3f398dd0 3f4597ac 3e06a3ef 3eccc69b 3f52bfaa bf426daa 3f11c381 bf4b29d3 3f54f1b7 bf3bf99c 3ef3a70b 3e6e748d 3d98594d bf77c61f 3f16258b 3ee086f2 bf430baa 3f50b1ba 3e865df0 bd6ed272 3f07399b bf547ba0 3f6e7fcc bd7b5267 3f004597 3f74c607 bf488797 3f03356c be8de65e 3dc727af bf2ed186 3e5e3bf8 beb79ec0 bd049193 3e081406 be2253fc bf09958b bf64b7b8 3f0a934d 3f20696f bf3597b2 3ec5666c 
bf08b952 3f290da5 be4be4f2 3f6b0fe8 bdd1f944 3dfd2969 3e17cbcf bf4c819a 3f4d3bb4 bf7dde2c 3f5907b2 bf49a9a8 3f728e03 bf65b9de bd07f1f4 bdb859af 3f036d5e bd911907 be61cce5 3e0794e6 bf37799e 3db5e809 bf1efba4 3f638dee bd8617b5 3efd5327 bf7057e3 bbd0786f 3ea4429b befc66f5 bde2a89c be6d94fb bf732bdb 3f4915be bf6427ec bf4cdb98 3ec56e88 bf511db4 3eb6ee1f 3eb20662 bf4c0597 3f3893a5 bf78762c 3f714c2c be943aa1 3cf02073 be8e6643 3e3a64d8 beaa7272 bece1263 bf18b767 bf16ff60 bea576b4 be95be8c 3f41c1b0 3f026787 3d9509ac 3d6e112a bf13e38d 3e68952a 3f0b4551 be2ab4ab bd8d8996 bf022771 3baa9867 3ebcee9f 3ee9aeb0 3f37ebcf bf1f57ad bf7c9e38 bc8f20de beecdf21 3f67c3fd bf5b4dd8 3dc9d92d 3cc29ec6 3e500cf0 bee29ad0 3edb5eb1 bf6ca9e0 3f1f4f97 3f2cbd74 3da5f89d beb982e0 3f0f3597 bf072b82 3f4829a6 bf36e786 3f08db5f bf1f0592 3e239c9d bf789ddc 3f7051f4 be76f537 3e4c4d3d bf4f6da3 3e970a7a bf14af9a 3e5e445a 3eed8ece 3eda46a6 3f233f9b 3e5a1c6c bee806df 3e4a2471 3f1cd5ce bd92d864 3e7b7d2a beac0270 3f7bf804 bf2c51c6 3f07b384 3ef7929d bf14d36e 3f605da0 be555bff bec9a27f 3dbba879 3eba4650 3f41f9a4 bddf78be 3f33f182 be5f04b5 3ebb6a6f 3f16978f be3ebcb1 bf01a77e 3f4b699e 3ef8624b bef976df bf18e782 3f7ed244 bf31919d 3ea8b6b6 3d1b738a 3d05cf5c 3f11cb66 bf205f79 3f6f67b2 bf214377 3f4291af bf141372 3e365d02 3e26d49d bf4c69d0 3f292568 3ef802cc 3f14c978 3eebc712 bf016381 bd60b1a6 3d4fd063 bf4b25a8 3f025786 3f30d997 3f45d7a0 bf2229cb 3f3b578b be5df508 3eb60a9e bf075366 3de568cb 3f0cf939 3e01a42c be9c0e9d 3f0d1792 bf27a98c 3e4f8cb0 bf059d5d 3f008f4b 3d80a7b9 be10bc60 3f20bd89 bf3ec1c4 3f28bd8d bf0da96c 3ecf8298 bf7c2c4e 3f4de5c1 be780cae bf49439e 3db70836 3e9a3a93 3f0ce35b 3f28d9b3 bf7121cd 3f5335e4 3f021d6f bf20a58a bed63662 3e649c53 3f36e1a5 bf507bab bdb9f98f bdde183e 3e052c95 3ea4726a bee2d6ef 3ec27ef0 3ddb8a02 be7d94d5 bed52abd 3f0d9f6c bf12dd7a 3e87ce92 bf6743e4 3ea202b3 3e5fbce4 3ec06a97 bef952a6 be1aaca2 3f21bf90 befc56c7 3f29bfbd bf2a8dae bf2a338a be967233 beca8277 beae4aad 3f36ffc1 bf33299e 3f6065cf bf5df5fa 3efd029d bb9e6d43 bf5561bf 3f59b596 3f4a47b9 bf699c15 3ef2c2db bede02ce 3d1171e4 3dea78ef bf7751f7 3ec632be be55f4f0 bed236cf bea9faa3 be75f4c7 bebb4eac bea59ea1 3f566fbc bf2fd55b 3f29b5b2 bebc3a9c 3f4501cf bee182b6 bd643270 3f010568 bf12df6e 3f79c21f 3f28ffa0 bf000d69 bf15fd76 3ebd229c bcc6602a 
3f53abe7 bf6b79f1 3f11bf6c bf6dcbdf 3efccabb bf15cf95 3f022f80 be89f633 3cd92299 3f3355cb bf7db668 3ee0fe7b be876a66 3ec7ee6e 3f3ced93 bf5e1bae 3e953a5a bebb0aa9 3c1641fc 3eb4e2cb 3d830a45 3f72c5e7 bf71d5f5 3f128565 bf2bd5b3 3d939744 3ef0f6d5 be9caaa7 3e7bfce9 3f028f77 bef33ad8 3f7cb016 3e5d8cfa bed86ed3 3f7a461a be020c58 3f4c1fb5 3e1d1c78 3d3c2ec1 bf6011ef 3f14718c be21dc27 3f6ecfff bf4a21ae beb6f271 3ed1569a 3da108f6 beacf675 3f45a1b8 bde7e8e5 3f4eedb7 3ef84ec0 3eb222a5 3f17b967 bf4ec9ac bf5dddc9 3f3bab8b bf24a993 3ee82ed9 3c42b7af be99d291 3ea6664f 3d9bf8e7 be11e4ab 3f46a790 bf4881b1 3de99883 bf5e4fdc 3edd8680 3f2c9376 3f6e4fe5 bf60d5f7 3f23a39b beff22c2 3eb0e2ee be964e6b 3e69fcd1 3d833897 bef2f27c 3f2f37bb bf0e179d 3e4afc98 bf738bf6 3f5761aa bf293fa2 3e06dc22 beaaae88 3e2d8cee 3e07e4a3 be63b555 3f73efed bdfd4917 bdf0b73f bee4eea4 3f55d1e8 bdfb08a6 3e9d3ab1 3e9d9252 be95a6a2 bf096774 be51a5b6 bf4373ba 3e0c8cc2 3f0ac18e bf184f76 3f03a162 bf5ab3aa 3d8d799a 3f12b566 bf7a89fc 3dff1810 bea3da66 bf60e1c6 3f4f31ca bef04ec6 bf46199e 3f794450 3e059cc9 bf312395 bf1c6fa7 3d67ef23 bf27af97 3e99124b bf7aca03 3ebf868e bf2bc3b4 3f71b9ec bf72a7f1 bdcf88b2 bd8be7c5 3f705bfa bf6c8ff7 be002c41 3f134b6f bf65b5f0 3f0cd17d bf03b367 3d247064 bdacb81c be9e5694 3e9b7aee bee3f2bd 3f56fb94 bf11116e 3f7fb890 bf0ce388 bf3ee967 befb46c8 bea322d5 3ebfdae0 bd79b2c4 3e30e4cb 3f358fcb beea469c bf0e2d81 bf21a97b 3ef99301 bf083f84 bea3aeaf 3ecd12a0 beedbb02 3ef44b1d bf49b599 3ec5beaa bf049173 3f5057b7 bee7a287 3f4429b7 bf24e991 3edde2a8 bf3f61a3 3f566595 bf7299f4 3f6809d1 bef0db1e 3d10120e 3e86ea68 3ebb0310 bef82aa8 3cdee611 3f33eb8b 3e8ade67 bf335d8e bea0ea8d bf48dfa0 3f7ac020 bf6fc9e5 bf410596 3f79c028 3e43fcb8 bd9598d4 beaa1ac8 3e69255b 3f66bbb5 bf7b8df7 3f2aadc3 be9ff2ab be57a465 3e187c5e 3e2edc1b be408c7b 3f142b83 bedcd287 3efda326 be530504 3f4bafe7 bf28cf9b 3f2cdf86 bf6619d9 3f12fb6e 3e68b440 bf02f157 be8c2276 3ea882e4 3e5b1c0c 3ec0f2ba 3f0ab361 3de0c8f5 3de269b8 bf0df576 3efa72f4 bf32af83 3f6b77d7 bf3cedbe 3f0b2f72 bc2442bf bf141d58 bf4c0b8a 3f1c557c bf0f7d66 3f7eca66 bf46819d 3eb03269 3ec29ebc 3eb8ae4d 3da1e990 3f2e1b85 3b97953f 3e99c667 3e10d4a3 3d9ec82c 3d54b2df bf4cfd94 3f4d1be7 bedf8e97 beea02cd 3f5af1c3 bf34398e 3f1b097c bf272b99 bd765261 bf6ffff7 3effd691 3f3c9b6a beffb2e5 3e20f3fc 
bf4f03c5 3f461388 bf2c179e 3f5f41e4 bf7269fd 3f6513bb bf3f15b9 3f49e7ce beccf2ba beef868b 3f6161c2 bc6046e9 be1623f5 bedc6efc be77e4ed 3e12b4c4 3e8fba95 3d8b68e7 3e874236 bea0ba67 befb6ee0 befe4ed9 3f646dbe bf17a375 3e9d5e9e 3db6f76f bdadb8a5 3e772c32 bf092d4d be10d448 3e05e45c bf5a83c8 3eafe2cb bf21f196 3e056c43 bed1fe81 bf0bab86 bebe9680 3c22be1b 3f5d17dd bc9f609f bf14177c bf0d4b85 3e9b9649 3f6409c4 bec84a85 bed0aeea 3f3913a8 bf75e20d 3d78f05f bf006d52 beb51eb2 bf55b59e bd8f47e7 3f113d8c 3f13177d becb1add 3d9d68ab 3f12456f bf6febf3 3f1fcb98 bf756dfa 3f6381c4 bf6eca07 3f2e3d90 bf4a799e 3f27894f 3e368cc7 3e361ce1 bf4ed9bb bf1b6f75 3f0ea18d beb0e67b 3d991862 3f55cbd7 bf6ec3e8 3ebf4ae8 bd945891 3e4d0c11 3ed30e68 bf1201ad bc30bd7a 3f2d2397 be3f946d bd2a50a5 3f067984 be881a71 3e762d0d 3cd3dec8 be4a9c2d bef90ed7 bf024d6f 3f4f91b8 bdcb4929 bf7a5641 3f125972 bf6e83cf 3f198b74 bed1267a 3f6057df 3ea5a6ee 3d8f6825 3e9f9a64 bf3c21be 3ecbdaca bf22139b 3f5e5fb2 be5cc4d8 beb4da8b 3ed15296 3f4c6bd0 bc98df02 3f6765ac bf4f5fe8 3ebdf677 3f64e3ba bf506fb4 bed8eac5 3f6b4bac 3a5c712b 3f6a3de8 beb9ae54 3ebeaa80 3f7abe23 bf4781a0 3f6821c0 bf55e39e 3f4e55d5 bd9638c5 3e045d36 bf2dc1a8 3f4b07d9 3d8257a4 baa1f7cd 3e24c406 3e62bce8 bee886b7 3f0e1b83 3e72349f beeefab2 3f11e34a bf1a9d96 3d94d963 be3a54ab bf427f9c 3efa66bc 3f485bad 3e73e45b 3ede42c5 bf204371 3f0efd6e bf2b9577 be846aa4 3e918657 3e514490 3f130785 be9d1667 3ebef271 3e8e2ebf bda3f8f5 3ce160e9 3ee7fae1 beb542ac 3ef6aea0 bee6466d 3a2c4b07 bf243f77 3ef5eef0 bebdf6b8 3f2d0f75 be87de05 be8e8675 3f095d5f bf6c1beb 3f4cd7a8 bf196f8d 3ee43ed1 bf76ea09 3f5f5be5 beb7fa50 be1183fe bf1c9172 3f366fb4 3f0fe168 3e88a2cf bee20a86 3f5e57ae 3f130f88 bf67efb6 3d38535c bdb797d0 3dd9d7fa becf0690 be94eea2 3eeda6d5 be2b6c34 bea1aa94 3f7b9418 bf44cda0 3d83298b bdff4713 3cf8225d be75dc9f 3e1a246f bf213b84 3f07536c bf1555a1 3dcf1880 3e1594ab 3c6e3cce bedbf6cf 3f0b9779 3f227d9b bf25ff6e bf057155 3f03d193 bf7307f6 3ef41ebc be54b52b bd10d09f 3f63d9d1 bf798bfe 3f13717a beca765c bc12c48b 3ea9024a 3eb4f6a1 3f318f98 3bc78691 bd8128b3 beb01673 3e338c6c bb32fc8d be5164ac bf16a391 bf114b87 bef856c2 3eb1166b bf37679e 3f3d03ba bf518591 3ed0aae1 3f1b698e bf764618 3f7ffabd bf41b7b3 3f1ec588 bf51d99a 3f245991 be84de96 3f5fb7d5 3d88396f bd78f0e0 bf404188 3f00b592 bebf46c5 
bdf79937 3f1825a1 bf3a5f8f 3f7d1bfe bf1e298d 3f37fd9e bf1cc968 be3b5c27 3ed56ef4 be698447 bd496eb5 bf1dd772 3edebe5e 3ebb62b9 be0fbc41 3f05317d bf3b6598 3e922e4d bf61c5d9 3f6813e9 3ef9d2c5 be5cb4dd 3d7af067 bec5f289 3f38577e bf2d8599 be47a4bb 3e8d42b9 3d91b876 3d7c6ec7 3f29e397 be8d3a4e 3ea4f9fb 3eebb6ff be8126b4 3f22b99e bceade97 3f6e2bec beb80232 bef85abe beeaa292 3f78900d 3e3fbbdf 3ddb6954 bf52dfb2 be669c8f 3f74c7ff bf5dbbbb 3f0f2975 3f29a188 bf001577 3f604fde 3f5703b0 bf34b3c3 3e8a0656 bf6cb1fd 3f4ea5bb bf1bb964 bd64710e 3ecb52d6 3e2f84c8 3e8bbe3d bf121178 3f61cdc7 bf6e15d3 3f531197 3e1b544a bf65dff8 3f00378e 3c2b3ec2 3f091d46 bea592e3 3e8b3679 be8bd6a8 bf6c37f4 3f7fee9e bdf278b8 bdd6090a bedd5e9a bee1f2db 3f0ae96c 3f065766 bf44a3b3 bcc79fca bdc4e8b9 3e0273e2 be6f2cd7 3e00b3f1 bf3d3ba7 3f45c9c1 3d4bae04 3f66dbd3 bf7d9636 3ec172cd 3f2d7579 3df218a6 3d23f46c be582ce3 3eac8671 bf6b55e8 be5bc4f3 3e08bc62 beabba50 3ea1aebd 3f430dc2 bf4aed9e 3f62d1b1 bf75f5f1 3f7ea245 bf392598 bf0fd77b bf5cc7a4 3f3399c1 bf2f9db9 3f086d66 bf7f8e6e 3f052d6a 3e48d512 bdbe58b5 bf13ff83 bf3c9dab 3ef38ed5 bf1fcd82 bf245f7e 3ed28a55 bef132d3 3f131974 bf6f13d6 3e8cce76 3f05f787 bf5993ca 3f26278c bf71fbef 3df619f6 bcc85f59 be7a84a1 3f20e984 bf1fd58a be323d17 3e92d654 bde13ade 3efeaea1 be88ce44 3f084d57 3ee2c2cb beb726d1 bf024b7a bf14718f 3f27d5a3 bf3f7b88 3f3a5f82 bee66697 3f52efab bf226fb9 3e8d3688 be5224f4 bf091148 3f198396 bf4ad389 3e779c05 be88eabd be86b60a 3d7cee4a 3cd66409 3ea25694 3df228a6 3ee5b698 be25b4ee bdea2828 becde2da 3de1287b 3ead9a77 be27450a 3e9afe82 3d36af86 bed146ab 3f2bc98d bec33e88 3f3649c9 bf633dc1 3f2213b3 3e87b26e bf00637a bf254172 3dfd688c be30940d bf217370 be08645f 3e3b2ce1 3ec346db bede4ac8 3f143f81 3ecdaefd beb1c299 3e22c46f be4144cd 3e88deed bf47c7ae 3f49c1c2 beda9291 3f2c2352 beee62d1 bdb4997d 3f52e394 bf2ea77f 3f0f9b58 bee80f0e 3f6873ce bf3d7fb3 3e6f74e3 3e92ae9a bf7d7851 bd9fb8b3 3e46dd7f 3f60add8 bf5a8feb 3f0ebb65 bf3511bf 3f4587bf bea2d6bb bf4ce5ac 3f4a5d93 be911655 3e178487 3e3ad4ea bf5c19aa 3dc129e0 bf69fbc0 bdb67982 3e92aad9 bea8e680 3f2d658f beb0f2bb bd8038f8 3f5dddf6 3f31bd9a 3f2e8b6e bf430d92 3f2b0b84 bf5913d4 3f7a0432 bf500fc8 3e232c9a 3ed8bf29 bf66afc4 3f782214 bf6bebd5 3f7d2e30 bf0ecd65 be3aad31 be3b6c62 bf3335c6 3f5d39cb be2d7436 be2a8c87 3f6077f5 
3e2a3c73 beb88eec 3de80888 bf3a1dbe 3e45f4b3 be87d210 3de0d92c 3f264d84 bf248378 3eb8369f 3efe9ac8 bf2293a5 3f61d7c6 bf61f9d0 3e727c92 be874e5f bdefb9f6 3f3ae19b 3e14d44e bf208b8d bf4db996 3f79423c bf64afd2 3f676bcd bf73c401 3f5e13be bdd07853 3e493cec be053c9c be9bb286 be43850e bed59a84 3f0fff7f bf5e49bc bda629dc 3e3c6537 bf2b49a3 bdef08f9 bec8c6d9 3f724bf3 be3d5d06 be367526 bed4d2fc beac0a50 3f4b298f 3dce290e bea91e42 3e0de443 bd9c87e9 bf14bd8c 3ee356ec bf7e0061 bddd091f 3dd3e91c 3f1e0983 bf03418f 3f1ba9a5 bf008385 3f3823b5 bf77800d 3ebe661f bef1a2f0 3f3d47b4 bf73dfee 3f71ebe7 bf1e1d69 bf244784 3f7f1864 bf3c6fab 3f44f19f bf6f09e7 3f7499fd bf739205 3f6aadfb 3f2289af bf432fdc be839256 3e078c8e 3f79282b bdb548b4 bd091138 bf76f236 3f148393 3ee67b09 3d8a482b bf3d8bbc 3f0cb75c bdd9093e 3f3be9a5 be8c8a9d bf285988 be80e61b 3dbe3884 3e2944c8 bf4dcb94 bf16af5e 3f7505df bf074f7e 3c74c49f 3f7efa84 becb6acb 3e6bf5b0 3f094959 bf7c601c bb70e30a 3e2b4d1c bf57b79c 3f326fd2 bf0da164 3e9a8252 3f762df0 3f093f97 bf7be22e 3f74cde5 bed2ce78 3e3ce563 3f2bd78e bf4e45c8 bc9da254 3f78161f 3d433080 3e6354b7 3e991ee4 3e04ec19 3f2dc3a5 bf425fb9 3e71f4d6 3f6a2bd1 bf4c33c0 be3033f1 3f4f59aa bf20b39c 3f6e53ee be0a7c68 3ec362b3 bf5099c7 3f259788 bf143978 3f2f29a5 bc7338d1 bf72e9f5 3f33258e bf6d03da 3edd96e5 bf5171a6 3f040b6a 3ec962a4 bd99ea47 3d462eca bea8f251 3f349799 bf786a1d 3f243f99 be834283 bebf82f5 3ed092ca 3e64abef bed8070b 3f06f982 be984278 3f6f1dcf bf2bc1a1 3f594dd4 bf3a7ba3 be952ac3 3e3afcab bf465392 3f123b6d bedd6ac3 3f7659dc be9a02ab bee42a82 3ed382f4 bf374bb2 3f148787 beda3eda 3e73fd23 beae1e6f bee7666c 3f421dd8 bebcbe71 be949a21 3f505dc7 be85da7a 3f4ef198 bed346a5 3f5f6dcb be840acc 3eb3ca86 bf0e0d65 3f1e418d bf3f81a6 bf13a7a7 3f1bb3ba be26e525 be5064de 3f3d2d9c bf460995 3f53c7e9 bf6a1fd1 3f074f6e be8eae34 3f1aff8f bf4a8faa 3ee2cb06 be7d5590 3ec71ebb bf7b7a1c 3f4fa5c5 bee56a9f 3ef182d4 3eea2aef 3f05af77 bf398faf bdeb59d7 3e8b86c2 3eed5ab2 3e771423 bf4877ae 3ec2b68c 3f14216e bee692c7 3e7d1cc5 bf019160 3f175b5b 3e13fcf0 3f024177 3ed33699 3eb5a69e be902e76 3f07079d bf797e1f 3e5e6d51 3ebb06c5 bf5c9dcf bf460399 bf599fc7 3f3a9f91 3d8ca7c1 3e107540 be9bc6ba 3ece5eaa bea05eb3 be96d290 3f4c4fac bef4dabc 3ecb2eaa bf01695c 3e94f26b 3ec8def6 be193cbd 3f5b53cf bf7d463d 3f174582 bd72530e bf7265e5 
3e0d9447 be5644b5 3f3f9788 3e807a19 3ddc7775 3d9cb86f be067c66 bdca17e8 be939aec 3ea86696 bf7033f1 3f7e424c bf106f46 beb66a66 3f54bda3 bea33e4c 3efe42d3 bf6cedd0 3dd3b99d 3f4ce5c5 3eaabec2 bf28b5b7 3f0b4f74 bdfc6a88 bedfaae6 3f0eb97b becb32df bf4849d8 3f6257b9 becf6aed 3f1a916f 3eae568c bf23a3ae 3f05275d 3f2f4fa5 bf1ec784 3ee0ced3 3f3bd7c1 bf62c5cf 3f4d4fb6 bf74bbf5 3f0d758a bda9f761 3f6709bc bf7b11e3 3f1eb193 bf7af02b 3f6453c7 bea51aab 3db02977 3e3f4cfd 3f1b459b bec5e692 3e8f3600 bf731425 3f6515c6 bf6289e0 3f135798 be8c4e09 3eff8ae9 be8b9e5b 3d7a6e41 beb7d6ad 3edde6cf bed44687 3ebc2e8f 3ec4f66a bd648fcc be258c43 bed0e269 3eff5ee9 bf6f49e8 3f5dbb9e bf3429a9 bf669bf9 3f42d587 3f014b7f bea2f266 bf5685b4 bdcd88b6 3da8d7e8 3f64cbbb be77fd31 bf6fb3ec 3ef8e2c0 3ef93eb1 bdd4080b beb4ca98 bed91ed8 be92e675 3f692602 3e203407 3df28806 bb9a8a47 3f17a764 3efe32b3 bf783215 3f180797 be809a48 bf51dd97 3f5b0bc2 bf5ed3e6 be326c9b 3f62e3e5 be8b8253 3e9bbe37 3f2d4790 bed7ea96 3eaaee6e beb8a63d bf3fe38a be17b489 3f2d69b9 bf20d984 3eceaa9f beeef27b bec7ee9f 3f04ff48 bc35400b bf2dcbb9 bd3fb0ad bee4ca91 3d586e60 be184492 bf42498e 3f5a59b3 bede9ade bf4485b7 3f7585ff bf060f82 3ecb3ae8 bf131367 bdde99bb beb742ac bc8ba203 3f58c7d9 bf4ebbca 3f5b2fbc bf6afbd4 3f17759d 3dd08899 3ec942be be5db5a4 3f672dda bf764c2e 3f414b8a bf531fc7 3ec7b698 3efb4ace bf3e7f8b 3f33c3b8 bf235b8b 3f130352 bf0ce57b 3f6c6fff befdcaf9 be206c23 3ed1c2c9 be886a77 3db326c7 bf5d45af 3f2e7194 bf6a23f7 3f7aac2e be357443 3f24c782 bead1e4a 3ea01641 3e0a0cdb bf7bc40f 3ee8c293 be502cd8 3f2a878f bf548fb4 3f7ef05b bf382fa7 3e92469d 3f046380 bde5f8be be203c0d 3e3dd484 bf04e751 3ea35255 bec5caf8 bf398bb5 3f3271b6 bf7e0c11 3eee7ec7 bf50a7c5 3f69d5f0 bf7fea6e 3f4b57a3 3f5a71a2 bf7e964e 3f50f5c8 bf45fd9e 3ed2c6c5 be27fcc8 bd95491b 3e86328d bea0aab1 be16fd08 bc584d81 beb3e290 3f137b83 bedfaedb 3da598fc 3e8ee22b bd66d07c bd3a6eb5 bf5f8dc9 3d9c08ab bf6945d6 3f733607 be9b6263 be825655 bf3d1f93 3e65a4b1 3e4014c8 3e9a063b bf714de3 3f404792 bf57b3ba 3f75ae04 bf5175b6 be68dd2c bd9ac8bb bf6e37d2 3ec2a6ac bf39119f 3ed3aaa0 3e039b9f 3f40299e bf75340b 3f4de7aa 3f4747a0 3f442198 be4654b7 bf6a51de 3f08694c bf274fd1 3f5af3cf bf13e964 3f6f4fef bf7b7432 bdf8e8a6 3d3b0e58 3ea4a2eb bf17cb6f 3e698cbf bebb9ef7 bea1fab6 3f145184 bf6213f4 3f172b6b 3eea3eea 
3efc9ebc befdaea3 beabbe2f bead8254 becabeb4 3f2a4998 bf5fc5d5 3f5ba5d3 be93b282 3eceb2d8 3d3b2f71 bea6fa92 bc72ba16 3f2f33cc be74249d bf51fdb4 3f2893a0 bc4c3cfb 3cd35bec bf7563ec 3de5d957 3eee9ea2 bf552994 3f4701d5 3de7d80b bf62fbd1 3f3c858d 3f1c7d5a bef8e2a5 3d8a8940 be811eca bf3ce1a2 3f7d580f bf035779 bf294397 3f3741b7 bf674fe5 3eecc2a4 be83ca62 bd457106 3e1bb47c 3eec4e7b bf44a798 3e16dca7 bf322981 3f39cbb2 bc11bcac 3e6bed62 bf169989 3f40abb5 bf4c15ac 3e6abcdf be8c5227 3f5b69b2 bef902c1 3f0f0349 be9446a6 3e4f4c2e bf0a7983 3dabe818 3eed02c0 bea10e85 3f6e41d2 bf570f8e 3f2e8d85 bf574dbe 3e99628f bf2675a8 3f3a7b98 be1accc3 3f04a35e bce561fa 3dc3d73f 3d7070ff 3f7aee32 bec5fa8f bf44b17d 3f03737e 3e3a5caf 3f7b7e46 bf4437af bebef258 3de11827 3f4765ce bf0f416e befe1aa2 3e1e0c4d 3e49e4f8 3ee7dad1 3f0dc17b bf71afeb 3c5e42d1 bf04ef59 3dbc18c5 bf37f1c2 3ed3329d 3d4d1088 be941296 3f7893ed bf011352 bcffe209 3f443d93 be9f7a80 3e891e84 bf32e992 3e01dbfe bf295b93 be509be9 3f20bb95 becc6aa4 3f77a211 bf35a594 3ecc468e bf27e35c 3e82024e 3f6e51f5 bf4e5fa4 3f521bb9 bf364387 3f68add5 be801e91 3f4081a7 bf3855b6 3f7f345e bef716b4 3eeb7ab7 be169c0f 3ec4cead bc25c0fb be2cc493 be26f4cb 3e2b04ae 3f4363bb be85aa4c 3be4750f bea5a2be beaca304 3f2fc9a5 bf3aef9a 3efd72e4 bf36f5c1 3e27e443 befe06fd be7aa4f8 3f2889ad bdd7e86f 3d752f92 be9c8e71 bf1dd37c 3f6c0c0c bf650fd8 3f3c5795 be470cf7 bedf82ef 3f015591 bf69edd5 3f76c9fe bf261b80 be13a4ab 3f2d99b8 be62bc67 3eca2b07 be0dbc30 3e2a6cec bf728221 3ed6faac bf21f593 3f1e5396 bf5a17a2 3f66f5df 3e99ae9d bf225397 3ebb0a9f 3e81367b bf607fdb 3f767a03 bf5c0fab be2843be 3ed1e28c bf39f995 3f6ad9d0 bdec590b be30c3d5 3eca029d 3f3c5db8 bf45bd9e 3f05e174 3ee8eedf be97c25c 3e70a555 3e80627b be646c6c bf6859bf 3f07dd79 be9d1a5b 3e959e5c be2adc3a bdd45881 3e2d64d2 3deff8d6 3c1bc849 3f217391 be231c76 3ee4a306 be01fc88 be914e8b 3ea81eb9 3bb6995b be9f164d 3ecde6e4 3f6bc1e3 bd948942 3f312dc3 bf37f7b6 3f4defb2 bdb9da2f 3f7483ef bf3751b7 3ed732da bf42c596 3f5a5dc1 bf078163 3f4a21db bf157570 3ea99e88 3ec09ecb 3dbc9940 3f077f84 3e20b464 3e56f49a 3da07966 bf000979 bf3733b7 3f71ce20 bf36e583 beae1263 bf7c8e2a 3e0484ca 3ecef6de 3f147764 be36dbf8 bf188583 3e890638 bf29cfb9 3f57b7be 3e9d7ed4 3ece2ed5 bf422799 3f7bb238 bf352dbb 3f4545a1 be2a7463 bd9f4805 3f700ff5 bf4c57ce bec9c2b7 
bf237192 3f3085a3 3d0eb128 3ee52ea6 3e1e8cea be64f513 3e9a4e9d bbf98e97 bf260962 3f033b88 bf31d796 3f6393f6 bee2fea7 be2fe4ab be98ceae 3f406588 be014464 bef752e9 3f4f1f94 3f3149d7 bf3dcfb3 3f04fd52 3d3bb0ec bf57dde7 3f140d76 3e9f8a61 be8d62a2 bf540dd2 3f03b75f bf01d176 3f6f0bd2 3e0c94d0 bf2ef7b1 3ef43a9b be154c9f 3ebfeaab 3e954a71 bf5b2fcb 3f5927c0 be182490 bf39697f 3f30dbb9 bf038d6f 3f239d9f 3f47f9bd bf7dc845 3ec0d2be bf24af91 3e5824a6 3eaa7247 bf4e5b84 3f742a0b bf67e7b7 3ea27eb1 bf3deb86 3f20a398 bf327fa0 3f001f93 3f02a377 bf43b9a2 3eabe2b0 bf63ffbd 3e690532 bf19df79 3f4861cf be942e78 3f545f9c bf601dbe 3f509fb9 bf4735bd bf07ff5f 3f11c98a bf42d19a 3ea26ae6 bf765821 3ed9227a be140c6d 3f40b18f bf49bd94 bf4b87c3 3f65f1e5 be849a80 3eacd69f bf6061f8 3f66c1c1 3e199504 bd98a88d be44b4f7 be7254c5 bef54ee9 3dc53864 3f70d7e0 bea51275 3f61a9c2 be4fc523 bf0bfd80 3f1b2589 be9faa5b bf762c01 3f7ee473 beaabaa5 bf0be35d 3d936925 beaad6c9 3ec6a6d3 3ec1a6a0 3e7b3c61 3ef726e5 bf54dd9c 3e0d246c 3ec9dac3 bee116d0 3f0feb50 3e926a9b be4dcc95 bf7b081c 3f3d53cf bf023788 be101bd2 3e1fdc6f bf3fe17b 3f2cf39b bf4befc1 3f2a338c bf641ff9 3eeccabb bf337d80 3efcc2aa bf5445b5 3ef07afb 3ef666cf bf281b88 3d23501b bf16d18f 3f7109c7 beb77682 3f3d7d84 bf5581b4 3f203b8f 3db7685d be6e8c3b 3f359f9e bdf689bd 3f062162 bf1a9371 bf0bf5a3 3ec09abc 3f6365f7 bf0fff94 3f1ff986 bf4581bd 3f3c15b9 bf47a3c0 3f7a2419 bf35878f 3f064978 be476d95 bd5ccf88 3f116b87 bf4655a4 3e8aa2f9 3dcfc8ae bf5d15b6 3f6d8dcd bea4ee68 3f6ca9dd bf188fa1 3ed182db bd938a13 3dda98d6 bf56f5c1 3f128987 bf3bbda9 3e78cd1e 3e0c03cf be8eda90 3f6807e6 bef37b09 3e931681 3e554d55 bf758a0b 3f262b93 beff3aef 3e1fc50c bf7d6032 3f6cb9cc bed47294 bf3211c3 3f547fd5 bf6dc601 3da6daa0 3e5a3d37 3e819e60 3ea8026a be6fdc94 3e9c5664 beb76e8c 3f6baddb bf7e142c 3d3230af 3c23bb62 bf596bc3 3d76734c becc3adb 3dba6973 bd64b078 3f04d368 bf790e1c 3efe2ec0 beed72b3 bf11a974 bf39e589 3ee3b2af bea69a9e bf68edc8 3edcfaf3 bf6c43df 3f6587b1 bf3b11ce 3f78e007 bf0ea983 bda0e989 bc801bf0 bf0f855c 3f44b585 bf6807c0 3ed90ae3 bf7049ec 3e7c1c6e beefba79 3b72df3e 3f0cf36d 3f2fe599 bf7169b4 3f5585a0 be407424 3f3f5f8c 3f243351 bf0b5f81 bf4795a2 3ec3f643 3e576ccd 3f409d84 bf19d77d bc00c2b3 bf2b8d93 bf384b78 3f372993 bf1abdc2 3f0e394c bf7d2a28 3f4db7cc bf6731d5 be2d6414 3e93463c 3eb992a9 
3f611fe3 bf2d438e 3e6ec532 bf0e7f85 3e7754d6 bf12d378 3efb56ba bf199b85 3f70fbf4 bf3f5d97 3f0bdba6 bee20ed1 be07abf2 3f166dbf be03bc60 3c846577 beb55a61 3e29c49b bf19ff72 bf5749dc 3f7825fb bf7895fe 3f7199d0 be1bfd5d bcf760e2 bf4327bd 3f5e83c9 bea5da8e 3f68ffe7 befa62e8 be962add bf08f96f 3f5531de be8a6647 3eaceabd bf54edc9 3e7f4d4c 3f16878e bf37bb8c 3eb8968a 3f2ebfbd bf63c7e8 3f14a544 bf296386 bf23f55f 3f1c41a8 be475dca 3f717bec bf3e01a4 3f379d8f bf062198 3f79120c bf3d0ba6 3ec7dabd 3f446fa4 bf7cda40 3f5b19ef bf202199 be0634c8 3ebf1286 3e4ecc98 3eeb3284 3ea6c643 3e320c74 be28fc79 bf38858f 3dc3495c 3eef6f0b bf2a79ac 3f0d9b56 3f4b8bc8 bf49779e 3f15ed66 3e4a441d 3e5615d1 3eba7eb5 bd86886d bf2f5b6e 3edbd6e0 3f48a997 bf676fe9 3f6483c3 bf614995 3f6609e7 bf5e59be be5d0459 3ef68eec 3c10c24b be64e58a 3f3bdd9a 3b9d7575 bf32c3a7 bea2565c bdd3d6a6 bce8e214 3f4ce1b5 bf460f98 3f15cba9 3f259393 bf347f94 bcbb5afd 3f4a97bb bd19d1fd 3ee19f09 be208464 be95b6c7 bf417fc0 3e3423f9 3f498ddb bf4307a4 3d909839 bef7ded0 3e317c7a bf47018b 3f24518a 3eb1e2a9 3d126ff0 3c815c11 3e0b94fc 3f3005a6 bf6239cf 3f4651bb bec58eb8 be0f14ec 3f4045ad be7804d3 3eaa1a87 3d13abf2 3f0d0d8f bf035585 be0b8483 3d6971c1 3ec1f2af be4e7d62 3e028bc3 bf59dbc9 3e9c5e8f 3eaf2e8d bf6989cc 3f6779bf bf6a6e16 3e4aacbf be544455 bf165fa4 3f247d77 3f60dbc1 bf3f1faf bf233369 3edd46c6 bf24bf91 3f7e983f bf7a544d 3f1f5f91 bf354ba4 3f22d1ab bee23f13 3f10617e bf51c3e3 3f350b79 beb7f24c be04ac6b 3eb40e94 bd89f7c1 3efc0289 bf7b5028 3cf762c5 be3b14e0 3e5ca4cf be832295 3cd41e20 3d8ac9dc 3f4d39b4 bda7789f 3e6edcec 3e738c9b bf5e31c7 3e450c50 be3bc43d bdfd195f 3eb06a60 3e9cfee2 bef58ace 3f3351b8 bee7aadd 3f6a07e6 bf36d970 3f13d784 be7c34b6 3e1e5b58 3e967692 3ea69e50 beed369f 3e49b442 bea55ea0 bf016f77 3ee5ce9a bf0fad58 be7e1552 3f08e736 3f3201b9 bed6a2f4 3f5207b6 3f13256b be9d4687 3eb49e67 3e117cab bf5943b4 3f66c7ca 3f19154c bf16a98d 3f739df0 3f2647a4 bf206f85 3f5c39af 3f3f658a be0ae413 bcb661a4 bdfe8940 3e945686 bf646fde 3f2acfae beaf46a1 3f5957bf bf20fb91 3f1fb798 bf1c3f89 3ed06b0b 3f1b1da0 be8dde79 3f0f8b6e be4db50b bea8de77 bf3793c7 3f5ba7e7 bf73e822 3f3b397d bf31dbb7 bf6533cc 3ee776b7 3e6adc92 3f013d7f bf456590 bf3d7bad 3f70f9e5 be75a4ee 3f78f630 3e9fc23b 3e9d3ece bf31817a 3f082784 3e2c44b3 be5b1c71 3f5b25d7 beebfe87 3f5cb9d7 bf755bea 
3e3814cd bf540fc1 3f7347ea bf4cf1cb 3f7c0c29 bed89e75 3f3df79e bf6841fa 3f29df81 bebeea60 3ea5fab5 bdcdf850 3e9cc25c befd5e90 3e150bc8 beb502c2 3f010953 3db39794 3f5e79e8 be6eb4c7 3f32b582 bf20d76c bed522b5 3f19097a bee6aae5 3f577f91 bf103755 3e462cb7 bf6c3615 3efc6676 3d89b803 3f58a5d1 bf74d5d2 be07fc6c 3e19d4bb 3ebbaad1 bed572a6 3eb7f6b6 bf2ccf8c 3e933e90 bf111f61 3e732410 3f20015e be8b7273 3f19ad7e 3e1baca2 bf4cdf94 3e38cce0 bed3629d bc8f6520 bdb7b85e bf36c592 3f1bc372 bc999e9f bf54cdba 3f1f1d9b 3e97a659 bf118f87 3eb8b271 bd081165 bf2d4f8a bd619082 bf29efa4 3c8aa12e bd35d158 3f7ef873 bec6a2f9 bdad884a 3e394c99 bd9b89e8 bf78ce29 3f702601 bf148f6e 3df359dd bf51b7b8 3d17d194 be1b83ee 3f1dbba3 bf10138c 3f0c6572 bf48b5a2 3e470cf2 3d1c1113 3d30ee0f 3e3ac49f 3eef2701 bf711fec 3ea10e77 3e8ce631 bed44e55 beaabee1 3f2fe9a6 3eb5966d 3d18b190 bf5cbf72 3f32199b bf744ff2 3f06df42 bf695dd7 3f1de575 bdbcc8d3 bea8d6d3 bf2f718a 3e03ccf4 bf37ad9e 3f21bd79 3f6ea1e3 bf5b11d4 bdad5945 3e129c4e 3f6e11d9 beafc300 3f77fc1a bf4a7fc1 3f2f65a1 bf2d2bb7 bf109572 3f4db9c8 bf6e67d0 be444d2a 3f6f860c bf6a81d8 3f39a595 3d2e10ea bf6f87ef 3f0b6581 bf4bff97 3eca1b19 bf7fd87f 3f55dfc9 3dfc286a bf075b7d 3f25d570 bebf5e73 3daab7b8 3f30bd95 be96f69b be1f8cd2 3f0e1da1 bf4355c8 3f4df9bb bd503036 bd8d480a 3f52b1a0 bf34779a bf66c7c1 3f776c29 be244cee 3f1c5389 bf16856e 3e534471 be779c0d 3f7aa222 bf4f85db 3ef9227d bf141174 bd9f0a34 3f10d57b bf65aff3 3f6a6df6 bdbec870 be83f67a 3e3b4c9a bf44fb76 3f791400 3e8e9644 bd9b990f bbaf9310 be812e97 3f516fc6 bf210766 bf1e4f5a bc6e4197 bf7401f9 3f0f634e 3f0a8771 be94de61 3f1e3989 bee7bec5 be93aa7f bd65510a 3ef42683 bf67f7df 3f3393c0 bee00eac bf08a97b 3f2b2b70 be13044a bdb3a976 bea19642 be65549a 3ef576c1 bf40658e 3f65c7cc bdec87eb 3f3d7598 bef35316 3f7473f5 bf63cfce bf6583bb 3f06317b bf3af5a5 bf3f7980 3ee42f0a be98f2d4 beae7e7b 3f64f3d9 bf3a89b7 bf6ce3dd 3ee716bf becf8b16 bf28df99 3e8fde76 bf738409 beb01274 bedf1274 3f606dea bf07a379 3ecc6aa4 3cafa6bf 3eb006f7 bf01855b bee9f6b8 3f625fcf bf6d09d2 3f4c91bd beae3e63 be9df66e bf01bf7e 3f1a33a3 bf3ebba2 3f6cd007 3c81e048 bdbf5998 3f14e77b bf6efbdf 3f6207b1 3e0dacd1 3f3fcba4 befc5eef bf06f787 3f200b82 3f185b8a bf174381 be826a61 bf149181 bf25e97d 3eaac2dd bed94ed7 3f0d0f98 bf1c876b bea38a8c 3e51c4f6 be91663b bf3a69b5 3edcdad3 
3eef02bf 3e30ecc7 3e6dc4ea bed29699 3e988683 bf69b9e1 3e413466 3e796cd3 be3c7d00 be6704bf 3e5da473 bf41eba8 3f7f7876 bf5d5fd8 3f7a7828 beccbebb 3db0d85e bf342db3 bebea2b1 bc81e3d0 bf32e7b6 3f6927fa 3e7ca49e bf48b3b5 3f0dc381 beff72c0 be72dc5f 3f2fa58c bd12afe6 3ea45682 bf039580 bef0868e 3f12a78e 3f1c2d94 bf5a61c8 3f73d5e9 bf61e9cd 3e93be8d 3f6b85fb bf12c569 3f296da1 bebc365c bf3e5bcb 3ec4e695 bee1daec 3e263d1c be0f1d57 3f12656c 3e83ca60 be4ecd41 3f78addc becd9282 3e21c448 bf16135d 3f72fde3 bf4a9fb3 bec32ad9 3ee2a2c2 3f0d416e bf5473d0 3f4089bb 3f04e361 be0edc28 3f38a9bc bf1aaf6c bebf76ae 3e7a54f7 bf1f5b82 3f5167ce bf24d388 3f6987aa bed1c68c bef3e2db 3f436daa 3e33ebef 3f4981cc bf7fc87d 3f4e09bc bf04a171 bed55a92 3f29a7a0 3ec7129c bf41d5cb 3efea2b6 bf2ab392 3e5b3c40 3f65d1ce bf5341b2 3f118d8b bf52a3ce 3f73adc9 bf3d6bbd be9c4a83 3efd5b18 3eb50a7e bdc1d7ba 3e6ccde1 3f38cf96 bf686fc0 3f7e1245 bf10ab8a 3ea8be6f 3f4dd9c8 3c224335 3f727bd5 bf4cd1a4 be8dee4d b9515599 3f6499ba bf400d92 bf265b9b ba5c0537 bf37379c 3f6999ce bf5e2dbe 3efb6e77 3f34cba1 bf401d98 3f7afc09 be9e2297 bea832bb 3eda42dd bf5d09e6 3f13957a bdbf79e0 3f1a2bb2 3dc0c80d bd11d19f 3f27cf8c bec63ada bef61ee0 3f4cabb4 bf55dfcb bd0d742b 3e83d245 bea99ac0 beb0fae5 3f0e5573 be8feac2 3e9ffa59 bedb1a70 3e04e438 bf12536f 3e5b0c37 bde75a58 3f285d91 3d63912e bf6bf5e5 3f2f9b94 becc566e 3f13af78 bed24ed5 bf40d39d 3f30c598 bed4cf08 3f751409 bf01c791 3f6027d5 bf5145c7 3eb67ebd bf63ebac 3f4ca9a0 bf079390 3f561789 bf4115bc bf009f67 3d8dba62 3e3fc398 3e2d14d5 bf6707ca 3f5cc1c3 3d48d17d 3f441d97 3f5e29d2 bf19bd9e bf1f33a1 3ef70333 bf53bdcd 3f157f8d 3f3bd39c bf732801 3f0a0158 3e25f470 bf2bc9bd 3f225dad 3ecd8ef4 bef2e2af bf0d5d8d 3f67bdec bf26818c 3f5f67be bf42efbd 3f581bb8 befe8b00 be991680 bf6287de 3f2b4580 bf75bdfa 3f649fbd 3f600bc3 be3fc53a 3ea05e86 3f5809ad bf2933a4 3f26dba0 beb182a0 3e1c9c41 3c713deb 3f243b8f 3f1bef7c bf45419d 3f7c0805 3d5bd0e5 3f2975a4 3ecd0a9c 3c014929 bba6809e bf1ecd80 3ecfee89 be620411 bf0dab65 3f5b51d6 3d814946 bf2a759d 3e226c26 3ec406a4 bf3eff97 3f4785c0 3f060f55 bf6b6bf5 3f6729dd bf70f212 3ee3beb9 bf38c9ad 3daf18fa 3eb1be84 3c474907 bf1d41a2 bf00795e beaee6c8 3f70f1ee bf033f8f be86b231 3e0f23fe 3f025d8a 3f225794 3e847e8f bedbd6e2 3f74e1fa bf41a3c4 3ec8ea8a 3f625be6 bf7801ed 3f38c7a8 3f6d1a01 bf6327c0 
bf64a3d9 3e8e429a bf404770 3f364dbf beda2e98 3f6ef3d2 3da7e90e be978a50 3e2dfc53 bcd222b4 3f1b7775 bd917743 befc2b16 3ea3dabd bf0fb78a 3d9d9845 3e7c14c4 3ef9a2a8 3d2f4ff0 3f35ab9f bdd3b7d7 bf44c595 3f3739ad bf382ba1 3f6657d2 bf19eda6 3f5909c0 bf752000 3ed61ab6 bf3b41b3 3f7509e1 be997aa6 3c69c4fe be873e5f be009c84 bea9126f 3f61d1d8 bf6c29e8 bdc33865 bed0f28e 3ee672ce be32bca7 3f41518a 3c1b433b bee76a9f 3e98c26c 3edc5edb bf70243a 3b6cd82e be6f9d2b beebc29f be2cd4a4 3f79e609 bf2c4997 3ef20e8f 3a8225a2 3f78b3ef bf33e5a2 bf486de2 3f7971f2 beca5657 bf4fbbc5 3ef5c305 bf5285eb 3f7d821a bf19eb9e 3f042588 3f22fba9 bf7ad041 3f4f6dae bf7e2456 3f34e576 3e539cc5 beb65e4e bef1c2d5 bf0adf66 3f689a03 bf674dc8 3f1453a1 3f066d4c bf0a2f90 bea79ea4 3eeb42d2 be39c4ad 3f149b8c bf75261e 3e3c8cc7 beee0f17 3f303d9b be890269 3f16fb65 bee0a6e7 3ea16e6b beaa3696 bf1b776f 3ea2aad6 bf38fdb9 3dceb8b2 3e39d456 be86525c bed75edc 3ebf169d bf4ddf7f bf52fbcb 3dbd0836 bf0abb59 3f675fbe be733cee bf1d2381 3f0fed66 3eb6a2b7 3f4c0bca bf3d4db1 3f4a0dc1 bf380bc8 3f4abbb7 bf71a817 3dca8888 3d6ed0cd beb36270 3f1d9969 bf03757f 3f7e0226 bf33c394 3edd5ecd bf7961f5 bdd77a0a 3d9d1868 bd54d18a bf12837b 3f6af7ce bf2afb97 3ed39a54 3f3b1190 bf4423b1 3ec376bf 3eab2252 bec92e72 bee03271 3f20db65 bef966bb 3edbea9c 3f0c6964 bf51f9a0 3f7a3c16 bf782807 3d4a32b8 3f242d99 bf227d9f 3d110fb1 becece90 3f65a5e0 be340d5a 3f0fc968 bf6935b2 3e67d4cc bf5591bf be29dcc2 3e949e9f 3f2cd992 bef0e70c 3f4ce3b4 bf6775d0 3f1a63b0 be9d8a80 3f617bb6 be02a4c7 be188b9f be5e14c2 3f2e459a bf1d0b8f 3ba16db0 bf7359ff bf6bd7f0 3f063d4e 3f14cb87 beba4ed0 3f3e1594 bf5d53b8 bdba08d8 3ebca6ba be18dc85 be2e6cbd 3f456592 bf44bd95 be6ffd12 3f237980 3d53b0b2 bdaab76f 3e758564 bf09b560 3ee3eadc bf074d7b bdc3e810 3f4bd9cb 3f255f95 bf04b379 3f331d96 bf3e6da3 bf70cbf5 3eb0a28b bf650dd9 3ee5d2c2 be9f9e95 bd7c5086 3ece7a97 bf6367cf 3f29ef79 bf02a581 bf503bb4 3f4fbdaa bf66f1e0 bd346fc5 bf5727af 3e982a53 bf205b6f 3ee89ac6 3d21509c 3ecfbeb8 bf17935c 3f7cce13 bf6e2df0 3d525121 3f3697b2 3dc148b3 bf223d7b 3f2fe19d bf5c97eb 3e655d2f bec182a7 3f3ec3a9 bf3c1d90 3f3de1a9 bdb9b98e 3f440587 bf795223 3da8c909 3ebb1a41 3f433193 3e8d628a be95c296 bf05755a 3f3e63ab bf09d979 bd81b77b bf785029 3f032383 be8b5e36 bce46155 bf35b9a3 3f2d5185 bf763e1d 3f1cd3c8 bef072bc bf5d8b9a 3f60f5b4 
3dbcb992 3e9d9680 3db2b8c3 bcb81fb8 be0ebc6a bf032944 beef3f09 bd21f028 3f0dcd74 beba7a79 bf749bd8 3f4e0fcf bec396e3 3f7677fa befe32fa 3f2e3569 bf66f5e4 3da5c8ab bdb7596f bf4b37c2 3ef8db0a 3ea64ada bf3d0fa9 3f4cebc1 beeb42d4 bf02877a 3f6b11ee bf6985d4 3f6c4ddb be2f3503 bf031f5e 3f224d97 bf31616b 3e92fe8f 3f39f54e bf17f950 3e2dac77 3ec2aad7 3dea18b9 3f069564 bf754fe5 3eedbe9d bf4405cf 3cc1212d 3f5ce5d8 bf5627b2 bd3e0ef6 3f15c994 3dad88d4 3f107d7b be31bc66 3e948698 bf3f51c2 bdfde83b 3ea6fa62 bf70f5ef bf1559b0 3f4ee1bb 3e6bfd86 be202bff bee62eb3 3f779c13 bed25aa8 3e83ea86 bf253969 3f62afdc bf41377d bf20819e 3eecb6c6 bd1b2f8f 3e3694d4 be236c4f bef9cadd 3f126762 bdc97977 3f30fb8b bf3c7d9a 3f42cbaf bf36c18d 3db4f92b beb05e90 3f051f7b be8d0a33 bd1c30d0 bc49c30d 3ecf36c4 3eb102c5 3d8fb87b be696c6e bdd788c9 bf6265c0 3f580bc3 bebbe2fa 3f45aba6 be413d3a 3f113775 3e962260 bf1d2189 3f0f7d87 be722c1f 3f2e0f85 beb246ba 3f6487df 3eb5d6b7 3f5c81bc bef86323 3f2ed191 bf73f403 3f3d859e bd37eec9 bf4dc3c4 3d0d701d 3db2e883 be94663f 3dcbd748 be34f46c bbf36fe8 3f47a1ae bf740dfd 3f769c09 bf7339ec 3f2ead96 bf6eb5e3 3ed49eac be81b6ae 3f2ea9be 3f45b7ac bf3cc3c7 bcf5606d 3f6a65cc bf33e9bc 3ef6eac8 bf7a3e47 3f26f78b bf4fffbd 3f4d63b2 bf6f7fdd 3f7b39f2 bdaf3952 be2c3ca7 3dfb29a6 be95da86 bea7826d 3f143987 bf69bbc4 3f4157b5 be34655d be1ff495 3ea7d670 3f2e2985 be9b8680 bee90add be7eac9e 3dd2e912 bd00cfa3 3f23fb97 3f132b7d 3ec85216 bebcc681 bf6e51ea 3f3655b5 bf7b9416 3f5799a3 bf4ed7d4 3e7f7c5e be68d588 beef1a83 3ee88aab 3da427b3 be7044e1 3e3d0468 3e66f4d5 3f41ab9b 3f71efe3 bea2c664 bea7a286 be0b3bf3 be734ce8 3f54abbe bf407f7c 3f316ba4 bf3a3ba7 3eedb69e bf5b53be 3f6b3fb6 bf00cf88 3e1bdbfd beedeb3d 3d8ea907 bf1a719c 3f6013e7 bf3b4ba2 3f5489a9 be261c07 bed99a45 bf3bcb80 3f059963 bf1f379e 3f7bdc25 3e8e7230 3ea73670 3f13bd9f bf730bef 3f5337e7 bf5fd7cb 3f49f3c5 be271d5e 3ded3975 bdfa886a 3e618c78 3f130577 be98c6c8 3f7e3a53 beca0eb6 3f302fc3 beb7ee6c 3ec19eb5 becade64 be1c7477 3db2f7cc be00a44b 3dcca99d 3c1cc502 bec3ba56 bf2de19b 3f78d5f9 bf139593 3f7ff4a8 bf44d5c9 3f60d9cd bf6467df 3f1a1587 beb27a80 bf00272a be26cc3a 3e8feaab 3f2f67ac bf26cf99 bf2d3f97 be33ccda bd4b14a8 3f695db8 bf5ec9b8 3f799bed becb3eee 3f5813a8 bf0bc579 3e22142f 3cdc9d15 3f5b71ba bde1e924 bf0f8781 3f4cbbd7 3d3cee7c bdabd780 3eecb2e1 
bf59d1cd 3f5faf8d bf72c5db 3f28ad88 bee252b4 3f6d53f9 3ed79284 3ea7ce91 bf62d5bc 3f04cb91 3f524db0 bf099d90 bbc8868d bf5277d3 3d12f000 3ced1aad 3d7fb07a 3f41ef9e bf4f8dc2 3f7f825c bf03035b 3bed9228 3efafab8 bf403d96 3f145f7a 3e06ccb4 bf294fab 3f4f79c5 bf737e0d 3f2c818a bef0967c 3e4de5da 3f1b919f bf7445e3 3f5afbd3 bf6eebe3 3eb9febe beb75266 bea26ed3 3ef70f11 be6d850c 3f6c11f0 bf071d7f 3ec94ee1 bf638dbb 3f5bfdde be13f429 be9f4a38 bdc4c7af bf3d71b3 3f4e99b5 bf022371 3f3cbd98 3eaed69f be8bfe67 3f64c19a 3f3e45af bf4de9a1 bd8df8bc 3df2e8f2 3e1cfc71 bdc8d874 be17ec82 3ed49aee 3e79bcba bf74ca11 3f50a5d6 3ef92a80 3e8d1663 bf63a5b7 3f5bddf1 bf50e9d4 3f7531eb bf5f61c9 3f48bdad bf151787 3e078462 be3d347d 3ee4fe79 bebdbae8 3f4295be bec05a90 3ed76296 bf34cb8f 3ef4d6d7 bf192d7f bda918ca bf049f61 3ed756e7 3e3bf55c 3f4313e3 bf2fc997 3e9506e4 bf7b9204 3edf6a8e bf2de7ab be3344db 3f648e0e bf30a78e be02049e 3e3fd3e7 bf483f99 bdea081c bf1a9f9e bf56f3b6 3ed002e5 bf6c5bfd 3f2c2980 3e6b6c29 bf46afa7 3f3445bb bdd808f6 be8a9a60 3f1b5172 be507480 3effcae0 bf1b9f89 3f396bc5 bf4d2b79 3f59cbea bf5c83c9 3f64adc4 bed65ae4 3ee3e310 3e42649e bf629bca bf188967 3f2a6597 3e79854d bf335f8b beca9a4a 3f11bb8e 3f118787 bf6a59ee 3f4b3fac 3d1e2f8f bed4eee7 bc8462d3 beeeca7f 3f1fa789 bebfbac9 3ebe8ac9 3e0e64d8 bee3fad8 3f63b1a6 bf215db5 3efa16c8 bee1d6e5 bdce5829 bf54b7b4 3e4374c2 3f20b7a9 3dcc289f bd5572f7 3b0b0c01 bed772fe bf679fdd bef456f9 3f78e403 be310470 3f6a43d0 bf392995 3f43cd84 3dafe917 3e02838d be8a6e63 3f49ddaa bf73be0b 3f1fe57c bf61abfc 3f49abdd bf79c409 be330c01 bf5e93e5 bd9d667d 3cd2da47 3f56d1e7 bf608bf1 3f1b8f92 bee172c5 3f32e18e bf3909ad 3f7b49f6 be8e9ad3 be45d469 3f46c58e bf4fc5d4 3f6297b9 3d9207f4 3eb48e67 bca7e395 bf24ad82 3f294f90 bf7db24c 3f7673f2 3dca2a4d bdb76824 3e66149b bf622dda 3e19cce5 bf7ee488 3e80f262 3ee16287 be007cce 3f188f66 bf6fcfda 3f00d554 be993698 3ea812a3 3e3fb42d bf40cb8d bf2d676f 3f27eb88 bf76b208 3f43c3b9 bf5a37f3 3f40738c bf56ddad 3f77cfed be985ea8 be2bec4a 3ed676c5 bd20910b 3e714c69 3f4903c1 bf6cd7f0 3e9d0ac6 bf4365a4 3e0aac7f 3ec66e2f bf506586 3f6601e5 befb96c1 3f7071fd be36acf4 bde43878 bf20a998 3ebf0273 3f073587 3f14959f bf715409 3ee616bf bef88721 be545cd1 be0f7c70 3d955868 3d4ad083 3e434c65 be53f4af bf47c3ac bd4c708f 3f414599 bf25f966 bea22a7f 3f1eff8d bf214986 
3ebd9a7b be249d22 beabaa7e 3f2fb59a bec3aa7f bf31d1bb bec41686 bf140b74 3f4d0d89 be56fc4e bf4c03a6 3eb1129f 3e4cfcc7 3f6cf3c6 be44bcaf 3ebb7ea2 beff76d4 bea89aad 3f05db73 bebba2e8 3e870696 bf48f1ba 3f5eafcf bf0f5d7f 3e2624b3 3e3e94a8 beb8de6c 3f1e7376 bf0f0974 3efc5ab4 bcabdcee bee71690 3bdd7c36 3eb8cab3 bf68ffea 3f4a25da 3f3691b5 bf58f9c7 3f310f90 bf69efd0 3ed5e6d2 bf6f9dee 3ef706ed 3eaade5e be5d54a0 3c91618d bd17ef98 3d13edcf 3ee41e94 bcae6138 beb912a9 bd7e51a3 bed6f2c4 be9eb64a bd304f32 bf6969da be0e2477 beb536b0 3f5e3fa0 bf480f9f 3f27cd78 bf5f4beb 3ec152bc bf077f86 be2a14d4 3f6d9be5 bf33db94 bee6f679 bf084d6f 3f7bd62d bf756008 3f70e419 befcaebd 3eb34ead bf784615 3eb75676 3d512d75 3e95ea46 bf21d76b 3f0f0b63 bef052b2 bf27d37e 3ebd82bd 3ec3e282 3e14cc8f be5d1cb2 3f03cf80 3ef42a65 be64ccd9 bf2bafa8 3e5264c0 beb1aa89 3e5a147f 3f5d13be bef9aed5 3f62f3e0 bf625dbc 3ed79aa8 bf121f5a 3f79a3ef bf21f39c 3f4ed5b5 3f02cf7e 3debb827 3f626ff9 be1474ca 3f4d13b4 be7bad36 bf2fdb66 3f2cb18c 3e8fe68c bead525e 3f099779 bf16298e beb0ea70 3da9088b 3bd9883f bf3553ad 3f407fb5 bf31b19b 3f4d15ca bf60bdd4 3f348bd0 bf466fb5 bd4730a0 3f06bd76 3f40b58b bf21df72 bedd9b0d 3f3a2f7a 3f29979a bf2f277f beb8da90 3f449fcc befb4ad6 be9a5a65 3e826671 3f5cc9c6 bf37b196 3e1fb4b3 be4c3d04 3e92c302 bf34918c 3f54e7b6 bf2b198b bec262d0 3ef146c8 bde16909 3f082576 3eff06ca 3d3271c4 be81eeb4 bf46eda1 3f467dbb bf05d38e 3f0b1597 3f4cf9c7 3f020564 bf6251c0 3d71afd6 bf5821e1 3f020169 bf2c678a bf0b598e 3eb252cb be22b3b9 be1b24a1 3f49b3b0 bf175999 3f6e81cc bf032d62 3f2453a6 3ee406d2 3d496e99 3f7dcc42 be8fa6a3 bf0dc397 3f143b7d bef1cea1 bd88376a bea7f291 3ecbfaeb bf580f94 3f171562 bf6bcbbb 3edd26b3 bedfbefa 3e5684a1 bf70b3ef bdb7486c bd48917e 3f2eb38c bf2b63b4 3f56fda2 bf03ed6d be274cb6 3e5fd473 bda48999 3ed46641 3ebaeebe 3ef75a78 be25545d be9f5268 bf29b7a6 3f01db98 beaa6e96 3f21938f bf55a594 3eeedad0 bf69bfbd 3f788018 3f7b7a2f bf3c0394 3eb58abb bd6ff0cc be51ece3 3e3c1582 3eb83e71 bf3a4fb4 3ea82aa4 bd18f007 bee9470d 3d8aba10 bf12b16c 3d4bcf1e 3da1a9f5 3e90e68f 3ee29aa6 3e864a63 bf19c796 3f4deda4 bf273188 be222420 be996abb be20d47e 3f3a1fa7 beec0ab4 3f4523ad bf798232 be4784e1 3f708df1 bf0c21a5 3f0da798 3e642d10 3eafb69d bf4eabc9 3eeb8eff bf12ef93 3ef76e78 3f04756a bd1690df be0fb458 bea0d2c0 3f2ca78c bf3d85ba 3f6cd5f0 
bf790616 3f060d6e 3ec106f8 bf7e9e6a 3f14f3b6 3f3e097e 3e11e4a7 3f3829ad beb722bc be9f7ea4 3f35f58d be209c2f bee6faa2 beef26a2 bedeea86 3e45ecfb bdceba77 3f153792 be87d62b bf16bd62 3f4f0db5 bc9b6038 be79f505 b9d84d32 3e97f285 bf46e3ba 3f61c1c8 bf7c8c2b 3f35e5b4 bf2365b7 3ea196a6 3ea67ec3 bea4325f 3ea5c669 3f2a01ab bf61adf3 bf0aed70 3e883687 3f5e4fc9 bea12e97 3ed1430f 3edb4ec5 bf26ab6a 3dbbc8f5 be3bdc55 3eed1e74 bf5f39b7 3f5be5c5 bf71b1fd 3f5e5bd0 be588cda 3f12f98d 3eb6f636 be78651e 3f5c29d2 3ea8465e 3ec18282 3c8f9ff5 3eb322dd bf27bd7e 3e8f4a43 3f11e969 3c801daa 3ef8f687 bea67e77 3ca2dec2 be7f8513 3f61e3e9 3ed1c6e7 bf5ec79c 3f59fdf1 bf313fcc bef55732 3f4cb1d0 3eaa523d 3f101967 bf320bbf bd2ecfe3 3f0b5b87 bf2287a0 3ed1debb 3f6089e3 be9f5e7e bf18535b be624ce9 3ee11ebe bf13378b beff8e5f 3e730cde 3ecdfef2 be264cd3 3ee2deea be210c6c bf1b3f7e bc5b49a6 be2e14e8 3f59d1ae bf1d6182 3f2245ae bf3a2f7c 3efd7efd bf4f4dcc bea4f663 befe6300 be33d4bb bea70e8a bf42adc1 3e838ea3 3ed99ad6 beb28679 bf1dbf7e be5d5c56 3e1764ee bd3b51fe 3f6157f5 be942a42 3edfcea8 3e8d5681 3dc1f938 bf039b76 3f27479c bf6211e4 3f4945a7 bed1b6e3 3f65d7c6 bf348da9 be8e0641 bcd65cd2 3f4cdda0 bf538dbb bf0ce784 3f10b583 bea11a92 3e9646ab beff4aed 3f564fb1 bee4b2e7 bf33a1a5 3f19ef83 3ef5330b bf5939a8 3f45c5ad bdd67910 bf1dcf72 3f1ad199 3f0cc390 becbcac9 bea8caa4 bd387181 bef7beb5 bf1c3bb3 3f412fcc 3d94b9b7 bdee0814 3e0d3515 bea32aa8 beeaa67f bf2e4579 3f361396 3e910a59 3ee6cf1b be2cb4ca 3f7c7821 be1344de 3f2fd3a5 bf196b8b 3e194bab bf5a6f9a 3e75749c bea85a86 be8aae67 be4e4c60 bec2365d 3c7e3ba6 bf66bbe1 be8db259 3f5a53df bf5105b5 3f5c37cf 3e80ca67 be8d123a 3f551df8 bf4a2f92 3f5d0d8b 3e9f8634 be42b4fe 3ed12691 3c811bf0 3f09235f 3f4ebdb9 bf7c563a 3f39ff7a bf7aba04 3f2eb5a4 bf3e1197 3f4a83ba bf71adf6 3f2bbb7b bf00ff6f bf2ecb7e 3e241c95 be98ae6a 3f4ad18a 3ea8d277 bebfb2bf 3eb702b4 bed09268 3f26599a be83029b 3f413b8d bf435bc6 bf5309c1 3d088e1e 3ec12ab8 be09d51a 3efb52a1 be929e43 bed8b2e2 3f6a1baa bf5b0db4 3f5847dc bdb849f7 3f00f56e 3decc958 bdb5a8af bdf007fe 3d86a9c4 bf53dfa8 3e5bc490 bf1de99f 3f3633a7 beac667b 3f2bed6d 3e94a672 bebae26b bef84ee5 3f2fcf9e bf7451f9 3f071d6f 3e6724a3 bf349bc5 bcdda034 3d4f702d bf31ff89 bcf95fde 3f43419b bea52e5c 3e96727e 3b8c70af bf5e79f4 3ea8068c 3ba991e6 3e409bf4 3efcaa7b bf712c14 3ea9dea7 
3ee2cf07 bf1fbf6f 3e2b44c1 3f160580 bf062b9f beecceff beb64ae8 beef9b0e bcdba5b9 3e6fc501 3cb6dec6 be1544c7 3e804a58 3f1e838b 3e0a5c75 3b130132 3ed856c1 bf7b6e3e 3f119f58 3e464d0d be229b95 bf24e5a2 3f6f49f2 bf5849d4 3f76c1f7 bf4303c5 3f5217b2 bf3209bf 3f70c7c2 bf12377f bda2a895 3e57bc7c be73549c be95ce79 bee3768c 3f28a18c 3f5599bc bf7db458 be283475 bf54bfb4 3f2b419b bf346d78 3f0ccb57 3e822a4c bf2dd596 3f5b21dd be8c164e 3e70f4f5 be94764d beca3ea7 3dbc694c bf4209a2 be569460 3ea5fedf bf3b23ae bf6805d5 3f137354 bf2a5988 bedb9e8c 3f7b1a0d bf14e57f be2ecca5 bf7251e8 3f3c2795 bf2f5f94 3e95c239 3e9b86af bf4d37b1 bec81265 3f6a95db bf7cde23 3f4d239d 3f08a770 bf3fc39c bf17537e bf1f6f53 3f3a2581 3cce9c80 bf1f2ba7 3f7c862a bf5e9dc5 be81766a be966e50 3f6227b7 3e2e8cee befd62af 3f7d0020 bee516ca 3f4bd594 bf46b5a6 3e9782ca bf1a3b8f 3ecdb31b bdf638d6 3f2ca9ad bf1c7d87 bea292d9 be62a4d1 3f3b8994 bf6f4fe6 3f25bd73 3e1cc49a 3edf66c8 3f3745da bf007569 3f773def 3d2e3173 3f15ad9f bf5e2fc2 3f3ed39d 3ecbd2c1 3eb9aa7c 3ea89a61 bf46eb96 3e32bca0 bf6b2fde 3e9902d7 bf77742e 3f45edc0 bf5293e7 3f6d87d5 befaeeb7 3f30a994 bf79c9f3 3e8ffeb6 bf08fb5c 3f271b80 bc1b3b16 be3fe4a4 bb937180 3f69e1e0 bf0bed91 3f36279d bf3c7f80 3f378faf bf7ab226 3f6af3bc be083d36 bef07a90 bd0a0f80 3eeb9aeb bf736e16 3f540fcb 3de4899d bea01ab7 bf154f83 3eb7c665 3e958a7b 3baba508 3ea4767b 3f6ad7d7 bf7b3218 3f34f79a bf5be3c9 3f3dbf9c bf35339e 3f76d409 3dba08cb be78c4c9 bf054b85 bdcd987e bee7fedd bf07b195 be2ffce4 bf38119f 3ecf06e9 3f270793 3ec9ba89 3e9ade9e 3d8f07de 3e1283bd 3f47c39f bf0ceb8b 3f15bd83 3f45f9ad be7f2be9 3f104391 bf1a436e bd85b8f5 bf3e65b1 3ed5bea3 bf73f5f9 3f7f7a6a bf7e1e5d bf0c8d6d 3ed0ceca bf212768 3d2c8f56 bf66fde6 3eaf0eb8 bf37cb8a 3f7e5c3e bebf0e95 3f1bb7a4 bf315386 3f49a3bf 3dd3582c bf2e437c 3f682bae 3cc39d62 3eea7abb be871210 bf5c49c2 3f19977f bf6135dc 3f5937f1 bf53cba2 3e45b4a6 bdd2784a bf27699a 3f4fbf8a 3e87c671 3f22178f be872a66 bf6ae1e0 3f004f79 bf2b9d7b 3f5b45c1 bf5eb7b3 3f17979c becfce69 bf55b7ba 3eb712a3 bf45616d 3f7ca051 bef3c6d0 3e228cc6 3e8676a8 3f0a119b 3eb7fea5 bf1a8950 be576d17 be1ebcca bf018f6b 3f1ad75d 3eda36a7 bf46c9bd 3f76a609 bde36766 bd8319c1 3e0623e1 3f4059c4 befdbec6 3f7e7c54 be72e46e bf400b96 3f3f93c2 bf5c51cb 3e3a1cd8 3f7a4c2b bf2901a6 3e935a3b bf504d94 3dd66a95 3efadab7 3e4c9c64 
3d2bf1fb 3f246b56 bf531bbd 3e256cfb 3d4a1234 3f0abf71 3e12cc62 3f15c778 bd80c758 3e91ea32 bf6979cd 3f105793 bee772b9 3d9868fc bedcf6de 3d267257 bee36ea4 3f148b7d 3e7cfc58 bf6ee5f9 3f6de9f3 bf182172 3ed13f1d bed31e97 3d6d8efa 3bfd7a53 be8146b9 3e318cc3 bf3235b3 3f2d3d6c bd48d13c be5a2c98 3db9e893 3f3a09a1 be297c04 bede8eae beff8a9b 3f5361d7 3f03bf77 3e15245c 3ed3cae1 bf6cb9c6 3f353f74 bf136d7d 3efd633a bf232779 be1af4f5 3e514c76 3dd8a91c 3f555fc0 bf06717b 3f77b7f6 3e925ac0 bf3179b0 3f73941c 3f612fc8 bf51d5a1 3f55a7ba bcc7225a bdbb59e2 beb2caa8 3f6d81cf 3ead2e41 bf20a786 3f7d241a bea3fe5a bef3c2c6 3f7115f1 bdc238bc bf099375 3f372fa7 bef71a78 bf11dd48 3f2a079d 3edafa92 3f6221c2 bf7b1a32 3efc32a9 3db778f1 bf047569 3e9e426c 3f27c95c bea14a85 bd365283 bee5eb07 be44f4c1 3d9c5746 bf1a3171 3eb43ae1 bf2a7185 3f6783c8 bc9d6429 bebdda70 3f3d4db4 bf7071f6 3f24697e 3f1a5979 bd4a90bb bf25f17d 3f7d644a beda9ead be297428 bf2a5b7e 3ccf22b3 be8b3268 bdce1874 bef57ec6 bf0d0d73 3f31af97 bf6621df be0a449b bead4250 bf420db1 3f7dd44b be09cd0d 3f0b5197 3f30c99d be6a2d7e 3eb4deb8 bc8a2781 bdd6288e bf122787 3e3eec18 3e32c4e2 3f078592 3d3a10ae 3e03c4d0 bf084171 be3bf52a 3f06ff62 bf55c9c4 bd36320e 3cb55b4f bed46ea3 3f33df9e bda527da bf1df78f 3f0f4567 3f0ec58f bf4ed1a8 3f015380 3f017962 bf6c2bf7 be9d36a4 3f63bfcd bf26358d 3f573dd9 bf5f43db 3ef98f23 bf76b5d6 3e496ca8 bf0f1d79 3f02997d be8d7e5d 3e54cc28 3f0d0569 bf38b78e be71e4dd 3f6b03d7 bf1d1d7c 3f6a5fd5 3e834642 3ecb12c8 3ece6707 3f7db836 bf5271c3 bf20037e bf0a635c bf1a875d 3ec5eaa4 bf5455ce 3eb06e51 bf0c0583 3e09c4db bf79f205 3ee57e81 bf7553e9 3f2f0581 3e80e22e 3f0a3fb3 be12d48a 3f2a717e bf4d0db1 3f5543cc 3f4f0ba0 bf1c2d7c 3f5fb9e9 3d30ce94 3f1ba396 bed79ad2 3f7465eb bf6af9e1 bf0aaf52 3f4fd5c6 bf17f367 bcd69dbd bf041759 3f76d005 bf65e7e5 3c8421c8 bf0bb97b 3ef462b4 3f4c4db8 bf659fe7 3f3c9787 bc8c26ac be9a5247 3f65d9cf bf35698f 3f5e97d1 bf26f568 be14b3d5 bf62e1e3 3ea3ea7c 3f6431cd 3dbf0810 bc7a4323 3e4c4555 bd8858e0 bda2886d 3ea9f64a 3f4e61ae bd1fb02f 3e8d5e8d bf62539a 3e49ac66 3efbe2eb bf099f81 bf0fd17d be901667 3eeb06d7 3ed16a4b 3ec4fa9e be091466 be808eb5 be7c6d45 3e4a0ccd bea36aa1 bf4917b3 3f1aefa0 bee70a2d bea5d64f bd98b8a6 bf7541b8 3f45b1ac 3c26bc34 bee32eea 3f6909e3 be784d29 bf7e4a5d 3f396796 bd88b888 3f7dc424 bf5873b8 3ea1b69c bf4f49e7 
3efdff20 bf2cd795 3f6dbdd9 be839e07 be35646e bca0e50a bf13d156 3e593c98 bf7a0c1c 3f485188 be77156c 3f4187cc beb63aa4 bf17838f 3f63f5ca bedc1e77 3f43b7b7 bf4955bf 3e66cd67 be781509 3ed46e8a beaf8290 3f1e0583 bf25eb72 3f3d6ba0 bf1abfca 3f1d6b87 bde95783 3edaf26d bf3b5b98 3f19d39e bf0fed68 3f22e798 bf6e05c6 3dcb980a 3f7675db bef232ed bea92e02 bf149b57 3c8be2fe bec62a7a 3f5995d2 bea64678 be58f4e0 3e65cd07 3eec46a2 be33c50f 3ec69ac6 bf413d87 bebf871d 3e9cf6c9 bf3fc799 beba16c2 3f2fbfc5 bf797c28 be907a16 be8e621e 3f3a9d86 bf73d430 3efe86ad bdb698f0 bf3145a9 3ecd9f3a be0e8c3b bf6b9df9 3f014d7e 3d9e3a32 bee216bd 3e6c0d3c 3e25cd31 be1cc4dd bebc0e4c 3f684fc6 bf5ac9c7 3cc35d43 bf209b80 3eab069d be58ac85 be7314ac 3f016d6a be0f8bf6 bf07036d 3eeea2c4 bf1d478b 3f7d1242 3e26dc47 bdcfe865 3f2fc3bb bf1a9b84 3f695200 bf7b0624 3d148eef 3e88aa80 bf6875d9 3f7a663c bf6ca1dd bd9bc894 beb836a7 3f3bc5ce bf5837c1 bb5af0b5 3ea31667 3f3a8bae bf301b9f 3f7e8e43 bf3a2b7f 3f747a0d 3ea3ce99 be958a84 3f6737cf beb4c23b 3f5853b8 3e6b947e be8bca31 be9366ab bee442bc bed946f5 becd4a87 3ece828b bf4415aa 3f362da0 3e0e3360 3ec77300 bf5001c8 3d978a3b bf46a9e7 3ea80a70 3e074b83 3f5025db bf5fa5ba 3f7ade46 bee8ceb2 3f4b2d96 be983e8f be6b9c81 be94c6b2 3f37258b bf451796 be94ba60 3f1d1799 becafeea bf0e517f 3f7639d1 3ed4aeb2 bf2a9b92 3f206195 bf1d83ba be04e4aa 3f315bae be1ddbec 3f144daa 3dabb8d2 be01c4b1 3ef492ff bf333baf bf219b9a 3f4dbbab be5284bd bf4b5f7b 3f54edb2 bf6f4bd4 bee452d5 bd6411c9 bf70c1f2 bf4489c8 3f51b9b2 3f4003b3 3f37d3a1 3ea88ab5 3e937e29 3e0db515 bed1ea71 3f6c23c3 bdbd27e4 3e948e92 3e834256 3e647c9d 3e9fca42 bf7721f4 3d535209 bf11f59b 3ea6169f bd8d3842 bebe7ad6 bf4425a0 3e24743c bec152aa bf593196 3f289b8a bf2aafb5 be2f0c88 3f1aa39b 3f3147c4 bf79bc21 3f228daf 3e0c53fe 3dcc57f0 bf13a39f 3efaf6e9 bd7d710c 3f61f3ec bf709fe2 beb1ca54 3f4be7b7 bed7cb11 bed22664 3eead2fb bebfa2b8 be8e126d 3eba7294 bed10a5c 3f32d19a 3f0be567 be3f5436 bf4125ad bf13db7b 3e8b1e66 bf162398 3e0b242e 3e9d7ac3 bf5f7fba bd04d027 bf6e4603 3f2215af 3f16d35e be1b54a7 bf210fc2 3efbf69e 3f19b185 be224c80 3e47352f bf686bad be039c59 bd9dc951 3f21e799 bea43a2e 3e75ec32 3eb9b2bc 3f408dcf bf17ed7e 3f088b71 be4ef4db 3f5349c1 3f4629ca bf7eb61e 3f1f7f8f be32a4fe bef8a2c9 3e8b2698 3f3edfc7 bf17237e bec3b641 bed9cedb 3ed9f6b6 3e99c292 bda9b833 
be0d7c7b be56cc94 bee066e7 3eb366d6 be5a9c92 3ebb4665 bd32d35c 3e497d1e 3ef06b03 be773d27 3cbc9c6f bf5d37cd 3f14e163 3f5dfdb0 befcfecb beab5ed0 3ee342d7 bf1e2f8f 3f4d5b8d be827270 3e8f468e bf728df6 3f129989 beb756b1 3ebdfe93 beca42c3 3e941e68 bf7eae4c 3f6c79d9 bea23690 be7164f9 3f2b5d77 bf6577bf 3f2c43bf 3d8af8c4 bf79ae14 3f064d57 3f260fa2 bec35682 3f7bee01 bf7a5840 3eb4ce6a be88868f 3e8d96ca be1664d0 bee912f6 3e516c95 be6085b5 3e156c63 3f681fd0 bf4e03a9 3f7c741a bd96e807 3e3a1493 bdbc78d8 3f63a3e0 bdbc1868 bf0b4b32 3e42ed12 3e764cea 3e6814c9 3e326c78 bf6645cf 3f4f27a4 3f60d7c9 bf4523d2 3f1d9365 bf2b0368 3f04c38d bf5a01cd 3f731ffa be81bacb 3e5d6cc5 3ad64673 bc183f5a 3e255c7b bdbd58b7 3f7d501e bf6a3dd3 3f3681b1 bf445fad 3efa7b25 bd368eda 3e556d18 bf209f8d becbda82 be5d3d23 be5b5ce5 3eac56b7 bf160d74 3f4657ad bea69e7c 3f40c99e be598cd7 3d014fa3 3ef86666 be4abd71 3f20f987 bf2a01c5 3f3057a8 3defc82d be4d2490 bf2829c4 3f4223cb bf3ac99a 3ec01ead bec4daad bf50f9ad 3e5f4d55 bf1bd59b 3ea7ae91 bf7f2037 3ea54a89 bf009760 3f32a1a7 3dce1928 3f002b77 3efad27a bef96ae7 3f72ebe4 bf775dd6 3d87e8a0 beab1291 3eed627b 3ecd7b04 3e7d8568 3eb706da bf7c502d 3e959684 bf5053a7 3f50e3ab bf4571d8 3aca32ab bd64f0c5 3dedb959 3f3c4b84 bf43d58c 3f56ff7d bf136b74 3f3e7393 bf3c1182 3f742e2c bf27099b bf72ce0e 3eea82bd bee2232e 3f29cf9f 3e73ad2f bf2b0f9d 3e8b46b0 bf734bc6 3f33ffa4 bf5819b1 bd400fd1 3f43b3c2 3f199565 bf2af1af 3f645fc9 be56bcd1 3db47906 3e50ec44 3f1c6b97 3e8ada77 3f5c41b7 3f4d93e1 bf6695e2 bf43a196 bf4037b0 be6f3c64 bf409996 3f11dd78 3dca787a bf3299bb becd06de 3ec62660 beda76b3 be8ae62a be829e42 3e857a70 3f2f7f87 bbad90fd bdd4ea56 be98e6ba 3f7e303e bcbda0ae 3f05c764 3e10c40e 3f5827dc bf6623d0 3f6861e0 be0f9c4a bf4a25a5 3e6ce50f be81b2de 3f1acdaf bf7f0261 3f31938f 3dbaa8b6 bd684f8f bcc920a0 bf451da8 3f2cd3bf 3ee8fee6 bf731dd2 3eba1e9c 3e98b24a bd6d5247 bed51ecf 3f4c57bf becac705 3dadd7c6 bece3ae9 bececac6 3d0f3120 3f4107a6 3f3b73a9 be8fae63 3f5ad1d8 bec74ac4 3ea4d674 bc2ebe51 3f47d1a8 3ebb3a92 be954e8f bf6f7009 3f17efb2 3e73d4b4 bee41aae 3e043cd5 bea5eecc 3e15e43a 3ebd5aad 3ef92eb3 3d9df8e1 bf1b6d71 3e9ba641 be686d04 befb029d bf4f3398 3f4199ce bef152b5 3e89d2a1 bf76dc1f bf594ba0 3f5d81c5 bf50dfcc 3f353786 bdd229d9 bec59ee5 bec24e77 3f6d0bdc bebe9ea7 3f7cd618 bf58dda4 bd27d112 3ced60e4 
3f636bc4 bc86a2d9 3f41f3c1 bf5b29b3 3f153f91 be904ab9 be80f21c 3f07c790 bf5761cc 3e41ac7a 3df45882 3f2afdb3 bf53e1b7 bf1c3da4 be19dc59 3f187785 bf163f6c 3f23738d beb0c26e bf18dd6d 3f02c983 3eb0627e 3e712497 bf3093a9 3f344bd0 bf606bfb 3f77f418 3e192487 bf38b1a0 3ef60b04 bd07affd be8d9666 3f2275a4 be9ce26d 3e771cd2 3dcd08c1 3d859930 bed5fed1 3cc4e3c8 bec876fb 3f46199f bde4b992 bef50ace 3f42739f bf092b4a 3f0a8352 beb7ba92 3ec0cadc 3dfdc8a4 bf321599 3e8c52b8 3ce7dd8f bf6c6bee 3edb4ac9 be984a6a be9ec247 bdea88db 3ea61ad1 3f203f86 bf6123e3 bef2c274 3f3a138f 3f113f7b bf2c5b9e bf6e63bd 3e974e7c 3e1394a1 be30dbd4 3f6e55f6 bf4f7b99 3ea2aed8 bf5223b5 3d394f4e be045c5d 3ed1f695 3edf42aa bf4803ac bee2c697 3e0044f3 3e2f3bdf 3c899da8 3e6ded42 bec93ea7 3e75d512 3dd2b8ea 3f47ada8 3ec596c8 be474d8d be1574ef 3e9d2a63 bf015d82 3e1c8c50 bf58db98 3e82a656 bd3e6d43 bf069557 3f271d7c bf7d045b 3f44d3aa bf5165b9 3e78bd58 be923e66 3f3f55b5 bf5bd9de 3f2a639f bf249992 3f6839f1 3d826848 3f757618 bf62abf2 3f6871b7 bb8584a4 3e4f0cc0 3debc7fb bc3fbdf3 bec162a9 bf07396e 3db2a965 bf135b81 3deca926 3e0fdce6 3f1a459e bf153b72 3ed85abf bf3df192 be883677 3d67b127 3e120c95 3f5b49a6 beac1e92 3e8ab686 be46ccbe 3eb8aa5b 3b83868d bdf85863 bf3f5f87 3e2e34b1 3e047ce8 3e462436 bf2b8b86 3f336d88 bf7ee07b 3f3feba7 3f0d8d75 3f5b3fba bf7135f6 3e9deab8 bf7f9a72 3f749df9 beadb6c0 3f45679c bf15b95a 3f602bcd 3d12d0de bf53f9d3 be7564b0 bdaca815 bf66cde5 3f287f8d bf05df98 3ca11a0e bebc026c bf325588 bf376fb4 bf26499d 3f6059c9 3f0dbf6e 3f5019a0 3ef7bea2 3e36d432 ba4b80ce bf23855d 3f5ef3e4 3ef25746 bf12f189 3ebbfe9c 3c86a1b0 3f7d222d bf4931b4 3e821a95 bf6b8be3 3f6957d3 3d8b78ae bf798e0d bd82a9a2 beab22b8 bea90277 bf2ea982 3f674de7 bf48a9aa 3e980278 3f2ee17e bf26a198 3f31fdc5 bf50cdab 3f0ef366 bd880866 bf6dabe3 3f22b59b bef3d6db 3f6357e9 bf13b997 bdd8d774 3e87724e 3f15b97f bf76d431 3ee432f5 3e8b5af3 be7b0532 beb83a98 3eab0e89 3f1cff8a bebcfef8 3f05a15f bf7ff2a3 bf1f0995 bc2238d8 becd164a bf04f974 3ee65eee bf277bad 3c8ee58b bf63fdcd 3f27f977 3f242b71 bf6ca7c0 3f783a3f bf6abdf5 3f0b5d96 bf2e5bad 3f6853ab bf7eda5d 3c4c4bf5 bead4a71 3dd27772 3ed02ebf be6bd554 3f4f039f 3eb61a8b bda037f0 bf107b8d 3ed0d292 3f6a35d4 3e0c6ca7 3f37af6c befe7f12 bd7cd220 3d23b221 3f5253d1 be9cb658 bf57d5b9 3f397391 bf3757b4 3d1deed5 3f5fffe2 bf683fff 
bf05fb99 bef9b2d0 bee142ff 3f651a00 bf6a47e3 3f2da7b0 bcc25baf bf4a8bb4 3f7dba36 be46653f be55546a be6d14d7 3f5303b7 3ec02687 3efb8e94 bec61a7f 3ec602bd bf498d95 3f24ed8d 3e1953e5 bdce4855 bf0a255f 3c1c47ca 3e849a4e be372d0b 3f20036c bf6ff9f1 bdffd89c 3f5cbde5 bf5c03a4 3f40eda0 bf635fe0 3ebd66e5 bed38ab8 bee3a6db 3f5c43b7 bf6b5bd9 3e369d01 3ec8cae1 bd687167 bf6ce9c7 3f2edf8c be980a79 3e27fc06 bef0c2df 3ed70e6b 3e10acb0 beffd2d8 bf1adb9a 3f7c1062 bf4389a2 3f0eeb72 3d630f73 3f4aab99 bf5d5dce 3f6349cb beb53a87 3cc461a5 bf3ea98d 3f63b3ba 3e897a7f bf06d95f bf6db1c7 3f5e8dca 3f324598 3c363d6d be1f545b be2b0bc1 bf457dca 3f3b8381 3e57144f 3eb12285 3f0da59d be03d3fd bf2bed9b bf07cd6a 3f5bc1f6 3ed7ca52 3ebaea88 bf5787c5 3eafaaba 3d49af5e bf09eb7f 3f0f5379 bf1b8b7c bebf9a97 bf6365d6 3f566796 be59fc34 bc84a65e 3e832662 3eb4a65f 3b68dab8 3f626be3 bf77f1e6 3f7ab20b bf71fa05 3f4e1990 bd1652f0 bea7aa86 3f71d7ea bf7233eb 3f5535d5 bf30038b 3f491bb7 be18d4eb bf0a6155 befddf30 be7a94cd 3db8f872 3dca19ab bf4a9d99 3f16376f bf2af7ae be34d416 3f62de11 bee5baac 3f47b1b7 3cb3da1e 3eb87241 bf2eeb9e 3d87c949 3df808d4 3da0c7e9 bda12980 3f1867a7 3e2af4d4 bf14f98f bf13257b 3f0779a4 bf48cb9a 3f4797a6 bf225d71 3e4404cb 3d943773 3f3d4594 3d6050f0 bf279591 3e7b6d52 be6d6412 3ec49e69 3ed05255 beeef67a bf3e8fa4 bf6e97c5 3f775a20 be3984bc 3f7207b7 bf3907b3 3c991e71 3dcdd94b bf232f73 3e86f65b bf22e1a6 3f5f33dc bd878904 3f6539e2 3ef0e28b beb60e7a 3e23a4af 3eb62ac2 bc674daf 3f6e8ff2 3f3a3796 3e40d49d beecaeb6 bf086577 bf41cbab bf133f99 3e569d25 be8bc28e 3f15b59a bf01ed68 bedfce99 3e12e4ab 3ebe1aab bf069364 bf1a4571 bd4df334 3e57acd7 3eaf3e86 becc2e82 bf133371 3f5a11cf 3f59b7b6 bf266791 3f6c9804 3ec5626c bf151f90 bd96d8b1 3ed2ceae bf7a81ee 3f78f010 bf3cadd5 3f5a9fd2 bef146bf 3e8d527e 3ee352d9 3ec6dece bf3bd1a1 3f09b761 bf400779 3f5359c9 bf142343 bef696de 3f3eb3b3 be22ac10 bf17a57b 3da5091d 3f0baf7f bde4e9bd bf7cc02a 3f213d61 bead92b3 3f259b9d 3f6db1db be55ecb6 3f18ad52 3ed6bafa bd77ae8d 3eac7246 bdbd4881 3f58d9b5 bf6a2e18 3eee269f bea23e48 bec83ad7 3f17919f 3e7bec35 3e99ba8f bf248789 3f0e9f85 3eba867a be4a2c7d 3f4e35cd bf3fdd99 bec08294 3e5f8c9b bf6cae0c 3e81c27c 3f4639a6 bf1cfb80 bf2d799b bdd8186d bf784e34 3e99d265 3ef11b29 bf300fab bf1abba9 3f57a5b8 3c513eee bccf215b bea49287 3f5245b2 bf5aabdc 3ee402ac 
be7d5db0 3f7afe0b 3d4570f7 bf290b8e 3f75f1f2 bf7a403b 3e9a71cb 3f48e7b5 bf557bcf 3c929c32 3f058766 bf30d9bf bce763a7 bf6bf3e1 3cbd2152 be823a8c 3c193c03 3f3f45b7 bf1d1168 bdf199e3 3eb6be7f be6aa4e1 3ec64e45 3d35f124 bf136583 3e332d0f 3e8fc6b0 3ee2e708 bf5e5dca 3f267b9e beeb36ac 3f4b85ca be304406 3e8659c2 3efe6eea bf46117e 3f460b81 3f118585 bf7cc21e 3f48e1d8 3e5e74eb bd26315f 3b958839 be6874e9 3ef482af bedd4aba bed8aaa6 3f514bdf 3f45b598 bf1fab83 3e81866a 3d001198 bf17296b befda6a1 3f3387b7 befd82a0 ba2b9ccc 3f0beb8a bf30ef9d 3f34a5aa bf6dfbe3 3f4d97b9 3ed196cc be5bcd34 bf5fb1a5 3e1f1ca3 be9a3694 3f3a4789 3eabf28a bec276b4 bf6f29e7 3e641d65 bf716dde 3ecfca89 3ecbbabb 3f4d8b92 bf598fc0 bf164587 be88b28d 3f7129f4 bf4c3dd0 3f079557 bce821cb 3e7b8cb6 bdfa98fe 3f5e69d9 3e67a4cc bebffa7e be8a9634 3ec8dac4 bf310b99 3e015432 bee7d2b0 bec3d28f 3ea35e9b bda46878 3e9cca3b be8ff30a be6a1d4d 3e8b9eb8 be2cf460 beeb46f1 3f3151a5 bf21dd7e 3d3a50e4 beded28e 3f30d7ac 3f7845ef bf53adab 3f6ebfce bf3eab7d 3f07bb72 be220c46 3f25c58f 3d7e8fc5 bf3693a5 3f150557 bf34ff9d bf02df66 3f085d79 bf01ff89 3f6fb1de bf4ce794 3dfcc9b7 3effc6aa bf51db9a be308469 3f2a53a3 3ea83ed1 be9eaa94 3e7a9420 3d412f61 be3ddc4a 3e75e4a0 becec6a2 bf0a2d88 3eb33ebf be4954aa 3f6507ca bec38ea4 bd9ef8e7 bf7711ff 3f527bb2 3f540db5 3ec73a69 be610d37 bf229f9e be590caa 3e526ce3 beb4a6f4 3f2501bf beaf4e5e 3f5fa3ac bf4ab792 3f435395 bf6c6a05 bf1b7360 bf26f186 3ebb5650 be58753c be1d2cab be9e12ac bf119170 bf6c49f9 3ed41a97 be92be44 3f6a37ee 3ea1a6d8 3f029b78 3da9986b bee44694 3f179b86 bf5373bd 3f7a3e16 be185472 befd4ad0 3ee75ea8 3ee6e701 3f560586 bf431dc8 3eba5acf bdaea90b 3f6d7bdc bf66c3a8 bf3eb99e 3eb97a9c beea92b0 bf2b55bf 3ef1b6b8 3f4d4196 bf72b7f3 3f4715b5 bf17b193 3e6d4d3d bf5571c9 3f3025a9 bf158389 be926e93 beea3a7f 3f1eab9d bf022559 3f5737ae bf7f8a94 3f78fa12 bd65cf05 bea666b0 bd95086f 3f31ddcd 3ea06a7d bf76ee1f 3ec32e6d 3eb3e2c7 3e908a76 bee33aca beb8e278 bf29e9a4 beb3729c be050416 bec5cec5 bf38816b 3f38899f bf7ec65d 3f2e998c bed05b08 be14ac5a 3f2c1f59 3e0fac38 bee76285 bf3331be bd180ece 3eaf7e5b beb11a67 be757d32 3dcde894 bf6763bc 3f05357d 3f6bf5ea bf29876a 3f4753b1 be9e6e3c bec8deac 3e58ad16 3f18d579 3e6d0cc5 3f21d188 3e76a451 bf04eb57 3f6a63c4 be54d4dd 3d86d973 bf389b8f 3f73a414 bf0b1b8b 3e82de37 bf3567a1 3f7d0631 
be0fa3e9 bf7fd27f 3eb65adf 3db22915 beec3b3c 3f272b86 3bcd8439 bf75bbe3 3f50c9ce beaefeef 3e506442 bc6842d7 3f7b043a be5a7537 3f3321b3 be991270 3ec05ea6 bf61ffe3 3e921270 3e9a761d beaeae27 3ef61e99 bec2c297 be78b521 3f2aff99 be529cd5 be973e3d be76fcb9 3f10875e be91da52 be461cea 39c79276 bf6629be 3f5ffbcf bf7efc42 3f0ba979 bf46bba5 be3ff4b7 bd4f30f4 3c9f9e85 bedfe29f be6373b6 3ea096b9 bd126e8a 3d33cf7e 3e0ff47e 3efd76c4 bf6befca bf3013c3 3bb885a4 3e6ffd18 be52fcc4 3f31c19d 3ed896fd bf4d79c1 3f43a7af bf55a398 3f462fbd bd3c2fba bdd1a980 bf01216a 3f1f1780 bf6d6005 3f065373 be178c01 3f35a5b0 be956e65 bdb6c85f bf4d3da0 3f552bb0 3f0a9980 3ef89e8c bdc8389a 3ea272d4 bea27289 bf63bdcd 3f3cb38b 3f710dc4 bf524fa9 3f1b6f83 bf01ad59 3ee37e9a bf2b31a5 3eb546a3 bf58d1bd 3edc8ee0 bf515ba1 3f7f747f bf147b81 3f774805 bf5031be 3f5ce7cb 3e3ced3d be041523 3f00db58 bf13f95c bdae09ee 3e0e544c 3dd91805 bcee21ec be9546a9 3f6d51ef bf6fadc1 3f00057c 3ea55e80 3da2a975 becd96a6 bf79c806 3f28a779 bf09498e 3e85665c 3eb01e69 bed5e317 bf657dd0 3f1e8786 3da0388d beea12d6 3f7d8e02 be7ac557 3eb052e8 bc5ec8ff bf1c1b79 3f1fd5a2 bef5da71 3e634cf7 bde5e7dc 3f14d57c be9c7628 bf5047a2 3f6793df bf07557d 3dc4493a be9b82b6 3f42c1a8 bf0f6394 3f7bb03d bf3ab3ab 3e77450f bf13cf68 bea7429c 3f3269c5 3f5401a6 bf490dae bf13ab9b bf28f786 3f333183 3e9ae2c5 bda657c2 3f13b18b 3d9607a5 bf2a5f88 3ef66f07 bf5cf1aa 3f2c9b74 bf5621c5 3f7027ec 3eeae694 3f70c1cc bf1e6984 3f37bf9d becc22ce 3f25e9a5 3efda711 3ec96ac7 3b490fd7 be353c07 bd3a8fdf bf52bfd1 3e7a3448 bf32fdad 3f53fbe0 bf3985a7 3f4a67cb bea08eab bf13a993 3f5181d0 be3f84d1 bf5c1dc3 bf0a075e 3e0753ef 3db17746 bf07298e beb532ca 3f2de7a3 3dad9961 3f16136d 3bff831a 3ee66690 be329cbd bf579bc1 3ea876b2 3f29958e bf567fb0 3f60e3d9 3f186392 bf4f43e2 3efe8ac0 3f4ba1c1 bf03ad93 3f13a581 bf0f1376 3c88a066 3edf7eff bf354777 3d8a1893 3eeb870c bd9c2955 bf3f9782 be86c1fb 3f27178d 3db8c89b bee81719 be769d4e 3d446d8e 3f5eb7eb 3e092424 3f790be0 bf0b2175 3f5015b6 3eeb2a93 bead3a9e 3f1ce5ad bf391398 3f1ec97c bd288d3b bf16a17b beac8286 3f614de7 3e931289 3ee6db0e bf0bb16f 3f3f91b6 bf198570 3f399d82 3ec0c2b3 bf0b8981 be218c98 bf27fb95 3f79782a bf4b03d5 3f694dd0 bf492dd0 3ec7e2c3 bf6339d5 3c0b3c4f bed63e6b bf2c3792 3f4ef396 bf6f5fdd 3f5e6fcc bf156d76 3e8c3667 bf24cb8e 3f4a69d9 bde6f8c6 beafae49 
3f19618f 3f42b780 bde7290d beaef6ab 3f2cc986 bf501f80 3dd8f844 3eb98296 3e2a749c bee89eab 3e9d568d beaf5233 bf5019ac 3e4ba4af bd1d100e be88ba4d 3e2fbc55 3ec122a8 3e9cce64 be4c75b7 bf40039d 3f485fb1 bf5dbfb8 3f7a0220 bf2bf7bf 3d4b319e 3ec9b270 3dedf9fd bf23cf93 3f3d01bb be92ee6f 3f150178 3edc0ab9 bf728fe5 3f6111ca 3e2e0c0f 3eb29a6e bdd2f942 3f770bf9 bf481384 3f6d2ff9 be7f9562 3e5f0496 bf012b4e 3eabca41 bf7c6a13 3f3693b7 3dff3933 3f6fb7e1 3d2caf11 3e2b94a7 bf298f8e bd91b896 beb9a67a 3de1b7dc 3efe0325 bee1c2a1 bd16ef11 bf57c9be 3f7643e3 3eacce8c bf016777 3dcf0884 3e5d6498 3e8f827f bf32b777 3e8cc68d bded6931 3f15a98b bf222bb9 bec392e4 bf69ddd7 3f5c83d6 bf4c11b9 bd12301b 3f6d6614 bf5cddc1 beba42a6 3f105f83 bf1a3f7e 3ebb4e1e be752480 3e67acfc 3e4a4bed 3edec692 be633c82 bec7d666 3eb1629f bf40bd94 bc5141bb 3e7b0cb6 be560510 bf4d9ba4 3f3b018e bf3a5b91 3dc6f892 3f4a73f3 beb34655 bdeec891 3ec002c3 bef67abc 3ec7ea90 bf0d636f 3f41a196 bf5cbd9b bd2070b9 3f2a3fb6 3dc80a14 3f07a184 bed72eb4 bc69bed9 beae1a95 3edacabc 3f2ca162 bdf5fa1c bf11e574 3f219982 bf724a01 3f027181 bf350dcf 3d0fd2dd 3f2c1792 bed4b2eb 3f33ddb0 bf72b5f6 3f4e6bb4 bf1a5782 be5f13e4 3f53f7bc bf2c2d75 3da137e6 3eb932a1 3cc9a1b2 bf2ddda5 3f2cc17d bf6b8ffd 3f621fb2 bd99891b 3d140e0b 3f34fba7 bf432de8 bf5813a6 3f006f75 3f101b82 3f142562 bf598dc7 bd92b83d 3ddc97e8 bf40d5a9 bea0b28d 3f692dd0 bf27717f 3f4b91c1 beaa8275 3f0a3381 bf24db8a bf1ea186 beebb2f5 be1cdc1a be9f6a8c 3e4504a6 beeff2d0 be8ede6f bf33218e 3f6815e7 bf6359c4 3f5bedb5 bf18497c 3f7f7264 beec5ee0 3ecd36e8 bf2a07a9 3ea186b1 bf0e058a 3f6005da bf40a77e bd15d3de 3f698fde 3f36cf7e bf0e5f8a 3f74b406 bef8caf4 3f7595e5 bf749df6 3ec47647 bf35b5a9 bf47fbae 3f4d2bbb bf180d81 3f71f9e5 be7e2da3 bf5435cc 3f55d3d2 bf62b1f3 bf45ef8f 3f765df7 bf199583 beb14a28 be1bc402 3ee6cb0c bf228ba6 3f6437a5 bf67a3e7 3f4afbaf be9b2ea9 bea7726e bca8e511 3f6b65d0 bd1d4ff9 bd807860 bf4853c4 3f7501f1 bed28a62 3f4297c7 bf715ded bf68c7d1 3e161ce5 bef14a9b bd195195 bee7dab0 bf0d2b84 3f4803bb bf6271a1 3f704beb bf4213a8 3f6b5bca 3df6f8f2 bf7729de 3c21413c bf1f5d6f 3eac3e59 bf056963 3f0f0740 bf32a1bf beb30a1b 3f7dda37 bf09d150 3f5273cd bf0f897d bf0ed976 3f4e8f84 bf4b85d0 3f74a205 bf1c539a 3f165998 3f123f56 3efc3abc bf1959c3 3e03dce4 3af5e943 3e38955e 3d47efad 3ed25aae bf5b6fd1 3f4893a8 bf0f757e 
bf5fcffc be6ec535 bf1da382 3f4819b5 bf0fe56f 3e414c7e 3f52a3b8 bf669de0 3e333cb3 3dcec93e be44ad36 3eef96f4 3f00d766 bdf3e985 bf1cd593 3f1e7560 bf0a217f bca2a035 bf7b860d 3f603bc0 3ee79efb bed4327a 3ee10a90 beac4aa6 be691506 3ee80efb bf09619b 3dd5583a 3eba829a bf1c4970 3daac80c bf3c83a5 3e5ecc37 3f45ebaf bf6883f5 beefeec9 3d84aa31 bdf2a7fb bf2b757b 3e86ca8b bf13eb74 3ec3568c be8d9e39 3e038473 3eeb66da 3f002d66 bf1d8b75 bf03673d bd7f7084 bf5a9fa5 3e91ca6e 3f326190 be8e6a33 3f7b1005 bf7c3840 3e5b5ca7 bcef5cd9 3f49bbc1 3daa07f6 bedffaf3 bf60dbc8 3f693bf0 3ddb07eb bf2aada8 bda78803 3e3bccf0 bc1e40a0 3e581c88 be5e84eb 3ec9fa8c 3e4b4418 3f2d979c beedcab8 3e927ab1 3f6a27f1 bf7b100a 3f79be38 bf11515e 3f085360 bf07cf81 3f0e1996 bd9d76c3 bbfb8430 bf020f87 bd39cf36 3ec80abd 3ef42275 bd1151b7 3f0b8b8b 3d3eb150 bea636ac 3e8f1eae 3e96de99 bd352e6b 3e134cc8 3ef0631f bf5cbb94 be97ae3a 3f5089a7 bf6fb1dd 3f7ef45c bf77a22a 3f494bb8 bedad311 be023c57 3f47b9c9 bf5259c5 3db2c936 bf57ebff 3ef00712 3f38b98d bf5b959e 3f13c789 bf6c8df7 3b9a7aa8 3ea8a25d 3ec8028a beb46a58 3e97267d 3e6b3498 3ee8ae70 bf746dff bde6e7fe be08545f 3f468bd9 bf4021be 3f2e759f be999aeb 3f4a0bb7 bf786c3a 3f6b1fd0 bf45e19e 3f055b78 bf084f82 3f3bbb9e bf23f370 3e167487 bf50617d 3f461bb6 bf3e038e 3ee4b2cd 3f6f15f9 bea4c282 be4224bd bf49739e 3f7ec648 bda5981b 3e17b400 3ec39ea1 3f0ef553 beed9306 bd8a6818 bdafd884 beb7b27d 3dc167e8 3cf328e9 3f7bbe07 bd93c89d 3f0cbb60 3f2ce183 bf60ffc0 3f63abde be215421 3f356994 bf7203f4 3f274591 be863ee5 3f0fbb85 bf47d9c4 bc50c57c 3c06c395 3f4de3a7 bf158181 3f27b995 bf025760 3ef82ad8 3cf05fc6 bf5a99b9 bec9ea80 3e149c96 bf558ba9 3ed872a0 bf1b2f83 3ea922b7 bca69f1a 3f120b84 3f42179c be8ca677 bf28557c 3f050b65 be9ef2be 3f06e15b beab5696 3f6073ea 3e3f7c79 3d19506f bed48699 3f58e1da beb32670 3c093d7d bd406e9a 3e78a50a beed5acd 3eb8f6ad 3e8f7ac8 be92ca71 3f02b57d bf498794 beec56d9 3f51c5bb beaa02a0 3e94aa20 bea5d23d bf38aba8 3f7bc235 3f436faf 3e8ae675 bddca766 3ee3feab bd77efd3 3f650fc4 bf10338b 3ed8f712 beda4301 be9fea84 bdc72868 bdb26783 3f1fed89 3ec92b08 bdfa4953 3f3ec792 bf036159 3e467bf1 3eb0dae1 3da2e7da bf7bb225 3f009b8d be16b4bf be40c5a9 3f6c73d3 beb3c6d0 3d0ed32d bf09bb8b 3f6d0fdb bf39458b bf08d943 bec23e9f 3f3d4189 be551488 3df7780d be618c75 bf05ab77 3f12d569 be6214cf befedf24 3f75fbf2 
3ec14e94 3f18f778 3ec4caad bed9bad5 3ea412e4 bec4fa78 bdafc924 bee7b2cc 3f76700e bf370d9d 3f166bbc bf3905aa be887a52 3f24a384 3e183c97 3ea56e74 be856ea3 3f6291db 3e785ca6 bedfcac9 bf5607b4 3f3d4ba7 bf6c67eb 3f7f545d bea55a76 3eba2e36 bed0ea83 3f091577 bf34e7a7 3f43f3b8 3e960a2c 3ee15eb5 bf4b899c be136c78 3ef3aaff 3f4f999e bf1dab8b 3f4bfdc5 beeed26a 3f6b47a5 bd6930e3 bf25af93 3f304190 be80168b bf26eb85 bed4eaca 3f6b69d0 3db85897 3e3d9ccc 3f5cb5cf bf7e3e4c 3f004b85 bf6305af be88a26b 3f4bcfaa bd3db07a bef516a1 beb8eeb6 bd9757da 3efcf25b 3f28f3b3 bf70d1d9 3dca9818 3effe696 3e8a6e84 be7b0ceb 3ee97719 bf5693b5 3eb16ad2 bf3f378e 3f232da6 bf5cd3c7 3f128b87 bf483bbd befd26c1 3c6546c4 be9bb677 3f1c3d89 bf31e97d 3f40a7a3 bee51b01 bf3d4793 3f432987 3e66fcf9 becd331a be2f5d5b bf5da1b4 3d1853b4 bf2f37bb 3ea2e2bc 3db4e849 bea50e76 3eebcb05 bf7ce430 3ef16e7b bf3d7397 3f4eebc3 3edd0eb3 bf4e71c3 3f598dcd bf7011e6 3f7137f0 bf07d95c bc163d12 3f3b05a0 bf4e1bb4 3e8eb280 3eb23aab 3f5e4799 bf6797d9 be83e25a 3f2be968 beabd2a7 3e53dd39 3f28319d bf294db6 be91f688 3d634f5d 3ec572a8 bf5c39b8 bd243253 3f314faa 3f707616 bf71e7ee 3ea8fab3 bf19bfad 3eec16ed bed74af8 bf4b5d80 3f3511ad 3e00abd6 bf3fc18f 3f151765 3eafce82 bf4a61a2 3f6401e6 3dc0b86e 3e906a97 be23cd34 beb7e27c 3e415cf8 bf38e992 bde55770 bdb5b98b 3f6629df bf3735ad bf00015a 3e7f03d9 bef03ad4 be2db516 bef4c2a1 3f2603af 3e9a9652 bf039f65 3f71d9d5 bf73a9e9 bcda1e74 bedb7f24 beb4aea1 bf5427c7 3f4233bd bdc0d999 bf52a7a8 3f450d8f bec22a7d 3f09d393 bf4a6395 bdf76905 3e743c5b 3f4827ae bf3f7f97 bf33d18f 3f6249f7 bf7c4431 3f0a3773 bf6c27dd 3f7d2833 be7eb475 3f5f25c5 be83c65f 3f450b9f bf0d738c 3f581fd3 bf034982 3e059524 bf05a360 bf69e9d1 3ef21695 3ed1aef2 be95c6cf bebbbecf 3eba6684 be2e1cff bf4fafd2 3c93dee3 bdac9755 3b7eeb57 3e431c7b bf016170 3f435fc3 bef89eb2 bd0752b1 3ee4f2d1 bed26673 bf4b2fe4 3f78680d bf3b95a7 3ee122e1 3ee0ea71 bece3ede bbdd8635 bd9e87d3 3e007c14 3f512fbf bf51fba6 bf6095d4 be3264a3 be77b49c 3ef03e82 bf7a2404 3e94070e bf5fe7ce 3f46ffca be526cfb 3f4227be 3e97de5e bf25577d bef4727f 3e4e24ba bf097f6c be4dad55 3ca25ed8 3e380cde bf2f217e 3f0cfd6a 3f6489de bef54ad5 bea07a4b 3f131581 bf3c338a bf10598c 3f6217cd be0d0c99 bedb2690 3e2454c2 3f5065a4 bf0e63ae 3eb37add bf781c14 3f560da2 bf044f75 3f7d7c02 bf687fdc 3f3b037d 3e767ca8 bf6aefcc 
3ee5dea0 bf7a020a beabfabd 3ecffefd bef93ae2 3f3ae384 be9972cb 3f3295a9 bf056571 be7ca57b 3edad697 3d9b38b3 3c32c670 bec60a97 bf5fa9c0 3ecb7a64 bf6aade9 3dd798db bf4319c6 3f787226 3e4834da bdba37c3 3e883e4a be9df290 bf4cc3d0 3f55919c bf32498d 3f00818b 3d54f1db bf13fd6c bf47a5b1 3ea32e8a 3f2671b3 3ddfca7f bf569fb7 3ef0c6ec bf7217e3 3f2db595 be9542bf bf0d9592 3d12b11a 3f2321b5 befeaf2f 3d5acdb6 3f5d11aa 3d76d150 bf50719a 3ebc3ae5 bf5dfbdf 3e479493 3ef17a96 bebb8283 3f4c2398 3e936693 bf4339be bd675254 3f4c49e8 bd5530a2 be2a5c1b be8f3a91 bec6d275 3f5963c2 bf0abf54 bcc89eb5 bf06a36b 3ed16e8e bf2f699f 3f3cf5b4 3ec482a6 3c11c5db be1edc87 be1de3e8 3de69a2c 3f61b7d0 3ecba66e 3daea88a 3f075b75 bf6cf7df 3f3c0da9 bf5fa3d5 3f295d80 3f415bbc bf3d4592 bdfc7a00 3ed7f6cd 3f202b74 3f18db96 3e03643c 3f6145ae bf6507d2 3f4447ca bf425db3 3efc4e94 3e7524de 3eacb245 3dcee9ac bf422f9c 3eec02d1 beccc2a6 3ea1ce7b be370cb0 3e1bcc21 bed77aef 3ed6d28b bf381f8e 3ebad275 3e828e62 bf61b7bd bef26eac 3f73d7f0 be9ef698 bd74715d be95f286 3f095771 bf6e53ec 3f39f178 bda0990d 3eff027e bf4b0fdf 3f764c09 be1e64b3 bf304574 bf698deb 3f4dcfa9 be3914dd 3f51afb0 bf3207a5 3f5dffc9 3e8aca65 bd9b1891 bf1ca771 3f68e1de bed052bf bf131547 3f10df8f bf3fa9d0 be9c2a8f bd62d187 3c7ec1ad 3f46719b 3d1051c0 bdc42989 3f2c857c 3e72ec42 bf77abed 3f001386 3f64d9b8 be989679 3d303097 3e820a82 3f6669c4 bf738deb be121c79 3f02ab6d bf4295a9 3f1b07a0 3e34b53b 3dd32906 3f5d43ae 3c1fba5b 3d1a119c bf226790 3f7d0436 bf6a0bd3 3db909cc 3d98f7eb 3d22b31a 3f65fbfe bf3775a1 beebdeb1 3f285b8a 3f48ebd3 bf6551bd 3f5ca7c2 3c2736fb 3ef40709 bf3c51a9 be246cb8 3dc388ef bf751603 3f4a41a3 bf201f93 be4de4f0 3ebfdea9 be670d14 3f3f9bbf 3ef7f6b4 be022bc5 bf0e157d 3f6665aa bf223f7e 3f20df78 bf181376 3f4b27af 3f06f373 bf44b996 3f58afc9 bf69c7c6 3f2d1f9b bf737003 3f5695ae bedb029f bd8048d1 3f10f976 3e0e2ba6 3da0a8a3 bf18593c 3f4cc9bd bf0c71a8 be7ffcae 3f3d65a1 bf29edb5 3ed9a6b8 bf58b7e0 3f11ef75 3f62e1f4 3ec8b67e bdd71a19 bea2b63c 3f4abfce bd2b905f 3f2b4797 bf3367d4 3e6144b9 bf6283b7 bee326b3 3f71b602 3f3edba5 bf2ae5ab 3ec79aa8 3f4e6dca bf3871a7 3f279b92 be138c7f be9efe77 bf7c3056 3e56a482 3f4c73cf bf787c04 3f6b23d3 3edfc6c1 bec0369d bec02278 3f26e9b1 bf41ff8b 3f6091b5 bf2a319e 3f2d3960 3dfb3889 3dacc85e bed3c271 3e62941a bec966a1 be3dfc7b bd6b5091 3ed36eb1 
bf648fd9 3f47a5bd 3f3a5791 bf2fe994 3f41d794 bf5893e3 3e8ed298 beec92c2 3e032467 3edaee92 bf217d89 3e4d6469 3de4d866 3f2abdab 3ef2daec 3e8816bf 3f068764 3edfbed1 be7a54e7 be130c24 bf2f6794 3f1e8b7e bf3981a7 3f53a7d3 3ee05278 bef35b1d 3f02ef77 bf536dc5 3ec6d6f2 3f034571 3f5935f1 bf17558c bf753bd0 3f55fdcd be74c4bc be68fc8f 3f7f0653 bf42d5b8 3dfe18ab 3f0a295d bee5231c 3e251416 be9c7a60 3df24921 bf1e5388 3e0b1ccd 3ecc3edf bea3f2df 3f7d883a bf7c7e49 3ebca280 bf2c7fa1 3ea3027e bf5cafad 3f5ecff9 be285c5a bef4cad4 3e25fc29 3f00734e bd4cd366 3e017c40 bedbcf3b 3eddbad4 3e86e244 bd2b1191 bdc9085b 3f3ef1ae bf764035 bdaee6f3 be6944e0 3dd7091d 3f6b31f3 bf5949a9 beeca6bb bf54d1d0 3e99f690 bf223574 3ea87290 3ed54aab be0614a1 bec97aac be97967c be6d7493 3f5899ea bf704c01 bf163792 bf3ff3a0 3e1b9cfc bf65bbf1 3f0d4959 bec1eea3 3f02c769 bed75332 bf01476c 3db33720 beb3368c 3f6b41c1 bf5397ca 3e07abb3 3ee6c6f5 bf1fbb8d 3f004985 bea6426c 3f5d27a0 bf3e3fc8 3f0e4590 be8a1692 3f43c996 3ecf62cb bf7c9a39 3f3af993 be8b0ed1 3ec9c6ca bec9d6e3 3d5bf04d 3eba06c0 bf10b181 3e46d50f be4c5538 bddb88cb 3e808e51 3ed4a66d 3f386d70 bda5d997 bf63c1ce 3e99ca4a bf1d355e 3ce7610d bf0cd37f 3e8c3e5c bc88de9f bc8aa34e bdd8f8b9 3dd85965 3f4bfbc3 bedea2c4 3f739fe2 be1034d0 be375c60 bf2fc3c3 bf00d597 3f134767 bf256586 becd0aca 3f62f1d0 bed4caed bf5291cc be02ec07 3f57d9e1 bf712fed bf058b6f 3f685be6 bf21b58b 3f21c97e bf259b6e 3f3877a5 bf6cbbcc 3e165ccc bf01b95a bee47e69 3f756609 bf5a2fc1 3f79ea2e bf0c2f79 3f7eaa6b bf4a4fd3 3eb18a88 bf3cf39a 3ec1d288 3ee61ed7 bf4835c3 be261407 be0be456 3dc258e9 bf761dda 3e7514c7 3e27a48e 3f2f39c3 beef76be 3f638beb bf5559b4 3ec62e96 3f046b8d bf4b2bdc 3ef27af0 bf4d3f96 bed6b2ef 3ee1c6ba be703465 bf0ab963 3f6fca10 bf72fbd8 3f35c7d2 bedc96dd bf129d7d 3e84ce3d 3e2c2475 beb512ca 3f209163 3e8c1260 bf61d1e6 3f7bfc22 bf523dc5 3e20a4c4 bec29665 3e32ccd2 bbe58606 bb54f317 bf00915e 3f37d99c bebc5e8f 3dc4e83d 3d28122c 3e86de34 be380462 bf5c55cc bf24779a 3f34358e bea4e691 be37ed01 bf286b99 3e923a90 baa9d7b3 bca6ddce 3f6935c8 3ebb8a8d bf6d9bdf bf75f7fb 3f6895ec befa1aac be97024f bedc56d5 3ed4ee78 bec05280 3f4685b6 3ee5e687 3ea56285 bf30478e 3ef2d2c3 befba2be bed6c6a5 bd8a17e6 3edfe6d9 3e57d53d be65dd32 bf0cdf5f be83b28b 3e353c8f bf35ebac 3dd7a855 3e5b64f8 bdfef847 3ef67ac7 3ef7baf3 bf38fbb4 3e9c1685 
3f471bb5 bf7c324a 3e1d3cb3 bf12a167 3e94adf9 3e56ccc6 bea28ed0 3f43bda7 bf4efdce 3f6d21e5 bf0a6f70 3eb672fd bee0929c bf63add9 3be67497 bf59b5a2 be89728b bec3ceb7 3cec9cc1 3f7e4a57 bf27818c 3ede4e94 be0b546c bf023f86 bd522ecf bf2a397c 3f68fbf0 bdae398d 3d1cf19c bf6c47f7 beddc691 3f0d8f65 3f66a3d3 bf73640e 3f075f95 3ebfa6b8 bf6d19e3 3eaea680 3ee4e2c4 bf0eff92 3f265593 bf1f457a 3eefef19 3f2c37a5 bf4155bf 3f263172 bf297dab 3f04456f bf3a15bb 3f4051a6 3e5fdce1 bc103535 3ee6df03 becbc690 3ecda6f2 be835692 3e1f1486 be583561 bf6ac5e9 3f72a1f0 bf6ff1df 3f6775d9 bf302189 bf09a3a4 3f73c9fd bf1de599 beb42e9f 3f7fc874 bf08cf71 3f559bd2 bef9dae8 bf2edd9c 3f0f7967 3f063b56 3f59e9de bef062bc 3f667be4 bf149772 bdb7781d bd808770 3f3809a7 be9c0a73 3f5f51cb bf7ed642 3f55c3c0 3f5b0fe5 3f0b2970 bdb9ca30 3ea41a54 3eea2703 bf035971 3e824aad 3dc7d919 3f57efce bf39b5b1 3f27fb83 bf6055be 3f78e9fb 3d18cff8 bed1aead 3da9c85c 3ee1da93 bf3db995 be3f9c1f 3ed91e8e 3df8195d bf6f63c8 bd2e0e56 bef20ed2 3f3a7da9 bf02b79d be4cdc9c 3e70fd0e be116c1c 3f296985 bf74dbfe 3f28e9bd bf161f86 3f764df6 bf065f6f beeabab5 bdb02896 bf3467ad 3e315515 3f02ad5b 3e7f5553 3e1e4389 3f331776 bf2e1fa7 3f3cab9c beb3bac9 be6df4c5 3f455f98 bf5d0fc3 3e0f0cb8 bf527fbb 3ed3d300 bf5bddd1 3f4dcba8 3f03d593 3edddeca 3cc2de35 beefaab1 3f79d419 bf74fa11 3eecf2c2 3f56bdd0 be7624bc bf0d3383 3f7ea031 beb2eab8 3f000374 bf041335 3f38edad bf21637f 3e67e519 3ec606b1 bdbc9890 3f045374 be8496aa be77dd1f 3e6cc599 bf108958 beaec2a4 3e1eacec bedbb6f4 3f3eddb3 bf3297c3 3f5acfd0 bf63d1e6 3f7ff695 bebe72e1 3f5227b2 be93025d 3f3589b9 3ec7d6ca bf70d60c 3e2b8c58 bf2b2b8d 3f0f8577 be455c29 3ed9e29c bf4f09bd 3f76c5f1 bf168189 3f70d9e6 bdc1678c 3d87f865 3d8e69b0 3f18ff80 bf60e9b6 3e4b648a 3eb81aeb bf22c7c6 3f330388 3e83363a bf3ecfae 3f5dadd3 bf7d4236 be20243b 3f6cb5c8 bf56cbaa 3f05597f 3ecb2298 bf5117ac 3f59a9db be837a82 be6ad51c 3f6239b6 bf249b9e bd38500d 3d9cd8e7 3e870a83 bf2ffba5 3f483f88 3eaa368a 3f3be3b1 bf564db2 3f0d3b76 bbd88d85 3f5a6dc1 bf6d79d5 3f0b376f bdda8830 bf58c59a bd703145 3f379b7d 3f301bd7 be6c7c66 be90b681 3f1a0f5d 3f38f178 bf0cdd60 bd8457dd be8c6ac9 bee2eeee beb7aaac be402c90 3f2c6182 becdd695 3f4453b7 3d69328b be9ffe31 bf517fb6 3f660ff1 3e781ce7 3f53fdc9 be8412b6 3e92bf00 3f2f19b1 bf3e53a2 3e9af6be bf505b92 3d84890f 3e97128e 3bf889df 
bd27132c 3ef3bac6 be1f642b 3f575399 bf12338a 3cb8a175 3ed18efb bebe66b4 3d8d8971 bf06c557 3e1ed473 bc4cbb06 3eea16cf 3f1d35aa 3eab265e 3f11a377 3e885695 3f200776 bf106377 bedc62bd bb29058b 3f329dbf bf3ff5ad 3f7b7c35 bd02b121 3ed47a98 bf0b0763 beeb92fd 3f16775e 3ecb26c6 3f10399d bf15f18d bf4c39bb 3f5d6fe9 bf2c6f92 beb02a82 3f2b9580 bc89624b bf1c8f8b 3e2a9d1d bede5ac8 3f3e65a2 bf33cbad bf0ea561 3f0e0f92 3e8e268e bf06736c 3eacde73 bdd02a11 beb30242 bf106958 3e905e70 bf18a773 3f3ae598 bf25916e 3d7ad0fd 3e7544fa 3f325f81 3e87a6a2 bf28458d 3f7173d1 bf6889cc 3f55e5d5 3e628c6b bf48f3c7 3eb39a98 3e6e4d4b bef4aad6 bc66cdce 3a6c8206 be89c6d9 3f28ddac bd1130f7 bf4915d1 beacba81 bcfe5d19 bf386fa7 3f60fdcd bf10c776 3db9673a be9aa663 bd94070c befd6697 3f100bb5 bf27f18a bf2d13a2 bf29c59a 3eadd253 be6024f3 bf073f7f 3e154460 3d1c92f5 bf4cc5d6 3e091463 bd8d07c3 3ee822c6 bed1da8c be1e6ceb bf3463a2 3f17578d bdf528b8 be9d0a5f 3f41b9a6 3e6fdd2e bf6e7ddb 3edf3344 3f09a17d 3f345f86 be0834cf bebd9ab7 3f139b74 3d800713 3c7c4588 bf07778a 3e823eaa bda847dc 3f20fb93 be96865a be96963f 3d751163 3f58a1df 3e181454 3e8e2a97 bde629c8 bed2926b 3d21d04c bf6ddfb2 3e93560b 3e01fc12 bf123b6e 3f5db39a bf6795d6 3ed9367b be2b43e8 3f0eff7d 3b74d531 3f142372 beaa868e 3ce3e435 bf30ff7f bf13538b bd94e917 3f630de0 bf6eedf3 3f746bff bf6449bb beecdaf4 3f707a10 bf6f0fd7 3f252d52 bf516b97 3f024f7d bf5fd3dc 3e817a77 bdda08be 3ecb0e9f bf7cec41 3f354598 bf2693c2 3f58dbc3 becc66c7 3ee58ed9 3d9157ac 3f72422a bf27b97b 3f12a198 be91e680 3ea3e260 be898a42 be59f463 3e77bcac bf2a4590 3ce0a19e beff169b bea73286 be70ec92 3ebdf27c 3f1f6b7b 3cb5a027 bde8a740 beced6e2 3d8797d0 3cdd9ce2 be85e6dc bd6b91f2 be24c475 bec1da7f 3d541061 3da377f3 bf3499ae 3f4d89ac 3ed8b737 bf6c61f7 3f798e37 bec52eb0 beeaaee0 3e91ee3a beb1e2a8 3f300196 3dea57fd bf7ac230 3f6a3fdd bf56339b 3e49bc4b 3f3ab5a1 bf6a2a0a 3e1c0c19 3ec842c3 bf77640b 3f3e2db1 be824a79 3e4bac84 bec5de85 3eed8706 bf0dcb8b bf351ba1 3e305ce8 bdaf28d2 3df8297d bf1d897e bcbd60ec 3ef47686 bebd1ab6 3e76fcb3 3ddee7f9 3e6fd537 bf1b3974 bee676d8 be0deca1 3f222785 bf7365f6 bee93a75 3e6a7c5f 3ebff6a0 3e1b3c45 bdd06841 3f54e1e1 3ee7a2d5 bf546bc1 3ed3daa3 bf2ed39e bc51bf7e 3eab5abf 3f37d5a6 bf4585c3 bed9eef0 bf312781 bddf18fe 3c891ade bf6845e9 3f4b7ff7 bdc527e1 3f6699de bf56efa3 3f25f39b bf4e7fcc 
3e243c40 3d7b10e2 bf275fbb bd23f1b9 3e3934ab bd9137d4 bf04dd54 bd24511d 3f5db798 bef8f278 3f78b9fd bf652dd1 3e351c80 bf663de9 bd9667dc bf21e78c bdfa1981 bf22fb99 3ef286c8 3f01eb77 bc6fb9c2 bf6977c8 3f237da2 befb0679 bf4e01b6 3f5b3db1 bee73672 3f379983 bed15a83 beaf868e bf1553a7 3f047d93 3f50b7b7 bf5629b6 3f6ce9c3 bd9899c6 be644c65 3bcb865c 3e855637 3ea1faab 3e6034f5 bf10b769 3ee6b6e0 3f428fb1 bf453fa9 be89525c 3edb96ef bc5543f9 bccb2062 3f07e783 3f03fd75 bedc26b3 3f21cf93 bf364b9a 3ee836ef 3e816684 bf3ef193 bf06194b bdb57a00 3eb0229e bf2f1b90 3f3285a7 bf7fd689 3f310392 bedf16a3 3f6d3bf5 bf5b4fc1 3ee91ac1 3e0ead23 be5964a3 3eac2a91 bda7c927 bf2c6d89 3f7e9a3d bea37ec6 3f761617 be7e9490 bd0e13d8 3cdb224a 3f32559d be1f9cb8 be107477 3f4b539b bf4b13c8 3f5c07c5 3eed4a83 3e0a23f8 3eb5168b bf1bf58b 3f5de9bc 3e15fbc1 bcf9a356 3f6893e4 bf1595a1 3ec502ef bf5b33d3 3f3623a7 3ea0faca 3eafdebd 3d270f32 bdcc386c 3d668f43 bf5d0be0 3ebd1a6c 3ef50ec2 bdb1b85b bf6b4bfd bea44251 becba258 3f29536a bf2c0f9e bedb2ecd 3f5033ab becffebd 3f248bb4 bf6993e9 3e61b469 bf09334b 3f0f2d86 be6facfc bed1d6a8 bf446b94 3b08f882 3f5831cb bf3af394 3f343db3 3f31799c bf6ad7d7 3f7f0a70 bf6c3ff7 3edcfee6 bde9c9ac 3f377bb0 bf74b7ff 3ee69a46 be80fa03 bf46dbb3 3f55c7d8 be8fe29f 3ee16ebc 3f3237a7 3dab88a3 bf699803 3e898e4a be93c24a 3f496f8c bc83e118 bf2d5187 3f2f8f9a bd3d5154 be9a8e5a 3f197f96 3e614c9c 3f05c95d bee61301 3bf37779 3f388185 bf2fa5c7 3ea9e6b3 bf7f9080 3f1e9977 bf3193a2 bb9880c0 bf79e032 3f2d5f92 bed5dad9 beb24eee 3e81c648 be97d283 3f22e1bf beac2ec1 3efb82a0 3e0423e0 3ec20eb7 3f24579e bea05696 3dade78c bf7255ed 3dcba7c7 3e2cad1e 3e16249d 3f022392 bedcf2da 3f2ffd94 be92da51 bcd3a531 3f4eb19a bf010575 3e33bc6d 3e82e253 bec7fa48 bf245972 3ef2bae9 becff6c7 be110c7f 3e787501 3f5a8ba8 bf184d91 be88f2b9 3e632421 3f2c7d83 bf13b791 3f2b9f80 befb7e4e bf19cd82 3f7463d4 beeb6a77 3e544be5 3d8e983e be541c93 3ea2ea9b be0b33f8 bdb0a8e8 3ed3aea3 bdc6d837 3f75a616 beedf345 3eb0d2f7 be749d52 3f52ddb4 bf5eaddd 3f24f58f bf3bf1b4 3ed37ecf 3e55f43a be049433 3e298c63 3f3777c0 bed042db 3e3f1c76 3e9242ae 3f7c8e13 bf6b45eb 3f19ab6d bf5673cb 3f3aa99e bf6e5bd4 bf381b71 3f254fb3 bec28ae1 3f7a2623 bf2bdb9d 3e547525 bf6f2dca 3f7d2a46 3d442de0 3f62f9ef be6a94af 3f61efc5 beb37eba 3e79dc8c bf7277ef 3e01f3a9 3e3164d0 3c5dc6d2 3d9ba7d7 
bf49d5b9 3e9c7e2f 3ea9beba 3ec2e690 bf4123bd 3f2711b7 3f31fbbf bf04d564 be3b7483 3d2f6f68 bf65d3ca 3f3fa59e bded18b8 3f2cbf6b 3ddce7c7 3e94e293 3f048f64 3e22fc1b be021c77 beceeee0 be43ac79 3f7041f6 bec0be88 3ec226c3 3efb6a95 bf17a17a be3dbcf8 3f14eba7 bf62f7db 3f39c9a7 3f0fdf4b beefc284 bf4757c6 3f0d6da8 bf379d76 3e05d41b 3e447c0a bf083d75 3f03916a bf2549a8 bed0eeb4 3f423db5 bf199d7a beb25ab4 3ef916f2 3e9a9a43 be458caf be8f9a6e 3d6f512d bf11b97f bea2ee45 3eb26a48 bf0a7d70 3f52dbbf bf620fc8 3f3f3bd3 be47e451 3f7559e3 bee5eed2 3f007b61 be944abe 3eb292b0 bdd01a0c 3dc838e8 be9fbe88 bd84d870 bea376e5 3f44d5bd bf707a03 3f280d95 bf745fce 3f7ec857 bf35c3d0 3f50d189 bf6681c2 be049c5b be4ee518 3c54bce2 3b858781 bf302d73 beb6c68e 3f5379d0 bf3ab5a9 3e9a1a6b bea3e2b9 bf336db3 3f0c2f75 bf5b05bc 3f7b5012 bf68d1ea be548c9a bf2bbfa1 3e9b0e74 bf2523a8 3f7bbc01 beaa2e96 3e40bc43 bf5b15c9 bd9a8877 be90a6b6 be286495 3f2283a6 3edf8300 becaaa55 befaf694 3e34a4bd 3f570196 3dff4898 3f3f7b8e bf2fc1a7 3f76d614 be951ebd 3e41dcd3 bf51c7c7 3f5123c9 beced2c4 3f6427bb bec06ab1 3f4e2dc3 bf7145e0 3f5b9da1 3f696bbe bed2aab5 bf2ae792 3f0d5d87 bee22ef2 bf1c6b82 3f7d485e bf678bd1 3f122b60 3e9bae80 bf5a5dde 3e420cdf 3c6142ba 3e231425 bdee887c 3ee3d707 be69a544 bf094595 3f01617e bf734603 bc31be05 3f3ea789 3f0c0170 bf4a43c9 3e0e8cc8 be90d25a 3f6191ed bf77ffe9 3eedd27a bdcd4978 be2b5c5f bf0d3d64 bf35b3ad 3f37ad76 bf08196e 3c73bf86 3e35ec8b 3e986215 3f3e5ba5 bed71a9a 3f16ad65 3d87190a 3f6f45c4 bf577fc9 3f39d1a0 3e192c16 bdce78dd 3ed2b29f bf4333cf 3ea0be9d beb506d4 3d8967ef bf772df3 3e86c681 bf274795 3f7a1bfc 3e5494e0 bbfa86bb 3eb402b6 bf5f51c2 3ed222ab bf4657a6 3e92da8a bd16116b bdd3680e be87a6c4 bdc86a33 3ebbea9c be449d07 3e862266 3e5a44f0 3f495f88 bf21ff80 3f5389ab bf0e478d bf6b33da 3ecf9ef5 3eaef680 bed062e5 bf780c0b 3f59ffd6 bf386b96 3f281f72 3eda6298 bf4c75a9 3f27db9e bf3701cb 3f612dbf beb83eb0 bf140f54 3f458bbb bf406f9b 3ec2cea8 bf6bc9c3 3ee89eb7 bf62e3d9 3f288fa7 bf08997d bc9be116 3ec61e5d be955a5a 3f1c0970 bef8b2ed bf096f82 3d45cf29 bcba1fe9 bee7b6d0 3e7ec4d3 be2c5b87 bef2270b bf2ad17e 3f651dfd bf70dbf1 3f3f21a1 bf1bc3a5 3f496b6f 3e6f04b0 3f3161c5 bf3b5782 bccfa109 be810e9c 3f7b2213 bf07658d 3ea5ca80 bf7059d2 3e676c9c befadefd bf47b9bb 3f41cbb9 be85b6a7 3f5ea3be beb74a74 3defa861 bf0bdf68 3f5447d9 
3e5a649c 3e59a4a0 bf1fb58b bdef78f2 3f132fb6 bf1e4b66 bf25d36c 3eb32e9a 3e3ccd33 be19acba 3f4cc5a6 3dcac8e7 bf7f1267 3f2f4d94 bf6dc1e5 3ec43e91 bf5b85ba be5dad76 3f1f1589 bf177b96 3f5ce3ef bf213f89 bf2837a3 3f245f84 bf64c3cb 3f7305e1 bd31d0a5 bf26a3af 3f652bd1 bebdaac6 bf0c8985 3e101d38 3f590fbe bd73d2a8 3dafc913 3ddf2953 be069ca4 3f0f176c bf161761 3eb56245 3f5305a0 bf729c04 3f46b19d bebf2a6a 3eac22b0 bf7ba025 3f4847bc be98067c 3ed85ec1 3f030b71 bf118787 3f781a05 bf790816 3ecff298 3e358d7d bf6d9df9 3f07277d be964680 bef962d1 3f061d71 bf4e35a8 3f0f696e bd5a2f86 beb07ef0 3f3b5b98 bee26ec6 3f2c198a bf3eb3a7 3eb0fae5 3f16ef86 be33ad02 bedddebd 3ef79aa2 bf100d92 3e6d3d73 3f34d396 bea4ae6e 3f47fbb0 bf25d993 3f6f61ee 3ee146cb bf085b48 becf86ec 3f383773 be83124e 3f3d99b7 bf61fbed 3f78ebfc bf6d73ea 3f1e279a 3f47afae be0a344a 3f330ba1 bf245784 3e9f5650 bf691bf1 3f66dfa6 be263c91 3f09dd68 3f0c5b81 be945e31 be962ec7 befb7a81 3e877663 3f344fb3 bec73ec4 bf11d969 bdd699dc bf1b0373 bdb58927 bee5a6fc 3e91fa54 bece6ad3 3f694002 bf6769b0 3ea16288 beba6e74 bf08d750 bea62679 3f3f03e3 bf514bd4 bf416f9a 3eb80ea2 3f35418b bf2f4da7 3f7d7247 bf1e7b82 3c55bc19 3d037082 3da639eb beadaaba 3e950adc 3f205180 bf318389 3f3df396 bf7f8480 3f6e240e bf0deb77 3f62bfda bf6b21e4 3f7fa25d be887677 bf029181 bf364796 3f5189ad 3e037494 bf6b71e8 3f593dc5 bf259f81 3f1f9781 bf2379ad 3f0af578 3f06b184 3e9cdaad 3ed7d28e bf3b779a 3f73261c bf7171c1 be5c5d60 be9516c3 beeafab1 3e96e27e bf2823ac bedc92bc 3f1eb98b bf5c25d1 3ecb8297 bf12eb9e be0b13cb 3f6c8df8 bf46c7bd 3f1c7191 be726d2a 3f70b7fb be414ccb 3e9262ca bf16437c bf1c616d 3eff9aad bf2777a9 3f1aa978 be483d25 3f463fc4 be9de253 be92467b 3f52abba bf463d9d 3f5367c8 bf119b66 bf09f537 3f5749e5 bf74e1f3 bf09e38f be45f484 3e68ed81 3dc4286b 3f40c7ae 3ea14e8e bf3c8d9a 3f5501d0 3f6511bd bf33f977 3e635c8e bdaa077d bf3dd9b3 3f484bb5 bf1e9b9d 3eee2ef5 bf516f9a 3e6ebd29 3f51fdc5 bf79f623 3f7297f8 be7ee4c4 3f195597 be957a85 3f32a7c5 bd23531e bf00c593 3f4fd9c7 bf4729e4 3e121cfc bebf225b 3f4de1bb 3bd48a1d 3f5cb7b9 bf50b1d4 3f6a0bda bf2c8fad 3f06eb9b 3e9cae7e 3eefc69b bf123591 3ef44ef9 3ea1ea5d beeab6dd 3e84168f bf2a5778 bf12475a 3dfd3a70 3f066775 3d598fd8 bf7189ee 3f2dbf7d bf08a360 3f5c3db6 bf19d376 3f4e9196 3ec8467e bf43adbe 3ca3a0cf bf1df57c 3ee306b8 bdebf8e5 3e957e89 bf0a675d 
3f7be41c bf73a614 3f4771ed 3e23e47e bf0723ba 3ee5f2ca 3eb622a7 3e829a54 bece96f8 3ebb36b4 bf56b7c6 be8a4e67 3f38af7a be4f1c98 be65acf5 3f48d7b9 bd8c0838 3f6557e4 bf7fe465 3f6e3400 bf78260a 3ef4aae5 3efb5adc 3d19f23b bef282b4 3e4b8c2c bf02af68 3f28b3aa beee231f bdc2189e 3ebe4ebe 3d95e901 bee9a2c0 bf42d3b7 3efcfe6c bd8f679c bebaba6c 3e691ce6 be1dfc29 3dc6b8b5 bf05eb81 bde40878 3f3055a1 bf5589b4 3f5bc9d0 bdf60905 be17cc87 3e979e5c bf779009 3f00c956 bcf020b6 bf102d81 3f6615d5 bf118b8e 3e77c503 3f465db5 bf3ebdb6 3dac978e 3ecfbabb beee16fe 3f53dbb7 bf053782 bf0e49b2 3f605200 bf19b971 bd679234 3d9e591d 3e0f44e9 be146cbb bf6bbe0c 3ede9a8b 3f233999 bf5fb7db 3f5327a3 bec946e5 becaf2e2 3cd7a1ef bf5aadb2 3f5127d7 bf53edcf bf0ecf68 3eae7e87 3f21a382 be1e5c66 bf27176a 3dd1b80a 3f29679b bf50e3d1 3f4d6db6 bf2e399b bf0cfb62 3e8cbac0 bf5a1ba8 3f27a188 be51dd50 3f444dbe bf3b3ba0 3e6d1d75 beb26a8d bf680fec 3f041f9d 3e5aa496 bc3e3e8d 3eeaca97 bf7147d2 3e2e24a3 3f4933d7 bebbdab9 3f2bbd7b 3f5f75d5 bf02d383 3f426f9a bf3e55b0 3ec38ec3 3de40927 bed122b1 3f50a9cf 3e372c77 3f31a770 bf6f35ff 3f6cc00a 3f38ebad bf79be14 3f00e540 bf1c697d be6bf45c 3f02e559 3e248cad 3d9998fd bf14e395 3f2bf15c bf376da5 3e9de6e9 bf36bf97 3f0de182 3dbbe7ea bebf3e98 bee1ea74 3ddd8968 3f16f189 bf779c0b 3f3fa1ae 3e84b6da 3f1c3f8d bf7ffca8 3f29517c 3da0f8f6 3d6f703d bf235394 3f6171b6 be89de24 be9342e7 be9ad682 bf1cf16f be55b4dc 3e8e3a9c be937a6c 3ef3d71d 3f22c37a be65ccef 3f65f3de bf0ceda8 3f19e189 3e53c426 be25ec8f 3e97a27c be64448d 3f39a994 be39f503 bf289f8e 3f47c5bd beb21a79 be093455 bed33a9c bde35723 3e590ca8 3d8458ff 3f62e7e6 bf27e586 3f006566 3e0acc40 be8e0278 bee24321 3e88f2ca 3ade12f3 bf03a97b 3f4937cf bf61b1e4 3f35599f 3efefab7 bf6425f7 3f4a9fae 3f7a6a47 3e9c0299 beee6aa1 bf023977 bd20b120 bf63fbe2 3f225164 bf67afc6 bf58cfbb 3f5c5be2 beedff51 3e85b637 3f01578f bf2aff8c 3f6b17e6 bf2791aa 3f79fc08 bec5aa8c bea8be59 3e53d4e1 bd82e96a bf6009fa 3f034d6f becc86c7 bef5de89 bd958938 3f58d7af bf7e4243 3f0f8f6a 3f27cb6b bf50c7d1 3d99c926 bf221980 bebd52a8 3ea686ae bf0b0167 3f278198 bf52ab82 3ea40248 bf7695cb 3f7b9603 bf32e1b5 be71f4a0 3da40770 bb4b139b 3e48dcf7 3f5a7bba bd27725d beed56b6 3d6230c6 3df0b8d2 3f032779 bf3265a7 3f61779e bf7543d0 3f173551 bf4de175 3f714a18 3ebbee9c be0113a9 3e937263 bf4a5f8a 3f6a5df7 bf28a9c0 
bf382989 3f0e1780 be8dfec5 bf0cd16e 3f0bc7b0 3e890a75 bf777215 3e98e27e bf24e199 3ee83ebd 3eab3295 3e403465 3d7411bf be88ca32 3ed622c0 bee04aeb bf548bc6 3e83de5a befafe97 3f3c8d9e bf338fc3 3f556bb0 bf75a1f3 3e0ea55d 3f066387 3d80d786 be49ccea 3e79d47e bec2b6a7 3ed746ed 3e21447d bf11bf77 3ec8d6ac 3f6cfdf7 beb0ee7a bd11ef34 3d030f74 3d347331 3e093c0e be2fecf8 3ef25b43 bcc81d12 bea1d2bc 3e169485 bf1c578d 3f0c4b6d bf344d96 3f4a81a0 bdcaa7b4 be1f2c8b bde0c9a6 3e16ac67 beb93e48 3e89d676 bf1d7ba6 3c48c09c 3e923255 3e863a62 bdf17946 3ea45ecb bf592f9c 3f31819d 3f193b74 bf24956e be9bbe92 3f6f35f8 bf6503b4 3e87c257 3f043564 3f107b5f beedef3d bf094fa2 3f4b2f8c bf40878d 3f06a77b 3e5cecee 3e1d04db 3f49579c bf6da405 3f6407d3 3e392c96 3e362d13 bf3a958e beaaa6d2 3f72c004 be2a0472 bf089166 3dfbb87f 3ea292a9 be9fe256 3f7a1203 bf33a3b9 3f4a51b7 be04b4fc be9266ab bf04e564 3f215165 bedc32c4 3e9bb646 3f7ea64c bf3ecbc2 3f1fcd9c bf3df77e 3e5b9caa bd0ed13f 3f23a984 bf5f3bca 3ed3e6ae bf1e1973 bf678db8 3e4c8cfb bee92305 3f17876c bf52cdc7 3f0d8759 3e02bc52 bf053d88 bf42a9b9 3e77f5b1 be89ea4b bd45304d bf62bfde 3f6e5df6 bef626bf 3f104da1 3ed1e678 beee66b3 bf5de9d8 3f56dfb6 be876630 3f0fa346 bec0e276 3edcc677 3d8e08a3 bc981df4 bf0a2774 3f3f43b5 3f24b3aa bf1fe786 bd9fe708 3ed252be bf06df54 bf39d582 3e55e481 3f0b7b75 bf5085ce 3e4efd1e be5b4ce2 3f54fdb4 bf7c2028 be84e28f 3f78abea be782cf9 3f601de2 be33fce3 3ecfa2d3 bea9ae59 beb616ae be339516 bea22692 be89924a 3e6c6cfe bed05ee1 3dc4f874 bec5d6e1 3ef31e9e bee38e50 bdb32890 bab1ed29 3f06fb74 bf6dd9d4 3efcc6d3 be42651b 3f413592 bf3a3da8 3ec4bea9 be5b3458 bf4c9f97 3f5a2dae bf494783 beb13a39 3f114966 bf0edd7f 3f778c31 bf34db98 3f3e4d99 bf6c81cf 3f6429cf bf5785d4 bd74d09d 3f2ddd8e bf68e7ca bf5209ba bf23893f 3f216b97 3f5613a2 be359410 3f1edd6d 3d4b8f67 3f640dbc 3ea70253 bf3119ab 3f55b3d1 bf668be5 3ee3829f be97564e beb08a75 3e0ab405 beaa9abc be99f2cd 3f196f88 be9b4ad6 3e05c429 3f5a440a bef05ac0 3ed20aca 3f0c8d56 be36048f bf2ad5a1 3f610bc8 bf1c0d9b bf040d77 3f7bda35 bec2fe69 3f7c4c3e be937674 3f1f9d6e bed8a691 3e1c7c82 3e8c7e65 be04bc70 3f06ef9d beec4b1c bc91e2e9 3f17e393 3dae390f 3dcad892 be89e621 bf316791 3e9b72af bebe1271 3f5445bb bf397391 3f041564 bf76b7f2 3ea632ac 3e80364c bf0df968 3ecf5aa4 bf5929b8 bef55f02 3ea56a57 bee2df03 3f61ddcb bf7287e2 3ee5528a 
bf56c5e1 3f5ebe00 bf14fd7a 3f6dc5e6 bf5fe9b8 bec02655 3f56039a bd8f975b 3f5dc9be bf14d790 be8d0627 3e86c24d bf6197ba 3eeff32b be7bccbd 3ed34efe 3f05755d 3f10d96e beffa2fc 3e29abf5 bdd569e8 3dc7891e bea792a0 3f2293a9 bf5e97be bd7c2ffb 3eb87a36 be947e89 3edd56e0 bed652a4 bf0cd977 3f800000 bf271584 bef1b6c7 bebd2eac 3eadbe86 3f1957a6 bf7003f4 3f232ba4 bf35af9a 3f38a39e bf73fdc9 3f4befac 3e540c83 3d211027 bddf8874 3ee71ae7 bf6fda01 3f458fc2 beb1a29c 3f284786 bd280ff6 be005bfa 3ebcfe8c 3e44ec4e 3a0c23c4 bf00197a 3e030475 bf271b99 3d1a50d6 3f25d17b bf3c079e bf062f73 3f12c985 3eadae65 beb91a87 3ee8cae7 be6054c4 bf2669a2 bf0ba585 3f6e03c5 bea3eeb9 3e848e0a bebe42da 3e98d24b bf6c97d2 3e404c73 bf287d8e 3f5cbfdf bf6c13e9 3e9b8a97 bf1f9f7d 3f3bbfbe 3ea8a67e bef392e2 be97ba33 3edbe2bb 3ec6bacc bf6a97f5 3f31c988 bf3cd7ad 3eb75e72 3c8720fd bf5f11ce 3f763be4 3e103ca5 beaa7679 3f009581 bf15738b bde048a3 bee7faff 3a046d39 3dd83972 3f0dd76e bf2df991 3ed6b6e3 bf45fb91 3f7557c9 be92266c 3f6ab7d3 3f1bed89 bf38837d 3f65c1db be2facba be4dfcac beb2deca 3efb66cc 3f61a1cf bf26d9af 3f791bf7 bef892dc 3f4ab9c4 bf1105a0 3de6099f be8d7a55 bf4ca5aa 3f499fd5 3f046d82 be853e41 bf1a1f6b 3e00e448 bf0c098b 3e94b220 bd192fcd bd8c6898 3ef946d8 bf7575fb be5f94bb 3e9fe26f bdd48814 bd01d208 3f0d4565 3f3a179e bf344fa1 3e02fc77 3e8ee613 3d9529f3 3cc761a3 bf381d8d 3f6ccde4 3ee12e74 bf224d71 bf119760 3e52f4bb bef4be85 be48b400 3eb93e78 3d9d2802 3e9dbe9f 3dc687b6 3dd659f7 be2b4bb7 3e027bc1 3e541d5b be7cf4dc 3e862657 be099d23 3d77b0b3 be0bcd17 bdc8a90b 3f493f9d beb72f08 bdfd28fc 3e0454ff 3e43ec7f 3db418d6 be956a77 3f441bab bf4929a4 3f7fe2d7 3e41b500 bdeee89d 3f064b74 bf74d3f1 3cecdbf1 3eae0690 be021408 3cb91c6e 3ecb1e88 bf127f93 3e09cc7d 3f194f92 3f32cf9b 3f6a3be3 bf774805 bf092368 be921a11 3da718d0 bf492fb8 bf4c198e 3ed5ae77 bdeff7cd bd35f1bd 3e05a46a be195cc1 3f1f2581 bea6eee6 3f1b7982 bef7fa7e 3f6b75e1 bf1e6d75 3e08d45a 3ccd2063 bf390b8d 3df767a4 bebc52c3 bf14a790 3f6dd5e5 bf5841c5 3f721de9 bf321f73 3f4eafa6 bf4b699e bd49ef1a bd4b3390 bf5585ac 3ee546c2 bf0b0360 3f278388 bf7ff0a2 3f2bcdaa be85c665 bc42be11 3f33056f bf124954 bf3fcd8a 3e988a6e 3d71515d 3efdf6d0 be99fae0 3de86875 3d26100c bf0a6579 3e9922ab 3f48459b be247c4a be8f3e8f 3f31bbb3 3dd9c74d 3eaaa29c 3f72e9f8 bf2c4fb9 3f2a4b8c bf4c63d4 3eba6272 3f467faf 
3f173751 becc76c3 bf20576a 3f48e5d3 be03ac14 3f597dd1 bf1cf76c bebf6680 bf6473d7 3f7fc08c bf4aadb5 3f52c9ac bdd6e80b 3f4d61b2 bf7e2050 3e70bc9e bf63a3d4 be120c42 be4c6562 3f4cb3eb bf775fe5 3f6aa208 bec78275 3edfbaba be8baa62 3f6727f8 bf49c3a8 3e13bd4f be82865f 3f2de194 3e40dcc4 bf3e7395 3eb626e6 3f5873d7 bb82923c be2693f1 bf0eeb99 3e993230 3f2af799 bf39e9a1 3df478db 3f377da0 bf7d2e51 be8bce7b 3dfaf94e bdfd78ff 3d6fcda5 3e75ad3a beb17209 baadbdcf bf2d7795 be513d1e 3eaa7e77 bf04c180 bd41ae8f 3e530ca9 3e33b484 3e726471 3ec68ee2 3ebe02ba bf273f98 3f2b9783 3ec5e698 bf10456c 3dc757d1 bf5bd3c4 3f021392 bd757275 3f63cfbf be5c4c99 3dbbb80f beed76eb 3de74922 3ed48ec8 be66458c 3f423baf 3ea1c67d be96ca86 be0a1c15 3ee676c7 bea92280 3f1a258f bf134b98 bd827855 bd1df220 3ee88ec2 bb9f7822 bf30539d 3f798015 bf640fb6 3f66d5cf bf1ce585 bcbfe297 3f5c69dd bf53d3b1 bd2c1245 be3814d2 bd8fd967 3ec69eb1 be539ce5 3f734c09 3e490c63 bf15858f 3e084d21 be84d687 3f12eb69 bde2c8af 3cbf9f53 bed5aad6 bea12678 bf455d92 3f003376 bf785ff7 3e51ecdd 3e8a8251 3f0b1b63 bf7de44f 3e9afa81 bf4cf7b0 3edcaa80 bf39dfb2 3eb2621b be133ce5 3c17ba83 3f327780 3e892670 be24849c bf7191db 3f4ea7a3 bdf70957 3f2fdf9d 3f0caf7d bf2bd3a8 3e5d747b bf3d5d94 3f6a83df bdaa7837 3ebf5e78 be6a6c6b 3f054f99 be9f2e98 bf5ab7de be173c09 3f41b589 bf6bf7f4 3f348da9 bf06b975 3dbf67d0 3f017162 bf0b0b94 bf6715db 3f3c5990 3f05ab6f bebf1689 3f4b35aa bf35c9c5 3f6621cd bf6003c4 3ebdcab1 beed9b45 3f2bf789 beccaa87 3ec15ee2 bec856ad 3f109f94 bf6d4e05 3f7b7825 bf005576 3f3aff78 bf1b1f7d bf3c678c 3f7f9a7b bf405ba2 3e338491 bf48e190 3f2fffb6 bed41a6f 3ec85615 be6c83ff bf2b9364 be146470 becd82c2 be0ceca5 3f1b6b9d 3f096779 bf4b15b2 3ef092b2 bef39ace 3deec84c 3f7e5a44 bf6bdc06 bd667196 bf6e95dd bee25ec3 3f17ab76 3f313b7f 3c043d3e 3e81b664 3f416bd4 3e875a66 3d0e4fe7 beaacaf7 3dcc67f5 3df48955 bdd9299f bee982bb 3db52982 3e8ab2ac bf4055ad 3f0e4d77 bf6cc1e7 3f7d0213 bf2e21ac 3f2c119e 3dfc095c 3f7fd6a1 bf4b45c1 3ea91685 3d97a9ee beecf6b4 bd9b6911 3ef39ec5 be5374db 3e12d476 3ed7b6ba 3d9a07c5 3f137557 beeb6e84 3cff9fef 3f6f6bb8 bf6c6df5 3e28ac1d be623d24 bf232564 3e71fd6f 3f7b0e07 3d82d937 bf362d8d 3ee45b20 bcf8e158 3e6d8570 befdfb2d 3f78c408 bf436bad 3da62995 bf538fc7 3f3581cd bf5ecbcc bed9e2c8 bc5f4b32 bf5d4dc2 3da868e1 bd30f310 3edca6ae beaa427e bf0e0b68 
bee3d2c4 3f557b91 3e36f4a1 bf52b7c7 be8bc66a be7f8d65 3c94dc3e 3f46d9d5 3f2ab1bd bf3d03d3 3f4e9dcc bf33419c be792d1d be9582a8 3ecaf2d1 3f2ea3a3 3e01eb51 3ebf72cb 3e56ac46 bf30095c 3f191f74 bee9e307 bec2ee68 3e9e823e bf2195b5 3e78252b be47948a 3f4a2f94 beac729d bf5f85ba 3ec886f9 3ecc26a5 beb1d264 bf64c1b3 3eea3308 bda499ae 3ef9ba4a be91ca68 bf26ef90 3f72afee bec50add bef7b2ed 3f56f3a5 3f55b997 bf42cbab 3f1e6f91 bf2e0f7d 3f4ac1c3 bf38a7af 3f7dc84c 3c8da08a 3f7103dc bf46d7b7 3f4e4f96 bf0e6b83 3f06617d bf5ae5bf 3eb442c2 bf3dfd8d be288cd1 3e43a4e6 beee4edc 3e888e4d befea2ea 3f6b61fd 3e260433 3e8df260 bf4d0bba be8f425f 3edeca5a bf5a8bdf 3f76f7da be09543e bf617bb0 3f12f39d bf60d7f1 bedda6b8 3f6149d1 bf32c9cf 3f459bb3 bf707bec 3f6205c9 bf471fb1 3f5707c7 bf284382 3eab56ec bf35e19d 3f38d798 bf08f766 3f2f13ad bf6429d6 3f14c770 3e5acc5d bf54a5cc 3f439fc0 be5c9433 3f45d18c bef90b0e 3d1a327e bdca4842 bf4d1591 becf4aae 3f089575 bbd47d37 3e1b4c4a bf336bb3 3f26eb9f bf6025e1 3f7c1641 bd0f919f 3ead5299 3ee8b245 3e622d2d 3eeea6b5 bf6d4bf2 3e85a25e 3d3b6ff2 3e8f5619 3eb78a6e bdffa8f5 3ea73298 bc8e9f9a be72ec92 3eaa2675 bf6381cf bf161568 3f750be8 bf1b9d98 3f1a8380 bf267fab bf0d537b bf5f87c6 3f5f6bb7 3e280bb7 3eceaeba bf4d53ae be38bd20 3ecf6f04 bea1d68e bf4eafc8 3f374dc1 3f58cfb2 bedb8703 beb68aef 3f7c3016 bf49cfcc 3d09f084 3f2773c8 bf7547fa 3f5525a6 3edb5a94 be184c81 bee546bb be07d520 bd970863 3ec47a92 bf1a8f63 be32ed0f 3f3ce3a5 bf6d33e3 3e8a66d9 bf194171 3f157586 bf78d20e 3f786a1e bead0680 bd71af70 bee7dea9 be3e34dd 3f36b5a3 3ec256b7 bf5565d0 3f347783 3ed03670 3e9d2e98 be97e69c be270527 be7c7d00 3ec4e2b9 3f1d8979 3ea1228d 3e3724c5 3ecb767b bf37df9c bf0efd85 3f1e5d9c be8bdadf 3ee5327f bf0d0364 bf6b83ef 3f703805 3e5f84af 3ede7294 3ef53f07 bf5827e0 3c3cb929 be67dcab bf3bb9bb bced63d0 bef35f2e 3f016388 bef6eacb 3f7cfe13 bf3b719a 3dbe195f 3f6a7405 bf667dc7 3df27757 3f034997 bedf32af 3f25f593 bf0c5b97 3e9b2e82 3da277df bf6f8fef bf4755d6 3f6965d7 bea0d6b3 bed2aed8 3f7e8c53 bea1e265 bed332c5 3e7e552f 3e0dcc31 bf343f71 3e7c0cf7 bf7c7229 3f5f03ce bec4baba bf5487c1 3f4ab5d5 3e951a63 3ebba6d7 3f0cd76a be3194db bf2d5588 bef646ef 3f6467c9 bf117575 bf36f3a1 3f38e1b4 bf5e91e8 3f5b6797 bf4151a2 3e9f526f 3f35019a bdf03898 3e87a287 3f7735fc beff46f1 3f500faa 3f34398c bf767c0d 3ed4daed bcf8605f 3e88b22f 
bf6377a7 beb56aa0 3dfc87d9 3f2d156a 3f15db8c 3d0d8feb be952ec3 be536cbf bf57fbdc 3e8e1675 be9f0680 3ec12ea9 3eaa2ec6 3e024c97 beb49e98 bf584bcd 3e2cb4f7 bf197f87 3e5a4d35 3e316cec beb06eaf 3f7b5418 bf027f7c 3f28b18b bcef1bd8 3c2bc598 bea5de96 be98b271 3e7b14cb 3f64e5d7 bf18f158 bde018e3 3ecc2aa7 3f1b897f bf3dcdba 3e802a86 bea456af 3f105373 bcb8a12e bf3815a5 3f29e5a9 3b76ebaa bf2761a4 bf66ebf1 3ecf9b01 3ec3ea4d bf28ed93 3e70249d bd06f093 beafee78 bf290599 beaef2e0 be650ca8 3f09ab6e bf3ca5cf 3f2ef57e bf00f984 3f6b71ca beedc6e0 3f482fb3 bc96e143 be80ba75 3eee6ed9 beeac6d8 3dec78ab bf4833ba bd0c6f58 3f055575 3e8d9295 bee79a9c 3f7a7022 bf7275f0 3e89b687 3f38b39e bea1a281 3f2601b1 3e4fbc92 bee87abe 3ea2a28f bf16f985 3f200f57 bf0f1183 3e1974d9 3dd1883a bdba4821 3f02197e bebca28b 3f0e2389 bf25c788 3c8a1cc2 3f2d2782 bf0d676c bd40ce9d 3eadca53 befc82ea 3e6aace2 bf528dbf 3f181d87 beacb2ad 3f4a7bda 3e311d35 3f04416a bda5a8ca bf0c1d91 3f23577a be464d34 3cc31ee6 3ecfaee3 bf07637f bc084196 be8e8a9c be73dc9c bf6dd7e3 3f0c0f76 be9eda6b 3ef826d8 bea46a62 3d151195 bf2757bb 3f305d81 bf6555c1 3f4dff93 bf393ba9 3f3d2f8c 3d9018d6 3f72a9dc bf653bde 3f7107d8 bf67addd 3f258dd7 3f76d1fa 3eee4acb bee36acb bf46cf9d 3eba425f 3dbcc890 3f1125a5 bf68b7cc 3f4013c9 3f229f88 bf24bb93 bf315b9c 3f2887c2 3dc8ea34 bf5ab1ac 3f1f3da9 3e7dac24 bf670dcd 3f7cc213 bf79480d 3e82528f bf25cfa4 3f21958f 3e5decd5 be256c93 bed47ad6 3f198d7a 3efc76ea befb3ed0 3f60fbb8 be243522 3f152195 be85867e 3f26f386 bf51cbb8 3e60a569 3dd9f8e4 3f262580 be0a8ca5 bf573dd0 3ed0eb0c 3dacf817 bf11b574 be7934ce bf40699e 3f485566 3c183c0c 3f005789 bf7e2e42 3d6b9009 bf7bcc17 3f093953 bf4965a8 3f1e0f73 3f62ffd7 bf62d7c6 3f09957f bf00e98b 3f6c0fda 3ee652e3 be94ceab bf5f07d8 3eed7b28 bf0df196 3f58e5c3 bef186fc 3ee166a2 3f33e5a3 3e93d6ec bf4cb18c 3f4723d1 bf249184 be9b0650 3c931f5c 3e9f5e61 bf53a1a8 3f565dab 3e8f4e34 bf6a79da 3f7963f6 bf6373ad 3f4d75cf bf5825dc 3e147ca3 3f6bfdf1 3f2a919f bf0ae390 3d3d5045 3e9e1ec2 bf05098a be90ea9f 3f5bb7db bf4057a4 3e7d9c83 3eb53a66 bd995739 3f7a39f6 bf5dcdb6 3ef7c27d 3f3f758e bf250387 bf262568 beee52f8 bf1c139b 3f16797a be532516 3f6a81eb bf6489c7 3f741c29 3e9a6e10 3e5d14a0 3d543187 bf32d9a9 3f639ff3 bdc368e0 bf002345 bef4e6c0 3d158f50 bf4febf6 3f23bf62 bf67a7e8 bf36e387 3f6711bc bebc1ecf be8f5679 3f7553ec 
3f012d66 3f3fddca bf5a7fdd be9d0eae bf2d7579 bda53893 3f4c31b5 beffaadb 3f6f600a 3eae3e90 bec4f67e bd90f8eb be7a7cf3 bd411027 3eca9687 3f3d8f9c beba12be 3f7ce832 bf7f8278 3f3aa570 bf0fb577 bede7ac7 bc3ebe8c bdb3c7f4 bf08818a 3ee4da94 3f60c3d5 bf6511ea 3eebe6c3 bf6469d9 3efa22dc be682478 bedeeec1 3eaf3648 3d620fd2 3efabe93 bf4325af 3dd74965 bde89870 3f705407 bf7319f5 3e89baa3 3f3381a8 3f75e638 bf556bb0 3e813e9e 3ddb1865 3eaeda94 bed2a2cb 3f0e3f69 3e8a2659 3f7a3209 bf2d3d95 3f4573ac bf52bbb0 3f7239f1 bf1edf7d be006457 3ddfa98f be9ac6f1 be872228 3ed9caa4 befa531b 3f382fbd bef1e6c6 3eaa3299 3f4e63a2 bf4d258a 3e91ba54 beaa6aad beb1e682 3f2d038a bf721fc1 3ed3d6ae bf260b6a bcf11ec5 3d25ef6e bee35ae5 3f5e7dc5 bf586dce 3f7e1a4b bf37858a 3f60bbeb bf409f78 3e9a124e bf6673f1 3f7dd02c bf777821 3f6261b6 bea112a9 beeeb2f0 3ee542d9 be0a745d bd81878f 3f50c5cd bf1ba96f 3f07e175 3d32513b bebeb28f beccce88 bee8aae2 3cf526e4 be82d267 3e10950a be4bfd72 3e5c9c9f bee2caab 3ed5d2e4 bf1cb779 3f68e802 bf138d95 3f211d7e 3f568798 bf400980 3f7f8474 bf34e5b5 3e6a24f7 3dd729b3 3e68bc62 be42ac9d 3b36fef0 3c70c222 3eab828a bf6917c4 3e55ad24 bf3ac39c 3e4e7cd7 bf250173 3f5a63c3 bf5ac5c9 bf22c9cc bf438baa 3f6e9bf4 be468cf9 3f07f362 bf5adbcf 3f06e56c 3e3b8462 bf4953c8 3e6c44dd bec172df 3f73ebf6 bf537bd0 be095caa 3f67a7d9 bf399789 3eb15e7f 3da8f8a9 be5ae4e1 3ec5cad0 bab9ea0b 3e35347a 3e5f6d18 bf5e9bc5 3f327b87 3de7c7e7 be7684c0 bf44d1b2 be29c41e beb406b0 be754d23 bcc0e277 bf6937a8 3f60f1b8 bf0d259c 3f46c794 bf2cff84 bea9429b 3efbdeb2 3ea46e6c bedffed7 3df2d8fe 3f4f499f be85de98 3f6f4be5 bf257d9d beef6ef2 3e075b8a 3f26b57f 3dd479ab 3f432b80 bf22d58d 3f66f9db bf2d3b7d bf14a972 3ee1ba9c be14448e be98bab6 be78250f bf394b88 3ea0e24a 3f3243ae bf688dd6 3f25ffc5 bf74a003 3f5903cf bf019f75 bf5915df 3db4289d 3f50e7a1 bf44ebc9 3f6c51e8 3d0b6ed6 3e820662 bc2dc50a 3ab9f32c bee65ebe bebd4ea4 3f343bb3 bf7e0639 3f160f7f bf13c17b 3f77f62e be98ded8 beec26f3 bf7ed840 3f00f785 be3f6c94 3e7ecc76 beabb25e 3f6bebf2 bf43cfab 3eff2a92 bcd323d7 bedfa2fd 3db68951 bf5adfcd 3f0c555c bebb1a84 bf3103b1 3f189b5b 3f5cedda 3e945256 3f491fa2 bf5c2fd8 3f0ebd67 be0f3516 bf111d74 bd56efe7 bf2a216b bf392f90 3f6851bc be8dc293 bd3c4e6b bf4bd3c0 3f6b5de1 bda727c9 3f798831 bf2f9594 3e769c93 3ec3ee74 3f4b77e5 bf44d3cc 3f44b782 bf5417bb be447c69 
bea24624 be786d4b 3e7a8c7f 3f76ddeb 3dac56cf 3c58bffd beed3e9f 3e6fb512 bf0f5770 bf1ce776 3ec2d2ae 3edd7e8f beb25e9e 3ed0fefa bf556998 bd3af0a6 be58052c bebb7aa9 3f021588 be06d468 3e81a239 3f16938e 3d757153 3da98778 3ee7628c bf41718a bf32b588 3f503d9f 3e7cbc55 bf059956 3f4e27cf 3e8212ba be5e94d6 bd64d018 bf768de3 3f4bf7b2 be989a6b 3f5075d9 bf28e580 bf004f4b 3f33cf8b bed29e95 bf27a380 bf5f4de2 3f78fc27 bf0d0972 be2c844b 3e1dad71 becf5add 3ecce2b2 bf2f8dba bf317177 3f147b85 bf7a97e3 3f4fafa7 bf417ba2 bda0d8b9 3f6e17d9 bf72f3c9 3efff2cb bd97c9be 3c8ea16e bd86f959 bf00335a 3f7b6a45 bf2d5fa4 be2a8459 bf341566 3f5141a9 bd82b8bc 3e210c60 3d6dcedb 3eafdaa2 3e904a98 bef50ea9 3f7517d4 bf4595b3 3f6021cf bf662dda 3f4b6dae bf36b1b5 be2c9d1b 3e1fbc93 beaa96da 3f28ab8f 3e907ea1 bf0d7d64 3e82926b be4f5cdf 3e558490 3eb242bc bf11f185 3f6619c4 bf748e0c bf020b62 3f0bf363 bd8bc77e bebb92a1 3f285979 3dc0d7bb 3f50f7d6 bf4f9fcf 3f65efe2 be3a8c2f 3e890230 bf22bb91 3f61d3cf bf36b9a3 3f47a3b7 bf687dcc 3f6289e4 bf7f7058 3cfea3c9 beb932ac be4fdd62 bf0d1d6a 3f745c0e bf7c8807 3f0a7170 beb85e74 3f58dddc bf60fbbe 3e91a675 3f297d97 be62b431 3f16af5b bda22779 3f53ddba bf5675b0 3f406f78 3f4b65b2 be108c57 3f0b1f7b bf777e0d 3f3529a5 bec74ebb bd6830e9 be884e3c 3f5ee7ee bf48ffbd 3f74f804 bf72ffe5 3f7e4c43 3b66e7f5 beeac302 3ea01e92 bf7185e9 3f7a0a21 bf2fb19f 3ebdba82 bf02e158 3ed9fed3 bf13cb92 3f109b89 bdc7b6cc bf6c3206 3f5529c4 3eac8e73 3f5b6ba8 3ea1ca61 beac066c 3f292779 3eaa969e bea75ab9 be0cdca9 bd98ea22 3eb1fe69 bec6627b 3e2bf504 bf37bf90 3f70a017 bf139b89 bf4c0d8f 3f29b39f bf6f2bc8 3f26299c 3e8ef26a bedd26d6 bd6f53c3 bf57f3da 3e818a79 3e01b3ed bf4c0f9d 3f680dfb be8c0e0f 3f01e992 bed69ad9 3f6fa403 be585504 3f2c49aa bedcc296 3ea04277 3ea6b26a bdc516fb 3f1e7b62 bf5261c3 3f0e6569 3f2b3db9 bef60aa1 3e076be7 bf295795 3df88991 bf15d97d bdb257ca be86de32 3ebdb281 3f2e619b bebc8e54 3ee84adc 3d57f212 3f3bd9be bf4b19b2 3e8a468b bf3c5797 3f4875b7 3f1c075b 3e980e9d bf4fd198 3f7ac3f8 bf79240d 3ee042f9 bf4d05bb 3f2c318b bf202b72 3f0c3b61 3e427c6e 3eb82aa6 bdbe7936 3ee7fee7 3e8f7299 bf02936d bf4dedbf bdc7f8a2 bf37d5b2 3f50fddd bf7e281e 3d332f20 3f4ebfc5 3e9286c8 3eef2e98 3f135d68 bef3bad0 be46045b 3f3ef392 be4edd28 3f079b6e bf7441d1 bdfda92f 3e951e85 3eea0715 bf7f1859 3deba7d3 befccf1a 3e3c74c4 3f5bc5e8 be38ac7d 
bf10d371 3eb5e68e be175cc1 bf50bdae be43e4b7 3f4091c7 bf10cb94 3ea4be88 3f2d177d be987654 3f231fa3 bf765418 3edb76ae be379d4e 3f109571 3d4230c4 3e8ca67b bc2f3e71 bdada831 bf0ae57b 3dcf288c bf5203e3 3e9a3e8e bf6f91ef 3f3e1fbc 3e4d5c7a 3f1e5fa3 bf13576b bed81ac5 3f1d2b87 bf6ea3db bf39f7a0 3f4c65d5 3e955e83 3ee80b16 bda6487e bf11677f bc013f3f 3e0e0c52 3f083b62 beb8b29f 3f14298b 3ecee308 3f1d7f93 befdeafd 3dd9081d 3f40af9e bf4dd7a3 3f5f0fe9 bf25677c 3e9c46aa 3f24a591 be24d473 3f121f89 be01cc6d 3eb70ada 3e6a6bde bf3fbba0 3f4ec9ae 3d2b515f bc961c78 bea656b1 3f7545f2 bf3ee378 beb5c26d 3cfbddd7 3f236584 3f27f3b0 be85425e bf355f91 3f101585 bf7173db 3e9032a7 bf2adf81 3f61f5e6 bf4097ad 3e2074ab be55ad03 3e7f6d03 bedff6dc 3edbf6c9 3ee966dd 3dcb198a bea45e7a 3e476d36 bf313590 3ed8feb6 3e91f667 be848a63 bf013952 3f26cd68 bf23498d be31fc8b 3f5c05c0 3f1f6d8b bf00bf91 bec46e9b 3efa6ec8 bf4a03b8 3e9d0ead bf74b9f0 3f74980d bf54efb4 be922e59 3ea49ed5 3d33ee91 bd5e524a beaaf656 3eaa123b bd39f037 bf058d8a 3f4cdbb2 be924a6f 3f2799a1 3ed97abf 3efdbf0f bf049762 3e515438 3eee82a5 bf6acbe2 3e02a42a 3e726cbf be025c4f be197c7c bf2f33bd 3f2795bf bf5a27c0 be497d14 bcada0e3 be1a0481 bf071375 bd492f83 bf3da9ab 3f284995 be5f3cf9 3d3cce41 3f21f380 bee8c2b0 3d860859 3e0e9cfd bf09e581 3f098177 bf72edf3 be6e6505 3e6dbce7 3e731c33 3f6585b0 bf39937e be833e9e 3f4d7ba8 bf4d1d9f 3f3637ba bf16f780 3edceaaf be743426 3f62c1eb bee466a6 bf50218f beee9acd bf67619c 3f7dac48 bf6fe019 3d70b020 be28c486 3f4b61a4 bf56a3d0 3f25a788 3e763c99 3e136c74 3dfec773 bea206b4 3e3b3524 3f7dec35 bf6f55f1 3f39af95 bf61dde6 3f5771b6 becfbab3 3f035372 3f1c7565 bf297b93 3edb628c bda338f3 3eb03ec3 bf26ddb1 3ebd56b1 bf45ffba 3e4ef5a0 bf67fdd1 3f6715d9 bf626bd7 be3bfd79 bf043979 3e8c8679 bf43a5af 3f795a11 bf7f6e50 3ed9d6af bf171592 3f026f8e 3ee76ebd 3e34ccf6 bd45cf63 3f687fd3 bef48ad7 3c79393e bf448fb7 3e7c243b beeb1ab9 bea0fe8f bf0ee382 3ef7eec0 bd430eab 3f195d89 be9b5696 bf5541b2 bd381074 3eced6b8 bf3db58c 3f53d1ab be3e6458 3eedf6a4 be5524d3 3e94da74 be485444 bf26339d 3dd888b1 bdbce933 bf4e11bb 3e5b13e2 3f361990 3e0ccc1c 3e92025d 3ca8e495 3da148cb 3f3d5d93 3e2ced4e bf2f3999 bf5953cf 3da8496a bf23eb86 3f16bba1 bf094bac 3e33a4ba bed8e2db bea32e7b 3f151174 be420c75 3d73f2ba bf7a9216 3f77b40f 3e44b473 3ece6b04 bedb06b5 bf76600b 3f4a7fb7 
3ccfa487 3ee7ce89 bedd22e3 3f40cb86 bdb8a8d4 bf4907a3 3f6c89f7 bf0f4b7b bf2c59ad 3f3c4d7c bf45c3cc 3e4ff4a9 3f3a07a9 bf486fd1 3ed5b266 bf7cae25 3f29d581 bf1c5d74 3f3b7dad 3dd058f8 3f159b91 3e17dc70 3e6d6d5f 3f22bd74 bf1e8779 bf387987 3f078b6c bf2b1b74 3f7e5848 bebd7f0d 3f5e93d3 3f19af82 bf50d7ae be37acbe bef49b10 be29a46d 3f37cf7a 3d398c97 bee73285 3ebc7a78 bf5ced9e be637c11 bdfe9994 bf217ba7 3eab3ea3 be0ac49d bef06ebb 3ea34681 be5cdbbb 3e43443d 3e2763b5 be2014a5 bf56c3c9 3ebade95 bf71dfeb 3e8fcae8 be8cfe37 3ec166eb bf4a4bd5 3d5aee20 bec64e87 3ee6eec7 bf6f21e5 3f6413ca 3f6e0fdd bf3873c3 bdac6791 bf670fb0 be640502 3f7c6e30 be91363f 3f203180 3d776e7a 3e21ccc8 bed2769b 3d4ab177 3eb79e9c 3e6b9cdf bef01ee0 3f1cbd8a bec0daa4 beeda2f7 bef65aa4 3f56f5b1 bf543dd6 3f2617c8 3d7c2ed3 bf4899c4 3f6189c0 bd8bf801 bf02e548 3f778614 beb7ae83 bf070f62 bf741e07 3f64b9e6 bd20f15c 3f165ba3 beea06fa 3f3411a5 bf1e098b 3f1b9985 be30e36f 3f0ec385 bdc13703 bf207f9b 3f6937d5 bf432bd0 3f1fd78f bf078b75 3f6a2ddd bf3233b6 3e4ca4a0 bf2ab1b2 bed56e98 bf65bdf8 3f4681b9 bf1007bc 3cbddfc8 3ede62dc 3ee53664 bf1a2785 3e8e7e15 be127c7f 3f5977e4 bf63e1ea 3f23f57a 3f0b6779 3bee85cf 3e62e528 bec2daa1 3f70440e 3edbb2b0 bddb9851 bf12fd62 3ede32a5 bf4c4da6 3f0b3369 bf166382 3ef32eb0 398998f8 be33b4f2 3f5275bb 3f36eb96 be903e64 bf18358d bf34018c 3eaad295 3f457594 bf2dbfa3 3e1c5503 3e38b46b bb66e050 3e077c21 bf1f8faa be3c64f7 3d8f58a3 3f3a67ab 3f150f72 3f32a3b9 bf56a9b9 3ef242a4 3e983e8d bf216983 3efb7ab0 beab2aa1 be024c7c bf53efdf bd43aed5 bd57d1ab 3d5f7154 bdee3994 bf1547a1 3edc3e62 3eccdab2 bd320e03 bf3d97bc 3ee742bc bf7f085f 3f16e173 bef1668c 3f15f35e bf0727ac beb1f2b6 3ee8130a bdec684d 3f42079e be417c80 3f1a1b97 bf5f59d1 3f670fd3 3f4821b7 3e18dbd2 be546d1e 3f42e58a bf450db1 3f367fad bebbf6c7 3f2811b7 bf0fd571 beefcea6 3e08acc4 be88ae58 bf263b94 3f1f717e bec1aeae 3f725603 beac2267 3f6767c4 be194d24 3f4939c8 be8c8681 bd1d2f47 bf5bf3ce 3f4c77a8 be1cb4c0 3ecf96e0 3d9f0992 be361ca5 3e4fd4db bf46f9a4 3ef4e305 becdeacd be878611 3e584c6e 3f70e7fb bf29ffb5 3effae87 3f3db5ab bed0864c bf59b1a9 3e96fac0 3d9ff898 3e0c74e0 bf3ea595 be8ac267 bf24c79e 3f6ce3e2 3f155370 3e7c8c0a bdd6f86d bd8bb7dd 3f25a596 bf07bb7d 3f50f9d4 beef46d3 3f7d383a bf4c1b9a 3f53a1a8 3efaca7d bed606ca bf5d8da8 bc1240ca 3f74b80d be350bf8 3e955250 
3e8daa6c bf518fa7 3f03a780 becc32a7 3f4dfd9b bed04a82 3e61a3fd bea33a7b 3f7d5c31 bf68cfe6 3f3cfba9 3dded7dd bf0e1dca beb32284 3f61ebcb be8c929b 3f15679c bf5217b8 3ebc72d6 bf7c4031 be10ac4e bf09a977 3dce0932 bf3f399c 3f5913c0 bd6d3211 3ec6b68d bdfae8d6 bdb388d6 bf565bc1 bec7ca54 bb252a1c 3e153443 bd00ee3f 3f4c71bd 3e78ec5f bf6225d8 3ec0aa51 be975e48 3e051c29 3f670ddc 3e693493 3d97e919 3d9b68b1 3f28659d bf4351c8 3f7ae038 bf022988 3de96921 be57fd80 be8cc2c0 bd434cb5 3f3669c9 3e7ed449 3ef83e9f bd382fdd be87be4a 3f4891ad bebf36e9 3f673bcc bec192db 3f347598 beb13e37 bf00396d bf7d0c36 3edc96e0 3eeac2c8 3f04b75c 3f1c256b bf1a7594 bf4229b1 3ecb868f bf467197 3f18995c beb6b281 3f3adda7 bf3afbc2 beee8e69 3f6447ef bf50d5c5 3ed9aaa4 3e9402f6 3eb3bacc bc81a2cb bd534f85 3f083d52 bf774612 3f6f13ec bf7285ef 3ef446f6 3d71120a bef7e2c8 3d89e75c 3f6aafdb 3e8b8ee1 bd67d227 bf7691f1 3e39ac6d bec6c2d1 3ef956dc 3e1644ac bee71a9b be82367d 3e674c78 bebf1e28 3f1e3f95 bf4f6f9d 3f6e43c5 bf1d6792 bc94a24b bdbe0894 bf0a5d51 3f77ea11 be0fec85 3f53cfab 3f0e4f70 3db457c7 bec8628d 3f4c45e1 bf78fe30 bdbd98a4 bc483d7e 3f3c29ac bf470faf 3e0b345c 3efcd2b2 bf15df58 be196c81 bf313dbb 3f0e996e 3e100437 bf6927c8 bf241b91 3d7ff071 3f7b45f3 bf1c955e 3f295788 bef8aad6 3f79b614 bf7f2429 3f01e196 bdb12967 bf5081c5 bf5129a2 3d8dc9d6 3f484390 3f34018b be98eefc bf5839cb 3ec6fe63 3e9d7689 bf01bb62 be255c28 3e1e1473 3f0c1b66 3e651c62 be6f1cbc be245cfc bf6409e2 be57b4a4 3f4635aa bf337fa1 3ee062cf 3e92ee97 bf3d1596 3f3819bf 3e1a9c6e 3f74320e bcf21c2b 3ef0b2b8 be148c05 3cc41d55 3efddade bf296fb5 bec7326a 3e5c1ccd 3f02db62 3cefa2d8 3f4f7dc5 bf7e4e59 3f4975a8 bf5d73d9 3f723e03 3d6faee7 3e531cb9 bf14a57b bed56253 3e4a952c bebd0eba 3f3757cf bf77aff7 bf6457da 3cdc5ff8 3d799158 bf0bad72 3ead4e8c 3bc46c13 bf1d097a 3e267cca 3e878229 3e17e41f bdb07a19 3ee23abe 3d718eb9 be223bb8 3da4693b bed712b6 bec2aecc bea0be6f be870262 be3f3428 bf061d6f 3f2e038e 3e6e8433 bea7baa1 3e9f3a8b be9fc266 be969a26 3f05336a beffbedb 3f385fb4 bee17aa3 3d954922 3f7be604 bf4187c4 bf3dc9cc 3f4df3b4 bf1d43b5 bf1f0b89 3f093164 3f371386 bf072f7d bf110f6e 3e20e464 3f3f89d8 3e5b848c 3f20f360 bf2a778f bec8b25d bf2d31ce 3f7f9265 bf51ffa8 3e93a2bf bf3c9792 3f210779 bef5d66f bf6ab9dc 3ed29aab bf407785 bf203786 3f1ccd98 3f7cae16 bf03a580 bf25b9b7 3ee436c4 bf6719ce 
be28bc73 3f182d5d 3df577d9 bf4f41de bed792d6 3f062971 bf0a4768 3f24a7ad bf608806 3f313fa6 bf137f69 be97b648 3ef076d5 3f31ad90 bf4ff7c9 bd08303b bea1cac9 3f4e0bc3 be48f463 3f272f8a 3f3879bb 3d408f12 3eef76eb beef52d6 3f332398 bf28099d be86a9f7 bcab613e 3eef12e7 3f40a9a9 3eb9b6e2 bf18f563 3f2cc79b 3dd2587a bf5f67cd be920a47 3f322196 be928a8c 3f338ba3 bf5677c7 be57246c bf601bb9 3f53cdd5 bf61efb6 3d898837 bddc8856 bc6ab7d2 be32b4b0 3ebafea5 3e1ffc21 3d6db04d 3f106b6b bf5557c4 bee352d4 bf01b73b 3f7a1009 bf61f5cf be369ce9 3da04895 beb6ca8c be79bc25 bf1549a9 3f4e039e 3f177d9f 3ef2268a 3e3474a7 bf2d1bb3 bf18976f bef192da 3f09bf8b 3e51345e 3f386792 bf3c23ce 3f30d197 bf0f9f6b bddf6881 3e8b0e9f 3f4251b9 bf7fa058 3f17d5a1 bebcf2b5 3e5ebc8f bef832cc bf1bf975 3ee4f69b bf36357d 3f34cd92 bd75b0bc bcfd6339 3eb06648 bf566fd2 3f3ebd7a bedd7e9d be7bf50b bf6a5bf7 3f5bd5f6 3dcc98c1 3f3dfd9c be953ab5 bef2766f bec0fead 3f7183fa beb78686 3ea992ac beff36e0 3f0aa58d be1ef3f0 bf357382 3f5889bd beb63255 3f3919a3 3e18a485 bf70c3e7 3ea69249 bf66140c be14ed07 bf5bb5c4 3f6983db bf5eb3d3 3eee6ab1 3f565bc4 bf1a2370 bebf5692 3e985253 bdeca81f bf12237f 3f3da996 be6a35e3 3f51bf9a bf45f7b5 3e0df468 3f335db6 3f6563db bf013331 becda2a9 beb51aca 3ebf22b5 bdbd77cc bf44cfa2 3f6631b4 bf2b6190 3ea21262 3f3db9ab 3f05916e 3f020f8d bf6ad5e1 bf56d1a5 3f3f99ac 3ee466cd be92d271 be3bac61 3ec7d2a8 3e587c21 bc8b5e7a bf6ce5d2 3f049f69 bf45039a 3f65a9bf bdf1d87e 3ee772de bf752c2e 3f5ec5d5 bf732de1 3e364cd6 3e8e0e54 beadce26 bf06b373 bf52c5dd 3b1b13a0 bf5e6fd3 3e5a5cce be35d450 3ebbde70 be13c4c3 3f7d3253 bf3f219f 3e46e4f8 bf515fc1 be4c2d1b 3f0db579 bdf8a867 3e6e5552 bf5399e2 bde9d87f bebe2670 3f5adfdb 3d64b176 3e008415 beacd674 3ddf791f 3f10b3a3 3f4bc9d4 3da1b95f be4f64d9 3f4a29c4 bf696dc1 3f42b1a8 3e52346b bd83b7d2 be8eea74 3e1a7c8b 3e5784b2 bf3ab7ab 3f5279a1 bf73a7f5 3f781201 bede7ea7 3f7083ec bd05b118 bc7ebb4b 3f5791ce bf25175d 3f3e038f bf770e14 3ed9c2de bf0ed555 3f2d67a9 bf64ec04 3f514fe1 bf10f979 3e90fa8f 3da49896 bb867bc8 bf696fb9 3ef51f36 3f68a5de bf7a880b 3f27bf88 3ec0fb07 bf06d358 beda52e1 3f4fed90 3f0d678d be802e63 bf24618d 3da24941 bf6f8403 3f1b2b7c 3de759d3 3f40379c bf5657cd 3dde591f 3f015d7d 3e5be4d6 befcaabc 3f133f63 3f3a6f89 3ee98715 3e6a9d23 3f5ae7ad bf753224 bf4b1fb1 3f5f53c4 be1eac77 3e1da538 3f4b73ec 
3ec2defc bf62619b 3e80ee5a 3f47e19f 3f133b6b bef69aa1 3ed882e9 bf30c79f 3f671dc2 bf5a2bd4 3f73e1e9 be1abcdc bd597193 bf3acdad 3ed1a6c1 3ec192af 3da4e8d8 bf3303a9 3e2ebcca bf49378f bea11e6f bf6e61d7 3f4d5987 bed57e66 bee7c6ba 3e05fcad 3f64abc7 bebd6ea3 bf4317aa bee022c6 3e5ee377 bd5d70e8 bf19d969 beb2c6bc 3f38398f 3e261c97 ba149f3b bf3b27bd 3e47149d 3ed572e6 3dc5d873 3f6219db bf742a1d 3f40d1ad 3ecb16ba becdeebd 3f18e1a1 bf4affdb 3ee316c8 bf122f76 3e10cc95 bf316b8e 3f25db95 3f44abad be94b229 bf174594 3f070997 3f54bb87 bf5b83a4 3f00597c 3f01b574 3e84ee81 bf6ae9eb bf41e19e 3def294a bf41e9a0 3f67c5f5 3f0bef87 3e7fcc42 bed4b6bc 3e4facd1 bf37a9a3 3e1e4bf6 3ea2966f bec08edd 3f0d138b beba5acc bf1bdb83 3f74ee11 bea8b252 3e816e5e bf3c598b 3f5035a5 3f34a7a3 be55dcd3 3e86fe8d beefe2c6 3ecb8eaa bf6689e3 3f3f73a7 bdf9b920 3f4a9bbf bf52cbb8 3f4193a0 3f092b9f bf439dc0 3cf19f2c bf731007 3f031376 3f3817ad 3cdba4c5 bf61c3cf 3f5def9c bf5f6feb 3f4189d9 bf238d4e 3ee3f680 3e83f262 be2eb43e beaed686 befa4edf be2fd522 3f7707ff beb76a8a 3f04ab57 3eaca26c 3f18c57e bef8c6fa 3f1dc796 befe02fe be8eaa4d be308c1b 3f60e1c7 bbb8874b bccfdf0f 3f0f378e bf3c9fc2 3f1c4f7a bf5e57b2 3f46a5aa be878243 bf70b5eb be1a2478 bdf468bd 3f37b7b9 3efee2db bf3a9973 3ede02be bd7a31c1 3e9e7e3b be04cbf9 be088c09 bf01c588 bed51ace bf47219a 3f651c09 3f100fa2 bf49bb85 bee69eac 3f7cbc1c bf6029e7 3f0ea597 bf7635f2 3f77dc0b beef1ebf 3f4ca1c8 be150bea be10c42c 3e5adcad bc969f2f 3ee5ca96 be174c45 3ed982b6 be042cd0 3ebf3679 beae867e 3f5ed3dd 3f1c0349 3e535c9c 3f6117ee 3e3704af be0cc3d9 bf45cf96 3f05636b bf3f458b 3d3c10f2 3eed7f05 3d8ed874 3f43d99f bf2acf89 be3ec4a0 3e439ca7 3f351da3 3efbaee0 beb366a9 3cce5da5 bf38d98c 3ef7a28b bd2bb17b bdc0384c bee88ea9 bf3cbfc9 3ee186e1 bf5b25cc 3f2b7999 be8af663 be327435 bf1c6361 3f07916e be918a44 be0b0461 3e45a4a2 bf153196 3f215d86 be845699 bde4f958 bee91aff bbe1887e be3f14c2 bdb1e8a3 be72cd2b 3e21ec5c bee8aee2 3e4d9c57 3f2fbbb4 bf016b4a 3ea7c67a 3f4f4ba1 bf48eb86 3e005c75 3e246443 bf6f0de5 3f60c9c9 3d1e0f18 3e2fa4fa bf6bb3e1 3f5267dd beb72ae0 becae6a5 3f49bdb4 beec12cc becd4e46 bf5303b2 3f5587af beb992df 3eeeceab 3edae256 3e9b4aad bf47bfd9 3e0b6436 bdb2e8d5 3f4e3de3 bf7c7026 3c4e3b45 3ee0befc bf38bfaf bf13d755 bf3eaf80 bee8ee44 be2f74ef 3f21a96d 3f274166 bf28fba2 3eb976ab becd72e9 bf55d99e 
bebbfac7 3f76a7ed bf50a1ae be8c462e bf10a55e be9e8ea2 3f58ffde bf2d23ae 3efd96e0 bf143fa6 3ee16acd bf7da65d 3f6b73d2 beaac702 3ee4a70f bf3ca3b4 3ea57a79 bc5dc752 3f0ee399 3e0b7cc8 3f3f7d7e 3f096586 bf30f9b8 3ec89ebd 3f390b8e be6624cc bf63bbcd 3f34c794 3f4d6fbb bdc01862 bee746b4 3f11e145 3f59d9f1 be79250c 3f014795 bf683800 3eabc27b 3f64d7a2 bf7161e0 3ee476e0 bed8372d bed39aba 3f398faf beefaeb0 bf3c29b5 3eb8d2d2 be8c2a6b 3f3eabab be5cfcac be7fad0f 3f5711c5 be3c0549 be8c6e9a be3cdc46 3d1d131f 3f7fcc92 bf49f9a9 bf126f72 3f4c09d7 be8f2667 bf24c391 3d84297c 3f5639b4 3f4997db be8d1662 3f2417a3 bf282bbd bf0b1d8a 3dab2a6a 3def5990 bee856d1 3ee0c300 3ef49ee7 bf41edb5 3ebdda41 bda7a8bc bd4a0e02 3ec49a96 bf3f938f bde918ea 3e7ddd13 3f40ddb3 bf7d0a4f bef482ba beb4465b 3f4767bd bf48cdb3 3edc2a92 3ee31ac4 be49c526 bf3e4daf bede1aa4 3ec112c2 bc9ae0e9 bf36898a 3f3c3dad 3cfb5deb 3f414f91 bf067773 bf519580 3f15b185 3dbdf952 bf09bf92 3f0d3d90 3e4334f8 bf31519a 3ed65eb2 bec67291 be675ce4 3f44919e 3f1591a7 bee342c0 3d0550e3 bf12318b 3ef59ae1 bf2ae19f be9e32a5 3ea83ad9 bf55f1c5 3f791620 bede72b7 3f26c977 bf579dcf bf3a53b1 3eefa6c6 bedd56e3 3eb846a1 bf492bbb 3f7ffcc6 bf682dd0 3f351fab 3eecfaae 3eb226c3 bdf98925 bf23c1c3 be6864ba 3da588b3 3ef23ada bec5b6d8 be549449 be46ac60 3f3fedb8 beca92a9 3f64a7d7 3e9bde91 beaae692 beb20683 3f7727e3 bd94782c bf4da58f 3f23b597 bd3f7054 3e4fa50b bef376f4 3efcbeae bf5db3fa 3d9067e0 3d68f229 bf2739a9 be6544e7 3d5270d5 bf58d5a3 3f3d21cc bf14076e bed79ed4 3efeeae5 bf6cfde4 bd927910 bf660fff beed5ecf bf251f87 3f2111ad 3ef58eb8 bdf78876 bca35fac 3f4ca59b bf78c607 3efc16cc bf72abef 3e7c6ca1 3f5571aa bf71ee05 be19ecc2 bf7141d6 3f44a39c bec326c8 3f693dfb bf66f3d5 3f62a5e6 bf35cfcb 3f7e2c40 bd85f7b8 3e065504 3ec926ea bf117778 3e71ace5 3ed372df 3e8bd28e bedbb332 3f4245b7 beec7aa8 3ecc3282 3f224baf bf78b612 3f07256f 3e44c43e 3f23ff84 bf2ebba1 3ed19abd 3db2d895 bf05f985 3f531794 bea72a99 3eb12e9a bf316d7b 3ec8167f bf354194 bf378998 3f2f15a1 3ceedc99 bade40b4 3f53bfc5 bf2351bb bd8b2903 be0b5c47 3f1e1376 bf6eaa01 3f48ddc9 bf039783 3ddb289b 3ea2c2af 3f138d92 3ea9cad6 bf03436a 3f11af5d be7ced0c bf5f7bd1 3e049cc9 3dd808dd 3df4a9cd 3dcc478c bf53cfca 3f4705d1 3cfca16c bedf02e8 3f7cdc24 3eba6e93 3f4a4bab 3eff7abe be0ba453 befcb71a bf0e8790 3ed83aad bec48ebf 3edaa6c3 3f43abbe 
bf081f54 3e6f4c88 3e425c3c 3e89125d 3f363b9a be4114a2 3da35792 bee1b6d6 3f18219a bdaa17d1 bea18a66 3f6df9fc bf4579e0 3f42559e bf5c81ba 3f7f8c75 bf5d93ad 3f4bbbba bf6329c8 bea9ee7f 3c98226e bf772fef 3f70e605 bf3bbba2 bf085d5f 3ea38ab7 3ef6a2e1 bf743c09 becb8292 3eff5ab6 3e64748e bf396d91 bf5aaf9b 3e5374f8 bf6103df 3f6441c5 bf3bdfab be83466b 3f2e157b bf10f561 3e328cfd 3ec2c695 bf6547d3 3f15257c 3f366394 bdc2e829 bde88940 bf5ce3b6 3f230591 3dced980 bf63b3d1 3f42fda5 be9fd64e be176c61 be223399 bf42f1ce 3e879a53 3f319d9b bf7d184c 3f2bf58e bda3786f 3e325cfc bf433bc8 bf585bc6 3e95b645 bd9d4683 bd0030ee 3f469195 bf43479f 3f2e2397 3e403c6b 3bbe7f56 bf1f4960 3e965e60 3e395487 be940a7a 3b848805 3ec72f04 3ebaca6e 3e87f6bb bee582da bf2725b9 3f54cf78 3f4d6bb7 bec642c8 be0d9462 3f290ba5 bece3297 bece86aa 3dbbf8c5 3f7105d8 3f42dda9 bf7ee850 3f688dc2 bf5a8deb 3f0bcd7b bf4a0bb8 bd6eb137 3ea0aa89 3f09d595 bf503dbd 3f2e2797 3d402cf1 bf150374 bb390081 3eeade80 ba8a0d43 bd97477c 3ed35ea6 bf262781 bf54abd0 3f46ad85 bf22d1af 3f6c71e1 bf4f53cb 3edb6eae 3e851a62 be8b8a8e 3f67c9df bf7e3c2f 3ebfd2c3 bed392c4 3f4817b8 3ef7a68c 3e4cf536 bf115542 3f4833bd 3e11046e bea3de68 bd27520b 3d724dc2 bf292596 bf0ea77b 3f2f59af 3dee88d2 3ec7c251 bd7bb153 bf274de3 3ed4aa84 3e8692cd bd541175 bc70b961 bf004784 3eaffab4 bf7c943e 3ef1d697 be88fa6f bf6b0dd4 3f1f759e 3e705cea 3df1c85b bf211d7e 3ebe12b7 3ddc4892 be8a6267 3f13359b 3e033c56 3e756c56 3f083f3e 3f122365 3e281c0f 3eb526a9 be893a3d 3e02d467 3f2b39db be4844fd 3e8aae60 3e3ed4d5 3f3f23ab 3f726ddb bdaf4863 be00dbed bf01ab59 be1644d5 3eafbe6e bf64ea00 3f31f9b1 bee38691 3f46c39d 3d8e1813 bf514dc5 3f6963d3 3e206c60 3ed7dec5 3e8ca29f bf55b9bf 3e863e5c 3ca1e1f8 bf1e7398 3f3067ba bf6bd60c 3f1ac783 bf7ba409 3f5885be bef1f2c5 3ee866cb bf64dbc8 3ef04eb3 bf0b13b0 3b54eaa2 3dedd982 bf2ff3a8 bd7d3050 3ed89ee3 bde24781 bf694bbd 3c26428b 3f1d915f bef0d2e3 3f33c9a2 bea5eadb 3c353aa2 bee17e94 3ef936b3 bf36c9b0 3f725bdc 3e9f962f 3f5dc3be bf7f6869 3f11ab69 bf4c019e bd04b100 bed8c70c 3f7aaa1a bf67d3ce 3f38e5bc 3d016f44 be8e3672 3f17cd74 bf52b9b7 3e8a96b5 bf7b8a20 3ed31285 be9acac4 beda6e6c 3e895a48 3f5b8fb0 bf102184 3f67d3e4 bf7473e1 3ed7bebd 3f125387 bf79a61a 3f73fdf7 bf3a0396 be949e59 bf784c18 bd88f79a bf044d87 bde0891d 3f47dbb3 3efd1ae9 bedf26fa 3ef4c707 bed0126e be8ecedb 
3ec2a2b1 bf3e23a4 3efe8efb bf64adea 3ecf3ec5 bf506db1 3f4a79c6 bf15d3ab 3e98be8d bf228da4 3f3eadb3 bf10d166 beaa9eae 3df19877 be387444 3d15d058 3df3c998 bec78e8c 3ef32ada 3f19b999 bef66704 3f299b9f be410529 3e4d1c63 3f5bbdcb bf77d1f7 3f30cdb1 3ee346b6 3e21fc9e bf4a7b8f 3e9a2ec5 3effe2c1 3f34d9b3 3e8e860d 3f280b86 beba8ada 3f79ee16 bf3dbba6 3f0f6570 bea662e1 3f363d94 bf0d6b5c 3f6305b3 bef4ef14 bf40c994 bddb19d5 3f1a8769 3ee74ab8 bf07ad99 bcf29e41 3ef54724 bf41c798 3f13e781 3f0c536a 3e2a5507 3f08e92a 3eb77658 bf323998 3f6745e7 bf642be1 3f21b55b beb2fe5c 3f23ebae 3f4739c3 be621cf0 bee952e0 3f043181 bf08e9ac 3f2763ac bf08ff3c bf1d9d6e 3e346c8c 3de8d831 3f16917f bf1dd989 3eb1d28e 3b450593 bf56b39e be9a22ef bdfbd916 3f0b6d91 3e53253c beaa92cf bf7f2e62 3f54b3c1 befbe6af be182cab be757534 3f7dee2e bf372da6 bf08dd56 bf6b25e3 3f75e01b bf6bb7f5 3f7e2e58 3e53ccd1 bf08b566 3f53adc9 bf6735c0 3f1f019c bd93f846 bef6d665 3cce1f83 3f6d1408 bf7085f4 3f47cbd3 bf6ab3f2 3ea8f2e0 3da31899 3d5b2fcb 3f0e6783 3ecf72ec bf3a3378 3f35a79f be94722f 3eb9f2ae bd8ba87c be6f24c0 beba52c2 3efb5ef3 3e1b6504 be68b4d5 befe1e8e bdf3d89b bedc8ab3 3e9fd274 beed22b4 beeb2ea5 3e8d0695 3f17e19a bf4341c6 3f6c5db8 3f011754 bf10fb7d beaf2700 3d9668d0 be7c14ce 3f6f400b bf614bc0 3f08ad57 bf302b69 3eb25a86 3e475d1e be863288 3eea52ea 3e9b42af 3e8ffaa1 3f20e580 be8d0e54 bf216b86 3dc36991 3e7a4437 3c941c2b be819290 bcc3208a 3d682d43 bf66add3 3e915eca bf7499da beaac2e4 bf6de3ba 3f277bb4 bedaf683 3db9b888 beb37682 beb95ed7 3ea11270 be165cba bf4d19a2 bf285b86 bdcad947 3ee2dadb be051b82 3f36d9ab bf1f31b3 3f71a7df bf14ed7d 3f17c785 bf58fdbc 3df3eabb bbca93d5 be048c4e be163c99 bf107f88 3d56d157 bccbddd8 3f64cff3 bf4527af 3f5373cc be6ae4ba be5c8c66 3f056f6f be9d76be 3ed14ad1 bf6803e2 3f7e182e bf01a372 3dd618b6 3f71f7d2 bf7dfa48 3f4ba7aa 3e605d0f 3d85a833 bf0b1780 3f2dd5aa 3f04a57b bd81c763 bef33ea9 3dc157bd bf58cdb2 3f08bf61 bcff1f00 be2343ac 3f286d6d bcb8617a bf1d5f8e bf5b91a8 beaa669b 3f69adf4 bf2bd1b9 3eef7ebf 3f1df98e 3d62500e becf0253 3ef6d6aa bf5f57ba 3ed77ed9 bf177d87 3f03996f 3e858622 bd445176 3eea0ed9 be5af530 3f33016d 3eaa0a1a bf40b38e 3e2dcc4b be5274ed bf1d8f99 3f737625 bf4c9bac 3e8cd263 3e4be495 bf307d97 3f09e795 3f2ca574 3f6f53e7 bf133ba9 3f170d7b 3e565524 bf4fbfc4 bf33c18d 3f0d5f72 be63c526 bec51306 3f3c7ba9 
3f205d97 bef776f3 3f61e1dc bf4d519d 3f2b939b 3a89f79a bef16287 3f772fe5 bf3be993 3f62ade9 bf5a65bf 3f148f89 3d8cc7fa 3f798a2b bf6a2bfd 3f6f21ef bf4071a9 3f5839ac bf6d2fe0 3e630c66 bc9b9bce 3dc00879 bea19230 bf11079a 3ebf92b5 bea2ce63 bcfb9942 bf725ddb 3f3dc191 3ebee680 bf166d7f bcf19ec3 bf591dc1 beea42c7 bea7d6c8 bf6ff3de 3f26c59f bf63edb8 3f21db7e bf675fbc 3ea98275 bf5851d9 3edf76fe beabfea1 3f5b33ad 3e7a3c69 bf5ca5a4 bd2732e8 3e1f9c78 3ea2dabb be924e86 3f2fb190 bf5efbb8 bf0c6964 be918671 bf0d758d becc36b9 bdfcf93a 3e4174aa bc524512 3e30a48f bef3bec3 3d662faa bf7e1c51 3f11898f 3ebfcab8 bf33fd5e 3f0f9d4b bf764234 3f5fedc9 3cf99d22 3f6e47bd bf7ad82a bdf8c934 bcdc241c 3b9482ed 3ec9069a 3ee39a97 3f6b8bf8 bf3845ab 3eb7a67a bf4f21b4 3f7df851 bee9c344 3f67cddd bf5f33be 3f6fafec 3d465043 bf4d67a5 3f16d76d 3f57f9c5 bc15b534 3e52246b 3e0e7c5c bf412db1 bf15f38e 3f1b2389 3e8de697 bf45f5af 3e61cbae be57bcb1 3f5225c7 bf6031e4 3ccb60f3 3ef4b71d bf5f19e6 3f799612 be22fd52 bf4935a5 3f6679ee bf66b3e1 bf14037e 3f4ae38d bf7bea1f 3d837857 bd799043 bf0fa76e 3f26a593 3e052466 bf19b18f 3e080bf6 3e22f3ff 3edf128a bea2a685 3ef15289 3e922242 bd7b71cd 3f03eb83 bc7b3ac4 bf5343a2 3f5cc7c0 bf261d67 bf29adb3 3ea2f257 3f15f983 beeceac6 3ec0227f bf4c7f9b 3f49f1aa bf35e7bc 3f7c3607 bf421ba2 3f04e76b be6e748f 3ca862e5 bf351da8 bed78ace bd2b5214 bebe06b0 3f769013 bdd26996 be38ec3d bd31110e 3e784540 bd706fd2 3ede3ea2 3eb92a58 3dc3e729 3f09097e 3f44e77d 3f47cdc4 bf131b74 3cdaa322 3f065973 be0ff4b3 3dfb88ae 3da2982f be491476 3f092575 3f120978 3cf5a442 bdefd8f2 bee916ba 3ebd1e78 bf5da5dd 3f095586 bf309f7e 3e9cc630 bd25925a 3ef056d7 3ed076fd bf6cebd2 3f55abd2 bebd06aa 3f6803cc bef3dade bf468f74 3f0c7d9e bf058785 3d01f0d7 3e8d8aa8 be5fd480 3d506faa be333d59 3f220da3 bf4233b1 3f561fc3 bf21a597 bec1ceb5 3f0c294b be93f285 bef932e8 3e348511 3ed832b3 bf2cfb9b bf459bda 3f4aa7a5 be335cc5 3ee0deb7 3f5435dd bf45e79e 3f0ebf7d be1fdca5 bf7639f8 3e9d725f 3f2d376a 3f4583a3 3e35fc56 bf776a06 3f425bc3 bd774fcd bf7bd021 3d26d15d be83a650 3f333d8e be8f1665 3ee6d716 3e788481 bf7239e9 3e154c38 bc9a243e 3e28140d bed70ab6 bf6ee9f9 3edefecb bd1ff220 3e7e046d be18047d 3f2243b1 bf36f9a3 3f0ba77b bea96278 be0b0c36 3f485997 bf088982 bf4783aa bf66e7e4 3f67f7b7 beb73708 bebd5aad 3f452fa6 3f7337f5 bf56c7d7 3ec70a95 3f0b7d8d bf7de25e 
3e2abc4a be8d6ec4 be404c7c 3f7477f9 bf7dd650 3f2b4da3 be232406 bf10b365 3d81b7e9 3e5dcc09 bf1bd17c 3f4fb7bb bf6d1bd2 bf42f5b9 3f00bf87 bea98e8f beae827a 3f02d572 bed16aa9 3f2119a0 bf5acfe3 3ea5ea7c bc5bc5b2 3f7d7833 bf7d8e33 3f5b85b1 bdc4a7db 3f0e596e bf581bbc 3e42c45f 3d83580b 3f06e991 3e823a77 3f34a1a1 3f06895d 3f4d07a2 bee002a9 3ef3eeaf 3f1fb186 bed26aa9 3f5beba8 3ea55a9c bf2e817c 3f32cba5 bf5d9dac 3e2e43e0 bd9718a2 3f7c584c bf523fc3 be400ce3 3dffa983 bee842bf 3f66e1c1 3ed426b4 3ed326ac 3f133984 3f120d87 3e10dc96 3e5fa4ec bf7efa5a 3f4dbfa6 bf05c55b 3f5ab1be 3e16ccfd bf33a786 3e95be6d 3e717c6e bea6c702 3f5e71ce becb0a90 bed4fabd bf3f738d 3eee06f9 3f700dfa bef18f1f 3ec39aac bf3cabde bf7001fa 3ec59ec7 bf63abda 3f7be9fe bf1ccf76 3eee0b21 bea526b9 bf3bc597 3f241199 bedba289 bf1e638c 3f5ddc0a bf122d6f bf3b29cd 3eb962a0 bf5d07d1 3edeeebf 3ede7a8a 3f661dcc bf56ada9 be891294 3f529193 3ea742c6 bf374fcd 3dbeb88d 3f482b9c bf58ede1 3f328f9e bdebd854 be858e34 3e128bd1 3f06a381 bf3753ae 3f02556b 3f43a398 bed9a2c1 3f35bba0 3f005b69 be20dcb2 3f02d95b bf00a58f 3e5afc8e 3d895854 3ecf2ebe bf6a2604 3f4481b1 beaa527c 3d6991c4 bf3c6d93 3e4cc4d1 bdef47e8 bf0bcfa6 3f7d4643 bf5f03e8 3f1ec18b 3e97ae60 3ec82e94 bf711602 3f6e6ddb bf3b5fc5 3f41cdb7 bf0b0fa6 3f08c165 bf72cbf4 3f7df650 bf59f1b2 3de729c4 3f007762 3e2884d6 3f1b7b91 3c2a394e 3c00c3f7 bd8bd749 bf4e1f9b 3f631dfb bf30e78d 3eefc2a0 bec44f06 bf4763bf 3e85226b bef21af0 bd9e3925 bf7577eb bf5c53b1 3f5bcbc3 be37e524 bf0e6592 3e0fecb8 3eef4ab0 bea3c236 be51ad69 3f117969 bf512dba be735ccc 3f27c38b be878e65 3e8dfa72 3eda26d3 be14d468 3e08ec57 3efc0efa bf040364 beb6de99 bec462d5 3f654fe7 bd25d2fc be82ca31 bf3d07b8 3f4ee7c2 bd8fea5c 3ee95a83 be98a2af 3eefcea9 bf1cb374 3ebe3296 bd182f92 be8b6673 3f115f3c bf702c17 3e63d4d8 3ed7dab8 be8a32d5 3edea290 bf482db9 3f4543af 3da64959 bf449fa2 3f44afaa 3f48ab91 bf79f806 3d3ecfd6 be12dc44 bf7125ef 3efc8afe bf0a917d 3ee9e6f1 3f7219df bf0a2964 bf120f81 bf2c11ad 3d88674f 3f46a1ab bf31bd99 be2b2431 3f58b7b8 3ee5eebd 3e04c3c2 bf7a642e 3f21018b bf4b499e 3eae1a78 3f1fa59d 3e23bc10 bf36cf8c 3bf67495 3f6afbd5 3ee1bed2 be7fbd4a 3e207ce5 bec4d680 3ecf0b08 beffeeb4 3eb2bed7 3db6086e be906262 3f21c393 bf7c182a 3eed96c4 3f47f3b7 3f244584 bf1fa563 be5da539 3f0a0575 bf5ed7f1 bf07d573 3e7aec68 bdffe774 bd2c323d be495d08 
beb62a49 3f4e57d3 bf5519a2 bf03d14c 3f55e1b6 bf691dfb 3ecf6b17 3f1daba9 bed8fac8 3ec52e93 3e26cc8d beee0b2d 3f11b777 3f74e7ed bea84661 3ec2eee4 3d04d206 3e5e4c16 bf057767 3f140f8c be99f718 3f6a13ce bf6a3004 bdf2987c 3e3744d5 be895a6f be841e64 3edf5ea8 bdd1d8e1 3eba529d bf27db8a 3dd207f8 bf4117d1 be258472 bf473dd3 bf2a1ba6 3ecd2ed5 bf2b519b bf38cb9e 3e5dc480 bf23df93 beb316a9 3f781005 bf35396a 3d8ec8c3 3f19eb8f bed6f6c5 bf0ca383 3eb3bee3 3f7b5c09 bf369b74 3ee032c4 bf50c5d1 bd97f88a bf3dd7c1 bed59681 bf05c15e bf14595b 3e22048b 3f5523c1 be9c825d 3e9182a1 bf6487db 3e718ca2 3f683de4 bf766beb 3e31f46b 3eb36acc bf7539e4 3d8f2840 3f052b5c 3f6361c2 bf33058e bf28139b 3d26f084 be1f8497 3f5519c7 3f3f2b96 bebce641 3f635def becb52b5 be2eac1e 3cbc1fe7 3d6cedb5 3f6d9fc1 bf07f157 3e08847d 3f616dc0 bf669fce 3f68efed be9efa6e 3f3c2d9c bca39f71 3d8ee766 bf338dc8 bf086d9f 3f240d81 be813655 bcfca0a6 bf6599f6 3f7d863c bf2cdf86 bcbc608c 3ec4d2ce bf520bd4 3f567bc1 bf6ca3cc 3f239591 bf6b89e8 3f6229c2 be456c6a bf799a24 3e8ac625 bf288d77 bf406383 3d454fd1 bab5cd77 3d85d8c2 becca667 3e411c6e be81a69b 3eba3e57 bf126772 be5c551a 3f38719b bed55e75 3f4357c6 bf10a375 3f601bef bf2705b3 3edc52bd becdbedc bcf79f68 bf49e3db 3f50ddba bf7d7a40 3f50abe5 beac3ece be419c2d 3e265d65 3eb4a244 bf241391 3f01f37b 3e711491 bf6189f0 3bbf75d0 b9e8b8d7 bf440dc8 3f5747ce bf4291a0 3f50a3d5 be281cc6 be9006ed 3e94be90 3e8e5688 3f21fba5 3dde6913 bdefc98e 3e797512 3f3efbc9 3f5323d7 bf63dffe 3ea12e50 3ed81e83 bdb0b8b6 bf58159b 3ec68ae4 3e9c9a2b bf6afdd2 3f0afd59 3ebdfaa5 bf297398 3e5d2c6e be704c84 bf330faf 3f4e7fb2 bf5c2bc0 bd98d972 3e853242 3f40cfae bde7a96d bf417da9 bef00a49 3f2f79a2 3ee8eadf bf5ab9dc 3f0a7b7c beed86a7 bed0cab8 3f29139d bec4beaf 3df99889 bafdfa8a bd22ae72 be80066d 3f478fa4 3e3e6d22 bf5a95cb 3f251d94 bee6a6f8 3f3c7990 bea67a9e bf08cd86 3f63efba bf111781 bf1c03a7 3f4317d5 3e6e7c5a bdaa5736 3f19a975 3f05b971 be6414c2 bed49ec1 bf4badd2 3f2db776 3ed97293 3eaa8ee7 3daa5853 bf603da4 3f71bdc7 bd849850 bf01bd83 bf5911de 3edee2dc 3c3436e6 3f376d98 bf192b7c 3ea21e6e bf785bed 3e5a6c39 3f6877cb bee40eb6 bf29e7b4 bee8de8f 3eb4c6b2 bf090f5b 3f3ee5c2 bf5d11c7 3f46dbd0 bf4127a5 3da55895 3ea1ba8a bf1445a7 3f116769 3d1f5037 bf342794 bf2c61a0 3f4d0fa4 be9b36a0 3f2e9590 be41a401 3f24e795 3eedd67d bf45f9a0 3e85ba4c 3f16c797 
bf29d399 3e1cac41 3f276788 3ef93abc bf180168 3f72e1f4 bf6fba12 3eb236c3 bf04ff49 3e60e48d bf31cdcc 3f62dff3 bf7d3c27 be4c8c9d bf261753 3eeba2f7 bf4effc5 3edfa6b4 bede2a5b 3f10c350 bf34ab94 bdf748f2 3d6d7180 3f13f7b5 be9cae7c 3f20dd6f bf6b01c1 3f071786 bf54b9b6 3f3571b7 bda6785a 3e45bc76 3f6b8ff7 bec942ef 3f63dbca 3e920642 3e2eac43 3ec66a38 3f333b67 3eea72f7 bcc99fd4 3db3d7f5 bf1e7985 3eb106c5 3efdcea1 bf5c3bd3 3eee52d2 3f34d5ac bf7105e2 be81e292 be527d14 3f5f1fc9 beb43ac9 3ececaa4 3f19398f 3eae0a80 3ed84ac7 3f6dafd5 bf1d1368 bece7a7d bed3426c 3bc0667e 3f713ddf bf48258d bf06836a 3f7d8a27 becda6b5 bdbca7f7 3f09616f 3f0ad759 bf4f23c9 bf3f918a 3f7ccc05 3c8360c2 3f286f75 be8a2642 bf4957a4 ba241cbb bf0fa55f be9f4634 be73d4fc 3f6f0de5 bf15d7a3 bd9cb8ff bf117f89 3ddcf838 bcf69f59 bf420fcb 3f48418a bf61c9d6 3f095971 bf7d5a43 3e8a9290 3ce71e01 3ea766d0 3eb6da62 be612531 3efca29f beb596c6 3ef40ad4 3e2ca4a3 bcfede7b becc2a74 3f6753d1 bf2da58c 3e91e277 3ee98ed3 bea2f687 3f475da2 bf74adfc 3de4195a 3f5007b9 bba080fd 3f2ba794 3f09e585 3f0a4577 bf5b57af 3f0f718e 3e651478 bcd4e394 bd753163 3e0e6c9d 3f6033af bf2749af 3eeaa6a5 be6aec6b 3d4cb066 bf017559 3dd6f8b0 bed7cf06 3ed41ea5 be658dd5 3efc2e88 bcd020f5 3f31c5a9 beb226cc 3e87ea84 bf4263c0 3f5f87e8 be693547 bf00a391 3f71ca14 bf4e299e 3f145b82 bda2c902 3f2a3193 bf43d1be 3f7f8693 bf45dfb7 3f6181d3 bf42bfa8 bca5635f 3f430796 bf57cdba bee8baf5 3dcd5807 bf7463f2 3f5d03cd befd9a7d bedca69b befa0eae 3eeed6c0 be7ea477 be15bc55 bd982783 3f5ae3cb bd925895 be8feee6 3f41df93 be4b1589 be00fbeb 3e79652c bd09b3e8 3f497fb0 beefdedf 3ebbd63a bdbc6936 3f3e9186 bf0c0f6d bf6db3b0 3f1c3973 3f4b0bcd 3e9892a3 bee802e0 bec27ae7 3f20c996 bf5347ba 3f2ccfa4 3ebc92d1 bf69a7d7 3f7ec451 bf6709cc 3f75ffde bf2bf197 3f073ba2 bf579fca bdfee7b5 3ee5ba80 bdf59852 bdfd0948 bf2f7db9 3f6d59f0 bf679bc6 3f756e01 bf7235e7 3f5dcbc7 bf2e29a7 be1ba4ea 3de3b945 bf2a67b6 bf1c2589 3e1c1481 3f5e499a 3e6a450d bf26b987 bca927b5 bf00c38b 3f008960 bdbff834 be1e34d4 beb9f69b 3f757e22 3d5b4f2c 3dfcd9a0 bdb967f3 bf4c7bbb 3f345d8b 38ddf868 3f165197 bf01455c beec82be 3ee9430e 3eac6e4c 3f16658a bf10917d 3f79d821 bf69a1f3 3f46eda9 beb4e6be 3ed146e1 3ee61aae bf78b1ff 3f76841f bee60f24 bf06d55f 3f7ec25c be24946a 3e97da4a bee88ac6 bf19158d 3eaec644 bf31f7a9 bee2d2a5 3f69d3d9 be9192a9 be917e9c 
3f3fc79a bf176981 bf071595 be1c0c1e becee6e7 3ea2529f be0c3cbd 3eb57e7b bd7f4e98 3eb71a65 3e891ab4 bf026d8f 3f539fb6 3ae1f627 3f31a583 bed336bd 3f5467b4 bec81a91 3f25ef84 bf76be28 3f356fc3 3ebc5e78 bec19ad6 3e1933d9 bf3091af 3e842653 3f4ae77b bed2feb4 3f42bda8 bf6059e9 3eb2ca8a bf0cc558 bf4b9bc1 3f0e279c bec4c674 bee3f6a0 bec2fa50 bd85a868 bf5b81a8 bf22db8b 3e828a8c 3f1f198e bdfb87c5 bc97df96 bea9fe91 3e8b8ac1 be1e8c7c bf1e9576 3f5a57c7 3ee72ec8 beaff28b bdf2186e bec9c6a1 3edd5af4 bf41a5bc be6c0c95 be87e224 bf749003 3f09ed7b 3f083366 3f0f876a be4c9cb2 beb926ae 3ea12a34 3f25a391 bf54e79e 3e864e3e 3e521c82 bf2fd376 be0e636a 3eb146c5 3f188d7a bf4161a6 be577473 bece2a79 3e227c52 3f065f85 be45dc99 3f340d85 3f4cf1b0 bf0d8379 beba6a52 3ea7eaae 3f1b3376 bde9e966 3e862ea4 3e893a95 3ed9ceb6 bf68b3f3 3f7b601e beafe646 3f3911a7 be9da253 bdf04879 3e512c36 bee896bc bcd55ffc bf201973 3f452798 bf0d0f54 bf285195 3f544dc9 bedeceae bdb7c88c bd8b98e3 3ece1f10 bf7ddc37 3ec462b1 bf0c016f 3f479595 3c37bded bf03ff5d be9afa25 bf021d60 be9bfaaf bf6541fe 3f7db03c be0e93f7 bf6fe605 3f23f191 bef77305 bde4c8f3 bf6041c3 3f5505e1 bf42c1b8 beb35270 3f2551b1 be100c1e 3f6a9fe3 bf49cde1 3f704fe5 bf72be02 3eff42aa bedfb6ea bf4ef7dd 3ef27301 bea8827f 3f52adb6 bf06916c beaa22a7 3ec8a6bd bde8f94d bf124b50 3e97c281 bf176d87 3e8f2e62 3d190fcf 3cb39c8e bed64683 beb07ad4 3f7c4228 bf5ef5e2 bcad61a3 3f0c7991 3f672bf9 bf1d6f86 3f7407e9 beaa568c beb026a5 3f7d7a27 bf5127b2 3f76e621 bf30a9ab 3ed8e6e5 be02e452 be923a5e bf45a7c7 3f173d6a bf4f3ddb 3e959290 beda26b0 3eb816df bf29218e beafbac5 3f037788 bf0c4d9f 3e75a544 bf3e3ba4 3f048188 3f6579f7 bf50c1a5 bf3e69ad bea5169f 3f23a79e becf9aae 3f3847bb 3df73887 bf5b35ca 3f75e233 bf793814 3f469fb3 bf399191 3ea4caad bf031b34 3f4b7dec bedf5ecc 3f6695eb bf27bb77 3eb22ee5 bcc01f58 3f16337b bf33d77c 3f6c1dd5 bf79b416 3f023b36 3ed5fac7 be67cc58 3df03930 3e296c9d 3f184d6f 3f3c339c bf243d89 be18b4a3 bf0c936d 3f41d584 3db119c3 bde1d8c0 be076528 3e7b04bd 3cf260d4 3d1f7115 bf5e11ac 3f28afa4 bf73c9d7 3f5acbea be517c59 3dcf3925 bed5c684 beb70f04 3f7a300d bf1b696e 3eb1aa73 bf6131e6 3ee55a6b bef6c2d3 bee89ac6 3f3a1989 bf7b541c 3f2c5d8b bf4f17b3 bdde798d 3f21ab71 bf0d3179 3e7adc7d 3f163fa1 bf30b3b9 3e799d37 bf24f36a 3f3cc384 3ea746ec bddd98a0 3f49a9e6 be97fa63 bd721367 bf1b857c 3f4a85b2 
bf35059a 3f57a9c1 be33f4f1 3f7bc44f be960e0e 3eb5cadd bf3a41d2 3f1985a8 bf57f5e0 3f0e2193 bf783609 3f37119e bf46f1b7 be602ce2 3ea192bc bf564599 3eb376d4 bf44bf9b 3e8db295 3ecb2ab6 bd13cfce bf604fd1 3f5111da bf149d56 3f6d95f4 bf0a3187 bf2341ae bd4170a0 bcce271b 3e2f9532 3d9eb7dc 3f0c4f81 3f41c9cb bf38bd96 bdb3e7eb 3f523ba9 bcf1de7b 3e960624 3f0e7d80 3f65bbc7 bf6b5dce becbe664 3dec1828 bd9da7c9 3ea3aef7 be758d34 3f0f9377 be12041b be854a65 bf2b218c 3f21098f beff2ec2 3f6fbbf4 bf67d1ec 3f2d8b8c bc0a3fc7 3e93daf3 3f4513a3 bed94313 bf00b982 bf32ff98 3ee3c6d4 bea9e2c6 3e22eb89 be344cc4 bee5dec7 3f5555d7 bf44efc9 3f63b5a4 bea42a5d bc9e2702 be7fccde 3f12f18e 3c9adf31 3f5443b0 bf771fe8 3f47b39f bf0f817a bea6bec7 bf793215 3f1c8da0 3f0e8d68 bf5cb3b5 bebcee8b 3e56c491 be808ace bf284da4 3da8b917 3f359bad bef512c6 bf4eb5b2 3f1a199c bf029777 3f1d017a bf5147d1 3ee2d6ac 3f41e38e bf058188 3e02b467 3eeec68e be565c2e 3ed03a7a bf17c970 3f41e59c bed526f2 be131478 3f4c6fd0 bd3431e7 bd6db0b6 be73b518 be933289 3e8b728d 3f24df95 be892237 3f548bd0 3ecd62db befc7b0f be9e3a97 3f7c3a1c be85a628 3e19dca3 3f4fdbca be71cd16 3de5875b 3eca52c9 3f65d3cb bf55bdde 3cafe3c0 bf6de5d4 3f6785cc bf7f8892 3f1fb56f be93e66f 3ecdf2e7 3f221d9d be82aa48 3e9ab269 bf74801f 3ebdc296 3f2c5171 bea68eae be030c9f 3f57d5d6 3d10f1ea 3e0bb4a4 3b70daa9 bf368394 3efab2de 3f13a393 3cd6e4de bf49bf9e 3f74e9f0 3ba5769b bf4a3975 bf30fbaa 3edd2ae2 bea47e49 bf1341a3 3f78afc7 bf64e7ef 3f7c6224 bf67a1e9 3e3b0c9f 3f191d7f bf64efef 3f3ef9b4 3f2b0d7e beb65a83 3f3cd5a9 bee97e9c 3ed94acd 3ea93693 be1d4c8d 3f700a14 bf7b2222 3f0da17b 3e85d286 bde3090a 3ccce395 bf2f439f 3f0d1d62 3f52f5b7 3db67942 be0a0469 bdb407e1 bf61c7cb 3e75b593 3f02b16f bf702821 3f41eb8a be151c90 3e6c554d bb9c7416 3e8ae252 bf493d8a 3f3c11cb bf7cfc46 3f0f319d bf48d5e3 3f34a39c bf26d7b9 3e23547e bee08300 3f549fcd bf2dbd7d be30ebdb beef32f9 3f718bf0 bf6d49f3 bf0cbd6f becddee0 3f2269a7 bec1de58 3f26459b bef51ef0 befa4734 3f4f9b9a bef17314 3cca1f33 be2d245d 3ef34286 3ebf5aa2 bf1b755c 3f33355d beb6bee0 bdc5f902 3ed38eb4 bf242d91 3f6985d3 bf6e01e3 3eb94eab 3f1ae987 bf061757 3dcb8800 3f4005b3 be507c29 3df39902 3ea06ea3 3c9ee5cd be2bfc7a 3f7b5825 bf7c1a26 3ede6aeb beafd6a2 bee04ece 3eaeb2c5 3ccca401 3e960e45 bedd62dc bd5810db bf2fb596 3e7cacfc bef302e5 3f559596 3caca660 beeff69a 
be1e442c bd6e113e be938eb4 be807a25 bf5405cc 3f5ac3d8 be14e452 3e0dbcf2 3e6c7d16 be957286 3f1d297c 3a7494ab 3e2c9472 3edbc29b bf383bb4 3f74160b be82ea87 3f21476c be7f0c88 befdb2ae 3bd88d89 3f413fa0 bf70edeb 3f3463a7 bf3b51b2 3f0143ad 3eef567f 3ec78a8a bf07b57c 3ec6cebd bee0e6aa beeafeb1 bf2e03aa 3f49c3b5 3e71b46a bf5f45f5 3ebd6af7 bea4aa78 bf1c0199 be5d144a 3f278b6c 3f1e358b bf07a79f 3f3ef7ae bf5d81b8 3f087375 bf1a0562 3c4239d6 3f2bdf97 bed3ae6f 3f5adbe3 bf713807 3f2dff94 bedbfedd 3ea8aeb7 3d263031 be951ae7 bf249788 3ef2aacc 3e8f1a6e 3f1c9f82 be41844a 3ebbe6bb be8fb68c bdf9c900 3f781803 bf1b1389 be705bfb 3f126f61 bf3c1b6e 3f7eac84 bf5fafa2 39d80966 bdd318f9 bf5503d3 3f6173d4 bf3e25ab 3e5054c7 3f1c7766 3f08c56c bef65ec9 be440d78 3ee8b67f 3f51f9c0 bf198d5f 3eded6a0 3f251994 bec10e71 beec8ac7 3ebc867e 3f515fbf bee962a5 3d5e32e6 bdccb83e 3f5fc9b7 bf5525c5 bd886941 3e356cce bdbf49cc bf1f5593 3f43c59f bf6f65d5 3f42e39c bf5b61dd 3f4a8faa bdb5088b bf4d49bb 3e9cba8f 3d8e3888 bb1f0e16 3f1d33a6 bf349f99 3e56356b 3d9469cb bf2c1baa be4c0cdf 3e876610 3e0a2c55 bea0de59 bf21bf6f 3e90f2ad bf6941c8 3f062f85 be45845d bf5fbff5 bec832c0 3e0ebc8e 3f1f8b97 3eda9ade befb1ac8 3ecb8ac4 3ef28a92 bebe6277 beffcb01 3e59645d bf2bcf9b 3eafa6ab 3f179d87 bd6af3cf bf752411 3f02fb66 bebee257 bd8637d6 bf79342f 3eaa6a81 3cb7df23 3f5307c0 bf125991 bf7f9c50 3f1dc19a 3d0ff236 bebc1aab be0eb4a3 3f3807ba 3f1fbf89 bebffe90 3e2874ce 3f20ef54 bf18b364 3ddb49f9 bf0d5776 3f095382 be2ff49d bed32281 3f2a2fad bf04996b bec686b4 beb8c68f be8fca6f 3f326396 bf675bb0 be3444d2 3d83f84c bf27cb77 3f5633d1 be884671 bf4fc1c5 3f7455e2 bf18a175 3f18bb75 bf29cdbb 3c89dba4 bf57f9bc 3ed1dadb 3f0e516b 3eb93a65 3d283223 bf0d8d89 3f6ed1ef bea9eacb bf22bfa8 3ea832eb be892658 3e41bd1d 3e82fa49 bf1df38b 3f3a8998 3dadf81e 3eb80a80 bf013d5a bbaa87de 3f7a9a0d bf3a01af 3cf8a089 3e9ebea5 3d9e2a81 3f2883aa bf6811d3 3f45e18c 3f767205 bf03f175 3f15338c bf2bd79f 3f3fe9af bf3f3b8f 3f7ff090 bf2fe578 3d816884 3ef962cb bf2e8d9b 3e837a59 bf4111bf 3f516ddd bee3bae5 be272cf5 3e818269 be925695 3f664ddb bf5f2bdf 3f29a59e bf371fab be91fa59 3f5a1bbf bed8bf36 bef5fac0 3c9f2241 3dabf85e bf568fbd 3f2f53a5 be05ecdc bf34038f 3ed2dafd 3ec1caee be057443 3f7d4a3c bf568b9b 3e23ac69 3e057c83 be930aa1 3f27197c 3b828e18 3ebd3a70 bea6863b bdce0802 bf0bf192 3f6023d1 
bc023edf 3e8a5e9c be442d0c 3ef582dc 3f4b1da4 bf2d8f9b bf1ec38f 3f3679b2 bf63cdce 3f65b3cf bf380fa6 bf00fd6d 3ece3e5c bf0d5970 3f4807a2 bf408f9a 3e49fc54 bf231d8b 3f09df5f 3e999e5b be2e2cf5 3cbb5ce1 3ea85aa7 be2ec4b4 3e3e0549 beb9fe99 be8a868d bef6fa9e 3f392187 bf14cd85 3f178b78 3ea606bd 3eb17ad6 be680cc5 bf168b70 3f64e1b3 bf161d71 3db31731 3f43fb6f bf4dc7a8 3d905829 bf704de7 3f42d991 bf6ecfe2 3f6865f0 bf1c417c 3f22dba4 bee972f1 3f03a982 bf6151e1 3e65c4ce 3e158469 bf25156c 3f2e0d9f bf274bca be5614ad 3dcb38ae 3f4c2bb0 bf46c5aa 3eb19e99 bf7aa816 3ee606fb bf46519b 3f67a3c1 bec82e8e bf1ac5c6 3d358e89 3efc82da bf1d69ab 3e83da40 bf0d8959 3f249575 3e755cb0 bcb3e1fd 3f29c59f be98daf0 bd0ff1af 3f06bb79 bf6f9ff7 3e3f1480 bd0b31c4 3d7e4ece be3a24a6 bf733ffa 3f0e7364 bf06ed91 bd02d28b bda87856 3f35578f bf7db05c 3e82e650 bf0953a4 3f317398 bf1f138b bec456fd 3f3395d4 bf341761 3f2ebda3 be996295 3e9e3e72 3d838830 be929a49 3f2d6390 bd13ae04 bf7c7834 3f4dabbd be4a64c8 3eeb0afa bf6f1fe7 3f33fdb6 bf49ebc1 3f254593 bf18af5b be77ac92 3f4bf9b9 bef9eec1 3f17f57e bf00436d 3eae2a6e 3f4addb0 bea94adb 3f2f3d9f bf28bf88 3f03f97c 3f0be77a 3f3d59ad beef5ea6 bd80286d bf62ebe3 3f5efbe6 bf0abd67 bf51eb93 3eb90a7c 3f5d79d8 bf3e27ab 3f61b9d7 beb04ebf bf3aeda9 3f0eb76a bd9108c8 3f48577e bf2af5c0 3f035973 3f72efd5 bebe5e47 3cdea29a bf7585ed 3f44adb5 3f6a57e2 bf2093a4 3ed7fa9d bea9debe 3e8db645 bf3237bf bd5cb0d6 be54ac8d 3cdf2161 be909e50 be43d4db 3f36179f 3d8bb8a7 be83665a 3f3fefb1 bf5807bc 3f48cdb5 bf327794 3f2a0984 3f5d93c2 bf0d5b80 be085bdc 3f2f119f 3de9b963 3e77b437 3dbd28a9 bf4b43ca 3f4f77ac be9a1294 3e93c23e bf34f1b1 3f4af99b be731c8a 3c809dab 3f5fdbe3 bf317d7b bf005f77 be79755e 3db2593b 3e9f429e bf5be7ba 3e9be67c 3f2ddf7e bed34e93 3eabbe72 bf44dfc2 3f30bb87 3e2d94aa bee82eb0 bf029f87 bdf8d8ab 3f1e956c be6d5c29 bf5c9fc4 3f7f1e73 bf41299f 3f274f63 bf5609a1 3e91de70 be57cd12 bf1fd98b 3dd33872 bf65fe00 3f1fdd76 bf1bab82 3e238ca4 be153c8d 3d28d16f bf02db59 3f3c03c5 bf1dc5a2 3f7c262d bf2765a4 3f367bab bf1a0b62 3e315d12 3ebdaa43 b98808b6 bf436dc1 3eafc645 bf191f67 3f257d84 3f4719c9 bf460dac 3de38833 bea60692 3f71a5f0 bf176185 3f292379 3e3634cd bf0e4d8e 3e1bbc2c 3edf9711 be393cf8 beca02dc beaf0ac5 bf1c4f9c 3f05fb5e 3ecd0682 bf7b3e29 3f5b83ac bf581dc7 3e9ceeba befd7670 3f24afa3 bf0f8b68 3f76942b bf2a4f7b 
3f354d9d bf33ff6d 3f41fda2 bf7f544a becc3eb0 3f0a577f 3f586dd2 bf3f4fbe 3f2949a1 bf4667d7 3f2a939f 3edc7a87 bd98f99c beb33a83 3edcc256 bf2cd3a0 3f5c77e7 bea89ecc be3624c5 be11248e bd77ce90 bcbfa20c bf3b15cf 3f387fa6 bf2811ac 3f13f1b9 3f14ab7a bf449da5 3f418fb1 bf6a8fc9 3f268986 bf7c1019 3eeaf671 bf2095b8 3f22ef90 bee2b70a 3ed8c307 3df1b84e bafa1c47 3e880ab1 3f6845f1 bf14cf9a 3f603dd7 bf55cbbb 3f3ccda2 bf077ba7 3ed0b298 bea64e9c be87065c 3f428789 bea5ae89 3e8e8a2f 3ebaaacf bef6eea0 3f56219e bdced91c 3f057f7f bf6ac3f4 3edb8ecd 3d008fe7 3e0f4d1d 3f3c69a6 bf2f2395 3eb94ae8 bee722ad 3f4edbcf 3ecc9a8e bf2c1f7b 3f4e8d95 be8ea693 3f0ce971 bf179d94 bd960952 bebf72e2 be994688 3df0287f bd6e9099 bc0940f4 3df3696d be97723c 3efefea8 bef396da 3f5d91bf be1aecec 3f6e15db bf7323d9 3f6a97c4 bf74f810 3f315da5 3d19914c 3e80b24e beaffa60 3f2c7397 bf07fd5b 3f7a082f bf3d3592 3f7e464d bf77ee01 3ee7bed5 be213405 be8f0246 3ebd4223 bf799622 3ec316db 3f5f4deb bf129b9d 3dd8e89e bd83290a 3f1db38c be76cc45 bebaaa72 3f777a05 bedd0b17 3f7b7039 bf0f2557 3e8cfa6e bf157967 3ec3cab7 bf40c7ad 3e60857b bf7031f2 3f7cf23b bf388fb3 3ee48f24 bf77f7e9 bec85ea6 3e734cfd be0d6cc4 3f7657f5 bf77c013 3f2ce59b 3f5a1dba be15ebea bf5f41cf 3ecf92b4 bee13b34 3f0a557f be476599 3eca6ec1 beb2b671 bf3fbf76 3f7e606e bf2fbf96 bf55d1bf 3ecc8ac1 be18ac7f 3f55d5cd bf2cada8 bf0ce177 bdc9a992 3cfb21a5 bc44b9ae 3f6f6fe5 bf32ada3 3f0ceb6c 3d500de0 3caee640 3ef2fa9b bec2f66f 3e65fcc4 bf372384 3dbae874 be8fc66d 3dfaa876 3cfd636f 3d7911ed be3b4cc6 bf778a0a 3f307b90 be5ab4f3 be452c6a beb00638 beb30e56 3f4d17e8 beaba29f 3ec04ac8 bf1cdd89 3f39b5ab bf165571 3f1ab9b3 bf76d618 3f4d2fb0 bf414f8a 3f63e3b5 3d628f5d 3f07036b bf4ec3bc 3f404fb5 be0754ed 3e24bbf0 bf07a99b 3d822833 3ee4c6d5 3e1b7cc8 bf256d75 be0bec33 3e4e74e5 3f72f5ff beaf8a7d be192c2d 3dff9a0c 3f091390 bf0b5379 3e93b290 be443581 3d3650c9 3df43880 3f1c6f78 3ecb5ec1 be92868d 3f584fde be917264 3f2d9382 bee512bf 3f2f0f8a bedc66d5 3f6f07ef bf6e31db 3e7d0489 bf689bc0 3f7141dd bf4add88 3f6adbcc bf695fc6 3e9a9e76 bdd54931 3f2cf9c4 bdbdf7fa 3ecabaa4 bf6fd3da bf2199a4 3f7b5a0e be5d74d3 3e700588 bf162795 3ecbc308 bf455b8e 3e8e9a49 3f25dd7d bf4fb9c4 3f28c193 bf2dd999 3f5679bf 3e9f36a8 3f36a9ad bf4775d1 be3414f0 3f5b1dd6 beede2ea 3ecbc718 be3c0d05 ba0c66c9 bde0399d 3f122d64 bf5e67d2 bd8b4866 
bf7805ff 3e601d5f be943252 3f6be9e3 3e48bc69 bf20e38d bf2b5bb1 3f150365 bece4eb7 3ed316d3 be2dcd01 bf7e0257 3f69b5c9 bf067b71 3e9e5e92 3e83f664 bf230570 3f7849f2 bf2a3565 3f4e05a5 bf2da185 3f6a7be9 3e6d94ce bf06eb9a 3f52f9d6 bf61f1b6 bd8ab73d 3e9bc264 3ea26ea5 bf120d68 3f7e263a bf5ff3d4 3f46959a 3d84ba01 3e1cdc71 bde2e905 befa0a76 be0c9c14 bf3195b6 be2d9488 bf1c3379 3cb81f2e 3e27b43b be309baf 3e9272bd bf29e39f 3eb2f6b6 3e32649f be60c4cf 3ec11697 bf12f55f be7384a5 3ec67642 bf62f5d0 3e95ee4a bf014f52 bee6e2c5 3f5e19cb bf08216e 3f1f6787 bf545bb2 be7deccf 3f4143b6 bf2cf19d 3f4c6dbb bf759be5 becc0eca 3d8f3836 be5aed73 bea946b6 3e7a6d3c be9a8a7d 3e9e3a2d 3f3bb394 be49749f 3daa46f4 3e704cf7 bf045580 3f18b986 3db4a967 bd72cfea be87728c bdadfab7 bf348383 be09c54b 3ea52e8d be257459 3f0e2581 bf22c39d bf1f1796 3f5c17c6 bf17b784 bdf808a5 3e30fc9b bf4493c2 3ec32a58 bf098b78 3dc62888 3f1a7d9c bf5ecdd4 3f507dc7 bdf838a5 3f2a3980 bea0226f bf48adb5 3e7e3d34 bdd68968 bcbe1d5e bf5c0589 3f74a7f8 be7d44dd bf5ec3ac 3e977e9c bf35e3a3 bf1693ad 3f7f704e bef7caa2 3f439bae 3e4494f7 be7bd4dc 3f4fd7d1 bf66abdf 3e964a66 3e9e7258 be39a4c0 3f7227e1 be9526c3 3e37753a bf24e7a0 3f36e794 bf3e9bab bf052d50 bec8eeb5 3f67d202 3e0fd4f7 be56a444 beb79656 3ed9d2a3 bf13117b 3eb18eb4 3eea7701 bf69d1e8 3f08f79d 3f24ff9b bdd1697b be945671 3e2e849f bed0669e 3f766401 3cabddba 3ed76eab bf33a5a5 bf6371ac 3f6509dd beec46ff 3e98ea90 bf3f9ba0 3e6e152c bc8be3f7 be1b6c59 3eb1b25c 3f46b59e bf230d3f 3f42dfb7 bf210389 3db38863 3f2eff9c bede2e56 3f5265cc bf2b27b4 3e95e620 3f068154 be128c74 bf43fbba 3f1cdd9a bf6d6dea 3f68d3b4 bf7bce3a 3f6a7ff2 bf6e43f9 3f6761ce be5624d7 bf331783 bd2cd239 beb8528c 3e3b5447 3ecece62 bf6971de 3f50439f bf3ddb9a 3f3b8581 be800e78 bf7b983c 3f5c13d0 be5b04c2 3f6eafe3 bf6f11c4 3e208cbe bf651ddd 3f2e5f88 be7fa4cf bf110194 3f3bd1ba bef506f8 3ee9c2f5 3daed780 befcf6a0 beac7680 bf6f33f4 3f4ffbbf bf53dbc1 3db48960 bf5617eb 3f30f571 bf676de9 3d8bd87d bede6a7f 3f039362 3f048774 3e3ca3f8 be88e29f be986292 bd2b32af 3f2f9fa5 bef332f9 bd8958b2 be96e69b beb816a9 3eab1a77 3f547dc7 3d97c891 bed92ab4 bcc6e4f8 bec9cec4 3f5ceff2 bf383fc1 3f7d9011 bf64d9d3 be9fa684 3f5153b3 bf524b90 3f1493b0 bf08d379 bf34fdbc bedfde92 3f78821e bf2f2583 3ec34ec9 bf5d199d 3f02517e be430ca2 3f462dc5 bf667fb5 3b4b0077 3e9b6ad7 3f4e73ae 
3f0e6b77 3f59bfe4 bf4e0ba0 bead569c be785d4a 3f370fa5 3f1aa199 bf6e1dc5 3f6db9a4 bf24416a 3e22a4a1 3f5d47be bf52c7d4 3f11f561 bf232b97 3f01e595 bf2c2b64 3dc5089e bed506c2 3ed4e290 be1114b2 bf3ad1a7 3d9ef92f be8eb632 3dc94a50 bdb6d890 3f03f579 bf15c78d bee5caf2 3f3d159c bf3d6fa4 3ece4e60 bc8ca3ec bf5295ce bdcf978f 3e17fbef 3f172373 3f0b4765 3f0a156f 3f399385 bd638e2a 3f127b87 bf7587f8 3f203dac beff4f0e 3f5a49dc bf22a393 3edf86cd beddbad4 be131cf6 3ef1bac8 3e2b7c61 be778c4b 3f6dc3f3 be674c91 3e98ae38 3f14db79 bf588db2 3f06bf9f bf4fa3ea 3f70a205 3e1dece0 bf3affb1 3ed05abb bede3685 3f2ba99e 3f01a566 3e82b242 3e8c9685 be10f403 3de619a5 3e278443 3d164fc3 bf6a17ed 3dae9869 3eea8a80 bf7051f1 3f5241b7 be987e78 bf68a1ea 3f15bb7d be6804a7 3f1ab580 3f24c372 beb97eee 3ec952f7 bf1aa788 be06f4be 3f24cba8 3f2327a6 bf7621dd 3f43919b be7c4c89 3e18ec65 3f7387ff bf6567f9 3f6cd1ee bdc1f8c2 bf21979e 3f355ba6 beaa6298 bf488d8b 3c6ebc3e 3defb8a5 3f122565 3ea37e38 bebdf2b3 3f6a29db bdf558c3 bf27ab86 3f31019b 3ea756c5 3deea966 3f18b76f 3f1d479d bf3fdbaf be03fbf6 bebf6273 bf166183 3f3929a4 bf4371cf 3f3e2598 bd80b76a bf0d2d6a 3f2619bc bf19918f bf287f8a 3f64a5df bf3b679c 3f058d80 bd1ef18f 3f3c6597 3ef402d4 bf5bb7c5 bdede8d4 be20a47e 3f5e65c6 bf4ad180 3f5e23bc bf67bdd0 3f76e832 bea75ea0 3ef7df2c bf4d3999 be037cf6 3f2dd7a5 bf5badb6 3f67dfe7 bf24dd99 bf14b787 be11bbbd 3f5f29bd 3f17eb8b beab465f be836e72 bdf7e844 3f6143c2 becea69a bd5c137b 3f1a3591 bf7e4850 3e3e3c16 bf43d78e 3f5433ea bf5f77df 3f3b4f9a bf737c20 3f32b970 bf7f926b 3ee296c2 3e99dacd bf7d5624 3f6593e5 3e86025b bea39ec4 3f77bfe7 bf5795d7 3f787c18 bf4d75e1 3f432f9f bf45d9a2 3ed4c6aa 3f12497b 3f32f9a0 bec2e664 bf2011a8 3f2b13a3 bec3c67a 3e005495 3dcdf90e becc5aa1 3f305b95 3ee6baac be904ea7 bf379f8b 3ea61e9f bf02a983 3f084744 3f6d3406 bef016bd 3e18fc9a 3eb2869d bea06a82 3d290f3a bf2ec5ab 3f3033d1 be804675 3f51e3bf 3f6d7fd4 bf6747f7 3f270da2 bdd58a13 3f6e0bea bf06bb81 3f36cda5 3ec58294 3dcc88f2 bf25937d beac9aa1 bee742ac 3f17ad8f 3f09fb64 bf3523b6 3e987a81 be35b490 3ef026ea 3e873e66 bd80e820 bed83ef6 bf6a55cf 3f2ed79b bf08b36e 3f4d9bc0 bd890834 bf13fb7e 3ed5e2b4 be9622cc 3f00e14e 3f252f5d bf7f1e4c 3f3c9d52 bed3e2ca 3ee2faad 3f7185f8 bebd66b9 3d40f03d 3d72af6e bbe2940d 3ead7626 3eae46b8 bf3fcf97 beb3d698 3f409b8e 3e7e24e4 bea35e5a bf5391d0 
bf1697ab bf42c9aa 3f1fbd8d 3f368fa9 bec72661 be8d923c beeb6693 3f1b977c bec56272 beb996ba 3f4a87c2 bf79b023 3d02cd90 3f44e37a bf3d25b7 3ee86edb 3ed36668 bdfb3961 3f2ae797 bf724ddf 3f22cbad 3e907a76 3e3064b2 3e981abf bdcf37f0 3ce19c7d 3e5ec4c0 3c154315 3f3375a5 bf26ad82 3cc01d00 3f1cdb93 bf2c1d8a 3f6141c9 3f3e899e bf447977 bebad27b bf25196e bf745be7 bdc2b925 bf4711a4 3e85ae68 3f393386 bf2c2359 3f399b91 bf3f7d8f 3ed0a6d8 bf0c3f99 3f565798 be51e52a be56ac58 3dc81935 be83fa76 bf472db2 3f0c4147 bf7a8e14 3ecff6b7 bb5908a7 3d5baf9f 3e9e5aad bebc26e2 bf1a5b8d 3f6347e0 bc3749fd bddfa894 befde30c be524d55 bf43c5bf be337cad 3ef5e6e6 bed9529b 3de97908 be91fe2d 3f3e0794 bc4a3cda becfae9b 3f6373ac bef92ed7 be230cc8 3f58f9e9 3eb4babd bf3b9bc1 bd1fd14a bf7b2033 3f20f148 bf0fc585 3f21e18f 3e282c90 bf4621c5 beae569c 3ed736de bec10a89 3ee14ee7 bf50d1a7 be395417 3e664cf3 bdd6c90a bf246977 3f6fb5df bf28816c 3ed0c2b6 3f023d46 3f04dd89 bf41778a 3b2310d3 bf22d991 3e3c948d bf63b7e2 3f2b5594 3dd7c947 bf43b7b1 3e79f4ed bf65efe9 3e148507 bf4ee5b0 3f334fa7 3ece4a47 3ecdeafd 3e7164e7 bef89aae 3ef886ed bf70b9ec 3f5e7bd3 bf02535e bdeef882 3db8e801 3f3eb7b5 bed70291 3e040442 3daf388e befa3f1d be662d26 bf07337f 3edb9ad0 3f04f16b be316503 3d4832a9 bf61ebe8 3f7645e7 bf22b58f be897a83 bef80e9f 3e387c7d be09849a 3f4837a6 bf704fd4 3f6abbee bf4adb83 3e4d6cce 3f5c99c7 be8fba75 bed20652 bf4d999e 3e9f8268 3eae9e74 3e1404cd bf3eeb78 3eae6a87 3d6cceaf bef63ef3 3f44ffce bd8938b5 3f42a382 bf6745f0 3f6eefce be5b8cfa 3e341c74 be0c0c52 3f6353d3 bf0e8db5 bdb51919 3ef742c8 bf6fb5f1 3e73f4b0 bf45d37e 3eed36d2 bf64ffc2 3f0f3da1 bf5009ba 3f748fe5 bf2c8b81 3e4c55ad bf4c35b3 bf3fabd3 3f21396c 3f33b58c bf39f18a 3f22637c be8ebe9a bd6d90ef 3e984648 bf3333d0 bf26016e 3f38f56b 3d867791 3e6104aa 3f17b35d bf394398 bf21539e bed67aca 3f28b788 bf4379a2 3e8fb267 3ed232bc 3ee28ee2 bf74e5ff 3efbb30b bf78de2a bf4a979e 3f0eb37c 3dbf4752 bf117b60 3e09549e bf5ca3ba 3e4b04f4 bf39f394 bd120f71 3f3253b1 3f0d0181 3e169c0b bf3c437e be7b84c9 3f383b6f bf4a05a8 3ea07a99 be235c6a bf42edb1 3f50d5a6 3f1fef76 3d817975 3e79b4d4 becd2ab3 bd9bf8cc beaa1e93 3f4e67ac bf23ff7a 3dc7b890 be9de651 bf623fb1 3f735fd2 be30a3a7 bdbc0843 be746448 bf7f5c71 3f5729c7 bf2c797e 3e1344d0 3e206447 bedc2eab be142cb4 3e789cda 3f751ddf bf6b09de bec1c290 3e8b6e74 3f51abb8 
3f54779e 3e4c653e be3eac76 bf6499cc 3f4c2fa6 befe9efb 3f56f992 bf4591b3 3ee47add 3ed726a6 bf31b977 3f15d9a1 3ed782cb bf7271f4 3f20218b be888e8f bf2863af 3ed4ea8a bf30339d 3f5051d1 bef65695 be52452a bdd98941 bf176f73 3ed6bef9 be828a83 bf3abf88 3eafba5e bf43f9b1 3f62d3c0 bd869811 bf6063d1 3f2c9189 bf34958f bf4af5a4 3f47fdbf 3eb39272 3f2e7ba8 3f4de9a6 3e63cc63 3f4cc1c1 bf0c458d bedddaba 3ec84a68 bf3b01a0 3e343414 3f325d8e bf5599b1 3f02e97b bf6c9dd6 3f7da428 bf6431df 3f607ddc 3ee1e272 bef7c6d6 3f702fda bed782bf be88825c 3efc42a2 bf4c5fab 3f3787ad 3ee3db22 bf6835e6 bcb25e46 3df9a8d8 3f45efd1 be81d64b 3f499bc1 3ef4c2f8 bf5fadb2 3f1a5571 be50c3f9 be09e561 3ed4067e bf46c3a0 3f1cef67 bf73b3fc 3e9bb264 3f00cd79 bf5cfdb1 bef58690 3ed626d6 3f5541ba be923275 3f6541d1 bf5651d8 3f0da38f bf4fa5e5 3f7341fe 3e370cbe 3b5f1d8c bc534197 be8d5e7e 3f68b9db be523531 bd578fae 3e1aec7c bd93e889 3ed19e88 bf79d80c 3f31159f bf6f3a0a beb59e5c 3f384d8c be58b4a7 3f521dcc 3d75908f 3eb4966e bf42aba0 3f3c0fba be7f4cc0 3f0c1967 3ec4dec3 b910d40a 3dffd90f be0434c7 bf6fa808 bddbc8a0 bd0d30e3 3e5f2527 3b78ddab 3ef21a97 bf38cf93 3efd9af7 3ed90290 be237bcb bf1e8377 3e993e6d be643534 3eade27b be17e4d0 3f188581 3e26c531 bea41e73 3dd6d9c3 bf6cbdb9 3f384ba3 3f1ce991 bf3dd3c3 3f08b376 3f19358d 3ead9680 3f04798d bf628bd3 3f45e581 bf6169b6 3f6e45b1 bf2d7169 3f1ca19a bf2ad38a 3e52bcb9 3e866e9a 3f0cd982 3d9c373f bf58c3b5 3f40f5b7 bf157f83 3f443780 bf685bbf 3f4ea9bb bf36eb8b be1f048d beb9b68d 3ee8ba8b beeeb6de bf18298d 3f1a5fa2 bf2b37ae be96566b 3e17f3b3 3e7e1c75 bd1e31f2 3ed66279 3ed0d694 3e7c7be8 bdbda8bb 3efe2abc 3f02874a beddeeb6 3de28979 be851a38 3f510dd4 3da82925 3f2d7984 be89d68b bf40e78b 3e544467 beb0927f 3eb6e641 be340580 3e114d25 3e2ed450 3f6fc7fd bf3ead8a 3e62c500 bf3c87aa becf2ebf 3f310599 3ed73ad7 3f6533f0 bf71bbe1 3f7d6a20 bf17a77a be557440 bedf531d 3f7017f1 be39dc68 3f3bc1b1 3f629fee bf6303b9 3ef55ad8 bf06397a 3f2cf18c 3e7f74be 3f35d1bd bf0c9f9f 3f7487e1 bf7bf03e bf746a30 3f1bd39d 3f217b86 befa8eca 3e876220 3d780ff2 3f20d193 bf381798 3f7ba42b bf6f5809 bf6cd9fe 3ea22eb5 bef9aab2 3ef6caa5 3ee6d2fe bf18f97c 3e765d15 3e1b94a8 3c15c348 3ef18eca 3f2e377b bf0edf91 bf2677b8 3f4185b5 be07b403 3f6b99b8 bf362193 3f07818f 3dc9596c beaf8e76 3e034ca9 3f031d91 beabe2ce bf57cbb2 3f01276b 3ef796c2 3d7bd10d bf750c04 
beeee6ab be8ad69a 3f09e170 bc313f8b bd49ad4d 3f199153 bf78c009 3f73f1f2 bf6263aa 3efd92f1 bf1e056d 3f0bb179 bf5f79d3 3f11018f 3db758d6 be0c147d 3f453bad bf5c777a 3f7e904a bf74a1fa 3f22e3ab bdb45925 3a99d393 3f754809 bf4bdfc8 3f199985 3f5159b6 be104501 3ebcc722 bf7da03e 3ea53a3f 3f3d1dc8 be9346dc 3f1ed154 bc7d3e35 3c62c112 bf5881c6 bde7d94c bf79ec0a be0c9440 bf4ae1aa 3f51dfce bedafa71 3f519bba 3e638461 3d8449d9 bf130547 3f3c67a9 bed14e93 3f4811b7 bf634ddc 3f6907d3 bf5fc1e2 be3cfd5c 3e1f3c8f bf2b098d 3f3d5f95 bf068784 3ec65e84 3e0c0c44 bf2bb97b 3ce31db7 3e2d7560 3f5f85df bf7dec29 beb2aa80 3ef496dd bf7bf42c 3e992e4b bec442dc 3f1c9b91 be7e055d 3eb09eae bf214f93 3e81128a 3ef3b6f6 3da8e83b 3e5edbe7 bf464fac 3f5683b6 3e277c06 3e067516 bf7e7a27 3e3314e1 bf0c5381 3e1744d0 3cb5defa 3ec0e68f bf4fd9ce 3e6dcd21 bf4aafbf 3f2615b1 be2ca4bb bf312192 3f127387 be9b8a91 3e87ae8a bd8a7845 be6f5d55 3f4ddfbb be46e554 3e97ce93 3eb676e1 be424512 be81aaa8 bee606d0 bf1e6187 3f7485e1 beed42b3 be1eec15 3e65bcfa bf4fb1a8 3e1a0d10 be41ccf1 3ecbf71c 3e2f03db 3f18a574 3eee2abb bf218d99 3eca56c4 bf4e39bf 3f14b790 be0d8499 3e2a2531 bf6bbc14 3dd4a90e 3f6039c5 bf3babad 3f295f76 bf63e7b8 3f4b17b2 bf7cba40 3ebe7eb5 be700d28 3e0b143e 3f6a47d8 bf554dde be975a3e 3de1873f be2a24e2 bf5139d6 bec452d5 bf3e838a 3f7ee080 bf2e3b8c 3ef106b2 bf1845af 3ed25edf bdbf183b bf12f75c 3f1d0f82 bf34a976 3e88ce5b bf17cf6b 3f7f587b bf60f7c0 3f2b9183 befff2b2 3f5005be bf21fbad 3f230d7a 3d183291 3f18b170 bf4cc7d3 3f4c21a3 3ec04297 be1013c8 3f07d193 3e805a43 3d1dce8b bf17c37e 3e9e22de bf2fedce bede8299 bd8d5896 3dec49a0 bf122b81 bf6eb201 3f64b5e3 bec7a690 3eaa92e0 bf2c139b be8b563f 3d1ecf86 bf0f3572 3f3ecf95 3f30c3a9 bf079182 3d722e9f bda827bf 3b310806 be310c18 bed7fecf be776473 3ee83ae2 3f11b161 3e8faa51 be94c2a6 bf3b3da2 bec4a67f 3e044482 be8a4a94 3e87da99 3e99a25a bdb1f89b bc23419c bf7e043a be8be291 bed5ef00 3eab6e51 bd31ef82 3f0b1d66 bf221f9e be00ebef bf4d59b0 3f3b25a0 bf68bdee 3f75b80c 3f74aa0b bf7f0a59 be90224f 3ed0faec bd9cd915 bf05116d bec11262 3f1b5f4a bf135576 3f5f57ba 3ef01af2 3f19c575 bea30a74 be78854e be0c8483 3d94a90b 3e2ddcdb bf2821a7 3f042db0 bf3c1584 bf34bbb9 3f55a1f2 3ecaaadf bec43a8c bd4e133c bf303596 3f2b83a9 bf2d83b0 3dbee900 3edb0eb5 be4bf4ed be91b676 3c83e264 3f7d261e befbf6cb 3ae5bab6 bf242f8c 3f4f51e5 
beea2e7d 3ef27714 bf2a6bbb 3f31f1c5 bf77a03a 3c1dbba4 3e421499 bdc298e3 3e01c460 be6b2568 3f5171d0 bf4e63b3 3f7e5248 bf1d3b83 3ea7769d bf77681b 3f2cafaa 3e560d37 bf3369cb 3f6741dd bf681fd0 3f0f1f64 bdcc7889 bf6899b7 3f3a7193 bf5791c7 be8b4e06 bf667bd8 3f3a6992 3edf3ad9 be3c1d3b bebf025b bf5d4bcc 3f0d5175 be96e2c8 3edd6a89 3e56253b 3e2f7469 3f36d39f 3f047183 beb5ca8c 3f6cebd7 bf791006 be8f762e bf070747 be37f4bf 3f082b5f bf6351c4 3f02e76f bf32bf92 3f4643d3 bed2becf bd9eb8fc 3f5757b3 bf0e7d6e 3f403f8f bf7bda1a 3f6e3dd9 bf328b79 3c84e661 3f4099a0 be371cbe be032c53 bf2655ab 3f5261b9 3f161570 bf6d61fb 3f4dcdbd bed716c7 3f3d0fa7 bf31c5a0 bf040f65 3f127d89 bde377e7 3ed65ace bf4c45e1 bf06056b 3f7749e7 bf49d395 3f3fb78f bf41737a be2c0482 3f5f49ce bcc7609a 3e78b52a 3eef930c bf011564 bb1511b9 3f1d7b84 bea93a3d 3f765600 bf074971 3c3bbb82 3f2f1fac bf6e33d2 3f2f2d8e bf7e163e 3f5887d4 bf62a9dd 3dee1995 bee93678 3d670de2 3dfa573c bf3f6d98 3f5ca5ba 3f0ef16e beae469a be66c4c4 bddbe8aa 3f155da5 becf8ee2 3f41396c bec3fa97 bc5641a3 be3e94bc bf7c7c56 3e7fec62 bf507fa7 3f72b60b bf0a7379 3f7d7438 bf743df8 3e5d8509 be03f411 3f65dddb bdd448eb bf331b92 3f269f8c bef4a705 3f39d39a bf41a1a0 3f7c1443 bf417992 3f703c03 bf7a3c3f 3cb69c6e 3e95c676 3ec57a6f bccee3fc 3f005391 3ea8924d 3f6889b8 3e7dcc7b be424d20 bee7e273 3f4a7dc8 be10241b befb1eea 3f45c1cf 39a8e56a 3ec832a8 be70ac8b be80c634 3f23ad6e bf6b5fcc 3f3a218c bec23a95 3d3d915a bf4a1dba 3eec269d beb23a9e becfca98 be6bec98 3f0f477e bf1d9f6d be8e96ad bf183f9c 3dc0686e bf5dede0 3f082382 3ea782ac bed7f2b8 3f64ddb2 3f082f66 bea20a88 3cf36675 3f202571 3f56cdde bec15aa5 be8afa96 3ea8cea2 be7d75d1 3f379561 beae6e94 3f796de7 bf4773db bf5e77f9 3f0f0954 3ee786be bf2b3bab 3f517bb8 bf5097c7 3f6be5e5 3e19f448 bee2daf4 beb6faa2 bf12a57b 3f045b8f 3e69c4bf 3ef46a95 3cd55fc3 3e3c1d4a bf0ff787 3f1d954e bf4217a0 3f070dc3 3f52cfd8 3f593fcb bf44437d 3f254dac bf317590 be93fe83 3f3083a5 bf028160 3f7bf22e bed96ac6 3e95b27d bf6f71f5 be942626 3f1f0bc9 3ecea6a6 bf2be5b7 3e956ab8 3ef31aa5 3e96426e bf0dcd6c 3ee0068b bf4165a6 beb762de bf5fb5c0 3ef5a2e4 3eb52acd bf067d64 3f7357fb bf3cf1b1 3f16719a be23bcb9 3e685c59 3f5663a5 bf50a9b0 bebb5a6a 3e4f6cbe 3de90948 3ee50694 bf2a41ae 3f760c0c bee67ae0 bf240d8c 3f43db89 beb1b6a0 3d2f10ba becfa2c5 beb14e6c 3eec9318 3d929992 3e91a281 
befebee1 3f5e15b3 bf476bb1 3ed9c6af 3ea5ee45 3f1ff58d bf06af84 3e9e2aaf bce8652a bdc8988c bdf2e888 be965e41 3ec9bea2 bf508bc1 3f480daf 3ee97f1c bf7433f3 3e13d4e0 bd354ebe 3c2ecb2b 3ea2d6c8 befa4b0a 3ecaea9b be64646a 3f5cdff3 bec8ba8a 3f46ab94 3f52afb6 bf362b78 be82c5f7 be983ab1 3f384186 3f683fd3 bf45eda0 3e47f53e bf559da4 3ef1ee73 bdfcb8db bf798a18 3ed63317 bede1697 bf334392 3f6f8fe8 3f269188 bd4f51e8 3f799020 bf29cb95 3f5da9d3 bea74ab2 3ef7b284 bf7f1c5d 3ef50aad 3ea372d0 bf533ba3 3f19f975 bf29c19f 3f7dc21e bf7521f9 3f43039b bec9f6ed bba4836a bf255d91 3f5e9ff1 be88aa54 be68845e bf1f079c 3f0b5575 3f320598 bf77b216 3e8cb2a8 3db3e878 3f79d01d bf200590 bc1d3622 be0404a7 3ef132be 3f2a518e bf7edc6e 3f3533a9 bf3aad88 3e95da2c 3f10e36e bf5759a7 ba85dc66 bd4412bf bf6153da 3f6571eb bf2439a8 3e9f5a48 bf300786 39e8fc32 be9ece69 3ea266ee bdf62827 3ddc582b 3ea19eee 3e88e2c0 3cbcde49 3e7d4534 3f33e9a8 bee7d6e0 3eef3a76 bef19acf 3f72a7cf bf703df4 bf24ed8a 3f6fce24 bc0b4687 3c0a3785 bd9c97e6 bf00e58b 3eb60e78 3df2b91c 3d609190 3ec6f628 3f445dcb 3ed9ae96 bf0d1969 3e9ff277 bf076d7b bded094f 3eaf76b1 3f15e761 beeb4eb1 bf56f1be 3f70c9d9 bf3ffd8f 3f238185 bf361f8a 3ed51667 be92ce6b be2aac28 3e8bda70 bf1c816b 3f4387b3 bd44b0e5 bf2b0583 3e72f4ab beb98ae1 bf244373 be4f0452 bf44538b be9be25e 3e16a441 3ef16a9f bf4bbfdc 3e9c327f 3e1d8cee bee1f6d5 bf0c8553 bde8279a bcb79e2b 3f748bc8 bf7583da 3f4ad77c be3a7bde bea28669 3f17bd5c 3f0a6188 3d21b023 be2604a4 3f4eefac bb3b031c bf004168 3efbeabb 3e9e9e6a 3f59e1d7 bddc08e8 3f7067fc bf4261b9 bda94812 3eaada95 bf209d75 bf6207cf 3f218d88 3da4f983 bf6609d3 bea8765b bf1a8b53 3f7dc01c bf18398a 3f57f1c2 bf599793 3d2b9317 bf4a07a1 3f0ef756 3f6bcfe1 bf5ee9d5 be35f50f 3ec44286 bed9f305 3f1dd19f bf544ba3 3ea08ea7 beb34277 3f2bd1c3 3f36d7ba bf78981a 3f314bc5 bf50b7bb 3db71915 bd08b155 3e3eac97 bf1ded87 3f7e6480 bf5955c1 bf357164 bf44ff93 3f292b92 be8c0a2d 3f01c553 3e524c84 beda96ab 3f3aa18d bf3ae990 be893282 3f1bbf6d 3f4a75d6 bebe46bb be92f243 bed1126c 3f7e8248 bf6195c0 3de63897 be8fe689 3eb6aebc bf0d1142 3f4709ac 3ebaf2b1 3f5b4bb4 bf5b7dad 3f238799 be7a04d8 bf6d25d4 3f6627fc bf0aef5f 3e4e8c7e be9b1eb3 be5dc525 3e6e3530 3eefba9d bc2846ca bf02d174 3efc6aac bdcca917 bf1c9b9b 3f1d1387 3ec65a78 bef28eb3 3d03cf94 3f4117bc bedabee2 3f170b74 3e1a4c2f bf6d51ed 3f00837c 
beb97ab6 3ea20a6f be544c38 3e168ca5 bf471590 be01a460 be877a66 3edb72af bf488faa 3f5195ba bf10d988 3f32dfa7 bf1fa99a 3f6ba1f5 bf706dd9 bdaed789 3f6bb20f be9a16ca 3f1f8559 bf67e5b0 3f252386 bf076f8b 3f249da3 be49ed34 bf39b19e 3dc2f81c be616c8a bf5d4fb0 3e138c8c 3f1c31a2 3e810a90 bf2ad7a8 bf1d2d8f 3ecfc27c 3e804214 3f4dddc1 bf5eb5c2 3f09c7a3 3e1a3c3d be7ccda4 3f4c279b 3dd46969 bf0e29a4 bf43e98b 3dd7f8d2 bf6b63ca be922259 3e4394d0 bf1ec980 3ea6967c 3f492183 beb2629a beb4deb0 3eec06f0 bec9caa9 3e9a36a5 befaa2e0 3e062c3a 3dd4f7d6 bdd7d83f 3deae7e4 3eafe6ba beb4fab3 3ea17ed4 be099503 3f591dae bf51cfa9 bf6171cf 3f586bcd bd8fa827 bec2b2aa bf3d09a4 3f06d966 be984685 3ebed69e bf5037d2 3e8b0aae beacfa77 3f68a7d5 bf2a2991 3f4c2da2 bf6b8df3 3f3037b9 bcdd62f1 3c413221 3f446ba5 bf03e98b 3eb5565c be64745f 3f4411cd be0b7c79 3ece464b be99ca70 bedd06e1 3f076f8f bf494da6 be347d2a beb79260 be2e3493 bf2699c6 3e87faa4 3ea3aaa8 bf4ab1a9 3eaf864c 3e934e42 3ee39e78 becebed8 bf7713f6 3f4b5bc7 bea5566f 3f1e039c bf0f619b bf1ebda2 3f14e98e bf458b95 bf0e5d74 bf05f58f 3f26ff93 3d73b1b9 bdcd397c 3f27257c bf68c9dd beb1f6a6 3edaba84 3f10678f bf4fb7be 3ee0e67d 3ecfce7e bf2e2b8c 3f4995e8 bf0d696e 3f71e7fd bf741009 3f788403 bf6d77f9 3ed7e2ce 3f398bd1 bf29b99f 3f4d03b6 3eb95e8f 3f3da385 be405473 3f7e7631 bf6d01fa 3f3583d8 bf3bbfa5 3f4293af bf0e3f6c 3f48bb9e 3d7431e8 3f6e8dd4 bf6e23b6 be1c33b4 bc1c38a2 3e18ac66 bf470bac 3f68dfc0 bf582fd9 bec42277 bf05bf4e 3ec13eb7 bf1ee768 bec212b6 3f60a1bc bf0a0359 bf10eb8e be9a6ab3 bf6be203 3e611c87 bebcca7e 3f7361de bf71c5e6 3f2af3bf 3f43ed7b beb8aa4f bef72e8b 3f6d23f4 3eb3f285 3f5cb3ba bf5829cc bd436b54 bf57d3d2 3f74ebfb 3bd783ef 3f646fd9 bf4b6385 be50f51d 3f1a717e 3e0a1484 bc89e3d4 bf10536b 3f5f95da bf45199a 3ee9b2af 3ea4f227 bf3dc7bf bf019d81 3f2ecf88 bf026186 bdb139b0 3f17dfa7 bf18e185 3f3e138d be3e74b9 bf09375d 3f6733f6 3eba5eb8 3f2115ae 3d202f8f bf5dc792 3ef41279 bf2dc3ad 3ea75e93 bf58f7b6 3f2c2d9f 3ec2ca71 bf7b6607 bf3e45ca 3f4fcde5 3e4d1444 bcf49dbc bf0bf98f 3f11f36c 3d3fed70 bf197593 3f45a7b7 3dc52991 bea92a32 bf6ef1f1 3d8097e4 3e9b3ea9 bf7a3605 3f3b6d94 3f3b1f8e bf388db1 3daf793f 3e94d254 bef336f8 3f3f6779 bf5f25cb 3e688d84 3dace8ed bd821806 be76a4d2 be25fd22 3f46dfb3 bf79982b 3e6f5cce bd896807 bd0232b0 bf29c998 3de7f810 3bc2695e bf2df189 3f7b1401 bdcdd99d 
3f6ee7f8 bf491b9d 3e26551c 3f017b51 bd8b77dc 3f016f66 3f010b5c bf35617e 3f7b8e1c bf28679a 3e31b509 3dca493b bd87b86d becf2ac3 3f5a73b2 bf2c93c4 3dfcf949 bf70ae07 3f6659d7 bf440fc0 3f7ae216 bf21798b bdffb92d be82fe85 3f6b0bfe be27cd0c 3e2e0453 3eff2e64 3eb74e92 bf153575 be45cc91 3dab67cf 3f3e3bad bef94a99 be2b83d8 bf236d93 3f255790 bf19fd84 3f4a9d9c bf35219d be01f460 be6a0cbd 3f4235d3 3e4df550 3e46c4f6 3f6337db 3f1dcd75 be606d11 3ed40eae bef92708 bed682a5 be92163e 3f54b9ab bf2e558e 3f76a40b bf5d7da1 3f7d6e26 be7cb510 bd8308fb 3b93868a bde5089f 3ebfe69a bf6ebbd4 3f28bfa2 bf165da5 3d082e88 3e97429d 3f7175da be1f0c98 bf19cf96 3f729de9 3e2dbc90 bdd3f845 bca324aa 3f18b381 bf17117e 3f72d1fd bf62a7e6 3e3a74a7 bf0c8356 3f35618a bf7373ff 3f75fddc bf565fb2 3f23c577 bf6b27ca 3e5e9512 3e079c84 bef9e6bf 3dec995c bf50179f 3f16b562 be9a26c5 3f7177ee bf5739f3 3f39bfc9 3ed50e75 3f2479a8 bdccc80d 3f6e83e1 bf59c1d1 3e662d3c 3f16f38d bed196e4 be9b46ad be8ff6e3 3ebda658 3f54e5cf bdcc687c bf6fc5d5 3f3c4f94 3d8038b2 3f5fbdce bf35a98d 3f26239c 3eca7acf 3f146396 bf3dbf92 3d6c4ed5 bed53ecc 3eeb5aad bccc5e6c 3f60edd4 bf1dfd82 be02cc83 3f29c394 bf1b5755 bd76121e bcb5e0e9 3ec8b28c bf6691d7 3e28e499 3e28fd3e be93b66b 3eeca6df bf1e4983 befd0b1f 3f298bb6 bf7b620e be9a0668 bf4e0788 3efdaae0 bf5901bd 3f455d9e bf37dba2 3f7f6e48 bf04215f beb582f8 3e0eb4f6 bf3b8d97 bea522c7 3eb732bc 3f2a6d79 bf25c1a7 3f6aabf3 beb7ce80 3eff9695 bef32724 3f7acc17 3f30659f bf20cd79 3f532bc7 3d23d2fb bf0e27b6 3ee0a6b9 3e7a4c78 3f6633a8 3e4f33f9 3ee33e94 3be87b50 bf223376 3f2de399 be19a4f5 bf5183af 3e74cce9 3f041988 bf06b566 bf38c796 bf4d8590 3f25c18d 3f169995 3f1b0d7c bf0b3164 bf71b7fd 3ef5fed4 bf29597f 3f47f1a6 bf7ae81f be7ddca8 3f41a7b5 bebd6aad be5ead13 3efbb6c8 be9fde59 bde5d81e 3e5a7498 3f648ff0 bf75b5f4 3f42c9d3 3ed4f661 bea3a302 3ccae1a4 bf04d15b 3ef54af2 be1a3474 bebe0a93 bdf7a839 bf70f7ec 3e87e250 3f081b84 be122c19 3ec3b278 3dd6b900 3f4bf599 bf7d943d 3e7b84f3 3f61f9e4 3eefb677 bf4f6b98 3d10d254 bcff6055 3ecd7edd bef92aee 3eead6db 3ecb369e bf5263b2 bf168761 3f54c5c1 3ee426d5 be55640a bb50fe1b 3f6bb5f0 bf08e582 bf69afac 3f7e7842 bf188765 3f3575b2 bef76707 3ea27a8d 3e5074bd 3d1a9147 bf5615cb 3f3b3f66 3ed98a9f bf021377 3eca76bd bcd05ebc bd00b0b5 3e102510 3eded2a0 3e4dedc4 3e03f4a6 3e62ccfc bea5ce3e 3ea28a94 bf564bb4 
bec9568a 3ead8632 3e36b50e bf1f5396 3e12c47b be658599 bf6963e9 3f36739f bf2faf8d 3e046579 3e746d0b bf09999d bd7ad39c 3f2b11a2 bf7de825 3f66d7d3 3c704648 3e99b27e beada2e7 3ebd7ac9 bf6e25bd 3f39db8b 3e96aec1 bbb77fd1 be5734cf bef78720 3ed4a290 bf746feb 3ee38f24 bf31f3bf 3f562795 3eb9c2c5 bf7d2820 3f712de5 befd06fe 3f1b6574 3d56f001 bed8b6f2 3dab5906 3a9595d6 3ecdc280 bbd27c48 bf7dbe4a 3f3027b2 bf509f8c bf20df98 bf2d5db0 be8646a1 3f03ab71 be3054a5 3f666bdd bed6de87 3ef8d30a bf5e1da1 3e2984b6 bd61b265 beb392c1 bed4a2ed 3ed306ac bdf0f88c 3d93b88d bee3aefe 3f6cb3db be745c9a be09f4e7 3eedca87 bf50cbd1 be396c53 bf214586 3f208582 bf056b7b bee10e86 3ee79ad1 beba3290 bf1e976d 3f3293b1 bf3e29c4 3f50cdb6 be35a450 3f11279d bf39a7bc 3f389593 bdb7e887 bf34d192 3f13efa6 be0e0499 3e8beebb 3e3754c3 beadbec2 3f68d9b2 be4d64c3 bd09d1ab be7944c8 bf136170 3f3bfda0 bf1b257a bed41e78 bf5e15a9 be4944b7 be0fd460 3e817e93 3df5b865 bf77fbf4 3f5f43c4 be22644f 3f309dab bf12af57 bf4be39a 3e2df42a 3f6723e3 bf46dfb5 bf0e238a be974e3f 3ee7c2a3 bf017771 3d2ff0b6 bf1d1f6c 3f001b93 3e88d6aa 3eb62ea1 bf71ffe5 3ed29e7b bf7bae34 3f421fbc bf6725b7 3f2971b3 bf0f1998 3f4f8b97 bedb4e8c 3c2e4d23 3ed82699 3f0b3974 bf4e93cd 3f1d1f93 befe8f3f 3f5059bd 3e897671 bf001d4e 3f6017f1 3f7133e9 bef6dec3 3f4ccfba bf31d595 3ee936f2 be6904a0 bf25457e 3ed62acd 3f00b37d be909615 3f5829cd bca261b8 be7c54d7 3cb16146 be837686 be59c43e bed56a7c 3d0e0e2f 3dfa980f bf02073e bf65d7e2 3edc3a89 bf0e317d 3e140d18 bd8ff9af 3ea5de7b bf7069e4 be332472 bf35efb7 bd184ef9 bee37e98 3f530ba2 bf66bdd1 3e81aa09 3eb2c29f 3c91a0a8 bf0b7d87 3eec2eb4 3f351b83 3f3ad79e bf0c07a9 bf16db6f bf5ff7d6 3f487db5 3f5d07b6 bf3a0f91 3f74d9e2 bea96681 3f330998 3e9be27a bf5351ba 3f153d94 bd32f327 be079c98 3e66a4ba beeb26bd 3ed39e7e bf6dc3f9 3f33c1cf bf05f17c bf545fc9 3c5ec086 3f16cb70 bd9a68be bea5ba70 3f3e01a5 bf3675ab 3f1627a9 3f3a2389 bef69327 3e51144e bf3ec9c4 3eab8ed7 bf6235b4 be0da433 3f64c5b8 bf539fb4 bf0a236f be638cb4 3f34619d bf2551a4 3f3e35b0 bf206392 3eda5eaa bf6ffbfb b997c9f0 3f4a6dec 3f35bf94 bf7fca92 3da4a842 3e2e4c4f be693cab bf1f3d93 3e3eb496 3eff6ad4 be7414d2 bd4c4fb4 bebfda96 3d2c70d1 bd056e51 bf0b258d 3ee386d9 3f6367e6 bf46ddaf bf3049a4 3f4f61bb bf774410 3f0aad5e 3de5b909 be8279fb bf5abbd5 3eeedeb8 bf32cbb2 3d0d4f84 3f3dc57a bf458f98 3f4c5da6 
be3c9d38 3e4dbc92 bf038983 3eff1281 be9db27f 3f09ff6a 3e8d7e6c 3e8e8e42 be125c98 3e7ffc66 be2e7c9f 3f20b189 3e732c23 bf17b599 3ef9e305 beb17613 bf2971b3 3f42cfa0 bf3b8f91 3f6f5a19 bdd1c8a8 be9e6266 bef7f6a0 3d9c684d be950e99 3f302db9 be268469 3ec586b7 bdd9a9aa 3f30f77c bf39d1a7 bf35f7a7 3f27bd9d bf388998 3f5fb3bc bf77da1e 3eb91e98 3e0203bd be2b53e8 3e454d00 be727d84 3bf98460 3f629dde bf431180 3f1c91ba 3f505fcb 3f03b357 3e92b6b0 bef68695 be6164be be788ced 3d59d1c8 bf02b371 3f597bde bd58300d 3e28ecb7 3e0f6d40 3f5e73e6 bf2def8c 3ea82ec2 be1db46d 3e7fc467 bec86ab5 be87ce38 3f3c4999 bf605dfa 3f6231cf 3e85da6a 3d8907f3 3f2815bd bf403bab 3f5fe3c0 bf375bb2 3f3fd5c4 3d174fd3 3e7c34c3 bf01a168 3d4f4f69 be04a4c4 bf228387 3f7c91fd bf5cadbe 3def081d 3f46cbb9 beb41a7c 3ef04684 bf6b61d4 3f06d571 bebe52a8 be53fd00 be3eebb7 3ec88ad1 3ef4b2f6 be697c98 3e399ce1 be81aeaa 3f2cfd9b 3f7e6a5b 3e9dd264 be1b2c97 bef1eecf 3f3cddc7 be119454 3dcf77db be9b22d3 bf3ba7a6 3f21e989 3f39c791 bf015156 beb3aab5 3f20676c 3ecada68 3f209f8d bf7b8805 3f5735a6 bf4031bb 3f5407d3 bf2ea585 be26c411 be1d0c49 3f12af68 3e995260 bd2c92c3 3f019947 bbb480e3 3e6b4ccc bf02a19c 3ef2eedf bf2c657f 3f154378 bf285782 beaf5a33 3ef2b6b8 be6c3cae 3d6cae6b bef7a6d9 be8d4a83 3e8beaac bf64c9d5 bf7a73e9 3f5427c8 bf72bc14 3f7215d9 bf0c7381 3eff86f2 3f22c589 bf7b8205 3eaffeac bec0c261 bf08878c 3ed096f5 beb1feaf bcaf9c18 3e4bd4ea 3f10256e 3e1fcc83 3da7594b bd7c11b7 3e93fad0 3f0ae778 3e8a1268 be815e48 3ec77ec6 bdde2857 be93ae83 3f7b562e bd4150cf 3f103b9b 3f266986 bf3071a7 3f579fb4 bf01e39c 3f4b1fa8 bf719ddf 3f68edf3 bed17a92 bb08f503 bf7f6c48 3e0ec419 bec12a92 3f7a8e0b 3f5085d6 bf5a4fdc bf0dc191 3ef6dab1 bf171da3 bf27ebaa 3cda5f1e bed232af 3ecbf309 bd4f707e beb2e6d7 bd33d023 bdd14813 3f761806 bf6b11db 3f6d2bfd bf2d6967 3f639009 3e816a74 3f3ff1a6 bf792209 3f183ba7 becd1a79 be80b2a9 3f72de17 bf65c3e2 3e2894bf bf3625a3 3f7b2e0e beb6d290 3f194175 3f2383a6 bf0a5786 bd87d77f 3f0e714e 3ee3aa98 bda2d950 be26d451 3f0f6138 bf35a18d 3e441c8f 3e600d66 3f46ddc1 bdc65963 bf431592 bf0cb95e 3f5649c3 be864a88 bf11fdaa 3f7f4663 be9c225c 3f259574 be69bcb5 bed27e9f 3f272997 be8bdece 3f5b6fb1 bf213360 3f6345e3 bf5945c7 bf21a78c 3ed7d6ab 3f4ff17e bf257591 3f5cd7d3 bf1cbb9e be875674 3f0f0d60 3e8b2a79 3e8afea9 3c945a9b 3e6bad46 bf752a2e 3f4015c8 bf1e036d 
3f7f9464 bf778221 3f55f7b4 3dda2a57 be977656 3e342bd1 bf5345a8 3c52c760 be3fbcc1 3ea74ee5 bea14248 bf787e05 3ee442f7 bf075d7b 3f3f53ad bec0ae55 3ece3a73 3d5e923c bf0c8b70 be5044b6 be861e98 3f748205 beb44262 3f7ad235 bead96e8 3d3eeed0 bf496fae 3f294d87 bf4c37b0 3df16a62 3eada2bb 3f3789ad bd7ff129 3e3a9db0 bf3e85a3 3f609bc6 bf03378f 3d3beeab 3ed786f0 bf239f88 3f26359f bf5b27c8 3eeb7301 bef2b2a5 3e93865c bf720e08 bf2fffaa 3ef38aa2 bedc9ef9 3f7d3c2c bef57720 3eae9687 3dc2b7cf bde25797 bf135970 3ea676cf bf3cc5b8 be93daae 3d310f21 bda428c7 3ebf3e9f bf13f15f 3f4c9b9d bf77b409 3f293fb2 beb5f267 3eaebade bf7c3434 3e9ede8d bf380198 3e8c9a9f 3f10cb74 bf3d4b9a 3efaa69f bf643fcd 3ed436dc bd95c8af 3f0af159 beb28e80 3f1839a9 beb732dc be270cb7 3ed44ab2 beeebeeb bf6e57dd 3f488b97 bed97aea 3f51e9e5 bf57a3e5 3f76661e bef736aa bdf64882 bf39358b 3f36a3bb bf47dd9e 3f7c3207 bf752e53 bf3a4bb4 bf58a7e3 3f6525db 3d2592e1 bf65edd6 3f4385c8 bf3f9581 3ee522e0 3f7f126a bf5c31bc be460cea 3e77d53e 3ec3b6c0 bf7d2633 3eab6a6a bf718207 3f169bb2 3ef052ab bf225771 3f738c10 bf004d46 3f6b43c5 bf3241a9 3e5d04c7 bf128f6a bec7f272 3dee09a6 bf363d88 3eddca87 be3acc81 3eb4126b bed7e6d6 3f342391 beed02e8 3f414d8a be922a5e be6a8554 3f3349aa bf1b7989 3f79080d be95b2c6 3f768e07 3f1b2984 bec1eaa5 3e6ad47e bed5bedf 3e36ecdd bf3d29a0 bcbe9f0a 3f2b4bb5 be97a633 3e9d1e89 3eda4a57 becefa7c 3ed46246 3ef0d297 bf2289ad be7aacb7 bec49685 3e975a65 bf1349a9 3f183395 bf7a940b 3e6d050c be2dec61 bda97884 bd83593a 3de93878 bf1e5daf bc8ee26b bf163d7d bee0babe 3ed94690 bf07b37c bef04ae1 3f4443c3 bf49e9c1 3d393004 bd8f585f 3f35c9c5 3eae9a81 bea44a58 3f4221b6 bf7ea658 bf2cd9b5 3f0d0383 3f29d783 bf316387 3f4f83b7 3f361fa7 be2b3476 3f153b92 bf1b0157 3ee7071e bd8ca786 3f62bbe3 bf2e959d bf25097a 3f17bf88 bdd4d961 becab6b0 3d0f6f90 bf7227cd 3e290cac bf091744 3ee2f6bc 3e80ce67 be855667 bf02ad68 3e952a5e 3dc0783a 3f020b7e bf54fdb8 3eb3d2bc bf643bbe be69648e 3f073f8a bcb9ddf1 bf5b09dc 3f23c373 bf4ea1c6 3ea74af2 bed986f5 3e896e8f 3ece529a bf48c5b5 bed46ac1 3d64d233 3f166181 3e944293 bf129f74 3f000d6f 3f027f58 bf7041fb 3e886682 bf353778 bdf577fb 3e2904b3 3eab4a95 bf733be2 3ed60ace bf76d81c 3f65f5dc be947a63 3f6ec81a be286ce4 bf44fd84 3f079368 bf4fa9bd 3f752bf4 bea6cea3 bd6bd231 3caea659 bf6643c2 3f12bd81 be50b49b 3f1c97a7 bdfd8911 3e0d9ca7 
bf6eadea 3f7761fd bf1a838f bf6813ce 3f4479b3 bf10ad88 3f6159ed 3ecce6aa bf07737c 3dee678d 3e86ae44 3f5859cf 3e041b95 be04c446 be14bc57 bcb963f9 3dfe2964 bedb5ecf 3f7c3813 3f15497c bf7431eb 3eca82f8 bf70d9f0 bdd86799 bf283f75 3f70b003 bebd42be 3f3c7fa7 bf10cf79 3f1f5391 bf7ee28b be909a46 bc19ba4d be65a544 3f022d8b bdc088da bed502e0 3f2b5f80 bf4a55ea 3f07df6d bed2e6b8 3f5cadc7 bf753601 3f7669fb bec5c31e 3ef5231d 3f657fd3 bf7b380f 3f5951a6 bf47a1d3 3c5bc198 3f049d6a bf75b401 3f7db61e bf4b3bd2 3f3ae998 3f09bb66 be928280 3f7629ce bf5d57b9 3ecc928f bf0eed83 3f5a03eb be27e4b3 3edf06d5 bf5719c5 3f00a76f bdcfc8d6 3f6f9ffe befba6d6 3e8f2298 bf30cfa8 bc955eca 3f443593 bf40c595 3f6e2de2 bf26235f be440569 3e5cfce1 be9c3245 be38a498 3f6be7e1 bf4fa7d7 3f2c638c 3f55edba bed242d0 3ea2fa54 bf5f75df 3f7b644b bf262162 3e67b4df 3f09a960 3c6fc263 3d8f8844 3e40a426 bf6bbff8 3f4b0db7 3f489ba6 3f206b76 bf3eb7a4 3d6911d9 3f25b7b0 bf06576f 3f020977 be64ad13 bf2f6394 bdf43913 3f5d71e4 bf634be7 3e9de2aa 3eebe2b4 be6deca0 3f3183a3 beaf1ee0 bf00e775 3cf4a23f beb082d5 bf3977a7 3eb4b6af bb68dde1 bdc8e871 3ee20abd 3f43c78a be19b4a7 3e234ca5 3f006b64 bf6b93f5 3f2c8390 bef49ef3 3ca61d6a 3e2674fd bf2cedaa 3f28b59d bf1ebf9c 3e2644ca 3eb382da bf463784 be948272 bee8c69b bf228fb5 3e610c45 3dc707e5 3e6d7d6a 3d0f5098 3f2f71a4 be6b6c43 bf17f75c 3ed5325f bf0f7381 3ec3aab9 bf27979c 3e5fb471 bf4dfbbf 3f0cb94a 3eff66d9 beb91e7d 3f0cc766 bdd0a75c be9e82aa 3f2e3985 bf2091ae 3f6e39e6 bf427972 3f3845b2 bd2c52d3 be280c37 3f640fbc be9abef5 3f7d9e30 bf479dc6 3f61afcf 3e5cb4ff bf26c399 3f4c05cb 3e8caa53 bed5a298 bf2b8794 3e876a21 bed49ab2 3e24cc5a 3e1b74ab 3f41c5b3 be53c464 bf3b61b4 3f1d057c bf4d9da6 bea156c7 bec1a291 be047c6b 3ec312f3 bf16cb6f 3d9339bc bf7ee66d 3f4555cb 3f3cfdaa bf683a06 3ec22a8d 3e850664 3e4d3d65 3e93028b 3eefb256 3e0c5c70 3e54ecc4 bf63f1a0 3f3977a1 3f0d7375 bf0c3ba3 3ecf8e82 bf068145 3f080b84 bd3fd010 3f7e723e bf09ff32 3e94feb6 bea62a67 3efe1b01 bf0e3972 3f4eb3a7 be88f687 3f031789 bf002d40 3e82da10 bc02c09f 3f2f0d7a bd2dd1d5 bf3b21b4 3f6db7c8 bf5aa1ba 3e4d0478 bf2d8dba 3f1ec393 3e418488 3ebf5698 3f157383 bddaf962 bf22a782 3f7439ef be927e46 3f7355fb bf7243f7 be84f644 3e819a73 bf6617d5 3f6a0fe6 bf0d2f63 3f11c76d bf52bdbf 3f069d99 be93571e be0b4c63 3f50cbce bf08056c 3e0b5466 bf4253af 3e9a025c bf1cab56 
3f6477e3 bf70b003 3f53c3e1 3ecdda87 3ede26f0 bf08df58 bde0581b bf53c7b2 3f68c9c6 be6a3d82 beed1ed8 be916e69 bf57cfaf 3f0f8d67 3cba206b bef3ab21 3f2cb579 bf2b7956 bee3deef bf2a5379 3f5aa5c1 bdcee8c2 3f3d25b3 3ef48ae5 3e95d660 bee32add bceb5eff bf1aa97c 3ef1decb 3d9b7915 3ec6aab3 3f5ba9fc bf6831ce 3f620baa bf106d53 be848652 3f6213c4 bf5e63be 3ed4fe66 3ea20e91 be993abb be0f0443 3f02fd71 bf3327b2 3e1274a8 be795df1 befed2fe 3f5d87e6 bf788228 3f2f49aa bea60a85 3d3671ee 3d63f05d be817a50 3f78da12 bf60e5ce bf23b5a0 3eee9a94 bf353d94 3e2e3c1a 3f333373 bedfbae2 bebeb66d bf12157f 3e5e5479 3e59fc30 3f012b73 bf0f5550 bf3b838b 3f4db1ea beb842ca 3f7cde35 befc92af 3e364483 bd7fb0c4 bcbb1e6b bee07686 3f7b2a0e bf43d3a2 3f1b9d91 bd108f5c bf51b9c9 3f263db1 bf7c9241 bd6cefc4 bf0e4f78 3e7014f9 3ec9ae72 bf1cfd7a be649c77 3eebd320 bf65b1ea 3f02299b bf5101b9 3eed2a99 3f6235a2 bf7c263a be90e67f bf26bd7d 3f37a374 bf1c39ad 3f05d592 bf769bf5 3f78e5eb bf55aba8 3f5251c5 3ed7aafa bec962c4 bc3bbb5f 3efd42e9 bf434dbc 3ed46a77 bf1e2784 3f027971 be32152a 3f5fefbe 3d3c6f62 3f62cd9e be0e2c8f beec0eb8 3f35096e bf4b9db3 bf52e9d6 3f104b98 bf74fbfd 3f6c3ddb bf322389 3f49d992 be9a62b0 be0dcc72 3ebbda4e be6dcc3a 3db6e85e 3eb6125f bed22241 bddbb8ad 3f10e578 3f01d573 3e96beab 3ecfe30c 3dc99a42 bf013740 3e3764f5 bf10c985 bc985bd0 bd6a737f 3f0b577f 3d84d903 beb6ee79 3edb3ec3 3e2a94b5 3f09b368 be822aa1 3eeefa5e bf6c19e0 3f5e95be bf7d1e3d 3f2dfb90 bf0c27a3 3f6be3f7 bf7e6659 3f1cd1b4 bebb5296 be511cbf be3e4cca 3e1aa429 bea9f69d bf0839a8 3eae8649 bf53ddb2 3f10c78e bf6fa616 3f5235b0 bf69f1c8 be8f368c 3f6607e8 be155c99 3dda091b 3f2a798a bf647dd7 3ec372a9 bf1d5791 bd8e5889 3f001575 3e459c5c be722497 3f36f3a9 3ecf529a bed19299 3f0f4b7b be61f474 3f4553c1 3eb142f4 bf174d83 bea1de87 3efcae5b be07346e bf0fdf67 3e264cee bf037371 bdf23891 be9afe6c beb03e99 3f4fe3bd bf3acfb1 be2e650c bdc8c8df 3e2c13e7 bef202cb 3ee6bee9 bf2db56a bf0ad57d 3f2e099c bf4c49c6 3f079d87 3ee1caba bf25299b 3eaa3ebf beebe6ba bcfa5e16 3ddef8fe bec77281 3ebeda97 bf17079a 3e023c78 3db4389b bf7c1430 3f6a79ef 3ea4ea28 be45242a 3da768ab be7b54be bf61f7c7 3d92c887 bf213568 3f7607f1 bf281990 be380c60 bef3e6d8 3f060179 3f5e35be bf65a3f9 3f4e51aa 3e1d5c29 be552c58 3ea6a664 bb819495 bdc1886c 3e6aeca9 3d4c9051 3e3d649a bf13d54d 3f324fdd 3eb2da87 bd2d7188 3f4b75ee 
bee0d256 bd89888f 3d3a7037 bf3a6baf bf420393 3f4a55b3 3e608d2a 3e6a1d5c bef79ec3 3e480d26 3e2f0c19 3e9bf65c 3f4225bd bea68254 3dc0e86e 3e217c23 be7d0d84 3f2fb37e 3f0c356f bd480de0 3e41a463 bf54bdab bf09a1a1 bd5f7047 bf7aa623 3f6df806 be4a7478 3f30cb9f bf02eb63 bedb8302 beb2530d bedad6f2 3f13f5b0 bebcae70 3d88f83e 3e666cf2 bf25218d 3f4773ee bf0dfb81 3de9c940 bf131d6b 3f0a2774 bf2cb599 3f779812 bf258199 3f6f19f4 bf0ec18c be8dbeab 3f52a1b0 bee44ee8 3f0a6b92 bf0ac366 3f59b9aa bf301f99 bf5637b4 3f6e61e1 3e445c1c 3e7a1ca5 bec65ea5 3f05014f bf794623 3ef616d2 3f302387 3eca8ed3 bcaddf5b be86a1fd bf5255ac 3f5be7b5 3e8fd2e9 befcee9d be89fa2c bf1c6772 3f024799 bf059f60 bdb2383c 3f192590 bed4126d 3ef4dedd bf6babeb 3f6369db bf516d9d 3f71f1db bd4cb224 3e92a6ab 3f44e97e beab0e99 3f4267a6 bf59e5d2 3f65e3e2 3f1d037a bf619bc2 3f4dbdc6 bea0da87 3f4881bd bf4c4f98 be9c6e3f 3e71ed1e 3f43899e bed6e2b1 3f07bd7b be848222 bd51b0bb 3f542dee bf742e15 3f17db8d be4124c9 bf3b2bb1 be1743e5 3f1cf39b bed886d3 bebbe6cf 3f7a37f6 bf3b03ad 3eabd24a bd91c84e bf3603c1 bedde6af bf4bafc8 3ea03aa6 becce2aa 3f067b82 be603d06 3f72cfdf 3d907813 be433d1a 3dde88b0 beb73af5 3da4d8f8 becafab2 3f430baa bf49fdb7 3f7f3c77 bf7fc679 3eceeaf2 3e8c0a61 beaeeee3 bc941eb5 bf4893b9 3e3e64fe bf7ece78 3f59afc0 bf21f9b5 3f79f618 bf2271a7 3f6395eb bf38c3b9 3db07776 bf0a094c 3f5cbbd0 bf4895d0 bf0f7785 3ea00253 bf1f977a 3f1b3191 bf43f38f 3f3ec9a6 bf52d1bb 3f7d5e28 bf3cdba4 bed6b6d8 3f629bc2 bf4a5ba1 3ecd0eba 3f0bf977 bee0cac4 3f336973 bf29d779 3f794e05 bedabadb 3f17f78d 3d1690d1 bf033989 3f5369a6 bc04b8bf 3eaa8ae4 bf595df1 3f16db63 bf09273b beed3aa4 3f5fada0 be1ae4d3 3e0f654f 3f033782 bf644b96 bddd8809 3f1a4387 bf7dea29 3e2bcce0 3e071c3e bf4acf98 3e9e1aa9 bf2a899b bee4fabd 3f730fd8 bf2cb195 3ec0d68f be39d449 3e88fa60 3f3651bf bf208986 3f74c1e6 bf02195c 3f414975 be943ecd bdf148dd 3f0d854e be112c83 3e938e6e 3e9a2aa7 bea0b699 3f43938f bee18ec5 3f5d53cb bf03779b 3e0b84b9 bf79ba1d 3f34dba1 3d6170a4 bf15ad68 3f743025 bf1b1170 3f7eda6b bf641bf0 3f106f85 beb5fa7f 3f4f37a4 3f1f0fa4 bf256981 bf203162 3f14cd89 bea0025c 3e890e66 3f1ea76d 3f0e9766 bef29ec4 3efebae8 bf2d5bb3 3f6d73fd 3df72938 beff6ee1 bf43138c 3f5e03a3 bf1001aa bef11e7d bec9ae43 3eabb24d bf2e738e 3f67b5d9 bf66cfe8 3e79ad37 bf33ebac 3f33bfe5 bf13cd8a be9a2e80 bebc4a6a bf442dc6 
3e5c74ad 3f56a3c7 bf3601b7 3f707fd6 3f556397 bf7f166a 3d3acf7f be2a546f 3f0bad6a bf2b25a1 3f07a789 be96ce84 bf594d9f 3eaf7a6c bf02217c 3f1bf382 bf1ce973 bf0f2159 3da44889 bef8daa1 3e1464e2 3f26ed97 3f2989a6 3d7f2d3e 3efb62eb bc9c1f41 bf64a9ea 3eb2b25e be252c43 3f6979ca 3eaede42 beaebea5 3ebdd2a9 bf37a782 3f249782 3d90a8c2 be6bcccc 3e31749d be425d47 3f02f362 3c1039e8 3f3df992 bf54a3dd 3e90ce0e be12ec37 bf03cd68 3ef0e6c2 3ead223a bf4d97b7 bd872882 3d81977c be874241 bead7e75 3f6bee08 3ec3e647 be2d7c98 bf021b67 be84c246 3f7c502c bf44e9ca 3f7dfe53 bf4d95b2 bea76a96 bf0e2f7b be911a6b 3f6f0605 be879284 3ed58305 bf6a83eb 3f3c9f7a 3f17dd85 3d99484d 3dbf9938 bc43be42 3f35a1a1 bf7baa29 3eeb9edb bf233988 3f7ea445 bf2d998a 3e7654d6 be409cc5 bf3bb1b5 3e118470 bf707812 3f04ef66 bf37e19f 3eb35e8b bf623da3 bf14215f 3f5113d4 bea3464b befbda8b 3edf0ab3 be8e565e 3f5959b3 bf482bb7 3f214952 bf7015ee 3f403985 bf50e1dc 3f15fb7a bf7f645b 3f422d94 3c6b41e7 bf1d4f6d 3f7c6818 3ee05ec6 bf7b8bfc 3f2589bb 3ebd7eed bf0db372 bdbf089a 3f29556e bf45e58a 3f577d8f 3f4eff85 3dd3189f 3f5fa9c6 bf22798c 3e335ce5 bea66aab bdcfb7f7 bf40e185 3f59c1d1 bed626d3 3f184b80 bda4e836 bd96577e 3e4e9bf9 bee2facc bea58730 3f4a8daa bf17a978 bca5a7bc 3ee3eec2 3c8f23d6 3e645c92 3e0c4413 3f47597e bf5c69c1 3f36bdac bf70a7fd 3f5e4577 bf7fec81 3f31e9b3 3df0f982 bd1b0e38 be903a5b 3f1c8970 3f68abd5 bf6bb1dc 3f7647e7 bf221d93 3f190572 3d5a6f1f 3b7cee4c be0453e6 3d2651df 3f52f1b8 bf78481d 3f5515c7 bee4ea7e beb8729e 3e657d0c bf1e59a5 3f3d55e4 bf279f88 3de6d909 beb53ea0 bd99a9fa 3f56abf8 bf7551fd bf06ad6b 3f6d9dd2 bf3bc78b 3f3515a3 beedfb2f 3f6617d1 bf6ee7fb 3df0a910 beeec6ae 3e081c6a 3f1a5789 3dc518aa bf0e85a7 3f461db3 bef78add 3deb7843 3f617999 be8d2266 3f10d167 be15aca5 3e3e0cf1 be3494aa 3e4dd52d bd8da998 be11548f bf7f4872 3f55c1b6 bf549be7 3f2331a9 bf625bc0 3e8f9a63 bdad19d1 3ebdde46 bf5a73a9 3ebbbec7 bf36818b bc323b76 3e8f663f be864e80 bf481b95 3f2233a6 3d4dcec0 3f2f5f8e becdaa97 be4bb43f 3f7f4874 bf793e2f 3e8d8ed0 bf6139b2 3f2fefb2 3dbad83d be461472 bf308573 bf7293db 3f6387b8 3d88291a 3d27f298 bea42256 3eb57293 bf73edfd be532cd3 3f0c6768 bf526fc2 3f50b5c5 bf7b6030 3e80564b 3e0c3443 3f5cf5c7 bf7b7c0d 3f2503af 3ed96ecd 3f209997 3cbb9f3f 3da3d7f9 beedb31c 3f080375 3ea9d686 bd770e94 3f23f397 bf381392 3f5775af 3f304b8a 3ee26eea 
be48cc60 bf4a53dd 3eb6fe9e bedc1a6b bf65e1e5 3f6d1fcc bd5f2fa2 be24ac80 bdd25a03 3f0dd379 bf63a9d9 3ee90e98 3ded6a5b 3f663db0 bf46f796 3ed476a5 3d975a2b 3f5aedab bf269fb9 3f62c5c9 bf15f779 be25e44a bf4b7fce be941a8f 3e6b0571 bf041f77 3f6c9006 bd36ae63 bea2ea5a bf35d3c0 3df5f8e3 be6edd7e 3ed33aa3 3c4ccb12 bd361158 bf3383a9 3f34d7b5 bef6dab7 3e07cc06 beb62662 be7bb4f1 bf167fa9 3ed0bac9 3e2fe551 be20445b 3f27a586 bf235fa7 3e2e7cb9 3e3c84f8 3f254381 bea4cea8 3f2ce399 be47dc6a bf72a3f6 bc9d24f3 bef912f6 3f6d01f0 beb68edd bf20017a 3e374ce1 bf01db5d 3f7ca62d be254c2d 3f4ec5c9 3e563d00 bf5027b4 3f159d9f bf7665e5 3f5793df bee74ea1 bf5865ac 3e445432 befeb6e8 3edc4edd bf5b1de7 3f2419b7 3e4ac41b 3d903943 be95aea9 be775448 3f260793 beb2029e 3f4bdfc8 3ea5aab3 3e703c70 3d24f31c bd3291e7 3f2d4d7d 3f0e6f59 3f05954c bf76bc19 3f5187ae beda22cb 3e958677 bf2de3ac 3f63d3c5 bf646dc4 bc043bff 3f32f1a7 bf5241c8 3f6cd7db bec5769c 3f62a9ec bf46cbb8 3d68d120 3f09d96a bf456db8 bebf9eaf 3f6a03f9 bf631fe3 3d8468be bdd9597c 3f2b25a3 bf7a83f6 3f7a7a26 bf630fc4 be9daa85 bf37c3ac bf3a0b84 3f49d78c beb98eaf 3e93e6a7 3e87b67b be0b8c36 bd26902c be934aea be8efe15 3e9c3e7c be912a4b be7f74d7 3f7e6c45 bede46ce 3f030558 bf444ba2 3f42d778 bf6a85e6 bb946b93 3f026999 bf5e61cd 3ea8627f beed972c 3f25a97a bf1bbd8a 3eba76b9 be284c3e 3ecc5aad bf69ffe1 3f7eec8e bf2e9395 beb15a80 bf328d80 3f2d5b70 bf37eb7c 3f1db575 bf193597 bedf0ac9 3ec0628f bea84a69 3e2b848f be97b21b bd545079 3e8d2ac0 bf12f372 3f754400 beffcf01 3f039f73 be8e722f beabb670 3f29739f be207c72 3cd726a7 bf2711a1 3f36b79d 3eac0295 be2da4c7 bb64eefd be9a46b3 3ed586d3 bf0f9795 3eddfa89 3e85f289 3f070ba4 bf18a356 beafbee5 bcaea104 3d570ef0 3e774ccf bdcc48ef 3e09b475 bf339dbf bece02b6 3eb2a67f 3c25c485 bf5507af 3f7413f3 bf5e3dd1 3e831234 3e9eaa80 3f2e63b0 be0b64b6 be914695 3ec67a70 be803e74 3f2bc16f bf42fbc9 3e272c34 3e945a5f bc40c4c3 3f4621ac be21ac5e beeaea86 3ec9d2db 3f419faf bf4cd994 3e1454d7 bf4433d0 3f2f2f9d bf07cb6b beb702d4 3d1b1201 3f27a9ac 3e9cb6bc be20741e bf307f7f 3f213b49 3f0af371 3f3091a8 3bdf7f5f bf56d5cb 3f63f1c2 bf5a11ae 3f2fa997 3eb406e8 beb6627c 3ead0231 bec88ec6 3f5d75db becddad2 3e834a3a bec50275 be961a87 3ec546c6 be6e84b1 bf1d5156 bedaea79 bf1b2d73 3f07718a 3dfc981c bf1da76c 3e13b512 beaa3e4f bf279b7a 3f5231c3 bf53c1c1 bf663bf9 be63ed17 
3f0e7b77 bdd2e93f 3f4b37a7 bf013531 3f5c2de5 bf09d772 be59cc82 3f018f33 bf00d17f 3e4853ec 3e851e4d 3e81027e be8c3a97 bf59b3ac 3f45afb3 bf1d3161 3e976663 bf7ec261 3f79d606 bf7b5a34 3f466bd9 be51c583 3f38f380 3f18139a bf68ddcd 3f5de3ae bf6d97db 3c4d4479 3e844e3d 3f6b81d0 bf7ae00a 3f75d20b bf7c0a4a 3ee312c9 beb89ac6 3f69dff3 bf3c2fa3 3f13cf8f 3da8785d 3d9f38f2 3f151540 be39643b 3f4f4db3 bf7035f2 3db9d94b bc7bb940 3d1e700e bebbdee1 3ea50e72 bf443f9c be96a632 bc4f49e6 3e89f2b8 3ef1aa88 3f6aa817 bf2b45a0 3ea0121b bb3f1eb7 3ef74ad3 3ece0307 bd9d9807 bf53d9cb 3e88e6cf bf6773c9 3ec91ea3 bf0ebf8e 3f088d59 3ecfb2c3 bec9e681 3ee38ae0 3cbd5f4e 3f73b7d4 bf02cb87 3e85125b 3e86fa62 be8f7254 bd78aeb3 bf1d0391 3f356576 3db1490f bf0e9383 3ea04e50 bf663202 be04d43e bf153392 3f3901b6 bf15ff68 bef6ca7f bf537dbd 3e68f4e1 be4884cc 3ed2866e bedaae87 3f4b15b1 bea91696 bf22ebb0 3f774bee bdb3470b bd795150 bd84485e 3d39cdb8 bf4d27a0 3d16b0d6 3e87d6aa bcd6daa6 beba2e81 3f5b07d3 bf222db1 3e5cdcd9 3dfba82f 3f167b81 bf55c3d2 3f5919c1 bf6f27f2 3f3a3f7c bf03c369 3f4839a6 3f3b8798 3eff1a83 bf32d3bc 3f2c8b6e bf7a1213 3f47d7b9 bee55acc 3f71e3f8 bf02b98b 3f24fd82 bf40c19d 3f4d0995 be0a5472 beddca88 bee1fec6 3dbce7d1 3d46b134 3f5399bb bf27c163 3f6747e1 bf1aed70 be028c43 3f51cbac bf2e2d73 3f205584 be815a8c 3e205c60 3dfa7736 bf1589a3 3f229966 bf53b5aa 3f54f7c5 3f09ef8c be9f1e6d 3f40e588 bf034b8b be3af4e3 3f0df581 3ea1361d bc55c83b bbd17c2f 3df188e4 be6c2cae 3e79a50d 3e0e7467 be0c73fb bda448d3 bdd99951 3be080e6 be38f48b 3f474bb1 bf05d569 be348c3b 3f4cb7db bf09f934 3f1f2f86 bf65f7f1 bea7fab5 3f2d7b82 bca71e98 bef61ab7 3ecfd2c1 be294c70 bf40198a 3e8e0276 bd846726 3f0edb92 3e48944e bd89a8cb bf3b43b5 3f00118f bed80ef0 3f144b9d 3f21ad6e bf27857b 3d84f848 3f22f995 bf00dd8b 3ed2a2a6 3e599c70 bf100ba7 bf27dd8c 3e84d258 be1704ef 3ebdeadb beac126e 3e1a1cd5 3e6bb4a3 bda308c8 3eb1a663 bf6b3be3 3e01cbf3 bdddd797 3e848a2b 3db5d890 bf71bde7 3f65b9d9 be728e18 3ed3b298 bedacb3b 3f4c7da4 bd038f95 3ee6870e bf419fb3 bf39e19c 3f77761e bf072d7d 3ef8aa6e bf7253d2 bf1fcb8f 3e111ce7 bdb21894 3e0173c1 3ece06db bf609bde 3ed616e3 be964a52 3f6921ec bf6981f5 be389cad be595d37 3f51b5b8 bf3d3794 3f7fd294 bf58e9ad 3f1a2dbc 3e7474cf 3f02cb8d 3f2db982 bf7297d8 3f79a205 bf4dc5bc 3f6915f5 bef36b43 3f6c7bcc bf1bd96f 3f395998 3f5647d4 3d179015 
3f28179d bf5415bb bd66f154 bc5a45d3 be61eca8 3ed0f71a beec531d 3f669ff3 bf7a5e16 3f5375ed bf6683b6 3e9946b8 bf052b68 3f7fa071 bee272eb 3ec006ad bf042d78 3f631ffb bf1e8b5e bde44831 3f18eba1 bf70c00f 3ec90266 bf6419f3 3f23778d 3db7883c bd7e903e 3f4253a4 bf6939b2 3c78320b 3e85b244 3e824e7c bf1ba75a 3f7d9a4b beefbe6a bea3ceb7 3e860689 beda5aa4 bed882e1 3ddd0762 be8492c1 bd616ff9 bf3a8fa7 3efef6ab 3f3b9d84 bf78ac16 3f2d0b9c 3edcd26c bf371798 3f6581ba 3f56edce bf783a14 3e9c8a73 bf48b79b bf4fdbdb 3f59abdb bf4677a4 3e20ec5e bf2a03bc bb9775fe beb0528d 3f73edf1 3d5f916b 3e178cba 3d381345 3f57abbe bf4bc3ba bebb4a8e 3e2d3480 3dbcf836 bece8ecd bec596cc be4a8c76 3ee9528a bf1c598b 3f04658e bebf6eb1 3f7e384c bf66b1ca 3e8e2277 be542cf4 3efd26f4 3e9482a7 3f37c992 bdd2097c bef3d2d7 3f29d392 3ee362ac 3ea9b2aa 3e87165d 3c2cc64c be12b453 bf0bb554 3defd7fd be1add1b 3f42a983 bf1d9b50 be990a67 3e47552a bebade2e 3f76f600 be8cb25d 3f666fc0 bf76a7e3 3f4a37a3 bf019983 bdecc965 3eff9ed1 3df8a964 bf7347f0 3f13e398 bea9ba6e 3c584495 3ec616a9 be0374f2 3e5bacd9 bef1eae7 bf78b016 3efd5718 bf609ddd 3f7ef245 bedb4a94 3e1564a6 bf19a393 bf1f0f86 3ebf1e96 3d6070c8 3d9908cc bdc9890a bf3107af 3f66a1dc 3e938a65 3eca62c8 bf4601af bf04d37b 3e8b52e2 be3d24cf be3d54c9 3f29e98f be987a94 bf18e570 3f1ab796 bf76abfd 3f56c3cf bf34cd91 3f06c788 3f111d68 bf007760 be715cbe bed056db 3eb26e6d bf7fc277 3f17b560 3ed9faed beb2a25e bf471ba8 3f0e0758 bef9a2ad 3e684c3b 3ef3c2bc bf1ca183 3db5c97e be28b4ac 3ed5deb8 bf25437e 3f61e7e9 bf62e5c8 3ec5269c bf4f1dbd 3f4867bf bf6723ce 3edba6aa bf1be9a0 3f4171a0 3f125176 bf2fab95 3debf80a 3e4164c5 bc77c57b 3e722c60 3f069361 bf0d9197 3ec162dc be87f238 bf5567c1 3ed816d6 3f4b41a1 bf2c856f 3f4cffce bf3fb7ad be4df50e 3e48a4a6 3dd417e5 3bc979e5 bf1a9550 3f21239f bf7bd820 3f6c8c01 3eb58266 be0e73be 3f0d4f69 bf7d122e 3f226593 bf4cd3a4 3ef87ae6 bf447568 3e9eca85 3f324dc5 bf3d83c0 3f1ca791 befe46dd 3da06922 3e936e95 be8086a0 bdcdb918 3eb6cad6 beb74e6a beade6fc be536514 be929296 3f0a0f9f 3f344dcd bf722fff 3f718e03 bf52f5d3 3f30ed7b 3f1a9966 3e360491 3d404beb be9cea91 bde547f1 3f00d160 be34ec9d be4a1c1e bf6299c5 3f717ddb 3f3e87a0 bf41757b 3e223c61 bd1dd39c bf066974 3f4c51c3 bf597fac 3e8dba54 bf795c3a 3ec4c290 be42dceb befbde72 3f4acbd5 bf3791a6 3e89da68 bdcce9d2 beea8ecd bef25ac5 be1974dd bf768601 
bed766cd 3ea42ed6 3f159f98 bf1f754e 3f350775 bf555de1 3f11b578 bf654fbd 3f14d199 3e805227 bf129799 3f42c5c0 bc871f3c 3c2c494a bf55d5d1 3f531fb2 be66dcca 3dc3087e be9c4687 3f7daa51 bf6585ae 3ef2229f 3e0393e1 be5634b0 3edea685 bf5ed9d3 be0f2d4e bb897dc4 3db129c7 3e8ebad1 bf23b398 be06bc3f 3f26976a bf59a1b7 be29346b 3f417b8e beae26af 3ef83a73 3f3f0be9 bf013f48 3d919773 3eb82e87 3ec6f25b be8a2a85 bf299179 3f75cbf7 bf6319ac 3db1b866 bace02b2 bee3c2b9 bf6349e3 3f5ee1c0 3e2eec0e 3e9efea8 3f6559ee bf31c198 3f2a1995 bdb9e9ee 3f5b59f5 bf3247ac 3f77d1e5 bf6dd1d5 bf14755c 3f2b078f bf393394 bed88ab2 3eb36eb2 3f573fca bf13f536 bd2bf1cf 3e89728d 3e97b64a 3e628491 be48649a be800260 3f2bb1a9 bf5c8fe8 3f1ae13e bf403397 3f51bba9 be9dfe51 bcbf606e bf5fbdf1 beda6a47 3f084526 bc5cc0f5 bf2f8ba0 3e7d94ef bf10d787 be383515 be661cfb 3e8cae94 3f7231c2 bf06077b 3e78d4b1 bed19ed2 3df5e925 3d3e11b7 3f2c0fae becff2ef bf4513ab 3e5f2ccd befcc777 3d018df7 3e99168c bec712bd 3f031f8f bf3aa19a be0443f0 3f786228 bf4a1b92 3f7317f5 bf5e6dc3 3ef96edc bf76cc23 3ed442b4 3f071589 bd744f7d 3e96ee86 3ee236f2 bf5ab5c8 3ed67aa0 bd769069 3f50d7a5 3f5b9591 bf709bbf 3e9af2d5 bf411be2 3f357bd0 3ead7226 bee2f2c5 bf39656b be581c79 3f6babeb 3e723cd4 3e21f4d0 be95924b 3f069984 bf2f47a2 bd857783 3f6967ba bed47eb4 3f1b6161 bf2cb7a6 3f43cb8c bf54f7c8 bef6c6ab 3e93825f 3f3f1d82 bf186581 3e9c764c 3f228196 be77bc9d bf3e6f8f 3e2eb453 3f2c67a8 be82be34 3dc67895 bd501072 bf481198 3f7cba2b beddae91 3ef972d4 bec3daa4 3f040789 bef71e6e 3eed8ae8 3c0847f9 3ef3c6da 3e142c57 bea4ba60 3f5e05be bedb629a be9fda76 3d08f098 bf315770 3f4e43d9 beaeba98 3cd4de1f bf5279c7 3e87ee8c 3edd06a8 bf22af84 3e69a47c 3f6d61e9 bf159f7c 3a4c3fe1 bf4c43d8 3f24159a bf34b5ba 3f6269cf bddf479a bf4871bd 3f707bf1 bf4401bb 3f716ddf bf0ed352 3efb36dc bf7a663c 3e637c98 bef2a2bf 3eec1ec0 3f16d565 bef3a734 3f6751d7 be1a5c36 bd7870bc bf0eb387 3f7363e1 bee602a7 3e1c44f4 3e18f4a5 be13548e 3ec46e80 bf231f7d 3d370e9b 3e9a32a9 bce3612c 3f4593a6 bf0e9b8d 3e1064a1 bf077576 3ec966b5 bf123f61 3e71a510 3e92a2d6 bf56f7bc bf1dff78 3f5537c9 bf319ba3 3f6093a8 bf75b7f7 3f037b62 3eba3a34 3f1d3fa4 bf4a73be bf49a5b3 3f778e14 bf58f3c3 3f6d7dd4 be51fccc beecb691 3f5693b6 bf0d3780 3f7f324d bf68f3e9 3f459faa 3e75955a bf5489c7 3f62e9ca bf6d7ffd 3eb5fe78 3f115b61 3f10ad64 bd5550fd 3f3783af 
beb50af4 3eebdaff bf800000 3f3c61b8 bf29f772 3f3f37a5 bd087164 3e99ded0 bdf88719 bf0381a6 3f13c98c bd884816 bf6223c6 3ebe0697 3ee75ac6 bee3b6f0 be1a2c0a be8b6a79 3f17e79d bf781403 3da6ea7b 3f56c7bd bf4529c4 3f31117f bf0dc589 3f4533c5 3f5ea1cb bf40a985 3f0dad7f bef0feea 3f6d57f7 be318c77 bee64ebe 3f68f7c1 bda3b863 3e245c4b bf4b97b9 bb2b08d7 bf2d958a 3e484c00 3f293995 bf739dd6 3c493d82 3f2587ad bf32bd90 3f2c2774 bf359d96 3f3de5ab be37bd0e 3f3fa7b1 3e2cbd58 beb71712 be62fc83 bf4675a6 3e190c5c bf10395f 3f047f7e bf6c17df 3e455d07 bd3ff1d9 be54546d 3dce98a6 3f685ff9 bec94edc 3dfdb892 3f6ac600 bf65dbf9 bd2ad05f bd9857d0 3f226fa4 bf015979 3e26ec61 bf423f99 3f30a18d 3d478e64 bf306f87 3f67b7cb bf7fb47a 3f6ac7ed be9b6e72 bf155795 3f418187 3f12634b 3eab0a6c bf2a9384 3eb07248 3f044f76 bf410daf 3f21df88 3e806e6b 3e6234de bf0de7a8 becdfac3 be1e7476 3e5b6cc5 bd8a27dc 3ead3a9d 3d2090fd bf59c3b3 3f07e56c 3f5e3db8 bee5d6f6 3f17836c 3d91388c bf06cd3b 3f1f09c2 be70c510 3e94625c bb2320a4 3e65d4d1 bf7447e9 3f1d4bba bed9dadb 3f0c1d5f 3f4f6bae bf45a1c5 bd9bd88c 3edff2c6 bf799e2c 3f1fa17a be52649d 3eda1e8a bf332fc7 bef40700 bf5b2bab 3f50add9 3c0649cb 3f40cda6 bf04f16f bf30a388 3f442398 3e9dfea1 3e8472b9 bf24a58f beef5a81 3ebbc2a5 bf28aba3 3f2ee36e bf2f7fcd 3f71b20e bf61bfd2 bf017f6d 3f52eb90 bf236b99 3e84b29e 3ed0427d 3edddac6 3d0b119d bf4c099a 3f606fdf bf05ffb2 be3f74d5 be7374ba 3f611ddd 3d7350ed be1b34ae bf0cc17b 3f26d395 bbab9599 3e589433 bd6112a5 bf30fd9a 3f1c7f78 bf409d64 3e844277 bd9db838 be059ca1 be8642b6 bec96a9b bdce68a2 be1893e1 beeb7a8c 3f31f3b4 bf1ab388 3f2d0d81 3eaff67f bd828928 bf3f89a3 3f221972 3f6c55c7 bf465b9e be54c4a7 3f3a53a5 bedc3ee0 bd59b3d6 bf3a837b 3f6689eb 3eb8de70 3c663fcd 3e89fac6 bf001b55 3c36beae 3f2eb195 bf5e0fa3 3f67d7cc bf52a1e2 3e899e75 becb5ae1 3ef3df20 3eeaea74 be6c6cd8 3e5eb4ba bf64bdd1 3e57c485 bf32017a be2f7cc3 3f4e15ac bf193999 3def7899 bf6ca5a4 3f5653bc bec16ad4 bea77a63 3eac4a6d 3dbf7828 3f23a182 bf6dc9df 3f3f13b5 bf7e4c51 3f1e4995 3e458472 bee1bed4 3ea43e7b 3f164b9a bf014d54 bd2cb164 3e383ce5 3f789c0f bf7f6276 3f274992 bf305d8b 3f7c5e26 bf71f3db bd40ad9d bec8e663 3f099b60 3eb17eb2 be13b4e5 3eb4aec1 bf3797a5 3eb10adb 3d3e7115 bec3067c 3eb9aeb2 beec433b 3f0f8185 bed9069a be698c8c 3ec836ac beb0feca 3f545da0 bdad2905 bf73adf2 be4d1c57 bed3c684 3e416d10 
be22c497 be1f4426 3ef756a5 3e2f342e be77ed6c be293cd4 bf1e856b 3edf9ed7 bf1c8973 3f7fe0c7 bf5069a8 be0a4cc6 3f3e7792 3e99ee91 bf32ed89 3ea9e2ad 3ed94eb4 3dc438c4 bedd8abb 3f39719e 3e8e1a3e bf62e7dc beb42a95 3f34e1a3 bf2bab9a beba62a6 bf5765c7 3e979a87 be855a76 3e86aa40 bf715602 3f0d1b7d be97ea9d bc39c630 bf647bb5 3eccaaa8 3e969a78 3f75a800 bf0dc78b 3f0a0d8e bf69e3e2 3f261ba7 3e1cbcc1 bf5db5f7 3f73ffda bf181183 3f75c827 bf4dadb4 3e011c43 bf7ffe9b 3f135395 bea7869d 3ec6c2b1 3f35d792 3d77106e bd2371b0 3e9e9a5e 3de3c8c0 bd9b289b 3e9cfacc bec872db 3ec0e26e bf3309ba be9c5a65 3efc2a9f bf60a3df 3f4a0592 be3a1ca7 bd42efb7 bd30d10b bf11cf77 3f00636d 3f131d7d bf73e614 3ee9aab8 3e3c34ea bec1ca8f 3f73fa1e bf61b5c9 3e62254f 3eeb3aaf bf0de98a bf6d7bf3 3f40b9a4 bf293191 3f118f78 bf3e33a2 3f6dc1f2 be1cac9d bf5f09cf 3f0f2341 3dcc7855 3d5d4e33 3f4783c5 bebece78 3e5cad0e bf60c3db 3f42ef7f bec53e6a 3e588bf7 bf36a98e be430483 3e7cf475 bf39dba7 3f6afff3 bf5b49e5 be653d0b 3f335fc2 bf3ecda9 3db62754 3f3dcd6e be8adab3 3ea63695 bf67ddc6 bf273d8c 3f5a3beb bed64ebf be41945d 3f567dc9 bf48e3a2 3e0d1c46 3da3485b 3e52b4a5 3f6f11e3 be15e42d 3e76b48d bf463595 bf17954c 3f05ad69 3e32b4d8 3d080fef bf68b9c0 3f376fad bee4ba9f 3f38c59b bebc2ec7 3efe7333 bec072ca 3f428dc0 bf7cc627 3f44d19c 3f0fb77e bf7e8e82 3f2ccd8c bea66eac beec2eaf bda168f3 beae0a9e 3e9d5aaa bedf929b 3ec03e9e bec7be86 3f51efbd bf47e5a6 bf2fdf8c 3efbfe93 be012465 3de27a66 bf4ddb8c 3f08b7a0 bec6b283 3f6271e5 befe56cf 3ebfc268 3f0c6f9e bf4cfbaa 3f2d137d 3edaae6b be977e4a 3f276193 3eea56fd beb79a8c be593cb8 3f5d8dc3 bf73d7f0 bed10e6c 3d9b983e 3f7c1a51 bf6415d8 befe16c0 3ea33a70 3f0bd370 bf577788 3e46ed61 3d9519b4 3f5aabc3 bf4abb92 bf17ad89 be880e8f bd80d787 3ee902fb befb76c0 3e3c9c27 3db3c6ec be9d4a8d bd17908e 3eb61e87 3f0bf77b bf197b7e bedce283 3f1ea58d bf4759bd 3f3c1ba1 3f2e2b73 be014c23 3f191b77 bf7f4e85 3f269d8c 3dd5f782 3f442bb7 bed02e8c bd695098 3e6de52e 3d22d166 bf2c039d 3d474d7f 3e56b40a bf1d6583 3f5a4bcf bf75d009 3e9dd66b 3e42b454 3ba776f4 bf7f2c44 3f43f78c be95caa2 3efc069a bf7f3c75 3f0bdda6 3ec3c6db bf5973c7 3f0c275b be591d1d 3f2fad8e bf06a946 3ebdeea7 bed8bafb beeeeea0 3eff328f bef9fa6a 3f107572 bec2ea72 3f081f66 bf774a07 3f712612 bf7a5c0c 3f095f68 be8426aa 3f09f38b bf1a6363 be42a460 bebe4ab2 3f61a7bc 3f24816f be8ab24f 3ea29a64 
3f49cda4 be9e46d0 be07dd38 bf03dd64 3e6c84d4 3f5c1dde bf0c778e 3f26577d bcaee010 bf3245c4 3f2efd8c 3f02d768 bf3f4381 bf3d1b88 3f7cee28 bf46e9a0 3ea482d9 bf1f197e 3f38b584 bf622fc6 bdf2f810 3f4a39a8 3f321da9 bf6069dc 3f4c95b9 3f29bb90 3ec83ed9 3e3b4502 3d993823 3dd16895 bcf62300 3f2f41a6 bf5c99ef 3f5f83c9 3ecfc686 3dd23851 bf5475b9 bead0aa1 3bb17d13 3ea856b2 bdc37895 3edc2e71 bf0eef5f 3f429bb4 bead0ea0 bf08b144 bf17eb9c 3f47ef9d be35146d 3f5715a2 bebf4eb5 3e409452 3d219062 bf56abce be9f3259 3f1cb380 bf7cfa37 3f3de7b2 bee822b0 3b887d6d 3ee8c6d5 bf0ecb7d 3f737a05 be8ee266 3eb59e85 be97a270 bd8108ec 3e8146f8 bde5891f bd1aef17 3f785e0f bf2befa5 beec86c7 3f6225c2 bf12cb89 3ccb22ac be0ce4a3 bf345575 3f4ba9ba bf3d65a7 3f1fa997 bd8d1770 3f2c159b bf171393 3f1bf56f be5d6c34 be10947d be96166f bebfe63d 3f71dbf3 bf7567cd 3f13d985 bebab29e bee552b6 bedec6d2 3f1c5f81 3ebc6eb3 bf24559f 3f6069ed becdaec4 3e9bfa87 3efa62c8 beb48aa7 3f029568 befd86ba 3f400fb2 3deb297c beb33e80 3d6d5242 3e4ddd50 bec8fef9 bf041b71 3edf46a0 3ee262d5 3f7c243c bf5c93c9 3f3ddfb3 beb66e7f be25a50a 3eb8da8b 3e82d617 bf15e96d bdabf783 bee6230c 3e75dd14 bed8e6b8 3f3d779e 3f3145b7 beaeeacf 3df0d8c3 bedd3a95 3f6cede1 bf7f0465 3f5eefd5 becb0ea8 3d594ff5 3e38bca5 bf3b7f9e bda7e95e 3f0fb37d bf0b3973 bea71eac 3f52cba6 bec85aa2 3db4b8af 3f2dcbcd bef306c9 3f5dc5cb bd2d92d9 ba6bfa82 3de30865 3eaa4e78 bf4741aa 3f490fc1 3d8c2885 3f4b83da bf5155c6 3f57afba beeb76b4 3f4c9db2 bf54657f be2b13b6 3ebb2aac bf45d589 3e25d54b 3d8ad9bc be15dbd1 bf4ab996 3f22f7ad bf5b8fb2 bf26f775 3f6819cb bec6c6ba bf2f198e 3f5cc3d9 3f2d1b7d bed95a6e bf61b3de 3f7dd243 3d5c90a2 3c54384b bf04495b 3f4737c4 bd61f254 be3be49c bf292b9d 3f24d999 3f0f9777 3f600fdb bf5b47db 3f61d5b1 bf5b5fe0 3f616fbe bf723209 3f33afa5 3eda06ef bf4f1fb7 bf109f91 3f10517f 3e0becb1 beb9a2a0 3f379f9a beffb6b8 bf5611d3 3c13c4f2 bde8b82f 3f10216e bec7f663 beb03aa2 beb39add bec5365d 3f4043a0 be01bc73 be75ecf4 3f53f1e3 bf1ffd8e 3f42ed91 3d0650a2 be4bd50d 3f73e003 bf42159f 3e9b2680 be5eecd1 3f11cd70 3eb47e82 bf6a05e9 3eb5328e 3db9983a bde198c9 beeb529f 3f4799ae beb03262 be078c35 3f1fb998 bf5f97c7 3f3f01f1 bf052362 3f7b9a1c bf137381 3f2fd1c0 be908e4c bf0aeb77 3f1a5376 3e6124c9 be1c4461 3bd1760c 3f587bbc bf5927d6 3e0d8cb2 3e28a43d 3e740cae 3ef9aeb4 bf282dc2 bf6b9612 3f48a797 bf5c87e5 
bf72c003 3f2df97d be093ca3 3f37fba1 bf167776 bebd96b8 3ee10e68 bf4533dd 3e3884cb 3f21ef80 bf5273cd bf1f15a9 3f74aff8 3e98a69d be328494 3d9aa82c bd1e740c bce15e8e bdaf187f 3f3de3a6 befaea95 be6e0d49 bf3f3d9c 3f094d66 bf645bcd be986ebc bf5923b5 3eab8adb bf0e7171 3d29b0bb 3ea762d3 bf52c3ca 3f492bb1 bf054f6f bf6ea5f9 3ec11e8b 3f146788 3ce5e486 3e4b8484 beca1e98 3c6ac322 bf08bb43 3f0f837f bf5d03cb 3ec29adb 3f6019f0 3f30a59b bf65adeb 3dd538e6 bdef194b bf0c1370 3dac66de 3ce69d42 3e381c71 3f6f1fe1 bf2ebd8c 3f18d18d bf306d7a 3f69b9d3 bf6829c2 3ef656c4 beb4126a bee156bb 3ebe6e56 bedafea8 3ea71aa2 3e826e7b bf2f598a 3f20d983 bf1d1973 be5a5579 be441ca9 3f5ccddb bf43c1b1 3ed88efa bd290f55 3f77a42a bf1a5d93 3f560796 bea5feba be222c0d bf324ba8 3f3bb189 bed11a97 bded48d0 bc8e2085 3eec7711 3e8e4e2e 3dad39d2 bdac87c9 3f02f76b bf41f5b7 3f03813b 3ea3d268 3eedeecc bf14dba5 bde6884b 3e16d4bb bf351982 3ef5fab2 bf238376 3f217d8d bf7d662e 3f51dbcc bf765012 3eed774a bf621bdd 3f155997 3ca59bfa 3e9666a1 beab327a 3f777403 bf130359 bef41eb3 bf150981 becc92d1 3f061782 bf014356 3f3291a7 bf5f1dba 3e810e5e 3ee76ab0 3c35bf25 3e829e5c bf4ebdb6 3f68f9dd bf37e39c bf55edcb 3e91d694 bf111975 3f3e0b60 bf22cbaf 3f138994 bf144b7a 39526ddd bf008178 3e6fbd34 3f2ad7ae 3eba3657 bf5a0bce 3f3ffda2 bdc767b0 bf593383 3f4197cd bf56b192 3ec40aa4 be86065c bf130158 3de0f848 bf44f5bb 3f354796 bf665dab 3f08ef68 bdd04885 bf03e14c be30fc06 bf1f7b7c 3f5b7fce bf69a9c6 3ea78a70 3df89956 3eb1ba7c 3cb35f2a 3db23897 3e81727e bee5b289 3f7adc41 bf2b7f6f 3f706012 be2c1476 3f61b5d9 bf556fe9 3f2a9597 3e947a74 bf0b9d9e bf69e1f5 3f481bc9 3f1355b4 bf18277a bf08bd4f 3f56e9b8 beee1ef3 bf09b16e 3ef692d6 bea03a60 3f4c41c0 bf38197d bf1de793 bf233daa 3eb742a9 bf23b78e 3f4f73a4 bf4733a8 3f6ac9df bf132195 bf40a3a6 3f756c02 3f0d7d81 bebbf2fc 3eeb7edd bf767a18 3f2fcba3 becd6705 3f4bddd7 3ec086c5 bf138389 be07a46f 3ee066c6 be642d36 3f69bfb2 3d46f10c bf3a7f82 3d8fe8dc befc2edc 3f168d6d bf0ca954 be157c9d bec3c27a bea41a6b be7d1572 3d6c105d 3dae489d 3d5b0eb7 bf1a4171 be4d5415 3f27e174 be50dc9e 3d42cf94 3ed492c9 bee03e91 3f086386 bf57edeb 3eb726a6 bf5a19c0 3f282d8f bd3cd052 beb3f25c bdbba925 bdc8179e bf3f1db7 3eddd6c4 3eca1741 bee2cea3 bed7aec5 3e51ccac bdc04828 bf329d98 3e9f1e70 3f341ba7 bf6777eb 3f107381 bf70fdcb 3f204555 3f388798 bf264d81 3f46d3c5 
3f2f91a3 bf5323b2 3e41941c bf164ba9 3f7d3627 bf6633ef 3f14177d 3ec66278 bf30a178 3ea6aa79 3e71ccd1 3f293b81 bef5eb02 bf5e05be 3f2b37b9 bf15c597 3f429f99 3d827821 bea53248 becfc2ae 3f3d9bb3 3e494c96 bd53910c 3f281b97 3e6d354c 3f0bc38e 3f0e7f83 be0f24bc 3dd048b6 3f2b3392 bf74c1f1 3f6215d0 bf6d21ce 3f7e3e40 3d9dd79c 3eb176ad bf7caa1e 3eca5aca 3d62af85 beb1c667 3f4d8fae 3dd8b87e beacc674 3f7135e6 bf2b6774 bf5635aa bf3b4da9 3f6c4ffd bec516ee 3e098cc3 3f2b5b88 3e9172a1 bec1e681 3eb00aa9 bf78ee25 be1d1c75 3f393189 be7c24ca bf2a43b0 3f783219 bf02b584 3ed1cf23 3f0ad573 bf2751b9 3e3bdc79 3e583c57 bf0d435d 3eec7adb beb90af0 3f3d3fac be8b2ea7 3f3daf90 bf6d63fb 3ea0e636 3e3f54c6 bf569bd7 bee316b1 3ed15aa7 bf74b604 3df3a936 3ef7529a 3f1cc383 bf6c8bff 3df5d9a0 3f2db3a8 bf2369b2 bd7df127 bf0e575d 3eb53e72 bf7d802b 3f22bf77 bdbc4989 3e0293e7 bf218b84 3d7d0f9e 3e0c1c19 bdbf28f2 3f13998c 3cfe2533 bdf5082f 3eb77288 bf2ce5a8 3f49eb98 bea65abf 3f3f718c befb5b07 3f670bd5 befbd6c1 3c2548bf bf65d1d2 3f35177e bf30f7a5 3e020c00 3f077b95 3f3249a7 3f20579b bf064da0 3e0d54c1 beaf6eca 3f4cf5cb bf4ef9cc 3e3bc4da bef2cf04 3efc22bd 3f315598 bf527dae 3f05e377 3f291b97 3ee6f6d0 bd93a874 3e8aee97 bf3f357e 3f766bed bf2cc993 3f45a3b0 3f6ec3e3 bf4491a8 be89beaf bf300d8a 3f7a181a bf6601cf 3f7641e0 be84a25f 3eecdf17 be3ea42e 3d76b25f 3ea5a2c1 bd34afd8 3f0a9552 3f19658b beec9a69 3ec2b2c2 3ede22eb bf4cddb1 3f569de8 bda8b8fd 3f433db9 bf414997 3f313da1 bf069d6a 3ea84e9b befd7288 bf07c177 3f68c5df bf367bab 3ed1fe78 bf49e7c2 3f1f77a1 bf5717dc bef46719 3ef9b671 befa7f08 beab069b 3d3d7081 3eb73abc 3f25eb84 befc7ed3 bf62bdeb 3f5f63db 3e8e36d0 bf6447cd 3f3e7984 3f20d374 bf5e23cb 3ede66e1 bed6bec4 3eb75a6e 3f7eb275 be1714dc 3f797e08 bf3cc1cf 3f011b57 bf03bf71 bd8e8830 3e95fa96 3edd8e82 be9b024a bf50ebc9 bdee18dd bddd58cf 3f6df5e5 bf10b964 bea5f2e7 3ec342dd bf4ae9c2 3f5e27c4 be6ca4a8 3e33446a be91d677 beafa2c0 be8b02a8 3f5ca1d1 3e728c4e 3e58a4be beae32b3 3de9489d 3f17655c 3e1f646f 3f35c1b4 3cb1e492 3e029c18 3cb02249 be10a474 3f6dc9ea bf010b69 3ded8968 3dc8ca58 bf47e186 3f2dbd97 bf280fbb 3e1d0c8d 3f0f1975 3ef81ea5 3e47c42a 3dc39872 bf20979f 3f2a039f 3e23746c bdad090a 3f72f3ee bde59904 bf5411ba 3f69fffd bea24e3c 3f26338a bed676de 3f559fde be9b26fe bf43a79e 3f2a13ca be9c4e58 3eced29f bdc67826 bf017972 3e856a6a be9cba91 
be89ce97 3ef41668 3ef1a6be bf23a974 3db6998f 3f0c4368 be777cce befbcafd 3f6f3812 bf288995 be415445 beab5ac9 3d31f027 3f7c4a27 bf125daa 3ec37eb5 bf77540f bdbd6821 3ed8daa2 3df5a810 bf5d23c2 3d6532df 3da3292b bf5169ae bdf8284c bf4b1dcd 3dfae9cf be5294ec 3e8c56c5 bf7f5252 3f4373cf 3e1943cc 3c3eb631 bf15c38b 3e552494 bf096d91 3f7d541c bf3ae3ad 3e301d14 bd68b173 be00942d bf4787cc 3f0b3154 bf57c5b5 3f3489e6 3f5f07a9 3ea4c6b1 beded69e 3ec8268a be0d34c0 bf70ebec 3df6898e bf199988 3f141f83 3df7f83d 3f5243ce bf7a6c0d 3e107d61 3f715bf1 bf5fcbeb 3df7c888 bc2cc1fb bf58bdd6 3f67f9b1 3cc6e533 bf3c25be 3f73b9db bee31293 3ed82ea6 bf7f065a 3edf1e5a bf387d95 3f6a9bd2 bf2d35b4 3f245d72 3e903e42 3f551fe9 bf1dc791 3f6bd5db 3ecdcad7 bf605fda beabde9b 3f47f7b1 3dc297a0 bf071778 3e37dbe2 3f5f9fc5 beeb2aef 3ef9a6d2 3f19276c bf0d1f57 3839b46c 3ec58eb3 bf16656a 3f43218e bf0a014e 3e63743f be907e38 bf2bbd7a 3f6f89e4 befffe86 3e8d6a71 3e083c84 bf6097df 3ec4a638 bf36adbd 3eecdaff bf557db6 3f6527ee 3f0e1faa be8e3e74 3ca8a206 3f028532 bf58cba1 bf0c9574 bf1e7d5e bbcf816f 3f51f3bf bf481792 3f1cb95e beb55e64 3f7e081a bf285d95 be5b14a5 bf20258d 3ea6c261 3d77f0a9 bf67b9e5 bf15bd7d 3cb1228f be4234a2 3e952256 bf26b37d 3f171160 bf6d1dd4 bf5fbbd8 3ec84e3c 3ec45261 3ece5677 be36c4a5 beb80a6e 3e2023f6 bf6c57f6 3f396fb2 bf4913e8 3f1e23b6 bf340f82 3f05f188 bf361bad bf6053b5 3f3601b7 bf305986 3db95757 bd5aafc0 3e7c2c8f bf31d3a4 3f00ab7c bf5377c8 3f307183 bd69928a befb8ab3 3f6e67d4 3e094c93 bf6401a7 3eed3ebb bdbbb98d 3eb0c6ae bdbcb853 3ed80a9b 3f5139c8 bf6d17f5 3f2fa1b3 3f5d299d bf7dc036 3e3e7ccb bf2c0984 3f2d6f77 3ee51ed3 bf006967 be92fe3f 3f51f7b7 bf7ac425 bda6c860 3e5e2410 3e85ce68 bea4e26e 3da6a94d bf75ce09 bdac5869 bf1b1789 3dcd78e8 3de9e8bb 3e852e76 3e527c73 beef12ec bd91980a 3e2c5ccc 3eb436b0 3f686de0 bf1a1189 bec67ac0 3e2d0d39 3f5a79b8 bf28498e becc42c1 3f049571 bf36bd9b bd4270d1 3ee69292 be008cc2 3e9566a7 bf6065db bf0f5976 3edfea92 bf01eb72 3f08d977 bf5875c9 bde57861 bf179178 bed2626c 3e0d4563 bdff8858 bf3b9d9c 3f1d1b96 bf6439cf 3f222597 bf01cb75 3f6389d9 bf357bac 3f669be5 beeeab20 bf214797 bf0ec36c bee27ef8 3de0a829 3efd2b16 bf2d4589 3d448e76 bedd4ed4 be71bd62 bf2c836e 3f49edae 3b868354 bf519bc7 3f07cb8c bf3b81a0 bde3ca26 3f1e1580 bdfb2a0f 3f072d66 bf16318b 3e932268 be20945e 3df97902 bc004b35 b9b77621 
3f5b79af bf4999a4 beb576c3 3f77e016 bf368d98 3e45ac3e bf552db1 3f48a3d4 bf1e3789 3d18efa6 3f52c59d be776cb8 3e987683 bf62b7e6 3e933a9d 3e49148d 3f0d2b70 3f0a8b86 bf4d01a2 3f3bcda9 3d802885 3eb95696 bdba783a 3f12d16d 3e386459 3f6d720a bf1c71a1 3d590fd8 bd08ef3f 3f6acddf bf16d78b bf4eb7bb 3f3ba59a be4af49a 3e775c40 be6064ef be5a3d16 3f095b69 be857ae2 3f15e35e bf07417d 3f67e3c8 3a8e1164 3e59c506 bf5f5bc0 bb74c6e0 bf55dba8 3f3b09a5 bf6717dc 3f225583 3f0b0184 3e16e450 3f6075ef bf7a2605 3e9f3e8e bf775618 3f56e1ad bed58643 be001c14 bedfeafa 3f603fd1 bec89691 3f197b80 bf0b957d be30abbd 3f3ad589 bf7bf824 3ee302cf bf0adb97 3f62f7d9 3eb5f257 bf0f798c 3e4324c5 3e689cdd bf4fb5cc be8d66af bf2cf592 3f0f4385 bf4b9f9e bf427da0 3f6dc7e4 3d9bd8e2 be8e0e6d bf34e9a3 3f53bda9 be9e067f bf724801 3f4445d2 bf5de5b5 bd6f9369 3ec9165c bf224782 3f36b994 beb3cedd 3f2e798c bf6cb3f3 3f7ce01a bf149384 3f6a2fe7 bf4e97c9 bec69ae0 3f4fe998 bf4cf9bd 3f5a91c7 bd0df470 3f0b3d7b bef79ab4 3f604e02 bf47bbca bf3c859f 3f15dd7f bf3e956f 3ebd4e5c 3e3664ca 3f40f1b0 3f266b8d bed17278 3ea8c691 bf6ec801 3f5967b8 bf6cb5e0 beaadaa1 3ef46e9c 3f3f6b7b be64ed4e 3f18cf6a bf1b5191 3f7df45c 3f4ef5a9 be06cc7b 3cb76284 3f5145b7 bf003152 3e3ae504 3f5351d3 3e702d3a 3effbea3 be4f4c43 bf5e8bcb 3f1b636e 3cfee1fb 3e9bba4d 3ef72f0a bee76ea1 3f070586 be803a7a 3e87567f bf0a055d 3f77e421 3e7404ee 3ed8cea0 beb3de94 3e81da66 3e7e8cb0 befa76d4 3eb71e91 bf103f7d 3f6ae9d4 bf09d56a be837eb6 3f311bcc bf6f19f8 3d7c4d7b 3f6de5fd bf25b39a 3f3ac5ac bf720c02 3e80c26a bef62ab7 bf1c558c 3f5b1bd6 bf6801d9 bec55e9f 3eba9656 3f5de1cd bf1a0d6e 3e3fcb6d bf38619e 3f14355c 3c0bbe75 bee986c9 3f6b89ff bebcd263 3e1d7ca1 bd5c7118 be52bca6 3ecc8ebd 3eabce60 3f33db9d be03e435 3f225bb7 bee042b4 bf26a793 3f045574 be123c39 3e8a8e54 bf04e159 3e03fc86 bf4769bc 3e89c2c0 3f39238a bf4c6fb3 be9c9ee4 3ee8dad3 3f78b80e beea72d4 3e37bc53 3f5edde2 bf6adfe4 3f065161 bdcac91d 3f452d90 3f2983b7 bf31a76b 3f39b1b7 be446467 3e86b603 3deb6889 3f6b39d1 bcbca2fc 3e8b6666 3e825e7e 3f504798 bf7d4833 3f7aae3a 3dbd38d7 bf242992 3f1ee39d bf5511a6 3e5d94b6 3dce58bd 3f48699f 3ef27ef0 3f7237db bf7133f8 3f049b5e bca45c72 3e1e2444 3f0db985 bb907467 3f677da6 bf236f80 be9e7649 3f527dd1 bef43b09 3f55efcb be3dec66 bf14eb78 be84be50 3e883a79 bf2acda1 3f52e58b bf132d6c 3d360fa0 3f430185 bf6d37f0 
3f194389 bf11859b 3f6f47d4 bf4f57bd 3df56753 3eb6968c 3f41d191 bebd16e8 3eb08e90 be096cc3 be6cb57e bf05b371 3ebee2ad 3ec28eb3 be609cd7 be9f0e65 beb8fe8e bf25d182 3f081584 bf392b8c 3df448a3 bef3cacc bc93dcd7 bec33689 bdd9f7f7 bf401fa6 3ee0f2ba 3f5023cb bf664be3 bedb0eb0 3f464db3 3e55bd2b bc862110 be7bbce0 3e9ef681 3e205454 3e070493 bf238f6e 3e9d42f2 bf45a5cc 3f2591aa bf06a56a bf3729a5 3f01fb6d 3f2a5999 bea1b685 3f156d5e be3c8516 3ea3869c bd7cb280 bf4a09a4 be991ea4 bf0a857a 3efcd6d6 3e47a4ca bcd51f5e 3f22eb9d bf1faf7d 3f085b84 3f1bb1af bf774bf6 3f0adf8e bf15057d 3f45b9bf bf4fe5bb 3f20b38b bcd59e3e 3d7490ea 3ed92ef0 bf5103b3 bf1cff7a 3f5c9be0 beb2ceba be0cbc3e 3f29b7b4 3f5b9fa4 be826282 3d31b1bf 3ee392f7 3f5797c3 beb71ece bf131752 3f21897c 3edc6678 bf351f9d 3f3093a5 3e284c5a 3da188a4 3e5c3d07 be34fc12 3dd1a8c5 3f0d31a8 bf6e93ef 3e93367f bf4e4fbf 3f45639b bf2eb1a1 3e47d475 bed5f6c0 3f458dbc 3e5a8cd4 bee66a92 3e2c0c70 3e188be8 bf6079ef 3e4f1c20 bee436f9 3d78cf59 3e75f481 3ee11683 bddc373b 3f41f5ba bf0c9b8a bd398f15 bf7f104d 3e86620e bf248162 3eb2e299 3f0c496c bed45aaf 3f309f9b 3f371bad bf674be4 bf1977ab 3f038767 bf6b3dc7 3f275f8e bf6c71db bf78dc2c 3f096b93 bf353fa9 bf23fb7b 3ed09b0e bea6a238 bf0ccb51 bd651058 bf36cd92 be91eeb3 3f44c3a9 bcb360e6 bf447768 3e85ca50 bef6432b bcef9d60 3ea2ceca bf3c458d 3f508fb7 bea296c9 be622d49 bf0ab767 bf1aeb6d 3f2ddba3 bec096b5 bc753bfb 3b807dbd 3f196782 3e019bbb bf227b97 3e9f7a66 3d6191e8 3e6a4cc6 bec1d2ac 3ee32696 bf5683a1 3e9f0aab bf3ec3c7 3f7c2e13 3c644495 3eaeca78 3ea39a95 bef46eae 3f2c0383 3e89e6ae bea4ca8a bf50f1c1 3edfd2a0 3c49bae9 3ef05f22 bef17ecb 3e6394db bde1595b be73ecbb 3c90e0c5 3e7134f5 bf400588 3f752418 bf04635b bec1bec7 bee2c2cc 3d6f9005 bf44edcf 3f2bd5a8 3f011189 be6ea48e bf14c395 3f74b1e9 be871e05 3e336cd2 3e1c2c84 be8fd286 be01343a 3f2a1f9a 3d0db0df bf16eb7c bf35fd8f bea0ca82 3ebaa27c bf778e04 3eb166b7 bdb117f5 bed452a6 bf1717a5 bf11c387 3f2a1d99 bf29419f befefea1 3f580fa0 bf6779f2 be030466 bec06279 be916a5e bf1b4373 bed8470a 3f5e9dd3 bf754bdc be923669 3ef0fed2 be83e688 3f4a95c2 bf4349b7 3e9e0e9c bf4ea5be bf5ef3d8 be6834bc 3e7c54e6 bd65edd5 bf08b756 3eff6eb1 bf550dbe be56b470 be8e9eb0 389fc274 3efc4aac bee98ac0 3b612335 bee966cd 3e2724d4 3f4d83c8 bcfb1d13 3e2fad03 3ed6a265 bf467397 3f6277bc bf2ae98f 3d9228d4 be960265 
3f2f8197 bf2f0994 3ec726e9 bebd12da 3f4cfdd7 bf76ffeb bef66ecb 3da21852 bf439fa2 3f7a622f bf1c6d83 3f7cc61c bee876ea bef3fedb 3f3e9b97 be43ecdf 3ed24697 3f4397b2 bec5c6ee 3f1643a1 be578c4d 3f3dabb7 be60ac12 3f0cb37f be3e5c0d 3f171b6d bf0fa36a bf3b69ab 3f6449e3 3e92ea5f bf5375cf 3e00f3c1 be501535 3da2c99a beceaaa2 be029cba beacb6b4 3f5fb1a3 be9fcaab 3f4d33b4 bf4df3cd 3f2abbb5 3f187158 bf69adae 3ea36281 bf167b8b 3ecf5eb2 be00cc1d bf25a56c 3f304799 3d5c1100 3f43df9b 3ec7b2a8 bf62edd3 3f56addf bf6b65b7 be290c48 3ead3e9f bf08975d bed22ebe 3f03b56d bedf56fb 3e87ba55 be384c87 3ebdd67a be41c4b5 bf2cf98a 3f4d4396 bf791c22 3f76ea1c 3f1af37a bf4b05b7 3ec74ae8 be3b548a bec80e6b bf639db2 3eb5bee4 3e8655fa bf64cfb6 be850a60 bed45eb2 3f7f9c74 bf7aee2e 3e4edc7a bd605078 bda1c7e1 bf23a18a 3ed17ed6 bf1c2fa0 3f778a4a bf4185d1 be882283 3f3dcf77 3e8c6ebb 3e413c2c 3e59d480 be4a3c6f 3f059751 be4f3c56 bf0ee992 be1f7ca8 3eece308 bf02b186 3e26e3df 3eeeca9b bd8b578a 3f79842c bf2e9ba1 be0de4ff 3edbbac1 bf6be7d5 bcf0dc8b be887e51 3f67e9b0 3eaf5282 beb16e1b 3f6f3bff bf5a97b4 3ec76f21 bf056166 be65d52e bf76ec08 3f7807f4 3e96563f be57e524 3ed3bec2 be1eb4ae 3f7569fe 3e9b1291 3ddbf84a 3f49cf8c 3d868845 3f391bb1 bf20eda5 3f72edd6 bea452b4 3f273374 3f5a09d6 bf2dff96 be2e3d1c 3f706412 bf46d9b1 3f7cf641 bf175d83 3f07b1a4 bf0dbf7b 3f07119d bf4ac977 3f59ddec 3e966e4c 3e45141a 3ea8c256 bf6ddbd2 3f751ff2 bf2a15a9 beb0427b bf0d6d52 3f7e6e45 bee87ee7 3bc67ee3 bf075775 3f7211d2 be78753d 3e0314bb 3ed1f24b 3ee1b285 bf6821bb 3a1be480 bf386390 3ef88ee3 bead2263 3e406c6c bf4e2189 3f67a5ce 3dc90a0c 3eab1e75 bea396b7 bf153793 3f56099a bf42b390 3f5f8bcf bf3a378d 3f187353 bf085780 3f79f20f bf6cb006 3c16bf59 3f4efb90 bee956ea 3f7a59f9 be639d0a bd59936c bf7633fa 3f53d7ab be4eb4ae be626471 bf4cc9c0 3f56199e be893e60 3f4d9fd7 bf56f9d9 be4a0cca 3c0cbf52 3f7d2c3a 3e259424 3f3f09d9 bda1e826 3e7244d0 3f323fc5 beecbab0 3f13b96c 3f44f7db bc113ecb be3e25a0 3f395d91 3da797d2 bea166b6 3ec0eec1 bdb1a8c7 3f00796d 3f18819b 3eed3ac1 3e720530 bf142985 3f1d0d9f 3f382dad be8f6a53 bf24cd9d 3d9258b8 3f3dfba4 bf1ad7bf 3f6f65bc 3f5731ac bc80dda3 bec682e6 3f6aefc8 bf26036c 3f1a7994 be289c93 3f36119d 3e2de4ed bf13296d 3f3e4ba6 bf63f3b3 3f7069ef 39f89c65 bf220f9c bde3284e bdfb48e2 bf7f9673 3f5ad9cf bf09f734 3e6f4502 beab6e97 3f39bdcb bf1af57c 
3e1724c4 be4e04ac 3f13217a bf5f65d1 3f04b54e 3d49ceb5 3f14277f 3ee722ce 3f22b3a6 bf518bb7 bdf2286a 3e4eed38 bf10a987 3f4f2590 bf780e18 3f13d398 bf1aad8b bf18ef66 3e108533 be10ec15 be3904e5 bece5e83 be95664a 3e8fae43 bf1b4d89 3ea51285 3f1ca3a3 be3cf502 3e070cc3 bf34f39c 3f75f3fa bef0e310 3f098d6e be483564 3f5bdff7 bef112be 3f79f01c bf799c15 be8eba75 3dafa86b 3e4ffcf9 bf34c988 3e1c843b 3ec22e7f bf0d7983 3f62cb95 bf5735e1 3e468ca2 3f5259bf bf7e1039 3e87aa86 bf5a6ba8 3dca0a95 bc74bb7a 3e352c88 be01d4ed 3f62bdc8 bf2dd39d 3f6931c5 be2bdc58 3e157416 3eb48a6a bdcf47c5 be9352e2 3dfc37ce be43cd21 3f470fb5 bf4f99c8 3f30dfbf bf2cf79a beacca7a bd906930 3eeb5eb1 be7c3cfc 3f440fcb 3e9ea675 bf03f779 3e72e4a6 3e238405 3f5f15da be972a46 3e0e23d1 be8ffef9 3f41839a bf3ae794 3f558dc7 bdf7289d 3e14fc26 3d16d2b2 bf19e78f 3e9fde3b 3f164f97 bf6697ee bd54924b bf4f4fbf 3ee1ea78 bf525199 3f175d5c bf2ee9b1 3f688fdd 3dbd6862 bf149f55 3f799205 bf01b33a 3d36d12f bec1b2c4 bf474dc3 3ebe36c4 3efed2d7 bf5275bf 3f4219b7 3f268b99 bebf067e be586d3a bf4b33e6 3f01b97a be85eab8 3d79ef85 be6dfd10 3ec41a6d 3ee126be 3f6683c6 bf65d9ea 3ea85e8f bf1dcd78 3f10af7e bf28d986 bf233b93 3e118cd4 bf6039b5 be9ab6f1 be38645b bf74200b 3f4b93d8 bf6a9ffc 3f265d91 bf6e29ce bea97a77 beb592e2 3f16036f bf326ba1 3f0b2b7a bea836a2 bed7b6b3 3f4e25ea bf2c41c1 3f2d3b5b be7a4c83 befbfee0 3e7fe4b4 bf6b31ec 3ea8ea8c 3ec45ecd beb19666 3ecf329a 3f0de981 3ea18ebd bf4f7daa 3e4304bd 3f1a0587 be5de4e7 bf160b8b bdeb393d bdb608c6 bb1ae3b0 bf5b93aa 3f5e0db0 3ef3af32 bbfd8e88 3ed6d674 bf738200 3f59b3a0 be8bae7a bd4d5290 bf05675e bf039386 3f38ef90 be23341c 3ebb96b6 bf455f81 3f2bc568 bf0ba982 3f222973 bf140d60 be8f1a85 3f560f95 bf2e6fb0 3f4fdfc5 bf467dbb be0abcce beafa68a 3f7dbc3b be804249 3de3f8ef bdc09924 3e40b478 3f791fed bf2c4dad bf5a07c7 3de798d3 3e474512 3f6eb5cf bf5e7fc8 bf321b89 be8e0a3a beaca6b1 bf082b55 bdab8918 bf11818e 3df53887 beb18a70 bf13239a 3e1c1c6a bec60696 be833ab5 bd0d12e4 be052c1f 3e0a4ce1 3eb2568e bf3109a9 bf5ce7ba 3d700ebe bf180f94 3f4bc5ca bf33399c bf76f9df 3f169d95 3f1ead8b be91a629 bf2b3d9f 3f002382 bf230384 bf7259fb 3ef5d2f5 3d88b981 bf7089f9 3f57fdc5 bf52d5bb 3eef4eac bf3461a1 3e2f6444 3ca424d2 be3e84db 3e91c263 bf14cb70 3e2994a9 3f539bab bf0dad81 3f2de5ad 3f3d17ab bebb16a7 bec87af8 3f7e4853 bf6395d8 3f4eb5bd bf447d93 
3f22a382 be9872a4 be082d1c 3f4ee5cc bf76e3fa 3f20c580 bf4bf5c1 bf1e3d7a bf4537bb 3f5321c5 3f29379b bf6cdfe2 3f39cfa9 3cba5daf bd0c0f49 be6b0cc9 3f4b5fb5 bdbc5872 3f03dd6f bf35bbad 3f605f93 bd375229 3f1f8d84 bf4a6daa 3f7fecb0 bf4b57b7 bf1609a1 3ef192a0 3d5b6fa8 beee1aec 3f26675e bf3e218d 3e948aae bf1d059a be8a6a44 3e160406 bf45c5d1 3efa06be 3f6881c2 bf4bbbce 3eaf0a7c 3f187fac bf5711af 3f42fb99 bf370b98 3f6aa400 bf3619b7 3f21d55e bf428dca 3ee1f6af 3f23dbbf bf1d716e 3f77bdd2 be8306a4 bf2f0b96 3f635fe8 bf6c11cc 3d8a57c4 be07bc41 be8a1a61 bd4fd02d bf07c566 bd877920 3f3f3faa bf397f98 3f220391 bf152bbb 3f0f2f8f bec79e8a 3ee21ab3 3df15976 3f257161 bf522db5 3df46804 bf1c2976 bcdfe021 3f6ce7d7 bf59f9c2 3e58cc70 bee4c262 beaf9a6c 3f14cf97 bf23936f 3f212ba7 bf5755bd 3f04279c beff96a0 bcd95ed9 3eb21679 bba5840f 3e8b0667 bf00f55b 3e88f683 3effc2c8 3f2da1a6 bd8dc91a 3ef746cd bea1069b 3f2e779b bf25cb75 bdaef7a0 ba91ca26 be9d7a94 be66fcd5 3d8d998a 3f3bf990 3ddba958 3ef22aaa bf6d23d4 3f598bc7 befcf2c4 bf32fb9e 3e682cba 3dddd8ef 3f520daa bea5f6fc bf29956c 3f66e3cd bd47111d 3c97e249 bf4109c2 bf254da5 3e4bbc94 3d2a70e7 3d65f1a3 3e34ed29 bd18afbf 3f3f0dd2 3de8e884 3ed76690 3f2d5769 3ddd2863 3ee872b7 3dba9986 bd7290ea bda0581e 3ea9ea95 3e916e8f 3f5417d0 bf2c55c6 3f21638f bf5c738b 3eff3685 3e65ed86 bf4257b9 3f144190 bf5fabae 3f627bd3 bd8cf6ee bdce2817 3f53b9c5 beee2709 bdc6b838 3dcdb95a bf30818c be7dd4d4 bde34723 3f33b38f bec62e79 bf023d8c 3efe0b22 3e295ca4 3f40eb8c beb04a9b 3d0f9091 3f2d0594 beb73ede bf5bf9c0 3d651374 bd447096 3f147d99 3d8626c5 bf0b9ba5 3f04f591 3f026195 3e213ce1 3df04943 bf6e89c2 3f5befb9 bf14995e 3f319773 bf1e9160 bd279139 3f4bbdaa bf3b49b1 3f160788 bee5f2b6 bec35255 3dc2a855 3f38998b be882a7e bf5f3dbc 3f2e738e bf4d359d 3f1a9383 bf02ed58 bf422ba4 3f23616c 3f722fce 3dbbd841 beb382b9 bf48d3e1 3f791a05 3f28036a 3ededac0 be6cccce 3f5f93cd 3f2209c2 beda02b9 3f27d3a9 3d50b003 be189c0d 3eee56ee 3f0741a3 bf0ea183 3f6693e2 bef22b29 3cb7a058 bf2d59bf 3f5491bb 3f4d55b9 be2804aa 3ef57ea1 bf11697b 3f2c2b9d 3f66d3de bf6eabf0 3e069c23 bec2465e 3f6eb9bb bf07676e 3f27099f 3eb822de be5e451b be37b4ba 3f498bc3 bea7be8d 3ca0204f 3ee8deef bf34d39a 3f26a985 bdedc8eb be6b8496 3f108f6e bd517219 bec90ab7 bebc7af8 3eb2ce50 beee4307 bf77b80f 3f1c17a2 bd8c29bc be1a5493 bed98e90 3e562d95 bd2010f8 
3eb03aaa bf1db984 3eab1666 befd5aa9 3f1ebd92 bf2417a8 3f37d192 3f5851cd 3f2a8ba4 bf48bbb1 bf3d11a9 3f5803c7 be8f1e6e bf66ffcb 3f5c55d6 bd59f1e3 bf7abe25 3f34e992 bf3599a3 3f6ab9dd bf6e9fdb 3bbc7a6d beea5ee3 3f4ca7b0 bf6341e3 3f3bcfbd 3f11ff6c bf0c3170 bdd4285f 3f46f3a8 bf7341eb 3f0c937d 3ea0b248 3e48f42b 3eb97eab be7c95e4 3f654bdd bf64dfe0 3ea8ba99 bf317b8e 3f31599b bf2a0f69 3e708496 3e2bbc60 be6d9d4b bf0c6570 3eb316f3 3e81d640 beb1a67b 3d6aaf30 beda169d 3f039768 bf6e3de3 3eca3701 3f235d89 bf54f9bb 3e6974e3 3f52c791 bf5b3bcb 3f6f9c01 beba469b 3f59119f 3d2ed179 bf413580 3f700807 bf648bd8 3e871273 beca3699 3eda96ef bedfeefc 3cb09e06 bf6a4c0c 3f7ffed0 bd78d014 3f2505a7 bf3ed9b7 bef5becb 3f12cf7d bd7eced1 3e4944b1 be1d2470 3ead6a74 beeda6da 3e09d3fc 3f190191 bf34c583 3f13ad81 be91aa47 3e4b53f7 bf15236e 3eb40abd bf044731 3f6399fb bf7fdc83 bf10c566 bed7a2d2 3ec02e91 bf489dad bca9a822 be492bee 3f163b8b 3e048c8a 3dda3a9b 3ed45696 3e1984f8 bf6e0de8 3e2e7502 bf2e0192 3f1c1589 beaa12a7 3ea54e73 3d5d6d5b 3f4947b7 bf6a1dbe be075cc6 3d997804 3f63bde2 bf7f3059 bea24244 bbf782f0 3f355363 3efbda9d 3f18f17a beed7af1 3ec976bd bf613bb0 3f59c7e3 bf737a13 be767c58 be4d8d7e bf148b9f bed0d2d6 3e47fcf3 bf003d54 3ca65eaa 3ee046f5 bcd26139 bf378391 3e5174cc bf6793d5 3f78a9f9 bf01957c 3f60bfe1 bf589bc7 3f163da6 3f17b164 bf608a00 3f2dc9c0 bf73b208 3f099174 bf624bbc 3f7cec1c bf6219e3 3f49b9c1 3efdf2b8 3dea989b be3fd52a bf27b5a4 3f753c22 bf0ab360 3f0a9d8c bf5d69c4 befc6f4e 3e675ca1 3e93f693 bf7d583e 3f3d93ca 3ddb394e 3f407188 bf4417b9 bea08294 bed61ee8 3f4cd376 bf52edc8 bdc3f774 bf2ec3b4 3f28337a be77c51e 3f03b15e bf3d53af 3ed992c6 be597cae 3ed2e690 bf6b87c6 3f7a8222 bf7fb66c 3f2979ac 3ea31a47 3ec0cedb bf7e4646 3f734dff be46ed54 3efedf09 bddaa865 3c7a3c94 3e0adca1 3f4b05d5 bf3ff987 bf30a58c be85f678 3e577ce2 3f1a7b97 bf5d05d7 bf2ec79d bec6a6d0 3ee56e78 bf71fddf bf6649da 3f5a93db bf6eeff8 3ed026db 3ec38675 bf76a601 bc3b3d22 3eb44ed6 bf50919e 3eb49aa1 3f06156a 3e808643 bf34d798 be26a49e bf3aa99a 3f30b988 befc9ea3 bf0a454b 3e946a83 bf1bf18d 3f7fb28c bf138f93 3ec9fe75 bf5181ac 3f061f5c bf5b13ce 3f5439b6 bdece919 bf6035c4 3f3123b6 bf0ef335 3dfbc81f 3f617dba bf5cef8d 3eafee52 bd1b4f38 bf4f63bf 3f4b5dcd be6be4d3 3f290f91 bf007f97 3f076575 3f2d7f8d befbfaf6 3ea42a92 be117bca 3f1ea1a9 3e320470 bf38df68 
3d9b48df 3f05cd80 be126cd3 3d2bb29b bc911ebd 3efb2ebe bf67cbe6 bee07ac5 bf781207 3f7d3e40 3f210fa8 bf66f7f9 3f2e3350 3e268531 be241c87 be4164e9 3f413d8a bed50abd be740cf8 bc45b6b3 3e62dd31 3e83527c 3e812e48 bf48d1e3 3f6107c2 bf7963eb 3e8e1e3d be8ce66f 3f1b3982 bf74bdde 3f7bae1e bea5e2cb bf7a6225 3f16216d bf797804 3f3fbfbe bf31e581 3ea92e5b be00f37e 3ecb5a9d bdb8d78c bebf32be 3f5161bb bf71a404 3f46e37c 3eb4ea6f be81da37 bf284f90 3f4fb3b6 bcf663c9 be95768a 3e7f34ed 3ee3d2e2 bf240b74 be43f53c 3f33e3a7 bedaa6a8 3eac9e93 bf107da1 3f2b3faf bf7759fc 3dbc3962 bf172190 3f22a997 bf310f95 3f2cadb3 3f0dd159 bee232ed 3ea622a4 bf067f55 3f6081ba 3e8b9697 bf33df96 be50d46c be628485 3f49d37c 3f1cbf7b bf57abd1 3f17a574 bf1ab183 3f74e3ff bf5f37d2 3f5e4398 bed5f2f7 beb986f1 3ed852a0 3e3844b3 beae924a 3de6792f 3e7354b1 3daf58d9 3e803a47 bf65e5e4 3f4f95c9 3f4a0199 3e78c52b bddec85d 3f07017d 3f420f6f be4f0c72 be9e3ecf bec762b5 bdf669b7 beb6228c bd8c18cd 3db0972a 3f353598 bdf77911 3ec67232 bf278fbb 3ebb9a8a be97166f bf2a7fa4 3f7dea48 bea89677 3bb78e50 bf402db8 3f7ada35 3f00d94c bd5a5122 bea2fa78 bf37b7a1 bf59c5af 3e329d00 3e3674ff 3ed4d6d2 bf2bfd7f 3f3f5b8c 3d876832 3f201368 be0bacc2 3f6295c8 bf38b38c 3f282f99 3e5b54aa bf725fd4 bbe392f4 3f2389a2 bef16ac8 3f5aafcd bed7367e babde8df bf5c7bab 3f47e9ae bf41dd99 bebfbebe 3f6c6de8 bf493b93 3f179f8f 3f04db91 beddc2d7 becfc664 3f6e05dc bf537fc9 bf73c5f6 3f46d5d3 be9e42e1 3f5ec1f1 bf60dfbb 3ef0a25d beeb9f1e 3f14df61 3f5989a7 bf361d9b 3e66ace7 3f0a9770 bf2d0bb5 3e917ec8 bf651fe5 3f4883c6 3f528fa2 bd7d91ce bef5aadd 3f6a8fc8 be2c351f 3f0a1388 be8aaa4e be484cae bc79c68e 3ec3a6ec be96b657 3e854e6d be4e342f 3f13fb90 bf452bdf 3f62e5cd bed5b2ad be6b5c06 bf54679c 3f48dfe1 bf29f386 3b332984 be42045d bf131956 3f58fbff bf43dd7e be8ffac7 3f2f1daf 3e7b1d2a 3f16e98f beef42f1 3e842a9f 3e4c3d02 3f6543bf 3d5391f3 bd4ff12d 3ef1aeb5 3f7e2838 bf2e2395 3f1b219b bf52a9a9 bc54c834 3f51d9bf becfa6e3 3df00885 3eeafa9e be61fc6b bf7cd85a 3eac0a3f 3e02c477 3ea9f23c 3ecc4e54 bef3231a 3f273990 3eb9866c bf3805be 3f76f21c bf0a3f62 bf19217f 3f506daa bf114176 3f2bdd90 be004c4d bf614fc4 3f269380 3e97be6b be53a51f 3eb50267 bf0f177e be676d63 bea41670 3f3d8983 be87a2d0 3f3ac3b3 bf440bd5 3dd11963 3ca9206e befbb6d8 3e4f3c18 bf12c762 3eecd2c3 bf484bc1 3f1b4f7c bf7e9c8c 3e780ca5 3d81e859 
bf7b63fe bd94a7ef 3d8a28b2 3e68250e bf78e220 3f39fd7e be2894f0 3f7ce228 3ef73ed0 bf230772 bf35498f 3f595dba bf5a89ce 3f0acf79 bf09a787 3e331d13 bec31aaa 3efa0a82 3e3c5cb1 3ebc1a55 bf5fffc2 3f580dae bf5eb1ba 3f5b5dc5 bf193378 3f66fdbf bf7fde90 3f611bcf bf2fa7b9 3f19ed81 bf4053ab 3f08396d 3f1ed75c be70fcf2 3f377196 bf3ee751 3e1acbd5 3eeff6f5 bf1c456e 3f380190 bf6967f5 3f6fb9e5 bf4235c6 3f1e698c bf4861b7 3e4ce4fe be938660 3f7da22d bf6d83c9 3e144d1b 3ebd729e bf023b79 bdda67b5 3f4dc1af be5424eb beb6c29d 3e06fc89 bf2f7ba7 3f094b52 bec66692 3e5364f2 3f7003d2 bf16ab8b 3f3abdaf be1b4cc0 bf3a3182 be365cd8 be8e8e90 3f106d6b 3d973a11 bf740405 3eb7b683 bd2e4eb0 3f712fd8 bf187766 bf3703c3 3d50cf41 bec6de65 3f23d1bb bf48278c 3dc638e3 becf1edf 3e8c0633 bee906be 3f787e2a bf6237c8 3bf183b3 be388cb4 3f4809b3 bf75180e 3e537cae bd9ba855 3f34f5a5 bf4d8bb7 be894612 bf4e37c1 3ee1e681 bf65a1f9 bf2b53b2 bd008fba 3ee71ed9 3e86522a 3e9eeead 3e0f1c2b 3e072484 3ef606cf bf4897c4 bea19e5e 3e92bade be80225c 3f12ff5a be9e26c4 3f0fd377 bf326fa6 3e3f44e0 3f40199a bedcaa77 be88c258 bf5035d4 3e44848a bdbf3934 3f761a10 3f5081be 3eac5ae4 bf7c223e 3f101f7d bedba6c9 3eed428f bf6f95d6 3e89b27d bf442bbf 3ec876b0 bdb999b5 becbd647 3e19ec1b 3ed24ede 3f5921ae bf7ea463 3f574dbd bef56b0c bf0a1154 3f5b3997 3e85de5e be386c82 3f60d1b7 bf2cb392 3e840ac1 3e043493 be76dcab bf6f07e7 3f70a9c6 3e83ee62 bf7cb832 3f783e19 3f2f85c2 bf41e796 3e8bca9e bf34afb0 3e32fd0d 3eb87e2f be221420 be9abac4 becab29a 3d9cc8a1 3b6eee80 bed516c8 3f2e3fac bf15a178 3f5fbfbc bf5c09a8 bf7661e9 3ed6c6d3 bc64bbbb bf0baf54 be721cc4 3ed192ee bf33e7a9 3f772203 bf1f4f76 be48eca8 3f0a4f8c bf55a76f 3f1d5ba9 bf6141b8 3f6675e7 bf064777 bf0e6f83 3f5121c3 3f45e79c bf1a6fb4 3f6611fd bf302562 3f71abdf be0e3494 bde0d9cd be16e464 3f5465a7 bf665bb7 bdee985e be490460 3dcb58df beac6e9b bf207577 3e504cd1 bf62efef 3ee37a7a bf17ff6d be868a52 bed5d2bf 3f4b49d3 3d470f7f 3ee03ed4 bf724bee 3f4383db beb1162e becf22b0 3f1ddd63 3f267f9b bdf0a742 bdba27ee bed4af21 3e27d453 bdcf792c bf4c83a0 3f3413a9 beed16e7 3cd39bcc be2f9ce1 3f6b499f bf01f151 3e7fd45d bed9ded0 3e8ea66e 3f5b9989 bf2f89b5 bea03e67 bd176eb3 3eaa6254 be0344d5 3f57a3be 3e189429 bf12875a bf225585 3f34ffb9 bf1d77b3 3f58e3e2 bf5033c2 3f77a614 3dad29b2 bf4ca394 3f47abb5 3e2ce51c be1d349d 3f12b346 beca2eaf 3f61ffe1 
3efc7f00 3f140563 bf5c7995 3f0fa956 3f39e57b bf5c4bd3 3eeb1324 bf5d61d5 bf13939f 3f632205 be06b42f 3f0bd179 bf3497b1 3f03ff7b be6f0c38 3f772023 bf4c5db0 3e449ceb bf708e0a 3f22d5b5 be75d4d4 be2dc531 be3f2c3d 3f1dcf8d bf795023 3e98f2b8 3f24639c bed7fad4 be029488 3f15698b bec19eac bdba68f1 be830e69 bf545dc2 3f3695c9 beebf2bb 3f6e37e3 bf4a2d95 3ed38720 bf48efaf 3f43059c bed4a6ef baf5eeac bd39aeb0 3f22ed9a bf3741b5 3f080d69 bf05b564 3d330ebe 3e9e9695 beeb82a2 3f1e7f7a be89365e bef0269f be453cd5 3f25b18f bd3bcff3 3f5629a5 be3994cb 3e4c6d4b be9976ca becfb2a4 be08fd41 be597461 be266c53 3f7cd021 3dff2847 3e8eee4b bf7d7c2f 3f46eb9a be3734b4 3efbaaaf bf3b6d9a bdeab984 3e21347e 3f7c9402 becb7a85 3f227982 be9f5a87 3e6e1d17 3f545b9f bee9eac4 3f349bb0 bf191198 3db637e3 bde2f9c4 3f7da040 bf02896d bec57ed4 3f3cbbaa bdea38a3 bed62ea7 3e5f94d2 be709d99 3f4761cf 3eaf3a86 3d494f82 3f427184 3ef486b7 3f0a437f bf7e183c 3eef8edf bf7bfa2d 3f1a8d5d bf4843b8 bf129583 3f6f31e5 bea752ce 3f494da0 bf2d4d92 3cdb64bd be3e3c99 3e01443a 3ec93ea1 bf19f562 bec6fea2 3ee0566c 3f176b7f 3cfda109 3f0b1171 beaafe91 bf25a756 bf659ddd bea3be3b 3ef9f6e1 3ea7e693 bf0cc36c 3f167fa9 be9b6a64 3f077d76 3ee3b685 bf6aebdd 3f3805a1 be3844a3 3dc9a983 bf36958b bf1d3979 3ee7f6f3 bf41079e 3ebeae83 3eefa27b beffdec2 be9a7a5f bed91671 be87aea0 3f506b9f bf477f9f bd951919 3f50dfa4 bd1f3149 be1594cd bf1e3b6c 3f3cb9c0 bf20596e beee8a9c 3ee43ae8 be1564c3 3f49bfa1 3d8247bf bf5891c7 3f564bd1 bee00668 3f099968 bcfadeca 3ef03ab0 bf11d584 3ebe7ab5 be18f404 be4c1cbd 3f59f9de 3f15517e bea2126d 3e680ce4 3e8b3a74 3edec27b bf4363b3 3f34fdb6 bf59f3be 3f7e2427 bf018754 3efe22ca be753cc0 3ee25acb 3e571c03 bf2763ad 3ecd9710 3f6481c7 bf5d1bb8 bf39ed98 3e86d2a2 bf2b6b6b 3f1497ad bf3cb7ba 3e97eaa1 bef032c8 3f6789cb bf6defcc 3e951289 3f5a29c3 bf4f9dcf 3eb11a57 3efb9294 3f021778 bddac7c1 3e8b1a4b 3f059f64 bf095592 3f583596 be88ee81 bdefe848 bf7b9e28 3f2ed393 beea5af0 3ea6de9c bee4e6a9 3f28a984 bf663fef bee9aeae 3ce91fa7 bda1485b 3f288195 bf4bdbc1 3f7a2814 3e143cf1 bf4abf9d 3f724dfd bedbaad8 3e092bc0 bed826cd bf03db56 3f656fd5 bf2b0168 3e1cb47c bf4983b3 3ef2a6d7 3f5871cd bf253f79 3e1bec58 be4e24cc bf3cc9be be7c2ce0 3f577b85 3ecdb707 bf09e785 3ed2ae87 becc5ec8 3ec432a8 bf3875a1 bdd7a8ab 3f6833ce bf191d66 bec0ea59 be48a4cd 3f144382 bf4023b1 be8152d1 
bf7bb435 3ed36a8b bdcb595a bd76cfd0 bf34d577 3f103164 beec76b4 3f6fa221 bdb48876 3de21a5d bf09193c be689c45 3f079763 3c233b52 bf1b235a be81be98 3c5cc4d4 3f555dbf 3d6b4e2f beacf25f 3e911a6a 3f1ebb95 be92fa35 be436451 3f4993d2 bf08795c beb15681 be28e4a7 3f13f3ba bf7f7479 3f72d7fd bed16e96 3f12d969 3f390fa7 bf485db3 3ee1ae99 bf3479a2 be1bd497 3f0a9ba1 3f0cdf75 bf5ebbb5 3f6547c8 bf56b5a5 3f78bff4 bf6debf2 3f48b1a8 bd9af9ff bec9b243 3f6151c8 bf05ed7b 3dffc938 bdbe485b be5f4cff 3f689bf3 bc153c90 beb3bec9 bf3465bf be898e36 bf33197c 3e9d82fb 3e8f5e50 bd9e07b7 3f501da7 bee77a98 3ee35afb bf51d79c bf2e1599 3f5d67d2 be825244 3e558ce1 bf080366 3f1b4b7c bef1aea7 3f678bcc bf6a09e5 3d6a1235 bee19ed6 bd88e856 be0f446d bec5bef6 bdf6c8b8 bf2cbbaf 3f04a964 bf074575 3f46d1bd bed8daf7 bf4679ba 3f336f8b be6f8cd9 becf7ac1 3f3fdbb3 bf161160 3ec44aa8 3e080390 bf0acf5f bea9c254 be87c248 bee24edf bf23f979 bec07a7b 3f31397a be79fd52 3e9f2689 3de628eb 3eb7e678 3f7019e3 bf54b5cb 3ee36ace bf7151f6 3ece22e5 3f089d71 be86f682 be86026e bd379036 3f16e59f 3e944a8c bf5ba7ba 3d2dcfad be9c02b1 beb4b640 3ece6edb 3efba6a4 3f1805b2 3f2e43ac befad2fe bea53659 3e67c4dc be9f4248 3ece0ac5 bf69f7d7 3f181f94 beb99abd 3f39d77f bf5a79d4 3f37a978 3e4a6470 3f78d203 becfeaec 3f6c0deb bf18d385 3df60946 bed08222 3f62b7d7 3ed3cebf beb10a8f bec01ac2 3f5623c1 bda1780e bf6d8de1 3f19dd87 be9262a4 3ef36292 3e0633b3 be8b0a74 3f1bdd94 bdeb1924 beaf7eb4 bee31ecd be91de68 3f6521e7 bf77a61d 3f4125af bee8daa7 bf01dd6f 3e3fdc15 3cbe9f40 be2b941e 3e48b4cf be841a7f bf183b78 bf0e4b91 3f45d9b3 bf7719dc 3edb2ae5 bf46878b 3f537dd3 be7fe4f7 3e8d0a81 bf74ce07 3f4359cd bf7d1c40 3f1b156c bf40afaa 3d90d947 3efe52cf bf217174 bec632a1 3e5d2450 3f4b33a9 3e37d3db be1e7c2f 3f1f63a1 bf6a1bd0 3f49fb8b 3dfca877 bf73fbe1 3f36f7a4 3da4180e bf4d89b6 3f5ef9d6 be08bc24 bed99e71 bf71c1e9 3f1da994 bf5151c0 3eec56ae bf250d75 3f2c9f65 bef31add 3e9a5e41 3f39456f be9b5e47 3e962e5d be214c07 3ea90e68 be814ae9 3f5c19db 3e33e39d 3ee4dea0 bf0d2173 3edc6a67 bedf0e99 bda328b1 beabae59 3f19e596 bf206583 3df1a81b bcfddff2 3f6759d3 befb2aeb 3e74f4d6 be78d4f1 3f4983b9 bd543086 bf13ad90 be6d8d3e 3caa21e4 3e9a6642 bd298fc7 3f74f1e9 bd8d78b9 bf71ac0f 3e9abe87 bf0d8168 3f31b5bd bf37a37b 3f41f7b7 be5bb4fe 3e977287 bf03b788 bdaff87f 3f595392 3d2d6e38 bf6d65df 3f792e27 3ed8bb48 
3f55bda3 bf39ebbb 3f3d6fa5 bea6ead2 3e8c467d 3ed3b6cf be36649c bef8dea3 3e79349a bf1ff367 3f5ab7e4 bdf48934 be6bacc1 bd1f5091 3e831a76 3f777df0 bf3a1f9d bea6dadf bdd72908 3f03cd77 bf3fcb7c beaffe81 3e833253 bed6d2b7 3d60305b 3e49c493 3e879e83 3efbc6bf bf014951 3f341db0 bf54a7bb 3eec8aeb bf43b1ac bedcd6b9 3f218b7b bf086b81 3f4905bf 3ee73adf bf5dcfc0 3cab20d1 bea6327e 3eea6edd be90a291 bd1171aa bf1adfac 3f14b386 bf6c09e7 3f5bffd3 bf5e65b5 3e7894e6 be246505 3f19e37f bf117d76 bbda7ee8 bf78b9e1 3f7aba0f 3f3b79a3 3e830e4c 3f79a5da bf14bf99 3da5281a bf07f761 3e910258 bf4583af 3f6bddff be9f5693 3f720fcf bf4a45d5 bdbd886b 3f1f239c bf5d41c4 3f381fc7 bf5863c1 3f550de8 bf41f3d1 3f2765a0 3e38dca5 bd6fd14d 3f47d39f bed8f2eb 3f6ee1fd bed3ba49 3f4745c3 bf7219d6 3f337791 bf27f9a3 3f7ce628 bf34ebc0 3f50bbc5 be8212b9 bf3f0993 3f73c1dc bea7e6d3 bf2ea380 3f681ddd bd8f279b 3f01a947 3d138cb3 3f4da9b7 3e975682 bf3631a3 3f126b6b be58a4a7 be959e75 befe4afb bf0cb181 3e6d4579 beab9aec 3f7a33f2 bebace93 bec77e79 3cefe3b3 3f3c219c bf0e9195 bee6bac8 3ed996ea 3da0e847 3eb52268 be26fce6 3f07779d bf5b0bc5 3e189c66 bf7cf638 bd8e098c bec756b6 3f69edee beb462a5 3eb5aaa5 beb45e9e 3f3cb183 bf305b94 3ee50ac9 bf009350 be56ecd2 3ee95698 bf6077d7 bf589da7 3e81f662 bf226d9e bd8c9864 3f28e1a9 be8ae257 bea57ab2 bf1bbf9a 3f504de3 bd70b10e bf768221 3f5d9dd9 be7e84bf 3ed8dec1 bf2c73a8 3ed932c6 bf7ef651 3f462bcb bf2c4790 3e201463 3e83725e 3f41b187 befdcf26 3e7bccb7 3c3ac4de beca16b4 3f07678a 3eed12c7 bf248d7b 3f7a87e7 bf58d799 3f27e591 be008434 3f4da5e7 3d480fc6 bf1e4198 3f4c39bf bdacd727 3dd5b7fe baf21c09 bf1b3383 3efb1b38 3f11c57f bedcce8e 3f369bab be262c61 3f043b71 bf262b93 3f4f4792 befedb17 3f5c45a7 bea18288 bf1147a2 3e02dcce bf062d8a 3e6db4df 3ef1769a be6383ff bf05a766 3f3e599c 3e390460 bf76e001 3f5d5bcd bf3837ae bf0b556c 3f7ab5f1 3e0963e7 3f49adc5 bf4bc5a8 3f45618e bf020360 3d059098 bf05015f 3f2205b3 bf00eb7b bf445b86 3f6ea5ea bf68f5ce 3ec10b19 bf10bd5f be6564d9 bf7de63d 3f5a15b3 bf770821 3f22ab79 be69b526 3f3dd9c1 bf5c41ba 3f6b09ee bf4b7db9 3f7de648 bf277f9f bf4285b1 3f3d97c9 be866a77 bdd8781c bee21adb 3e030c81 3f6d55ef be5f0c30 3e23b42f bd7551b8 bf027b69 bebad690 bd70911a 3f706bff be9eba2e 3ea10a85 3ddf0988 bf0b3d90 3ee7669e bf4cebb2 3f787014 bf4799af 3f5f73f6 bf7cf438 3d434fc0 3f6f03fd bf5797db bed9b319 
bec08aaa 3eb99a80 bf6247e5 3f5b5fd1 bf247993 be5fcce2 be60751c 3f250fa8 bed6da9f 3f4517a0 bf645db6 3f4551b3 bf7013dd 3f6d1dd7 bf29798b bf4b67a5 3f221fc4 3ec11a6b bf340b6f 3f00af75 3e10fc64 3e8d8283 3e0bac51 3f1beb94 bf328786 3eb9e68b bf48ed99 3dde3865 beb62e53 3d6a704b 3eda2ea8 bebfca80 3f774e05 bd8206ea be530d5f 3ef77ac4 bf6895b7 3d72d11c be27dcec 3f0f1d82 3ed346d3 bf385da0 3ed10ad1 3e717514 3f33419a bee426c2 3f1d57a9 be6fa4fc be08b429 3f5d35e0 bf2a2d9f bd394fcf 3dc598a3 3ea17ab8 3f62a403 bf72e7e7 bf59b7b4 bf04bd80 bef5a2b0 bce29c9b 3f3fbdcb bf0a9979 3f396584 beda7f0a 3e14f4b8 bf4143c1 3f3d23c8 bf328974 3f5027d4 bf3a179b 3f542ffd bf02f764 3f19db7d bf6df7db 3f7ec051 be5a14b2 bf0951b1 3e47b4b9 bf5e21c2 3eca1316 beed82a2 bdd6374d bd95a9e8 3eeb3694 bf29a787 3f4647c5 bedae26c 3db887cb bf7e7e39 3f6777df 3e35b4f0 bf41d3e9 3e6d2d7a 3f2a5598 bf113153 bddce881 be0ed463 bd63510e bf250768 bec3a68a 3f4133a2 bf5593ab 3e67cceb 3e484451 3f64bfa9 bdfd39fc 3e967ec1 3e98c693 bf48a3bd 3db82901 3ec986d6 be838a3f bee476bb 3f7f147d bf393fb7 3f0e3169 bf737606 3f57c9d2 bf6a21db 3f76ec10 bed2d26f 3f65ebd4 bda15941 3f6f2ddd bf13074c 3ee6f2ca bf7165d6 3ea2d2da 3c949e1c bf15a570 3f5095cc bf2a13a2 3f14697d 3f36bfb7 bf75fe11 3f6f69bb 3f7447d2 be057c57 3e64ecbc 3f1a6b99 bf7f4c71 3e6c4cba 3f4537c2 bf099188 3dba4859 be95626e 3f6d63ed bf5fa7d1 3f059355 bf376bb4 3f70b1ed becd568a 3f196d71 3e37c42f bec9fede 3ed866b4 bf042f6a bf322787 3f630bd1 bf6e77c4 3f1dfdbe 3daf08c0 bf7207fb 3f255da4 bf18c36e 3c9d6136 bc3cbbe0 bdabb8b7 bed5babd be905ab9 3e6a8cd4 3e2cfd25 bcdf6367 bf5381ba 3f58c3c7 bf4ff5e1 3f6ddbcc bf29d97f bef412dd 3e4cac55 beadfe63 bf47cbda 3f7ae832 bf3f05be 3e905649 bf47b3a2 3f41a3a0 bf5c0b9b 3f6f8dd8 bf27d18c 3f7bce21 bf602bdb bdc7a6f9 be9d225a 3f721be8 bf54d5c8 be615c98 3f2a05a9 bda2984d 3ef2e6e8 3f146b79 beb7a6b0 bf62dfd7 be471d39 3e6f64d7 bd3ad10a 3e388d3e 3ed6de64 3ec5def8 bf6c91d2 3eb3eea5 3f5f2fe5 bf4debb3 3f14e578 3ddbb8d7 3ea78682 3f00256e 3f4c8fc8 bf6437e6 3f72adcc be1f6c28 beb35e4f bea302b9 3f553fbf bf7aea2c 3f1565b1 bf00af9a 3e2d2c52 3f6869ff bf20f98a be514525 3f02af57 3e945e4f bf62c7d1 3d3d0d97 bf75140f 3f741a18 bf4e9bae 3f769643 3e6cfcea bea86a61 bf15999b 3ecd76f8 bf6571c1 3f6397ff bf2951a3 3f7aa014 bf22498f bd0931cf 3e116ca2 bdff780b 3e856e69 3d227237 bf1b839d 3e8c62be 3f11038b 
3e3334d9 3e6a0cdb 3e80927b bee9feb1 3ec5c6d3 3ed31aca bd98798f 3e61e445 bf3ef5a5 3f25f7a8 bf26e185 3de259ad 3f40c1a4 bf47f9ad 3f28718c 3ed68691 bec602b6 bc8d1eca 3f3f29ad bf7087f4 3f053766 bf260570 3d5feebd bf6121cb 3f0ddd79 3ec64273 be9b3a6d 3f73cc18 bee536f2 3ee25ef5 bf024968 3dc1785f bf041153 be7c049f 3eedaad0 bf2e4f8e 3f166391 3e1b3476 3e687d41 bd91f779 bf6ac9d7 3f58edaf be9e868c bf463991 bdaf0874 be685cca bf060b6b 3f37f79a bf1e2177 3e009bc8 beb0d673 3f3d0d98 be84ee6d bed1b2a8 bf2b57d5 3f556daa 3f560b96 3f1f8774 3f117374 bf63f9e8 3f21ff82 bf4b01d9 3f0ea394 bf006566 3f517fb4 be76ed3e beaa8eb0 3ec28ad6 bd1ad0df befbe288 3f04f386 bf5311ce 3f33bdd6 be349c12 be7473cb bf347d9d 3f6b1dd0 be40448c 3f5bf390 bf1fc59c 3ecec297 3e98328b bf575da9 3f5105a1 befa32e4 3ccf6298 bf2b6d85 3f612bb9 3f08eb3e bf3cb5c4 bcd5dd21 3f45f1c8 bf16f36d 3db6b8af be763d65 3e8116af bd1c908e bdf4082f 3f2ea5ce 3e10a4e6 be5ddcc2 3e536d35 3f03e171 bf358382 bf2361b7 3e9b7efb beac2ab7 beb8c2a5 3e8f123b 3eedeab2 bf081780 3f5625a2 bf453db3 be2dbd06 3f456d81 bf1a3387 3f208b98 bf0a3761 3e9aeb04 bf1b2b70 be6cebe9 bc28c5d4 bf7455f6 3e489c32 be2bb45b be622562 3f0fdb70 3ee7b2d5 bf2d2786 3f7d9836 bf7a341c 3f419bc0 bf60ebc3 be93224a 3eb0126b bec0fa92 bf5ad9be bed30299 3ee842b5 bf7daa45 3f74bbfd bd681228 bf073593 3dd548c3 3f36b3ad bf6cffed 3f361b7f bf294b97 3f088f43 3c99e3c2 beee32e7 3cea2096 bed4e294 bf090946 3f455bad bf055987 3f5c09b6 beade2f1 3f0fad7b bf412fa2 3f513fbc bf15ab62 3f59d7e5 bf2add8a 3f753810 bf280572 3f38bd96 bec0f65b 3f7faa71 bf40fdcd 3eb01a5b bf5d83cb 3f64b7f1 be97e26e 3ead9e6c bda667a6 bd09734a 3ea3e651 3eb2f2b3 3d0b4f90 3ec8ba63 3f1bf74f bf6347ea 3eb6fa78 3f15b37f bea0f697 3e629bfd bed6caac 3efdd2dc bda3d9a6 bea0263b 3f1eebb1 3ee40e9d 3d87386d bf47939a 3f5cf9cb be9d5eca 3e9aaab8 bf52d3ab bf0afb31 bea9728c 3c9f6154 3f719de9 3ebdae64 bf29ab9d 3ecd32f2 bf32837e bf10c364 3e9fa2ab 3eaf626e 3eae769f bf731be1 3f235ba2 bef426ce bda3e943 bf087f7c bef60298 bed30e6b 3e636438 bdf32888 bf49a7b7 3f5301c9 3e4c8542 bf5d77be 3f5597a6 be237430 bda567f4 3e223485 bef74ab1 bdf6b94e 3f5765af bf01414a be56f4a3 3f789203 3d8108da 3f581dba bf442fdd 3f35cfb7 bf6b17f9 bdec97b6 3edf72d5 3ec15ada be663d91 3f3645c9 bf4e41e1 3ef442d1 bf1e678b 3d132f1f 3f64f5e8 bf6e09ce 3f3b1387 bf5e03be 3f4c47ec be820abc 3f10916e bf7d1029 
bf0d1354 3e487c84 bed722ac 3ef71acc befe3731 be3f0c34 3d92695c bef5c2c2 3f604a12 bf416ba0 3f60b3b6 bea3626e bf0ae773 3f01ad54 bf7b1406 3f40adaf bf2f1378 3d086ec5 be0814b1 be91b270 3f4dfba3 bf38c1c3 3f6cbbe6 3e48acd1 3e7f6550 bf600bd8 3e9cd673 bee6429a bed5d6c1 3f3a87a3 bf4f3fbf 3f779a14 be071cd2 3ebb165d bef4def8 3f515dbf bedf1ab6 3d1ff2c0 bf1b295e bdd388bd 3f5a8fb4 bf1f8ba1 3f014f7c 3f06a96f bcb1230b 3f665fca bebc82cf 3ef43ecb bf4b11e5 3f5c31d2 be4ffc60 bedceeba bd13f0db 3f0fbd6a 3eb9f6a5 bf18d591 bf4879ae bf47df9a be2fa4f6 3f78a3f8 bf477da6 3ef80ec1 3e4bb4a8 bf35a383 3e89669b bee54a97 3f6ec5f7 bf7103ef 3f121377 bdeda8c4 3d600fa9 3ea152b9 bedb5695 3e9a7a10 3e1054a0 3f4c7b8a bed7d70f bf20079b bd8f8790 3ea3fe5b be8a8282 3dd268a9 3f27437f bf77e1fe 3f6c01f4 be8ccae0 3f689deb bf4a1994 bf3eb5ad 3f6ba5ff bf4b51af 3eb00e81 beac8a97 3e952e51 3e239410 3c8b9e33 3ef9c254 bf174b89 3eb2fe70 bf6943c4 3f1d63a4 bea23264 beea0eb5 3f09f981 3f2f7b9b bf2b658a 3ef1fad8 3e8c4eb5 3e4314a7 bf093550 be8bee37 bdab38bf 3f5b47b0 beeadece bdab98ca be84ba58 3eea4ef0 be1c9cc7 3e3a2486 3f160983 3e268cc6 3eaf6a7f 3ed24aa0 3eef1f21 bf26657a 3f7c9e40 bf45a9d8 bf056d6b 3f110b70 bf300b75 3ecbb6b0 bd0cb19f 3ee272dd 3dc89880 3eb1267b be809e5e 3f586fd0 3edaf678 bee8d2ac 3f7b0be4 bf68ae0f 3e25ecca be12abe2 3f288db3 bf4babb7 3e4e14d5 3e978a92 bf1bb18f 3f4a19cb bf666e06 3f127f7f 3e892e14 3ef5eaff 3e03a40c 3d679157 bf7d3654 3f5333d6 bf741a02 3ed392a0 3e4af490 bebdc298 bf0e3381 3f66efdb bf5dfdd3 be1cecf9 3f1a5b89 bf5e37d7 3e7b9555 bf5721c1 3f50fbc3 3edb1eb3 be52cd47 3cbade5e be5a453c be59b4da bdf4f903 be026bab be8b4644 bebcce4f 3e3c3cdd bf5bd7db bcad21bf 3eff82de be017cf5 bf45c9b3 3f0fc36e be85224b 3efb06ae beabc25d bf24cfaf 3f1f3f95 bf6187e7 bf493973 3f6643a2 bf193d7c 3ee2a6d9 bec7baac be0d1c41 3f48b39f 3f4917b7 3f1ccfb6 bf39799a be2ce4cd bf3e918a 3f7d1e0f bed2caab 3f4a35a8 3f3bf394 bf44b384 be8a0e76 bdc927e8 be1f246f 3f000b59 bec41a5c 3f114d80 3ed3e2b6 3e57b4c7 3f2e018c bedd42a1 3ee01a92 3f124d61 bef8b70b be8f6e72 3f0b5390 be829a7f be823eae 3ea0a2a3 be22ecd6 3b9884c4 3f00c77c bf2be3b3 bf08d562 3f3ca98b bf635dd7 bf59fdcf 3ee526f8 bf533d9f 3f153591 3c403bb3 3f0e47ac bf66e9ee 3ea67ac6 bf3eed78 3f28d7c6 bf30ed87 3f707de1 bec0dea3 3e436408 be423cce bf12e160 3f6123ea bf0faf4e 3f06a58d bf58c9a2 3dc58864 3f64c3a8 
3f009795 3db40928 bead7a6f 3f1c7b5d bf05954e 3f70a3ec bf5d87b1 3f5e8fd2 bf03cb5b bd214ee2 3bce7c6c bc76cd72 3d1d71fd 3f1bd19e 3cf2e5fc bead4e50 3f0e1572 bd9e775a 3ef04285 3e0f5d1f bf2f87b5 3f4c5fb4 bf7195da 3e3f6cc8 bf7f7673 3f6545b7 3e5e1c65 be37dd2b 3f55d9c7 bf7e7c39 3f4c79a3 bee7c290 bf343d89 3f6a53df bf69d9c8 3ed06f38 bf5c7fa4 3f4d67b3 3c5f4454 3f4fe5bf bf7537fa 3f127787 bf77cc2a 3e9d1680 bf43df6e be243d36 be950644 be930e68 3f7589ff bf242b8a be80d289 3f730dc8 bee46289 3e397c0e bf521bbf 3f5e2fc1 3ec78ebe 3f7cf832 bed22a8a bf40898e 3f69dbf9 bf69dfdd 3ef98afc bdef8907 3f51edce bf6e6bdb 3f47e7a3 bf38e16e 3f046999 bcc16511 bf15879a 3f4b55a8 bf7b7ff7 3f1c6391 bf111b7b bf5f3fcf 3f3c37a1 bc23c459 3f2cc577 bf696bce 3f0eaf50 bf487fb5 3df1fa1a 3ebf829a bf66cbf0 3ed07f1e bf7bde1f 3f2fbdcb 3e30b3fd 3f151d8b bf192974 3f2c7b8b be96dedf 3ca55eef 3c293994 bf59d3e3 3d98399f bccd2214 3e9ceaca bdc268e5 3eb41e99 bf02358d 3f5b41d3 bf27ad9f be90ce5f 3f174372 beba0aaf be4a5499 bf2f6b9b 3f5afdd2 3f1fc97a bf6523d4 3ea02260 bf04337c 3f52e18a bf02cf69 3e2c04d2 bf0b737d 3e973a9f bf352fb8 becb4ebb be61a447 bea87a5a bf3607a5 3f53c5f8 bf6e55d7 3edbe6ab 3f17f389 bee792d9 3f37b9bc bf26df8c 3ea63e91 bf2c9f9f 3ecc829f bf7ca22f 3f2ffba5 bf7ab616 3ec36aad bf14e183 beaa7a6e 3f314dbf be82ae59 3f00c381 bf7b520d 3ec40e72 3f286b83 bf5ce9b3 3f761409 bf712e07 3f4f65b7 bd6f341b bf593baf be874654 be5f84dc 3e153c3f 3f6f8be7 bf5043a7 3f6ef7e4 bf3141b5 3dc9397b 3ee67f17 3e7304fa bf13676b 3edb1692 3f168b7f bf6693f1 3f1f05b2 3ef52b21 3e4e0569 bf3399bb bf56fdc1 3f247b84 bde879a9 bcf7e155 3f4e81c2 be70bd6d 3f15df6d 3d6ad02a 3eec3ab4 be898294 3f5b2bb8 be3c2cba bdff57ac be5d351f 3f6f73f4 bf423d9d 3eeabaae bf716fe7 3f4877b0 3ec51e95 bbbc967b 3f2cb992 3f537bc3 bf6e07d8 3f1e2fb9 bec47ad7 3dd8c9a8 3ec1bf35 bf4da784 bf42017e bf50afcd 3f4581a1 3f395783 bf19b39c 3e3c551a bf4629a0 be027bc6 bf3771ca 3f08a579 3f2daba0 be48bbd7 3f355f93 bf2f0d78 3f0e2f6e bf6f05d6 3e719cbe bf0c4f84 beeabed4 3ec8fe8d bf79a813 3e1c64d4 bed17eaf 3f7fc675 bf7c2e53 3f1a2996 bf031955 3f209352 bf2d4b8d 3f485378 bf79de2c 3f65cdb8 3f3b5fc5 bf083193 3f4129c1 3f172568 bda7f92e 3f11cf70 be338cd2 bee5ced6 3e668cc9 be32c4ce 3f7997ff bf5f7db5 3f780407 bf4adf94 3e950ea2 bf2adb9b 3f5415da bf3c4983 3f7ed05e be16c44e bf48aba8 3f135b7c 3c2f4838 3e508cfa bf5e47ad 
bf4f45fc 3f5233ce bf6a8dd7 3f39f369 bf3a91a0 3dd9b75f 3ee92ad9 bed94af3 be358434 3f4b4fa1 bf7a75f6 3f230784 be361460 bf459fde 3ed36287 bf18b572 3f2d8196 bf0b8583 bf4b6d9e 3f4bf38c bf59af87 3f6237a2 bf4791be 3f446db9 3f43c19e beb2e2dd beaa3290 bf1a017e 3f428196 bf52ada9 3f6251ac bf41e5ab 3f6f880a bf30cbb9 3f0b8588 ba7c41f8 3f14efc3 beb606ac bf1c158a 3d4ef38f beeaf269 3f56b7aa be7d3536 3f4033a9 be822280 3f1a2fb1 3eed4ea2 be11ec46 befaaaeb 3d55b0f5 3e9a4a98 be94da93 bf3c5fa2 3f4b59ad be9f8261 3e4ed4cf bf6545e5 bf1a39a5 3f63afaf 3d17f0df beac868e 3f63c1b6 bf5bffa4 3f134561 bf77ba0a 3f062555 bf00e388 3f35f7b5 bf3b6bb1 3ecba273 be845290 3e124422 3f0e8968 bea96e9a 3f0fa551 3f07618d bebcea90 3c4641fd bf29e1ac 3f5aa9cf be819692 3f6605d7 bf32e3c3 3edeb25b 3f0b0d66 be99a2d2 3f1ceb8f 3e12049d bf147f64 bf59a9b1 3f5b5bdb bf3feda9 3e585c90 3db8a8f1 bd36efa2 3f6603ce 3eb23eaa bf14f189 3ef8a25e bf13bf84 3f2d0192 bf2689a1 3f069f7b bf28538d 3f470dae bf65c5fb 3ec446aa 3eaa0610 3f03198a bf51e3a2 bebcda92 3f7353f0 bf61cdcb 3f776021 bf3755a9 3ef24aed bd3d31e8 3ed986bd beac96bb 3f49fd7b 3df718f2 3f2a15c3 3c8a5ff0 3f3d438b be8c424c bd9498b5 3f060579 bf4bcbc2 3eb95aa7 bf1d7995 3f71b7f1 bf5959c7 3f60ffe2 beaadec9 3ed05ed9 3f102d48 bf150d87 3e0834df 3f5dbd8b be518cf1 3bb97457 bef47ea7 3ebfbe4f 3e8fa253 3e4e84a3 bf22cdd0 bc46be74 3e9fce68 bed5eb19 3d2ef03b be42746d 3f0aff66 3f21d379 3e518501 bf4c5191 3e18c38f bf05c953 3e3e1cb5 3edc7ec1 bf1c2776 3e3abcee bec03ab9 3e94ee81 3de52838 bf7127e8 3f7f364d be8fb25b bf76fde7 3e08f417 3f50afcf 3f5353df bf6957fd 3f261f96 bf7ac63b 3e579481 bf687be7 3e3d0c61 bf0d778c be9d1e6a 3ec88ebd bf7aa026 3f3165a7 bf34ad9d 3f5527aa bf62b3ff 3e4a5436 3eb0b650 3e748c9d be0c54ec bf67f3db 3dc79837 bf7c3a35 bebeae89 3edcb27c be332c5d 3e6ae4ce be78a4b1 3e506c78 3d424fdd 3f61adb9 3f6e6fea bf742c10 bf02ab86 3edf8ad2 3f24759e 3ddbd888 3f2c2562 bd98483c bd636ffc bf1567a1 bf07bd6a 3e745ceb bf478bca 3f2737a4 3e73ecb7 bedebef2 3f723bf0 be72340a 3ebc7e6f 3f4cfbc5 be2174be 3ef77269 bf6bffad 3ee5a6af 3f0fef60 bf412bb3 3f2d438b bf127384 3ea50611 3c4ac2ab bf23216d be8cea8a bf173174 bd482f0a be53d484 bf3ffb79 3e95f275 bf05278f 3f050764 be2b9c19 3e3b9cf8 bf5877b5 3f3e518b bf365b81 3e91fe41 3efa830d be77f545 be1dc47c 3ed97ec0 bf6d0dc9 bd814821 3f0b718d 3e70d493 bef56f17 3e84e2a6 3f11a791 
3f4153a2 bf3dc3a2 3f5d5db9 bf3b97b3 3f3345b0 be2bbcf1 bf2779b9 3ea9429d 3ea24e85 bf28bb78 3f77ee30 bf03d34d 3ea92a61 bd396fe9 3f36afa3 be3b8459 bed50ea1 3e9df27a 3f483da3 beef031a 3f028967 bf1ab595 3f6c7dd9 bf5e81bf bf0f2f94 bf0a1978 3f5ba3ba 3f0b738d bf70b7dd 3f6623e7 bf4fc9e1 3ecbeae6 3d92d8b1 be9ea27f 3d8c0995 bde5c824 bf5457be 3f6ece19 bdcae8db 3e770cb6 3eb0929d becfbeae be094c0e bf0daf83 3f0ccf81 bf74e7fe be23c4e0 3cfe645f 3f126164 be29fc6f 3dbe997a bd1b6fca 3f4669d4 be445d01 be142445 bc18baba 3f1d41a5 3e7364af bf32bb84 3cac20a0 bc33386d bf2949ae 3f2b617a bf06db5d 3f51a99a 3e066cc0 bd53afc1 be2c24fb 3e4ee4e2 3c4a3e34 3ef7aa65 bf6f31d9 3d49f0a5 be6e7cc5 be6fc4e7 bec1d69c 3e77245a be861a93 3f5943b5 bf6789c8 3cc82193 bf26838b 3f1f495c bf1be3ba bf20f186 3f3d9db1 bf7555dd bd9868b9 3ed5a686 3f72a3d6 bf25e391 3e982e71 3e89cad7 beb60aa2 bd07328b bf6615f0 ba63fcd8 be8f6667 3f14016e bf6d2bc3 3f3737ba bf5401bd 3f275b8c bbd98456 be041d5d 3f469b8c bf4f0dd2 3e985646 bf3903ad 3f6b9dce bea2665d bead6e53 3f5719aa bf7083d8 3e1eb474 be4aecd9 be5fbcbd 3de5c98b bdc7e7bf beaa0e75 bea34a5c beb9e695 bf0a8d7b bea07e7a bde029a2 3e8bfe66 be21fc46 beae5e56 3f4609a6 bf37ab8e bd29b0bc 3f241f88 bf743818 3f3cc57b bf4f0fd2 befd3f10 3f7059ff be2f2d2d bf7ce62e 3ee81af7 befb3b07 3f44ed82 bf49f1b3 be604ca0 3e5044a3 be42cd57 3f3c1f96 bf43ef96 3f7ca437 be90f25f bde18905 3e0a0500 bf63c3d9 bdee59aa 3f451fc7 be72fcef 3f7df03d bf6b0fd2 3e929e9f 3da96781 3d5caf23 3e12fbf5 be5864e9 bdb6e7f0 3f3687b3 bf5e0ba8 3e7b548c 3f54d194 be556bb0 bf461bac bf1a4d71 3f00f142 bd9a18ec 3f1ea985 3ec00eb3 3e711c28 3f2fedca be689417 3f3cf7a9 bec4deaf 3ec1eee6 bd9f19c8 3e753cc8 bebdd2c8 3ecebea5 3d26b16c bcfbda28 bf6dd3e9 3f69f1e1 3e2c841d 3f03478a 3f5eabad bb18fa7a 3ecd9313 bf6205de 3f16ab7a be770512 be6b047f 3e39c463 bee9aa92 bf76481c 3f2aafcc 3f3effeb bf5f31b1 bec9baa4 bf720a03 3f30e992 bf78d42a 3f50c1ec 3deb4917 3f1e7d78 3ce01eb3 3f5151c5 bf6d27d4 3f465ba0 bf270392 3e9c665c bf17ef86 bdbe8927 bf7c8428 bd7fd05c bb9b8596 3f22cfae bee75290 beea1aea 3e5d5c89 3e96268e bf494b99 3f5d2392 bef48eeb 3f535fcf bcd46214 3f73740e 3b927973 be76e51e 3f6d83d7 bec12ea6 3f04c56b bd1e5301 bdc49762 be9e6643 3f528db2 bf13b581 3efb9e9a 3b2921e1 bf711a0e 3f7e0419 bf3f4194 3f11d15f 3da16860 3f3f2d8b bf0a2b6a bf06975e bb31016d 3e2adc4c bf29198e 
bf34a182 3f02ff71 bed98ab4 3e9d6270 be9d326d 3de5a900 3f5115b7 beb81eb9 bd524f7e bd0f30d6 be480490 bf0e19a4 3f2c0770 bf229da0 be764525 bc694553 3e625ca0 3e93defe bf6b7ff0 3dd437aa 3e2f7cbb be40dd60 befa7310 3f0c8167 3f26618f 3f5299ba bf47b7ac bed356b2 3f028d75 bed466ab 3f15839f bf031d4c bc58d02c 3e7d1494 be8f7e54 3f1b576a bde7c9b9 be88329d bdec2810 3e299c34 befb22f4 3dc268e2 3f02459c be41ec43 3e73b4d6 3e13ad2b 3f5bac01 bf621dd1 bceedcf4 3e7d755e bf163b64 3e9b66d4 bf4369aa bd317143 bd97d9f0 3f05b56c bf6627b8 3f3d8390 bedd5adb 3f2b51a3 3e884657 be8d0235 3f48958d bf325fb3 be3a3d1a beb9529b bedab28b 3f34ab99 bebf968a bef36710 3e90ba6c 3ecb02e7 3eefae5d 3d0e2f96 3e160c4e 3ee192df bf0cf773 3f46c9a6 bf75da1a 3f0c0b78 3f2aa9c8 bee3fed2 3f1eaf95 be52dd22 3f6ba9f8 bf3cd3cf 3f1cb769 3ee34ac1 bf2d89a7 bed84ef4 3d3df246 3ebd96ad bf63dc19 3f223bc0 3ee0725a 3d3511a5 3f6553e7 bf36b78a 3f710bc9 bed7e2ff 3ecb6a6a 3f0de76c bf7aac06 3ef4eee7 bf38db7d bd001001 3f4865c9 bf612dd5 3f75b010 bf599b98 3f3a7598 be36ec50 bf28879e 3f624be1 3dccf7f5 3f289f9f bf27df7b 3f050d5d bf04414c 3f2c6d8a be2543e3 3f19d76f 3eae164b 3f79e805 bf4869d3 3f0d379d bf2a6f92 3f7f5059 bf2ac374 3f7e7420 bef676b7 bdc88917 3e461c18 be0a5c3e 3f124164 3e9a0e59 bf4e75b3 3ed01ac9 3d09522a 3f384fa9 bec282ac 3e848273 3e653cb9 3f36659d bf69d3cb 3f39e37f be5f1bee bef572d9 bc10ba88 bf10998c 3f7f0e68 bf5e7bfa 3f17477e 3f08e346 bf44cb92 bd014fd3 bf51f789 3f6991d2 bf3c379a 3f53199a bf4035ae 3dda5954 3f2c7790 bf2ebfa5 3c173803 3f495385 bf71f1f7 3ee702d3 bef30aad 3f4f55d8 3f0d8358 bec206b2 be9bea30 bea7b258 bf356f7b bda968a3 bf26cb79 bd0c8fad be1ee447 be69c4ca 3e76c4cf be885652 3df4c948 be69ad03 3eaf6e9d bf4dd5ac 3eed6aca 3efb46b0 bf2ce9ab 3c9fe099 bf7cb027 be2383a6 bf47d7af 3e699c09 3ec26a98 3ce12288 bebe1ea2 3f788a18 bf61cbc6 3ed4c2c9 3eda6edb bd92f8c8 bf3f47a3 3f5573b0 3f284f5c 3f417f8a bf4267d1 3f76adeb bf625fa9 3d1c313e bf18555a bf06656f 3e72bd9c bf331d90 3e8dca72 be914255 3eca0abb be3fb4af 3f7bde0b 3ea41e51 3f49a1c5 bf6501b8 3d383325 3e1dd477 3f1a3b5f be89ee4b be6004ef 3f6085be bf5b89da 3d87a8b6 be880248 bed0daae be86923f bf4297c0 3f675dca bf6a0dd7 3f0cb576 bf770205 3e15f43f bd8e28bc 3ee9cabf befa0267 bd0a8e74 bbcb9f1e be22a3fe 3f522ba1 bf5737da 3f22ddb1 bf33c79d bb0ee44b bf41b3b0 3ea0da9f 3f051741 3f3989bf bf2d7d94 3f5397c2 
beac568e 3eaff26c bf05398e 3ef11f09 be804e77 bdbd18fe bf7483f0 3f37e5ab bf1a1969 3f2ac58e bd95d95b 3f12d75c bee11ab9 3f2be581 bede42cc 3f57179b bf436798 bd28ef03 3e936abf 3f19ff58 bf6cf9f7 3f590bbd 3dce4945 be2d4c22 bf74abe1 bed80305 3d5ed1d9 3eeebe78 be0ab532 3e09dc71 bf05e180 3f45e995 bed66b1b 3ea52a99 bc90ddc8 bebbeb09 3e9502de 3f027d68 bf4927b3 3f033165 3ceb1761 bec142af 3f371788 bf7c6414 3f353b88 bf62f3da be7b1cd5 3f5923c1 3bc87fcb bf0f5f99 3f6eda01 becb36cd 3f43e3b2 3d8c37ed 3d9de817 3d4fb1c8 bf43d986 3f40dfaf bf046b93 bdf028dd bf283ba7 3ed15ec5 bf5177b0 3ed9ea70 3f2ec59f bd589174 3f6d3de1 bf7d9022 3f04096a 3f354b87 bf7667f2 3e0f74f7 bf789bf9 3efe9ee8 bf6907d9 3f5801d4 bf781e21 3f3ab38f bf087d64 3f1681b3 bf6b57d0 3ecbeed5 bf2db170 3e2a447f bf03136c 3e4c7dba bd55b1b9 bece8a9f 3e37cbf9 3f5f79a4 bf5cffb6 3ed5aa69 3f1caf98 bf7b3a1c 3e8d9e67 bf7e1a51 3eb92292 bf0cf975 bec982b4 3dcbf740 becea2ce bf0c7f51 3f63c39d be15c4ac 3f2b0194 bed43eab becf52cb 3f3da78e beab9303 beb9c286 3ea1266f befed6f4 3f77641a bf4531ec bf6651d7 3e2803cc be7614a5 3f576dc1 bf6ccdd6 3f6bcc06 bf79b219 3eb3af07 bf6ac00d bf6bc1eb 3f4c89a8 be874a84 3eb7c27d bf08eb8c bf11596e bd95f9f6 be554cbb 3f241d93 beb12286 3e2954bb bf6767d5 3f64b1f9 bf4eebb9 3f480bbc bec426ad bf069f7f be30f3d2 3c826300 bf5aedcf 3cec5a87 3f25d768 bf5bc3d6 3e276ba9 3ebfa2a4 3f40a18f bec0b287 be83b6b1 3ee796e1 3e997e7b bf798609 3edbfb02 3f5e99c6 bed71eb6 3f4e13bb bf481578 bdb2d872 3ef672c3 bdc078f8 bf5d95b9 3f768810 beebd268 be8f5a7e 3f2e9d6e bf382788 3e850a4a be36b4cf bf7ab805 3f4c67bf 3db947f8 3f030d68 3ec4167f 3f3169aa be40948b 3f6653c8 bf42bbc3 3f2ab598 bdae19a8 bf124572 3f5183c5 bf109779 3ebcdedb 3eb476ba bd93579d be70951e 3eaf1abe 3def1850 3f3e7fa4 3e8f069b 3f3d8188 be39acf8 bed8c328 bd15f2bc 3e422ca5 bf3f7798 3f33ed87 3de91873 bd8f378f be9ede6a 3efcee85 bf35fba3 bf68c002 3e5bd48b bf36dd8b 3f3b93a2 bf19f956 3f55c5eb 3f1c0d74 be540d11 3efce683 3e9b2a40 3f464f98 bf4c47e3 3f1e8f50 bef5f308 bf3c3fa1 bee6c300 bf116370 3f40e1ad 3e4e44d4 bf41cdc3 3ea1326c bf0fc176 3f1c93b8 bf7fac85 3f70780c becb62d8 3f636dc0 becf82e3 3ef68acc 3f28234b bf225b6d bd0bb008 3d01aedf 3f3da588 3eb746cb bf008f6d 3e80b64c be7b64b7 3ecca2b2 3e0bcc68 beac62b6 be7154d8 3edd1aeb bee8e27d 3f70cff6 be056471 3f3b61c0 be78ccc4 befa4311 bf064b7b be688c35 3ea8e28f 
bf255596 3f752603 beeacad6 3e908e83 bea6def0 3f707001 3e883287 bec6f29b 3f12ed74 bf2a65ae 3e39a484 bf0dd58c bd4eae96 be27b4c2 3e9a9282 bf5921c7 3f4d87ae bd785003 3d8fc7c2 bf19477c 3f3359b0 be917675 bf5429ab 3f489fa6 3eab2a70 3f1647a1 3e808a37 be9b52d8 bd89d872 bdfcc902 3e648455 bd8018f9 bf13bb90 3f251384 bf7b582d 3f4d85b4 bf705bc8 3c951eab 3f2bdb83 befcc379 3eb9ee83 3e4a849f bf59ef9e 3f48cfac be7a9d77 3f120170 3e3becf6 bf6163d4 3ce1dc32 3f039b85 bf20157e 3e4964c0 bf6733c8 3ee52acd bf63cbcc 3f267da2 3f215b72 bf15978b 3e4ebce8 3ea30684 3f161974 bedaeec1 3f7273e9 bf04ad7c bf0fb16b be80ae7f bef046c6 3efe0745 bf00b784 bee75653 3f728bed 3d805733 3ef7d2c9 3e06b472 3ea9b683 bf05a55d 3f5d2dab bf11039b 3e2ae46f 3d6baefc bee06ac0 3f5c35ba 3e1fd4f5 bebcb667 3f6d05fb bf32a3b3 3ecaff18 be7a0ca8 3e919255 bf395f9c 3f7d1023 bf49b797 be80dac0 3f417d7e be2d6bd0 3f6299d7 bec33a5b 3f75640b bb7f2199 3f0fbf7d bd8388e0 3f21c18f bf13dd90 befaf2b0 bdb528cd 3eed2262 3cef6314 bee09670 3c85a1d5 3f47ebbe bef47ab5 3e91da81 bf1e2582 3f4dafcb 3f13377d 3ee5028e beffdabc be9ca6c4 3ef3fece bf4b31c7 3f4b81ef bea30684 3f79d232 3f2985ae be3184ef bf3e2dc7 3ea4ce8c 3eb76a88 3f47b7cf 3e42bbf7 3dae2954 bf190196 3e340488 3e6ee4d3 3e9f9e85 bf333fad 3f5d63f3 bf0d8564 bdf6591e 3f321fa9 3ec05ad2 3e8e6dfe 3f2dd1c9 bed3268d 3d99f753 3c84a816 3f3ac79e bf74d1f6 bf073d63 3ec6fa89 3da748c2 bf0ac76d bee6bee3 3f633df3 bed3f2dc bec3fe89 be949650 beb2aeb3 3ed7fe7e 3f104191 bf75c407 3f1b9f96 3f157b78 bf5d25df 3f550fe7 bf60a9d5 3f5263bf be2fdcef 3ecf76c1 3df1799e 3e6d1513 bd19f0d6 bf3e9fcd 3d9fd755 bf3bedad bea7666a be915e6b bea86e76 3f0b3f79 bf0d4da3 3d8667b3 3f4503eb bf74c802 3f4dd5c3 bf6ed9f0 3ea1b298 bf67c5d5 3f3a85c5 bf6ee3ea 3ef1c6a0 bf5867bd be53dcb1 bf6399ce 3f057b6e bdcef8ae 3f2aabae bf1b6789 3f7965fe bf677fd7 bdf96a43 bf050377 3f11519d be19bd00 3f63eda8 3d4a5468 3ee3a267 3df849d9 bdb4b800 3e7994ef bf683e0a bf0e2b97 3edd0aed bf0f075a bf087766 bf75bff3 3f6905c4 bf42e7cf 3f095181 3f76ee03 bc384c0a 3f3213b6 bf5b9fb4 3d9a6805 3f15bf76 bf0fdd67 3f6037ba bf308984 3f2037b3 be7add29 be0d5c9f bed8eeef 3d4bf072 3e3cac54 bf6ad1f6 3f08e53c 3f419dba bee0eeb5 bf195bbe befdb6dc 3ee62f11 be6044aa bdd89846 3eb8fabc bf65f400 3f69c5c8 bdf2b8dd be70b500 3e9c6e44 bf7bc61c be851653 3d7f0e04 bebea6ca 3f18d983 3ed912eb 3e2834c4 3e5b94dd 
3e38fcb3 bf1d5581 3c433633 3dc607cf bd95e9ab bf5f9fd5 3d00b030 be7a33f8 3ee13e8c bf06f362 3ea9aa54 3ee4fa73 3edc3287 bf28eb88 3f7251ea bf187550 3eae368c bf0b4366 3d1a7084 3efe8295 bf7d305a 3f44eb85 bc2fb5a3 3e33fc21 bf366da4 beb0de70 bea7225c be98a683 3f3bf1a5 beb47a70 3e9b3254 bee2eadd 3f6defe3 bf186d6f 3f2c3dbf 3ee86a7c be571440 3f2b9da3 bf67d7dc 3ec7534c bf25ad75 3e55fcb8 3eafc260 be9866bc 3d92b898 bf7e5251 3f4dd3ac be3ffd0c 3f3f9d9a bf2e178e 3deda932 3e73343c 3ea1aac2 3eefe2b6 bde3b9dc bcc0a048 bf49ffc6 3e825a9e 3ec7a2bf bf5899cd 3bfc850e 3dd6390d bf7a2c1c 3f4aa5b3 3e589c80 3f0f33a8 bdca08eb 3e218c5b 3ea6f663 3e8af2bf bf7579f1 bdfb19d9 bc8d9f0c bf6f8def 3f2ab3a2 bef8065e be844212 3e94ba76 bddb7994 3e964e38 3e6b24df bf2dc9c9 be4ae51a 3e31252d be84b648 be6c6476 3f383d83 bebc6ea4 3e904e63 be45e482 bef6e6d7 3f51ddb9 be9b9e41 3e4c0c58 bf5a85ce 3e626d03 bf5603c0 be4b843c beebc6b8 bf04bba6 3d3f90cb bec486b1 3eb8a264 3eee4ea4 3e236cd1 bf72dff6 3f61bdb6 bf05d16f 3f009f71 bf4e99c3 bd7c9190 3f5e51c7 bf4b55aa 3dfa1975 bf6b1e04 be5ce440 3eaf4a58 3ec7c666 bee556d5 3f5277a7 bf35c5b5 3ce4a30b bf06b17e bf6d85c1 3e921a5e 3f728205 beff3f0b bef42ef0 bedec2e6 bf312b98 3ebdbebd 3e9ee6bc be7834b1 3d123043 beaaf242 3f257b78 bf18198f bcb06079 3f0e9194 bf0fef6b bf2e05a5 bf3611a1 3e844a68 bea1325f 3eabea9d bebdea84 be57649c 3ed4debf 3f21eb7d bedc7695 3e92fac0 3f18df89 bd622ffd 3e4c0490 bf173385 3f7187df bdf2697b 3f33b9a6 bf33d583 bdf0e8b0 3ec9deb3 be135cbe bf77fded 3f68a000 bf098970 3f3b0fab bf5545c3 be588483 bdb81a5b bf5313c5 3f5abdaf bf1bb380 3f4483c3 3e349c70 3e407499 3ed79edd 3f4b1b91 bf2ca597 3eba9a5c be86d63a 3eab4e81 bf79a21f 3f4a27d5 becdb2a6 3e9c3a8e 3f45d5af be5f6573 3f6ea3e5 bec7ead3 3f1703a3 be02b480 3f07338c 3f798c41 bf5defdf 3ef47ea8 bf7bd432 3f2641a2 bf37439f 3f2f3f9d 3e34f4f1 3f5e53ad bebbaaed bf57ffeb 3e3d7410 bf475fb7 3efecadb bf3dc186 bb1cefd2 3d807747 3f568dc1 3f2391a6 bf3527b8 3f3bc9c9 3f3587b2 3ec2d6d7 3e7f94b6 be4fb552 be41fbe6 bf4461aa bed1becc 3ed0328e be7e6c7a 3ed216ba bf1b0f8a 3f18dd82 bf614db8 3f7d3a3e bf6d6be3 3ec76700 bd228f29 3e7b4c91 3e822294 bef74eb8 3f236f7e beccc6aa bf6057d5 3eb0d705 3ed836b4 3f6599e4 bf5167ba 3f4ba5aa be6ab4cc bda7d92d 3e378c87 be457496 bdbea940 be247444 3ec8ee83 3f1cab9b 3f2909b5 bf2f93af 3f768a09 bf788a14 3e46f4fa beea9684 3c1ac0ed 
bed7def9 3f6a21d1 bf06c35f 3f1f2768 be6fbd0c 3efd82c3 3f3e61b5 bf12c970 bcb9252c 3f1ba7a8 be0a2c4e bf49b992 bd8a078c 3ec936ee bf724fd8 3f0fe579 3d98c92c be314480 3f0e9d8a bf055b7a 3f62d5cf bef58e8e 3bef9078 be6ac4ca 3e2254d8 3f3c6d9a 3e57e585 3ec1fa68 bf25116e 3e60fc9e bdb1d93f bcb8e2e3 bee166a7 3e3784c4 bf3b87a7 bf4a9b83 3f10ef91 bf655fea 3f63e9c5 be641cf0 3f6a11e7 bf6bfdcf 3f72c7d4 bf718dff 3f674fcf 3e92e62f be4ca40d be84623a be9dbe94 3e5aed09 3e82363f 3e1abb9f bf205d62 bf3efbbc 3f490db3 bedf9ec2 3f5c9de8 bea0a29a be845e77 3f4849c4 bf32a7cf 3f614bd5 bd550f84 bc303d54 bf59adad 3e8dae5f beebbad5 3e96dab2 bf7ebc50 3f1561c2 3ea436b7 3ec34af1 be105470 3f7bd431 bf383dba 3f6099b6 be65ed1f 3ecbdee2 bf5d2fe1 3ed606d7 bf3b19b2 3f59c9eb 3d90f8bb be6d6c6c 3f0e818c bec0c695 bdfc99f5 bf008d65 3edaa2db bd80596a 3f17718d bf5b73d0 3ec246ea bea996b3 3f388db0 3d6e2f97 3f4dd7bb 3ebc6aba 3eb77a50 3f0d9d62 3d6a9130 3cca9f0b be0cfcde bea56ad7 bd37714d 3f3d57cb bf7ed24b 3f6afdef bf1b4fa3 3f46b9b9 bd29d14c bf24d573 3ed3ee5a 3f164db6 be16a412 3f786e29 bf6ebfd6 3e4fc4db 3d1ad263 bf3baf8e 3f7ee281 be0c2c30 3ed98eb8 3f6933ab bf02d58d bf4eb3cd 3f3e8f85 3c1246e5 3f243564 3ee99ef1 be9dc267 be4c84f4 3edf228a bf11c585 3f338392 bf4e6dda 3eb27aec 3f0fcd60 bf7a7e11 3f1adb5e 3f524fab 3f017379 bcf71e23 be892e85 3ecfb6c7 bda638f9 3e1ea523 beaf7aac bdb7294b 3bbd7cab bf3d3db1 3dc5e7a9 bf2e8ba6 3f2819aa bf372596 3ecabe91 bf16d597 be834e9b 3e746570 3ebcbf1a bf582bc3 3f7f685a bc991d59 3dc98a94 bf292daa 3ef0f2c9 be09a514 3f7e1428 3d0ccfb6 3f396180 bf44f990 3eb58678 be9cce85 bf103b6a 3f06e360 bf776624 be61457e 3d8c692b 3ea93263 be5b7cb8 3e7f1447 3f148d83 bf13c59f 3f1a0796 bf4e8da5 be95a280 bebf3ab5 bf6da014 3ee1a2eb bf79d5ff 3f326db9 bf2ead92 bf4ba9bb 3f30e3b4 be9fee93 3f78522e bf10e5a7 3e53ed69 bcfa9fe0 bf102f79 bf4141b7 3e83c66c 3f535bcb 3b10f512 3e6344f3 be91968f 3f2a9b87 3e50fc83 be4c147b bf6297bf bf2721a3 3f5147c7 bf78e82d bed24ad3 be4173fe bf5771a6 3ecc0a67 3f0def5d 3dde0880 3f2ec96c bf3ae5a0 3e249c5c 3ec4124d bf0def83 3f193d71 beff26d0 be19fc67 3eda9f02 bd308fd0 be35eccf 3ec1aed6 bf7e4054 3f5815a8 bec5427d 3f49cba0 bd9cf935 3f402b97 bf7f0c6e befd56c4 3e98b66a beb64ec6 bf083b91 3f214b45 3e1d244b be902a6a 3d48efc0 3f27c761 bf5e4bcd bf6c83dd 3eef5ebf bf6595d2 3f284591 bf09f155 3f5971df bf6119b0 3f6fa9f1 
befbf2f4 be7324f0 3e98fab8 bf6c2df5 3f21316d bee586ca bf7c0030 3f6d5fd1 be97662d bf22a582 3eba1a9c 3e7aa3a1 3e89e2a4 bc972134 3e8d7a97 3e94e66c bf5ef9d7 3f3af38e bf23cd95 bdb98901 3de2c86c bf53638f 3f6bf3fd bee8b341 3f38d387 bf71e612 bf28d1ac 3f2a9785 bf203369 3f3579c1 bf2f079e 3f7bac22 bf0d397b 3f5941be 3ea6fe5b 3f7f0456 bef29ab9 3f0ec191 be514ce3 bf4e6bee 3e784ce5 be2533a9 beee927b 3f2117b5 bf5353cd bdb92855 bec6ca86 3f3e8b93 be0c7c63 3e064ce3 bf2b4b8e bdbeb8a6 3ef52738 3f674be9 bf2d33c8 be3f4c73 3d87d8b4 bdbab88a be001403 3ebab640 be6494a0 be1f3c05 beada6ba 3f20b59c bdcc284b 3f00ad6f bf040b70 3f21e58f 3e068cc0 3da957a6 bf55bfdb 3ef5b328 bf6597e4 3eb7eeb3 bf65f9f1 3ee3f27f bf70ce10 3f1e1d9f 3e0d0c2e 3e4a8cec 3e71c4c7 bec836b0 be4ff44c 3ec82a86 bf6639d5 3f3bcbc0 3eaf5ac2 be0df47b 3eb3966d becdf2b5 bef242bb 3f76bffe bf0fe75d 3f0f0f5e bf44e5c5 be5fdc4e bf215ba6 bf554fe0 3db008c5 bf386770 be03cbc9 3ecfe6ec beb2a668 3f2039b7 bf1eff8d 3e0c4c2f 3eec8ef6 bf3953a1 3dc24818 be272548 beb0a6c3 3f4683ce befe86c7 be306445 be8f225c beac9290 3f294b94 bf0c5797 3f019138 3e339cdc bf6c53d3 bde398a8 bddd67c7 bf7725f4 3f79cc09 3e162c56 bf15d1af 3ed2b6c5 bf7d8c2e 3eefbed6 bf25d77b 3f59e5d6 bf7669ee 3f7bf601 bf5299b8 3f6cf1e4 bf107158 bd061270 3ebf5298 bec06eda bec98a6f bf7c802d 3f214382 be96fa69 3e8a2e5b bf5425df 3f713bf4 bf06dd47 3e509c7d 3e5e0485 3f1ec76c 3ea4c281 bb7aef21 be46fd00 3f56d7c0 bf16f576 3e04ac99 3f6279c2 bf5de3ba 3f1b3575 3e266562 bf5bcb78 3daff8c8 3e8812c8 bd0791af 3e0ecc8e bebc9e90 bf1eb593 bf17257e be9822c9 3ec7faa1 be82f2b7 3f1c7960 bee4e274 3f128f68 bea1a690 3f78be00 be89424b bed692e4 3e88dad5 bf45b9b5 3ea04a34 bf2fdd7f 3f1faf77 be059451 3f4adfb5 3ee09b09 3f5efffa be235449 3f7bcc3c bf6e65b8 3f6d6c07 bd7f0f3c 3eaa0e13 beff127d bf4b7bac 3f6875d5 bef6f2b7 3e502c1a 3eb0f6c8 3efeaa88 3de1970e bf2cc190 beeca2a8 3f613fd3 bf60ddc5 3ebd5292 bf782014 3f29659d 3f0c8564 3f7ede6a bf5ecfe0 3f67e1ce 3ea452b7 bd14517f 3f735010 bd94c8a5 bf73f9e3 3e6a94e1 bf0e359f 3f65a1f7 bf13e581 3e98ce40 bf284191 3f6113e5 beddd2ad 3f7435ec bf75ca07 3f003d6b beb86a39 bd8d27d1 3f411bc3 be374c8a bf415bc4 bea52a81 3e14dc2f bf6893d3 3f78f825 3e827671 3d5ccf69 3e5354c9 3f6e79e4 bf6aedca bf1bd77a 3f787a2c bf1f6d5b bdeb78ac 3f1df1ba 3f5297b6 be93de88 3f421598 be71847e bdffc891 3e14bc21 3ead567d be8b5218 
3d79b07d 3eb20a40 bcc05fa8 3f05e96d bee41ecb 3e955a75 3f59ebf3 bf6ba7f0 3f6e59e5 bec00670 3ec4eeb1 be8afed9 be7f344b be628cdb 3d37b180 befa6add 3f26b997 bef5632f 3f4fb9c8 bef22f22 3f1fc374 3e17c3bb bd609072 be690d02 bf16cd85 3f4afda6 3f083772 bf4577d0 3f725de5 bf3d2fae 3edf7af1 bf3421bb 3e896ab8 bf77d617 be9b726a bf5cc38c 3dd96829 be092c1a bdb209b4 3f4c85a0 be7d1d91 3ed2e2a4 3ebb5a50 bf0b61a4 3f6d39ea bca49c0b 3f1801a1 bf01b147 bed21e5c 3f5d61dc be05550d 3f253365 bf57d7dc beb5d2ea 3d3a918c 3f4741c1 bf2c39a8 3eeabe97 bd0fb215 bf430f84 3eec42cf 3ec056e9 bf5c0796 3f3585c0 bf55319a 3ed04e7f bd9f6990 be06747b be860e8f bbee7f4c 3ef7cece bea8667c 3f04c98f 3e0fb483 3f098f6d 3df3d9c3 3ee98300 bf2dcda2 3ee64ee7 bf4bbdc6 3c1a3af5 3f122f7b bf1fad8f 3f08a187 3e46945e be8b9a88 bf6dafd7 3f696dcf bf678fd5 3e989a6c 3f216986 bf5c1fde bd190f8f 3e85f664 3e3f2c5b 3eb99e7c 3f4b63b0 3f204d93 3e7a74d7 3e065d1f 3f335bc0 bf700bf1 3f1c2778 bf0b6567 3f349db0 bef3f6f1 be27d4b9 3ef33e97 3ee8ced7 be9362c5 3eefd683 bf00c77c 3dbb58af bdc598bc 3f50d39a bf07695a 3d4a9304 3e57fcf2 bee05e8d 3eaf46a6 3f00479c 3f52df9c bea712ab 3f1c597a bf1b998f be98eaf5 3f6dadd2 bf6587c6 3f610fc6 bf3e6b93 3f6475ed bf591bba 3f2675c6 bea72695 bdcf18bd be164d4b 3e4bf496 befd3af9 3f17097e bea9866c 3ef136eb 3f36a19f be93c65b be66ecad 3ed55eac be103cec 3e862a95 bf0c7d63 3f2adbae bf5d99d3 be139cb8 bf5b21c9 3f278585 bea9f28e bf2ed594 3f4bdbd7 bed32a8a be382ce9 3de4c936 bf1ea9a2 3e8d22a8 3eac7a38 3e2e6d15 bf4e73ac 3f6b79e3 bf373fc9 3f2e8581 3f077397 3eccd2df 3f1de172 be6c9c90 be23fc5a bda6984e 3e9f7268 bf10cd94 3f1daf9d bf6155f3 3be77e88 3ec35a59 3ec43a5c bdff36e0 3f532dd8 bea7b664 3df118b2 beab6aae beb8d2ca bf52efba bf2b41a1 be86ea4f bf0797aa 3ed30aa3 bedacf0e 3e65dd0f bf26e9a4 3f737007 3ed11298 bf43cba1 3edd7295 bea8fe59 bd333014 bd5c326f bf3aeb9c 3f6e01dd 3c6cb877 bf395d94 3f692be6 bf0bbd85 3f7705fc becb8e82 bf58bbf0 bf4bebb9 3ed6f2ce bea81a99 bf2e1d9d 3efb7e97 bf75b9e3 bd5c903f 3f26f578 3e6dfd2f be46f53d bf05356d 3ebf42af bdd5a8da 3f30618c bf6db785 be58c475 3dc8583e bed67ea8 3f1a6589 be861692 3eadce37 bf793617 3e8e4677 3f591fb4 3ee2beb9 bd7d5157 3ee916c8 bf10e7a9 bde31861 bdb4378e bf36f7a7 bee5768e 3f4c2596 3f147385 bf4cf3bb 3f270ba9 bf20f55e 3e77e581 bf7dda4e 3e02247c bf4d93ca 3ec0968c be694d19 3e0234f4 bf42a1be 3f246581 
bf55cda5 3eb5b6bf bf2c4baa 3da547cf 3f02bd53 bf7501f8 3f15d58c bf1eb79c be652cd1 3f0fdd6b bf3c319e 3ec52aa7 3d90ca10 3e567465 3e1f94bd bdb378a5 3f1e934e bf707410 3e0e4c62 3c87a367 be8f8267 bededa65 3e303558 3de8783c 3f293da8 bf2a3b9b 3c819cbe 3e7f3ca3 bf5205e3 3f40ff8e be84b268 3e93ba67 3ee24e9f 3eabf668 3f7dde36 3d588e8e 3f42838d bf41f1b6 3f4163ca bf5eabda 3e833e48 bf6addd3 3ecc5ec3 be03dbb1 bf264b92 bd856751 bf6af7f5 3f633bf5 bd6630a7 bf77e9f7 3e8ce281 bf113b67 3f7e923e be7c0ce3 3eb5e282 bf3a5798 3f22a7b4 bf3d8dc9 3f51a1b8 3ecafb25 bf2c5d96 3eb426f0 3e9256a0 3e838258 bf3983b6 3f7753e5 bf710bde 3eea12d2 3e215507 be4eed06 bc0f3f4c 3ea0ae5e bec8ae89 becc8f01 bed32e6c bee42eac 3e0fbcec 3eb50e89 bf2abf79 3f7a35e7 bcc21f64 bf224582 3f7309bc bf5a09cf 3e21e47d 3d5ef009 3f68980f bf6509c2 3f2da5ae 3eb682a1 bf7605f4 3f747dfc 3ead3699 bf69fddb 3eb1ea7c bf05fdac bf2f2975 bf2d0f90 bd58b0ad befeeefb bbfc83e2 3dc97996 3ed8d6a3 bf194962 3e7ef432 bde099ac 3ed5eee7 bedf2310 bf4e4dc6 3f1a9d62 bf53ebd5 3f3721b9 3d852841 3c925d42 be3e9c8a be94d289 3f17174e be8a2eac 3b8d8283 be5bed41 bf5ff9d9 bef3f2fd befb16c6 3f5ee3d0 bf34a77c 3f6a89d7 bf7a682e 3ec33aa6 3f39477d bf47f7c4 3f1e7973 beeedeaa 3f13fd89 bf4a29a1 3f7dae54 bf29db74 3f631a09 bef87b06 3ed7bab0 bf347b9d 3f0e3562 bf7613fc 3d91a7a6 3f454fb4 bf7fba6c 3f356da3 bf449998 3f011940 bd3b10de 3df2986e 3f58b1db bd1baf10 3ea49291 beafb272 3f4c19d1 bf2ea17b 3e9d06e5 be43fd54 3ef452d2 3ee4eeed bf1ba55f 3ee932e1 bef39ef5 3f58b3dc bf7fee8b 3eb666ae bed27abe becf66c0 bec95e91 bf0fbf67 bea43e48 3f5d09b3 bf4ef1bf 3ed88b0c be05bc1d be2913bf 3e2b0c60 3f299998 bf790215 3ead6248 bf5e8ddd 3d941760 bf0a7f60 3f6cd9ee bf3bb7c3 3f6c15c2 3f0dbb7b 3f315fbd 3f17ed90 bcb1a1ff 3e1d4c4e bdeae9a4 3d91779d 3d815979 bf2221ad be400524 3ecdd2dd be901a62 3f218588 bf4abd95 3f29fda5 be932662 3ef26698 bf2bf9a7 3f60e7f5 bf45e398 3f0b9f60 bf7ea063 3eabb66d 3f75b222 3f5053e2 bf0fbb73 3f276986 3d65d0c7 3e20fc7a bdc307a8 3f40ef97 bf38e38b be6354b1 3ef322c3 3e9a1e76 3d1131f7 bf216562 bd671306 3f256d88 3ecef308 be69fd2e 3f12a587 bed812f4 39991cea 3db49966 3f472d9d bef65290 bf03a178 bf1b9774 bef296cb 3f3fd19b bef7fe6d 3eab3ac4 3dae68d5 3f69da12 3e1b253a bf7295df 3e4d8c5a bed272b2 3f24f9a0 bd5b0fe7 3dde9943 3e49a4ae 3f494f8f 3db9a896 3ec62a60 beeccafe 3f634dc5 bf5631b4 3f71d40e 
bcc5244d 3ed2d6e6 bcba621c bb76d237 be37a52d 3e875e2f bda027cd 3ebae6ab 3f09a368 bf798805 3f6c9203 bf28b3ba 3ef212d8 bf09e973 3eb446b6 bf218fa3 bc60c06a 3ec4d6e9 3eb15a8a be8aea3b 3d6bef67 3f4be9b7 bf1ce1a2 3e5db45e beafd27a be924268 3e9b1ac5 be8ee67c 3f3f519a bf2227b5 bdcf2865 bb4d0295 bf0bdd77 becd5aa9 bf19ab99 bf6cc7ca 3f4927aa bf61f3c0 3f29dd79 bf1ae988 3f6bf006 3ed356f8 bee9ceef 3e8d1a5c 3eff469a 3ec1da9a 3f46b7b5 bf7b1e46 3f31a1a3 3ee6ae9b 3f05cf73 bf685fd5 3ee93eea bf6333e2 3f7a9226 bf410f9a 3f0d9949 bc26bf05 bf4f07cb be3b049e 3ef95ec5 be7acd42 bf5179b8 3eb042d4 3eac6a4c bf018159 3f12f797 bd82f9bd be862e6b 3e94b66a 3ab60be2 bf4c67df 3f1e339d 3ee22acf 3eda8af1 3efc96a9 bf38f368 3f04b345 3d4670c5 bf12819d 3ea6ba4f bf1d5373 3f4c33b7 bf71e202 3f62efc8 bee49aa4 bf180378 3f66e7d3 bf677bf6 bdb5f8a1 3ea4e64b bf4ecfa3 bc48c261 3f48b5a8 bf22b17c 3f7b9803 3c78b468 3f538ba0 3d487321 3f13f99f bc8b1f28 bf25057b 3f24b976 bf4157cf 3f729fdf bf245b62 be3a2cd1 3f3099a2 3e27447c 3e70dc7b 3eed52a8 bf6c0de8 3ed09f23 bf4f75c5 3ec0ba7c 3f03797b bf422d9b bd58d0f9 3f06c58c 3e786cba 3f51c1ae 3f26a37a 3edcce75 bf697dfb 3f1fd388 bf37399e 3f7ed845 bf5977c9 be85a237 bdfeb8f5 3e7eac9c bea07664 be770cfd 3f1a777e beacce6b beb7c690 be4755ab 3daf28a3 bec886ab 3f2fa784 bf033d83 3f1dc5af 3e38e4da bf5cb7a9 3f2721a0 3e1bd3ff be9bee2e 3f291f98 bf4fd595 bdaf594c be1374c4 bf248b87 3debd7e0 be381cad 3e4cbc98 beef569f 3f4aff99 bf0c25a8 be3b8bf9 be498d12 3e410496 bf08616c 3e7eb494 becc1af0 3f3699a7 3e93ead9 bc6ec371 3e739d51 3ec556a4 3f011d5c 3ec76315 bf11a386 3f27918f bf25e786 3f728a0a bf64a7f3 3f6b6be0 bf6da201 3f12b169 bc614490 3f50f3b4 3dba89d5 3e681cc0 bf6a49f9 3f7e7e3f bf61fdd5 bf01c189 bf4d7bac be501d59 bf17c576 3f5de7c2 bf4db3cd 3e8ed68c 3f44fdc6 bf034d8e 3f7153f8 bf61a5dd 3f1c5d7e bf187d67 3ec71699 3e9b1eb3 be816685 be9f9668 bcec6137 3e1de4b3 bec4e6ab 3e350d05 3f4399b1 bf02417c bf38bb89 bf6eafed 3f31c797 bf2fa99d be4a5cc6 3d4f11e7 3eb7fa9e bf525fce 3f7441fc bf280bb3 3e8ecec1 bf5b0fb3 3e0bdc75 3f6c31ee bed87ef2 be3d4c91 bf487dc5 3f27abae bf7b0c00 3f214d5a bf18d794 3e9ddeaf bf78f829 3f45bbd1 3e50b504 3f5341cc 3ec0f6c8 bf5c3dc9 3f0c1760 3d680ddb bf4b617f bcea24a9 beec9e87 3f41d9aa 3e649473 beca2acc 3e07c3f9 bf5729a6 3f62dbec bf78da2d 3dd77893 bf7a2805 3e27cc91 be25642e be7bec92 3f5f45cd bf71d7e7 
3f300bbf bf6a7de5 3f6df1e0 befb9a9a 3e310469 3e3a3c58 be8bfa4f bee81323 3d34d364 bc06b923 3edb32a0 beab02a5 3e73c489 bf1c3598 3f368d9e be171c6a 3ee18ef1 beef7e97 be767453 3ce81d74 3eb29e74 bf74280e 3f785016 bf49edbf 3f22359b 3edf2ef3 be6d24be 3ea82694 bf3ab1a7 3f3cd7c9 3d60b15d 3edda692 be91d288 3f5bd7fc 3efcdecf 3f45f795 bf56c1cb 3f04618f 3ec8aae3 bf0c876b bc134228 bf6749f0 3f307778 be86ae35 be9f1a5e bf54c3a3 be39fd37 3ecdc6ca bf16f16d bf1f6388 be462543 3f2e6ba9 3e6874d8 bed4da84 3ee72ac4 bf3555aa 3f207196 be8de288 3f056b75 3f1d45a2 bf6897ba 3f237b91 3f5495b4 bf6c7ddc 3f29459d bf4903c7 3f132781 bf5f5fc7 3f5b03c7 bf56fbcb 3eb4ee28 3f3a73a1 bed2f2b1 beebd689 bf61a3c8 3f012187 3db84982 bf45afdb 3f657dd8 bf5f23c9 3f5d3dae bccb9ea6 bee72ac2 3f2b8799 bdc9e920 bed9f714 3f302bca bf36c7a7 3f509bdd be817e89 3f3cb7bd 3e9ff682 bf03d748 3dd5d7f4 3c744649 bf10937d bd1d93d9 be9c366b beb32a6c bf73f1e1 3f5cf1d4 3c91245f be963e84 3f161171 bf24519b 3e0974a2 3f26bd62 bf7bec28 3d4e5341 bee39689 beac9ef3 3f3acd73 be10cc2a 3f6139cc bee16ecf bea0364d 3ef45ec5 3ea98a86 beff66fe bf3b1bc7 bed4bebd bf77d811 3cf65f72 bca41f0d 3f196969 bf0d9f76 3e1fec6b 3e021403 3f251b93 3e236444 bec9031b 3f34d177 3d6aef23 bf15b37f 3d5a10f2 3f609dc6 bb52d9c8 be87ba64 3f5ccbdb bf79d20f 3f388bb0 bf5937a0 3e6f6cde 3f2b19a6 bf5a67dc 3ec26e8d bf1c3198 3f078385 bece0685 3f797a0d be8d825c 3ed4e6d3 3f13db7f bf3d21af 3f26e7b8 becdcec6 bdcc88d4 3e574cc0 3e692cdb becb229c 3f65d5db be808272 3f3815ae bf29fdb1 bd9f5868 bf60b7df 3e60d511 3e1664d6 bf21a382 3d8daa44 bf3f3376 3e4e6505 bda0689c 3e55cd9d bf558fba 3f769ff0 bf7163ee 3e35bd1d 3f2c39b1 bf7229d6 be2a3cb0 bf511fbd 3f562fdd 3d452e95 bef9467c 3e8c0e65 3f7d6027 3c3c3f8b 3f6a23e8 bdc1082f bf42f9cc 3f6da3d5 bed1f238 bf7505ec 3f1d6596 bf4487cd 3f52059e bf753032 3f7a6435 bf146f68 beeb02b4 3d716f8f 3f32479b be354470 3df66964 3e88ae52 be72c4ba bef55300 3ede8694 3f2c5990 3f457b9a bf1f21af 3ee7d6e0 3f6b5fe0 bf750deb 3e89a266 be23e4d4 bed85304 3f677fb6 beedd6b7 3f7f5a78 bed1168f becd02a6 be96ba54 3f59f7c9 bd03f173 3e6fcd2d be5fe4b6 3f3175a9 3e456c8e bd8f086a 3f07c98c bec656e1 bf2cdbb0 be960638 bf005d79 3f5819ba bf7335f2 3f3ca778 3e42351e be295ce3 3f0a1d79 bf22118d be82ce3d 3f5ea9b2 bf0a3388 3f7ce428 bf551bc3 3f3bb7a9 bcfe1ee5 3f317f90 3f0c75b2 bea8928d 3d85f801 bf64b5ac 3f51e7e1 
beb652bd bdb288b1 bec4b6b6 bddb59b7 3eec6af9 bf5d2bc4 3f75c218 be4b24f8 3f043d53 bf09855f 3d28b00a bf097381 3f2f23a7 3ead4a9e bf4269d5 3ef6b6c7 bf0e8f9b 3bf57e9d 3f7a9823 bf7da863 3f51d7bb bf32d7b0 3e969669 3e6a1538 bf4cff7f 3e878648 bf3ee55e 3eac7e5c bd5691d1 be342574 bf3593b5 3d96e989 3e0abbe5 bed2eeba bf68d9ee be82469b 3f4ff392 bf0fbd74 bec4ca66 3e63acd5 3f5fdfc7 bf25fb71 3f6f5df2 bf7cee2e 3f37dd98 3f433590 be1a3ce3 3e171c7a 3ee6eadb 3ee3ce9d 3e35f4a0 bf112555 bef63ad7 3f519db0 bf262f9b 3f42099d bec4e282 bf0db181 3eac068a bf3de5c6 3f268375 bf22bd95 beacfe7f 3ee21678 be900e97 3f035f90 be9bc2c2 3f21597e bf19896c 3f33d7a9 be50bc7a bf090d4c bdff97cb 3f6309b4 3f116f8e bf5697c9 3f0d8b60 3e2f9d27 be760490 3dd028c1 3e112c8c bf6173d9 3f699dd9 bf5747dc be000c3f 3eedfa90 3e909e76 bf4271ad 3f4789a6 bf6191c2 bf246388 be21f459 3f4729a0 bf5df7e2 3f732bfc bf081168 3f0cf182 bedbdac0 3f682dbc 3f0ae18d befebb00 bf0d8f91 3f31679a bf3759b7 3f03ef75 3d070f0c bef38ab6 3eb9369a 3f5487c2 bf095f86 3f6c5bd1 bf0ff57d bef9cf02 bef06697 3f1f5599 bf19f37e 3f055d82 bf58c7af 3ee5be78 3f554fa2 3f090599 3f07f781 3eb8f270 bd27b263 bef9a69a 3e9deea0 be623529 3e24fd07 bf70a9f7 3ebd8ac8 bea15e87 bef6aef8 3d3f306d 3f0aa768 beb562b1 bea24a2d bf2e9195 3f529dc7 bf5c27e0 3d88c9b0 3f31b198 befc730f 3f074b5f bf6c8a02 3f68afc6 bebdc6bb 3f2a0b80 bf693dc2 3f6531f9 bf72d1e7 3caf68d2 bef69edb 3e159cff beab1680 3ef6cea0 bf01c39d 3f4735b1 bf6f61ce 3f7425ec bf009975 bee412a6 be5a2455 bf065382 3f523fca 3cd119c1 3f6bbbdf be82dad0 3cb49c63 be7504d2 3f10b18b 3c314413 3f4595bc bf43c991 3f11e55a bdc62864 3cdddf88 3e6ba4cc 3e7edc7d bf265793 3ebaf6bd 3f596bb5 3ea58642 bf739601 3e899262 3ec93ac7 bee102a3 bec57aa2 be429c6a bf54c7a5 3ec7fe97 3f18cd73 bf28078d 3ec94a9c 3f082d63 3dedc8bf be183467 3cfa20d9 3f0f053d bf60afcd 3f018342 3f5e2bd6 bf26c586 3e6a7417 bf216f97 be21148b 3ed3ea94 bf03bb86 3f4d35a5 bf6c73ef bd1db3f2 bf70224c 3f5017bd bf33bda7 bf6fc202 3f72e818 bdeaa871 3f34eba1 bde458fc befbeeca be991a8e bd94b7ee bee38a7f 3f6b33e7 be0b23eb 3d06ee22 bf6effdb 3f30ef68 be5e9ceb bf0aad4a bf79d00f 3f43479e bf51bde3 3f404b88 3f04974c 3dbfc937 3e9dc26b be54ccce 3f06ed93 bf5d1da4 3da1583c 3ea36682 be988275 3e843e55 3ca9e1c5 bf46fb94 3ee856cd bf356ba3 3ea25aa6 be01e455 be3fcd35 bf178b74 bf275bbb 3e729443 3f1a8b6a 3f00519c bf3c4799 
3e63bd06 3edc62ab 3f43a59b bf41cfc4 3f7c4412 bf5843cb 3f023542 bf6397ca 3ed5b694 be969260 3f551bde be16d467 be24dc61 bf37f5b7 3f6055eb bf647fdb 3f7a9e1c bdb7f8fa bf6c03bb 3f56d3df bf19b58f 3f7723e2 bf21d382 3eb642b3 3e8b7e99 3d4b1000 3ea79635 3ece8650 be96761a 3f370da5 3eaa6e67 be03ebff 3cf95b80 3d21f0a9 3f4711b5 3e5694b6 bf7bac2d 3f367d96 3e22bc68 bc9024a1 bf6be3f7 3f5037a7 bf708c02 3f525b9a bee99eeb be877e5f beac7a9a 3c763ec4 bf1c51af 3d875787 bed0b6fd 3ef55ed9 3efd9efb bf74efd8 3f3e43b4 bf4a359f 3ed4ba71 3ef3a2f6 3ce79ee7 be4e5ccc 3cf91d5f 3f3c71a2 bf2ac790 3ef12aae bec59ad0 bded88f9 3e29ccca bf17bb87 3efc628c bef75ab9 be071475 3ebc4e96 3eae2e87 bf749412 3da05908 3df839f4 3dee57ef bf499fb7 3f2d4171 be9f4e60 3c65c22f 3eebdeff be3d149c 3e93ca8f 3f0b8d7b bf616db0 3cc15fd0 3e7314a4 bede6ea4 3f4b01a9 3f6799d1 bee3b314 3dae893b 3e926ed3 bf6603aa 3f7d7036 beb036a3 3d8b29f6 bee7f2ad bef4f2f8 3e2d1c92 3f4237bd beb5ae9d be07ecbd 3eea6272 bf5db1eb 3f7c9621 bf3cfbc4 bec3d677 3ea9daa7 bf312982 3e230423 3f65dfdb 3d64716a bf0d416c 3f7223f6 bf2e3597 3f041b8f bd06d0b2 bf1f797e bf51b19a be25dc6a beef4ab8 be4ed533 3f22bb93 be6ba4b8 3ef43688 bf11cb69 3f6f4dfe bf1b7fb6 3f5a47e1 3ed78e93 bf40b984 3ee9b6c5 bdcbb9f7 3eb0f2de 3f29919b bf6b59df 3f5b01bf 3d6def29 bf51e774 3f3c5185 bf2583b7 3f1be18d be8b96d4 bf11b78b 3f332f7c be8f2e52 bd8257a5 bd03b0fd 3f34afa1 3e84ded1 be9c0680 3ea50a4f be5d2cdf 3da668f9 3c66bc3a be8fc28f bd96885c be2fc53d 3f78f204 bd9298bf 3f0fa158 bf6ed1f4 3d02afc8 bf28a79b be6e2c9e 3ec1aac5 3f03b949 bf150172 be412cfe be24f4bb beb89e7d 3ef6bec7 bdf9184e bf32a9cc 3f3be1a5 bf5a13af 3f5cd1e3 bef4ba8f bf187f76 be3b948d 3f2673a2 3c9a9e6a bf3275b0 3f70b5fb bed982b6 3ebfc68d 3f38fda8 bf26e595 be4bdcb7 be3aec8a 3e3b8c65 bec7c260 bec65ac6 3f0b9582 bf57059c 3e975e85 3ede5ed7 bf369963 be8336dd bd422e95 bc5443f1 3f319b7e 3e8b0279 bf3f2d90 3f3f8dd7 bf0fc98d 3f74d3e3 be5ecd19 3efa76fb be7904cf 3f036779 3f74fbff bf3e778d be54750a bf72ddfe 3e98de58 3ed68e85 3e4fecdf 3ec97aca 3cd022a1 bddde84e bf5237ac 3eebf2d9 3f1d8751 bf1e5bb8 3dd157bf 3f4433a6 3f4f81d6 bdb66a15 be8a5a4a be3edc6a bf4df9ca 3ef852cc bf4551a8 3e80d252 be86e653 3f139790 3d8478b1 beab4a80 bec972a7 3f29617e be4ec550 3f69cfd7 bf2b39a7 3f47bbac bc4bbdc9 bef082b1 3f1fff5b 3e44641a 3f76dbf5 bf40cfa7 be62ac76 bf576dd3 3f4b3db5 
bf240371 bf08ed84 becaeab8 3e8822b1 bf3ea3a4 3f054580 3ec32256 bef1de77 3f60c1c5 bf4b53b9 bd142f26 be7394d7 3ebede7e 3d060edc 3e9c8e6b 3da6b948 bf25479b 3d80482d 3ed74aef 3e7bd538 bf7c662d 3f06713f bf771bd1 3f35fda5 bf7fe269 3f1da367 bf42bdb0 be287cf2 be8aee51 bf66d7ba 3f072f6c bf15b583 3eee76e8 be8c9680 be17acd8 bd44d1e0 3ecc72d9 3e122cba bf4a41b0 3f348fae be283c0f 3eb7be82 beab1abd 3e9bea6b be79ac76 bdb198e0 3ec52285 3f2ebb9b bf3c0b96 3f7fd88a bf0bb361 3e8e627e bed2f6b9 3f3969ae bf096b86 3ef0d6b1 bdeeb856 bf024568 be1ad4f3 3f09a768 bbba7c12 bf5111ae 3f4557ae 3e4cb453 bf11354c 3f74bfe2 bf233782 3edd7ab1 3df50993 be48c436 3ef8ba99 3e2c351a bf38039e 3f7fdaa1 bf16d385 3e9c1eae beaf5e78 3f6fe1c8 bf736a26 3f4607ac bf4ae5cd 3eed8303 bf0f0d75 bed166ce 3ee876b4 bde2982a 3e6044a0 3f183585 bf208770 be4e6d50 bf5479af 3e9a7e33 bf17dd7c 3f0ead5d 3e3fa4bc bf3d4f9c beba6669 3f3cffa9 be7894aa 3ea95ac0 3e2b24cd bf36c388 be0dac29 3f57d1b3 bf6f7a05 3f7ff2a9 bf33b994 3ec996d2 3ec2eac9 beedd2ad 3f70abdf bf31fd90 bdda77e6 be93163d 3e9db2be be896e62 bf057d88 3f690ffc bf50d9b5 3ec892a4 3f6549d5 bd06519b 3f317181 be070502 3cdbdfb0 bf7109e7 3f13099f bea38e93 3ea7eeec bdc2c8f8 bf6e8fe3 be11dcf7 3f65dbc0 bf785221 3e8efea9 bf016d5b bdae87a8 3f18e57e bf6f43d7 3f553dd4 bf3b739c 3ed11aa2 3e6064cd bf16fd7c 3f48b7b5 bea45a9c be86ca3b 3e07ec84 3dcd68e9 3e889a69 bf0dd156 bf2fcf78 3f3499a8 bed66303 3ed642e5 bf5d7ba2 3f6947eb bdd0391a 3edd4ae9 bed09e98 bda61937 bf7081c0 3f6bbde1 beff5ef1 3f6685bb be09bcd4 3f63fbd9 bf61bdba bf3559aa 3f7e944e bec5baa8 3ee602e4 3ef996e1 bf5f8beb 3ef662cf 3ec072be be3e545b becf7ecf 3f1b1f9b bf02e97c 3f7f5245 bf2f8fab 3f10eba5 bf555fcd 3f4e79ac bf3f87b4 3e9f32b3 3e209c84 bf3e3db3 3ec4967a 3f08575a 3ea772ac be9e5e5e 3e88ca50 be596cc1 3f0f2158 3db987cd bdb29975 bedbfa95 3f6f95cd bea17666 3f755004 bf6af3f0 3e2c4c84 bf5387c1 3f7fac66 bf46d18e 3e67851b bf611bad 3ea22abb 3e665d8d bf3c89b6 be0324a4 bf56bbb7 3ee412bb 3efc1ab5 3f5e55be baea3202 bf3de993 3e970687 bf211797 bf006188 3f3d2ba8 3e5a048c 3e18b410 bf4c29b5 3f2f8d9d be8c026a bf14f774 bf2f6f94 bec13acc 3f34c989 3f3acb96 bf0e898a 3f6bd9f5 bec46ac0 3f05c353 bead3e65 bc784405 bebcaa84 3ee00eb7 3ea7de74 bec84272 bf18795c bea696c2 3ef89aab bf3f559f bd74af68 3ef22ecf bec316b1 bed81eda bf0e097b 3f365fa3 3d340f96 3f49f7aa be562c92 
3f24678b 3f7b081a bf143782 3f34b9a3 3e9d9e9d bf043b6d be061cc0 bce7a6d3 3d22520e be84c654 3f6771e6 bf64b9d3 3f649bc0 bf22ada6 bec38652 3e1434da 3efe5b0e bcc362f4 be995a6d beb61ebb 3f7195f1 bd5dd20a 3f33cb86 be276c08 3e5334cc 3e677cd7 bddb49f3 3f5659a7 3e9f6a5f 3f6fd019 bf3f71b5 3e885eb9 3ea51eb7 bf38237c 3f05394e bf4aebaf 3ee33a6d bf5c29d1 3f7eb084 bf584dd9 3f084f66 bf37c1b1 3f4c4bd9 bf3dd5de 3ed5267b 3f19cfa9 bf1bc998 bf082766 3f5ac5e7 bf3c8f8f 3e3414f3 bdeb8957 be05dc73 bf17bf89 3f6859c6 bf6eb9db 3f22d9af be5fc4d7 3f373fab bf6f41ec bd93d7e8 3f3d299c bf5e25bb bed246e6 3f1dc992 bf68a5f7 3f03ed71 bd82c933 bef64ecb 3ebde29c bebb728c bf46857f 3f491da8 bf436fdb 3f0cfb58 3e8c1a23 bf3d3388 3ed69e63 beacde9d 3ea3c2e6 3df4998c be20e520 3f4087a6 3e840293 bf7f947b 3f6135a5 bf234da8 bf34edae 3f574fb0 3e0aa4bd 3e4fb4c1 3f4229ad 3c1e3966 bf1ca37a 3e9e168d 3ebaba21 3f5355d9 bf7ace28 3eaae23d 3e257d01 bef3eee9 3f0fb98f 3ebc2636 bf6f3dfb 3f3ed99f bf35bfc8 3e454492 3dc02919 be69f54e bdf1f815 3dd5c8cc be8626ae 3f1f376d becbb2d0 3e67958b be34bc7f 3f5a55dc bf78c825 3e63f548 3f28db99 bf534dc1 beeffe89 3e02ac4f bf4f81b8 3f6c8612 3f1b9387 bf08c97f 3e9faac9 bf4a27b6 3ebe167b 3f7323ff be487d00 bec332b2 3ed51a86 3f190f64 bdfdf8c2 be5dfcf1 3e837673 bf27a786 3f3e19a5 be8d428d 3f0b4d7e bf6a69fd 3f31efcb bf65b3d8 3f71fdea be2d441c bcac9fcf 3e60f43c bf7e803e 3f61c9ec 3ed522a1 be82d6bd beccfa7c 3f00437c 3e80e652 bebdbeaa bf6d5be9 3f3c6ba4 bf045f71 3f1c1176 3e9b926e bf3c77b1 3ebbb6c3 be1984e9 bf5625a9 3db3473e 3f1bf976 3efb02ea bee056c2 be94fe36 3e2c8c35 bf17ab7c 3f08057f 3c3d3d8a bf5a57d5 3f3689a3 3e878a3e bf101985 3e677492 bee0dea2 3f3361bc bf68c5dd 3f291599 bcd4a3d7 bd697116 3db87902 bf08519a 3edb2eab 3e215cb5 bf4a81b7 bf10e9a1 3ee5c28a 3d4d709e 3e6434e4 bf3c5d8f bdfdc93f 3f024986 bebd62c0 3c733cfd bf357789 bd72afb4 3ed34ad6 be63bd59 3f576bd9 bf4af9c5 3f1e076f bd826898 3f79b00d bf3e8195 be239be7 3f56bfe9 3f0ed574 bd8708e7 3e82aa12 bf355bb8 bf60abd6 3d7ef060 3ed646be be3d7c68 3edb22d6 3f6763c8 bf2e7b8a bf28b7aa 3f4825be bf49af85 3f6f29ef bf312da2 3f794847 3e55a553 3f282b8e bf70c5d8 bf0fd376 3ecc6ec8 bf4567a6 3e451c5c 3e08cc20 bf1e2d97 3f74dde9 bf50f39e 3f5a5fb1 bf59a3a4 3e98eea7 3f5e4ba9 3e932e46 bf154b9b 3f2a11b5 3e5ae503 beb0ce69 bd2310f3 3f4241ce be046446 bdc968a2 beb8569e bedd8286 be81d25e 
bf00cb72 bf468b79 3f18a985 bf6a31f2 3e58d42c be7dccd3 3f5071c5 bf2d21c1 3f4775cf bf58f1c5 3f35d985 be98569a bec6127c 3eb9c6ae 3ecd46b2 bdfc287a bf151574 3ea69a4d be0cf4b8 3f108b5b bf31339b bf4b47af bdec7880 bec5aeb4 3eb6b2a3 bf250b88 3ea01a65 bf6c95bc bf084377 bf17e592 3f08997b 3cab9d73 bec5a6d4 3ec47e96 3f410191 bec04a6a 3f6363d1 bea59acb bd18913e 3f04a153 bf1a4b5c 3f3d9fac bf6887d5 3f72b403 bf1f3995 bf01f56f 3ea2b2c9 3dbaf908 be3b1c7a be5aa45f 3f20c180 3c7dbb80 3e927eb8 3ee44ae8 bee0fabc bdbbf8af 3f244d74 bf6661ca 3e911653 3ed8a6d1 3dde192d 3e1ac330 3df8b857 3f7cda25 bf1dfb7f 3f4a5ba4 bf0f716e 3ea06262 be1ea41e 3e92d285 3c8d5f8d 3f598fdd be5dcd6a 3ee4ae97 bf2d57a7 beeddaf0 3f7aea34 bf2b1d86 3f24b782 bf707dd7 3f5567ac bf7ce240 be985aad 3b650009 3f702210 bf776c03 3f2fc7a1 3f22538a bf5daff8 3f0c2363 bf7a4a23 bec2ca8c be854628 3f67c7e2 bf482398 bdac0815 bf30bf95 3eb79aa5 3e8da694 bf6d47ed 3f7e9e4b bf7b301e 3eec1311 beb48288 3f4bc7ca befe5ee4 3f160172 bf061b6e 3d8617d0 3f100788 bf4f2b93 3f392589 bef8fe97 3d9d77e3 3f12c55f bf0aa585 bec1e271 3f5985c0 be2f0468 bf16c97e be0824d4 3f7e2018 be703cbb 3f21c593 bf782e32 bf5903cf 3f5897e9 be9bfeac 3f6a69e8 bf3a8598 bbdc7e61 bf5189ab 3f5f2bbe bf130f64 bf546399 3f2f0b70 bede267b 3f0b356c 3f038f79 bf7353ff 3e721cb2 bf06f159 3f0a5d5a 3e512402 3d2a4fe3 bf4a49e8 3ebc0270 bed3fa76 3dc217cd 3f5d5fcb bed2025e bf32f199 3eef5284 3e788d13 bec796c4 bed936ec 3f2bafc3 3f2e4984 bf1b5b71 3ed116cc beaece6c be1f1cdc 3f5c2fd6 bf5153cb 3ee1aabe 3f33a198 bf0cff5d bea1c2bb bf0a696a 3eef86ff 3f1e3d9d bf4c5bc8 3f7d1a20 bf41b5be 3eb1f287 3eed32ca bf67c1b3 3e914e42 be508c51 3efef2c1 be6a7cdb bee30ea2 3f4605b7 be723c50 be99b69f bd20d1b9 3f04ed5a be2f146c 3f1e5195 bf78f242 3f6ceff4 3f5579a0 bf3d498c bbfe96d1 be931e50 3f1f7b78 3b4ee229 bdde08c0 bd3b91a9 3ebccaec 3f3acf9a bf3525b3 3f4a039b bf6043c9 3f114f80 bf788df8 3f5abfb4 bf654000 bee39a94 3f6ac1fa beb6a675 bf063b91 bf46319a 3eee8e78 bf0bd589 3f69ebe9 3e6d7555 3f266fa3 bf371377 3ee3cad0 beec370c bf5741af 3e9b5e78 3f117b63 bee3eef7 3ef5dab6 bf0b5774 bdd8889a bdcd2943 bf02dd54 bd2f9235 3e75bdcf 3f378dc7 bd52efe7 3f3849be bf7c3c36 3f7a6c39 bf3657a5 3f3a5195 bf157d81 bdd9788a be11d4b2 3f053b60 bf78900b bf0ee58c 3f637dbf bf4edbb0 3ccfe35e be5e3c74 3f2ba378 bf7f4656 3f13c38a bf12ad4d 3f5c15c2 3d10b326 3ecc1e7f 
3e81ba71 bdd398a3 3effb283 3d93786e be5b94c4 3f27939f bf570da0 3f0b838d bf34599a 3f35517c bf4b3dd2 3d6771d1 3f55a9c0 bf258f5a be3d3c93 3f0f758c bec2927a 3f10f174 becfe2ae beae4ede 3f4a0799 3f1ba59e 3f4277aa beb2ba31 3e43b4c5 3d932a40 3ef2cb1a 3ec896c2 3efa7f0f 3f4a3dc8 bf71eff7 3eca0efd 3e044cd0 bf2cc7a1 be376c63 bf4bd1a8 bd29f204 3d0252b1 be69d4d7 bc90a00a bee796a8 3f72ffd0 bf5febb1 3f15a787 bf035d3b 3f7131ed be06dbe3 3e64d50b be0bf418 3efbbf09 bf52fdc1 bee8fabf 3ea7fa9d bf7a1a09 3f332b67 be73c4bd 3dc9f978 bd1c0f58 3e8802af bf259d68 bdb4786f bf128d70 be32dd2f bf276b86 be4874f3 3e2324d3 beaf72fa 3e84223c 3e34bcd5 beab4241 be4a9463 bf09a596 beb94a74 bea582ff 3f3aaba5 3f3fabb6 bf6ba5f3 3e294d04 3e7cb4bf bd45900e be09eceb 3f4e1fae 3f288b9b bf3df37e bf179976 3f735207 bf6e6ded 3e4154cd beba9e8b 3e1c5d14 3f3109ab 3f32e99b be6b543c be013c12 bdbd09d0 3f7d5211 bede5e94 3f2c1d76 bee866e6 3ec2dac0 3db5a8cc be89d290 3f291d8a bef0b2bf beaa8a9e bdca9713 3ef5f6ac bf21b799 3f67e5d0 bf7477e9 3f481fa8 bef2f6a7 3e7fdca9 bdb71844 bf5b17cb 3f283d8c 3e73bcb5 bf59ffd8 3e7afcae 3eb4f26d 3f46a3b4 bf615fe6 be5e4c99 3d86e893 3f41c7a2 3f5e8be4 bf20496c becfd27b bc61bba1 3c8de26e 3ce361ea 3f6721d8 bed6aec4 3ecc568c 3e5a7c64 3e61bbe9 be53cc67 bf01a95c bece1a76 3f0d257b 3f311db9 be971e68 3cc563b0 be9ba652 bdf2491c 3f53b1c9 be4cb497 3eba4a55 be28d3ff bf243182 3d4d5052 3ebe2a7c 3e0864ef bf4375a1 3f3ee9a6 3e137cdf bf22b37c beb69ab2 3eda9312 bf1b158e 3f1f8f8d bf2c638c bbcc94f3 3ee51302 bf4dafb4 3ecd82bb be100475 3f63f7dd 3e0c6489 bf33bf9b becbfee9 3f4b11ac bf73cdef 3f3fc1ce bf287574 3e8b2e45 3e55456e 3efa9ee2 bf33bb91 3f12696d bf1917a5 3f521fbf bf01d56f beef16a6 3f2f83a1 be865683 be04fc51 bec5e26e be4cec89 3f07adae bee68705 bf3c69af 3eff1ea2 bda5e9b0 3f331f97 bf5743c3 3f04cdae befb0a9c 3e9dda96 bf2b0780 beba970e 3f3203a5 bf5c89cd 3ecc3ad5 3d2a118c 3f0ff165 be9daea1 3e76bcde 3f0a398e bf657fba 3f05bd60 3f6a85db bef53eee 3f70ede5 bf3c95a9 bd0cf0c6 be32e4a4 bf54e9ae 3effa6b6 bdb44884 3d1470b7 3f1da18f 3f13e183 bf72a201 3f427593 bf54c1af 3f7d182d be6fcca8 3f1c5b82 bf299979 3f37e7bc beb57aeb becd1270 bf3dc5af 3dac274a 3f31b3a7 bf3f5997 3f0b4352 bf73ba04 3f3449e5 3f380da7 bf080d8c 3ee5aa96 be5354d3 3f55e9d5 be8206cb be6e0568 3f69fbdf bf1fbd7b 3ea1ee74 beca6e36 3f2ba578 be2a94d4 bebda2b2 be9c9ad1 3c9b6128 
3ed2769c 3e8b82a1 bf6951ec 3f022b84 be317d2d 3da738fd bf18ab46 3f58e9c8 be83f254 3e4974ab 3e712c93 3ea0a6a2 bf4725cc 3e81e277 3eb12a94 bf6947e2 3f5cf3ca bf5dc9ad 3f1dd978 3d2a916e bf097b78 bf798415 bec70284 bdd7b7df 3f081387 bf20ab95 bf219190 3e1e341b bf3a559e bee2aebf 3f6de1fe bf6663df 3f3b1975 bd81d6e0 3f439dba 3f1d5dbe 3eac1ea4 bf0be76a 3f28fb98 3da4590e 3e79e4b6 bf3faf97 3f0dc7a6 be5d8507 3e742c6c bec76ac0 bf1f6955 3eaae66c bf4997ac 3f286795 3db0394c 3f7521ff bf1a77a5 3f393989 bdc557b6 3de2499f bf484db5 3f774fff bf2b1f80 3eb9de7a 3f56699e 3d5eb190 3f6d2dea 3e419bd4 3ed5669c be9c3e97 3f2d3197 bf0f156e bd24f0c2 be572cdc 3f543bcb 3e9276e5 3edbeec2 3f1c857e bf74fdf7 bf4e91cf 3f3bad77 3e04b45d bf491daa 3f7c6003 bf575bb8 be8c62cc bf5b23ba 3f6d6e10 3f1d2fa9 bf6d13ef 3f3909a0 be3ba491 3f3a01a7 becb2ab2 bf2e7570 bea4c6ac bed7bed4 3f15318f bdc19791 bf479bc4 3ed6c2f5 bf0cab47 be97fe6a 3f3c419e bf7d8a23 3f3f696f bf7f2229 3f16b776 3f296b9b beda4f0e bec43654 3f123d61 bf0d454c 3e230c20 3e8e3e75 be98d2c8 be9c3a64 3f7427f8 bd1971b9 3ede2ec4 bf510bd2 3f7d5a20 bc9c60d2 bf55a98a bdc9d93f be99e296 3f7dce2b bf51b3b5 beeb1ef1 bf4669bb 3e92de95 3f5b13ed befca2b8 3ec6d2b8 bdc708c3 bf299373 bf19e58c 3efdc2d3 be800a89 bf08fd50 3f156b7b 3cd5df99 3f73e80e bf6949c8 bf4e77ac 3f041d9c bd438e31 beed4e72 3f564dc1 bf2a9189 bf3da389 3f36fbc7 bf14ff6c 3f2b4f90 3edac695 bf02d96f bc826261 3f134f8b bf1965b4 3e097cc7 3d8887de 3f180985 bf1f039e 3f5c23e7 bf12e582 3f67f5d5 bf63b1d5 3f7a9014 bebda6eb bdf11855 be183c82 bf717feb 3eb6ba59 3f009991 3efd1283 bf27d589 3edb06f1 3e861a5c bf25618f 3f4aeb94 bf6ae3eb be9ca2e2 3f66b006 bf5051c1 3ef3b316 be63cce1 bebb6672 3f6f7bdd 3cf1dd8f bf3db78e 3f794c13 be74dd09 3f0a3189 bee5629d 3e83a278 bd0f702b 3f3d3577 bf761bf7 3e8672a8 bef14ea8 3ee45302 becd1e9b 3f6339fa be2b7c1f 3f07ed82 bf42dbe8 3f680fde bda5c9f3 becfb688 becef2c2 3e32dc9b be462d41 3ec3fa6e bebac67e bbe68caf bf7b7623 3f34f39f bf7b0a13 3f32c7a0 3b18fac1 bdb6f733 3f3a55a7 bd3d706a beefe70a 3f04b15b bf08e375 bf692fca 3efdee8e be9cdaa5 3e5fccac be865e6e bf3e67a7 3ed966c6 3e7eec18 bec91aca be14945a 3f5983d1 3f11d353 bea7ca86 bea3aaca 3db13959 3e33c412 3f24cfa3 bf464563 bf39fbab 3eec6ef2 bf32dbbf 3f10c976 be4c4d2e bf4f73b9 3f318da3 bec93aa7 beb34e77 3f54c1b0 bf395778 3e963e94 bf29a992 3f6109a1 3d43f023 bee596f7 
3d04b149 bf57b5a6 3f6f7de6 be918e80 be4c0546 bc9a66da 3f339d8b bf0a415d beda5ea8 3e670d26 bf27198b 3e6da4e6 bdfc59d7 3f31a96e bf2b23a7 3f4e89c5 bedf6b03 3e244c82 3c243d3e bec136b8 3f69a809 3f01cf8d 3f6955d7 bf253b73 bda547bf 3f174167 3f23939b bec25ee7 3f6c37df bf031556 3ec31e7a bebb8e6e 3e846677 bee90eee bf54c590 be86a61c bf3cdfb3 3f72c1f1 bf3a75ad bf09c171 3eddc674 bbf578d4 3da89831 bdbb87f0 bee3eb1c 3f5c7be2 be7194bc 3eedda84 3f04d99c bf3363b5 bef402d2 be3434fc 3cd0dab2 3d4b50f4 bf4b4da3 3ef76685 3f0efb4f bf685dd7 3f3b8f8f bf09315f bee016b4 bf59d7dd bec4ae82 bf5e0d90 3f14138e bf2ef9bf 3ca72302 be217ca3 3f5083b9 3c333f90 bf290d8f bf5d29d4 3d11eefb bf471797 3f6b7fd9 3f6e6bf7 bf68d402 3f02e138 3c7b4350 bf1da586 3f307979 3f0b0573 3e2b148c beb28a63 bf3f5ba0 3f1d619f bbbe84ad bf24bd95 be05d45c 3e93eeab 3e749ca5 3f117178 3f185d7c bf47edd0 3e55355a 3ebd8ee5 be557c09 3f187987 3e4ae42c bf11a18b 3ed64abc 3dbf887c 3f01bf59 bee79ebf bf39c3b1 3f39b9a2 3e95ce89 be6a8d1a bd498d92 3ec8e2d7 bf7453f5 3f79da27 bd8e38cf bf4f51c3 be96daa0 bec8aa96 3f121766 bf5ff1be 3e59b4a2 3f28378f be7c753a 3f69b1f5 bf5b6bc9 3f63fde0 3e847679 3f427f86 be0263f0 bf59c9cf 3f0abb70 bf016586 3d9d492f 3f495d98 3f5a45f4 bf717bd0 3f48d9d3 bf128952 3f426bb1 bf6529c7 bedd96ee 3f44f5c0 3f4bedc1 bf369f76 3f1ee193 3ed38ad4 bf71cdd8 3f0a658c 3f4c61cd bf510fb4 3f5d218b bf5f95e6 be8c0659 3e606d1e 3dcf4a04 bf31f5b7 3f656808 bf5c95de 3f618dc0 bf5687bc 3ea50222 bddda89b bf5d85c2 3f4b79d0 be5c14c6 bf78661e 3f7253e8 be7c64e9 3f6fefef 3db5690c 3d48b19d bf58a9d2 be445581 3e845271 be67ace1 be9be61f 3f2ded92 bf28477d 3f3eb5ba 3ed48680 bf70e5e5 3f38f779 bed9ead5 3e5d4c55 3ed45e6b bf52f9c7 bf25bdbb 3f703410 bf660df3 3ea7b697 bf165376 3dc77840 3f0ec97b bece52b8 beef92d7 3f28c781 be3fdcf8 3f4925b3 bea7c682 3d400dd1 bf346b8f be853a3b 3ec9c294 be23144c be1d6cc0 bf0a5599 3f5d59d2 bdaec815 3f07d37d bf54d3d9 3d96b9c3 3e8a62b8 3f340984 beebce6c 3f5893c5 bf197187 3eaf72c5 be2054af bd9a7847 be4fcd7a be5d7cb8 3ecdfaec bea04e47 3e3254f1 3f265bab 3f5bfbc0 bf6083f1 3f5877c5 bebd92e9 3f79abef bf0e8181 bef5a6a9 3f790a06 bec70a7e bf3f6b9e be321cff 3d62eddd 3ea94a98 3e804e2a bf53a7c8 3e61c3e8 3dfa38d0 3f5e25be be00044a 3ef5870f bf266d88 bd837859 3f7c29fa be8da65b bed12aa5 3f250b95 bf3b0db4 3f3653ab be826e74 3f1a6f78 bf7699e9 3f088956 bda6b89b 
3f56f1b4 bdd5097e 3efedaf3 bf7f367b 3f64efa4 3d59b193 bf65a9e7 3f3821a8 3cb85f5e 3f3f47ba bf008581 3f4d81bb bf241d9c bd9b5877 bc6cb82f be656d13 3e51b512 be926aa4 3efae713 beb93a47 bec0ee4d bf4ab3b0 bf17f179 3f544bc3 bdf5a80c bf6117c4 3e960259 bf6b23f8 3f5d8fb8 bf543fc9 3effa2bc bc9e61fd bebe76c0 3f402d83 3ed99ece 3f4963a8 bdd29888 beb9466b 3f1c517a bb5eefe7 3f04e94f bf4c7db1 3f06916a be6abc7d 3ef02ec2 bf22e582 3e96c669 be3ed469 bf75eff1 3f6fc410 3f57e9bc bf39c1a7 3eadc260 be93970f 3f7209d9 bf6785bf 3eeb0efa bed6029f 3e6e0517 bda0b8c6 3f2ecb6f 3f55afba 3f3fa3bc 3ebace42 bea26ab4 3e932644 3f36c9b9 befe12c0 beeb16af bf0db78a 3f788c01 3f6e93f8 3e00a35d 3e91e668 bf57bdaf bece92ea 3e85eac4 be53b49a be399c9d 3f569bdd bf288583 bf468d73 3f388fc0 bf024775 3f6d5be5 bf090b41 be37d548 3f6ff9ea be905e98 be7b6cbf 3ec09295 bf783402 bf1c8b89 3f7be025 bf28e9a4 3f3781a9 bf3cbbcf be20fc07 be205c4e 3eaaaa6a 3c885c70 bf13e765 beae52c9 3f317d9b 3c01c61c be451c92 bf4e0fc1 3e51ad08 3e7f9c6a bde4682c 3f2ee9ad bf7ea250 3e93764c 3eec62a6 3f72cbc8 be2b8c25 3e4d4c75 3f067d75 bf491fba 3ea5d680 be910aa7 beb3ae80 beea22a5 bd8d9980 bed38ecd bf3a2d95 3e7f8cb9 3eb9d2b4 be90467d 3f3483b9 bf10656a bf071973 bf382db1 3f0b6b89 bebf4adc 3f129385 bf736c25 3f63ffc4 3e77dd04 bf72420e 3ddaf811 be89069b becfe6cc bee0be9c 3f7467fa bf7b4626 3f3577b4 bf6f01ec 3ee02abc bc885e6f 3f6691d3 bf761601 3f7039e1 bd3f8f89 bf01cf73 3f34cf8c bf50b3df 3eba02db bd92481f 3eb3fee4 3ebea677 bf1149a5 3ea5be64 3f487fc4 bf1ea798 bf371183 bd84879d bf2f0f9d 3f3c17b7 bd48507b 3f653bd9 bf020d83 3f0b5970 be8caa64 bca5e385 3e2494a7 bf7cca43 3f615fb3 bf5d33b5 3f6d8be0 be863683 becba685 3dc7c831 3ebf6aad 3f701bec bee402e0 3e923eac be802a64 3f6d03ec bf1b356d bec80693 3f0e3377 be0e4407 3e44bc8c bf268d93 bcd82433 bf30e3a9 3f49d58e 3f13a769 be7ec46f 3ea1c295 bf0b696f 3f0f1362 3e061397 beaae296 bea9b253 bde11a7a 3f410dab 3daef8d6 bf51e98d 3d0270c8 3afe0c41 bef53701 3eda2ac5 3d9a98a9 bf34c383 3f5abbcc bf142d8b 3f17537e bf105b71 3e547cc1 3e82ba6c bf5551c1 bf6453b6 3e94d668 be1b8c00 bf0f7f79 3dee9959 3ceb9c93 3e8b7acc bf2f0185 3e8f9e40 3f3f6391 bb34e0fb be00748f bcd0e004 bedca2c2 3f65c5e5 bf31c99d 3efe0efb bf778409 be3a83cb be273ccb 3f418bc9 bea1bea6 bed8cecb be87da1c 3f274b86 3daad88a bf1e4d60 3eefde8b bf5a3bdb 3f333761 bee882c6 3f053d55 bf646bca 
3ee08aef bf6cb7d0 3e359d1d 3e6cecec 3dab0985 bf58a3c9 3f532fd5 bda1d7ad bf7b020f 3edcf2b3 bf6161cb 3f240b73 bf05f388 3f592fd1 bef73ad8 3ef77ee5 bf18d96f 3f4d4bb2 bf7dbc54 3f298dae 3ef0b6eb 3ef9fb00 3ed8cad9 bf797238 3f366bba be09746d 3f484f9a bd4910f3 bf20db87 3f5c4da1 bf49d9b9 3f007d69 be1954f7 be2abc0c bf3361a3 bf366595 3f0b6372 bd301120 bec5267b 3eacae7c bf5ffda8 3f16a17a be1d0491 bdcba8ad be1ccc7d 3ec5d6db bf1a2d92 3e46fd35 3f60160c bf34e3c6 bf7c6e16 3f6725ee 3ed93ab4 bf78a60a 3f795c18 bf62d9da 3f1d099c be981691 3f3d95ab bf28db9a be821a6e bf7bf633 bf5b3db2 bdd0f8cd 3eb1a287 be74bcba bf7a4413 3f3b5198 3f10cf5f 3ee47f22 bf5fe5d1 bf4d8fd2 bf4c61c3 3f55d7bc 3e015c1b 3f448f8d bf4e79a5 3f5a65d1 bebd8ac3 be8b8673 bd8ec837 3f6713d5 bf43b5ae 3e542509 3cb222a8 be32d4b1 3f00ff82 bf783bed 3ef64eac bc811d9a be97de78 3f0c635b 3f731c1d bf6e9dd7 3efa8f40 bf7b3407 3f798220 bd30af5d 3ee332d9 bf5ee5be 3f218f80 3dc1d8f1 3eb86a9a bedcae7a 3de88972 3e82c248 3f46f1be 3dea68d9 bebe8acc beeb5a81 bd85d8a4 3f1de983 bd0070a5 bf7329e7 beddfb05 be0d747d bf1cc773 3e2ecc9c 3eef327c bd8e97e6 bef62ead 3f6f41f4 3f019555 3e0413bb 3e7b24de 3f27c199 beef2efb 3f137d6f bf53618a 3e4bfc76 3e3d94ca 3f0bcb8e 3f0aed54 be9dbaaa 3decfa2e be7f44ad 3f24c176 bf5dd5dd 3f274d79 be056c70 3e499d0a 3f1fe999 3e8eaa4e 3e5d0d0b bea29e97 3ec4fed3 bf48fbac 3f5769d3 3e20c4c5 bf73a1fd 3e9e6638 3db5b8c3 bf09c989 bec03274 3f4e69bb bf091d57 3e82ee64 3f00f355 be47ec60 bf4e3de8 3f3ad182 bf05ad6e 3e62ed7f bf62b9e0 3f4345ae 3f48ede6 3e42054a bd303093 3df67964 bf092f62 be9cc2a7 becd4693 3ea02656 be2c0c8e be4d0ca1 3f3763a5 3d66101b bf0d476b 3f59a7eb bf6e35be bdd8588c 3f3ae7b0 be49e506 beeab2cf bf4411d1 bbc176a0 3ccd633a 3dc3296a bf4d299a 3f71c3dc be99c2aa 3e37f4ce bf1fc9a9 3f4ab7ce be8cd67b 3f002972 3f32ad84 bf72f5bf bf079b81 3f0e5387 bf4d13a0 3f706df8 bf01fd9a 3d300f56 be2a9d07 3f39c596 bec7ae6c bf577bb2 3f6497d8 bee9c739 3f421bc1 bf16e994 3f5d0f9a bf77a40b 3f0a2d83 bd882767 3eb2eaa1 bef95aa0 3d60f0ba 3f4547b3 bf3651a6 3d82e8a6 3f282161 3f11996a 3f07e35a bec8ce7c 3f6e69db bf065977 bdcb39a2 3f2f5baa bee9db09 3ef8ee93 bf5affb4 3d8b4980 3d869855 3e19a47c beb13672 3f10c176 bf184b7a 3eba4e7f 3e4ad45c 3f0d895d bdbee848 bf3015c3 3f1be39e 3e5a54ef 3d1eb0ba bed656c2 bea46e24 3f31e5ae 3daa67d4 bea1feba 3f1c6d89 bf3679c3 3f438dad beacdaa8 
bec046a4 3f24f191 bde71826 3dd5a821 bf024f7c 3f51bd9a be7634ea be825e78 3f7b9026 bea4dab0 3ef00f1a 3e0a9c77 bf4a4dd5 3f3a3b72 bf74dde9 3f785c03 bf034f81 bda8587a 3f433b98 bf68a9f1 3cdfe1c5 bf78b40f 3f3eefbc becdc6b3 3f2907ab bf488b8c be824e80 be1d8baf 3f6187c7 bf181b8d bdae4951 3f0f1559 bf3e978a 3f37975e 3e00fbf5 3f5e6be9 bf45abd9 3ed73e96 bf0cad66 3f13619a be845a62 3f5817b0 bf50edbd 3ed5d6f4 3dfd0a02 beae8e6d 3f5b0de1 bdcc0894 bf523bb8 3f3007b9 3f065d87 bf3fa1a3 bf1cdf9d 3f3c2bba bf78ca24 3f063773 3ed2aaaa bf642de7 bceba1c7 bda8a918 3f5eb3d1 3f2dadbd 3f107f93 3edffadd bf48afc0 3f08976c 3f2d8f9c bf01d37c bf75f412 3cf2a355 3f068f63 3f4f63cb 3f4bf187 bf263daa bf5bdbe4 3e0c3c2b 3dba79dd 3c8ca013 bec53a6f 3ecebad8 3f1e3b8b bf728bfd 3f59a1ba befdd744 3e974a74 bf4569c5 3f34739e bf110b6b 3f64c7d9 bf67d9d5 3f4a6be9 bee976db bf292797 bcafe129 3f42d192 be050c1c 3e3c4cbe bf5509cb 3d57b143 3f01ab3e be96ae4a bee73e86 3ecbaec2 bea8c264 be44fcdc be089c0b bf69dbce be40ad4a 3e9bfe8e 3f3aef8e 3d0491ad bf56a7d1 3ef69b24 3f5a51c1 3e2aac16 3ed226c3 3f0f2b7d be7e74de bf318f89 3ecf42ad 3e8d9a98 bf05dd7b bf6249d2 3e3c0dd4 bf62b5fc 3f012380 bedc0679 bea9c63b 3f7301e2 bf1c0795 3db248a6 becd3e84 bec8a672 3d411048 3e6e8ca2 bf0ff364 3edf1a97 bdb187cc bebf1a5b 3f0d4d77 bf5991b8 be1b9480 bf43e37e 3f02b96a bf476fbe 3f5ee9e2 bdc60842 3ba38ba0 bf18838d 3f7eea72 bedb52a4 bd47718d 3f33d198 3dd97723 bea372d4 be677d03 3edd2ee5 bf74cc13 3d7c9017 3f562bc3 bf35d5c7 3f086757 bd66921e 3f017766 bf4d639a bf16b38b bebce24b 3f1cc174 bf58f5b8 3f6fadf1 3d72ef78 3f3b6790 bf5cf7ab 3f6ed5f9 bedc9ae7 bf2051a5 3ec3f27b 3d58305d be5384e2 3e962a5e 3f1be7a4 bf1ef7a1 be0b2bbb 3f248fa0 3f3b8d7f be60dc5a 3f05dd5d bec82683 3f1d2569 bf7ada38 3f228fab be579c9b 3ed956cb bf24898f 3c82e7d4 bc3a46e3 bf55b38f 3f31d58b 3f2cff87 bf138178 3f35af8f bf4f65ab 3dc19925 bd095284 3ee826a1 bf51c9c3 3f63e7d2 3e623cc6 bf2e6185 3e9f8e29 3e40cc13 bf4841aa 3f6095a3 bf3323a6 3f6959be bf4af7b6 bec77684 3f77e80b bf0a9f95 bf55b1a8 3f70dc01 be9d3aac beb8caa9 bef2e662 bf0b493d 3ddfda58 bf39bbdc 3f63c5b6 bf4145b4 3dcd485c be984ea0 3ec41e64 bef32f24 3f799e0d bf5149db 3f4f4198 bf066b8a 3c28b4f6 3d3fb01b 3e0f9c3a bf07df57 3e5c54a4 bed68aab 3f46e195 bf797a16 3dda49f3 3d152f03 3f328da5 bf06b764 3e1774fb bf202779 3f5661ad bf7e0e2f 3f435dc1 bf4ccfaf 3e9aa6a0 
3d010fee 3e0534cf be36cc35 bea5c674 3f263fbd becb56d8 be9e52a9 3e33dc39 bf22dda0 3e901e27 bf178d8c 3e898a64 3e857262 3dd59817 be49bccd be678521 3ea4f627 bee8e66b bbc98af8 3edefa99 3e766534 3d9699d1 3ea722b0 bf201b85 bd2eb07e 3e89325f 3f35197b be5e24fc bf45b1c3 3e924e89 3f18a37c bf23d97c 3e1553dc 3ea0324d bf7b8fe9 3ee3df3b bf0f296d 3f10ab51 3eee1318 bf10755c 3e82ca4a bf3921a3 3e778c42 3eabd665 bf0e838f 3e2b74b3 bf08a76f beb6eab2 3f73c5d8 bf6f25e8 3e9c0e94 3ef36ec3 3ede0ec6 bceb20f6 3f59f1bf bf2a63ac be1efc71 3f00bd72 3f3983b6 beb822b8 bf09814c bf5fd9d5 bd07718c bef1d26c 3ebcf69a 3ce9e220 bf3e999b 3f16b35b 3f5421e5 bce062b3 bf18f767 bed00ea0 bf719ff0 3f32ef8d 3f269b84 3eab7e5d bf07eb75 be4534af 3f44a9bd bf3f0b94 be973a58 be739cfd 3f021b7c bf261f51 3f635bd8 be8f8674 3f5655aa bf4b99b4 3e3bfdcb bd265144 3dccc962 bf042b75 3f7de032 3d03eef0 bf1cb97c be7ae4f8 3e7dfc5f 3d0c8ec4 3f712bdf bf76a9f1 3e725431 3f197d8f bf6edfe0 3f5429e1 3ec4f29f 3e337caf 3ee5a287 3f6fabf4 bf5f1be1 be6684ba bea44e8f 3f35678a bef83afc bf72f7d4 3dc2d8a0 bf159b9b be2a4c70 bd90a98a 3f7c9a34 bf2bad92 3e3cfcdc bae62df2 3ef8eab1 3f26a78b 3e073c3c 3cf7a20c be88968c 3f5dabe2 bf7f263d 3ed3229d 3ec236b3 bf2113ae 3f7d163a bf181f81 3f2771aa beb24af1 3f0c7f7f bf1cb17a 3e81be74 bdf33905 3edcbe62 3f6e2fed bf02cd71 3f60efc7 bef99ecb bc7c35f6 beda8a82 3df2f9d3 3e04a4f6 bea7f683 3e7a84f2 be806a10 bec102ec 3d1150f4 be9dc662 3f7453da bf4be7a6 3f60bdec 3edfaad3 bf2e658c 3d450f4d bd66b0c5 be6ee5fe 3db2090c 3eb1e6a6 3f7c7022 bee6f255 3e9a5672 bce1dd2e 3cae2568 bf74a418 3e5994b0 3e3794e0 bf5199b2 3f5c59d1 bbec7a71 3c1348dd be851e70 3da70935 3c02be70 bf58e1af 3ee972d7 3e56050e bf4797aa 3da3b834 bf5b41cf 3f028b77 bf42e3ea 3f0d2790 3ef626a2 bf5491ba 3ea48a87 bed6baa4 3f12716c 3e3e8c6b beb4667e 3f13639f bd153271 bf5143be 3d16704a 3e96a676 be0283d2 3f6245f9 bf022d9d bde0f94f 3e8cc27d bf62f9dd 3efd0ea1 be20cc95 3e2d2453 bee43b09 3ebc36c0 be6c54e1 3baf8591 bf086f87 3f341994 3ead7e1a bf5c33aa 3f165383 3f399789 bf11bd80 bdbfe75d 3f28d3b9 be40347b 3f583794 bea03286 3f543fae bf69e7be 3f556fba bb44d560 bde86a37 3e812a88 3dd528c5 bdf09822 bf04e960 3e95e200 bed4fefa 3f5029c2 bf5a4798 3f648c04 bf1f3f9c 3e1e748d 3d37d16e 3d96d8bc 3f038548 3e0be49b bf13717f becbde4c 3f729a12 bf28e37a 3f105b74 bf32f5a1 3f6b27d5 bf0e9d90 3f3adf96 be774cae 
3da518ab bf291597 3e7f252d 3f1aa787 bf4f01b9 3e4594a2 3e3cc4ca 3f340383 bf1bb576 3f57bbd1 bf040143 3f148198 bf7d9232 3e6aa510 3ed42a8c bdeb48cc bd402e0d 3f39959a bed97704 bece5a71 3e8e9e5e be3a6c7f bf084764 3f4887b9 3e644d20 becb06ab bf609fe9 3f37ab6e 3e34dd14 3e915676 bf5b3fc2 3e6534f9 3f1c3b81 bf4c9da4 3f44dfa5 bf022b9e 3f606bf7 bf7e724b bea8ea68 3e250c3d 3e3e43f8 3e9002e3 3d2f8ea9 be43a4f6 3da6593b 3efad6aa 3d9c886d 3eaa82a5 beebf6a7 3f34edb8 bf4925bf be998aae bec2ba8d bea06e59 bf5d63c2 3f2d5966 bd1672c4 beb10e91 bf71aa1f 3f01f775 3e85824d 3f679dd6 befa16c9 3f5d9fe9 bf259580 3eb762a2 be234bf5 be9f9a95 be8bf26c bf16895b 3f779e07 3e03e4a6 3f12ad76 be8c8e86 beeb4abb bf5619e2 3f6423a8 3dea37c4 bf012f3a 3f334da9 3dfc7751 3f48d1b7 bf5025b3 3ef35680 bf1a7d9c be1dbc60 bf5d01c4 3f12c363 3ecd9b1c bf4bd7aa 3f5569a7 beb456da 3e1ae488 bf5a69cb 3f71c1c9 bdecb8b5 3e9a26a1 bedb96e7 bf35c7ba 3ec07ec5 3eb54aac bf152589 3f6c0a02 bf539dc1 bf3fe9b3 3d275025 bec44704 bf6b73eb 3f0cd55d 3e631c5e 3e5cd4ef be6cbd3a 3f01dda2 3f040171 3ede9699 bdd6d8de 3e939272 bdbbc921 bf127986 3e99f263 bf0ac16c 3f4f11c1 bf26bf74 be6f14a8 bf686998 3f4909df be80e263 be3ecc3f 3e037caf 3e470514 bf06ab5a 3f5129c3 be835a93 bf16c550 3ee222a2 bf353b7c ba9dba35 3ebda274 3f230193 bf39cfb8 be5f34ab bf5575d4 3f05436d bf6d67d6 3f6863e4 bf126d7c 3f7baa20 bf041553 3f11fb3f becbb6b7 3d1cd141 3f05f591 bd9c7891 3d872872 3ee576bb bf773611 3f359794 bf5e73e0 bef10ab9 3dd21840 3f6ff603 bf1cad50 3ef8368a befa7ae6 be85ae68 beba92cf be5a7d36 3e3c6cdc be411c85 3d4310a9 3f4b95c8 bea1cecd 3d7d91e7 3f1df3a8 bf7e5c47 3f1f07b8 bf3ac1a1 3f7a5616 bf20b7ba 3ebc0e0c 3f067362 be8582a9 3ed32e92 be9992c8 3f278f77 3d038ee6 3e96b670 3e9e92d1 bf306b8d 3dcfa6e2 bbe08c73 3f58cda5 bf1b0d91 3e51fd32 bf171999 3f393785 befeface be8f5e5f 3f694fe8 3b070115 beb6ae95 be3e2d1d bf051950 ba95cea1 3f0f917d bebd8edd 3f79562c bf7b2a34 3f5ec7e9 befa6ed7 3e8eda7d 3ed5c2c8 bee52b2b 3eef2aca 3eb55a19 bf4a15b3 3e100c64 3e0d64f5 bd5632a3 bf77ca4b 3f1bd79e be305cc3 3d121076 bed09a68 3e82a27f bef6a2a9 bde1b6fd bd1e1142 3d626fc0 bf20eb95 3f1f2977 bf0a1f6e bf04c97c 3f193777 bd4dd391 3f33fba1 bf251d79 3ec40278 be8bd285 be57accd 3ea02a20 3f1b1382 bf23b997 be7544e1 bee02ac5 3d15ae5b 3f48b9ac be973650 bef782f3 3ed2c2ae 3db7d82e 3d0990be bee0d693 3d843a71 bf00e175 3e99a672 
3ee97b2a 3ef91ad6 bde9989d beea3e83 3ebd6ecf 3f16d163 bf634fc5 bbbd927e bd32b20c be60bcc6 3d8a789b be1ffd02 3f73b1b9 bedc4aac be3524eb 3d5daf63 be9dd63c bee18ad2 3ea6e2b7 3eaefaae becf268b 3e0b44b9 3f1cc9a5 bf196198 bf15dd79 3f2c6f81 3f4f459b bf7a6dfb 3ecbcafd bf441bad 3f78ce07 be416c66 be058423 bed6d69c 3f754e0c bf329fa1 be2f5568 3f2dbb90 3ef55359 bcd0a191 bdd47892 beec16d4 3ebb7a8a beda068f 3e805e40 beadb2c0 bf078581 3f2def84 bf6bedd1 3f08c76f 3cc79f4a 3f709e1e 3e40fceb 3e8c423f 3f5721be be1c5cbc bebb6eb7 3f6ca3f1 3e7e7562 3dbf3801 bf4159dc 3eec3277 bf72e1e3 3f2e8980 bf2b9183 3ef4729e 3e09ac43 3f264b97 bef52ad7 3f5513bf bef1e28c bf535bcb 3f0a356c bf146596 3f1f9f7d 3f0a6997 be9e726e beb602bb bdf9d8fd bdef388d bf2e37ad bd5ef09a bc5c3d83 3ea5ae93 3d7a8fff 3f4bcdc7 3ec60a9e bd02714d bf3b63a9 3f79ba23 bf6ec603 3ef82ed8 bee84ac8 3f2e8797 bed0aae1 bdb0c960 bee4de67 3f4449b5 3e7db433 3eae8e58 bf4c23d9 3e43c483 bf029b8b 3f40e97e 3f33d39e be37cd35 3f3b7193 bca1e39b 3f5155d0 bf794e14 3ef1172c bf353598 b8ddcf64 bf3e798c 3b4ce61e bea70295 3f408fcd bf252f8a 3f297799 be0c5c77 3f2ad9a0 bf463f94 be669498 3f2c0d9f 3f32dbae beec6715 be8cee93 3f146f9f bf266f7d 3f3e49b3 bf48e984 be314cc3 be6c5cac 3f277f72 be81fa90 3f58f3cf bd5d9221 bf2df37d bf418faf 3f5e61b6 3e845e9b 3f30219d becf1b12 3f27e786 bf73720b 3f3667ae bf6a63d3 3e4294ad be6e44f7 3de369d4 bdb61957 be71145d bec1b6e9 3f108185 bf5e19c4 3f63ebb8 bf1c1d8a 3f6e5ff2 3f322fcb bf245379 be160c2a bedc2284 3f38738c bebb126d 3f6d93f1 bf1eab9d 3f5c57d1 be5bbcd4 bebd9edc 3f00b783 bf30e99b be47455d 3f1bc774 bf6c5e01 3f73a1ff bf08677f 3edf2ade beff1ac2 3dec07fb bdc507ab bd464fe4 bf702039 3f55dddf bf7d3842 3f431bb1 bf44e7b1 bb48f138 be53ace9 3ed00a9e 3e038c0a be96ee84 beb3b299 bea2b255 3f5ca9c0 bf556dbf 3eac4e83 bd5470be 3e81ea2e bf22397a bd731200 3eaeaa77 3eb91ad6 3f011567 bda3c8f3 bf0d0b8e 3ec1d6b3 bf36b5a4 3f37a78d bf4cb7b5 3e6624ad 3e4d34c3 bf76c02e 3f04c173 bf02bb7f 3e3094de be99b28c 3f63b7c4 bf4131af 3ec25a7a 3f3f49ab bee366d5 3e1b5cc3 bec42a93 3f257971 bf5235bf 3eb04afa 3f35e3ce bf330db8 3f7b664b bf46fd84 3f17cf80 be482500 3f784e03 bf00035c bd96c92c bf5dffc5 3f372b80 bf1b936c 3f151f7c 3d86b8d0 bebf12b3 bf53a5ba 3f6c1fee 3eb7d28b 3f0d216c bf66dbb8 3e91aa85 bd46b221 3f26bb7a bf7acc23 3eb422bc bea6167b 3f481dbd be9c129d 3f49efb0 bf5ad5d6 
bf362789 be6d34e2 3e191480 bdbfb7eb 3d9799f6 bf53d1bd 3f7cf029 bf035377 3f23af7b beb2728d 3f1b8185 bf6e03d2 3e2a0546 bf000560 3f07896d bb9d6ca7 3ebaa67a 3ea32a91 beb5e687 3e63ecae be959a59 3ee1fa89 bf7b0e0d 3f393b7a 3e81b248 be935ad8 bf650bdd 3f6bb7da bf08496b 3f143d7c be0d04c5 bf445593 3f214f71 3e262ce3 bf200ba7 3d6c2f28 3f1a2792 bf371ba6 bf17d369 3e54e4bc bf0233ab 3f7f0c64 bf4f55b5 3f5d7bc3 bf29bda9 3f63adbe bf498b9b 3f781bfd bf41a7b8 3f4ac5c4 bf5231ce bf2563a1 bec49ab5 be4d04db bebb568d bf30eba5 3f00fb8b bf5fc9d5 be89f25b 3ea9769b be3abc96 be718c84 3f710fc9 bf5845d1 3f231b8d be153522 bf765a22 bd83c8db 3e1474de be4aacc3 be993295 3f7bc655 beadd266 be136478 3ee196fc bf5643b0 3c88dc19 3eb6929e 3f447389 be88926b 3f7c8a13 beebda8a 3d65b199 3db818c7 bf398dad bebcfb0a bf27c988 3f111596 bf16e585 3f3f0fd3 bf5dd3cc 3f705614 bf115767 3f021f7e bf53e3b2 3f7e843d beec22ff 3d125168 bf513bc0 bd0b1257 3f0d7f72 3ebb9e60 3df4297f bf680ded 3dd7b8d5 bf07b777 bd0ad0e1 beb3cab0 bf179769 3e557c7b 3d3690f1 3f1951a2 3ea5769b 3c71bb49 3f3e2b96 bf4eadc2 3e50ccca bf3a816d 3f74c3f2 bf752810 bea7ae79 3f119d6d 3f2deb8e bed08e6d bf739416 3f175967 bd3e2ede 3e11a422 bdfcd8d4 bdd33868 3ef11314 3f6eca2c bf317389 3f179393 bf522bd1 bf2b43b0 3ef75e56 3ee7ca98 3f6fa5ee bf673fdc be046c6a bf3be77a 3ec1cecb becc7ee3 3f6e3bce bf41d7b6 3f5423f1 bd5acf4c be364cc9 3f1bcd91 bed13287 3f327590 be744429 3e836e5a bea1628f 3f1ff78a bed6fec5 bf1eed7a bf114f70 3ef51709 3ebeb28a bdd61879 be7b7c46 3e115ce8 bf50efa4 3f5b89aa bf58b5f3 bd6c3403 3f6757d5 bf7bdc25 3f376783 3ef1ea61 bf6bda06 3f19dfa7 bc881b20 bf18c167 3f5091bd bf4163be 3f79fe07 bf56dbae 3efdea82 3f54a7d8 bf31eb77 3f6c13dd bf5ebfba 3f366db5 be8e2a48 3ea242b0 bddfd8fc bf20cf68 3f7445f7 bea70a5e 3f2d4983 bef4b697 3f134375 3de1e887 bf4951bd 3f7203c1 be8e4e42 3e113d10 3bea8654 bf6affbd bda2b914 3d0a31eb 3eb54264 bdf7d741 bd42506d 3e58dc2b 3e11c419 3e912249 bf0c7990 3f6b9bb4 3e881ec4 bf047788 3eebf71c 3e749450 bf699e0d 3f15f787 bdc2891a bf6527b2 3e830699 3f087fb9 be894e3f 3de05866 3eff7ed7 3d5b8fbc bf47d3ce 3e85aa80 be4f7542 3c68bbad 3eb07a9a bf778c10 3e8a3252 bf5aefe2 3f6d9808 3f217980 bf35ad94 3f5df7c6 bf6bc7d5 3e6a5c4f 3e95aa4a 3f31957a bf3f2b9e bf5c2dba 3e3b1ce9 3f1af980 becaba9e bf204574 3f00c18f 3e97927a 3e3374e6 bed00ad1 be85d676 3d0690b0 bf112751 3f5d49d4 
3f73bdda bec51ee3 3e4524b5 3e9aa27c bd71d038 3f07576e bf2cd183 3f36efba bf4d81ac 3e93c68e bebd22be 3f55f1db be84461d 3f43eb9b becd9ab9 befd470e 3cc66243 be617d24 be4424d9 3ea49ab7 bee29eb0 3f4167ca beae767e 3efd1ee2 bf465fa3 3f113b90 3e89eebc be998ea3 3f227b8d bf7dd866 3ee5f6ac 3e52e49d 3e13240c bef3b2bf 3e97aa36 3f077597 bf7eb231 3f6c25d6 bc8160c0 3f306b96 be63a511 3d8a0800 bf23e996 3f4e49bb bf51dfb6 3eb4d654 3e861e3a bf535f98 3f64e7e0 bf66c5bd 3f538fab 3f184f63 3ecf8671 3e0ddc3d 3e6ff4cb 3edf02e1 3f583b97 bee8a6cf 3f5b7bc9 bf2ccb9f 3f6c07f0 be425584 bf2527ac 3f7b7632 bf7f3870 3f29cd91 3ed28e7b 3f4ac9cb bf5fcddf 3f255b9f bdaa276e be657d3b bea65298 3f233b73 bf311d90 3ed2cad7 3efb32d9 bf010388 bf595bd9 ba99a264 bf308d8b 3ec86a4e 3f1b1b98 bf4103b9 3f5f23c2 3f3eedc3 be570c16 3e4c7552 3e3714e9 be90ca84 3f007560 befbd2c9 3ea88e76 bf38e788 3f7e804e bf3d318f 3e546ce5 3ea79243 3ebf3a64 3ea65ebb bf68f1d3 be251ccb 3db3782f 3ed0dabd 3d229256 3e1a5c5a 3e0f044a 3ee4befe 3ded0a05 3f27f1a2 be934ef8 bf791e2b 3e9b5a98 bef04297 3ce06010 3d8e882d 3f363f98 3ea11e8e bf78fc25 3f4787b7 3f0b416c bee6270c bf7aaa1f 3e92f2a6 3f1b3b74 bd6d1142 be6c4cde bbe489fb bd8418be 3e885aa0 bf7c0c35 beaeb246 3da80827 bec69ee7 3f7381dd 3f06d187 bf0e9979 bf1c5f64 bed8632e 3e673c80 3f1f0397 3c6a3d54 3ec302c1 bebe5680 bf04b582 3f24e99f bf7abc1a 3f2e136d bea12251 bee0b302 bcb51f64 bd103279 bf3c359a 3f770e0b bf47f3ae bddc9767 3dfac98f 3f3c5fca 3e744d37 be16ac45 bf2b6f9b 3f5d01c4 bf0e1bbf 3daa7870 3f40a594 bf7ebe5b 3f4929b0 bddef920 bf198772 3f5f8fcd bf59e7c7 be4b64e8 3f337dba be97f65c bde6d846 3ed742b1 bf08af52 3eedaebf bf326d97 3f749be9 bf7611e1 3e38ac8f bf57bfa6 3f43f974 bf112d32 3e814ee3 3ec23e99 bf3add77 3f0df377 3d38f062 becedf28 bccae292 be96a23b be36f4cb bf3ca7e2 3f143772 3dd739fe bf4f87fc 3f25f9ad bf32037b 3f56c1d1 bc925ed1 3f5c95dd bf718fdb 3f2fc599 bf1749a1 3f186f76 be879ecc bf2a5579 3f047779 be45444e bead5acf bf4891b3 3f782816 bf37cfaf be3d7462 3f725fe8 bf474fe1 3ec7ce94 3f303f80 be9ad2a8 bee7a6b7 be5bd558 3e7344d6 bf357591 be3724ff 3f79f422 befab72a 3eb85ab6 bee45ac1 3ebcaeb1 3d3e50ec 3f2d9f8d 3e460c15 befc1adc bf37199b 3f057167 bf020171 3ec77adb 3e446c42 bf261364 bdb31990 3edef2bb 3f6083bb bef75ed8 bedefed6 3f703ffa 3eb432a9 bf2729ad bed76ee6 3bf77fbc 3f4e6595 bdd1080d bd43d05e 3f09f77e bf529dbb 
beb7fe48 3ed3fa77 bedeab23 bd7f2ded bf080f73 3e69d4a6 bd9d3741 be5f9cca 3eb4829d 3d2870a1 be40844b bd5a90c0 bed0faaa bef8d2f1 3ddcb7fb 3f77c410 bf37c7a5 3f79542c bf1f8796 3f249188 bef23ea5 bdcbf8be bf14698f 3f2c5b83 bf615be1 3f77c1fc bf7f2a4d 3ec75f0f bf2eff99 3f6d161c bebd86f0 3e640dc4 bf4241a0 3f29b99d bea29aa5 3d82182d bded28f2 3ee12a83 bf783dfe 3e42d41f bf66b9f9 3f57f5c0 3d959897 bf26b189 3f232995 bf170161 3f07ef6e bf379b77 3f77b9f7 bf6593cc 3ec74f25 bf7d8618 bde21838 becee30c 3e987256 bf5941a2 bf30dd96 be169496 3ef80ac6 bf48e78d be95d271 3e895621 3c38bffa bf23c993 3f68c3f9 bf231b88 bec9e26e bf144783 3ea84a9e 3e53fcde bf4d31ac 3f6e25ef bf274597 3f275385 bf35d9bd 3f4eabbb bf6c0fd3 3efd0a91 3f4efd7e 3dd038d9 3f53e19c bf60f9b1 bf311796 3f41af99 bf104378 bf042768 beafea58 3f1ddb7e bf2181a3 bdf95961 3e56dcf1 bf003578 3e9e8a7e 3f0eef65 bf3fe579 3e3a8cf6 3e573510 bf1cc591 bebf8af2 3e94ea95 3eda769e 3e9066a1 bf001786 3ef376c8 bf169f83 3f3a3989 bf7a95fe 3eee22bc bf253368 befb9eb5 3d4aefd4 3f6079e4 3db66989 bf0e5565 3f3cd9b6 bf045199 bf3d0db2 be87ee1c 3f6d37e5 bed28641 bf4237af 3eeddea7 3f4489c6 3e64c464 bf437792 3f0c0593 bf52c1cd 3f792a37 bf3213a7 3ef30aa1 3f3117a9 3d156e8b 3efed6cc bd9d08a4 bf6375ae 3d7e0ef3 3d25b1d7 3f5741be 3e5414b8 be911e75 be5e7569 be0e5411 be879684 3ebc828e 3ee29e8f bf0c5186 3f6da1ca bf7bfe40 3ea60e73 3f6d8fc1 bf0c0b8e 3f21378a 3edcd687 bf7591f5 3f433394 3f213f81 bf6a75d1 3ebf1a74 bf47e7b7 3ecc7aba 3dfd87cb bf1ad170 3f313777 bdb899a7 bf03eb7c 3f5841b4 bf204b6f 3f1e0d5e beef7a84 3beb8b29 3f190b78 be2cfc3f 3ddca7d8 bf3451a5 3f3b4177 bf2759cd 3f23e5b3 befa86de 3f0b0b81 bf6183be 3f460f7f 3e0a745f 3eb1c69e be499d6f 3e1e6c33 be8e92bb bd4a2de8 bea2e68a 3f253797 bf54a9bd 3f5a4dba bee7aef5 3f38d198 3e019421 3f7f767f bf49ada4 3e06e3fd 3f2dc5aa bf3f3f97 3f4c75c1 bf5c61ab be8f8e6d 3dd2a87f bd881820 be4add6f 3eaf42bf bf12ed93 3e406494 3f3119b7 bf13c397 3e0e1b95 3f426d96 be43dc85 3daa881e 3c5d40a3 3e83ce6a bf177593 3f0e6d65 beefcaae bf2215a8 3f2c894e bd83a828 3f6471e1 bede129b 3f04397b 3e80164e bf5ca9c4 3eaf92ab 3de1d896 bd450ffb bd03504f be5ea4d3 bf2a099f bda236a8 3ef71316 3ec75b07 becec2ad 3f285f83 bf59fbbc 3f5c2bde bf2dd1a6 3f5097f2 bf7e8a60 be862a81 3f3ccf93 bf0c1163 bf06496b beb4ce51 3f123366 3f5a8993 bf4121d3 bf147379 3c1140d4 3e9e4ab8 bee96af3 3e86f26b 
bdaa8954 be8ac682 3ede2ac1 bc959ffb 3f08ab5f 3d12916e be0d2c81 3d472dc8 bdf13937 3e31ace1 3dd098ba be4e1cdb 3f1b176d 3f158da7 bed95e7c bee57eb6 3ea5e28e bf5f81b4 3f632c02 bf6adbb2 3efa4ace 3ef39a97 3ea886d8 be9e1ab8 3f18e78b bf4e0da1 3f476dd8 3c04bc87 3c5249b0 3cd31e6d beac36d5 be81f276 3f697fe9 beb3e6a1 bdd518fe be366cc0 3e11cc13 bd418f85 bd8b18aa 3f7167e1 bd3c8d2f bc2a42f4 bee9b6d9 3f232fa5 3e984a4a bf469d88 3f3ba37f bd871825 bf14897a 3f4b9dd5 bdbb1958 3e6c244f 3f1edb72 be1213f2 3dfdd8df 3f098786 3f14a960 3ec3de73 bf1fdda1 3f57f7b8 3f07a983 bf617d9e 3f6e4de0 3e39bc71 bf5a33d9 3f270fb1 3e10e433 3f18fd8e be801284 be7494ea 3f0ced81 be9b4eab bdaae832 3e08dc4f be0c0446 3edb7ea8 bf45159e 3f2c69a8 bf7de03c be9d2642 bf09dd92 3f726ffc 3f4457d9 beb566a6 beebead1 3f6263b4 3ea46a98 bf636fc8 3f35059a 3e90ea9b be03c469 3f242f79 be7f7d20 bf4e49c4 3f68ebfb be9a5e88 3d1093b1 3f0f558b 3dba38b5 bdf5e9e0 bf7fd0a1 3f6fd5f4 bf24c17e 3e8fcef7 bf05e573 3db6c969 3ecf22d7 bf0d3b6f 3f6029d5 3deb88d6 3ebfae8b bf690dec 3e001c48 3f18f988 befe9343 3e84366a 3f5b61c0 3e8e6676 bf607ddf 3df6e940 3f34efa1 be93e285 bf5fe1c9 3ec266ad bf2585a5 3f211fa3 3e3d3bdd bebc8692 3ee9c6bf bf5c1bba bd9b4986 bec7b67a bdb0f890 be054507 3f77420a bf2e7f59 3ecd2af6 bf3435b1 bed93ee7 3f691218 bf3ef7ce 3f73de0c bf253d7e 3e538cb6 bec37a68 3df7990a beab7a84 3f43adb1 be884a56 bf61e7c9 3ee07ea8 bf2e4970 bebc4e8a 3f72be12 bf7a9c05 be6c0499 3e21bc80 3e80c666 be8abe7a 3eef62d0 3e5564be be62f4b8 be8dca80 3d995870 be1f953a bd512faf bec4b293 3cb99e9a 3ef9eb03 befd7e8a 3e8a5a75 bf72adff 3f6755e4 be47cc9f 3f0ab78d bf60e7ac 3f6045ec bf4ba3aa 3ebcdacd 3f1f1f89 bf71b417 3e14a458 bee63ad2 3e28b39e be199cd0 3f115973 bed73ac7 3f6d09db bf30679f 3e453ca0 3d329100 be062460 bf0f5174 be9e2e96 bf0e457b be8da247 3f3b378b bf6ce1ff 3f23b99b beca868d 3ea5b640 3f4d01c1 bf78cc3c 3f626ddd bd8338ae beb2dab5 3f367194 be9a565f bee27b2e 3f3a4f9e bf3655ae be8ef243 3f066584 bf4b8bbf 3f15af7a be94866c 3e802266 bef70ade 3f7ebe43 be859a6d 3c975f7a bf178194 ba437959 bf7d524e 3f54f3a6 bf09c363 3f1779a1 bdca289b bf08a15f 3eeec2b5 bea02e45 3f3391ae 3da2b8e5 3eceef1a bf5d8fc2 3ef1e673 bebcba81 3e0b4ca4 3e78dc91 bf3f279e 3f5c47bc bf0fa185 3f4ac7b5 be49f50d bef056c8 3f6f81f6 3ef5a6b0 bd128f8f bebc4672 bf2e6d9b 3f3379a5 3f60ebe5 be73352d bed3a63f 3f1acb9b be034d05 
3ee596a0 beedc307 3f06af7d bf2f3d9e 3e1174f7 bf358d80 3eddf692 3f10bd81 bf1c1989 bdad9745 bdf3b85b 3eaca665 bf1f7f88 bf12c387 3f1ed980 beb0e25d 3f5fa1c2 bec00282 bcdf21a1 3e7a249a bc879bb7 bf4e81c5 be7b4c84 be469468 3ec0b6a3 bdd7c895 beb3a6df bd8ac799 3e88eebe bf19cb87 3f2c7592 3eb9becb bf784414 3e3dfd25 3df108ee 3f64a3e8 bf5f69cf 3f165786 bec75289 be358bd5 bf21314d 3e9f6641 3dac08a3 bf171b9c be90da89 3f5163c5 bf7b6c4c 3f395f91 bf04798f 3ea23ecb bf7565dc 3f3dc977 bf7df229 3f20b9a2 bf5fe3c0 3eb0e715 bf767219 3edbd2d8 bf4ba1b9 3eae124b bf604bd5 3f3a2b75 bf722bf0 be67eca8 3f699bd8 bf21cd90 3e777cb4 bf5b1bd1 3f4311d7 beca8eb8 3910961c 3db928d3 be469c33 3f150b5a bf7a8c06 3ee30e9d 3ea6be3c bdc1575a 3e78fc5f 3f2d776a 3e0b6c96 bf6961d4 bf4d1f98 3e9636b4 3f740dca bf7c9c1c 3d81886f 3eed2eb7 bec97ebe bddf2851 bf1b8190 be818e6a 3b8f747b 3f6293d0 bf7d0243 3f3c439c bf408390 bd14102f bd955828 3e60b4ed 3f1e9f91 bef836ae bd50cdad 3f3e81ac be2efc7d 3ee4ced5 bf0c9973 3f5117bc bf78c1fc 3d935912 bebd1ea3 3f12c781 beecff21 bd7411db bea3ba3e 3e8efabf bf4f59c9 bed83309 3f41e7a2 3e511c01 bf3c81a1 3f395391 be322508 3e94fa72 3f3a6190 bf790a2c 3ef90b1d bf661dfd 3f33278c 3d2cceb9 3f33297c bebfea82 3e82f629 bc52c3a8 bf2b13a3 3f7e4032 bf469195 3f5a13d0 bdc5a96c bf035f5b 3ee276e1 bf27e788 3f251f81 bdc0e9ac be36a4b9 3f181792 bf18a95a bb2ce463 be14551b 3f58cbbe bea94ef0 3f4ea1c9 bd9e681d be4a4c3c 3effeec5 3e4c3569 3ebac253 bf0b0dae 3f404da4 bf76a216 bea4de7c 3efab6e7 3eebfef7 bf0627be 3f533dbb be888ad0 3f69afdf bf7f5a8c 3f3dc787 bf4c41e3 3f4499d5 3e1c6c4d 3d1891cf bf69c9d4 3e9e6e29 3ea7e278 bf31efa7 3f6efbd9 bf4a83bf 3d92e98e 3ce8e06c 3f7515e5 bf354db1 3f50b9c5 bf09c788 be9bca98 3e90b6a7 bf286186 3dafb902 3eaefe7b bebede79 3e83a66d 3f3f4f9e be21c3d4 3f718fed 3e859258 be42849f bea4d6bb 3f3a117b bf6513e1 3f1a1f6f bf7569db 3f5697c6 bf22098b beae66bd 3f20e788 bf770c23 3f46cfb0 bf071b87 3c959e3b 3ee88295 3e650ccc bf45d18c 3f7015e3 bee8b726 beaf2eb8 3f3b45a1 beeb8ef8 bec3727a bd3a2cec 3f1ffb6e beed6ec3 3f4e71c9 3f2a6f81 bf05db75 becf96c9 3d7692bf 3e4b1d04 3d96288c 3e4b9c63 bedfe6ce be91067e bd45b0c2 be80ea48 3f0c8f6e be94e66c bddba8f0 3e893676 bf2115a4 3f6c35d0 bf1dcb8c beb67ed2 3e8d8685 bc3d3a1f 3d372eac bf28a59f bf631dda 3f377fa5 bd4d12b1 3ebc9ec7 bef94ed0 bf709219 3e113492 3f19237f bf724611 3ec0667c 
3d66ae92 3e955674 bf3b39a2 3f1c4580 bd83f9e8 3f1abd84 bedf1ef6 bf711e04 3f470b9f 3ec01270 bd17b0a3 bedc36de 3f7b2020 bf02bd65 3f5bb9c6 bf5433af be5b853b 3e8242a6 bd41cf08 3db1d887 be8a5e6e 3f5b57e5 3f001982 3d7b51f3 bf0a5988 3e8aea8a 3efb3aec bec62677 3ac20556 3f042986 bf12059a be74cc8e 3f08d193 3e8fd6cb bf252d74 bf1cdb80 3ee35ee8 bd55f242 3e1874c9 be75bce6 3f7f2252 bea6b657 3e9bc66c 3ef09e85 beb9eeea 3ed926b6 bf06e564 3f1abf6c bec17eae 3f05bb68 3d947947 3e2a0d1d be8ab669 3ec79681 3e82f244 3c8760f4 bc2741f1 3e4abc98 3f0f4974 3dbe6907 be8dd66b 3f4127b9 3d232e80 3f00ef31 bf44c19c 3e6644dd bd9217a1 3ea48e9a bf364f95 3f53bbb8 bf4ff9bb 3f619fed bf592bcd 3eb1fa8d 3f18ef81 be766442 bee58aa3 3e211495 bf00d78f bd939995 bd7b90fa 3f4863c4 3f67a1bf bf3fbd84 bf386da7 3f57c1d4 bf73ea2c 3f6cb7c5 bf50e5e3 3f2ac779 3f19a38f 3e90b26e 3de358b8 bf5f91e7 3f727dee bf6217dd 3f7303f8 be4024a5 3e319d2d bf3ad79f 3f055382 bf12b387 3ed48260 bf22ff9b be75e49d 3de54912 beeb32bf 3e161474 3df32946 3e40246a 3e2714ae be5c6d23 3f3d6d89 bebf42a6 3f6981f2 bf40d799 3f7f446b bb56e5ad bd4691ba bf19798d 3e8ff2c1 bef24ed9 3f3141c1 bf6d71e5 bdb639c2 3eadb299 be1fcd29 3f6c39eb bee6628e bed1d269 bee0ab00 3f23d5b0 be077cf5 3df078a0 3c693c40 bebff298 bdc48791 3e0f2c00 be516c6d 3f008766 3d1b92ed be0d3cb2 3def986d beecc2ca 3ef25f0a beb3b6b8 3e60bd2f 3ee20ebc bf0e7774 3e345c54 bf0b375d bdfb580f be14c4a3 be9b7ac2 3da2f8c0 bf10617d bdf417f1 bb050148 be87f65c 3f5713b0 3e177c89 be063ca8 bf57e7c9 3f3ca184 bf6b4de0 be43bc53 beb39f04 3f4fb5c0 bf3bd79c 3f3f33a3 bed032b8 bf4f3bb8 3f5295a9 bdeb690a 3f2ff7b9 bf5793c9 3f14a768 bdc4d86c bee8ea46 3f5393c3 bf11954e bf1f6b48 3ec7f290 bedf86b0 3d81a841 3f7d9220 bf55ffbf 3f662fc4 beab4ea7 3ec08e97 beaad2fa be4b0d45 beb076ea bd8878b6 bf6c3bfb be61bcab bea6cac2 3f66edbd bf613db4 3f7b4002 bf3d9198 3f444fd5 bf17098c 3f1b4d89 bd2f0f5f 3ea4466c be098d20 bd1e95dc 3eb4daa7 3e0fe522 bf6387c4 3f43fd6e be9fc6ac 3e84fa59 bec03eb0 3f2fab9e bf25f380 3e34e577 3f4e23c4 bf445785 3c024018 3efe9320 bf536bcc bf30657c 3f072182 3f182b7f 3de158de bf005b60 3cd49f9e be12847a 3f1bc98c bddf9836 3e9176cc bdc007e9 be30bbe8 3e43f493 3e51e53d be3944c3 3f236b91 bf2d7f8f 3e492c89 3f37ff86 bf20c38d be108427 3f23dd9c 3eaa766e 3f087b87 be0bb481 bf0f535f 3f21f173 bde6a94f 3f7a0dfb bce0a5f0 beccba8f 3f7973fb bf6ba9d0 
be5134dd bd6bb17b 3f5a0fcf bf21b15d 3e801a3c bf2a3fa0 3f57cd9a 3f3ed79e bf4b39b9 3cbe61fc bf2b17a6 3f6035a8 bf6cd5f9 3eace68a bef5670a 3e191ce0 3f6a4df7 bf74cff3 3f02dd41 bebfde8e 3e906e94 bf110d5f bf7a1e0d 3f25e379 be83a21b 3e8b4acb bf0a5b64 3e27f3c5 3ecd56b7 bf41db7d 3f2b71bd be8c66c3 3d06af87 bec9de89 3f76ac01 3de00856 3dc54815 beea76fb 3e0a948e 3ec0b2a3 bf747c05 3c9e63d2 bf64c5b7 3f50119a bf5cfbbe 3f6153d1 bf48f9b1 3f29419f bf73602d 3f092155 bf71a614 3f4e2fe0 bf13d964 3ed136db bf7c163b 3f4e45b7 be0bc472 be106bfb bee8f683 3da3e6e2 bdf4e94f becdba9c bf066162 3d9e87f6 3e97c6b2 3e33cc6f be881e4d 3f79b40f bf2f97a5 3f2c058f bef60eec bc889a8a 3f207979 bf058975 bf4847cc 3f42619e bee01ef5 3f1af778 3e7634a5 bdbc293b bef85ee1 beba829f bf414d86 3f7ba234 3e85163c bd9f28d9 3f4355aa bf6279d0 3f00c569 be89a645 bf4403c5 be799475 be2bf467 3f0eab6f bec0669e 3d7a315c 3e8d127f bf756bec 3f48a1b5 3e5204b7 bf1cbd9a 3f11ed80 3e930a5e be1b6457 3eab3695 3ee58278 be4a344c 3f1049a3 bf5853dc 3f687de3 bf6953ee 3ede0ad1 bf6c1df9 3e9bd300 bf3b9193 3f235373 bf6c6001 3e520c9f be921e37 3edfb2a8 3f59adc3 bf64e1cb 3effb68b bea60282 3f7fc492 bf52e1c1 3eab6695 bf4a51e0 bdcc584e 3f70dffd 3d836800 bf62dbed 3e0743ab be71dd37 3ecc1a7f 3a23e2be 3f1d777c bf17d973 3e102d3a bf0a1b8a 3db067c5 be437475 3e68ac98 bdc71930 3e2a8d1a beb5de65 3e7793c8 bf0c3db9 3f2d298e bf09074a 3f6dfdfd bf2d199f 3f6891dd 3e79fc96 be906635 3f59f5bf beaa3a69 3ef386e8 be6b1d16 bef5e6dd bdab589d 3d80c82b 3ef65adf be917aa8 3f5561a8 3e412443 3e937a3b bf72dc07 3f6523e4 bf7be81c 3f5e4dc3 be005460 3e1144e8 bebd26de bf02f56e 3f2b35ad bebc5a92 beb19a68 3f78a7fd bf331f70 3eaf8a74 3f05d18b bd2c7195 3e78f435 be34b48c bf37efb4 3e88422c bda908b7 be8daa4d be601c8b 3e2a2cfe 3f593bd5 bf0ca194 3f169f7c 3f3aebac 3e756492 3ec90ac0 be805e41 bf290999 3f152f8f bec1c69c 3e312d39 be83526f 3d89d7b8 be2273c2 bf4547a4 3f4023a2 be8f6268 be99ce68 3cae641d 3f146189 bf721220 3f4d79c3 bf73bbeb 3f454bab bf5b5baf 3f6703cf bf760e22 3f02bf59 be01dc6f 3ec92eff bf7343f6 3f56cfda 3f34e79a bf49099c 3aaa4486 bf4e13b2 3f0d3f7c 3eec9723 bf164f7d be8b0675 3f0b4b6e bf76040d 3f6583bd bf1a477a 3e1bc48a bdde6883 beb9667d bd94d8a5 be6ff4a0 3f24cdaa bf77dc35 3f6fffd7 be9d7e94 befc4ada bef266a9 3d645202 bece8282 3f220ba1 bf5a29d6 3e69f4c8 bf6a4fe8 3ea39654 bf5a0fbf 3eb7bac9 3ecd1a6c 
3f5ba1b7 bf4eefb6 be13e4b8 be53bc55 3ed302e9 be4b3d26 bf288b76 bee83edf 3e9d86e3 3e240c16 3eff52a1 bebc16a8 3e2d04e5 3ec16b0b be4ded1a 3ebd0677 bf6f5bfd 3f50c7ca be9e6a32 3e0d6d16 bdf358e6 3f27bb86 3e45dcbb 3ec222b9 bf28f99d 3f2d5d7d bf051569 3ef1a2b8 be983296 be3c3cb5 3f2455aa bf005375 3f1777a5 bf0b27ab bf204177 3d70cfdc 3b3920b2 3e1d745e 3da6c9c8 beea9aa9 3f22c792 3f582fe2 3e39950a be661478 be486cde 3dba58f1 3d2790f6 bdf9285c 3f4b239b beb4aab8 3f3ddbb3 bf70f003 3f545589 bec7d263 3f292979 bf5889bc 3d5fb016 3f019b5e bf4845af 3f64ebc4 be5cec02 3f4b199f be1ce46d 3f1e57a4 bf652bbc 3ec792bc bf00136a bf52e3a7 3f081d71 bf709601 3f6973be becaf6d4 bef1229e 3f10f57f 3f7005e5 bf7d2054 3f57ebc5 bf2c7599 bf214ba1 3f6537d2 3df267b1 3f75400e bf21e376 3cff5e8b bf02c77d bf30c185 3e858e3a becf429f 3f78d819 bf0b7f75 3f129b8a 3f3e85a7 bf1fd78d 3f1cbb73 bef5927d 3ecedab5 bf25b183 3f7c7c1e bf34699d be385423 3f381de9 bf151190 bf2eefae 3f3d7985 bf5b59c3 3ea956aa bf683c0a 3f52d79d bf22699a 3e855e5b bedd368a 3f73b3d0 be882ea8 3f51a3a6 bf10515b 3f2bcba1 beb7de8d 3f7b341e bf199380 bcc1a298 bf52659d 3ee572b6 3ce25c6a 3d8d5971 bf1ae189 3e38249d 3f018b26 bd4cf3af 3f08bd6e bf77a80f 3e15b49e 3f389b96 3ed772c2 bea49e57 bd5f8f12 be1f5bea bf32e5b8 3f23e7c6 3dd71922 3efd8676 be968e75 3f2bc376 bec60e93 3e5dd4a6 3d8938ed beafda87 3f44b19e bf5fefd0 3f688bc8 bf78f029 3f009366 3d8c1901 bf67fbde be388513 be22443e be92b659 3e13849f be990e7d 3ef8facf be8f463c 3f2237ba bf2b29aa 3f1e436b bf5a218b 3d421043 bf64d7e5 3f142f73 3e91c642 beb892b7 3f080795 bf1a2b80 3f1a416f bf6df5ea 3f56f7a2 3e42fd23 bf0f496c 3f40dbab bece769a bcc5dfa4 bf40ddb5 3f1e01ad bf0e219f bed33e86 3d0c1045 3e96f26f 3ec55a89 bd0d93f9 3e7d8d1e be9982e7 3f5ed1f1 bf31ed89 bf0d1552 3efcb288 bf279d93 bee7ee9e bec766d4 bf189585 3e72149d 3f6dd7f2 bf097781 be64545e 3f3097a7 bed742fc 3e613ced 3ba07477 3f784406 bf26a5a1 be83d678 3f5981b8 bf7a9e0d 3f7113e3 beaf32a1 3e1d2c59 3e84ca52 bd80971b 3e8da29d bee35ebf 3f394f85 bf200fa7 be11f3f3 3e58c4ac 3f5135cf bf7c523d 3eb8c2b5 bf050b89 3f5a77b1 3d5591a9 3ee1feb2 bf7a2015 3f30d5a0 3eb33ae2 bf4d9fa6 3f6415c0 bf2a8f99 3f1cd7b8 bea1da81 3eb8ba98 bd4d331a 3f5dc7cf bf095b78 3edc1a84 bf3073ac 3ea59a8d be4b1d10 3f7725d1 bed40ea3 3f655fe2 bf4c2db2 3f6ffde1 bede0ea7 3f6041dc be7fd529 3f17d395 3f5a07d1 bf3a6f9c bee4829a 
bf2c8da9 3ea9fe4e 3f7527fa bf1f519b 3eff4eaf bd5d515d 3f75d003 bde63978 3ecc5287 bf03af86 be58bc9d 3e86be35 bf14c95f 3ee5fecd bf53c3a8 3f4e9baa bf167584 3eeca2f7 bf155b98 3f4315db bf65abe1 3ee746e9 bf1a5187 bee492d9 3f6155de bf7ff6a3 3f5517b0 bed48abc bcf6debc 3ef40e87 bf32857f bcd2dfe4 bdce9a07 3f23d791 3f1fc768 be068402 bf121b6a 3f29cbb3 bf0f6f62 3f0fa767 bf46c19f bf26d191 be9f366a 3e32f549 3f705e11 bf6955f5 3f1e6d93 be82267a bf665fbd 3ebbc68a becd2685 3f06dd5a be481cb7 bf57c7b5 3f6dcbd2 3db109dd be4f9498 3d53f08a 3f4f2de3 bef7d6e0 bf6a67e8 3e71e573 bec72287 bde14a32 3dc01904 3eae825b 3f19c78f 3e852647 3f3a9983 be8e4275 3eb18286 bf0c23a8 3f68bbc9 bf20f377 bf7b4028 3f466fb7 bf25cd99 3ed846e2 3f0bff6e bf2ec1b1 bf450183 be0103e7 3ed14eac bbce889e 3ed5024b 3f7a1dff be5c04dc 3e0eed46 bf505799 3d9bc844 3ca9a44a bf104763 3ebd32ab bf239b7e 3de5089e 3e9eb286 bd9c48fc becdd291 3f5289b0 bf57dfe5 3f11a97f beb75aa0 3f7c5c3c bf293591 3f4f07b1 bf2415af 3f6d4bd3 bf1da983 3e944e90 3e8ba2bf 3d079034 be746c19 bf60c9e2 3f3c01c0 bf2c3bb9 3e499490 be64a495 bf6413cc 3f65e7cd bd85576b 3e8c5aef 3ecc1684 bf4a91aa 3ef2b2c6 3dad496d 3e88eaa8 bf5a81df 3dbc2924 3eb136b2 be7744c6 3e9a5a66 bf136f67 bf6cd1ea 3f4913b9 be28f41f 3dc08898 3f60f9af bf4749ae be1ca4e8 bebe1abb 3e592508 bf4b3fc1 3ebe22ba bf4dd3a7 3f65a3f9 bf59eda0 3f7271e0 bf4837c0 3ec036af 3de4b990 be9ae261 be13cc98 3f7095d8 3e08a47c 3f2e3b99 be790c7b beb22e88 3f0be185 bf786203 3f650de0 bedb16af be2b7442 3e8dd273 bd6e7178 3efbcaa1 3f04bb79 bef822f4 bf22f98d 3f712405 bf672dc8 3ec45692 bf03358d 3f7e3232 bf5a7de0 3e8e5254 be72859f bd16b066 be300478 3f19174e 3f0db157 be7d2d92 bcd1a1cb 3f4c3d98 bd03d0b1 bf4d2f89 3f3241bb bf702e26 3d4d2fb4 3ed57724 bf6b51e7 3f767e01 bc922040 3c6836d5 3ef246d6 3e3d3414 3f185572 3f4b8db5 bef416cb bf5413a6 3f135189 3e4c2d3d bf3b4fb1 3e861677 3e2aecec beb2d67f bf3fefc6 3ed64ed9 3ebc0641 be6f6567 3ee026c8 bf6b1fea 3eaa5a52 3a645b47 bf093d95 3eca9e7f bf45a3b7 3f3bc7b1 bf0eafa5 3ed6aea2 3f0cbd7b bf295f8d bf4765bd 3f6c6bd3 bf4221c6 3f21a777 be1a9cba bf4ea9cc 3e2f5426 be563cfa 3f172970 bf6c21ee 3f117f68 3e6594e6 bf32b174 3ec0ae7e befc4f09 3f0c5d72 bf67e9b7 3ce0e220 bea78ac6 bbde8948 3f5a23b7 bece36b1 be82ee75 be4734b6 be63d4d4 bdb649fd be39cc4f 3e4ccc9b bf5919a8 3da537c4 bda73825 bf3d7d99 bf447faa 3f4a89ac 3e9b8e93 
3f642de4 bee346b3 bf6481c4 3f2c6b8f bf5c67b0 bd0eb070 bf17df91 be2d8c5d be63e4d7 3daa37e3 3f05a578 bf06cf40 3f63759f becb7eac 3eddeeaa bea4fa78 3f17af86 bf075f9d 3f01c371 bf4b2dfb 3f741e09 bf42439c 3f219791 3ee7269b bf4bd5bb 3f5365d8 bef0cef9 be0efc85 3eba8a55 be55a4a6 3e5ba45f 3f01d783 bdee2905 bf60c7e9 beaeda71 3ddb59ff 3f23c182 bf178769 3e51f4c1 3d6a50ed 3f0a5973 3e9eb6c6 3f2aeba3 bf36539f bf098340 3f130ba1 bf151b70 3eebaebc 3f4c0fd7 be895647 3eac2e7b bf6021e4 3f5063b4 3ed812ed bf5cb1b2 beb4d290 3f4ae57e bf264193 bf6817d1 3f1b9b73 3f6175ba 3d85184b bed822c3 3f7b43fd bee1ded2 becfdebd bf270b7b bebd3652 bf0721a2 bdc38950 befc86dc 3f4109b5 bf3f299d 3eb24ef2 3f4c1d9f 3d58acdb be9c567c 3ee78ab3 bf44e3db 3f536fc7 3f227790 be92ae4c b9a839f6 bda31872 bf004970 bf3431b3 bed77ee7 3f158194 3f03df5c 3d0f10d9 3e8a1a27 bf3853a5 3f3ea99e 3e408ca0 3e4e6ca4 bf30e59d 3f75de0c bf7e6866 3ec9b647 3e14ac15 be260c81 be5784cc 3e167c95 bf247f7b 3e8e4a43 be31e3ef 3f0cdd8d bf6da5ff 3f4a91ab bf40ebab be4f9c9f 3ee73ed7 3f2c5fa1 bf68c1f3 3f2b75b9 be6014bf 3f39638e 3e815aca bf4091a9 3eb68a86 bf25e1a2 3edc4ae2 be9f3e6e 3efb9ac0 bf73b819 3f340f82 3d2e5142 3e881aef bf709409 3f37278a be8032a1 3f04576f 3eef9ae5 bd8ed885 bf0f3381 3ecf56db bf54cbc3 3f0c0d90 3ea3b306 3e19e447 bca0a305 3f15e15b 3e66bcd1 3ed132db bea27a3d bd261056 be9522aa 3c29b493 3ec75748 bee4b6b9 3f129581 be6e9c88 beaf1ac3 bf2ffda8 bf12e77d 3e5864be 3f5efdf0 bf4867e2 3f775e07 bf5245c1 3c7bc495 3f05df5a beb47e56 bc05348c 3da4c917 bf64b1bb 3f557d9a 3ed6e276 bf53d7d9 3f13cb8b 3f2ccb80 bf23f75c 3db1a84b be806e14 3eb2a2b0 be107c1f 3ef9d6c0 beb11276 beb3a2fb bf3ac5b6 3ea78e50 bbff84f9 bf795423 3f7eb678 bf1f4b64 3e551c31 3e85420d 3f25557d bf3d55b9 3f3fe7c9 bf7f8c77 3e54dc8b 3daf97a6 bf548db4 3ea2bafd bf6d5610 bf4fc7d9 3f5533ed 3e758d7b be02c472 bf0f378a 3f7b8606 bd961882 bf273389 3f76cbeb bdeb0966 3ef3026b bf6563ee be66a536 3e7aabd8 3ed0aed9 3d812955 beb922a7 3f4a3bb9 bf059161 3f5a6fb2 bf09c578 bd8888e1 3de518a9 bf74dfc7 3f7143fd 3f1e9b7e bee50ebd 3ef10af8 be4b3543 befe5aaf 3f6351c2 3e46a4ac bd508e7f be6d042d 3e2a5d25 3e9ace68 bf7c0432 3f570dc5 3e7c64d7 be902663 bd1552c3 3f24bf86 bdef587a 3f10e980 bdde89ad bf6ef7f3 3f61cfd7 bf06f99b 3f715214 bf32699d 3f74cfff bf070d5f 3d9a2829 3f1df58b 3ec48a75 be995e70 3f77cdf9 3efe1ef8 befe0af1 bf02c179 
bf511390 3f5a3dd9 be83ae91 3f32578f be1b73ee 3f4cadbd bc9ee2cc 3e616c9c 3f1f818a bef52702 3d808783 be2d3c16 be3e04a6 bf01f784 3ed0f317 bea7fe81 bf175797 3f3f9fab bf347392 3f7117f0 bf3d5bb8 3f33678c bf65de11 3f2c4bb3 bf5bcfa5 3f436bb2 bf388795 3f476fea beb7c2af befb8687 3ef74eb3 bf6959fb 3f109970 3ec142a6 3f23678b bf1afd4e 3e5f350a bec342ad 3efc6ec0 bf50d3ab 3e713cd4 bf5acdf1 3d4e7306 3f3e67a5 beda4b25 3f4aad92 be9f2a6c bea9e6f6 bea06648 bef916f8 3eebeabf 3ec732e7 bf2981a2 be6a5cb9 3f072391 3f1db992 bf7dc64b 3f6569ea 3f3f5d9d befa22cb bf4d7db2 bc53c616 3ebfaa99 bf709005 3e145c62 3f48dbbb 3ee36ee2 3f3675a3 be65253b 3f788e00 3e8c0257 bf1d6ba5 3eb3028b bdb1785a beeae68c bf2d11a7 3f2d2d9c bf0b637b 3e442c39 beba3afb bf2daf7c 3f6995cc bf7a5a23 3f2f6d9d 3dd0190e 3f308981 3f3dbb98 bf7175d8 bea85ea4 beec1acc 3ed1caf0 3eaa46cc be4a2441 bf7179dc 3f2fc1c3 bed5569b beae2ecc 3f6307c4 be52c4c0 bf12fb6e 3f71fff1 bf499b98 3f33f992 be821ea1 3f1f2d7b bf413976 be932e6b 3f05816c bbeb7148 bdd49864 3f7091ec bf6d07e2 3dcf5983 3e722462 3e2da490 beffc2c8 bf38b592 3ec63ea3 3eac92a9 bec30ea9 3f365db0 bf6019c1 3f311f9f be8bb283 3f20a7a4 bf4e7bb2 3d91e831 3f03cb81 be3cbc67 3f25b5aa bf726de9 3c51c1e8 bd01f332 bec83eaa 3f4d19d7 be9e1693 3c0542f4 3ea65aec bf5817a7 3e7ab47e bda79892 bf22f3a6 be4714cd bf37878c 3ecac27e 3eb8ee45 bccc1fe4 3f0b9179 bf40a17e bd879871 3eba6a69 beecfae4 3f17f9a1 3f0d4b69 3f55f3d2 bf190794 bef126a7 bd65adc4 3e5e342b be7b954c 3f016966 bdfe383b bf0ebb86 3f5a3fe7 bf7061e0 3f61a5c7 bf121974 beaee2a4 3f200d68 bf38af94 bedb3ab3 3d9da7ed 3f2777ac bed88e85 3f064381 bef91b3e becacad8 3f2bfb8c 3e303d46 3f28f195 bf0c2d8d 3f442598 b83cd7e3 bf42079b 3f5b31c4 3dee37ad bf4ac39d 3df52884 bee14b04 3eb13ade 3f3cf1a2 be8a1e7d be683cbf 3f5b35c5 be345cff 3f745df2 3e999a68 be2ef51c bf56bfbf 3f69e7f9 bd9c68c3 bf054191 beb88af1 3f058f74 be9d9e46 bec0ca79 bad63fda 3edadea7 3f325ba0 be4fd59c bf637fce 3f6e73ea bf5ca7b4 3f09e37e bf53f1d8 3ed612c5 bee28ee5 3f1a237a bcd3646e 3f155b9e bf11e97b bf50cfa0 3ef1be95 bf5af3cd 3f53e994 be8b1668 bd2fcf88 bed30a3f bea812fb 3f6805d1 bf7627fc 3f14157d 3e59bcad bdc537ce bf7cd646 3f5f39b0 bf2aeb84 3ee9d30a bf79e215 3ed3f64b bea3b2a5 3eeafe9e be86965d 3d657307 be8122d7 3e13ecb5 bf2c0ba1 3f09d77e 3dd1e8cf becf32ea bf6da7dd 3ea8d653 bf0eb998 bf19dd65 3f09899a 3e814ae3 
