be090c1e 3f25cd86 be419498 bf21db85 3f0c9953 3df517b9 3ea6e6c2 bf10017d 3f45e5a0 3d7091a2 bef86b00 3f662dfa bf664fee 3d94177b 3f4debd5 be0ff4ca 3ed8a6e3 3e982e63 bf2083a1 3ee452da 3f726bea bf42d3aa 3e076cea 3eaa1a84 bf56f1ce 3f3ba39c beef82eb 3f699de5 bebec277 3e99ea8c bf771e04 3ed2b6d1 bf0b5367 3f4cb3bd 3e9932c4 be2f14fd 3e5a6d0e bf62fdb8 bedf1b03 be6ccc9c 3d0012a2 3f01f562 be58ec3d bd6311c1 be18ac73 befe06c6 3f17b973 bf404da1 3d887886 bccae179 3e22ac14 3f7217db bdbfb94f 3db30945 3cad1f7f 3d73cf88 bf6357ef 3f560bbf 3e0ccc1b bd99a7b5 3e0e9c52 3eb042f1 3f5e67f1 be5514fd be2133eb 3e12b479 bf7e366b 3f3513ae bf74181d 3f42099c be978ebe 3daa07f5 3f612bda bf66cdfe 3f4855ca 3f64fc02 3eb786b3 bf7445fc 3f5339ab bdab299f bec946d1 3e0693db beb45e76 bf19d55f 3ead169b 3f1d29a8 3ed2e2dc 3f4583b5 bf780233 3ebba29c bef9eae4 3f4393b0 bf0d3980 be6f8c9d be0f5cb4 3ef6d6f3 3e24a4bd 3f6abc16 bf0ac18b 3f58a1c2 becd82b4 bf4f3fde 3f2ccb95 bf61e1d7 3f38d1a5 bf37e59a 3f316baa bf209f76 3eb4baac bf7fb09c 3e949aa3 bf1dc58d 3ee446eb bed822b0 3d3c5013 3f21c9a8 bf60a1db 3e4fa47e bf2e6994 3eb746cd 3ee0baf3 3f1d49bb becf3ebe bf57edc3 3f1d9b98 becbbedc 3e233c67 3f4967b0 bf529db4 3e7f8475 3ef1d2c1 bf3bf78b 3f54f9cd 3ed24aaf 3e35c49c bf62c7ec 3ed6630b beaa0a95 bf2755b3 3e07247a bdb8d8be bea5dea6 3f73e214 bf03016f 3ee9cef2 bf5b19cb 3f1a7781 bee27e8d bf295d87 3f4679a4 3d5f2e5b 3f3eff9e bf6c67ee 3f6183cd bf4b67b9 be29e4d1 3e787cc2 3e3f843e 3f166971 bf149992 3f6435e5 3c951bc6 3ee73305 bf27ad94 3f7a782d bf6947db 3f3a219d bf3593c7 3f2f35a6 bf5603e0 3f120b77 be170ca9 be9e0a85 3f2bbd81 bf444fa8 3f2acfb2 bf18cb97 3e9082a0 3f550e0b 3c8ce00b 3db057c6 bea00e98 3f15816a 3eb18e8b 3ea6fa93 bf4119bc be90466d 3f2c1fc9 3e41cd08 3eacfeb4 3ef14e9a 3e7ca53a 3ea51e82 3f45afa0 be931aa5 bf128f6e 3f0d8d78 3f4cb597 be934eaf 3f30c39d bd222dfc bf436d9e 3e33345a be9eee64 3f708416 be03d413 bf5e57be 3f273995 bf2ef198 3f3481aa bf68bfe3 3f72e22b bf1a4584 bec1eade 3f424ba5 bded9888 3f5de1db bf021960 3e17f3b5 bf73ca0d 3e80ca81 bf6531c8 be985e92 befa9ace 3f15bd52 3f0d9f91 be95ba5f 3f5c35c7 bf4f81a4 3f025568 bf4e0fe4 3d0b7352 3e5b9d0c 3e154c63 3ea7c6c1 be1eb438 3c4739f1 3f264b5f 3ee682ec bf29d793 3e2d14c4 3f3563b4 bf5a77c9 3f7ebc8f 3e5b2547 bf19599c bf35e793 3ecc8a70 bf2c8fa0 bd2fafe4 bddcf8ea 3e67ccfb 3f04e15a 3e343ca9 be54e50e 3ef376ab 
bf5121be 3ee476e3 be250434 3f2eb997 bf3f3fbc bdf79882 3f3af7a9 bf576fc1 3e232473 be8e0257 3f03d3a1 bf39999f 3f18499a 3da45731 bf6949d4 be431490 3d05ef75 bf438587 3f6363ea bf4191b7 beabc241 3dadf970 3e828264 bd2b13f2 3d2dd10d 3d636f7f bf1b6b98 3ebe9ade bf7e1880 3f4f11c8 3ec8ded3 bebb0a84 3f1d01a0 bf269f84 bf28d185 3f4847b4 bf1b1f89 3f71181e 3f104b6b 3e801231 bf0e516f 3f1d5788 bf5c55de 3f556398 bd99992b bce52291 3de4d886 3f25bd99 be5e0521 3ed02712 bf24539c be87fa53 bf114387 3eb34a72 bca89def bf2dffaa 3f7a9813 bf5b1ba3 beb052f7 3f1e2381 bec8d6bd beab8a7e bf2a7975 be98aa7e 3f25bf83 bec37ae5 3f6043d1 bea1965c 3f6e61e6 bebf86a5 be8d4659 3dc3092b bf34e1b1 3f193d7f bf65d9cf bf28cb8a be9702a6 3f20598d beff7ee1 bef11ece 3f75da14 bf5d93dd 3f78ea0f bee9ba8a 3f12b37f bf60b9ba bee77ed1 be282c84 3e910298 3e29d460 3ed302cd bf47efc6 3eaaba8f 3ee57e76 3daee8bf bf10d140 bedcf6a7 bf567bde 3f4157ca bf7de464 3f1a1b83 3ea75e8d be2554bf 3e76ccbd 3ee6ca95 bf2ab597 3f600de5 bf6bdbe8 3f5fd7d5 becc3ef7 3f74701a bf1eeb80 3eb09aaa 3e4bed06 be410525 bf03bb66 3e9aa6b9 3f048769 3eb73695 bf3abba9 3e45ac55 bf3ef1b7 3f37d5bc 3f03e979 bf5d41f7 3f187592 bf470d9f 3f6a0bf2 bf4c35c4 3f73f819 bf3033b4 3f103ba4 bf2ac3b1 bf4825d9 3f20a592 be1a6424 3e847270 3ec6feb7 3ee8a73b beec1700 3f2e259f bf2c9999 3e6ce562 bf03bd85 3e5efcaf 3eeec29a be2d7d44 3e6f1465 3f18eb5f bf022d76 be78bc6c bea7cabb 3ebf7297 bf69f40a 3f714a12 3dd109d4 3e05bb7d bf6e0811 3edf1306 be359cf0 bf615df4 3f185997 bf6125d3 3f367ba5 bf712214 3eea2e96 3d486ebd becf9aab 3f4da3c8 bf1bbf9e 3f09f173 bef27ecb 3f301d95 bf707204 3f1e519c 3c9c230b beaaaa5f 3ee5cea0 bf1fab83 bec86e69 3f2cb7b9 bf6a19fa 3f0b516a bf3aa1b5 be1b9d1e 3f14537f 3e9f4a6f bf340b97 bec8de72 be6644b0 3e0e1501 bf4e49d6 3d2bee1a bf74f626 3ec1c2a3 3ecba314 bf3b5fb4 be5e6cd8 3e4bd4a8 bf6f7e13 3ef7deb5 3d1beea4 3f671dde bf4869b9 bed63318 be28e447 3f4ed7cf bebeb30c be9c362c 3f728810 bf6b1a24 3f18699d bd2b931d 3ed8dec1 beac8a97 bf4e1bb3 be34e3e6 3dda68e1 3eb482ae 3f262d62 bca35f31 3f6f1a13 be53cd3c 3f3df5b6 bec98aeb bf1ee5aa 3ecf7eda bf76b432 3f52efda bf3debad 3f7d8c3d bebfdf0d 3e9b4250 bf52abba 3ea59250 be9b76bc b93119b4 bee92f18 bf4797b0 3f767e0a bf0b7166 bd3ece90 3e0cfc1f bf495ba9 3e1ae445 3ec9628f 3eb402ac 3e2b4500 3f774018 bf5b5bd4 3f435dad bf760822 3e35d494 bf111751 3ed7fb04 3c29ba80 
3ec0ee79 be41f502 bf1a3798 3e845225 3ecf6ade bf368fa8 3e9cd65d be842640 3f5e23ac bf6e57e6 3edc92d8 3da4473f be619c81 be0734f0 3f78881a 3c5dc235 3f3ef77a bf0e7d84 3f07c148 be954e9b 3f224b9e be0e0479 be233482 be009c48 3d75f06c 3f013376 be235ca0 3da8c97c 3f5813be bf42f7b7 bee2b6d9 3f06a164 bf16c797 3f2acba7 bc2fb86a 3e213cb3 be7a1473 bf0aa949 beb1ea85 be8a56aa bcfb65d9 bcd2e009 3e0f042b be96f2b1 bddb1826 3ec076b8 bf0cbd53 bf205d9c 3eed8ecd bf3fd995 3f76de17 be624c92 3f78f62d bf28bf91 3e8e4a4f 3f515dec bf4f65a8 3f7bca1f bddbb8f5 be8e12a8 bdc73735 3f596df1 bcf9e130 3f53d9f7 bf6c41f0 3ef31eea bec23270 bf4225be be2a7c91 be958262 3ef47714 3ec192ab be3fad74 3eab224c 3f1bc182 3edd22de 3ec6ca90 bf0de15c 3f7f4c86 bef44b2a 3e345486 beb202bd 3f1ce785 bf28a5b0 3ebd12c7 be096bf0 3f65dbe4 beaf2697 3e861e87 bf510be7 3e8d368b bcbba192 3d9d37d7 be0134a4 bee09ae9 3f26f5ad 3f31e77f 3eed46b7 be4a6cd6 3df497ab 3dea881a bf2657a4 3f1a4da2 bf705be3 3eea42ab bf4243bd 3ed89ee9 bac9e21e bb5efe96 bd1a7313 bf417f8e 3f634beb bf03f566 bec4d6b7 3f26cd98 3ef9f6c1 be637d5f bf6f2203 3e98c69c 3e5d54a3 3ea9d285 be96f665 bed812c1 3e24bd22 3da73705 3f2edf6c bec0eea6 bf6da1ed 3f79480b bf38d39f be9e168a 3f111366 3de8c82a 3f31617a bf0dc3a4 3e64f4e7 be2374e7 bf7f3682 3e9b6e38 beb312b3 3ea90e5e 3e6acced beab5aae 3f308faa be868228 bece42a0 3d16f148 beda7a8e 3e4b6be1 bf057578 3f222d88 3c955e5c 3d627080 3f6863ee bf75ac1c bd760f01 be1d04c6 3f6407f0 bf44e3a8 3f49dbab 3eb82ede befe92d4 3f18cd92 beae4eb4 3f765a0b bf3cffa5 3f3123b4 bee1f29c be6fd4b7 3d7230d4 3e763525 bf49adce 3f6c73f7 bf446bb9 3f4ffbc4 bf5715d9 3f4d57a7 bf7f1471 3f71f5df bf026567 3e95d629 3e10ac58 3e4e3cd6 be3dbc8c 3f1c238f bf007975 bed0aef0 3f27bf9a 3f6ac1f0 bf226170 3e7c2cf6 3d8cc80c 3f727c03 bdf24763 3ed0aef6 bf052382 3f69b01b bed7de7d 3d982972 3f2b9d87 bdace8ab be76b4ed bf5ee9e8 3f49e1b9 3f09a346 3e1b0c78 bf0d1d66 3dd297d7 3f13578c bf6c35fa 3f44a1b1 bf51dbbf 3f04df87 bf70b7ee 3f368f8b 3f13dd76 3e82b664 be3cf532 befa5af1 bf134180 bdc8e8aa bf6be9e4 3f1c337a bf2db197 be75fc99 3f6f4609 bf112378 3f5545cc bea312ac 3e9f2e61 beda0673 bc06c00b 3e505c84 3d12b176 3ef58b14 bef48ec8 3f6f260d be7b1caa 3f0f35a4 3e120c38 bf670bce 3f7d1c45 bec0c6b5 3f5ef7e4 bf137b8d bdbad909 bce3e2f2 bf6aa1e8 bf15859b 3f5209c5 bed87ef7 3f4005cc be848249 3f11dfac bf27598a 3e9472c3 
bf79462a 3f5c0d9d 3ef43325 bf6f7817 3f4cf1cb bd6e5177 3ef8decb bf08d14f 3e8bd615 bcab9ed2 3ef5e70a bf6e61f5 3f797839 bf1d8f91 becaf67a be960671 bf62e3f0 3f7fd0ad bf5e37b5 3f068387 bf0bd366 3ec11ed6 bedeaa8c 3f4433c3 bf5ac1d9 be252417 3e6d0476 bda9d7d8 bf6d85e8 3f7df06b bdb65753 3e6d5c06 bf4437a4 3f555bc9 bf1b6179 be2173fa 3e86b65b 3f6d11ef bf3f25a5 3f444dae 3f425fc9 bf5b15c9 3f36739f bcfedfd8 bef55ae3 3ee8d680 bd511156 3f578fcb bec14ee4 3ee8b2ec bef5a714 bec152ad bc84db58 be8d5e69 3dcb5a01 bf6903d4 3eb5a664 bf08d372 bdd207fb 3f37f9aa bf053389 3d94f84b bf2f657f bd24cd42 3f088756 bf56b7eb 3f51c5d0 3f02276f 3f1f6d9a be2ad50d 3dbab879 bf6cc616 3f30ff93 bf7f285b bc07bee2 bf77902e 3f061f57 bf30658f be5ce4e3 bde19a81 3f54c3ab bf5a09e4 3e212cbe be51eca9 3ec9fed0 bee0faf6 3dd4c91f be999a65 3e18d44b 3f22dd7c beec92ba 3f24f776 be95429f bee302da 3f52c9d6 bf17f963 bf56abcc bda7a904 bf0a758c 3f2831a7 be77dc1c 3dc99960 3e112465 3d777238 3ec21ea1 3ea6ee8d 3e7d5c91 bf743802 3f27b997 be7c547b 3eec5eba bf20758a 3ea35a97 3f02f755 bf62b5ea bf47c5d5 3f430fb6 3f15238e bead369d be5eec7a be3e8439 3f347d94 3eb92664 bf236d93 3c78c187 bf6adbf2 3f5f2bc2 3f608fc7 bf7f8092 3f25617d 3edd3ad9 bf3c13c1 3dc0889a bf4cd9c8 3f7765fc bf437bc8 3f20f198 3f4831be bdeca8d0 3edd42e4 bf5801e0 3db12855 3ca91f42 bcd66182 bf0fff88 3f513bac 3d5f0f7f bdbec8f4 3e874253 3dab9801 3ee1aada bf5363ee 3e34bd41 bf69f7f5 3f01d571 3f243d9a bf6e8ff0 3f571dd2 bf43e7ce 3ddc9892 bf30ad90 3f78d802 bf69c215 3ed172ac bf6693e0 3f0c5b80 bf6bb7f2 3f52bdbc 3e65f462 bf16ad9e 3f47e7b7 bec4cad1 3dd38889 3d5fcf34 be562501 bc114405 bd019060 3f428fa1 bf38078f 3f1fa395 bdd41993 bf3b3fa9 3f10116d bf17df81 3ecd9aa6 bf0d6381 3f7a2e46 bf6173b4 bf4b29b6 3f0a9d67 3f0fcf73 bf6cd5db 3d6a2ffa bf3cfdc1 3e75cc7b be991e60 be7c74ae 3e13f461 3eb02264 bf2a0d95 beb66687 3f0ec590 3f28e99a bf4249b7 becfb2aa be6724d1 3d6471b8 3f194b95 bf741c2c 3e9f326d 3ecefe80 bcbfdd8d be81d673 3f6903ff bf5dedf1 3db5691e bf4bf7af 3f2ce383 3df4b975 3f79162e bda8591c 3f2e7bac bef0e298 3eb6fecc 3eb20e57 bdd35895 beb8a69e bdf9b8c7 beacde3d 3e02bc06 bd0e924c bdff773c 3ed18ed6 bf647dfc 3f289b7c bf12db9a bf059777 3f197368 bf76640c 3e0d9c5a 3f49a1a0 bf30f59b be762c90 be614493 3f0a1173 bef432e9 3f28b5a6 3f1c4b79 3edd8eb0 bea7fe50 bf088b56 3e923e5d bf2d518c 3f442db1 bf3ac3af 3f4f35e8 
bf49d3ad 3e072bf3 bf2b6f98 3f28458c beec2742 bf4b81b5 3f074f96 bf4527a3 3f34afb3 bf689ffc 3e359caf 3f0aed52 bf432daf 3f17078b 3ed4fe8f 3dd53846 3f524dd3 bf167151 3d223009 3eabe29b bf2adfaa 3f1f0374 beb892be bd44d09d 3f7417fc bee25edd 3e7a44dd be19546c 3f3b15a0 bf0f498e bef2e29d 3f2c9177 3d87497d bee53ab8 3d4611c7 3f40f5d1 bf46b7af bec9428d 3f5defd6 bf6017f6 bf7087f8 3f3c2ba9 bf7b0834 3f5ccfb6 bef59302 3f131f70 bf76862c 3ec6c274 bf270f8e bdc4b8b2 3f5e1bf3 beb1c2b9 3eae46c3 3e87b26c 3d748fec 3f4d75e3 be600ce8 3f048f50 beacba65 be47850c 3dd118b2 be65f495 3f79d619 bf35b9ae 3d6cf0b8 3f38ed8c bf3a5f8d bf10a55a befdceaf be728498 3f2d61c9 bebe2ac7 3f6225b7 be93065c 3f7a7039 3dc2b8f6 3dbed861 3ec7ce90 3f2c459b beb19a9d bf56ebc5 3f65c1d7 3e5a24da beb3be67 3ed166ac bf12c37d 3f2337c1 bf5bebdf 3f450b92 bf7d1448 3f0afd6a bf6793f3 3ebf06a2 3f423db8 bf7a4e5c 3f28638b 3e4f6c5f 3f4809ba bcc0625c 3cd7e11c bf2ed992 3eebc28b bd0b9149 bee23ab8 3df708aa bf6e35e3 3ce6a0cd 3f4f81b3 bebbb290 be697d2c 3ec6167e 3d59d091 beb586ce 3dcaa8b0 3ef3b6ea 3f711e07 bf3863bf bf4233be 3f4c098a bd9c08c1 bd49f042 bf5207dc be0d24d0 3ecd1287 3f660bde bd690fae bf4259a1 be4e9cbf bd82890f 3ea8b69d bf056194 3e74e54b 3e92526b 3eeebec4 bf64c7df 3f34979d bf3205a1 bf1bdb5e be9ea685 3e3a848c 3df42852 3f303389 be9dfe7c be2494f2 3f4011a9 bf1ab175 be627523 3eb76a79 be8ba2ad beb53aac bef242a4 3ef8daf1 3f02a347 3ddf4861 3eae029f bf381bbe 3f3b1daf bf3f41a1 3e970ab1 3f6b9bf4 bf4fd9bf 3e6a3511 bd840929 3f1bdb91 be9d02e9 3f25a371 3eeab2f2 bf7bf021 3e3a54d2 3ebae6f7 bf6729cf 3f6dea05 bf745216 3f5d0bb9 bf188d9d 3f50ffb3 bf214377 bedbaeda 3ec736a2 bf6463e2 3f5bac0b bee1caa7 3f70d013 bf67cde0 3f551dc5 bee99ef7 3dcf68f2 3cffa26d 3f7aba47 bf1d1d68 bf3e3d8a 3f76562e be52d4e9 3f259d7c 3e84eaa2 be558558 3f0d7b8d be8dea81 bf11a161 3f29d7a4 3f05275b bf055b97 bf360dae 3f7f5248 bdeb485d 3f3095b5 be5ec48a befe26ae 3f529ddf 3c86dcdc bef23ea2 be8d7687 3f2a2975 bf759e06 3f46afab bf1c5384 3f7fe2b5 bf1faf77 be933a60 bf55d9af be0f4454 3e17bcb8 bf05d177 3f3a1da9 bf77d418 be0684dc 3eca0ec7 3f15db5e bdb447b6 bd6733e1 3f2f557f bf168b89 3e08b44e 3f154f9e bf339d98 3f66f201 bd6a4f68 bdb7896e 3ed606e2 3d946868 bf3c659d 3f0a336a 3ed34eb3 be435516 be127c02 3ed39ebf bf5fafcf be7e5cb0 bee6aeb8 3ec5bad7 3d6bb0e8 3f386b8f bf6ede01 3f4e6bd8 bf3df7c2 3f4915aa 
bc92e023 3f44b7ad bf149f83 3f37f7a4 beb092ba 3f7e685b bd2a10ee 3e6614bc 3d29b064 3ed3d6a2 3d2fcfec bef452f7 3f07cf82 bef5bafc bece0a65 3c09bee5 beb58aad be133c36 3ed8b68e bdb50946 3ef44323 bee0cf27 3f0bd97e bf42d79e bedef6c2 3ed57ea5 bdba39bd bea72edb 3b570e4c 3e0f2c0e 3f03cf9d bf6c740d 3ebefa6a 3d762fe8 3dce7871 bf05af7b 3f0e8575 be251404 beb262af 3f2fab73 3ecb6ed0 3f186154 3c154347 bf2f2d9c 3f3d29c3 bf46899e 3f39799d becc7a94 3f78f842 be4f3511 bf66b3e8 3f1d9587 bee83b19 be82763d be22053f bf394da7 3d4eb33a 3df6599f be73a52f 3f15d594 be40c4a3 3ed442a1 bf6e2e17 3f5c87d4 be46b457 bee432d8 3ea2be71 3f0a0b6d 3ee55aec 3ec34eed bf6579d1 3f169f8e bf6905ff bdecc7a3 be975e57 bf2bd399 3eaa46c6 bf5fb5d6 be461c57 3da58835 3f71be09 bf1f5995 bf123785 3f39d1b6 bf4631c0 3f4893c6 bebbc286 3f61cde9 bf02a75c 3e8f5e31 3eaf0e78 3e819aa3 bd6770d3 bf4d51c4 3f4f13cb bed642a3 3c12bf5a bf4e33b1 bd764ff4 be149c38 3f69ffec be4ccc72 bf191974 3f6c200f be9ade85 3f36cd8a 3ec412c3 bf55afd7 3ea6225d 3dd9a8f1 bed53e7e 3d70d0ef 3eb96297 bed80e6e be98b279 bf249399 3ec87adc 3f22b793 bf3ff39d 3e373cc0 3eb22a85 3f17ed97 3ead12bb bf40638a bf5895ac 3ebd4a9c 3f3f27ab beabfada 3f176d8d bf55e9d5 3ea1aeab 3ea9228a bf13e193 bd759324 3edf96ee be488475 3f0c6d75 3f191389 3e2ddc70 be22c470 3e6c34a0 bf714c0a 3da6488f 3e8202a0 be1b2ca0 bf1ed35c 3f7d3c42 bf6be7fd 3ef88b25 3ee0c2ba 3f140587 bf02ed7c bea126d2 be569cd5 beb2ce6a bc3a43e2 3e2ad482 3e06d46d 3d80a903 bf5dc3d5 3f108772 3e093453 be4e6ce7 bf0c3191 3ee82ac6 bf4ab1b7 bf007b71 3f7b363a be66ace0 bea5e6c7 3f190989 bf228b8f 3f5537c8 bf7bae5f 3f3dc1a7 bf789837 3f65cdda be817267 3f5dedd8 bdbf2870 bef0af1f 3ea61a74 bf680402 3f2f4999 bef7ab09 bb36fad8 3e9ee693 bf181d7e 3dadb9dc 3d3ed12c 3f237586 bed9f2a0 be2594f8 beee9b39 be7cd516 3dae97d5 bebdf6ca 3eb006a2 3e9b5266 be1e54cc bf67d9db 3f36f7be 3ea24ebb beef8f12 bee786e5 3d459145 be8aea33 3ea992aa beb43ad5 be8ea6a0 3dd8f83f 3f069b95 be8a6242 be2bfc4d 3f0d1f68 3d3fef54 beb67685 3db0e842 3f02bb77 3f6b7de8 bef3eaf3 3ee212e6 be0fa42a be8736a3 3f240d97 3ef3eef5 beb3e288 bf71860f 3efbf2b5 bf113b92 3d81f937 be5b74ed 3e954a74 bec7928f be491498 3eda4e92 bf5b35f0 3ef03f2d bec2de8f 3e6473ec bdc118a1 3ec56662 bf7e5c57 3f4777a3 bf2c2380 3eae6a61 3f059b63 be49d51c 3f651e0b bf3f7fd5 3e7cdd25 bef0febd 3eb52e71 3e354c98 bf0e9b8d 3eddc292 
bf538dba 3ecd5e87 bee5c2dc 3c1ac402 beb0feea be7f2cbc bf2d1971 3cbda310 bd234f25 bf5951c4 3f66f9e5 bf6241c3 3f73bc07 bf247f9c 3f7df85d bed2faa3 be3914e1 3f730c26 bf1ab97e bf38f19f 3f2213ad bf73ec1e 3f202f7b 3edc26b4 3e8cea54 be85da65 be842e75 3f76380f bf622bce 3ec1fe73 bef956f7 3f55edc5 bf44fdbb 3f618000 bf7d1658 3f6c61d4 bf2e59a4 3f680014 bf2c4d9a 3e7c7d68 bf229d7a bf6085d8 3e9f2ab5 3e8b9e33 be6214af bcb0a158 3f29559f bf4ba7bb bebe5aa2 3e5d3c97 3f275f97 bf0ee388 3f4e1bae beef22b1 3f43378f 3f29e593 bf19c171 3e599507 be654caa 3d46b2df bf44a1ba 3f07457b be3274f2 bd25f0e3 be568ccd bc15bfd2 3eec9edc bf234d8b be626c67 bf05c76b 3f4d97e3 bd7df13d 3e2144d5 3f3ccdbe bc7ac019 3f085d8a 3e9f3e9e bccba028 3f674208 bf6403fb 3d97c7e3 bee8aaa7 3f610be7 bf3057a2 3f18d18a be9f0285 bf5977c6 3eb1f2a4 bf4a7fc2 3f353bab bf67a9e9 bd197024 3efba2c6 bea92638 3eb27ebc bf22779c 3f38d99e be1a1c19 3f5b83f6 be867a67 bf5ccbda 3e9f52b1 3dc0d8ee bdd26951 bef012cd 3d8af8b5 bf1c5b8f bdcfa932 3f4a35ad bf4f87a7 3f684402 bf46d9a5 3f2b0b8e bee7cab5 3f218191 3ecdaa8d bf3be39f 3f3931a0 bee17313 3d93d87d be74dcb5 bf6003d5 3c58bb33 3f2d9fc3 3f282bb8 bf1d3588 bd8e092f bef7e6d7 3f4e519f be530c6e 3ebd1ed2 bed886d6 3d3a52fb 3ea046cb be9ba6b1 bde828c4 bf1bdf92 bf085d80 3ee4e2e1 bf071577 bdadd831 3f3f499e 3ec39679 bee19eda bafe16be 3f700418 bf4ba1ce 3f78c816 bf37cdaa be468cb7 bf589beb 3f3927b2 be114c0e 3e4bc4c2 3f6fa5ef bed66af0 3ed912f2 bf50a5f5 3f3bbf78 bec0f6b8 3f57a5b9 bf6fd3ff 3eb89e4d 3f0a0d79 be5b1cc8 3e93f64b 3f354f94 bf25ff9e 3b9379fd 3e627cc6 3eb616c2 bf4571b2 3f5b09e6 bf26f5b0 3f501fb3 bf201b8f 3f4bebd1 bf79e244 bea9eed2 be632c8a 3f6365fa be8d0e29 3f19cbab bf02755e 3f7381da bf78dc33 3f6f7401 bf0c9194 3ef78329 bf6451e8 3f1e677b bf31af83 3f6cc1fd bc163dc2 3e50b520 3d6e6f35 3ea66ec2 bf500dc5 3ee812b3 becd56c0 3f5115e0 be5e5d0c bf4eb3e9 3f63ebc7 3df4f901 bc866274 3db7c956 3ee14287 bf3987a4 3f7b5066 bdc2587f bebe5ec4 be3eec31 3f13497a bf4c2b98 be93fa4f 3ec5b2a1 be891e55 be171c6a bf71100f 3f29dfa7 bf3805b0 3f4405be be9bf686 bf04697f be6174fa 3e91c270 3e95629e 3f21dd88 bd6ed16d bede4eee 3f7e706f bf3ea59e 3f0f2985 3e8ff26d bf301981 3f3357c8 3d5d335b bec21284 3ea93ad1 bcaf60df bec0fa99 3f2b5786 beca22ba 3f3f71cf bf6c1fd6 3e935e5e 3bd67972 bf31639c 3ec41eba 3e22046f bf09175b 3f447dba bf7a7053 3f6249da be47f493 
3f6e9e14 bf05eb87 3f18c36c be86d286 3f2dd188 be363473 3f6c8bed bdeb0839 3ed09eb0 3e29fbe4 be82667a 3ec78ad9 bf33f3a3 3f0b2372 bf7ae450 3f6b37cd 3c909a22 bf704a24 3f0c9d63 3f2e197d bebc02cd 3f6e8dd8 bf4491b6 bf221371 3f015b7a beefea84 3f1f85a8 bf6f6be8 3f4e71b2 bd8df740 bebc2661 3f27d7a0 bf230796 bdbbe7c8 3efa9714 becea2b1 bcdcdf84 becaa69e 3ef51aec bec89a9d 3f3103a7 3f21e996 be94d695 3eae0a97 bed28acf 3e52854a bf391796 3f43019f 3efd36e2 bf4e5db8 3f107f8a bf6f3212 3eb6666b bd36515a bf033d5a bf5f6bcb 3f78c023 baee125f be29c472 3f1b8360 3e0c944f bd44f26d 3e206480 be93267a 3f4689bb be7674cc be1adcbe becabaa8 3f5e3be2 bdce079f bdd14875 bf5d81ef 3f07677a bf217794 bf1df383 3dcea9ea bf5e47c0 3ee99ef0 bf094f68 3d94a904 3f523dc1 bf02917b 3f3deba3 bf0bad75 be80de48 3f62f9d1 3d89a8e1 3f4a57d1 bef82ebb 3f61fbea befc86d3 3f189f69 bf434bb1 3f490fcf be9f4ad3 3e8fba82 bea36a83 3e47042d bf7a0641 3f1a797a 3eb58e7b bd09709f 3e474cb7 beab465b 3f1a0bae bea746d4 3f43b799 3ecb8251 bf122f7a be34ac80 3f3fe98c bf63f3d5 3ed96ee8 bcf52499 be0c34bc be1ff408 3e9df234 bf7b1a35 3f280595 3e846a5f bdad7732 3f503bbd 3de45869 bf736205 3e833a7f be9a7e5d 3f4631b4 be78647f bf655fda 3ecc0aa3 bf13fb85 3f0eb75e be2f8c66 3e8dc294 bed97708 3f0d857a 3f65fbee bdf678fa bec106ea 3f20fd56 3e5a3477 bf175d65 bf26b9a4 3f1ec9a6 bf320f82 3e8ef28b bf2d1b91 beba96e7 3f33bf85 3b94826b 3f70920a bf700813 3f67f5cf bf3317b6 bf4567c8 3e27f4bb be74ecaa 3e8c3234 3c02b97e bce36308 bf7bb443 3f5b4bdd be639495 be779cc3 bf15bd94 3f18f966 bf43b39c 3c9de13d 3ea7b670 bedb9298 bee7a2d1 3f2e4785 bf5b47d5 3f19a5a2 bee4f2f5 3dd7892d bf250fa2 3f5a0bc6 3f0eb971 be3423d1 bf0ef3b8 bf1f8364 3f080d74 bef7c72c bee372c4 3f362b91 bf419fa8 3ea62a9b baf67084 3f3ecbd2 bf47f9b1 3f12038e bf718a0d 3f099d73 bf1b397f 3ea32eb0 bed29ee2 3f74a60e bf02e759 3e0a849f be879657 be09acd9 3f4ebd9d bf2b2d86 be964683 3eab6e78 bf26117c 3e174481 3e7674b4 beb06e61 bf33f7c1 3f44afad be70fcc7 3ed11277 be2a2c99 3f5491d3 beaaa27a 3ee4df0a beaac23c 3f41c3db be99325e 3ed642cb bf786231 3f2c8f80 3f2a1fa5 bf4d35e6 3f51adaa bf4b4fc4 bf218989 3db6c86b 3f3acf97 bf5075a5 be981265 3efcaeb1 bf4eb1c3 3f6339f2 bf57b3af 3f203b86 bf4d3bbd 3f5cdfe9 bf64bdf1 3f4efdc8 bf044b74 bea38a2e 3d5aaec5 3ecf0ae8 beabb266 bd9e4885 3ee3a2a9 3d948a4c be379c5b 3f04457f bf28a1a7 3f3bb19f bf049d89 bdeda994 
bf30a5aa be72943d 3f008142 bf5a3bce 3ef26f1c bf3e1f98 3d6a916d bf0cf57d becceaa2 3eeedae5 bef03a85 3ef5b6cc be81666a 3eef5adf bda5292e bf094d4c bdbdc86c 3f5245c7 bf3d259c 3e823670 bf3e099f beab9a95 3f6e07e6 be17cbd5 3e0a8cae be410d10 3e05ac17 3e819671 bf562dd2 3f5677d8 bf0adb5a bef586e7 3f779a24 bec8aa85 3e3b6c3c be4044ac 3f06c763 bdea3965 be800630 3f0f418e bf713bf8 3dae48f6 bd38d1fd bf4f7faa 3f70121b be40a4c2 3ee0930c bf7333f5 3f2c1190 bf3bdb9e 3f08eb85 3ee7c6b1 be3bac68 be6efc91 3f48bfbe 3ef866f4 bf4cd7c1 be9bb6c2 3e5354cd bf76122a 3f10b18f bf4e2fc6 3f3b6bd0 bf0c957b be52148d bea43681 3f42d1ab bd3d91dd 3e3444d2 bf50f5c4 3f410399 3f338786 bf1ccfb3 3f0ab774 3f007d7e 3f35e5ba bea13e67 3ed7b70a beb4de46 3ebeeede bf036590 beab5666 be849e81 3e485546 3e37ccbe bf13e797 bf690fec 3e592c88 bf02e197 be85ca94 be01dca0 3f11436d beb07aa4 be392cba bef526ed 3f10519b be8c5e61 3d13d11a 3f32ffaa bf4427b1 3e81f658 beb99e7e be827e27 3ed01af2 be8316d3 3c5e4109 bf04e37a bf4a8dd8 3f5f67b8 bf07af6e 3d23b131 3e2d2476 3eac968f bf785e2c 3f1db16d bf45c1ba 3f49e9a7 3ef32afc bed4caac bec76ad3 bc84a11e bea17e9c be47cc92 3e906a8e 3eb7ca68 bec91e75 bea10a9c 3f603bd5 bd16affc 3f4f3fb8 bf278195 3ef3cedf bedd6f15 be8fd657 3f32077e bf66bbcb bf3beda1 3ed3a6e9 3d4f6f44 bde47993 bf41c5b8 3f546dd6 bcf82226 3f16536e 3cc21f0e be99da7e 3f6083e2 3f2a9994 bf60c5f3 be1c0c48 be9f2693 3eca5ece bf72b215 3f255f98 3f59c9e2 be43fd2f 3eaf2678 3d27ef7e bf1db969 3f744a19 3dc5674a 3eb472bc bf4a45cf 3f29b1a2 3f321d87 bf7e684c 3f589fe3 be50d456 3f1cdd6d beaeb63e 3f49959b be04ec80 3e130c83 3ccba1bc bed27a7d 3f79de38 bc00b684 befda2fa bf0ec36a 3eb8ead0 3f043372 3f4ffdbb bf36abb1 3f71ffff bed576ca 3f0b039f befb66cc 3f2f8798 bf378dcb bef2b6ab 3f17a36d 3eba0eab be804e82 3eaebe7e bf01195e 3f48b1be bf7de078 3e239c26 be956640 3eecde82 be2c04ba 3e7e6d59 bf3257b5 3eb47abc 3ebb1ad3 be708454 3f7f2287 bf7109ed 3f105d9c beb98af2 3f70fa15 bebe6a86 bda337ef bf47e9be 3f056793 bf087582 bed2f26b 3c8c2280 3e524498 3cfda760 bf4507c9 3f363b9d 3e66b525 beddaad0 bf14e57d 3f6d520b bf610bd3 3f3b4596 3f194992 be3754c7 bf559bd1 3f2e177d 3f4aa5a2 bf2ac59e 3e5b3cf2 3ea3c270 bf09b565 3e6d24e6 3f0da17a bf2c2bab 3f114987 bf04a37c 3f14f78d 3e6fe4c1 3b0d2b8d bee512ed 3f465bd5 be98325d 3e191404 bf2ff99a be088c43 3f190bad bf41dbb1 3eecfa7f bee68ee8 3f2a3d96 
3f6c4bee bf0f6596 3f1c7d82 bec24ae5 3ec48aac 3d62ee53 bdc618fe 3f77e82c be8cda38 3eda9a96 bf759204 3f54f5d9 bf139997 be6beca6 3ef70aa9 3ec316ca be9e2292 3d9db8b8 3c97a312 be38cd01 3f30258a 3e901eb2 bf51b7bd 3ee80eb5 bec002cd 3f0d79a9 bf227197 3eadeeaf 3f19fd98 bf7d3c4e 3f5c27d4 3ebaf6f4 bf3aa7b8 3cd1247b 3dfb6862 bedb9671 3f0a6597 bf4995bc 3f7f9ca9 bf62f3cd 3f2ec7bb bdf17790 3cf21f47 3f55859a bf34b7b6 bec56b0b 3f042d54 3e4e4c45 bf23b774 3f7bb25f bf0e676f bf1ad598 3ec5fe9e 3e8eee38 bf7fd886 3e1063f7 3e44751b 3f46e5dd bd1eb178 3f5261ab bf0c859d 3f33418e bf5a33c5 3f730205 3cc6dd1d bdd3c9b0 bdb28881 bf4fc1a1 3f018171 bd9177a1 be18843d bf731605 3f2c779b beb43e9d bf22ab9d bf7cf852 3f5e39c4 bf33ef9a 3f38afaa bf1bed63 3f08c375 3f03777c 3ce8657a 3e622454 be513535 3f353197 3f2f058c 3e860aa2 bd0af1e9 3f641ddc beeb1ac5 be70cc8d 3d1c0ebf 3efe86c3 3f0ccb8f bf5c0bd5 3ef9a6e8 bea24a99 bc55c384 3eac5281 be6004de 3e22f44a 3f27b597 bf5d03e2 3eef930a be1b6c4d 3f5d71e9 3d4b6f69 3d9da838 3ebaf2d9 be5d7c78 be68ed1f 3e46fca8 3ebb5682 3f413b9c beccaa97 bbf57fb0 bf72c219 3ec03291 3f20a191 beba5a94 3e63546a 3ebbb69f bd736ff9 bf09df72 3f7b484f bf1fed86 bf264da4 3e25ac7c bf719c0f 3f5febd8 bf666de5 3f7aae29 be9f1a6b be202cab 3f5a4dc0 3dba8945 3e40144a beb8eea7 3e2e54f9 3e8bba71 3e8a129d bf136579 bf448bc3 3e2734aa 3eb9c27a bf4fe3c3 bf761822 3f4535c4 3efc0f01 bedc2700 3e94e257 3f22fb87 be9ccea6 bf7291fd 3e988a54 bf4ccdb2 3f4229a2 bf4da1d6 3db999e5 bf2f3192 beb0468e 3f5637ba bf407fd3 bedbc2e1 3f2319a6 be1744dd bf10917a bdc7d965 bf0baf7b 3d88a8d1 bf286583 3ca6a12f 3f110366 bf00c161 be28bc87 bf3f438a 3f6d71f6 3e187439 bf261f97 be628569 bf021143 beee5eac 3ee7f6d5 bf544fc9 3f1be77f bf55e5d4 3ef436db bdee4966 3f701c0d bf446d8f bf4cff9d 3f7193ed bf3b6db5 3f5dd3d3 bf2fb18b 3f651606 3ed7d6ec bf29dd96 3f3573a0 bf67d805 3f0fc781 3e25cc30 3e833e7c bf107d85 be7d94c5 beb1ba75 3da8d839 3f20d198 bf435590 3ea2e6f1 bf4d55bd 3f4629a2 3f58e3d9 bf749bff 3f6429d0 bd6d6f52 3f11d560 bf780c1e 3eeb3311 3e4b6440 be57dcfe bf1be576 3f759813 bf0cd58d 3edf72af bf0e1178 3eb5c277 bf7bde43 3f26ffa9 3f156d8c bf3db9a4 bf27a3a9 3f6a9c0a bf7ba04a 3f0abb5c 3d6df10f be821eb7 bddc69b7 be2c249b 3ef002d1 bf06bf54 3dd0270a bf7fc8bd 3f7bcc1c bf6f8ff2 3efa7eca bf6935d9 3f192d77 3f408bad be874a7e bdf51839 3be58185 3f32e7ac bed5ba75 bee43aa0 
bf6d0def 3f2f2196 bf71ac11 3f730a0d bf6961f7 3f6f0a11 bf3d29dd bdb24947 bf111d7b 3e9f9e9b 3f4dcdca bf6087c0 3f4ce5cb be8d3259 bc45bd92 bf54f7d8 3f3757b5 be8716a7 be85b2ea 3f332381 bf417bab 3da1784c 3dae1896 be23e43d 3e6a8cba bf392f8d 3f71ac03 bf45bbbe be35c458 3eb4568f bddee837 bf55d3d8 3f027f63 3ee30ecd bea4aafd 3ee472cf bf392780 3f2c8d78 bf42d9a7 3d5dae1e 3f4575a6 bf73100b 3f22f7a1 bf420db8 3ec5e2a5 3ea2fe4c bed7bea9 bea8a6b3 3f552bc7 bf58cfc2 3d9148a1 3f7477fc bf234fac be209548 3f403fa3 bc985d7e bec776a3 bec51e8f bf5c1dd7 3e0444a5 bf0d7f74 3f46ebba be638c95 bf5e67df 3f1e2fbd bea982bd 3f142b6b 3efa4ad3 bf2d0bde 3f43a3c9 be810e7b 3f53afae bf077985 3e5b7ce0 3f784c44 3ea4967f bab21e52 bf075383 3f0b4382 bf0b1575 bdadc796 3d02710a bf660a09 3f051b54 bf50b3d4 bd73112e bf7f5a7e bd4c9142 bf114d5d 3e61dccf bf3005ae 3f79d829 bed64692 be7ffd32 bef952b5 3ef86af4 3e590ce3 beae3a9e 3ec6e699 bf6535d5 3f7c7e5b bf2e7386 be561cfb 3f3e17c3 befe96b4 3aa1e69d bf3267de 3e7c4cef bf431fab bd6d11f1 3d5c12b7 3eb7d6a9 bec04e85 bf32b389 bf0aaf6f 3d0c7076 3ee6c2c5 3ebf5ab5 3e8c3a72 bf63ebe5 3f39cbaa be0f148e bf5e11c4 3f23dfa9 beb8769b beafb2bd 3f35e19d 3efd6705 3dc13902 3ccd9e9e 3e6e3c8e 3da898bb bf27698d 3f3bd7bb bf72d808 3ecc5eb2 bf5879c4 3eed4aa8 bf075f61 3f488fb2 bf0d5d94 bf3f23ad 3f7dba56 3f2a77a5 be470ce8 bef64ab9 3f69ac12 3f38599e be5f7cf1 bf59c9ac 3f7c4627 bf6c71e4 bdd6080f bd50cfe4 3f083b96 3f24896c bebf2289 3e3f446a 3f5649da 3dabc9ac 3e64d449 3f43c3a2 bf54cdd1 3f36a3b4 3eb0eeae bf4721c0 3f13a5ab bc942076 3f219577 3ed26693 3ea80e59 3d990859 3ed492ad bf4c91ad 3f4451be be18a450 3f6ff40a bf71f9df 3ebb6256 3f0a4b4f 3a33b442 3f280baa 3e5174a6 3f0bff64 bf3d1dc9 3f6a9e10 be25e476 3ee82e8c bf44dfbf bde72a09 3f286b90 3ca8609d 3eae2ec1 bf5833e3 3f13437f bf5b09b3 be1efc4e bee3a2ec bc69c510 3e2bc4bb 3d899871 3dfd7874 bf192b84 becf5a6e 3f6bce03 bdc4c898 3f68c5e3 bf12f38f be14ac78 be917a99 3f5213b2 bed26ae7 bcb4a357 bf4f8bc4 3ea40ad9 3da277ac bf50ebc8 3f274da6 bea00aa3 3f272d88 bf6a4bf2 3f7c1c4a bf2c83bd 3f2ba793 bf246f78 3ec8aea5 3b90771d 3d9cd824 3ea8fa90 bf42899c be14350a 3f614c02 beadfe97 bd99693c 3f696bff bf56d9c6 3e203ce9 3ec4567f be398d20 3e0294a9 3db1882f bdfc075d 3f1f957d 3ef6e68d bf07235c 3f53a9ce bebc9ec7 3f69e204 bf6ae20c beff66f5 3e3d2444 3ee676d5 bf12856a be967a18 3d483046 3f31f7bd 
bdc1c88f 3ed6669d bd6ff440 bd3b9024 be063c7d be970666 bda7e8c8 3f5851a9 3ddec9b5 bee8f686 be9f5a98 bd594f14 3e0df4c5 bdc90891 bdca98ea 3f62efff bef7a699 be813a75 3f28979c bf0b6350 be8e3636 3f321b83 bf0edf55 3f6efe01 bf339bce 3f712c15 bf3779ae 3e4ca51e 3f76b64a bf568fbf 3e91c622 3eed16a5 3d5eb0fe bf1de176 be18548a 3f2da77c bf01fd73 3f180b81 3e0ec3dc 3e9012b0 bf62f1c7 3f0b996f be1bec09 be2ca471 3ecc4a74 beb9ee9f 3e9d46b7 3ef2eee6 bf6fc7f5 3f28f7be 3e3c3c85 bf4d03c2 3ed956d0 3e5df51e beaf8254 bf06b77b 3f6bc1d9 3d1b2f44 3f533bb4 3ef2deb8 be3724ad bf1f9990 3ed7d2a0 3f544dc5 bf7aa229 3ebfced7 bf77c813 3e58ccda 3dc578c4 bdd9977d bf56b5cf 3f17e965 bed67e83 3dd1583e bf75ee0c bed80673 3f26db9e bf0eab71 3ed20ad5 3e8d92a6 3da10833 beadaecc 3f3b57aa 3e67e537 3e16d516 3f695a0c 3df068e6 3f46efc8 3e7b34fb bec94ebb 3f5e61d3 bf5a17c9 3f04f1a1 bec64ade 3f586fc3 bf4f17e1 3e911ec2 beeb9ed3 3edfe2bb 3ee7ab0a bf725418 3f4cfd90 bee2d2ba be0a2c5b 3e0eac5e 3f06e391 be0d8413 3f100584 3e184c36 3ef56ab3 be199cca be7c44ad 3ee8c268 3f4dd7c6 3eb39abc 3eaaa265 bf710806 3e989eea bf3aaf8c 3f30f378 bf7dac83 3f5135c1 bd73ae49 3ed01309 be1a144a 3e5164c6 bf044767 bf5657a9 3f285391 bed426b2 3d22b163 bd31b06b b90e7d3a 3e874687 bdb747d1 3f01c57d be7dc51b 3f2e2390 be38bcae bf16558e 3f0e9b9d 3f183587 bf3fd1ae bf45bdd7 3f0bdb4b 3dc698b6 bef59ecb bf7c0032 3f2ac389 becb7ec9 3ed7ff03 beae0e84 3f70f1fe beb02a4f bdfcf837 bf74aa1a 3f684fc0 bf67860b bf194f71 bf2a23b2 3ee95f0d bf6a87f7 3eee0ec4 bf1691b7 3d7cce6c 3e3f647c bedb2282 3ea1a6b6 bf7bf650 be835e30 bf22a5a3 3e7764dc 3d65d172 bef34683 3f06736b bf5b8dcd 3eb4c69a beef9abc 3d3251d7 bee8faab be9d468c 3c2cbca0 bf3fffc5 bed6e6df 3f0a9f58 be9ed27c bf67d3f2 3ed4ef06 3e568cba bdfd8971 be3f7cce be2de44f 3db5b985 bd836851 3ef52efc 3f02d17c 3ed466ea 3d402fe3 3f24258f bef4f6e3 be607c3d 3ec7eeb7 3e25050e 3eda6ec1 bedb72a9 beb89a6e bf425199 3eb96e8b 3ee33adf 3e26c48e be976a90 bdbd37f1 3f5d6ddc bf13a765 3f7029fe bf33e99d 3f0fd788 bee97ae7 bda597a8 3ed1ca83 bf3d4dab 3f6007fa bf7eb87d 3f313b86 bf44b5b3 3f44f5b9 bf3b91a8 3ed72eeb be335cb0 3f79a83e bf13059f beedb293 3f7043f8 bf52d3e5 be2fd477 3dbef97b 3ed726e7 bf5b7fd1 3f2d49ac beaa7e4e be49cc96 bccc227b beb9567c befb7a8f be129c98 bb3d26a7 bf492bc5 3ef89eb7 3d8b46df 3f65fddf bf3a9f9a be62053f 3f66d000 be3264dc 3e0e5c98 be712cb5 
3f4ba9b7 bf14857f bd835830 3e2dbc26 3e4c5465 3f068566 3d644d5c bf774e33 3d5fedfd 3eb0fa93 3efb06af bd87083f bd43502d be423cc7 3f1b476f bf7ce638 3e17fc15 3f481da2 bf5d5df2 3ec1ea6a 3f0feb54 be92cadb 3da5c77d bf7dfc64 3f233372 bf73e60b 3f6087d2 bf35fb9f be46ac02 be3944b4 3f1efd83 bf20afaa be63cca2 3f4b11a5 bec61e95 bd2bd07d be3b1506 bddab874 bf6e9a05 3f15c960 be79dc94 3f459bd7 bf2641a5 3f6711f9 bf73680f 3f153b7c bf2e7bb9 be268c95 3f65bff7 bf6f7bfe 3f11f987 bed44ee5 3f139b86 bf4f07b9 3efd1af4 3ed30ee1 bf5915be 3ccb64a5 bf1f97a4 bf7cb642 3f653bbd 3e88f26d bf4ab3b1 3e00b4dd 3de6c80e 3f4765b7 3e9a3ea4 bc971d4c be789c82 3dd8e8df 3f29937e be418cfe beb072dc 3f194386 3f45fd9e be00642e be64dd4c 3f427dbc bf501fae be6b9d42 3dfeb8ec 3f08dd8e bf1ddd73 beef3f1d be6fbc6b bf3a49af be931e60 bf4321b3 3d6ad066 be2b84d7 3c17c339 be73fcf8 3e6584b7 bd552ed9 3f07d797 bf5401d8 3f7baa43 be3c0ce1 bddb67d0 bf0c8f79 3f5cd9be bf2587a7 3f78284b bf2361a0 3eaefaba bf2e5395 3e35ed29 bf0db3ad be6b6523 bd48ae68 be98dec1 3cf5e026 beb3d63f bec3baa5 bf645fe6 3df1d879 3f5c59d4 bf361d8e 3f70561a bd97f935 3f193f6f bf61d7c7 3ee152c8 bf71d21b 3ecc82b7 3e87fa7a 3dbfa8fc 3f4bffa1 bf78fa24 3f476bc6 bf5cffde 3f3af39d 3cf3a3fa bf4cb5ca 3f4329b3 bf5219dd 3eb72217 bf776224 3ea8f2bd 3f2c099b bf6c01f4 3e361c42 3d9e29a5 3f5e31e9 bf72b015 3eefb704 3c34b2c1 3f4dc1ba be89beea 3eb5ea7b bed192bb 3eabfec2 bf20bb9b bead0e92 3f77741f be57cc93 3d9f190a 3ed9aea2 3f67e1f9 3f358fbe bee936d2 3ebf225a 3e9c5a6a 3e1ec49d be8d7a65 3f3a7da0 be8aee7a bde7e92c 3f7319fc 3e579473 3f4fb1b1 bf6717e1 3f2471aa be5714d0 3f15f759 bf343791 3f18c770 3da75758 3f1a5f80 be882293 3f48e7c8 bee126e6 3f5dafb9 3ec6e278 be399500 3ce1df0c 3f5111b2 3dce485d bf1e3975 3f772c28 bf34319a 3eaf92bb be3414ac 3eeb7310 bf53c7cc bf6941e5 3e914aaa bf142971 bef966a3 3efc8efd bcc664e8 be357413 beeb02ee 3efb8ad6 bf6037ab 3f6c800f 3f72d403 bf775a2e 3ebbfefd bf6423bb 3eb36ee6 be5c3460 be847286 bd2eb147 bddb08b9 be4e4491 3e57dcce 3f4235ba bf4e71d6 3e7d8ce9 3e53ccb0 bef53afd 3f330b8e be97525f 3e9536b7 bd343276 be556c6f 3ddb0876 bf203b85 bed02274 3f5827d9 beea72a0 be0bc4c2 bc1dbf30 3f798412 bf3e61cc 3f20d985 bf265d67 3f3ea7c4 bf5871d2 3f7cd055 3ceca01c bddbe893 3f28afae 3f16a36b be651cdf 3f746217 bf7bba52 3acdae43 bf091d68 3f7e784f befc26c1 bde69959 bf235391 3f594de4 bf563dce 
bedfdaee 3e48b4eb 3e15244e 3d3af125 bec78266 bf73b619 3f3d67b0 bc9c20c5 3f528bbd bf263b7e bf5f0dc1 3f73dc39 bf5343bb 3f2db9a4 bf62c5da 3f69ae03 be47446c bebf4291 bd244ea1 3f138d4f bf7ca83e be89463c 3f31bfb5 3e8562b3 3f36bfa9 bf44f7a7 3f6655db bf18b797 3f74ee1e bea4c657 3c57bf03 bf07bb6b 3f7c8666 bf798a57 3f414f9c be96da92 3e733cd9 3f2b7f82 3d9bc84f 3ef69a99 beb6b69a bf3c4982 3f0fa598 bf712801 3f79142b bee446bb 3f2cb587 3de6a90a bf3cb7b1 3f3f03c4 bec4b68a bde44936 3f3849ba bf6b01e8 3f72360c bf5707ce 3f13418c 3e463445 3eeaeead 3f321f92 bf1f4d7e be98c29f 3f71ca04 bf064d90 be2ddcee bf2d8b97 bf41e5bc 3f24879c beb12e8c 3f13555f bf5c77c5 bc89e256 3f36b7a2 bf40a5af bf5259c8 3f323da1 bf03cd73 bec1fac5 3f446b9f 3d7ed1a2 bd9958e9 bf5263e1 3f16555e 3ec3f298 3f04f5a4 3eda86b1 3eec06ba 3f1dfd93 bd358fbb 3e72e4b8 bb867fa4 bb78e909 3eced6ab bf3f359e bf12939c 3f6497ff bf2e2794 bf0a6f84 3f6bd1f7 befc3af1 3ea8baae bf0b5d66 befd5ae6 3f4af7b4 bf280f82 3f3185ae 3d206ee2 3e70952a 3f2787aa bf4df1b7 3f46f98a 3f4f97d3 bf50ffaf 3f5a2fcf 3f06017d bd20b20a bf613fcc 3f69fbf2 bf5f55d8 bf459385 3ed10719 3d9b7881 3e460cb7 3f199983 bf152574 bdf3a961 bf34d7b9 3f5a09eb bf1f23a8 3f4601c4 bd812896 bd60f092 bf1c057d 3f7ce452 bf027b69 bd204eeb 3f555fde 3e9fcab4 be326cfc be3cfca3 3baa7cfa 3f0e2374 bf421993 3e488492 3f043792 bf153574 3ed6328b bf6fc9fe 3ee5feb8 bf46fdc3 3f5859c2 bf6129ef 3f66ebe7 3e9a667f bf6fc1fa 3ebc167e be881e3b becc726e bf2b9d9b bf725e2a 3f2fb7bb bf1a0d7a 3e129464 bed58ab5 3e87024f bf7e8c6f 3e8d0630 3e83524e bf1f27a1 bf7d7c4b 3f366bb2 bf0b3b87 3f16478b bf627de7 3ec73a67 3e3cb4c8 bd63f1f7 be9de681 bf3ac199 3f0ed77d bf6771fb 3f149359 bf7d665b 3e5bd4ae bf7a5e23 3f3c2fba bf4205ba bef2d2d2 3ed062bc bf4d9fc4 3f18a57d 3eb0a26f bf2b2ba1 3d6c2f7d 3f22638c 3f672be7 bddb7904 3e5063f8 3f5159e9 bf4f2d9d 3f2a537b be0fbc32 3d58cf95 be58c46b 3f7e9c73 bf463db5 bf357f9d 3f02f18a 3d550f86 3e63bc23 3f63f9e3 bf1ad991 3ef93f36 3d926877 be281d2f 3f105364 bf36e197 bf23bba0 3f4001c8 3e6eb48d bf1a9371 3f401da9 bf5e21fb 3e4f5c9e 3e24b525 bf18a772 3f4de1ee 3e349cab 3ec23aba 3e68fc9b bf2af5d1 3f06b788 3e76650d be1f5caa bf26f388 3e843e94 bedb66de 3f5733c5 bf64fa0d 3f50b995 bf52e7ba bed44a7e 3f237393 bf48c99d bf5943cc 3cc322c2 bee436d4 3f597fba 3e9ceaa9 be90121f befff2d6 3e7c9d22 3ea47660 3e893277 bf193d8b 3f30499c 
3f1c417d bf0c576e 3ee276a9 bf3c5bb8 3f7441fc 3f1bb995 bf0c1f73 bcd61ca8 bf6135dd 3f074173 3f60f3c6 bf60b5d5 3eb2b679 3f141b7e bf33a3ae 3f16ff75 bef6272a 3ee85e86 3e2e04f0 bf122367 3f3e41a4 3f439595 bf7bea3d be6ab52b bf39f36b 3f33a1b0 bf4ac1a4 3dc1c980 3ced9f42 bf214587 3f1ea582 3f0dbd74 bf59c5c9 3f30afb8 bf7d2852 3f53cf9d bf65e3d7 be0cbcac beb96e91 bf179784 3f111583 3ed982d0 3e18ccb5 bb0916c8 3e1354a0 bf5691d5 3ef326a8 bf5d71da 3f6fa3e8 bf716410 3f72e408 bf095368 be4f04af 3f06c966 beb222c0 bebb9aa1 3f428b96 bf78ec3c be1a8c56 3dfff816 bee96284 3f4755bf bf73123a 3ec5e68e 3f3f4d9b 3e95be9b 3f40d58a bccda0f3 bf34216c 3f00f37b be96ea74 3f5a11cd bf681605 3eb98eb0 3f798814 bf5665bf 3f795a38 be57f43a beb416f5 3dd1a873 bc313c24 3f5a07c3 be95ca8d bea76640 bf3599a5 be8dd67a be955e3a bf4e87dc 3e964a9a bf19638e 3ea41abe be3a94df be75c530 3f4d49c0 3f0a757f befa529c 3ed2aec5 3edfd6d6 beb87e9e bcc76361 bd7d10ac 3f4fadc3 be162d16 bd48ce5b 3d469226 be292c6d bdc43829 bf385db0 3d0c8eeb 3f37319d bf77fe30 bf76fc45 3f55ab97 be190439 bf63cddc 3f33f3b6 bc871ce8 bea3de7b 3f50b3b3 3f0a7b75 bdc7e812 bef562f2 bd6c5149 bef1ea9b 3f6513e0 3e0dd464 3e543cfd becb6b04 bece3ef1 3e64546c bf6ab7e8 3f36e99c 3e12cc12 bf1f6780 3f043167 be29fc97 bf5f3e00 be793513 be9edead 3f4693c4 bf2045c2 3f0d736f bf2b8b93 3ef1229a bf266589 bca0dea6 3f2505b7 befacab1 3f1ce570 3dde986f bebb46c4 3f2be786 bf176b7c bf022b7a 3f31fdc1 3e448c6c be960e8d 3f1e21b9 3f04ab5d 3e8bc660 3eb0467f be15149d bd506f5c 3e0c2bcd 3ee062d8 3f038b8f 3edcba86 bf7f3c60 3f727625 3f032987 bf253751 3e47a4f1 3eb4529b bec40a6a 3f00c56c bf7cbe50 3f1acd8d beb0b669 3f43bdb4 bd8c17e3 bce1dc47 3f00df60 be2d04b2 3eee6a96 3f520dbb bf070169 3ea1dacc 3f2d958c 3e03c461 3e91d6ba becb3a6f bf093b8a 3f62dbf1 be459412 bf208fa2 beb3a686 bf098178 3e81ce76 bf12a381 3e5484de bf00a76b bdacb7d4 3f5d07c8 bf06c15f bf6eac0b 3f6ef9ef bf054f72 3f4ad5ac bf2763a0 be1edc93 bf258d94 be7a1cdc 3f221181 bf5a75f7 3f04a556 bf1f25c3 3f650004 3f105975 bf7ddc30 3e291506 be8a967e 3e96666f 3cc3a048 3e4b7c87 becbe2d4 3f2c43a8 bf5d53e6 bf5ad5d4 3f08bb6f bf2a4199 3f31e3b4 bedb86bc bf10af85 3efb1346 3ec9e684 be24ac61 3e9f7e5c bef74745 3df8c8d3 3e958a8e be448528 3f6dbbe8 bf754616 3f6239e3 3f2d099c 3f3045b5 bf3673a9 3c384602 bf54bfba 3f576fd5 3e568467 bda838d6 bed12319 3dc0e9b9 3eb5fea9 bf3dd9c6 
be724cf1 3e0db484 3cd167df 3eb09670 bf5907e9 bdf1588a bdfa793f 3ee306d6 3f703a16 bf62bfcb 3d10b2fa 3e5f74d8 bec012f4 be6ce4a4 3dc9687e 3e97929e bf779e11 3f350592 bf051b7a 3ebc328d bf232f9c bf0cc55f 3f150f91 3f47d18f beb6fa99 3f296797 be907a92 3f320d95 bf2095ca 3f25f5a7 bf0f177a bf16cf7b 3edbf2db be1a6cae 3f3365a3 bf179f97 3f52a3ef bdba68cd 3f4cb795 bd419076 3d92586e bf5321d9 bd5ef0e9 3d0890af 3bd09003 3eeb970b 3e5d8493 beac66b6 3f5617c2 bf321f9e 3e78b54e becac2e3 3f3039af bf701208 3f66c5bc be1dfcb3 be6a0cdf 3f2b5f9b bea97698 3de9977d 3e63fc90 be9dc689 3f07fb78 bec99a9e bf03fd81 bf488fc0 be5a14e0 bec026c6 3f47a5a8 bebbd6f2 3cc1a058 bf077362 3f10317a bdebe83a be8f467d bed1e6ab 3bee8e1a bea7b667 3f3ab5a0 bf73221c 3f0ea979 bf64fbf8 be493494 3f0ec17b 3f0b7f53 3e7d1ccd 3e444c6d 3f3a279d be12acb1 3edf22ce bc03c137 be2ebcb4 3e47dcc3 bf4d15b9 be0c2c5f be1d1bd1 bef35322 3e5b34c4 bef17299 3f115b6a bea46a60 bf29e399 3ef9cef0 bf39a3af 3f66e3fa bf6fa7f5 3f3b3984 3f3ec5a7 bf1ea1aa be4f94de 3f469f97 3f566bd1 bf04337f bed9f6a7 3f2c0dd8 bf6f87eb 3f7cda35 bf5633c8 be2b7d24 bf1f7f72 3e836eaa 3eab7686 3efab2c8 be83528a bf778c44 3e46446f beb5b6af 3f35017f 3ea8ea8d 3e176437 3e8ee264 bded1965 be5424f3 3eb952d9 bf06db80 3f006f61 3f4c59bd 3e0dcc77 3f3fe7c5 bf79f447 3eb5569d be8f22a1 3f54c9da beab3693 3edb46d0 3e9f267a bf2d6db4 3ea30e99 bba290d3 bf2015a8 3f016b75 bf2aedbe 3eac2e7d 3f41df9f bf526bc3 be50dc78 3eddae62 bf2a8981 3df5c8dd be90e67b bf158f60 3e4ebc68 3ed54687 be87327a bef3af15 bf446fa6 bea7c2a9 3f66afd5 bf16bf81 be8b4e6c 3f681bda bf6c041b 3ec0f658 bc9d20d7 3de538f2 3f064f7e be72ad23 3f05e56d bf2fffb1 3e7724fe bf0ff7a7 3e35ac96 3b8e7eff bf485bb7 bd8667a0 be92666a 3e8b0a36 bf6cc1f9 be10bbcf bee78eb0 3f5cf3aa be8f425f bd9b76ed be9d6eac 3f28ff8b bda219a2 3f6161e7 bf12f78f 3f037382 bd007150 3f5d03e8 bf01c76f bf48a1ba 3f14f55f 3f6a7dfb befdd6cb 3f48c7b9 bf72f224 3ee442d7 3ed54ed2 3e91b664 3f361b9d bf7cca52 3f4471ab bdd46912 3e25dc70 bf631bf1 be03c3f5 3f46bbbc be3a3caf 3f092773 bf07eb59 bd8b67fb 3f1f9f9c bf2bf7c2 3e95feaa 3f16017f 3f6a03f5 bf3e51a4 3f276f79 bed1babe 3dc5a94b 3f6ad801 bf4dc5a4 be773596 3f0adb6a bf4939c4 3f35ada5 be0874e4 bf21ed8e 3f2ec593 bf675ddd 3f4b39bb bf25e7b4 bf5c3fbd bec85aaa 3f179da5 3d501119 3f038755 bf270da2 bd9437c9 beaec683 3f39f5af bf34ab74 3e8e1264 3e8cdeaa 
bdd5c8de 3e903284 bf146359 3e200c4c 3f3f9dab bf142b7a 3f5f1bf8 bf5e1db8 bf50d7b0 3f6e220b bf2a1f83 3ddcf98b 3f6773da bf28eb92 3f1aa78c bf0d717d 3f7d1266 3aee2488 bf46b1ac 3f5cadd7 3dbb48d7 3f0a4f8b bf5a91e0 bd4f5201 3e0d3445 bf4617b7 3ebf9e5a bf4cb3cf 3f2247aa 3de0e963 bd27d109 3f27b183 bcec2575 be0ad488 bf09197b 3e7324d0 be857a67 bf05bd48 bdeb78d4 be36bcc9 bdb5975a 3f7bfe4c beb1b27d 3f0a3967 bf6ee1ea 3f132b88 bf75f42c 3f13377f bf1aed99 be36e4c0 3f6371e2 bf352174 3f757e03 bf4c89b1 3ec8b694 bf041585 3e48f489 bf0bf9a9 3f79061c bf477dba 3f226b98 bf29bd8d 3eedbed9 bec52eef 3f6175d7 3f457bba 3d44b0fb 3ebb1677 becc96ef be0b43f3 3f7d4e3a bf24477e 3f025d68 bf758a37 3f574bcd 3da57961 3f0b4d7e bee772c9 3d62d15c 3f5177a0 bf0c517c 3f3949b2 3f215f7f bf6127e6 bd8878df bf01c976 3e1d5c80 bf797646 3f144550 bf7b2e41 3ef65b00 bec36e77 3f693dfd be973a9e 3eddbac1 3eadaa74 3efe36f2 bb8b862a be5d7516 3eb9fea8 bcbf2017 bdde78cf 3f7b0240 bf636fdd 3f02595c 3df4da0d be61a4b5 bf7e8e6c 3f756408 bec4328f be9392b1 bf4b8bdd 3f0d3b83 3e0abc83 3f25199c be022418 beda3a7a 3f002775 3f306ba8 be06b514 3c8161af bf021d7e bf08ef9e 3f62b5e1 3efc12c6 3ea88aaa be96764c beddc674 bee30a84 bebee26c 3eb86ab3 beef4ed3 3e909abb be856aa4 3f208fa5 bf5d61c4 bf196d89 be914650 bf1ef787 3f1b5fa4 3e65d46e bead169e bf2ef3a1 3e8b7a6f bf58f7da 3f3bbda4 bf4d59d9 3f721a11 bf59d5ec 3f3941a9 be0a845f 3f0a0182 bf16b76a be8d0a72 3f675bdd bf2cdd96 3f25af81 beb1da9a bed53ac6 3f2d8399 be051bff 3f0aa176 bf6fc01f 3e49b4ce 3f308b90 3f22bda4 3ef176d3 bf6f47ec 3f0ac977 bf3f7bd1 bd58923d 3f4989c5 bf3a4fa9 3e6644db bf15f95f 3de50860 bf51b1b2 3ecd6708 beda02a0 3e80628b 3f6a9207 bf748809 3f0c4560 3f138b6c be304ccf 3e084cc3 3f14d98c be579cac 3f70681e 3d3e2f54 bf2b29c4 3f2a6db2 bed81ee6 3ece969e 3e021c88 bf1e2ba9 3dc24910 bd3af38d be538537 be245c21 bf5ebfcb 3f3b2fb1 3f4a11da bf545ba8 bebeca8d bf379b84 bd9558d8 3ec3ba8e bea36e6a 3d046ec3 bf5b83f7 3d3631e3 3e2c3ce4 3dc199ef bf231589 3ef2feb3 3f22617c bebacac1 be6bb517 beae1676 3ceee469 3e16c483 3cd89f70 bf6665d2 3f786027 bf071d83 bf618de8 bdc80957 3e811263 bee166e0 3f062f6f bf3e33b6 3e1f9466 bd992976 3ee65ed2 bf1201a3 3ef8bef5 be7dacb3 3dcc7886 3f0e4f99 bf6b27e6 3f7a6c23 bf74bc23 3f3bc3bf 3f7e9882 bf24fd7e 3f26efa1 bf6fb9ee 3ef626bb be378c68 3e71ecf4 3f0f758c bf204b87 3f429fb7 bf0a03a4 3ddd598f 
bce59f5a 3dd79a8a 3eaee29d bead968b bebcf2c2 3f04536b bf2bcb9b 3f4793b9 3e9d9281 bc34b3ef 3e900640 bd5f6ed4 bf61e9f3 3f09a167 bebb4ec4 3e2694d7 bf0ea75c bf124f81 3f725c03 befab6ac bf5c91c8 3eadbe68 3f333d79 bf4411bf 3f0f3188 3cccded8 3e849aa6 3f123981 bf181769 bf74e5f9 3f51edb5 bf7b9623 3e3ce4f0 be83820e 3f7a9e4e bf24e994 3f116b75 3ec85ed0 bea29693 3f2c937a bf573ff0 3e4dad03 bf4681c8 3f305da2 bdb72825 3e037c72 3f0def88 bea60a98 3f1a7195 bd60d060 bddd0837 bee902b8 beb5ca73 3f212f85 beeceade 3f2a4985 3d2610c3 be010c9a be21fc74 bf0d0d71 3f42ef99 bf5b41e4 3f35e9a2 be00b3fd bf4a53b2 bed5eac5 bed7eab8 be0b0c6c 3eee82ca bf0f675e bf1ca180 3ea52299 bda4b889 3f377f7f bf252d7b bccce183 bf6013f2 3f781c29 bf4e9da3 be92168f 3e8426b7 bf304791 beb27ab5 3e985e2a 3f1d87a0 bec84ea2 3f608bc0 beb346d7 3f2a0ba2 bec53acf 3f79bc3c bf5e15b2 be7e6495 bd3b3128 3e50c435 bf74e804 bde779a5 bf017d93 3f4af9b0 bf65a1e8 3ed22ae2 3d51efba bf6157c8 3f067f71 be3db459 be83123d 3dd9f891 3f5385d8 bf2a4b88 3ef7bade 3e666c8c 3dd5b844 3daf590f bf14af53 bf4827af 3dafd931 3eed86b4 bf08737c bf10c95a 3d97f797 3e9f6e78 3f0aa584 bd34d049 bef10ad1 bf15198c bf2a8591 3f4ecfcf 3e27b504 3f4fe7bf bf014587 3f205fc1 bf1af3ad 3f469dc7 bed436de be91daa8 3f6701ee 3e92e66e 3f5ca9cb be7d0ca1 3e4484e5 bf174789 3f4b71c1 3d84f824 3f58fbd6 be664d2f bdd307e3 3e9a1ab9 bd5a4f7b bec7aeb7 3f2da38e bf73ee1e be2ee442 3f6cbe05 bf13335c beff72d5 3f7ba02d bf66e9ee 3f2d138b 3f64bbef bf5b33f5 3f011581 bf3d33a5 3f45c3a2 3e88e244 bf74bdfc bec39eaf be8ad67e 3e371479 3ef66f05 3f38cfbf be63552f bf29df8d 3f5a99c6 bd3dd199 3ea172cf 3e955e68 3f197173 bd225017 3e80b21f be4d2c95 bf330d8e 3f15656e be19fc99 bf5989c4 3f681fe0 bf5d21d9 bdaac72a be622555 be57d4aa bf2c159b 3f4eafde bf6cb618 3f17bf88 becb9e90 bf3bd5b6 3f769028 bf302586 3e5cdcd5 3efe2b22 bcf95ea6 3f3e93cf bf52e1c9 bed99ac2 3ecd3ad4 3f5763bb 3edc4eb3 3f3c15b4 bf7569ee 3f7db637 bee4ea78 3f0ce57b 3ef0b743 bf5d89d6 3f41bfb4 bebd66e7 3e34247b bf5e5dcd 3f6e1a14 be688d3a 3f34d9a1 bf256f87 3ece4eff 3c8c63fb 3f7c0c2f bf7e3c4d 3f272f70 3f5a2de5 bf3567a7 3f35c1b2 bf237999 3e907a53 3f198398 bf37279e 3f142d5a be0c1c3f bce0612c 3ea10693 bed6aed3 beaaea90 3e6e8507 3ed996e7 bf2d3fb0 3f7d7c5a bf5ba7c8 bf3931a7 3f753e13 bf4b1fdf 3e9e5657 3cae5f78 3b4b032a 3de938f8 bf577bca 3ede2ede bf2859b6 3f2e87c1 beb1a69c 
3ea62688 bf17ad5e be355c30 3f774e5e bf472592 3f1a6779 bf22b995 3df8a9dc be07e4c3 bf5837a2 3eb41a76 bdd7a914 3ed3b6b9 3e277cdd bc2846da bd8c78da 3e9c66ab 3f6e0028 bf381f8f 3db2da09 3f7a4426 bf0c058e bf047f57 3f7db437 bf1d2988 3ef49ac5 bf6f981c be289cc2 3f313fa1 3f75f640 be8af61f bd926941 3f6279f3 bf3cd39f 3bc579a4 3e4cbc8e bf75761f 3f52719e bf7da44c 3f47b79d bd67529e 3eeff2bf 3d38b1b3 bef2de8c 3ef09704 bf79f61d 3eddcaf9 bf43a3bc 3eb1f678 bf3d7fb4 3f24ef9e 3e04045a 3f08536b bea936b3 bbde783c bf1a49a7 3eb1cac3 befbc2e4 3f6411d4 be79152d 3e9bc63d 3ec5b6a4 bf58a3bd 3f0d6986 3e4ec4fa 3eb91ac6 3f702e01 bf2e3591 3eaa6676 3eef06c1 3f3c919f be5784bb be805a65 beb16296 3e2b7c3d 3ef1969b 3e98e275 be996a82 3edc32ed 3e983a71 bddb88cd 3ecc7ea0 3f06ef75 bf19518d 3da7c835 bef66f2b 3e699d23 bf251191 3ecddaed be74f4a3 bf191552 3f019187 3f03bf6d be9a366e 3e4ea4c8 3e9d2a7f 3f3be797 be15fc7b 3ebc86af bf092d76 3ee94ec7 bd96f95b bcefdd4a 3f77821d bf765e22 3f18737e 3d036f79 befeff0d bd6fb2aa be58051d bea31a5e 3f0c8376 bf0d3f88 3f706ffb 3ecf3ee7 3f1b6d9d bf7e7c70 3f761c11 bd230fb3 3e828e47 beee66db bf2cb3ae 3f410f99 be8c3297 3f4237a8 3f58c7c1 bf5fd5b6 bf00cf86 be8226b2 3f022168 bf3fb99a 3f2f07a6 bf151171 bd09d1c0 3ee9cae2 bf5f01c3 be953659 bf31edaa 3e43dc7f 3e288c4e bee536bb 3e1073e5 bf3ce3b8 bf1b356d 3ddc69fc 3e898ac0 be00f4d6 befee6e5 3f7b5a49 bf66d5fb 3f40b3b2 3ebe9eb2 bf6b3a09 3f553bd7 3d8e880f bed93a9c be147423 be52e542 bf6a67e1 beb17eb0 3f6987de bf472fba 3eebae94 bf597ff1 3f64b5f0 3d8be7ec 3ea632c3 bd025167 bf394bb0 bf60dfeb 3efc9eda 3e8bbe2f bf39459b bd9327de be6f144f bef336c1 be99ba49 bf26217d 3f3379a9 beb6aa92 3ed8bec9 be625d55 3efa76af bf156f82 3f072b96 be8f028e 3f754c21 bf25098e 3f6cc9e9 be47bd1c 3eef2aa4 be14b490 3e723cc4 3e841e6a 3efe66de 3ccae378 bca5dfc9 3e91d264 bf3f13b3 beac3ea3 3e5dd46a 3dfe8926 3f248b8a bf27a57b bf11ad7e bf2f2ba2 bed296b9 3e9a2a83 bec916a6 bebebee0 3f027357 bf7caa1d 3f5a67bb bec0d6b4 bd570db3 3f2dcbaf bef9b74f bd70130e bee876b0 bd848858 3eed7ec0 bf0b796a be4944a5 bf40cfa1 3ed032cc be1fd49b bf3f9998 3f7aa837 bf6c11d5 3f7bae17 bee752cb bf13fd9c 3f45d5d8 bec25a70 bf31bf95 3f5123bb bf674fe6 3f4f6fb6 3f064558 bf6585cd 3e0a04a1 3e8506a8 bf49d5a7 3f3771ac 3ec276ad bf4b19d0 3ed9c697 3f0cc17a befe4aea be912699 3eff7ee7 bdb3a812 3f0fd589 3d3fb0e7 bedbbebf 3e9e9650 
be2c84ba 3f3489b5 bd3990af bf68fe0a 3f2a078a bedbbac1 3f7c4a43 bf47b5d3 3f24d16f 3e69d4b0 3e94ba96 bee732d1 3ebfa29b bf4d7fe6 bdcdb8a4 3f514fc1 bf6fc5f4 be746481 bef2ceda 3f1eff83 bf2f5bc3 3e7c24d8 3eb9f29a bf4eedbb 3d72534c be893e85 3f73fa0b 3c2539e0 bf6109bd bf1b5fa1 bec86aaf 3edbd29b bf0a5376 3ee1fb41 be810a90 3e089c68 3f496bab bf757001 3f6091cf bef1d271 bf6627d7 3eb27a8e bdfce951 3e784cfa be20845b 3f1ea391 3e1f5437 3e304c8e 3eb81a92 3db0789a becfaea4 3e462d0d bf2f577d be172c4b 3f7257f9 beb61ee5 3efa0ec7 bf029589 3eafb25d bed6dec6 bf5bd3ba 3f0d0785 bda4d873 bb293c80 bd85d9d1 beb7d6c4 bf6bf5e6 3f3f2db8 bf0b6f5d bf424fb8 be897a31 bee4d6ec 3f0e2f6b 3efb3f04 bf1a9d7e 3e645cbd bf694fec 3f4695c4 bf6251d4 3eb282a0 bee0a2e5 3e6b7c87 bf5d69d6 3f7a743e bf07f36f 3f6589de bf25839b 3f7017f1 bf6a55fd 3ed81a6a 3ec61ed6 be7d6ced bdd298e5 beae1efb 3e133c33 bef26abe 3ce79f97 bf5b55cb 3decd873 3f0f9764 bef3a2a4 3e3e6ce1 bec02ecf be82b289 be1e8cb5 3f2b4f7b bf5bdfc5 3ee0c6f8 3ee96abd 3eff2330 bee89af0 bd55d1ef be08ecc7 be2cd47b bf788a2e be4aad01 3eda2ebb beccb2ca be40ed0d 3e909270 be9c5ac9 3f6dd40f bf6203dc 3ee42f0d bf112549 bf614dc7 3f29db86 3f504bb7 bf01698f 3b7f0035 3ead5acc befa66f4 3ecc46cf 3ddbc878 bdae99f3 3f003b71 3de43831 3f6b2203 bf6da5ff 3f61fffb bf08695d 3f6da3f0 3e2a8cc1 3ef946c9 3ee702c3 bf60e7e3 3ea6566b 3eba2eb8 bf36359e 3e783d08 3d1e8d18 befeb2f1 3e0e34e4 bc949c73 beca5aa3 3e8ab248 3f531fce 3bf47a93 3f74600c 3f226598 bf429b93 3ee6e30d 3ea87a8f bf2857a0 3f75263a bf6dcdf6 3ece26ed bea7266d 3f75f020 3e250cb0 3f163b8e bf5d25ca 3f784a32 3e85b69d be4d7cd8 3f3159a7 3ebe6a76 3edbba64 bf5b5d9d 3e903e6f 3eddb6ad bf44ff8b 3e1f5cd6 3f4f89b0 bf6835ff 3ef72ece bf7ab632 3f516ddc bf6855cd bd8c988e be826a76 bc5b4196 beb49eb3 bed20aa5 be6ed43f bf26e77a 3e5cc532 bcb2e029 3e640c25 3f7a6239 bf53edb7 bc8d6000 be3fc4b5 3eafee96 3f3851a3 3efc6ee2 39a84430 3f0d5d8c bdfd390d 3f00418b bdd3d87a be1c5c42 3f05477a bf6269e4 3f2ecb8e bf78b02c 3f4de3c2 3ea942b4 bd122efc 3e941e5c bf2c5f8f 3f6f57f5 3d7e6eec 3ef7a6b6 3f0d6d91 bf64e1fb 3f49ddbb bf6723d5 3efd06ab bf2a398f bcf49d35 3f64d9ec bf63f1dc 3f0c119a 3f165b70 bef7f2d2 3ec122ec beed0ade bf086d7d 3f4fa3b1 bdc2e8f5 be830e4e 3f57fbdd bf4e99b7 3e8b7665 3ea07ac2 be94eebd bef59aec 3e4b0cbd 3f48b5c9 bf73a017 3f100d92 bf110798 bec47ee2 3f37efc7 bf1b6576 
3f1aab89 bf743420 3ea16e7f 3f1c4dad bda8f8fa be43248e bf3f5fb3 3f4eebc2 bf39a18f 3e3bdc31 bebad271 bcfc19fe 3d78efb9 3f235b99 3d4652d3 bf227391 3ea6824b 3f29fb65 3ec0deb8 3e3104fd bf62b9ff 3f677ff9 bf2ce195 3f52cfbf 3efe6b3c beb94ed4 bea2f672 be1c6c61 3f6ab1ec 3f02b768 3ed96ad0 3e3dfc98 bf5173d3 3eeb0eec 3eb596d2 bf53bfc9 3e514495 3e7ccd14 bef67ae3 3f1ae189 3f45e7a3 bd4d701f becb12df 3e1c7c7d bd7bf11f bf02bd87 be8fd29e bea02ea5 bea7bead 3e85e2b8 bd26f0c2 be00c481 3f0dad93 be0ecc3a be144c63 bf3e65bd 3f3d37b4 be821644 bf032373 3f4b7dcf 3f65abeb bf668ff7 3f76b225 bf7ad254 3efeb2e3 3d3bf1b1 3f43b39f bef87b09 3f55b9ca 3e98260e 3eef16e5 3f4befc0 bf7b7e2e 3e173c9d bea5927a 3f64ae04 bee7d2d5 3f111d83 bef9deb7 3f3dc5b4 bf274fbf 3ee50aa3 3e46247e bf59c1d2 3f2bbb91 bf721a1b 3ec0b252 bee97ec0 3f40fbc5 bd85a960 bf012375 3d74721c be842273 3f20479f 3ee48ea8 bf2b3798 3f2b0d98 3eecf696 3d84380d be9bf2ac be2d346d 3e62c496 3f3dab9e bf274784 3f7cb038 bf63bdc4 3ee1a6e8 3e4c74ca bf4c519e bf36f989 3f4a73a6 3e64449b bea68e8c 3f446994 3e996a7d 3ef83ab5 bee866b9 3f026368 beafde9f bd961968 3f271db3 bf3e63a3 3f143d8f beec06e7 3eed62cc 3f2a0582 bf5543d8 3ea9da72 beb71eb0 3f166d74 bf27ddbb 3f53e5d5 bf15f58e 3dd988ee bed7c2b2 3bdb9033 be81de8f be274c83 3d3e1073 bd99391a 3cfca004 bf4753a9 bf16217e 3e754d26 bf690de4 3f5c89f3 bc48b8e4 be362ce2 3e72aca3 3ecec6cf bf1ea78b 3f07d175 3f01298c bf44aba3 3f751630 bf48d3c3 beaed2b7 bf38a98e bf4759c8 bdfef813 bea9c2b1 3e4a2463 bf04198a 3f328f7a bf6d75f3 3de7289f 3e3c8d07 bf351b91 3ed072db bf177d7b bf676dde 3f6f3428 bf6aabf4 bf13ab77 3f3c3db4 bf28478e bf67a5ee 3f05f560 3f1ec399 bf2b99a7 3d72cfae 3e2c2cf6 3ca0dfd3 bf5befde 3f5737f8 beb922b4 3f5a15c4 bf727402 3f61e3f0 3ec662e5 bd8cd8fd 3cf9dfec 3f63e3ae be72dd15 3f740e0e 3e79b473 3be18abe 3cf62165 bf0d6987 be80429d 3d968864 3ef0c6ea be737c50 bdc4889e bf7d9e4b 3e49c45a bd66afd3 bf6dfbfc 3ee706ea bf2fa3ae 3c3e3d13 3e463cbc bcb1e6d7 bd095297 3f4965d2 bf2359a8 3e1624d9 bf3d05a4 bdb93936 3f19d39b bf2a979d 3e142484 bf3de1b0 3c543e37 bf70fdfe 3f7109dc 3e98aa7e be8be250 3f295f99 3e959e9c bc37c07e be9dfa75 3e1e1c4c bebce6ca bee1aa8b 3ef4aacb bf172180 3f7c5a52 bf244572 3f109b9c bf4823f1 3f1b957f bf5db3d1 3f25f9a0 bf08cd56 bd431456 3ebe6693 3d21cf7a 3cbb1d7a bf35db98 3f55dfce bf598bde 3f376bcd bd4eee20 3e6b3cec be901e83 
3ead6e76 3dab0830 3e6b954a bf6045d1 bc08c03f 3e82a2a9 3f4cdfa9 bf6d63f2 3f728dfc bf65e005 3f4f91c9 3dc0c96f beb3a2d6 bef78ad2 3eb62a98 3d6730c5 3e53f54e bee5faec bf6f05ed bc9de021 3f4c19e5 be866a2b be8aa648 be732ce7 bf69ddf6 3f0ef965 3dcee8d3 bd541270 bf398fb4 be93324d bf5e3dc5 3e259514 3f72ba03 bf103594 bec42667 3f7eac57 bf5f1fc8 3f2573a4 beb65294 be8a1298 bf64ebe0 3e6834ef bd6991be 3ee3ee89 be91f6bf 3ecc0ea9 3f43f5ad 3c3243ee 3f0ad764 bf4537a6 3f77d649 bf649dcf 3f7b664e bf522fb6 3f23eda6 3e7cf468 bf231979 3f253fab 3db83899 bee05edf bf2d558a 3de2e91c becb56b1 3f1f338f 3cda9e71 bee6ded1 3d3eaf6e bef96ee3 bef92aeb 3d1ab26c bf5539e0 bf20e56e 3f2777bc 3e87cac1 bec5e6cf 3e0ffcb0 bf2c7d9d 3f58a3e4 bf3c376f 3eb5be6a 3e873e54 bf081971 3f6579ee be3eb4b5 3e6bcca1 3bc97954 3f43efbc befc4664 befd9ebe be2a6cd2 3f1d37be 3d734f01 3f0b1159 bf743207 bf01938a 3f6aedf2 bf611ff9 3e433c46 bf36a3b7 3eae3a5c 3f2f0d84 bf6f6628 be8e2e8a 3ea1c2ed be32f4b8 bf0bf797 3f6d9601 bf4e6394 3f4531c3 3f4c47d4 bf6699e1 3d50cef8 bd361059 bec352ef bf4ea3c6 3f37018f bf3c3bc5 3e2d8c18 3f21ad7a bf3745c9 3d52b17f bf0fc9af 3f4725a8 bf084d69 3ed07eca bf1a877b 3f2c239e bf61b1e6 3e1794a7 3eecaaf7 bf4effcb 3f12a77f bf46dfa3 3f6c1008 bd81d8c7 3d522fc3 3e0d4cc9 bef20ab9 3f5e2bdb bf7b8443 3f28cda4 3ec692cc 3f772e18 bec4be90 3ec84eae 3d7f90e3 bf449f97 3e5c2507 be83feb6 bdea593b 3e4c8d1f be947a7f beab2eb9 3e7cac68 be46243e 3dc638f9 3f3ae5ed 3f2ab9b2 3f5c31bc be01c45e 3eedeab8 3eea8e9c bf35d3a1 3f2e8586 bd6052cf 3f101573 3e288460 3f073966 bf623bf9 3f3769b4 3f5b99df bf1d1382 3f6f2001 3eafe6bc bf4a11af 3f035565 3f5847d6 bf3eeb8a bf28db83 3f7edc63 bf0fa75b 3f2f437b bef93ebe 3f7e506b bf739407 3ef0430f bf41e9ba 3f52a7ce bf22cd8d bf2d618c 3eecba8c bf09218a bebbfa8a be31445d bf6e43f8 3db42786 befd3aee 3ee00711 3e80862c 3d819731 3e08e490 3d280fc4 becab67f 3f28bb87 3f033361 bec9cac7 3e10cc50 3f24d96b be04ccc7 3ea5169e 3f2407a0 bf52b1c7 3ef47ea0 bf157b7d be99d653 3f09e779 3dd3d82b 3e8f2a66 3e973e9c bf3a819a 3f761410 be98a6aa 3f2c03c0 bdc2c97b 3f5e53d8 bf5b75d1 bf37fb99 3ec9c6c9 bf3a51a6 bf5b25cb 3f53dfe7 bf500ba4 3f357db5 3ef12aa6 be717403 be19e45d 3f0ddf70 bf4c0bc2 3f3e2b9e bf5cb408 3f33db87 be7aecb9 3ea43ea7 3d8ed73d 3d425298 3e370ca2 be8e62a5 bdc1e92f 3f14bf84 beaa1287 3e8bf248 3e0ad3ed 3e5824af bf22c1b0 3e15f46c be696511 
bf5e2bce 3dd098b4 be03a49c 3f169d85 3f21eda1 bf7d0446 3e63a497 be895e72 3e46dc78 3e8bea71 bebf5aa0 be50ec9c 3ec06e63 3f014192 bf78a637 3f18b972 bf1f2f77 3e88f63e 3f714ffa 3e8aba48 bf202d9e be56752a 3f07355a 3eb68a86 3f05778a 3bae7b57 bf058552 3f3ff797 bde86881 3f7bdc52 3e8cb24e be39eccf bf3fd79a 3f07c584 bdcb68c6 bea30aaf 3f3ac37f bf7b8e46 3f49b9d1 3ea0e6a6 3e8aca76 3f0ac562 beffcb0b 3d654d62 be62fc23 bd2551cf bf59efbd bece6aa8 3ee6eab8 bf373daa 3f2adba8 bf6dca14 3e262cf9 befb5ebf 3e7a1480 bde30811 3eae768b bf793a16 3f5845ca bf3e81ad 3f64cfd9 3f3a69b9 bf3581cd 3f02bd5b bf7f8a7d 3f4435a8 be0d6c4d 3f146b80 3ee1ced0 be55ec49 3f6909fc 3edad2aa be878679 bf22899a 3f762dfb bf2d317d 3f3d6fb1 bf64a3df 3f2a37be bf378ba7 3e916a85 bebc7b00 bf0e918d bee43e9e 3f1ecd9b bf2b098c bf27bfb9 3f1b5785 3f0b1f82 3ea0127b bf76160a 3dfa59a2 bf109779 3f76800d bd61105a 3ef826f3 bf4d57b7 3f49abea 3e315cb2 3d966795 bf4c7fbb 3f712dfd 3ef41ad0 bf3d43c3 3edd6298 3ebc0ae8 be375cc6 bf1a996f 3efbe6ac bf7f9694 3f3ca5aa beb9aaaf 3ebc5ec6 3f0c8967 3ea2729c bf5a29cf 3f77fe03 bf1cb5a4 be123cc6 3e89de56 3f3d09a9 be38a4ce 3dfc38f8 be9f2a6d 3d8e38b1 bf0e4194 3f264195 3ea3a67b 3ee45aa8 bf5bd7d2 3f27559a 3d8c37c3 bd68d0ea 3d6d717c bf5a4bdc 3f41158f be8f3e3c 3eff5298 bf21676e 3f7e944e bf11637b bebe3663 bf6efa03 bcd8a140 3ed38eea bf401bb1 3f6cf1e6 3e929ea4 be4bf528 3ecdfeec becfd696 3f4e81df bf3cd7af 3f4fb3cb bf0a397f 3eae6e94 bf5ae7d1 bf22d7a6 bf0d8787 be9afe71 bd37b0cd bf48e9ca 3f5f5fcf bf78860e 3ea38e87 bf466b9a bef8b6e0 be703db5 3f5d9de9 bf00036f bf196b9b bce19e1d bf47edb5 bc3c4319 3f4df5d6 bf35a7c7 3e3ddc7d bdd1d8f6 3f56bfbc bed792ba bec15e47 be38fcc6 3dd90a5e bef696d3 3f165d78 be79a507 3ecf56c5 bf1bb58f 3f6bb1e4 beca1a93 3f452193 be903658 3f0e4d7a 3e3c0c61 3f6eb60b beb996bf 3f6787e2 bf5feff2 3e261410 3e42ac87 bf6529ec 3efa5b0a bee74ab8 3ea09a77 bf72b7fe 3f742a14 bf4645c1 3f19fb9c bf622606 3e5864b3 bf57bbc5 3f2251aa be1c1c9c 3f14a78a 3e661c3f bf7ce85a 3f02c168 bf3de59e 3f1b51a7 bed8fa8c bdbe184b be874e5f becc16bf 3ed40aa8 bf6041ea 3f61a1d7 3ee34ebd 3e8a1e7e 3ee56ae2 3f72c00f bf38dfba 3f701625 bf4c9bae bf541bd1 3f7bbe39 bec7b2a6 bd11aed2 becbb6c1 3f327b91 bf0ce15a 3f4a0ba1 bf750dfa 3f12af8d bf65efcb 3f5ea5e4 bf6be5f4 3f62bbcd bf6c300d 3ee0e6c8 bf36adcc 3f15377c bf5a89d0 be2d251c 3f56dfb0 bf0bdf5d 3f30e597 
bc343c91 3f6e9409 bf059173 bee9ab38 bf00a957 3f05498e 3e838e39 be8e8e7c 3eb8d6a7 bf5f3bd8 3f6edbfb bf5579e3 3f043b98 bf361f9d 3f7c5234 bd89a777 be15d49f 3ee2a6a5 bf3d239f bf5b9fad 3f5d2dbf be928627 3e970657 bf3911a7 bf19397b 3f0e2d6a bf241179 3f027b56 bf4cc5bb bf407597 3ee8a2d5 be8d422d 3f68b1cf bf532bd1 3f5df7bb bf14bfa0 be45150e 3f4b95b9 bf6ff3f6 3e264493 bf6ba009 3ef0569e bf2ded95 3f4a4bcf bedd1eb0 3f5423db 3e048c4f 3eb6becf 3e57f464 bdb928c2 3e4e14ba 3f06f352 3ecc8e9e 3f008967 be57acaa bf1c7f6a 3f388fbd bdd9c84f 3c484d18 3ee99692 bf2e29a4 bf2eb3a1 3ea1ea83 be34f4cb 3f351f79 be122d1c bf49b5c8 3eea7ec6 bf738e15 3e91ee3a bf3c8b9e be54cd01 3d8f9836 3e9b8eb0 be95dac9 bed22ec0 3f748c19 bf370dad 3f5703b5 be69dcf7 3e6914cd 3f0f3d6a 3f15a594 3f30edb5 bf7c542e 3f5d51c4 3f5773c7 bf75081f bea5d673 be520c36 3f535bba 3defa8e0 be994654 3ea442bf bf34a190 bed85ac5 3f5473c9 bec20ebd bf2619a4 3eeaf31e bcfadc20 bec9ba47 bf07956f 3eebe29c 3e336487 bf68a7df 3e566c09 3f4ee9b3 bedc8ece 3dcd0929 3d4bf28c 3ef202eb bf1e6d87 bf57e5d7 3f093770 3e442d48 3d8b093e be229ce5 3ec5caf0 bed5d6c6 bf4cdbaf 3eede31f bf11d78a 3e91527c 3f3c9bb7 3cb65df3 bf1c5f84 be9b568e bf13ed95 3f2ffdc9 be3f4cb6 bef3eef9 3f052579 bf166d74 3f7ec099 bf2c6785 beb29680 3eacce97 bedc0ad7 bf052f61 3e811e61 3ec90ecd 3f4083c6 3efd0ef4 bf4e3994 3f405d9c bf063987 bf4cddd4 3f179164 bf4469cd 3eac6ab4 bea49682 3e84b6a4 bc6ec94d bf1ea96c 3f4e65d2 bdf048ca 3f69c9f9 3e8bca9d 3eeaf6ee 3e39dc68 3bf88a04 3eb60672 bd811959 3eceeaf0 3ee30aac 3ef116ee 3e7bad27 bf0c156d be12345a 3f178387 3ec61a72 3f48a9b4 bf164f9c be5e6442 bdd93834 3caf23bf 3cc12205 bee46ab8 be035c6a 3f39119a 3f160f8e bf519bc4 3f10794c be689476 be8f0aab 3ee652fe bee59ee3 bd433214 3dd35956 bee4cabc beb232bc 3ec0fed3 bf735635 bc825ef8 bed4ea5d beb85ae6 3f306190 bf46c3bc 3f358d93 be15747c 3f756c16 bf319f81 3f3ae7b5 bf426ba2 3f4669c9 bf0a3f6b bebc2289 3f49c1a2 be0754b1 3f2d9397 beb412dd bde5f86a bf0b1d7e 3bf17ef0 3f648fe2 be7e448c be1fb46f 3ebbe271 bf089b9d 3f780c1e be9abe79 3f27c185 bf5131c3 3ed9eaf4 be29f494 bf0f9170 bf35ffa0 bed162e8 beae828c be58a4d5 beb3cac5 3f192f87 3f1eb590 bf3c616b 3c84a423 3f3cbbd5 beac72aa 3e818a7c bef9e685 3dff7929 bdbb5903 3f08097e be107488 be815e53 3ec0e691 be95de71 3f43abb1 bee4dae2 3f7c9044 bf2f3dc4 3f60f9cf 3e91629a bf49e9c8 3eee9eff be14dc9a 
be610493 bf3c0796 3e91e61c 3f00f982 3f4a19c9 bf4511d1 bbd274fd 3e1df446 be5df4ad 3ef94eee be9f56bc 3f3a739c bf01db7a 3ea17e3d bf279f74 befd5299 3f21637d bf5181be 3f58c1f5 3e398cc2 3f0acb82 bf139f85 bd8e79cb 3edc06ed 3e80f262 3ec32729 bef51b1a 3eb5a2a0 3edc52d4 3f4c31be bf6a3dc1 3e132cc9 bdc4599a be890e96 3dc0f99c bd9e88b7 3ea3ea70 be4c0c43 bd3f91c7 3f139d89 3efae320 bf052581 3f49fd9f bef5eadd 3d8978b2 bf6d87e7 3edbead4 bea41e75 bf33d7a2 3f227582 bf7b8c3b be159ca0 bf3eb38f bf413d9a 3f620fd7 be549cda bb6eff3c 3d8277eb bf336f7f 3e866682 3e9d8a97 3e1474eb 3f36c994 bf18997e bed372ff 3ee46ece 3e511c9d bd110f59 3d7a1038 3f793e26 beda8f0a 3eeb66c9 bd4b51de bdcaf932 3da427ee 3ea12e8f bf08cf65 beb8de9b 3ea2b27e bf20c98f 3cf2e057 bf51edc1 bf19bb80 bf300382 3f74d5ff bf7565f5 bf0c4782 3f22ed98 3f0b9b7d beea0ae8 bef0f6ea 3ef33ac6 bee1eaf2 3e5dbc67 3dcd78d5 3f24799a bed55ea3 be82ea70 3f696212 bf20396f 3f100f6d bdc82925 3f3641b1 bedec2ce be9d9ebe 3f5d57f5 be264bff bea99e3a be8bee36 3f6b0c03 bf43e38a bed67290 3f6989fb 3e993e48 3d4f5013 bf69efe6 bde2b8b7 3eb66e59 bed8d6d0 3f45a7dd 3e88e68c bebd5a6b 3f6ef1fd bf1dbb70 bf399dbe 3b430ee0 3f731210 beb1a2bd 3f6e5011 becdf291 be19843f 3eb222e1 bf0e07b2 3f5cbdc1 bf657ba6 3f07e365 3f13e369 bf0c6598 3f5f81da 3ee9b6f6 bc9e233c bf15ada0 beaa564f bf5931f7 3f48fdc6 bf3cedb4 3f5eefdf bebf2a8e 3f642dd3 bec31ec0 3f4c41c7 bf3a4bb8 bd58eff7 3f28e5b9 bf1a1f99 3f12efa9 bf5283ad 3d5b916f bf023f4e bf3ea393 3f1fa77f bf6f39ec 3f1cd7ad bf589dd7 3df52995 bf25d58b 3d2f5241 bf0c8172 3ea71a52 3f006171 beba0e48 bf29957b bf0ee976 3ee03af3 3f3f61b0 be76dd6a 3ef75e8a bf2b1f8f 3f7c9e56 bece46ae bec3fad1 bf5621c8 3f672a11 3e6c7c39 bf336bb2 3edfaacf 3d00ad98 be8f3a9e 3f4d5dd2 bf70a3fa 3f4f63ae 3e9b5a72 bef08e95 3f625c11 bed75ead 3f741c17 bdb1483a be21e4ab 3f29c99c bf236ba8 bd6a702b bf274b92 bdc49841 3e818631 3e7afccc bf3825b6 3f74f9f2 bdeab961 3d90a852 bec486c5 bf03b361 3f2a3399 bee252f6 3f7afa2d bec67a44 bf6d45ff 3f4e4fcb bef6a717 3eafbe88 bd7e0fb7 be16a4ac bf6cb200 3f3fa7ac bd34af9e 3f4041c4 bf7cb26b 3f71d5ea 3f5497b4 3edf86ab be684513 3f3c0bb8 3ea97e97 bf76da2e 3e9c4a36 3dd9c99d bea8f6b0 3cc1653e bef1caaa 3eaf96c7 be19b4ff 3f107d66 bea51237 beb51aa4 3efc7aba bea15a56 3f013b6e bf53a5b2 3e52e48d befd92f1 beccee3d 3e2f7c6b bf1e7f9d be596cd8 3f32b57d bf5dd5e0 3ee8d27e 
bef456ec 3f389bb6 3e04bca1 bf72a20d be948298 bdbfe875 3f6fbc22 bf6b2225 3f38cb83 bf16bd82 be0b84ab be70acba 3cc76229 3d93778b 3f7a2429 bed4a6c0 3f73cfff bf79dc10 3f3b778a bf793e1a be92fe5a bd3bb2bb 3f0b6966 bd86d8ca bed8f6d7 bec032c8 3f45b5c0 bf16695b bf352586 3d2b1166 3f3de9a1 bebcb6a5 3f1eb78f bee2dac1 3f2fd597 bf3e53cf 3f20d393 bf548be2 3f69c3fb bf776c23 be81162d 3f0b175c bf57f7cd 3ec99efd bbb47f86 3f78f016 bf71b823 3f27bba7 3d9b28ff 3ecd269d 3ea2fabd 3f516bb1 3eafe27b 3f715603 bf7e063f 3f14db81 bf322386 3ef106e2 3f30cd9c bf49b9a7 3f1c117c bf752e15 3e3d9d2d be2d3c6b 3f209797 bf2b1d83 bd0bf130 3f08f76b bf1ff153 bf0e8186 3e3fecef bd5b5262 3ac99abe be9acab3 3f191796 bf3f8ba7 3f249384 3f28d176 bf292999 3f34cda2 3e7bfccf 3f4799b8 3edb7271 3f23a997 bee5d284 3ef916a8 3f17dd88 bf2c7fa0 be20aca3 3f4149a6 bd128eda bf23b56c 3f22f5ad be0cac4a bea4d693 3e7a7518 bf4f4b9a 3f6e57fc bf1db78a be3463da 3e822299 bf4923c6 3eaa52aa bf196778 3f6cf402 bf326fb1 be61dd6e 3ec6aa7b be8b5a75 bd83180d bab5ecca 3f0e1ba5 bf03157f bf2b159f 3ee8aaf9 3eda4a8c 3f58e9de bf28e791 3ebb768e bf7f227a 3ea71e70 3d0f1109 bf410dba 3f1a3790 3f0a976d be0b4c7d bf5783cd 3f23837b bf4b53c8 be52f468 3e8b026b 3f0b3d7b befcb6da 3e29bc9e bede86d2 3ee0826d bf78d21d 3ee542c7 bf56ffdf bf22e59c be5daca3 3f64f5e7 3d3d70e8 3ecc6edb 3f10cb79 bf42bd8b 3f22bbaf bf0c41b5 bd49316a bf3893cd bc7dc6a3 3f212b85 be53fcc3 be8c8657 3e86e67d bbfd870f bedb5a8c 3f6ba5d9 bebdb241 3f7fecc4 bf182b74 3f363dbe bed362c3 3ef62ae0 3f117b7e be767c9c 3e63849b 3ed4db06 be89728e bd7f8f0f befe2ec3 3f66a400 3f23e5aa bf310bba bf4e55b7 3dea697f bd520f8e 3ec296b3 bf771218 3f358baf 3e8e5ac1 3f2ae795 bf698bf4 bf11e38d 3f65bde5 3d6a6e9e bf4711a5 3f430bd5 bf5007f9 3f37e990 be43f54d bf5ec9f8 3f5a3db4 bf79c01c 3f45cfaf bf7623fa bec74e9e 3ec9b69d bf72b40c 3f3fc78e 3da307b7 3ef546bc 3ea5e6b2 bf003774 3e823a7f 3d6f91b3 bf05df75 3daf2984 bf1eb387 3f40a78a 3caea029 bed6beb5 3ec6bedd bf77ac06 3f6a8802 bcc863be bdc59a6f bd056fae 3e78fcc0 bf5799ee 3f5e27d4 3eed26d7 bee8f289 bf22037c be9eca5d 3f536dc3 bf3bd3b4 bf4ed7bd bf0a0173 3f303fcb bf717dfa be830a50 3f34658e bf061169 3e82ce50 3f11f175 beeb2ac6 3f2931a2 be82c62e 3e969aa7 bf79123a 3f72b81c bf4d4bc3 3f0c0f96 bf13d74e 3e61049f 3e48ccba 3e979639 3ed232a8 3ebc0f19 bd8568af 3f6447df bf638fe0 3f39b1af be9b368a 3f3681b4 
3efe1b34 bec6a284 beb9fa35 3f7c3674 3e261ccd 3eb3caba bf41a5b7 3dbac828 3e0c444b 3e6d0d03 3e76246d 3de8f904 3e458486 bed1de8a bf310f75 3dda586b bf23837c 3ea5d6be 3ed53a72 be8ace04 3f7b4664 3e577cfb bf31f97d beaf6a96 3f46d7bb bede5ebc be5cec1e 3eedaa73 3f4f55e2 bf5b39b8 3bc77b4b be7b7499 be2ae458 3d46721a bebfc2e5 3f28c199 bf3879b7 3f48dfd2 bf3e9bab 3f668bcd bed23eb4 3f00b960 be550576 3e67ed63 be714476 beb11aa9 3e976e58 3ea46242 bf1dd782 bec80ec5 bf124175 bf354fc9 beb08ad0 bf051957 3d934877 3efa868d 3d9fa8f2 bf4c31ca 3f223997 bf641e10 3f743c09 beafc2d4 3edec6e9 bee9f6a7 3f35cb90 bee1b2f6 3f077b96 bf693010 3f2f7fab 3f3151a1 bf32dfba 3f5fc1cf bf7bc243 3f6521fb bf7dd84b 3f5ae9df bf5e6fdb 3d2cd012 be8dbe6c 3dde085b bf4683d0 bef5b6cc befe6728 bc68c177 bf4dadb9 3f164579 bf7a8e2b 3f76da40 bf2d1f6b beba82bd 3d8457b8 3f5945e4 bf629bd5 3f263f92 bf49f3ce 3f6009eb bebeba93 3ea4c683 bead8288 3eefcaa6 bc8e1dc5 3eb186c3 bdcbd921 3f2febac bf6757fa 3e76e450 3ebeaa9f 3d044d44 3ecd8adb bf161370 3f2c21af bf1b1981 3eb1fab2 3ef082f6 bf008966 be74a555 bf4b79cf bdd408ee 3eef4678 3f174981 bed4bed6 3e38ec78 3d6cae3a 3d55d01a bf2b41ae 3f333f7e 3d69f292 bec9a2af 3ed826ba 3f2dfdb1 bebd8ed9 bf74021d 3f4e57c3 bee092db 3f6305fb bf1f8176 3f6cb81d be925ea9 3f630be9 3f302bb5 3e9a3a49 bf73c628 3e7e5480 bf1f2d98 be30ac81 becb92d2 3ef8badf bf3631c2 3f5f47cf 3f0ad587 be6c5ce6 bedb52ab 3ef686c2 beb36704 3c32c148 3e2c0c7b 3eb8269d bf061b93 3e1154be bf08c55f 3e7a7d29 bee01ed6 3e909688 be8caabd bf456fb2 3f1ed98d bf0cf37c 3e9f1e9e beee1adf 3e28a50d 3f48c9be bf3c1bbd bf2e6f93 3f448b9e 3f493fb6 3e32f4d5 bf7cac41 3f4df3bd 3ca2de4d be1b0cb4 bf7377ef 3e616bf9 3f123380 3f36f1a3 bf60c1d1 be93ea68 3f624bfc bf3a3dd4 3f42cfab bf78402a 3f1ea798 3db22801 3d9ea91e 3c73bd72 be3ee4b8 3ebceaab 3f6997fb bd5f0fda 3e88ea6b 3c8d6204 bef53f11 beb152b9 3e9e5e7e bf4cfb8b 3f410bc4 bf1a478c 3f2edb85 be5cf49b 3f7075fb bf7fa687 3f6fac09 bf49bdcf 3f74aa02 bec71ae8 be870269 3e2a347c 3ddce9b8 bead4280 3e73dc2a 3eaaeaa6 be086c6d bf6f75f8 3f2ec3a6 3f60c9bc be2b3cc4 bedb0eba 3f17817b 3eb70a65 3f44ffab bf7b6e43 3f71360c be316cb6 3f130f8b bf190d81 3e411c46 bf4181b5 3eb5d286 be3c347a bf13079a 3f164f7f bde36961 3e3da531 3e8c3eb7 3d3c129a be74744a 3f14f193 bf355bb1 bc3db44c bf326da6 3ca4e118 bf1dd1a4 3bcc8c35 3e9652ae be35dcaa bdb858c6 bf48cfd0 
bf02f773 3f086966 be3bc547 bf02d353 bc1b3745 bf59a3cc 3f62ebc8 3ea06291 be98e65d bf62d601 3f51b1c4 bf5671c2 3e407479 3ecd4298 3e8b8a5b 3edfeaa5 3e2904b1 3df1e826 bf7c3a36 3eff9edd bf3bfba6 bf222f7c 3f61f3d4 3dc8782c be595d0c 3f1bbba1 3db86946 bf6c8a07 3ea8aa8e bdc07a17 3f6d61e6 bf2d49a0 3f79f220 bf05b973 3f06f76c bf3391a5 3f157387 bd0c70ca beeba2c9 3e9cae4d bcb9dd44 bf1deb7f 3f137188 be3ce459 bed4570a 3f200d8d bf1c99b1 be9b52b1 3ed5cad6 3f41599c 3ef1ded2 3f6849f5 be75ec0f 3f6cc80f be481c86 bf685a10 3f3733bd 3e7eb493 bf1d897b 3f4bf1e5 bf2c4f98 be29cc46 3f4879af bf642deb 3cb362ff be100cf8 3d33729a 3ef88f0b be9d2a3c bf20e37a 3f046962 bf7dc673 3f730812 3d13f03d be7bd552 3f1305a2 be858a6f 3e010485 3f18fd90 be78acfe 3f01395b 3ecbeac9 3ef19ee9 be14fd1b 3f5267d1 3cef21fa be73b4d5 3e38446d 3e4f148f 3f44e7bc bf5c7de1 3eb0925a bf3481aa 3f4fbf9e bbfe81fb bef89284 3f080590 bf101594 3e46e4b1 3c841e8f bed626c9 3b612c03 bd45f17b bf38abb5 3f2d79af 3ea67e7c bead7e73 bf64d1ef 3f1d3fa8 bf1adb8e 3f1e8d61 bf4b2dcd 3f02019d bed5f2ae 3f02cb7d 3da7b7f4 3f1923ab 3f27997c bf0cdd65 bf46bbb3 3f1bb57d bea2ded9 3f15e788 bee3caf2 3df6a8b1 beb6e2e9 bd893971 3f577fe7 bf72f603 bdfd999f 3e5e64cf 3ecbe28c 3ecae278 bf77e218 3f026964 bf4313ad 3d0defe4 be5364b2 bf3e3fad bf7d8446 3ecf8287 be5824e9 3f4467be be5ffc96 3f09a765 3f45abc7 bee6b270 3f1f2b93 bf202f94 bf3fc3af 3f399ba0 be8bf25a beae6681 3f4eb5bd be30ccf8 bf2b7db7 3ed6e2ae beede2a2 3eb9be79 3e581c97 beaf66ab 3f3f3dd0 bf513fcd 3f7cac0c becd9ac1 3f16a765 be9fb687 bdbf4884 3f129b7c beb7da9f be894e7e be4cbc30 3f7d404e bf3ed5b8 bf7a0e1b 3eb3c670 3f416fac bf3b318e bd89e87c 3eb2ee63 3f5b63db bee91aae bf298fa3 bead76bd 3f01a358 3eeb8b18 bf4765d5 3f1dbb9f bf1c8bb0 3f41a1af be141c51 bf46a5a5 3f5c17d4 bf6c3ff4 3f6f622e bf55e3d5 bf0c3587 bf30e38d 3eada66f bed05305 3f0913a3 be6244b1 3ed73b10 3cf8e2b5 3eefbef4 bf20eb7e 3f0d1971 bf3a61a9 be7d14b1 3ea836d8 bf5e25ca 3f434b86 bf7f4880 3f06b157 3ee9326e bf739625 3f263d80 bef2269b 3f371da7 bf68abf9 3e45d4b7 3f328ba5 bf1aa786 bf39a99a 3e0e0433 3ed6d6aa bf47ddcc 3ea23a6b bf53ffd8 3f47d3aa be6e04e5 be88ae37 bf3cbbc8 3f6335da be107cd0 3f32f19b bf148981 3f46d1a6 bdcec7d0 bc85e22f bd1bd216 be49642a bf6d0be4 3f2fdb97 be77251b bea9524a 3f3f0dc3 bea30673 3f75341f be6d5d44 3f5b89ef bf0f7777 3ea30a88 bf4c1dd6 3f67b410 3ee796e3 
3f760a04 bf7e0478 3f6421d0 3cbf23a9 bd90f833 3f7cdc43 bf31698d bf37b9b4 3f05578a 3f6203e0 bf4e1fae 3ee2af0e 3dcbc98b bee8debd be5344a9 be1293c5 bf4ce7ac 3f7249f8 be608474 3f78822a bef82ac5 3f76e040 bf0b419d bd50b12a be99de17 bf6745f4 3f446f92 be97ee88 3f226f8e bf6cca0c 3da688b7 be1cf436 bec2e2ad 3d44d17a be0e54ee 3f1b2d79 bf64dbca 3e9e9a31 3ead8673 bef406c3 3e4cf4aa 3e826e80 becd4b05 3da53908 3f5b27ed bf26a9b3 3f5117e9 3e722cb7 bebc1e60 bf390d9b bf17cf87 bf2007ad 3c583e06 bf275390 3f110f5a 3e679cc0 be1ec41c bf33d393 3f7fe09e bf33759a 3f2d55a0 bebce293 be2afd66 3ec6ea8b 3ed4c6c6 be8fca7f 3f253593 bf7a7a47 3ea96267 3ea4baba 3d4950b3 3f471fc3 bf4223c5 bf1765a0 3eddda9e bf3bc99d 3f248f9e be245477 bf4367b3 3e781da5 bdf5386b bc73c811 bf313bc5 3de4e7dd be87aac3 bf5c07e4 3f49edc9 be7f84a0 bf1a257d 3db3e8a0 bd5ab2b4 3eaa6aa6 3e07ccbd be303cf5 bf2d73b6 3f6f2416 bf7095f1 3eca8271 3f0fc57d bf57cfb0 3f7c6a22 bf035f5c 3ed5bee5 3f14e57a bef02b03 bf39ddd6 3f0c918a 3f022b5f 3e21fc11 be8e9684 3ee7169e beb41ea0 3f2e0db2 bf3ccda5 bdb2288b 3d183041 bf1ed575 bf1ac183 3daca918 3f5283ac bd802804 be8b7e67 bf35c9a4 3f277179 3e7fb4eb 3e82ba3e bec396db bf005568 3f7033fb bf02fd94 3e98d24e bed1ce9f be956238 3f06f973 bdddc9d8 3f2763be bbd67451 3e542cee 3f4eefcd 3f3ac7a0 be2d4c67 3d6150c6 be8fbac6 be92de9d be9056ab bf3e4982 befe2ae4 3ec64ab9 be4c4cdc 3f5e17e3 bf5617f1 3f5107c8 bd5c90ef bf4a27d5 3e4abce2 3f32a9ba bec21ed6 3ecbfad0 bd88b85b be924a87 3eb6eaf7 bf1f39a1 3f39aba0 bf7ff8cf 3f3bab7a bf7c205a 3f1e4173 bf1a438e 3f1f2d98 bf50b1e1 3f6bc9ee bd8179d9 be9a0a78 3e86e29d 3f6243d6 bf0ee164 bf035d7a 3f4529d6 beba0674 3d508ddd bf78f410 3f243f80 3f286786 bde7d8a9 3c92e210 bf36b5a1 3f5953c3 bf5615de 3f5315cd bf630df5 3e923677 3f22cda9 bf5f5fed 3f6c43e4 bf34619d 3f24d787 3f15f382 3f2df1af 3d40f136 be8db25d 3f2f259f bf1e799c 3e04d44b be1383b7 bf697dd9 3f70e810 bf66b806 3f70f007 bb2707e6 3d4d1174 3f3d35c5 bf0b8f81 3f798629 bf6c07e4 3eb9426c 3d42f0ff 3ef31afc be710c1a bf1de972 3f25bb6b 3e6f74c7 bf4149a2 3f7efa92 be8c5608 3f2e71ad bf534bc9 3f6149d8 bf16317b 3f256b9b bf58e3df 3e97e690 3d352f3f 3f4997a4 bf61b7d5 bcfa5ebe bee096e5 3ecf4ea2 bf4c39b2 3df69a61 3e10446a bec21a89 3f3aa7a5 3f6b85fd bf730e26 3f46bd95 bf080380 bd96596a 3d1cef3f beebde9f bec7c29f 3dbf07bb bee4beae 3f5731c7 3d8db92e be9cd655 bf54edd0 
bf4d19e1 3f25ad75 bf137574 be8f6e71 3e63cc73 bf2dc78a 3e97f685 3f253da1 be44e455 bf42b994 3e842a8c 3f024f5b bf614fce 3f7ed08a bef4b6a7 3f3fd5b2 bdeaa833 bd2a8f20 bf256985 bee482d0 bd8258f5 3e0464e3 bf404b87 3eef72d9 3f5e75dd 39f76752 3ec776a8 bf3d11c3 3f486da9 bf0bc15b 3f6d2014 be9a5e52 3edf16db 3dc818f9 be45a525 be8e926e 3f7e6e68 bf344783 3ea2b694 bd1f3040 3e1843eb bd767209 3e87ee68 bec512d2 bf271f8b 3cacde2c bed756bf bf00b188 3f181b81 3ec34ab6 3f2a73a2 3e4f74f1 3f7ad81f bf507dc5 3d59520f bdfb286d bcc19fd8 3f18f764 bf06616b beeb66c9 3f03fb89 be9fa27b 3edf8ae4 bf49b1bf 3f273d80 bf75f237 3cb960bb 3e1dc4c5 3f5b47ce bf5fc7ce becf26b9 be681c5b 3e6a0544 3f3f3b97 3f01378d bf08676e bc8f2225 bdf2b801 3f7a5e45 bed86abd be53a48d be8f568b 3f2eefc5 bcba9bd7 3e093cbd 3f271b9a bd1ab11c bed016c5 3ee7dac3 3e756cd6 bed6aac3 3ebe6e4d bf054b62 3e86c280 3f0a6788 bf3167ab 3f761a07 be413425 bf489bc2 3f308dc1 bf3d51a1 3f31ffb4 bf6ae7fb bdc84a15 3dffb91a 3f5cf5c5 bee04adf be5f2c43 bf287585 3f3487c2 bf651ddb 3f4a69b6 bf30bba8 3e8c1a81 3f757825 bf5167c6 3f6eb014 3e948a17 3ebb3a6f bf1de38f bf1f4f98 3f3ae999 3f587bcb bf651800 bebace76 be1a3404 3f43add5 bea73e85 3d463003 bc0ebf6f 3e9e8e7d bef24f29 3f05cb5a b7915d36 bf2ac1a1 bce39c6a be740c68 beb52675 befbcedf bf250da6 bd07d1b6 3df047e4 be19a4e2 3f2e4db6 3e9cfe85 3ee78ec8 3f4ab1a1 3db47912 bf2f6b9c 3f3a3fbb bf3a1b86 3e1c04a5 bef16ebf 3f7407fa be1aec67 bf4f99ca 3f2c479e bf749017 3f60b9dd bf677bdf 3f61e7e3 bf077587 3ddf37eb 3ee44a89 be510481 3e78555b 3ef302bf bda017e5 be0db44a bc8ba395 3e827e92 bf6f1819 3f1c4971 bf27456f 3d90876c 3ebeeac5 bea32a99 3ed9a6c5 bf2b2f93 3f742005 be01a481 be85d6c2 bdb51880 bf27196c 3f79f844 bf183d87 3eea26ce bdfa480f bd9c58d4 3ec676d2 bf07d77a 3eac8eaa beb952c4 3e93468f bf099959 3d8dc915 bf3035b1 bf3c29ab 3eb4a699 bf4e81b1 3e83c6c5 bd171343 be83665c 3f0c636e 3f14418d bed076db 3f16e395 bf5443d3 3eb59a9f bf448daa 3dfe29b4 bf177775 3e6fcd67 be4f6501 3ea48e2a beaebaa5 bf52adc7 3f267fa3 3eda72b9 beb3729f bd81c84a beacae73 3e780d45 bf28e991 3ef6c6a0 bf270181 3f5431d3 bf3715d9 3ec0d6fe 3f5183c8 bf6847e0 3f4ef783 bf761c13 3f5c53c3 3dcb78bb 3e110520 3def6916 3ea23e8a bd0b0e85 3ea10ada bec15705 be93ca7f bf3b83a2 bd23cf57 3ee586e2 be9996a3 3f4f29c3 bf575fc9 3f59d1dd be1c14c9 3ea8ce9b 3e018490 bf7c9e3b 3df9090f bcc024e9 3f2fc99c 
bee49ac0 3ef6eabe be5b94c3 3e8d1a7b 3f229f9a bf594fdb 3f5f3a0b bf331bb1 bea1b66f 3f6ea210 bf0b4764 3cd6a186 bd2deeaf 3e3314e5 bf282daf 3f02f562 bf185578 3ef886f3 3eda76ae 3f371fb0 be9352e5 bcd7e00f 3f7bc64f bf251f67 bf3471af bbdf7c23 bf01a732 3f1e15a0 bf63200c 3f27adb9 bef0431b bf31b36d 3f3b6d9b bf799a07 3f7133f6 bf1d9d96 bde3e8e5 be9f0e53 3f24f366 bf7ebe68 3f233f7e bf5c0fb5 3ec2e6d2 3f0bf78d 3ea256ae 3f607dd3 bee3b6dc 3f7a4a45 bf46f7ae be0bfcb5 be1f2508 bf6a7bf7 bed7bac2 3f1ad18c 3f448faf bf7ad832 3f48d9ab bf769448 3f728605 bcc564a7 3e1394f2 bf06df72 3f5365ba bf1a958a 3dc84867 3edacead 3f65ede8 bf1f417d bf6d2ffa 3f4d4fbe 3f5cdbb2 be95f2ad 3e927282 bf768017 bf5507b2 3f5ad7d8 3ea25aaf bed6fe72 bf4a41c8 3f5a23cd 3b20ee42 3f62f5ed bf517dbe 3e8d1284 bf0f297d bd8997e8 bf2eef8a 3f7a6629 bf02d57f 3edaa2c9 bf3e01ab 3f40e1ca bf52bfc1 3f4bc9c7 bf38c57d 3e6be4f9 bf007381 becd5265 3f7a420d bdbbd8de be0c64a1 bd64f20c 3f037d8e 3ee88a80 bf27ef99 bc8b64b4 bf223593 3f7dcc5d be417cc2 3e12eb87 3e3d1493 bf057d7b 3ed5a6f6 3d258f51 bf7cd44a 3e91ae98 3d2fb11d bf6e8a02 bb2ce9b8 3defd9f9 3f7d7257 bf4639cf bf49a7c2 3f1deb9a 3f79d214 bf795e31 3ef6faea befea2ad 3e8ad220 bebf9a77 be2c6c5b 3f69a7ee bf6f13e2 3eabf29e 3edb16d1 3e1f8408 be0b144c 3f64b9de be1604b5 3f5cffcd be2b251c 3e3b24d6 3d97187c bf43a7cf bee972c9 bd608eb8 bf63bfec bed4427c 3ece9e80 be3c84de bdc74886 3f3e0193 be6d7d02 bf044d54 3ec7e6b8 be22dc94 3f16f594 bec1aac5 3e9692be bdea98fe bd72d279 3de03852 bd423169 becdc2d9 3dc7482a bebe466c bea5da63 bed476e1 3e90b2a3 3ea12686 beb4f274 3e856e5a 3f55ddbb bf2c4b76 3e8a3272 bf220198 3f6c6001 bf693df5 3f47e5b3 bf7d1a5a 3ed29ea6 3ebd8ec6 bf25b998 3f778813 bf596bc4 3e790512 3dbd58f2 bf155983 3f219d88 bf142f91 3f647bc1 bf7cb864 3f77cc31 bf289191 3f7f82a2 bea6665d 3f6331da be328c72 3f044971 3f621bec bf547bd9 3f147165 3ef9aeb7 bf774613 be647490 bd2430a3 be1d0cb8 3ea6fe6b be22cd1e 3f3cb7ab be890a60 3f68cbd7 bf3a37af 3f557bbc bf4215b5 3f3e6fa7 3f3521bb bf4153dc 3c40c166 bf1ae388 3f6b9e07 be9786e1 3f1a9dab bf0ecd67 3f27e9a9 be425cb3 bf0f0daa 3f2c39bd bf2a4591 bf13cb8c 3f293f9c bf2229a0 3ea2de99 bef356b0 bdeea8e4 bd450ff7 bf120d96 3f08e190 bf3b3dab 3d9728b2 3ed75e97 3e995660 3e9b6678 3f264585 bf20317c beb7cacc 3e8fe665 bec49ad2 3f294b98 bf29e786 bdb75748 3e7fdc71 3ed0d2c8 3f395d87 bf59fdb1 3f4e13c8 
3e5854d0 bea51a62 3ec37ab1 beba9e8a bf22b18d 3f66bfda bf195578 3e24849e 3e9f2289 3e114453 bf244199 3f7ec290 bf6fb7ff 3f636fde bede96db 3e5c94f4 be65e47f 3dbe38af bf5ad1b2 becc6ea9 3ebf12a6 bea5a654 bf3689c1 3ef152c8 3f27d39e be3b9bda 3f34759b bf2123a4 3f740c08 bf2f81a8 3eb9aa7d 3f26e9a0 bed6968c 3e4794b2 bdebc8a5 3e1cb43a 3ebec263 3e659447 beea8eb8 3f6fd224 bed28ed2 3f79b040 bf4d37af becfead1 bf26559b bf5d77ce 3f25277a bf5a45bd 3f158ba1 bee33ea2 3f068793 3f3597c2 3ed4a6bd bf49e1cf bf4f31ab 3f6e5be9 be969284 3ea7c2a5 bf6321f9 3f1d3b6f bf32cdb8 3e91a69f be74bd12 3da1f6b1 3f218baf bf72cc14 bf727bee 3f41dd9a 3f124573 bee44ae9 bf5d43d1 bd4cefd8 3e1264e0 3f081d52 3f75382a bf2fc784 bf32219b 3f6a89ca 3ea0b686 bf2df58b bf09439f becb32bc be509c7a 3ec442aa 3e1accc0 3f3e83ad bee56302 3e8526d8 bf75a601 3ee19af5 3b34f5b8 3ec5da7c be016448 3df3e7bb befe9eef 3f7e5680 be87a6e2 3f5711b9 bf6633ee beef86eb 3f0e9783 3c9a5f34 bf5effd8 3e62ad4b 3c9e6106 3eac768f 3f0d4b83 bf7567f7 3f07e57d bed25a7b 3e0cc4ab 3f14ad7a bf180d83 3e4aa45b 3f09c18e 3e92d24a bf13cf93 3f713227 bb310893 bd97a888 bf487dab 3f04f792 3f1de77c bef6feb3 bf3059ae 3f514dd0 bf10077b 3ee51acb bc2bc5c0 3f050775 bf06956f be753d43 3ebb7a90 bdb87854 bf157583 3ddde7f8 3e2514e8 bf6f63fd 3ec44e7f bf7dba5f 3f00474b bf32ad8c 3ec432bc 3f040d8a 3f2a878f bea8b680 3f51f5c6 3f4d17c0 be5d2cb8 bdabd973 3eca6eb8 bf7fdc9c 3f3aabcb bf05bb5c 3f40bd9a bf6f4416 3f1a1f77 bf511bc8 3f766825 bf3865a2 3f12eb9e bf30df9d 3f73280c bef71aa5 3f0e6b71 3ef862df bddf1993 3f768222 be029442 bf56dbcb 3f3557a5 bebab6be bf485fd0 3ed68ab2 3f3a919a bf376d98 3ed4ca84 bf02d77f 3f23c9a2 be067ccf 3d86897d bf16cd89 3f702bf4 bf47cbc6 3f2fddac bf1c9382 3f6f5bef bf4569b9 3f293da8 bf46b9a0 3e1ef47b 3eb84e7d bef542be 3d97394d bee9d2d4 bf14eb85 3ed1aaa5 beba1267 bef862ba bf5e05dc 3f6969df bf3bf37b bf2729a4 3f5d1fc7 3f166b73 bf04838f 3f1a0f72 bf03f388 3edbae74 bf59a005 3ec8aac4 bf678bf6 3f1191a9 be9b9274 be944e26 3ddee8f1 bf73ea14 3ed02eee 3f1563a1 bdcbfa51 3ce7e5c7 bed6c270 be9bbe96 3f289573 bf6b6ff6 3ee312f8 3f0a7d67 bf1bef98 3f3529b4 3e908e5d be4afc40 3ef4233d be969aca 3f795647 bf3e4b99 3f761019 bea56aa2 bd36704b 3f0c3d66 be89b283 bd88a8ee bf4bbdde 3eba72b4 bf69c407 3edfb6e0 3f0da981 bce7a1f5 bea37e9c bb6d0def bea1ae32 3f691001 bf75f9f4 3d9fd93a bf733df6 3f30e38e bf76c624 
3f34b197 bf2be777 3e81465b be140435 3f6663ec bf7dc269 3f0cf360 be80d2a0 3e2b4cb3 bf5f11e1 3f4ba7b8 bf1c9790 3edaaec2 bf1c8d7d 3ee49ebe be4b848f 3ea9caae 3de0f8ce 3ec03eaf 3f545fba bf708628 3f46c7a4 3f4975a1 bf7e6a7b 3e77a4f3 bf15c785 3ecce2ae bf30517d 3f180fa6 bf79683e 3f490dc3 bf44459b be0bb483 3f49afc0 bf4435a9 3eda2ab4 bf6d8bf6 3f058558 bf3afdcd 3dfe68a6 bf06d780 bf0e3d79 3f6397e8 3ef6aeeb 3f43e9c5 3f5d2fa1 bf75823a 3f42499c be78ece6 3f691fdc bf75c425 bedc02d1 be90eea6 3f765249 3e97c282 be33cd1f bf315fad 3f21798c 3ebaaa91 bf3fcdb8 3f6bbffd 3d9f76e0 be94b267 3e19441a bf3585a9 3f79322c 3f4c03c1 bf177b7a be043c38 3d8b68e6 3f23b582 3efb62f8 bf09ef61 be7164c6 bf32d99a 3ec722a6 3edbeef2 bedd4295 bf08ff87 3f6efc1a 3ecb9a89 3f125b81 3f01ef7c be957692 bf08bd59 bee6331b 3e821e95 3f07b183 bd62d1b8 3f5bc3e7 bf730828 bc5ac6e2 bef886f6 3f3f0985 be5baccb bf192562 3d2a91a8 bf0dc98a 3ed88eb0 3f72621c bf4d6bab 3eb4fabe 3eb50a9c 3e21244a be813e4b be872e4a bdf257d5 3e2ff4b5 3e4e6c36 bf278d85 3ef342d3 bf7a2852 3f63f1e3 bf2b5bc2 3e1a84fa bf4671be 3f4f7fbd bf36a1a8 3ddc38b9 3d07f09d 3eaa4292 3d95089b bf619dd1 3f7f3476 bee6ceaa 3eb386d4 be8faa61 3e101c77 bf01a365 bea45281 3f7cd65e be9b2aa1 bd53d35f 3e148490 3eb01693 3d8a785a beee3684 3f4e47b4 be4c5cd4 3f2b3b68 be3984b9 3eb462dd be5284bb bf21d17e bee456cb 3ed856d0 bf5bfbe4 bf14b37e bedd3a9e 3ec1269a bea5429d 3f26e5a1 bf09c788 3f4527c8 bf6a5e15 3f4ba3ef be3cc4b1 3e977258 bf5965c6 3f04fd71 be7a74ab 3e82d6d0 bf3195b7 3e7c85ab bed5fe9a bf49dba8 3e2fa4db bf5c61cb be3c1d08 3f27dba7 be1ab4ab bd7b51b2 3f7bd06d bf6727c3 bcbe2491 3cce9b7b 3ded2852 3e5e2cc3 bf1dfd96 3ec58f0c be83b231 3eeef2d0 bec79687 bef002e0 3f1c7b85 be67a4c6 bf553bab 3f7e9655 bf1c158f 3f6f9c05 bf2dd99b 3ecf26de bedfbac8 3f3a1fb8 3de3185d 3f3cc3b6 bf790a50 3f33cdc1 3e99b685 3f1fa193 bf2d9583 3f66fbf5 3ea8069e beb2de75 bf3785a7 3eb0669c 3e1c5cc7 bf2e3b88 3f5767d0 bf1e8ba6 3f32afbd 3e917a6e befb5afa 3e906681 3f1ce38b bebfbadd 3f481bad bd86795c bf499fc4 3efd76d3 bf2c1f9b 3f4cefe0 3b7ce2e5 beea9adc 3f64d1f9 bf124b4d be6eacc1 bd9738af 3d35cfe8 bf0ac982 bc774075 be449d12 3cab1eaa bf4f27bf 3f0caf8d bf5ff5db 3f638bfe bf5d35df 3f210b85 bf421b82 3f7f5061 3a53d786 3d070fcd 3e812623 3eb7d295 bf6e47f9 3e3cbc8c 3dcef98d 3f110185 beab12aa 3d7d512d 3d8098d6 3eeddedb 3ee8c665 3c92611e 3ef98ab2 
bf51cfd1 3f5ba3f4 be4fb53d 3ca12083 bf21b98b 3f51a7b8 bf254b61 3f3e97bd bf2fe599 3f747432 be747cc3 becd5a62 3f75de20 bf5ff9d8 3f6873ce bf77021b 3ebcca99 befa1a8c be22344e bf3c9fa1 3f625ff2 bf3bf5a2 bf65ae15 3f5787bd 3eb13eda bf38efa3 3f671ff3 bf636df5 3f2fcf72 3e8fda8e be852249 3e95da77 bcf5dedb bd89580e becae2ab 3f478d8b bdfcd99c 3e67c4c5 3f1b8761 be32cc40 3f2d1f9d 3edabeb3 bf5f65ee bf3f33a9 bf356989 bf0f5d83 3f4d7fec be830633 bf02537a bf4791b0 3f4db796 3f2891a6 beeb7e9d bf08059b bdee7834 bd8eb8a1 3f5673ef bf5027b1 3e20ecbd 3e716d31 bf1e1590 bd54f104 be6b7c80 3f4ebfa5 beebd698 bdf6885e bf38e9aa 3e1e3cab 3dbd1919 be7f4cdf bca322eb bf5db1d3 3f2b77bd 3e4c6465 3de7d909 3ed75add bf580bec 3f5e0201 beb7a6ba bdff67cd bf3a739a bf0b09a2 bf5a9fdf 3ef67327 3e912eb3 3f54a3d7 bf40dfa2 befbd2ca bb9492ee bf231d8b 3ef3e6f0 3f16fb6c 3ea2ce90 bf67f7ff 3ecf4ab9 3f3b8f93 bef4972f 3f2b7b92 bea7326d bf1f5791 bc929f8e 3e2944bd bed64e8d be152c7b 3e225cc2 3ea42ebf be5bfcfe bd97d857 3e98f263 3e01f40d 3f5481b2 bf592dcc 3f610fda be961e9e bd4bd0c6 3f59b9c7 bf79b637 3f3ef5a5 bf5bb7c2 3f5b53d5 bf58b3b5 3ebcaa81 3dab88e6 bd286efe bf0cd999 3f3d7dcf bf4ff3d4 3f6475dd bdf72974 3e95f257 bf471bba be4cd430 3f25db92 bf01993d be0e2c9b 3ccc6042 3e0a947c 3e5104b9 bf395385 bd2f8fe8 be19d40d be2bdc03 3f0f6b75 bdc247aa 3f52abb5 bf3157ae 3f4f67fb 3f2905b2 3e782ca9 3ef25ae9 bf6255cb 3f20ed98 becbcaa0 becec6d9 3f3b89a2 bf1da3a6 be44a481 3e181512 3f72b01d bf449da2 3ef5370a bd42afff 3e868660 3e8e5246 3e59ec9c 3f09e57b 3f2fff95 bdf31933 3f2dab74 be266bbf bf001176 3e8a1630 bf5467df 3f7c3c27 bec4da7f 3e476484 3d4d50fa bed95eba 3f5527ce bf5873ef 3f60a1db bf66e81b 3eea6aca 3f33f9ba bf4e97d6 3eeddacf 3f1c05a4 bec9e28a bf5fa7d8 3f3cc1b7 bf3eb9a3 3f457194 bea282a3 be87be4e bf1fcdb5 3e876e3b bd061273 3ea586b3 bf79500b 3edbc684 bec07e9a beba46a5 bea7ba63 bcb5212b 3f546fe8 bf3bcfaf 3f0b1d97 bf18076a 3f4ea9cd bf2fab9a 3eba1ee2 bf5f25fd 3f4205a2 be497c87 bf5bcbd1 3f2769a2 bf556bd1 3ea04a6e 3e343526 be4f7489 3f34e37c bf724a1b 3f46eda9 bf4f7bb6 3ef0c2b2 bf1f4992 3f5e43da 3dd03886 bee5ceaa 3f6f7e13 beda1ea1 3efe0afc be1bdc76 3f104177 3e842e4c bf170b63 3f1ee3b3 bf3f51a5 3f4123b1 bef402b9 be26540b bef9d2d6 3f4bc1c0 bf707a03 3eb122bb be686cbe 3f369f8a bf2abba8 3caf5f2a bec8fe8b 3f00e58d bf2801a1 3ecc92b1 bf77522a 3d48b280 bf13dd7a 
3f01756b beed46ba bec44ea1 3f65b5e8 bf57a3bd 3f658bec bf68efcd 3e89e684 3d056f1e bee51ac8 3eb3ceac bea29275 be84a2a4 3ea4f65a bf11ab6a 3f623bd6 bea4228d 3e7464ad 3ed5429f 3ebd5a87 bf1e6390 3f288189 3f5493cf bf40e5b2 be2ced0a 3ede6a84 be0ea48e 3f2ed1a3 bf69e5fd 3eac8a97 bf5e87dc 3f7a403e bf5ecfcd 3f758c2b bf22159c 3f174b8e bf744c1c 3e326c7d bf28d96a 3d1c72bb bf04ab98 beb756c3 3f5129a0 3f46bf8b 3f7079f2 be9b6eab bdeec8b3 be982e92 3f655a18 3f686a02 bf726c08 bebd9a81 3f4e8fc8 3d96171c 3e849e94 bef9d731 3e9baa91 bf135165 3f27178d bf0f4d9e 3f48b9c3 bedab2a3 3f3c57ae bf7aee45 3f338fa9 be1ae3df 3f13ed5c be8daa60 3f122b7b bdaeb818 bc084122 3f335bb5 bf34117e 3eba8a74 bf4c0d94 3ea52a73 bdfb09b3 be0f7492 3e391463 3ddc09aa 3ee8ded2 3f5f0bd1 3f18f388 3dbb17df bf5fb9e5 be0acccb 3e8b9646 3f661406 bdd628a1 3f10c370 bf33c5c8 bd7fd064 bf418bb1 3f750e11 bea10239 bf78bc28 3f5201c0 beb5a286 bed1f28e 3f758a07 3d3cf26c 3e73ec56 bee1d685 3f66fff7 bf0e9589 3e0f5ca1 3ca8a2e8 3ed2bb08 bf51bbcf be60a48f bf182765 3f4577ca bf7cce32 3e7b6d4e 3d9ce938 be4ce3de be3c8d06 3f7bb838 bed4dac1 3e053cdc be328444 3f1c7f69 bf7f1e6b 3f6dd1ef be62ece1 3e5634c7 bef256e7 3ea98a6a bf6b0400 3f5289c4 3db53832 3ede9abd bea74abe becfc297 3f4101ab be8c02a0 bd72efc7 bf1c2b94 3f7f728a be2c4497 3f12837c bf5323c5 3f084b59 bf4d07ad 3e7154bd bc2ebaa3 beed96f4 beeaf707 bf2d97b6 be691d21 3f43c1c8 bf4a8fe2 3f6609cb bec5de95 3ea16689 beada2b1 3f7c9a49 bf4521a2 bf5319b6 3f77802c bf6df1ed 3d989719 3db4e8fd bf5abbd6 3eab3ab9 bf5b11bb bf05176b be045423 3bfc8cfb bf49ff94 3f5991bc be3094d3 3f1b677f bf4fbdeb 3e8fde9d 3e6c2d11 bf50a9cf 3f5e21e1 bf6873f7 3f56bdcb bf71a406 3f751822 bf024975 be957eaa 3dade829 3b899031 bf6431e1 3f16b185 3f4da9bc bee4ee89 3edeaee2 bf65cff8 3ecfdadc 3f3643c0 bf1ac981 3f4fa9bf bf45b79d 3ecdcaa6 becf3ae4 3f3403c7 becb2aa6 3f4e79d0 3e270517 bea656e0 3f021365 bf556dbc 3f760021 be887630 befab2b5 3eeb7ad2 be6504e1 3ec02ecb bd3810ed bea0b286 3f05a385 3e3f4cd3 beddce7a 3f38a9b0 bf1ab774 3ea6de85 3d0ff0a3 bf380994 3f6bdbeb bf18f974 3f03b360 3e33a40e bf4b1dcb 3ee7a6ee bf5891d0 3f2381b2 bf3c1fbe 3f2e6b8d bf6ed7e0 3ead3298 bf2e6d7c 3f7fb0aa bf5227ad 3f73c602 bf4f63b8 3f323fa5 bda7c8fa 3efb1afa bf79b235 3f21f979 3eeecb27 bf2093ba 3f4b25bb bf6b9bee 3f35f587 3e8d024b befb46d0 3f29a76e bf2d8988 3f5d11b1 3e316c4a 3f12f584 
3f100b85 bf09075f 3f57f1da bf778845 3f6c9be9 bf76f015 3f617be7 bdcf2823 bd984947 3ce5e334 be5a8509 3f0b8d7b 3987dea1 3eb15ebd bf0a4195 3eb6d6b0 bf405db3 3f3759ad bf700be2 bdb9892b 3eeafeae bf764011 3da437b6 be3964ae 3ef2aaf9 bea54ad5 bf364387 3dd0a9e6 3e14c506 3e492bd8 3f0f2776 bf172b53 3ef8fae4 bf7f7ca5 3f4a9fbf bf6c8deb 3f467791 3f2ce769 bef41335 3f601dcc be1d3493 3eee9aef bf47bfcd bf270bad bf79a21b 3f468b9a be208cb8 3ea342a6 bf564fdb bf6677f9 3f495db2 bcafa276 bf2c079e bdea08ba 3e5fb4a9 3e38cc4e bea73a92 3f75ba34 bf6f1bf5 3f4b7bca bf789dff 3f723c03 bf5cddd4 3e090c08 3ebc469f bf70ec2c 3f5f1fda bf55c9b8 3e91aa9f bf6937ea 3f1f7983 beab62c2 be707c55 3f3797a5 bd9748a7 3e040c72 3e86aa42 bebc0a91 3f084f98 bf426dab 3d7d9268 bf47dbcc bf6f1dcd 3e27cc63 3ed72af2 3edc4aba bf5453d8 bc71c4b9 bf493192 3df0e89f 3f4dddbd bf132988 3f7aca46 bf09c56d 3d9e98e5 3f5331c0 bf359f9d 3d421378 3f39b9a9 bf5553b6 bebf7ac2 bdc997ba 3e522556 bd977946 bf6fcbff 3f7b0843 bf64c3fe bcad62b1 3f5119ca 3f0ca76c be374c85 bbd58fcb 3efa068d 3e76f510 bf17d35b 3f09cd7f bea382c4 bf30a184 bd29b17a 3ef6aaa7 bf0a9160 3e7b0594 3e87de72 beba1a94 bec96662 3e74950b 3e96ea38 bdeb8958 3f192585 bf53a9bf bd94d7b5 bebdaad9 3de1c7ee 3f6d47ea bf44d9a5 3c9fde5f 3e9f0a2c 3ee612a6 bf0bb97b bf2da795 3f552fd7 bf3d59a2 3f7d3a3c bf203765 3f29ed96 bf322da4 3f70ee10 3cf322d0 3f7e0c5a bd8d8873 be9b22b6 3e8d4e9e beeccef7 3e428cfd beb97ea1 3e885e7e bf323197 3f2d4da3 3efee6cb bf00776d 3f39cfa0 3e630c56 be979aa9 3f326f7e 3dd9e914 3e517c98 3f639dea be1a5c8b 3e425cd6 3e153c7b 3eed731a bf56cfbc bdef7919 3f146996 bf05db58 3f02d97c bea0d69e 3f58a7bb bf74e20e 3f5b0fd7 bedc9aa5 3da6f946 be6d24d0 3ef64efd be40acba 3f47cbc0 bebf7e6d 3ee5e2e2 bf77781a be9fdeae 3f0dbb8d 3f1ef5ae bf26e38d bea956b6 3f4b33b2 bf6409fc 3edf1e83 3e3fbce2 3eea22fa bf4babb7 3ebf5edd bf152162 be6c6442 3e91bab9 bf24af87 3f402ba9 bf6119da 3cd0e48e 3f4b3fac bf6471d9 3f59f5f1 bf3ecd9e 3d82a872 3efe22b6 bf04cf79 3eb25258 bec582e5 3e4b54bc 3d3f502b bf48e7d6 3f4643a1 be323cac 3e59444e bf11f774 3eef0ad1 bf3fa9c1 3f2f7da8 be015c5a 3f1ceb77 bcfa9f79 bf39bba0 3ee79eb9 3eefdabc bee6e6f6 3eee4afd bf4bbba2 3eb0f6b2 bdf5b751 bf070f77 3f0e8386 bf5709b2 3edadeb3 3ecb226a bdbb4927 bf5c4fd6 3ef882bf bf6951fc 3f789a36 be6e74fd bec062ba be38aca7 3f0d336c bebb969c 3e7254b5 bf0e4596 bf6347c2 
bf6dfde6 3f6c93ed bf55a3b4 3f3e91a4 bf57d1b8 3f732c23 bf3faf98 be1274c3 3ee622b1 bd9dc847 3eca5aef bf1fd78f beac6283 be21844d 3f2de3a3 bf28cf87 3f4d61cf bf0f0570 3f0e43b8 3e2d6cd2 3e75558b 3e74f5c1 3d4e710e 3e2bfcdc be95326b 3f4bbfe6 bb9581c6 3f195780 bea4b275 beb8628c 3d484e15 bed5eeae 3e5964ef 3f6153ce bf0e3ba5 3f4f43ca bf353ba3 bea8ba6a bd30d156 be98a23f 3e02e4e3 bf00996f 3f6fb20f 3e4044e1 3f64b3cd bf3a7f7e bd9ec7c4 3d8b18fc 3f1c87a1 3f02fd8d bd68f0fa 3dd857ca 3efa12ee 3de2381d bee7aee6 ba54a71f 3d32110a bf34ef91 3f316fb6 bf222188 3f06dd62 bf3861dc 3ef51f00 3f2077a3 bf2e8576 3f60bddf bf703228 3ef036f4 3e32b46e 3f1b2576 be9f4e71 bcd964d0 3eb866b6 bf2ec38a beeb5ed8 3f302397 bf7f0a98 3f3de18f bf50f7cb 3f6bedf6 be3c4c83 3f0ed981 3f5857ae 3e749c62 bf37b5c0 3e355526 3ef27abe be51a52d 3f6cf011 bea5ea5c bf5549e1 3f399f90 bf02e361 bf09cf68 3f10eb83 bf4a07e3 3f497da7 bf0f4f96 3d56300d 3d8077c8 3f1e2b7f 3eb9ba8c bf1b3391 3ec10270 3f6f4200 bee9fab4 3ed29ac4 3e4a34c6 bf3d8390 bf513ddc 3f5dd9db bf072746 bea6ba78 be73bcea 3f11217b bf1a3b87 3f5b61c1 3e6d53fa 3d326f6b be399cdf 3e8cba57 be8bb63f be6a8c4a 3efafb04 3e45ec72 bda9791f be93e6bc bcdc62fd bed92aed 3f7d384f be97c293 3f6e59d8 bf7d5c70 bd326fb1 bec5629c 3f5f27c0 bf6ad9fb 3e333bea 3dd7b913 3f32b7a7 bf79fa2e 3f6791e3 bf1f959d beaa5aa2 3f6abfc1 bf79e829 3f050f54 bf7243fa bee1eec7 bea206c7 3f4087bc bf59afc0 3f797e32 bf230199 3f308583 be1844e6 bdd3a8c5 3daf0801 bf01fb9c 3eaab6a0 bf5fc3ed 3d44311a be2eb45a 3e2664cb bf7001ee 3e980a90 bea0f28d bf5727e0 3f76ca18 bf396199 bedb32b9 3f28039a bdc81a78 3eeb3af9 bf19f380 3d90296d 3e284510 bf752016 3f54edb7 bf148d61 3e5be46c 3df2c785 bd715197 3e72b4ce bf1d6f96 bed7e2d0 3ee1a2f1 bf0f7379 3f2907ab 3f37c7a2 bf62adda bf218d6a 3f6ce1fd bf0c9d78 3d4f924a 3e450bc2 3deb4861 bf55fddc 3bf77eb5 3d8c57cd 3f019f87 be967260 3ef8a2ac 3c0a39d8 bd6030c7 3edeb299 be4c64ec 3f1b5d9a bf60ea10 3f5f77f5 bf62ebd7 3f69b7f4 bf18d978 3eac4a8f bf1e477e 3e103c7c 3ed42eae bf49bfc4 3f644fd2 3dc7389a bdaf48f5 bee796f0 3efe8f48 be947262 3ed64ef1 bda449d1 3df07745 be8a2e36 bf5945c1 3ed4aec9 3f6911e5 bef8c304 bf340f89 3f74c42f bea1dac8 3f1c7780 be9df68a 3e8c26aa 3edbfad1 beb816c0 3f0c499a bf163b78 bd9ba7b5 bcb82093 3edde6c8 3f2d2fb6 bdf9d8b2 38deae85 bf5067a7 3f28438d 3edf6eeb bf6911fe 3ef1eae8 bf2db79b 3f1e6380 3f51a3a1 
bf04e186 3eda070e bf1df787 3f285f94 be44fcad be742c96 3e12045e 3ef4c2c1 bf75582b 3ef3f2b8 bf72fe0c 3f6033cf 3f62b7d3 bf73c841 3f3973aa bf327ba4 3f287f91 bf738a22 3f48e5ba bf6571e8 bf142374 3e9e72c0 bea222ab 3f015d75 bf74100c be9f5e7f 3e20c47b bf51e3a9 3ed696b3 3c1342ec 3e4ba518 3f0b7562 bea826ce bf1f938b bede3aae 3eb46abc be2cc4b6 3d34937b 3f3cb5b4 bea5f661 beaad2b1 3f32cbb3 bf5427d0 be3b34a5 be238cf8 bd098f0e 3f56b5ab bf608feb 3cf821fc becf4ab6 bf174985 3d9357de bf36af9b 3f19a783 beb886b7 3f538fe0 bec626b2 3f1bf982 bf0a9d82 3f1b6f8b bd6790ac 3ed1eade bee646da be8d36a0 beeabadf 3ed25aa9 3e65dc80 3e8dfa86 bf7b5428 3ecdce88 bf23e782 3f26118f bf1ac3b2 3f7e8a8a 3ed006cb bf0d3387 3e93ca56 3f4a23ae bf72d610 3f257d7a bf598fc1 3e777cfb bf6bda0a bef1d6b9 3f58cfe3 bf302db2 be10c422 3f0b6f76 bf7b6837 3efd6b3b 3f35bba5 bf7e7491 3f6165fb 3e4e7473 3ea03e9e bf5111ba 3f5b91cd becd0303 3ea5ca3a bdb7b948 bf206b79 be035484 3ea87e30 bf1d056f bebffa6f bf406ba0 3f12619a befb12eb 3f17df7f 3f3527a9 bf5f7de2 3e80fa69 3f4a41e4 beb78e98 3e90ce5c bed3a257 bdbdd888 bf3e45c0 3f38d3c9 beffdeed 3ae17f7a 3f03a95b be7b047d bd5bf204 be9d0a92 3dc52957 3e15b490 3d612f3e 3ee04f03 bf66e5de 3c44c05a bf021f68 3f5043b5 3e894a0d bdb6c92f 3e8d6667 be90ce88 3e66a4bf be8f82c2 bdaf2a23 3f0aaf65 bf71b21b 3f27ff93 3e89fe98 bf604dd6 3f76643b bee9f311 3f050169 3f7a6833 bd9c3781 bf2ba79f 3f694a01 bf5041b7 3ea94a9d bec46ec5 be6edc48 3f6bf9e7 bf265399 bcb56122 3f13c57c bde11985 3f769425 bf415db6 3ec392e9 3f12238d be4664e5 bdf2f787 3f5bf3f2 bf6e0df6 3f0fef7c 3e62f405 3e49bd0c bed41690 bf15f189 3f3ae1b9 3dbc0812 be1c4c44 3ece0a77 3ee62a87 bf6671d3 3f61ec07 bf3b65a5 3e8f22aa bea082b8 3f0fdb6d 3ee1d6f5 be9042a5 3e71c492 be8a42a2 be8a6a5e 3dd91911 3f7c3454 bf36158d 3f60f1eb bf4a99de 3e22ec79 3edc9aa1 bda6f8cb 3f63b5f8 bf18db76 bd5dd18f be83f24e 3eec1ab7 bf2b3bb6 3e364cdc be2ce49d bf19617d 3f59efc7 bf7cc86d 3f5e7fc3 bf7c0852 3f564bc0 bf0e8d64 3eb8e2a9 3f12e35a bf20b59a 3f7bd239 bf59cfdc 3e60c4b4 bf3bb797 3ed6b2c9 3d03d1f1 bee4429f 3f22c188 bf76501e 3f20e796 bf117b93 3f0eef84 3f5d47eb bf39f9bd bf6619e3 3f3a139d 3ddc1896 bedc6688 bf1f737b 3dee59b6 3e37c50d bf6b7fcf 3f2d8fa3 bf4831ab 3ea5ce51 3f06337e bf0a4979 3f2f85b2 bf74481e be80d64d bf230fac 3f5805d4 3d9048d6 3eb3e685 bf7f605b 3f3ab79a 3daaa7d2 3f4fafe5 bf78e23b 3ee79a82 
bdff9946 3f5d6ff9 bf49bba1 3eff46c8 bf4389ad 3f7ce858 bf1ce794 3eb55eb2 3e94469c 3e2044ab 3f2ed78d bf6c23db bf41e199 3f63fbf2 bf39239f 3ee61e6a bee84a65 3f7fbca9 bf5795c4 3f791c3f 3f1f997b 3e2d0439 bf49fba4 3eb582ce 3f5a81de 3f0bc98e beac528b 3ee08aae 3d56af7a 3e1d8c90 bf459bcb 3ce41ef8 be4b3d51 3f61c5bf 3ef4cec2 bedf72b5 3ed46ec4 3ea0caa4 bf6953fa 3ec11aa9 3f29ab99 bf0f8b92 3df32965 3ef87702 be86163c bc91dea6 bee4c718 3f05b9ac 3d79b2d1 3eb702a9 3ee25e9a 3f4843a6 bf039764 3ee9f6ca bf0a636c be0d9454 becb02c8 3ea0dad6 bda9e758 beaf46cd bf205789 3e9df672 bcade311 3e97ba97 3f6df7fc bf27c782 bf6605f2 3f6a1e05 beda1b0d 3f4fcbb6 bf4273dc 3f54abdf bf181573 bf07035e bf2cb7ad 3f4877df bf27739d beb4ba94 3e71dcf5 3eed3a97 bf2185a7 3f756016 be33b529 3f7ddc3a bf4d139f 3f67b1fb be052cb6 bf576dd1 3f7445f1 bf5821e9 3db7b948 3ec162a6 bf09f568 bf19998b 3dfba8a5 3f23e179 bf7f3a6a 3ec2a671 be865e7f bda849db 3f7da03b bf4961a0 3f41ef91 3dd749c6 3f25c97c 3f426b9c bf0f715e 3f0e5b9d bf7fe6ac 3f081171 be61c505 3f065d51 bf3719ca beddb6a8 3f31d786 bef1e2dd 3f5c8dd6 be9d3a81 bd2cd224 3d36d26f 3dcb4896 bd8457ec bf1e9db1 3f66d3f7 bf2b7f95 3f32599e bf030770 3e6f8c52 beed72ea 3ea4fe8f 3f5b7fd8 bece7e3f bee3d69e bdf44887 bde2596c bef1aee4 3eb9aec4 3f06ad79 bf0b4b74 3cdda29e 3e0854e7 3e31dcc1 3e46751b bf20dd95 3f2cab84 bf48a7cd 3f3067b5 bf66bfed bed71ee2 bea2baf1 3ef82a9c bd12d354 bf082393 3f42d7a4 3d018ff0 be4d3c72 bedfaabc 3e09b4b2 3f54cdb1 bf5d6ddd 3c654db3 bee3dea7 3d9b4849 3e8f9a7a bf788c13 3f48f5b6 bec93a95 3ea38287 bd66704c bc6b40f5 bc7ccd75 bf724df6 3f71b9e1 3d9ff898 3c7fc45d bf63a5cf 3f2d8593 bf284b94 beaa0698 3f50b7c3 bf54cbd7 3f702ff6 bf55e7d1 3f71b607 bf7ffa96 3d52509c bedc0eea 3f44f1b7 bf7dce6d 3f163f9c bdb60942 beae3262 bf3399b1 3c93e12c 3f5ae1e5 bef4eae9 beb60ead be12f494 be8c96ab be79e3f9 3f299772 3d00ee53 bf563bbf 3f670dee be3aa3f6 3e5b5d99 3e96fe64 bed1b67b 3e19847b 3f18837d be80464d 3e14dc6d beaf3293 be874684 3e5bc465 beeed6fd bedd169e 3eea32e8 3f1bf364 bea1d68e 3dddc78a 3f184d90 bf36efa1 3f6ef810 bf3d1f97 3f638e0a bf24f77f 3d9067c1 bf7bfa35 3f70adef 3f3903a0 bf6adff0 3f0d537d 3dc3b7db 3f3f4bb2 bdf9785b be0c450e 3f6129f6 bf2cad7a 3f21b587 be34c47c bf24c97f 3f4167d0 bf2f3387 3f7a9213 3c3b3c0c 3f65d7fb bf52c9c1 be825a82 bec24ebe 3f4019b3 bdde4936 bf4109bb bf07e375 3ea1dee5 bdc127dc 
3dcab734 bf706ff2 3f0c2561 3e62e4ed bd9e07f7 beaa3673 3e0d44fe bf485dd0 3ea58e90 bf66cfe5 be0dac7e 3f7cee44 bdc0f7bd 3ea13a89 bee36aac 3f20417e be37ace7 bf5ee5c9 3f1f278b bf48a5b7 bf6113e9 bbed86db 3f5afdd9 bf16117b bf3d85b8 bf60f5cb 3f0dd986 bc961ba4 bf30857d 3eaa3ac2 3edf1ab8 3e6dfc96 bd49923a bf3db3d7 3e260447 bf364d8d 3e795d36 bf5b63b9 3f3717c3 be4c7475 bf2c659b 3d864946 3f488dc9 bf6b9800 3f627ff1 bf051591 3f6603e7 bf53b1dc 3e0593ea bed56690 bebba656 bf76ee00 3f688214 bf3e73c9 3f025f62 3f327fcd bf104d94 3f17e1a8 bf36f3c6 3f5ed1d8 3f5d63ec bf717028 3f2a657b bf2a7377 bf60d9cf 3f71020a 3ee15af4 beb592d4 be950261 3e1f452b 3ebadec7 bf5421b1 3f33a7c3 3f20cb94 3ebff292 be85f27c 3ec30699 3eadea2b be8416b6 beb7b6ac 3f153165 bf268397 bd96b87e bed62eea bcd0e187 bf0ee786 3ec382ae 3f416db1 bef76690 3f5485be bf479db9 3ea1b296 3e9b7260 3f2121a1 bec466d2 be1aacd2 3f1e997d 3de85830 bd306f43 3e4954b4 bf748215 3f6751d4 bf6a57e9 be2124cc bf75fe3c 3db7686f bef532e1 3df45992 3f356bc0 bf649bef 3edffefe bf1dcd79 3eac92b7 3f6f55ce bf71a9ec 3efe4b10 bf03d991 3ed8eae2 bd6b10e8 3e993a51 bf0ab582 3e86d66f 3eddeea9 bd703180 beb21eaf 3e69245d be5d248a bdc5799a 3f31b9cf bef6baf8 bed69e7d 3d2150c9 3f345385 be358423 3e5404d8 3f3a77a2 bf4d11c2 beb8f2c9 3f01df63 3ea70a63 bf4e4bc1 3ef1e297 bf3459d4 3e8a866f 3f3ba77a bf7ca64b 3f3709b0 bbe08428 3f000584 3f1d8180 bf0a4b7d bdfaf94f 3f2a79c3 bf1a0b83 beb17276 3f10236a 3f09239b bf3781b7 bd82f84c be9b069a 3f507f9d be6e2c86 3e7774f3 3a8a1b84 3d753028 3b9881b2 be99c239 bed18ed7 3ca22666 3e7365a8 bdbc3928 3efb42bf 3d4f2fe8 bf55a7bf 3f196779 bc54bff1 3eaab265 3df7f81b bdca3836 3e89225c bedffad5 3da3c7d4 3eb3be7a bf28d570 3f1bcd91 3edce2fe beb5ba9e 3de40959 3f152f71 3e83967f bf56bbc5 3f53bfc3 3f4b1bb5 beaf7663 bf24bd75 3e8f1a7c 3eb06ed0 3f1d19b5 bed986af 3f3965b3 bf754a18 3f0eb58c 3dffa99c 3e055c4a bf5a69e2 3f1fa9ad bf447fbc 3f697beb bf242793 be9f72af be900298 3deea8c3 3f7103f7 bf044561 3e079caa 3ec44a82 3f101f7a bef62ec9 bf5a5ddc 3f57c7f2 bf2ff3ae be3674d8 3dfb488b bf2aa576 3f2e1b98 bf23cfa6 3e60bc8f 3f25fbaa 3c56c41f befedee6 bf0949a0 3f3f79ad bf34e785 be3cdd1b be504cb5 bece9aba 3ea6a294 bf33c9cb 3eec22d7 becaf2e0 3e5ed538 bd30f0a2 3e449c0b bf01ef65 3d32f192 bf2917a4 be00bbba bdbac8af 3f750201 3d2feea7 bf037379 bd4290f5 3f4ab5ad 3ef92e95 3e65a4e9 bdd39931 
bd2ef255 3f7c3a58 bed72aa5 bf147f96 3ed2dab1 3e3fdc95 3d7712a1 3f77b21c be4d6cfd 3f3275af 3dfdb996 bf79160e 3edebacf bf44ed9e 3f5a83d2 bf7c5648 3ec4a677 3f4705a2 be9b4ad4 3f3d19b0 3f398f8d be5e4cdf be6e54d0 3e4874bb 3f6e2bed 3f619bf3 bf5903d9 3f12916a be815676 3f00455e bf76e62b bd1a1121 3f002b60 beaaf296 3efbf6d6 3ea6a64c 3ee7f2a3 3ed50ec3 bd5cd14a 3ddb1831 3eac32b4 bd33d114 bde8187f bf5165bd 3f606fd5 bf77fc24 3e3a043e be18ccf5 3f5281dc bed57e84 3f764c27 3ea43250 bf33f59c 3f7a9c2c bf67c9e2 bf04797c 3f6003d6 bf747c27 3f620dd4 bf5609ce bf6c55cf 3f4903e3 beade277 3ee76325 3f032f47 beea9ec3 bf33879a 3f450fc7 bdba0986 be8b81f7 be9ada99 3f226d9b bf2ba5a0 bea49295 bf019b59 bda127c8 be033c63 be91aea2 3f199b89 bf0bef6c 3f02db6f befde70c 3f38efa3 bd0770bf 3f073771 3e743542 bf2a7d99 bf011b88 bdf6d862 bec3e6a9 3f5697cc bf255591 bd8d4879 bf4ca9ec 3f5cfbdd bf374fb2 3e5454e9 bf709c11 3f0dcf6c bec546b4 3f606ddb bf47b9e9 3f54d1b0 3e8bfa54 3f6d53fc beaf7eab 3f2d278f bddac941 becf4685 3f19b38b bd97e9ff 3ee66ecf be221510 bf5b2def 3f343199 bf1a336e 3f0cb596 bf6eb5e6 3ea506e6 bef99a9a 3f39edcc be1f9476 bf5825be 3e5234d8 bd05d07f 3f19b17f bf2dd18e 3f51c9a3 bf794844 3e4aec35 3f12476f bf103377 3ed476bc bf5df3cb 3eb2cab8 bf0c7b7b 3eaf5693 3f3e2398 bf79a432 3e896207 3e895698 bd15f0e4 3f333590 bef3b314 bf01436d 3f6bb9ea bf5933cd 3f02e783 bf657400 be76f4c8 3e4db4b9 bde5a983 3e51b43e bed9a6c2 3f5785ca bf16a16d bf3c3587 3f6597f3 3de6e995 3cbce31a 3e88961f bf612bf3 3f2283a0 bf23d572 3ebdf6d0 3da2599b 3e2574c2 3f5689c1 3dc02866 bf6991f6 3f3153aa bf18e785 3e053496 bdd8e70f 3ed63ed3 be6864ed bf5849d4 3f409580 bf03b185 3e026398 3edb8a9f bf2dbfbc 3f283793 bf18a964 3ed44ae5 bf6c75f7 3f682c0a bf42afdf bf328da7 3e061c30 3e89c27e bee50309 bf4979b3 3f2b378f be704540 3f5869dc bf6b79ea bf278781 3ee2e2be bd9d085e bd25ae89 bdb03910 bea4f67a 3e64ccb3 bdb2a944 3f2925a9 bf48ebd0 3ec6669d bdefd8d0 3f00955f 3f4addb5 bf4ef5ab bf4addc5 3f4e9db4 be9e2ab0 bef5c332 3b590e41 be36a47b 3f7e0461 bf17c17b 3f16658f be479cd9 3f27f987 3edcf6e4 bf7a8617 3f6e17f8 beecbe5f bed07ac6 bd91c919 3f6db7f2 bf0bfb96 3edbbe96 be0b7d2e 3f169995 be5b5cc4 3f1fd58d bf1945a8 3f7a5217 bf54d7e5 3efaeadf 3e0a2cc0 be779540 3ddf1790 3ef23ab3 be75dd73 3f729e20 bf103779 3f244f93 bf753ffb be89567e 3f51fbca bee9770a be3484a1 bf4b5daa bea4ce72 3e0c4c5d 
bf481dcd be938e61 bdab9880 3f5a73cf bf20e77d 3dfea8f5 bf392d9d be847e33 bf6afdef 3edf2f00 bf244dac 3f6585f7 be36b449 3ed1aeb9 bf1c2986 3f715e09 bf29d587 be24ec82 bec022c2 bf48299a 3d900810 beb9ba4d 3ece068b bf083f8c bf661dc8 3dc3d895 bf31b994 3f5aeba7 bf335fb4 3eed92ef 3e06dc87 3ed47eea bf2f259b 3f30df98 bf122165 be4d5492 bf1cbb6e bf31f78c 3e3adc8d bf446194 3f779039 bf7edc5d 3f3c8f99 3f2fdfa5 bf07ad81 3e701d27 3f67abf0 bf4d99ad be09a4c0 3d57b188 bf748e01 3f112581 be9c5679 beb2d6c8 3f4cdbcd 3e5b751d bf2b27b1 3f4c2fdd bf2edfbd 3f300da8 3f053b54 3cc0a08a bf184581 3ebd629c bf298193 3f07ed84 3e910685 bf6ef7e2 3f6a93f8 bee8370e 3f6661d0 bf5369c5 3f7dfa6b bef21298 3f781629 3d8ef7b1 3eddbe82 bf7da83a 3f6e9202 bf5383dc 3f372bcd bee212e3 3e930232 bf6455be bd79d177 bdb1b8a3 3f1ccd86 3f3b978a 3e0ddc16 bdaa98ae be1d53d4 3d884986 3f0c7d7b 3eb13a9c bf107778 3f15ff5a 3d98b7bc 3f09e367 3cb7dc0a bea4ca78 bdbc1818 bc889ceb bdf80880 bf75da34 3e5c9c9f bf68f1de 3f277f97 bf6655f3 3ed336a2 bebeeeb1 3e395c56 bf780411 3f6173cb bec09a52 3f60d5b9 bf1df58b 3f3e4bcb bcdde238 3f5855bd bf23bf84 be052474 3e111c0e 3f139188 3efe5a9c bf0aad8c bee35ace 3ee42712 be16f4dc bc81ded8 3f4eb7ac bf59bff0 3f32ddc8 bf4d2db4 3f74d224 3e03eca8 bf2dcf7b 3f4b6fdf bf66e1fc 3f0c4d97 3e33ec76 befbef38 be154d21 bf02938d 3f4333a4 bf3991cb 3f2ecd8c bf1ac59a 3eb646a6 3ebce696 3e92b28c bdda780d 3efb170a bf6897f3 3f6259c7 bf2fe1ab 3e53acb8 3f5325d3 bf554db7 3da4690b bf1fef8c 3eceee88 beae6a8b 3f6fc5f6 bf73c026 3f63d5f8 bf6d93d4 bd20f102 bf585bb2 bdeb278a 3f6ac7f4 be57449a bef6f72e 3f291185 3e3684d2 bf77d044 3f4c3fd7 3eb526ec bf24a9a8 3f3b63c4 bf72f9f5 3f4509bb bee6a2c8 3e95b277 be60e4ba 3f4d95de bf6495e2 3ef5e2e7 3e9e3e61 3f701022 be659c77 be518d0b 3f67cff0 bf364793 3f3c13cf bec13edc bf6051c7 3f661be2 3f38139f bea5a27e bef27a77 3f2a25a5 3e9c6e35 bf10f99e 3f4415a3 bf4f1bc0 3f20cf83 bf2181a8 3f5819e3 bf5561c0 3d18f11a bf5487b1 3f3343ae 3f5b59b6 bf764404 3ec7326e 3f02e398 bf0ba392 3f23ad87 bf14df6e beeda2fa 3e935253 bd775109 bf55b3d2 beac229e 3f5e93a8 bf055760 bd5172fc 3f1d7561 be48c4d7 bf3ecfc8 3f3cadb8 bf37e792 3e992e72 3d005149 bf3e97b6 3f3b2d8b beae4289 bedd46bf 3f2f039f bee15294 bef622fc 3ef4b2f3 be9a7225 beb352b9 3de29744 bf38558a 3f257593 bf202598 3f5829e0 be8a8a9f 3e589454 bed46ad5 3f006982 3f4efbc6 be937a6e 3f2f0999 
3f28076d 3eefbad5 bf1c7d75 3f032579 bf4391b0 3f5fdbe3 3e15c4b5 3f2ae570 3f386f80 bec57ea1 3ee90a9e bf122d8f be2c5464 3e161c3e be2ef42a 3e0e4cc7 be7894e5 3eabfa54 3f5323bc bceaa162 3f572fde bf6663bd 3f24d35d 3f079f6a 3eab06b2 bd94b853 3f776c03 bf7a4626 3f224fad bf3bc3b1 3ecfae9c bf6329e5 3f6f8a07 bf68e1e6 3f4119ca be905ed1 3f6af5fd 3f1cab91 3ed312b3 3dc8c933 bf3f0fbb 3f322f95 bf0d7389 bf5c35e0 3f1c3794 be809a1a bf6b720d 3f27a37f 3ddb578e 3e335483 3efc76d4 bf180990 3efd2f18 3e44fcb2 bf5d59d9 3e5b0440 3e879eb7 bf297d99 3f4505da bf40ab97 bea05e80 3ea1c6d3 bec8bab0 3f2ded9a beef12dc 3d0bf03f 3ea52e8b 3dce69f7 becb469b be1c73e3 be4d243d 3e0544c3 bf4917ce 3f4815ad bf459fb9 bf433ba4 3ed3ea61 3f3c7f8a bf58fbd6 3f2403a0 bea75a79 bef1f69f 3f58f1bd bdf96971 3f7147f7 bf66aff3 be8dba72 bf25a59a befffedb 3f6fe824 bf5961eb 3f172b6d bf71f3f9 3d54d0cf 3e4bad30 bebf6a9b bde458c4 bf42099b 3f1cfb9d bf0a0f8c 3f6fb7fb bf21a9aa 3f3555b5 3e6fb470 3caa9a19 3f2f698e bee8e6b6 3ec6f2a2 3f509397 bf2b1bb6 3e501cbf 3f2f6fa1 bef2a2de 3e4d6cfd bf6cf9fa 3e85927e be9c7a45 bf37d992 be444cbe 3e882a62 3eefeae8 bf33c7aa bd86aa32 bf7a803b 3f3ec389 3f35b1c4 bf3dcf85 3e39a466 bcf42189 bf1d3f97 3eb9f67b bee1cead 3f5693eb bf6245ce be60c500 3f735bf2 bf61ebec 3e54b45a 3ed41ab3 bf6a0418 3f558db5 3ebfbe8c be71e435 3d9118bf 3f33b79a bf72ce14 3f5c77d4 bf0fdd82 bdc968b0 bde808ed beb26a9a 3e000bdf be16546e 3f2a8991 bf6843f8 3f57abbb bf58afd9 3e1facf1 3f3ce391 be2d5c71 3e90dea8 3d2a70f9 bf3be59f 3f4c13b9 bf2603a7 3f0bb17e 3f3d31ab 3e804675 3e5044d4 bf745017 3e65fd26 3f2ad3b7 bf4befd0 3d929947 3f20c99e bf3191ad 3da18883 bdf6e9bb 3ed9e6c4 bea6fee5 3ef38709 bf271772 3f3129ba bf3e11b6 be30ec7e 3f6b93e1 bf145173 bee9feb2 bf5d63ef 3eab5e9c bec9a657 3cbe22f7 3ed2ef06 bf3b0fb0 3ee94b24 3f28c586 bf04d770 bf6ba5ea 3f130b95 3e83126e bf5f4bf9 3e063cbe be7a0cd4 3f1d5976 bf4f97ae 3ef68f07 bdc33827 bdc5075e 3e4dccfe 3f14bb9c be971e36 3e675495 bf60ebf6 3f0fb980 3d8e6895 bf30539d 3f4c4fa0 bf2ab1a6 3e786d22 3f520fa6 be98c699 bdbe78b6 3f64bdef bccb235e bd9718f3 bee9c311 3f6d1ddd bf7a0a2c 3f2b25c4 bd3d72b4 3e50745f beb8dad1 3ee2f2b2 bf435b92 3f78e430 bf77a22b 3de2b8f6 3f2ef9a4 bf63abec 3f5239da 3df689bf bc7bc2e7 bcabdef9 3dfce74d 3f5467df bf473dc6 3f2cf56b bf1fb78f 3e92aa3a bdbfd85d bed6baeb 3f2f759a bf07e575 bf4c8dd7 3f4613af bf57cde3 
bebd6eba 3dabd897 3de12896 befd5efc 3f27d580 bf028f86 be9bce28 bf640bef 3cb9ddf2 becf8aab 3dc5985d 3eeea6f2 be952a77 3f09b395 bea5ae91 bea16e7b 3f5685ea bf5585d2 be82527b be7ca4c6 bf308196 3f780a41 bf1f2180 bf60e5ca 3e344d1e 3ba482d8 bf5fe3bd 3f0f9d7d 3e049424 be66fcad 3f0f577d 3dab2843 bd1af036 be036c8c 3de8d9f2 bdb3480e befaf6c0 bf49c1bc bf5325ec 3f36d18a 3deaf7f2 bce6e1c4 3e82fe6b 3f778a0b bf42e3b0 3edc9eb1 3f28019b be8592af bb9d7ea0 bf3981a9 3f2e8396 bf137376 3edf92c3 bf1e8976 3f7c503d bf062381 3eb40e92 3dac990d bee986b3 3f1e2da6 bcfcdec7 be6984b4 3f28fdbf bf3d99cf 3f3385a9 bf3519b8 3e1bec8b beb89e62 3f2a13af 3e683d60 be9c92c8 3eb2e65d 3f2c518d bf7b603a 3f33e3ae 3f3833b7 bf2f95b8 befb1ee1 3f0f2b7a bf00a588 3f0a3154 3e0ecbd6 beb03adf bf3995bb 3d33531b 3ede92c1 3f233590 3eeba6cc 3dd07838 be825e4f be6de52a 3f595bb8 be8eb69d 3f19ef70 bf082171 3f25399e be5f747a 3f76be16 bf742c0b 3f461bab bf617dd4 3e86f65f be9b1e86 be8e7eb2 3e98e6ac bf57afe2 3f4a0da1 bf4463b3 bf3dfb8a 3edccacc 3e7c0c8c bf16a36a 3d73b23d 3e106bcf 3f3f2ba9 3d491171 3e1adc54 3f3bcba5 3e81064d bf3507b1 3e940eab 3e553496 3e83b664 3f75a00c bf56a7b1 bf3bc1b2 3f5429ce bed226db 3f5145a3 bf257f9e 3f5691d9 be996e58 be3edcdd 3dfa993d 3f0d5579 bf490fc4 3ed342df 3f1c0d96 bf74e017 3f75d20c bf2671a1 bedc92bc 3ee636dd bf38bbb2 beaeae9b 3ea55ad2 3d2b4ffb bc33c078 3cefe37b 3eafce8d beb3aada 3f57c1b4 bf37d3b3 3c6cc113 3e872a3e bf0d3d6a 3f76d20b bf43b9a3 3e4fe53e bf160d7c 3e68f475 be0c3cf9 3e11c4b0 3c4d45f7 bc99e46f beb1faa2 bf11a37d bf013f8c 3f16ed6d 3e83268b 3d4d918b bf376599 3f5155e7 bf2ecfa8 3e999687 bcfca09d 3e6ced12 3c60bbb7 bf0cb991 3f1d738f bf3eddb0 3f0edb68 bebb52ab 3f07f770 bb51180e bf0aa588 3d2510c6 3f72220c 3e7404aa 3f321589 bf2b8392 3ea65273 bef7b296 3f19a98d beb042b7 bf20619d 3f3dafb8 3e23cc64 be9f6ee8 3ee9e6bf be0a34b5 3f5d15b8 bf33cfaa 3ed272c0 becf1eb3 3f57b1c6 bf76a22f 3f286592 bf6dc7f6 3ed3c29a bd567118 be70b4a6 3f4375b8 bf6abffb 3f5c0bcd bf463fc0 3f34b58e bf5af9ad 3f468da4 bf7d6c5c bde62946 3e4cccaa beb242a0 bdadf720 be42aca5 3ef242d7 bf5085a1 3f22ef85 bf12199d 3dd0f91a be8d9e7b 3f3cd7ab bf267fa2 3f5cddcb bf076d77 3f774416 bed412ca 3eb10eed bf28a9b0 3eb87f04 bf40b1a0 3e8a0e6f 3c80a12d bd69d192 bf732e31 3f490bcc bde7a970 be09f493 3d60d17d 3e291caf bd915849 3c829980 bd78ee5a 3f4c91ce bf4cedb7 3eb6129c 
bc7c4388 bf74de1c 3f5931ba be23f462 3df578ec bed5b65f 3f6eede6 3e7c54cc 3ed4e2ae be486524 3efde2b5 bf512399 3f2a1593 bf7fa282 3f3d939e 3da7a923 bf198977 3eceaec5 3ea59e89 3db2ea0a 3f2acd9c bf6f09f2 3f5bafd2 3d9ec823 3f1b0389 bf1be79f 3f77ee3c befcf6a0 bd6e2fb9 3e775d63 bf089974 bedd02b9 3eb1a6eb 3e12a4fa be1c040f bd001082 3ee9c6ed 3f03f171 3f690c10 bf3f2fad bea1ca30 3e8ea631 bf668009 be757467 3e9fa6eb be2fad0c bf0eaf4e be74d4ff 3e85e658 3eb44ed8 becbbae9 3e1c7524 3ed42ad7 bf5c7bf3 3f3fc3b2 bf4e8de5 bcf69e9f 3eef1b20 bf32f79e 3f63c9df bf76e825 3f4bfba6 bf3de3a1 3bdc87c9 3eac5ec7 3ec99afa be6b8d32 3e4bfc84 bf109f6f be8fce27 3f0f556a bee066d8 bf247979 3f6f7222 bf25c580 bdb898ad 3f00dd6d 3c0f3911 3f093b50 bf5789af 3f220b7c bf7d3e63 3f461fa9 3f41e3c7 be964e56 bf1c3d96 be80c654 bf29cf95 3dbff89d 3ef2dad5 be4924c3 bea5be63 bed0e289 3d579055 3ed74295 bf7e3e73 3f1f519f bf2543a4 3e527cae 3ebdc292 beefbad7 3f798a23 bf1af96b 3f28c7a5 bf4a63d8 3f7c0036 bf77fa29 3f5e4fdd 3f7eec65 bf5019b7 3e762d15 bedb9a66 3f592fe2 bf6bde0c 3d839a50 bf5ad3ba 3ebb069d bf40e1ba bd9ce8ea 3f0de58c becc76bb be76ed00 bd6e909b bf6147cc 3f4f25e4 3ed8ab01 bd9a67dc bf130984 bdd2592d 3ea46e92 bea3e2a3 bf023970 3f1e2996 bb572579 bf4a89c8 3f77a219 bf50bbd6 bd972909 bcec62b9 3eeb7ec7 bf31d5ae 3f4f65c6 be4fe47e 3f21cb9b 3f4e37c0 bf08856a bebe8ea8 3ed4066e bf0c9776 3f575fc6 bf43ffab 3d22527c 3ebe8f26 bede8ace 3f5ddbd8 beed86b1 beba4ea4 3f1e3f73 bed5de9f 3f5b6dd8 bf3857a7 3f004f65 bd59d15f be480466 3e3b14e4 3f08a566 3e4f24a9 3dbf38ee be6fe3e3 bf01a949 3ea3964e 3e2cd43f be195cd1 3f06757b bed6b2fc 3e572482 bf0e2f9f 3f223db4 befa0afc 3f158d76 bed312f3 3f1ffd86 bf17dba2 3dcf7844 3de28905 be411cce 3f3cbdb0 bf6055fa bf57d7bd bdf85904 3e78d49b 3f2b6db1 bf55a9b8 3f2699aa bec452db 3f24ada3 bf4ef3bd 3f0b616c bdaff82a bf5997eb 3f232f90 bf7ee296 3f1a8158 bf2b9786 3f7e064b bf700a08 3e7bccd6 3f2c29ae 3db649ef bf12e970 3f3587be bf76b21a 3f758421 bf134990 3ee4867c bf091b43 3f1fff8d 3d04b176 bdcaca11 3e65ac16 3f474fc5 bddb394b bf238d91 3f36e7c7 bf09976f 3f782212 bf084595 3ea13ec7 3e18c480 3ed8d318 bf2f4fb3 3db21906 bcdb1d41 beaf06e5 beab5e98 bf155b6b 3e812234 beec4edc 3f66f5f1 bd0d31ff be4aa4e1 3f15af72 bf2fb991 3ed9bafb 3f50658f bf734a0b 3ea86e97 3d933767 bcac6386 bdec880a be111c30 3f00e174 bf608bd5 3f34c1a3 befd2f14 3f60a9e6 
3daba81b 3f67d7f5 be066c32 bf66f5da 3f6f2e0d bf1f7d83 3ea4fa55 bf799439 bda0b96a 3f0f198b bf67e9fb 3f236d9f beb44eb0 3f5ce5ba bf372db3 3e420cd6 bc8760ca 3ed1faa5 bf3263d5 3e8aa674 bf230393 3f3b3ba3 bf7ac826 3f21a99a bf308f98 be8036b2 3f14a389 bf56b1c5 3f290193 bf0efb7c 3f2f0fa7 3f01998a bf01636a 3ceb2318 be229501 3e5c6cbd bee1aec4 be619509 bee56e68 3e87cea5 3eecb2d8 bc16bdd5 3f26dd7b 3f011975 bf32079e 3ede32aa 3e65c44b 3f16436d bc8162f8 bf14d16e 3f4261b1 bf4fb9bf 3eaa4ec0 3e76ec9d bebf96a9 3f7b7039 bf12b979 3f08677d beb8d2c5 bdf66967 3e24d4d0 be0f1c31 3f024779 bdf659b1 be8e5639 bf5d47c4 3f4fa7c5 bdadb897 3ecf66db 3e004c41 bf0b9b90 3f06a78e 3dd96785 be21a517 3e21d4e5 bf2155ad 3e99e6ce bf2127a1 bc76c95e 3ef9270e bf04f972 3f7d044f bf5171d8 bf20c39b 3e1eec3a 3f5ab7bf be48243c 3f78040b beb72a7b bf35abb1 3f3da9c6 bea12ecc 3f55a7aa be65c464 bf084f80 3f66b3d9 bdead7cd bf0cd782 3f50c9d6 bf61adc3 3eeb6ac1 bee22ac6 be1b53c0 3d83d732 3f1c757c bf460bbb 3f717411 bf6b401f bf692425 3f0e6d70 3e5bec9f 3d33efc9 3cbb5dfc 3c214027 3ef5dee8 3ef0f6d0 bd9f67e3 3e5e44fa bdf74980 3e804ea8 bebfaafb 3f5f23e2 be9ffa64 3e935a71 3d2ab094 bf4353b6 bdcce955 3f691a09 bca2e478 bf237570 3f186f63 3ef27edf bf38d18a 3ee77efb 3c283d07 389f1eca 3d844893 3f444bcc bef196bc beb07e96 3f6b59ed bf238b97 bd8de7db bf6259e4 bf67f9f6 3f7f2856 be9eea92 3f575bd6 bf4de1bd be8b3a97 3ef6331b be12fcb8 be736581 3ed47b0a bf6eb1dc 3ec036f5 3e0e1cc2 3e75acc5 bf6011ca 3f2e8d98 bf264790 3f3b0dfa bf7b1e62 3f4225a0 bf06f563 bf4073b6 3f133190 bddef8f1 3ee9a2ba becfb6d8 3f4d6fa9 bf5195c1 3c1cc1f5 bdd9f81c bea6428a 3f5bc5b5 bf415fa2 3f734611 bf794e41 3f216995 befbd6ca be15dc28 3ecde319 bef122b3 3ea732b9 3dc1299c bf78102b 3f46a792 3f78981a 3dae6955 bed2ead5 bf2f536d 3f7dfe69 bf35adb5 3da62902 3e91da98 bdbda925 bec1ee95 3e76052d 3f18e787 bd73d12b be26448b 3f721ffa beaa7692 bf408bc8 3f2c7fb7 bd0eafb6 bf3eefa0 bea02674 3f5761db bf443f97 3f5259a3 bf0a5986 bef1daf8 3f6771cb bf0bbb47 3dad48ea bf656df6 3f5657c7 bf21cf88 bf6163f0 3f2081a5 be21f489 3f5fcff3 bf25598f bf65c7d9 3f257f89 be86120d bf11cf70 3d45f21b 3eeabe99 3e1e4c24 bec05e83 3f5615c3 3ea72e8e 3efbb734 3e1fbbd5 be7aad19 be920e5e bf08ab50 3f6637ff bf5bc5e4 3f669fe1 bf5119e2 be4a9507 3f3c97ba bf6c95fd 3f537fbd bf313396 3ed10ac8 3e1a44e5 bf06798c 3f5ea7cd bf52d5bb 3ef94b12 bf79ce2f 
3ce56238 bf32d7a9 be19645e 3ed4369c 3dfd8826 bf1ec595 3f11559a 3e62b469 3e9ff283 bf481b99 3f44cbc3 3e978a65 bf46f999 3e89a25c bf1bc179 3f4555c2 bedc72ed beb8faa8 3f57ebec bf5d0dc1 3f730608 bf350988 3f73b7ef bf5fedf1 3ec71adb 3f3c45c7 bf28fb97 3e1aa490 3f31b59b bf511dbf 3ebb12ae bf6e8414 3f176567 be92c29c 3f1d51c1 be3a2ca8 3d289337 3ee38ad0 bf512bcd 3f5da1c3 bf7db66f 3d901910 bf204993 beb992a1 3e974e73 3e9dee56 bf5059b6 bebb6a57 bc753cc8 be9c7e9f 3f3e77a1 bf0a438c 3ef982f5 be0c4cac bf22519e 3d65902c 3c41425f bf148b99 3f2d778e be44cd07 3e987e97 beedcebd be55ccda 3f03ef64 3e1d44bb 3f3e89cc bf25677e bf13b582 3c3738c8 3d0a4d7a 3ef4fabe bf4a05c0 3f42b196 bf725012 3f73cde9 bd8dc88e 3f3beba2 befcca79 3f306597 bf48c3c3 3f2e499d bf4b75af 3eb586d9 3f70f7fb beef76a1 bde588fc becca6b1 bf38b3ac 3f348ba0 3e634481 be34a46b be9f66c0 3e36e4d7 bf35bb9b 3f7c0646 bf146968 bec7d67b 3f54119d be2bd4aa bef8deb7 3f5a95a8 bf042761 3f0ec386 bce41e14 bf6765e4 3f2f7390 bf42bba0 3f5fcde2 3f14f38c bd859945 bf2861a0 3def99eb bed37ec6 3ed736ed bf48f1ba bd2510c2 be4fa441 3ef5169e be3604cc be94d28c 3e953e37 bf1e2176 3e485c75 3ebe42a6 bf23739e 3f431db5 3e3e5c72 bf368199 be7fc4b3 3f6b55e2 bf4c83c2 be462c63 3f17118a bf6e7433 3f370b9b bf1d6193 3e1ebbe6 bf760623 3f62c5d4 be6a9c18 becf7671 be1d947e 3f4c55d6 3f5003c2 3f4aadb0 bf5ab5bb 3d632e6b bf5bb1f5 3f4a4ddc 3f4c3db1 bf69c9ec 3f2e95c3 be486ca8 3df679d5 bc809d87 3f6599bb bf7b802b bd987904 3f7b5644 bf5fa3f0 3f66fdf3 bf73c403 3f725dd7 befbdea2 3f31afb5 3ef03aee bf161783 bf3f0dae 3ede22c9 3dff29d3 bf45d1ce 3f24438a 3e5f4c81 3ecd06a2 bef05315 3e88b2ae bee40e8e be901a5a 3f39c19a bf461dd2 3f681401 bf05c57b 3f1cbb8d be58fcc9 bdb1c7e6 3c872041 3f5b1bdf bf246766 bf2c0b8b becfba8c 3f3dfbb3 3db84864 be523c3e bd067183 3ebcbaeb bf3bc7b5 3f05b55a 3e2eec9a bda0a803 bf362d8a 3edce692 bea28674 bf4db7c4 3e87a620 3f3c5da9 be163514 be7014c5 3f0c17a2 3ef79f00 be904a98 be3ab4d1 3e178459 bdfc195c 3f22cf94 bf2b01bd be0993d9 3f5bf5f2 3e2e848b bee5d6e8 3f73de1b bd9cc868 3ed376d1 bf0ed782 bf741426 3f3f3fcd 3f70fbdc bec822a0 3db70856 3f296b81 beb54ed8 bdada76a be350ca6 3e68dca2 bf5071c5 beb106c8 bf212b6c 3e1e2c66 bd8e884d 3f7a324a bf3ccba9 3ebde71d bf1b8596 3e657483 3ed3a2a8 bee7668f 3eb88e7c 3ed6aada bf669de4 3f7cd447 bf2acdab 3e338c70 bdb617ba be69ed3e 3e9276b6 bd91a8c6 3f15856b 
3e31acd1 3d64aebc 3f244b9e be2c7c9f bed406a1 3f6a6a01 bf4695be be599c94 3ebe3258 3e5fecdf bf31e59e bcb12073 bd752f2e 3f2ce184 3e4ac4eb bef3f28c 3ebf2a72 bcfddfe7 bef3dec8 3f4b9bb6 bf016783 bdec797a bd312ff2 3e614c84 3e97563f bf77e831 3edd129b bdaf78bd be7954b8 3cca229c 3f01c16f bec8a294 3f3fff9e bea95abd bf28778e 3e30048e bea0a695 3f05cf7c 3f00776f bed2deb8 3f027563 3e7b1536 3e3384db 3f656ff3 bf4de9cf bd0bcecf 3f324f93 3e3f7c85 3f04597e 3e02dc67 bf60f7f1 3f4365a9 bf74fc11 3f0ed17d 3f1caf88 be1e7486 3dbe88df 3e5d756f 3e13a49f bf5cd3e7 3f34098e 3bbd756d 3e7ac551 bf699de4 be3c4541 be9f8aab 3f020f99 3f2fc5b4 3ded68c1 beca32c3 bebd82b4 3f79be1b bf6d79f2 3ef652de be719496 bedcd6e1 bf64cfe6 3f6c4dd8 bf61f7c1 3f69e9f7 bf7e0e5c 3f6937f4 bef18ec8 bde758f2 bf5f87ec 3f53abbc bd0e4e4a 3f7c164a bf55f9c5 bef46a9a 3f42cba8 bf0abb52 3e9fdea3 3e205c50 be1e7cc3 bef05ab8 3f7d8460 bf5ebbb5 be44acaf 3f510dc1 bf08158b be75e4dd 3eb89656 bf2a55ac 3f701e15 3dd8896c be850a65 be856e8d beea16ed bb8475f6 3e58d496 3f7a564d bf5cc9ce 3f2a616d bb8e75a2 3f0f03a1 bf2d0db0 bddf6907 3dcac8de bd1cf0d4 3f04bb3f bf00a163 3ec1c68f bf6f5207 3f7e5c7c bf4bc5c8 3e830e98 be33849e 3f4f7dd3 bf45e1c0 3ec582b3 3dac1711 be2154db 3f4df7bd bf27399b 3ed686d9 3e825a3e 3f155192 bf4263a9 3eb15297 3ea3f66c 3e96da6f bf71020f bf59e3dc befd070d 3f050d78 3e826649 3f5535c8 bf5cdfd4 bf43d1a1 3ef28f08 be1e2cd4 bf057763 3f16cfad be990667 bf5485ca 3f39c394 3ec96a90 bf7e7e5d 3f246f93 bf52a7d1 3f4bbbac bf0a076f 3da61976 bf70de09 3cdbe1c5 3f3753b4 3f3377af be97ca8d bedca2aa 3f5e79d4 bf14258c bd7b9086 bf5e1feb 3f68d5ef bf19378d 3f793625 be6b1db1 bda76915 3d9627e2 bd3871a1 be95b2a1 be68acbd bd47b1e9 3f05d97f bf7a044c 3e85fa71 be52fc3d 3f4bc3a9 3e369d1e be7edc7a 3da41868 bf162373 3f58e1c7 bf056d82 3e8d6eac 3e3414b6 bf671bd9 3f5171d3 be9ace4f 3e17a43f 3ed52e87 3f12819a be018c8b bf0e496d bf02bf7f 3ef0069a be5c7c83 bf5d6faf 3db8d856 3eb9eab7 be85ce93 3c93625b 3d65b12f 3da6a83f 3e80fe84 bf27eb89 bda42831 be711cce bead6e7c 3d8d792a bf2a2bbb 3f4671c1 3f61c9cd bf39c5c5 beab06b8 bf4ec3e5 3f3cf7cf bf66eff0 3f46cfdc bf2c05ae 3ecd0e5d bdb079be 3f46f5d1 3e668477 3f167da1 be0ef3e2 be7c6cc6 bef94ebe 3f151b9c be5f946f 3f665fd8 bf785a2b 3f38f3da be5e74e2 bf159d7e 3d1acf22 3f06a56d bf356dae 3ea5faac 3e36eca2 be738515 3f63cbe5 bf6805d1 3f13b3a1 bf12bb66 
3eb80e92 3cfd5ffc bf0a6179 be344d06 3e06e4cc bf1cc78b 3f7bb034 bd9e7739 bf6de402 3f67f9d7 bec2d2d0 3f6755e0 bee6d2a6 bec632f6 bebf8ead 3e084507 bdb498a8 3efc7ef1 bc5c40b3 bed0f254 be535c5c 3f70a3e5 bf1acd82 bd734f74 3b6f07eb 3e3cf3e5 3e8e9638 3e39f492 bf105196 3ef1c6b1 be0be52b bc9f9f0a bf12d779 3e872e5d 3eb3e286 3f3fa5a0 bef07eec bef5a288 bf1ea38b 3e22a4ba bf08636d 3ea406b6 bf0d6b90 bf427fbf 3f7c324d bec40e59 be7c3ce1 be5ccc2b bf6d6dfb 3f22db94 becb0eac 3f5403c9 be28c4a6 be63ecba becc0ee0 bebc5e6f 3f0e71a8 bf06d56f bdd4897f 3f2c5798 bf0eed73 beb68ee2 3ecb4684 3f501195 3e839a65 3de00a3f bf51939e bdbcd913 bf3d97cf 3f7611f4 bbab903c bf6353f5 3f29b7ac 3f0d3f62 bf6601f3 3f6667d5 3f65d5e3 bf7a7c44 3f37a19e bf3971cb 3f61b7ef bea17a89 bf05f169 3f5181e3 3f1e7fb5 be4e1517 becacaa1 bf59a1e2 3f633fe9 3e070ce1 bbc88dd5 be7c34b2 3f36fb98 bf52dbc1 3ef04ee8 3e832247 bf1cc18d 3f0e2b8f 3d951798 bf20ad9e 3ef17ac4 be914a87 3ee9df20 bd454fd2 be9f9e9f bf038556 3ebb6af9 3f3881a5 bf42e5b6 3f7b8e3d bf4189c6 bf4121a1 3f584fd3 be8c3a9d bf66f3e0 3ed61a8e 3f26b193 be0a9c7a 3ec5ee67 bf0bd194 3e019427 3d4c5042 3f354d85 bebafac9 3ecb5ebb bf3653c7 3f6217da bf339fd7 3e31cc61 bf0c2376 3f3cd990 bea392a7 bd88f759 bf5e41ae 3f7f629e bf5c51c1 3e3924b6 bf5aa3ce 3f5a87e5 be89ae5a bf3817ac 3ebd02a7 3ec96eae 3f5c9bd1 3ed65ac5 bf044989 bde8f852 bf7b0a23 3f59a5c3 3f54f3ac bf0a1392 3f1c5383 be42cd07 3d1af11d be6a2456 3f7b983c bf05537b beec4aad 3f3ce7a8 be3fed04 3f068ba0 be64cc95 be6bd488 3f076f7d 3f6b45d8 bedecab5 bf3237ad bef926ae 3e25fcc1 3df0b858 3d3671b6 bebb3a73 3f01b17e 3ee9dadd 3d814886 bf6ecdef 3ecbae98 bf698a10 3f7a142c bf722a0a 3f31c9a1 be580d59 3f5ef9e0 bf791419 3f5725d0 be5194d4 3f44999e bf6f9fec 3f02a971 bf15777b bf224f91 3f5639d8 bdd5b822 bea676be 3dbb78af bde7185b 3ebbaee0 bec2266d 3f453bbe bf20898a 3ecdf2da bf6bc5db be5b8c9c bd83f86d 3f1b7b83 3f084d65 be79b4a2 3e0f8cef 3f12cf87 3f311186 bf6dda0b 3f5811b3 bf211f9a bc939f15 bea19299 3f2113a8 bf393dab 3f4825c2 3f3e6392 bf50ddde 3f6835eb be110433 be859a76 bf13bd60 be10a4e0 3f46539d 3f13f372 bd1fb0cf bee3faac 3ee172da 3d444f93 3e9e9e5d becdcaae bf4fafcc 3e34d564 beed92ea be0f24bf 3f539fd3 bef29e8e 3e45a4c0 bf28337c bcc962b1 3e40d461 bf116177 3ea9328b 3f5f7bd3 bf018760 be3114e6 3f2b11a2 bf241f95 3f24b7a0 bf6b4c24 3d35b183 be808e3c 3ef0ea76 bf235d82 
3f488bba bf6081fe 3eeb4ad5 3eec5a9d 3edef691 be0e4ca1 bf60c9cd 3ef5d6e9 3f22ad9a bf7e7a42 3ec4aec9 bf5265ac 3effcee2 3e8c4e87 3e06fcd9 3f3ef195 bf5245c5 be892e5f bece76b4 3f7cf44e bea01e44 bec6fae1 3da1981e 3f32918c bf783009 3f58b1c7 bf674bfb bd902873 3f44a592 bea61e8b bf22ef8e 3f480b8a bca9213b 3e8a3e60 bf2e1b8a bf18dd92 3e8ca20d 3f56d3cb 3ea0d295 3f147772 be645c76 3e293c54 3d4a7088 3f3747c9 beec42ea be9a0285 3f688dea bedacaa3 3f78fc2e be836a73 3e00348c bf669bd5 3eacda8c 3e9c2a4f 3cdc5e35 3f3dd1a6 bf7c723d 3f3d13a5 bea272d9 3eb6a29d bebdfaae 3f71a5f6 bf585dd9 bf666bfe bd8d27bb 3d5a51d3 3f27aba0 3e32fd2f 3f19f974 bf7b5e3d 3eaf8e68 3f474dd2 bf4741c6 bf13b779 3f4c97ea bed9cad3 bf5bf3ce 3ea44e7e 3e8fc66e bdf7687f bf184381 3eb3b6a3 3eb72655 bf3d2db4 bf075b6c bee75ad7 3f76b43e 3e6f0547 3d82b773 bf74b5f8 3edd82d7 bebc1272 3dad5896 bef00b03 3f4eddeb bf7b5600 3f6dc210 bf6e95f6 3f6bfdfd beb37a84 3e0d5c64 3ece1a95 bf3ee991 3d4b909b 3f05fd5e bcbca465 bd821827 bf371bc0 3f72381c bf69d7e2 3f541791 3ed73eeb bf765217 3ef3ff25 3f7d8269 bf3175b1 bf5db9d6 3eb6b29e bf14e986 3f28519e bdf3e961 bf5d65f8 3e2ce487 bf07a171 3f0df167 3ab2089e befe7ecb 3f61d1cc beff76b3 3f747623 bf75ca14 bcaa6180 3f4865bb 3c7238aa bcff5f5e bea76a99 3f76e215 be7d9d1b bc53c5bf be455c5d 3f7a0a3f bf25f980 bea4e696 bde0a993 bf5f4fd8 3f178773 3eabd69d 3e7ddc75 bd904723 bf62b1cb 3db6b892 be248c4f 3c911faa 3e494c9c bd8227d3 bf0289a1 3e80de39 3c3a4524 3ddaa78c bf2cb589 3c51c2a3 bec6aa83 3f2483a9 bf378fcf bf550bc6 3f3c3f9a 3e92fa54 3f16bd82 be819e79 3eb2626f bf5785cf 3f62f3d3 be95228f bf5dadcb 3e9506af 3f172d88 3e9c42b3 3d8bd794 be5f84ec 3f0a4182 beadf292 be80023a bdbbc832 3e8cf231 bed3ee85 beb6a6a9 3da267d7 3e593ca4 be8e526c 3f10759d 3f65a9d1 bf5805d2 3e934a85 be29d482 3f09156f bf2cc394 3e9e8ab4 be3d4c4b bec5ea7d bdc8d828 3ef10eb5 3e27e4de 3f351d8b be4984a5 bf32e58b 3e29ccc3 bf6175ce 3f1c5f71 bf7d126d bf13a17b 3f32f7c5 bf43bdc6 3f381b86 3f031559 bece5297 3da4a99a 3f0c7f91 bf3309a4 bf3d5bb6 3f393b95 bf2fdb85 3e89b668 be6c1535 3f21e1b1 3e97aa36 bf09d780 bf267379 bcc4a475 3f32cf95 bf4275ad 3da90967 bf2c9da7 3f2227a1 3f5ea3d6 bf0ca17e 3e7be589 3ecd0aa7 bf6e7bec 3f1da9a1 3d663089 3ea3b287 bdf197bd 3f5687db bef2a6c3 bc143a93 bf198396 bd92299b 3f095597 bef1665c bcb4652d 3d43903c 3e5bcd31 3f749c19 bef5e2cb 3f039d4c be7ee4a8 
bed496a5 3ee1deb4 3e9e2e93 bf5ac3ba bf4fed9f 3f5193b9 3ee856a0 bf1c5794 3e357467 3e0c1bfc 3f4b5fc0 bf0c8979 3ecfc6a7 bf1f357b 3e04cc26 bf6bec01 3f5285d5 3f40e3c7 3e09dcb3 bf415b97 3e427caf 3ee0f2b4 bed5e264 be3d2c2f 3f5ba1de bf61600e 3f735dfa becf7a91 be390484 3d9998ae 3eb7b2a7 3c9b5c97 bf640003 3e97fa2a 3f1af164 bbad9193 3eb9c65c bf6d840a bf2825a0 be7754ff 3e3de4d4 beeafedc 3f0b9364 bf537bcc 3e9676b9 3eb636f2 bf6359e0 3f1ab185 bf3909be be604c59 3e8aa282 3f594be2 bf714e0d 3f29ef89 bf784c21 3e944e8e 3e5ba47c bad1dc71 bb70f82b bf20a77e 3f285564 bf7e626d 3f64e1f3 3f56cbbc 3e40f494 befa9705 bd1e7092 bf3a9398 3d0ad04c 3f2cfb81 bf5a25ba bd93b906 3ebd9a93 3f10bf61 bee132c6 be14a4c8 3f27458e 3e8e3685 bf6b6602 3f2ee99b 3eeaa2a4 bf6d0809 3f4febe2 be04c497 3f5669b5 3ee7ca94 bf107f5d bf37ed96 3e571ce3 3eb9a660 3f266fa7 bf1cf79b 3f4379b3 be2e64bd 3d9cc8cd bf186f7b 3f759a30 bf751009 3ed13e94 bf2d7da6 3ee05af1 bf4f71c6 3f6645ec be76159d be098453 3b927dc0 3e756483 3d8e99f0 beb5a6bf 3e8a0a4a bf46dda7 3e4c44d5 3f5379b4 bf3683c7 bf5c6dc9 3f76c021 3f071393 3d700f74 3ea64696 bf4a09ad 3f5a9db4 3ed156b2 3ea9f271 bd1bef54 becca2a1 3ead4e92 be484cdc be958a93 beff3317 3e148cb9 3e5bb4c7 3eb23eda bf64aff5 3e424d1b bdf18876 3ee0d6b5 bf271371 be926250 3f614dd4 bf6b95f6 bce8a02a 3e7344df 3e828613 beae9e9e 3f7f486f bed56eb9 bf471fa7 3f619ddd bf77062e 3f54adc2 3f02a155 bf35179d 3f2c01b7 bf7a2244 3f6109f6 bed09a86 3eab2668 3ddf788c beb18e63 3f2d8dbf 3eba8e6b bd95f811 3e13cc9e 3dbfc928 3f1c8397 be99167a bf12a790 3e8abe9d bf792c30 3f5cd1a4 be4b1cc4 bd75d136 beba224c 3f7e2c39 bec55e88 be8fae9d bf4b21d2 3ec83eaf be8642aa bdb297fc be7d4c62 3f5d0dc9 bf688bf3 3f1fc3ab bdb5a8c4 3f3fcbb5 bf6073f1 3f38f1ba be9fa6ae bf6ecff3 3e169cd6 bf22e169 3f676fe7 bf6117cf 3f4da7b4 bf2669bc 3f5ff1d5 beee6ed4 3f6fa1fc beeb62a5 3e44ec8d bf4d49b9 be4cb4bd 3ea746bb be07fbda 3f3d81c0 3e292cee 3db41781 3f5611b6 3e8a1a52 bdee58ca 3dfc9852 bea77a90 bf5b79f7 3f3231a5 bf413599 be4544c7 3f5231d1 becedea4 3f5f3dcf bf2c4767 3e8bae45 3eea0eb8 bf4fa1b3 3bca865c 3d8b9862 3ee8e6c8 3db339b2 beaade87 3ec05eaa 3e75d50d 3f3c19a5 bf6b6209 bef396df 3f38a3c0 bf015d82 3e2954e7 3c493e32 3e264c9e bf6a65ff 3f4e19b1 bf6063e1 bf303f9f 3f4e6fbe 3d97e812 bd6a1286 3f690dd7 bf60efaf 3d83a9d6 3f26f195 be6f54e8 bf088f4b be8c6a44 bf3f73a7 3ed86a9c bf01275e 
3e82be93 be0da41a bf14d995 3f66c3ec 3ee9fee0 be9592ab bf348d89 3f3edfcf bf3915c9 bd4150d0 bf4cafd9 3f55ebc0 bf1a9b7a 3f1db781 be66b519 3f492fe9 bf691bd0 bf239f9d bdc87864 3e676cee 3e663d24 bf1d1b85 3f3f7bc2 be7da51e bf5393d3 3f47dfb7 bf2e9ba1 3f346394 bed752dd 3eb11661 bf13b38e 3e4d4ce3 3f45cdb5 bebfe6eb beac027a 3e181ce6 bef566e1 3f54c5b2 3eec3e75 3ed5dab3 bf13cdb7 3f6e1404 bf6d27e4 3f5809dd bf360390 3f705008 bf6b85ef 3f5bade4 bf04af79 3f687be6 bf2971a8 bee2aecb 3f574fca bf22bda4 3f2bf7b9 3cc2a2d2 bf696dc7 3f3b67c4 bf3347d9 3f758828 bf11e974 3f20a380 bee81ab9 bf78a227 3c975b56 3d2c700a 3f158f99 3e38b4ab be21646d bdac97e7 3f25d76d be3fd535 bdf467e8 be928eab be514c73 3f707e1a bf6f5c05 3e33ac9f 3ed3e299 bf5e43e8 3f025b62 bd5c71a2 bea9b663 bef392c9 bc733e23 bf6457d9 3ebabad6 3f5e8fdb bde5d884 bec42e53 bf2c118e 3f008b6a bf467fd7 3eb8cec4 be768513 3f2e67a3 bf0c4b9b 3ec5c2b3 3e1b2466 3ebc1e8e 3daa97c0 3e631492 beb83ad5 3eda5267 bf2a0f99 3e6564f9 bc6f4887 be516c74 3f06bf72 be83e261 3f7cc473 bf5459bd bf07c76d 3f4a2bb2 3f16c364 bf769e06 be31b476 bf2e55c6 3f08db85 bd8759b7 bf2059ad bef97e8a bf19a57a 3f704228 bf284f95 3f055971 be882687 3f3f05b5 3ee36f0d bde0f8b7 bf4e7fc1 3f71fdf6 bf1e8d83 3f79a629 bf72220b 3ec04283 bd70f129 3eb2764e bf232b87 3f3831ac 3e9f424a bf39c99a 3f333379 bddfc8bc bf3f279a 3f2c4d95 ba91d54f beb8529b 3ec88a81 3e1cfc05 bf731c26 3f6e8004 bf0c19ac 3f5529fc bf3b8b93 3ee26a7a beb2feb1 be987296 3e9c6a7f bed04a60 bf2ee9ac 3ed14efd bf69b3f0 3f3f1fa9 bf63cff5 3f3711c3 bf10f17f 3f3581ae 3da7186e bd28ef7e bec4eacc 3f16b570 be55e4e2 bd4b7121 be6c3ccb 3f02af57 3ec9569b 3e9cb66a bf02cb4c 3f6f47f8 bf1f1195 3e7d54b6 3e3db452 bd98692e bf01a183 bd8da8ff 3f293bb1 bf63e9f8 3f6977ed 3f2361bf bdbc99dd 3eb16ea4 bd9b977f 3e1a056d bf3297c7 3f37859c bf63e5e0 be9c9a74 3e3cfc33 bee2f6b8 3e3f54ed 3f7cb250 bf3bab8a 3f3a55a0 bf0d1f88 bea25678 be8dc22a bec6b288 bf16a587 bf20cf94 3f556db2 bf2fe9c2 3f63abce bd268fb0 3eb2aae7 3f162b79 be407c61 bd67d17c 3e7b9d26 bf7067eb 3f26c16e bebc967a 3d91b8a3 bebdfebd 3f7eb461 bf177170 3eb7ba62 beb7aa9e bde068c0 3e05b402 bf38197e bed31690 3f772233 bda2b8bd bf329d8d 3f75c82c bf5335b9 3f41bbb6 bed77f02 3f09e987 bec896c9 3f5e07e4 3f0fa1b0 bf5c45cf 3cd29e6c bd368ecd bf2bef74 3ec82275 3f0dc580 bf757811 3e60a47a 3f0c6561 3e4c1d20 3f63bffb be9486c0 3f000b64 
3f4315b6 bf54ddc7 3f6ed7ef bf5ec5ec 3e8d9a3b bf2ebf81 3f71fc2b bed0a6e6 3f1ac38a 3f59b3b3 becc36cf 3e3acc56 beb722a4 3f0cd35d bf7e1c5a 3f43d5b6 3e402c95 3f05095f 3d240f53 3eb37ee2 bf089764 3f2ae172 bf7f649a 3f32959d 3efad30e be15cca3 becda6dc 3e5f6467 bee396a3 3ec9a2fd 3ea7e685 bf098b6f bf0c07a5 3f2e5da7 bf28418d 3f44939e bf050163 bd82d8b8 be9ac273 bebfaeee 3ed136cb becefe89 bda358dd 3f16c55e bef1b6b7 bea5aa68 3f44e37f bf32a37c 3ed9c2e5 bea182c8 be098c80 3f55d1c3 bf7d3470 3f018551 becf22aa 3e429ccc 3f260f99 bec8da6c 3e61ec45 3e979a6c bf721612 3f2a03a5 beffa727 3f4309c5 3f53bbb9 bf59b3d5 3d8657ad bef07ac5 3f370db6 bf40f1ad be3854cc 3f101993 bf20d76c 3f257172 3de80879 bf743021 3f4fc78f bf4ab7b3 3f2e9fa4 3e6504db bf42c7b7 3f1c2597 3c89e34d 3f5c2fbb bf073b5e 3f7fd4bb be478c66 bf2e57a0 bdb0e867 3ef506d6 3ebd6aab be42a51f 3f48e9c3 bf51cbca 3eed9ad6 becb82a0 bf0eb17a 3f651bd5 bf70600a be772d42 be412494 3dedb93a bef536e3 3e541ccd 3ead5265 3ef5f6c0 bf77a003 3f6471e2 bf6f0007 3e904ad1 bf45cdc4 3f55fbc4 3df6286b be4aec8c bf4351b8 3f75243e 3dbb3909 3f38b7aa bf5f13c7 3f47a1b9 3e1a5442 3f76d815 bbfc93aa bf2f93a8 3f31dbaa bf305d85 3e065cbc bf14dd72 bf40539d 3efe56da 3f010197 bf6f71e2 3f2d5b77 bf40bdba 3f4aabbe be0c7483 be1cbc6f 3efb3292 be21bccc bf3425b8 3e83726a bdeb382c bf37c9db 3f5af9d4 bf349b8f 3f27359a bf0dcf8b 3f07ad72 be36247d bf040564 3ec53e99 be5a4cec bebd129c 3e682d32 bef5cac8 3f283377 bf08fba1 3f61a7d0 beb0deac 3e3c9cb8 3f2b4174 be610d12 3f5f73d3 bf3c55a5 3eed6f24 be2d949d 3e93d289 bdd318d4 bf001f60 3e347d94 3e405cc8 bee48eef 3e3ff479 bef9868a 3f28fb93 bf2873ae be1fac9b bea0ded4 3e3e1494 bf1ec39b 3ee7d70e bf187777 3da778b4 bdc00a03 3f2313bb bebeb6c7 be32ed33 3e6b4cce bf561bd2 bef246a0 bd169151 3e27ec69 bf5881c8 3f357b9c bc4fc512 3dd008f8 3ed162d6 3f6bc60e bf50b59c 3f61ade0 bf16979a bee0aacf 3f0b9f8e bf58d5ca 3f63c3f2 be412c21 3f2435c1 3e740cf9 3f4fc1cf 3ea556da bf34937e 3c664b63 3d93a7f8 bec68e4c bef85afd bf2ad79f 3ee9d2cb bf4dbbd0 3f01036b bd9b3885 3f2c59a0 bf288b9d 3eb07666 3ec62e91 bf159f64 bf17bb64 3f4bafd4 bf494bce 3f5f75bb be24642e 3f1bd39d 3da0288c bef36adf 3db6d791 3f306f82 bf6b6dfa 3eaf2246 bea19a5f 3d37b241 3e559400 bf21c58e bdfb8941 bf3a57a6 3f75e034 beeff6df 3f6749dd bec84aa6 3ed9a2b5 bf5f81c9 3f4c8dca be84129d bd98f7f9 bf003b57 bf13a976 3df1499f bf6b3807 
bf1add96 3e21a42c 3f082d71 bf58d9d9 3f0a2385 3e39452f bc46c304 bf136377 bf004387 bf40fbcb 3db57904 3f1feb6e bf55fbd0 3f08c169 3e005470 bf08c34c bf70b410 3f5ff5f7 bf5e45cd 3dae58f1 be5f6d3f 3df2b837 3f0ae553 bf0b975e bef22302 3da29905 3ee6469e bd1ed0a7 3ede9f15 befc36eb beaed6bc 3f2295bb 3f3df99c bf6963e4 3f78e62e bf48bfdb 3f52d5cc bee51edf 3eb40699 bec806d0 3ee5beca be81f27f 3ec2aa57 bf4853c5 3f7b0435 bf64a1c9 3f5e29dc bf4a85d5 3ea63e88 bea9aeb1 3f3c55b1 bf70221f 3f0b914b 3eee02d6 bf271b9d 3e418446 bf518bc6 3f3d25bc bf76fa39 3d8cd773 3f15775d becd96da 3f6653f3 bf6307df bf4b23b9 3f196f71 3e6e7c61 be1af448 be60cd57 3f2f416e be92b26b bdcd39ed 3e259c80 be0f0d38 be24bc5a 3e6dc4bc 3f320f84 bf0fab72 3e8f464e bf3ce9b4 3f7c7243 bed60e72 bf169985 be4ef513 3e5bac5f bf36a7a2 3e843666 bd9ac7e3 3f2a5da4 bf7e1e61 3eed529f bef44ee3 beaf628d 3f5bdfd7 bef01b0e 3edb12ab 3f2ebb8e bf7bca49 3f1ca37f 3f69dff4 bf0fcb82 3f13cb5e 3ebe62af be7404ad beb13296 bee316a9 3f745020 bf2ae9a1 3f05ef6c 3eaa063e bea26ea2 3ea77a54 bec38ad8 be12dcd6 3f1f8196 bf0b5f67 bec56ec8 be435d0d 3ee132a0 bf331580 be7e6cb1 bf775639 3f12e167 3db258c5 bebcf6ae 3f55efbe be8d8679 3f5989df 3e10ec61 3d6d9218 bf2767a0 3f7f1a71 bf51bfce 3f4597d4 bf58b7b9 3e043cc8 bc10c370 bf776a11 3f5425d3 3f0abd9e bee9468e 3f76f01c bd4a710f becfdedc 3f1b3d71 beee46eb be092c22 3e97a654 beebc6e1 3f4e3dbb bb35308f 3ebde2e3 be9c12cf 3f29cb8c bf032f85 3ecb7ae3 bed0927a bdf1d8ac be858e42 3e173461 beeb7709 be16bc3b bf19eba2 3f40fdd5 bf24dd99 3ec2ba9f bef0cace be958682 3f661fd5 bf11577d 3f1ce97e bf1d3186 3f77c423 3c0843a8 bf17234b 3f6357e6 bf065d4d 3f4549b5 bee16efe 3f7d0041 bf3557a1 3f79fa23 be95566c 3e09f472 bee03b03 3e93a259 3e047be2 3ecbc2ae 3f29c180 3e4f9485 bd93193a 3dfc78d4 3ec95a9c be1d2d06 be177c90 beb84eaa bf46e9b7 3d81e91f bf21cd97 3f6019da bf638de6 3f7cbc6b bf0dbb7b 3f216f91 bf6b2a0a 3ef742e1 bf4543c8 be857267 bf434386 bd1d108f 3ede0e97 3f0b2f77 bf157955 3eba266f 3f794011 be54acf3 3f6b15f4 beaa1a9b 3f36d38b bf63c1de 3c77c491 bd51d16d 3eab5286 bf6b460b 3f752811 3f15b989 bf7b0bfa 3f79c222 bf0af998 bf42b7a1 3e6fa492 bd997997 be37ec45 3ee4926a bf769231 3f53e1b7 3ee26e94 be4b1456 bf082b77 3f569fc7 be90be53 3f6575f1 bf040d78 3f0f3990 bf71cc05 3e98b277 bf3171ad 3f68d7f9 bf3e379b 3f3901a5 beabea83 3cd665f8 3e2874b0 3f17f17f 3c24c7a0 3f3c11a6 
3f7f7085 bf1f036b bceca210 3e4774aa 3eff6ef5 bf6635db 3df367c3 3f3b25d5 3f1cc788 3f530bae bf0f8166 3e21dca5 3e2e4c7e bd8a4839 be51150f 3f4b05a0 3f5ae7c9 bf786a1b 3ea7aa95 3e503c6b 3f207dad bf65f7e0 3efc832d befea6c2 3f5bbbcc bdedc870 bee272be bdc148f6 bef8eec0 3f17b18b 3e789487 bef5decc bf6377e8 3ed94f07 bdd23856 bef98aac 3e22d47d be155c4f 3efd6ef4 3e9f8e9d beed8ec3 3bab85c8 3f15cd82 bf39e5b2 3eb22686 3e977e6d bf3ab196 3ec2c2cc 3f5955d2 bf5c75c1 3db807a5 3ed5fe5a be6b4d16 bf17ddba 3ecc629d 3f64f9d0 bf45d793 3f6f0bef be1ad4ed 3f33a5cb bf01e384 bdb46828 bf6ab000 3f3921a0 3f7c685b bf4e05a6 3e8e7a40 be5eac4a 3ed08ec0 bf4c85bb 3f7dc64a bf6099d8 3f711436 bf4887c0 3f5929a8 bf4199bd beae4aa0 3e825297 be5add2c 3f0c017b bf5c99c9 3f104779 3dbc6778 3f11e591 bf1ecd88 3f4081b6 be094467 3e1d7c14 beb20eb2 3f7459fe bf7a3423 3f4bb7a0 be15b4b7 bf15336e 3e9a8ad0 bf422bab 3bc38516 3ef832e1 bf13f57a be285c13 bec8768e bd458e5b bf2409b5 3b410136 3f6f961a bf309d9f 3e6fac9d be9bfe71 3e4ff49b bf2e75af 3f450dbe bf727e15 3e542529 3f2ba3a7 beef166c 3e49ac9f 3ecc5afb bdf42844 3decc74d 3db609a8 3f71cc0c 3e905a55 bf29138f 3f03014c bf0d9b9f 3d42922b bf5205d7 3eadc65f bf360995 3e9d1ebc 3daad773 bf1edb72 3f621fde bf6c47fd 3f6b63df be4844b7 3f1afb64 3f27afb7 bf7d2c47 bde24957 bf11838c bdfa98ca bee3b29d 3f48a1d6 bf7fb4a6 3f73a5fd be929e35 3e0f7458 bea7ce75 3dd4f83f bf4019b5 bee24e7c 3f2d91b9 bf3967a2 3ed0f697 be34cc68 bd6490c1 3f4c93dd bf17a970 3f32479b bef31ec5 3f6dfe1d bea15e96 3e578cac be57c491 3e99666f 3da998db 3f2b4796 bf4c7bd0 3e02c452 be85de65 3ea36e85 bf778a5b bc6d429f 3e88ee80 be919aae 3d773238 bdc547e0 bd21b0cb bf684dcb 3edfc6aa bf14cb65 be5e5467 3edcdac9 bea97268 3f18a978 bf79020c bee952c9 bf036d7c bdc75844 3f1b2179 bf7a8444 3f2b1376 bf5a83bc 3ee046d3 3f4d87b1 3ec756c7 3e20b4ff 3ec8a2a2 bf569fca 3f7c2a4f bf35cb9c 3dcda958 bd9c2889 3f2ae9a0 bed05b16 3e9ef2c1 3f79a00b be8d529c 3f1be3b0 bf23b9a6 bf30a77e 3f60060d bf7c302b 3e6cbd58 bf646dde be86e27f befb86ac 3dcbd7d6 3d1b90f7 3f411f8c bf422dc8 3f69b5da bf1ee792 be2cb413 beff12c5 3f3897cb bf613bbf 3f00ab4f 3f4d1fd0 bee1c6f0 3e850255 3cffe27b be9c6ea7 3f478b9c bf35dda8 bf504dca 3f0c4f97 3f0cf563 bf773252 be1de485 3e8e1a98 bf0cc351 3e14d4ae 3efd5ef1 bce71d97 3ebbd2c0 bf37c7a1 3f5d9fd4 bf7c864c 3da728c0 3e9922a2 3e986261 bf47f79d 3e83febd bf6a6bd1 
bedfeee1 3e1eacf1 3eaecaae bf176387 3e74a4de be8a92bd 3f4aedad bf782a1b bf70cbfd be73d533 3e8a4aac bf0ae19f 3ebf1af1 be828e56 bd6cd18c bf02c562 bf3c8da8 3f0e0558 3f2ba1bd bf55cfb6 bd96c889 3ea7ee94 bedc1efc 3f557fb0 bf018f68 befb52d0 3f7b4c21 be90926d 3f6017dc bf5d4fe6 bcd39f7b 3e9b2a89 3f5a65bd 3c896334 bcebe09d 3ece8aa1 3e363484 bea4fe93 bf1fa782 bec7626e 3f33d3c5 bf354da5 3e010c2f 3e9426a4 be6d2ce8 bdf8d86a 3f026760 be7b4ccc bf5e6be3 3f029bae 3ebe3af5 bf5257d2 3edf02d7 3f101379 bf4b05b0 be335473 3da4ba30 bf3a25bf 3e34fd50 bf52bbc7 3e579d02 3ef84af3 3f746817 bf42cfb4 bf1ee375 3e4dbccf 3ea7de99 bf28839e 3f452fb3 bf572bd3 3ecb7278 bed45aa2 3eaeb6bb bf4f51c8 3ecce64f 3ebcb2dd be5d9d43 3f47c589 bf3dc5a4 3f31d3b0 be6dd502 bd8968ff 3df958f1 bf2a0984 3f6b51e4 bf799e25 3e31d4f4 be04247e be668557 bf234598 3f60f7fa be40b50b 3b997d7a 3f084159 be027c71 3f736a0e bf66e002 3f432bbc bf24e593 3f3b11be be219d81 3f6a61ee be24d4c8 3f143760 bf5a9bc4 3efdd301 3e98da90 bf3367a3 3f6b67f0 bf39d9aa 3f1cdf7c 3e28cc47 3edca2c4 bf6381df 3bda8021 bb1b0542 3e88c2a7 bf2e9d99 3f1ad580 bf0b0d81 bf5f07b6 3ebb66bc be28449a 3f06d936 beaea6e7 3f36afa6 3ede42c5 bf12fd72 3f4af3bb bef7cf00 3eb3c26f 3e80265c bf35bfbd 3f259b89 bec592bf becb9a7c bf2915a2 beb33e9a 3f45f3b5 3eb81289 3f2b8592 3df58a00 bda64924 be025cc3 3eb6c683 bf0a295b bdaaa82c 3efb8ed4 bd5e8fee 3e2a6c5f 3eb2329a 3f34e799 be8d2281 bf05f558 3f5465b7 bf2ecdb6 3f087975 bf6547f0 3ed5d2e4 bd928963 bf087d63 3f054569 bf713e27 3f291597 be82e674 be1f64fc bd9b48f4 bf79bc21 3f7e0280 be1e1425 3db96906 3ec6230c 3dc7f8e6 3f3983a6 be79d4d6 bea9b2a6 3f089f86 bf1b238e 3ee052a8 3f679ddb befc9ec8 3f6cd209 bf1c077c 3f46cdb2 bf772c29 3e872286 3f3a61b5 3f68ffe3 3dede927 bc88db60 bf344bb2 3f631dee beff631a 3f52ebe3 beb52ac9 bf654003 becdd6b6 bd40907f be0ed4a5 3f05ff8f bf6baff6 3f2b597d be84caaf 3e2c047e bf6587d6 3f4c29a4 bf0c8b6b bf17318b 3ec9e260 bf2f899b 3f2bfbb2 3f07b566 becfa6a5 3f2e578a bee0f6cc 3f464db3 3f44bb93 bccc9f39 3efac6fd bf5ca5e6 3f178b86 bf3127a7 bd8bf828 3f0ebd62 3f07037d bf129575 3e817288 3efcc2dc bf78163f 3ee8ceac bf39979d 3eb5d69d 3da82788 be082423 bc9024fc 3dc388c3 3f7c984c bf163986 bea7d6a6 3f25ffae 3f169773 bf72ca0c 3f7fd8ab beb4e291 bec3f2b3 bd64716f 3e6ad40f be8eea57 bdc3985f 3f45ed9a 3d0f8f8a be9cbe6c bf179d9a 3ed45b0a 3cfce29c 3ead6676 
bec8b6db 3ec816a0 bef7e2be 3f1e0f8a bf243f96 3f76a9fa bf7c6849 3f3105ad 3f793c4a 3e217541 be4dfca1 3f35fd93 bec5d6d6 3cbe67cc 3f209198 be049465 3f6c1e0f bf5abfa2 be4c4463 b9d80d2e bd2cf1c9 3f2ef7c9 bf144d47 be1e6c2b bee7c2b3 3f52e9e2 bf0ba564 bf3a677c 3eb0fe8e be9cfe9a 3f59f7c7 bf61c3d7 be32141f bf202b89 be6574f5 3ea91e72 bf63efd7 3f6b4fdf 3f5e4bc4 bf0ef7a1 3f4c37d1 bf009f61 3f411bc9 bf4b3bc4 3f3ea596 bf54c7d0 3eb15a7e 3d7c905d 3e94029b 3ea81ab5 bf114162 3ee53290 3debb8df bf34fb7f 3f7f18a6 bef8eac6 3f2fc17b 3ee526be be85e6cd 3f58ab9c 3d8008a1 bf4afdd3 bf30e7d6 3ee3e2d9 3f2b3d89 beacb280 bd18cf31 3e5324ca 3dc4b8d6 3d6390ab 3f07bf7c bef42ec6 3ee7be88 3f1b1199 be6524e3 bf213fa2 3f1bdd7e bf7e2e5a 3f1e797e bf78381e 3f34ff75 beed2ab3 3ee4b6e6 bf0fcd6d 3ce61f83 3f098d57 bdc5f895 3e84fa4f 3f02ed7a 3ed2ead7 bee67aac bf57bde0 3e99828a be97fea4 bf4f4fcf 3f3611c5 bf566fb8 3f412f9c bf1c0b70 3f4c81d1 bf7d865a bd23ee2b bf4a13b8 3ee5dee3 bf07f773 3ee09eec bf4261a6 3f7a1632 bf47afe0 3f247ba0 bf794c25 3d369128 bedd66ce 3f1bad80 3ec2d2a7 bdcfc8ca bec7daaf 3ee1b2fb be875686 3e89868a 3f4bb993 bee93ef6 3ea7a29c bf7eda76 3f200587 bf43e9de bed54ed5 3f77b619 bf7b2236 3f0ea790 beae6248 be4e7cc3 3ef5c6de be9b0e85 3dd2f7bb 3f35bfa8 3f04cd6a 3eaf468b bf47679d bf3a1384 bdb257f7 bf220d83 3f522bc7 beb5ae64 be3ec4d6 3f74e82e bf5623e3 3e813244 bf641bea 3f35ed94 bf2a8d75 bed3b2c3 3d9d47b3 3f08cb7d bdb16985 beff3eb0 3f119583 3e86a280 bf12535b 3f54c7e3 bf038355 3e95ce5c 3ec4b67d bf0e0386 3f01075f bebc7277 3f409dbb 3efc1f0d bf207955 3d87c969 be962694 beb51e84 bc1d3ca6 bf2435af be69f562 3f42ebc7 bec44a86 3e9aaea4 bec2faa6 be8c426a bf47c7af 3f11bb8f bf3121b8 3e3ffc97 3f2eedbc be5c9cc8 bf6c25d5 bf5197a9 3bb2856d 3e22c3ed 3f1a6b6c be89d66b bee72edb bced1dbf bdbd188f 3f48f1db 3f5887b2 bf6a241f 3f4bc5cd bf34139a 3f44b9b2 be14ec7d be7874bc 3f288d81 bd91289b be5fd530 3f1d0975 bf368d98 3f747c14 bf127984 3ea6d63b bf78c252 bbfa7927 3e159ca6 be2cdc98 be7124c1 bf1e698a bf3de992 3f3fabb8 bee036ae 3d72f022 3f2d038c be8c5a36 bec79ab8 bf1d37b0 3f70460b bf2c319d bd457180 3f42b3be bf26b3a5 3f738810 bf31e7c7 3e649492 bef462d2 3eb872b2 be863616 be183c62 bedcb69d 3f3755b1 bf1bf163 bf015998 3f3ffbb8 bf3e179e 3e6a845a 3f080f87 bf0c7d5a 3e5a546d 3e9fbac0 bd00d167 bf62d1f0 3db5088f 3ee1cae1 3cc85e4f 3f5675d1 bf5b7dca 3f14d390 
bf0d9fa2 3ec45a7d be8bce48 3e348ca8 3dcbe8ee bf2cd9bd 3f07216b bebf2eda be9a325f bf583fd0 3ee322f5 bf0fbf7d bda479de 3e3e948d be1f0bd1 bf4da7cf 3f1ccb73 be1aa43d 3e455c30 3f6439f5 becfa26b bebbaa80 3dd198ad 3f2f1978 3e9d8e7c be7b6451 bc463c7c 3f56c1bf 3dec28f8 bf4ac3bf 3f5377a1 bf42939c 3f6cac0a 3f228f77 3dcc6812 3bb472a0 3eaf8ac7 bf7df85e be219503 bec5dab4 3cfaa52e bf0ac77a 3ed526d1 bf5559ec 3f73b5f3 be6f2cd0 3ed566cd bf5fddbc 3f268fc7 bf6da012 3e3f947b 3ed0eeaf bf62dbfb 3f156982 bee66ab7 3d7b9290 bea402bb bf6cfbf7 3f4c4da8 bf7fb883 bdb94959 3f340fb9 3f51f38d bf7ed648 3eb4ce85 bea6be84 3f04438c bef646b6 bee5c6a0 3e942a7b bf450da0 3f39c5ac bf77a62a be4ffd15 be8e9aab 3f3f5da9 bec51afb 3ed976b6 3eb9d665 bbb38be9 3f050b90 bf5853c8 3f344594 3e769c63 3e41f520 bf59f7c1 3f06776b bf58dfae be033495 bf57b5c4 3f374db5 3f6b5ffb 3d1f6e6d 3e9abe70 3f128d9c bf5ef1f9 3f7b3858 bf1b2d5b 3e91e25f bf65b5f5 3f55b1bf 3e233417 3f3533c4 be1114b2 3e918299 3e1023de be42f47c bd86e7b8 bebd0681 3f325fa7 3d7f508d 3f41a3ba becf168b bdc177c4 bd8b07e6 bf298b9c 3f6747f3 bea866ad 3e45e474 bf0f6b92 3ea8de89 bf5669c2 3f4a01b9 3f08ad66 beb14a6c 3efabec5 3e3174f9 bf431bbc 3f4361a7 bf087f77 3f034f73 bf121d87 3f65e5d9 bf70a61f 3e7fc48a bf15d773 bf130d77 be44ecf6 3f43bfbc 3f499bbf bbcf8fde bd23305c bbdd7fd0 bec556ba 3ea95a89 bf3851ad 3f21c191 3eead2e6 3e0154b3 3d918813 beccf276 3f79ec48 bf16077c bd8e1834 bf072f87 3f765c1d bf77ce42 3e6ae3fa 3d8c894d bf0e8789 3f2e93a2 bf7efe4f 3f5cb5df bf4dd9d9 3f5c3db2 bf4035b4 bd7130b8 bf2f37bc 3e59b4b6 3ef9eae4 3d913994 3ec4769c bd05f38a 3ef802bd 3f096544 bf4499bf bea85e7a 3f68d1d7 bf39eda0 3f483ba6 3eeaaed2 bec726e1 3f2ec18b bf071970 bf2aefb7 3ed02aa7 3f40978f 3f117388 3ded8910 be30c4be bf707605 3f03996b 3e9ac282 3e1b74a7 3d94c8ef bf4b8db0 befb070d 3f7bd43f bf2e3394 3e887247 be7134f7 bea20279 3e876a9e bf779227 3f7d7842 bf6277ec 3eddfea3 3ee766c9 bf151787 3e28bca7 bd9e5880 3f4ef1aa 3efa22f4 bf749620 3f75bdeb bf0ddf65 3f4543c7 3f169383 bf5157d9 3f76bc23 bf4043a9 3dc4d7fc bdafd8de 3f124d88 be05553a 3e172c29 becfcad8 3f3c3baf bf6a3404 3e1cecaa 3e246cb9 be932a3a 3f3181bd 3d3f0fa9 3e9442c9 bf6b91e7 3f17c585 3f185386 bf6215db 3f74fbfe bf206d86 3f78be12 bf48efb1 3ee1b696 bf176781 3f7b1646 bf3c05ad be1d4434 3e4e64a5 3f2941af be449487 bd7051e5 beb0329e bec33ab3 bedfa6d2 3f203393 
bf31e9cf 3f61cfe3 bf3735b2 3e00245a 3e75bcc5 3ca5dfac 3eb6aa5c bed042b2 3e4fcd10 3f5295b8 bdfab988 bc945d48 3f5c65b8 bf561fbd 3e936706 3f3267ae bf779c03 3ef75718 beb942d6 bf29af6d be9c2646 3f36538b becd3acb be0f2cc6 bf6e75fc 3d87888a 3e8fc28e bf6391f5 bd38eee1 3f3e75bf bf7bc847 3f7b7c3e bf348f90 bf7c042f 3dd7e82a be94663e 3e9b6a0f 3f225383 bde5987b 3f3dcfb3 bd182eac 3e4b2496 3ef9a30e bcc8a13f be5bbcac bf338988 3eecd6be 3da7689c bd8267f5 3f05c960 3e5e94fd bf00b775 3f790e42 bec4c6a7 3e9d4a9d be137c94 3f16279c 3ec4ca93 beb53e5e 3ef6e274 3ecd2ea9 bf7f4068 bdd389b9 3f07c982 bd3e2f55 bf2df3b0 3ef5fed2 bdf308a9 3f6c2827 be54f51c 3e3c64e8 be3664f1 3f6527d1 bd20907e 3f3ffdb8 bf40c7d5 3e726d34 bf111188 3d0c4f5a bf1a636c bd9ab804 3ef05eec bed13672 bf5c4bb6 3f0d436e be3e9d33 3f240ba9 be13142f 3f6e63ec 3e850ea7 beca72a0 bf587dd4 bf25b58c be5fad0e bdb2f82a 3f035359 bed3ceb4 bea34293 3f35dd8e 3eb92aba bde9181e bf28b184 be4dbcb0 bf17c993 3e7dccb2 be961a92 3e49f487 3eff76ec be9aaeb3 bebc2a87 beca6aae bf1f29ad 3f6467e9 bf3503b5 3f096f88 3e229c08 bd584f51 bf4329a4 3f12b164 3cdf2494 bec446bc 3f6f4a00 bf3ec1bb bf7ae84d 3f519bd0 bf4b17d4 3f5bc1c9 bf2da9c1 3f4da5e9 bf6c09fd 3f73d3e0 bf05cf78 be89e2a7 3e9d7279 3f79e03d bf1bad46 3f79920b be047c68 befc82f2 bf77b43d 3e9b2eca 3f247d8b bf4919de 3f732a1a bde39853 3c223e7a beb9a290 bf320d8c bd39702f 3d141157 3eef0ef4 bf4e43e3 3f76f61e bf06ad6c 3f72521b bf5bdbcb 3f59e7d6 bf14217f 3f76c228 bf43fdb9 3f0ff578 3e8c123f bf3f31b5 3f545dbd bf6bee0a 3f3dd99b 3de958ad 3ecade7f 3ebd9eb1 bf6a3607 be24444f 3d3a9198 be0bdc62 bec97ee6 bf1db19b 3f6c3c0a 3e082cd4 bf7ca43c 3f6777f0 bf792834 3ee4daff bf52c5ba 3f052f72 bc25c8e0 3f7ba416 bf1bbdab bef9aea4 3d5a8c6f bf69d9e8 3f4ff9b3 3f30d793 bf10b39a 3c7444b6 bf043155 3dad7814 3f75960d bf03af78 be174c39 be96a69f 3f355fba bee37e8b 3f05c55a 3e5f7d39 3eedc30e bf3e87c2 3f021789 be3363d4 bf3c1d9c 3e893e7d 3e9c166a be25d483 bf6d4819 be083458 3ee60eb6 be90a658 3d846824 bea49eb5 3d6d3313 beaff68c bcf66026 3e664cf9 be272c88 be041cdb 3ec1f28b bf2c63c7 3f2b4dab bf2b0ba7 3ea76297 3d401018 3f37659b bf7abc25 3eba6a63 befd7b31 bf56d1d4 3f157974 3f5353c0 bf16ab8b be70d4c0 bcb22042 3e83829f be477c9b bf4b15b9 3f4523bc bcd422f5 be2d1c43 bf414dba 3f775c24 be2dd424 bdcf5791 bee34a80 3e977695 beb25a9e 3ea79e77 3f1d7f73 3e11abd0 3e817684 
3ef252e0 bf02136e 3ebe8aac 3eb83660 bf6d140c 3f0ba757 bf4c9fc1 3f6ee5e6 bf01b94e bd240fa1 bf0a899b 3e9ca255 bf6521ed 3f7de65c bf010d6f 3e2bbc9b 3e327c5a 3dd08838 bd0b6f2d 3f4fbdd3 3ce95c05 3ef60eeb bf356b9c 3f2d2195 3f194d89 3f0a4d68 beb5029d 3effaf2d 3e0a9c9b bebc4e9f 3ed43e96 bf10d78f 3eae8ac0 3f6461cb 3ed0ca9b bed16eb6 bae1cfac bf22493c 3eb10aa5 bf7f709a 3ec19698 bf37d7b4 be27745a bec6b6a6 3f51dfbc bcd3227d 3ed0b6b1 bf3b63c7 3edba2bb bf4ea9cb 3e909e4c bf05ab97 be01fca5 beade660 3e931e69 bebf82b5 bef7eae4 3f03db73 bf4833a9 3f01b37a bf243396 3f6317de bdacc8a3 bf366fb7 3f01d18d 3f1be19b be42bcc4 bf1e3d7c bc9a2070 bf637ffa 3f749df9 bf1e17a9 beef0e9c bb8380c6 bf51d7bd 3e70054d 3f237f9a be47e4d0 3f1a476a bc11b667 3f286980 bf5f77e8 3f6d3420 3e3d6cdb 3e4bdc79 be9baec2 be334471 bef186e0 bddb9789 bf4ea7c9 3f342997 3f00c778 3f7211f1 3ed202c8 beccae95 be9afa89 3e871e7b 3ecfbe84 bf281d82 bf235f91 3d3eeefa 3f125373 3e0d7c0e 3f5037a8 bec11ecb 3d8ba7dd be9c6253 be883e47 3effe2a3 3e2a3c39 3f60c7c9 be1e4c6f bf04577a 3f6f97fc bf79b01d 3f04935c bede0e9a 3f3891b0 bc0d429c bed3aea1 3f3fcd99 bf7dd648 3f4eb3bd 3f2a6776 bca7e164 bf46f5c5 3f1ddb9d bf367fb1 3f40b1bc bf4d87be 3ef562d2 beffcf08 3f62d7e8 bf3e779f bf5a71bc 3ed6f6f1 be0c9505 bee86ae7 3f33397d 3f546190 bf358da2 bf133f96 3f2ca995 bf6c5803 bb9278fb 3e7ffd2c 3f40c5bc 3ddef8c6 3f213589 bf633dcf 3efc4325 be7a84ed bf4409aa 3f385da1 bf6821f3 3e8ba66c be4e854a 3da058d2 bf69adf6 3f67dbe3 bf6945ff 3c80e2df 3f2b8b9b bf39d3a1 3f5755dd bf5c6fbc 3ec6b69b bf58b9eb bddd29d9 3f33115e 3ea18256 be4dacdd be36fd0b 3f5d43af 3d2c503d bf20cd7e 3df948ef 3f455ba5 bf24cf85 3f05036e be887e6f 3ec09ec8 be55fd98 bf01cf6d befcaeda 3ed692d2 be883aa8 3eb30a99 3ef066dc bea95ed1 bf6e0a07 3f16ab89 3deaa876 3e920a72 3ceb61e7 bf6171c7 3f5f9db7 3e31fc05 3d975845 bdfc28bf beca8eb2 3eaa8e92 bf72b61d be1a4c61 3f219f8c 3cf45eff bec11ab3 3f6dfc09 3e25ed1c bf295190 3eaf72a8 3f61a604 be2aa3c4 3e94365f bf4daba5 3f5c6fba bf022374 be318c3f 3f667fea bf342bb2 3f3a0b98 bec06abe 3eec12d3 bf7a1434 3f402d9d bf205598 3f749005 befefab8 be327c78 bf0a4d80 3f6cbc16 bd3e702d 3f148983 3f4b31ce bf76ca49 bf0cf961 3e9fea71 bc85632c 3efddb19 bf5a7bcb 3f37f5b2 3f22e18e bf78d608 3e875671 3eb5228b 3ea9aea9 bebc6e42 bedda6c4 3f528dbf bf181366 3e50ac9a 3f2477af bf3067a8 bd3410ba bef7f6d4 be1663de 
3f065b5d bf5b1dc7 3f31c77a bf5505bc 3f524bc5 3ea0527f bf2a0b74 3f1d8578 bf6a940b 3f183b77 3d9f6889 3e8dee3d 3e6bc51b bf3ff588 3ef2a2cf bf2d29a9 3e29ec85 bc393e80 beb62e68 3d0bb067 bf5599d1 be5b6cb4 3e84ba88 bd9fd8fb bf61bbd0 bec2bab0 bef472e5 3f41a9b5 bf7d3067 3f3125a2 bee10ed0 3f41cbc0 bf220979 beb67e6d bf596de2 3f47f7a6 bd4d33d7 3e9b82a7 be26c4a6 3f35bda2 be5f1ccc 3f6307e2 3cfd1e1c 3ece5ebb bf4aabe8 3e21bcbb bf3737ad 3f6c3e1e be9c52a7 3e9a0ea2 3ea512ec 3e1e245f 3f3ff3da be9f3276 bdc7b91c 3f715407 beafd663 bed0c6c2 3f550be9 bef80afe bb89779d bdb6392b bdb1888a 3f23d19c bee692b2 bf293f97 3d61105c 3f39639f 3d7b6eeb 3f26d5a0 bf2c6b7d 3f075390 bd781025 3eeb76c6 3f284b8f be83b64d bec9769e becd72d7 3e880e8f bf6351ef 3ee0a318 beebcea1 3e851a55 bf7a7845 3ecf2b12 bea05646 3f03ed77 3ead0254 be6a8477 3f75f80d bf4811be beac2ade bf63f7e1 bf049f89 3f080368 3dbd97c4 3e1b6c30 bf363d87 3f6c7a02 3e6cc4cb 3f24ab7e bf74242f 3e8aea62 bf727039 3e96e689 3ecc666c 3ec5a6a6 bec096b8 be969e6b be88da6f bf75c04e 3f558fbb bee942d1 bca72446 3e5a7501 bde42881 bdab7995 3db3788d bf609dcd 3f56e3de bf7f869a 3f4c57b3 bef1c286 bf73a41c 3f284fa6 3df937fe 3e755cab bdf608c6 bea16a94 3f639bd2 bf5fe9fa 3f522fb8 bf49edc8 3f2a918a 3f723a05 bf4dc7eb 3eb59f0b 3dd37a21 beb31efa bf2cfba4 3f5c7dc2 3ead1ed7 bd569105 3ef6ca83 3e1fb4b9 bf45879e be9a0e82 bf43cba9 3f039171 bdece965 3b74ea6f 3e659cb0 3f6aa804 bf2a278f 3e9f7ac7 3f3fcfaf bf357b8a 3f54ffc3 3e913a78 bee61ee3 3f782c1e bf201189 3e824e81 bed5528e 3eaea297 3a2b8c02 bd2bf1c3 3edb1aa1 3efcbee2 bf7e6653 3e493cf1 bda32850 3ed6be97 bf5b27f9 3d63cec5 3f209d78 bf145b91 bee452cf 3eb46eea bd37f1fd be928a60 3f529bdd bf076562 3f7afc3b be3da4b9 3f09d582 bd88884d 3e845ec9 bf3f63c1 3ea1463e 3f3fa1c2 beb0a27f bee226d9 3d2c0f9c 3cd31fc7 3eebb6ed bf729c21 3d94381d bf0f1f84 3ef7069f 3b30dfb5 3e04ac32 3ece6aae 3f228187 bf543bc1 becf2ab7 3f5edfd1 bf73a601 bf17f796 3f5bd5d1 bf329bac bd3e0ded bf3f6b8c 3f0e536e bca6e31d 3ddda91b 3d8178f4 3d5cafee 3def290d bf33c39d 3eb0c2a3 bf456bbb 3f773a0d be730516 3f5025d3 bf68cdd4 3d95e82a be9d4ea5 3f5591c9 bdcd79bf beedbaad bed8569f bf4403be bc5bc86d 3ec97e4a 3f49f7d0 bed54a94 3f148596 bf3209a4 3f2c35ad bf3c17ab be89da72 3f164b7a bdfaa9ee bf129778 3d8a2906 3cece592 3ea21677 bf0df577 3f7a7239 bf6513ff bd61d173 3d51b1c0 3e4af411 3e799cd5 bd9c19c8 
3e478cc0 3e975a7f be9106c5 3f128996 bf791025 3e70648b bd957894 3d8ee81f 3ef85305 3c79b81a be50b48f bf1d2198 3f388992 bebe02b1 3f6851e9 bee0c6bd 3f2b93a1 bec5ceb7 3d9ad8f0 3e6bfc89 3f2c2d8f 3e48c547 3d8957c8 bd21ee3d 3ededb3b 3f41e599 3f087162 bf750c15 3f66a5d8 bef5ff0a 3e31bcfa bf411fb6 3f579dc5 bd5e51a5 3f792e28 bf3f03af bcc6a323 bd69f334 bd7ff10a 3dd149b6 bf6b1601 3e183cb0 bf71061f 3f0acd87 be2b6beb 3f1a5759 3de5f898 bf2c099b 3f04c55c bf27659d 3e030469 bf3b4db5 bf0e7181 3f3b83c4 bf15cf7d bef302dd 3e86f262 3efe62e7 bf03b570 3d91d7f8 3f54b9c6 bf6d0a03 3f3293b1 bf4af1af 3f20098f bc9321ea 3f1dab8b bf3bffa3 bf1a1374 3f070d87 bf68c3ff 3f51bda4 be49f44b befeaa97 bedfc6ab 3d3335a6 3f6541eb befd0ad9 3f4857b2 bea61ab5 3f05115f be499c4a 3e873a7b 3ef796ce be8cf28a 3f0fe583 bf6195fc 3efbfb47 bf03538a 3dcff934 bdd647b6 3f4effcb 3f10738b bd284f7e 3f129da7 bf723226 3e9c1a52 3dff39b8 bea9dadd bf152d9a be95068f 3eb97280 be18750c 3f4a55bd be8b9e5c bf35b3a2 be11f44f 3ea84685 3f61b5da be3403c7 3f53b5c9 bf3ec5b3 3f3f97af bf1ca35d 3ebe3e8b 3de517a3 bea84a7f 3f2175a0 bc9e6366 3d4fd064 3f2cdf78 bf3b739f 3f4917b3 3e8bb267 bf2c358b 3ed2dee8 bf6c43ea 3f443bc3 bea682e2 be90b631 3f2cf395 bf762c28 3f464bc7 bf679ded be83dea7 3eb99688 3d8f3831 bf22e39e 3f7357f8 bebb7659 bdfbe7f4 bf18c787 bec456d5 bd9bc8cf bdbe282a 3f71641d 3ef2c2a9 3d7590aa 3dcf5908 beef72ee 3f2503ac bf2a63ac bf550fd9 3f463bbc becdb6dc bf031f71 3d9c18c3 bee2eacc bec7eaa0 3d96b95d bee57efa 3ec43e74 bea9fee4 3f41b1d9 bf75be38 3f1c59a4 bee34690 3ec20ab3 bf5ee3d5 3f2d99a1 3e6094d1 bf67ae0c 3f56a1b9 befcfe8b 3f34f5a3 bf61fde0 3f512bd4 3f11377c bf571dbe 3f6db3fb bf691fe6 bd2470d8 bf617bdc 3f23a7a6 bf23c190 bf4c5599 3ed6a6ce bf66a1e8 3f593bcd bd1a500a bf619fd1 3f20c198 3df138b4 3e927ab0 bf3e85cc 3f394598 bd80c83e 3f368d9f 3cb4a63b 3df299a7 be94c650 bd080ed0 beb9468d bef992c3 3f10856a 3f1c295b bf7ee083 3f4b79ad 3f42e9ad bf074584 3ee9af1b bc926114 3f106779 be8f4e7f bc841e45 bf1fdfb1 3f01699b bec9fe61 bdc9e8d8 3f3599a2 bc8b2273 3edb5e9f bf720a0c bc65be79 bf2d2791 3f752a20 be15547b 3eaefe8d bf26d795 3e6954e9 3e6cd4fa 3f554dda 3f00c36c bee35eb8 3e366d25 bf3889cc bcdaa305 beb2b270 be6c2cac 3f69e602 bf05797e 3f15eb76 be94da89 be368d25 3f4f45bb bebb7256 3d040c53 3e83327a bef88aeb be8e066b 3f361db1 bddd6a0a 3ed98ea2 befcf2e1 3f391da9 bf6b6bea 
bf438192 3f434d8c bf3ad5c4 3e98ea64 3f035946 bede9eca 3f4c5dac bf582dc2 3deda944 bf4f79ae 3f7ae433 befd12cc 3eaaae89 bf2db99c be27e488 be1e0c2f be0a6447 be866e76 3f76a613 bf7147fd beab42cc 3db92966 bf2dbb8c 3f078f95 bf0c6784 bf0ed188 bec08288 3ea52652 bdc4f6ee 3d14f1f1 3e833621 3e0aec8b 3d4dcf9e bf7f8c4f 3ed596b3 bf288f95 3f6725f7 be87ea57 be61ec98 3dfde8cc 3ee5a2bb 3f4727a8 bed33aeb 3f3a458b bf2e9186 beba42b7 3f37ebc0 bf3af1c4 3f535dc1 bf304d86 3f73fde3 3e84b248 3ed1eea1 bf2697c1 3f50c7e4 3d1fb07a be50cc5e bdb0c865 becc7e99 3ea956a9 bf4d7dd0 3f46c1af befba30b 3e759cde bdfde8f5 3e2e1525 bf1e8796 3eae3690 3f2c5fb4 bec0ce6a 3f6079bb bf764221 3caddfc1 3e965ebd 3f400fa0 bf6695db bcd5613a 3d89e94f bf0ccf6e 3ec2eeda bf05638a 3e3694b6 be8ce668 bee53eba 3f1a5b85 bf7bdc25 3f7b7832 bf381581 3ec4fece be6dbd56 3e235c63 bf6733ed 3c294332 3bd38122 bf335997 3f031789 3f0d9974 bf3effb5 3f398ba9 3ea4f26c be23ecda 3f26b797 bed0faaf be2c4cea 3d9a377e 3f29cd85 3e94a6bd bf5df5bc beb752d1 bf3a97a8 3f3415a9 bf28c987 3c66c0ec 3f26838c bf6201dc 3ebb36ba bd7e2fd4 bf060b69 3eb12674 bf2bbf92 be27d4b3 3e2cb4d9 bf06f980 3d99380f 3f3703b2 bf34ddae 3f6d3206 bf18c197 3f2e3f8c bf71960b 3f20739c 3db8b896 3d86a796 3e9b3a55 3cbee18c bda999e6 be061d2a 3f177197 bf0df196 3d96f898 3e89aa71 3f28a598 3e6f9c94 3f056b7c bf4ffdcc bee57b1f bf7d1834 3f6eea01 bf6b1e05 3f6075e1 bf50fbbf 3f138568 3f309fa3 bf03c38c bda5d952 3f72a1ff bdd439b7 3f097d70 3e8fee76 3e3803fb 3d7aafba be765cb2 3ecbc698 bf31a5b0 3f318da0 3d590fb8 beda36c5 3caba39c 3e878a4c 3d98d728 be0a7453 3efff710 be032c9f bed112a5 3f1b9386 bf082971 3df8f7bf bf7d8e37 3f4b91dd bf4591ad 3f4a21ac 3f0ea573 3f5ea9e0 bf7b3a4a 3f47f3bb 3f64c9dc be614d2a 3f23fb90 beadc2e2 3c0cbd23 3dbbe89f 3e3efc79 bf3fc5d7 3e895e2c 3ee846bc bf590fbe 3ebab6a8 bf635fe2 3db6989b bef52ab1 3ed14ab8 3c0c3f9c 3e687d13 3ed38b00 beeef704 be8f0e64 3f26298f bf0e378a bf5413c9 3edf42c6 bf48ffa3 3f186d69 bf0f2775 be3d2508 3f6ba9e1 bf04d199 3f4ad7b0 bf5a79b4 3f4e9fbd bf7c924f 3d316fb4 be59ad37 3f2bd182 3f56c5da bf150985 3e81ee3d bf4ffbc3 3f2d0d80 bf3363b1 3f12c596 bf3757ab bf497f96 3e68e521 bc7d4793 bd84c90d 3e179c24 3f185b76 3eb83eb2 3e258cd5 bf6841ed 3e406c71 3e91ca4d bf3229a7 3f475da3 bf7f327a 3f29196d bf0b0b81 3e9bca6a 3eb8b2b0 be4bed2b 3e2d1d1c bf6ea826 3f11095a bf2aad94 bea98681 3f7ecc6c 
bdf2e8ec 3d0ecf05 bea9d26c 3f131b99 bf778657 3f35afb7 bf70280e 3f184396 3f0e5771 be17f4bc 3e69bcaf beb1deb5 3ebc0296 3e24244c 3f2e359d bf036778 3f7e825b bf3cb1ad be306ce8 3de4794b 3f33b9a8 bea13290 3f38a59d bf3e1bb6 3f5cb7c2 bc243c0e 3df8e96d 3f255b93 bf3ca5d0 bd637185 3d3ad0d3 be94fa4e bcaca180 3f799426 bee2fe95 3f25559e bef802e4 beadcaa4 3f4d55cf be4bdc96 bedbb2a8 bf380b9e 3eeeaec6 bf4879ae 3f7e0060 beea4aa3 3d3b712d be227c7c 3ebf16be be842a67 be8d6667 bf6d9bef 3f417bca be77a526 bf3881a8 3f58c9c9 bf69ffd1 3f788c55 be16c47e 3f3dcbaa bf067d6f 3e23949c 3ed8da79 bed8aaeb 3ea95ea3 befe02ae 3e404c60 3ef61ab3 bf5a0bd5 be243c48 bdec39d7 3ed83ac0 3f249782 bf65dbfb 3e875a95 3f1dedb3 becdeec5 3f1dc1b2 beede6c1 3f0689a6 be96563e 3eba42bb 3e035c42 3e751c3b bf1c0194 3f70820c bec7d2c0 bdc40955 3f78d037 bf62a1c7 3f6f8c0e 3df9b810 bde6c866 3cb21d73 3f18a769 bebb82cb beb3bac8 3c5ac7cc 3e1bdca0 bf5bf5f9 3f3d2f90 bf79062f bda4c8a7 3ec896d4 be8b7263 bee1daf7 bcb01fcf 3f0f7b98 3f4313c9 3e145519 bd345032 be190cc1 3f099b77 bf5b4bd6 3f6cadfb bf12f17e 3f614fef bf4a79ce 3f6cb3f7 bea81240 3f6f75e9 bf23398d 3f792637 bf530dbf be8aae9f 3eb19eca bdfe987a bf141596 3e38948d 3f6a27e2 bf4d4ddf bea83ab2 3e61acd3 bed55ab8 3f4bb5d0 bf50c7c5 3ee902b6 befec2f6 bc0bc432 3f1d0569 bf53d59f be77cc56 bf09a78d be7264b0 3f5983b7 3f221982 3f2b03cf bf5df1d6 3f4e43ae bf1fb9a8 3f3319a8 bf061968 be7f749a 3ec04a8e 3c04be74 bf2e25a0 beeddef8 bdfba858 bedd5e95 bed892bb 3f6151f3 bf787c3c 3f47bb95 beecaac1 3e5e5cc5 bf36a9a0 3f3c01ad 3e994235 bebe268a be1bac9c bec10e5e be5dec75 3eec0f06 bf2fd57f 3f5f99d2 bf6bf7ff 3f788420 3e7d946b be6ee521 3edfbac6 bf2ffba3 bf4819b7 bf38e777 3f50a5aa bf24a580 bf37cf9b be648461 be1723a6 bdd0d832 bea31e81 3f50f9bf bf283b8d 3f089d85 3d91f80d bf043f6d 3f2f4b90 bdc1990b 3ddc7867 3f7cb441 bee882fd 3f2a0988 bf70dc13 3f32b19b bf79f026 3f40f3c1 be90325c bebfeebe 3f6eca21 bd9d57e2 3f11d981 3e938aa7 bf240793 3f633001 bf6d6bfe 3f0c8771 bf6d1dc8 3f1c0bb6 befd46b0 3f6ca213 bf195d79 3f722433 bef46707 bf04776a bf023155 3bac87a2 3f4f21cf bf51b5bb 3f6cb5f1 bed326d3 3f2d89a8 bd030f0f 3f7e2e4f bf5737cd 3e2a74c2 3f286d95 bf17fd85 bdcb17c7 bf4bafb1 3de258ce 3f5501ce becf96f9 3e6c6ca3 be86de94 3f227b81 bf30f995 3f11efa5 3da0f7a6 bf3f9dbb 3ea3da84 bb170725 be678d4e 3f5175bb be231cb7 3f12b964 3e189c34 be983654 
3f75d80c bf1ab57c 3f76d01f bf4eabf9 3f32dfb3 bedc12cf 3f5e6be9 bf46abb3 bd90b761 be89d22c bc373d00 bdeed9ae 3e44d446 bf4f43cb 3d598d4f bd6590c0 bf22eb72 3f1b7579 3e76fcdb bd6df3de bcb5a32b bf4e77af 3f319588 be102c56 bee67eef 3ea2f65d bda5e823 bf6e2221 3f4481c0 3f08739d bf0ba778 3f58edc2 bf7ea66b 3ea24298 bf4373ab 3df228a8 bcc42002 3ec12ad1 bebd528d bf16337e 3f5ce1bf 3e9f86c5 be4475af 3ecef2e5 bf3d7193 3f48899d bedf870f 3f108388 bf43efbc 3e094c9e 3f3cebc2 3eaf82a2 bf751e16 3f48cba6 3e446ce5 bf2b07bd 3f4147ad bf4a0da2 bd4f7019 bf74a01b 3f4d29d6 be714c9d bf67bdf2 3f6e3623 bf22e76e 3f4407b7 bdcd5795 bea5ce4e 3e9a3669 3f5cf1d2 beb3926c bf21c18b bd909834 3ed46305 bf2bd780 bee3a6af 3f2045bd bf5591b9 3f4b0bac bf253d93 3e9a02a9 be82c276 bf110177 3f1e0396 3ad1d800 bf138f89 3dd1d84a 3cca6082 bf55add1 3ead9a78 bf2d63a6 3cb72113 3e11e3d5 3c0abdb1 be38eccd bbe78b63 3e930685 3e96aa5c bf04539e 3f69c5f6 bf430fb9 3f31bb9b 3f527bc8 bf1e118d 3e6b9d1f 3e844aaa be5c8c6f bec492ae bf3e31a8 3e196cc2 bf2ad38f 3f7bba48 bf101175 bd7c306a 3ed43aeb bf199175 be9d3e9e 3f3ff9b0 bf5b31ee 3e36bccb bf46979c 3f13a186 bf73d808 3f564dad 3ed9eed6 bef6aaad 3e0da49b 3f405397 bf06c375 bf279da3 3f15b77d 3f419db0 bf1e1b60 3e6a64d4 bf6f2a29 3f68f7c6 3e5024e6 beeee6f1 3f30a175 bf6d61fa 3f77e030 bc644796 3f51b5b4 be521bf2 bf59e9c1 be82ee58 bf687be6 3f6269c2 bf2ef97c 3f01357d bf670805 3f659de8 bf18e19d be037cd1 3d3410fe 3f1bb37e 3f1f4d80 be0aec53 3f563fb8 be802286 bee32a9d 3f3273a6 bf04a771 3e4c6ca7 3e93c66b bd3ff471 3d991957 bf7c6c56 3edb32ce 3e8c8a94 3f720e07 bf03c787 3dec382d 3ed00311 bf4d8fa1 3f50a9ae bed466a9 bf607dbd 3f0959a1 beb29ac2 3f0b6563 3f3f839a 3f317580 bf388591 3f579fde bd54311e 3f7189f0 bef6e2be 3f31b39b 3dd67911 bf5659c2 3f122fa3 bec00adb 3eb56ee9 bf3f2d91 3f4703b2 bf37299f 3e632c93 bf378996 bed07ebf 3ec33ab3 bef2e662 3f515fc2 bf1e5b77 3f1e8b81 bd73ef92 bd043253 beadcebd bf06a160 3ac5d4d8 bf23bda5 3f106f8b bee6c6a6 3f71c7f0 bf106b58 3f0b53ac b950d62c bebe32ac bec302b0 3e72dd3d bf2f91a2 3f5b0bdb bddc27ce 3f64a7e9 bf29bf97 3e4a94da be981a93 3e9b22c0 bf4529a0 bdda18bf bf13715a be49aca8 3f657bfd bf04b570 bedd8689 3e4f7ca5 3e400c0d 3ed62ed2 3e1f23e8 bf4ddfd2 3ec9cecc be87ca9b 3eba32c9 bf477fa2 3f7ff2a2 bf4909a3 3e8eb66b 3eded2e8 3d6ff11b bf2c379b 3f4ae9a6 bf79a83e be3223de bea62687 3e44b535 bf075757 
bf5fa9de 3ee0b6fe bf7e9673 3f1e7781 beb64a23 3ea8c676 bf63a3ec 3f71402e be9dce51 3e806642 3f0e3f6e bf2b77ad 3f47f1b5 be81be52 3f45dbcb bf15a173 3f773838 bf190160 bec6eeb3 bd4ab218 be3bbcbd 3f78923d bf663c14 bce92231 3f0d7179 bf7cea5d 3f4be9d7 3e0a7d20 be1043dc beee62cf bef58eef 3ec56ecc 3efcf6e3 be7eb52c 3f2ee786 3eabd28a bee2a2e9 3e1e642b be0e24f6 3f68c1e6 bf1d25a6 bf03634f 3f016381 beeab71d 3f07fd79 bf5a0dbd 3f0a8992 bf2393a5 3f3f11bb 3e3ccca7 bf7db264 3e2bac4e 3f5057a9 bf59c3eb 3e2e5cba 3d7bb1b4 3e091c96 3deff743 3ebe867d 3f6441df bf11ed6f 3e31245a 3f3f2fd1 be8a7278 bf050d6e 3f044f50 bf6e1c02 3ee5a66a bea57ab4 bf4b91be 3ef07307 3f1b5b8b beb02e48 3ea0ea9a 3e877a68 3f69821c bf7ab42d 3f4557dd bf2e238b 3f0f097b bf04e982 3f7a061c be99aa46 bdb008d8 bed532dc 3f3eb5bc be802e6e 3f02517a bbb69749 3f5655a3 bd562e7c be122467 3ee6a28b bf3d2ba8 3e380c5f 3e26345b bef236d1 3eca6305 bea9f270 bd9f38d3 3ec02a88 bf2f519f bee802a5 beb136ce 3f65a7cb bf4297b7 3f4c53bc 3d8838b8 3eee5ea6 3e954e38 3e55fc7f bf1efb9d bcdfa2a8 3f24e7a1 bf233581 3f1f69a8 3e457452 bef782d0 3e81c278 3ebb1e6e 3e9cda4f bebdf2c4 3f4e3ba8 bf1b0592 bef33ab5 3e84e243 be699541 be882e74 3e990a72 3ec746e8 be98569b bf641fdc 3f3971c8 3e642495 3f310178 bf4b61c7 bf32eb7c 3f6c33f4 be83d682 bd91d8dc 3b00eda9 bf240586 beacaa65 3e96ee5f 3f23a39c 3e4d8cf3 3f15a795 3c94dd59 bebea29b 3f175b87 bd407078 3c67c899 3e01c473 3f73e7f6 bf494dc5 be45544d bf3ca1ab 3e93b647 bf7f1c8a 3f3d89c3 3cec25d7 bf163d93 3f4603c4 bf43d7b3 3e99f696 beab969f 3e6a44c7 3f02814e 3e8fce95 bf5c6bbf bf3d49b1 3e921e5f 3e10b4d7 bf044367 3f48d3d1 bf50abee 3e232ca4 3f784e0f beb626b8 bd093087 bec19e9e beb2aa93 bf62a3dd 3f3551b3 bf775c2c 3ee5cac7 bf47e19f 3c5d4507 beb636bf bd3a2fe7 3eadca66 bc413c3e be86da74 3b7aed0b 3f5341e0 bf4fd19e 3e34dcd5 3f031388 3d01b01f 3ed98ae0 3f0c5992 bf572fdb 3f06298e bf09513a 3e96cebf bf780e2b 3f767621 bc98d968 3ec81a99 3ee24716 be8bc25a 3f25b98d bf26dd86 bf49ddb9 3f685be1 bf7c8057 3f1ac989 bd220e94 3f4b57a9 bf1aff8e 3f4defd0 bf71a60c be5724f8 3ed2f69c bf5479ce 3f6a2bfe bea722cb bdd07895 3f3a0d7c 3dd2079a 3f7e8c84 bf3abfb9 be589ceb 3db9c87a 3f166793 be393409 3eb90a9e bf2a53a2 3ea34a6b 3e5e3457 be968e74 3f06b36c bf348397 3f765828 bf6b83d5 3e17d450 3e93ee91 bf61abd0 3f0b2b94 be48accd 3e89728a 3e24c4bf 3f588bc4 be86ba9e be0afc04 3f0a1d7d 
3f4663c4 be812264 3f3a4ba1 3def883d bf1e0b85 3f17fd77 be3f14b4 be2dac7f 3eca32ca bf6d6817 3f2a8d9c bf56e3c1 3f399173 bf6b55f8 3e59a456 b9987527 bf4057ba 3ef6132f 3efbaaef 3dbe2855 3eb9e283 bf6371cb 3f438785 3e0a6c97 3d8a48da 3f297b7f bf6291ef 3f1d4566 bf693a05 3f756219 3f47efae bf5fabdf bf13c184 3f1165a8 bf7bfc29 be79c521 3e1d3c7b 3e562ca6 be68f49b bf4807b5 3f67a1ed bf2ac9cc 3f4977a7 bf583dd3 3f24697e 3ebddeca bf12836f 3f5b49e5 bf48859a beb54aeb 3f4cc7d1 bee0327e be63bc6e 3d3db33f 3efc36de be915684 bed512f0 3d6b4fb7 be903a92 bf74d02e 3e65cc82 3d7af151 bf3aabb5 3de1f8d5 3f44e1b1 bf5a55d8 3f7c7052 3e479c96 3e614431 3f27fdbb bf7bbe2c 3f1adb78 bf311d82 3e151ca0 beb9ce6d bf3c73ad 3ed5bad5 3e041ca7 be2b8c7d 3e933669 bebdce6c be82e240 bea62a63 3f4fabd5 be99fe93 3ea10e82 bf434da2 3e42648d beb64e4e bf44a5b9 3dfd4965 3e1b8488 bf18a570 3f7ce63d bdd65879 3e57acb8 be5a448a be92aea6 3f1bf585 befc76e3 3e6bb4a3 3dd5c85c 3f37c1a7 3df7b929 bf16777d be22ec82 be081405 bef41e77 3d5c3006 bf781218 3f68e3dd bf089572 3f627bf8 bf6079ea 3ea13688 bf03eb86 3efcaabb bf1b578c 3f5d99c7 bf682bff 3dfdc9a8 3dc5e89a bf14a359 3e8b5a8a 3ef7e324 3de16972 3e998688 bf03c559 3ec0a697 bed266cb 3e8dfeac 3f15b57c bf153b83 bf1b5171 bec92afb 3f31ad8a 3f2d9da3 bf412dc6 bf105584 3f6fc7ef bef98296 3f7fe49f be164c6c beabfebe bd160feb bf280d9d bc0a3f96 bf1e9989 3f075b82 bf194380 bd06eff4 3d86f8c1 bf0d797c bf296db2 3f0e3d79 3e5c8c66 3f3ad1c4 bf05556c 3f7d8848 bf5d15c8 3e8ada61 3ea4b290 bf30c1cb 3f6509f8 bf2dcda9 3f5143ac bf5447c0 3e90ca7c bf453fa0 3f781215 3f00d375 3eb96a81 bf5f15ea 3f6241fd bf46fb8b 3f615a00 be050432 bf60e3c5 3ed03af9 be59f4e9 3f50eda6 bea6868a 3f64ee06 beeb0e9f 3f6c37fb bf5953c2 3f7ebe6f be705c95 3f3fb7d5 bf5a51c3 3f5499d6 bf37777a 3f7ab436 bf580dd2 3b0b1225 3d6290a7 3ee126aa bf750a2a 3f0d8786 bf341d85 bef652c2 3f12c78e 3e35dca7 bec33ed2 3f2e7d97 3db1b77a be6eccb5 bf3ad39a 3e0d2c3f bf3123b6 3f2773ab bf771a2d 3f52edd6 3f77be1e bf66f7ee 3f064957 3d8ce951 bf6549c7 3e4cc4c3 be0783fe bdef585f 3eee6e8a 3e86ae99 bf0c719d 3f6c0de4 bf7523ee 3e902aaa 3e2b6cd0 bf12d189 be24f467 bf645bcd 3f2d418e 3d8da864 3e0be492 bf026791 bdd72873 bf19fb86 3f4035a7 bf7dc066 3f22a391 bd11712e bee73f0a 3f13257b bf45e3b9 3f1c9d71 3f1b4186 bf50d1b9 3f763219 bf1af1ac 3f136399 bf13c979 bf2a3b9b 3d9e08d5 bec4b2d8 3f59a7dc bf3df5ba 
3e9466c6 beed2ec1 bebbca6c be751c85 3eca867c bedbcebb 3f44c3df bf4acbc8 3ed252e2 3e9b12ae bee812d1 3f3a79ce bf20b175 3f35e3b7 beadd2b5 3e8d9e52 3f402faa bf52f5de 3dd0c716 bf4c3bc7 3e864a4e be2c9c81 3ec06aa9 bf5065a7 bf4327a9 3f1fd795 bf4ec7b8 3f7299f8 bdde57de be9a8a71 bf7cae40 3f4409b1 3f6897ea bf3a29bb 3f6657fa 3f4037bb bf5033bc 3f1039ab be156c78 3f20dd98 bf05fb78 3ed84e70 bde6190c 3cbea111 3beb7faf bf7065f5 3f5e77d2 bf3fdf9e 3e143d2d 3f790209 bead6274 be3c6534 3f379db0 bf001d65 be365cc9 bc18bc92 3f5cd5e4 bf0cab96 3f6d8001 3de6d7f3 3f402397 bf2e2ba4 3f7733fd bef362df bdd9a856 3e95ea8f bf0acf79 bf35d18d bf417d93 3f136572 be3a049d 3d93c853 3d91a878 3ef9cad8 bea652de 3f3f9b8b bc2641cf be83ea49 be5e0d15 3e536459 3e68c4e7 3d87d8fd 3f26d797 bf7c5c69 3d5c8f75 be5d54f0 3f10af8b bdae1961 3ee552ec 3e907273 3e654520 be33bc92 3ee95b05 bf58e7d0 be2b94e0 becbfee2 3f415bc4 3d78d102 bf0da98d 3f118f72 bea1ce42 bcacdf94 bea8329d becf72b2 3f632bff 3e86de35 3e4e4443 3d0551a8 3f210383 3e96a28c bf58e9e7 3f27f77d bf1adf66 3d39d1c4 3f630dd7 bee012e6 be845a76 3f1fef7a bf770e14 3f54a7bf bf3bfdc6 3f754620 bee3e26d 3f28178e bf6eafff bed6c684 3efa1ac0 beb7769b 3f29af95 bf5d99e2 3f2297aa bf53d7b1 3f6543f7 3ed506ba 3e815633 beba36ea bf2fed8d 3f34a199 3f4175ca bf38cfc3 be053428 bf31fba7 3ee27285 bd6db1ce bcb29dd5 3f3679a5 be8cee7a 3f658812 bf11276b 3f6fda08 bf068d66 3f1ff371 bc364b15 3f777236 bf3b07d2 3e2974ae bf5de5cd 3f3e058d bf4fa7a7 3f5d77c1 bf800000 3f6941da bf4581b4 3f18e975 bee1d2e3 be0eb4a3 3f2765ad bf2d37a6 3f53b7ca bf092377 bf69cc05 3e3d447f be1804a0 3f210d8f bf68dbf4 3e6d1499 beefaae8 3f7e2861 bf0c5f42 3ef0aef5 bf76ec0b 3eb21edb be5124d8 beb4969f bdbae8be 3e3d34ac becae676 bdc2887c bf02f951 3f7afe42 bf7c1035 3e681cb9 beee96de 3f3e31c1 beb48a2e 3ed70ee6 bee41b06 3f32f9b1 bf39e3b7 3f75aa2a bd976882 3d5ecedb bf4c95b8 3f4b4397 bf74d820 3e7834c7 3e48e460 3e87b6a6 3f79ca44 bf1dbd84 3ccd605f 3f259593 bf6641c9 beed629e 3ba87c11 3ee166c5 bf07a587 3f29957b 3ee14acc bf67e7dd 3f5da9c4 bf6a17f5 3f47a3b2 bf6bd609 3f03617c bd14d0b7 3eeb16df bf3c8fa8 3f2c27af 3d5a6e62 3ebdb6c8 3ee022d8 bf63b1ff 3e8bcea2 3e70d479 3eca7298 3ed1967d be451d18 3f750ff9 bf3e9db2 bd956914 3ec0f2c5 bdee98be 3ebd3aa4 bf15237b bed0669c 3e033c8e 3dc048ea be85825f becb4eb1 3f50918a 3f0e8178 3e612d57 bef832cd bdc708ec beb3b23a 
be9cb260 3f1c35a1 3e8a4ea2 be26a471 3f37d9aa bf4b27af 3d5390f8 3d9be80d 3e522cc2 bf2ab3b5 3f42659f bf1d3399 3d533195 3ebbfade beba8aac bea1e6a5 be96c688 3e662cb9 3f1acf8c be6adcf4 3f7273ec bf15c993 bce65f60 3f3f0b97 3f53cbd8 be8cf6c5 3efac2de bf4a1dc9 be0d3492 3f249f66 3e76c48d be7cf4c3 bf505fb0 3ea3e2bd bf41f1c4 bf29b7ac 3f3763a2 bf5e9dc8 3e843270 be3c7d72 be3e4cc2 3eb6b6c5 bf711e09 3f5751c9 bed932c7 3f7adc3b bf3401a6 3f2bddbd 3bbe800d bf6cfdf9 bf0aab82 3f546bc7 bf4ee9ae 3f01f19c 3f14d78e bf6169c8 3ebc72b3 bf210bb8 be279c75 bf4167a9 3e586d03 bf2a33be 3f152190 bf1a2183 3ec6daa7 be8ae68d 3f168182 3f4769bc 3f76960a bf75540a 3f58f5d9 bf2a196f 3ebe068a befed2f7 3ec04ea9 be755d10 bf112172 3ebea2a5 3e9adaa3 be54c451 bea74e7c 3d4acf33 bf2bd1aa 3f303ba2 3f4e67c9 bf04d377 3e75fc92 beeb82ea bd76b295 be5a04fb bd9ef802 be98ca87 3da1a83e 3eff9a7a 3ecfd2bd 3e5dc4c0 bf0fb981 bec3da79 3f6855d2 bf7f7698 3f56abd3 bf576bc7 3f7c8c54 bf021553 be457c97 bf6fbc06 3e7b64c5 bd8fb8f8 bf7d1048 3e6a7466 3f5933bf bf7fe4b4 3f5523b5 be64c502 bf5aafc9 3f3b7dcf bea7eab0 3f174fa5 bf07438b 3f5a35dd bea27a8b be5fbc8a beddbab0 3d73f152 3f34ed94 3e8ee688 beec32d5 3eb3b25b beaa92a3 3dafa816 3f0eaf71 bf266da2 3dfa09e6 bf6eda03 3ec3ce92 bf00b565 3f7f16ae bf5899cb bf299bb5 3ecba6df 3f19ed81 3f07dd59 bf33797e 3f76fa1b bf7f5068 3f0a938d bf5051bd 3e9f728c bf33cb94 be0b8c9a bdcc9903 be3f6c87 bde317d6 bed596a6 bdef0935 3f3d7fc6 bf2f2f8c 3f4881bb bf6f37f5 3f10717f 3ede4a93 bf45b9c2 3f4921bb bf347fb0 3efab700 bd11f09c bed772ee 3f62c9d1 bf6e23f1 3f0f9586 3f29cfb0 be1be459 3ec93eb7 bf34e99a 3f266b8b 3f2841a3 bf2fd38a 3db7d8b1 bd0731f6 beb1f6ef 3f7b9633 bf0b9351 3e99eeac 3de1a90f be188c7d 3f0ca18a beba029f 3effe6e0 3e24cd55 bf67a1f0 3f561dce 3f131790 bf5331d5 3f2b6bbf bf2f3fb2 3e237c24 be9c0a81 3d2f71e5 3f07f171 bf5a2bba 3ecbf2c9 bdef29d3 3ee016f3 be95c282 3f5391e0 bf6a8fd4 3f3a09af bf5be3e2 bf7ab236 3f590fab 3df84958 bf14b588 3f42a3a5 3e5e4d55 3ec742c0 bf2b9580 3ebdb2b1 bda957f1 bf39f795 3f717ffe bda5c7e5 bf207781 3eca22c8 3e889e83 3d0e90f9 bf087790 be98265b 3f749222 bf3739b6 3ed29686 bf18919f bf151d77 3f5205c4 bd75522c bf570bd0 3eeb1324 bf6ad3e5 bd274cf3 bf26a198 3e392c67 3f33fb8c bf3555ab bd626f20 bd7cf30f 3f0cc566 bd0ad0c8 3f3485a8 bf76e203 3f79500a bd470fb6 bef9c2d8 bf5f2bc0 bd1c8f7d 3eb892a5 3f3001b7 3d7a5336 
3df2a94c bebe964b beaa6e8f 3e8a7291 bf49a1b2 3eac1a70 3f2757a7 bf019170 3e84a29a 3dd428bf bf062775 3f25cfa2 be42c5a3 bf4421a7 3f71c41d bd92f96e 3f1d4b8b bf3e5dcf 3e45250e bee416eb bea98a98 bd2a6e1f 3eb4269d bf69f20a be991231 bf626fcd 3f4605bc be584ce6 3f5277a8 bf758c22 3e570d0b 3ea74a6b bdce795d 3f1ef19b 3f20b993 be24149e 3ee3beb2 3ef9c2c0 bf0a2371 3f508db4 bf704ff8 3f7683fe be7f450b 3e88be6b bee70ebb be9a9625 3eae828b bf648e06 3e94fe53 3f595dc7 3ed872ad 3e4054be bf4f37bd 3eec329f bf7e4e68 3f5eebd4 bea156af 3edb02d6 3f290b95 3ecb4a9c bec23ebb 3f4d51bd bf0ad15b 3e2254e1 3f0b1b5d bf26dbb0 beb52e91 bf146b6f bf6029dc 3eff12cf bf373bb1 3f34b9ba bec43aa1 3e803abb bf50efcc 3f7c8834 bf0e7751 3f4243a5 bf2965a5 bd914855 3f09e185 bdb1a80b 3f3edbb1 bf7b7437 bf0c3b75 be002476 3ed6fe6e bee776a8 3f52fbc8 bf47a5bc 3f4a39cf be10fc23 3e295caa bf41e396 3d181226 bebdbe8b 3f077777 3dfe098d bee25ab0 3f034961 bebcaacf 3f4d83c0 bf5ef9d9 3f22b3a5 3e7524bb 3f5abdd2 be898e74 3e2164c6 3f58fdc4 be630c64 bf5241e9 3f4ddfa9 be81765c be7cfc84 3f7ad03f bf56c9bb 3edfe6c3 bf682ff0 3f05f177 bf221767 be17b485 3edf3712 3f36c59d bf0ae36c bf1d557e 3e71f44f 3d5592ed be510cb6 3dffc7e3 3eafae46 bf3591c7 3ed412c0 3f0d7f81 be752cf4 3f277d88 bd3aaffd be9a1e63 3ed446b6 3f4d2fdf beee4ee5 bf11f1a0 bea85ab9 bcd51e76 bf16857c 3f34d572 bece22c7 3ee16e93 be18d4d3 3ef4caf7 3f44c1db bedf2ed0 3f33b5c9 bf57ffe3 3f46a9a0 bd5050fc befaaaf7 3f613bfb bf2d9f92 3f664dfc bf171b8a bf1a115c 3f4f17a3 bf4487ea 3f3721d3 bf16c189 3f198d97 bf206993 bd57305d 3e21c49e bca962f9 bf6ffa10 3f25c777 bf7c2250 3f69e3df bf2e8985 bf4fddb3 3f780026 beaffed0 3e2b341e 3e60e508 bf4503b4 3f12057b bf2a21a2 3f1bef8e bdbd785f bf6a5c00 3f60a5ec bf7e0037 3f266598 3e27bcaf beab32da bf3d03b1 3f7f6e8a bf6001d3 3ef37ab6 3f1b4d82 beb45a82 3ed402c7 bf7a4838 3f6779eb bf5cefc3 3eabba24 be0b247b be86524b be8de6d6 3f35eb85 bf34fd95 3f726a0c 3f491f83 bf195f8c bf07c572 3ec3d6bf be698cc0 be9882ad bed1fea5 3f23cfa3 bedf8ae4 3e1a0c8f 3e578445 bf33ffa6 3dcf98f6 3ef022d9 3cf7630b bf251b7e bd02313f 3f321397 3e949266 bf41ddb3 be82ae4e 3ea1bae9 3e4d9cb3 3f19399e bf47dfb4 3f1ed199 3ef1aafe bf11c18b 3f5299b3 3ef0cabf 3ddf574a 3edbcef9 bf495da5 3eccaaa7 3f3ae3b8 bf6a3007 3f0ae986 bf26d187 be695ca7 3e8552a7 be673537 bef2030a 3f58d7e6 3ea0eeb4 3f3d9db3 bf48d7b2 bf4943a4 3cc5ddaf 
3e5a5c43 bea7169b 3f5051b2 bf20216f 3f6d5031 bcd81ec1 bf4c49cd 3ea96ab9 befa232c 3f15757e be132c6b bed42e84 3f168583 3ee74a88 bf5161bf bd18b062 bec0aeac 3f05b781 be806a72 3f19e395 be9d6a9b 3f6557fa bf456dc4 3f58bfda 3e9f768a 3f2cc994 be39dcb4 bf04ed70 be085c20 3eb4a2ab be7374af be69350e 3eb07a7b bf72a014 bea606f0 3e93f277 bf703413 beb9dacc 3f185da0 bf1f8b74 3f34c3af bf05b779 be948a55 3e965a90 be5654aa 3f1c6da0 be5b14a2 3f3f55a9 be05b453 bf5035cb bf1b435b be4c3d15 3f6861e8 3de6387d 3dafe830 3ea7bab6 bf0e2b83 3d489192 bf6871fe bec95ef4 3f3d7bab bf3bb5cb 3e548cdb 3e276cb0 bf536dc7 3f620bec 3f378b9e be3ae4e7 3f3fb9d2 3eb24a97 3d72922f be5ed4cb be357ba4 3f377bba 3e853a61 bf4097b1 3f29f79c bf411dad 3ddbe874 3f3c359d bf187d84 be892a18 be812a61 3f31d9b7 3f73481a be9be6c6 3ec47ef6 be93d6d7 3cfe2238 3f05ab6b bf7161fc 3f26fd93 bf0d0386 3f6d2403 beff2eb0 3f1b43a7 bf468ba0 3f5db7e2 bf5d27f8 3f3675b1 bf4ca3e9 bc5547a8 3d727111 be1d2457 bed0d6e4 bf7aae41 3f311b93 bf2c6d8d be61655e bd124dd2 3ed19a83 3c2fbcc6 bf3b7bc7 3f41a5a5 bf01096f be468484 3f587df1 be02dc62 3f27477c bf0e17ae 3f6f93fc bf3d6da8 bf1bab76 3f47cfa8 3db5c7fc 3e16ebf8 bf1a8f95 3f68cded bf3455b8 be98968d 3f37edae becd8ef0 be854288 3df27970 bf47f1b7 3e6e5515 bdf5d836 bebaae65 bedf46fd 3eb052c0 3e5094bf 3f3f699d 3e449492 3f2b89a4 bf2e8389 3ec4d2d9 be43ec9d 3ea02e8f bf210f91 bf5381cf 3e46a49c be53dd10 3f311398 bcf1defd bef2c2ce 3f053d81 bf5b81f0 3dcdb8ae bec2c2d1 3f1dcf75 3d456f44 3e3994dd bdec68b4 3c52464a 3aae0961 bebeeab2 3f6db616 bed61ed9 3edf32db be564d16 3f2e45aa be3ba3f2 3edfa68c bedb36bf 3f5db3d5 3e28049a bf29c999 3f0e9d6d bf658dea 3f77c20b bf262da9 3f24b586 be28dd1b be34fc14 be15ec81 3f6387d4 bf11db9f 3f36d999 bf5f93f1 3ead8ab0 be069cc0 3ef53e98 bf40bfb3 3f7a3c25 bf4fb7b0 bdc2289e bf171784 3f5ecde3 bef312b6 3f6469c6 be0544c2 3e37fcbd be5d04ad 3f0e4b86 bec72eb3 3ebc8aeb bef5f6bf be697486 bf38c395 3e95a2c3 3f79c82b bf045595 3ea9ba6b bea8de79 3f55c5da bf3627c7 3f09297e be5814b2 3e3f8c2c 3f3c8d8e bf3fbfb4 3f16b776 bf5311a9 3f5359d9 3e993699 bf5de1f9 bec112d4 3f337ba9 3f5651ae bf110d6f bf2193a8 3f3f4f8d beed06ea bf1ac7b8 bd8d381d 3e8d524e bec742d0 bf37c1c9 3e8d2a73 bf55c5ad 3ef356e9 bd8b1878 bf432b7a 3f4f2fad bf027f6f 3e4c1507 3f5195cd bf1aa39b 3f23b19c bec646d2 3e48ac6f bf70ea03 bee826a7 3f018b6d 3f5225c3 3e0c8464 
bb88922c bdcf89d3 3ed2d6af bf4245be 3d80f918 bef932df 3f049f6d 3e9da2c5 3dcd8936 bec3fe7e 3e4afcb2 3ea7b292 bf716bea 3da9c98e 3ea16a9b 3eb7668f bdc798d9 3e803e51 bf338dcf 3f4223cd bf4717ad 3cda1eec be857e81 3dc2a9f5 bf1d3d98 be5bc4dd beffb6cf 3f6ad1f6 3d07cec5 bea52a5a 3f038377 be23648b 3df8787b 3f1df987 be512d1b 3efacebb 3ed4b70f 3f54d5ae bf5f7600 3eb42ac9 be648c0d bde6777e 3f3eed85 bf3849a7 3f5cefb8 bf7ca056 3d34723a be41ec8d bf0c4386 3f667dee 3f768642 bf05fd6d be076cb1 bf610ddd 3e9a5ad7 bf480bc1 3f3c6fa5 3c1fbe68 3f5a57c9 3d24cedf be6c1caa be663cd1 3f3057c7 bf1f1d82 3f540bd6 bf71dc09 bf50d9c3 3f16e971 bed25eaf bf4f29a1 bdac877e 3f210f8b beaf5274 bf2b5fa2 3d4e92af 3e790d35 be9236a8 3f0c217f be4decb3 be8db681 bdd9173a 3f2ac57d bd017176 bf493fd5 bf0e4da2 beac6a9b 3d2430e1 bb8a7fe7 bea29a7b be03ec50 3edc7aa4 be885a1c bdf71824 3dde480c bd86094c bd391208 3e34e4f0 bf2c2181 3ed4b29a 3e79c411 be7fdd33 3f5f71eb be7234fc bd33515c 3f129971 3f37919e bea0d293 3d87b8d2 3f1a8f8b bebde296 3e8f5683 bea122e5 3ee1f6e4 be0324e5 bef502da 3f5a6fcd bf5dbdcd bf5d2be2 3f3b5bae bf4533ac 3f1e9d59 bef90ec4 3f3919b6 bed41ac0 be4734c0 bc8ea15b 3f04b54c bf6d4411 3f702816 3ecf0e8f bf7fe2b1 3f413da5 bf17397b 3f358398 3ec416f2 be87f262 3eb2e28c 3f171d96 bef83ef6 3f25b57a bf4a3bdb bef19e9d bf251379 bf11b387 3ec156cb bdb0a8d6 be83c246 bee93abb 3f6ecfda 3eee8a97 3ec26aa0 bec9eeb8 bf3e259c 3cc9a2bd be0c2498 3ed7f6f8 3d97479a 3f50dfa6 bec4c27c beaba251 3e86fe63 bf6a3bf2 3f498db7 bf447bbe 3f5e09d6 bf280b76 bd99e849 3e034534 bf4247a2 3ec9667a bea86a95 bf543395 3f6d79f3 bf27037a bf40d9bb 3ee6a6cb 3eb316d7 beebb332 3f443d93 bf3c9db4 3e6deccd bca560d7 beb3de4c 3ede56bd bec3628f 3e6f652b bf5b29da 3f466fb1 beec2300 3f34adaf bef85eff 3f1fe395 be271c60 be866643 3e618cb9 3f19cd80 bd28b020 3c503e28 bf12e150 be1f7c86 bf6a91e8 3f7d2632 bf7a6c28 3f1f0b64 be89761e bec146a2 3f543dc4 3d80d721 3ed1feda becabefe bf09658e bd9af87f 3e8a3a72 be265cc2 3ea06a87 bf6d0fe4 3f67ba09 bf6361ef ba821a65 be482d01 be802a6c 3ea8da8e be892244 3dfb283a bf3b97a6 3f40c1cf 3f269bae bf519dc5 bf7bc638 3f6303d9 3e476c66 bf7bd216 3f6f6dfc 3f048d85 3e236506 bf0cbb65 3f768a1f bf2ea79d 3f751a0d bd9359a4 3f341d83 bf2f477b 3f7ffedb bf6349c1 3f79e214 bf5d01e2 3e7a3ce9 bf46879b 3f083577 bde288b7 be32c41a 3f7d4c33 3e4cfd5c bbe68c41 bf3d45a7 bf1ddf92 
3efcbaef bedf8ecd beae2ab1 3ef72700 3f53c9ce bf2eafad 3ed85ebd beb7f68f bf084966 3f218597 bf453da5 3f410dca bda718d4 3f12db64 bf3bb1ba 3ee256ce bf7bd42f 3f7bbc1c bf1c678e bd6ad21c 3eb51e72 be23c47f 3f6877e9 bf493dc2 3f233dab 3d739021 3f3f43ad bf6abc25 3d5bf162 be5203fc 3eec0ae6 bf74b00f 3eebbed2 bf3b0bc4 3f5265f2 bf7cec86 bed006fc bf109d48 3f43ffcf bedc3af1 3f4579c8 bf50edb5 3f310b9b bf4339bd 3e0c6c43 3ec8be63 3e5f5c86 bd402ec6 3f63d3ba bf5c2bd1 bf56c7bf 3f12977a bc42be06 3f687df6 be0264cf 3f74f228 bf58f5d9 be17ec21 beeefec8 bd3c1198 3e848a59 3ce221cf bdd8680c be2143fe 3e336c63 3eb11e9f 3f789007 bf5013c8 3e1b8c15 3f38c9ad 3ecd5ab2 bf7f6a74 3f4adf8b 3eecf2c1 bf1ad39d 3f54e1eb bf787639 3f2b91a1 bf053d85 3f3fdda8 bf1dbf8a 3f08015d bf1e3593 3f78a039 3eb69297 3f2df995 be98ee8d 3e275c70 3f3aa5a8 bf3a27cb 3f53b9c1 bf346bbc 3f5797cd bf4179ae bd03cf8b 3ec81266 bec6cad4 3f66a1e4 be8a9e55 bf198b7c 3ed752be bf0beb79 bf1b676f 3f7195f3 bf66c3e7 bf2bfd80 3f1fbfa5 bf079b71 3e887673 bea09e89 bed9dad6 3f3097bb bf3cafa6 3f7b2a4f bf0dd95c 3e49fc8a 3ed09aed 3f360b99 3e0e8c8e bf52a9b7 3f25c161 bf18d78e 3f3a59b1 bf4c79c8 3f224589 beaafa7b 3de688b1 3e118bfd bf32f9b1 bebfc6dd 3f57078f becb2eb2 3eee5aeb bf458fc1 be88be49 3eec7ea5 bf6193da 3e390cc4 bde0d8df bea3f287 3f2b8388 3ed94ab6 3f788026 3eda36c2 bd8ae97a bcbbdfad 3f0bc55e 3ef5eeec bf765a1a be800e43 bf4b33bd 3f6ed5f6 3f246593 bcea1ee5 3f28cf81 bf639dcb 3e19c474 bf7f4468 3f5511b1 bf102d88 3f71b7d8 bf06857e 3f491baa bf09917e 3e402483 3ed7ef0b beff9696 3eb086a5 3f4641ca bf0abf7b 3f0cab94 3f472dae bf7fb683 3f326d88 3f3db9a3 bee422c2 bf5073b3 3f494da5 bf191188 3e97526c 3e9c5643 bef6c6bb 3e8ac66d 3eee3ec1 bf0dd38c 3f0b4971 be14f4c0 3d75106e 3e39ec4a bf28c79d bda3a827 be912e9e bef92ee6 3f6d9c02 bf784833 3eca52bb bf5423c0 3f27f580 3e1fd46b 3f15278e 3f1591b0 bf2cf9b7 3f5409b4 bf3dcba4 3edd9aa0 3e7ed459 bf542fdc 3d9958ad beb50a84 3f6665b4 bd796ed2 3d2051d3 3eb29a7e bf5057b5 3edeb6b1 3e8f266a be7714a9 3f261984 3bb86ce5 bc9762b4 3f4ec1ae bf0a5169 3ec1aeb5 3e8e7630 be2eec9b 3ca05d3b bf5b87fe 3f456dca 3f47dda7 bf7a181f 3f2aa19c 3e89266e beefda98 bf50bfd2 3ebdbab1 bf0b5785 3dbb07fa 3f154980 bf76581a 3d2d319f bf609fd2 3f18978b bf4ef7b0 3f07a57a bf1b3789 3ed13aff 3e12348f 3e3a3529 3ea14e9b bf5ad9b6 3f4757a3 bf7f0871 bee5b27e 3e47c4f4 3e2bb55a 3f73602f 
bf710406 3ed68ebb 3f5757ce bf69a7ee bf335588 3f4135ba be901674 be7c2c3a 3ede467b 3f4735bb bf667603 3ef7e6e3 bf6f67f9 3f32f59f bf6713d7 3f6423e6 baea167f bf06cb53 3f760404 bf071173 3f257b95 bf3fdb8c be4cfbed 3e93d660 bc1944bd be936ab9 bf1dedab 3f1e597d 3e22fc5a bd444f18 be73dcd0 3f23e995 3ea162bd bea6d2c6 bed61aed 3f35758b 3f382386 be178c65 3dc949bd bf1ecb77 3efd8b37 bf5a0593 3f78b855 bf1c778b 3f3b27a8 bf4357b0 3e2784d1 be73f4cc bf656bfb 3f629bed bc9a9fad 3ecda289 bf4bebab bdac3945 bf294f88 bedbeedb 3e47250f 3f7c3e3f bf268587 3f319bcc bf515bbe 3f52dfbf bf52ffc9 3f03815f beab0e98 bf1f056c bdffc9e1 3e075c30 3f059166 bf27d374 beca2673 3f474bbe bf530fa7 3e18dce5 3e530461 bedc1b02 3f0be77b be856677 beaf9273 3e99fe6c bda9c853 bee92acc 3e710510 bed952b7 befb82b8 bf26338b 3e42ccf5 be139bb3 bf24858a 3f191f96 bf6473d3 3edc76e3 beb22e7c 3f10b378 3e69cc18 bec80aef 3ca1a440 bee3c2f1 bd847a19 3eb2deb9 3e2234ab be1bd3e1 3f777e2a bf621dc8 3ed4a2b5 3f53b1cc bf56b3e3 3f5c83dd bf79de26 3f716bfd 3ebbf6ab bf33ebc3 3e967a72 bf7c0a3a 3f44d1b2 bf123b68 bef4e2c8 bea43256 be833697 3f398187 3e814e7e bf25b398 3ebf96b8 beae567c 3f23417f bedf0ea5 bdbc07e1 3e9b0258 3f585bcb bee6fefb 3d9ed9d2 beaef68c bdd4589b 3f75941b bf2cc175 3f0a737e 3e41dc83 bec6f6b6 3f77e421 bf307b81 3e33d4b2 bf75dc04 bf4cc1cf bf00e374 3c87a435 be8ae26f bf125f75 be5984b9 3e83faa5 3f6ec805 3e848660 bf6853e2 beb79a9d bee506be beb93665 3f082577 3d02cfcb 3f16d96b beb642cf 3e8e9e5b bf5555bc 3f3053be bf716e14 3f1cbfa7 bf4957b0 bcf3e13e 3f6025f6 bf5595bc be829252 be0f346a bd919865 bf7d5a38 3f5ef5b8 bedcaeb3 bf3495b1 3f091f7f 3f16af7f bd49713b bf0c555b 3f2e0b97 bf6c05f4 3f7f4a8c bee55af8 bf2d2b8c 3f117766 bf27b3a5 3f6a17f2 bf571fe6 3d7fb1c6 3f3ca1cc 3ee99aff 3df97825 3f422d90 bf70bc01 3f70dfec bf1bd38b 3f7b824b bf6219ee bdf7f856 be734c84 bf671a04 3f52f7ae bf7a9830 3f79443d bf55dbb6 3f19db72 be3b7480 3f3e659f bf2edd93 bed81aa6 3e07a44f be8e2257 3ea89a69 be64ec8f 3f132fa0 bf3ca9b9 3e9582ca bf7c5836 3f5ca7cc bf3dd19d bee7bec0 3cb8df30 be2dbcec bf0fc588 3f159981 bdf0aa16 3f2f2fa8 bf670fcf 3e8e6a6d be024c2a be80f288 bf0f5f9b 3f3dadd0 3e28ac74 bd1d4fb6 3f784636 bf237d72 bf037950 3f5915d3 3e13b467 3e77c515 3f251583 beb41ac2 3f200783 bf17d995 3f24c589 bf524fc5 3f01435e bf482faf 3f78d23a bef69edc 3f0f8d94 3f1e3b79 3cafa3ef be91c296 bf3597c1 
3f59a9de bcc363b0 bf5f2df0 3f2237a0 3f5cf9d7 bf6b0c01 3e6f1d22 3f4be3cd bf3eabbd bf286f79 3e7ab4bd 3f4ed1c0 bf344f8f 3f37e59a 3e7d7ce0 bf59b7b7 3f4b07d2 bf54efc6 3e82f269 bf06a764 be5ff4cb 3f2c9f98 bdd80840 bc965ad7 bdb1784d 3d051138 3f4423cf bf2e3969 3e3ba4a2 bdaef863 3e02a4bd bed88ab0 bf032b61 3f1b016a 3ee51685 bf5373a5 3cc7a3ff bf04397a 3f1dad6f bea0e698 3f0b3576 3e2224e4 bf224358 3eb73ac9 bd9419bd be8a226b 3ebd4269 3eb9867d 3eab4a44 3e1994b8 bf072963 3ea15292 be501d02 3f618de6 3e1d041a 3f05e360 bd54711e bf4865b3 3e5f94ac 3edffad6 bf12556f 3e28246c 3d9548ef 3f0a5589 beb1e691 3f72cdf0 be920297 be0e8c58 bec03ed4 3db9f8a6 3e44f463 3e85ce6c beeb46a9 3f01a774 bf73abfe 3f6f8e30 bf71a80a 3f38f7b3 3e9edeb6 bf503bba 3f6e05fa be4dd4cc 3ee6becb bdbee89b 3efaa30b 3e867a73 3f2991b5 bf327d98 3f573dec be7e3cd8 3f0a4798 3d3dd14b 3bec8fad bf4fefc2 3ec4b282 bede9ab8 3f770437 bef75ada 3f099187 3dca993b bf1cd19d 3e156c78 bd590f8d bee61afb 3f42fdbc bf64b9e0 3f13f1a5 bf097f7c 3f3d0b98 bf29dba8 bf37f3a7 3f77de30 3e3ad475 3f26c38b bf17376c 3f7c2049 be128c56 3f78ac24 bf6813e6 3e76848a bf512de3 3f059f78 bbf77ecb 3e0b74d6 bf3a4daf 3f1e3d72 3be47cd2 bf074187 bf4f47c8 3f5c99d1 be6d352f 3b887237 3e79d53f bf166f5d 3ebb4aac be078c85 be8be660 3ee6dece bf74b20d 3f11b793 bddec937 3f6e9a0e 3f67a3f6 3e41e504 3ec58ae7 3ecf92aa 3eacc6d4 3efadf19 bebed29c bf53c5e8 bdf998ef 3f75901f bc0c3cac 3f5b7bcf bd86c969 be4fcd24 3e8dd6b1 bf2f05a5 3e9902ec be5fcc93 3f4e31bf bf78e421 3f6b3fd6 be3a148a 3f6dda1d beadb27a bf4bd9b8 3f09b782 3ef49eb0 3de10888 3e685cdd 3f137f83 bdf369b8 beb0faad 3f7499f9 bf6115cf be37947c be839e54 3f17ff88 be97cee4 3e934ea5 bf3b01b9 3ef78ed8 3e8ae64b 3ed48ea8 be9776a7 bf25a37a 3f6cebfd beaf427e bf03d778 bf2e81b2 bf144f67 3e24fc85 bf11e578 3f49adbb bf79ee54 3eee7eb2 3dce984a 3ed36ac9 bdc5e84e 3f284988 bd84f7fc 3d393171 3e4a3d15 bf12cf6e 3f121d84 bf6211fb 3e94f660 3f1ffb80 be3cb484 3f31d177 befb72bb be7bcd25 3f37af74 bf6167da 3eee2ae5 3e5a4cff 3f160588 bf4f91e3 3f03f77f 3f658dd5 be529497 3f4871e4 be988eba 3e92a268 bf4d5dc7 3c98a186 3f0af7a2 bf19318e 3f118788 bd6beeb9 3f6b2c0c bf5c79d5 3ed11a91 bf0ccb7c bf0fb576 3e93de5d 3f11fd9c bf3e7da1 3e6c44dd bee39ac2 bf0c7381 befcbf0b 3f5333b7 bf76ba1c 3f77c600 bf59e5cf 3f4179af bf01d371 3ed1bad3 bf4abdcf 3e33dcd6 bf15515c bf0d4d8c 3f4f03d8 3ed71efb 
3d15f0ff bf506fc5 3f3ec7c4 be9cee92 bf107166 3f261d9c be9a066a bf22377c 3ebaee92 3f375fcf bd2c3041 bf4d0bab 3f312dba bf7d0c52 3e92ae6c be31ec71 3ec3c68f be6614d7 3f3dd7d1 bdfc683a 3ef8f6e2 be6b1508 bf10a185 3f60eff3 bf692df5 3f252590 bee10ad2 bebeda7d 3f489db1 bf6f1604 3f6253e1 be9f129a 3f062569 bf17e59d 3c704bb3 be96a2a7 3f35719f bf32478f 3f6b91e8 bf6afc04 3d20b02f bea2feca 3f572bb5 bf6691e1 3f274bbb bd7ab0b0 3dece895 bf7203f4 3cd020f2 bea6b2aa bcf21fcf 3e1b2cad 3d942853 bf3d9bc6 bea7dade 3e3b0c87 bf3eb5be 3f75502e be6364bb bf26a781 3f6d9a14 bea1de8f 3cd46046 bf64b5fa 3ef30ee2 bf60bbde 3ecf5ec8 3ed1f6f4 bdf9495f 3f50eba1 bf3859a7 bda6280c 3efdeaec bc12c546 3f21db8e befbf6a6 3f1c8d9e bf3ea7bc be036499 3f2a23ae bf6561d7 be0cd4ea 3e467cba bf2b8d91 3f23f5c7 bf5589c9 bedb3ae1 3edf8efd 3c30bb2b bf747a1a 3ee3f30b bf4575c5 3e94c68d 3f5919e2 bef506dd 3ee562ef bf6b75e4 3f024d5c bef376a9 bf33f19d 3f5a6bc7 3aa9bc43 bf064362 3f693bd0 bf6af212 3e74ac99 bdb0d9be 3eadde92 bf1d0196 3f24a78c 3e9f4e71 bf2e1d83 bf65a9e8 3d313082 be97828e bf0c6357 3d53d246 bf4431bc 3f75bc1d 3e2f4485 be79f4d8 3f5da5d6 bf3da79f 3cd91d43 3f50f3bc bf5f1bd8 3e604bfc 3f532fdc 3d5e10fd beae02c0 bec442b0 3f764e2a bf282f89 3c06b581 3ea376ac bf0c4d69 3e26bcee 3e9c1e6d be6f3c9f 3f10b788 bf017993 bf584bc9 bf26cbb0 be2cf4fb bf4607a9 be113c93 bee69696 bf192773 3f34a991 3ec19ef4 3dc3e9a4 bf3c599c bdbf5873 bf21f991 3e67bcaa be1ce422 be800a64 3e4664ba 3e6774f9 becada8b 3d08cf7b 3ef292b7 be77044a bf5237ca bee12adf 3e95fa75 3f51f1b4 be827a6d bf118183 be290c2a be13d445 bf29ab90 3e85f67a bddc0871 3d4c9186 3da98827 3f4c1fae bf0941aa 3e67b4ed bead3e8f 3e447c59 3f2d6393 bf0b7f74 ba33e8e5 bf798c32 3f70f421 3dcdd9bf bee85ebd 3ec32ad2 3edbb6b2 3f0e2182 3f725ff8 bec5b6d8 3f30a78c bf4aafd5 3f6233bd beb5beaa bf387bac 3f2ba5b1 bf34cba3 3eb7c2e3 bf2bc97e be452490 3f2c05b0 befae2b3 3f279d6f 3d6ed19b be846a27 bf21519a 3ed792dd bf7ece78 3f42bfba 3eaa7e5d bf7e807d 3f31df99 3d72b098 befd02e0 bede36ee 3f62adfc bf08cb83 bf299d81 bf20f972 bd790e5a be10dca1 bcee1e8d 3f4437c8 be2efd0d 3e35fc70 bee96ae7 3f2eeb91 bf6187f1 bea4e23a 3de49938 be9dd6dd 3f7d8a67 bef40abe 3f54bd8d bf4d8bcc 3f34e197 bf73902c 3f72ca12 3ed37ebb 3f29f192 bf6f8c1f 3f12ed8d be34745c bdf9a8d6 3f2f91a9 bf5fcdd5 3f52a5cc be730d66 3f222b95 bdbaf807 3f5b19e2 bf6335e2 bf37e9a1 
bdd7ca29 3f144d7a 3e6634e3 be85166c 3d596eb4 bdde3930 3e4cd468 3f167f7c bed73a8d 3d9b886a bf49f1cf 3f7d2c60 bf161f78 3f702024 bea33ea2 3f0faf4a bf7f825f 3f24e195 bf5315d3 3b8a8b9c be4304ec bef2d6e9 3f7ee289 bf5c37cd 3f60d7d2 bf28c587 3e8c2272 3ed592a9 bda488d9 be93e2cf 3ea66279 bf240b7f 3f5f4ff6 bf4fe78f 3f7ede7f be92c6d0 3f10cf79 be79ac8c bf06678e 3f5df3c4 bc543dcb 3d32b28c bf0bbf66 3f6fdc03 bf711419 3e37ece1 be132490 3f6fb016 3e067c94 3d984943 3f4bfdd9 bf7ec677 3f203599 3e7dd498 3e8f8249 be8fde6a 3f33e988 bee82ad7 bcc2dd14 3ee9bef3 bf4213a4 3e871243 bd41f274 3f62c3ce bee162c3 3f761645 bf4cc3ca be8b0eaf 3d081121 bf5937f1 3f4999aa be074460 bf10cb86 bdc16829 bf4fd5d2 3f1afd53 bf4c6baa 3f7cc664 be89a25e bd8f0a17 3e67d504 3f7071f7 bf740e2e 3f527fca bf4011b9 3eff42bf 3f29d1a8 bf262f80 3d27b050 3f749805 bef8f2ca 3f77f420 bec74a72 bf19dfb4 3e0aac13 be27ccb8 3f22bf8b bed23a83 3f30cf91 3f17417b be67551e bf30cbac 3f7ea445 bf6c87f1 3f79a225 be18649c 3ec3467a bf591bb2 3f68a9ed bf5699bb 3ebb02c7 3f339785 3f003386 3f0be184 3eaa96a4 3ea31677 3d7612ee 3ee842d7 bf744a1f be3f2531 3ea6d270 bf3125aa bd58b09f 3f199362 bf73d616 3f76ec25 bed35ab5 bf5611db 3ed76252 3e829a60 3998014c bf10b975 3d4510f1 3f6115e8 bf39b789 3f79cc43 bee206bb 3cbd6376 bd375071 bea25e90 3ef0a2da 3f2713a5 3f20e593 3ded49f5 3f76b828 bd19918b 3ef18efe 3f18e576 bf7c8827 3e39d4d9 bec18e6e 3f6f05f1 beb7eaa3 3f578bd9 bf21e391 3e9c4e53 3f2b33ba bf2667a0 3f799c17 bf5f0bcd 3ef0b2dc bf5b21da 3f09858e 3f1ee58d 3f61b3d1 bf74620f bea22699 be709ca8 3f3b79a4 be722d3f 3f6be3cc bef15692 3f4b6bd2 bead6a68 be964232 3e46bc93 bf7ef674 3f56b3a0 bead0a98 3e13745e be3e0d6c bf14b187 3e0a5c41 3f122193 3df338ab bd881886 bf223ba4 3f2271aa bf62d9da bd35f076 bf21af89 bee7cebb bf43c1d9 3f477fb7 befa26d3 bd5030d3 3e05ece5 3f14316e bf018b92 3e2c55b4 be7ccce1 3f4bddab 3e37046b bf5f47ee 3f21b393 bf7dae7d 3e4c340a 3f0dd376 bdc9d97b 3e853682 3f065f5b bf3c0d9d bccd5d5f 3f0df758 3d3f30da bf3417bc 3f1ecb89 3e8d7294 bf2cafad 3e1c2cfc 3f74a7fe 3f16c187 3e06bc8a bd5eaf1c 3df9f8eb bf389d95 3dd528ba bee48706 3f49cbb3 bf6ee7f8 3f2c83b2 3f273b7f bd135267 3ea79ab5 bf6697c4 3efd9b2a bf04b751 bef022cf 3f0d6793 3f3093a5 bf38fb84 bf4301b3 3bcd83f7 bc999fc3 3f3781a5 bf6efdf5 3ee792f2 bf0dad9d 3ec2fed7 beceb2bd be25fbcb 3e0a449b bf6777d3 3ed0aacb 3e51cc4b 3f46ffb6 
beb95e4e be00acd4 bf5efbe0 3efe06d2 3e0e3c66 3ece76b3 bf7c4a52 3e5b1c6f be4cdc8d bd74b056 3f28479a bf14a579 3e8db6ae bf158768 be84ba28 3ca49abb 3f0b6367 3da128ba bebcef06 3f6f3ff5 be8c9a93 3f328d81 bf18f79c be9dc286 3ecd96df be9bd20f 3eda669d bf6ee002 3e771d2c 3ec22e42 3de4279f bf6ecbe3 3f66a800 bf4ee1da 3e74fd09 bf39e184 bf06bd4b 3ef4d2d3 3e55b47e bf7ab02e 3f39e1b4 bf438fb7 3f72a011 bf7a1038 3f36f3a5 3efae6e9 bf5d95be 3bba8ce3 bf213bbb be827264 bea46674 3ef0a67f be3124d3 bf3ae7cc 3f4353c6 bf356f94 3ecebea7 bf4c73da 3f589bd5 bf07ef52 3f1a039f bd7ad16a bedfaecd 3e609ce3 bf2c5b97 bd404ed7 3e027cb0 3f7a5a3d bed4d2ba 3f502ba5 bf6b8e02 3f2c1595 3e46c445 3f1f5380 3e5d049c 3e603cce 3d518fec bd190ff3 bf2fa19c 3f584dcb bf64f1d0 be727cb7 3e810273 3e5e54f1 3e9cee81 bec01ae0 be45acc7 3ec3769d bedb4aa3 3cd41c11 bedcbed4 bf152798 3e5fd4cc 3eda9e98 bcb8623b 3ea792d4 bf1b4d94 3e3264e0 bf260987 bf2e79af bde037ae 3f7bc856 bf672dcd 3eb28a3a bf1e3194 be92d275 3e5eacd4 3dd2c83e bd95994d 3e497424 bf436199 bf0ac561 bec8f2ee bf4b4998 bf3bf1b4 3ef1beba bf22677c 3dc9c938 3f5b9db6 be0e147f 3e822a6d bdce58fb 3f28617f be8eda71 3e6bd550 bf523fda 3f62abe0 3e31647c bee54713 bc09c4b6 3db547a5 3e61b4ae 3e54a4d4 bf5ec3ef bc9edb85 bec0aab4 3e5fbcca bea36626 3f117581 be8e8ae1 bef662f2 bdcb59c0 bf409dc6 be9852ca bf317fbd 3bd57ae0 bf2365a3 3e813a85 3cd25c68 3f12f768 bf0add69 bd3b4ec9 3ca6220a bf21c78f 3f756e16 bf3c71a2 3d3d1013 bf0f7b79 bee88aa8 3f011156 3f1f0790 be8b6a6c 3e123c07 bf7191f9 bf04997c 3f0b8f50 3f78ee1a bf0d1566 3ed2fab3 bf261b8c be9cd26e 3ec6fa8f bf6d4211 3e56bc44 3efb7f19 bdcc5964 3f049770 be391ce0 bece5eef 3ecafeb4 3f03e583 be0c84ad 3f0dd179 bf7f7295 3f10a180 bf017b91 3f35b9c7 be8c7e6b 3f421f8e 3e391c37 3e6ddc3e 3ecada7f 3f776421 bf4b3d95 3dfa2944 3effa6fb bf297faf 3e8efe4c bea50ac1 3f7a1e34 bf1e7d90 bea1d25c bdad971f 3f02d34f bcd0632a 3f1e4b6c be423481 bf002363 3f08d76e bf5c93c8 3d5b119f 3f31e1a8 bf1a698f 3e0ab4aa befa2adc 3f30819b be80da99 be9d528a 3f19df66 be54fd2f bf2f3999 bf3e89bc bdc678f0 3e88aa4f bea796c2 3f5721b2 bea81e97 3f2c9ba6 bf15c174 3f137d86 be80fe1b bf5655b4 3d648eb0 bf04b373 3f680bd4 bf0fbbb2 3eee96d4 3f4031bb bf2c036d bf6efbd9 3f540fc9 3e99e2cd 3ead5ed7 be6564b0 bf304990 3f5621d9 3e4cecd4 be8e76b0 3e4b1cdf 3f0dcd88 bf09394a 3ecf46d8 3f033d6b bf171d65 be91c669 be18241f 
3ef3df02 3e6304cd 3f05f787 3ddf68f7 bf276f8e be98f248 3f5719ca 3ea54a5a bee042b8 3f3a399f bf483be2 3f12d78d bee792bc 3ee0b2cf 3f417fab bf14f589 beb396c8 bd54906f 3f15c75b bf42fdba be5f1466 be891694 3edd5ace 3ebb52b4 be673cf4 be2f7c96 3dca37f4 3f233193 bdaca8fa bf6cce02 3f091d90 3f57e3ba bf720216 3f3b2bb1 3e2dc49f 3f47c39f 3e28d457 3d23efd9 be6c0470 3f71de0c bf7a1e2f 3f4c43b6 bf156761 3e9de691 be9d125e beefcedc 3f3e559b 3d84d8d3 3edbe2e9 3f5a63d5 bf1c4376 3ebfb2ef be776cc3 3edff2b4 be261447 bedd9295 3f438bb6 bbe97717 bf1b5b91 3f0f8194 bf735df3 3f27efa6 bda28684 be853a8f 3ef5f2ae 3ea06672 bea11641 bf5221a3 3bb58ab6 3db15989 3eceb2d8 bf34e57e bdd8f80a bf6943f7 3ebf3a5f bf62b7f3 3cda5981 3e38e3c7 3e2ea4a9 3be77b66 3d8118eb 3f11cd8e beb91a6f beaa9a96 bf46c9c5 3f7001f5 bf3e3b9b 3eb53ece 3e9dde70 bed90ea8 3f2f838e 3f6db9e1 bf5e73e2 3ef962f3 bf0d7b81 be72a487 3ecace76 3e255cae 3f22d593 3f4b8dc1 bcc7e180 bf127790 3e325ceb 3f1c937c 3de7379b 3f2af99f bf7c6a4d 3f4dc7bd bf25b7a0 3f03ad71 3f461da4 3ee83b05 3f198b8f 3f32cdb1 3f7b6c5a bf6dadd3 3f74ec0e bf331fa9 be32ac65 be8bea58 bdbb0861 3e528d52 be9792ad bf74680e 3f7a8824 3eb77e99 bf5ff3eb 3e249474 3f20e18a bf29a388 3eddc6f2 bea24e7a 3dcf49f8 3e994e7e 3f7b5c4f becd16b5 3eca66f7 be5f549f bb5b1606 3da2a83b 3f7aa034 bf2d5dad 3f7ef85f 3e854e6a 3f2c958b be405cf2 3f4255b5 bf726a06 3f0d0983 bf386f93 3f5d5fef bf295bab 3f3a99bc befc070d 3e3094e5 bf232560 3f4f99bc 3f019d4a 3f453fab bf75e40f bf12dd90 3ea416b3 3e4e943d 3ea9468b 3f451bb2 bf5211ce bef6d714 be8fda7f 3ea78ecb 3d3911fd 3e65146a bdfddaa1 3f1f75af 3e69a4e3 bf14816a be12ccc4 3cd6e442 bee9a6ed 3f6b03eb bf32afa2 bf6477e9 3f242ba0 bf23af8b 3f31c193 bf314379 3f07d37b beb596b1 bee76af3 bd96691b bf337192 3ef0ee9a bf7c8c44 3db588b6 bed3decc 3f48ebb5 bef3beac bdce38a5 3ee366bb bf27f389 be35f4fd bda9f8bd 3f71ee1a bf715df0 3ee0becf bf46e19a be6aec87 3f0b8786 bf3ca7b4 3f3361b2 bdf05919 3dcb0803 beb616a3 3e8d8e78 3f171f91 bf628bf2 3f6759f6 bf522db3 3e82c658 3bdd9256 be824271 3f3b7fbb 3f270db2 bde838ac bc5d4569 bd4d5149 bea09676 bbeb7db7 bd625086 bf428188 3f379b8f befe7710 3f4961b7 3ea21a33 bd239074 ba144ba1 be5a5cac 3dbaa8e5 bf4099b4 3f22afb1 3ec92ad9 3e0614f9 bef73a97 bee0a6fb 3f331380 3cbbde5f be2e751a bf6c77f0 3f4e23d4 bed37aaa bf260d83 3f72a42a bf667c00 3eb59283 3e519cb8 3ef59ed3 be9296a8 
bf5bddd0 3e4cb511 bf10b171 be5d1497 3f1f0972 3ea80a6e bf15ef7c bf583ba9 3f4a45a5 bf58c7f3 3ee5d30a beeb9b15 3f3e9fd3 bf0f9d76 bf21e1b6 3f000f7f 3f4897d5 bf78081b 3e968a3c bda5599a 3f322d7d 3d71f102 bf55efe3 3ee21ef1 bf055d73 3f3f7fb1 bef71656 bef272b1 3e8b3a67 3f653df4 bf4837c9 bf228382 3f6bd3f0 bf5f03c5 bea856b0 bf73da26 3ecb1a85 bf013b5d be5fb478 b9c82ffe bd3d3168 3ee6f2f9 bf19b97a 3f0f8f6b 3ed6d2b8 bf53d1d9 3f4f8fa2 bf74c62c bec1daaa beba2e9f 3e303485 be889241 3f2671a4 bf76c40e 3f5f5dde bda138f1 bef422b3 bcf4e034 3f5a3fdc bf41aba2 3f6187dd bee7e6e1 bdc3085b 3f2d6ba4 bedabac3 be989e67 3e03b49a 3f4885cb 3e580cba bf5e97c9 3e6374fa 3e532c5c 3f37d383 3e7c1525 bdb548c4 3f79c00a bda31756 3eba96ef bf6bc006 3f49d7b7 bf785418 3f31a3a2 bf1d0787 3f5b73df 3f54b3a8 bf3937bc 3f56f1de bf5f99ca 3ead0a9b 3b1eddb1 bf29477c bf19d16b 3e93aeb2 3d54f26c bd8a1881 3f279372 be6d94c5 befb26be bf2a6da6 bf6dd7fd 3f0aff71 be803e93 3efe46b8 bf6819d3 bf1fb39f 3ebe7ee2 3e20e4ba 3d0e4fba bef2ae8c bb938988 bf66c5ba bede42ed bf78e81e becafabe bf61efe8 3f3e3fb2 bf2ad9b7 3f4cd9d0 be950a7d 3f012776 3dfaea1d bf5777cc 3f5f35e3 3f2b5b6e bf1eb570 bf37b198 3f73ba17 bf476bde 3eb2d6dd be745493 3eb9fae4 bef3fed5 3ba19276 be93c6ca bf199f71 bf10eb65 3f4dad99 bf4c3fca 3f16bf9b bf63c9da bf068392 3f192b71 bf37a7a4 bf0af571 383d5404 bf661fde 3f7c3030 bf00c97c 3f6afdef bf645de8 3ec5d2ea bdff890f bdd36892 3e4bb538 3cdf6521 3f58cbdc bf574db3 bf5c5996 befbfaa3 3f766c24 3ed7a6cd beaa82c3 beb282b8 3d7b4f8a bf59e7cc 3f7d2451 3e30c518 3f44c98c bf5bc1d4 3f048152 be759d78 3e35349b bf67c5be 3de87918 bd08ef24 3ef73ee5 3de389ce be785441 3d8df89e 3eae4a5a 3f1f6771 3e7d84c5 bf64ddd9 3f77860e bd8e98a3 bccea3d3 3d786fba 3f29e196 be239d68 3f0db58f be91e264 3f69bdf2 bf358f8f 3f6d0dcf bf5771d9 bced5be3 3f31918f beec9ace 3f3c4bd3 3e5c1cef be83964c bde908d3 3e35f49e 3f0f5fa1 bd28d0bd 3ead72ae bd0faf28 3eb94e93 be9182a4 be78a4b5 3f6dc3fb bf75d218 3ebfd6ab bf292b95 3f5e13d8 bf28a79a 3e205455 3f34f391 bf504b9c 3f1f319c bf1b0b9f bf34af8e 3f2fe973 bf21e9a0 3f056972 3daf98d6 bef4b314 3f12cd6a 3f39e9b6 bf164d85 3e2b8497 be3ecc5c bf57b1b6 3f4f61c2 bf68340a 3f36b3b2 bea93a94 3e5494fc be5fa4c3 3d552de0 bf68e3ef 3f22a1c2 3cc8a20b be2e6ce3 bf0b058d 3f56f7b1 bd34f0d1 3ecf9656 bf1edf88 3f6e1617 bf4ea1ef 3f46b7ca bf62f9e6 3e020421 bf0a5b74 3f32f39e 
3f10fd9c bd17cf16 3cff5f54 3f23f79e bf3b559a beac3670 3f7b720d bdb4d898 3f119985 bed5228d 3f1e919d 3d1011bc bf76aa32 3f6973e6 3db91892 bf261593 3cde209b 3eb1cebd 3f0d297e bf783230 3f1e655c bf0e338f 3f52f3d3 bdad27de bf19d372 3f483dad bf4345a7 3f754e2a bf07e15c bf2df1ac 3f5877c4 3b9c9602 be997258 3f29f96b 3f217f73 3f279191 be76a499 3f03df86 3e6eccae 3e8c6a76 bf147183 3e488d1c bd5fb0fd be994e8c bed4e2eb 3f734a0b bf4165a5 3f04d958 3f7ba62b befcfa8f 3f5fe1dc bf78f23c 3eff82b6 be798cc4 bd308fc9 bed4b6d0 3f7eee7f bf69cde6 bbdb8303 3c82dff6 bd10f22d be32d46c 3e561d0f bf30559f 3df5694f 3e22b413 3ea1329f bf6c4a15 3df5f8bf 3f61e5f1 be450c8c bddc797c bf7ad05a 3ee97ea3 bf3cf7af be25c4bf bf4a39b5 bc4f421a 3f47919c bf32bfbf 3f611fd4 bf4f5db5 3eeb06eb bef06ebc bf6e6401 be538cd3 3e042d3e 3efd4eee beedaabb 3eae628a 3f20f96d 3d475151 3eff66c2 bf60adc7 3f6551e8 bf7ccc68 3cc3dcf8 3f2351ae 3f6601d2 3f3b47c1 bf3ff1a3 3f4517db bf47b3ee 3f719221 3f3f8ba0 bf16377b beb9b25c 3e88d29f 3f3b598a bbef82fc 3ec2f2ca 3f6b53db 3f796829 3e9ca668 3ee2baa0 be8bde8f 3e4eb4a5 bf0f3d8f 3ecd2aad bf1ba571 3ec18288 3f042f5c bf08916b bf4be7d4 3f2d37af 3e1724a6 3e49ec36 3ea1d2d5 bf4b07b7 3f6dd810 bf44dda4 3f230393 3f190389 be989256 3f2d0f85 3f18ab7e bf30fdbb 3ed1529e 3e92f277 3ebc4a99 3f7059fb bf7187f0 3f76a1f7 bcb65ff7 3ef3230d 3ebd8ac0 bf1b7b70 be99f67e 3dac7858 be1f147e 3f3bdbca bf44e9a7 3f2f37a3 bf24f399 3dca6964 bf6a0dfc 3f50c1db 3f6d7803 3db298ab bf13c556 bef7eee0 3f5b25de bea55e60 3e83da75 3f0efd81 bf5511b1 bf11356b 3dc7591a be22647b 3e3e74ae beedf2a5 3e83ea7f 3f209ba2 3e0cb3e4 3d96089a bf01958a be2e5456 3f40d9d7 bf7d608a bde9d993 be8d2e61 bee0b269 3f70fe01 bf4c17bb bf5865cd 3f4b4dbf bf5b0dcd bbf96c70 3e217cd9 bef9a734 3d17d047 bf25bba4 3f688c04 bf5281a7 3f312bba bdf4c89d be812e55 bda2586b bf71c614 3f24eb93 bf6399cd 3f643df1 bf294970 bf5827ac 3f4339a2 bf363b91 be899a47 bd2c8f83 3e3e4ccb beb23e99 bed3d6ae 3f10b56f 3ef382aa bf0ac35d 3d9a6831 3b957f79 bd9f576e 3e919628 bf596fc6 3f547fc1 be98427b 3f2559a1 bf47f5d5 3f4ec3cf bf290bbb 3e141bdb 3f2a399f bf390b9d bf5017ad 3f1a2d68 bf096175 3f795839 bec86272 3e556c82 be52a4af 3f4e21d1 bf45dfbc 3f6721e2 be9e5ab8 bda1686d 3f11c97a 3f10bd95 bf7d0058 3f7b602a bec842d9 3e25bcdd bf20f58d bb04f651 3e0a13ff 3e889a70 bf1cc99e 3ec89e60 3ea76e1e 3eefe28a be7d8c92 bec0c2e2 
bf75743b 3ef2b2ae 3caa1e4f bf3a5595 3f76441c be900e79 bf267b80 3e862a54 bf6b7418 3ef0da8d bf2a03a2 3e4e0c78 3f2a3587 bf4237a7 3ec71ed2 3f1daf8d bf18fb6d bea186b4 beab4abf 3f5af5b7 bf7bb82c 3e589c8e befbfeeb 3ebc6b0f 3eb842b0 bf0ba17b 3e18a46d 3e813eac beb25e87 3f1481a2 be9cb6b6 3e155cc5 bd4bf195 bf2c8da4 bf100d64 bed2daab be95fe9f bddf48c6 becce2a0 be98ae83 3f5967ac bf38cdc3 3f5ff7d5 bdd4e8e7 bd0cf017 3d76af97 bf07376b 3e9fe6a1 bf185992 bf24919c 3eaf1641 3ea8329a befedb12 3f4f77d6 be207408 be2fa4de 3ce023be 3d290ee9 3f5f9fcf bf59d7bf 3ee086b2 bd8806b4 3df088ca 3f012178 3d34b173 3e0ca3a9 bf2a15ae 3f5939c9 bf225db0 bea70adc bf123d79 3f7f5e89 be3c1444 3ed4d294 3e657cce 3eb956cf 3f6425f9 bdca7890 bef55ed6 3ebbee96 bf12ff96 3f3d8dc0 bec192b3 3ea1a28f 3f3e1d95 3f694fec bf11cb70 bece92b8 3ee0ef15 bf2d4b7f 3d8037e0 bf5c19d4 3f493992 bed32ece 3af23ab0 3e2eb41e 3f1f237a bf6d3228 bf4e21a9 bf1a619c 3f27339d bf5f89c2 3f3a89a9 bf680dfe bec8be95 3e473bee 3f6263dc bf5bd9d1 bf5e0bd9 3f17d98b bf1c1da4 bf76a82c bf287bbe bf5cb1ef 3f418b9d bf5cdbed 3f5f6bc9 bf16db7f 3f148b92 be8c72a0 bebbe26b be7e9d47 3dbad965 3f506bca bf1ce58c 3e8672fb bf79d61f 3d564e9e 3f5bb9d8 bf7a1a32 3f031199 bf0c6ba2 bf29a1ad bd8c3892 3d9dd806 bf662ddf 3f4945c9 bf2a93a9 be44248c bf6c6beb 3e318cd9 bf26dfae 3f1ff986 bf76380a 3e1e0c58 be775d1b 3db08759 3f4991a8 bea71282 3e962274 bf49abcf 3ef78b0d bf0c4994 3f6adddf beb9f632 3f5f07e3 bf4d77b6 bf115360 bcdda093 3ef6572b 3cfb2186 bf743625 3f5943c3 bf2f01ae bd4df2d2 3ee03eb5 3f5e89bc bf17ab59 3ef86f0c 3e2a549b be87e635 3efd0ae9 bf5fdfcf be9a8e76 3de6185f 3f21278f bf1e09a6 3daed8b8 3f08277d 3f7065ee bf25178e 3f10c558 bf4901b1 3f70ec1f 3f3b21ce be87ba71 3f2da1a3 bea8be8b bd849886 3dedf90a 3f748809 bf4e57cc 3ee986bd bf59c7a8 3f0f456f be7bad0c 3e453cb9 3e19046c 3f7bc029 bf19f574 3f7a3635 bf6317f5 3f4e77c9 3f335dc9 bf2b45a1 3efefafc 3f565dbd bf1fcbc1 3ec0ead1 3f124f90 be0864b1 bd76effa bf70941b 3f79222c bebb0299 3f2bd380 bf4ad9bc bd8138ff 3f78cc1d bf0cb17e be53acf5 3e77bc88 3efbaeed bf70adfb 3f6f77fb bf220f9b bf172566 3f7e805b 3c68c176 3f4e03d3 bf56bdc3 3e572c82 bf04c379 3f636bbc bf05a96e bf405fb2 3ec94aab bf05995b bee3ae9c 3f6fc016 bf6e51db bf33b1c0 3f5419c6 bf077f83 be571ca9 3ef48285 bea4da79 3f70e1f7 bf6155c9 be55748b 3f5e6fe3 bf3f7dbb 3e014c43 bf73741a 3f13ad85 3f449d99 
3e8c4284 3e20047d bf2e4198 3f5fabca bf6bbdf6 3efb0ad1 3f24dfb8 bed896b8 3f5de3fc bbf27fe6 3ee80683 bf7e463b 3f6805dd bf506da4 3e7de4f7 bf7c9658 3f62d402 3f7a1a1a bf6fec1e 3efe7725 3e86fa72 3f55d9bd bdc5d7b0 bf49c7a4 3e15a3d8 3e1ddcbd 3e95029c bf6dec1c 3f350989 bdffe8cb beea92f6 be3334bf 3eb1c232 3f0c2d75 3ee24ee0 3ec9f68b 3ee3b6ec 3e5ff478 3e9b7e67 be9062af 3dd578bf 3c674893 bf63cbee 3f241b96 bf02c370 3e6cfc8e 3f4733af bf449584 3f1de9a2 3f45dfa2 bf21259f bbcd7fc6 3eaa6e62 bf6d59ec 3d6251aa 3f206b7a bf1e0168 3e9f466b bf5f85f1 3f25536e 3e9362ac bf4b25bb 3f115f6c bf4595a6 be82da37 3e9d5e7c be5cb43a 3f05e142 3d03b06b 3f3f1d95 3e982a4d bf70e3f1 3f28b784 bf763e15 3e2cecbf bf1d6d99 bf4ef9ac 3ee06acc bec5aea0 3f1d2378 bedac67c 3e0b24b1 be9b7e8e 3e5fac7b bf781823 bf2acbaa 3e114cda 3eb89a77 3f0a3b6f beeabf02 3f3b739b 3e8b364c bf7c4c60 3f57f3d6 be71ecc1 bd3df058 bed202b1 3f157f79 3f6b1e05 bd1c515a 3efed2f0 be892633 3ef6a712 be1fa460 3f53d1ca bf2b59a4 be6954e7 3f386595 3f5be3ea bf7397f2 3f485dd7 3f784446 3eca92bf 3f234399 bebf6682 bd466f2e 3e845633 be8fa25c 3e70ecac be6dc536 3f7e5463 3d2af0ee bdc5a982 be80b697 3dca285c be06a3eb 3f7bb632 bdf89819 befc4ea8 3e972684 3ed5de80 3d1d71ab 3f463dbb 3db73828 3dba3876 bd620fd1 3e1cac25 3e948e44 3f3775a4 3ea2666c 3dddb936 3f42e7af bf3b11b6 3f7e145d bf0a5d82 3e99beb5 3e3a5ce7 bf013365 beda26b9 3f161f89 be823692 3f7a383f bf0e0f5d bec1767b be05fcc9 3e930a21 beac128e 3f7fba96 bf04895c be6cece6 3f55cfb0 bd413112 3e601d0f bef2f726 3f35f99d bf362fae beb446b6 3e18e50c be0d2cb2 bf32c781 3f6b981a bf5bafd2 3f030591 3f6c8dd1 bf7391ff 3d010f3b 3f1d1ba3 be56dc76 bf34879b bf5ea9dc 3f009181 3ea3ba78 bdc628be bf60fbd8 be8c769d bf40c3b8 3d75d0c9 3e30fc9d 3f07a750 bf7fe0c3 3d7c50e2 be8d0637 3f666fbc be30bccf 3ed3dac0 bf45b3ae 3e9fe25b be37f525 bf03e37a bf0d437b 3dc6d8e8 bd8c479a be782d3f bf0f1191 3de82948 bdb158f5 bf7a444a 3f264980 befebeda bf479bc3 3f0a9b79 be4b2c4c 3f4355a7 beca7aef bf1c277b bce86388 3f36c3a3 3e140c66 bf740a0a 3e741d6e 3e44dca3 beb47e92 bedd268f 3f239393 bf00f375 3f23cb96 3eab7e5c beb40ab6 bf521dac 3e1c4514 bea276a9 3f5477b9 bec4fa84 bf136d89 3f21558c 3f0d952f 3e47fc03 3e81a278 3f07596b bf5d05d6 3f5141b5 3f36efbe bf61e5d4 3f5f7fc7 bed56a72 3eedd31b bedc8a9f bea1a26e 3f60dde3 be8d162d 3d4cd18c be89c68d 3e880690 3f71000d bf5917bd bf11d16e 
3ea1fe93 bef47ef6 3f616bce bf29eb92 3f2af7b1 bf17ed8c beedd6b4 3e438ce2 bed43ad5 bf5753cb 3f149f5b 3ed8f6aa bf4a4bea 3f4455ad 3e5ea4b4 3f193588 bf75f611 bf46d589 3f2bc3a8 be9fe2ac bf547fd3 bf37a9b9 3dca5962 3f678bf0 3e62d568 bf4e25bb 3e8f6a69 3f2c17a3 bf3695be 3e32747c 3e8e467f 3f57b7b1 bf77ea3b 3e01fbde bf6de205 3d560f83 bf15a371 bf57d3e0 3f20037a 3c9d207e beab66f6 3f174da2 bd763081 3e870a6d be1483c4 3d5570fd bf7559fb 3f69f00d bf1d539c bf11b577 3f4515b9 bf36637a 3edb0ade 3f12438a be6a5c5b 3e112c95 be843625 3e874a5f 3f06ab78 bf6e180e 3e4c7c4d 3e03f4d1 bd8899e5 3e911a75 3ea562b9 3e1c1c5b bedf26e5 be044ce5 bf28f596 bf4e93af 3f3adda3 bf3d15b9 3f731bf9 bea90e96 3f4a77bd 3e1e03c4 3f3c67a6 bf0e53a1 3f4561c3 bf62b3b0 3f3511b8 bf08b765 3f091785 bddaa905 3ee76f0b 3f665dd8 bddd7906 beb38e97 bf2b7982 3e29a419 be4a845d be291c7e 3f3705b9 be68cd06 bf17516d 3f78c9fc bf4ff7d6 3eb91e71 bf6dc3f3 3d2d1195 bed8b2a6 bed19e80 3efcd2f7 bf6f93e1 3f1eaf72 be79ecce 3e1d34f1 bf5a8fc1 be5764a4 3f3e1ba7 bf633204 bf1e5f8b bf219f70 3ec832e2 bf31efa1 3f7c1a3b bf3f05b6 3dbe088b bcf35db1 bdd0e852 bf19a156 bf50cbb5 3f3d05c6 bf152b81 3f110781 beed5e9e bdd498a8 bf29ff83 3f5865fe bec7a6c9 bf09f164 be4db446 be764cbd be9ff6b5 be97a6a0 3f4c1bce bf20bd8b beb43278 bf75a7f3 3f07c386 bf72aa0a 3d91e85e bea4ee86 be3c3cc3 3f19eb7a bed90ae9 bf2e8f95 3f717625 be84c6bc 3e9846c7 bedd1a90 bf55a001 3e9efac0 3f40a579 be0e9473 bf502bad 3f5627ce bf61b3e4 3f2c976b be232cdf bf71240b 3e34649b bf0f8958 3f7b6439 bf1c0d8e bdc9c925 3f42cdb7 bedb3eb6 3f09b968 3e986ed3 bf43d39e 3f3807a9 be1b8406 bf3a1dbc 3f4227a8 3de628eb bf6275f3 3eb26a8e 3f341ba0 3f5519c9 bed76667 bf61dbed 3f4fd3c4 3f10f966 3ea12a59 3f767836 bdd6d804 bf413b8f 3ea22e84 3e8f49e5 3f2cd998 bf0ab384 be962a6b bf0ecf75 3ea28e9e 3ddba966 3f1fb990 bf64adf5 3f6731ec 3f18fb5e 3e7f7556 be936283 3ece82d8 bc29422d 3f3b35a4 bee47ac1 3f7d5a50 bf016d59 3f2cfd97 3e8c0e5b 3e07ac4b bf032d82 be56fc6e 3e9962b0 3f2f79ae bdd1a874 bf428f90 3db877e1 3f0165a2 3db3a974 3ee396d0 bf044158 3f7cb842 bf010b7c 3dce39eb bf116971 beaf7a9c 3eb946bd 3f17b77a bcc3227e 3da1c8bb bea94a8e 3e55c4e9 3ee80acf bf1f5d6f bee13a8e be9e4a43 bf37959b 3ea3ca7f 3d90b9fc bf5681e9 3ede02a8 bf24e371 3f023377 bf08d56b beaede7a 3f586dd0 bf400b8e bda1589a bd464f8e bd3bd13a 3f09975a be2b5d29 bf77160e 3f7cf229 3ebd7f12 
3e0c6488 beadde84 be641596 3e2a4485 befcdef1 3f78dc38 be8b5e6a 3efafed7 3dcc579a 3f601feb bf5721c4 bd8fd7c4 3ef08ae5 bee142f1 bf39cb8f bb0b134f 3f43e7b0 3eaeea90 bdaf3a9e 3e89da45 3f5e59c9 3f4bcfce be64fcb1 bf4835b7 bed9bab1 3f58efe9 be2e5cf2 bf199d77 3ee3dad7 3e28641f bf0effa8 bf11fbad 3ed4e6ce 3df7a93a 3f411dab be4114a9 3f63b1ec 3f4c7191 bf75d640 3f10e38c bf70a7f1 3f4c95bf bf247b78 3e02abef be785ce9 3f1bcf5e 3e2a5ce1 be84ce48 3ecc9ab7 be315bac 3e267480 3e2f8d09 bd98c85f bf053971 bd4b9090 bd19f2b6 bcf2e1cd 3e841a82 bf112967 3f711a11 3cfe9fec beb42674 3ee4a2c6 bdb317fc bf21618b 3e560cbd 3d48f0f8 3f21eb8f 3f1b1d86 3f39a1bc bf5231bf 3f785033 bf7dd442 bd8298c9 be8b0a6c bf5055ae 3eaeaa8d bea8f2bd 3e5eb53c bf153d8c 3f6639e2 bf33f9a6 3eaa223c bf0eef8f 3d8d4858 bf48d5c1 bd41afb1 3f14e976 3dd7a90b 3f55c3b9 bf19b38c be829a4e 3e770d0b bf5273c1 3f757218 bf2ae7b0 3ecaf2f5 3e8a6692 be7cc4ff 3f3623b0 bd8ef92a 3f6221e6 bf189f66 3f3661c0 bf3ba3c1 3ec23e7f 3e5ee3f3 3f697601 bf531dc9 3e1efd34 3ee02731 3f33c391 3e7a23cb bf13918e 3f26a180 bf2bc178 3e56cc85 3f499383 bf0f7964 3ef1a6e8 3ea2ca6a 3f5c55c7 3dcb28cb bf16678c 3f598bd0 bf5803de 3f791e33 bdc869b4 be2c7527 3cf4222c 3f4b8fc7 3e78a4bf bebf569d 3f3041bd 3d339138 bf2789a6 3ec972cb 3f2cdb87 3f4859b9 bf38d5b9 3f645dbd be2c1491 3f67cbf9 beec5299 bf09af5f 3f3bb9a2 3f24bd7b bf4017b1 3efc52fd bf334ba3 3f44039b 3f172383 3db117cf bf7d9859 3ec4f2f0 3f7fe8b9 bf396586 3e6e34b9 be9d5a97 3ed8e2c9 3ed322e8 3f3a47a3 be8ab678 bf19cd6b 3e8d8274 3f4fedb6 bf79a61a 3f1aff7a bf7e3269 3eea9a7f 3cdce110 3dd0e8f3 bf6581c4 3f6e0fe9 bf5a13d6 3d52122e 3f18b79a bb2b1e2b bf310391 bf61a1fc 3f20b3a1 3f311f93 bf79ae22 be67851d bf0e5588 bf6807dc 3f05df50 3e4d1474 3d01719a bf243199 bed906d3 3ee40ae9 3f19b969 3d274fc5 3ec24a80 bf746a11 3e1c9c38 3e9372b4 be7a5438 bf5a67cd bf1fdd8f 3efecb0e bc4746eb be909a98 bf01036a bca16232 bded59a3 bf15037d 3ec2b24c bf777a14 3e2994c1 3f1bf181 3d7170e3 bf13f39a bf1a0191 3f6c7802 bf1a856b 3f6293e3 bf40cdb8 be2ffc36 bf4941a1 3f4f0dbf bf4087cb bee1b6b3 3f64abec bc1c4081 3f4c23f9 bf4a67aa bca51cbf bd109053 bdebb82d 3e7fe46a bf2bdd8d 3f3663cc bed62ab6 3f7b843b 3dff08fb 3f2d5f9a be9bbaa0 3e94ce66 3e93b29e bcb05e72 3c9c5f74 3e249cd1 bc59be07 3f5291ce bf77bc45 3f7eea75 3e7b7cd2 bedccac7 3e8eb298 bf5191c7 3e85ae6d 3eefa2ee befbaad6 bf5817cc 
be5cacd9 3f76624a bec9e694 3f051363 bebcbab7 be9ae6e1 3e0c7d03 bf143d4c be35ecd5 beda12a8 3f1e138d 3dd84841 bf2e439d 3f432fa1 3f207186 bf1dd58f 3d99493b bf111f79 3e162d52 bf5ae1be beb566ba bf5267b9 3df77983 3f444596 3e729495 bef89ec4 bd4e6fc3 3e51fd2d 3ed28a58 bf72adf3 3f4ddbba 3f214ba8 bee9b2c0 3db3d7fd bee71af7 be616dd8 bf5269d0 be8cb6bb 3e157c2f 3db10768 3f781426 bf4e01ac bdfa8a09 3f5653ab bf4621c7 3e508ca5 bf3f81ac 3f36f5a3 bf5939d0 3f7f368b bf59d1b1 3e342ced be9e6e91 3ecd628e 3ecbd6b2 3d1d90e6 bc0b3a61 be297c80 be8a4a68 be0b5c48 bf5285ca 3f5923e5 bf7e4254 be0284ea 3f7f027e bf3abd9f 3ecbceb1 bf71e418 bf57d9bb 3e66dc86 be8742be be84866f 3f4ef38e 3b847cc6 3f6b65f4 bea6aec0 3f15a986 bf2b5d91 3eef26d7 3ea25289 bf409bb5 3eaca68f 3eac5692 be6bdcbd 3f6c7201 bf3c09c9 3f65201a bf5607e1 bd770ff1 bf526fce 3efef6d4 3f4811ba bf23777b 3f777c24 be8dce53 bf0c7565 3f2ed57d bf725603 3f3537c7 beece6c2 bed8d2ac bd66ef58 bf4bb5c6 3f6d561d bee852c0 3e904273 bf70b61a be9e92ae 3f73521e bed3eac3 bebf6e6a bf30eb8a 3f0e7d8b bead5a90 3f48adbd bf0e398b 3e10fd28 bef252c5 bed68e65 3f2b1f97 bf79e02f bee19292 bf273db5 3f375bbe bf25e1ab 3f00b54c bf4615be 3ea102aa bd7e5334 bdbc584e bf3dd5af be92126e 3f6139e2 bf7b783a 3e9aca6b 3eb242a7 bf070583 be262c4e bf6d8de6 3f1c47a9 be180d44 bf01a563 bf1b0d90 3f2e2d84 bd9dd7ef be94de66 bf5885e9 3ec062c3 be9c7658 3edcdecb bf09056e bed832b7 bec4fea5 3f78d403 bf328f86 bf15cd63 be01e458 3f60b3c3 bf2f459b 3e5fc4c9 bf555fc8 bf21698e 3f02417a 3efb86dd bef8a31b bf4a43be 3f247f7b bed12f0b 3f6d39f4 bf04df81 be02abc4 3dfda9e7 3f74f80d bf0ddd7a 3f7ba22b bf354b90 3ef4f705 bf795614 3f5963cb 3f53e3cc bf6a0bf5 3dddf8a2 3f05c16f 3dd7c886 3f40cf7f 3ed93e7b bec4a6cc 3c343408 3cbde0a3 3ec2867a 3f5a31c3 bf78823d be48fd30 be18ec59 bec9f6d8 3f741416 be33a453 be4d94b3 3dc6b9bb 3f64e5f0 3eda42b4 3dc1a848 bf53f9d5 3f37bbb2 3e5c7d58 3e52a4b6 3d9a280a 3eca0ab2 be665496 3f44dbb6 bd0f5294 bf5b45c8 3e087414 3f7ca252 be3a8bfc bf294d93 3f5bd9f3 bf4affd6 3e758c6c 3f445bd5 3edadaac bf1fa1ad 3f25778f 3f2cb1a0 bf5613e9 becf92b6 be92e683 3e91be55 3d8357ad be7cac7b 3e2c34b6 3e809e27 bc154043 beb24eaa 3e23bcdb bf553fcb bd9007da be0af44d bf47ebc0 3f2a939f bf6145d8 3f16f783 befc2b0a 3edc5eed bf3823a7 3e214c36 bedf06d4 bd49d04b bf5d5bf0 3f2711a0 3ed772ec be226c58 3f47499c bf70d605 3f699206 3ef92aac 
3d3291e8 bf4505c5 bc8fddbb be6c452f 3f1b9f8d be39ccc9 3d431033 3f1a1983 bd1bb1f7 3ef22ee5 bf687fdc 3ebe9695 3f11b97c bf77dc0e beb20a49 3f786639 bf3d359e 3f1c8ba6 3d1d519f 3f6f320a 3e7e5ccc 3ebf528d 3ea4668b bf74980e 3eecfe90 becf6b06 3f45d9c0 bf0eb583 beb6569f 3f77602d bf100f58 bf5fe5e2 3f4a99cf bf1da18b 3ebdf2c3 3efd4ace 3f4bf9b7 beda4e76 3f5451e5 bf43a9b7 bf6435d3 3f7ca643 bdef88a2 bccbe298 be5644e5 3f6bc80e bebd3eac 3e540ceb bca61de8 be3b7bef be4de454 3f72fdfd be8dda54 3e58fcc2 bf4285b1 be88a68d 3ea5eeb7 bd5f3215 3f4841c0 3db3299d 3f1c01ac beadda72 3f6675e9 3ea9fa55 bf3cf5c9 3ebebaa5 3ccfe79e 3f2d8b89 3f5eabda bf1a097a 3f3517a8 bd442f74 bf246d5f bee9166c bf024d51 3da527ba 3da0b8b3 bd9c4867 3ea00e8d bf3b0dbd 3f4c21bf bed4c2f3 bd80a8ff bf041379 be496c9f 3f5e85b8 bf738228 3f70bc0e bdceb926 3f702625 bf5a1fb8 be7d7cae 3d790fda bf7f8e66 3f3a2b9f bed166a2 3f378390 bf4f01bb 3f6889f5 bf66ec00 3f737c1a be27ec8d 3f5b57da bf2fc9ac 3c7a36a1 3e9d26a2 3f161180 3c7cbba0 bf25dd6b 3e839286 3f41f3a4 be6ff486 3e82fa53 bf098395 bef4a2c0 3ea2ee54 3ee86af0 be1acd0d 3f70d9fb bf67ba14 3f04d354 3f77ca19 3e2e2474 3de64808 bebb56bd 3eec6aa2 3e968280 beef02ba 3e9a8e81 3c812174 3f61f5bc bda967f7 bf4a1fd2 3f5c09d7 bf119798 3e0f7c73 3f14a58c bedb76f3 3f7e5860 bf2e1576 3e674c3a 3d9878e4 3f44bdb8 bf5935f5 3f40a3b2 bdb71888 3eea36a4 3f3d4786 bf17296e 3f04616f be9c0243 3f2f31a8 3d85b825 bed73ec4 3f6373d5 3d9b68a2 3f02f962 bf1643ae bd350f4d 3f19f399 3ea3fe9c 3f26a990 bf2d5990 be6b3cf8 3f2a5977 3f033b86 bd869906 bd87b7ef beddd6aa 3e658c09 3ec84285 bf289bb4 beecb719 be88e650 bf51c9b7 3f6aabfb bf445bc5 3f6a55e8 be0cb4ba bf7ac62f 3f5c45d4 bf170f64 be81b24d 3e1504e2 bf4b39c9 3ca8e093 3cfde2fd 3b73211c be25644c be23ccb7 bf5199d6 3f0e5988 3f2085a8 bebade8c 3f3db7cf bf5ee1a6 bde6f8c1 3f028b5a bf350b96 bd80e8ac bf68ba00 3e9a8691 3e89423b bd65d251 be4c949f bf45aba0 3f31e9a1 bf72de0f 3f2b23a1 bf7a5a39 3e801a75 3f6485f7 bf04ef62 bf31c1aa 3f05d185 3e70c510 bf4f49ca 3f493bcc beed32bd bee2c2e5 be9d5e67 3e8c7aa7 bef036e2 bf5d3be2 3f5d59d6 3ecb0ab3 3e2fecd0 3df649a2 bcc25ec1 3edefad5 bedac294 be472d0e 3ec89ad0 be59758d 3ec8827e 3f10e198 be9e3689 3e6b1d89 3f5343ca be5be4c8 be67b4c8 3f250da7 bf4eb7e2 3f6bd7d7 bf2f07a8 3f380bb2 3ee2269d 3d68cf4a 3f3e5fd5 bf1aa96f bf49c3c8 3ede3ef7 bf4bf5b8 3ee466a3 bf3155ae be7e7486 
3c9621bd 3f315d95 3da60921 3e6f5546 bf5797ce 3f18bb76 bee262a4 be105c6a bdb8b847 be7e0cfa 3f530fd8 bf26c77f be90a286 3f3df1d6 3e539cb3 bf5fbbda 3f3805aa be6d9c46 bebe8ac4 bf475fa3 3c81a4d8 beb55af2 be9e7675 3f421da5 bf714010 3f6237e0 bf71442b 3f383996 3e012c7b bf5981c1 3f0e0d5f 3f01b75d bf26bd83 3f6dcdff bee68aa9 bef21efb bf25bdbb 3f004391 bf5d51d9 3f4241ca 3f293384 bf0d6d80 bee3da5d 3f1d2785 bf7d1e4e 3ecbbab1 bf4081d9 3f41f593 bf117194 3ebeb65b 3e79bc6a bf6ab1eb be91d2c9 3e464d22 3f030b73 3e980e57 3e146472 bf3eafb9 be3f744f bf469fae bcf5645d beea1eb1 bec69ea1 bf4bddb2 3f2a45ac be41ad42 bed41eba be88126d bf2f8bb2 3ecfa689 becb42ce be6f9c8e 3f5f61dc 3ee9baa2 3f1d9383 bf37a398 3f3539c4 bf5aabca 3f3e21a8 bf55b1e1 3f77ec2d bf47abb1 3f2d2b8a 3f5ecbce bf5811de bd7ef1da bb252f87 be669cfc bf149b89 bdd27821 3e910ab6 3e8e267b 3ed3f6cc 3effbecd be07a4e5 be2b34b1 3dd1b943 bddfb975 3e503509 be7f651f 3eb82af0 bef79b1f bf07717e 3eb05eee be347ce1 3e02745d bf498fc5 3ef502af 3ecc56e6 bf752c1c 3f05b364 bf42dba9 3ea56a6b 3f099380 3ec09ad8 bdb2d7a3 bf1ebf87 bd54b31c bedb16d1 3ec4dacf 3d5f8f29 bf3c41b2 bf741e26 3f73d614 bf44cfba 3e53c49d bef3c67f 3ea672c6 3e807aa3 bf551dab bd81b839 be441c60 3f17c995 be57bc79 3d8e087c 3d9fc80e bf6eae08 3f4845bd bec4ced5 3dfac883 be04f46c 3ed12a7c bf0963a5 3e852e7c bf584ff1 3edbfec1 bf10ff7a bf06b568 beb156af 3eee46a7 bebb6e99 bdb417df 3e981e81 bf37d196 bd8588cb bf5d73cd 3f0f2da5 bf4743bb 3f78263c bf554ba9 bf4b35af 3f4ab399 bf1a19a1 3f4177ba bf6c4609 bf0fc18b 3e62554a bea5229a 3f525fcd bf768a4c 3f24519a bd6b7294 3f4981b7 3f048992 3f62a5e0 bf6e5c09 3f0d479f bf16eb82 bd03902a be057cdd 3f44bfd3 be8a8243 3f4381bc bf5107cf 3f5a7bf7 be633c7d 3ddfc855 3dad0805 3e01747c 3d650eae 3f11af6b 3e2e1cf6 bf629ddd 3ed16ab7 bf5113ad 3f78a623 bed6eacb 3f0edfa2 bc8be402 3e96a6a4 3f2873b0 bef21ae9 3edbd67d bf4b51b2 3f26319a 3ec4968f bedb2f1a 3f4941a1 bf38d9b3 3f72c415 bebcce54 bf4f39c6 3f34fd98 3eb24662 bf7f2e60 3f6809ed be92ee9b 3e67fcbe be19c48d 3f703e07 bf6433b2 3f70b204 3dd6d9da 3f114d7b be22e4eb bf6299da 3e633484 bf26c58c be969684 3e4ef488 be65bc3a 3f1b099b bf4473d8 3eec52cb bedba2cc bef5ab01 3f0ceb77 be73ad7c bf388bbe be2db4df 3f161785 bedaa6c2 3e94bed5 bf233b8f 3f5f4dcf bf4bc3c7 bf42abca 3d294fe9 bf057f81 3f1ab762 3f3b33ae beb91ea0 3f10556d 3d9e19ff 3efdfed9 bccedfa0 
3e78658f bf3cc7c4 3cb02354 be4b6cab 3f263b67 bf254980 3f7fc094 bf69a1d5 3f5f6fe5 bf375f82 3ea2264a bdb1187a 3ed74add be97d2d1 bee91f03 3f5dc3d3 bf2b53b0 3dd878c0 3eb37aa6 3f197d6f bed06abb 3f3d1bad be09fcc3 bc9d9f5c 3f38bba2 bf22fd7b 3f22897e bf7bfe2f 3f36cbb4 be04a45e 3e638cdf bf1a05a5 3f24417a bf6a3a0d 3d732fa6 3f72ac18 be65a4bf 3eb4b66d bd8b575f bd776fc0 bf599de5 3f7c562e beed6eba 3e89f6a1 3f6aec0a bef8b2c9 3f1fe1b4 bf0ceb6e 3e562500 3dcd494d bed18aa2 3f3d87de 3f5b15d1 bf2affbd be0854db beaa0eb9 beb5c67d 3f5e63c7 3ee412ca 3e87625c 3f3dc999 3e0c146d 3f00b748 3f60c5f2 bf4c93d6 3f5031a6 be6014d2 3f0d0f9e 3d5891c7 3e0094da be1f4cc4 3f05a79c bf662bf1 bf396fa5 3d11f2e4 3e4c84e3 bec2eaf6 3f0db37d beb632ce 3f14cf87 bf3089ad 3e6874d7 bf3a8992 beb3fe91 3ec4aa8a 3ef6feeb bda79945 3ed92ed0 3f012f93 be14cc5e 3e7f04bd bf7f266c 3e56dcb8 bf6869eb 3ec026a0 be52dd06 3d4a8f72 3dd468f0 bee966ee 3f1e759d bf607fc9 3effcab1 3e7efc65 3ef48ef2 be7e7d24 3c6fbada 3dbcc8b3 be5bcc91 bdafc942 3f52d7a3 bf36239f 3f7ef475 bf08274a be8b4251 bf225366 3e859e87 3e8a826b 3ef05306 3d797150 be249c9e bf027393 3f72be1a 3eba52c4 beb6d298 3ecfaab9 3eb686a1 be5cc3ec 3db24790 be43dcf7 3ecf16b5 3ed516f5 bebcfa6f 3ea492c1 bf405592 3f1373a5 bea1eaa2 3f729416 bf1f6565 bf058959 3f0d4d62 bc423de0 bf5a81e0 3e896669 3ec8feb8 3f282599 bf05d58d 3edb76d1 3ef37ec5 3f60e9e1 bf7d2665 3f3b9fb7 bf5129cd 3edf62ad 3db398a8 3f624df9 3ea8268b beee2edb 3f3e2d9c bf13eb77 3f2e1597 3dd3a8f7 be43b4cd bdbf792a 3e270d68 3ee9b2aa 3ecd3e9a 3ef09303 bf18577b 3e8226a1 3e81b6ac bf0b1763 3e5d7d03 bf61ca08 bf3713ad bf5839c2 3f12fd92 3e911682 bec682b8 3f5c71db bd2d30d5 bf033566 bf6849d0 3f371bda 3dfbba05 bea43ab1 3e15940c be262449 3b492a5b beac42b4 3f06f17b bf7c365f be387d49 3e3e54f2 3ef3db05 3e5b64e2 bf016575 3ead067d bf731a29 bc4b3be5 3e144510 bf637dd1 3f30438f bf1b877c 3f5ec008 bf6ad5f8 3f44aba5 bf7eb295 3e8ef666 3e5c4cca bf057176 3dde39bf 3f77c809 bf63b9ea 3e2fcd2e 3f577bcb bf7c7435 bd4bb16e 3ee83eaa bf79b832 3ebf8ebb 3e974aca bf0f7588 bf5481a2 3e71bc9f bed36ad6 3f2d75be 3e56a47e 3f43a1ad 3e3e34e3 3e800ea2 bf219d77 3f2f27b9 bf255f89 3f74344a bf69dfe1 3f685deb bf18358d 3deba902 3ebfc6ca 3f4fb7bf bf6749fd 3afdd37e 3ed1d6e5 3e4b448d bf55b5e0 3f683013 3f0f597d 3e789ceb 3e5f8ccf bf76fe23 3e3ac4e5 bee21eec 3e42741f bf5183d6 bd03701d bd39330f 
bf3fc1c5 3efc5eb2 3ee74ead bf247181 3f246d8b befd367a beb08e7f 3f0c9360 bdcad93c 3e4214b2 bf086b63 3f12b583 bf1a239c bc922098 3f1dd377 bf346daa 3ed1c2ad 3e7bbce1 bf5cc3dd 3f5f6dde bf65f3ea 3f0f79a1 bf776e0b 3e7ad50e bf10cd77 bcf2a120 3ec5de58 3de7598a 3e0b948f bf6393c3 3f7e4c67 bf634bd3 3f036b67 3dd26887 3ed50ad8 bf21f16b beb9c276 3eff2efb bf1b7db0 3f5c95bf beb3ee67 bed2c2b5 3f400797 bf5637c6 bf2e617f 3e98c2a7 bf198598 3f76c807 bf6c380f 3f1b2b81 bee956bd be3a1cc0 bf6235e3 3ec922bc 3e77ccb7 3e2a7c0c 3eb182bb bf44ada9 be81d255 bf3c15b1 be907284 beb3b696 bf773a2d 3ef462c3 bf58d3cd 3e914264 bf22db6e 3f1fe77b bf7167ee 3f4439a4 bed0bef2 be458c5c 3f6f91fe 3eb84aaa be819a64 3ec7f2d6 be06c4f2 bdcbb83e bc66c3a6 be828a6a 3e704cd6 3f071b72 3f3e8fba bf15b78c 3f10a375 bf6c5fed 3d576f5a bf0b4397 bdaa0973 bf40ada3 3f4f69d2 3e31848d 3f101d70 bddff875 3ee712c8 3d9a8804 be94529b 3ef936ac be7ba4f6 3dd92963 3ecdeeac 3d88980a be852a76 bf6e4e11 3e74ed13 3e9e52bc 3ea7f2a9 ba3c05f6 bed0a2ba 3d254f52 be9bca69 3d25ef9b bf07ab87 3f68b80a 3d754faa 3e85f281 bf018971 bda497e5 bf2db38f 3f67fbcf 3cf865d8 bee2f2e2 be18dcab 3e7eed98 bf58b1c9 3e5aace9 be749d62 3e8a3679 bddae849 bec6e329 3ec29ed7 bf6005bf 3f4f5dc8 bf11df69 3f2f9984 bf37e18b bddba788 3e0ebc64 3f7d7a57 bf33d9bc 3dea18b8 3f75ee13 3cbca37e bf333bb5 bf0ff39a 3f27b79d be85967b bf2d0f8e bee85ac2 bc3343d1 3f5e87a4 be867272 3eca2697 bf173f6f bf00ab54 bf346599 3f3199af be76247e bf2ce592 3e9a1234 3e5a0cc4 bebefa94 3f2cbba1 bf60ddcd 3c87df61 beeaaea6 bf290593 3f6f43fa bf4f77e3 3ecc3abf 3cbb9c0e 3a85a77e 3f4111c3 3f4e39d9 3f72f40d bf27b59d be505cd2 3cec5ed5 be986eb3 bf16938e 3f6c41f4 3f5c4df3 bf54b19b bf29c382 3f553dc5 bed966ad bdf2685c 3f14c989 becb26db be278c62 3f2aefc7 3f6081eb bec186a4 be0ab478 bf4c59dd 3f2fbf9a be0abc8c 3f399dae 3f00b16c bf18a378 3f6e7df9 beeaced8 3d957981 3d148d9e bc13c28b bef9e2dc 3f5581a5 3e350c7b bf5e55f5 3f6cb1e7 beaf3e7e bf6acddf 3f5ab9f4 bf08a967 bee1e333 3f157d77 3f12a98a bf31d781 3f797020 beeb8ecc befddecb 3f4219a3 3f50339d bec0529d 3f196582 bec96a84 bf263f7c bf222bac be81924f beff0f30 3f7d064f bf660bde 3f0c3f9a bf149d7e 3f202967 3e11fca1 bf1dd38a 3f4e55c6 bf11cda9 bf75ae1c 3f662c00 3e87fe86 bf263791 3ddf0812 3e68bcaa bee94ebb be962e6c bf63840a 3f5749db 3e0863e4 3e1954cb bbbb7208 bb998d61 3f6ef401 bee3eeb5 3f08b177 
3f3c6dcd 3e6d451f bf6c21e8 3f5187a7 bf79e628 3f5cd3c9 bda8a99a 3da859c2 bf6ba40a 3f30bf9c 3ea5f2c1 bf58bfc8 3f6315d9 be577c82 be40854e 3e461cd0 be5a3c91 3dc51852 be345c23 be0fc452 be7104b7 3f06c549 3e90527f 3ef486e3 3da48880 3e2aa483 be75bd01 bf0b6d6c 3e85de99 3f18198d bf5cbba7 3f5bcfd4 bec92eac bbd7826c bf0cc786 3e8232a7 3f373fb9 bf090d86 be40e54c 3decb7c8 3d9f292d 3edc1eaa bf248793 3f47f58a 3e81c67c 3f4c89bd bf5021bf 3ee8af47 beb1c680 3f0ce776 be0d1500 3f26b587 3dae87ac 3e59c4a0 be45dc5a bef8a6e5 3f11238e bedd22ff 3f6f3813 3f1bd996 bc8d9df2 3f16716a 3f5ab5d4 bf2a919b 3f1b739a 3f369db7 bf23b379 3e46d457 3ec1f641 bf683e0f 3f626ff1 beb0767c bf73ae28 3f36ed99 bf397394 3e977a6f bf052181 3f022983 bea0fae6 3eff8ebc bf024b49 bf171590 bf3853b7 3f707412 bf4413ad 3f1a2780 3f097360 be59ecb5 3f6aba01 3e90b673 befffac2 bf300f87 bd51b021 3daf69b2 bf022180 be550cca 3ee6b6d7 bf7041fb 3f7a203c bf71f008 3dc36848 bed80a92 3eada27d 3f4bd5ad 3e202cc1 bf1cad7f bf7bb63d 3f764a09 bf122981 3f5d61bd beeee2ed 3f1af779 3eaef296 bf0f3157 be66ec65 bca3dc3e bdb81851 3f196986 3e2efcfa beb7828f bf248f8f 3f5eafdc bf710014 3f543bc2 bd2c0fc5 3f2e97a3 bf4cadd0 3f5e03e0 bf4ce1ce 3f4969a9 beb9fe57 3eaf1aab 3eb2a6ae be97567a 3e63dc17 beb17a4f 3f77aa1a bf7cee4e be2903d6 bc1ebd4c 3be8865d bf7475e9 3d815831 3e8386af 3f498bd2 bf6e59f6 3eb5728c 3ea05a89 3f5ce3bf be9e9ac1 bf70f410 bd727060 3dcd9865 bd176fa1 3f3cfb90 3f238f82 bf650ff0 3eb51272 3f60afcd bf5af1ad 3e8f86a2 bf47c9ab 3f647004 bedec6c8 3f5997e7 bd331004 3f4a7fcf bf747414 3f5c0fd8 bf2b51ae 3ef226c2 bea5ca51 bee99677 bf6673f4 bf6b2ffa 3f3c25a3 be106cbc 3f1d9985 be5fed21 3f1b498e bf5e7de8 bf085b77 3f3eadb1 3f222fa5 bed06ea1 be4fdc53 3f53d3e1 bf7ac24d 3f327dad 3e2e74b5 bf6721e9 bf41a9bd bdc6e841 3e87c2ad 3f456bc8 be3ef463 bf2b3f7c be12d4c1 bf2e4fb0 3ebf2676 bf4309da 3f3395aa bf4eebb1 3f3e37b0 bebe926f 3f2e29d4 bf4ac5ad be7bc45a 3f41d1b1 bf6d8fe1 3f6d2c13 3d4b1037 3e881e54 be915e93 3f4771a6 bef086d7 bf622ff6 3f3e5db9 bf31618d 3ec57e8a 3f04ff70 bf6d9e09 be8c8ad6 be0fdcbe bebca2d9 3e70ad52 3f320985 3ed6deb3 3f4d91bd bdd0c8f1 be86865e be220c7c 3f48c1bd bf701c08 3e3784a8 bf4fc9ba 3f6281e7 bf4e6fc8 3f08b58e 3f33c9ad bee72af9 beef92e8 3ef6b727 be8dc669 3f709df8 bf5911d7 3f6aca01 3ec1ba88 bf53c3df 3d92f855 bd8918e0 3e1e442c 3d03110b bf61d5f7 3f2a2d93 bf3349b2 
bf15979c bf3933a1 3f6691d3 bea1c2ac 3f3745cc bf739a1b 3edef2c6 be95be63 3f17d18d be4eed5a bf180f92 3f37619f bea22e63 be4e7489 3e109c7d 3e9f6aab bf1c218b 3f5fd1e8 be82d23d 3f172f62 3e979e7e bf6651fb bd267129 bf3619b4 3e8cfa5f bf24b778 3f77762b be25bcce bc483eea bc72b9cd be1d7454 3ee23ad3 bf38eb9b 3ec2ea8e 3f14e36c bd4871bf bf68f5eb 3f0d6f8a 3f3c61a9 bf3d79b1 bdb36772 3d7d10d7 beded29d 3ee60ac7 bf52d9d6 bf2a3781 3f57bbd6 bf3741c9 3f18bf83 bf2a69b1 bee96eb0 3ec0c68e bf49d7af 3ed4bede beb78a99 3ecd86e3 bf00917a 3f11a998 bf7e2c69 bead8ef7 be517480 be572d01 bf6867f1 3f454bd1 bf0bd775 bf1e916f 3eec86c6 be103488 3dd47785 3f08bf6e bf5745cc 3f5fcbcf 3e33b436 bf21316f 3f3e09b8 beea6e9f 3f6cc5f1 bf23379c 3e720cfd be8e5e7a 3f4221bd 3e718568 3f220d97 bf59edba 3f55f1cb bf71261d 3ecd7aa9 bf18d182 bf025767 bf0d258a 3f11d1a9 3f6695eb be9df25e bdb3784e 3f30cba3 be94266e 3e88b699 3f03f98b bf69b9ed 3f6d060e 3e989263 bdd97972 bdf5995d be9e32b5 bf2d57b2 3f5fc3e9 3f77d824 bf206583 3e24548d beb906f1 3df44876 bf32dba7 be945a57 3d5731a3 3f2e7997 bf06f776 3f397b88 bf7d3259 3e252482 3e058c67 3f065583 beb576f4 3f599bce bf52e3b3 3e773c8d bf46efb2 3f1ef99f bf00d169 3e976a62 bde1795a bece2ab9 3e6994cd bf2f7da1 bea11eb2 3ee9568e bc8adef0 bf04dd7a 3f1ed568 3e8646a5 be3b8cfd 3f6801e3 be95e641 3f5fa9fa bf4441b3 3e8b4e82 bd7b30e9 3f103597 bf28e5bc bf6ec7ef 3f693fe6 3ec8eebb 3f33ebb5 bf2c1d9e 3f2355a5 bf766a28 be4774f1 3f5629d1 bf7dee82 3ec1be7c be7a6c86 3f2dbfb0 3e0f1505 be87e245 beb8ca92 bd12f108 bf14357f bec62ab0 3f79100b bf71c9f0 3f2f77d0 bf154961 3ea94e5c 3eb12e9a 3f307184 3f7c663f bf4edbbd 3ed716d3 bf7cda43 3e73bbf7 bcb7e262 3f0b1986 be29b400 be4ecd14 bef55707 bea8969c 3f505dc0 bf787e13 3f0eb1b4 bed18266 bcdd5f8a 3f364da6 3f4289a7 3f017385 bf00e78c beb7c264 bea4f23f 3f6451e2 3ebd0ae5 be3a756e 3f4fb5c2 bda1f86b be53ed2e 3f4cadd9 bf5acbbf bd8827d2 3e228c4a 3def4985 3c5ec164 3f3f0782 bf625c05 3e7bc492 bf74c21a 3e918ec5 3da228cb bf4a65de 3f336fa3 3ee852a7 bee1f6f8 3f1fc7a6 bf7b4231 3f1b0594 be0d74cb 3f354b9f bd8ca81c 3f01056e bee9066e bdae38bb bf57a5d4 bf21bb85 bc534c11 3edea66f bd05125b bf026d6b 3f78fa2e 3ec3faba bcc9de4d 3e6b851e bdd05796 bea5028c be59fce7 be1db443 3eead6c4 3e6f2c79 befb42ce bf5831e0 3f3e1189 bf11136e 3d355241 3e51d448 3f0f83a7 bf6499d4 3edf7afb bee39eb8 3f2a5584 bf176d96 3f21e581 
3e9b3e2f 3f617de6 bf2ad5c6 be453c84 bee7c6a1 3f75ac1e bf1fa97f 3e33445c 3ef28b05 bf4a37a1 3f39598f be258452 bf203fa8 3f5421d8 bf30118d 3ed87eda be7bdd75 be99b64b beebfad2 be9af695 be5b4c56 3f2fe782 3f0bbb72 beb42a53 3f59ffbd be20b48b bf6437bb 3f10e58e bdbd88e4 bf17ef90 3f37a39e bf7fd06a 3f616fc8 bc723fa6 bf7287fa 3da0d92a 3f71c204 bf23f596 bf37af9b 3f5e83c2 bea7a685 3f60cbc0 bf029b71 3ea89e7c bd65affc 3f48bdd9 be834ea3 3e23dc79 be6a6524 3f55afa9 bda0c913 3eb88a66 bec3debc 3f06d57a be85ba5e 3ef47ae8 be6f5c18 3d30b1b4 3ec8b260 3ef2e2a4 be008cc8 3f5937cc bf11a566 3f1d5d90 bead0251 3eb0aedb 3e9a526a be301c99 bf4a51d0 3f1d8f76 bea7c65c bebd1aae 3ebcf678 be896654 3f1e5775 bf4d81ca bdc4d899 be3b0cf0 3f329db0 bf79781a 3da5b7cd bf494fc5 3f2e9d9e bf4735cf 3f22d78c bcf7e3a8 bed50ad5 3f44b1a7 3e435c6a 3f7a3e36 bf6851d7 bf2c87a1 3ec39e91 3c79452e bf11c79a 3f093561 bf20a186 bed64a7e 3f6ffbe8 bf3aefa5 bf5725bd 3f63b7e4 bea16686 bd3e9035 3f545ba6 bf5287bf bf073168 bf0b039b 3f7c283e bf549dac 3f346d99 3f29c794 3e0acc27 3edfaef7 bf6e15ea 3f2c8b9f bf43f5ba 3f7d182a bed91e8c 3e843a6d bf235b9c 3e5c3c62 bf45e5a7 3f1dddc1 be7cec67 3eb7eaf4 3ee86ed5 bf72a401 3f790c33 bf23fbae 3f4065ae bdd3ea60 3efdf284 3f4611b5 bef0c2f4 beabbeb0 3f1adf86 bf282b8e 3ebbb2e8 bf6303f5 3da3b902 bf10658b 3eb796cd bf2e0d8b 3ea29284 beb50ead bef0dea3 3f3ed5c2 3f0e616c bf6a1e03 be25cc9a bf753e09 3f5a13db bf5cf9f7 3f6c4fdb bef162b7 3d8fb95c 3e29c458 3e543545 bf1d9599 3db6e8ba beabf699 be2dfc3f 3f6dcfe2 beb116e0 3f7333e9 be309c0f bf09eb6b 3eb982c2 3e4c9cea be1cccee 3d8ec80f be935e3b bee8eac5 bf5c27c1 3f0fbb8c be8eb261 3f59dfc9 3e23a486 bf545dc6 3e2464b9 3edaf6ff be59b4fd 3ec8a6e6 3f45479a bf7fb29d 3f44cdd5 bcf8a12e 3bf26c25 be7254a9 beb9dec3 bf33e39c bf3c5dab 3f0e117a bd8ea898 3f1663a9 bf4777ca beba9257 3e991a81 bf5959e2 be28146e 3e1c53f4 bf399fb5 3f66cddc 3ea18e98 bf4db1ad 3f486bb7 bf63c800 bf028790 3f4003e2 3e926692 3f4d85a5 bf12ed66 3e45c485 3f2f6399 bf76d01c 3e1114e0 3e4a854b bef5c6c2 3f54dda8 bef0ceae be6b552a 3e16747c bf4cc9bd 3f25a585 bf3ab5b7 3f19af7f 3f10ad6e 3f170f9a 3e59acb7 bf5d6bcb 3f5361bf bf3c57c9 be8c7ad1 bf7b2061 3ee3cee6 bf31538c 3f19aba4 bdb02988 3f201987 bec10a86 3e709cb4 bf4ee5d5 3f4a95d9 3f7ca82f bf2d9d9b 3eb8b644 bf10fb8e 3eacf256 bf428b8a 3f7bd837 3e29e540 bf08bf71 3f5d67c4 bea78688 be03e49a 
bf5bc7b1 be2bec5b bb8d87ef 3f57d1da be40352e bea14eb7 3ebec6bf bede92b9 beebc2af 3ebebeca 3e86ca53 bf1f138c 3f6e3a08 beb272a9 3e353c86 be89ce7d 3ecacac8 3f008386 3e2f64b4 3f6659e8 bf41bdaf bdd9e8f9 bef66afb 3ee5c2e6 bf6b89f6 3e4364a3 3f770220 bf41c7c1 3ca7e09b 3f781a00 beec56e8 3f12df5d be84a6a5 beeadea9 3f6261f8 3e4b3c6c bf712e18 3f2067ad 3e330c88 3da8e81f bf02c964 bef0a2ee 3e185cd0 3daea8e4 bb9f6a7a be62c5b4 bf1def8f 3f0b059c bf1bd961 bdeac902 be848a70 be240c67 3ed7e285 be7fe558 be9c9e98 be55b482 3e847a73 bf2b6b8f 3f1f13aa bf4adbd2 3e1e5bc5 bf4eaddf 3f7c1e67 bf41f9a3 3e660c2b 3e9842a4 bf6de7f2 3f0bef8a 3f182792 befa32f4 3f1cb397 beb29249 3ea04e77 becddaa7 beda2e96 3f30c9aa 3ef5a2e3 bed94aed 3cd8dc68 3f140766 3f057b9a bed74669 3e8d0a66 be8ada9a 3ee22ec0 bf395d94 3f793829 bf038173 befe32b3 bf20b794 3eed2ece 3f6e6e18 bf38c787 3e761cc6 3e884287 bf160976 3f35a99c 3ee392ce bf7a383f 3f6913e5 3e496460 bebffebb 3d19ef5f 3ed55ac0 bf22999d 3ec8eab1 3ee70e99 3f4d799e bf2c3f7b 3f2ce9a4 bf35c797 bf3c97a6 bede7ada 3e4b9cd0 bea1127c 3f57a7c5 bf6d3425 3f249d84 bf6e3003 3f5449b1 bea4de93 3eb6ce9d 3eba927c beaf8685 3f2cf9a4 bf66adcf 3d8167e5 3f085f93 becc8a67 be845695 3e11d4ab bf5137b8 3ccd2398 bf79743e 3eb3aaac 3e60ecbf 3e957a81 bf22339a 3eeb2312 3ef5a724 3e7544c9 3ce31c59 bdecd940 3f350b9a bd8a8a2c 3f138986 3dbde882 bf2bf98e 3e385d08 3e670447 3ea7368f 3f71a401 bf6a29ff 3f706c03 bf000d7b 3ebbea98 bda68897 39d7a1d3 be9a7a41 3f4ec5b1 be145cc0 bd9be8c2 3f2893a5 bf6f79f9 3b3ae73e bf7d904a 3f5bfbcb be224cd3 3e018c99 bf20ed6c 3e8f92aa 3e81fa8d bedaeeb0 3f59cfbc bd6b5090 3edaeece bedd0eba bf08c784 bd0c1288 3f0fb373 bd71ef2d bf375595 3f2b059b bf3769a1 bf11f566 3f4e87a7 bf5587b3 3e8c069d 3d586fb1 3ebe36af 3eb6728d 3e99fa27 3f53dde3 bec60ebf 3f04c18c bf696ff2 3f6349c1 be4af48a 3d7f2f49 3f3b13be 3c7abd1b 3f2cf18f bdd7974e bf4015a8 3ead2e61 bf06cd50 3f252fa7 3e37f4aa 3f6d57ed bf548db9 bf303b8d bf188b6c 3f5565c5 bf0e27a8 be6fb47f 3f28e3a9 be50f483 bec78ea4 3ee0969c bec2feaa 3e3a2520 3cc7e0be 3f1ef7c4 bf55f5c5 3f5f37e1 be951694 3e9caa5b bf7afc34 bec5eeb0 3e473440 bd1e9178 3c22c16a 3f1f617d 3f1c2f98 3eb9b26d 3f0ad182 befcb2da 3ef182e2 bf334396 be906a3a 3e8b7e6e be006ca3 3ee672c6 bf21b597 bf3bf978 be5c047d 3f54bfa6 bed4ba83 3f51cdd1 bef4ef02 be429cdd bf4b6bc8 3f4013a6 bf7cba56 beb77abd 3f60e1dc 
3eab2e50 3d26ae43 3dd3b931 bf55bdbe 3ef2fac2 bebc8ad7 3dd28923 3f257989 3ed932ce bececeb2 bdc37881 be022bad bc5e3bae bf10c551 3e43044a 3e547bfa bf060d70 bf242990 bda9089c bf355faf 3f2deb83 3ef72b31 bee44e95 3d8667d5 3f1df5ad be80ea45 bed636ee 3e94867d 3e0bec47 bf525baa bf030977 3ecc16a7 bf15837b 3f3acb9d bef8e321 bf0d2784 3f4047a6 be79bce1 3d1a3003 bf170d75 3f6ed3f4 3df4a992 3ecaeec6 bf39c1c8 3d05cfee 3e9c12a4 3dd5e7f8 3f05fb7a be70e485 3f0abf7e be20c3fd 3ec672f5 bf32799e 3ec1d29b 3ebb226d bc0dbdcb 3e401c73 3f102955 bf6fc41c 3f106388 3eb3f6d1 3e533d12 bef7fe93 bd7f11f4 3ea8eeb0 bec3a273 3ef63f18 bea2eaa9 3d29d14c bf5aa7c4 3f465fb8 bf0573a0 3d9a0853 3edd4ab0 3f01e391 bf33afb8 bf28719b 3f6ca616 bf3ad1a5 bea48290 be437497 3e307cab 3dd36880 3ec8ba99 bf6b87e2 3f7e6056 bf7a2a3a be4c2501 3f4f5fc2 3f21a391 bf5155dd 3dbeb8da bedbd6d4 3f5907d6 bf435daa 3f4e85df bf3ad7ae be71b455 3f00f778 bf54cfd5 3f69de15 bf462fc8 3ecdc6da bec216a6 3c6ebf58 3ebb465e bf6d53f2 3d99a978 bf77cc13 3f00575e 3e171c20 3f7d0e44 3ea6ce7e bcb3e3b0 bd9398e4 3df3f8f3 befe3b33 3f6c2fea bebaba8a 3e26fc61 bedc2ad0 3f06235b bf2f9f8b 3e48a49c bf2f73bf 3f67b5e6 beeb8abb be14e4a1 3ea0965b bdaa58eb 3f45d7c2 be1f0426 3f68adf7 3d323114 3eb3eeaf bf0fe16f be82a69a 3f09838f 3d192fef bf6b7bed bccaa5dd 3e93825b be6c9c5a bea4ae9e bed39ab9 bf33a1ae 3f17857e 3cf2a048 bf06e354 3f183369 bf4d7bc5 bebe6699 3ef3c6e6 bf534db2 3ed7aade bf4b57b6 3f4107b6 bf6015e4 3f635dfb bf7a4c2f 3e2e6c57 3dd54855 be834aa1 3d7e9037 3f6de3ea 3f042b5f bf575dde 3e166ca3 3d80c8c5 3f2d59a4 bf5f9fe3 3f576dbb bf7c3249 3f4ff5bf bf224b69 be5aa54b 3f073171 3e91ce77 3d8dd7b8 befa8af4 3f318398 bf39258e 3f4dbde5 bec46acc 3f7e9e5f bf256392 3f3d33b9 becb0a82 bf23ab8d 3e923aa7 bf6e91f3 3e9ab28e bf2c25a4 bd3a7217 bf3e55b0 3f7dde5b bf5a37e2 3f45cbc0 bf07b17e beb2c23a be312c63 bf768c28 3f236b87 3cdd5bfb 3eb2da93 3e98a28e bf4e89f7 befcc310 bf0ab78e 3f317f88 3f32b3af 3f16adb1 bf67e208 3f078179 3d9f3975 bec336b9 3eb93ab6 3e377517 3e61d49e bf4139ae 3f56c3bd bf5755bb 3d76909f 3f42f5a9 bf5597d1 3dc9d836 be8a4e61 3f74d018 bd1e107e bdabc973 3f17358a bf5f6dde bed50674 bf10b76c beed12c5 be8d8eae 3e1cccb8 bd2d500e 3e8e0ab6 3f4503c0 bf1ff9b1 3e913255 beb4b265 3f46a1a7 3eca7686 3e3674ed bcfb2370 bf46bdb1 3e2ebc58 be51651d 3f644402 3e4a147e be1bb498 3f3c4dc7 3f380fc0 bf311996 
3f276197 bec83ee5 3f29d9a5 bed92ed3 3eec82e1 3e03bccd be5f0452 bf37ff79 bf2a957e 3f5cca06 beda9e86 3f4371aa be36455d 3e35250b 3f499f89 bf722c09 3f7bf238 3f03b96b 3de918a9 3e3ea561 be381475 bf553db9 3f636009 3d133046 bf61c1b7 3f593de2 bf4abf9a 3f34e5a3 bf07c98d 3f79e433 3f224184 be8b7a3f 3ed776e7 bea33a5a bdf06863 3f5bc7e1 bf475dd5 3ec1a29c bf28ffa2 3f5eb7d4 bf285f9d bf1a8385 3c07c3ff 3f18097b 3d5110bd 3e7add42 bf6f740d 3e43c470 bf193f7b 3f0d8f8d bf242f90 3e1b0415 3f31c5ac bf672ff5 3ec8e6c0 be6e9467 bf707810 3f2365a2 bd0a7305 3eb24e8c bf702407 3df9e92f 3cfc21cc 3f676dd5 bf7073e0 3eb4468c 3e538cd2 bef91ac9 3f3793a0 bdcc69a3 3e0b2cb1 be2dc49d 3ece2e9d bf64c20c be6decf6 3f032b81 3f001d83 bf1cb16a 3f0fc18c 3ec9be99 beca4e88 3ef7a2f2 bf708bf4 3e102c22 3f2a7ba2 bf4febae 3f6d81ea 3f245590 bf7fca86 be8b4673 3ed5f2a8 3a138e5d 3e25d4b5 bec856b1 bedbeac2 3f32d99c bee0b6bb 3e92e253 3f342ba6 bf5243b7 bbd48158 bdb06821 3f28c3b6 bef41ae3 3ee4c6d9 be65cd62 3e121c61 3f074980 3f4987a7 3d189031 bf5371b2 be92cebd bf618bed 3f40a9c5 bf5927c6 3f3ee5ac be043490 be889aa5 bf28fdae 3f650de8 bec45a67 bee9eee1 3f0fe182 bcef6243 3eefceb9 bf05cb8e 3f4dafd3 bf12e766 3ebe5ed5 be99fa68 bf393b86 bdce88bc be5cdc72 bf3e2fa0 3f253b89 beea46b2 3f7b9a34 bf4f3dac be08b48a 3f6a5a04 be8b0266 3e512c38 bf10df95 3f5a89e2 3e93eaaa 3f283bb4 bf5c67c1 3f0441a1 3f038962 bf7e105b 3f64c5da be2a24e1 3e9b968b 3d5eef0a 3e82aa61 3ef63aea bf27578d 3f70a00b bf3cd19f 3f01a571 3ce0a073 bd3f11c1 bdd738bc 3de21902 bf5431a9 bf00f585 3ee4e6a8 3ecc32c0 bf467bc0 3de71854 3eacc280 bf0a6b73 3f5433cf bf2dadb4 bde5694e 3f2cef6f bf4ae7aa be74cd1e 3f04297e bf555bb7 3f069354 3eba4e88 bf5133b5 3ee2b686 bf19656b be413c99 be623559 3f31a7a8 3ef3eaff 3e445cc5 3dac58d9 3ee0eb16 beb3c6c9 3f438599 3f39899d bf3535a3 3e9326bd bf1ecf7f 3ef01edc 3c5b3afb 3f28ddb0 3e02245e 3eb2f29b bedf16d2 bf2607bd 3e16b4a7 3f40c9c5 3f3f87a9 3e0eb455 bef22a9b bf3329b2 be17148d 3d9038b3 3f177b87 bf5f4006 3eebd2f1 beb18245 bf1b9d84 3f1b3172 beff8ee6 3f4df9bd bee1baf2 3ea27a5f bf483dfd 3f24fd8f 3dfe5a4f 3e1a74fa bf6e0c16 3f476f93 bf50cf9e 3c6845cd 3f25efad 3f6aa425 bd26b055 3f32abb2 3ce3a040 bd5d12c8 3e8bc26b bf7faaad 3e026c09 beb28e96 3f0a7973 be543c7c bf63edde 3ed53295 bf5b85d4 3e86064b 3eb802ba 3f1c8164 bf70c607 3e1be4d2 bf4bcdca 3e860296 bf4f7da5 bf31cd89 3dc53913 
bf18b982 bebef265 be946a74 3f21977c bf268d8c bd75b0c5 3e3d8c9e 3f75e41e 3ed19ec5 bf28aba6 3e9b869e bf71a00b 3ef6bf24 bedafed8 bf4963c0 3f3773b9 bf45d5b3 bf26d98e 3ecfe6ab bf24b5a2 3f5207df bd21908f beebcaf7 be0cf4da 3f05d59d beee56e0 3f6a4be7 bf3c3188 3e8b9261 bf71bfee bed526c1 3d64301d bf2fd9b1 3f733e11 bf6e77f0 3f4a9bbd bf6f0ffd 3f6199ed 3d16108f bd9f2886 bd4a129e 3f67d5f6 be62f4ea be985a7b bf1c2d6d 3e635cf6 3eacee5f 3f5ce9eb bf5327d1 3f19b781 be8b8a69 3e85ee9e bf3f8d97 3f79d02e bf4c19c7 3f25d3a0 3f3eb792 bf0aa761 bec95ab8 3eef3ad0 be2e7d1e 3f73c9ea bf1f8967 bf0ec564 3f21f59e be136c2d bd84285a bdb6a83b be8b6e83 3e9a6a93 be97daee be75252b 3eaba682 3ed1466e 3ea8a2c3 bea07e47 be7f8ce6 bd9e2791 bdeae86d 3e4eecd4 beda5ebe 3f0ccd8e 3e107be6 3e7f448a bf0c1372 3ee00323 bf4fa3bb bf3ab99a 3f6c17d5 bc62c882 bdd7793b 3b10ff37 be519d26 3f4df1e8 3e9a82bf bf79da47 3f6163d4 bf2ff1a5 bef852c3 3f390bc7 3edd66c2 be19f471 bed7c6a3 3e52ac2c be606d31 3cb0e37f 3ea7968d bf7be049 bea862e0 bf173d85 3f6697d0 3f060965 3e0643e6 be179d0a 3f1fcf7e bf7f18a8 3eaa8a5c 3de1d823 3f64cbfb bf799015 3f001791 3f43f19e bf7bcc40 3f50dbb7 bf71f62a 3eb0ea5a bf730c08 3f6ddc02 bf5e8dc7 3f430d9f 3eb516b2 3ebdae8c 3e05dc99 be2c8c5b 3f077980 bf6137db 3e86964b bddfd817 3ee35735 beb406a3 be8b5677 3e2db4ed 3ebd3eab beab728c bf7ba831 3efdbecd bdbcc88b be5354b8 bf0a9786 3f47f999 3da79893 bf2f85a3 3ef70ea6 bf306392 3ea9c278 bf670de5 3f513db7 bf42efbe 3e71a53f 3e268c4b be71dcd7 3e432c36 be201c5b 3f3dffad be394ce2 3f34d19a 3e729cce bf6a1000 3f7bfc3a bf026363 3d4cf2df 3e2f14ec bf137783 3f106b92 3eae726e bf01617c 3f7f888c befbf2ff 3eab1644 3ec0bad9 bf080d7d bf005f91 3f7e0e5d bf349da5 3ed04eea 3f74ea16 bf21e776 bede168f bf32838d be9a3e63 3ec536b1 bf44cbb9 3f4b8bbb bf7c0625 bf1de77a 3dc918bd 3f34f182 be474d01 3db7e7ae bd8f4889 beb1bed4 bdc7886a bf4b97c1 3f3869b7 3f500db9 bf27fd9b bf116b81 bf44c3af bc8c1fa6 3f0543a0 3d1ed1ba 3f358596 bf169bb0 be6d8cd2 3f1a398b be1ffc26 3f784227 bf3189ac 3f45d3a4 bf011d6c be37fcd8 be9b3255 3f42f9ac bd9989d6 bea92e96 3dd2172e bedf32e8 3f64aff4 bf73fa17 3f7d6e6c be2abc72 bf3441ba bf61f9cd 3d40b01e bda82875 bef2eac2 3e720483 be84ea35 3f6437fe 3ecdb6dc beddc2c2 3e3bd44a bd5bd00c 3f1a2b9b bd8947be 3e42ec4f 3f198f89 bf5ba3be be6834d0 3f739411 bebe4ebc 3f4737cd bd628e6b 3f2bc987 3f5a47a3 be3f653a 
3f253172 3f6f59e1 bea0428a bde0b893 bb8c6e81 3f097963 bf23c38a bec08a65 bf5dffce 3f772a37 becf6eb2 3f6a8de8 bed876c2 3eda82e1 3f372dcf bec4168b 3f1c317f 3e74154e be5144f7 3f05835b bf7119e1 3f00937f 3eea86c0 bef34ae9 3ed91b0c bee0bad3 bea8526a 3e05fd0f 3eb0e26b 3f29bba1 3e7bf4fe bc81a5c8 3f5ec1e6 bf7c5238 3f52c1c8 bf630feb 3f7949ef bf4acdd5 bd515249 bef43edf 3ea33ab2 bf02a373 beab3ab1 3f59afd2 3d265367 3ec32e96 bf7a2624 be826295 3eca9a5e 3e253c6d bf3111a4 3f7199ec bf3243a5 3ecf02cc bcc5a01d beaeca37 bf18257a 3f0b777b bd195192 3e14146d bf211994 3d02ee41 bebc4654 3f1e1b78 bd1a30d5 bf08f36b 3e6e4511 3f084383 bea20e76 be084492 3e7c749a 3eb83a66 be8b8652 bf7a6e40 3f28bd8b bf5a0fc6 3f6071c3 3dba1969 bd54d0ac bf5025aa 3f65dde7 bf7c183b 3e77448a be9c1694 3e097c37 3e6ea4dd 3edfcaa0 3f39fd8f bf68b000 3f14a98c bf34ed91 3f68d3dd bf6fd003 be86b6d8 bedcf27a 3f5ba7f5 beee5afd 3ed35ae5 3f0c297b bf77aa31 3e031cb4 bf48fdb2 3f76e42c bf263995 3f5ad5f7 bf6d95f2 3eba6e7e 3f0d3774 3eae9278 3f4a499e bf73fe12 be041480 be222d28 bd8e495f be2ac4c3 3f6bea07 be593ca0 bedb2aab be840258 3e4dc450 bf19f989 bceddf27 3bf57c6c beb56eaf 3e89d257 3f5f63eb be19ccba 3e0d3c40 3cb2e2d8 bdcb89bb bf1c7b84 bec2a675 3e356cce 3ee886ce bf0f39aa 3f359bb1 3e825e2a bf14f192 3eadc26f bf2abda9 3f4f5bbf be8a5e83 bf15b385 3f3567c7 3d512e66 bb6aff65 be0cfc86 3f12d977 3cae23d4 be7f6cc8 bf4fcdc3 3f765429 bf1ff3a3 3f239999 beda3eaa 3f67180f bf51f1d0 3f155597 be574c88 3e76145a bf6cdc0f 3f67aded bf1eb180 bf363f8c 3f199f79 bf43edb0 bf1a7166 3f6417f0 bf48afd9 3f7eae2d bf40d3a7 3f0b837b 3e0634cb bf3ead89 3f015f90 bf6e53e6 bdb4781b 3e28c43a beff070b 3ce920c4 3f10f180 3e8db288 bf3a43b2 3f5be1c9 bf25d198 bf3e2bb9 3f1a1580 3f100161 3f313787 3e739550 bea35290 3eedc6fd befbb6d8 3f11c38a 3f59c3a5 bdb6b947 bf74282a 3f1d39a8 beba62c1 bc5cc17a beaccee1 3f4d65a3 3ee64307 bf4d6dcd bee12eb0 3f146569 3f30b78f 3eb35297 3e4ecd0f beaff29d be07b4b7 be11dc65 3d9cf7fb 3eddb2a7 bed2b6ee bf314186 bed16af7 3ebe4ac8 be674d0d be8ab278 3f4911c5 3dfe49fa bf7b104b 3ef54e72 bb650554 bca9a363 3eaedad0 bf056570 3f254793 bf3b3b8d 3e78853d 3f0ba548 3f6d6611 be993e60 be4b4ccd 3ef06eb3 3da37747 be4a3cf2 bf085968 bf59f1e2 3f6883f7 bf12515e 3e5a8540 be9c42ad 3e748d0d bf5cbff0 3efb670f be8f5ec6 3edc8ec8 bf3ed3ac 3db72921 becd6e9d bd3db181 bf76bc09 beb7926f bc594146 
bf3101b5 bee1a6a7 bee80ec2 3f777802 bf3ae1ab 3ec86ab5 bdc47963 3f054b6f 3f1a5590 bf107979 be0a4c7b bce9624d bf301b96 3ed102e4 bf29ad66 bf1b714f 3f4599b4 bf699fd1 3eef56c5 be9a9ea4 3f147995 beffaad4 bf070b86 3f5d4be2 bf273b97 3f01ff71 3e6dcc90 bd6c6df8 be84de5c bf5ffddc 3ed85ac4 beefc6a9 bed98286 3eaffa66 3ceaa257 3e33cc7c be7a2cea 3d8a5922 3ee3de73 3f255793 be81da24 3e9546d0 3df46824 bea82eaa bef84295 3e9f6292 3e8be67e 3f22eba6 bf2ea3c2 be33942e 3f3e25c0 bf655e09 3f26c7c3 bea24247 beca0ebb 3f7cc86e bf1819a7 3f205d9b bf4183cd 3f5569ee bef90b19 3f67c7cd be8e3278 3ec17e34 bf256b85 3f4e63c4 be351cf0 bf40297e 3f53adbd bf0a8d7d 3eed9ecb bf747e0a 3f5167ad 3ead2a7d 3e95e2a1 be8eaea9 3e67dcca bf72c003 3f388b9b 3f1a4bae bd40b09f be079d02 3f05217c be58dcab 3e9a2eb3 bf495fa6 3c2bbfb6 bf239d89 3f3a9db5 bf0e5789 3ee07ec5 bf052b5b 3f7d665d 3e68cc65 3ee7b2bf bf777020 3ef232d4 bf66a5e4 3f1e6f6d bee586fa 3f7ac02f 39e66362 3e779547 bed2f656 bdfee917 3f1a7377 bd65f24b bf4393c3 be039462 bf4953c8 3f6bfffb bf38018f 3f6d2609 be5014f6 becd0ee6 bf1f0d9c 3e4314b8 3eb98a83 bde108bd 3ee772bf 3f51e7d4 bf6243da 3f60dc00 3ea482c4 bf21799e be63b40b bf57abc3 3f5a21c3 bf6dc60f 3f02097c 3ef2a705 3e0dfc0c bda1e94b bf71cde4 3f15c561 bf12338c bf220595 3f6821ff bf01ed68 3f7b2416 bf7b402d 3ecdd6af 3ed80f17 bf312d9b 3f0bcf7b 3d8739be bf183b9d 3ea3ae75 bf0f09b0 3eef6eb7 3f399997 bf20c585 3eef3eed bf01f971 3f0f0185 bf3a4588 3ee34b1a 3ed33eb4 bf77d62d 3f3d8399 3f0c1d81 bf3827b0 3f6a01dd 3e468522 be908e93 3f307dc3 3ec3b2cf be549499 3d2ef043 bf7c245e 3f519dc8 bf6da802 3f4d89b8 be41ccd9 bd22f201 3f51c79e 3ef18aab beee7adb 3f65d1d1 bf3f19a6 bec072c2 3e11b4bb be500d1f bd9cd844 3db9a993 3f5007c0 bf3f95b5 be6ffcca bf6e19e0 bdcde8d3 3ee536be bf4f59b5 3f7dd654 bf7a922c becbeb22 3ce3e3bb 3f670fc2 bf79542b 3f2e6d82 3e6c5ccd 3efc46c1 bf5f7bf7 bea462ac 3f56a9c1 3db1a93f bf3d8f93 be1b246b bedb4ebd beb12a95 3ed966b5 bb7504d5 bec29e51 3f18517c bf7c2858 3f526bd3 3f5e91ca 3e714497 be4d849a be0803ed 3f0ad398 bf31f189 be867665 3f6531c9 bedc3eb4 3dd3c911 bddad8a7 be3ed4b9 3e795480 beb1fef3 3ec5c6bc be7c1cf3 bef76ee5 bf07096f 3e321caa 3f3277b1 bf4925cb 3e126d20 3cf49d7e 3f644bd9 3e34cd05 3cf89f13 bed69adb 3f163d74 bf53a1d5 3ec7ba9f 3f4085aa bf68ffd9 3f2c63bd 3e18643b be359466 3f59d5f4 bf1b296e 3f6ff208 3e4a5442 3f4aa1c8 bef146c8 
3ec9fad2 3ebc568d 3ef52af7 bf7d9c59 3f43f9a2 bf5601cf 3f37b79b bf757e10 3ef7aebc bf29339d 3f5373dc be949e90 3f621a02 bf051f96 3eee06e3 3f1b6b8a bf14db5f 3d8de858 3efa2aca bf1fbfab 3cbae11f 3f187157 3d0fd274 bf0d518d 3e46ecb7 be4e648f 3d268e0e beaaee8f 3f201b7f 3e3c5ca9 be982a36 3f20f78c be67ec63 3eff4aa3 bf757c11 3f092b8a beb2d29e 3f0f85b0 bf7bbc3f bd5591e2 bf6613f4 3f5a41b8 bf36939f 3f3d639b bea23658 3d77d095 beb63f0a bed74ec2 3f1f8d72 3e07e44c bf2e5186 3f71bbfd bf620fd4 3f1dff9d 3e6244e4 bf008f7d 3e90562d bea23e99 3e5904e5 bf21d79a 3ef5aac0 bf137d77 bf14c974 3f18a382 bf5d57e2 3ecb0e84 3d833891 bef17692 3f511fd9 bf6453e8 3f5975b5 bed0d295 3e9c0632 bf7a504e bebbaea7 3f71ae03 bf47ada5 3f7e3878 bf254782 bf390f97 bef49ea7 3f30bb87 bec9b280 beca8a8d 3f41b3ca beb8bed5 3f780e09 befd9aab bd5a7140 3e84025e 3d616efc beb81f0b bea1c690 bf4509ae 3e8a2e4e 3d86d867 3f6dc9ff bf07515d 3ecf3af8 bc5637f5 bf2b9375 be1bfc7e bf2f59b0 3f518ddc be85ea72 bef87eca 3dabb90d 3ec67a72 3f5179af bf003f6f 3f13cd7b 3e265440 bf4f53aa 3e9faea2 3f38099d 3f3ccfc0 bf5ae5f7 3f1f3b7a bf01398b bebfe2e9 bf6e8ddd 3f6c0200 bf2aeba8 bf355d9b 3f3fbf84 3e91a243 3eae5631 bdae289a 3eace6b1 3d6991f2 bf19a381 be557ce9 3f5de7d3 3d155188 3f2e2f8f be61fce4 3f6f5ff5 bf3439b8 b9b7da06 bf2cc9a1 3f7fa2ad bf3b59af 3e328492 3e7c04ec bf4347c1 bd907816 3f5f57bf bf464bab 3f7ab226 bf7d524f 3e550504 bf10bb7c 3edd26bd bdcd87fe bf080191 3f350387 bf5e89f1 3ce29f9d 3ed8fede bed14ab9 bf13a56a 3eb91297 bf715c08 3ed41efa bea20ac2 beef5280 be493c66 be09d45c 3eeb1ef9 3f1a5372 3e42c4a1 3dc8674f bf7c1442 3f40cb9b be60f4e5 bf502989 beaeb276 be1afccf be6cdce0 3f13217b 3f040b7a be4adcb1 3e639541 3f045770 bf7b4830 3f4cf5b4 bf266b95 3f6135e4 3f0f658e 3d721247 be7ecd16 3f2bb791 bf4debba 3f301fbb 3f187f76 bf5e03e3 3ea8126f 3e32344d be1ea4b4 bf70be15 3dcd5911 3e367c9b 3ecd8276 bf0ebd9d bd165207 3f68b5d1 bee38ea7 3f2f157e 3edc4686 bf4f3bd5 3f52e5bf be93229f 3e0cabe7 3ec93acd bf384d82 bf69ac19 be7054e2 3d034f87 3ef842b9 bf51c7b8 3f6b83ff bed796ad 3ec9aeeb bf6b51ea 3f7f687d bf1ed95f 3f20f5ad bf0ad57e 3f1f119b bf2c51c9 3f745627 bea30e61 3f144f5e bee4a6e7 bf310da4 3f6077e8 beccd276 bcfc610c bf0f9577 bee4b6c5 3e4dd4bf 3d9c285d 3e0f0c2b 3f344192 bf10cf55 bdbeb8ff 3ec8c26e bf145386 3d52d20c bf5149be 3f375dbe bf78a827 3de14967 beeb4a80 bf3c2bd0 3f62d9d1 
be9e9ea7 bee556d6 3de268f0 3e09ac38 3e99d2a0 be3e4471 3e9fb2d8 be97729a 3d167129 3ee06672 bde579f2 bf6d21e2 3f1f259c bf516fb8 3ee402f5 bdebd8d9 bf06178e 3f7cf635 bf4d29cf 3efa3af7 3e35cc1c bf3a6bb9 3e201c71 3f111f6d 3df28853 beb5b2b5 3e953285 be240485 beadee7b 3f352dc5 bf45cba3 3f24cf5d bf5ff7ea 3f41cfb1 bdbe885d 3e5f8460 be4c5501 be4d3521 3ef35ab6 3f15417c 3efd2ad5 bceba2e4 bf21f36a 3ee6c6ae 3e16dd1f bdbe0743 3f477596 bf27958f 3ee936a4 bf342f8b 3f5509e5 bf7e408c 3f6103ef bef81305 bf098d5c 3e062cd6 3ec7968d bef702df 3f4a0980 bdd167cd be21dcb1 3f1ae569 3d2670ef 3ee666be 3e055470 3e9216c3 bf1d9396 3f619fca bf002b8b be76c4a4 3ef2c698 bf16298e 3ea34eac 3f5befa7 3e317c85 bf7a2c1a 3f42dd9e bf3d13af 3f047d76 3f4713c6 3efb56aa bed21ec9 bdf5897b 3ee776fe bf313fb1 3ed1e286 bf76a03a 3f3a65aa 3e071428 bee672ae 3d3511b3 3f2e5b97 3dbd3864 3f0c096b bde4f91c beb92e4d bf3b67b1 3ef75ace beedf6d5 bd0e6f77 3ee90e97 3f137796 3eb32e6e bec19ade 3d8b894f 3f55f5e1 bef1beeb bdc5389c bf4059af 3f090977 bf5b97ea be37cc7f 3f5c3a0b bf273375 bf57d5d9 bec82eb7 3ef9574a bed4468d 3ede870b 3ed3b2b4 3f4983b5 bf15b176 3ec94e53 3ed10eaf bd4f9019 bf5df9eb 3f2959b2 bf6e140b 3e69455d bed012d5 3f181790 be0fd40f bf050566 bf14e186 be797ca2 bf1f3f76 3dbcb887 be6e34ce 3f4a03ab 3db0f8f1 bf5697a7 3f76241f bf67c7f7 3f07a178 3f0d137b bea3fea0 3e2554e3 bed4aacc bd830787 3ef1f6cd be300cb2 3f024954 be62ccdd bddc1881 3f4d4da3 bed74ae7 3f6547da bef606d4 3f21379b bf00477c 3f647ff5 be3ff501 3f712a06 bf72e7ee 3f78b232 bdcaa7e0 3f25d57d bf09b379 bc919cc8 bf5563e1 bf5be1db 3f3cd373 3f49c9e1 bf2af9ae bbc49500 3f64a5ea 3e8ace81 3eb846bd bb8f73be beaf569c bf746c14 3f133360 bf366987 bdcfb7fd 3f0b3181 bf4dafbe 3f26219c bf2091a4 bf02596b 3e0d5450 be42e48f be5844df 3e823e62 bef5b2a7 3dbc7852 3e42f48e bd02101e bf00fd5e 3f4667b4 3d96780b 3f12ab6f be977aa9 be1064ba 3ed1927f bf48ddba 3f028583 bf4187b1 3e530c66 bf43bbb3 3f4ac7e4 bf6b43f0 3f1b8182 bf7a6635 3ef9eeba 3efcd6ce 3f1dd178 3f18558b bdd0b92a bf00296f 3f292fd4 bf18338a 3cde62f6 3e1ed4ec 3e06b439 be80965c be81b63a 3ece86a7 bf02858a 3ee786eb beead2a7 be1b344f be728c48 3f083372 bd93c876 3f4565dc bf366dcd 3e98ae30 3ebbf29e bc58c0a5 3f230793 be582cf6 3c3ab730 bf76d42a 3d96c85c bd1c307d be89f28d 3ecf6e81 be82b6a1 3f383fa3 3e3cac9a bcd6e241 3e84da6b 3f50f5bc befc16b1 3f63f7e3 bf5c29cb 
3f4c85cb 3ee87ed0 bf35ebb1 3f18cf72 bf76621e 3f18ffa0 bee60f12 3f1bfb88 3cf0e3a1 bf6375de 3f5255e3 3b28e85a 3db4c729 3e9d1661 be7824b7 bf24f98a 3f7a9422 bef70ed0 bf26139f 3f6babd4 bf6ad001 3f183f8b 3de488f9 bf70e81d 3d07935f 3ef17ea0 bec1c2c7 3f5085db bf52b5b0 3df7c90f becb8ebd 3ec6a670 3ca6623e bf2fb5a5 3e9f02c6 be927e71 3e84aa40 3e8cd672 bee156d0 bf06c965 bf1d8b60 bd74307b 3f7a7a43 bf781e21 3e54d4c4 bf697bf5 3ec53a51 bda8d845 3d71d0dc bd42cecc 3c76c0db 3ee7e69e bf335d88 3f30b3a8 3e9a4a8f 3f139fa5 bf71fdfa 3f20219a bf6c8219 3f13b18c bf344dac 3f041f6f bf4f13bf be53b4d4 be146ccd bf2481ac 3f2b3f9e bf243b8b 3d3c7183 3f3471b2 bf58dbb6 3f7b6237 bf56d3a8 bf117f67 3c25bddc 3f7a581a bf5ed5be 3f4279b4 bf0b398d bf56a19e 3d6e5096 bf102782 3f5bd7cf bd32d2c4 beaf72d2 3f1f878f be334cea 3e7974f7 bf7ecc66 3f5d39f2 befdeef0 bf00316f bd2f313d bf07a762 3f4935c4 be84be7f 3f6251e3 bea08ac2 3db888ba 3f309dbd bf7a9e47 be5c744f bf05cd88 3f02537d bf0e1da7 bf3721d5 3f42d9bd bea75659 3f5165d8 beee0a9a 3f65dfd2 3da5d8f3 bf0e9f80 3f754801 3ea372ac 3f4c6bc1 bf4a81ce 3f2b9598 bf6461c1 3d697035 bf3a03af 3ea4dab2 bf071f87 3f1e0596 bf6f9e05 3f7e0851 bf3f1baf 3f461992 3e8e029e be9712a8 3ef406c2 befdd2c7 3f72680c 3e319ca8 3f768e1d be44dc89 3f4ae3cf bf46b5be be341ca0 3ed206ca bedf1ede 3f32edc8 be863e3a 3d171349 bf2c69ad 3f2065b6 bf4773c9 3f6bf81e 3dcb69d2 bf5847dd 3f3853cf bf3d07a3 3f020b8f be68a53c bee80ab4 bf4067af 3f010d99 bf5f79cf 3ea38ade bf120772 3ee242ec bf7a1c20 bd3c30b6 3ed116bc beddd289 bee48aa3 3c1bbc58 3e20cd26 3ee35f04 3f4687b4 3f70c005 bf53cdda bf42b3ad 3e8d327d 3ed7e6cb bf6aea04 bebfd6ce 3e224526 bf4beda4 3f6c05f7 3f261ba8 beb6eed2 3f7bb458 bf1a5794 3f52afd2 bf4f2fbc 3f766e15 bf1beb8b 3f492bce be778ddb 3e952259 3dc688c4 3eaa9a79 be256c91 be0bcca5 be207c6d 3f258fa4 bf321dca 3e89fa81 be6e0cc9 bf31eb98 3f048b76 bf214791 3f48b3d3 be5da467 3e6c54ac bd9a89b1 3f4f19de bf14c57b 3f28e797 becda2f7 3e7e752b 3f66e800 bf5b65cb be9b165f beba666c bf4805d5 bd3d10c4 3f31079b bf5f63d5 3f5fbbd6 bc353ae1 bf421fa0 3f160b89 3e947e87 be9db697 3eb7fad2 bed5a6cf 3eca9e9d bdd5e7fe 3f36c1ae bef32f07 bf040971 ba8dece1 bf091f6f 3ec262b9 3d92b8e0 bf736dee 3f38dd9b bf47e7ba 3d5cd0d8 3efccadf 3f5af7b3 be097c55 3e8b426c 3f26edb7 bf516bab 3eee42e5 bf470995 3e518d1d bf3907a0 3e63e414 bf7e887d 3dbda767 3f023964 bf09e583 
be2d1402 bf5afbc7 3f5cb9c5 bf1d47b2 3f6b35e1 beefa6d4 3da80879 bf2e49ad 3f30b18a be1bccc4 be86fe75 3e9fa2c9 bf2cab77 3eda0eaf bd9a39c4 3f6e7208 bf6881db 3de2483a 3f4c25c4 be7d1d26 be19749a 3f0e3587 bec7169e 3f16eb8c 3edc6acb bf39cfcb bd6eb212 bdf3f87b 3ea0c264 3ece12cd 3eab96a7 bebd6ab1 3e9296ac 3ef64ab1 3c38c616 bedafab5 3ea66675 bf5295b5 3f414b9c 3e9c7a94 3f20c393 bdd1b93a beb3f287 3dd3f7cb 3f3bc1ab 3f2ca797 bf048774 3e47bd1a bd92e9de 3eaa26a2 bf23ad87 3ea18a80 bdab38d9 bedaaaa4 bea1b268 bf48d1af 3f158364 3f0a8789 bf289da5 3f3cfd80 be3ddd66 be88ba65 3f6eb41d be7d2450 3f057166 3f5e51a6 bf6a09e4 3f7eba84 bf4749c2 3ed76e94 bdd8d8a6 bf11dd85 3f69f5e7 3ea6b2d4 be63e525 bf59abc7 3f7a602e bf76f601 3f4d27cb 3ea9cee5 3e6a2c80 3ee72b08 bf4ea5b4 be38d4c2 3e9bf285 bdbc4918 be880665 bd163166 3f3d9bb4 be802665 3f33039d beb15ea9 3f7bfa3a bf01bd63 bf4047b5 3ebc3eb1 bf0a8380 bdd338d2 3e766cc4 bf542bc3 3f292bab 3f702410 bf543db2 3f5435b7 3c85a078 3f59bde0 bf121375 bdb38928 bd14f202 bf0f1985 3e557418 bf6b2409 3f15578b bf6d7de5 beadbead be87b235 bde3a762 3f17cba0 be6a6c85 3f7a3a1a bf2bf1a2 3f4247a2 3d3d8fc1 bf4789d2 3f20fb80 3ea996a4 bf023369 3e5d0c56 bf3c2f9c 3eec8eff bf6221d4 3f108191 bf19e371 bf524d9c bdd84885 bf208591 bd1fee67 3f1a49b0 be1b8c41 beb6ce92 3edfa2ec bf39c3b5 be914e20 3f775037 bf5c9bd4 3f14df83 bd2292ab bf154195 be1613f9 3f126398 beee16ff 3f065957 bf74da11 3f288f95 3f126778 3f2bd7a2 beec66ca 3f7a544c bede1e9f 3f753231 bf5bf1cc 3f4397ae 3ee2e694 bf762625 3f779c0b be473c8e 3ea17a78 be5b9c8f bf6cd7ed bef69ac8 bf6d2df6 3f559fb4 3ef80aa9 3ea20682 bf38d7ab 3f7c7874 be18fc42 3e6c1448 3f1f5f95 bf39c7c0 bed21a98 bedf9ac7 3d6beecb bf6c7001 3f35079c be86f283 beef1acb 3f03c358 bf5565c5 3f62b1c5 bf7e0c55 3e2ccc03 bf30d5a3 3efe1eda 3ec70ea2 beb05eac bea05a9d 3f501bd5 bf03c155 bda437c1 3f57d9c9 bf2e11aa 3f51ffb7 bf78de2e 3ef3b2bc bf04db66 3e322c39 bf1f9f9a 3e4f8c98 bdf20913 3e193caf beb1cac5 bf229188 3f3ba187 3e3b5ce1 3e9a7ea0 3f541fe0 be064ca6 bdf227c1 3ec92e97 bf72620d 3e924e56 3f46378e bf28b5b1 bf38339e 3f407788 bec992a3 3e22bc9b 3e6b6cb0 bf533f87 3dac68a8 3ea97a6c 3f379fb3 be92767c 3f75fa23 bf6525fc 3e76acfd 3f6f8204 bf789003 3f6035cf beb8e265 bef9072a bf73f221 3ec112cd bf4633cb bec70ab7 3dde67cf 3f364ba5 bf3e5b92 3f61d7bf 3dbf77cc 3ee156c9 3f0d9163 3e83cedb bf7421ff 3f2e819b 
befb6ea7 3f17d76e 3ddad882 be98fe1f be52645c bd2ad370 3f3fdf9a be2b4487 bf05d776 3f079d7b 3d89f8dd bf0ca991 3f3843a5 bf0f2198 be011435 bea08e6b 3dba6834 3ecfd6db bf24cb9f beeb868a 3eadba5f be9922a4 bef0becd 3e9e8670 bf461bc2 3f3923a1 3ed2f2a5 becea6d3 bc5dc2b5 bf238966 3d681057 bedd72d2 3d4173c6 bec2aef7 be908679 3f7e5a59 bf0ae568 3f750a2c bf5b8fff be81f67c bd9fe8dd bf165187 3f3e29d4 bea476a0 bf162571 bf6a79cd 3f198977 bd8768ec bf078d9c 3f194f61 beb6d679 3edf56f9 bdabb958 3f17175b 3e25b4e9 3f7a0450 bf0d8576 bf21cb85 3f5e499f bf78f821 3f62b9c9 bf24f199 bdbb2803 3d272e48 bf30ab6f bf41d9cc 3f224985 bf3c6387 3f4bb3e6 bf3a01c2 3e41b48e 3f0d9d7a bf212f89 bf031b6a 3f41bdc0 3ec762c7 bf60a9e5 3f7fc881 bf32518f bd89096c bf39b1c5 3f068f70 be5e2ccb 3f3cbfa7 be2034e4 bf23d98f 3f7e183f bec90ab0 be013c7a bf5b6d9d be805278 3ed53ec9 bf7ab83f 3f5279a4 3f7245f4 bec49674 3e0884aa 3e8e166f be568599 3f04058f beae52b7 bf6559d5 3f7dbc51 bf46d39a bf3cf1a6 3e80a665 bf11756d 3f1c997c 3e9e429b beb6dea3 3f6a3bd1 be611d2d 3f63e9ec be5544c4 3f31e596 bd5311b2 3e962e66 bf693bfb 3e9c7e6a bf673de0 3f4477c6 bededac0 beb94aa2 3f747213 becef299 bf5411d3 3f04ed89 3ea0baa8 bf01d95d 3f398d74 3f071780 bf44f9b9 3f748223 3f0fdd9b bde6498c 3f64fe1c bf34d16d 3debd838 bdad47f8 3f046f5e bec042ba 3f5dabf5 3dfe390d bf160b6a 3f6847fd bf21fd88 3eced294 3f1a098e bf0bdd8a 3f42e1bf bf728c05 3f393989 3f249968 bf32fb82 bf1cf98e bf149777 3e9c8e70 bf4bdb82 3e698582 bf62cbde 3f43cfae be85765e beff1acf 3f5253b5 bf6e97fb 3f39478f bf7a584d 3f4cf799 3f4b5db9 3f09df8e 3f16d77f bef91ef7 bf4331c7 3ea026a8 bf5793a9 3f6b95e4 bf7de283 3ee89aaf bf4b83ac 3eb02a8c 3f4335b5 bdd9488f 3f36dfa5 3f2a7dac bf7c9a40 3f232db1 bc29bd52 3e0654fb 3e85163a bf5b93d4 3f676c09 3f0e9371 bcf9a08f bda93800 bf2d25a8 3f04d16d bd95a8ec be995e40 3e238d03 3f14397d bf5f05e2 3f6b61f7 bf44b1c9 3ea08a71 3e912a96 bd08af6c 3ee8eaa2 3cfe64eb 3e78751b becd22dc 3d1310fc 3f47fbc0 bf058d88 3ec36e8e bedaf705 bf1e3390 bd8c57d7 bec7ee69 bd47f0b8 bbe3890d 3f5977d8 beda529f bf383da8 3f4607e1 3f2a1b97 bf14fb9e 3d25d2f1 3d43513a becdb2c4 3f7e625d be63f3f0 bf3d87ad 3d61911a bef016b2 bf059365 3f75a824 bf10c18b be869e5e 3db2b931 3df617b6 bd83974d 3f5f31d6 3f3109a7 be868e77 3f2ddf9d 3f6fd41d bf35afab 3dee2842 bb02dd9f bc8221ff bf41a7ba be36dcf0 bf65ba11 3e5b2d0f 3e928e8c bdaed8ca 
3e3fa473 3d792f93 bf6e49e0 3f372fba bdbea7e3 bd482f02 bf3b6fbb 3f062172 3e8a269a be9ac69d beaaba89 3f102b80 3e3ca443 bee2aae0 3f7b5234 bf30cdb2 3f14b78c bed7ca88 3e779d1c 3f4b93c7 3e83ca95 bef6befe 3f6141dc 3c8fdc41 beced6f0 3ee7567a bf7d5864 3eeb2712 3f093388 be333c39 3e3a1ced 3f727209 beac06a6 3ebcf29c be0e74f5 beeb0af4 bee79ea4 bd261002 3eef128a 3d8ca927 bd354fb0 3f51a5b0 bf6ac5f2 3f03655c 3e8ece6d 3f6b8beb be8512ba be2884c6 3f452da9 bf70d40e 3f59d7dc bf77143e 3e2fdd00 bf0a9b82 be811e5a bf7b6246 3f68a3d0 bf104575 3f3359a6 bf27c969 3cf66187 3eed6ab0 be757c0d 3dbae931 3f762026 3d8fa81d 3e7a9c76 3cbf6145 beecbaa9 3f48afbf be04d408 bebbfec3 bdc77801 3f2d97bc bf4e3fb4 be8f8684 3f4e5db0 bf31c5a3 be39ac56 3f6f17db bda5f8a2 beb9a6ab 3ed346a0 bf442da1 3e40c4d9 3ed3ba87 bf13bb67 bea3aa6b 3f3d61ab 3f159fa2 3f069787 beceb6cd 3f001173 bf7ff0bd bf02f179 bef00ed3 3f639210 bf548fb7 3f1567a4 bedd36a5 3e998e95 3ece7ef2 bf545fbf 3f715ff7 3eae22a8 3da9d9c4 3ed7def6 bed00e94 bf01298b 3f049d64 bf7df06c 3db1c857 bf6cf601 3e65b48b be09e4c5 be90c6a1 3cafe6f9 3f60adc7 be884e3f 3f6c89f6 bf6385ed 3e136ce6 3ea5328b bf27cb97 3efd32b7 3e72bcda 3e14f4f5 bf36ffa9 3f7c824c bf721210 bf1d0f90 3f76c613 bf6fe213 bf4319a2 3f1b7f94 bf27f9a3 3f0e3399 bdb6e8cc be885229 bd22b108 be5c14e0 bf558faa 3ef332e9 bf51f9b8 3e87f2a1 be8df659 bf12ad7f 3cb15fbb be585491 3c454a70 3e963a9c bf3add9d bec58a62 3ed20ef1 3eff36e9 3f3cf9a9 bea632c4 3f11c171 bccd1b1f 3f5ec5ed bf7059f8 3ee1c6c2 bf06bb57 3ef3c2df be878283 bcc1e5d4 3f0b136e bf241b8e bf4c7d99 bef3cacd bf014764 3f1b4b7c 3e5e1d54 3e9ad698 3f19d58b bf51c593 3f189d7b bdb7f8f0 3eb10680 3d199183 bf12ab66 bcdade6f bf4aa194 bf1a4d7f 3f727ddd beee92c4 3e30d50e bf6415e3 3f34bba9 3e8b6a7d bf2e77af bf320395 be817e48 3f5af1bd beeec699 3f70220b bf7ea866 3f5347b9 bf6bd00e 3edff6b4 bf3d39ab 3cce5ae9 3c9f5f88 3f25fdab bf754c24 3dcd676d bea546ac bf1af597 3f5137b9 be899e8a bd7692c5 bec462f1 3f0d6586 bf29f794 3eb1dacd 3f5b8bdd bec91285 3f1795a0 3e8b9a4f bed49ebf beb4d6ba 3dec1885 3f3149bd bf1b6995 bf6287e1 3f7f3093 bf1cef8f 3f4807af be939e04 bf2e8d98 3f5237eb bebc5aba 3f249b76 3ee64ab7 bd98b8d2 be51fc55 be95269c 3f720425 bf2d5394 3ec9b2fc bf3fe7ad be8f3276 bf79804e 3edf4687 bf52f1d9 bf6a61ce 3f41ffcc bf36b7be 3f2bbf83 bf09695e 3f550fd3 3edcaaf1 3f138f7e 3e3f24c5 bee382b8 3ef59acc 
be130cf3 3eb42eb3 3dde7854 3ef4ee9e bf1c3f6a 3f79b64d bf017561 3edda6b5 bf657603 3e60dc99 3f44f9c4 bf6493cf bf186185 3f5fa5e8 bf77c012 3f636de6 bf13c79a 3e038c3f bd5d73db bf4ac99b bf36cb82 3f5363c1 bf6519db be1773f6 3f49b7b4 bf4991c2 3f6631e0 beb47a99 bf268998 3f1a436e bed48eb2 bf3beba6 beddbe89 3f6011e2 befa6ad8 3f798217 3e800a93 3e45f4c0 bf77b628 3f75fc2a bf461fea ba5bc73d 3db897ce 3e86a67d bf1cb388 beaf4ac6 bef57ea7 3f07cd86 bf4629bf 3f2607ce bf048f7c 3f691be9 be317c6c 3eee6707 3f173187 3e1d642a 3e36ac7b be930ef3 3e985a87 be38e593 3f212d73 bf7efa6a 3f6685c9 bf4307cc bf146d99 3e714cd7 bf47a9bd 3ee71af9 3e3ead12 bf3e07c4 be922a97 3f6e3c22 be7604bf 3f02a753 bef072e9 3f6d93fc bf7e2457 3f333b83 3e41047c bf16f977 bdbe3989 3f098b7d bed4c68d 3ea4d6b5 3e4bf4dc bef81b1d 3f46d3b6 3ba9809e bed66ea8 bf217f6c beba0aa0 be3dc47c 3eda62de 3f4fd7c1 3f01eb96 3dc0392d 3dfb79af bf357594 3f285b98 bf6d5606 3f29818e bed572c6 3f1f6586 bf40ddc1 be1c246b be2a3c91 bf0c2596 3f40d198 bec6da9e 3f3283aa 3ced5cc6 3f28ed95 3f176385 bedb0abf 3d07b006 3e995a7b bee79ae7 be120bcf bf3e2182 bd8e3843 3eb9ee8f 3ea4eab5 bdfc7892 3e231d51 bf5d31ca 3f5a75f5 bf47f3ba 3f28599d bf46f38a 3f290f8b 3f01bb3d bf3241c7 3f21ab86 3f5b85e7 bf38778d be87ee7f 3e68aced bc952139 3dbee8c2 3e8a565e 3e5694f3 3f5077ca bec6feaf 3f7aaa35 be464470 3f0ffb7d 3ed31af4 3e920693 3ce35f4b be938a71 3e6eac11 3f4293a0 be5d5cb5 3e02d413 be75d477 bf5909e4 3d6870d2 3e099cb1 bf0e3574 beca1e86 3ebe92bb 3f0a3d6f bea3ba59 3f2fad98 bf65d1fd 3f5ae5c1 bf5e8bed 3f6105e5 3e31145c 3f7699f3 bd79ee27 be3504cc be01b44a bf7a9435 3f1a6f8f bf1b7371 3f1e3579 bf3561a8 3ef306a1 bf5e01cf 3f7fc29f beabeeae 3f4ab9cd 3f0be994 bf19e589 be7dcd2a 3f001960 3efeaee8 bf18c98a be15bcfd 3f2b0799 3f08078d 3f0d1560 bf7f94a5 3ea22a63 bf334f9d 3e165c0e 3f665210 bf41c1aa 3f6c7bfc 3e61f459 3f33d792 bf2a1189 bebb2e9f 3f5a85ce bdc648b0 3f5b17d6 3d9158fd bf67b1dd 3eaf86a3 3f1793a0 bf2a1382 3e599d37 3eadd63d be629ca0 bf39ffa5 3ebdef01 bf2c0161 3e58c4be becb4a64 3f6f1c0b bf1a9f8e 3ce7633a 3d218fb6 3f50d7ac bf27d163 3dbdf733 beecf6be 3e990eba 3e11a3f8 bf254d70 3f6ae20c bf721ff4 bf3ba9a7 3f4e59ca be8c9286 3ecc22b5 bf4dffbd 3f2a2b9e bed0de9a 3f3cf1ba 3f1e7381 3e14ec8e 3ef8ff24 3e8856a9 3f4827e2 be91d6d2 3f330da2 bf5e5bcd 3f43edd5 bf6fb01a be1f3488 bf24437a bef13ed2 3f0e798a bf54f5ae 
3e7e1ca6 bf22ed9a 3e8fea72 bf4f0fdf bdf5470c be2e343a 3e646c9b beb3ea7b 3f789c48 bcd9e280 bf465da0 3f534fbd 3f57b5d6 bf783a31 3f0dcb7c bf660fe9 3f44efcf beef46df 3f342180 3ea5664b 3f3725cb bf0a3b7b 3f5b4ff9 bf2f4d95 3f2dad91 bf4c13a3 3f4d07bd bf3eb7b3 3f6291ed bf26ffa6 3e423483 3f69c7dd 3e9ea25b bf7aa02f 3d1c90db bf45a994 be76fc54 be37c4c5 3f61f9c9 bf6d57f8 3eca16df 3e764cbd bd60b23a bf2af1be 3f1eb193 3e19f3cb 3f238ba3 bf038b56 3f4627ad bf035973 3e34ad0b bf341f8a 3eca3ee7 bf7db46f 3e38c4c2 bf57a9c5 3f1841a2 bf3db5c8 3eddeaba bf3c21da 3f66ba12 bf4a57b1 3ef2771a 3e623c52 3f0ef39d bed79ebe 3f7d3254 bf4c0fbb 3df99917 3f5935db 3e3564ad bf6217d4 bd95c864 bf4c2fd0 3f541de1 bf52f9ae 3f27859d bf127f8c 3e89026f bece1ab4 3f1f3f77 bef0f2f1 bd853840 3eef365f bf3c83a6 3eea52ba bf3f5dd1 3e6de4ab 3d9807d1 3ec81e94 3edab6d4 3eb9e6c0 bf44a3c1 bf5845e0 bec3ca80 3dc678d3 bea5825a 3eb0ca66 3f3ad798 beafcabd 3eba3e64 bf1c2372 3df3c869 3eb7a29e be875299 3f521fc1 bf0c597e 3f3719c0 bf5185e2 3db0c852 bf452f9b be815a5b bf31e195 3f7e7653 bf09c380 3efaaeb7 be6044bb 3f026b6e 3f499dbf bde70895 be373bd4 bf096f6b bdaf88d0 3eed027f 3f1d0f7e bf302ba5 be0edc11 3f2c0798 bf115d5f 3f1cef7a bf7fd29b 3f5f41cf bf4edfcc beef5ab4 3f33fda2 3f4a1fc2 bf03a559 be57ecb8 3e915e7f bf148f68 bd564f7b bf3c95ab bda7b9e0 be8e6aa8 bf723607 3e425515 bf577dac be88d24e 3d9ae7c5 3ef32f0b bf562bc8 bbbc824c beb30ebe 3eff0b2f bf359bac 3f6733d7 3ee27ee8 bf5dd3e4 3f3b4baf 3f1aa177 bf3fef86 be6464d7 be511cdd bec406cc 3ebeb28b 3e90fe92 bf2be1c3 3eef5293 bf304fa3 beb762c0 beca4aa9 3e9eeead 3e803290 3f3ac9b6 bf12c996 3ef712f9 3e6894a1 bf312fa0 3f3ea3ae 3e46b401 bf54fbda 3f29bd87 bf1c55a0 bf2d477a 3f278b99 3e88629e bf4989b2 3e9d6eb2 be90caad 3ea0a66c bedd96bf bf5b23c9 bd5b0fe1 3ea8428f 3e9e3a92 3f1cff9f beb8e6a9 bf68b7d5 3f2f397e bf6e87e1 bf120594 bf1fa59b 3f72bc2f be93669c bda5b949 bf0bfd7e bf63e004 3ee2b2f5 3f3fb5b8 bf07136a beb2baad 3edcaef7 3e6afcb0 bf7485f8 3f7fc693 bea3ce6f 3f4923bf bf311ba2 3f6f140a bf14cf80 3eee1ada bf6b2006 3f7ffc93 bf418d8a 3e58dc4e bea01a94 3f6dcc08 be976690 be1e5c62 3f50afce bf07c162 bf0c935a 3f76fe27 3ef8b2e1 beb5eeb6 bf38f3b4 3f7dd875 bed7b689 bde3b8fd 3e6bdcf9 bf12ef82 bf37a584 3e6cf474 bf616bdd be8aca58 3c7e42c9 bf3e27a4 3cd5602c 3e757cae bd7ed0e2 3e8e3e83 3e6f4c4e 3edd56ac 3f3d4dba bea83ec8 3f2e33b0 
beb732c3 3ec322d1 3d9217de 3f1ddf8c 3f733a14 bf28df99 3e867692 3cc36128 bf778e1a 3dedd8e4 3e15acc4 bed3caa8 bf2b639b 3ed9f6a8 3f2149ae be1b4445 3e79a510 beceda81 be71fc5d bf470bb7 3ebc3a88 bf447984 3e832e79 3e097505 bf18bf65 3f2a9799 bf760c1d 3f4a25b0 bee862e6 3ecff2ec bc6748e0 bf795230 3e6a9569 3f09d161 3f275d77 3f06575e bd17b087 3f072f80 bf7bf44f 3f57cdc2 3db26844 bf2d8595 3ed0ce68 3f229169 bd8e57e8 bf4657bb 3eea5ab4 bf3df3a9 3db98906 bda2a8b1 3f09c949 be3c9cc0 3dd68985 3f346ba3 bdebf946 3f168f70 bebf06bc 3f191980 3dfcc8a7 3e2404a5 bf6a31dd 3f7da856 bf196f95 bf020f7a 3e0b5ccf be084ca5 bf122b5c 3f7b1a49 bf3b4f7e befb62af be4e4d01 3f3e43b6 3f334b90 3d05b06b 3e2b5cdb becd1279 3f324dc3 bf4783cb 3f4ef594 beee0ee2 3f0fc388 bf56c1c3 3f751e24 bf628a0e 3f4dbfd8 be5a2546 3f1a939c bf221d82 3f7359f2 bf7e026f 3e417c43 befa82ae 3f288790 3f34a5a5 3f38b59a bf3eeda8 3f69fa05 bf2b13a2 bf1b8b5f beca02c5 3f4bd7c2 beec6ecc 3ed392ea be446cc1 bda898a9 3e25845e bec7a28f be230c0e 3eebfaf3 3e95d274 3effc6ed 3f615dfa bf239797 3e4d54a1 bf6479e6 3f3b9bb1 beff82ae be894253 bf293b93 bea3865a 3f49c7bc bd77f1da 3ef24ee9 bf528be6 bf1c7176 3f742606 be93da99 3e84fe86 be6b2525 bed7d2b2 3f34bfb3 bf3451b6 3f5daddf 3d98399d bf5d79cd bf08b165 3dbfd8c6 3f11e981 bea8a26b 3eaf66ca 3e20d45a 3f46a591 be2c347a 3f493ddb 3f031976 3e9c628b 3efebeb3 3ed5a2ae bef082c7 3ed366eb be8c2684 3f3f33b2 be91be99 3d9237e1 3ea99e6d bc2e3f7a bf660dfb 3f5e3fd0 be450556 bf7a0c30 3f4d59ba 3eb0027f 3dca17d7 3f5029ca bf6827f9 3e03cc51 3e1e7c5f 3e1f4c6b be5eb51e 3ecb3ac4 3f68c3d4 bf772e2c 3e459ce8 bf51ddb4 3f572801 bf7519f3 3cc61fc6 3f237ba8 bf633fe2 3e323c93 3ee2a277 bf15a987 3d67af0e 3f64a1d0 bf71b614 3ee136b7 3e2d5ca8 bee3f697 3f6049d0 bf138796 3f35e7c4 3eeef6a5 bd85789b 3e551506 bf6237ee bebb1ed3 3efe52f3 3f3417a9 becbb2c7 3f64e9d7 3f3e0dbf 3eb14e7d bf5c8fba 3f0e279c bddc5928 3f33e193 3f582fa9 bf6263c0 be60b514 3e0fe4aa 3ef3bef3 be905ad1 becf2e6d 3f51dbd2 bef1bac0 bf300d81 3f3ccba9 bf653a03 3f22c59c bf459dcb 3e377cff 3f5355ba bf731dfe 3f179b9a be82f276 3db787cf bf56e9b1 3efa8b02 be96ae9f bf2bbb7d 3f353dbc 3f0d3d99 bf72ec0f bf0d1796 3f1e0770 3eb3d6c4 bf23c59b 3c23c4eb 3f2ab5bd bf1d0ba2 3f1b1598 3edb06d2 bde128b5 3f5e0fd8 3e44cc88 3d842875 3e013c49 3f5f21bf bf7a3a46 3e90e23c be2bf473 3d99784d bee2de91 bf1fbb87 bea5c25a bcafdee1 
3f5c1dde bf119d78 3d4c70d1 bf7bd83e bf6a43e8 3f5019d2 bf2f61a8 3f39d7a1 3ead366b 3e90f694 3e21e450 3e784567 3eeb02fb bf27a9b9 bea5d26b be8ece65 3d9928a2 3e690d2a 3f087f7a 3e8b5e7d bec5e27d 3f7f0e86 bf3541a9 3f1f179c be90e27f 3f24b16c be440ce5 3e14b4ae becfcef9 be8b1a84 3ed37a92 3e5f247d bdb797f2 bf40c9a3 bf25ad67 bec046b1 bdff3828 be103c33 3eb3a273 beaaae55 bf00af7e 3f68dfd5 bf56efe9 be8cfaa6 bf11f98e 3f7f806f bf3f9192 3f5e35e0 3e341cb7 beaa2e7a bee7dad3 3f56e9bc bf57ddd3 3ea3d299 bf7b0430 3f58dbd7 bf6103e8 3e884a61 bf50c5cc 3ec16a7e 3f500590 bf455ba0 3f1d3581 3e868a62 bdbe4891 3ec54a9e bcbb5b51 bf33a9a2 3f708e06 3dee3919 3ec01eb1 bf77c3fa bf13036b 3e796d18 bf43c3d3 3f5f49cd bf742e09 3f5d8bf6 bf2943ac 3e6ee4ec bec516da 3f146789 be4d1492 bea6b696 3ec12ef3 bf6e0211 3f52e3b4 bf6233e0 3c76401f 3d286ea6 3e9c0e49 bed8168f 3ea4aacb bf45e9d5 bf49e5a5 3f3133a7 bf267584 3efa62ce 3f153d6a 3ec5566e beb70eab bea2d2bb 3f2f8f82 bf4311c6 3e698d57 be370ca5 3e1bb3ed 3efe32be bf617fcb bc982412 bf564dce bed1beb0 3ee19ecf 3e66e443 3f5515b3 bf79fe20 3f079b72 3e83422b 3f4c17dd be003441 be1094aa bf1a1d6e 3f0b0b9f 3c946004 3f6fca22 bf54e7d2 3e9c3651 bf4547a6 3ebffec8 3f5647cf bf5efddb 3f1f4786 bf281590 3e0ff457 3f5747d0 3e9b9ead 3e8c0282 bf6ba1dc 3f356db1 bf1b977f 3e5704a4 bf63d7f5 3e2fbcbe bf5da1d0 be9f1689 bea07274 bf760a34 3f3c95b2 beedd29e bea44aac 3f4ad9a7 bf758031 3f0fbf93 bf319d9b 3ec67ea9 bf5acdb3 3f6457e0 bf0e0596 bd97b7ed 3f3b3fb1 bf034d7f bd84b81d bf686602 3d8778c6 3e9dca7c 3d17eee2 3e98124e bf2a7fb2 3f4e4dc9 bef0dac7 bf4f6fc6 3f50cfca 3e197c67 3c8de411 b988ecca 3edd3ef7 3db04895 be5d4ce6 3f065178 bed592b8 3e92c283 3e0aa42e 3ec172bb bef32b26 3f113d9f bf60bdeb 3f6b11da bf5109d6 3ea3b6c1 bebc82b4 bf48e3b9 3efc22fe bf01557a 3b14e01f 3f272b7a 3efc5703 bf2e8b97 bec73eeb 3c986277 bf369788 bf64b7fb 3e2cf4a5 3e98deb3 bd8af941 bf4b77d7 3dfe1834 bf73ba0e 3f7f3c82 3c8ba207 3d30d0a3 bef486e1 3c9c9f3d 3f272997 bf71da1e 3f315b7e 3edb0f01 bf3c11ab 3f7fdaad bf298594 3f61c1f0 bef976b5 beb4ce7e 3ed536ba 3c4ab9e6 be916296 3f789e1b bed58ed3 3f1a8774 be6cf4e9 3f3b51ab bf6e9fff bdd568a6 3eeb8eca 3f59f3f5 bf685fe1 3e3afcc5 3de658d5 3dee08d3 bea39a7f bd5dae81 3e30151f bf0de592 3df74a1c bf13a369 bf207d92 3eb342e3 bc28ca43 bf6025ec 3f3baf91 3ee746ea bf5e8001 3ececef8 bd4fedce 3f2a6975 3f46cba6 bf51a7ca 
befb0a9c 3a99ff48 3edc12b0 3f6235de 3f3c6ba8 bed11b0d 3ed9de94 bf45eba1 bea84e85 be03f430 bf120999 bec662b5 3e981a45 3eb6f27f 3ef36ec8 3bff7a88 3dc4a974 be4c84ec bf65c9fb 3f6b6be8 bf72d206 3f23f3b0 bf761e19 3f1dd79f bf309581 bed03af1 3ed91719 bf0c2181 3f5b2dda 3ea0fed3 bf38ddbd 3eb67ab4 3dd1e8d3 3f45f9b5 3f41c1be be81069c 3f78383c bf6b2bd7 3f3a53c8 be1d642f 3e8d867d bdd1390d 3e33bcd8 3f4f7ba9 3e4da46b bd3eaf02 be8e3e5e 3e40dc6a bf7a3e49 3f51fdb1 3d5af1e1 bf40bb8a 3ee68a8e bda4e7bb 3f34c99e bf70ca12 3f75ec2a be97c6ae 3f4155b5 bf151368 beb0e6a1 bf06578b 3f174378 bf5d7fd1 3ef5faee bf658ff0 3f5899da be382d3e be878e62 beb74a77 bd7fb238 3f6591e8 3d028ddc 3e4c2c9c 3f202796 bf48f3ae 3f6e3222 bf4291a7 3ed00ef0 3cd9e2cd 3e0fec5a bf2835a3 3f13f78c be94f675 3f49f3b7 bf34c58e 3eb8a6c4 3f0ad93a 3e86be54 bed63a86 3f57efba bef116fb 3e6e14e6 be713d4f 3f760c19 3da1698e bf087177 3eadd2a4 bf6227dc 3e619cf1 bf1a7d7b 3f769c1d bf734bfc 3edd4eb3 3f4269a4 bf213786 3e92bea2 bea016c9 3f01a18a 3f45c1b2 bde0885a 3f597dc3 bf165b78 bf2e078e be2d6d84 3e9e16a8 3eff3aa3 bf7a682d bf1783a5 3f2aad87 bf2cbb70 3f7f846b bf5e0dc8 bdfe5a2d be1cecda bef6f32b 3f314bad 3ea5eab4 bd8b794f bf33779a 3d6e904e 3f113f75 bf3c537b 3f12d57e bf6b6800 bf259d70 3f485fcf bf264f8c 3f4b4fb3 bf67d1ee 3f7be43b bea65e98 3f5c91cf 3e70e454 3d2d6fa5 3f76280d 3e4bccf1 bf095598 3ed06e96 3e851247 bec5025b beb2ca97 3f6181ca bec0a691 3f1d8b89 be3fb4b4 3f021569 bdce9976 bea18a64 3f0d4170 bf407bdb 3f1e47a3 3f6267da befe6af4 3e487cf4 bebe3e96 be8b4a6e 3e81da8b be7b34c5 3dd4d8a7 3e891a64 bdb3b887 bf23c999 3f074784 bf3671bc 3eb652c0 bf259f9e 3e0a24d3 be1b7bfa 3e4b1470 bea3d1ff bf0fb7a4 3e95867e bf6b57eb 3f4173c7 bd2e0fc0 beb7d29b 3f518bca bf41d3b2 3f5555c7 3f45bbc5 bf460db7 3c18441e 3f3aad94 bf706bea be35b47d 3f01bd7f 3e39acb3 3e61942e 3f2f137f 3f071d4d bb807c57 bf087b6f 3f061d87 3f1b338e 3e00e41f bd9e9957 bc5fc326 bf6d05f1 3f6907e8 bef3b72a 3f44b38b bf5dfdd8 3f1f4b9c bec7e2e9 be990e6e 3f00d561 bf53bdae 3dfc879e be923e9d 3ef3f6b6 bde60938 bd901935 3e12acce bf1e71c7 3e2c8ce0 bf44d1bc 3ed90b1f bf472da1 3f1ae39e bdcc8856 3f1cc964 bf7f0e7a 3da3f82a be8af276 3f32e183 bf35a19c 3f3595eb bf410fb5 3f6067f3 bf265b62 3f205783 bf1cd5a2 3f5dce08 3f2dd3a0 bf3f49b8 3e9be274 3e8b6269 bed9ee4d bf078f6b 3f6dde09 3d8968e3 bee2a6e9 bb4d0a29 bf6f4c0a 3f6047f1 
be07bcc7 3f132786 bf4079c2 bf69c7f0 bdc03879 bf128b69 3ea35684 3f13a78c 3e7bb4fa 3d74311f 3f48f9df 3ef81aab bf3687a3 be56f490 bf42fbdd 3f6401a8 bf70f9fb 3f67c5f2 3cfae2b5 bef996df 3f014d53 beba7ebb 3f457fc9 be354504 3ec236ce 3f5e97e1 bf768207 3f4bd1e1 bf5643d3 bf039d76 3f1df375 be995644 bf096b5f bea6ca7e bf7f4c60 3f07934c bf3dcd99 3ec6d2b7 be3c74e3 bf042d5c 3ed59ea0 bf215fa5 3e7aa56f bf5cf7dd bedb129b 3db7f878 3dc8e922 3cb6e1aa 3ebb3ed3 bdba58b0 bda2392a 3e94f260 3f2119bd bf44bba7 3e129c91 3f075d53 bf5bb9d4 3f279f8b bf78c82c 3f33f7bd 3ee62e7d 3f53e9b1 bf3af9c1 3f22797f be46ed05 3f2973ac bf5011c8 3f29eb94 bf13af9a 3f5853db bf1cf194 be2fcc56 3df5e9a1 bf25198c be4c6cdf 3ee29ea5 bf4c11db 3ef11e70 3dc4788b bf3515af 3f505bb6 bd92a817 be1d5c83 be273cc7 beb796a8 3f3f299f befb3eba bf6d77e6 3edf9ed5 beeba6b4 beee3ec1 3ca1e2eb 3ec00ec4 3ec51299 bf66c7c6 be2f5c88 3e9cde51 3ebabeb7 bde189bd 3d5a335e 3f37e198 bf52c1d6 3f605402 bf2c7182 bcf3a1f9 bf0b7384 3f6d4e0b bf33b3a9 bef9ef05 bec54ede bd30b017 bf00077b 3ef696e7 3f12c18e 3ea77297 bf0bbd6f bf27217c 3f6fe422 3f1f2995 bf7b6a4f 3f720bec bf17af70 3e8edaa7 3f13c798 bdb1d8e6 3f20d77a befb56e9 beb30a80 be77bcc0 3f68edda bf4883c9 3f5b67d0 beefe6e9 3e1f74b7 3f7ae03c bf045191 3f256d87 bf5093c2 3f5b51cb bebe7686 3e6ef496 bf1e81c1 be3e6c91 bed6a6c2 3e71d4a5 bf72f012 be062ca7 3f3f67c1 bf0aef6a 3d9f487b bb9b7cf1 3f3e87b6 bf029781 bf6aadee 3f54bbb4 bf59d3c4 bd078f3c bf010f82 3f6a65f9 bf6c4bee 3f2c25a4 bea1aa76 bf52cdc5 3f0e317b be9bc2c0 3ec4e29d 3ed87ad9 3daa37b9 bec75e9c 3e1b1c27 3ee432af beec9eba 3edb967a 3e6d2c86 be594c27 3ef99ef2 bdae491b 3f283da5 bf19e98f 3ed55e9c 3dacc959 3f6171f3 bea3168a 3f2bd5b7 3d345016 bf2bad8e 3f0b7996 bf75c7f8 3f5e95e1 bf4f1dc3 bf242190 3f1ca984 3ef9e6a4 bf5867d2 3ebddabd 3edcb2b4 bf1ef995 3e883e9d bf156968 be9b0a51 bf2921ad 3f1b3b70 be754463 be1e3405 bf2dd5b6 be0bf444 3e963681 3ed896fb 3e3e2caa bdf9e98b bec1baaa 3e51f49e bed31ea5 3f68ebc0 bf7e8a7e 3f634fcd bf28179c 3f7f907e 3eb61ac0 bf3f1fa7 3ea57270 be93d2d3 3df9871c 3df1982b 3e5d4422 3eaf5aae 3dd51861 3f0f6f85 bee4fed3 3d1430b7 be715431 be60fd74 3f5a39b8 be660446 3f2b358c bf725c24 3f1d7d66 bf37ab84 3f5105da beb8f6c3 bee9b6ce 3f02f359 3ed51f0f bf60d7d5 bf13bf80 3f4b37a4 be94e6bf bdec5943 3f7a8226 bf006991 be50953d bf259780 3f76980b bf42a7ca 3f58cdf1 bf0a7f74 
3f2b19a1 bf64bff1 3f668dfa 3f43a5b5 be627ce4 3f76a028 bedaceda bf776618 3f0c5f7f bf30a37f be72bc53 bf62afba 3f6255d1 3e9e2278 3f027173 bf785035 3f2585aa bedd0aa3 3de7a78c 3e80be6d bd8b9945 be02c4a1 be99a279 bec8a6de be18b4ea bf4defa9 3f3a6397 be47c45b 3e045524 3f6bbbed beee6b0d 3f095172 bd2bb349 3f5771d0 3ebbbeb7 bcce1fac be7ea536 3f49d5cd bf3e4f7d 3f7f2e75 be43e451 3d5e33ee 3ea29a87 3e991e5a 3f602df4 bf01c36e 3efcef1c bef416fb 3e8c4661 befe8ae5 3c8c9f02 bd87d73e bf68a5e4 3f299b85 bf0f1b76 3e831a5c bba6762e bf039b64 3f71b3f3 bf240fa7 bf6101de bec48292 3da91881 3d2e2f43 bf062591 3f10cd78 bf727813 3f66e1eb bf23b198 3f415fae bf33079e 3f2db3c7 bf2b038b 3f6fb431 3db9d8be bec892d3 3f5d79d7 bec286c2 bd6d90ad 3efeceb7 bf198d8c bee102d4 3f44a38c 3d84993d bee2466c 3e00149d 3e7e4c85 3f265792 bc39bf17 3e951a81 3f12ff75 3cb9a1aa bf322fc0 bf06654e 3f7fe6a8 be2a0d0d 3e302c74 bf34079c 3ede72a3 3cc05f9d bf172d69 3e7a5d01 be95faca 3ec91afb be318503 3f2c198d bf75b619 3f549bd5 3f6b6dfd be20f3b5 3df9a8ba 3e66ccd4 be8cca86 bef5d338 bebfcee2 3f4127b7 3f23f97a bf53e1db bd3c7144 3e8af234 becf4e74 3c08c566 3e37ac83 bf169586 be972afa be603cc0 bdd01886 3f264785 beb9e6db 3f2dbbac bed486cc bf2aaf89 3f118578 bea012bb bf533bd0 3f517bb1 bf4f21ca 3f5e1fe9 bf7af03b 3d6f1056 bda538bf 3f4bd3b5 be9c66b7 3f1cc39e bf02836f 3f7b9e3a bed9fea6 3e00ec35 bf46a989 3f7ade3a bf4cbfc6 beb26ea0 3eaeaedb 3f6eadfe bef99ee5 3da34900 3f6a05e2 be7e1515 3de55991 bf027784 3f6f3e09 bf566dbb 3f7a9a3e bf2e0ba6 3efcded0 bf042f83 beb4beba beeaaaf0 3f7d083c beef2ad6 bf5e71e3 3f708be3 bf7e5873 3f0a1f46 bf3dfdba 3f01af75 bf77e02c 3f081566 bf16356b 3edfc2f5 bf3d5da8 bf51a3b5 3f0f4b68 bf5dc5dc be01bca9 3f0e2586 bde2191c 3f55f7b6 bf3ff9b0 3ee202c0 3f085762 bf1933a7 bdb23748 be0a1ca8 3f201789 be87227d be6db50c 3ee78302 be9866ab 3f6b7feb bd614ee9 bed4f2df 3edf9acf 3e89f2ae 3cd3e12b 3f4213ac bf365da7 bee45efe bec75a86 3f3f4598 bf034975 3f6b2406 bf6cafee 3ee8da9b bd5a92e3 3e8ca66f be95aec3 bf5765e8 bec7f28f 3f756814 bf1feb63 3f7d1a18 bf6bc9d6 3ee436f1 bed65ea5 bd9ca854 bf148390 3dd93902 bde5582e 3f6673eb bf47a794 3f39d5ad bf39f19a bf32fd8e 3f3083b4 bf025b7d 3f6845f2 be8f8e55 bf16a783 3ef032d2 3ef7cab3 bf1a6774 bf166b6b 3f4331be 3f0e6580 bf6a200a 3f175f90 beffbe98 bf5419c8 3f2257af 3f1f3d8d bed60ad8 3d94b995 3eccdace bdd98869 bd8f5932 
3ea50ebb be6afd56 bdb6476b bf4fbfb3 3d7f71b7 bed5ae83 3d2f8ec7 3f4e8bb7 bdb4f8d3 be00448e 3f3e8b9b 3f106585 bf4349aa 3cd1a4be bf0b557f 3f5ba9d1 3e150cb6 bf39afab 3f131d85 bf627ff9 3f382bae bec7c6a1 3f188766 3ec006a6 3dbd086d 3f4e9bbb bf6121d7 3ec986bd bf152f7f 3a9628ab bf5141b4 3d08302a 3e7a1c4c bf452bb7 bf1e059f 3f6573f9 bf4675b1 3ee22acd bf028b9c 3df348c1 bf78fc50 3f6013e8 bf1b1b8f be8c0a3f beed7ef4 3e0e7471 beb5de59 3e7b3c6e bdedd96d 3e7ea482 3ec602a2 3e3e8ced 3e07b513 3f332d89 be1213ec be9f22d5 3f09956b 3ef566d6 bf71e606 3f3dc3b3 3f3695bc 3f2935a2 bee55efc 3f5b81db bf3e9592 3eda12c5 3e89c65f ba99fdb2 bf110b83 bc979d38 3e80069d 3e3ec4a9 bdfb495a 3d1cb169 bf70ac10 3f4d77c2 bf6f33e8 3df1b7a9 3e242c91 bf1b8d7f 3f6a400d 3e0eec1f bf114578 be0254ed 3f694df5 bf46259d bdf3d842 bd717252 bf4b55b9 3e7f950d bf4999a3 3e951ec5 3f1f439e 3ebd82ae bead4e45 bf2c4590 3f7f6c76 bf5c1bd1 3f4fc9b2 bf6b77f4 3f7b4a50 bf080980 3f1cb57f bf2c77ad 3eb31ab8 3dac88d2 3c8e22b9 bf14b989 bf4889d0 be7afcfd 3f136d63 bebd96ae bdb977d0 3f627dd0 beae7288 be83868c bf7d385d 3f62fdcf bf6149d1 3f4b97c9 bd1b4f42 bec36aa5 3f0e9596 be97d6d0 3f4c73a2 3f1395ae bf39bdd1 3f5f3fd2 bf626dc5 bf1d179e 3efea6e6 3f4ba1c7 bf40e7b8 3f6a5e07 bf038779 3f10ffa3 bf18ff90 3e611414 3eaece8d 3f1ec5bb be63a42f bf736ff3 3f63edd7 bf6f5019 3f2a3f90 bf1aef97 3e4944d9 3e7b4472 3f01b560 bf144b62 3f3167c6 3ed16f0b bf4af3c4 be05dc5a be63355e 3ead7a4b bf2ce989 befaeaaf 3f5219bf bf18c3b2 3ea0928d bf2dafa8 3f7a281e bf4a77e2 3f27fb7f bef006e5 3f77fa27 3e273cec bf67cbd4 3f29c3a5 3ebaa6f0 3e0e0ca4 bb0f038b 3e94debd be54d4f8 3f6287cc bf3265bd 3f5fefc8 bf00b982 3efe1717 3eccf2fa 3f28b9bf bd850987 3e40b46f 3f24a174 bf29ef96 bd41728d bf718e1c 3f029184 3f058f69 bf7ec870 3f77b3f5 bf1c8369 3f637fdc bf64e9e5 be59347c 3f19595c bd8b386b be968a91 3e13ac5d bf34f992 3f79fe3e bf6811d7 be12bc99 3eabb673 bf612fb1 3ec7f66c 3f58c5a4 3ed03699 bf72942d 3f157b71 bf51addc 3f73d215 bf375daa bd140f3e be8e0a4a 3f0e4978 3f36a59d 3eba0286 bf0adf91 bddde900 bf337f89 3f51b9d5 be840eb0 be843a8c 3f553fcc be5a54ac 3f10777f bf557f9b 3d7ef36b 3d03902c be96869c 3f35a395 3f085973 bed1aacb 3d898941 bf6551e2 3f2de7a9 3e566490 bef7db09 bedee6e9 3f3615b5 3e5cac6b be302530 beba56b8 3ecf9ebb be4da541 3efe92df 3f49ffb7 bf46a7be bf067f5a 3f45ddc7 beb74279 bf3bef96 3ec636a3 bf16e572 
bf337394 3f63d1d2 bec292ab 3f1a01ad 3ef062ef bf5461ac 3f75b028 bf5d8dca be83ce7a 3f3005a9 bf6597ea bedab683 3f2e21a6 bf07d577 3edc5aec befc0f19 bf0a857f 3f54f7b7 bdba785b 3eabe656 bf05a158 3ef446f0 bf6a8be0 3e81fedd bf5547de 3e670ca2 be911a50 3f6b31d2 bf28698d 3f731428 3ea9e694 3eb756a7 bf3d19ab 3f47219e 3ebf9a8f bf64fde3 3f758615 bf777621 3f623fdf 3d93087d 3e88325a 3e4a44d9 bf336dac 3f6ec407 bdd5f85f 3d08f17b 3f0f7fb1 bf1ffb8e 3f03af6b be116c4f bf7b4646 3ef16b11 bf1e1f66 bf15a76d 3d7bf1e3 3e3b9416 bed8df01 bf5635d3 3f6b8df9 bf1dab9a bef26338 bf658bff 3ed8cae8 bf708e1c 3f49b3a0 be1cc443 bf0a7765 3e3c4565 3f12bb6d 3c26c47f bf008b68 bcb99c38 be947e18 3e8d5654 3f138797 be825664 3f1f3986 bec35e80 3f7de87b bf38b18c 3db3b8db bf24ffbc 3f5069b0 bf573dca 3f02616f becc9aae 3f6689fc befdb2d3 3f6b4207 bb918518 3e2cbc7d be2b0cac bf16d77b bdabf7c0 bd046f61 3f0ca977 bf088951 3e6dd3f1 3ebd0e78 bf0a3573 3e9dd255 bd832831 be8bd261 3ef6a2f9 beb856d8 bf5cd1e6 3f5321d6 3ea81e9a 3f091b86 3f0db780 bf6edbff 3edc62c8 3ea14296 bf78e61d 3f37a7ad 3dfc1950 3f33dfa0 3da2d975 3f01ed85 bf36d999 3cf9632e 3f1fad7c bf0c3d79 3e2da544 bf01d160 bf773e27 3f20d57d bf5399b9 3f55d5ff 3f74d41a bf6577d5 3e6c0d24 bf73d423 3f63ffde bf5d3a06 3f478fcc bf19cb71 3f3a259d bf61e7c4 bf28f772 3ef5eafa 3f158997 bf4bb7b3 3f74e602 bf59ffe0 3f1aa983 be6fa472 bf7453e0 3f482dc0 bf63f9c7 bd84a989 be4fc53e 3ef09eb3 3eda6a83 bf108b85 3f22cba5 be94923b 3f737226 bf5039b6 3ee93edd 3dfd39b8 be8cd63a 3e7fd476 bf5fa5c3 3f32b99e bea98ec8 be85527a bea0c29e 3e58848e 3e653c92 bf6d19f3 3c855de0 bf12afa1 3f3621b5 bf769022 3e51ec23 bebb5ece 3ef8171b bf4049b6 3e4b94a7 bf640ff5 bdd507cd bea00671 be3fcccc 3d437031 bea45a71 3f68f1d5 3f4109af bf1e4b93 bf07f56e bac628c2 3f109183 bf44bdc1 3ef6cede bed95ade 3f6799e3 bece4aba bf26ed82 3f4459c3 bf4abb9b 3f7fa686 bf4981a3 3f1f0180 3eac625a bf2aa770 3f7e9a71 be316472 bf6305f4 beb77ed0 3f03b771 3de027ae bd617254 be93a692 3f2df7ad 3e5d648e bd484ecc bef95aa5 bed2c6c6 bf3457a1 3ebf3ef0 3f4c1de1 3ec00ae6 bf55d7e2 3f5759bf beea8acc 3e2ed436 bf2c7398 3e81b24e 3f16516d bf1bf59f 3f713df0 bf09fd7b bec9229b be99ea77 bb60df3b 3f25cb68 3ee1d29d bf5ce402 3e870e5c 3f33918b bea42a91 3e81ba69 bf4699b1 3eeed6fe bf002761 3eb3d2a7 bdc727e3 bf31d995 bb878f19 3c801f26 3f2ced7d bf6b05f4 3f108f7e 3f0cb782 bd71904b 3eff06e6 
3d33147f bece0680 3ded9766 bf14d388 3d2b709f 3f1b0fa1 bf0acb6d bcd861ae 3f531bce bf6cd40e 3f4d99df 3e09644d bcb91e5a 3e9596e3 3f09ad7f bf0d2f7b 3f6a4df0 bf0c537e bf059555 3eaf1e90 3d2b2eb3 be23848a 3f3237a1 be871296 3eeb5311 3e97ca94 be9ea2a9 bebfb70d 3e2f94f7 bf16ef55 bf57c5b5 3f1e7199 beaa8ae2 3e802e57 be6d4cbc 3e3c5472 bc36c31a 3e89ea5e be87d641 bf41f7c0 3f172193 bf5c53d4 3f5dc1eb 3e28e40a bf7499f8 3f43e3ae bf625dd5 3f53d7ca bf56cdc8 3e9efe95 3f374fa4 be295cd3 3eb30267 3f51e3cc bf04e582 3f291b91 bd692f50 3f3d69b6 3d00cfdb bf04976a 3f5833c2 3f1ff5a8 3e146d28 3e92c64b 3d256e67 bf402bad 3f6a0e0a bf15f36a be5db49a 3ec79ac2 be92aa62 3f6e9ff2 be280c87 bdeba901 be90b243 bf33d59c 3f0a777f bef47a5d bf449798 3f239f9c 3dacf818 be03cc6d 3f3abba5 beb22a72 3e0764d2 bee2d6d9 3ee02ec0 bf70d02f 3ee6ff13 bf6eb9f9 3f421787 be59e54f 3f46f3ad bf0ebb9f 3eb44ab8 3da95872 bf17116f 3f34399b bf6f03fd 3f0dfb56 3e9b7a7b bf6c59e9 3f25dd99 bf1d5fb6 3f6fc418 3f1b7978 bf32a189 be4e1c5f bf281393 be163c84 3f05db7e bebd4a8b bcf0e211 3e52ecc3 be668d30 beecde98 bedede9d bf37f592 bea46ea0 3f5a1dcf bf6927fe 3f02df7a bf6a89ec 3f70f5ea 3dbec97b 3f16a97b 3f2c8199 bf190f6e bc80e561 bf406d9d bd1d8e66 3ecfc284 3f220988 bf2e97af 3f27378d bf60cbe1 3f6f6ffe bf7c6243 3f57dfee 3f5ee7f8 bf6d01db 3ef576ea bf0d61a8 3ed23ab4 be9e2edd 3e0c345c 3e9b8a68 3f5f11fd bf4a31bd 3f65f5e7 3ef836c0 beb8d683 bf188784 3f02eb94 be81aa66 3e081cc6 bea9e277 bea51ea9 3ef61f0f bf6c3de1 3f63bbf3 bf2f6377 3f240f80 3d9b085b 3ee10ed6 bf726e0c 3f4b15ad bd57ef0b 3ed3c6f2 beb0dabb 3e9da665 3f719009 3d3b4f5e bf005173 3f6c2c0b be8a3e7f 3f01e574 bf6b5a03 3f713a0e 3e9222a7 bd488e9e 3f714203 bf0f0792 3f7d3054 bf54bda8 3f10997f bf6797e0 bf61cc08 3f4797c4 3f437fb8 bd088f4a be812647 be5a34c4 3f01d790 beab3e7a 3e0c5c34 bea9ea8c 3e9b0ea4 3f4abba4 bf6c9e01 3f23878b bf56f9c7 3ef286f5 bf0fe58b 3f0f2375 bf6831fb 3e2ecc86 3ec9c2c3 3edd16a4 3d09ae3c bf113d5b 3f085b93 be8a6685 bf277776 be876a8c 3f15d97b be922662 3f5793be 3f0da76b beaee27a bf737205 bea706a5 3f1d4d7a bf751208 3f238997 bf1d7975 3f7fceae bf474db1 3dcc283d 3e53e4a5 bf4e7df1 3ef0aab4 3ed1a6e0 3e27fcb4 be5e3c56 bf2d01a8 bd47ce5d 3f31efc7 bf11af67 bf3b4b99 3f1f496a bf4ba3e4 3f7d6849 bf0fb37f 3f72da09 bf3f2bad 3f3cd5a2 bf092763 3f7d425a bf5d3de8 3f39bd97 becb36cd 3e9a46aa bf3ed1b2 be43a4a4 3e383c7e 
3f07837d beb4ee8c 3f48aba7 be7eecbc 3e96e2d3 bf786626 3f155d85 3ed12283 bf798241 3f74161b bf5619ce 3e3ab47c bec5ca65 bf19bd7d bf11b797 3f31739a bf4905bd 3f2b1d93 bea56edf 3f29579c bf396b9b 3ecd3711 bf08576d 3e415426 3d146fd1 bf468fb5 3f21c382 3d92d9c2 3de3e8aa 3f2a5771 3effd2e1 bf3c4fa8 3f4573c5 bf6387fd 3ebbdaf8 becc56f4 3e5acd00 bf134577 3f1801a2 3e92f67f bebfb2e4 3f3657ae bf4271b1 bf32cfcf 3f2f677e 3e52046b bf506bce 3f5045bd be3f8cbf 3e3fac22 bed96ad1 be9f8e83 be0a9468 bebe0691 bd174e4e bea57290 bf04258f 3ca7a349 bf48e1af 3f6f39f8 bee662be bf4bfba2 bea3f6bf bd2af157 beb61aa6 3f7e1032 bee5bed4 3f01a972 be9f8268 bea8aa8f 3ee4beca bf6cbe04 be8206b4 3ed586be 3e40652e 3f78e237 bf740613 3f732def 3eb68ea4 bebf62b0 3e256509 be31e45a bf6c7df0 3f125d9d bdaa78f5 3ede1ad8 bed9b27a 3ef026d5 3ef2aec8 bf23a58a 3f0e0f76 bf6151e1 bd61af62 3f5709b0 bf3def93 bd449061 3efe2f15 be04bcb9 bd4af0be 3eb5ee79 bf6253da 3f6c4022 3ef102df bf2e6393 beed22ac bf181b72 3edfbedc bd92d8cc 3f64dbf7 bef77ad5 3f0c2b64 bf28c37c 3f77a827 bf4af7b0 3f5f3400 be003c2c 3f72dc1d 3f47e1cd be4cf3c0 3ee4a6ea be77e4bd 3f2d3baa 3dc668a6 be836eb2 bf27c193 bece1ea0 bed2627d 3e7b7509 3e7e1495 3ebc42e9 3e7ecc89 bdf41850 bf4d33db 3f29f38c bf043b93 3f2cb38a bf54e3ae 3f78020b bf7b2c2d bdad3895 be3a3475 3e5ef49b 3e95a6c1 bef81f36 3f509fe7 bf3f57a5 bdded7d9 bf734e14 3f230993 bf141779 bf66a3cc 3f4e5ba0 3efb2ac8 bf64f5f5 3eb87acb be7ddc9f 3eb7beba 3e77b4c0 be6ef483 3f579bd2 bf6fce04 3ece56f0 bdfd694f bf12d556 be26046f 3f4e1fad be72e5ac be57e41b bf4517a7 3f069181 beb6a2b8 bf316f8c bf05e993 3f3e959d bf6133cd 3e03dcab be814e80 3f65eff3 bf6aa5e6 bead92f0 3d0dcf58 bec25e7a bd953969 be98ce64 3dc4092a 3f26e17b 3d77534d 3f5ebbe0 bf1fc76c bf6c29f7 bd6892f0 3e04f47b 3f588fb8 bf75e5fb 3ee5f2b1 bf35bdae 3f6ede05 bf274392 bee7069e 3e620cf5 3e921ac8 3e8376a6 3d685221 bec48e50 3f00a14f 3e5ce44e 3d31d197 3eb5e678 bf7b444b 3ea7fe4c bee1a2df 3ef7bf10 3ba67ab7 3f6c39f9 be7504cb be74c52b 3e765503 bf4c47b2 beebaef8 3f08a15a 3f345d81 3ea9729b bd27117c 3ef45eff be07ec75 3ebac6bf bf3fa77e 3f65b3e9 bf67fff0 3f4d47d9 be0dccb3 3e959a79 bf43dfa7 3e36f484 3ed3fa8d 3f3a4db9 bf5d07e2 3ed5c692 3d2e9143 3f7a6a20 bf056966 3f42f7af bf51a5a6 3edd0b07 bf3aad8e 3e4edd28 bec732d0 3f55e3b9 bf3db7b8 be62dcac 3ee5fac9 bf54d1d3 3f4bf3b8 be49a4a0 3f05eb6e bf289388 
3f4187c4 bf61b5d5 3e93c23c bf0a6794 3ecdfa8f 3f0f5182 be854a73 bf25efab 3f6ce7f7 bf6031d8 3f687005 bea5f26e 3f27c5a4 3f47ebbd 3edd46e7 bf145f9c 3efa5740 bf1e6ba2 3f45e1b1 bf5c1fb8 3e36d3ce 3f1e5d90 bf33dba2 3f06ff71 bf21977f 3f6d6be6 bf09c18b 3e442525 bf4795de bdfc492f bf190784 3f6d83f8 bf6f2bff 3f677dd0 bc623db8 3dc8a8ae 3eebfec9 bedebe8c 3f00975a bf5bb3c4 3f4a81e1 bf5a15e5 3f621df3 3f466bac bec0e281 be34d476 3f3187a3 beebdad4 beb9d296 3e634d1e bdb328a6 3f01bf4d 3e30ec96 bdda98b3 3e595c73 3f33f1b6 be189c57 3f5bf1e9 bedc52cd 3e78e493 bf17c583 3f6da61d 3ec80ae8 3e1214ad 3e138c10 bf5fcbfa be286449 be52551c 3f0d2577 3eaaf29b beeeaef3 3f119b66 3f6d0c07 bf31079b bf033386 bec38ea1 3e3d94e8 be972687 bf253f75 3f1209a3 bf2cf7a4 3f3d3f92 3f1cb97f bf24a387 3ec45266 bf7cc447 3f736e07 bf40eb94 bdb9b7f0 3ee39afd be05f48c 3f021981 bd833994 bf63ddfb 3f2aeb9f 3e15148b bea1eea3 beda16d8 3f51d9ef bf313daf 3f5203ac bf5069aa bf359d7b 3f4a2fb0 3f05515a 3eb86ea7 bcd920aa bcda607f 3dec8946 bf754803 3f4953bb bf4bfda7 3f0c1387 bf57bfca 3f08e555 bf78643d beef8ab4 bf34f79a be1b046a bf05e388 3ceddbd9 bf078980 bed132b8 3f085583 3f1e4f87 3ef7b259 be7f34ca 3e06f474 3e08cc41 bf6083f6 3e880265 bd9106fd 3e30e4de 3e69dca3 bebdba5d 3f086d74 bee00eb1 3e34c5ba 3d9e6823 3e1cdce1 3f395baf bf7ec489 3f2ed389 bf2b2377 3e113448 bd46d196 3f6c6fed 3e607c85 3e23d4c9 bcdd1cc6 3f695ff0 bf2aa97e bec6e6ee 3f3c23ba 3c8be2d7 3ececaba bf6783ea 3ed30a90 bf204f93 be88f244 3f7ec471 bf39697e 3f2187a4 be2f3461 3f208990 bf488b97 bee3ea73 3f6e85ce 3e8b8659 3daff896 3e39cc76 3e8d22a6 3f6285da bf23c782 3f147383 bd1b9285 3e0bb474 bf5b03d8 3f236390 3f39c7b5 bf0b137d 3ee962cd be438ccd 3f5c73c8 bf6b1812 be81ca52 bf0fcf82 3e629cc3 bd1eef50 3f5a8bd5 3f2ee597 bf5adbc4 bed7feef 3ef1730f 3e4fd4e9 3efe0efd bf5db5c7 3f6e81f2 bec826c6 3f275977 bf6bba02 be9e3e37 3eeeea81 bdc71837 be8bba68 be821280 be88fa7d bf0c09bd 3f36a1be 3e227c87 3f163581 bf480fb1 bea86e91 bf272b9d 3f3629b5 bf4d45dc 3f72ea09 be80ca83 3f4933ab bf716624 be37d47d bf135372 be6404fd bd78310b bf47cdc2 3f4cd3d2 bf1c176d 3e523cca 3f17bd85 bf6fdfdd 3eebf2ab bf38319b 3f7f868b bf0b696b bf40edb5 bd08516d 3efd7edc bdc6c689 bf4c61ab 3d4330db bf5ce7db 3f072d8e bec902a6 3f058b7f beb7de8f 3f6131f6 bea34e7e bf72980c 3f652be7 3e9e66b1 bef5beff 3f3835c9 bec602cf beffef34 3f7c424f bf2c2975 
bdbf08bb 3f24bf90 bf0afd7e 3f7c6e49 bf76300a 3cb423c6 bde53818 3f078b5b bef26ec2 3ed6c684 bf365ba8 3e1b3404 bf5cadf1 bf2c59aa 3b19008c bea966c4 3f6727d7 bf6f81fe 3f1e336e be949658 3f26f7ac bf3675b0 3e59fd0a 3f3f99bc bf458db5 3f26bb92 bf7329fe 3f49bfcd 3d06afb3 3f7fd2b8 bf0a995e bdfe69a6 3f0a616a bf3b2dcf 3d64f0a6 bf113166 3dca0880 be9eb29d 3ecff6ae bf002f69 3ebd6e8a be125c5a beae9a96 bf5a7de2 3cb2646f bdfb186c be58e4f6 3e3d043e 3e41ac2d 3f0a1b79 bf4dcbe2 3f05396f bf51e5ca 3f265997 becc5ac4 bf08315e be96625b 3d4e51c4 bef7d31e 3f360793 bea3d646 3e2f4cea bf256d72 befaa684 3eedf696 3f354199 3e707cf3 3e564cc2 bf055f62 bf22236e 3f728a03 bf735207 bf218796 3ea26ed1 3f2cdd92 3f1c1387 bf07c34c 3f669bea bede62a4 3efc3ad0 be1e441f bdd817ba bf1a559e 3e8eba88 3ea8beb0 3c7f3cc5 3eeeab37 bf5347d9 3f7d9a66 bf4bdf8e bd2830f0 be1e0402 3e90ba8a 3f1f5585 becc2ed8 beb726d5 3f4161d7 bea6ea96 bd31cea2 bed78e6a 3ec57687 3e4564ad 3ef2be96 be4364b1 bf162b97 befe62e5 3e9ddab1 bf681bf6 3ebfeae3 3e74c4b1 3f2a47a5 bf5457ae 3f5113b5 be1ddc3f 3e5614cd 3f15f589 3f22ffa6 3eb30ea3 3f190f8d 3ee43aca 3eb602c3 3e23149f 3f5543d2 bf639fd9 bf401d83 bc0ac680 3f07cb99 bf1ad17e 3e86ee6d 3d96a86e 3f0fff88 bf38cb92 3ed56284 3de3399c bf31dba4 3e871a4b bdf1b85d 3e244422 3d1c5342 bedd06ab be42153e 3ed0e2a8 bdccc8fc 3dad2793 3f191568 bf47b1d0 bdab47b2 bf7d5e72 3ede82f1 bf2a6785 3eebaaad bf3b4988 3f73c014 bf023d61 bf5e2fc4 3de8e841 3f33c7a7 be563d04 3f575dd3 be463494 bf1ceba9 3e3bece1 be2add2c 3e90c6a6 bf39cdb2 3f3ef992 3f0baf85 bf7d9658 bdf5e991 beca8287 beabb6bd 3e41fd3f bf4031a0 bdca4776 3e615478 beb082e5 3e152cc9 3f44fd9b bf058b69 bf3a1fc9 3f24f99c 3c553ebf bec9c6b3 be9d926c 3f27798e 3f4277b7 bde948ff bc2c481d be41547f bf0f579b bf4c4bd7 3f65d9e2 3f07054d bf141b63 be590cd3 beaa4ea3 3e360d08 be95aad6 3e67f4fe bed126ad 3f730e2c bdce47e9 3e21accc beff6ac0 3f4563cc be158524 3f3b07cc 3f23bb8b bf3485a9 bea34676 bf17796a 3f638fe6 3f091170 3deec8de bd5b70e1 bc96a216 bd20303a bf398dc1 3f50bd94 be817a89 3f2b69b2 3f018f74 bdb88914 3f1d21aa 3f1c9786 bf789c1e 3f7b202a bf112d52 bf0caf66 3f72561e bebf02b4 3f3b018d bf77d215 3f4803ba 3f796a1c bf208d92 3dafc799 be86ee55 3f61d9d8 3e927e50 3e5a8d0e 3ee102f8 bf17a384 3ecee2b3 3cdc22ed bf31459b 3ee116c6 3f4a7dbc bf41dfb6 be9ae286 3f04c97b bf652de2 3f4887c0 be20e4cf bf238789 bd583081 
bf0fe97c bdfa2a28 3eaae6a2 bf66cbeb 3f771dfa be22447f bda87859 3ed61f01 bf5893df 3f746e15 be89c2a6 3f15e3a5 3f779216 bd8aa7d9 3eeb86b7 be430cce be83ca82 3e9ffea2 be908adf bc9c62ac beca56c3 3ee296fc be9bead4 bed292d5 be030cb8 3f14ff7c bf064b69 3f3d759e bf713006 bf34b588 3f3749aa ba860c04 bf37a189 3f739c18 beb46a9c 3f6f6412 bf056781 3f78a82c bf64cdcf 3f5e5bd3 be80a6cc bc4949e5 3eab8aaf 3f5613d8 3a6c6154 3f4dcfca bf17055f 3ec1ca92 bf032179 bec63ee2 3f21718b befdc2d9 3f108d85 bed882e0 3de679b0 3f00557f 3f02b346 bf2b25a7 3f62ffd1 bf2b9b9b 3d876982 be008426 3e234483 3f3499aa bf46cbad bf2c2d7b 3da658dc bf005d7b 3f4c0fbb be361491 3d48d2d5 3e0f4c8e 3f4ca9bf 3d7e3168 bf6d81ff bf048b8c 3e9d76c9 bf6a2e0d 3f7e1254 bf7f3079 3f2a759c bf1c6d7c 3f49a5b3 bec2dade be723c5f be6af4ce befa86bd 3f6a53f4 bf04b989 bd8d77f2 3f7f4e7c bf568bc7 3e1e14dd bf52ddac 3f22c99d 3cef64f2 bf6339c0 3f5157e6 3c43c217 3e437456 be854e92 be9f52a1 3e19ebe0 bf258595 3f6ad5f0 be46e51c 3f3bb589 3e153494 3f2bb5aa bf51bdc1 bf3f79be 3f7ac23c bf1c9dac bcfd22b0 be870632 bf03ab70 bed6dab6 bebf92be bf2d09aa bf04856e bf0b458d 3b27052e bf624a04 3f7af023 3f7ba841 bf4ef1b7 bded88dd 3eabaeb4 be682cbe 3ec626d8 bf5c3bdb 3f62e5ef bedea6cb bebb36c4 3f49e3bc 3ea0ce9e bed0965e bd8a98d1 bce49fa8 3ec586f9 3de7784f bf229362 3eeca6c7 be86c2eb bf1eaf79 3f682e0a bca39d7e 3f5875d6 3d04d096 be0ec50f bd1c117d 3f330f8b bf7f1a78 3f2e377b 3f2ff797 3e6c04b3 bf54df9c be816273 bec8467f bd13b01d 3f37b98c 3d42713e bdfe294b bf0da577 3f74f629 bf6a8601 bd8f9909 3edc8a74 3ec38aac 3eb76ea6 3ef752b9 be80c25d 3e4ddc6e 3f542bc3 bf57b7c0 3f52c7d7 bf6c3406 bd29906b 3d8709b5 3f385ba2 bf5425c3 bce62011 3ed276c9 3e057c50 bf452dc2 bee5e728 3b32e9f0 3ea6b6ad be252c63 3f5e5dc8 3ed636c3 bf71e810 bd8619cc 3e088c68 3e478496 3ef5bafe 3c9ba128 3e0d8464 be4e3c82 bea1fa71 3dbe4998 bf4cc7d2 3f37d78d bf093363 3e69b4e7 bf09ad5f bf27d974 bf040f8f 3ea332ca 3f67e7f9 be491c4e bf012d73 be329cc3 bf32cbaa 3ec846a2 3d9aa6ed 3d17919a 3ec54edb bf74dc21 3ef53af7 bf743e11 3d9e8905 beaa168e beedbec9 bf116781 3f31459b bf1e0f8d 3ee23ee9 3ebcfa77 bee612b8 bece62b4 bd0b4f1b 3ea69ebf bf0bb55b bf748012 3eec6ee0 3e5c74ee bd7e9136 bf2311c5 bea27e64 bdf21864 bf23f182 3f521bc7 bf3ce7b9 3dc509a8 3d3111c8 bb908e5f bf6617eb 3f7cb62a beb8c2ab bc2cc8e3 3f2caf86 bf7a3641 3f2b2192 3e8b1630 3f24c993 
3f686011 bf168f88 3efb927f 3d85a869 beca7eb8 3e17049e be57a4be be5f6503 3f21c7ad bf734627 3e93fa6b bf7b8834 bf039f6d bea8febf 3f234d82 bf5b5fb0 3f7fee94 bf4d2bbb 3f7b6e38 bee24290 3f23fd9c beed82d0 3e1af40c 3f716a18 bf0c6f7b 3d47d051 3e6a1d08 bf3383a9 3f31a1a5 3f58ffa9 bf7c8e44 3f24399c bdc138be 3d66ee95 bef60e8f be6254d1 3ddab83b bf6af5ed 3f013d6f be40bc9d bf3b3786 3f5c9db4 bf3fa1a4 be9c8e82 bf665dfd 3e3a9cb9 bf1c317c 3f4babbf be843258 3f291781 bf34eba0 3f51cbaf bf7f7e8e 3f65b1d8 bed1aedc be18f4c4 beff36aa 3f511bda bf7e1454 3f02ff7c be1a7483 3f50cbf6 bf5f95c6 3f2a219d 3e105c1b 3ee20ac7 3e7e24bd be40fc6e 3c03452a 3ece2ae3 bf3f779b 3f03a56a bf560bcc bec87ad9 3f7423f6 3ecbd2d0 3e6db488 3ec7c715 bf1cbd74 bc784509 3f556fb6 bf4471bc 3f61afd4 bf60a7c0 3f7cf035 3e2e9487 3ec926de bf4c03ba 3e9c924d 3e02441b bf21efa3 3f059978 3e41244b 3f002f91 bf2f0b9f 3f15f97a 3ebd52cf bf0a9588 bf20a373 3f05e75a 3dd95842 bec39277 3f2d7397 bde2d837 3e0c9c80 be8c0ebd bf2df78e be27b52c bf77ae12 3f783023 3f15016a bf28639a 3dc85810 3da50838 3f2a8f8b bca8dd89 3f0b336a 3dee8803 3f5af3cc 3f10d985 3ebb8668 3eabb29d 3ea8825a bf4a5ba7 bf42219f 3f5547c1 3dae385a bd6bb002 3ca59b82 bec692a5 3f00a36c bec2cae7 be37a48a 3f609be3 bf73e802 beea7ac6 3e0074f7 3f4541a7 beeeeac9 becc02bd 3ef146c2 3e5ecd23 be644d1e bda6a80f 3f57cbb8 bf7c2649 bc8e60d0 bf3e7fab bc79c638 3f19d797 bf22858d be1ee4f2 3f42c996 bf5f31cf be66a459 bf0ed392 3f5015e1 3f092f7a 3ee54b04 bf02e949 3b22f51c bf53f3d7 3f6ca9f3 bc97e2cc bcb89d84 be6a1cfc 3f32adbf bf4093b5 3d8d0924 bf677fcf 3ea31aac bf3b8781 3f3933bc bf75301c 3e9d366d bde0ca24 3f39efad bc885e43 bea48e3f 3e3e448d 3e499460 3e9696cd bea26ab7 3e4a7d4f 3e52c471 3f6463de bf42b1b3 3ee146ee bed38ea0 bf10237f bd62f06e 3ec3eac0 3edb92ca bebcda89 3eab8ec3 bf3fcbba be7b449a 3ccc1d71 3eff1ea1 bbce8475 3eebcad6 bebd929e 3f3a5bbc bf58f9c3 3f6a45f9 be0ccc38 3f6a29f5 3ede12ac bee2369d bf2b3590 3f054f75 3d9c3875 3cf4e469 3f7b584e bf068f71 bdad1908 becb1ad0 3f38ffc0 bde48887 3f04b76d 3de3484d 3e85d675 3d0e6fca 3f4d8bc6 bdade818 3e043494 3dff6954 bf27e9b0 3eb916b3 bcc7a319 3ec46e70 3f01f37f bf4141af 3f5de5e9 3f12c394 be2c64cd be92a21f 3b0f0826 3f6507c9 bee932f8 3f388595 3e6a3d0a bf1fff80 3f4819b5 bd60127a 3f097175 be4584b1 3f086f89 bf30bd7f 3f314fb0 beec0ac4 bd9b6861 3f079966 bedf22dd bea04ebd bf34c1b5 
be8e4e5b be0a3c99 3e83166a bf2495ac 3f61abea bf2c138b 3f6d69fc bf269386 3ebcd286 3e550c6d 3eddf6cb 3f090754 3f18656e 3e56551f bf6a21ea 3f6aa619 bf61e3cd 3eaec2b7 bf3ebbb0 3e2f2475 bf05377c 3f24f17d bedf92bb bf3f6db8 3ef6b2bf bd03ad51 beb5f298 3f48dbbd bf2ed796 be61e4a5 3e60fc3e bf0a5f79 3f0bd76e bf5905af 3f7bc242 be5b84d9 3dba08d5 3f754018 be96b28a 3c95de04 3f2d2db1 bf1d5da2 3e1803fb 3f28df79 3f6459ca bedd9ea9 3f64d5e5 bf52afcf be0de417 3e1b43e5 be10f4bb be184c5c 3f034d58 beb66264 be864aaa 3f2fcb93 bf01d567 3da1197d 3eaa9eac 3e90f292 bee2c6fa bec986da 3e4f4bfb bf4fffc5 be964a79 3c333eac 3e062490 be963a8a 3df9d861 bf65e5d7 3f73002a bef50ac8 3ef9faae 3f0ee776 bef16ab2 bf3d2f9b be77fce9 beea26e2 3f5307df 3d91c902 bf7135fa 3eb4be82 bf00f169 3e9ab669 bef03f0b bf5d19ad 3e1dd4d8 3e841252 3e003ce8 be80327a 3e711d0f be715c37 be227495 beb9aebb 3eff6ae0 bf4a01c2 be28ed16 3f317b9b 3e8ed665 be4724fd be872671 3ecfeade be1ba4ab bf6a3fe1 3f2dafa6 bef3d28a 3f797c4d 3e8f9652 3f07a968 be7e2cd1 bf67f1e3 3f41d7b3 bd4e90f3 3e015cac bf26bb91 be99766e 3e870665 bf015b6c bf1caf98 bf45618d 3d70b193 bf5095c0 3f009951 3e164bec 3f419fc4 bf4e79d2 3dd9b85a bee6eaf5 3ebc7e81 3e869e80 bef2b2e4 3f3909c5 be8b1e6f be73c4c9 3e8cee6e 3f6e7408 be26fca9 bf595fe7 3ed502bb 3f02118d bf2ac78f bebd4e7b 3f16f379 be2754cd beaa96b4 3e57c479 3f744404 bcf6df63 3d8238b7 bf3aebac 3f6c13f7 bd95e88b bf21c9aa 3f631bd3 be17648d 3f386389 bf539fb4 beb0ee96 bf60cdcf 3f7c544a bd106f87 3e509cd8 be33042e bf063764 bd21cffb 3f1c917f bf1d4578 3ea5b27e 3eebe6af 3e08f4a2 3e182c69 3ebf6ea6 bdf698af be349458 3f6627f4 bf4a73bb bf136f92 3efcb2bb 3ce49f3d bf49e7b5 3f24e3a9 bf4cabf5 3dc33894 3d4971dd bee292eb be3f348d 3e33fcf8 be1004ca 3ebda674 3e7e3505 bd2f6fc8 3e210c5d bf74a426 3f24178a bf47ffb2 3f5013c3 3f3d4386 bf67ddde 3ed2bed8 bf71ba1b 3f00d98e be115bfb bedb02a9 3f3defbd bf6177ba be929a3d 3cf5a01f bf7cfe55 3f48bbd9 3e65e51d bf216d91 3ef7d702 bf145563 be91129b 3bea676e 3eb81e9a 3e88dea4 bf4037b2 be165c89 bdd287e3 beac1e80 3d0e3095 be276c79 bf32dd93 3ed1b2b1 bf4399b3 3ec2429e 3f0d277d bf3cebad 3e17dc59 be878ab3 bf08338a 3eca969a beb0a67d bf29d391 3ca0a2db 3f1c5185 bf6c1801 3ef3d6f1 bf00638b 3e639cd8 bf329381 3f2b9f97 bf200181 be8b8e36 bf5affd4 3ebaeacd beda6680 3f068d72 bf6a3807 3f55fdbe bf123f60 3d7371cf 3da358e0 3e2e2cc6 3ed2827a 
3efb7b05 bc02cb34 3d8ff906 be2b0516 3eaf1236 bf7e1265 3f191d73 bececa67 3e8d6ab5 bf4333ad be7424de beecd6c5 beaae25c be94569c 3f724ded bf31d1b4 3f5f8bdc bdf957eb 3f4829bd beafe662 3f3ff1c5 bf796448 3f0d5f6e 3f5329d2 bf7c4022 3f7e6665 bf6197c8 3f46e7b2 bf4bcbc1 3f16bb68 3e0fa4d1 3e852276 bedbf707 3f616de5 bf4677d1 3ec75ab3 bf0fad9b becc2669 be8c6656 3dced865 be5a2c98 3de5a99d 3ec62a83 bf53ddd6 bf4d01c9 3ef60322 bf659dc0 3f781833 beac5a77 3ec1ce9a be893670 3c9920e5 bdc8599c be85a681 3f3969bc bf2ddd9d 3f470bad be88c6b6 bf1b5366 3dba99cb bdb4c836 3f0ea396 3ef39675 3ecdd29a 3f7c6052 bf67ebe6 bdf52939 3eb382b6 3ea98644 3ecda6ca 3bdf8ddf beb1b652 3df9c9c1 bf3d8d9e 3e7a2d0e 3ef5d2dd 3f50e3c8 bdd4c874 be9616cc be8e8295 3f0f9f8e 3f48eddb bf0db781 3f035148 3e2a24a7 3f7f8e81 bda94754 3c8f9f90 bf1da98f 3f37b3b2 bec7cad6 3eec62af bf053b74 3f3be5a8 bec4d2a4 3f3f1994 3ca31f25 bf33039b 3e988ecd bf3ea1b4 3f795238 bf569dbc 3ec072bc 3f5fe5df bf049369 3e915a83 bf31f5aa bea8927c be460462 bea77670 3f709003 bf3b03b6 3de307f9 bee29ec4 3f0a597a 3f298580 bf77a41b 3f29e986 3f25137e 3ecb8ea9 3ecb2a93 be58cd0c 3eecea9f bf7fac92 3ee59aa5 bedceec5 3f50b5a4 be18c44b bd1f4ff7 be4dc4ae 3e7534bf bf3dc3c6 3e998a50 3d9227a4 beb2f275 bee522d1 bec1b65e 3f7f3263 bef6a2fb be004c2c 3e525568 3f39f9c4 bf265f9b be7e249e 3f3647b0 bf0a4555 bf352b83 be26dd80 3f01598c 3ef5334a bf6223f8 3e052487 3e2474e3 bce7e251 be8bf649 be48a511 3eb2eac4 3ef7db07 3f246796 bf1cdd52 bf0e7984 3f471dba bf1a3d80 3f6fa80e be9dae79 bdbff8c5 be79fcbd 3ee012ed bf762218 3ef41316 beb4aecc be4c1484 be50e509 3ed8faad bf4ad7aa 3f22017f 3f382f92 bf77ca26 3f033751 3f281b7f bf4a75bf 3f615bcb 3e9bf6bc bf15e76a 3f7f1053 bf4de59b 3f484db7 bf04cd80 bd09b09e 3e815ea8 bf41ada7 3f473b9f beb6c29c 3f798c1c be47ed01 bf08a36d be41a4f8 bddd97c3 3f79aa2e bf397faf 3f5681c9 bf7d805d 3f5c81d7 bf3e69b0 3f5e7dd4 3ecc26d4 bf11bd83 3f700812 bf12d98f 3dd4880d 3e3204f7 be9aa2a3 3f726dfd bf4cd3c2 3f62edca bf4729c0 3e0af496 3e2dfca3 3f6a0fd9 bf43718f 3f6f5e07 bf3f17ad 3f7e1a5b bee9ea97 3f0d8972 3eb1e6a5 bf3b339f 3f064b7b be0c5cdf 3ef5dab9 3e469524 be2224a1 3f2d31a6 bf05d360 3f6703ea beaf9665 3bd48716 3f221782 bf1bdd77 3eaada81 be75848f 3e99dab1 bb554577 bd8ba7e7 3f5fedd6 3f661204 bf08c141 3f25f192 bec40295 3f187984 bedf971f 3eb2b2c3 3dd5f8a4 beb3fa6d 3f6111ed bf74fe22 
3eaaf679 bf77421e 3f7d645d bf6417ec 3f5631a7 3e45fc9b 3e1ee51a beecd2c4 3f066779 3e4b8c05 3f301597 bdcef868 3e88faab 3eb2666a bf51ffea 3ebcc30c bf69f5e8 bd6f1015 bf3a9ba1 3edd7ad3 bf154d70 3f366d9c be7decf2 bf318580 3f45b9c5 bf4c25be 3ee4bad7 bec1d68e 3f03d189 be3cec3d beacfa3f bec41ee5 3f226797 bf6cea01 3e7e64cb be1dd40f 3f36a9a3 3d656e3b 3f095b97 bda068ba be2f245c 3e283d24 bf27afb5 3f6ae401 3ea9aaa0 3e2eacf6 bcd15d5c bec5a6cf 3f0a2d5e bf772a14 3f67f7df bade19e2 bdda29b7 3ecbeebc bf089d86 3e7f5508 bf728401 3f6e4a09 3d22f123 3ebf3665 bd56eff0 bec16e6d bf6d49e9 bec0fec8 bf5929c2 3f6c6dd1 3f08b790 bf3a998e be1ac463 bf20d58f bdc9597d 3e768d36 3e0cbc08 3ea2aa87 3e621c8c bf04c191 bf22ad9d bd2a4eac be054c6f 3f2fafa2 bf50dfdc bf1987a7 3c98253e 3dfa38eb bf357985 bf2ffdb8 bea0fe83 3d16b1cb 3f17b376 befc5ebf be33f4c3 3eab6ae3 3d61f12a bd518f7a bf5f9dae 3f2b8da0 bf76c837 3f7c143d bede2eac 3f5a93e0 bf56d5af 3f3dddb6 bf5f45eb 3d314f24 bf000575 3f291fad 3e2be4c6 bd6b2e2e 3f2235a6 be5bb50f 3e62dc96 be7f0ce6 3ed03e9c 3f17f97a bf6603db 3e252c97 3e9bee6f 3dd31938 bf728605 be39a4dd beb57e97 3f373db7 bf683be0 3f708602 be585cc5 3d6ab005 be4ac573 beb55f00 3f1a3ba5 bf246587 3ed4166d 3f35438c bf43b7b6 3f794e26 beedcaa7 3f2ab1a8 3e607503 bee572da 3d97a858 ba89e20f 3dbcd978 bf4bc1d7 3f3b49a7 bc3e44c6 bd886918 bce4e64b 3f6905c8 3df60812 bf3d63cb beaafebc 3eaf7e66 3f54a9e8 bf6b5c05 3eecdaa2 bf36ddba 3f5a1be0 bf1f17af bec996ca bc5141c6 be2ea445 3f6a3df2 bf58be01 3dd048f6 bda3f9c4 bdff18db 3de2c84a 3e5c2ce5 3ddd88aa bd6131f1 3ed2fedf bf3955b6 3f7bde38 be56b4a1 bd263101 3ef1b6ec bf794230 3f139375 bef96a96 3f092584 bf74ec14 3f0b7b76 bef286c5 bf221985 3f3a17c5 bf5983b0 3f235375 bf0bffa6 3ee72295 bf1e6f9f 3f1add80 bec38682 3ecffaba bf07dd83 bedc6eb0 beb72ecc 3f705e1f be9d068c 3e952656 bf749e1e 3f6c09fa bf2cdf8e 3f301987 3e1da495 bf184f7e bdccf924 be7ef50c 3e9c4668 be4e9474 3ce160e0 beb08694 3f38bfa7 bf6971fd 3c7b3d81 3ef492e5 bf065f70 3e812e8e 3df6e794 be82de7c beb0ae7d be931286 3f2f23ae bf628de0 3ee222be bec05aa9 becbfaa6 bc4c49e0 3f09eb75 bf6a8408 3e606542 becbeec1 be3ded31 bd00f118 3cc4dee5 bf3213a1 3ee752b2 bdc98953 bf0edb69 3e554458 bd8bc83a 3e89ee37 3eeeb29d bf4911bd 3f3eebad bf277f79 befa9304 bf725812 3e5ddca2 beda32ea be082d37 bcb4e4d0 3e1b14b4 bee6e2d6 3ee24ab5 bf08b95c bf23dfc1 3e8a9292 
be822a73 3f5db1d6 bf5ab3bd 3f4559dd bf6eee3b bf1d4381 3f2cffb7 bf1ab375 3f01db8d bf5ed9d3 be85be50 3eef7acd bf3f21b2 3f104d6e beb4e6ca 3f4801c2 3e5c0cf6 3f62afe3 bdfae8d6 3ee91680 bf6b3e07 3f5aa7d5 bf4579dc 3ef85b1e bddd3961 3dcf298a 3f11298f bf3c75a3 3ed3f309 be1a83e4 3d102ea1 3f3c63a9 bf5385c4 3f40f1a9 3f25496e bf0b2f53 bed722c4 bc40c767 bf45afbb 3f2743a6 bf08dd75 3f04db75 3e96ca8d bf2bb1a0 bd99b82a bf0b3760 3f3ff5b4 be78e47c be980e8c 3f3c799a bf39e9bc bf3b1dbe 3f6a07f2 bf792415 3f3a4f99 be32550e 3f5fb9b3 bf5e77ea bea4a296 bc8021ea bece86a2 3f4113b0 3f0c1558 3f6669f0 3e1c24f6 bf4123ae be896a81 3e058477 3f4181ac 3db1e86a 3f5683bc bf6e31f3 3f03bd6a bf58ffc2 3e798d4e 3d854a1c 3ea32ac7 3f22d38e 3d4b50b8 bed59aaf 3ef20ed9 3f219997 3ea4c271 beec6b06 3f4dcbe5 3f05b151 3f739a0d bf3b1996 3eab0241 bf05116a 3f5fdfcb bf5223b8 be4b0cc1 3f1a5970 3ed3ff02 befafecb 3f1f1d83 bde34832 bf2cd58e 3ea93e61 bedc7705 3f015347 3df158aa 3ed6ba87 3d985942 bf2a0196 3cb4e150 3e71349c bf2129a2 3ece6ebd bf540fc8 3f0c6b90 bef30f0c bf29c176 3f7efc69 bf5c25a7 3e82ae9a bf135d99 3f4d69d1 3f1fe987 bf5ec1bc 3f077186 bed5c68d 3ef50ac3 bf64a5ec 3f30a9be beec8ed2 3f081f7a bf2ec7c2 3f740211 bf3c7ba9 beba72a8 3ec2da9f bf5ccfdb 3c394799 3e78bcab bf730207 3f2fd774 beeecf2c 3f55f3d8 bf6e9dfc 3f7b5444 bf29798e bc26c810 3d8ad880 be96d683 be3cac68 bf1eb954 3f4aa7ad 3f4c33b3 bf3e4db3 beee8ed2 3ea4d2b8 3e387ce4 3f5a9bd8 bf6d5219 3f65e3e3 bef726de 3f5221ca bf733a05 3f341f9a bf143774 3f72e02c befc7ae3 be5e445e 3f3a01a7 bf643e06 3dc7288a 3e4c3c69 bed10703 3f5a59aa bf7d9a41 3df79939 3ccf2460 beb0265f 3f5ebded bf636beb 3f7265f8 bf6a1c09 3f4787b2 be4a04a0 3f0c71a3 be973eab 3f01579b beda967c 3f2cc3c2 bf61dfdf 3f7a7654 be364ccc bcbc1e8d bcdc2048 3c0d40a6 3e975e7e 3e11bc95 3f46c5ac bf6f6a10 3e45dc72 3e6e956b 3e549d74 bf2d4faf 3ef256d7 bf6c1de1 bdb827ed 3f4169a5 3e7824cc bf24ed8a 3ee076b7 befc1aac 3efbff17 be982289 3de567e6 3ea742a4 3de0a849 bea3ead6 3d77ef8f 3e0124e2 bba78535 be650d53 3ecf06d1 3ec2dee4 bf53fdb6 3f4f39c7 beb3ce73 3ea862e3 3f3d91b3 bf574bca 3ef9bec4 3e271d3a 3f6ac5c9 bf4383a3 3f5bbdc5 be6a14bd be0e9c18 3f7c2c65 bf3dddcb 3e3d2cca 3e997e59 3e93922c befee2f4 3db4a7d8 bf71180f 3f6d7419 bf75720c 3f6a7600 3e831ea7 3f6231f6 be1d8c89 3f70cc11 bf002560 3f2a9b7b bf5b3fd6 3f578de0 bf3d93c3 3f76ac05 3f431f90 be17041d 
3e805a5d bf0e3186 3e01b466 3db8f85e 3f023f50 3f76f401 bf75aa1a 3f78ba2c bf37dbb3 3f32eb99 3c62bb5c befe1ae6 3f5a29dc bf7f2056 3f2af3a0 bf2f1781 bf43d5a4 be307cbe bf3529ac 3ec56a71 3f4a97c0 bf677df9 3ee606cb 3f228b70 bf4f35d6 3dc26988 bedf76d3 3f159b89 bf124566 3e59252b be210c81 be01cca0 3ecf86bb bf383fc7 bf4ca5b9 3f208773 3c3eca07 3f7f92a8 bf2fc396 3f12e57c be5f0cf7 bd1fcf68 bf11496b 3eae2a81 3f4723b7 bf457fdb 3ee5c6f5 bf2f09a6 3f66edde bf4fb3b7 3f6e0a03 3f3545a7 bf685ded 3f6489dc bf2ccda4 3e484cf6 bf15d383 3ec2327d 3f38e992 bdbbf751 3e2f34f5 be95d690 bf3dab8b bf46059b 3e95767f 3f13159a bdc09844 3eb02656 bf762e06 bdad8899 bf1e9b96 3f13518c bd93f89d 3ec76a7f be117cd9 3e9b267c bf019d46 bebb7a75 bf40659f 3f36bbd6 bf1c458e be20fc15 bf5d97e6 3f53a1b3 bf4a91b2 bf1e0d93 bf1b3b5f be147c8e 3f0c3980 be63dc44 3dea27a0 3e030c9a 3f11398d bf78fe2d bd8c0921 3f05a180 bf758628 3f37cf8c beb29e86 3f796e24 bf75ec22 3ef90ecd bf3a77c5 be5c1ccd 3d83f8c7 3f7fae82 bf44c1c5 3f13537b bf01ab77 3f1455a6 be4a9c90 3f63dbe7 bf2acfb0 3f4389b6 bdf329d6 3d2530b5 3f278d8e 3df7386a bf3ef9af bbd983e1 3efb0ef4 be815273 3e53bce4 be13ec1b 3e8036a0 bdbab8ee 3eeb6ef0 bf0de38c 3f3855b2 bf5e6dc6 3ec866b8 3f0ac182 bea03ef3 3f75e81a bde3390d 3d8518e8 bcbb1adb 3f605dfa bf535bbd be623cdf 3f4bf7a8 bf05415a 3de89879 3ef8c2c3 bf353f76 3f7f148c beeb6ac3 3f5427e5 bf478dbe bf1ae58b 3e40ac57 3f6097ba bf0c338b bd7730e4 bf671de5 3c113d80 3e94ea97 be8d9290 ba2467d3 3ecf9aed bf153174 3edf2afa bf4669c4 3f19e775 3b837366 becf86c5 3ef87f0f 3e7e84e1 bed7d685 3e527487 bebda69c 3ead4a67 3ef6f31d bf1bb179 3f35dfae bf02b173 3df488f1 bd687244 3e283455 3dbca7dc bedc3286 bea96e96 3f4e4bb9 bf62cfd5 3eafa687 beb69284 3ed522e7 bf15476c bee0e2e8 3ee2eeec bd642fb8 bf17b579 3f14c196 bf0a315d be65ecaf 3b9674ca 3ec09665 bf451da4 3f22a9a6 3d47b0f6 3ebba694 3efb3aea 3e83aa8f bf78141b 3e13c462 3f042385 bd84e8b6 bdd7d949 3e91ea5c 3ce66310 bf094777 3e39b484 bdbf38eb be46d4f7 3f0a136d bee666c7 3e008431 3ea91a85 bebf46c2 bc653e1f bc83e272 3ec82a6b bf3c9398 3e073cf8 bf3887ad 3f303dcd beae1259 bf0cdf67 bf2601af 3ef9dacc bef4f2e3 3e6ffda8 bec1f2e0 bd478eda beae5a64 3f2ad78b bf04eb5b be4a5430 3e885a52 3e7d2428 3f094b82 be30e515 3f03217c bf5f0fe5 3da2f826 bf4ce3b5 be68bc6e bf128957 bcbeda57 3db618d8 3d2cf17d 3ea752af be81fe6a bf11896e bf55f3cb be5ab4d9 
bf03a34e 3f2943a2 3e15dc8b bf14c16a be801639 bf722df8 3f27cfa5 bf5355be 3f170996 bedc5ae9 3f40bb95 bf150ba1 3e6a4ccb 3eacaa63 bdc568a1 3e6f3cbb 3f317d95 3edddeb2 3f06e16f bf0e9774 bf32e199 3f385f9b be864695 bf6791e0 3f2b53a4 3f117172 bf1b79a6 3f1e538d bdf237a5 3e78dca9 3e85827f bf4565b5 3e26cc2e 3f5a4bbf 3e8c9e77 3e928290 bf6c97fd be935aa7 3e475c8f bcbae131 bf04bba1 3f028780 3eea02bf be9cf6a4 bf1ef1a6 3f39dbb5 3b2cf193 be196c21 3dbd6894 be91ee7d bf35b59b be387463 bd347107 3e55547b bdc358c8 3d7cafb4 3e7c4504 bde9a842 bef74f33 beefbf13 3f22737f bf0d917a 3f7f5660 3f17c799 bf7eca87 3e052c16 bded38cb be618408 3f7ee669 be9f76b4 3f7209fc bf752203 3e6d6ce2 be45e4c6 bcc92022 beb266c8 3eef82f9 3eeba2ca 3f14139e 3d53f098 bec31ad5 3f785c33 be761ced 3e9e928f bde4093f 3f6765c8 3e81e285 3f0ec78c bede46ca beddeeb0 3ea9d66c bf208b85 3e03e47d 3f58c3d5 bf3d91a4 3f4b35a6 bf13f181 3f017771 beac7a68 bf11bf57 3f53ebd2 be401cb2 3e54fc62 3f3a57a3 bf31c782 bef4d2d5 3a5bcb55 3ef45aa7 bf0b7b6b 3f3613bb bf25df9b bf5535a7 3f7e5262 bf3b75b2 be84e28c 3cd0643b bf520bb7 bd1defc8 3f3535bb bf01af6f 3e209c21 bf07b59b 3f2c5398 bf5cc5c2 3f51e1e3 bf1c3391 bf12f57e 3f4e89c1 bf6e9bef 3f3bcfc2 3e12f421 bf72481c 3ebfdacf bf4cf3a1 be8ff677 3ec84ae0 be875a49 bf5a4dbd 3f5241da 3e735535 bf69d5e5 3e61250b 3e67149b bf1f779f 3f79961c bf73f00b bd373130 3df258c7 be047445 3f7c222f bf084793 3e362471 bf1b8173 3f567bb1 3e89cea2 3f77583b bf4d39c9 3d270dd0 3e85d271 bf319397 3f74fffc bf454f9f 3f7b5e31 bf7c7a3d 3ef0bb1f 3e6664ef bf67b7ec 3f224d9a bee23ecd 3f2d6f91 bf398ba9 3f216b9d bf6323d9 3f383db6 beffe310 beb8aab0 3f683202 bf5491d5 3f14956d bf5537e4 3f5947d2 be08a3e3 bf2c81b9 3f37fbad be6b0cce 3f01878c bed176a2 3effeac4 3f4275b7 bf6aa9f2 3f55e5b4 bcce5eea be4c2d0f be7ae4ac 3f261384 beaefabe 3f5971cf bf42adbe 3e74547a bf350d91 be615479 bf29a5a4 3e90bee6 3ec35703 be13c41f bec752b2 bd00511e 3e68548f bf6a7203 3f78ce35 beeb5aac 3f041758 be9c4674 3e43f451 3e495cf7 bf2ebb89 3f00797a bf0c7f63 3e914ebc bd92c9a4 3dcf195b be089c29 3dd55905 3f65e800 bed8a701 3dd2782f 3ea086a5 3e5cbca7 3f68e805 bf061f77 3e9fda56 be59cce6 3e7acc9c 3f197990 bf1bff91 3ed8ba91 beee72a5 3ee69aec bd6f71ad be96fa9f bec70edd bed342da 3d8f5928 3ec1aada bd2e9114 3f07e969 3ef67ef3 3eaeb278 3dc1d7e2 be97fa8c 3e7e9caa bf6f35f8 3f3a3ba7 3ed30675 3eec8a96 3f5337be 
3e188c2d bf1ddb88 3dd61889 3e296c52 3f0a9965 3f374bca bec66a94 3f65cbf3 bf2f4997 3d5bd368 bf5b13be 3f5571e0 bf23998d 3dd49965 bf235785 3f0d1b68 bf388d8c bf23a3a2 be9fee9f 3f59fde0 be153ce3 3ed89a9d becef6c0 3f6c2dd3 bef332f5 bebc8ee5 3e9fd6bd bf3099c1 3e53fcdc bf41ebba 3ea20e38 3f195d89 3b8175c5 bf4e69a4 bf156173 3d3c9081 3f4ea7d5 bc9f1e35 3ebb2eca bec4a28e 3f67cdea bf1bd581 bf220b8e 3f23b788 3cb3e54e bd918883 bf66abfd 3f7fcaab bf12c17d 3f35599e 3f4ecde7 bec672bf 3f3913a1 bf770429 3f2be9a6 beccbb1d 3ea7eab6 bf117d81 3f6915e5 bd44112e be8496ad 3f00097f bf6483d9 3d14b09e 3f1e0da6 3eebdad2 bf205ba5 3eb79e83 bf6d0404 3ed9b29c bf53abaf 3f7e266d bd146fd1 bf020578 3f78583a bf1b0391 3e8d1e84 bf7ae236 be07ac67 bee15ac4 3f041192 bf63a802 3f4349b7 bf78da28 3f054171 bf3bd7c7 bd362ed7 bf588bc5 3f0f5384 3eacb638 3e4b8480 3c0bc444 bc9ce13c bf6763f6 3f71ea1e bf44a7c6 3ef592ff be2f549c 3c97e1ac 3ebd7669 bee842e4 be6f740b 3e1dfc75 bf0df392 3e89ae6e 3f6795d1 be27bc65 be52bc8c 3c8f22cf bf0a0968 3f3bf599 3ea27684 bee15ebe 3e254cf3 3f1a958f 3db638da 3f718606 bf2425a8 3f338b76 bf5741f8 3f3d4185 3e302401 bf192193 3f4c27d9 bf4b63a8 3f3a51b6 3e90e658 3c16c5c9 3d31f2ab bd9d37fb bee7d6b3 3f5cb1c1 bd7b12a3 3ec7ae95 3f14099c bf383595 3f444fab 3ee04297 bf627bec 3f0c4bb7 bd913797 3f668fc6 bf5b71c6 3ed876a7 bf04f39f 3deb08bb 3f6d900a bf2dd788 3de3290a be1d6caa be913ace be0a2447 3f10d77d bea6a2c7 bf4855cb bf2c9797 3ee416b5 bc4bc404 3f013195 bf173595 3ee21aec bed606bf 3e84be33 bd4db1cd 3b8b8574 bea79e8b 3f692de9 beb02260 befa8eef 3f13ff84 bd9e191e bda63851 3df888f8 bce21fa2 be250c4c 3f73ac12 bf636810 3ecf1a6b bed71306 3f75d60d bf6db5fb 3f738c0d bf023b6a 3f1c95a9 bf3a3fc2 bd81086f be14c478 bdd8a982 bf252b7c 3eaa5a8a bed97eaa beaad692 3f5889cb be808a5f 3edb2ae0 bf4c45dd bf06e56e 3f3da7e0 3ea5d2ab 3f028f44 3e096bfd 3f6063d3 bf58a7bb 3dca883e 3f2f57ab bf2e4ba3 3f415dc7 be393cd2 3f0beb65 bf38ad9a 3e926a6d 3d8138c7 bf09ff7f 3f02b16f bf56dfbd 3f6b27f4 3ea8568b bf35718d 3f345fa5 be04fc56 bee52abb 3ec7aaf5 be5894d6 bf4b9de4 3ec712f7 bcc0a6a8 bf4715ce 3e6c1c7b bf3ddf9b 3dda79e1 3c71b9cc 3e9b0a79 bebae633 bf42018d 3f76ba43 bf026f72 3d885822 3ef44ef3 bf4719a3 3ef29b17 3e4d053d 3f771847 bf70d7fe 3f4a6fb1 bf0a4f5f be841a51 bdbb7678 bf64abe5 3f6593ea bf1c657c 3f21617c 3d8418d0 3e80769a bf7bf843 3def778c bf5f51d1 
3f46f7be 3e349509 be8cfe62 3ef60b3f bf60c7d9 bf1bd789 3e801697 bf69edde 3f156b76 3f4f73c0 bec5429e 3f331d96 bf273790 3f441998 3eb7e657 bf616ff8 3f66aded 3eba1704 3e8656a3 bf3bbfaf 3ed432a5 bf5083b6 3ddeb8e8 3ec68634 bf754223 3f68d9e0 beb75e9e 3f519fca bdcdd82f 3f50a3e1 bf187182 be4bc4df bf013d81 3f6c8fcb 3f297193 bebf32ce bf00e175 3d2452b8 bf16878b 3e778cb1 bf6ef009 3f7c4e55 be058c41 3eb5e243 bf7a0237 3f50efaa 3f003f8b bf314f88 3ddc58b1 bf3fb1ad be52c4aa bf044f7a 3f04037a be735d69 3ec7b2b1 bedf9e72 3e625cdd 3eae0e74 bf7f5e63 3f5ac7c4 bf53a3e5 3f14e169 becbc2ce 3ece4afc bf6645de bf08117d 3f14efa5 3f23e399 bed7e6cb 3f3e53c4 bea22aaf bf00d95d bd476f8b 3ef96ef0 bf6e3811 3f27278f be049c70 3f4a4fd5 3dbc2809 3e8e4e93 bd5f9177 3e508504 bf138374 3f5603cc bec0baa0 3ecf1302 be385cfc 3f603dd3 bf0ef192 be7d74fc be4d7480 be86a24f 3f648be1 be370492 3e6f0c91 bf59b5dd 3f7bea5a bf79ca26 3f026f77 3d04f395 be990ab0 3f613de3 bf5841b8 3f7e424b bf4663aa bddfe933 bf37bf97 3f0fa978 3e7e0caa 3ea002d1 bf6a41f2 3f6b33ef bf6879f5 3f4a89b7 bf6c93f4 bea0526f bf1b2f80 3edca71a bf4d89eb 3f4473b9 be72c526 bf4e67c2 3f6491fa beae868c be2a9c97 3e28f3e2 bf2b33ba be8bca57 3e9c2e53 3de44774 bd2db117 be718d04 bee6f6f2 3c143c5b beea32e4 3ef5b2f0 bf4f89da be569531 3f5c11c2 bf6be407 3e5ccd39 bf437fc3 3e8c8e4c 3f2d7197 beda92a4 3f16d378 bf72d412 3ba37922 3f2e7398 bf3199b0 3f3ee1b0 3ecab6b3 bf7d8a48 3f04af92 3f1dd9cf 3f0c1b8a be461503 3e4fbc56 bf5641f6 3f10a582 3e1bbc7f bf5949e0 3f4d5bc7 bf2c9ba1 3f734de7 bf54b9da 3da9f95c bec4e69a 3f762c07 bf4e0dc3 be502d2e 3ef25ebf beb4da67 3ef42ed2 be9da6ba be8b2275 bea562a8 3f6ae9fb bea7ee68 bec9f2f3 3e19d467 bf52fdc1 3f42579f bf70b204 3f3e0fa5 3e576493 3eebc6a5 be89868b 3ebf42be 3f17aba0 be90c24e 3eec16fc bf395fb4 bebc4290 bd525043 3f0a536d 3f67f1e5 bf65ec0d bf72dc1b be3a7d48 bdd108a4 bf30b186 3f699ff5 bf035b57 bf1daf79 3f56c7b5 bf3a79af bebd36a4 3ef4667b be96de86 3ece9aa5 bf3d0f9b 3f6d4420 be840a85 3eec4f00 bf4955b5 bee4b2a0 3f3a5d97 bf26cdb6 bd694d30 3f5bedb4 bf18df9a 3e00c498 3f43f3b2 bef45f01 3ea8866e 3f01e991 3e0ce48a bc274018 3ea59697 bd24912b bf40a99a 3f6e481a 3e8b2275 bf4737c0 3eb5aea5 3e415c5c bf284991 3f405ba6 be21c44a beb34a97 bf2b7577 3f3261a1 bf77f432 3ed4def9 3ea7265c bdeb67b2 3ec5070b be9302c2 becdbead 3ec70295 bf104979 be9a8678 3f2ed985 bd2e319a 3e414458 
bf1b8f5b be3eacda 3dfcd906 beeab2c4 3f08f390 3f656bbb be0f3c88 3f195f6f bee8b294 bf587bb0 3ee0cec6 bf45fbbe 3f028359 bf3c23a3 3e2aecd6 3e8e2e26 be4d0c90 bf6183d1 3f4401d5 bf35a99f 3f19c77d 3eb7a6c5 bd8068b3 bf055177 3f6933fb bebf16b3 bcd761aa bf5c43bc bde88923 be567d56 be19bd00 3f3f41a6 3de15985 beff52f1 bf05dd83 3e880ad7 3ef362fc bcaae26b 3f13f572 3eb6e2cf 3e1f7c7b be5794fa bf1cfb96 3e891e96 3f36ddd0 bf6837eb bd6c0d57 bc991d7b 3f70ba04 bdefb6da 3f3689ca bd873813 bcf8ddb5 be7aa4d8 3dc2183d bd7dd0e9 be581d1c 3c2ab895 3f1d259c bf3b27ac 3f190789 bed336e2 3f3bad86 be984abb 3f401b93 3f49fbb7 bf3c4d72 bf6141cd 3f08916b bf25ab8c 3ec85268 3f18ef7b be819642 3c6a4371 3ed782e0 bef692cf 3ce12036 bf65b1e0 3f115178 bf66a000 3f2add96 bf16b586 3f7c3862 bf6ec3ed 3f214d98 bf439dad 3f6be200 bf7c2e4a 3f22e57c bcf01aca 3e3f3497 3e399c80 bf146171 bf0a795f 3f407b8f 3e89d677 becffa7d 3ed1828f bb7adf9d bf16f163 3f43c9ab bf732808 3f6ca7ea bf63e3df 3f218d87 3e1cf418 3f128f96 be89dea9 bf2955c0 3e521448 3e77fca4 bf4a49ad 3f12d184 be169448 3e5f1ccf 3f231187 3f1e6d96 bf11197c 3f77062d bf503fac 3e922a3e 3f034353 bf04c76b bdb4592f 3ef9fea8 becc52c7 3f70a205 be6694b3 3ea67a71 bf37999f 3f045f6a 3dab37c1 3eeee2f2 be4f0c86 3e853e81 be805ed4 3f4a5dc0 bdb3f85c beb2f6a6 3ed626eb 3f04f36a 3d1a926b 3d9c790e bf2ed3b1 3c17406b bc8cdefc 3db81824 3f5d3faa bf48f9ae 3ec07ab3 bf0dd189 beaa8e88 3f5381a1 be855a89 bf6a5001 3e61fd13 becfaabc be9d62d2 3f6769f9 bef7a28f bdbb97a8 3f52b5ad be2f1c62 bf134768 3e827288 be576cfe 3f78da20 bf4dc3c6 3f0e1983 bf0dc778 3f628bf5 be27dc70 befa36db 3d5dd05d bd8f78a1 3ebad686 3eba1a97 bf5985b1 3e0dec2d 3d4f0f54 3f57e1e9 be30a436 3ec19a84 be666cb0 3ea44a91 bf4703cf bf3711b2 3f7097fe bf3b9dbd bf49ebbf 3f1d2bbe bf085392 3f4a29b3 3f0cbd6e bd3f729d bf13897f bf3d8b98 3f742e1a 3f6c2a01 3f20239d bf074f70 3f23a195 bf43dbc3 3f5bb5d0 bdad0807 3daa2838 3d8d994d 3f357f99 bf771832 3f5f17fa bf0ea399 3f13a37b be822280 bf701ff8 3f169b8c 3f07638e bdd958e2 bbf37575 3ed56ab4 be60244b bf5fe1e8 3f7f1c8f bf2aa35b 3ec21680 bf466db2 3f1cf97f bf7ea45b be27ac84 3f10f5a7 bf3975a3 3f177994 3e684502 bf0e13b4 be940a8c 3f76263b bf3e9fcc 3e8b1e3e bdcd98c8 bd663011 be9e8e5d 3f304d9f bf037195 3f63a7ef be7b7d21 3f39f3c2 bf7b183d 3f3dd5c3 beff6ee0 3f4b2997 bdb01897 3c9ae084 3d060f1e 3f5399b2 bf14736b 3eff0eef bee2b2c9 
be8efa73 3f27c392 bc9be1a4 3eb1aad3 bea8aea7 bf5cb5cf be8a9a87 3e1c0c08 3d98e825 3ee53af7 3e982268 be445ce7 3f25a76a bd3cef6a bf278f76 3f294d99 bef182b6 3f644001 bf4839b5 3f729c10 bf190999 bf0b076f 3f68e1ed bf2f1586 3ef5569c bf675bdb 3f1ec7a9 3f61dfd5 3d45af1f bd5b31da 3ef1c2b8 bf6ccbd9 3ecde6ac bee38ade 3f751c03 bf73de05 3efe7ee4 bf5663c2 be96feb0 bee6faa5 bdcbe95f 3d4531b9 3f7df45a bf442f9a beedc70d 3f6015cf bd4c0e99 be8efe79 be9bee7e bf01cd5a beb2eee4 3ee54eba bf16836d 3f5b11d1 bf3a39b2 3f6f27e1 be588454 3dc7e8d5 bf4e6bb6 3f75cc30 bef316e1 3e8e927a bf70bfff 3dd71964 bee9a29c bf721000 3f793a1e 3e5ad499 3f1ad964 bec7be78 bd118ec7 bea25267 bdee887f 3d301061 be96e280 3f193386 bdc5c887 3f4ea5e8 bf3313a7 3f6c840e bf7501e6 3f492de1 bf7303f8 3ee422ca bec5aac6 3f1c719e bf4269b1 bd13f02e 3ecfe273 bf4907b3 3f74d7f2 bf761a02 3f51b3b0 3ef812d8 bf5bd1dc bf01ad71 3f336ba6 bf5e51d6 3f6d0a02 bf44b9c3 3ed902c7 be2574d1 be257c0e 3e3b1c91 3da516e9 bf4659bb 3dd6995d 3cd8616b 3eef02bb be687d27 3f18dd85 be4a8c5a 3f170b87 bf4a47cc 3ea3ceb4 bf0af384 bf56bfc9 3f1ad765 bf47c1a8 3f3b05ab bf603e05 3f532dc5 bf28f3a4 3ef216b6 3e01eb8e bf285d8f bdecb8ea 3e374c82 bf0ad36d 3f596fc2 bf32d3b8 3e5e7453 bf7cde64 3f6badd6 be78dc94 be90f66f 3e144c69 bf3a21a9 3f3c738d bf22ff83 bec83aad bd494ff7 3df3d7da 3ed60e9e bcaf214a 3f115d5f bf768429 3e724c5c bf431d86 3f663fe7 3ecd1ec2 bf0f6f72 3ca260e6 bdb5f848 3f537bc9 beba3ef2 3eb25ece 3f1bc586 bf22fb6f 3e4acd13 be7fed7a beec1e96 bd95b83d 3f0d5165 3e1f9ca4 beb6e697 be562c61 be3d8404 3bef8957 3eaf76a2 befcc6a0 beec5ec7 3f4461c0 3f029f62 bf5f6fe4 3f435bcb bf593fd8 3f0725aa 3ebb42a6 be869217 bf2d9194 3e251d3a bf5d3fd0 3f5c1bcb bf53b5da 3f774229 3f322385 bf7c824f 3f44f3df 3f38a1bd bef78ec1 3e048478 becd367b bf753602 3ee3aade 3efd42ff 3e7cb4cb bf49c59f bf3d77a8 bf64b3e7 3f40c7a7 be397d6a bd947825 bca022d8 bf0ec99a 3e81627c bf3e75d2 3eb4aa94 3eade297 bf6ff7fa 3f209396 bf189576 3e32ec56 3f732605 bef65ec2 bf5e31dd 3f76f200 bf4f9db6 bde27960 3f206388 3e9dfe3a bea42e6c bf03df91 3f01ab70 3dd77919 be768ce2 3f706412 be53349e 3e2d7c30 bed89e94 3cc0dff7 bee27acf 3f2423aa be3d34bc bf1cab82 3f1c2d87 bc57446b bd70911c 3f168d6b bf54afcc 3f55d7c9 be8492c9 bf28ad9d 3e5dcc54 bf78962d 3f5413c1 bf141f68 3d7cf1ab bf3fbdb8 bce75e23 3ec69e95 bf2331a6 bd3b70a0 bf097777 bef2ee97 3f6fe9ef 
3eaa1656 bed4fed8 be6a9443 bf12357c 3f52d1d0 3e91de8a 3f3389ac bf6c2df1 3f4937bc bf7a123b 3eb35a97 beafa6cc bf1a2b99 3f154b85 3efdc2eb bef24b06 be5a0cc7 3ea7567e bee542d2 bad9b6b8 bd4c3036 3eb366bf bf1ebd90 3ede5aab bec1d2e7 3f5573de bf264381 bec4aeb3 bf5693c3 3f78a455 bf5a1de2 3f2b3994 bea162e7 3f33cbc8 bf104173 3f3ebfd5 bf14d765 3f6cafe2 3f343f94 bea992f3 3f392985 befe86d1 bf26f783 3f288390 3ede7ea4 bf44b3b7 3daa7748 3f265d8f bedf0adf 3f580fe5 3edc02f0 bf54ad9e 3eef86d9 bdf0e98d be855647 be8dee58 bf1bf97c 3f62bdb7 3d065024 be9d4a25 be6454f3 3e389cc8 3f3bffa7 3eac2a89 3ced22ba 3f4c2dab bf2c19bf bd35ad72 bf51afc4 3dcad806 3f5609b3 bf56a3bc 3f4093b8 3e294c25 bef5fb05 3e2c9ca1 bf4bd1af 3f122d98 bf518fd7 3f4e2fb0 bed34f06 3f08496f beeacad3 3f71681a be9f1e86 be9da2c1 3f3b718d 3d856890 3e812a7b bef67ebc 3e37d4d9 bec02a97 3ee77ac7 bf6033db 3f7e4e57 3ef452fb beed532c 3ed8e6f1 bf1e538f 3f697a00 be536ca9 be67cd0d 3f3b9d9f bf490dbd 3f19c986 bdd2a8ae 3f14b585 bf7cb064 3f48959e bf41c9b9 beffc2e2 3ef6c2f7 bf3405b5 3e5c14c0 3f07077c be9d9a5c 3f72342a 3d9658b0 bf090b55 3f49efbf be1e2474 bf127179 3f41b7b1 bf2663a6 bdcc0a37 3f29e763 3c9a2084 bdb4e86c be92a682 3f3645b9 bf5c47eb 3f5dd1e5 3ee14e5f bf6aa814 3e3394aa 3d042e12 3eb7f6a2 bec9aaa5 3f68a7da bf2cd792 3f4afbc4 3d9539a7 bf14e773 3eef4a9a bf71de03 3eb6de59 3e1afc9a 3ec17a6f 3f113b81 bf6f49e3 bf091568 3f626be3 3e652510 bf3edbaa 3ea46a9d be8a26a3 be1c2c53 be672d21 bf150d7d 3f381797 3ef57ae1 be9c2a49 3f52f1a5 bf7c466f 3e82167e beccc6a0 3f4a15b9 3eb77ae3 be8a7a7c bec00f01 3f001365 3eece6fd bf2b0fa1 bf10837f 3f391bc5 bf5f49e8 3f1e27a0 3db369b3 bf0d937a 3e5874c3 3e857262 3daec933 3f7c5e2a bf4775a2 3ef8e2a0 bf11058b bf282190 3f2d87a6 bf29f1b2 be9c0e84 bd9809b8 3ebcde9c 3ea4528e 3f102161 be104c5d bf4f6db7 3f07eb69 3ec59eb9 3f3155b0 3f3245b7 bf51cdc3 3f1b53a2 bf2cfd97 3f57f7e9 be7fccd2 3f0f87a1 3f0e7f58 bf57e9d9 3e500c6f 3f331baa be524ca0 3e5b9577 bdc2083e becd2ec7 bd15cf12 3f439ba7 bf5ce5e7 3f56dba3 bec6eacf 3d0090b8 bf6e661f 3f5551c5 3ef606f2 be8f7e7e be4ddd1b 3e8ec698 bf5f8fb1 3e728cb2 bea9fa7c 3f1b718d 3f058d75 bee6ca88 3ee692cb bed0aaf3 3f7513fe bf7c5e32 3e83f23b bf08e377 3e4f9c46 3e4a9d07 bf69840a 3f35c9a5 bde9e882 3e908a5a 3f7187f4 bf19578b 3ed722e0 3e2b8ca0 3efb26eb 3efd3afb bf46b3cb 3f2ab7be 3ea11ec3 3f027d63 3f3ea1b2 bf710e2c 
3f396b98 bee7aafe 3f07e149 3f27c997 bf54c9b1 bf5279d3 3f4cabab bf249f7b 3f0f2fa4 bea4d25a 3eaa6262 3e582c97 3ef7fab4 bf5eabc8 bf10ad64 3f7c7a40 bf1d4b8d 3f3bd9a9 bf372fa5 3f73221f beeb16d3 3ed64ab8 bd8c8938 3eb2feba bf0f2bb0 3ef16ec5 bf134ba2 3f646bde 3f0cad9a bf44f58f 3e8a6ac8 3df317fe 3cb85ed6 bf743c28 3ea0ae85 bf104b67 3f071965 bf69bbd7 bf5c23c9 3f4963d8 bf62a9d2 3f3fbba7 3d357014 be80fa87 be8d3e8e 3e837ae8 3e1d9c87 bf5787cb 3f3c4fc8 bf1f5f88 bf4785a3 3f752c28 bd272f3f becab2a6 3ef296bc 3f28e179 3daef7ec bf440dbb 3e386c73 be225c20 3f318f81 bee98303 bf0a0b76 bef17ea1 3c9b20eb bea0ee62 3e44c41d bd9f18cf 3f5b87d4 3e0f441f bf6a77d8 3f7243eb bf09cb57 befc42d3 3f48a3dd be08e46b 3ee0aef1 beb45277 3edd5ef0 bea09ab9 bf00f95d 3ede0a99 becc4aa1 bc2b4620 bf5139d3 3f6e37ff bf3ac7c6 bea0cac8 be9736a0 3f539de6 bf04b1a5 3f5e3dc2 bf5153b9 3eb16a98 bf2ead9e bea0a2a6 3d35ef85 3e836257 be692531 bf115169 be386432 3ea0a2d6 befd26d7 3ece66ff be83ba74 bd0b2f3e bd9de791 3edee681 bf04e775 3f6ea7e8 3ecb2e52 bf4103aa 3f73a20e bb9e820f bf3e67bb 3f104388 bf6687e4 bc2543c0 3e86928a bf1a3fa2 3ed66a97 bead2ec0 3f17bb7c bf09b970 3f50b1ce bf4105dc be6d44c8 3f2623a5 bdaf0815 beeecaf4 3ee5727d beea12f5 beb6fe96 3eea8312 3f4297b8 bf7fdebb 3f46e985 bf0d2b91 be5bec75 be35e47b 3f061754 bf5333d7 3f2f47b1 bea836a4 3f3c99a1 bee5271a 3dd568de bf2efdac be95d274 3f7f9ea2 3dcaf9a8 bf05b57e bef192b6 3f666c06 bf5975e7 3f6ee007 bf1db3ab 3f5eb9cb 3e94166b bf029d69 bf357385 3eaffe8b bf07df5f 3e3c24ea 3f02977e 3e938e77 bf7b5846 bee7baeb 3e98ceb4 3f34239e bf5da3e0 bc2d4669 3ed016b7 bd8cc7cd 3f23b3a2 be0f84a4 3e451456 bf6ab5fd 3f4751b1 beee4af7 3f3243b6 bf529ba9 bea4ba67 beaefecb 3f3a3381 becc1e9e 3f7ee86b bf35ef92 3f6cd9f7 bf11036a 3f782e26 bf5d45d0 bef9bef5 3eba7a7d bf0ad74b 3f7e6a6a bf528fa4 be4e5c19 bf51fdec 3ee462da bf1b937e 3f1a69a5 beaa32c0 bcada421 be83729c bee3d2ca bf1fe1a8 3f6479d6 be830288 bf393fb6 bd15b013 bca1e0f1 3d62b07b 3c821d97 bc7e451a 3f002172 bf4a71b7 3f3c21a9 be735530 bd0f30b9 3f6085dd bf69fdf5 be7fbd6b beccdea6 3f129388 beb09ab6 3f17cf7b 3d4d7032 3e92fe68 bf57dbd6 beb736a8 3e287cc2 bf185da2 3eb732d0 beefde98 3ecae66a 3efde6b6 3d4b308c be99ee1f 3f09ef9d 3ed57a9e bf58f1c9 3f6207ea bf4a59b7 bf41cdb1 3ecffec2 bf230ba2 3f069976 bf4f5bc6 bf2e9588 3f716e03 bf15e567 bf1bd1b0 bf06056e be877e5a be41b4a9 
bf6b25da 3f189b85 becc2ad6 bf3639b7 3f7f4663 3ecaaef1 bf03e986 bd35ceea 3ed21285 bec42a7a 3ea64270 bf7daa5d 3f09cf79 3f03f588 3eec42e1 bf213374 3e346cc9 be959e90 3ebf62fd bf170166 be96b683 3ec9066f bf7d0e52 3f3459a5 befdfedd 3e7facaa bd5e107d bd45af9a bf5861d9 3f1f8b72 3ea542c1 bf4f41bf 3f020588 3f2e0f83 3e865a6e 3dfd18ea be7a9d33 3f4ce7e2 3ee6daed bdf47823 bf074d8d 3f26f39e bf5e83f7 3f7b1c24 bf30c3b2 3f2d5d6d bf138183 3f67fe00 bf7b063e 3f4bcbd6 3e6a248c bcde6407 bf6ed1e8 3f4927b9 beed8aa8 bf6509de 3f173f7d 3e594c3d 3e507d32 be83ee28 3c7dc6b0 be704c60 3f613fc8 3e13246c 3cd21c2c 3e9d7a59 bec57280 3f1a6d90 bf759a2c be8cb27f 3f39b7c6 bf759819 3f79c429 bf31a79b 3efdcac9 bf6737de 3ee8beb9 bdcfd8cf bd40ce23 3dd6e8f0 3f1c6990 be8a3653 3d26efe9 3e00049f 3f5c51c3 bf0d4199 bda397e2 3f71e808 bdffd8a7 bf1cf391 3f05558a bf5c5fde 3f271fa0 3f051757 3e5e8cdf 3ebb8a7f bebe128e 3d8608e2 3f0d6156 3e513413 3f449596 bf351181 3f23dbc6 bef732bd 3e10a480 3e858672 bf4801c0 3f5aaff0 bf0b1f72 bf7ac42e 3f1ced6e be833e8e bd8f1931 bf45bfb5 3f7d9852 bf237fac 3f2879a0 bd815881 3f045585 bf35f1aa 3f37cda4 bd9d46f3 bf302fa8 3f3691aa bf6ffffa 3f477db1 3d187230 bf132d8f 3e63d45f be192410 3f0d3558 bede2add 3f210970 bf1bcf91 bf0c5b9d 3f3ecf90 bf686fed 3f759231 be5d0cf2 3eb3fe97 bf43e1ad 3ee7cecb 3c9d5ae2 be694cfa bed4fab4 3f1bed69 beb5fea3 3f6df605 be1f2c7a bf58e1c6 3ea8a677 3eab626e bec34689 3f5e0bc4 bf5455e5 3f156185 bf42e1e2 3e1b7cac bf3ee3af 3f769e23 be7e8c98 3f22e777 bc915fc7 3ea352af bf7c9c4e bd09ee5f 3f52a1b4 3f4059dd bf41a3b8 be0574c0 3e3eed5c 3e05a472 3e3bb4d9 bec8d2d4 beb37e5e bf224567 3f78360e bd1d311f 3ec5f6c3 bebaaa96 bec94a94 3e33c499 3f667be8 3d139063 bdf099a2 bf135f6f 3ea02257 bf29fdba 3e9b1e58 be0f4cd7 bef18ab6 3ef4e697 3f2d7fa3 bf3c79a4 3f07db82 bed13e99 3e3b7492 3f684bc1 bf12a1a6 3f4a05cc bf48cde3 3f4b51b7 bf1a0f7f 3f295ba9 bea6e28d 3f5b23cb 3ecd52dd bf29d19c 3ebee663 3eb40a8f 3f0f7d9e be039cb1 be54ecb0 3f23bd9f bf1fd571 bec722ae 3f1d1791 bf0f238b beedeebd 3f6185ce bf7fc480 3f3e6bc3 3eb4de3a 3edb4288 be08bbff be4f1c86 3d43eeaf bf17b19a 3c9ea09e 3f58adc0 3d8286fa 3ebd729d 3f5e11c3 bf6ee40c 3f3a359d bf3bafb4 be7e1ce2 3d767096 3dc3c89a bf5afdcf 3dd6c8ce 3ede1ecf bf4aadc5 3f3af598 3e90aa61 3ef7b660 bc52ca70 bf3dbfc2 3f4a0795 3f57edd6 bf6e5fed 3f43afa9 3e760cea 3f661603 be40d532 3f28857a 
bf3e03ba 3f0e3b59 be6bbcd0 3ee2aab5 beefeed3 bf217180 3f654a09 be655c7d bdea4998 be9a4663 3f2111ae 3e8aaa57 bf4813ba 3d098ee2 bf66a9ea 3f4615a6 bdafaa31 be332483 bd5df11f 3f7a1c38 bf21c39e 3f73da23 bf036987 3f606bc6 bf2455af 3ee47ac6 bdaaf8f4 be994ac2 3f5cafbd bf06a35c beadbab3 3f18b37a bf077b84 bf087960 bef3e311 bd27efac 3d2f111a be322c6f bf4c75dd 3ee252d3 3f211f94 bf129f9f 3e69ac8b bdb2e813 be885634 3e9d128b bea5967b bd9337d1 3f3c65a5 bf7323e9 3ec222cc bf0acd7e 3f6617f7 bb81855d be08c41f 3f50d3bc bf7d0a3b 3e9b167a bf25db7a 3f50d9d1 bf633ba9 3f5c3fdf bf7b342f b8defd45 3e7edcc2 bf653408 3f734bf9 bf6c7fff 3f2a9591 3f082f7d be89eeb2 3e32d3fa beeea6b7 3f70a9ed bf21ffa1 3f2871a4 beb422e5 3dc14934 bea5e29b 3e9e62c6 bf6373f7 3ecf2ecd 3b6d27ce bd89b795 bf5689a1 3ec6f68d 3e9bfa7c bf5eebe6 3ea202a8 3e584ce6 beae8ead 3f19c5ab bf192990 bf27d76a bf223d79 3ec0a2a6 3e551ca2 be88a28c bf5a6fa1 3d6f51dc bf6f860f 3f2269a7 bf1c1385 3f66eff0 bf4b85b1 3f4a71ba be518515 bee5bac5 3f5aedb1 3efa2e8e bebd2e93 bdc838ad 3eadfead 3f268798 bf5971c3 3f75a618 bf5abdb7 3d175467 beab92c0 3f28d7b3 bf4787c7 3e946a89 bd325080 3f07e75b bf0b9550 3f29b9b0 bf606fe8 3f18d390 3edcbec9 bf523db1 3f251d71 bf66e3eb 3f4485bc 3cfa2076 3ca71fa6 3eea1eea bedd52d7 3def5809 bf1f6d80 3f6605d5 beb62abc 3f406daf bf6fb40f 3f561fb4 bdba87c2 beb0aa93 3d9ca963 bf5b6fd0 3f3d519b 3eafdad9 bf5081ca 3f4943c0 bef8e6e1 bdf919fd bec62286 3f1c6fb4 3c2a3bac 3f1d9f90 bf406fcf 3eda92b0 be719d0d beb39aa0 bf3b179a 3eea5e96 3efdeea1 3df40961 bf35b7c9 bf363394 3f6001ef beebf6d2 3f4a5fb5 bf4b5fd7 be540c2e 3ed0deed 3f02c568 3ec5aec6 bf6993f5 be8ed288 be871ebd 3df0d796 3f2f5997 be733cb5 bf08b359 bf11d987 3ed6ea97 3eb55260 bde0995a 3ef9d6d8 be9aeab8 3cb0a1b3 3f260b83 bf79fc29 3f15d786 bf367bb8 3f6195d3 bf4c2db5 3eab42cc bef7b6f6 3efbd309 bf467db2 3f72d005 bf3b81b7 bd8d0793 3e18ed14 be8e423b be2e2c9b bf71761b 3f4af1bc bf204da2 3d58eefd bf7a3c24 3e5c3493 3dbb9912 bee9aed8 3e8ed2b1 3f633de1 bf491dc6 3f61f1ef 3e35bd70 bf1ead9a 3e8efa3a bc213cc3 bf47d9c0 bd9428ed beedaec4 3f0c4188 beb53294 3f7ee071 bf173b6e be6ba4d0 bea7d2ad bf27417c bf5403e0 3f6a67f8 bebb266c 3f40899c bdfd28e0 be5f5d56 3f4e53b9 be4714a5 3f47b3bb bf53fbe7 3f3fa9c8 bec7b6b3 be0c8cb7 bf531bc3 3eff8adb 3f43919d bee31eec bf5fdbd3 3ee9aad8 bf292fad 3c8a2073 bf3225aa bf140fa7 3f4071b3 
3eea3aee 3e863652 bf3b9bac 3f40dd9f be91eac0 3ef28328 bef10eb2 befa467f 3f7af62e be9b72cb bf6643de 3f5f69d3 bea97e8c 3f5b3fdd 3c773d58 3de3b934 bef23ac8 3f7f2065 bf49d9c2 bf24bf68 3f28dbb3 bf70fbed 3ef34717 bf743a22 3f0f3f7c be95125b bdac295b 3e9eb685 be9c5eaa be888645 3f77082a bf4e53cb 3f7367fa 3e207c84 3e917e4f 3f35d3a2 bf4e13c9 3eb1b251 3efd22d7 beb70298 bf1d03a1 3e8a9a4f 3e847633 beeb5702 3f6d3c2a bf6c6609 3f1c0f83 beefb2eb be65acd4 3f05538e be273484 3e80da39 be922e5c bf22d59c be4f24a5 3f69b20c bec7aaee 3f78565a bf4c6f94 3f1a7f85 bded284a bd940947 3ee0dae8 be15a42a bd95d8d4 3f73180c bf73ce2a 3f3ca786 be86c695 bf24496a be859e48 3f6d980d bed83eb4 bf48b3d3 3f023d76 beff9ee3 3f1d0d90 befb02df 3f5313d1 befa4ed3 3f2c5bab be33c4e1 bed24250 3f36bda3 be679c82 3ef9671a bf503db6 3f792c1d bf6c5dfa 3f6377d7 bf263193 3effdee0 3d4aafb3 3f6179b6 3f338db2 bf2e4dbd be6fac53 3f279b8e 3f329795 3e7964e0 3eb62e85 3e7e3cd4 beac7e83 be751530 3e5d6ccf bf4c15ca 3f75202c bf125d4a be861a40 be8c6254 bda889c6 3f15c36e bf3dd380 bd581036 bc7b3fc3 bf2839a7 3f44dda2 3e1e8c7a bebf8aeb 3eacfa9e be885e76 3f0a358c bed2aad6 be263ce6 3e65348e bf124d79 3f6d6df9 beddf2f2 bf2d6bb4 3f793017 bf2f97a8 3f3c8793 bf42c59e 3cb762fa bdce28d6 be267c2a 3e2754c3 3f1379aa bf23559c bd0d9160 bef74b30 be82d65c 3f250171 bf7fc0a6 3f37cb86 bef2febb 3f73301c 3df2f8c4 bf788e26 3ed092b7 3ee78b13 bf52bdcf 3e4f0cbf 3edceea0 3ed52a7e bf0b333d bf03556d bcdfdf1d 3f67eddb bf402dc3 3cc81f8e 3f4545c1 3efc16d6 be64f4ef bf4913d7 3eea96b9 3e55f3d4 3ece22c3 be880277 3d476e42 bf01dd4c 3f16e58b 3ef0f281 bef0eac5 bee5e29e be12e4c3 3f72cc26 3e7ce535 3f1e8f98 bf07f993 bd23aea3 bea3965d 3f3e45c8 3eb64259 be8ebe6a bece56d0 3eb506c1 bf6be200 3f5a25c7 bebc1acd be8e2662 3f209595 bf2c93a1 3f642be2 bf6273cb 3f4299b4 be4a74b4 bec686c4 bca2a28f 3f069f5f bf61cfcb 3f3a93b2 3d5d90c0 3d8c2702 be548c9e 3efbbb19 3ef3bac2 bdb567df 3dd34926 3eb60eb4 3f08ab5c 3ee072aa bf39d5ac 3f696dc7 bf2e47b3 be7344ab bebf1ab4 3cf7a42e bf188f9a 3f5c25e1 bee46eed 3ee3a6b2 bdb957b7 3f722c12 be7b5cf9 3e839e50 be439483 bf428d9e 3f3d1fb1 be910a56 3f4985ab 3f40ab8e 3e8c6262 bda277c2 bf2eb18b be49e503 3eb85ab4 be6ad486 bec22296 be934a69 be20047d be4904ab 3ef34ef2 bf3b99b5 3f3a7b9d 3e5cec7a bf1d7d87 bed4b2d6 bedca6d7 3f7df240 3ed21aca be43c472 3f0ddd71 bc074176 3f770c37 bf570fa9 
3f10977d bf77e602 3f7eca5b bf793626 3ec57a96 bea3a28d 3f3405a1 3dd7d91a bf6607f7 3f466dc1 3ef366dd bf5cd7f8 3e7b549f be87c2b1 bf21d5b7 3eb72a5e bee33ae1 bed862a2 3f34df9e 3ef19307 be80b2aa bd19b1c5 3f3af1ad bde3d90f 3e620448 be0dbc6c 3eb54ea3 bf199367 3f329b97 be0674bf bf0b1975 3e4094e2 bf323b83 be007c91 be198cc3 bf329fa3 3f37ffaa 3e98f63c bf7a7e38 3f6a1be0 bd63d1a0 3e824a4f be4ee49c bcb3a281 bea40ec3 3e122c46 3f092155 be2694e5 3f18b1a3 bf6b8ff2 3f45adc8 bf6e0424 3f1d6972 3f45f5c3 be026c65 bf47bbd6 bf4d61b6 3f30c1d4 bf3a5b82 3f0439aa bf30d7a1 3f15b160 bf65c003 3f5b37b1 bf35fdcf be898231 3eb78ace be9b128e bd8ce89c 3f77100f be05cccf bf7fba6b 3f14d17b 3ef8a695 3eec6683 bf5b7bdd 3f298d9e bf5851d4 3ebfa67b bf239586 3e56e4ab 3e2f747b be323410 bd9548c4 bd0e1015 3e0234a3 be612495 3ef84f0f be93bead bda3b801 bc7ebc74 be7f9d30 bf1d5187 be6e4d29 bf7181f4 3f700e07 bdb5279f bf04a158 bf5de7f1 bbb5823d bf2da1a4 3d67717e 3e895a72 bd2c72f7 3f5ba5bb bf1fcf82 3ca7624a 3f0c4794 bf0d29a0 3f7e8868 bf605be8 3f4eaba7 bf24db75 3f1cb76b 3f223b97 be91324a 3e10d4c7 bf207b89 3f32279d beee8a9a 3e082477 bd97896b bd9d6750 3e324466 3debe8e3 3e8119fd bf7cc650 3f19f57e 3e6404e6 be965e60 be61acb1 3f1e0993 bee69ebf 3f17f387 bcd35c27 3e30a5ab bf7e5a52 3ed256ff 3e44bc95 3f121f9a 3e97369a 3ee382c4 bf1d81af 3f5dc5eb be981e71 bd6aef28 bf52a5dd 3d95280e 3f77ce42 bf226998 bec06e6a 3f73320b 3da2887d bf509db6 bdf869dd 3eb07e90 3f3c53a4 bf0ff5a1 beb5c28f 3ec7a2d6 3dd6388c bf2629a4 bf58c200 3f419ba9 3d9ef885 bdd6796b bee0deb7 3f05958a bf4303e5 3f3d2386 bedc06bb 3c805db3 bf15717f 3e952ed4 3e9d9676 be0dd4d2 bf4337ae bef2bace bf1d9f8d 3f295da9 bf18637e 3f40999a bf7d0253 be50fcc5 3f7cca3a bf59bbcd 3f202d6f 3e81e6a9 beaba6b2 bd9c88fa 3da07855 3ebbaa8d bf3bc5b9 3f3ceda2 bf53b3d3 3ede3acb bd77d2be 3f1e1777 3e9a064a bf58cbfd 3f6f9013 bf4bd3ae 3eaf36b4 beeb2eea 3f168b6f bf5f8da5 3ece3335 bf6779ec 3f1c4597 bf4bbfb5 bead9ab4 be9b66ad 3ed66ee3 be897e63 bde96897 3f472b9b 3e2cc421 3ee736ad bf1ccbbf 3f287d92 bf6ac9fb 3f3bf3a5 bf63afde 3e26a4ed bf5eefe4 3f29fd89 bef95ee4 3f34db94 bdc3a813 beca8658 beea0ed1 bf6c5217 3dcc3953 3d2c2f6c 3ea27e53 3f1d2f99 bf4b699d 3f1dbf78 be211c35 3f5557cb beafc69f 3f45bfb8 bf66fbf2 3f6931fa bf65c609 3f3d57b3 3e12bc7f 3f135b7a 3f3ef386 bf608df1 bf6e5609 3f27bd79 bf7f9e6f 3f06d180 bf3531aa bde51a50 
bf74f205 3f17a988 be0cec5a bd003024 3f2f1769 bf68adee bd192fe9 bdd78846 3f094f6d bf2ee195 bec60a74 3f5131bc be4b04ab be635c68 3f699a10 be59dcf8 3f683dfa be873a3c bd4b31e2 bf787227 3f324bab bd59f31b bf35058e bc6ac41b 3eca4ebb bf785c07 3f582dcd be9446bf bf07ffaf 3e257cc2 3f1abd71 be1544a9 3f3b6f9f be3b3cb0 3f0b399b be077c77 be4e54ed bf27359a 3f6aafde bf3321a1 bcd49b5e bda69906 be889612 3ea50a9e 3ee332c2 bf26499c 3d7c11d5 bf6f3dfc 3ef8ea97 3dabf8c3 be902225 3f78342b bf4a1bcb bf3e93b6 3ecdbebe 3f5459a8 3f4883b7 beb382c0 3c073bcf 3f31f3c5 bf604fed 3f7b2c1f be998a31 be055c67 3f72b60f bf5261d3 3f5fb3c9 becba6a2 3e355c73 bf6fea10 3ef1329a 3f54cfa7 be56c4a4 bf2bbd8f bf1aa18c 3f4d7baa be918e89 3f0bf38a be729cf7 3f615fea bf78be2e 3f0a8b59 bebc669c 3f2abb95 bf5e49bd 3edcfeb8 bdbc88ac bf2b8f7a 3f78bc3f bf4b659d 3f3743bb 3e38a487 3f070b85 3f0eab5c bdfb6800 3cf55ed5 beaecead 3f5b31db 3ede6681 3e555cce 3f5a2bdf bf1733a0 3ee032bc bf40098e bee61702 3f53d5c3 bf1b6d92 be92e2ac 3f69a5f7 bf4e27bb 3eccc688 bf0db987 3f22a5c5 bf48b7e5 bf10db49 3e03fcda 3e86d250 bf1abd8c 3f644dcb bf6f7012 3f41eba9 becd6ab4 3d0bd2e3 3ec0c24a bf5215be 3f04ef74 3f11d76d bed3067a 3d33d17a bcf1a2da 3ed0a6c2 bf797019 3f2345a2 be2e247b bf568dc1 3f4327ae 3f726fdf bf2711a0 bea2f284 bf10e370 bf02d95a bed45309 3eb566c1 beb13aa0 bf2635ae 3f743a1c 3ef44af0 be2474e9 bf65f1d8 3f7d3454 be98d24d bedd3ede bf08f98d 3f692fec 3e693c95 bf61bfea 3e65ecc9 3e6fc504 be45f51c 3ed572dc bf03137f 3f41adcd 3f5b03c8 bf5e59e1 bc2dbfd2 3f5235ef bf5bcfd7 3f01cf68 befed735 3f451dac beba86ab 3efa82d0 3e40ccf5 bea68ab6 3f1e436f be9ed68c 3f5891bf 3f4f37bf bc3cbead 3e544c7e 3e33250d be4444a2 3f63a1d6 be9b9a88 bf662a00 3f6971f0 bed6fa9d beb236ed 3e185452 3ee2cac3 be3a5478 becd92ec 3f3601a6 bf1d2d90 3f610def bf06ef62 be766d2c bf1d576c beab528e 3f31ddb5 be924297 3e22dccb be21d474 be5afce3 3f3955ad bf2063a4 3f15958c be3434c7 3f144b79 be8ba681 3f74fe2a bd42f14d bf4483d5 3f59e1e0 bf00498d bb1f0e4c bf638a09 3dd72908 3ea6ae80 be3c951f be7b9c93 3f2b8fcd beeb3aa4 3f4e99da 3e20bc89 beac8ec2 3ec502ae be3dfcb5 bf1f5183 3f517fca 3f585fb0 bcbcded6 3ec856ab bf315bb8 3f237993 bf651fd0 3e915681 3ea8e695 bf45adc3 3e7f3502 bf5415c5 3eea0ae1 bf16017d 3f5735fe bf1ae97f be94ae72 bf182184 bec616c8 bf3f29c1 3f33999e 3f35abb5 be1c7c25 3f3a719d bf1cb979 3ec3f6fc 3f5cc3d4 
3f5b41d8 bf0d9986 3f23719c bf5c39eb 3eecc6ae bb471252 3f78762a bf7c4e2d 3f41b5ae be94c2b1 3f5e57c5 bf797c5b 3f09435c 3d7eb0c4 bee54edd bf4755b5 bea5b2c4 3da139a5 3d1df324 3f5863e3 bf385fc4 3d56efa8 3f355db0 be8f7683 be51dc5b 3f6fd602 bf5fd3d2 3ebd86e8 3f713c26 bf416989 3e166499 bf6293f2 3f0b4598 bf3791b3 bdce68aa 3f06817a 3c831e5b 3f0bf574 bf640dfb 3f5f7de4 bf08a554 3f4617c1 bed1c2b9 3ecebada bf515fdf 3f1b1f6e 3f04ad6e 3cbfa040 3f44e9d9 bf75b00b 3ec206a3 bf6185f0 3f13e773 3f5e45bb bf243d9f bf6901f7 be8fe643 be60bc50 3dec6a4a beff3ac3 3f112d91 bf1d2b7d 3dff5923 bede532c bf124755 3f7419fe bf72ee0d 3cf062fd 3f00e97d 3e8c727d be9ec66d bf60a5f4 be682485 3f6ea9f6 3eba56c7 be076445 bf11875d 3dd41941 bea47291 be5d8c62 3eeffacf bca4a1e3 bef772fc 3ecd2273 bd33ef7a 3ec8e2ea bdb7e9c1 3ed82e73 bf6a9be8 3f6dfa12 bf33ad9a bf027d80 bdb4884e bf7b9852 3f7be029 bf25778c 3edb6280 bf71d615 3db5d7b1 bf516dbc be500580 bbc08b29 bd04f1d5 3f4585bc 3cdba04c bf037f73 3f6735ea be4d4d6f bf39adb2 bb2ef22e 3f3b8ba8 bf210991 3f074d7d 3e1643f5 3f7c9647 bf5529c9 3f4743c0 3dc178fd bf5e91f5 3f7b7a27 bf31ab83 3f109f40 bf008162 3eebbaa9 be14544b beab0295 3adde5e8 bf3e1394 3f7ace47 bf634fce 3ec40a70 3f32218c bf6623db 3f261591 3ecb92a7 bf4f57c8 bf48bdbb 3ea5ba97 3f4b61a1 3ed60aa4 3f14cb86 3f3665a1 bee95ecc 3eaa2a50 3f3d3b96 bf4df3c9 bf5541d8 3f0e7b65 3ef856f6 bf68b1f5 3f2e919d 3e39045c 3efa6f0a bf18e370 be3e9466 3f54e3c3 bf32bdb3 3ddac869 3ecb864b bf4bcfc4 3f32d79c bf7d4c63 bf1f71b3 3f7b6a3a bef106d6 bf0b998b 3f1de16b 3e5eec04 3c20c2b6 bf66b1d9 3ee5da6b bf78743c 3f2e137f bed19abe bf1c9b8b 3d9208ef bf4be5c4 bea96a76 bf36578a 3ea5beb3 bf4fcfc6 3dbe79c2 bf4d75d4 3f348dc2 3ee8e28b be150459 bef14a92 3f79a425 bf55d1e4 3f02cf84 bf6915de 3f5f65ca bee3aad6 be2ba476 be21ccea 3e1aac2d 3f250b8f 3f09197a 3e2a2cd1 beb81add bee4faf5 3eccdeeb 3efaf6e1 bde3c8d0 bf3259b5 3f1399a2 bc8aa468 be2a5458 beb5f6ab 3e80aa54 bf429f99 3e0a4cbc 3f6fcc01 bf4c5fb5 3e48bcb7 3e42446e 3f02bf4d 3e36dc29 bedb46bd 3e1c8459 3f041588 bf16e38a bd6c3056 bc2f4554 bf41b7ba 3f6bddd8 bf5f27e0 3e97b26c 3f0c736d bf6d9a13 bf4cb7da 3cb51f1b 3f23d766 bf24e79f 3ec592df bea11aa3 3f376795 bf38f995 3ef40b16 3eaade7f bded0836 3f11f387 be7f1c83 bed27ecd 3eea3ec0 3f030371 3f4699b0 3eb062d9 3ec2cebf beb56adb be9b4ed7 bf15555e be63849c 3f1cc58c bf1e83a4 bf3efd9c 
be3d6d53 be5c0c8c 3d5cf17c bd8c67df 3e717d85 bf119157 bf050b64 3f1e838d bf39599a 3ebbc695 bf4c37b0 3f387fae bf2bb57b be11a4ad 3f4ee3b9 3ee10a86 3f2f3fa2 bef366b0 3e966aa9 bf56e1e0 3f71aa03 bf076968 be52ccdd 3ed69ebe be95a66b be4854fb 3ed28e96 bf77b218 3e86ba59 bf1e4983 3f41db9d 3ed2ceb3 bf1c636d 3f4833a8 be3fe48b beabe654 bf4c079d 3f7f2676 bf1dc783 3f2f2d98 bf5e69dd 3eab5ac5 bdda87b4 bee146d6 3f51d1bb bf5b59da 3d0d513f bef826e7 bf157378 3ea72a97 3f725a08 be84664c 3e742cc9 bf702c18 3ef9c6d4 3f5959ee 3e88463e be58bcd6 3f76360a bf56fdd4 3f49dfc3 bf28b985 3f423f98 3f2afd85 3e244d04 bf4f45d2 3f6d0225 be8962a0 3da477b8 bf50a1bd 3f5be9c9 3f10bb76 3f1a136e bf50c1db bef64276 3de58900 3e086cde 3f7d764b bf7c785b 3f69f7f5 bf5ed3e5 3f24a592 be173c27 3e85a255 bf397799 3e945672 bf5ce1e0 3f57e5db bdedb935 be9ece52 3ecad6da 3e945e2f 3f20ad7d 3c5c3529 be29343b be00948e 3e99b285 3ee28ef1 ba7bd159 3f32a1ac 3e8e0e54 bda0396c 3e5adc98 bf7d5660 3eef329a bcc8df91 bf77ba4e 3f325b96 3eb77250 3ecedec5 bf15ff76 3e64e495 be758cfa bf5c11e2 bd7d72ae 3e75e5a0 bf36118a bdcb48e4 3f2a857c be33dc9b bf2991b2 3f3afdbc beaca2b3 bed8e2b3 3f41d59f bda088c9 3e3dec2d 3f47899f bf77242e 3f7d7456 bf37f7a4 be70ecc1 3f38ebbd bf7fc294 3e897660 3f1fdba8 3ec942a0 3dc8d8b2 bf620bfc bf2af7b7 bec576e7 bf6f8dfe 3e6ec4bb bcfda12f bf652fcd 3f74c60b 3e69f505 3e64b510 bf27998f 3f1bdf94 bf082f8a bed8b6ac 3da838c7 bcd8deed 3d9d8949 be9a6ac5 3f2d3993 bf5a57e2 3f6875e0 bf4809ad 3f31f9bd 3e865274 3f3449ae bf5575c5 3ea4e2db 3f5841de bf4453a5 bf3ba196 3f7d4a45 be67c524 3f5d21c7 3ddd4934 beb83ee1 3eda1ac6 3f01d98c 3f245d9a 3d34d290 3f07b979 3f16776e 3da38858 3f15dd5e 3f21d389 3d49b249 bea80e71 beef6ec4 bdf037ac 3e176bd8 3d3b2f6f bdb8086f 3e08dd15 3e902e8a 3e70750e bf27b194 3f3ce9a2 3e9ad2a1 bf577fda be45bcd7 bf250770 3d2ed2d9 3e46f53e 3f51d7e7 bf5869dc bf1f555c 3ed6fa8b 3f08d1b2 bf1f6b8e bd8c2793 3e1544b0 3b12d510 3d678f5f 3dc239a0 3d150f7d bf6d7bec 3e13448b 3f58f7ca bf740c29 3ee50693 bf7f9c94 3f6621d5 bf2d2fa4 3d16d2d6 bd0e2e10 3ed0769e 3e502cea bea77292 3f192199 bf3d69bc 3f6be7f1 bf4771ce 3f786e2c 3f69840f bf3f59a0 be41fcc1 3ead6ac6 bd6833d6 3ecbe690 bf49cd8f 3f52dddd bf678e05 3f1e1f91 bf58a5d9 3f019387 bf1a6568 3f717013 bf47fbae be9bfa41 bf5fb1d2 bf186b8b 3ee6cecb bf114783 3f428d99 3eba3a98 3d90d946 beacfe8e 3f5383b1 3e41bc55 
3f70360e bf473f9e 3f56dddc be615d3c 3e63b45f bdb8c8c4 3f748e0d bf006582 3ebcc6cf 3d66d1ca 3ea35e50 be7bb4c5 3f6757f9 be906e60 bf1f7972 bf1f8575 3e2964cb bf20c773 3f3f7dac be3aac76 bf200b92 3f7f648c bf2d1d72 3e170c83 3cf9a406 be7d3cd8 3ecb4e82 3f45c7a8 bf02618f 3f2903a6 be061475 bf582be7 3f4b779e bee94abd 3ca3dfe5 3f38ad91 3d928782 beb70ac3 bebd32d0 bd92591f 3f3e7bb3 bf1f4371 3efeaae9 be3524bc 3e9ec624 3e0944c6 bdcd48b6 3f29e3a3 3f3e3ba1 bf2f8dbe bec3eab9 bf62abcf 3f6c0c00 bf07e977 3f3c299c bf70affb beb52276 3edf5ac9 bf56c3d8 3e07fcb7 3df718ac bd96a84d bf03cf7c bf53a7cc be9f7ebb 3f6d07ed bf5a41b9 3edf0ed3 bf0d8386 3f787830 bf5351bf bf375191 bee086ac 3efb52b9 3dc4c8c9 3f4c51a2 bf5c15e8 bf03c95b 3f07119a 3ec0faac bf5b91ea 3f1bab7f bf691dd1 3f25df8f bdea28f3 3f4d09b1 bed5ced8 bc32b60b bdd04789 3dc16a6f 3d74f00a be987a5b bf4ba5ee 3f1f6b9f bec326c9 3e919a5d bd1512b8 bf5c03c1 3f06df49 bf6cbfff bdc949fc bcaa22aa be83dada 3f445fb8 bedb827d 3ef666e0 3f00cb76 bf09d171 be11d488 bf5469e1 3f02259e be80eeab 3f591be5 3e011cc7 3f4129ac bf383bba 3f5d27be 3e76a486 bf5e07dc 3e4d442b 3f39ff9d bf3e41bd 3eefded6 3d76f0ad be53bca0 beff2aff be2c5be9 bea6f27e 3ee6eef5 bf2cf3a8 3f3515a5 be9c2e8b bd9fa820 3f5161bb bf020b61 bf0b2d7e 3e14cc77 bf09d976 3f7ef270 3f0aef52 3f1abb77 3f5311c5 be340c97 3f13c172 bec4aaa1 3ea86a67 bf3e6da7 bcd69eb7 bdfbb891 3f0051a6 3cb5a0fd 3f0f0763 bf19359a 3f5e47c8 bf3087b3 3efdbaf4 bf20418b 3f622bda bf7e6448 3f32a7aa be9a562e bf3f899f be4184e6 3ef36afc be85b6ca bf50cdc2 3f6fb601 3eaa1273 bf36fb8f 3e19dccb bf5a19d6 bea1368a 3f24e587 bf2fef9d be83ae99 bf751bf9 3d18538a bd6caf39 bf5097bc be8fb279 bf09f75b bf6cedd2 3f04636d bec006d0 3f66dbdc bdf2d9d1 3f1fab89 bf6795eb 3e9cca7c bd3771c1 be853616 bf12b74b 3f5f15d8 bf178775 bef07707 3f4d67df 3f5f4bde bf2371b8 3f31abb3 bf2fe78f bece32aa 3f43ddbc 3f1fd98f bf23cd9c be690d53 3f2d6db0 bedff6ab 3f345bac bf0d0f75 3f3d77d7 bebd2a78 3eedcec6 3f11ab8a 3e573d37 bf492dcd bde2c9a3 3f42bbcd be99e259 3f17e79a bebe0a7b 3ef15ed0 be8aa257 bd276f49 bedfb290 3f12cb75 bf42dfb6 3f7d364a bf722618 3e29849c bf6345d9 be9862fa 3edd8abd 3ec91ef1 becd9e9a bd87e79f be44b431 bd71d28e 3ef38aa3 bf030b7c 3f4253c7 bf40efa6 3f3c27ae bf39b991 3f054d89 bed88eca 3f6a81e4 3ed69aba 3f265fb7 be80be55 3de5e8de beb8325d bec136a7 3ec352ef bf31b597 bdd6e77d bf231b85 
bebca6a8 3f14337f bf117965 bf17c776 3efceb04 bf06ed95 bd98a8b6 bf2ea58e 3f405f98 bf7a8c50 3f017173 bf176f9d bf1ae799 3e81be97 3f6c11d5 3c33bfb7 be573d17 3f26679e bf27f7ae 3ef012ed 3e526481 bf0f158e 3e7264a6 3e0dac19 3e8fb665 bc96e3c4 bed77ac2 bf6bbbf7 3f5b95c9 bf2e459f beb1ae75 3f384dc0 be9faab7 be4cec14 bdbcf8b2 bea03a89 3d9fb918 3e591c47 3f2f95a6 3dcae9b9 bf43a1ae 3eef4ee2 be0a6cd3 3de5c965 bf784412 3f07df6e be66f4ae bed70ec2 bf551bc0 3f3325b5 3eb5aa6a 3f5f97ca be69b4f5 bdac785a be933696 be39bcbe 3f740627 bf24c793 3ebf8678 3f2fa38a bf496f8b 3f2e07b2 3eae4e63 3efdf6ca 3f543fdf bf5a43af 3ea246ea bd87992d 3ec76eae bf0feb65 3f06795c 3f641bd9 be81e6ae 3f33518f bf448faf bed8a2d0 3f17037b 3ebc92e5 becba287 bf2bd571 3f6fce10 3e197453 3d6d5061 3df3a842 bf120f86 befe42ba 3f6fae0d bf1c2561 3e888a4a 3dc54952 bf3a6581 3f772421 be933e74 3eb1a2a3 bf27a77e 3f5835f1 bf5023da 3f7a4c50 bde63968 bc2a492e 3f5b2bf3 bed2bab7 3f0c8f92 bf03b971 3e7dac9b bf7e867e 3f061392 bf09a152 3f2f53a1 3f0b3b65 3e6bec8c bf00eb8d be217c4a bf35b1be beec02e6 3f03cdae bf30f1ae 3d003153 3ea4a2e1 3e18ac2a bee9cee8 3c3cc266 3e6f8406 be2544da be9daa97 3f6213b6 3f26ab9e bf4e4dd6 3f0b5763 be52ac73 3e4f2c4f bd2d9065 bde46843 bedcaa69 3d87989d 3f3c33b9 bf00756d 3ed40eb4 bf0a8b78 bf488dba bee74322 bf3e5fa5 bda728ac bf0eeb74 3f3c47ab bee4cf0e 3e5ffc6c 3f37b58f be7a4cc7 be560d1d bf76ae21 3f3d5f91 be241c2c bf10757f 3f551bb0 bf681dd5 3f5741bb bf6ce611 3f54e9d9 beb28ad4 3b02e298 3ed886a3 3f36ab7b bf793c14 3f674fd9 3d9c5985 bf34a399 3eddd67f be97b68d 3edd7689 3f3ab39d be68c4f3 3ed34a87 bed8366a 3f62a7ce 3f162594 3e3bcc7c bebe22a4 3f69180b 3e8f4e3a 3f6beffa 3e96d69b bc454835 3e16f466 bf036f7a be980a84 bf28ed9e 3f403d74 3eafd684 bf1c1ba4 3f73a80a beda76e1 3ea28693 bef7aefb 3f707beb bf784229 bf4be9c6 3f5da7ce be4024a1 3e62ec63 3cc9215f be383c25 bf489db7 3f7fa498 bf0d4789 3e39e43d bdca6791 be888a57 be92ea49 be4064bb bf2addae 3e33f533 bf7503f9 bca461f3 3f173792 3f20838b bf62320a 3dadd860 beb97268 be46f463 3f04136e bf2287b0 3f4501c0 bf1d978b 3f3a6fad bf18937d be002be9 3edfcec6 3f218363 3ed386ac 3e6f6c97 bf0e897d be324d23 3e8a5e4d bda7f8b8 3f3ec9af bf08c9ae 3ea11aab beee3aad 3eb09ecd be832a67 3f45b7b5 bf07e7a2 3ebf7e73 bed2caae bc3f3fca bf192f93 bee5aaa9 be67acdc 3f275174 3c9f22f4 be41d461 3ddc48e2 3f248d63 3efdb2c8 be51bc63 
bd7cd1e8 bf13ff9f 3f489bcd 3ebdaa7a bd99f98f 3dc417fd 3ed8cec6 3c4b35e1 3eb53ad4 be488d12 3e9b5670 3ed452f8 3f111781 be94164f bf75ce0f 3eac1285 3ee1feeb bf0fd580 3ed936c7 bf46e7e3 3f10d376 bedfd2be 3f5517b7 bf427dae bf25e991 3f2c6989 3d95d83d 3f691de6 bf60d5ea 3f114f5d 3f2b4982 bf21fb6d 3ea612b9 3e198c13 3ef1cebb bdecf9a1 bf11eb99 3ea2eab1 bf7a4234 bea566a8 3f4b73ab be37dcfc bedfca95 3eb4e281 3f71a220 bf4513b7 3f417db3 be401498 3f6e6a0a bf0db190 bf08e76e bf075d96 bf197766 3f0cfb8c 3ec4f6ca 3ee882d4 bf39b3cd 3f12d390 bef79748 bd316fc2 be637447 becde2be 3c5641d6 bf4929e3 bebf12ec be3a0cc4 3f2bf59b bed8c680 bdfbc89b 3ea48a99 bf7bce49 3eb4f2a0 bf0b9f7c bedddab9 3f004b7a 3e598cb4 be918a74 3dc7c92f bd5cb246 3f5aabc3 bf66f1f6 bf029f78 bc9b9ef7 bda24911 3f7a9033 bebd72b2 bf068787 3f0f3b9a bf034186 3f56e5d9 beb7869b 3e6484a0 be9fae6e 3d620e4c 3f0daf7a bf729e18 3f343d7f bf246990 3de8490f be467d00 bd877732 bf3fcf88 3ed6daaf bf04637c 3f11198a 3f162f6e bf0d3577 3f6e2dfc bf606dde bed24a6c bee622af 3ee162cd bca0a3d8 3f6125da 3f0f638a bf3b5799 3f78de08 bf6a01e0 3f412bab bf4db9b4 3eefaf06 3e5583c8 bf10e961 3ea77688 3ec01a94 bf4c9dc1 bf65d7eb 3f6f6621 bd723216 be3ffcbb bf068b56 3f1415ab bed062dc 3f4049ce bd816814 be620cad 3d8a9846 3e5f0ccd 3e07946e 3f2a018d 3f12379d 3e60f492 3f250fa0 3e907e6b bf763c2a 3f71c617 bf5babd7 3970bcde be9d2e2c 3f2a2fa9 3f38cdad bf31cfa1 3e125c21 be676d40 3ec72e90 be9e027d 3f10338f bf0d6f7a 3f2051a3 bf5eb1df 3f622fda bf22d3b5 bebaea72 3eca5702 bf25d992 3ec0d2de bbb86cb4 bec25292 3f27e1aa bf3ea9ea bec9fa76 3ef68b3c bf74f020 3f4955bb bf1b5daa bf6bd7d6 3eab46b2 bd7c5222 be59c4ad bf6023e4 bedf7f22 befdeb1c 3e08fc14 be814262 3e8cf652 3f25b170 3f1a9f7a bf4045b5 3dce28b9 bf29e96e 3f13ef77 bf140399 3f1cd3a4 bf36658a 3f2025a3 bd0f724a 3f3a2383 bf402fb8 bed0f668 3e213405 3f31f5bc bf5c85df 3f50ddad bf2fbf78 3eb1ba75 be0fe49b be966a82 3f3fd791 3d59efc9 3f28ab7d 3f30f784 3d156f4c 3f267595 3da6b7d7 bf1f1fb4 bee66ef8 3e8a2a56 3f208d7e bdc8892c 3ed556c8 bf5bbfc1 3f5e8dec bf567ff3 3f4db1eb bf708410 3f74da0f bda98903 bf011573 bf5545e7 3d83b857 bf18d5a9 3f798e1a beb00aad 3f008d60 bf79d833 3efc3edc bf61a9c2 3f786838 bf3e2d96 3f40ef95 bf5e65c7 be1f8c1b be0004a3 3ceae053 3f051970 bee50eef 3ecac2b7 3f3157ad 3d810827 bf3ffba9 bddbd9af 3f5b75d4 bf27cf84 bef8fa90 bf30af90 3f435fad 
3e753d24 3f01dd95 bf578fd2 bd38921f be85aece be0a5459 bd1370cc bd14af7f bf42838f 3f494bbb bf6fbe19 3de9f7d1 bf7d6862 3f6cd40d 3e269ce1 3d06f04b bf6743f9 3e730cb8 3e9aba6d 3e2facde 3c5140ec be99a628 be8e469a 3edb569f 3f778c31 bf2f7b81 bf04816a 3c55bcaf 3ee31ec9 bf6cefcc 3e99767d bf1fe768 3ec782c6 bf0547a6 be87ae9b 3ebc2283 3f055f4b bc9d6206 3eeaa6f4 3f7047fb bf6369f5 3d094f3f 3f4cf3b8 bf7db079 3d694f09 bed5aa69 3e6a0cc1 bf5089d6 3ed5e6c9 bee8ceb3 3f72b41b 3ee906dd 3f11cf8a be9802ec bf2a1d93 bf4585c3 3f4057af bf53afae 3f3efbae bee16ab4 3f5437ba 3ee6e6f9 bef6ca78 3f506fb6 3eb6f671 3ecceac0 beeea2d5 bd91f788 3e2a1443 3e65bcf5 3f22d182 bf47b7db 3f67d40e bdd2d7cf 3e8e6e6c becebe94 3e72a4b2 bf2db5aa 3e9c86a9 bee90ac9 3f097568 3f00af5a 3f12498a bf0fed72 bf4e61c0 3f755617 be6ec4a9 3eeb1ad8 bf244b9a bdb9a768 beff5ee6 3f199d62 bf4707ab 3f473dbd bf7d8248 3f365fa3 3f003d69 bf6ce3f4 3f63c202 bf200f85 3f2207a7 3e0a6486 3f140d75 bec81a89 bdd8c8c9 be363cb9 bec17aa4 bdd087d3 3db359f8 3f7a0024 be8ff279 3f5911b6 bf6661c6 be5bdc6d bf579dd6 3f252980 bf1b0f8b 3f71a01e bf7fda7a 3f7e2254 bf3fe196 3f381da5 bf177363 3f21bb84 bf5813d4 3f422bab 3f5d45cf bf52b3e3 bea602a9 3eab56a6 3f4ed9d8 bf4965b7 3f066383 bf03a782 bf6067dd 3f482fb6 bf5c89d4 3f011f89 bf7ba43a 3e4a64ba bf3f67ab 3e25f4b5 bf703a19 3e2a6449 3eb75add beaf5e97 3efe6edb 3efda2e6 bf4d71d4 3e92a668 bf59cbd2 3e3ae4ec 3f3f75a7 3d377231 befd8acd 3e1c8ca9 be84063d 3e241cd9 be1354e8 3d30703e bd8cb8eb be00d488 3eb8ab12 3dd7f7a4 3e3ed48f beeb92ad 3f4d1bc6 bede6ad1 be005494 3f082b6a bda148b7 bdd1e9e6 3ee302c3 be8fc69e 3e3834ab 3f0ef79e 3e6b8d35 bf12b366 3efc62fb 3f218f76 3e852aa3 3f16fda7 be083cb0 3e4464c0 bd6a3092 bf785618 be1e6456 bb968137 3ed7cad6 3ef7febb be7694f0 bf230d75 3f4067c6 bed4029e 3d9888cf bf7279f1 3f704bff bdef1ab1 3f5e7bb9 bf22c5a5 bf02bb70 3f3ed7bc 3e1bac23 be51b4bc bda7d8bd 3f53edf5 bf20337a 3e8bd26f bf5a65d2 bf1c6b66 bed17a93 bf6161e4 3e83026d be1c3bc4 3e66c4db 3f3139a6 bedeb29e bdf9f80c bf32f5ba 3f4e959b bdb12911 bedcfe99 3f3249b0 bf17957e 3e9c0294 befe4704 3c54c04c 3f22dfac 3f28a99e be0f54d4 3ea6928d be41bcaf bf2c8bae 3e855a48 3f1f0568 bed29ac9 3f555dd1 bf133b9c 3daa6854 3e0de4ad 3e0ed481 3f535195 be0e7cea 3ea6ba9d bf7f6ead 3f5c15dd be7f5dc1 bf6e4223 3f086b6a 3e26d4bf 3ecdbb0b bf6df9ff 3eb5cae0 3f6f7feb 3e5a1593 bf2a8b80 
becffee9 becd1aa0 3f535fd0 bee07a72 3f4c9df8 3b671218 bf06fb90 3f712621 bf22259a 3f5e71c3 bef68af3 3f63b3e0 3d41f05e be960a77 beadea9b 3e8c9a5c 3f5973b2 bcfba3af bde5e8c7 bf6089d2 3f60b1f9 be81ee48 3f3a8582 bf7c4846 bee36efb 3eb36279 3f3e61c8 bf5889dc 3eaf4a6f 3f17f76a beddf6a3 3f47edc3 be6bad32 3eb5deaa 3cd96488 bf2c5d8c 3e321530 bf54e196 3d8c488f bf6db1fe 3e878e8a 3ec66abb bf639bba 3f6311f5 bd1570a8 3e8d5e4a 3e19cc29 3f348f8b bf45b5ca 3f2215a1 bf6f8a17 bee7df0b beb6da82 3d8e489b 3f3e85ad 3f378992 bc86e30c bd82a8c1 3f0dfd60 bf777219 3e199bea bf5fd7d5 3ec0bea5 be00e4c1 bf318bb6 bec3c29e 3d670fcc 3f3b53c4 bf09738f bec4f291 bd989879 3ed7bac2 bed322be 3d38f066 bf1c518e 3ec0dadd 3c9e1c5c 3f4fa5b3 bd8f38ce beae3680 bd7951ab bec22ab1 bf499bd0 3f378d93 3f0a5186 bf2e01ba be044492 be8fb6b6 3eff4eb1 3f1d719c bd00af4b 3e83d62e bd5d301a bd314fe8 3f0e477b bf014193 bf497db3 3f6a19f5 bd5970ad be96825a 3e9d32c4 bf49afb9 beb6f6b2 3ef99ab4 be37445b 3e50045d 3e80b644 3f24198d bf525ddd 3d6b2fbc befdf316 bf425bb1 3f4f85c3 3e4344a1 3ecd92c4 bc24c94c be4f44f3 be9f623b 3ec1da85 bcb15efd bf34a597 3f28f59d bf316b80 3f0ef186 beca76dc 3e7e2c3d bf7f8492 3f41d38f 3ed756d7 bef30683 beb10e81 bdfdc9de 3d5b4fc8 3ee696fd 3f7057ec be28047e 3ecaa2df 3da69898 3ee21697 3ec25e6e bf03397f 3f4a27c8 bda77820 3e53ed29 bca82348 bc8edc10 bf57f5bd 3df0180d 3f301199 be2a4446 3eb45eaf 3d970936 bf4e75c0 befff69b 3f69fdf2 be94be88 3e8d6275 be9d1a67 3eed76f6 bdb1397f 3e87528a be5c4cf8 3e9d7e61 bf322b92 3f098f6a bef126f2 be91ba8c 3e8afa9a 3e4cad33 bef8aefe 3eb17250 3d6a1043 bd87c852 be2ed43c 3e8c7e74 bf188587 3c65c21d 3e574528 3dd3e7dd bf7de677 3e97d257 bf2625a2 be3a4ca8 3e412cda bdd19868 3f6cd607 3e445498 3dd18804 be794cf7 bf4e85b1 3f2ab3ab 3f2243a0 bf3ce1af 3ec36a99 3e808260 3f097f56 bf5c9fd0 bf5f37f3 3f263599 be89e636 3f3c49b7 bf4dd1c8 bf32f396 3f5549c9 bf1da796 beeb2700 3e94225e be6704f4 3f4d23c0 3f3d45ab 3eae9ab6 3f592dd7 bd8ee9b3 bf4a9fad 3f5b6bbc bf74603b 3e4fac30 3eaf3241 3e79ec87 bf57f9f5 3e7f9d0b 3eff3edd bf5b37c9 3edb8702 3eee1f04 bd2111de be69c4ec be753514 bf709019 3f58afeb bf55edad 3ea6be52 3f13c989 3d69af10 bf7b5a55 3f2e75b0 bf74ac09 3ed5ea8a 3e486503 bf13e379 3e3734d7 bf79ac29 3d8c1882 bec90e68 3f6517f4 bf07333f 3d1a5176 3f42a19d bf650be1 3f290d6c bf74ee1c 3f757018 bd4eb307 bf7e4c54 bdc9388a 3f1b1994 
3f796435 befa3ab5 3ecd8ea8 beb56297 bef65a79 3ed9fabc bed99e95 3ec80709 bed332c3 3c2f482b bf1d4d7e 3eed12f0 bf76c00d 3f7d7054 beefcae1 3daf399a bf4987aa bf033f66 3f20cd9a 3eccbabb bf138583 be0e3464 bed51ef2 3f7b3e42 3ed786c5 bf7eb464 3f24c76e bd6651cf 3e46ac23 bf7a0815 3f3ad59f bf259ba8 be07d3fe 3e41a48b bd11d291 3f5d17e8 bf10dd6a 3f67a01b 3ef00ed6 bca421c9 3f41f9ae bf57efc2 3f7d0263 bf4423b9 bdc92761 3e642ceb bf7aaa42 bc6fc2d4 3e4f844d 3e1ab457 3e8a064d 3f4479a1 be299c57 3e5af46b bf10a992 bf5e4fc1 3e281ce2 bf36b19a 3eb93289 3e419495 3f3a15a4 bee3e690 3f65a3ee bf479fd0 3f37e3a9 3f1f8f8b bd86f8d7 bf58edbe 3f542fdf 3d9d28ca be05a4a5 be2ff478 3d49f058 bccb604f 3f58bbe6 bee63b34 be649c92 bf2eedb1 be3e1d10 3f3cb9bd 3d6f736d 3d05912e 3ef1daeb bc1048b3 bf68a1fc 3f200f7f 3e8c5696 3e6134c5 be9ec277 bf6aee03 3e12c416 bf38f583 3f3699be bf222d74 bd0a2f26 3ebe266a 3f382589 bf5bfdd8 bd200e09 bd98d8d1 bc8126a5 3f3211a4 bd143039 3d9d7796 be0924ca 3c4cc0d5 be23545d bf31d39c 3f117f75 3cbd28a2 3f0fbd86 3f4661bb bf68d1ce 3eac1e56 bf0d3ba1 3eabca6f bd07b210 3ec77ec0 bf1785a0 3eb05ac7 3f3e3dad bf74ce0f 3f79dc27 bf03057f 3ed616c1 be9ba27f 3f306393 bf7e9e5b 3ecd72a9 be9a4a7c 3f0c698c 3f0c615b be85c679 bf3d7daf bf2f79b4 be9c3a2a beca96c1 bdb0590c bf23277b 3ea29e94 bba985c6 bda608cb bc4ec8b4 3e69ec9f bf7baa37 3f7aec20 3f1a1dab be7f04b5 bf53cfb6 3ed83ef8 bf20d3a1 3f54e5c0 bc49ca05 3f29ad87 be495ca9 bf50b7a1 3f7db86a bf57add0 3ec8d68d bf672be3 3ef95aed bed3f2c0 3ef69edf bf2eb7a9 3f32bf94 3d2f30dc 3ec272b3 bdcd19b1 bf4375c8 3f53f3b9 bec1dec7 bf5a07ab 3f7c9c38 bf69b807 3f11b398 3dd99988 be0d9c8a be1334df 3b977a9c 3ee67ea2 3d9bb75b bdacd8ba 3f6581ea bf1c1fa2 3dc828a8 bf40b3c2 be9dda77 bdb7a83e 3e468d4e 3f005d9b beda46a8 bf6a75f2 3f5ab3e5 bf1ca78f be40cc3a be736ca3 3f65620a 3f72302a bf3c4584 beaa466e 3ec65ec0 3e879670 3f3c89ae bed9e2a3 3eb45a6d 3f310f98 bed146f6 3f0e1f88 bf60ffc3 bf1f9db1 beb7a298 bf26998f 3e95ba9c 3ee35aec beb6be56 bddbf723 3f4e93ba bf7a6444 3f4f79db 3e4294f0 bd1dafc8 bee4e2f5 3f26898d be853e5e bf1a356c be3b8499 3f4dabb7 3cce1e68 3ee9e2b8 befc96e1 3e8c66b7 3e900a34 bf69f9ef 3e57ccc4 3e5e7d33 3f16cd9c beebbaff 3f4ee1d0 bf5661b9 3f38c195 3d88189b 3ea47ea2 3f47cdb3 beffdac5 3ea63ad7 bf48edbd 3eb6a638 bbc28d3a 3e19fcbb bebc6a8e 3f0fd36e bea28e9d bef04add 3f442fad 3ed06a93 bf4b95b5 
bec0b68f bd446ca4 be91b276 3eba86c9 3e0b54ed beb3d2ae 3f150975 bf2dfbd3 3ea3866f 3e19ac87 3f305b9a bf597bfc 3f7d5c40 bf75d038 3f61f7bc befb96e3 3f5469f6 3f3aa39c bf7c024b 3eb52aa6 bdb5b8b1 3f45b1ca be205411 bf655be1 3d125236 3f3f1ba1 bf79342b 3dcc98da bdd6c862 3f70b610 bf4d83b3 3f1b379e be19ac75 be981685 be142c2d bf1be388 3efe26ce bf5c2fce bea9d66d bf289579 3f0d836b bf6e7a0e 3f07898a be92dabd 3eca2ab5 be4fec8f 3f3affb8 3f037183 bf22a3c2 3dea989a bf3cef96 3d9a47d1 be7b84d8 3e3f9c46 3d19708c 3f3b19ae 3d9ba851 3f694bdf bf08e962 bf0d2375 3e6d1c55 bf0c778a 3eca1307 bf0f3385 3eb12a63 bf5855c0 3e2abc41 3e4dfc6f be2854da bf09a96d 3f76c428 bf0e0d7c 3f22e393 bf16d9af be9efa91 3e04dc6b 3f0c5169 3eb69aee 3e9aaaa1 bf22f17b bedcfac7 3f1c7955 befe5701 bcd5a103 3eeea2dc 3e236cb8 bf441bbc 3da5a8cb bd6f92e8 3f3ed1aa 3f72e5ff bf2e5fa3 3f387db6 bee5ff00 3ec4becd bf187b7e be492c88 3efd8ed5 bc94e17a 3f692c0c bf74f3ef 3ec5d698 bf1c3589 3f018968 bf37bbd2 3f55adbb bf258f96 3f4cb1d1 3c49be2a bf198f59 be9a1ab9 bf2ff5ca 3f7fac9f bf6f11f1 3f3aebaf bf4d65cf 3e0fc4c8 3ec4fac9 be84b2a1 bdcdc97c bf284387 3f5a17e2 bf292772 becc62b8 3ecedacf be68042b bdbca993 3f7c1046 bf5e79f5 3f367dbf bf720bdd bea2a284 3dfaa9ac 3f5103ca 3f435783 3e8eca3f 3f12296f 3ef312c5 bd84d7c5 be3bd538 3d9bf914 be1bf453 bf0c2999 3e629469 3f4f01ce bf64d5d3 bf6009f9 3f24c16f 3ec63315 3de077e8 bd46b0d0 bf0d658b bee5cad2 3ed096b6 bf68ebe0 3f767411 bed68295 bdb738b1 3f4dffa4 be15ac94 3f251f6d bf5aadd6 3f29a35a 3e38543e bf272f9e 3d0f72f5 bf4d05cd 3f0be379 3f4651bb bf5d37db 3ef1fa9d 3f6be5f4 bf502fba 3f5633ba beb0367e bf2e2d93 3f74a40f bdd6f8b3 be64e4da 3d66506f be46cc9d 3e42d479 bf0dc58f be091c80 3f4fc5b8 3bcb7c45 3f6d2201 bf1bcb77 3f215777 bf5577ff 3f3861ad 3eeb56b6 be7c647f 3ec25689 3e248cc3 be017bcc bf229b95 bf6c79eb 3f27e3a7 3ef7c706 bf23f978 bf0b7571 bd9f47a5 bea80646 3d7df062 bf55abb6 3ee27ac4 bf391398 3f16db6e 3f41edc0 3d9cb880 3f002348 bf44f1a9 3f2cc58d bf3efb94 3f7b0c54 bf5e85d1 3e997a78 bf49a9ce 3e02544a bec422c0 3f1cf59e bee42ed6 3e76bcb0 3e84a673 3f1997a7 bf61f1f9 bf28458f 3f77563e bf4ae9c4 3f6cf7e7 bf772816 3f6927e2 3c42c3d1 bdacf90c bf753819 3f440f95 bf4badb8 3e8b4aa5 3d419087 bec3a673 bee8a2cf 3d1eb00d bf27e59e 3f3367b9 3e461520 3e82a654 bf4f67ba 3ecd7edd 3ed1b6c1 bf3dc1a6 3f28d397 be50a4f5 3ec0468c bf799800 3ebe5680 
3ee4f699 be88827e 3f3bcdd6 bf5ab9b1 3f70d407 bf4dc9cf 3f2c55aa bf067b57 3f6505e9 bf6e1ff4 bec2d696 3f7cc26a bf4ecdcd 3f0e8989 bf3edf91 3ededef8 bf093d72 bf3a11a4 3f3cdbb6 beb19e83 bd80d828 bf52f3e5 3f75b817 be34b4c3 3f048557 bf5497cf 3f5e9db8 3f0a956c bf66ddf3 3ea91680 bf132b7d 3f13679c 3e30b489 3dc8b7aa 3f78962d bf5353d9 3f6265fc be2edc66 3f6cfff7 3ed25ebf becc8ecd 3f23ab90 bc95e0e3 bdd0a76f 3e3c2cbc be877a75 bec48ab0 bf15bf5c 3e8d16a4 3ee6bac9 3e3e84ae 3e85b28a bf101b69 3f15d3b6 bef3867a 3e26b4d7 bf321bbd bf385ba4 3f18bd65 3f00ff65 bef6e6b1 3f34d7b2 bf36a5c2 3f1f1999 3e8fe2b3 bf2be580 3f65b9ee be930acf 3ebd2ed7 be9716ac bd59b008 bf175b83 3e969ea5 3e936ef3 3e863eb9 bf08177d 3e1a5d2b bf4ff5ce 3d2c8cbf 3f0f6192 3d194fe6 be42ecfb bebc36bf 3f30a373 bf64a9ec 3e92ea69 be67d4da 3f594fdb be2b150e bf2f6790 bf78581a 3efd46bf bef09ec1 bbee8f5c 3f4b1fa4 bef0eea8 3e794cdb 3d29f08c bf5aa1bd bc6dc823 be88ea35 3f42c1a9 bf71ee00 3f778e0c bedb5ef7 3d668d2b 3e94627a bf188965 3ddb79ac 3e504c8b 3f4417ad bd751174 bf07b961 3f4c0bae be39b4a1 3f6643e4 bee0daa5 bf1c696e 3f063f54 3e8d7e07 3e57a4fe bf28a3be 3f28c9a6 3f5505dc bf609be2 3f2e61b4 bf52cfdc 3d9e5931 beb91283 3f3f5baf 3e30cd12 3f09816d bedc86e8 be9eda20 bf725202 be97b28e bf2fadaa bf281f9e 3f1ab377 3c14b725 bdcf1854 3ec0e2c8 3f3bf1ab be6f8482 bf36dfb6 3f6ca3f2 3f04793a bdc4a7fe bf414b91 3e4d7528 bdc7f82c 3f54fbd0 3e80ced0 bf0dab7b 3f576bd4 bd37d262 bf242d95 3f1a4192 bf369bb5 bf105b79 3ecf42c8 3d95b9af bf1359a1 3e9cf68f bbd37d96 3f197f94 3ec2d6d9 be9d5676 bf6365e0 3f1127a4 be2d0cac bf75e23b 3efd5af5 bf4d9192 3f2defb0 3e888e0e bf3069ae be1c643d 3dbaf8ab 3f03eb8f bf675a07 3f4f23c0 befcceb7 3f5fa7eb bf64c5d9 bf3e79b9 3ee4c2dc bf6f8003 3f368395 bf202762 3ebe4ee5 bf2a25a8 be45cc28 bdf849ed 3e178ca9 bd0f91df 3f44e5a4 3e879229 3e267cad bf5eb3d3 3f66a9e5 3ea90a74 3eca42bb be8e6651 3f473fa2 be7cb4e1 3f0bdf7d 3d5baf9f 3e2304be bf4211c7 be434d0d 3ee802cc 3d9d08d5 bf1c399a 3f3605ab bf5f2fc6 3ee65a66 3eeeb692 3f187ba5 bebde6a6 3f5dddf1 bf5685bb 3e25e4b2 bcad1f6d be27f472 bf23d787 3f4f2db8 3f029357 bf3cad84 3e7c94bc be9fda7d 3d66b084 3e1decd2 bf5cebb7 3f2be397 3ea3664a be5ee4cc 3ed3ceec 3e1684b3 bee702ea 3ea2ba62 3f14af70 beeac6bb 3f68bbdd bf4c87dd bf2f9b93 3f7e3e7a bf2fd193 3f1d8355 bf705801 3f09bd69 be895213 3d11d367 bf199b87 3f799038 3b8f8444 
bf4083d1 3f4697e3 bf6c0ded 3f2d339d bf7c3c5b 3f426da4 bf3ee1a6 3f10b9a7 bf6143d1 3f4e17db 3e5f547e bf1e9f7e be3a6d5c 3f59e3c6 bee56a9c 3eeb9ebb beafae74 3f65ca08 bec316c6 bd5baf31 3f6a99d0 be31f4be bf4945c2 3f384fba bf6b4ff4 3f55cbbf bf644bca be47dc79 3e86c687 3e651cf4 3ed0dab6 bf373fa0 bf23918c bd70af0d bf6239f4 3f4c65c4 bedfe6ec bf5515ba 3e11ec67 bf69e7fd 3d3b917a 3ebd469a bf5d23ec 3e874ec5 be7b24dc 3eabea4d 3d892871 3f74ca02 bf3ac9d1 3e6a14c0 bf30e5b8 3e05f4b3 3f4c69d2 bf6ef40a 3ef3e2e5 bef11aa5 3f5495e2 3e97028d bcf761ea bf71a1f8 3f72f203 bf6a69d7 3f6f1e0a bf36bf9a be96cea7 3f7397fc bf1cc57c bf082560 3cf15fd3 3ee45ebe be32fce8 3f7ad432 bedbe6b1 bf578dd6 3f24597f 3e85c662 bf03f180 3f7ea65d be2a4d12 bf0ce57f 3e3c7c3f 3ee372cd bc3d3f88 3e5d8c97 be784d0b 3f5c47ca be9c4ad1 bf29b189 bd009191 3f20a78c 3f3a87a9 bba390b3 3e702507 be675ca1 bf54a1c4 3f2099b3 bd9a0953 bce31ba7 3f4121ba 3e6744a4 3e1964d6 beb612cc 3f618ff8 bf6877f3 3efb76af be70bcdd bef2c6e7 3f7e6471 bf69a3d0 3ea1b689 bf1b6379 3d3e92e8 3f150d7b bf36dbb3 bf031d5b bf1fd16c 3f3cef9f 3d32d366 3e2c5cdc bf57e7e6 3e9ebab0 3ee63ac0 bf6709fb bf3ba5a5 3f4421d5 becb66be 3f21b17c 3e615c6a 3c05c043 bf30179a bf44c7a7 3eacde5e 3deef8fb 3dc9a82e 3f0a155b 3f67e3e2 3ef906c6 3eb7e284 bef0fabb 3de5d7d8 bebdae9f bc63c4dd bf6739e4 bca224be 3f2dcf9b bf79be29 bcd9a235 bf076b71 3f7be841 bec61abf 3e220cc7 bf58cdc7 bc955f78 3e6b54da beda2af3 bf01c16c 3f731611 bf13259a 3f26377b 3ed92ad5 beb90ad9 be44bc25 3f7e7c7f bf7ca23d 3ed0c689 bf3bdfb1 bdaa37a5 bd1850df 3f4ef9a3 3bd77bff beacc281 3f725006 bdb6d8ca 3efc92b5 bf3b69b3 3e047471 3e521c9b 3f094d63 be84f277 be6323ee 3edc0ac8 bc95a523 be3f5cc8 beadaad5 3f3315ae 3ee47e8c 3db067e4 3e49e4d7 3e911296 be06e3b2 3d927938 3d276fd1 3f326599 3db1f8fd bf4627c5 3f0f5b70 bf773c2b 3ead6297 bf72ba03 3f6719e7 beea7ed6 bf7d4051 3f2829a6 bf77220c 3f3f57be bf727ff1 3e987a90 beea06df be990243 3ef33733 3d2330d0 bf5d0bd4 3f291d81 beaf12df 3f3219a1 befb0ec1 3ed4d6e7 bf74c43a beb36adb 3d015155 bed35e95 3e9c266b 3ecb26b7 be9f3e4a 3eb6d238 3e605cd9 bf0e4780 3e4df45b bee63ed7 3f5095b1 bed546da 3f045b90 beafdacb 3f179fa9 bef09af6 3bfb83b9 bca12286 bf0e9380 3df6689c 3ee9d6e6 bf0c1d81 3ec59695 bf0b1175 3e686c9e 3ecc427f 3edcc280 bf63da13 3f1e31a3 3dbe5973 3be29007 3f331f92 bf4e5f9b 3f46fda3 bcef22f2 beb1764c bef71273 
3f4f4beb be8a6e0f be919eb7 3f6de60e bf0fdb73 3f5ee1da bf22f985 3f42ada5 bf02c177 3ed4570f bf42bfba 3f75040b bd9a2931 bf03177c beb66ad1 3f2d436e bf1cb76f 3e632408 bedabedb 3e016c84 bf6ba801 3f1e5b6c 3ecb965f bf017f9b 3ed76ac4 3e3e6473 be59448f 3f2429ac be24b4a9 bf128d60 bd5f51e1 3f164186 3f6c99e6 3e8b8216 3f02e195 bf16b16d 3ea1aa55 3f7d464b bdb338ba 3ef8eed0 3f121177 bf5a93f0 3f19bb90 3f38b992 bf18297f 3e5ac555 be5a7c82 bf5b57c8 3f64a3fc bf482bad 3f798027 bee6c2b0 bf0f2d7a 3eb036c4 3f4d03d8 bf67abee 3f2f3b6b bf709801 3dd398d5 3f6389e9 bf68f3ff 3f2df5aa bf273f8e 3ef4fe98 3d399143 bf2d23a1 3e8c2e53 3f4ccfbb be3b2c13 bd43ede1 beb73e98 bf6207c5 3f5843e7 3e934262 beb38694 bf0a257a 3f57adc5 bf42c3ae be629475 3f7aa428 bf4217a7 be1d84d6 bf289faa 3f06fd7b bed2166b bf3affb7 3ec29a86 3f05ed67 bce82655 bdf6f998 bf302377 bee87ab0 3e82d276 3e211cd2 3f70d21e bf6689d2 3e859655 be8bb21a bf4c99bd 3de1e924 bf0bb172 3e7c1d0e bf2a8f7d 3eb576af be605d0a 3ecd029d 3e47ac2e bee312af 3eed42a2 3f06db6b bf21159e 3eed0eab bf44b7cc 3f62e9dd 3f033958 3f0b736c bf581be0 3f0be59d bf47c3a0 3f580dd6 bebdee78 bc74c42f 3f24d59e 3f749404 bf70f1fb 3eb6ae95 bf0d4f86 bef63edf 3f0a5d85 3f123d8c 3f63d9d5 beea5a99 befbc6e0 3f5b39c6 bf5f9bcd bf4601be bf441dc0 3f242f7e befe82dc 3e8afe61 3f1d7979 be8cde69 3f79ae47 bd04911e 3dbc18fa 3da5486b 3f30e7c7 be00a49d 3c8edfcf bf0e7f7e 3f6301bb bef28ac7 3f6c5dfb bf13b18c 3f2f7176 be533d28 3e3bc486 bf0dd77f 3e303c48 bf18ab92 3f06a97e bdd7e922 bf0d5371 3f080b8e 3ee726da beed66bb 3f6ebff2 bf24d7a6 3e71ccf8 bf6aa41e 3f26397d bf09e775 bf28378d 3f1c1d96 bf166183 3f72c827 bf6d1bf4 bca2646f 3dda89be be90fa9d 3ea20a85 bf1a1589 3f272582 bea752ae bd332e56 bf4d4fbb 3eea5701 bf5dafe5 3e8f1666 bf035780 3f70a5f8 bf6889cd 3e96be7e bf3f8fbb 3f70afe8 bd5e3232 be04ac8d 3ec41ab8 3f5fffb6 bf5de3de 3f54fdea 3d8b383a 3de9284a 3ea3f2b7 bf306b9c 3f783e2f bedc82ff 3e8d465d 3f4a61da bf073992 3f5e0dc2 bea672ac 3ef38e8a bee08ec0 bf197b98 3f4c9bce bf17eb92 3f6d6fe6 3c88dfc1 3f4d33c7 bf26b197 3e878695 bcf15f59 bf45c7bb 3f4fe9cb bf5819d7 3f5a97e0 bf6039ad 3f7feab1 bf2b4b9a 3e38f410 bf2e13a4 3f33aba9 bf5ffbd0 3f76183e bf6ec9d5 3f00ad5a 3f4105c9 bf5761dd 3ea2dab3 bdb9d98b beb456bf 3e9b5e94 be97beaf bf4de7a8 3f2f4daf 3ca45dfc be685d50 be998680 bf184d87 3eac5aa1 bf1e437c 3f20efa3 bf7aec47 3f6ea3f3 3e81f241 
bed0cac8 bd370f92 3ea76a57 bf06096c bdf62812 bd58703a bf24b172 3f34798f bf53c1e7 3f762213 bf71840c 3ed2a6e2 bf32b972 3f7dd270 3e033437 bf12df74 3f17af92 bf2eff99 3f53c3da 3e0c0c75 3e8a9667 bedd32a4 bdf818c3 3df108c1 be24cc7c bed2b2a7 3ee862e4 bf16d57b 3eb922c4 3e00cca4 3eaed6ed bf56f5bb bf16d396 bf4845e3 bd01524d 3e42e4be be909eb9 bf296fb7 bf05c950 3e36b43c bf74d21a 3f7c1856 bed7ce53 bf5d49cd 3f017b77 be9a16a7 3f207990 be16447f 3c6bbdfa 3ebb96d7 bed282e8 3de1b924 3f5823e9 bf15f788 bf1b955b 3f17257f bf0ef98b 3eb74e7d 3ea6168e bf334d90 3ea6965e 3db43808 be19ec66 3e7d6bec bdfe18c8 3f572daa bf6a140d 3e60d4ba bef836d9 be11b4e2 3f6e0c05 3ee16afd bf5b95bc 3e222c85 3e8c4aa7 3d28315c be183521 be4bb50f 3f3801ab bf7a6a45 3ee7d2d4 3f5d69dc 3ed11ee2 bf2931b0 3f30aba0 3f3251b6 bf0a816d be2d4546 bde298fd be68fc90 3f23c37e 3f00e38a beb546b5 be9192db bf3be1a6 3f4d05d9 be7f3d47 3f066b9a 3f20c57a 3defe859 3d262fa2 3f396da3 beb8b2e4 3f3d17c2 bd9d7842 bf51f7d3 3eea4f24 bee6ab07 3d285027 bf3285a3 3ebf56c5 3f502d99 bf2855a2 be28f458 bea636c7 bf1c8581 3f3729bc bf4b9fd0 3f570dc2 bcc3a42f be921ed9 be6424ea bee00302 bf5bbbb0 3f5b2ffc bec5becd 3f7a2c5c be2014ad bec1f6c9 bf4eb5c9 bf4077c3 3f4b4baa bd937995 bf69e1f4 3f7f2c5f 3ef23ee3 3f29098d bf648beb 3f7253fc bf2eab88 be3a9c61 bec69abf be4c347b bef06301 bcf861ae beef42b1 3da3672c bf58a1af 3f7f2a68 bf250b9c 3df8289e 3e5afc91 bf3553ac 3d0d0e60 be5b2c82 3ee866ec bf4f03b0 3f7cea4d bf006783 3f0dc190 bf35df8a 3f07576b 3d0cb084 bf21d983 3eac36fc bf201d87 3f159767 bf5a47c7 3f3631b7 be90d27f 3f4745a4 bf1bb7a4 3f6415f3 bf046786 3f116d8a bf2695ae 3ebbce96 3ef3d2f8 bf1bf385 3f718bfa becaae69 bebf1ec8 3f5317bb bf572dcc 3f784818 be6714a4 3e1f145b 3ea4a67f 3eba2ae8 be191c5c bf323d8c 3f4425cc bf4851e2 3f7ed257 bf1fd36d bebabebe 3f2899a0 bf5f91ba bef63ad1 3ea8f66d bf4131bb 3f11537f bf60f1ac 3f784028 bf126f81 3e50545a bd9b0790 3c83e31a bf3b399d bf12a56f 3d88e87b be90268e be67f492 3f2369a3 3dfc2888 beaca68d 3d71b3aa bbcb81b4 bf3d4fae be9e5e9a 3f310d99 bf192382 3ef1cad1 bcab1ef5 3eb79a7f bf2ca776 3f53fdb1 bef57b0a 3e58acb8 bf4c97b1 3f46f1ad 3eab6695 bf2c0f9c 3f1efb94 bee8229e 3f23ddb4 be1f4424 bf614bc2 3f650fe5 beabf285 3d5b7109 3f1ca7a6 bc0cc065 3f0efb80 3e3f0c8b bea2ceb6 bef582a1 3f39e3b6 3e4eacc3 3efa36bc 3ea14a5e bebf5e80 3f297788 bee136dd 3df0f8fe bf54fdd2 
3f08375e be709515 3ed812ad bf094575 3f4625c4 be6c853b 3f79623d bf7c604d 3f5867d3 bf4a23a4 3f3687c0 3e7a0c7a bed70abb be39d48d bea0ceba 3e023c59 bdc1a9ba 3f228571 bf63c3c6 bf099395 3f6723f9 bf4f05be 3f6dec11 bf132183 3f5d9bdd bf3c9bab 3f5883b6 bf49f5c2 3e4ffcf8 3c6b3fe6 beafd2a4 3f1739a5 3f34c7a3 3e92929a 3f49f5ad bf1d59a4 3f1e2599 3ea9527d 3f20399d 3d5f71f1 3e7a9524 be2e9c27 be26e508 3f5e15ca bebc4ac0 3ec61298 bf6bb1fa 3f4639ba be75f472 bf5a6bbf 3f661a01 bf4ee3bc be8d2685 3eba9ee5 3e9f5ea2 bdc319cb 3ef0beb7 bec6c6ca 3e90fa3a beb4fa8b 3f1b0775 bed716da 3cf1dd10 3d9bd6f0 bf6265da 3e50d48c 3e8dbab6 bdba284e 3ed82ada 3e38bca8 bf33b78e befbcaf4 3f512dd3 bf21ad8a 3e8c8639 bed8daec 3f182f6c bd9166d6 be544476 3f2b4bab bf03e57e bf53e7b4 bf153f8c 3f44a7cc bf26ad7e bf26059a 3ee41af2 bdd4497c 3f09a953 bde04861 3e13e3b0 bf791e1c 3f5941bd be31dbfc 3f7cc056 bf6d4ffa 3eaacebc bf3787c0 bf01117a be166c4b bdefc844 bf0a9f8e 3e221c53 bf5477fd bda4082e 3f6465e5 be4b44cc 3eab125f 3db137e3 3f31cb84 bf250599 bf0c8779 3edaf2ad 3eec4a9f bf01e775 3f5667a9 bee29aaa 3f54b1aa bf57b9cd bf16e773 3f5173d0 3ecc72d9 3f0fed68 3d8188cb b9a7d15e be8f9276 bf541dc4 3f063b63 3eccca42 3f5149b7 3ef156da bf677600 3f4681b1 3f2593ae bf72f402 bf0bd577 3f3677a8 bf765c36 3f5723e6 bf32b787 3f763c3d 3d7ff143 3f037967 be050ce5 3eff7328 3f16dd7c be6f0cc3 3f4ea1d7 bf7a4a33 3f5c5ff3 bf13e97a 3c6e3f9d 3ea6e288 3f159da8 bec2f26d bed70255 3f7c1239 bf57a1b5 3e9f8a6b bc0fc024 3e950aa7 bee332e8 3f005952 3e68ec77 bf11fd7f 3f6775d4 bf59f5d3 3f75d42a beab4eaa 3e5ebcab bf3ee79d 3e0fac04 3eddce8f bf5a23bd 3e893a59 3e0dc4b1 becb5ea9 3eba36be beed4ef1 bea32293 3dceb89d 3f075168 bf037594 be17d4a9 3e61e45d bf0e6b68 3f08ed8e beb0f288 bf4541c7 3f6483d5 bdee29a7 3ebae2a2 3e35e505 be71c4bf beace280 3f0ff173 bed1b2d6 3f7ff89c be82f66a 3f6797d7 bef962fa 3f32dbbd bf6271d7 3ebb5af5 be974e79 3e57d452 bf1a5b83 3eb41efb 3f387ba7 3f581bbf bebdc2e2 3f384bb4 bed98ac5 bdfc89b4 beb506d5 3f2b67b2 bf19c972 3da5e903 3f7c5c5f bf4eefd5 3f421b8e bf4cb9b3 3f070975 bec8e2f7 3da248c1 be22850c bbda8357 be2b7473 3ec27e65 3f0a8f83 bf032793 be2df4e4 3e90c288 3e3abca7 bf693ff0 3f18c964 bf40d193 3f7e4a37 bf4915a3 3eeae6c1 be8c9e8d bedd7ed2 bf59f9c6 3d23d129 bee5eeeb 3f5edbb3 be0f6541 bec2cec7 beb9766f bec296be bee47714 3e903ace bf234b6f 3f1ccf8f bdba17c2 3f03c989 
3ed70ad6 bf30b7a8 3ddf88c7 3e9d4e4f be6c54c8 be992a48 bf34d99f 3f66cbe2 bf4f5fcc 3f26ebd1 bee046a7 bf1b6f5c 3f72ee15 3cf9230d bcc2a35c 3f3847a1 bf247378 be542d0e 3f5c93c5 3e0f34b3 bf2b3dae 3f2f8b96 beed4ada bf11a95e 3f04d565 beee32bc 3e34852d 3e3e7bd6 3f104589 bf755e01 3f6fc1fb bf6ae5f2 3d360f41 bf0c0171 bf5523da 3e7d44ac be0dfc28 bf17c384 bec06694 bddf98b1 be339c8c 3e899abc bea35e6e 3dab697e beb512c2 3e98feae 3e0cf46a beab1aa1 3ba58a92 3f6f11fc beeaa2bd 3eb56ad6 3f496fbd bf62fbd0 3f16b3a7 bf7bee34 3eff96b0 bf2ecbd4 3f10ef93 bf02b367 3ed5d6fb bf4177ba 3f24ff93 3e51dcd8 3ecca2df 3e940aa8 bf1f7b7d 3f096776 bf7ade65 3f57ffca bf0ab179 3f3077a2 3e5a1d17 bf164192 3f79fc45 bf3f9788 3ea1faad bf37efb3 3e9db294 bf1fe986 3f133d72 3f5cf7c2 3ec462a5 bf09c98e 3f147581 bd401183 3f3d0fa3 bf6507f9 3ee49aa9 bf78ac24 3ef616e3 3e0f6cc6 be91a6d8 bdda48e2 bf2d8197 3f2d3db3 be9f96ba 3f6b69f7 3e72f4eb 3e016434 3f1cd586 bed1d68e 3f3e03bd 3ed8166d 3e6c248b beff4aeb bf31058f 3ef7eac2 bf6205d7 3d3d2f3c 3eadf29b 3e849261 bee0feef 3eefff09 bea57703 3ea2326a bf369fbb be4874a6 3f22f992 3f3caf8e bf764e41 bf1d2794 bf07bf63 3e9f5a78 be9b5ebc 3f171387 3f16738f bf38b58c becb96ac bf6f2e01 3ea53679 3e49a4d5 bf434fac bf19db7f 3f63f5f7 3e90a6a2 bf5db7e1 3f6525c9 bebaeeb1 bdfca8e9 3d2cadb5 bf7139e4 be1fdc42 3eb97adf bf28998f bf097b85 bedeb6b6 3f09f76f bf0a476b 3f13bd68 bea21ed9 3edc86b0 be6e9d04 bf5301c2 3f48d5c3 3cd5a320 bf0c8d76 3e396c7b 3e7164d8 bf6615bd 3f56afcf bf1fdba8 beb0be79 3e97d692 3cfc5cdc 3d1451f4 be456cb3 be879a8a be8ee283 3c83a3a7 3f073b84 3d1e0ffd bf36498a 3f7db069 bef13ab9 3f2167b6 bf01837d 3e3f2ca9 3e019c2a 3f48d7b7 bf4d53d2 3ec49a83 bee21a9c 3f75120f bf37c5be 3f0bcb94 bf02697a bddb56c1 3f5bebcf bf159b8e bea40a63 bea57e8d bef722ab 3e8df66f 3efba696 3b1b0108 bec9be73 bf443da1 3ea9a29a bf171377 bee606d2 3e953a53 3f20a9a5 be76357c bb66fd69 3ebefe52 3f126d79 bf211d92 bef6db08 bf5ea3d6 3e73f4ee bf10e595 3ebedabe 3f016d80 bf31c9a0 3f3d0d8d bf0d59aa 3f48cfb9 bf7e7873 3f548fc8 bf3ed9a6 3f3739c5 be35fc9a be515c77 3d2eb12b 3f3b879f bed75ac5 3cdae210 bebbdec2 be94fe46 bbe58b02 3e87ae1d bf58c3cb 3f7b8644 be592c93 3f1e5f69 bedb56fa 3ead3e89 bcbc6593 bef4faea 3edd92ab 3f38379b 3ef98edf 3f0bd39d be10cba9 bf625fea 3f23e799 3d6b0e80 3e81ae4c 3f03a18e bdf7c9a9 3f741e0e befabac1 bddc4974 3d12d178 bf41478f 
bf2ed57d 3f5aa1de bea2d6c4 bd28903a bec126e6 3f4bc7bf 3e9e024f bf2ab783 3f701417 bf7af253 3f65f7ec beb16ac1 3d5fae78 bf64bbd3 3ed3ee7e bf5ea7bf 3ef97719 3e31b46f bf75b807 3f4b45a7 bf19a969 3e6d851e 3c84e46b 3f7e365a bf7e765d 3f534bb9 becaea7c bf0da1b1 3ea1eeb1 be7d5ce7 3f0bb39c bef372ce 3ea8227c 3e9c3e88 3f5d25c1 3e38dca7 bed0bac1 3f4913c4 3e957ee1 beba9ad9 3f4307a7 bf5b61ba 3f7ac447 bf30b388 3e924a43 becdaf29 3ebc82c8 bd9c9858 3de4b8c3 bf4363bc 3d4a1157 be85324f bf21bd9a 3e9b1a97 be263483 3f4f93c6 bf0e157d 3f6595fd bf0c9f57 3f065382 bf02dd6b 3f7d5e52 bf27bb8b bf30e99f 3d25af37 beb06688 3d4d329f 3e514c18 3e0d8c63 bed93ea7 3ef392b6 be9a5a1f bf58adda 3f41f193 bf5293e5 3ed6eecd bde0e909 3f6d1c04 be8d828c 3f28b3ae bf4fc7da bed08ea1 bf31a9a4 3f6acfd0 bf695e12 3f03b16b bf3031ad bd855805 3f383ba7 3c15c134 3f132d99 bf2681a4 3ed806a2 3efd82dc becb52a1 3f0e8bab bf00415e bf23d1a9 3e0a54f0 bf45c9c4 3d9df846 bd7d904d bee01af1 bee006f7 bf0f4176 3f6f69e8 3e81de9e bdf11925 3f79e847 bf3df19a 3edd9ec9 be5c3cd6 3e95c689 bf5c13d7 3e2714f3 3de417f5 3e5ab56a 3f004d7a bf7b905b be68b492 3f58d5c2 3f1a33b1 3ece46de be138bd3 3d9e3a30 bf3957a3 3d07722b 3edda2ad 3f06cd65 3f71bffc bf745c0e 3ebbe6a0 3f5b29c2 bd991813 3ea21e53 bf7e6e90 3f68fbaf be116436 bf02c767 3f1f4185 bd5e70f6 3f2569a1 3f237782 bf6d37fe 3f6833cf 3ea07671 3f57a9dc bf6ce1e2 3f14bda8 bf16ed79 3e43e45a be8d4ed8 3e2684ac 3dd438bc 3e5b1543 bf2c6f8c 3f5b7de7 beb03ec9 3e75dc93 3edafa98 bf02a193 3f1c278f 3f1a218c bf590c0c 3e8b5297 beb98ed7 3e8c1eab 3f6aaa15 bf26f98e 3f538dd8 bf68d7f9 3ec4ce92 bd032fe2 3d9b5884 bea3c666 bf2097a8 3f3fb38e be9432a7 bed562ab 3db65845 bea6d6c1 3f0b078b bf06d154 3e28fcae be8a7e7e 3ec8caa9 be1dc479 3f75583d bf790036 3da6e7b7 3f626e02 3e02f44e 3f456fb0 becd3e99 becfc6c6 bf088d68 3f5a1fb7 3f4aefc8 bf02f362 3ed44ed5 3f60c1e7 bf184191 bf484fc3 3f20bba4 be60548f bf4b4bd2 bda8081e 3efed6e7 3eaaca87 3f2543ae 3e673c92 3d80e857 be44f506 beea6ae7 3f2de5a9 bf78b606 3f3197c0 bf1b4f5e be743d54 3f0cf764 bf060169 3e67a4cf bf14198c 3f6b1c07 befdf6d3 bf16f752 3df3b68a 3f273f76 3dada8dc 3da678ad 3e6e24ae 3ef95306 3e5b450b bf5ff1e6 3ddd79b4 bf32c192 3f2f7b9a bf75320f 3f014f7a 3f1dbdaf bf69aa27 bea65a81 bf0b817b bf2d7586 3ef08ec9 3eeadec4 be86064b bf17e99c 3ed3e6c3 beb986bf be23043a bf65c1d5 3e74bc95 3f01e184 be748466 3f2c1daa 
bf3a179d 3f1c1f9f bf20dfb4 3f1d5586 3e845a33 bf72be01 3efdfac3 bf350f85 3f1bcb7a bf48b5e3 3f77adef bf586bcb 3f43d1b9 3e3d7464 3ee7fa97 3e820a55 be90ea95 3f36e5a7 bf0e8b68 3e6e0481 3e4bbc6d 3cf5234a beeb7ab4 bf150571 3f6271bf bf7eac5d 3f56b7aa 3e558c5b beccd685 3f1901a0 bf7f4a76 3f71660d be187c46 befeaf07 bf2919a0 bd9908c7 3d822858 bdfcc913 bf1c0982 3f602fe8 bf6ddbff 3f3a03b5 bf5e13e8 3ef642c9 3f120fad be67dd49 3c83625b be8a5266 3e9e1a50 3e8836ab 3ec01285 3dc4992c 3f5001bc bdcc799d bdcff917 bf081b83 3e992667 bed3967e bed852d9 3f03ff89 bebe52d2 bf12eb80 3f6343ef bc4a3e3c 3f3f6fa9 be93aaba 3f08f57a bef9fb02 3eea7ad4 beb57aa9 3ec4928f be9c3e5a 3f4dd1c4 bd1030ab be10849d 3f3be399 bf7afe27 be92520a be62b48c beebe706 3f5e81b0 bc67ca5e 3f3953a3 bf611bd7 3f503dae bf130f84 3eea1292 3f174566 bf6f41fb bde07871 bf1aeb91 3f3013b5 bf1ff5ba bea3c254 3ed21699 beef96ec 3e6df4fa 3f352ba5 be8f9a1d 3f7ada47 bf0fc353 3f3287b1 be2bad57 3f23499a 3eed4ed2 bf7e848e 3d5d1023 be769d66 bf26c9ac 3eea92f2 be53d528 bf0d8f75 3ef43ead 3f1b2369 3e371ca5 be9fc698 be954a7e 3e01a431 3f2bd9a5 bea2ee5d becc9f0a bf62a7e6 3eb2c68e bf4b03b1 3f25998d 3f12bd7d bf3117ae 3e098496 bf5aebce bf174f69 3f7b7636 bf06dd48 bf0ca371 be0fcc18 bf07fb83 3f6f85bc be8d8abc bf248b9f 3f25e568 bd9a98c9 bf549bd9 3e039432 bf7dfa4b 3f6495ce bf361bc6 be073c86 bf6043c0 3ed0ea93 3f178f5e bf24a18e 3f66e5f4 bf2e378b 3f3b4f93 3b2ed9b8 bf64a7c9 3f78aa17 bf42c19c 3de818bc be3a64d2 be8062c1 3d4811ab beb1923d bf120b95 3f3d21a4 bd473068 3ecf7ac4 bf36f7a3 beebe28a 3ea01a7a beea2af1 3ec63ac9 bdcc1944 3e2b54cd bf18019a 3f2fb9c1 3f3935c4 bf7c644c 3f74a227 bf150f95 3f2cbdb6 bed84a7e 3f2875a1 bf17b38d 3f223f7c bf109975 3e9ea672 bf01e187 bf24cd69 3eb35e9b 3ee9eabd bf510fb3 bf3a23a9 bd1f709a beb5ea7c 3f6cddd9 3eccce99 bf656fd9 beda62d5 bca85f00 bd3a50ff bf348ba0 3e57b428 3f5957e7 bf4ddbc1 3f4701b5 3ea6daa3 3e9dfa3d bf7f1074 3f03a77c bf76e02b bef12ec9 3f3373bc bf249d87 3f7d0c27 bf2fdd73 3f698ffb bf3f6fa5 3f703210 3d387280 3d1b6f9b be8fee96 3f366990 bec6a69c bd8248ec bd98e813 3f7b7e49 bf151f80 be72249c bf2d3db7 3f3579a6 bf6933c2 bf480db7 3ecbdec1 3e2aacf0 3f6fe5f9 bec2c694 3e819255 3f06e75a bf2ed18e be73ec7e 3f425dbd 3ddb2725 3ec9aaca 3f6e83fd bf744dfb 3ee32eda bf015f86 3f728c17 bf1aaf8f be9eb66e 3f403ba1 3f0c1996 bd46f306 be030490 bf5da9d7 3f6b4dde 
bea34a42 be1ca49c 3eab724f bf75b234 3f436da7 bf15cb67 3f763e0a bf0f038b 3f140f69 be121c48 beafe257 3c69c784 bd126fae bf224773 bef2fb08 3e17ec57 bf30b584 3e9aeacd beace665 3f227fad bf714fe5 3ea7be93 3f537dce bf28af92 3f3c9fcf bf160f8a 3eacae8f bf5649f4 3f5c43d7 bf42039c 3f5b9bb6 bf5dbbf4 bdf4884e 3f689fe7 be090452 3f084766 bf1e8596 3f5679aa bf7e0854 3f382194 bf6997e5 3f6333f0 bb858bac be6774f4 bf4fdfbc 3e352d20 be05bce7 3eb902b0 be85f685 beb27eb9 be119c9b bebac688 bf61a5f0 3dbe1998 3d84c95d 3f2d4796 bf3fbbcd 3f779424 bd468fe8 bd92085c 3e40bca6 3ebf3253 bf550dd0 3eb2d2c2 bf45a5b7 be1784c9 bd0d126e be41e415 be793d45 3ee0cadc bf4e31cd 3f0c955d bf3393c9 3e3c850f bf132f98 3d8018b3 3f172766 3e80e636 3f276b73 be9e6688 3e3bfcca bf4c43d1 3f31a9ba bf403bc1 3f3e49a4 bf0251a0 3e8e5651 bf64c9fe 3f5223ec 3e57bbb7 3f13076e bf3e83c6 3f70cdf6 be9a9a88 3f0c9f6a bf4df9e8 3f4a0fba bf1e4d81 bf0c456c 3eb4869f bf514db0 3f1b616a bf7c7c56 3ed71ac6 bf290daa 3f477bc2 3e5d5c90 be7d5484 3f7bee3d bea71a4c 3e4503f0 3f02999d bec366a7 bf32ffb0 be4f9c38 3ea5c6a3 3e47f4c1 bebdd693 bf2977b7 3f429bd8 3f0c2358 bcd19f63 3ec0829b 3e3fb4fb be12544f bf31c387 3f6893f6 be910e6c 3f7fa07a 3ce9e3d1 be86b2ba bea88652 3f7d9278 3c363c58 3f252395 bf6d2a07 3daf48d5 3f0c9b54 be558c91 3bde8b30 3e54143b 3f7633f5 bf05097e 3f727a14 bf54c3bd 3f171b7e 3f5305c9 bf32619e 3e0e648e bf386dc9 3f6b3c00 bf6fd7f5 be48bcf9 be4ad4b9 3f723214 bf11c59a 3e8fa63c 3dd5a8a0 3e12d43f bd979a41 3f62f7f3 bf211b84 3f5619d7 bec4366e bf2d5fa0 3f066163 3e26e482 3f0cdf9f bf135bb1 3f731e1c bf7055f8 3ef942c4 be49fc5a 3eef1ecd becf0ae8 bf5bcdce 3f0d2f4a bf036169 3e7fcc9d 3e1a2cc3 bf3479ad 3e9a7a75 bf1d2f91 3f672e02 bf5ad7a1 3f73b3f9 be3d14e9 3f35d593 3e636493 bf6ca9e4 3f46a3bb 3f4a3dd3 3d10705d 3e926e61 bf66fdf3 3d9c6908 bcf7a108 3f7eb25d becbdeca 3f50fbae bf225781 3f6963f2 bf311597 3e792520 bf35f9c3 bdb1f84a bd2e73f6 3f1c3b6b bef3429b 3f7abe32 3e94c29f bf0f6384 3f0cef71 bf4b99a9 3d52f302 be3a440a 3d9d9886 bf0a1188 be9b3e99 bc1bbf6c bd9c7916 3e05743d bf11377a 3f57f5d9 bf4acfab bd39cec9 3c9664cb 3f4d01d0 be950ec9 3e904e98 3efbeed1 3f56ffa0 be25a47d bee69abe bf481fb5 3ee9fad7 bf381da4 3e0354cd 3ef1aed8 bce9deda bf2e0f7a 3f21f393 bf7e2248 be4ec50d 3e8ce2a3 be609c43 3e24dd35 bdd857ce 3e04a447 3f299fa2 bee3bb17 bf38e3a4 be377c53 3f036f8c 3e85be52 bcae61c2 
3f6073f7 3d783061 3d8f288e 3f1a9969 bf0343a5 3ec0aaa6 bf3da195 3eecbed1 bf2bc38f 3ed1c6c6 3c633a82 3ebc1a94 be48d4c9 3f6a35de bd9348ed 3f246b59 3e049cc5 bd1e3106 3e79154a bedade8b 3f3845cc becee2af bf0df97d 3f505fc8 bf73e408 3eda3ea1 3ed42302 bf233d84 3f339b9a bf6411d1 3f2ef1b6 3db51848 bde028e1 bda6b813 bf23fdaf 3f6bf3ef bf54d3c0 3f11dda5 3ef1a2ba be8b92b7 3f5c19de bf4d1dcb be98fa7a 3f2eab93 3eb8f67a 3ea61e3b 3db00965 be6fcc2f bdffa8e6 3f2951c0 be8b2642 3f649fef 3eac2284 3f2567b3 bf5e1bbf 3de547ce 3e6f94b1 bf37cbab 3e4fec99 bef12b2c 3eb0f2b5 be8eee65 3f22b9c4 bf066966 3ef97eee 3f4d13d0 bec99ec4 3f2f619c beaffad6 3f3a6dd5 bed83a8f 3f462b94 bf42d1ce 3f562fa9 3e2a1c54 be0cdc51 bee8c2c9 be81a220 bf1c8189 3f07d96f bf18977e 3ef91ed9 becf42f1 3eb856b0 be3d7c95 be77b4e2 3f01cb77 3d36eee4 be9dee61 3b54f433 bf37d5a5 3f19b595 beff0b17 be6ac4ea be807aa9 3f5d23e6 bf5493b2 3de4a90e 3f7da457 bf21eb8c 3f645fe6 bf142d65 3f41899e bc9ca0c8 bf06e14c 3e4d84cb bf17e194 3efeef08 bf683fe3 bebcbe5c 3eb70e87 bf300996 3f2bb1b2 bd827909 3f780818 bf7b3e30 3f21a59a bcda24cd 3f442bca bf487393 bf47619d 3f13af79 bf3443ba 3e8c5e6c be809e4b 3e668d0c be24c45a bebbb66c bec30ad3 bf08b55c 3f4905b3 3b70fa34 bf1f5368 be9aba51 be93f679 3f3f6595 be913e8f 3ea0e2be bf513bb3 3ebb3300 ba1bc0e9 bf5b51b6 3dce887d bf52c7e1 3f7a4660 bf231f91 be075c13 beac268e 3f5023a7 3b9d85cb bf21a797 3f60edce 3f666dde bf5d67f3 3e6164d3 bf40d797 3f6a49f2 bf78ce21 3f4fdfb0 bf3f838a bf285194 3f68be09 bf7a562a 3ee38ecf 3f03955e bf6cb422 3e84ae89 bebaf66f 3ed352d1 bf36c39e 3f07b364 3e83e680 bf594dd9 3e97c695 3dd8d913 3ec47aad 3f3f5fb5 bf4f09c5 3f0fc993 bf1e8f7f 3f0f8983 3f357787 bf7137d6 3f4e5fc4 bf32d599 3d0b91fb befa3edf bd79b0b6 bf14e386 3f3e3998 be9442b5 bf34359a bf190598 3f5885d0 bf02b96b 3f4ac5e9 bead56c0 be652cd4 bf06f165 bd9ee76f 3ea7ca84 bf6741e4 3e5e8471 3e1ea456 3f400dac be114413 bf32efc7 3f5ca5b0 bf713225 bde9b910 be48e41d be420cee 3ed1beba bd4a2f46 3f3e7da6 beb356b5 3e946ea0 3ebeced7 3cd6217d 3f5e73d6 bf788409 3f6455e5 bf36c5d3 3f3477b2 bef4c29a 3f5605e1 bf4117a8 bec5c679 3f2c4b86 bf5c97c2 bf0ded7d bda4598e bf182f7e 3f6fba00 3e9d6a49 be8b2a87 3f7daa66 bf458b99 be51cc92 3ef772ba 3c19cbaf bf293770 3f794245 bd53f02d 3dc9e8bf 3e6f7cc8 be5404c7 bec6bae1 bc3bbdc6 beea3f0b be83f685 3f59a3c4 3ed3cab7 bf4d31d6 3e247c64 bf1baf6e 
bf719e36 3d0b106f bf45a1a9 3e705d66 be9d3625 3ebc4ed4 3e94b645 bea9169c 3f14217a bebab2ab be20ebf3 3e88dab3 bf62efec 3e6c654a bf301379 beda6ac6 3e1f34d4 bf155781 3f154d8e bf264584 3e8d9657 3d9128f3 3d7c333a beccc2f5 3f1b8989 bde87a01 bef8cf0c 3efc9b17 3e0e6c7f bddc88cf 3d248fad bf1a2d7d 3f57dbe5 befa0735 3ed4c314 bf4ed3a8 3f2b7395 bf798e27 be126403 beffae7d be1b946d bb7f11ab 3f4323d4 bf4f11e6 bdf558fe bf3b43bd 3dc358c1 be1d1441 3f2a19a8 bf4489c0 3e363cfc bf4a21cc be373414 bf5a87d9 3f7dbe3b beb9eaee 3e83f648 be3004f0 3f413399 beb06ab8 3e7224bd bf20a574 3d880964 3f1eab78 bf191f7d bf01b171 bf11157c 3f23c19c bf722427 bd31123a bedee2ba 3ec69aa8 bd70cf8b bf20ef7d 3ec696c1 bedb1e95 3f2a2787 3eee2f10 bec27e7a 3f04b161 be4d5bce 3f25ab9e bebf3ec9 baae39ba 3e3e24af be346c13 3e2b2c0d befe0f22 3f2fd99f bf22dd84 3f4db5ae beebbecf 3e863299 3ed3de5a 3e62151f bf7da04d 3f7a7e0d bdd3b9b4 bf2265a3 3e2becfc bf20999a 3f24bbb1 bf746e0d 3ede067b 3eac86b7 3f2327ab bf462da9 3f0b5d84 3ec3ca99 3f051f64 3e15bcf4 befe9abe 3f08a37d bf5711d7 3e7c3d3d be97de81 3e0b6523 bf529fc7 3eac166d be5ac454 3f51eba7 3e3c74be bee256ca 3e83a65f 3ea53ea0 bd8bb96a 3e2c2556 bd9ed77c 3f5453c6 3ea55ed3 bf5d55d4 3e5774bd 3eae1284 3f03cb9a bef51f2c 3e58e4a6 bf027960 3e285479 3e77f4ed 3f063969 bf71ec06 3f642ff1 3f427bac be75a509 3dae29ad bf06296c 3f365981 3e5c4442 bf7f2a72 3f249182 bdb53720 bf343389 bf30ef9d 3ed802b3 3ea73a41 3e408d2d bec18ad2 3eb776a7 bf07355c 3f32bda6 3f12a3a3 bf624fc5 3f5f8fd8 bf100575 3e1bcc67 3f7b905e bf5527a2 3f1e9b8d bf56fbd6 3f75c000 bf18cd6c be73e492 3f4d6bb1 3d43cfbe bee50ab4 bd305050 bf752a0a 3f455db8 be8d5675 3ee98b08 bf21016f beae1a92 3f3461c4 bf600003 3f69dbfe be4eb4ca 3f34dd99 bef612d7 3f6b5bd1 bf7bc449 3f0af580 3e77853c 3f2ca37d bf71affd 3f583fc7 bf78aa2d 3efe42f3 bea3caa2 3f6bb5f0 be6accfd 3d85f8d0 3f55bbab be93a27a 3daeb875 bf70921c 3f153376 3f06474d bf4a19cc 3f3bfda3 3f20b7b8 bf252982 3f698e08 bf2cc58f be693ca2 be0484d8 beedb6a2 3eab4e93 bef136e5 be3f0483 bf2811b6 3f3e69b3 bf16738c 3f03d77c bec9c2a6 be46fca8 3de578e4 3c70c218 3f4569be bf79c228 3f696818 3f5063bd bf00c36f 3f4581de bf717c12 3e3be4c9 be3cccd1 bf275f94 3f36c798 3e4a5ce5 bf41ef96 3f346f93 3d394f78 3c733ade bf53f7c0 3ef9deed bf43c7ce 3f1cfd8c 3f4909c2 bf089f63 3f74c026 3de0c8b0 bec20a8a befa9edf 3f0a0f76 3e10c470 3f086355 
3f051d64 3e8eea64 3f4d71c1 bebec6aa 3f24539f bf730608 3ebcbe86 bec182d5 3eb08262 bed7eece 3f0eff8c bef9c6e8 3f1c677b 3eba4695 3db148c7 3f38e3a7 bebd025a 3f55ffcb bf59cdca 3f7ae641 bf578bce 3f221ba8 beab1ea4 3f18c18c bf1aad62 bc123daa 3f03756e bf08e5a1 bf04a57c 3ee816ed bd3b101d 3dbdb8fa bee46688 3ddb4860 3f170d93 be9e86b9 3ee7ba97 3f39df9a 3df727d3 3f5397cc 3d22cf5f 3e3d1ca7 bed252b7 3e1fe51f 3e932e8e 3f70c1f8 beab1705 3ec766d5 bf4641d3 3ecc1edd 3e6ed43c 3eece2b3 bc85a091 3f6c59f1 bf327366 bdbd4866 3e867e8d be464cc4 bebc529f 3bce9132 3e313502 3f4cc1ae bf14278f beb872e3 3e581467 3f5b05d4 3e9ed682 bed366d2 3f134f81 3f49078c 3d8528be bf54d5d7 3f459191 3e00bc4d bf1f6180 3f484bb3 bf7db87a 3c3bc2cf 3ea65e87 bf058185 3ddbf9d1 bf387fa4 3ed88aef be798453 3f02d79c bf3667a5 3f4fdde3 bf5387d9 3f5f8600 bf46cf9a 3f6635e1 bf3f4fa0 3ed486bf bf3c47ab 3dd308cf 3f02773d bf03db7c be640cb3 3f13eb81 be33d4fc 3f548dbb bf5501e5 3f600bde bebc1689 bf15c56b bf3589b0 3f5f0003 bed25663 bf2d2d97 bddca92a bedfc2e4 3f33a3c1 bf151565 3f7bac1a bf720e11 3f74adef bd8b87f3 3f1f2fa2 bf195b6d 3f7d4438 bf797e33 bf10737c 3f7a0244 bef2daa4 be692c73 bed08aa5 3ede8b39 bf00f793 bde6585c bf554fdb 3f5795a5 bda67830 bed2a2cb bed13ab8 3f7c4439 bf52cbc4 3f67d208 beeccae8 3db978f4 bf08f77d 3f6783ea bf34ffa9 bf6527fd 3e39c433 3d566fab 3f146168 bf6b5ffa 3e71e59c 3eb32aac beb4d2ba 3eae7a7e 3f01136c 3eea66f7 be4f6c6e be7d0463 be8c3ebb 3f0b258e beea2eb1 3f21e797 bf3ded95 bd74effc bc31c0ae 3dde1914 3d51726a bf60e1bd be1f1cab 3d57501f 3f13ab8a bddcc957 ba4cb29e be5e940b 3f0ee18d bf346fd6 becd670b 3f13096e 3da876bc 3ee84aaf bdfa198f becaaabe 3d7b1031 3f0c797c bf15d95c 3efa4ee8 be90dab6 3e5ec522 bf433dcf 3e9fd298 beed26b6 3edeceeb be11cc98 3e719522 bf7c1c3c 3f517dbb bf306d7c 3ee182e5 3de18896 beb4aa6f 3f3c7bb3 bf7eae8c 3e74d46a bf4dd7c1 3e802a81 bf3eb1b9 3f792a0d bf0b276b 3ee522e9 bf6ca609 3f1b7791 bef49320 bf3797a4 3f1c579a bf2ae1b2 3ecb6afb 3e206ca8 3f2b0fb7 beae265d 3eb8a27c bdbfc86a 3ee1129c 3f08937e bf360bb5 3f0d2b7f bf121185 3de2f8bf 3f3eb19a bf39d7bb 3f0e3769 bf7f0c63 3f544fae bf145974 bf4e45d6 3ef89b00 bedbf2c2 3f47b9bd bf2b678f 3ee6d6bf 3ee2d6b5 bf4799d3 3f15077e bf1c4d7b 3edf52bb bf5c05bc 3e1b9c59 3f6607c9 befc2ec3 3f3aaf97 bf6ac7ee bf29a993 3ed9d6cd bf3f9b99 bf25cb95 3f4ac1d0 bf033b93 3edc82de bf66d9dc 3cd4dd9a 
bf0bcd6b bed676b5 bedde297 be6aac91 3e0b8c8d bd671262 3f3cc7a7 bf397b84 3f026d93 be094c9a becaa2e8 3f6743d9 bf7799fc 3e25a53d bf79d24a 3f183762 bf4ed599 be2ab49b 3f0de993 bf119587 3f1c3d9f bf75de35 3ed3aea9 bebb7ebf 3e6fec5d 3e17e405 bf009778 3f6afbd7 bd696f7b 3eb532e3 bf1b3d9e 3f030767 3ec2beb1 bf14776d be9e5228 3edb8eb0 bf710c03 bf0e5d71 beb0c672 becc6aa7 bf724006 3f1799ac bf32759a 3f767a07 bf496dba bf4a2bca 3ee00b21 be68e4af 3e773456 3ef9b71a bf6c39df 3e6c74cd bde2a861 bf5713db 3f52bbc3 bf04237e 3f0c6796 bf247d82 3f4c07be bd557209 bf34a988 be639cb5 3deab952 3f772000 bf75a020 3dbb68a0 bf5da5c4 3f300fa2 bf2f9db4 bf5b01c9 3e882e72 3f2ea7a4 bf7a5244 3f428782 bf1e5194 3f677bee bf21dd81 3f583bdd bf62ddd8 3f6bd010 becb6e9a 3f134b65 3b3ee9aa bdd588c5 bf11f388 3f6327ef bf4e03b9 3f08efa2 bec036e3 3dcf0914 bf20e993 3ec466ea be6cb55c 3f5a7dcf bf50d59b 3f306da5 bef972e5 3f13d78e be9b9694 be14d4a6 bef5dada 3e6d9c94 bd5af0c9 be3d54f4 3f72d7ee 3efb02c9 bed11ea2 3df5d7ed 3f0df94b 3e8b6e67 be8d6a9b 3f1a9b70 bf769c18 3e4e1c95 3ea21271 bedf62f7 bf69ebee 3f31fbcd bf21abb0 bed0e67a 3f0dc36e 3f0ea184 bf30ffb8 3ec10683 bd1b7271 3f3d799e bf2423b5 3f596bf7 beff46b3 3f7b8849 bcd4db9f bf2e7184 3f5553c5 3c99602d bf5925c4 3ef8ced8 beef0acd 3eee72ea bee1971d 3e87e69b bef1eeca 3f21d782 3ed8228d 3ecad288 bf14ed90 be1e1c22 3f7f948f bf5a11d3 3f5309a9 bf6857e0 3eb1567d bf5a73cb 3e808a88 be887a90 3e2b93ee 3e7d1525 bf1ed17d 3f49bdcc bf7f2477 3f3e07a1 be54b42d 3f13e16d bf43e5ab 3f22f18b 3f51bbb7 3e7b2545 bed05eef be9b1a70 beb32668 3e654c9b 3e60cd2d bef58b44 3f2e598f 3e6fd57e be8ca6ab 3e0504de bf4971bb 3f6953e2 bf155362 3f1be591 bf3b29b1 3f79183e bf00e561 3e644cd4 be8eba51 3f14cd9c beb04a7f 3f119f8d bf5eb9d9 bd300fa3 3f66d9ca bf4e41c3 3f4a6db0 bf461187 3f11ff94 bf029953 3f2a4b96 bf764a1a 3eedbaa5 3f5ca1c8 3caadaa1 3ec772bd befda6d0 3f3899ba bf468dc1 3f6c260f bf14a968 3f4db9b4 be7a3cfc 3f2aafa6 be7924a4 3d30f0db 3ebf92da bf1e7596 bf369975 3f6e2a0e bf62c3ed 3ed08ac5 bf1d8791 3d8bc93b bebd62af 3f36939c be993665 3f213379 bf7eec6f 3e9cceb3 3da1b932 3e0a0c22 3e6f244b be7dbc9d 3f4dc5c3 bec952b6 3df639b2 bef8c704 3f18af87 bbbd8f00 beae3e98 bd9e382a 3e932292 3e16fc63 3cb622d6 3f211bbb beaf3ad3 be37e4ad bf1b7569 3f0b2d7e 3ec3daa9 3f0bbf7b 3a24134d 3e9eb2d6 3f683ff0 befb2ac4 3eb25a99 3e8a7e75 3dba78a0 3ebad2ea 
bea6967e 3f126f7d 3f3627bb befb1ae5 3f2f2bbc bf076154 bcdea392 3df0975c becdbad7 3efd02c3 bd91e870 bf29618a 3f08af81 3d455113 3f712805 bf3fedb8 3f7f427d 3e195d5c bf24b978 bd02ce98 3ec15a6a 3ed56e99 3e1e747e be60948f be4e0cdb 3f4513be bf5f29de 3c5a3c89 be783cbe bf2ca194 3f5807d6 bf460fb2 be979e95 3f73381c be9b627f 3d0ef02e 3f2b8173 3f4c5fd3 3d68afb8 3f3b939c 3f32a3c6 3d82e8b8 3e6d949c bf4007be 3f3857b7 3f2b2d73 bf7375ec 3f64dff7 bf7ea287 3ec78e83 beba1685 3f1b4f94 bf096d58 3f4cbdbb bf19d790 3f188f8d bf4089a7 3f7f3e7a bf779824 3d808739 3f78f241 be07cc2f bdab577c bee7e311 3ec18684 3e085c79 3eab0a4d be7324fc 3f270fb0 3e91f66b be9c827a 3e0b447e bed432b0 3ed8c2a3 be11342b bf3cc3c4 3f4e7bb2 bf3173b8 3f1679a4 bf5ecbcf 3f5df5e9 bf4679b1 3de199e4 3e00fc69 3edac2e7 bf265975 3f1cbd82 be636cff 3d086ea3 3e5dfce8 3f09497d bd01f057 be63c42d bc21bdca bdcf982a 3c243df5 be471ce1 3e810a5d befa031b 3f0eb388 3e52d457 3e10546d bea82a84 3eaafa61 bf7f5c9b be801a8a be9e6a40 3eea72bb bf7e3058 3f5fb5d2 bf61cdd1 3da1487b 3f3a29a9 bd9e6879 beb3764a 3f4973c8 3e9bb688 bead8664 3f6405d3 3dacd7ff bf0e1992 3ed67314 bf4457d8 3f090f82 becad69c 3e1db498 bf440bbf 3eae168d bd54504f bf12e56e bf38bfa3 3f6a5fff bf5767b5 3ed62aa9 bdb358d5 3f6a31e2 bf5677d5 3c6244fe 3f3fc5ad be781c8b 3e9d3e61 bf4aedc2 3dc18926 bf0da398 3f104f7e be696cd1 bf108175 3e26ece3 bda008fa 3e7f24ff 3f0e8d7a bd120e72 bea9de8a 3f2af59a befdc6f9 3f350f94 bf108f8f 3c61c69f 3ec4026a 3e92ba6e bf5cfdd4 3f010b7a be838e61 be7f7cdb bf68c9f0 becc864e 3f7009e5 be8346a7 3f2f8d9a be157cff bef74315 3f1cc190 bf723814 3f0e8f5a bf7c0e4f 3f70b416 bf2bf5a7 3eca8ead befa7ac8 3ee2071d bf194d6b 3e039c5e bf72e9ff 3f76fc1e bf18a1a0 3f280d79 bf412bba 3efc2ea1 3eb7628f 3e63ac46 bf760e07 3f6c1a06 bf40619e 3f2c9d93 3d6dafca bf542dc6 3f239d78 3e350470 be0f943d bf5733e9 bf35e9a5 3f640fe6 beff1eb6 bd681005 be956ea2 3ec1eeb8 bf2fbb87 3e79dd74 bf33e19c 3e1924d5 3da4f913 be66bc59 bed9569a 3f79d43e 3d89d94a bf047b49 3ec992c9 3e9ba2ca bea8cec3 3f2fbd9c be2704ae bdfdf95c bf424bb2 3e857e5b 3e44348e 3f02dd73 bed2e2c0 be87920c 3ea8fe93 bf71b3fa 3f70dc1c bf33199a 3ef142a6 3d3e71b7 be469463 bf508dd1 3f2ff99f 3ee872a8 bf66f9d9 3efc6ac3 bf78220b 3e890a80 be0ee48a 3ee5e6e2 3e866eb4 bee20ab2 bf30939c 3e05d474 bf20d9a6 3daf1871 bf6769d4 3e009c4b bee8a695 be9f366a bebb6692 3f0fe361 
3f1a0d92 be8c8288 bf703835 3f3ac591 bf155d7d 3d63b200 be30648e 3f122596 3da09a55 bf3cb3e0 3f31eb8d be2d74dc 3f195165 bf738623 3cd5e134 bde1b942 bf4fc5da 3e5734f3 3ed0beed 3f00c159 bf72641e bea58a78 bdfd5928 3eaf2a4f 3dda37cf bf22f784 3f01cd75 3ef4f2d8 bda6e82d 3f595fbc bf1abfa7 3f22b5c4 3cf0a3eb bf3a0598 3f1b7d91 bf2b61b4 3dc4e8f5 bf7dec60 bc6e4b5b bf6309e9 bed1c69d bf5531b0 3f17759d 3e43ebef bf7ef252 3f0ced6e 3daf78d2 3d42cfd4 be007491 3f6f0809 bf3793b6 3f584bbe bf5a5fd2 3f58bdb7 bf5f39e2 3eeb9ade bd9ff9ae bf2e9fa4 3f711c0c be7a44a4 bf09354f be436d4d 3f0d7777 bf4573cb 3f6b821b bf4115b9 3e83ae5b be10ebe2 bf1f6974 3f4a17c9 bf1c898f 3edd0ed6 3ecfb2d2 bf27e3d0 3ec4df0a 3f1faf71 bf7ff2a6 3f31c391 bdcf098e 3e9e12de bf74c00e 3f75ae34 bf34cf92 3ebbc2a2 bea6ce85 3e34f538 be9bd674 be34bca7 3f00db65 bf5b73d1 3e7b5caa bf6f0803 3f715bfd bf690be0 3f6e55ff be84fe83 be97e2cc 3f44c5ca bf49a5dc 3f2a9d81 bf79200b 3e4decb6 3de60962 be332cd2 3f63a9be 3e96b67d 3e4d7d26 3e652cd5 3cc1e014 bf297bab 3f76fff3 bdd327b7 bf57ebd6 3ed7ceae bf06815a beb84af1 3e10844a beab9e59 bf51d1bd 3ed9e2c9 3d6eb062 bf0c3f82 3f754425 3e265d05 bf56cbcb 3f0f135a 3f2e27d7 bee13eab 3d1dae7a 3f3e27a5 3ec28a91 3e6e8d26 bf064752 3f481393 bf6969f2 3d53710e 3d4ed1fd 3ea9c6bf bf362990 bf0a7b56 3f77983e befa5e8a 3f7c4828 bf6449d0 3f6957df bef1430b 3f6a8bf1 ba2be46e bebbea72 3db277f2 bf6c7c0e 3ef7d2fa 3eeca2b9 bf2a7793 bc8ca412 bed40a9b 3ef13e83 3eac6ea1 bf5ab7a2 bcbde0ce 3f15e585 be96cacd 3dde2802 3f4719d3 3e9c0a50 3ed99b06 bf449bad bc1e3f69 3d113071 bf25e3ae 3f4d45ca be843e8f 3e8e8e5d bdac482d 3f38e1a7 bed5b2b1 3f1c158b beb2fa7e 3e9d2e8e bcf062f4 3e9316ab 3e9c9e20 3f6e8fec bf320176 3e426c2d bf379fbf 3f4325c5 bf32b1a5 bef38ea0 3f3e73b5 bf2eebab 3f39eba7 bf167992 bcb6225f be27a48d 3f462dbe beec36f4 bef54ebd 3f2a6b89 3efdb6eb 3f30c5aa bf64d7e6 3e7dc53d 3efddf17 3df37949 befd2ada 3f5dc7bd bea2a6a7 3f4f3dc5 bf17b776 3d6752a6 3efb9a8a 3d28f11c bf2945a2 3d210f46 3f25a9b1 bf6279d1 3f1ab967 bf4895cc 3f057983 bf6b1bfa 3f5d85e1 3f0fa78e bd07f028 bebe6e2a bf19797d 3f28bf9e bea2468f 3ec5266d 3f0c3598 bf4f8fb9 3d82186c 3e95deb7 beea66dc 3ef67adb 3f5121da bf4fb1c1 3dbce7c1 be884a83 3f7bd632 be8f1a80 3f475fcd bf4859bd bde4190a 3e7ff4d2 bc8f629f 3f49b59d bea8e672 3f497fb0 bea622ec 3f717200 bc86a0b8 3f3b3dad 3e9ef69c 3eba829d bf7c9038 
bef4cf17 bd16709f 3f79741e bf5e5fe0 3ed15ae1 3f20137e bd92b96e bf370bae bbf47cbb 3f1587aa bea9a264 be938286 bd788ffd 3e0834c9 3e5b8cff 3ee36294 3f6211da bf5f69cf be05ed67 bec59af5 3f339fa4 3f37239e bf0dcd60 3f06bb5d bf724c2b 3f34079d 3e0d6455 bf6c280a be2cac9a be4f8cab bd2f5164 bf197f9b 3f69f1ee bf1fe37a 3e806a79 3eea9e84 bee496e3 3f2aff99 3edb7aca 3f0bd56f 3f5783bd 3ee3e6ff bf058f6b 3e848e1a 3f1ebb7d bf131789 bf29cd6c 3f32efc5 bf2bff99 bede2689 3e80426f bf51a1bd 3f510bbe bf77f02e 3f6cf5db bf0a1b92 3ee2feb6 3ef6f6ce bf6d742b 3eca7e4f be48f4b9 3f19bd79 bec282c3 3f4589a7 bf3c3fb4 bdd969c9 3ef3a2b6 bd9a787b bdddb9c1 bea5ba87 bdb407bf bda91875 bf276b81 3f72f5f1 bf1d9993 be9ef698 3f6b29eb bf180385 bf0d1178 3f5139cd 3ae9f3a3 3e374495 be50449f 3f0a7177 bf3f1d9b 3ef806ed 3f3a11b2 bf58d1c3 3f483983 bf09e988 3f4f4dcf 3d8d38aa 3e6c9d22 3db2a82a bf0c2f6f 3e32c416 3ec3426e bf5593ec 3f454fd6 bef632cc 3f2f81c1 be45c47e 3eeebaef bf2fc5a1 be005c2a bf2be97c 3bc47ee2 bf11e79a 3ed9cec1 3f0b6b81 bf6e4bf6 3ebfeeb3 bbc784ba 3f2cebb4 3dc46957 3f147b8c bef37aec 3f2c5d95 3f44d99e bf736bf8 3f148d6e 3e8f3a6a bf723c14 be8a8e6f 3f5541c5 beaeaab3 bf5807ef 3f15b370 bed26e9e be875e47 bf507fb4 3c1c42ef bdede979 bdf1e950 3f2fcd96 bf4fdbb0 3f7c5862 bf101d73 3f18138a 3ebaceb7 bf01cb65 be3c5c53 bdefe920 3edfdf11 bf5ce9a4 3e274ca6 bf4b11bd 3d7e1136 3de08820 3ee3caa0 3e97f2c4 be3bdcbc bf4bb9b9 3f2bf3b0 3ef8b6c0 bd808867 be915a74 bea0ae78 3f107b8b 3eaf3a97 bf35e1bb 3ebf4e9e be5e8c9a bf20cb86 bf1cdb7c 3f4709c2 bef6aed2 3f3dbfc0 bf45f7b7 3f75661c bee726e5 bede4af3 3ec786bc beb7fa69 be8eca75 bef946aa 3e89e25c bf3b15b4 3f365dae bf702626 3ec10eaf bf6035c6 bf2f3ba2 3e82e28f 3e539428 3f08e777 be9ab256 3f17a569 3e0e2461 bf1a6b9c 3f1dcbb8 bec736bd 3e9d0a8d 3e3c3479 be001434 bedd1302 3eafba92 3eb336ac bf55f1de be8c4630 bec666da 3f191168 bd56ae03 bf2ea1a3 3e168cc8 3e76d4c1 bf0c6d90 bdda38b1 bec6aeea 3f33cfb0 bdba9888 bf753c05 3f7c7644 bf14f97d 3ec77a67 bef14eb0 3ee7fec2 beb822c2 3f3e5be7 bef02f61 3f31bdb4 bf1bfb68 bf262b7c be8f26c9 3f79f42e be8d2a54 3eb5fad7 be84765e beabd6c7 bef4768f 3f4683a3 bcd725e5 3d0931fe be9fd659 be86a69a bdfd195f bed4e6a1 3f765019 bee85697 bef8baee be13a497 bf11a771 3f77e223 be62e4c0 bdfbd9a7 bf062181 3f088b62 bf51abd5 3d82984c 3e001c8d bf6af9db 3d79cf50 bf78c62c bee2eebc 3de098cb 3f4b0fb2 
3f6353e5 bf3ec99a 3d9768ba 3ee69ee3 bec8668d bf317bb0 3da3e802 3f0fd158 3e95f685 bf21a189 3e2dac6a 3ed5c28a beb87ac9 3f5489d6 bf3acba6 bf301f90 bf0e2d79 3f7d6037 3e0cec7d 3e2f0d42 bf6a6ff4 3ef792dd bf53d9af 3ed80af9 3f13a996 be26d4de bf316d89 3f5f79eb 3f4c759f bf3d21ad 3f77460f be82a27b beb1d2a9 3e96c272 3d0c1192 bf2e6bad 3f5b55d1 bebee6bf bee7eeed bf5275b7 bf37479f bd04cf14 3d9e77da bea1fe6c beb93aa5 3f2e999d 3ef212e1 bea3fa8e 3f11eb81 3ef73a9b be3c2d14 3f704e22 bf5defff 3f6b47f2 bf05bf71 3ca95d7a be9cf24c be944a89 3ee2bedf 3eb21aac 3d88880d be32a4b0 bf4a29bf 3ea0b2b6 bd99c7d2 3f5b77c2 bf789a48 3eb3da9a 3f07876e 3e2d94c5 3ee926b0 3e5e04ae 3eba9b18 bf557bcb 3f1b999d be9732c9 3b4d01b8 be13ac86 3f6629d8 bf4653c0 bf191d85 3ed48ad3 be822e27 bea0626a 3f6057f1 bf6427ce be5e9cb5 be2f6c5a 3f1bb792 bf3ca3a2 3efe82d4 bf5f59e8 bf145d73 3f60abc5 bf3617a0 3f5715a9 bf7d4e42 3f3b81a2 bdc9f94a beebaadf 3e3e1ca9 bebe169a bec87e89 3f7c7c42 be0f6c5d 3ebe46d0 3f137b74 bdc527c8 bcdba175 bea41267 bdc44755 3f6e4c1e bf66a7de be8a767d bf1bb37c 3d7bd1cd be7774fa be85aaab bf1d7793 3f7cf85b bf6443f7 3e388c56 3f35d1b1 bd579122 3cc9e4a4 be23dbdf 3f073f92 3e38d443 be839a61 3f6399ee 3e34a569 3e9bba71 3f3a4383 bf6703fd 3ecc2ebd 3ebd969a bf105770 bf5c49b6 3f73b211 bf6a15eb 3f0e5578 3e59150a bdd7f88f be71bcb4 3f4c67b9 3ed8f2d6 bdf4d946 3f587fe5 bf762025 3e9cb271 bf364197 3f1e9769 3f1d4f8a bf5c71b4 3d066dee bf000f69 3f736611 bef75719 3ec66eb6 bf6ffe03 3f705211 bee366b4 bcae203c 3f72ec01 bd969897 bede028b be31a48c 3f0e876c bea12ac6 3e00d43c bf0f559b 3f7447fc beefe2bc 3e4c0ced 3f219b7d be095475 3f4c83d9 beb302bf 3f120d83 beb556b1 3f4711b7 3e4a6cc3 3f5fa3c7 ba03a30a beda4a9d bd78aea2 bf5fb7cc 3f0b3f6e bf0db5ab 3f3089ab be6c6caf bef29a94 3e87ea83 bd6ab2e5 be84e668 3f4fefc3 bf6b3c1f 3e943267 3f55b3bb be6d74f9 3f023553 bf2b9195 3e748557 3f2a4f83 bf33bbb8 3f021d7e be3f54a0 3f53b3bd bf0b2973 bdbfa933 be408c88 3f5905fd bf1a5d6b 3dccb7ec 3f313d9b bf6363ec 3f425bc0 be8ddea4 bf3f47ac 3f4a3fb7 bf759025 3f5b79d8 3e1e6c3e 3f14b187 bf5757d2 3e32cc3f bf06b389 3e438498 3f78b3fd bf02cd73 3eadce5b bf4107ab 3df918cf 3f6fd7dc be970a2b 3e6edc88 3eb6fa89 bf570dc7 3f37aba4 bd8a57fe 3f5345de be2fe493 bee32ed0 3dc7b83a 3e605453 3efa8eeb bf720614 3f7377e3 be8d5ac3 bdd0fa23 3f201d77 3ec26e4e 3f060785 3f73e3e6 bf4c57b2 bf1e7784 
bf42cdaf 3f7bf04d bf3773aa be3fa4e6 3f0c8b69 3e939a53 3e0d6cbe bebe7eb5 bf1fa37a 3f7277f0 bf47bdd0 3f3667ab bf1ed786 bf1e2dbe 3f4e91d5 3f2b5583 3e9ce27a bf5e19e9 becf3292 3f4c05bf beaceaa2 bd8b27f1 3f43dba9 bee376b8 bf38478f 3e667cdc 3e9f5690 be9d0e8c bf6a5204 3f311984 bf7f9a7a 3f6567d1 bf498db0 3f67a5ee bf3fe3b8 3f35d7c1 bf30f3a5 bed276ba 3f6a7ff0 3f0ebf86 3f755a35 bf2af394 3f2193a0 3d690f5a bd0452cb bdf878b9 bf2cd180 3df7e98a bf2de377 be124be8 bea25aae bed91ae2 3edf0725 bf0dc16f bdb6682e 3f5879a0 bf063581 3f5993c7 bf5ec7ef be02d43f bf615bfc 3f43219e 3f61bdd2 bf06739d bdd347b1 be3d4487 3e384c4c bdcca844 bf04c980 bf186783 bf04f16a be702430 be8a0294 3eeb92e1 3ebe2aa6 bef05f0a 3e840e56 bd9c68c3 be94629e 3e56eca9 3f5789de be71d446 beada6b0 3f14196e bf0b4f74 3eb78eca 3f33b18e bd9d17b7 bebd9ec1 3e5d2d72 be833a7e 3f6345ec 3f11c7aa bf4545c8 3f557da4 bf6d1ffa 3f7e7e77 be4b8c8f bf29b3a2 3f7df658 bebc069c 3f19c19f bb3eee0a bf6affe7 3ed22edc beeb4ec5 beceaed3 3d938866 be3a251a 3f12b778 be69bcad bf1e4584 3f27e5b0 3ef786f6 3ec9dad0 bdbf8965 3f289d97 bd7f4faf 3e913ea3 bf4315bc 3f6e7802 bf16496a bec7cf03 3eb886a1 bf4dfc0b 3eda96b6 bec9d2d4 be167bf7 be5034e1 beaee6b9 beed3680 be470488 bf5fc5e4 3f681019 bf13df83 bf02017a 3f5817cb 3f618bc0 bf19ff95 beb2768f 3f144383 bf6ef203 3f5b4dfa bf2013a8 beadfab1 bf52e5d2 3f0c3b6e bf6fe7eb 3f7a2226 befb7ec7 3f306997 bf75cc24 3e68b50f be1a5403 3f5ef3f1 bf2661b3 3e617c0f bf00df48 3e9fc2d9 3ddc28f8 bea3ae8d 3ebcb6a6 3cb3a5bf bf14653e bd3c92cd 3f6b25e2 bee1fac7 3c48c225 bf29f973 3f5dbdd6 bede5aec 3dc0b8cb 3c8e9f5a bf5d9fbe 3f3e33a6 bf7159fd be7c5cbb be3b4c79 be260c02 bc896006 be8a0e9e bf6ea1f6 3e21147d bf4173ab 3ea322b5 3ed89288 3f2ce58b bea93e7d bdc6d721 be8e7275 3e98067e 3c6c3c53 3ef9f2f4 bf41b9c5 3f2ac787 bf3ba785 3f5a0fe7 beafbac1 bf7dd060 3f2be577 bf249bbd 3f6eac0b bf68b402 3d074fbe 3f1cf77c bf12a97e 3df4389a bf2ae3ab 3f6d13ea bf1f318f 3f3c77bf bf2bf38a be6d0d73 3f191b5a bf75fc15 3f25458d bedbaac2 3e6c4d4f 3f012573 bea0eacd 3d8368c1 3eae1a79 bf78ca2c 3ec13eb2 bee6869a 3f47ffaa 3ec88ea5 bf225b8d beb902d0 bdc658d2 bdaea8e8 3f609fd8 bf621ff9 3d5c6dba bf6421ca 3f5f95c5 bf3ae5ad 3f4411aa bf7fa479 3e4f1ccc bf02cf64 be3e5c8e 3f4cb9c1 bf425fb1 3eae5a7f bee83f12 3f2c417b bdf4a859 be907e58 3f301790 bf75a42a 3b50e8ea bf650de0 bee1e6ec 3f46dba6 3ee4eae9 
3f24a97e bf76480a 3f7d0a3c bdd698d0 be87763e beaf2e60 3e84c26e be7c24a4 3f5f01fe bf3badca 3eefc6c4 bf3a5d93 3f6f6bea 3e451d0b be8d1297 bf7ed288 3e8f3233 3f2c4fa4 bdfed7cf bf09957c 3f4979b7 be92ba5f be880a3d 3e7a4c5a 3f26a79a be1c8438 3e8e721b be4ff4b0 3ea42678 3eb1c69d be5a9d5a 3e48449f beb8028c 3ebdce89 bf41e7bb 3f36ff8e 3ca36116 3f182581 befb32f4 bf770027 beb0d26e 3e5e0cf2 be9efeb1 bd8a08f1 3e9f3a63 beff86ca 3f73d817 bd1551b9 3f22259e 3e466cf1 3e91f21c 3e1fccc9 be8bae66 3f659fde bf5c87de 3f04a160 bf5e9bc1 3f1d13a6 be020cee 3f4e6dd9 3f5f8dd2 bf525fb4 bf7d644a 3f4ce1b9 bbca8b9e be865ad4 3f145b52 beacf2c3 3f14ed8c 3f2e017b 3f799e10 bea92a55 3f6707f0 bf6181ea bed76a60 3ecb66c8 3e5e6d1e be91723f bd382ddf 3dfb0819 bf3533bf 3d1372fb 3f4741d0 bee47304 be40f51b 3e378c60 bf67b601 3ebdca85 be8c1292 3f48c5de bf0f8f95 beff5aaf beb48ea7 bc22c329 be39e52f 3ed67a7a bf68bde3 3d1fceb6 3f26619b bf156d91 be84fa25 bef80ee4 3f4767aa 3e06cc3b bc44bdff 3e87be6d be13b4c4 3f737a0b bf62bbda 3e0adcc5 3f02956a be83626f 3d86786a bf5045c2 3e27247a beb38aa1 befa16c3 bcffa2c9 3e8ba24e 3da55866 bc01bfef be54bc7b 3f7c2425 bf5ae9ee 3f5e2fef 3f035d8e bf43f9b3 3f77b82c be8ffa6a 3f2405c5 3e59dd0c 3ef30a89 3edd6ebc befaef01 3f5297bd bd206d43 bec256e1 bf7a3224 3e6234a7 3f60b5da be7c8cb1 3e1d747b bee95ae1 3f7229e5 3da2191c 3f712217 bf2e2f95 3f2a4381 bf2107ae 3df358d2 3f056161 bf040b73 3f7c0e45 bf6bb3f4 3eb142a6 bed2d682 3f5c49b3 beceee65 3db7483c 3ed00b0b bf11c391 3e89ca2a bf5145a0 3f7fdc8b bf1f5b7b bede82e1 3e253491 3e81d61e 3e95e6c9 be62a49c 3e1eb41e bf2a3588 3f6a51ef 3e999a81 bf10bd77 3ee89692 3f53a7da 3d19b1af 3c603978 3e1b543f 3e5d14f9 3f3e71db be905276 3f659bd3 be5054e3 be89ca7d bf74e420 3f37d1ad 3e08abd3 3e8f7a85 bf51ebc1 3f6529d3 bf6a49ef 3e553d01 3f23c59f bf64e7e3 3ebe1ea6 be5dd47f 3f50e9c5 be042cd1 be924e41 be35acbe 3f4033da bea66a73 bef4febc 3e818e25 3f1829a6 bf0bdb5b 3df0c8c0 3d28cfa5 bea51653 3df24a2d 3f710e16 bf4ebbc1 3e45bd1b 3f5a5fcb bf6a4df8 3ed612ad bf56e5eb 3f7e4669 bf728e12 3edee2b1 bea21a60 3f631fb6 bee0eec3 be4404b1 bf4531b3 3f52adce 3e702cad 3ee4cf0e bea94292 bedf7ae1 3f599ff1 bd5d4fa0 3f40ebb5 bee3fec9 bf07a393 3f68c806 bd81f828 3f5abff2 bf41edb8 3f6943e6 bf6047dd 3f52b1c1 bf031146 3ee8230b bf7adc3f 3f0e7571 bf6f561c 3f1d3d7c beb13ef5 3f420bc8 3f0c037b bdd0281c be699c77 bf36f1d8 
be7f94fe 3ee75aa2 bea5eeb1 bf229f95 3f5a91eb bebbc6c0 be22bc8a 3edbca9e bf3151a5 3c941e0e 3f4647a9 bf4ad1e1 3e95566e bf39abb5 3e7d34d7 3f423387 bf175771 beabcaa4 3f175376 bcd5dfed bf463bd7 3efc96f2 bef31abc 3e9adec0 bf4cf5ad 3e7a84fe bf75b9ee 3f4055c5 bda869f8 bea47ad5 be60dc8f 3eeaab20 bdb098ce bc23c431 3f003561 befde2dd bebe1ad2 be20dc88 3e2744ec 3f35d9c2 3e81aa2a 3e6a7c9e be93468a bca59d62 bc203a3f 3ed9fec8 bf44dbb9 bdf38967 bea0da98 bf539dc3 3f06316b be88e226 be141424 bebdc6b3 3f40f7c8 bf59a9d8 3f7f5875 bf521bac 3ceba372 bf3fb793 bf6485be 3f4ed5d2 3f35c3a8 bf3fd3b0 3ef2f6ad bedf42e4 3d54b17e bda3e829 be65b492 bf4dedbd bf6481df bda07a08 beb75aba 3ea7d287 3f3e5788 beaea2e0 bf293970 3f3ea9a4 3d9a1749 bd7f701f 3e8d3eb4 bb1cfd58 bf70e1fc 3ea4465f 3e8826a2 3eec46d6 be051460 3e4814e5 3e3ef510 bf676fec 3f6361d6 3d8128d0 3ee5aeb3 3eef7ee8 bf06cf57 3f35cd99 3d93e845 3f145179 bf46ebd0 3ea49a6c 3f4b27a3 bcb6e2f1 bf6b07f7 3e910e46 bf35e58f 3f6d3ff6 bf70dffc bdc3b7a0 3f140160 bedd62bd beb2e292 3e6b0ca5 3e3154f4 3e84f6a9 bea0f6ca 3f3d8faf bd9a49d3 3ee376e2 bf15bb84 3bbb841b be22f497 3e1fc4bc bf341b70 3f2cd1a4 bf5de00a bee0ae8a 3e15744f be1fccea be019ce9 bf254f9a 3cc961cf bf7f8891 3f0cb388 bee14e92 bf034b71 3e8a7a4b bc4445db 3f5bd20a 3e00f46b bf5519da bf276186 3f6a57f5 bee642dc bed86e82 bf5a35e0 3e458ce3 beddfec2 3f0a037c bd8dba28 3cac9e42 bf7eaa5d 3f56d1c9 bf386b9b 3e82da7f 3e9c2272 be16fcb3 bf5009cc 3f2877bc be3ca508 bf38459a 3f7e846d be8342bd 3f4a919b beff5702 3e67ac7c 3f5b6fdd bf38b994 3e9fee3a be6dacde bf2a4d72 3f569dbd 3e167cb2 bf62bde4 be4cad4d 3f27d9a7 bf05296d bf09874c bf15e97f 3f1be97f bef87340 be7b5488 bd05b119 be24245a bf4397b4 3e60acbb 3ce82530 3f5713b8 bf14bd90 bf43a5a9 3f4acbdb bdff47c8 beb5e6bf 3e868243 3f01f775 bf2bd97e 3ec132e6 3ec1fa8a bebd2668 be5a74dc be0dec73 3ebafa93 3e439452 bf6d3622 3f4fcdbb 3de9c9a1 3b827b24 bf26ef80 3f3db5c0 be91fe86 be3e64c3 3f135f6a bf104fa2 bf18f381 3f37dba7 bdd12998 bf589fd2 3ee20f0d 3f1ca198 bea7a2a0 be8abe5d 3eb41677 3f2b9784 bf27d588 bdbdb822 3c8d24c3 3e9db648 3f334f82 bf34d3ac be8392b2 bf4a4db3 3f7019f5 bf003988 3dfc4915 bf7a9626 3cdee22c 3eb496bf 3ef11ae1 bf75bc21 bf004d79 be5c64cb 3e739c9e 3e14fc39 bf2bb987 3f213b8d bf1eb763 3f1757a3 3e8fa262 3dd2288f 3f2b519b be7dd551 3e2fd4af bf07596e bec15aa0 3ea54e7f 3cb0630f 3f3f01b1 
3dd0b82b bee98ae3 3e314531 3f5663b7 bf697ff8 3f32c7b0 3e4e251c bf1b1186 3f6b8fc3 beeec29e be716c3c 3f07ff8f be7204d1 3f4a85ec bf209b85 3f3e51bc beee06e4 3f2b319e bf74cc11 3ecc52df 3ed9229d 3db9b835 3d226ff1 3ea576c6 3c46419f 3efb82d0 3f099f79 be3afc68 bf5ca3c5 3f47a9af 3e4be492 bf36c187 3ef06abf bf6e1e0b 3f5ea1dd bf38c992 3f6ecbe9 be10d44f be081cda be818255 bea72a97 bebed68d 3f03416b 3ee55eb8 bf451baf 3ea19e8c 3e8bb677 be47fbcf 3f6b73eb 3e57150e be5234ca beb166ae 3f664fee bee112a2 beb82e8d 3f7d6c52 bf4a879e 3f3bb390 3d5050c0 3f6b9fe8 3f0cd15c bf73f414 3f1ff17b bf5d1dc5 3ee17b14 3f0b4f7b bf4df7c4 3f2aa98f be4a4ccd 3f390db3 3f4285b1 3eeb4f12 bda268bd 3e09a486 bf5bbdd4 3efd12f9 3ed732f2 bf2cb19b bd7cb00a be6e4546 3e557c93 3e87c66e 3f10578c 3e8d3aa7 bf097d59 bf620dcd 3f6a77fd bf3a857c 3eebee6f be7c94ae 3dfa897a bf3f4ba1 3d359316 bf330bac 3ee2dab0 bf720824 be1f54a6 be286bdc 3e140462 be00cc2a bf36bd96 3ee8f2ca 3e94b293 3f090b6b bcbd9fee beccfeb5 3f44a99a bee5929b bd0f13fc 3f18577b be4b9546 3ea45e5d bf065343 3e5464c3 3ee23308 bf3ccfac 3ea5deb5 bf309bae 3f35a59c 3d2a30c9 3d0eaee7 3ec52a8e be7e84ff 3e877e37 3e9bea32 3eae8eab 3f177381 bf037d3a 3eab2a79 3f13bb80 3e4284de 3f5ec3ba bf6465f7 3f72f815 be31aca2 3ebcfefb beb982ed bea87254 beac56a1 3f0d9b5d 3f79f61d bf455fab 3ed6b66b 3edcc6e2 3f6713d7 bea06661 3ed26ed6 bf0fd396 be86bea8 3f24cb82 3f21e396 beb51679 3b450c84 3ef29efc bf79920b 3f637de2 3eb08ec1 bf0e6d96 3e893662 3ec982a2 bf360f9c be36c49a bf08416d 3e256d3b be6a3ca4 bf080b7b 3ef186c4 bf27ffb4 3f5009b3 3dab796f be8e1a35 bed47a99 3f6c4a09 3e320c97 bf5957c0 3f7a8c35 bde89830 3f5fc7df bf19e196 3e816e78 3f151375 bf767634 3f7f5a8c 3e124c77 3ec42265 bf4c1fa4 3efe3b06 be5fe51b 3f7dc043 bf5061ba 3bd97a19 3f214fa3 becad283 be7c9cf2 beda0ade 3f3bddd2 bf3a19a0 be6e7cb1 3f781e23 bf4651b8 3eb436b8 be6ea4e8 3ea53a87 beceba73 be25f448 be7494ba 3f4441d2 bf7d625e 3f46e3b5 bea76e83 3e116473 3e72fce8 3f1ae76f bf7dcc59 3f13b79b 3e8422c5 3d9dc808 bf61bdf5 3ef766bf 3eb2cec7 bf119b85 bf3d5fa8 3f304b77 3d296f9e be5b0c01 3d9a982b bf764624 3f1aaf79 3f49c5aa be1a4457 3eec36a2 bf6cf7fc 3f64e3d3 3f0a4982 3dbc4891 bf707bfa 3e891692 3f5d09c7 3edeeac9 3f114170 bf7f5873 3f20c783 be5b54aa 3ed84aaa bee88e95 3e142cd0 bf317da7 be8fc29d bd29d08f bf62ede7 3f6169c5 bf0f599d 3f2df3a8 bedefed8 bdc6f892 bf2e097f 
3e8dd291 3ee3babb be8b9a4d bf0b0f7a 3f04e5a4 bf767e16 3f04836c bf3e0dad 3f11bd81 bf004576 3e835e44 3de277f5 bf5397dc 3f095362 bf68d5ec 3cb8a1ea bf2cef93 3f66b809 be9a2680 3eabee5e bf1c497e bea4ea68 3eb31ebc bf58c5d0 3eaf3ee1 bf241770 bed942d1 3da817e1 3f760e0f bf5255cc 3e5edccc bddf5818 3f1b8b88 3e4204f7 bf0d7576 3e8df238 3e368cb0 bf4f95d1 3f5439d5 bec8c299 3f2c7589 be8d9a82 3e0fbc73 bf65de0e 3f562dde bed02ec7 bddd58b4 3eb7eecc bf5395e9 bec6c305 3f453dbb be903e9e be369456 3e0fdd13 3e9d82ad bf532dc3 be8a1a6e 3ee4aee6 bf5dd9b5 bf580fad 3e55bd06 3d343169 bebf0aa5 3f747e0f bf22b58b bee58a9d 3f3495a1 bd3a933f befb9afe 3e131c0f bf410bbe bf4cf9c4 3ef762c0 bf21f5a3 3f6d9e0b bf5203c9 3e7a34e7 3ea9be4e be0d3c6f 3f3de7bb bf4a6bb9 be9f4647 beb65e42 bf3c91a2 3f5f0fd5 3f041b67 bed98ed3 be23241f 3f093d66 bf050f6a 3f7ffabd bea35a35 3f4b7fee beb25282 3f76ce0f 3d77b106 3f60f5ef beff1703 3e7cfc49 3f4d3bb6 bf360591 3ebc52b1 bf2cbf88 bf05a764 3ef8f2b9 bf79302f 3f4761af bdd7575e bd5c2d86 bee832c5 3d87191d 3e423cda bf18b564 3f126587 bf6543c9 bd8ec7c6 3f56e7af bee8aee3 3d396f24 bd785149 bf42dd93 3f4363b7 bf6985f2 3ef542f8 bed40e35 befdbafc 3c353c2b bf1c4b85 3f42edae bf708220 bf5c33bc 3f11359a bf4d3fc1 3f5b0200 bf68e008 3c1ebf23 3e9882bd bc0e42a1 3ebc06b2 bed63ec6 becb769d bf071780 3ec5f29e bf755616 bcc5dec8 bf5c5dbf 3f5251b9 bea71e8e 3f5a01c9 bf741226 bf3763b2 3ed7bebb be5ae4a7 3dba5885 3ec7d68c bf5a6dc9 3df5b9b3 3d8578a3 3dc109b0 be4b7c57 3f1b697b 3e99a250 3e1d6b6e 3f196d7e bf08874b 3f6367f2 bec9dea9 3f315faf bf7f988f 3eb7428d be6fec1f 3edf5ec0 bf436f96 3e99464f be21aca2 bd53b030 bf1675a9 3e266cca beb016c1 3e597c30 bed15ea8 3f60a3f1 bf139d7e bf76d813 3f51e5b0 bf07a971 3ec1767c bf7f669a 3f259f85 bf2d6f9f 3f509dd2 bf3543ad bddd4866 3f6d85d8 3e8e424c befd0ee2 3e14ad1a 3f59e5c0 bf6061e1 3ee1baf1 3d09d137 bef426c2 3f75b3f8 bf3d6f9e 3f75ea22 beaace9c bc35c75e 3e838a7e be98e282 3c939d31 bedc7ed1 bdb3c89d be2a3486 3ecd165e 3d052eab bf3183a0 3eaee68e 3e8c6e50 be96e686 3ba2840c 3e4904dd 3f65adde bf28d396 3e567469 be61ccc3 3e87a24d 3f6563d8 bf5f97d5 bdd18810 bf38b78f 3de9b8d2 3f41abad bf420b8d bf2ebd7e 3ea43679 3f6789c7 bf45dbb2 bf131177 bf4dd5ca 3e279c2d 3d18d3aa 3f17cd7f bf7b4c3f 3f49d9b2 bf32e390 3f566dd1 3e08a46d 3ea5a25a 3ebe1a68 3e4e2cdd 3e7d04af be689cb3 3eb95a75 bf06b163 3f66421a 3e1ecca4 
bf0edd73 bd8928f3 3ca1679f 3e64dbec 3edc0ec5 bde059c0 3f346988 bee5f699 3f2e9b93 bf20c18a 3f59cbeb bf5209ec 3f55bfbd bd64523d 3f278179 3f1bb189 3e8d5a6e bed3bac1 bf22077c 3f4a33aa be75ad1a 3ed90eaf be788cfa 3f6bf5ff bef8171b 3f6cba00 be6814ce 3e650d42 bf102b76 3e10348b 3eaa3e62 bed1d2ab be437cd1 befdbe96 3f742c16 bf403da5 3e3a6468 bddcd943 3e9bd2da bf2ee387 3e73b4c1 3eb4fe86 bf3c39b6 3f76e803 bdc2d881 be9ffe82 3f13b595 bf1d1f73 3ed1d2d3 3f271598 bf70c806 3ea4be8e 3cf6e336 bed0b68e 3e98329a 3eee3a94 3f6d8be9 bf723df1 3f7dd07f 3f7f0a95 bf5179b0 3f74401f bf604bee 3f044b62 bedffe93 3f743014 bf56b9c8 bead4a6d 3f768845 bf6979dd 3f3dcd9e 3f3a6b9f be1994d4 3d8617e7 3ee942ec bed536f1 3eb93ea1 bf35e3b5 3f1c8f7b bf7d2e57 3f6925d3 3ec1a6ca 3edb9e5b 3f0aeb58 beb3ae93 bf51c1c2 3f712433 bf3883c3 3f1f4f7e bf642fde 3c01baf2 bf7bd649 3f50418f bf587fce bf1c9f77 bea35656 bf4c53c4 3f4aa9e1 bf610fef bef25ee4 3f4fd1bf be845248 3f7fccbb beec4693 3f51c1cd 3ea042f3 becd26be bf2191ad 3f1e6977 3e9d9a75 bf0fbd7b 3f009f55 3eaf629b be84ae72 3f6825d5 3eceaa98 bf773631 3f08d380 be81025b 3ebff66a 3e71fcab beba4ada 3f4853dc be807eae bdc3e92e 3f1e7b96 be302c71 3f5401cf bf48a3bd 3f6ab3d9 3f3c17ae bea63ea8 3f024586 bf53e5ec 3f269f85 3ec4eab0 bf3e198f 3f20f3a6 bed9926f 3d6af185 3ed0faf9 3f0fad7f 3f0cc992 beca92f0 3f439dce 3f1a6568 bf3499bc 3e4e84b3 bf24ef84 3f3df7c9 3f5303d3 beb746c1 3ebd5e9f bf56f3c1 3f57e9dd beb62277 3f404f9a bf69d1e7 3ef0deac bedaaeb8 bf30e1a9 3eba7690 bf0daf84 bf02db64 3f1db9a3 bf5645c3 bdd22805 3e09c520 bd83e7f7 3f11ed9d bf02e548 3f0d6356 be485c8a be476c8e 3f5163c1 bedb9e5f 3f0c7779 be24fcc2 3e2a8465 3e70343c beaada58 bed472a9 3f03ab64 3f085175 beac6e9b 3e9f16aa 3d8bf92b 3efa6697 be9e96ce 3eedf2db bee3f2cf 3e9c5246 3e20939b bf441fbc bf43b5b5 3f6b07ed bf18af90 be4224f6 bdfac942 3cf01ed2 3ef236ad bf77f230 3f25b789 bf6d69ed 3f12a175 bf719a19 3f4fbba9 bf3acdb4 3f131979 3d859823 3f22aba3 be28ad01 bdb5e811 3e28dcbb bf2515a2 3f6e4008 bea59e69 bd9f7879 3ed49ac7 bf1b5970 3e078464 beb14283 bf071b50 3f6c8209 bf00356d 3d4151e9 bf3fb3aa 3eb65eaa 3ec3b6c3 3f71da37 bf155f75 befa6ecb 3f18f18c 3ed12e98 bede8eb4 bf0d8986 3f3b1fbe 3f2dd9ce 3f264f6e bec7669d 3ea9369e bf5c4db9 3f6107e8 bf043d95 3e7c5d1a be6f44b1 bf3cc5b6 3eae5ecb bf1f1981 bdd66883 beb4b67e be89fe60 3d0130a9 3e7aacab bf22f566 be89b656 
be733442 3f607fe1 bf316592 3e85a66f befdaf12 bedbfac5 3e6964e1 beac86b1 bebefe87 3ec97a94 bf5cb7e4 3f5b0da8 bf04fd56 bed15657 bf36cfaa bef89ae4 bf2b198f 3f1d3390 3f25898d bf41139a be29ecfc 3f5aade0 bf6d9809 be818a61 3e27d4a6 bf78522a 3f76ee34 bf5063aa 3f434398 bf025da3 3d55ee2b 3f128b96 beb40efa 3f1af36d bf365fc4 3f06197e bde438ec 3ec752af be76451e 3efc270d beddca79 be7beccf 3f4c7fbd bf0ea175 bf3aa5a4 3f5d33e2 bf756407 3f30ddaf 3dd7586d bf501bdc 3f6859e0 be83fa79 3e1244b2 3efce6ce bf286770 bf072b52 bf17e38e 3e9d5a94 bede72a4 bf3f4da1 bdc2f89c 3e432516 3c594634 bdb4a820 be09bcf7 be848e67 3f2f9b88 be034544 be489ca6 3f2b65c7 be3e055a bf75f02e 3eca6a8d bea2ae6e bf6fe3f8 3f788a1b bf14416f 3f4427c1 bf567dce 3f7a121b bf3fab9c bf170789 bdeee7ea bf737a17 3f6487d6 bf4455a0 3f5897e3 bf28bb9a 3ec36705 3e9f0656 3f50e7bc 3edcf2c2 bf093777 3f2d4585 3f53f7a3 3f07657e 3e08ebe3 bd804865 3f04b338 3ec74e5a bef3dae6 beefc2d0 bec0ca76 bd17918c bf0e2189 bf1f9b98 3eef5e9a 3f5073db bf1b218e bde4d864 3f180369 bf723011 3e832ab0 bf3afb97 beb842ab bf25277f 3f4be1a8 bee71ef0 3f0add84 bf7f426d 3f63e5b8 bf213db6 bec04ac8 3e3864ad 3c901d0e 3e806e7d bf5235c3 3ea73e8f bf020953 be212c26 bf165370 bee4f6cf 3f2e0388 be984eca 3e62fc92 bf1c418d 3f1c5d8f bf06e76b bb10f7cb 3ef8e6df bf074b92 bf2139ab bf3bbdb8 3f04078c bebbf6d9 bf70040a 3f356593 be598d20 3f231b88 bf5bf7da bec3c67a beb0b2cb 3f3a2f9f bf25416f 3f2949b2 bf6e6a01 3ebbba7a 3eee92fb be7ad503 3f58b9e9 3e0ae490 3d46efb0 be419d07 3f6a9fe8 bf0e9d69 3f2053a2 3ea6aaad bef93b04 3f04b96a bf4f23cb 3ef74eef bf3bbba6 3f623df3 bf2797a0 bcac1d23 bf2cb980 3f5d19bc bf792e15 3f143f8c bef25ae3 3ede62d3 3dde8814 bef61eb6 3e9e4e98 bf6553f0 3f00f178 bf3771b2 3ea1e27d be6764d2 bf0eb9b5 3f5f55c3 bf735c02 3f67a9f3 3d0aaf1c 3f5049a4 bef06b01 3e23c49f 3ed33ab1 3e844e5b bea99a84 bc935af3 3f6c31f2 bf30719a 3f756a00 bf08eb83 3f71dc19 bf5217c9 3f5327b5 bf4821d9 be193bbd bf253b97 3f12597f beaa525d 3e30f4f7 3ec08ea6 bf1d7584 3de358db be68dcac be526ca7 3f7d3e5a bf5d7dd3 3f669dc9 3e382ce2 bf5dcfd3 3f2f1193 bede32ca 3f5507e0 3e050c7a bf588dbe bf5e61d9 3f6a7bfb 3e2c14dc be7f24d7 bc6c44ec 3e397c1d 3eaccaf4 bf06ab64 bf68f7ec bd9a588a bd3ad079 3e31949d 3cdc9e81 3e5f6ca8 beab6a89 3e7abce2 3e1384a1 3ea9f668 bccc6107 3dd2e900 3ea69a4b 3f060d58 3e128cf2 3ed582ac bf370fcf 3f0ae77a 3f5fe9cb 
3e90ea53 bf7ffed8 3f661dc7 bf007f75 3f2a3197 3e97be7e bed346be 3ec4a276 3f13457b bec882a8 3f718dfa bf7d8c6f 3ec55e5d 3f344f91 3edc7ec9 3f7ab63e 3ea122d7 be8f626c bf39419b 3f4d6dcc be81ae3b bf1f0f7c 3f0b8581 3e9d024c 3f02078d be98068b 3e421c8d bf0ee556 3f04257c 3c64bf23 3cd2de5c bf6229e4 3f6027fe be801e5d becccaa6 3f44adac bf5c5bbc 3e944a72 bf5d91e6 3f0a8d67 3ec362d1 bf20f199 3e48fc2e be7b6ceb 3f52c5be be0adc4a 3e128549 3e03844a bf4c5dc1 3f3e67bb bf3f5bba 3eac9aa1 bf1c8785 bdc29910 3f14d5a3 3f1ed381 3e79e529 3e9a2676 bcbfa2d6 3ee59e76 3f3c1fcd bf49cfa5 3ec9eed6 be82825f 3f6569e7 bf5e2ddd bdc3c6df 3f09bf89 bf097582 bf34cda3 3f06cb7c 3d58af3a 3dff1863 3eb19250 3f65afe8 bf3985a6 3e359477 beb846d5 3f42dfc9 bf58ddb5 3f0f9395 3f2f33a6 3d18b13c 3f1f917e be151cd9 3f4201d9 bf7aa635 3f1d67a6 be9a2a3f bf2ca5aa bf4599ae be4a2c56 3d091026 bee392c9 bf2e7fad bf7bb244 3f2c3daa bf534fd3 3d805819 be914278 3da7078b 3f50bfa9 3e76dc79 3e96ba9a 3f090172 3e70f43b 3cc65c6b bf3d4bb0 bd353135 3dcd38ee be1bc48d 3f0b275e 3b24e744 3f663bd0 3ec1b28e 3eda22eb bf33fd80 3f42d5d4 bf70141d 3f633bf8 bf251d5b 3e7e44e3 3f51ddb3 bea0767e bedc16b0 3e863a72 beb85eda 3f792413 bef4caee 3f7a8a38 bdbe5843 3f2f89a5 bf69d405 3f59bfb2 bf6b2ddc 3f7bec3a bf67afe9 3f62bfe4 be70c4a9 beb48671 3edb3720 3f243b88 3f132969 be9796ae 3e8fae53 3e8ebe92 3ef10acf bf1fb598 bdec28e8 3f123174 3f21a78a bedfead5 3d8eb8a5 3ed01ecc bf2bb7b1 3f57c9c3 bedfa2df bf2cd36d 3e30bd2c bf780a20 3e9ae6e1 bebe1eed 3f36ad9a bf70c21c 3e6b7469 bf4365bf 3f340bb0 bf5349f4 3f3fe3c2 bed2eeae 3f2e43ac be42848e bf1ba186 3f709a0d be854653 3f352fa8 bf366b8a 3f323bad be39256b bea94e56 3ecfb682 3dea7956 be621c87 bd9df8b7 3f7b2634 be6f1c4e 3ecaaadd bf2705b9 3f504fb0 3dcfc959 be4d9d3c bd8628f0 bdf8e97b bf65be04 3ee5826b bf255b86 3f039b4a bf756c15 3e970ebd 3dcfa935 bf17d575 bed9c292 3ee192cf bf5583c0 3ee58ef1 bf6ff1f7 3f4d5fa3 bf496ba7 3f634dd5 3ec24eb7 be658521 3ed862b8 bf384bb3 3f3f31a2 bf744430 3f7cae22 beddeaa1 3f4f4fd5 beb5aad2 bf210d91 3f4551cb bf759427 3e55e491 3f0c818d bf0e8f81 3f25918c bf783414 be78347e 3f6b3e0c 3f40519e bf734812 3d472ff0 bf20a98a 3f1c6b9a bf40f3c1 3ec3e292 3d006ee7 3f50bba1 3e393c3f beae6eae 3dd5d7ef 3e9ae27b bf745e2f 3f5593c1 beac16ad bee10692 3eb3f2e3 be4bcd41 3c63c912 be7b2caa bec0bea6 bf27b7ac 3ab5eb1a 3f102d9a bee5a688 bf5969c4 
3f3ec1b9 3e3d5cb0 be7884eb bdf2986d be4a34fa be9a6654 3f377994 bf381198 be506c3d bdf73812 bf267d87 3f7b2e2a bf0f518f be1eec1a bf7525f4 bf13c36f bf51d9e6 3f4cfbaa bdda072a be368453 3f3d6582 beea1ab4 3f4dd5d6 bf7dc842 bf1f15a1 3f4431ee be91b6c3 3f1ea9ae bece4ec0 bf1031a1 3f3cf3a3 3e1b3c6a bf06f37d bea5329c 3f53ffbd bf4467a4 3e0ac4aa 3f5059aa 3e477c7f bed7a29f be8bda7d 3f3483af be0c7c6b bd1c727c bc9fddc1 bf4d85b8 3eba5eb0 becf82bb 3f053593 3e9a76c2 bde4b7bb 3e433494 3ebe0a90 3e5a04cb bf4b6db5 bd8ff712 bf4951d4 3e3b643f bf01137c 3e49dc74 bf38ed9d 3d1a10fb 3f17c37e bf2a51b5 bea14240 3f729807 be862634 bf178994 3f43999b 3f4eedc4 bf64f7e0 3f6f4fe5 bf454ba7 be5accf4 bf0f9982 bd278f10 3f1c2186 be9b4679 bf0d8b99 3f724c06 bf674ddd be5d3d69 be935698 be152457 bf3873a1 bec28a71 3f3ac1b6 bf15e185 3f1b9198 3f339d93 3f0ebb95 3eadb2a9 3dbc37d8 3f031b70 3f121587 3f144974 be08fc2c 3ee42abc 3e01349d be354cdd 3ec6ce72 bf712c11 bec16657 be7b0c73 bf6007d8 3f2685a7 bf2f8fcf 3f095d84 3f200160 3dc2f8d3 beed1e9d 3d6fb1d6 bf15d167 bef882a9 bf59e1ca 3e70452c 3eccb2bb bf5ea1c6 3f740a05 bcf121ac bedc36db 3eed2af7 bf76f42a 3df7d89d 3f16d198 ba64778b 3e7a8ced bf3dad88 3da408aa befebb00 bf0f837b 3f24a382 bf2e5b78 3ec18eef 3dd9d8b7 bed1eefc 3f342fbf bf6a27ef 3f0ffd98 be22b4a6 bdffb8e7 bf4e65c7 3e862266 bf67c1d7 3f349bb5 bef9bb33 bf3d75ad 3f271986 3e692c8c bf6401ec bdea8a0c 3efa3ec6 be963663 bf060765 3f569bdb bf6425c7 3f688ffa 3e95ee48 3efd52b1 3e94ee44 be381c9f 3e72d59b bf4841c0 3f4c49a5 3d9d6888 3f221db6 bf77e417 3f4781ad bef132d4 3e5b6d62 bf42c9a2 3f5ef209 bec8eed7 bc51c004 bf372b8c 3ef1fead bea7aaac beaf1ad0 3ef95eae 3de468dc bf3b8fae bea23a91 3f2963a4 be5f3508 bf185376 bf2f558d 3f513fc1 be3b54a7 bdd0687a bf4dc1a0 3f11ad64 3e306c5b 3eb136c3 3e1584c3 3e5f3cd8 be6cbc81 3f0b5988 3e6724bf be83763f 3e3724fd 3f6f01f1 3d8d1990 bbba8121 bd39f1c5 3f5fbdde bf0bd994 3f13db61 be904e40 bf36457e 3e29b45c 3c885e60 beebeed9 3f7f7a86 bf766e0b 3f2f6d89 bf167d61 3da928be bf25f584 3ebd32d2 3e6e2bf1 be4ebd1d 3eedd6b8 bea4c242 be0fec97 bdbb174d bd8977ae 3ef7aacf 3e864e8c befceaaf bf54c1a9 3f40dba0 3e817e3a 3f75a1e8 bf71f206 3f6eb811 bef292bb 3d6cd16e bebc3ad7 bf00c595 3f48d1a6 bf19cf65 bd5c0ee3 3f28896c be1ed423 beec8ad5 3f785220 bf29d992 be88ca77 3f4eadcf bf439bcf 3f5f59d4 3f121b70 be13050a bf1a7b62 3f7f8c82 be98ea54 
bedc7aba bf425d9d 3f758e1c bef0570a 3f4245b8 bf2ba180 be957ac9 3f277591 be7c8489 3f7161fd beec86cb 3ec10ac5 bf3281b3 3f3b5fb1 3f071f74 3f2ccdb3 3f76421c bf737e0b 3f326bb6 bf3c43b4 be898a4d 3e817a27 bf4127a0 3f2c679a 3f6e6ffc bf4197bd be2ec49b bed14e4c 3f1e019f be221cc5 3d8c990a bec07683 3f0a3757 3f1c398e bf64fff7 3f4ccde0 bdd00899 bf5779fb be3104ff 3f37e7c5 bf4a8bc2 3f110590 bf74561a 3f296f8a bec0868f 3f353fa2 be1444b7 3f422fae bf6e2c22 bdc66879 bea8eead bb4327ea bdde89c7 bf03cb65 3f4519cc 3bc287ca 3f092d70 3eae0684 be55dc8b 3f0ab982 bec45ea5 3f77a021 bf546fb7 3ef83f0f 3e34042a bf34f383 3ea7ae27 3f097759 bf655805 be23450a 3c434120 bf0dd59e 3f03dd7f 3e3974b6 3f01f965 3e6adc54 bf3e59a4 3f182ba4 3e588c7c bf3cfb98 3f7d1e71 3d65f316 3c9be531 3f076195 3f268bc7 3e92ee6e be6d0495 3e2b0d57 bf144380 bf663de4 bd8f6868 bf5225e3 3e4a7527 bf46379a bf110f7e 3e50ec8c bf298d8d be28fc76 3e66f4af bea14ace 3e37540c 3eb0b691 3f40b5c7 3e345c65 3f5521dc bf3e29b1 3ec3d296 bd1caf19 bf19e779 bf36cdb6 3f724203 be4ea47a 3f27eb9b 3ecac6e9 3f79601d bf65d5ff 3ec116d5 3dbb288a bea94679 bf52ebd5 3f574dd7 bd3f5070 bdbed8af 3f5109cc bf40f7a3 bf2bed83 3f2e4bbf be1e9c4a 3e81d217 3f69edf8 bf216f65 3f096355 be3084f7 3e78ece9 bf026b67 3f3649c9 bf6e680b 3f54efb7 bf1afd88 3e77dcc7 3f34eba1 beef7ee0 3f15e985 3ee41ee2 becbaec1 3e372ca7 3f6d89f8 bf3d57a9 3e5bdc5c 3e83b2a7 3ece52e3 bf6ca404 3f5f53f3 be656c21 3ec3e6cc bf1e3f8d bd50f023 bf5cabd1 befac6f3 3f05f977 bf1d7f96 3f6b3a07 bebbe695 3dda0a6d bf33e588 3da63866 3e362cc9 3f022f7c bf4c01b4 3f434faa bde7396a bf0df776 3f2ca1b4 bebeaed9 3f75fe10 bf4803e3 3f2d3f84 3e90a270 bf5b9bd4 3ecd46d7 3f5475c9 3ea676d7 bf257598 3e54c420 3f200bab 3f01456f bf001588 beafeeaa 3f0d4998 3ee1daaf bebff67a beb4c66d bf2e655c 3f7e726b bf78a023 3f04dd6b bf184b82 be630489 3f09318b bf5d33d6 bef4a6dd bf3601c0 3f479597 bf0ca796 bee11710 3e43fc94 be7a5c6b 3e89826d 3f5c5bc8 bf6a8e03 3f030f91 bdac18b5 bec3ce90 3e0e2ca7 3f1ec179 bf03f979 3ef57eb2 3f28158b bf5521f0 3f3f13c1 bf6667e8 3f17776c beb0e262 3f5b5de3 bf13efba 3f0e5d86 bf1be176 3e245c97 be206446 3f5a5bce bee8ba9a bf5307b7 befc02d6 3eddf298 be814aaa be870a08 3ded0969 3e98fa66 be494c0d 3ed2926b bf0ddb7d 3f768bfc bf740811 bd065069 3eeeceec be946ec9 be167433 3f6929e8 bf7d443f 3f3bf96b bee5eb20 bf6395e7 3f524fe0 bebda27d bebddeb1 3e7e9449 
3f797215 3d8f8735 bec98e7e bd883825 be86e6a9 3f37c3b0 3ec25a6e bef60ad1 3d3890bb bee78b13 3d01d212 be0e1cea 3e958e9c 3dfbc8ad bf79603b be8cc290 bf6917cd 3e7b9533 3dc618af 3eac9edb 3eb536c8 3d3f8e99 3e99ce95 beaf2ab4 bf44c9b9 3e2d54a3 3f61bfe0 3d12f19c bf11bb75 3f4367b4 bf5b4fd6 3f141786 bf0f2f66 bf32a9aa 3f3c83ab bf74a234 3f4b65be be3d8c40 3f130d8a bf006f66 3f5c37ea bf4129d3 3f5a9fc5 be02143e beaa6a7e 3f087d8e bf6cb809 bee02ed6 3f5c7bc2 bda4f8b6 3f757a0d bedb067b 3df75a93 3f0d398c beffeb0e 3e071c82 bf5389e3 3e9732c7 bf1dcb69 3ee2f6b8 bef822dd 3d449199 bf1e9581 3f45eb9e be43d58b beb2c690 3f2301c3 bf5c21be 3f195582 3e6e64da 3c4e45bc 3f4af5c8 bf4257d3 3ec33270 bf6565ee 3d2d8f58 3f196392 bf74b82f 3f38a795 beaa4a81 beb6ca69 be3ea4cf 3b36e39a befb8ad8 bf7c3452 3ef4da91 bf5dc7ec 3f2ea3b8 3e960a8d 3f4e11e8 3eb3a656 3eb236cc 3dea07f6 3f560dc4 3ddb9991 3dc099cf 3e7704ab 3ef3faea be3f1ca4 bd721167 3e2104c0 bf28539c bea54e81 bee362ae bf01f74d 3ea49ec3 3edeca96 bef62ae6 3edba6c7 3f33719d bef4bb0b bec54a9c be1abcd1 bf65fc12 be4dccfb 3f2b9b97 bf130b5b 3eecaeb6 3e04ec1c 3f5dcbe2 bf085569 bec356b5 3ed6aec7 bf5897c0 3f06d36c 3f3f89be bf21539e 3dfc689b be427ca5 bf4c8bb3 3f2d23b2 befecae2 bdfa0891 3ea976c9 be835693 bd3d50cb 3e88a695 baf21df8 3ea91298 bf1e3787 bee0629a 3f54a5cf bf7d2461 3d3f6dda bcfe5fa6 be55f504 be3f4492 be860e41 3eac4ed9 be787cb6 be65d4b9 3f0ca56b beaf16a2 be706c64 be513cf0 3f17978e 3f13398e 3eda3a86 3f241586 bf775824 3ef076c7 bf224d61 3d931841 3f017d77 be8ade64 3f14f971 bf2d718b be7be506 3ec302a4 bef276d0 3f2d15a4 be8e6e87 be6c0c7a 3e498510 bf29e1b4 3eea16cf bf1b0970 3d83289d 3ecf36c6 bef1fad0 bf46d1b1 bf03035d 3f42e3a2 bede56ee bf00c788 bd4fafd2 be028c7d 3f2d018f bf2d9ba2 bd6c9072 3d022f6b 3f6ba3f2 bcc623f1 bf4bffab 3e83ee85 3f48a7ae bf48c5a5 3f70e40e bf29019a 3f704a24 3f2db7a8 3ef4b6c1 bf3733d8 3f4ae7b0 be72ecd5 3f3b91a4 bf60abda 3e8fbe54 bf4661ae 3f65ebe7 be27fcbe bdf6a98d 3ebe1669 be12b403 bf3c19bd 3ed286ab be6be4e4 bf69e9d7 3f7341f8 bf3749b2 3edd7281 3e10e452 bf22955b be92063f 3ee76aef bed47eb2 bdcc28d6 3edd36d7 be9fbecb bd5a115d 3e186cb2 3f3aef9d 3f0f257a bf1e978b 3f052b82 3ddb8970 3ecf22b6 bf1401ae 3f26b39e bf73182c 3f26b97f bf172764 3e0b4c90 3f49598c bf1f4596 beceeac4 3f57a1db bf562fec 3e8fd652 bce2dfc1 bd75f194 3f151d80 bf4899ee 3f75c625 bb070304 bf21e589 
bf6681d3 be806e7b 3f7bf83a bf2c398a 3f1ed796 bf5f71b6 bf4eddd0 3f720600 bf473bce 3f6e6004 bf140777 3f2c79a7 bef08a75 be101c46 3ee952c0 3ef66b0c 3f21397b 3df538d8 bf06c56d 3e1c13f5 bf47e5af 3dd4598d be404cd0 3ec50ead 3efce2bf 3cc4a062 bf40a193 be8d4a87 3eb6bac9 bee5aed9 3ed382ae 3d76cf49 3e470cbf 3f565bb9 bf07b773 3f4d7dc6 bf79583b 3f40c3b5 bf185faf bdf82815 bee326ce 3f2fb397 bf6439c7 3ead5693 bdf4f89d bf07b38a 3f71f7db 3e91925b be8afe46 bee37a6f bf59dff2 3f0e1771 bf016b8a 3db8e9a3 bf059b54 3f2cd7a1 bd868926 3e465513 3ec052ec bed10ede 3ed79729 3e43cc74 3eb60a62 bf5053d3 3eb372bb 3e7d641d be259d0b be01ec73 3f30e18d bf727617 3e5d9d0b bf0d057b 3d707254 3dea5a15 3f031f6d be7e04bc 3d9b37f0 3ea37e82 bf325d85 3f7dce6d bee22ecd 3f2a8ba9 be35bc41 3f1dc589 3f6123d1 bf1cff84 3f769227 bf28f9a3 bea87694 bf1e198a bf355198 3e636ce1 beb342a4 bf7c4459 3f2c499e bf721e2b 3f120760 bf32e9a3 bed3e6e3 3f53cdc3 bec5bb05 3f294788 3df5a941 3ed472b7 3ec1b676 bd561092 bf4253b4 3e469ccb 3ea3fa95 bf4dcfc3 3f26d3b4 beacb66b 3f6db005 3f0e5193 bead32b5 be0374f4 3d85390c bded6807 bf727203 3c4a3f97 bdaab839 3e024c24 3f19f17d beca0a98 3ebb6ed4 bf4e2dcd 3f058994 be870e56 3f41fdf5 bef4aec2 3f34d3a3 bf35a39c 3f7dfc36 bf7b244c 3f45efb8 be5b3d26 3d3df25f bf11736c bd53520e 3f787c0e beb9b6a8 be561584 3f13cf59 bda0f887 3ece62de bd9388ce bd906857 3f4c8fe2 bf44f38c 3e09ec83 3efffe8f bf64d3c5 3f3aa19d be3e74a1 3f04756e bf5005dd bf3a5385 bec816e1 bd924971 3f088969 3f04f963 be961275 bc989fde 3e0e9404 bf1cc39b 3f36a784 be947668 3eea2aa1 3eb876bc bf2c9f89 bccf2177 be402d48 3f712011 bf605fc6 3f3bc5c4 3e2f54d2 be8c368b 3e844676 bdbb37dd 3ef49707 3f4131b7 3e971a82 be900abb 3e4b4c89 3ec8766f 3d1e51a8 be443503 3eedfe83 bf30978e 3f5921db bf4447be bf063185 3e8f4252 3f73c805 bf1f6f86 be45d4ba bc50bbe2 3e337ca5 beee4299 bec34e9b bf653bf4 be6bf489 3ec212bc bf0d958f 3db75878 be9b8e6b 3f15397c 3e656d11 be079475 be0244de bf3dbbb4 3f3569c1 bf06a958 3ebfe6eb 3ecfcea1 be331cb4 3ef74ac3 3ece36d2 bf17bf96 3f4b13bb bf314bc5 3dd7094c 3f776846 bec3e2de 3dfe7962 bcd11e84 3f2a5f81 bf034f6c 3e332cc7 be1dec0b bee052be bda1b98d bf0d4953 3ed316fb bee75ed8 be799c77 befafab2 3ebb4ef8 be416dbf 3e8cc61f 3ee63eba bf09799f 3f2ffb9f bf71801e 3ebc7aaf 3f581de3 bf795a3c 3e93be29 3e737c86 3bad8922 beb16ecb 3f37a58d be8dd279 bf2b7ba1 bd93d8f8 3f529fe9 
3f3faf94 3ce72393 bf27239b 3eb0e658 bda36968 3f1d61bb 3f1b1770 3df1c864 bf00cb7f 3f4163ad bf6a05f6 3f1edf7c bf33dfa9 3f26af92 be11c496 beab8265 bf6f5a19 3f57c3af bf2ee7aa 3f16759e 3ee91e97 3dbf990b be03ad1c bedbfef7 be034cf0 bee2caf4 3f745223 3dc9b8db 3e86ce2e bec3ae92 3f176f93 bf5cbdb4 3e091489 bf751804 3f0c0b94 bf256192 3f36b594 bf4279ca 3f0d0d8c 3e840a5b 3ee3feb5 bf5695b3 3f7b8a4e bf1c739e 3f1a617e 3e6b2cdb bea69e85 bf08f17a bcd1e3b3 3f487d9e 3f0b5f7e bec372a1 3f213dad be2f2cfd 3f14e77d bf3497a8 3f3451be bf3c25ae 3d95c87a 3e88168d bf12497e bea822a2 3ecfdeca 3e895299 befdcaa2 3ce4e37f 3e57550b bf045986 3ec7cafa bed9bed1 3f5bb3bb bed49aab 3f530dcc bf1f9172 bdb708ef 3ee7eaf9 bf4c69bc 3f5081ad bea18e7b bf126173 3e9ba685 be807226 bf028168 be551ce3 bf3a83b2 3e717544 bdcb08c0 be588c57 3f4a83df 3e96d2ab 3f745801 bf085f4c 3ec31f23 3f5301ce bf25fdcc 3f1b2950 bd7c72e7 3e081564 3f795e1c bf45d9b5 bf1d9b9f 3f083f6b bf538bc8 3ea92689 bf4583dd 3e180c3f 3f3707cb bd725008 bc27c374 bf287fc1 3ec87236 3dec598c bf644deb bee1c301 3e576d01 3f4c8bdd bf54f9d9 3f4d1dcc 3f7dc85a bf0a0d58 3f6709f8 bf47638e 3dca799a bf1b9b9e 3f68a5f3 bf2dc5ac 3e8a8e76 3de90784 bf5f41d1 3f43e1be bf5e27d6 3f45b3c1 bf5e29d2 3f5607d4 bf293579 bdb39874 3e80ba3e 3f0dbf83 bebc7ed6 becf9e97 3e6414a3 3e23e46e befe3707 3d8e279e bf101379 3f0e7396 befd1a93 be8fea8c 3f500bdd bf22638b 3efc66bd bec596ac 3f06d75d bf694bf8 3efad6c0 3e708474 3f7ea861 3e78050a be465c0b bf1ca57d bf2b49a1 3efebb08 3eb0daea bf319baa 3f51efb2 bf70d207 3ec07efd beb716cc befc3314 3f2d0b81 3ec4d680 be6f3479 bf21a5a7 3f049177 be744cc6 bf4705cc 3f5539ac be6b84e6 bf067166 bec6dec0 be90963e bf466fa7 3f2f0ba6 bf45599e 3f0a2159 bf340db0 3f16099c bf66d1fe 3f4f95cf bedd2ebe 3f5f1dc7 3dbf494f bf125772 bf0a578d 3efe9ed7 be258ce6 3efe8ad5 bf047395 3f2329a6 3ebef6b9 3f719e15 becfbe36 3f5bdddd bf3cb5ca 3f790429 bf5a03b5 bd63314e bdbce8f8 be8bc691 3f2dd7af 3f167b80 bf5a8df2 3f365b94 bf735a1b 3f04677a becfdaaa bf5e17f5 3f0b4163 be966eb0 bee49ed6 3f709628 bf4c3394 bf0bf172 3eb1029c 3dcfb8c7 bf3113b8 3e9742b9 bf3ec7d3 3f2c9982 3ee70aca be36cccf 3f089b7d bf20ab72 3f5bfdf3 bebcd269 3f401fac 3ea64e60 bea536bd 3c5bbee8 3a441b9c bf665403 3f42e583 beecef39 3ddea91b 3ea6c27a bf753409 3f246385 3eadf6de beca368b bdb2097c 3e0f9cb2 bf33bfb7 3e434c8b 3f5aa5c7 bad61fd9 bf4949c8 
bee7feb6 3cb91e52 3ea326b0 bdef9847 be27842a bf23179c be49dd45 bf4a95bf 3f09d39b be87d24b beabde5f 3f51b7ca beeff291 3f231fc0 bf73b01f 3f12ad7c 3ee656d7 bf4dbdb9 3f471597 be5e157f bf711223 3e999e85 3dd32913 3f0773a0 3d8d59e1 3eb7daa1 bf024399 bf714603 3f63cdda bf72422d 3eb0b2e4 3de01893 3f01e77e 3f01515e bf04219d 3f394fa6 bf40d5bf 3f773223 bf741607 3eb056ab bf5175be 3f5bffda bf126d8e 3e13bd0a 3cdea201 bf7b0e2b 3ef68283 3e131424 3f028d71 bf7ff49d be8b1291 3e441da6 bf29cb81 bd0870ab 3c0b3e95 bd3a0f0b bf1b25a4 3f4925b4 bf1c8f77 3ede76cd 3e86da47 3ed9630c bf52c3bf bd6e12fd 3f6df403 bf352d80 3ec48292 3e8e7e96 bea9be87 3cc69fa3 3e87e276 bf4395af 3e7c64f1 be41dca0 3de978c7 be828673 3ed7f29b bf45c3bb 3f0f1575 3f0b5b84 bef04f46 3e7d742c 3eea8acb 3f4b49a4 bee596fa 3f4b5589 bf5d9beb 3f0b6da6 bee9e67b bf48f7c3 be9b427b bdca28f7 3e99a653 bf67f5e0 3f142396 bdae591d bf065581 bd538fea bf3b8d9e 3effeeeb 3f344da1 bd9517ee be4a6426 3e80e29a 3ef07efe bdfc9a6c be040cbb bf532fd6 3f29397f 3f2d1d9d 3d1b0e34 bf10e16c 3f42c3dc 3f2b2f6b bf081d7c bf242b72 3f229b93 bf68a3e3 bf10c37f bead1293 3e3614f4 bebfa684 3f163774 3ecb5ab7 bf6c6a06 3f5191b0 3cfbe06c bedd8280 3f09dd72 3ef35319 bf61d3cf 3f6a2fec bf382b8e 3efa5322 bea44697 3f70d5fb bf77c629 bde7c872 3f4fd9d8 bf318f99 3f072970 befa1eaf 3f008f76 3f0ae18c bf24f5a2 3ecb369d 3e99ae84 bf12fb77 3ed2c2e4 bf2da594 3f37bd8f bf21f7a4 3ea5f6cd 3eba7ea3 bed1a2d9 bec1bed5 bf197d71 bee02702 3f12557c 3efa16c6 3f4cddcd bf5407c1 3dc1f8ba be1c4445 3f38f9bc bf0be796 3f0f0d91 3db01928 3d8559f9 bbf194b9 bf6dbe2d 3f17c1af 3eae42cd be7ebd62 3ea4eea8 3ed4aac7 bf0f6198 3d2791f4 3f4cedca 3ed846ac 3da978fb 3ea48679 3ee2de97 bf646bf2 3f695e05 bf252179 3f5579ad beefa2f6 3f19e577 bf6dd60f bf187396 3f2d4f9d 3e331c4d 3ece0e72 bef22ef6 3edcfa91 bf23d3a8 3e27c505 ba9e1604 bf6dcfe8 be87a269 3c2ebd09 bf6967df 3f424f9f bf3137d4 3f570190 3df1193f bdb677cf 3eed96d4 bf60b1db bedcd2c3 3f4759a3 bef552ef 3f541bc5 bf464fc7 3f267db7 3f6623e7 bf208190 3efabae2 3dc5b786 bf140d77 3f2c3398 3f2565c0 bf33fbaf 3e8f0691 3ee52efe be1b5c4c 3f5375d7 bf5169d0 bf1c2f87 3dc587fc 3f034b6a bec4eeb1 3e06abe2 bf41458e 3e9edacd bf6c5c14 3f26779e 3d201151 bd9ad7f9 3f67ebff bf20bf83 3e85bab6 3efc4efb bf5277a3 3f7a0c0f bf22398d be134472 beba3a99 3f3d39a7 be319c7c 3f0d0389 be80ba8f beb4826b bf16195b 3f6f7a16 
bec936c3 3ea71268 be6f2472 3e480ce9 3e42fc8b 3ec68a7e 3ed482f0 3f2b27aa be2bbcbb be07dc92 3f604fcf bf7c1e55 3bb07372 bde95811 bd1e4ef1 3f419593 bf0fd795 3f2f5faf bf093f95 be080c2f 3f547bca bddaf97a bea66e78 beec2ad8 bea6c275 3d91989b 3e1ba46c 3f72adf6 bf56edce 3f71841a 3e1dcc9a bf53f1c9 3e0cdcaa bef56ea1 3d229091 3e885256 bf1f017d 3f3b31cd bf289785 3f26939f 3d12909a beba52da 3f047159 bf6db004 3f78b615 bb6916de 3f3bed86 bf3af3af bce4628f 3eba6660 3f077f65 be40dcfc 3f17db8d 3e30746c bebf4a9f 3f49c3d2 be1123f1 3e94ae59 3d703156 bec26284 becddecb 3d99f951 3f016f7d bdd2b734 be784440 be7a8d37 3e88825d bf2cc78a 3f4de9cf bedb6eb0 3dd4e862 be275d17 3f460ba7 bf2e5da0 3f697e19 bee26ea0 3e608c68 3f024b75 bf2f6999 bec52678 3eaf42b8 3e1d2421 bf6e0fe0 be8f9631 bda2f8cc 3e32ac21 bcba5ffe 3e968e89 3e276502 3e9722a9 3f736c09 bf030f58 3e5c5d7f 3b5f2675 bda738fc be7d8537 3f01d356 3f63e1d0 bf10a763 3ed9f2e0 bf686bec be77d47c 3f4ba5bb bee0bed5 be958eb0 bebfd310 3ef586d7 3eb0d6c1 be91f280 bf4f1fa2 bf09a54c 3f6ce9f1 bf6e33d4 be031c61 3e92d68f 3e79ac92 3e856642 3e55a4fa 3f3f358d 3f005b54 bec9b69e 3f112f5a bef7fae6 bed5fae6 3f4ab7b5 bf3179c9 bed39ebd 3f7f248d bf791c20 bedf56a5 3f196b79 bda19893 be9b2e59 3f181178 bf5a5bc0 3da667f4 3ee6629e be9436b0 bdb04878 be29bc4e 3f319fb3 bef546ba bedb8aa4 be3f0cf9 3f241f95 bf1bb9af 3e007c1d 3e54ad1f 3e160c96 bd4f0e24 bc93e2eb 3d87e818 bdf5a81d be66dcba 3e537d1d 3f5781d4 be5524a1 3f5eb3c1 bf68920b bedf030d be8cbe76 bd865846 3f63cfe9 bf34ad8b be860261 3e694d1e be168c0c bec536d7 3e19e42c 3d371203 3f47a7a2 bf72e5ea 3f1aef91 bf68d9ea 3e854a55 bedf3f3b 3ed2e6cf bc4d3b75 bf648fe3 be5954a2 be480c66 3ccaa2fd bf178184 3f727fd7 be3efc46 bf4e3da5 3f482ba8 bf735801 3e94aa65 3f654bf7 3e460561 bebe2ee2 bf6d2bfa 3f6c63f4 beedfaba 3d88f8e2 3eabc261 3e77151a beca42cb 3f7d8e5a be0714a0 3efaf2e6 3f3279ba bf25eb80 3ee8cacf bf7aca44 3ed2d2bb bf5463c9 3f26c59c be311cf8 3f5f0dbb bf6b140c 3ed246a4 bf27319a 3f487fc9 bf4025ad bef19af0 be181ca0 3be67636 3d99695f bdaba810 bd638fc1 bf5f6205 3f714c03 bf55ffde 3f0a0973 bf786e10 3e0f844f 3eb216ce 3f655bee bf034779 bf086f7d 3dffe954 3ee18e66 3ea4b66c beca6ecb 3f5463cc bf2793a0 bdaa88b1 be522c73 bebb2296 3e816a9e bebb9e77 bf0b8968 3f7ea05d bf60eddb 3f0c336a 3e58a4a7 3e675bb5 bda02878 bf6599d5 3f29ff8d bf1a1b7d 3f184781 3ec8ce7e beac3274 
3ec996b2 bd57b069 bd9ea8af bf09fb68 3e88ce6b bebc56a7 bf28857c bee34ed6 3e09cc65 bd9b8894 bf4465d8 3f5dd5cb 3d3bb25e 3f2819a5 be855e53 bf4519a5 3cebe689 bf2e3f83 3f59cde5 bf10696b 3f1cf170 bf7dc472 3f4e09c4 3eacba80 3f201195 bf3139a8 3e984e72 bf0ca581 3e5f2c64 bf46cdd0 be1c9c89 3f6af002 bf30c78d 3f75c215 bf26f1a3 3ecd56f2 bdf6b842 bf0b4d84 3f7ac835 bf6825e5 3f27a791 bf4f0db3 3f754a2c bdaee8c1 bde5c8f3 bf37ddae bd80179e beb9caca 3f397794 bf154379 be215c2b bea2aa48 bdd88819 bb410656 bf066f80 3e896a52 bf4bf1b2 bc003cea be82aa45 3ed18a7e 3f1e0b98 bf5c57c8 3f10178a bf0aa17c 3dc5f937 3f04e967 3e84de99 bf1d0d71 3ef82f03 bf2fcd7d 3f26fb95 3e44e422 bf687ded 3f192977 bf661c00 3e3604e7 be060ccb bf031985 3f2b639e 3ecdb2bc bf05f978 3dffd901 3ebcce91 3f00317f 3e86ea0f bf6dde18 3f4b8996 bf7e7076 bd80b9ac bd2fd002 bf288191 beca16d1 3f5fadc9 bf17f37d 3f5c2de4 be989a9a bee8eeb3 bf136790 3db5f94d 3ec60eb2 bd6d3236 3f495fd0 bf73dbf1 3d37d22a 3f6b1809 bdc1b85a 3e43b4db bf095f8f 3ef2baee 3ebe82a9 3f4ce9d6 bf161d7f 3f6d49f0 bf6e3a0b 3f4f87d5 bf40b5b8 be02f403 be2a1466 bf7e3a60 3ecbf6ff bf6f460f 3f33298b bf08437d 3f24f565 bf2103b4 3f279791 3e493453 bf4eb9bf 3f4d0bbe 3f6d4c02 bf5b53be 3e6bf529 bd745058 be6034cc 3f7e3448 bf740005 3f5917ba bf0a6985 3f096d79 3ccca329 bf66b9ee 3f2ea9a1 3f63c7df bf65d3e2 3eaf4e7e be338c13 3db3495f bca19ca1 bf103f5b 3f1d53b5 bf26d39d 3f6e8bf2 bf6753da 3f7be241 bf5993af be9cfab3 3bfe7c2c beffbace 3f3189b9 3e633cac 3ec79e7b bc8a651b bf3b9fbb 3f6b77ff becf66c2 3f1e6178 bf455d89 3f79b830 beaf5ac9 bebcc68a be26f51e 3f4553c1 bf2de598 3f671c16 3e829e85 be52b4cd 3da8f956 3e03d418 3e515d0a 3f7e7a5d bf508fd8 3f46738a be937664 bf2071a4 3e6cad69 3f114598 bee00a86 3f52cb9e bf0cf188 bf3d9fa9 3e163546 3e3c1c42 3f5969e2 bf78a42c 3d794f95 3eadfaaf bf5af7db 3edc6eda bec566de 3e1dbc5a bf09bb63 be8a2a47 bf3e8daa 3efefed4 3dc298f8 3ddd396c 3f4729d0 bedce6df 3ef24ad4 bf1563a7 3e113c40 3e395492 be679490 3f297f87 bf4d47a4 3f10f39d 3eabaab4 3f2bf9c0 bf0f3592 3ee18712 befeeb12 3f687fe5 bf288daa 3f521dc1 bf1599bc 3e559c8b 3f04eb5e 3d4a5286 bf345bbb bf06af87 3f3c71c4 3ecbda89 3e067498 bf70f025 3d8267db 3f3131a1 bf4947c2 3f0d2363 3e90869a 3e97eaa0 3d9a58ac be6b2ce4 3f5eeddc 3e1fdd1f bf5fb3cd 3f30bd9c bf1dc994 3ea60eb0 bf7fee93 3f6879c3 beac0ebe 3ef8d309 bed662a6 3ec2b678 bf6fadee 3eec92d1 
bf4fc3c8 bd4cceb0 3ec75e83 3f3ce5a1 bf2347aa 3ee33ec9 3f1e818a 3f04e36e bf16e169 3f59d9c3 bdc3890b 3dd658ab bf55b9a4 bf3361c1 3f0d758c 3e66fcb4 3f65fff7 3ddfb7e8 3cb1a1f6 be6884a8 bf27c388 3f7629fb bf2b31b2 be911676 bf286bb8 3f3fadb3 bdbd082f bf099b54 3f743e0a 3f0fb174 bf4b0de3 3f2fe592 bf29bbad 3e8bde48 be662d2a 3dc078be 3ec7a6cc 3d83890d beb9c68a bea9a687 3f2d6789 be61bc93 bf212186 be5b249b 3f126b74 be55952a 3f6ad3e8 be310d4a 3b04e18f bd72afb7 3e827a50 3f2bedb4 bf4bb1bf 3f40739a 3e309cf3 3ae58bd4 3f32c592 3c574309 3f0cdd87 bf24dfaf 3da037bf 3baf7fac bc70bc5a 3e01bc52 3ec1dea3 bf3feb9a bece2ea3 3f6803f3 bec5b30f 3eb43a8b beb93286 bf0be167 3f6c6807 be9fca9a 3f64c7e6 becaee99 3f4f41d7 bef40ed3 3ed58aae bf7fe8ad 3f4837b0 bea44e6c 3e83462b bf537fce bcdf21ef 3f4685ba bf10955e 3f463392 3f344392 bf3731ab 3f71d006 3ef662fa bf64680a 3e376486 bf6301c1 3f3961bd bde79887 3f523fbe beec7717 3e5d94e1 bf4649ac 3ea60286 3e7384c0 3e240cdc bf71d012 3d50306e befacef3 3e8aee36 beb35e84 3d26ce2a bf3353b2 beb212a3 bdde68b4 3f3dc7b0 bf1e6785 3ee29b02 3e104c64 3e695c3d 3f54cbcf bec3eee7 3f11835f 3e413ce6 bf0deb93 3f38277c beab7eb4 beb80aa3 3e940687 3e95aa5c bf2809a5 bf592bb5 3e643496 3e472c39 3e8ffe67 bf235193 3da08915 3e119c80 bef5cee5 3ddd2a49 be62bcff bc805cc8 3f2e1d7f bf77de27 bd9116e9 3c3f494c 3f325d98 bf3b25e0 3f6445f7 bf5a7fd2 3f61dbf2 beb4725e 3d60b1d2 bf3c6791 3f6d5c14 bf5d87d6 3f33ffd6 3e9e5a98 be68d51b 3f1e8990 bf44bfcc 3ea716a9 bf7eee4e 3f705ffe bf3e99ad 3ef472e6 bf41b384 3f5661c5 bf43c9b6 3e956aab beb7e6ee 3f37879b bdf64939 bf51b3cd 3f15c185 bf19b196 bf5af3cf 3f49cfa8 bf75b401 3f1a3594 bee59b0a bf51dfb4 3f771623 bf50a7e1 3f15055f 3f232383 bf4d739f 3ef126b8 bf2c2789 be592535 3f41c999 3e40ed18 bd8ab904 bec1ce97 bca4dc3c 3e029c57 3f57d7f8 bf066b60 3f673bfc bf34538f 3f2e7f9f bf418faf 3f5f45d2 3e04fc84 3f5369c3 bf3e35ab 3ec7b6bd bf005768 bf4f6bca 3f4bcde9 bf4cebd1 3ecc7683 be9f2e73 3dc7799a 3e4fdd1a bf1f3b7a 3f2d57bf be49eca6 bed9227a bf3b71a2 3f24b39c bf179189 3eb0d27e bd295295 bed46ee7 3e6794a4 beb8c683 3f33d199 bf7c7058 3eb0c6d2 3f1d159c 3e7f7d2c bf15c379 bf7b4a35 3f329fc7 3ed51ac0 3d1f2e64 bf6919e0 3eb3bad2 be3454aa be99b249 bf57fbe2 3f47bfc0 bf191766 beb4a2a7 bebb16b4 3f277b9f 3e35b476 bf015383 3f039750 3e9a2241 beb2868f 3e8b3e32 bd923983 bef7cb20 3f34ef8c be8a4638 3eed0a8c 
bdcc3955 3efcb6e5 bf19979f bf3f37c1 3f1fb370 beabba96 bf241370 be296cf7 3d50eedf bd0c3358 bf565dcb 3f0cf181 3f0ab58f 3f63a3e8 bed3c6c1 beaf8a96 bf1409a0 bf4c29af 3dab17e6 3e9d0e78 3f7f9664 bf774816 3f33b3b0 be3e8ccb 3f402196 bf42ebb9 3eeadad5 3e59cc37 bf404fba befb76ac 3f09c579 be7274ad bdb9688a 3e92b67b 3e11ccda bf2c2f9f 3dfbfa6f bf0b6161 3f57b3b3 3e4114b1 bf65f9db 3f5dfff4 3eaea699 3e174c27 beb65a8e 3e8dbe84 bf008765 bef5d6ec 3f204bae bf3cbd9a 3f01b94e bf629fc7 3f4e25cf bf107b88 beb97a9c bd8e6856 bf32c9aa 3e80a230 bf50e3df 3e793d51 bca7a216 3e94ca72 bd328fab becac6cb 3e7e8d1b bc61429a 3f1cb188 bf183992 bed3926a 3f260381 beab0a89 3f49a7c5 befb9f06 bf39eb98 3e46ccc0 bf1a318c 3c2c4310 bd733272 bed8c28d 3f3f8f87 be00fc24 bf3a6fa5 3f33079d beef32ef 3f5357ce bf664a00 3ec48eff bf2dc1b3 bf5c7fd3 3f5127c8 bf78361a bea2fa88 3eb75e74 3f70b7eb beacc6c3 3ec72695 bf38039a 3f076b82 bf44d3bd 3f152985 3ed0c285 becdfa9a be94ba87 3e21ccb7 3f534d9e be38347f 3f6647f7 3dcdc8f5 3d39b334 bf041773 3f6649e1 3f29c593 bf03e78c 3dd1792d be974284 3df478b8 bde8582c be2ccc68 bf427bcc 3e62bd2d bce25ef9 bf3ce591 3f28579d bf3177b7 3de6b8c9 3ef22a9b bf30d1af bcd21e3a 3f3c379b 3eeb5ec2 3f2ff589 bf4967b6 bc839cbc 3f4e73b7 bf25edac 3eeb5aa5 3e56d4b3 3d8c07cd 3e95523a bf30077a 3f624fe3 bed7faec 3f6c5402 bf7bec52 3eaafeb1 becf62bf 3c09495d 3ea82acc becd06af be578ce7 3f282fa6 3efa0ad0 bf6049d8 3f46c3a3 bf3993b3 ba6c352d 3e101436 bf1fd991 3f11e38d be942a62 3f0f118c be91ce92 3e4c94eb 3ed356b9 bec5f2ba be9cc697 3f43b999 be9ebaa7 3e149c95 bf10f368 3efcf339 3e680498 3e81429a 3db1693f 3f5d1be0 be8c6e84 3f5fd3d3 bf4fabb3 3f23bf88 3e939e44 bf24ad5e 3ef71733 bf484bd3 3cbc61aa 3e8e8613 bea49ae3 3f3cffb4 3e008c17 bf4b6fde be02fc28 3f2049a6 beb7e287 3e8bf6a0 bee17af0 be9d323d bf68c7e6 3f1bd58f bf11336c 3f3427bf bec81e97 3e5d4c86 bf7afa4a bdae6929 3ea09ee4 bf090177 3f53a5ca 3f103f8b bf13f79c 3e846645 3f59b5cc bf115f97 3db1d8a8 3d86c844 bd52ae60 3d162f4d bf14ef9f 3f5c85d1 3ebda2d3 bf0b85a3 3f7b224f bf3c33a8 be5564c7 3f6db205 bf226f91 3efc86e8 bf53cbb5 3f6e03df bf1e418b be4674c3 befbbec9 3f5debcd 3f6a97ef bf34bd88 bf3147b7 3f2b4370 3e53dcc0 3f5067b0 bf37099d 3f4ea3d4 3eccae57 bdd63971 3d0d719c 3f12178d 3e3cec77 bedfbea3 bed3e2ba 3f6633e4 bf7aa441 3ede1697 becf5e8c bd1f12a1 bd8058f4 3ebd26a8 bdd908f6 bf269175 3f26d99a 
3d8f49af 3df81855 3e24acb9 3ea5c297 3f010f70 bf333f8c 3f7f8a83 3d5151b8 be51f520 3e03ace3 3f6d9212 bf4475a7 bea29e74 bf65c3dc 3e5e24a4 3e10dbf1 3f369b84 3f445d9e 3e736d0a bf00db8b bf6f0201 3e219be3 3e99f2a9 bf01df5a 3f22f39c bf3f65cd 3e0e5493 3ea45a54 bec13ad4 3f6d7c0b be1c945c bf017376 3f2f9785 bf274dbf bc1a4359 3f6a43d7 be17bc5a 3e9e368c bf4ff1d5 3ed926da 3d6c10d8 bf4b4da1 be48cc6f 3d8fe852 be64946f 3e28b4c6 bec1028b 3f7053f4 bf4b1bc0 3f741001 bf166363 3eed66f1 bea64e93 3ee58aef bcc164eb 3f5d95c4 bdd378ed 3e7f6489 3e8dda41 3f73441a bf55a5c2 3e73d4d6 bed6d70f 3f35f38a bf4fa9c1 3f3bb7a6 bf5cd9f9 3f77e62e be5ef4dc be5b64e1 3e280ca9 bf6267e4 3f51abc1 3ea15ef3 3e976248 3e7fa4d1 be927a2f 3f5b8ddb 3d745028 bef64edd bbe175bc 3f7caa40 bf6a63f2 3f77140e bf2043a8 3d5c4e80 3e91fa64 3f294f8d 3e2d0c66 3e97eeaf 3bf67922 3f6a15d1 bf5679c7 befe0af5 3dde577d be770d15 3db20812 bef86713 3f6cfbdd bf763228 3ea2c67f beb5cea6 3f7d4836 bf5d17bb be956a8f be29a48d bf39b5be bf5d83ec 3f32d39d 3ed132d2 bf35f5ab bf44fbbf 3f5f43e6 bf5b0bd2 3f38d7a5 3e32bc88 bf332391 3f1fc1b2 3e9212ab 3e928a9a bef9feca 3f51d3c1 bea5fec4 3f18d994 bf05877c 3f31cf81 be70f493 3f187d8d bf755220 bebb92af bf715428 3f5d35ef bf232d8a 3e58449a be2d6506 3d5450da bef9f2cf be9d727f 3f1e7da0 bf0ffd6c bdb3e843 be941eb3 be3d0cc8 3f4f31c5 bec9d696 3ef8cabd 39b8106c bf114f5b 3f476da8 be32dcca bf312985 beca3eae 3f03d57d beb7069e 3f1347ac bed7831d 3f0f2179 bebb1a99 3f4c11b9 bf47fda2 3f00d78d becbf2f2 beb89655 3da007a5 3c6dbaf1 3f2e41a6 bf754ff7 3d8cb8b9 3ec9d6b0 3cb5e427 bec16a47 bd6dd0a6 bf3a33af 3e308c87 bf35498a beeb52ad be527ce6 3d1c30a5 3e2dccfa bf07db80 3f6abde9 bf0e1f7f 3f6625f3 bed94efa be47a522 3f11816f bf7b1659 3bb76bba 3f6de81a bf19c390 3e278cd5 be863a2f 3f02fb4a be8f7ace 3f72a7fa 3f1bf786 be046c57 3dd949c5 bf36bbcf 3efbcafc be8e5a8b 3f2eb59e 3edd2eb3 bf23eda5 3f694816 bf68c615 bf328983 3f6cfe09 bf214d82 bf4f0b95 3eb256a3 3f18955b bf79ba26 3f794c04 bf01e55f 3f5a519e bf78ea2e 3e125470 be36f450 bec6d6aa 3eb68274 3ec7beb7 bf1bfd90 be38f4cb 3f31a5a1 be91226b 3e23b481 bdb9e88c 3f1d0785 3dead8f4 bf2c3396 bf4be1b6 3eaa8254 3f77ba05 bf3cd596 bee276be bf162f85 3d9478e6 bc851dce bf0cf794 bf2bdfaa 3f4da1b8 bf5b89f2 bd0cb0f0 3f43dfb9 bf790858 3f5cc7e4 bee90e8c 3e9d863e 3e0a1bee 3e0afbf6 3e2c4d0d bec76e83 bd2caf49 3f6e9c1d bf7d782d 
3edf4ab1 bf6861f2 3f108b83 bea2daa5 bf6d5c02 3f55a5c3 bf1a919f beeeaaf1 3f47c7b9 bf3895ba bf08fd99 3f43a9bd 3e07d44b 3f060f99 3f24817c bf3d7399 be344418 bf5f23cf bec89eca 3f05c782 3f680de5 3e6bad1c bea43ebd be469c89 bea5528e 3f467ba3 be5f24cc bf14fd8c 3f6b9a1a bf3fe5aa bef45afc 3f7179f9 bee8e2de 3f0a436d bef04744 bdfc3908 bf4e91d0 3f4e45b4 be12844e befcd68c 3f1c7391 3f7d8051 bf42358f 3f62b3e1 bef8d2c4 3f05af42 3e81ca85 bec6068c 3ec3c287 bf5f21d5 3f29d399 bee33737 3e39647f bed8fe9c bd94a9b2 bf0eb390 be92fa77 3e826a45 bf4027b5 bf470fb0 3f0ba18a becc1aa9 3f60bbea bf5305a2 3f6c0800 bf5233b0 3effb2e3 bf697811 3effb698 3e39bc5f be983e85 3f6945e2 bf6295e7 3ccee066 bf79c63c 3f455fc1 bed3daa2 bf3a75a7 bed0cedb 3f467fc2 bf0cb36f becd42a6 3ec03a8a bf4c0996 3d2e6fd4 3f4d35eb bf6131b3 bea6f687 bd3e50d1 bee9beda beda5692 3d8e59f0 3ded5950 3eaf5eba 3e7af4d3 bddb4837 3f79002c be8ce290 be014c5e 3ebc96bb be046471 3ddaf8a7 be66cd29 3c99e06f 3f3473c4 3d5deea6 3f506dd7 3f5c6bea bf24e18d bf33d1a5 3f72e823 bd7a7054 3b877e15 3ec2029d bdfe899a bf376fbd 3f6955e5 be06cd49 bf65b7ef 3ebab293 bea53aa5 3ea4027d bf4f75ba 3e3304d6 3e4d0cbf bf73e01e 3e9b9a86 bf12039a 3f5d3dbf 3ecddebf 3f4b8397 becd5eaf 3f6e67f6 bf6f2816 3f0e678b bd4c7289 3ecca6a9 3e6694e7 bf037762 3f13116c 3ec86e66 bda2c8fb 3e9592b1 bf49d1ce bd83d78a 3ec27a93 bf34f1a3 3f6ad9f9 bf79d455 3eccfed8 3f4373b5 3e6dac8e 3d10ef31 bed9e68f 3f16cb85 bf7eb64e 3f604deb bf24eb79 becb8aca 3f037b6f bf4c4de0 3f561bc6 3f0c0777 bf3d0bb8 3f1e6ba9 bf70540c 3f60bfd6 3e3f7442 bf133981 3e9a4e83 be3244d7 3f6539e0 be03fbe7 3f184b85 3e3224ce 3f783234 be0a1486 3ec51eaf be90ae8e be67bc83 be4754c3 bb3919c7 bf15b971 3f46fb97 be69a523 bceb1c8a 3eae1e7b 3e9cf297 bf51d5ba 3f239781 bd9fc81e bef3cef2 3f17897e bf4a33e3 be2a5c9a bf54f1b1 be5c5cab 3e3b342a 3f554fed bf5513c7 3f3e4f90 bf6ee5dd be0b54eb 3e637ce9 becc8282 3e988687 3f6867d7 bf77f61b 3f34119b 3f554bcc bf25b1b1 be5dc499 3f0cf96d bf0d0169 be6da48b bdcc49b4 3e96624e bb20edad 3f069570 beafaa8b 3e9866ab bf09db71 3ebfc295 3e2de4d5 be7acd12 bf0e7565 3f3777b9 bf549fc2 3e8b5678 bf3fb59f 3f7ee45f 3ec7fab1 3dfef85e bf722825 3ec43a6e 3f22e982 3f062b91 3ebcda8a bf3da3b3 3f73ea08 3f66c7e2 bf7ec257 3f4dedd2 bf1b9985 3e8e663d 3f1b0b82 bf44d5b0 3d79eee5 3e8e326a bf1b8975 3ecf6317 bf3045a2 3f62e7cc bf4a17f5 3c003efc 3ea66a48 
bee266d9 3f72281d bf7b3240 3f6c35c7 bdf568a6 3f08cf94 bf0fe76a 3f6503f4 bf6f83e3 3f7cfc55 3e84e68f bf70ee28 3f087b5b bf6541eb bf09d586 3f32259f be087c86 3f54a1bc 3eeedecc bf3f45bf beb14e63 bf4fa585 3ea96670 3f5645da bf118d8e 3eb64ece bed032cd 3f2605ae bf5127bf 3e58bcd0 3f60ebf1 bf6cebe4 be671cf4 be30449b 3f5575b8 bf0cb57b 3f7ece63 bf42f1b1 3f04cb58 3ec68284 bf701df3 bf6dac0b 3f6e75f3 bf6e8203 3ed0f2f5 befd96ee bf0ae984 3dbc88b2 bec4e266 3f7c2636 bf52dfbb 3f5269d7 bf08af5c 3f7c2e52 beda9a6e 3f764022 bed9d2ed 3f16217e 3e98ca96 3eb34683 3f432dad bf3cf9af 3e8eaa7e bf6bc7d5 3f591ff4 bf2d997f 3f5483cc 3e161519 3d8c6864 bf6761e6 3f5979b9 bf5b07e4 3ed052d2 3ecb5685 3f0cc784 bf368bbe 3f1d4359 3f0ac375 3f4291b1 bf457dbe 3f4207d5 bdba49f6 3e300c3f 3f3727a5 be2314e3 bec016c4 3e9e7a74 3ef1f2b6 be1c54a9 3f066d63 3f4305c9 bf688fda 3f1bc37a be6cd4d8 be790d6f befef6fe bee99a9f bf32339b 3f5de000 bf76e41b 3f40d3ad bee58ed6 be5c8534 3f020380 befac2a9 bf0b0187 bec8f6dd bf4a15cc 3ef7f2f9 3f4a7583 bf79ec2e 3f4259b6 bf5309d9 bbf08856 3d068ce3 3d99e8a8 3d9ac7fa bf26fb8a 3f7de052 3e1ff43f bf09e379 3f27e782 be3e2566 3eb71e84 bca76278 3e6d352b 3f641fc4 bef6eee4 bd787320 bf653e01 bdd428c7 bf17938e bf1ea59c 3f68dbf2 bda81811 bf6397bb 3f40e7d2 bf6d4df9 3f281395 bf01975f bf2e21a9 3f063569 bf0e1baf 3f47b59e 3eae66a1 bf6a081c 3f7ef648 bf4a5db0 3f4a6bcc bee566e2 bf1a4192 bf228d91 3efdd724 befec697 3e0edc67 3f3efd9d bf7b862f 3f5c03e4 bdcd080f 3f0e418a bcba1df0 beb95ab3 bf7fa089 3f73f1e3 bebb2aa2 3d17af8a 3d56cec1 bf119969 3dc708b8 3f251775 bf631dd7 3daa57df bf168988 bd8ac7f0 bf0b838a bf6107e1 3e8812b4 bf47d5bc 3eb8ee84 3f698609 bf06ff6b 3f0b478a 3e2fb525 bf7d7056 3f24af6c bf4f9fae 3f2a419b bf54dbc5 3f5a61c7 bf7b722b 3f43fdb7 3d1d0fb8 bedbd2df 3f29b3a0 bd01b26b 3f56d7bf 3e818212 bdb5c8ba bf5701a6 3f4785d0 bf3339c3 3f349d9e 3e962660 be816a6e 3e62a48c bd461268 bf281988 3f43cdcc bf60bfb2 be9dea8c 3f09d992 bd74901a bd101120 3dc6e8e6 3f43cba7 be9b5aa7 3d9097f2 be992e8a be59d522 3e684d11 3ceea77a bed6eefe 3f406179 bf238fa6 3d9a78ae 3f4de7cc bf510392 3f77da22 bf0f8d9e 3f6b75e6 bf2d8fb0 bf4e9ba5 3ecaeab2 bde017de 3f391f8f bf6d3bf9 bf30439c be4fbcf0 3f3f8db5 bf77642e bf536bdf 3e9a72d4 3f0c7573 be89eae1 be48b475 bf154b44 3f0ca3a0 3f1ce15a bf6ed3ff 3f6bec01 bf4a0bdb 3f27d1a9 befeeeeb 3f60c3e3 bf024f71 3dad1834 
bf1ffd6d 3f05a98e beea5ed6 3e8f767a bf006b62 bccfa166 beab6ef1 3f02576a be88de62 bf352375 3eac0ef6 3e622c93 be5ad4a7 3f5525b9 bd93e7fc 3e3b54a1 be80866f bef4dedb be5dccf9 3f06657b 3e6ac43a 3f440b9d be7434f4 bedeae7d 3e6aa594 bf324f87 3f083176 be555cde 3e9c9a24 3e4b34b4 bf423dd3 3f1ecf6d 3f56cdde bea02288 bf351d87 3f59c1cf bf4e5bc1 3e705594 bf4f85da 3e9a6eb7 3efaa6ce 3f6309e5 befad2cb 3ecbb6d5 bbb18176 3e376ca8 3f5cedcb 3e3a7c68 3eb38e6d beec82df be77c4c7 3e78ad07 bf5015cd 3ea2c287 bf77d82e 3ea3aaae bde23834 bf595bdd 3ef2d6ec bf798639 be771c56 bea19e95 3f4b23ae 3e9f6693 bed3b6d0 3e82ee67 be9066a4 bf5239c5 3e60b49b 3f5e41b8 bf6e8c08 3f7c6c43 bf36b9b1 3ea8d6b7 bf571bcc 3f3b23b0 bf47d7c0 be974662 bf4041be bd10d16f bd4fcefc 3dbc58db bf5639c3 3e0994fc bf2b734f 3f755431 bf7e1a4d 3f4947be bf3e5787 be0d7cb9 bf025f8f 3f096b61 bea1f2cd bef5ef04 3f337d91 3efee2d3 3f23af99 3efbdad9 bd1dcf8a be64b45b 3ea07e59 be835a8a 3f733bf8 bf5c31bc 3d9638ea 3f5ad3dc 3c9da094 3f58b5b1 bf7c1650 3e2b3c5e bd650f82 be7e94e3 3f3dbbb8 be2e8474 3ece7ac6 bd3bedaf bcbf6698 bb18f840 be3074bb bf44079a 3f6b43ee bf7cf664 3f079773 bebd868d be67fc9f 3d8918aa bf5af5de be27145d 3f745408 be32950d 3f3afba5 3f0acf57 3f264d8e bf5b05c7 bdec9926 3f7061f6 bf4cd5b3 3f18c575 3c6d3b3a bd5a3016 3f5909eb bf17699e 3f06b583 bf2b43a4 be0634a0 3f356f8e bf68edf2 3f4c9fd2 bf6e6e01 3f0bf179 3f4f09cc bdd517d4 3f015587 3e260cda beb5fa4f bd9bb759 3c203e6c 3e943a77 bf40e9a2 be926ea5 be2fdcc7 3efcfb15 3f7ccc32 bf369188 bcdf629e 3f1b55a4 befa72cc 3f4f9fdf beb96ab4 be2724dd 3ea08ebd 3eb5c696 390f6635 3f09db67 3e719cbc 3f68f3fb bd49112a 3f1559b3 be91665c bf4d63c1 3e882290 bee1be84 3e7754c6 3eb5da63 3ee316d3 be498cc7 3ea2aeb8 bed1eac4 3ec266a4 3edb4aef bf762a0d 3f13bf86 bf13d581 3f4dfdbb bf6ef60a 3dc0a9bc bf4ae1c1 3ef2d32a 3e941258 bf07d1a8 3f4351b6 bf3e6bd8 be937e9f 3f02316f bf25cdbd 3f2ca5a1 bee29700 bc044822 3f376fa5 beb86a59 3e3dbce5 bf1ec1ab 3ede8eec be99263a bf6abe1f 3f1c3f68 bed17e69 3f3dbda7 beaaa6ab bd8fc791 3df8377f 3e96f67d bf1c917d 3eb1668d 3de9a906 beb7b2ad 3d70f2f7 bed71ac1 3ee09afd bf774a2e 3f245f6b 3eb8d2a3 3ee1bf0b bee41ebb bebc9283 3eb48ec7 3f6523ff 3e3b84c6 bf332fab 3f59c5c3 3f6ce3d8 be818e36 bf5823d2 3ee6028f 3ee352e3 3e723461 beed56d3 bf1337b0 3f1fc9a2 bed9b6c6 3f34e977 bd8ed906 bf685bf7 3f081758 bf0f01b3 3f32419f 
beaab296 bd84685e 3ee7c2c9 bf001769 3f193b8f be895abc 3f3dfd98 bf76b018 3f1fed85 3f5211a1 bf7bac49 3f12bf6a bf159172 bd297049 3e3ebcbf bf601bda 3f64c3f1 bec206b5 3eb4d273 bf128172 bdb437e1 beb8fef4 be9ad658 3d19d26f 3ed9caca 3ec0b66a bd0ef0ba bf2fafa6 3f11477b bf4539ab 3f5be5d4 bf654dfb bf16af85 3ef646bd 3e55d50e bf7627f5 3f6b2fd0 3c8f5f81 3f7b4457 bf2e19a3 be79ccd0 bf164b97 3df6d8aa bf2e678e 3f5bc9ed bf6ca21b bec472b4 bf079171 bf58c9d0 3f5873c7 bd0feff0 3efaaaa8 3dd408d6 3ef4a6e8 3ecab2a6 bd5d9134 bd852882 3f6ccdee bf2a43a2 3f6501dc 3ef89707 3e31c4f5 bf218f73 be76546a 3e5e1450 bea0469b 3ecdf6cb 3f007369 3ee4b2b8 bf73a80c 3ef46ee8 bea88a76 ba746bc8 3c8e6243 bdc8a8c7 3f161b69 bd9cb846 3f0d4f7f 3edb5a6e 3f6815fd bf4c3da5 3e968660 3f5c3be7 bec272a4 3f5c07d7 bf5c73a8 3f5597d1 bf6b6a03 3eedfaa0 3f3d2d92 bf4b41a6 3f590bd5 befa7e7d 3f7eda5a bf41759d bf180b6f bf5465d3 bd7d3007 bf3fa58d 3f761e13 bf147585 bea26279 bd1d7159 be677c79 3f6e25e2 bf38a1a1 bf070765 3e9d0685 3d8fd873 3f0cdb79 bf0c2d96 3eef4282 bf37c396 3e53149f bf0e257d bec3327f 3ee826a7 bd7db206 3f5601da bf3a8dbc 3f6a41e2 bf26b78c 3f3a9bb2 bf108998 3f3a8d81 bebdd291 3f4929b9 3eb66a8a bf5a59d2 3e4d2487 bf3871a9 bf42f9be bc38c789 bc794b7d 3f27a176 bf15af8b 3df6f78d 3e8a6e6f bf401f93 3e949677 be53f4f0 be95a277 3e26acbc 3eb8de8e bf25a986 3f206d62 beaef2d6 baba4023 3f479b99 bf767431 3d9b9943 bec12e8c beec3ad8 bedd4ad8 3f3c31c4 beaa1e95 bdbc78d3 3e93ce61 bd257163 3f5e99ed 3d239145 bf10fd8a bf5341a2 3ea60ab9 3d788d4e be30d443 bf170381 3ea70e9d bdfd07e7 bcd022e1 3e37dc74 bf3cab8e 3f2159b6 bf6b0a11 bdf0c91e beeb0701 bf793231 3f49e59d bf40c1ae 3f67dffc be371c41 3f203f98 bf2fcb90 bcc4e24c bf278570 be1a2432 3ec7dee2 bea93246 3e991299 bf5f19d3 3f4e97d1 3e340cc2 bed52e81 bdbe694f be896e81 3f635bdf bec26eb6 3e8002a6 beae22c3 3f20e99c bf4ce5a6 3f1bd773 3eb326a6 bf2bc783 3f4affd5 bf57c7e2 3f7ea26d bf0c9b87 3dbea88e be06bc59 3e1a24a4 3f2563b6 befa56ca 3ed9bf00 3f6a83e8 bf4085a6 3efc0ac8 bf7e5487 3f75a41c bf0d5563 3e82624b bedda29e 3f583ddd bf7f6271 3f30d19c bee8730a 3e744c72 3f2ebd79 bf5b1feb 3f6d67ff bd575145 bf33b594 bece0e9d 3e606c83 3f41afb1 bf4fd3cb 3da86865 bf6ba9f3 3f65f3c4 bf725a0d bf1d4999 3e6b24ba 3ebdc6b0 3c99a0c2 bf59fbde 3d86b932 3f797a36 bf166574 3f4ecbb6 bf4e1dba bf092f89 3e8f026a 3f6227c5 bf03d39e 3e98728e 3e175c0e 
3f771c1e bedb6aa6 be773d48 3efb22ca bf29b9af 3f001f75 bef1f2d5 3e960293 beb5526a becee67f 3d82d8be 3f2475aa be3d9c35 be691495 3eb3deac 3d319015 3e2bccf9 bea802a7 3f3f8594 be8bfe81 3ed59b08 bd38b0dd 3f72101d be2cbc85 bee8070e bdfb38af be96d2bf 3f6155c8 befb92c9 3edc66a3 beca2afd 3f678dec 3e50e454 bf2751bf 3f446db3 3ec6a2bd bf058364 bf4f15ce be3e14b8 be1184e0 3f71821a beee26a8 3f5c2bce 3eaed2ae bf5fc1d3 3f3e13b6 3ec7d29c 3f3f9f9f 3f58ddc4 bedaeade bed48a9f befce697 bd7a2fb8 bf484dc2 3ddc8923 bef6d2b7 3ef9d30f bf777439 3f38199f bf387dbc bf5723cb 3efb6ac9 3c46be4d be0b9c8d 3f39b39d beca2e9d 3e928684 bf7281fd bea10639 3e04e4ae 3f13d998 bef0d6e3 3f299974 bd226fb9 3e8cb67b bf5d1bd7 bdea1888 3e1bc46c bf7019fb bf371da2 3f7dc24f bf7b702b 3eb2066c bf63fdd7 3e9cc244 be279509 bd83b892 3f582bd5 bf7cd22e 3f1a118e bec322ba bc61c792 be48141b bf0be560 3ea26a84 3f4d39c6 3f3b37b1 3ce46065 3f39afa7 bf5d2ffe 3f1d89b1 3e9bd676 3e7dbda6 bd258f87 bf4a61b6 3ea9029a 3e190c8d 3d15d33d bf26e595 bde4a8ef 3e700ce4 3ef246ef bec8eaa8 3f051584 3e6c3c61 3f6767d6 bf36f59f be85260b bf4ccbce 3f7d2a60 bf682dd7 3dda2945 3e4e348d bf1fad9f 3f01797c bebb12ca bec926e3 bd5fcf29 be348c59 3f125177 3f146db5 3ebd1689 3c713f9e 3eaa0e56 bf5fc9f4 3e887a9a 3e187c57 bf0b6b78 3f7c0234 bef73f1b be58ac17 3f758229 bf5573d1 3ee4d6ce 3ecd4e9b bf54b3c0 3f6bd5fd bf59d9c7 3def37ff 3e900e68 bde7f79c 3e75f4fa 3f3d5399 3ea39a95 bf40afab 3f322b7e 3dab4911 bf3a2bb5 3ee50285 bf5105ba be6944ad 3f30d97f 3f145d67 3e875e8a bedfcec4 3e99c2b5 3f44f7b9 bf03d57f bdcf4949 3ee1aec0 bf158b8c 3f52d9d6 bf5213da 3f479fb2 3dee694a 3f0a8187 3f539bc5 bf7cd858 3f4f1ddf 3c81e263 bf29937e be31c4ae 3ea3d666 3e9e0a8e 3f19d978 bd2ab177 3e718d0a bf1cbf7c 3f1f93aa 3cc2e41f 3db0383f bf6883f6 3f77f011 3b807fff 3f1c5bb3 bf782816 3f77bc17 bf174d59 3e56fd14 bee14afa 3e5374eb 3e207448 bf3b5193 3f4a1dce bf1a2780 3ec98b29 bf2cff89 3ea3e6af bef35ad2 3ee7b69e bed002d5 bf17ff96 3ebc36a5 bf1b1394 bed21288 3df1f7b8 3f038f75 be0a4508 bde2f8c3 bc84630b 3ebb5ea4 bf12316f 3d404f51 3f6e0e09 bf67b3dd 3f0e0167 bdc8c862 bf47cfc6 3f40e99c bee492e9 bf15a579 3f5abbdf 3f2835a0 bf19a77d bdc6a88b 3db7a8d1 3e98566c 3e2f5c87 3e56b4a4 3ec572a0 bd8fe8c2 3f4eb1e5 bf756e25 3f3493a3 3e2e7c3c be0ebcb0 bf4713d3 3ec6d681 bf1dc160 3f67ddf9 3f125f72 befd4eb6 bf0ccd81 3e869a94 be4c7c25 befc56e8 
bf3a2dac 3e5804ab 3ef272dc bf29c5a2 3f6e87f3 bf6cabfa 3dcf38b1 3f4c4b93 bf0aff87 3f468fa0 be43acd7 bf49dfb9 3e6dbca6 3f3815ab bf5b3bcd 3f0a5782 bf19ad8e 3dc718a5 bef97a97 be6264ac 3ee92ede bf6887ed bf2d0792 3ef02ef5 bebd22d6 3f1a8967 bee1def7 3ecefade bf6aebeb 3f40159c bec1a26d bf362b91 3f0db15f be9cda4c be6fdc6e bf7af429 3f71a806 3f74b024 be566ce0 3f0ce37e bf49efcc 3e6a9cdf bef32708 bf48d9d9 3f6295dd be5d34e2 bf21138e bf4551c8 bf23a993 be4bad3f 3f674be0 3d8a087f 3f73ebff be871af5 3f44759f be987672 3e9a5e6f be021cef 3e23ac3b 3e032c31 3f78c424 bf524bb8 3ef902fd 3e55ac34 bf4305ad be4d041f 3eb8da92 3ea68a86 3f744bfc be5d9519 be9aeebd be88325f bbae7876 bf5e33e5 3eb5ba7f 3f13fd79 3e79fca5 be8a3aa9 3f520bc4 3eb322d7 befb22ee 3f4875d3 bf109b6e 3f78e830 be7f14fe 3e53b45c bef9daef be1d3bb8 3f182372 bf76de16 3f4c79e6 be424cd6 3a7395bc 3f7a486b bf14ab8c bf2edb99 be717c64 bf4b71ac 3f0f4392 bf0b5977 3e9a62be bf39359d be8f0637 3e8f9e69 3f34a799 bef7def9 3f5c05bf bf10d364 3f449bb6 3ee5b6bf bf51b9c4 becd76b8 3e70bd7a 3d302fa3 bf760437 bee31ad7 3e866a6f 3f77f219 3e8e3a54 bf1b3fa4 3ebe7a8c 3f001b55 bf22d9a6 3f7f1e66 bf3a7d91 3ea3c69f 3ebe12d7 be952e72 3f6277f6 bf7b2658 bf4891ca 3f119d76 bf292da2 3d97b936 3f5263bd bef46e70 3f3523c4 bec6968c bed196bd 3f33219a be205c3e befc62e6 3ee0fed4 bf544bae 3f143b6f bf27a18d 3f05bd93 be8a5aaf 3f1d6584 bf230584 3f3a41bc bec82a8b bf4969be 3de3f8c6 bd1b0e1a bebfdac7 be525cc1 3f49a9a4 beb0ca99 3f18157a bdb69876 be4d6442 bf236993 bf3f719d 3f67e5ff bf25fb92 bf23ddaf 3f63f3e2 bf3559b7 3f4fb9cb bf260b6d 3efb5adb bebe86b1 3f27b3b2 bf739c0f beec0f01 be09ec16 3f276d7f bf6ffc2f bec63af8 3f4dc3d3 3dc278ac 3e0d94be bf475bbd bdb908ce beb01a8e bd055038 3ed042b6 be69fcc1 bf2f1f97 3f547ddc bea912ca bd133074 bf28b78b be94026f 3e9a96c6 bf616dcf 3f0ab36a be4ae554 3f16c791 be55bc64 3de2a96c be25ac6c 3eafde7a bf02fb79 3f0d5b9d 3e2ae437 bdd9287d 3f4931d5 bf255da5 3f4f53cb be744503 3f79ba2a befc7ef9 3f730408 bec246ac bf3bb3c4 3f1d0b99 be089501 be941a96 3df8684c 3f43bbb6 bf797a2b 3d5d5178 bed1e27e 3f7b0a2a bf59ddd9 3f3b61a9 be9e0eba 3d23501e 3f42c5bc bf4e8fbf bf127b81 3eba62c2 3c2b3aae 3c124688 bdf2c91e bdf33821 bf2ef796 3e7f1c46 bd952939 bf286da7 3ebc9af4 bf13d371 3cd09d62 3f362da2 be320c6e 3f28d56f beafb67c bf4751bb 3e087c65 be8e9e95 3f3a37c7 bd94f95b 3e02b451 3e8ae26f 
bf06e98b 3f5227a7 bf7a162b 3ed0b2d4 bee28aa3 3f4f83bd b970a463 bf45f1a0 3e0f1c6e be942e74 3eaad65b 3e8cae71 3e610c56 bf799635 3f3317a5 beceaab6 3f21ef7d bdaf9a85 3f26699e be64bc7f 3e09bc66 3f380d9d 3f4cd1bb bf064575 3e881a7b 3f084597 bf252568 3e95724a 3e4834b5 bdd76872 3e34ed1d bd4e104e 3e286c86 be074beb 3f112b7c 3f56d999 bf795c28 bf6809ee 3e82c2bc bf5d2de2 3f65bbd3 beb8aec8 3eb4da8a 3f5927d0 befc12a8 bee06aa8 3f7dca54 3e8bee75 3f7db261 bd028fed be3b5c92 bf3fc99c bf36d3b9 3d9f5934 be0f040b bed30281 3e7f3c7c 3e95ca63 bf41b1b1 3efca6be bf6569d1 3f2d2599 bf022570 bec8e6bd 3f4b17ac 3f124184 bf328bba be3a848b bf78d439 3c784446 3e2cac86 3f2409ac bcf320fb 3f5925ba be4bd4e6 bf684c01 3ee48ae7 bf3867a3 3f146f83 bf775e39 3f31b1a3 bf6ae3ff 3f51e9a0 bf759616 3dbbd965 bd1a8fca 3f5fddb5 bf13239f 3e1f2c01 3eedb698 bf25355f 3f2143bd bf01718a bf0bcf6e 3e86125f 3f38d591 bde4c893 3f74ce07 bf7cbc39 3f717806 bedae67a 3f4383a9 3ddcc960 be5554cc bf057b78 3e9dce77 bf70801f bdeef925 3dfaf870 bf6c19da 3f6069db 3f533594 beea02a4 3cba5c28 3f3f0fae 3f4593ac bf11855e bf358b81 bf0c178e 3f75b617 bf6179c7 3ed35eeb bf3e15b0 3ecaa6df bef94b1a 3e919e79 be7214de 3dcbb911 bf3131cb 3f5a27cf 3f472fd3 bf6cb9f7 3f660ffb bf2fb77e bdc0195a be82027b bf060f8c 3f0e1380 bd0df16d beef7aca be25dcdf 3f32d1b1 beb7728f 3f61a40e bf3e91e8 3f70c80d bf04017a ba445641 bddeb916 be72fcd9 be539cd3 3d53516d 3e99aa60 3ed512ea be0194a6 3f703c15 bf3fd5af 3e8cd2cd befc8ec0 be1b14bb 3f0d9764 bebbbe9e 3f47e3a2 3f47aba8 bf4857ad 3ef7ce97 3eef6aa1 bf2ceba6 3f00156d bf0e438f be831e6a 3f27419d bf141d7b bec34261 3f2551a4 3f6857d1 bf792a10 3e5daced 3f3255ad 3f43b5a1 bf51019d be3e34d3 bda66888 3e01ac0f 3f47d7b1 beac0acc 3eeabab7 bf0cd15a 3ee98eda 3eafb656 bf30d3cd 3f4507ae be8e86af 3f376dc3 3d6e108a 3f1de576 3eb79294 be47ac45 3d7f11e9 be8da24c bf0d3177 3f4dd9b9 bf3d09ca 3f116798 beb15aa0 3e2bd4a9 bf46c5a4 3e9e0ec8 bf06fd5d bedf6a99 3eae7eb8 bf02f587 bf2d87a1 3e807e86 bf275bbc 3ea42a83 3f5d41b4 bf72c412 3f057f8a 3e82566b bf17a194 be7664e7 3f33539b 3eb63e9e 3db237ef bf5147a5 3c8523ff 3f4f6bdf bf5debdc 3e8f0ab2 bea8e291 3e34b54b 3f6df01a bf05d985 3ef54ab5 bebcea6c bb330ca4 3f5c23c6 beeaa6eb 3f07f37d beec12cc 3f5583ac be795c84 3f7bf439 bf592fde bed7b2b3 3e4de48b bf3cbfb1 3f452bc1 3e930e57 3d373351 3c1b49d9 bd55b0bb bf19956a 3d41d0c8 3f0ead76 
3f65b7f0 bf5ddbe1 3f14036e 3f3c05c1 bf72fff6 3dbd48ac be93de81 3ed7b2a3 3f15a190 beff9ab2 be358c26 3da9e801 bf040376 3f52f9d7 bd970799 be8fe28a be1cd493 be663503 be39756e 3d0d91cd bf17418a bea232aa bf7f1677 3f08c951 becc5ed7 bf395191 3eaf9e6d 3e21f402 be506434 bd336e24 bde32919 3f54c1b7 bf65a3d3 3f215388 bf7d764e bea50e6a 3f6381df 3e7a5509 3f2ae395 3ea8768e bf3905c3 3f1ee191 bec2f6cc bf6c140b 3f272195 be00ec55 be54a467 bed0c2c3 bf600bfa bda5890c be31ccb3 3f5f29ec 3f6a63fb be89fa62 be5aad07 3f52dbdc bf5365c9 3d4feecf 3f2fa5b8 bee62ab1 3e22849d 3d713207 3e691c62 3ead7668 bf233fb2 bf41f5b4 3f6ab80a 3e602ce4 3f101b60 3ef722b6 bf0bf57e be378497 bf222767 be9e1e52 3dbd7966 3f08b96f 3d5acf68 3e0d1cb6 be8b1674 be432cb1 3f72b207 bf7f027f 3f4e33bf beb322c8 3f47638a bf4b4593 beb73ad2 3e93ba5e beb2b66a 3f02ab46 beae06d9 bef79ef2 3f4317aa ba0bffad 3e7f5cac bf768843 3f16136d bf7ac048 3f504d9e be4acca2 bf338b9c 3ec3eee6 bf4101bb 3f4a87ef bf02ab73 3f06c179 3ed70699 3f52b3d5 bf14cd8c 3f36eb95 bf3b7793 beb44297 bf2d9395 3f6bb7fd bf731411 bf5cedd4 3f59b7d1 3dc45891 3f6f5404 bf7a884b 3f29a57b be911e80 3f62fbc0 bf32c59f 3f7c6435 bead8a92 3c7c40fe 3ba07700 3e22942d be94a68a bf5247c5 3f6055f1 bed656d9 3ec50ad1 3e96b2a2 3ee01b19 3e9b6234 bef896db 3eda329c 3d6c6f38 3f168988 bf78ae3c 3ebf8a95 bf4afbd2 3f095779 bf60d1f1 3f21cda0 bf0a7186 3f74221a bebaa2a5 3f4009b8 bed6ceb2 3f0fa3ad bf4dd3a2 bed8f2bf 3bd2869f be586482 3f320b8c bf0faf6d 3f4ed3c5 bf736420 3dd017a4 be56ed67 bf5bf9cc 3eaa9265 3eac7e9b bf71c1fa 3f6e5ded bf357daf 3f6189ef 3ea196bd bf632fdf 3f40a190 3eb54a77 bf143b7f bee34270 3f4fcfc5 be82323b bf4b59ac bf60cfe5 3f5d5dca be3bf4ef 3f4747a5 bf04379f 3cd81f3f bf186993 3f30758f bf1d7177 bd319205 3e08d428 be365457 be778538 be8a067d 3e0b83e3 bf2eb590 bed5a27c bf704bfb 3f711614 bf6c1bdf 3f330994 3ec976f0 bf4623be 3f62f1cf bf1f7586 3e918673 be244cb0 3f795c42 bf0c0f84 3f3871aa 3eec72c2 be01d41b 3e8a5a4a 3f063d7b 3e0c3b92 3ea2368f bebe727e bf15abc2 3f4635a9 bf5b0fc2 3f19858b be3bfcad 3ef5c2e7 bf13ad83 bf59f3d4 3ef55abe 3f61fde4 be987ea0 bed2be9d 3d0b5169 3f3b178b bf20ff9a 3e8c9278 bf2cbdad be83be89 3e1e9c4a bdc8b898 bb7306a2 bf4635b5 3ef822dd 3e006bf6 bf3c6f8f 3f12f988 bf7045f2 bee51725 3f5fc9b7 3e5abcdf 3ebb9284 bf16cb9a 3f10db5c bf7e5068 3e7944d3 3dff99e1 be9af2a1 3f5c4be4 be9b8a70 bf515dca 
bf1cdf87 3f3f15ba bf6631d8 be8c4a6c 3ea706a4 3f42af9c bf3843a5 3ed6cabb bf71c827 3f6b71e8 be8ffe85 3e688c76 3ebfe29d bf48bbce 3e99c6f4 be4f854d 3f3ad9a0 beb82aba bc383b77 3eda0a9d 3f185f74 3e490cfe 3f54ebbf bde3f8f9 3eb7b6be 3edfeecf 3f012d6f bf5963cd 3f0c3794 beff4ec5 3ebdfe74 bf7d0866 3ed4bacf bd43b021 3f54b5da beeaeab3 3c064216 bf143f77 bf121767 bebccac6 3f41b9a8 bf6bf006 3f0aad55 3f34ab8e bf37679e 3f6eebff bf3de7b8 3f2357cd 3f1499a2 3ecaf6a3 3e7f4cda bf6065c6 bf33edb6 bc134191 3f2fb597 bf50afb7 3f7cbe3d bf0ce97b 3c31bfa5 be91ca7f 3f74660a bf673bf5 3d0a3065 bdb2c8fb 3f193195 3ee1f2fa bf44efba bf0c6997 3e046cca bf38e1aa 3ea5e249 3f164975 3c28c27c 3f71dff0 bf6701f5 3ec09276 bf3c2da3 3e9a569d 3f286f89 be197d0b bf0e618f 3f628fc9 bf0bb390 3c876578 bec85eb7 3f7ef06d be7fd422 3f3e9ba1 bf072543 bf10b579 3f3997a4 3e204d0d bcbd1e20 bf5d11e4 3f56a3d3 be858695 3e3df43a 3ea17680 bf10618b 3da9a8d6 3e989aca 3ec59ad2 bf2677aa 3f0a078f 3e15d475 be6064ab bf4e47af be343c90 bee202a6 3f5ca3e2 bf01d77e 3f2a3bac 3f56fda1 bf5569ce 3ef7029c 3f5dc9d3 befa76bd bdd4b892 bf3adbb4 3f05c366 bd82e8a9 becafec7 be1dcc24 3e0684b4 bf736607 3e8a024c bebf26d3 3f5217a6 bed872c3 3ede26e8 3e84d237 befcee99 3c16487d be93baae bea1727e bf643bea 3ef086eb be808281 bd5ad05a bf002d8f 3dc558b3 3df0574b 3edd32d8 bde1a8d2 3f558bb9 bf3365c8 3f4c63a6 bef48306 beaa7a7b bdc0e8ad bec88ea6 3c45bf76 bf25c1b4 3f72fc03 3e277472 3ee85aa6 bf294188 3e88a28a bd6bd17a 3d7d300a bd9608e3 3f773e00 beb9bea4 3f27dfa6 be282557 becb068f 3ece9292 bcaaa116 bde788f8 bf48b9fa 3e804a86 be2a943c 3ec0aebb bf733011 3f5d91d3 bf3d95c4 3eccd6cb bea702ad 3f737ff7 3f64e7c6 bf4603b6 3e678cfd bf56a9c1 3dda47ee 3e4d2ca7 bd66ceed 3e3dacbf be010475 3f571bc1 bf718ffc 3f5861e4 3cd4a0be 3ea40e71 bf00619a 3f56b1b8 3f043d64 3f4295a1 bee5dace 3e8d76ac 3e1bd4a4 bf09cd4f 3ea0d69b be7ed493 be9fb2c5 3f10ed91 be71cd25 bf723427 3f1da587 bf67fbf2 3c8b1eb6 bf6593f1 3f1ef389 bf0b517b bf022f5c 3e4ae4b0 bd180fa5 3f0a2b79 be887282 3eea46a2 bf76022f 3f776a33 bf6d801a 3f536bc8 3f2baf8b bf2c1bc5 bf778233 3f02c36e 3e597477 bdaf6853 be099c5c 3dc7995c bd8a6913 3f5803ec bdfa589a 3ee1eab0 bed612b2 3f5ed7dd bc3b3ca3 be995a6e be0384ca 3f0bb96e be983ab8 3f0dd77d 3f0cff57 bf16d179 bf37758b 3ecabeca 3e9a0a49 bf0af772 3f323391 3dcec904 bedf5ae2 3e8a46c9 befcdab6 3ed49eaf 3f17eb93 
bf33858d 3f296187 be459c93 3f800000 bf114b4f bf50bde1 3f795451 be9e26b6 3dbd27a1 be65940c 3deca852 bebc7666 be05651a 3ef0ce8a bead065f 3f060584 bf77842e 3f30c78b 3e7d0c53 bf5357bf bef602f8 be24e4a3 befbeaee bf0ea963 3df02996 bf3a91a7 bd668dc8 bea61682 3f5561ce bce6a18b bc881e2c 3eff32bf 3f06af59 bf4b3fa6 bdf43889 3ec8d292 bd6ef218 3f03636e 3ec2a2cf 3de7b8e6 3e2b2422 bdb0f9ae 3e7bdd4b bf405baa 3ed21ec0 bf491bc0 3eb9a2b7 3dc3a873 bf438b90 bf29c782 3e6cb53a 3e37bce5 3f464fd1 3dc2c899 bf41d5a7 3d8a6765 be8e3a69 3ec35ee4 be209cb8 3e40850e bf35d9cf 3ead263b 3f27cd8b bf2d3bb4 bf036b98 3deb8919 3ef9baed 3f4dbbdb bf1fc57b 3f06eb75 3e3b450e bf7b2a27 3eb2029f bf573bce 3f3d3dad bebef687 3f7a301d bf6441d0 bf05e158 3e732d2f 3c1a3f02 bedf3ac8 bc094125 3ea11265 3dd13a8a bf5f7fdf be11aca6 bed0dad8 3eafa281 3f3d59b4 bec58677 bf15b592 3cb1defc 3f5089d6 bf7df480 3f498f90 bf7fbe89 3f5a4fd2 bf0af181 3f6bb3d9 bf0f7f7c be52ecc8 3f4e0fcd bf30f776 bf6261b9 3f76a413 bdd4f7e3 3f45fba0 be4ab49b bedad6b5 3df548c8 bec59ec0 beb602e6 be7d64dc 3f21bf7e bf75f80c be9aaa7f 3f4d43b3 be77ac9f 3ed5cef5 bf13316b 3f7f609c bf4c81ca 3f700bf6 3e7d9cba 3ef39a81 3dbfe85e bf7a3026 3ea6ea82 bf3cd9ab 3f4783a6 bedf6697 3f3e35ba be0ddc09 3f5bb7d5 3f06e97b bee9266e 3eda16ea be4a7d2a 3f7ed481 bf58abe9 3f126981 bf006d81 be81a673 bf26a5a8 3f25e1ab bf215789 3ef35ece 3d87f875 3e91b267 3e0e4423 3f0f778e be380d34 3d8ac76c bf593dd3 3e7c8ce0 3e886e4d 3c1d46cd bf2f83a2 3f2359a5 bf131b91 be456506 bf22799d 3ec0cacb 3d80b7f1 3dc6c97d 3df16951 beea82f5 3eebd6f4 3f527dbf bf388fb1 3f296dad bed32aee bdc4e81c 3f24b991 3e808e85 bef8070b 3e8caa50 bf733607 bece36d3 bdaa2856 3f254b7f 3dca488c 3ef7eeee bd0a5339 bd3cb207 be9c1e88 3e6b1504 bf66c9e7 3f69c1dd bf6705f0 3e3cdc52 bf0bc574 3f6c69fd bf5ab1cf bf306193 be9b3a69 be92924d 3ee9669e bf49b7c9 3e3ee4dd 3ecc1a97 be91a27d 3f5f83e1 bf68cffe 3ebc8f1d 3f08fd56 3ea59a9c be863281 3f5bf7d0 3f266d93 bf36d1b9 3f102fab 3da4c93e 3e811657 be552c9a 3c11be89 bf521fc7 3f5d5bcf 3e2f1cb2 bf3fad76 3f480da2 bf7f3e8a 3d602f8a 3f002966 3f5387a5 be88aa46 bebba2ad 3f009b48 bf6e11ff 3f6b89fd bf4299bb be724472 be541464 beb1d6f2 3dcb992f bf3ab3be 3e06a47a 3e18f439 3e954289 bf10f56d 3edf3ea7 bf2b0db1 bdc10835 3e4adca5 3ece42e5 be6d3ca8 beed771a 3f3ed3a3 bf5cc1cb 3eb4d6af be2f6498 3f204dab bf0cfb69 beb67a45 3e1c6cbf 
3ee01ee5 be47648f be531cba bf45d39b 3edebeb9 3f298972 bf5a39c7 3a81fb05 3f2e63a3 bf144966 3f215da8 be81fa60 3e49144b 3ee43eb8 bf7f525d 3f5b13d0 bf19c594 3ecea2c6 bf76701c 3f5efde9 3f5d37e2 befc5b16 3f6321e9 3e281453 3f08c776 be954650 3f6f51f1 bae627c5 bf5409c3 bec956ac 3ec64ef9 bf435f9e bcdbde78 be85ee83 3f5a8fc6 bf7a721d 3e8a229f bf34279b 3efd92fb bf02af6d bf2651a1 3f6827f0 bf6341df 3f4dd3c4 be150d34 3eb47ec2 3ee3af1f bf5429be 3f69f3e9 3f3f25cf bf43f39a 3f3db1c0 bf75ea25 bdbd27a1 3f66d1ec 3e8f1e41 3db678c6 bf5115c2 3f778403 bf24d98d 3f5893ca beba6ad2 bee7a6d3 3f24ed9c 3f47e9b3 bf257b92 bee11ef0 beebfefd 3ec68ea2 3d86983f bec39ac6 3f0af18c 3eb4aea6 bebe9a95 3ee2d2ee bf2d7fa4 be55ad33 3f0a3f73 3f70ca2b bf2e3db6 3f4e7dbd be9d2221 3f51f7cc bf271598 3c91a1d0 3f3f518b 3f4731ae beb69a34 3e846e53 bf781c3e bc76407e 3f5147ae bda747d9 be6f643c 3e889220 be4e2c46 3f5559f6 bf66c200 3f162399 bf747029 3c905d3a 3e805e79 bf4013d4 3f71b030 3f62c7d3 bf076f65 be55c4cc be15c43e 3e410c6d be43855a 3f73fffc bf3c4b8d 3f50f7b5 bc9b21ed bec4de73 3ed9aa8e 3f6d5a09 bf7eea74 3f32fd9e bf48dbd3 3ecbaa72 bf103d83 3f2edd76 bf7dda4a bed68695 beb05692 be680c6c 3f51d5cd 3ecfcab1 bcfbdfbb be33fc77 beb7eec0 3cd1e14e bef88ef4 bf6fa1f8 3e480495 bebd563c 3ea5fe95 beadc671 bf078556 3efdae86 bedf4b0d 3e64ad1f 3f33017e 3e8f7e91 be0efc70 beac82b7 3e5cf517 be247cc7 bd77aff9 becc1274 be5ea4dc 3abe525d 3e29243a 3e59f487 be0e64ae becbd2d3 3eed8ac6 3ec5fa7f bec1cacc 3eca3aad 3e299c98 3f1f1f86 bead4689 bf3bcbb4 3f252db4 bf1d919d 3f014987 bea0b69b bf66bdeb 3f7e9242 bf6d400b 3f266380 3e575cbf bf4d67cd bf100992 3f5cabde be8c1e87 3f5349ba 3e351c96 3eb5b27c bf7b4e40 3e907688 bf3b53a9 bea4bea9 3f02e593 3a3b9ec1 be070bf5 3f6b0ff4 bf6071ee 3f61d3d5 bed10afb 3f1b3596 bf6ab3f2 3f072775 3f151772 3f38fb92 bf005982 3f0ecf8f bdf98981 3f763a16 bf6e401d 3dea37c5 bf02ad6e 3ef932f1 be12ecbb bea06aa8 bf457ba4 3f124b75 bf6a6dec bf2bcd80 3f6939d7 bf7f0081 3f64f7df bf681005 3e45cd41 3e3a740d 3f150b84 bf40fda4 bea0bab2 3f6473ec bf31df91 3f71cdea bf240d9a bf061d99 be8c1a69 be3d749c 3e1774a7 3e5fcc8c 3e916682 be8b6288 3f1c635f be4abcd4 3f0c7b78 3eec02c4 be2d5498 3f3625a3 becade96 3ef07b01 bf5973f1 3f43c7c5 bf27098f 3f4e83cf bf09317b 3ed646f5 bda1d8b1 3e3f1ce9 be3d3cf6 3f03574e bf0ebf79 3f3079c1 bf31ffa3 bdab0991 3f169189 3ee3d27c bde8b9ce 
bc8a1e50 bf16f373 3f4d19b4 3f21d587 bf77683e 3f3c9384 bf147b89 3f6ffa05 bf6e721a 3eca4aae bf447dc9 3f62e3b6 bf54ebea be98b6a5 3f7389fa bf1bc78e 3f2de1aa bee20ef0 3f70c613 bf1dcf8d bf4e6db7 3e8dce6d be5b042c bf514bc1 3e8fb288 beb12679 bee5a2e4 be203c0f 3f79e63a 3de86843 3edd7e99 bf05036e 3f5c97cb 3e70b54a bf16038b 3f264391 3e9d3a49 3e375c6b bf5dabd8 3f4b3bbb 3f1c6570 bf63d3ea 3f3af99f bf20536f 3dfa196e be5b7d11 bf46afc6 3f4b5ba1 bf4323a1 be94ce43 3eee22b7 bf76f237 3f630fd3 be18bc11 bf374baa bf246b7f 3e937ea8 3f2203aa bf750622 3ec8da71 bf25999a 3f230f8d be814639 be98f65b bf55cdd3 3f5df9e3 3e887e72 3e680d02 be465430 be94f272 bb4f0435 3e2d4d03 bf4195d0 3f1fb18d beb86ea3 3f3eddb0 bb12f927 bed30aff bf29698a be7ec4d4 3e892e4b bf501dd1 be4cc500 3e5a44f5 3e08c45d bf3d37bb bf6987ff 3e964e84 bde2681d 3f32c99f 3ed4f6f8 bf4ecbbb 3eb476e8 bf4881a8 3f61e9e0 bf68e9c7 bdcf685c 3e529ce0 bdefa88e 3f5ac1fa 3ea346af 3df1799a 3e52dc50 bf79221f bf3ed7a0 bd792e54 3f19ff7a bf4aa9cb 3f19c3ad bebb5a97 bf3d17ca 3f6383d0 bf7feab4 3f392f83 bef092b8 3e0b0c68 bf6a59e9 3ec30a6e bebadadb 3ecdc2b7 3f151f6e bf611de6 3f11cb89 3e1b640d 3f65cffb 3d653096 3e860e65 bf0a056d bf3cc99b 3eca02c4 bebafed7 3f739e0e bedc96ad 3f6fde10 3f154367 be16e51c 3d6f328f 3e9cbaa7 bf046587 3f648dfd be9cead4 3e956674 bea0becb becc46e3 bf397d84 3ef89341 3f17f5a0 beb6c6a1 be98be99 3f036d97 be9ee69a 3f1fcd7a bea78e9d be517cc4 3e8b1257 3ebc62ae 3e314c6a bf6e000a 3ed7c2b6 bf00958a 3ebbcaeb bf127569 bebc9a93 3f60e5e2 be9b02b1 3efe3ec2 be98da7d 3e8cda94 bdf1a915 3efa26aa be9e824f 3d7b325b bceb6116 bef876d0 3f2b8789 3f2ff1b8 bf543fcc 3e18bcd0 bf4f2bc1 3da2e8d3 bea9e66b 3f719818 be6dcc95 3f1b3973 3f041d6b bf3f93b3 3e84d638 bd9b17a9 bf25d7a7 3ef71ec9 bec28e83 3e93568d beec96b8 3f39cdc7 be28954d becff305 bf7c0c6f 3f4e0dd1 bf19fd80 be537d31 bf2ca993 3e89a660 3f1c6160 be3f9ce3 3e66048e bec7126c 3f28f39e 3ebf8298 be1b3c48 3f563bbc be0dc40f 3e50a444 3e279479 bf100b75 3ea58a54 3f0bc17e bf347bc8 3e2024c9 bb978886 3f4ca7cb bf742a0a 3e938671 bdb8681d 3ed866a7 3f5ff3eb be754c78 3ed126d1 3da1e706 bf59adae 3ec3debd bece8acc bec77ac3 3f11a56f bf540bde bf0cfd6f 3e3d3c43 be634cc9 be42fc6c bb76ef76 3b38f816 3f1da1ac bf5fbdcf 3f63d806 bece7a5e be0d0c29 bf1ba387 3e9c3a69 3e263c6b bf6c8bde 3f6e3df8 bf3ef7e6 3f73be0e bf000970 bdf0097d bf78ee38 3e646554 
3f0cb170 3d9c87c6 bf10297c becfe67a 3f2d7bbf bf50c9ca 3f1bbf82 bf2dd3a3 3d9f8898 3f3239a7 3dfaba02 bf2f1ba1 3f5bb1b9 3b4eef91 be559ce8 bf1e4fa1 3e941a85 bec172e1 bea91e71 3e01d3ed 3f5443bb bf05f788 3f08838a 3d5550ed bd349015 3f0ecb80 bccde1ad 3c0ec344 bea1f66e bf6b63f6 3e5bbd25 3eeefaa0 bf5769d3 bec26ad0 3e2c6d39 be4a24f9 bf7a624b 3f57bde5 3e77e515 be2f0506 bf5e53d9 3f60cfe2 bf0d7d86 3f225b91 beb20675 3ebea696 3ec6ee58 3e8f127a be6f94a9 3e2f0512 bd27b20c 3f4b9f8d bf1b4179 3eee12d3 3ef01b12 3f1fcb77 beb6aef9 beae76a1 3f2315be 3d98f8ed 3ed2a2b4 bf7d3644 3f5d0fb7 3e098c97 3efec72e bf6c4dee 3f09c377 bf6cbbfd 3f76f819 bef6eae9 3f71eff4 bf36859e 3efe72f2 3e55dc6d bf6447dd 3e36cc9f bf1b7f7c 3f2e4f97 3e53447d 3f71382b bf298384 3f6191e1 3f2efba9 bf790449 3f43f7a3 3df4ca87 3f7263e7 3e8ea234 bf0ad954 be4b34b1 becf127d 3ce6e371 3e215cab 3f1b9b6c bf1db573 3f774a2a be4d8cba 3f14dd7a befc66a6 bf4f61d1 be9ebe8b bf32559b 3f00257c 3f394da3 3f7b3232 be5c94b9 3ef00a6f be8f2eb3 3ee3eac0 be7a04d0 3f75f422 bf621be1 3f0f5d66 be7fac88 be03b480 3f359dbe be30140e 3f29bf84 3e01cc0f bf3cb9a4 bdcb29d5 3f040f6a be442d28 bf308d99 bd9038da beeda692 be305c2e 3f55f9ce bec8c6d5 3f5a37db beedc2f1 be1fc3fe bef54ac9 beaf02ae bf5099ae 3f2fc3b4 beda0ee9 be6c74b9 3f5775ef bf6dba0e bdc0493a 3de66a64 3e3d4cfd 3e83e240 3f785439 bf6669eb bf03f77e 3e937aac 3f2bc1ab bf45f39e 3f770a38 bf67bbf6 3f0ee58f 3e366534 bee53291 bf718c09 3f4413c3 3d81d735 3ed056e1 bea67a94 3e820ea6 3e26246d 3e2544fe bf78d01b 3f5b35da bf3891a6 be1ecc28 3edabaf9 bf2ccbb0 3f6e6be6 bf788812 3f6e7a12 beddfabe 3ed97e8d be61f4ee bf2e31a9 3f1cdb88 be072419 3f77a41e beaa3e4e 3e546d7e bf615a05 bc87a4be bdd71938 bf400fce 3f76cc2e bf3753ad 3f59a1e8 bf0c1bae 3f525dc0 bf692be0 3e9dba74 3e16ad39 bed4ae8c be5374ce 3e9faad5 3f7b8049 bf526dad 3edaa709 3ec5527a 3f5faff4 bf45f9b5 3efeeac9 bf4fb5be 3e8576ab 3eac0689 bf7b6c34 3e357c33 bea7ae6e bf0e5980 3f1aada0 bf622df3 3ea68643 3e3884e6 3e9c8abc bf248990 bdb4285d 3f2eada3 bf48c1bd 3dc489d9 3d0db1eb 3ee236a7 bf72cffd be51c4b0 bf1dad81 be8b064e 3ec166d9 beffa31d 3f62cddb bd52d1e4 bc6845d1 3f28cb8f bf48f5d0 3f639fd6 3f064d84 be5c44bc bd115113 3ee626ae bdc518db 3e1d93b1 bf158d5d 3f1a7d64 bf68fa0b 3e3af482 3f3fbdad 3ecb76a3 bf05eda3 3ed04af4 3e2a946a 3e809639 bf6123f7 3f153f76 bf07d379 3f45c9af 3f61cbdb beeb9701 
bebbdad5 bded7799 3f7ff0b5 bf1a797a 3eb4e675 3b532815 3d5a10ed 3f0b3774 be646d22 bec832c6 bebf4ea9 3e956ea5 3e0bbcf6 bf42cbb2 3f15457b 3f213fb1 bec07aa2 3f56f9c6 be844e6c 3e978667 bf4295b0 3f3dedb8 bf51d3d1 3f5053ca bedc62d6 bef916bd 3f261f8f bf2953a9 3f556be9 3ef4aee3 be0bac6a bf2cf5aa 3f605be0 3f13df8e beb1e2bc 3f76d605 bd9838d7 be21ec57 bf6711c9 3f4cd7c1 beb196b6 3edf3ae4 bf3b05b4 3f01fd87 bf505dd1 3f4bb201 bf649fd5 bf1a4b74 3f49bbbd bd851929 bec7dec2 be376d1c bea1769d bdd2e7ee bf2fa593 be58d47f 3ead4690 be62acea 3c0543d6 bf33abaf bba49757 3f7a8650 bf6555e2 bea3628a 3ec0568e bce0decf be22fc7f 3eb9067b bf1e236b 3ea906a0 bf64e3dc 3f024385 be97bac4 be89f6ae 3f59b1db 3e631ca3 3ea47a87 be8c2e54 be99f257 bf6e7009 3edd1ee3 bf5c81c2 be720c8a 3e99cab3 be058462 bf3311af bec3b683 bf41379a 3f6a37f7 be54550d 3e721cd9 3f6d4616 bf7ada1d 3ea8e29b bf03a95c bea0e27f 3c1dc7f9 bf6af7f7 3f52e1bb 3f459dd9 3e8d4a61 3f68afd7 bf2c5599 bf6f95ea bea48669 bf707df2 3ec652e2 beb46255 3cd39ea2 bf073f7d bccfdcdf 3db3f836 3e1a3519 be330cec 3d7fd1b5 be376429 be997eae bf14c780 3dbf18b0 3e725ca5 3eec76f1 bf3903a7 3e9f9a4a 3f2bdbab bea2e2eb 3ed23694 3e791cd0 bf48b1a3 3f3c5fa6 bf6563d8 bc9a59e8 3f173d89 3e1cbbfd 3f56c9d5 3d08520a bf174381 3f27a577 be356451 bf2ddb88 3f6b57fb bdcbc8e6 3e290c79 bf06c77e 3dcd18e4 bf6ee9fa 3f3fa3bc 3f7a1826 bf6503df bd9aa913 bdccb7e6 bef0a6ef 3e7f0ce9 be928290 be3d94ba 3f229394 3f437b93 bf3e8fc0 3e978271 bf7cc050 3f71e5fd bf2a498b 3e4824c0 3e0c0495 3f074385 bf4b13c2 3f221f84 3e59d46d bde66891 3da0e94c bf73380e 3f717dff bf2b17c3 bcd25d68 bd24f038 bd1590f2 3dfa68a3 3e7f1474 bf2eb9b6 3d86e812 bf5a2fd7 3f7ce056 3eed06ad 3da397df 3da7e828 3e51c4ff be99e67e 3e851e6d bf3429ba 3f41fbd7 bf53dbcc 3f3925d4 3f030969 bf79402e 3f2f9387 3eb8fe6d bed2ceb9 bf2a079f 3f4f0b9b beec5abd bed902b0 bf08d999 3e4ee4a4 bea6c679 3f26ad97 be902e76 3dc6478a 3e5da4b5 3f5e19c7 bf4937b6 3f6257e3 bee89e99 3e897a58 3eee52a1 bf22c992 bec382b8 3edb2714 3f363599 bf7f0673 3f52a9a3 bc5ebfd5 bea59a4e 3ea866c2 3f57bfaf 3e82b27a 3f4cbfac be242ca8 be8d728b 3e70ccca bf4673cc 3e189478 be07f3c7 be17dc4b 3e8dc67f bf61a3dc 3e3c6c14 bec23acf 3f012b5c bf4265d8 3e994a57 bdf7890d be7904da 3f30078d 3d8f07c0 3d78b006 bf2b57ce bf36eda1 3f75b221 bf212d6f bf0a2f8c 3f07d571 3c3dc877 3c90dca6 3e728567 bf67cfd0 beeef308 bd9ae709 
3f262f89 beafceab bf4ed9eb 3f0e0b77 3cdde158 be85c241 be756478 bee7f2a9 3e536cc2 3eb0bec6 3ea02ab3 3e7643f9 bf7a2e04 3f789450 bf225f8c be6e24d5 beef6afa bc19c158 bf389f8c 3f7f3a7a bf4ce9a0 3ecc2aa3 be9d9678 bef0c6d0 3f2e779b bf3c6b95 3f23c7a6 becfee95 bda51806 bf3651ab 3ee96ef3 3f089950 bf4255b1 bf124378 3e089477 bf6b4df9 3d4cb187 3f4c619c be83e69f 3f1759b3 bf0b8d81 3f30a57a bf2de199 3f6b19e4 be6a2cd3 bde4e6b8 3e2b74fc 3f6143e8 bf6343b5 3e31ecc1 3c892167 3f132393 3da8a900 3f36b9c0 bdb848fd 3f20759c bf4745cb 3f5017b3 be9ad27b 3f44b5bc bdd9b825 bf5ac9b1 3f3c7d8b 3d68eeb9 bf1f1b98 3f6afffb bf4dddab 3f75801c be8df275 3e97de96 3e49d527 3e641d42 bdfad97f 3ef5beb3 bf7061f6 becb7acb bea372b0 bde9299a 3f36d7a4 3e489c92 3f1fbd7c 3dd82956 3e243503 bdc6098b 3dc6a825 3f08956e 3f3c599e 3e435491 bf43abdb 3f673809 bf5ed1bf bf3b1bc7 3f2b7173 be725c6d 3f0f4f5f 3eace29b 3da0c906 3f4c6fa0 bf7aac53 be69d4c4 bf591dd4 be9c4e7c 3eb54692 3f2231a7 3f5987d5 3f116fa5 3c273bb0 bea79ac8 3f5083c3 3d4471ed 3da3a8d6 3ddfd934 bf00e988 3f31d595 bea9ba77 bba1790f 3ed2aaa7 3f44cfb8 bf315da2 3f18917a bf2f8793 3eb17e8e 3e80c636 bf7c2a30 3f20aba2 bd94e87c bed422d6 3e931abc bde1d7df 3d6d104f 3f3037b4 bf2ec999 bee06e76 bebd3a8a bd5cf331 3f3d85b3 bf2c3b99 3ee0a6cc 3d92c882 bd83a812 bf2d67ad 3f684dd7 bf2d41c7 3f340da9 3e080d1e be965a7a bf7c7e41 3eff5eb6 3f16e78e 3d21b026 3ee8369b 3ce8e30c 3ed372eb be99c68a bf063d70 bde9891a 3c6ac755 bdc368ee 3f670bf5 bf3b23c4 3ee6f6c2 bf228189 3e9e067d bf16c590 3f71d209 bf6da3ed 3eeb2aad bf560fd5 3f665bd6 3f2e5f94 bf3aa9a6 3e3934f4 3f34378e bf00139e 3f40af96 bf4a9bc2 3f4bbdcb bf219b67 3f5e9fd1 3eba229a bf50a3af bf680bed 3ea8ae80 be8cae57 3e849646 bdea7816 3ca9e1fa 3f09cb64 bf5489cc 3f3cab97 bf42ffc5 bf24c38b 3f76b039 be6314af bf5557b6 3f45a3c8 3e0374a4 bf5cf3f1 3f5fb7cd bce55cd1 3ea1168d 3f45e99e bf6a8213 3f6537d9 bf6e27f6 3f127786 bf16819b bf2a2f90 3f47fd8b be94ca77 be82fe68 3e97128a bf2d5bb0 3eda26b7 3f4ec9de bf150177 bf1fbd8c 3f424dca bf4a6fbd 3e750d15 3db4d818 bf6589eb bed556f4 bf35d7be bf37dfb5 3f2fc77e bb5cfcf9 3e43bc73 3f2123a7 bea2e681 3dbe9891 bd661062 bce8e0bc 3f7be63e bf333dbe 3e97ae89 bc8de347 3e9c7294 be4414ba 3e2ec460 3ef9b2dd bf6b420b bd0db1f0 3e8a8a71 3e4e54bd 3f5641aa bf68e602 3eefab16 3f5bdbde bf744217 3f006384 be292423 be960247 3f698008 3ef02b18 3dd6283e 
bf711ff0 3f365183 3f147f63 be894a5e bf3f15c1 3f6b87ff be293cf5 3f74e411 bf1a5962 bdad68cd bf0b3554 3dc018f8 3f102770 3e201490 bf054d58 3f788e3f bd80390a 3f2691aa 3e27ace2 bf12737e 3ebf6ae3 3e311c0b 3ef05aeb 3cee1dea be3de541 3f7c4043 bf790e3e 3f0d1d5b be0c14bd 3f33f591 bf56add2 3e1a9459 3c865bdb 3f6f67f8 bdf50914 3f4851e8 be684cf2 bf00dd7e 3b9a8adf be2c1c31 bf177f80 3e7cd48f 3e677ce6 bf6c0bdb 3f1c4390 bf300181 3f5b3de2 bf23a7b2 3c37bb0f 3f0a637b bed8ef03 bded483c bf4267bd 3deb1888 bf46ade3 3f2a8154 bf300bb4 3ef77f0f bf4d9bab be1a9cb1 3eea62a8 be5f8cf7 3f08d97d be78fd17 3efc06a6 bf6dbbfa 3f393da1 bf6ec1fd beb8bafd 3ef65eab bf45ddcb 3eccc2b7 bf2f119f 3e40a4ac 3edceab3 3f6b4a03 3dd8c88c 3f096147 bf5031cf bdfc58aa bf3677a5 be0eabc1 3eff62ea beae8a86 3ddfe87e bf231391 bf517f8b 3efe4f25 3dbc987a bf536fea 3f52f5bf 3f5243cc bf10598b 3e117cd1 be9d8a61 beb46e61 bf03ff58 3e183493 3eb01289 3e929ac0 3f1b6591 3daa4918 3e6c8d16 bf4e0bdf bf4db3a8 bf307593 3f16df7c be9c1a5a bee412e9 bdc6b7ba be99ce73 3ea78281 be591c59 be77452e 3e17abe7 3c4f45d7 bd9a19d1 bf7cf233 3f4e079c bf26d5c3 3e4e04fa 3eb44273 bf52fbbc 3f7e326d beda72dd bf157f6b 3f5c8bc1 bdc9b89d be85fa5b 3eab825f bf52a3af 3f4b09b9 3e2f8452 3eb28eaa bebcfe82 bd94c6fd bf07f16e 3f4fdbca bf767221 3f586bc2 bf066360 3d20d17f bc831d48 3eccd278 bf77be1a 3f6313dc 3ee8b6bc be427521 bebd7e78 bf74c826 3f1e9f99 bf5791cd beb35ac8 3f6bd9f7 bd738f63 3c86229b 3ac239c6 3ef572b6 bf773806 3e85c271 3e524c68 3f202b69 bf150798 3eb2fa8c bf33419d 3f7c8a49 bf44e5c5 3f5d81bc bf4701bf bf787040 3f57ddd0 be8c2291 be75ccc9 bf46a1c1 3f34cfa4 bf069152 bcde254e 3ec40ea4 bf601fd8 bd49b03f 3f0fe981 3f643be2 bdb8e7ea 3e066416 bf0e8380 3f2c7dc0 bf5ca7ec 3f1e4978 beae9666 3ed93a62 3e4c5c13 3f50e5e9 bf6d15e8 3d499232 3f0f8b93 bf21a3a6 3f12876c 3d375344 bd988909 bec962cc be1d9c6f bf17e787 3f03356b bf09717d 3e83dead 3e58b46b 3e6b0510 3e8c2a67 be8c5262 becdc6c2 3f1ae95a bed1fafa 3f4899a0 bf43d9db bdbaa99d be6444d7 3f63adf5 bf345fa3 3f7ff6ac bf4af9bb 3f5d13be 3efa7b10 3f281fa9 3f47799f 3f199198 bf74a60d 3c7d3aaf bf18ed85 bc5f3a0e be8aba8e 3f5445b7 bf094b70 3e85aa61 bf7c9456 3f19e17e 3ed712b8 bf69b20a 3f16f149 bf24617e 3f2927ab bf7e8271 3f13e96e 3f062772 bf6059fa 3ee4f2e1 bf73f81d 3f6f3012 bf60b3e3 3e379d02 bec57acf 3f006d3d bf41bfcd 3f60fffb bf55ebe1 bf520fc7 3e40fc8c 
bd7f30c6 be36d484 bf44cdce 3f1e4590 3d02ae45 3e1a14b6 bf3c81c4 bf0fe379 3ec022ef 3ea98e7f 3e66551e 3d1d3071 bf753a13 3e992a7d beb102ef 3db79a26 bf0e996c beea56ad be7cdd36 3f1b8d8b beac7680 be731ce7 bf6cf405 3f38779b bf5e8fe4 bdbc275f bde16983 3f3aedaf bf6489e2 3f2709b9 be9ca68b 3ece3aa1 be7ac519 bf27f594 3c534257 bf4b73aa 3f58ebb8 bee58322 3f0bb584 3e0a3462 3f2339b7 be07044d be544d3b 3f0bab89 bcff2193 3e48dcb2 bf3079a8 bed356c3 3f75081c bf31bd8a bdaf575f 3f796c26 bedebafa 3f7b7413 beff428c 3ee97ac5 bdb3080a 3de2297a 3e9a929d 3f0a2f6a bf7f747e 3f258187 bf454db8 bf178f78 3f41e1b1 becc92e2 3ee946cd 3e8ec28d 3f4193b1 be52745d 3d385152 3e60043d 3e12fc0a 3ecf1e9a bf782e11 bf08e18c bf146768 bea64ae4 3e966e81 3f09bb8b 3f09ff5c be7a954f be9e6279 bdb9f875 3e997233 3eda46a1 3f5039b3 bf77ec2a 3f16617f 3f030d6b bf7e946b bcb8ddc0 be988ab0 3ee11e76 bea8da9a 3f22a792 3e9dae38 bec9cebe be414477 bec612b0 3eec9b03 bf566bc6 be670cd3 3f3811c4 3f6283c5 3e8dde84 bf43cfb9 3f7fbe7a bee47eb5 3f4d63cc bebdca9c 3ef39e7d bea3268c 3f652df2 bf740420 3f4ad3af bf10d96d 3f343588 3e21547a beef1ec1 3f6d180d bf6899dc 3f78e033 bf31bb9b 3e430bcd 3f2ddd9d bf62d7e8 3e64fcf4 becbf6d8 3f5cd7c1 bf02eb33 beb7aeb0 3eb5f218 bf3409bb 3f5e2ddd be088449 3eeaead2 be6ae4e4 beb49a5e 3f2fe18d bec53e89 3f50c5db bf6639e5 bdb6888f 3f39e5db bf5c69e4 3db5e8ca bf0ae777 3f5ec7cb 3f1fb785 beb69e7f 3ee386c9 3f17d390 bf7a8a1a be5e7d05 3f65ea08 bf3b6b91 bc70455b 3eb1e28f 3ec226c3 bf398988 bed0ea97 3f011787 3e788c7b 3e613ccc bf76cc10 3f41459a be5434f2 3e1d5456 3f4f59a8 3c969ff1 bf2a6f9c 3f6807c9 3f35c5d1 bf2fd7a5 3eb9cacf 3ddf992a be4054c4 3f0cbf73 3d34f071 bf2f19af 3c7540e9 bf7c3e47 3ef5cb14 3e08049b be0e3cc4 3e329c1b bbd89308 bdcda8ca be8a3260 beeb129f bf111b73 3f775e42 bef28eaf 3f5d7ff0 bf79a032 3ea76659 bf061567 3d57d072 3ee342d3 3e984a78 3d9698b1 be1b648b 3efa72ee be204cad beafea7c bec786a8 3f3b55cd bf2dabbb 3f629de6 bead6698 bd8437e5 bec22ea8 3f160787 be02ec71 3eb5b6d7 bec2eedc bd81e893 be868a8a bd06d193 bf012f72 bf47d3b6 bf154f60 bf4229b4 bed376b2 3f4e01c9 3f1a3d7f 3daa8801 3ecceebf bebc869d be917647 be0663db 3e80923c 3f3b0bac bf63d610 3eb67ec6 bedbca9a 3f5233b5 be99427a bec1e6c2 3f2da591 3ea15ae6 bf6c53e7 3f78c247 bf0def8f 3f106198 bece12d0 3f32996c bf226b64 3f7cfa47 bedcb2d3 3edacaae bf06eb90 3f0b9d61 3f007f6f 3f2679a1 
3e689cf6 3f36e3a3 bf138d99 3f109375 bead2aff bebcb26e 3f47b1b6 3f45bdbb bf376192 3e4d34c5 bf2957b7 3f217d7f 3f0a69a5 be832e3e 3f5bcbb9 bf3f859f 3f21bdb5 3f4489c9 bec34aa1 3ea41e50 bf0dfb94 3f63e7cb 3eec2a7f beb186c2 3f6887ed be80e2d4 3efa5eb2 bf54a3be 3f0c5d8b bf6ad808 3f753bf9 bf4e7bdc 3f3c03a5 be321c14 3f3f397c be587ca5 bdff080f 3d8066e1 bd4f2ed8 bf5ac7cf 3de8a8b0 bf148783 3f17e584 bf042958 be3dac55 3e22cbfa 3f4b2fac 3eebf6c2 bf069770 bd522ec0 3f09f3a1 bf66d3d5 3e5a3cea be062453 beb66e88 3eacbec4 bf654bf3 3f60d1e6 bf7e203d 3d37f030 3f14c795 be26bcf2 3f4251ad 3ea2d298 be0e43f8 3d9ee9eb beb012ac befc1ed0 bee652b4 beb5e2d2 3e9242aa bdb9c866 be8d0267 bdf8c919 3f07557d 3f7573fc 3e933e9f 3f41e997 beb01eb2 bf14a77f be5fdc6f 3e3b04ab 3f5b9fd8 bf106f7d 3e731cd1 bf253196 bee9c71b 3f5c9fc6 bf623fd8 3d1e7084 3f412599 bec5feb9 3e98be51 3e1c94f6 be182c36 be270c4f 3cfb5e19 bda387a1 3f6ec1fa bf04ff85 bf022773 3f5d7dca 3efda6ea bf27718f bf6f2403 3f0bfb7b 3d99c8db bf279b83 3e9226a1 bef02726 3e305ce5 bf1cfd70 3e31f4d6 bf38c174 3f6d5def bf74fa16 3f566fd3 befe52ce befc8a79 3f3009c4 bf68e7eb 3df038ff 3def1a0d bf18bd89 3f5533cb bf56afb0 3eda56c2 3f165788 be9bb29a bf28f187 3f43d7c6 3eb97e8d bf03bf8c 3e906291 bf325b7e 3e40e4d3 bf5361df 3f772829 beb31a7f bdc08887 bf052d5b bde1f906 3f4d2dbd be2a7444 3dfa49bf bd44ae51 3e5c5488 3f08d580 bf70a010 bda118c9 be4ba411 3db528e5 bf088162 3f6137e6 be36ad12 be9a423d be83d264 3f5e55ca bf6bd3f4 3ebede4f be390ceb 3f74bc08 bf4993da bf13137a 3e8f621c 3f17ef83 be3b0442 bf5377cf 3f1eefb8 bf1a976f bf0f3b7b 3f5a3bd4 bf7a604a bf24d59c 3e861a8c 3ee496a9 bf4033ac 3ec29293 befadf08 3eb5429e bccf6316 3e712ccd 3ecb522e 3f361f9d bf598dc6 3e724469 3e8e5e8a bf287dc2 3f1e5591 3c98e228 3f3b65b1 3d7c6f1b be495468 bf3d418f 3d097155 3e62ccfc 3eeb2eb7 bd8d98b6 3f156f97 bf6c63f4 3b8c7b16 bd6f3296 3ec13aa7 bf3717ba 3d863915 3f645bdc befc72af befbe2d7 3f255da2 bf552dba 3e8ade51 be622d1a 3f3d4991 bf54c5cf 3f2221b1 bf5ee7d8 3f3027a3 beb7cec4 3f2fe3a6 3bb17ab8 3f35a1a1 3effd6b3 3f5901bd 3ed426fa 3ea6cabf bf3aa39f bf394992 bc43c358 bef15ad0 3f6fec15 bef0e6cb 3f6dbff3 bf663fcf 3da338e2 3dd24926 3e38145c 3de0b99c bedcdef0 bdf4e908 3f6477ae bf6591c7 bf022977 3f1af556 bf3f07b6 3f710fed bf7fce8b 3f3f6da6 bf7dd265 3f64b7da bf6e6bf9 bef3bac9 3f746c11 bf70b9ea 3f3457bc bf6bf3e1 bf249997 
bf0f4561 be9feade 3f3337a3 bf51a9ba 3e681489 3ee66ab2 bf5dd1f1 bdcae892 be977eb7 3f090398 be71acee bd51f16e bf356596 3e15e4bb bf44a9b0 3f6829f5 bf551fc2 be6a551c bbea77cc bec65a9a 3f30fb9c bf7245ff bdbf6936 bde8c8cd bf6657df 3f5ad9ca bf734418 3f381f96 3d3b104c 3f233b93 bf33bdb7 be08f40e 3e9af289 bf09f367 be20d4ac 3ee5eade bf226d7e 3f4eb9c6 bf0cb77f 3f69b3f6 3e8d0e1a be9ce68b 3f2299a1 bf25d3aa 3f67e9e3 bf742623 bebf76af bf22978f 3e9126b6 3d88d928 3ba774d2 be4894b2 3f2dc1d6 bf6bfffc 3f68fde9 be6e14ba 3f0fe788 bf00d383 3edcb6e2 3eb22e80 bf3b61a5 be7bfcdb bef4d6b3 bd8a279a beef3acd be001c24 3f4d3fe6 bd7410f9 3f60d9ed bc6949b9 3ec932b3 bf1b4b79 3ed0d6e5 bda9b875 beba1e5b bf44258a bf0f538f bf692209 3f305fb5 bde3895a 3f105ba0 bf32919b bf41f3c7 3f2609ae 3d2a5018 bea4fa75 3f7a5c2e bf30417f 3f12278a be8bd66d bec8b2b7 3eda02e6 3e0a7492 bf74c9ee 3f3d5ba8 bf2a3fcb 3ecdaeca bf2aab9e be314cc9 3ec90a7c 3f1b3f66 bf4ec5e2 bea3e6b1 3c41c1c9 3f715203 bf5aefa3 3e0f641d 3f2ee396 bf0ff183 3f43fbb1 bf159580 3f785e5a 3e8996a7 be89122f 3de78912 3e94e671 bf4193d5 3f3b8d9a be9f7ab1 3e0bf450 3eea7706 3e569d0c 3d025050 3eb072a8 bf472795 3f0d7d93 be421d35 bf7fd695 3f77ac18 3cb2a5a5 bece2693 bf0b2188 3e583c39 3f602bf5 befc0ad9 3f7cce3a be84d26c be8e2a64 be72f551 3f50adb6 3e403ccd be882a89 3d949901 bf6ad20e 3f4ff7bc bf400193 3f01c95d bf2d83ad 3f188b88 3da6d841 be2c0c7c 3f0df559 bf49f7c6 3e1d1c0c 3dc2d94f 3d36b389 3f07c769 bed912b6 bdca1813 3f11e17b bedf36d5 be57fd14 3f006b57 3f15ab89 bea4a6c7 bef786ea 3d41118e 3f3ddba7 be4f2c3c be837a7c 3f72d213 bee68288 3f142766 3f5c41df bf12b579 3d74ce60 bdd47976 3f379585 bf564be5 3f28d9b9 bef75f17 3eedcb09 bf178b7f bf652c19 3e9eae92 3e99523a bedff27e 3ed946f9 3d9b1802 bf7d3a29 3ea85e63 bf7b9452 3f6b7c09 3f1d5b86 3d3cd314 bee6dad8 3dfc097e bf57f1a8 3eecb69e be95b64e 3f797625 bf2afbb0 beb672d0 3f73ee03 bf0d7776 bedd5af5 3f163154 3e917643 3cc263cc be591425 3f6a1408 bf76b60f 3f42c7be bf7b5215 3f5c01bd bf10a37d 3f46219b bf53add1 3e13d4b8 bf23ff77 bf0dff78 bec52281 bf36e39a bf095d76 3e9516a5 3ed2ca6e 3e743c5e 3f4a43bd beeb42bd be801260 be8c066d 3e1aecb8 bec5f704 3f4e8dbc bf4893c3 3f1ad3a5 bf2a6b9f 3f275b6d be9ab693 bf0da76f 3f69d7f8 bd4e30aa 3f35fba7 bec88a6e befb4e8a 3f62a3e6 bf3c0199 3f6871e7 bf0ce769 3f2ac190 3f050553 bf49f9b1 3f4d219d bf512fac 3f5ff9c8 3f009d60 
3f4d25f6 bf50e5cf 3f10fb97 be9a765b 3f470dc7 bf4aa7c2 3f7eb056 bf021b74 3f4abfd4 be409d1a 3d5b325f 3e328c9a 3e0ee4b4 3f5e4dd4 bf2afda4 3e9a9a71 3e1a6ca9 bddd188a 3f5695c1 bf2b39b0 3f3de3ad bf060372 3f6683be be7db460 3f7f7458 bf6fdbfa 3ef136ca 3e2e34eb bf4fe19b be5edd7b 3ec70686 3f4717c6 bf3501c2 3f1bd18c bdf2a712 beb572ac 3f2de98c bf791829 3f103d75 bf46bfbc be384d2f 3ead42a4 bf465f9d 3efef317 bd216fd1 3e99dead 3f5d83d2 3d9d18e6 3eb832a2 bee322a3 3ef676b8 be541cc1 3dd3389c 3e9d4272 be1f3cff bf5751ba 3f23d598 befe1f2e 3ec6bad0 bf3a8bda 3f516fc7 3f2ba995 bda377af 3e1f3cef 3f5a77c1 bdca582c beb76abb bf0c2b84 bda18786 bef382e3 bf07ed86 3f6e521a bf035171 3f4901b4 bed4ce63 3f7d5851 3f1fdda2 3f6e3408 bf43b1b1 3f0cc381 bf1b8397 3f6965f5 3f2f9f8a bf6fa5d6 3e5984a2 3f16a562 bf4efdb5 be845e8e 3f059d6f 3d506fb4 bd69af5b bdbef8b8 beffe6f1 3f70de0d bc78c6b7 3ce2de2c 3eac8299 3ee61ac3 39c7b5ec bf3fa3b6 3e6b6542 bdb3d6eb 3f073d5d 3ed086c8 bf15dd8b 3f5d3bc8 bf5499bd 3f18997d bf63a9d6 3efdcf29 be4edc41 bf138b5c bf43f1c7 3f68f5fc bf6801d7 3f2fb190 bec702b1 3f17b59e befb4ad4 3ee7a307 bf73fbfc 3e115d53 bf1d4f6f 3ea1f2a1 3eca1ed3 be6e84cc 3ecb32a6 3f188193 bf2879a3 be06f477 3e9896d2 3f74b611 bf630bdf be69e4dc be08ac3a bf2565b0 3e0b3ca8 3f21cf88 be8b6679 bf0fa15d be64350c 3eef22f2 be531403 3f1c8569 beb686a7 3e07bd07 3edd86ab bf4665c3 3f4345b3 be7b3cd3 bd395009 3df2d7ef 3eb20a78 3ed07a5e bf775027 3f086163 bf6965ff 3edd0314 3e936a96 bf62e609 3f5871eb bf3701c0 3d14d00e bf19f774 3f0b0f84 bd8dd82f 3ed5769f bf0bc36a be09cc00 3f0f4d8a bf3bcd87 3c0fc66d bf772036 3ed97ac5 bf27c57e 3f590de2 bf5747e3 3f304fa3 bf0fef80 3f0ee3a8 bf25239c bdf0b8f1 3ee81ee0 3f399599 3f393f9f bf6257ea 3ed91ea9 bee306c9 3dcc18a8 3f1da773 bbbe99c2 3f441fb7 bf6fda03 bf637bd8 3ee56718 be41751f 3f168371 bea1a68d 3f6337f2 bf3679b1 bd13cece 3dc2285a 3f308799 bf3dffcf 3f0f498d bdd1c8aa bace105a bf5627ca 3e3644ce 3cdb5f74 bf21179e 3f51afdd bf3d1bb1 3f4949ce bd3f2f24 bdbf1883 bef9a2e5 3f458f9a bd48f15d 3edb6ed8 3f440dad 3e6ff537 3ecb16e4 3f3fdbb8 bf761412 3dd2d935 3d8aa7f5 bf74f805 3eef9ab4 3f18777f bea02a6d 3ee17ebd bee82ed7 3f133580 bef49ad4 bd034f2c 3eb03ec3 bf01f562 3f766043 bed786e9 bdd3fa66 beb43686 bf33e78e 3f27539b be850682 3eaaa6a4 bf140593 3e710c6e bf31b7a8 bd5130a4 3dd12a1e bf28ef74 3f39d38f bd8a37b1 beda82d0 be38b56f 
beebb6e6 3f748403 bf15df75 3c8a6083 bee4dec9 3cc4652b be873eb3 3e4e9cab bed09ec3 bf2a6184 3d90594b 3ef46aa7 bf55c1c9 be507c41 3f4c5bbf bf7d7250 3f68abe3 bf65f5dc 3e8b4664 be95ea4d bdd5592d be4334e7 3d58500a becb5ab1 bed4d6cc 3f10095f bcf265bd be9412af 3e837eb9 3f4acf94 bf7cb475 bde497c0 beaf9a5d 3f1eed81 bf29038f 3f27679b bf217b83 3f6dc817 bef06703 3f56cfa8 beca3aa4 3d8c782f 3f3e6dbc bf179960 bedd56ab 3d825833 bf60afd1 bd8ad834 be6624b3 3e11840f bf641a12 3f3c0da0 bf535fbe 3d84b8f5 3e165456 3f2e31b2 bf288797 3f000d75 bea13ac6 3ec0cea1 bf046f81 bf768e19 3f1dc796 bf3475b2 becdcef5 be949a86 3e9bfeb3 3f3bc794 beea8711 3f72480f 3e587cc4 bef9f707 be0d5c50 bf3db1b0 3f071568 bf6d89d2 bf263da8 bf5091dc 3ec522d7 bebb8a79 3dd8a9ac bf374db2 bef8aaeb 3f774c34 bf106755 beef5ed6 3f4311ad 3ea72273 bf1b9f76 bea84694 3f31b7a2 beb90ec1 3f2dfb9d bf4dfde8 beeca693 3e6d3d31 bf065957 bf06d383 3f507bd0 bee40af1 3f69bff2 bf6a5ff4 3ec95278 bf5a63cc bf156b60 3f384183 bec50a93 3cc59bbf 3f5d6bde bf6a9ff5 3f540de8 3e560497 3ee3c6b6 3e0bcc8b bf02b76e 3f2fd393 bf2a29ac be22ad4f 3cf12528 bd8638b6 3ece8ede 3ee0dec2 3debc8ed bcc72216 bed046c5 be3cd4ab bdf4990a bf41c3a5 3f205bc8 3e986aaa bf23dbaf bf0a1779 3f67f3ca be2f9536 3ea5dabe 3f5ee3b4 bf0fd97a bed036bf 3eefa6ab 3e676471 3e822e67 be82be66 bf059d81 3f2923a2 be647c98 be80f688 be04b4d4 3f21516e bf0c277b bf089368 3f136f86 bf64cbe8 3e2a9d28 bf14c36f 3f7dd45e be81baa9 3f6d19ed bf71fc09 3f33e5b3 bd3230ed be74ac8e 3f73a3e2 bea63ada 3ecd6ef8 bedd9aab 3db408b4 be6f4c98 be8e4a58 3f44298b bf6fb213 3f3285a7 3ea83ead 3f568dde bf0a7375 3d84a90f 3f0fdf92 bf19537e 3c1e4c9d 3ea39e60 bee5771d 3f4f2bce 3e8d4247 beffd6fc bf4e8bd6 bf4493b8 3e71258c 3eabf683 3f103797 bf69dbed 3eeccece bf5877d0 be237cce 3f436f9d 3f767c20 becf0eba be29140e 3d9988ff 3defc8d5 bf6a9607 3f094573 be06ec3b bd7b72f3 be9eaa88 befba707 3f4a7ba8 bf60b7e8 3f3db3ab 3df59856 3f0f9173 be5e1cf3 3edf767d bf628fdc 3f3055b8 be97ae96 bf78e039 3f3ba990 3d4e3167 bec276aa beefd2db 3e2c9421 bf62dfda be862e87 be43bcbd bed8cee7 3f5d65d0 be77ed1e bea1e2a5 3f4ca5a1 bec97ae9 bf083d8a 3e8da65d be6b5d44 3e85feb8 bf127d87 3e98d650 3eeefe91 bea7e2e6 be206c45 be80ae2f bef3f6dd 3f50fdcc 3e45b4c5 3bb388aa 3e8c9649 be17c452 be97e664 3ee04aae 3e44a465 3f6935f4 bf1ad79a 3ef6dec3 bd7c9351 3d8f1878 bf4b9bb7 3f4a3bbe bedf82b7 
3ee07adf bebf0ea0 bec67671 3f68d00e 3e223d26 3c00b529 3f0fd981 bf2749a6 3f3bd596 3f2277af 3e2184bd bf35a5b2 3f42b99c be9386b5 bee022aa 3f1d318a bed97ac1 3e7a6d40 3ebd1a71 bf0f1d7f 3f708a0b 3c9223f6 be5b350f 3e5124ca 3ec20edc beb9f293 beb0f66a 3ef776d2 be11745c be721c84 3e9fc682 3f111b85 be2e044e 3e4d1c41 bef5f2b1 3f2f6bbf beef36b5 bed5168f 3e8f5278 bf71160d 3f6d7605 bef206fe bf24638d 3f6133f6 3ed9da91 be44c4bb 3f4377d9 3de399f1 be54848e 3f6d2a0d 3d0a0ffb 3ef90a99 beac46b4 3f6c2414 bf794a49 3dcc47b6 3e902699 be64a4da bdd2f8db 3ed1e6a8 be0934c6 3f7e0a5a bed5868a 3ec892b0 3f5075db becb86d7 3efb1ed0 bf79f21c 3f25339e bf7fec9b be176ccd 3ec656d7 3ecf5267 3f076d9b bdd68956 3f0c8d92 3f39e7a7 3f18937f 3e602466 bda1c908 3ee2ea79 3f0bfd5a be8ede93 3d4c2f51 bbaa98ed 3f2921b4 bf624dd3 bd9cf8bd 3f4203cd beed9aa2 3ea64a95 bf5ca9da 3f4cf9b1 be925687 3f7ac625 be8bbe85 3f10c78a be8dfa85 3dbbb903 be0a7cde bef1c6ae 3f03698f bd86b8af 3f3ca3d6 3f7037fc bf7b9c5b 3f4267b8 bf7e2642 3f10497c bf136b68 3e80ee7c bf7e4a5c 3ee57a7f bf5703d4 3f3433b2 bf01f162 3f03e395 3f0a2561 be9c7271 3f028967 bf56a5bd 3eef2f05 bf7b6658 3f288b74 be0aacc8 3f0df35e 3e422c4b 3f03c573 bec8026e be4c9bed 3f141171 3e1d2cb1 bf4d0de3 3f15cb82 bf23a193 befe72f7 3d0fb184 3f59ddc2 bf7ce061 3ee1068a bf4a35c8 3f416bc5 3eaa36b0 bf779402 bdf0fa28 3f5961e2 be7abc47 befb6ad1 3f09396f 3eb6dab0 3e9aa245 3e8f5a64 3eabde63 be1cac8d bed91685 be5224d4 bf419d9d 3f76462e bf6ce002 3ea546bb be502546 bf48add3 3e74256a 3d83e792 3e060c73 bde5093e 3f2e399a be9bda63 3ea3625e bc4dbec1 bdfff8ed bf3ebfb4 bf05a56b 3f2eff95 be5efccf bf283f87 3f4f8d8e be5cd4cd bc835e32 bd7a5223 beea4eef bf50add3 3f63fdf7 3f3d4ba4 3f03235a 3f04d750 bf73bc23 bf0f8573 3f7ad655 be823a70 3eb4eadf 3ef3a6f6 bf77301a bf6405f8 3eb35674 3f022387 bf634dc7 3f19d174 3be96b1b 3f256f98 be918689 bd31ef35 3f479da8 bc2243f1 bd5ff02a bddc37f6 3ebca6a3 bf7b3017 3e1bfc71 bf6913e6 3f393797 3ef922eb beeaee93 3e35148d 3f59fbb2 3e0f3ccf bf4d93c9 3f46d5ae 3edbaa72 beea371b 3f664c07 bdde279f 3f531dcf bf44afcc 3c52b869 3e20344a 3e58f43d be25b522 bcaee16e 3f47dbb4 bf68d3e7 3f6b4be6 bf4847e3 3f55c1a2 be89927b bf257184 3ebc9e99 3e3dc4a6 3eff569b 3eb466b0 bf0fb14b bf070d52 3f133ba7 bf19af81 3d217143 3ee912d3 beccbeaf bf26e195 bf5843bb 3f6c040f bf78d819 3f63efe9 bf36c98c 3f787215 3dfbe86b be9e8a73 
bd2f1052 be6e6ce1 3f127393 bf184992 bf5743df 3ea98271 bf0d2151 3e3ecd1b be570ccb bf5859bb bdc6381c 3ecc7ae6 be701cfe 3f7e2448 bf3875b3 3f4623af bf76660b 3f388381 bf2df9b9 3f105f73 bf2963b6 bf60fdcf 3f5f87d8 bd819926 bf2b5592 3f5965c9 beba3293 3eee0b22 bf7bc044 3f2c8588 bf7325ff 3f152564 bf23ef78 3d38cf0a 3ed7da84 bf6213da 3f0f1f6c 3eee62d9 be1fec4a 3f3413a6 bf72c609 3f61efe1 be0b93f2 befc92c7 beeafb07 3e19bd12 bf023564 3e133441 be9a226d bf41119b be5a1c3c bf4fd7d1 3f21af7c bf540dc1 3f0d5989 3e119454 bf0b656b 3ec85ae8 3d719467 bf3c6da5 3f116381 bf6429dc 3e02ec63 be1ef4c3 bf6f3c13 3f61c7ea bf61f3ef 3f211580 be94e26e 3f50a7ba 3da04805 bf122575 3c50c17a bf5f35d4 3e98a699 bf7d883b bd87488c bf635dd3 bed5c2fd 3e92da8a bf5d13f7 3aa5eeea 3f097b5a bf697602 3f344b9b bf5775d0 3f6df1f3 beb6b29d bea8c2d1 3eeafa94 be25347c 3f106d6a bf7ebc80 3e3f3caf be9ff281 bf4555ab 3f721e0d bf1bc3a1 3f041982 bf09036b 3f7a0e2d bf228f9c bda418af bf7be240 3d67d073 bf09dd79 3f356196 3e8b8e51 befc52a6 3f5a5dc3 beab76bf 3f5a79d8 bec5a2d2 3edbdf18 3dbdc939 be16dc2b bf436bb3 3e5d34e4 bf7193e4 3f5ab1cd bf37b795 3e5de456 3f2b5d80 bf1f4b74 3f0edda4 bf4b8fc4 bec43e87 be299414 3ea1e6d4 bf25798f 3ee67ac7 be24a49e 3e96ae6b 3ce1a139 be8b322b 3f77dc11 3a1bf016 bf2999cc 3f08b3a2 3d84e8cd 3eb14663 bf4e239f 3e0e7c73 3f2b09a1 3f127593 bf3bd1a4 bea41a77 3f6037dc bf000169 be974a6a bf6863ff 3de3aa0d bf1e3b87 3f5a7fc7 3d5d72b6 3e419c26 3f56bbc0 bf31cbb1 3ef74687 bd0a928e 3eb3127f 3f00ed74 bdf1c887 becde6fe 3da8b8f4 3d0c2e8c bf6767f6 3f1a3197 bf39dbdf be0e8441 3f5849ec 3d840881 3f270b85 bf5dc1dd 3f2abfac 3d7ad444 becdab28 3eda7eda bf06b960 3f3ebdb6 3e03a4fd 3f779618 bf6095cc bf5995d9 be8f16aa bf0d1b86 3f36f997 3f3951a1 bf2fcf85 be823e4d 3d408e42 bedc4f02 3f528fbf 3f4025b3 bd58d1a2 bf2ddf97 3f5c21c5 be780cb0 be097455 bf772616 3ec9a6b3 bec55abb baa21a08 bf70f820 3f79b22c bf45e7be 3ebdd2fa 3e3b2cb0 3ee0568a 3f6b13ea bf732c2b bf3235ba 3f03f385 beb23a82 bf020d7c bf3e0b92 3f50e1d2 bf15d57f be9f06c0 3dba4832 bd1051c0 bebcd6e8 bf03dd82 3f2a0d9d 3e47ed0f bf4d6fe2 3e82929b be1ebc54 bed33efd 3e066c1a 3ee0d2ae bf4069ba 3f3bef9f bf7ba22d 3f6d87ed bf12c783 3f6e43fe bf64e5e7 bf4c1bda 3ec15eb6 bec8fad0 3f6a5c0a bed5caa9 3d8ab6df 3e79f44d be9dbaa8 3ea702a9 3f3ecd9b 3f5dfbbb bf4387b5 3f228791 bf3a0fa9 3efec2d4 bf476fb5 bf6bf9d5 3f5d29e6 
bef672bc 3ebd4ef0 3d2ad187 bde5b864 3f7ae254 3ed176a1 bee0d303 3f64f1ce bf03e167 3f443fc2 3e87aa19 bdc1d866 bf36eba1 bf1fc389 3ea4cee8 bed1da9c 3f5d4dda bf2f0fa3 3f11e7ad bf130175 3f6c65ea 3f2c0bb0 bec52a71 bf19b57a 3f78741e bf784e18 3ede52c9 bec29a69 3f4a2db7 3e27dbe2 3e459494 be3b6d2d 3bc178e0 3f053f91 bed972e7 3f738e11 bf2f4b8f 3ca6e1b6 bf5f53d1 3f38c5a7 bed82acd be3bb53d 3e8c5a3c 3f045173 be389ceb 3f1d037d bef86f0b 3e64bcc2 3f2e5586 3e901a70 3f3df3b6 3f02d583 bed286be 3f5101f0 bf518dc8 3f5599df bf34b397 3f06376d bde1c903 3e73c4ff 3d49d298 3d89b8db 3ebca2dc 3eab3ede bd0dd0be bd88c918 3c5f40cf 3f1a756a bf202980 bf07cd75 3efb7321 be5dfccd 3f6699db bee8fea2 3f6bcbcb 3ea55289 3ed5b2c3 3ee6facb 3f43b1bf bea2c6ac 3f7ae825 bf4efb93 3e721491 3eaf6a87 3d03eec6 be9e3a88 3eb7feab bf053f7f 3f5249d7 bf6aeff1 3c27c8bb 3e19b479 3f4b69a6 bdcb7880 3f039f5e bdb08887 bec0d29b be5fc472 3e877652 bd8d59c5 beebeaf1 bd2e51cf 3f6a85f2 3ea06ec5 3c36b474 3f04e79e bf30fbb2 beb926a1 3f067b70 bf7fcc9b 3ede96b4 bf6f6dfd 3f447fa4 bf49c9b5 3e850aa7 bdb2b836 3f77c037 3e89465c bcdb6030 3e5e9c77 3ef15ab4 bb9a89a5 beffb2d1 3f01618d bf7d424b 3f5f05de 3f515be6 bf3cdbbe 3f40bfa9 3e960e74 beeadb0f bf05357e 3eff2afe bf12f98a 3f426fa0 bf5a4fc0 beefd6b1 3f33bb9e be0c03f0 bf4ff99f 3f17615c 3e6ba545 be738cf6 beda8abd bf490bb3 3eb412be 3f32e9bd bf423bb2 be367ce1 3f63a5ea 3f05cd51 3f06437c be6bfc48 bf0cbf5d bed652b6 3e3c143a bf5a1bc4 3e74b53b 3d1f8d81 be8b362f be16ac1c bf27078b 3ee3c2f8 3eb49eb5 bda92759 3db46893 3f3c07ba bec4bac7 3f28236a 3e3b7cad bf2adb98 bf2f99b1 3f48c3be bf5345c7 3f35efae bf5fd9f4 3f4cd5b2 bf7f4678 3f5b5bb2 bf7b8233 bdfa38de bf5991bf 3f6101c9 3ee5ef02 3f59f1d4 bf19b786 3ebc12ed bf53b7b0 bc90dec4 3f74c207 bee1229c 3edc42b8 bf437da1 bea9cac3 bf1cd974 3f79c633 bf126998 beddde4a 3f689a17 3ccbdad9 3f706def bf01058e 3eb57a9a 3f3cf5b8 bf43adb3 3f1a25b3 bea60e57 3d95f883 bf343dac bf4ac7cc 3f66b1f7 3f681de0 befd3ede 3f153575 3e8cca4b 3f300381 3bc87638 be1a7bf8 3eaabe8c 3e9f1283 bf34a7bb 3f21418f 3edac6d4 bf308bb6 3e3474ff 3ee53ee1 3e2bf46b bdd21913 3f5055ce bf59dbd2 3e455423 be095cde 3f210583 bf1ff783 3ec9cadd be37b501 bf1d5b91 3f4bdbdc 3f7a263b bede0abc 3efaeef9 bf07215a be6b7480 3ec63eab 3df7697c bf24ab73 3e8cbebf bf588fc3 bf79d023 3f234fac be9baabb 3ed65296 be66e4cd 3f66c1fd 3f7c6237 bf64f40c 
3f64b1e2 be667d18 bf3537b3 3f18cb87 bf6b0dea bf37f1a5 3e81ea40 bf00ad7e 3e57e4af bdbd694f bf619bea 3f21c59d 3f21fd8c 3f36038d 3cb3208b bdbba7b2 bf4003a3 3f78ae3f bf7be43a 3f3eaf89 bf79e42f bf6ca7db 3f6b7a00 bf0bc984 3f25d1ad bf2a9d99 3f7aea3e bf4b89c4 be608c51 be99be37 bee09e9c 3f269595 beb316bc 3e61bc48 bf737c28 3db93895 bdbbb813 3ebb9e96 3f302fb1 bf4c67cb 3f5dbbef bea0864a 3c72bf59 bf73be17 3f6d63e4 bf76ce2a 3f5ecfc7 becccec6 bf52edb9 be9be280 bf11ef6f bec14284 bdc187f1 bee84ebd 3f00496b bf6093d1 3f7e1c5d bf08ad72 bf0aa391 3f136b58 bee98f17 3d63107c be42d583 bf402391 3f5275b0 3d7e5022 bf41af8c 3edfb2c0 be9e7ab7 3f7e5e57 bf23417e be13f4c3 beeb6ecf 3f073368 bf5a95bd bf25917c bdf90857 bf2ccf9b bd81a806 bf6c8fd5 3f03e7a1 bdf618da 3ee8eede bf72bbfc 3eeac6df be628c88 3e68a4a1 be33ec47 bd36b02f 3f161583 3e84426d bf5a2db6 be0313da bf65abf3 3e9eaa7e 3e41647d 3eb34e46 3ec4368a bef4c6fc 3efa4302 3dce5a01 3ea816c8 bf73aa15 beb6baa6 3eb29e9d bea8ead7 3ee3faae 3e0bdcf0 3eade661 bdc0697d 3f5db9f4 bf22e975 3f3e79b0 bf192d8e 3f014b5f bec6cef3 bf20fb9b bf6c83e9 3f46c9c2 bf5e3bb8 bf3b139a 3f146388 bf268f94 3f12dd77 3f0e0763 bebe9ec3 bf760040 3f183181 bf304b8e bf191364 3f7cfe43 3e8c5265 3e0d0c4a bf08a75a 3eae9e6f be4294d3 3f7a8429 bf0cc982 bd981974 3f79120b bf4b7bad bd50101a 3ec14aa3 3e563cb1 3f5d01e1 be95c6a3 be454cd3 3d9f08d8 3f3b9599 bf729603 bf01578f bf413fb1 3f6dc601 3ded77c8 3f4edff7 beb7ba84 3f48ddc6 bed45ebd 3f4079b8 bf4e4fc7 3f1fe595 3f2dc5a6 bf75c60d 3df39973 beeddac0 3e9c8292 bf27b982 be135ca7 3d58318d bf46db9f 3f6ae801 3ed1f2e1 bf358792 3f7dee42 bf5dcbad 3f4cc3c1 becbc6c7 3f45f1a8 beb68ac8 3f2d9bb3 3e8e9a1f 3eecc2c7 be88d677 bf65affe bea55ab8 3f4fa1db bf65a7e1 3f7cd844 be90f26d bdc05825 bef282b9 3e960690 3dcdf9e7 3f19ad6e 3f1e118a bf784a3d 3f2b2987 be899645 3d9c4918 bf181f94 bf74ea1d 3f1f6362 bf38138d 3e526cab bf24bb78 3f7fb495 bf64d9c6 3f052961 3ef09ad9 3f1e1996 bf3ff798 bf4071a5 3cabe514 bf137f8d bd0ed3ee bf6789dd 3d0f340b be48ec94 3e4d3cce bee7b2f2 3f03a37c bc2abf94 bf6c91e4 3f6dee00 bf4095bc 3e861628 bf4e09db 3e59e501 be6544bc 3ccfa5d7 3f68e5f2 bf5e81d1 bd84488f 3efd72cb bf2a9f68 3f604bd0 be453426 bef8cb09 bf3e0fd8 be8cd26d 3e335c9d be1a045e 3f3febaf bf4c6dcb 3e2af4de 3eff16a6 be331510 3f39ada9 3f607bb4 be6344bd be860a76 3e72c573 beabc65d bf5da7d8 bf54a9b9 3f4151bd 
bf6a2bef bd9b292e 3f5e6de4 bede1a9f 3f3cb19f 3eafaab5 3f646def bf171976 bd6a9099 3ea9fe6f 3e948276 bebdea56 bf44e1a3 bf121b75 bec3d244 3f2e1175 3e6f3534 bf402179 3f73c3f8 bec7469d 3f36cfb8 3f6c9ffb bf38698c 3ef85ee5 be7f5519 bd89f97d be7804b7 3eb92e78 3f24c36c beaa2682 3f3cc59e bec652ce bed8baa4 3edae2a6 3f298b90 3ef986cf bec1ae70 be566433 3d0331fc bf1a2f69 3f239b79 bf6b9a0b 3f65f1e4 3e7a0469 bef34ef6 3e158c77 be760ce5 3e09e46f 3f6f7bfb 3f074b8c be0f8c65 3f460d99 3dc98922 3f1b0d98 becdd2ae 3f18079d bf5735d9 3eacb292 3f6cedf4 bf50dbd1 3efbcf05 be59949b 3f25eb95 3dd97848 bf5fd1f4 3b650e6e 3f73c1e6 bf7e164e 3f2eaf93 bf53dfe1 3dfcf8ba 3f7a2a25 be5a64c7 bf051379 3f552dca 3ee592e3 3f26bf80 bd6e72c7 3ecee6f8 3f4c77ce bf26e99a 3df55841 bf03a172 3f7f9aa4 bedba705 3f0d059e bf49a3be 3f3369a0 bf16fd57 bef9cee8 3eca4696 3de52821 3f4d81d8 3f2a716d beb2268b bedad27e bf18519c 3e955a8c bec7f69a 3d592ff1 bf252f75 3e3b9c2e 3e3544a5 3f64d7f9 bf6f19fb 3c613ac3 3dd2a761 be850e85 bf3539b7 3edb3ec5 bf5f09cb 3ee196fb bed2a68a 3ee346ef bdcba821 3e017bfd 3f4d11c3 3f2ebf9d beb2e6a0 3f5bbfd4 3ec5ce98 3e961a4f 3cdb2079 be28a472 bf523bda 3d27d29f 3f5407d3 3e1de48d 3decf8bc 3f21fb8f bf45c5ae bf2f27ab be2da486 3f776e11 bf5a8bd2 3f1f9d8f bf6907f6 3ea8c280 be9d7a7c bdb91811 be296498 3f1b138b bf295999 bda46829 bf3489a0 3ed78e94 bf5719c5 3f4117a5 bf7e528d 3f2b4554 3f24dd93 3eec56c7 bf5be5aa bed24ea6 be8c4e8e bf0f6d67 3ed7aeae beda2299 bf01b560 3f5cbfc4 bebfa2ac bf23e3a2 3f053164 3f5d49d7 bf15298c 3f14255e be7cbd10 3f593fb3 bf0fa551 3f7f5473 bf4843d5 be80aa75 3ed676b8 bf799c0d 3f733615 bf5d5fdc 3e2df57c bf139360 be4e3414 bf06495a 3dd868d2 bf50f3ca 3eb502b0 3f52b7d1 be70a44f beb3e69b 3f11a390 bf305f9f 3f327190 bf678fd7 3f7fc46d be3534b0 bda6d7bb bf581fd0 3e11f4b3 beb466d3 3f526f9e bf0c4f62 3eabce67 3e38acf0 3f679bd7 3c7bbcb3 bc504639 3eabbe52 3e5114d8 bf4935cc 3f023b88 bd872806 bf4c63b2 3dcf8795 3df7896a 3f32e39a 3f144765 bcca1fa9 3f5c4fea be596467 3f7cba6d becc32a4 3ee73acb bf207f59 3f0de39f bf028d67 3ee68ec0 3ef736f0 bf25a773 3f1f1b9f 3f3b69b1 bf414383 3f40cd9a bf3703c6 bf00ed73 3f7e7450 bf17bd63 3f5671ad bf74ae37 3e862e2b bea3da60 3f736217 3e67846e 3f497bb9 beecf2f1 3e47b515 bf084b75 3f49d1a3 bf717a24 3f2d698b bf119f61 be965263 bf7aa850 3e20fc4a 3edc22b1 bf391fcc 3f6d1611 3eec1e9e 3f6af3cc bf5405cc 
3f600feb 3e896eb0 be880e5a bf42f3aa 3ee37efd bf774c06 bf43ebcf 3f1f2156 3ee25ad9 bf2c3d78 3ebe2eaf bd927910 3f6a6fe2 3edf6681 3eb48a80 bf7ad63f 3f1d9d95 be83a246 bdac6857 bf201977 bdff58bc bf701001 3f04a776 beec7aca be48dc69 3f3a979a bec67e80 3d2e10bf bf62e9ed 3f60e80e bf6aba0d 3e10bce3 3f72fa16 bf6a7e1a becf56de bf5c01b9 3f58d3c4 bf146f92 3f25119e 3c8b5db6 be269c6a 3ecc3688 bedb4298 be8ca284 3eec7ac1 3bd17689 3eccb6f0 bf3d3b7f bee3528b bf2b8583 3f0d456e bf7da652 bdb197ff bf5e7bcf 3ef77ae0 bebddaa8 3f683be4 bf4685c2 be11fcd7 bec30e93 3f2ad19e bf01bb50 bf29077f 3f25c58b 3f15d185 be26cc7d bf09f99c 3f4b01c6 bf03898c 3f5659d2 befd56d9 bf0d3763 bd8e28d1 3f3de5b0 bf16dd83 becce6ca bf7a8239 3f30eb91 bf780618 3e064c50 beba5e5c 3f5589c7 bda54912 bf250193 3d4bb169 bf0b256f 3f673fe7 bf227b8d 3f7d8656 be0274c1 be6bcc82 be546cb8 bf197180 bf4793c2 3ee26291 3f2b79a4 3e701491 3d7111d9 be03bcd4 3f776211 beae7e41 3f54d3dc bf4557bb be0b1c29 3f161d7f 3f44ebbf bf5aa5ef 3f15a39c 3f5efbdc bf5125d6 3f7a7c0f be65fd23 3d94e82f bf1e6581 3ed332d7 bf4341b7 bdf13847 bf416fa5 bec2e67a be186c8e bf16b961 bf103b7f 3ca51fbb 3e7b2cf0 3f238567 3f047740 bf6285be bf2b6d7a 3e5ae55c be661d0d 3e9ace83 3f6369e2 3e91465e bf74401c 3f11d391 be1a2c58 3df1883c 3e8b0e6d 3eabc6a6 be9c8681 3f197578 bf1eefaa 3eb7c673 3eefeea9 be4fd4bf 3ec086bf 3f19a365 bd528f6e bd85f91c 3ea3de68 bf74841f 3da886dd 3ec5aacf 3f6299f3 be643cd1 3f74e21b bf5367b1 3f30d5bb 3db1783b be5f4515 beed427e 3f77d028 bf0d2d58 bf6d17fa 3ee892dd bcf0a1ae bf0d9784 3ee72ea4 bf34b19f be72b48f 3f07a372 beabce61 3f12c978 3e80f654 bed7a684 3f4f9dc8 beb58e9a 3f6f2bff 3e88ae8e 3f143595 beca9acd 3f7d284c bea762a0 bf3345c5 3f5c7fe4 bf4a97df 3f5a71a1 bf2ba396 be194c6e 3f7105e6 bf3b93a2 bf001b86 3f30d39c bd0cd2b0 3f33ed91 bea80a63 be93b286 be532440 3e6aec59 beb53693 be937247 bf4039b3 3e9bdec2 beac5e80 bdfec8ad 3f7cde4d bf6459fe 3f7d7e34 bf28039b 3f63be08 bf3ee5b3 bcc51ed3 bf7c1234 3da2b90e bf62f5d1 3eded6e8 bf5835c7 bed73688 3ef5cebd bdaad903 bd8f8999 3de4c7c2 be3acc6e bf505bbb 3f6823eb bf37eb9b bf5683d3 3f7f6a86 bf219952 3f3b0fc2 3ebeaeeb bf3f5592 3d19112b bed12b0b 3f48e3c7 3deeb8c1 beef2ed1 be902a27 bf171f7e bf28bdc3 3f12f3a5 be5c2466 bd5c4ebc 3ee7eef9 bdf5c90f 3dfad95f bee922db 3f5ad1dc 3f729012 bf462bc8 3f27838e be91aaae bdc0c943 bf6077e6 bee0d6f7 3f0b8b6a 
beb88ab7 bf7169e4 3eba0681 3f42f17d bea7f6a5 3f3985af 3f4aebdb bf689de6 3e5b54d9 bf318195 3f32e5a7 bf2cf199 be24dc55 bf76a628 3f17a17e 3e1abca6 be96ee90 3d634f05 3f013f62 3e544493 3f5e69fc 3bfa7b48 bbc98e6f 3f4465a1 bedefa63 3ebffaa8 bf3f69a0 3f4c39c7 3dbd8843 bf165d6a 3f188572 bd7e7426 bf4959c8 3f351b87 3f76a80a be9ca246 3f3ab993 bf63b3ff 3f2c2fb4 bf5dd7d6 3f6145ed bf6e3dfb 3f7d163a bf557dc0 3f2c13b1 bf7a9c1d 3e73ac94 3f09b55f 3f5319e0 bef0d2c2 3ec1e2aa 3ea33e67 3f00bd66 3f6853f7 bf2bdb97 3e16bcec bf11c985 3eac0af3 3f242da8 3db4f913 bf024779 3f38b3a3 3e191c6d beda86d5 bf77603e 3f4ca1d7 beced2aa 3e713ce2 bf2f13bd bca9e228 3ecf8b17 3e78c4be 3e3dd43b bf0aed85 bd059233 3f216597 3f12358a bdf7584b 3c13bd97 3f0c0d89 3bf9938d bf5e95d6 3ef0e6dc bb490e1a 3f57cfba bdafe904 beaf36bf be811248 bf018d76 3e2ef493 3ed8a2af 3cdd1cf8 3eb7dec5 3f72d60b bf7b9a4f 3dfd08bf bf6fd201 3f5fe3c9 bf6475e8 be1a0ba0 bf01c571 be9f6a50 3e2c8533 3e4544a5 bf77ee3f bf1edd77 3f5189cd bf43af99 bf0ced60 3f373bb0 bf5629c5 3d10cf94 3dfb58ed 3f59e9ce bf116d62 3f722633 be85fe49 3f71d81c 3f1b8f9b beac4ea4 3f74be28 3dfb88d8 3f4b87b9 bf701604 be922293 bf473193 3f7ab842 3f11f5a6 3e272ce0 bf438d95 3ebbd6d2 bf5533d4 bf098f6d 3f41a7c0 3dd8b8f3 bf3c0fa2 3f6449e7 bf7463f6 bc64cb5b 3e16e48d bf1e579a 3f409bd8 bf34698f 3e4fc474 3d9c983c bedeea80 bf064f63 bf0bcb87 3f3401bc bf09855c 3e9eead8 3ebc2a89 bf5e99b9 beac9274 bda1a8d5 bf078155 3ecd9ece be700d12 bdfb5894 3c4bbc8e 3efd16f2 bf09b77f 3e892a5b 3f69cdf6 bf22a99a 3f022d5f be55d4eb be7074dc 3f6b1fec bdf7e894 3d134f92 bd97c7fa bec656cd bea8caa4 3d3e5110 bf1da5a0 3e9122ab bf45238a bf666fb2 3e20f50e bef856b2 3db59812 bf2d4d87 3f66abea bf69901c 3f6681ee bf7f9083 3f4e29af 3e3d7cce bf6019db 3ed5ae66 3f33e785 bf14794a 3e9c326e bf6b9df4 3eaad2b1 3f241d83 bedc5e9d 3f41cdb5 bf65fde4 3f6d35fc 3dacb7b5 3f3a5f9c bf07fd93 3e85569d bf4155d6 3ec28290 bf215b70 3f123f5e bf119379 3ee89eb3 bd67b01a 3f67c3e7 3e0d13b8 3f008759 bec01e9a 3f4a31d4 3f46abce bf7a903f 3f68b3eb bf6eec14 3f46b1b4 bdac578f 3f2e3b97 bf3e1da1 3f32a5af 3ee992fc bed9dec6 be4c044f be45b40a bf2be3a4 3f6ef620 3e3d8525 3e1cc434 bf6f0bfd 3eb376bf 3e4c4c98 3eca8a7b 3f0a4572 3efccf0a bf19ab84 3efca2a8 be2954be bf5003dd 3eef8edc bde8a9b0 3ef5126e bf26279e bf31e39b 3dee18a0 3e07c4cd bf1c6f70 3f6b0a00 be607508 3f746412 bf3daf8d 
3f5bcdd4 3f216da7 3d381210 bf36b39e 3e54dca6 bf70c435 3ea1d69e be8cce39 3f11796f 3f5415c8 bf7f686a 3f6d2fdd be9e1a90 3f732002 bf3a877f be3194d6 3f368b9f bf2343a6 3d7d70de bf4133b7 bf2c85ba 3e834a61 befca2e5 be66654a bde998cf bec8aea6 3f5153bd bf080781 bcb6a361 3f06117a bed0b2e8 3f07ab69 be1e3c78 be6134fd bf72e41a 3eacd6c0 bf440fc6 3f7e305f bf6097e5 3f27edaa bf2da3b1 3f0bdd67 bf00d781 3f2d07a9 bf18f586 3f770e1e bea2b678 bf451fa7 bf00b358 3f6e960f bf66ffcd 3d85d86c bf4781cd bf4ee7a5 3f7f5c7f be869659 3f21f16d becd8696 bf2dcba0 bbc6832b 3eb1ead3 bf6b4814 3f0fcb79 3d0af1c8 3f41e78c bd90e84e bf238571 3f501dbf 3e0ef479 3e498c86 becd4eb2 bee1fee9 3ef2eb2e be87de71 3f1f896f be9b7aa0 bf50f1f3 3eb80a80 3dc8089f bf4417e0 3ef582e3 3eae96c4 be824e34 bd9297b7 bf3cdfb9 beb33a7b 3f6a6dd9 3d8d2858 3f31419a bf367dc7 be414c22 3d4aed20 be86ce8d bf08a165 3f3905a5 3cf26360 3ea4e6d0 bf0f697b 3f649bf5 3d2bd000 3f1c179a 3f12e964 beaa2ab4 3f05d377 3f268da2 3f1c09b3 bed87aac 3f03e17f 3edf0ac3 bf45b193 3f6095b6 bdb6f979 bea32eac bec87267 bf19698d 3f1bc78c bf59b9dd beca62c5 bf2c53b6 3f038567 bf7d7e5e bde93a71 bf6751ed 3f42a799 3f592ba6 bcb95c4c beab2ab4 bf76d622 3e799507 3f3c09c4 be5c6cc3 3e967e33 3f6bfbeb bf78b213 3e88feaa 3d49318d be3c5514 3eb5ce7b bd08d09e 3f31cdb6 bf493bb0 3f4045b5 bf06996c 3ecb62ef bf283192 3f1f6faa 3f042767 3f282daa bf5483d5 3f433db6 bec2bedb 3d53b0d8 3f45f7ce be919692 3f429da5 beee770f 3f19a17e bf6247dd 3f5c29f6 bed6a2a4 bcbe9f21 3dea4923 bf086583 3dc1e8e7 be5f3d13 be08d4a1 3f00eb4b bd02afe5 bf48abbd 3e7cbd32 bf2a8190 3f64ddd7 be8ec280 3f406fc5 3d6b6ec2 3f495bba bf19d97d 3f62a1f5 3f475bcc 3e9b466b 3dd1c834 3d1e2f37 3f2ff397 bef676bc 3ed842c5 bf17b986 3f2fa79a bed3fab1 befdaab2 3f6fa9dd bf23e584 3e4a0c53 bf3be98d 3e9d5687 3f4139c0 bf4e83a2 3ebdeac0 bf354793 3ef20b0b be0a04f1 3e31e421 bee462f2 bf75d42b 3f4449ad bd778eda 3e8de600 3eb1d253 be9fe6ba 3f115994 bf35c1b1 3f17fb82 befef318 beadf6ba bf1ce996 3ef0feca bee896b5 be851a7c bf67f3f9 3f1d7b73 bf299f8d 3f76ea3d bf61ffd5 be43cccf bdfd794f 3e37e4e3 be8f664c be1a3c6c bda8e8d8 3edad681 3f10d573 3c91e62f befc6aac bf26af83 3eb852b0 3f406bb0 bf6781f3 3eef9edd bf4be3aa bec1e2be bd9587b5 3d99b97b be94aa99 3f0c319a 3ee982a5 bd65507f bf3109a6 3f00bb78 beead6ce 3f6121d2 3eb5f64e bf245b9a 3f6e2ff3 bf676bfd 3eaff690 bec91acb be3abcea 
befaa2ce bf527bc2 bd04add8 3e9b06c7 3e61cd06 3eefd707 be80ce61 3e82ea37 bf4817a5 bf1a3961 3f2a6f9f bf0c3990 3e3c047a be1b7418 bd320f28 3f33af95 bf7ce461 3f42b7af be23ac76 3f4b19b7 3f2f4f99 bee0c321 3f5b33cb beacdaaa 3f1e959c 3eeed2ef bf5c41d6 3dfc5a00 3d910968 be92323e be4df444 bf0e4f8d 3f3f17a4 3dfec8ff 3e7b8cf0 3f2beb77 bf20f3bd 3e6934f9 bd78d051 3f21ff99 bee05ac9 3f1a8b98 bf4e37a2 3f2d53c2 bf277b95 be2d8cac 3e2dd54a 3f764822 bd8b47fe bf5919c5 3f79b420 bdf7095d 3f611dba 3ee13ea1 bf7c1a3a 3d8378a7 bf0a3785 3f469bd5 3dad691c 3eb81662 bdab1a10 3e3a6c1e 3dec98bf bf4a3fc6 3e0b6ca5 bf039950 3f79462c bf6eb7dd be9cae82 3e2fe4bf 3c21bf7b 3f1cf370 bf201f6f 3e1e8480 be490d17 bf043566 3f73e00b bee52ed6 bc633f75 3f2f29ba bf5913bd 3e829636 3cc55e66 3d6fd01a 3f5913b6 3dccf86b bf1b1790 bf1efd7e be169c57 3f5f2fdf becf7ebd 3f238d82 bf377da0 3f59f9bf bf7dbc64 3cf19b9a 3f000151 be069432 bedb62a6 be56059a bf17098a bedd767f beb2a6be beaec2a4 bf21df94 bf2a5d8a 3e6f450d bef102b5 be01ad1f 3f3b5db6 bf7e6c49 3f186778 be8772a8 3f3867b0 3f3a75a5 bf6817e1 3f3347b2 3f5f25e8 be47b493 be360cc0 3f525bca 3e82426f 3f6351da bf5bffd8 bf0aeba2 be6d6499 3f39dd8e 3f301baa bf40a7d0 3d24f18a bf11b178 3eaf06d2 bf4dcdc2 3f3ad3b2 befddb01 3f3e818f bf4415ce 3f0fcd81 bec982ad bf185b73 3f790a32 bf65e9fc 3f23b982 bed026bf 3f63ddb6 bf09bd68 bf0d8180 befd32e6 3f20dfa6 bf5163bc 3f2f0191 bf635bf5 bd18efd7 3ea892df bf5815d7 3f26df9b bec7fa8d 3f1aa387 be3ad530 bf2dbd82 3f786a33 bf302794 3f4ac3c5 be88c28a 3dc7691f 3e5a955b bf46e5c4 3eefe6dd bda8b958 3f5a49c6 bec8869b 3e4004ba bf67a7f3 3e9eceba bf79f839 bf1df98b 3f2ea1b2 bf1a6f85 bf420fba bf6eaa00 3f134d82 bf382f8f 3dcb196b beff26e8 3ed5ee84 3e6734d7 bf10ab70 3efd970f be01242d 3ea96eac bf34739a 3f269d80 3e9dc64c 3e90d69b bf6cd007 3f686dda bf01517e 3eb6c298 be038cea be999e6e 3dfed82e 3c18c366 3f56adc8 bdd6a711 bf38a58c 3ebe22b5 bf19c780 3ee0faf5 bf5329c9 3f6f9a0e bf5b67d4 3f4657d4 bd22d109 3ee686c3 bf0cc17f 3eb51a83 3f07bb71 3e868ec8 3f23ef71 bf297587 3db6a96c 3d76526e 3f7b3442 bf44ebba 3f73a01d bf782621 3ed5f6c5 3eb8babc bf1b55a1 bef8f68c bd728ef9 3f3e9d96 3f0e9f7a bf7cf050 3f061b7b bd148daf 3e9f1a45 bda0e6de 3f7f4483 bf223194 3f23d394 bedeeed5 be4f5468 bf57e1e0 3f54e7e7 be369c77 3df50965 3f02c95d bf7f1284 3e647cbf befcd2b8 3eb80680 bea5065d 3ebc76ef be93c2cf 3eee36ef 
be21b4dd 3f1a4f94 3f3c75a3 bf7ae65c 3f10695d bf29e57c bca65c2c 3ed95e8e 3f083d86 3e044cc2 3e28ec2a be9caa72 3ea1bec0 bf4b87b5 3f52e7f3 bf786c2f 3f66f3eb bf40cb95 3e94d271 bf443bcc bf21659d 3ee6aa9c bf6931db 3efff2d2 bf32a797 bf131f7e 3f26977a 3f18d79d bf221f55 3f0ddb8c 3f190d8f 3e841634 bf442bbf be86ae60 3de6f7e7 bf4a0fc9 3f5aa9f2 bdd5985f bea58e9b bf2ce3a4 3e8c1669 be84d689 3f088f6d bf4a83b9 3f7c4c61 bce9a1fb bea7b291 bf738c2f 3f258775 3ed242ef bf29259a be366c49 bf12b16c bde54823 3f15df73 3f73f60b bf519fb0 3eaa5e92 bf76340a 3f1f9b93 bf7fae8f 3f6cd7df bf276d88 3f46919d 3d83188d beaa426f 3e2e640b be395489 3f7c742f becc3adf be80669b 3e1f0c50 be175ca0 3f296994 bee17ec1 3f3a9fb0 bddd88ad be5d64ca 3c6f4321 bd339010 3e90daf5 3e021470 bee62ed3 3db949db bf203598 be2e4c9b 3f1bc989 3f6393ee bf591fa9 3ec64294 bf67edcb 3f5ac5dc bf02ff66 3f203180 3e483c62 3e3aec71 bf7a7648 3eb26e70 3dc159d4 3f0a7f57 3d2090cc 3f414199 3f3a7fa4 3da949a8 3f3073ae 3eff1ac8 3ea3368c bde3784e 3eb49292 bf6f99e6 3f6ed1ef bf2c91a2 3ed63ac7 bf19f1a8 bf5df7cf 3f5801eb bece8ea4 bf68ddf6 3f1d91a2 bcb36312 bee0eae6 bf751606 bbdc90f8 3d57f0c5 3f7a6e34 be61b41c bf056f5d bf0e737c 3f5393b3 bdcf7a24 3ebed6d4 3e00a45f bef792f7 3f09fd8b beb11e89 beae2e6e 3f06cf67 bf14a186 3f08ff7d bdafb9b5 be0eecc3 bd606f90 3d940816 3e0703fa bf7d4a5d 3e73e4c4 3f533de5 be84dac5 3eeab6d0 bf017758 3f2b15a1 3da2c93f 3e41ecfb bf151b7f 3f6dadf2 bf5e09f1 3ec72ac9 bf75a22b 3f33efa5 3ea582af bf16bb8c 3df38888 3e6d7c98 bf5a21e9 3f4d9bbb be3804c9 3d3bcf0b 3f195397 bf4a2fb3 bdd2489b be63fc5c 3e62651e 3f3d95cf be6a04f0 3f70ac11 3f6da7f9 bf65bc22 3e6b5d16 3f786419 3f3ce1b1 3e814a82 bee176ac 3f6b2e01 bedce2ed 3eaaeea1 bf37b3b0 3eceb66e 3e9f8286 bf60dbe0 3f162d6d bdd1f8c8 3b790c38 bf248da1 bebe3a4e 3f1acb81 bf08bb64 3e93daaa 3eb17699 bee4269e 3f755e1e bf60580f 3f522dbb bf6491de 3c47be42 3e3e9c96 3ee0e2f9 bf26c19d 3f6763ed befa42e3 3f564fa4 bf7a404e 3f35dbae bf6ebdf3 3f4a51bf be6f0421 3e1f045f beabe2a4 bf79aa29 3bbf7869 3e3d6553 3ebd6663 bf17d181 bdb0b74a bead7a65 be361bdb 3f4539ac 3e1ca492 bf4a4fb3 3ef22277 3f0d8177 bba06eca bf64efcc bd536f3b 3f1e4d81 bf30c5b8 be0c6c92 3e6a5ca2 bf0fa377 3e1ce48f bf2b6598 3eecd270 3ddae7e1 3e83d298 3f2f519b bf6ed5ed 3f151570 bf186d9c be9ef2b7 3f298775 bdf0d912 3ec9de8a 3dbf58c6 be8dfe2b 3df92888 3daab811 3cc02506 
3f56b9aa bf71c3fd be5244aa 3ed4f295 bf009d86 3f1d5fa0 bcf45f5b bed82ecd bf537ddf 3f344786 bf715209 3f1d6b96 3e3a2c87 3d75b007 3ec3aaf0 bf4779cc 3f629fd1 bee386ac 3edc1ade 3e0c53ef 3f4215b4 bec636cc 3f0ed39f 3d12701f 3d3a31b6 3f787009 bf314da9 bf257d80 3f1a3f96 bf275d9a bf408da1 bdc2a8f4 3f3193ba 3ecc4eb6 be9006cc 3f14fd8a bf3f61a6 bdeb98ef 3f17ad78 3f494fa5 bdee1901 beb062ac 3ec6b292 bdaae81b be351498 bf1a8986 3f5455c5 3f198794 bf2a3d91 beedeaaf 3f657e0b be42b495 3f175d75 bd7bafc2 bf702dfe beecb2b6 3ea43ab7 3e8bda51 3ece1700 beeb36f9 3f44fb9e bef8dadf bee886a1 3f1eeba8 bf3919b0 3f3907bc bebb42b2 3ed7a2e0 bf7a5429 3e7da442 3f0b8164 bf1bcd90 3e7ee539 bf4e2bb3 3f244786 bf2de7d4 bf22a7a6 3f4861dd be3c6c85 be6114f3 bd41ced5 bed04ed1 3f608dc7 bee08aae 3f653fdb bf03378f be4eac8f bf11ff84 3ed746f0 3e2b04b3 bbcc744c 3de11738 bf0b2ba1 be06443b bf63f5eb 3f39f1c8 3efd86bf 3da017f5 be33ac47 bea09267 3b3d1f29 bf4f55c2 bf490397 be7c0d20 be26b49e bf7919fb 3c2d4111 be920a52 3ecc6ae7 3dbb88ef 3e18fbfd bd9fb942 be428ceb 3ee8ba80 3f077d66 bdc7a81a bdee09d2 3ebf02a8 be349c43 bf014f99 3f6511e0 3efd9ef6 3eee1716 bf108d8c be9cca74 3dcc0868 3e4e7cce 3f3549be bf560dd2 3d4e0ffd be613cdb be02cc81 3f6325d3 bf57fdaf 3f4db3b9 bee18e71 3f204f8f bf079f93 3eda5ef6 bdbe9947 3cc51c9b 3ef4bab3 bf17f59c 3e3294a0 3f4d2bbb 3e9a9e31 bf6621d8 3e282d0a 3e77accf bec32ad2 3daf893b bf45cfa7 3f75421b bee216e9 bc4043e1 3e5fe52a 3edd52c7 3eebb2f0 bf0f476d beb3066c 3f2e69ab bf069d69 3e91727e 3e2f9cfd be0bec7b bf1af771 3f05737b bf6f57fb 3f4bedca 3e0564b0 3e05c42a be7004e2 bf0dbd86 bc995ea6 bf579fa4 bf4921d8 3f258b8e 3e149479 bf5417cc bf5675e1 bf15898c 3f316dc7 bf30dbab 3eb936b7 bee286db 3f788627 bf34d5a0 3e14e4bb 3e776d20 bd63b0de be92f24c 3ed222bf 3d601091 3f7a0830 beeb3ed3 3d8bb853 bd837815 bf24c186 3e59549a bf1c959a 3f3d73ab bf7543f6 3f18a193 bc1ac07a 3f1003a4 bf3ef5ac 3f07916b bdd11a42 bf5571b4 3d44f185 3eb9ce89 3ce25e0c be6b6d24 3c104273 be82ce97 bedd6ace 3f2d1bb6 3f467590 3e759469 bf41fd93 3edd06e6 be8f9e5d 3ec7e271 3f231d9d be86228c bf1b1586 bef296f5 3f26c9b3 3e3fcc98 bf33c1b1 3b8584d4 3f7e1e67 bf2b7187 3ecd1ac2 3ef972f3 be86ea95 3edf82c3 be8f1e28 3eaa0262 3ed766d0 be861ea1 bf6315e4 3f20159c bf352788 3edfdb09 3d4fb006 bb9c7901 3f3873ad bf003357 bdae0893 be234cb6 beb2be6a 3eca7aa2 3e4f54c0 bef33e98 be971a9a 
bf690a09 3f78fe12 bf116f85 3f2eb18e beb6f291 3d98a8a2 bdf93a3b 3ea6f6e5 3f4e35c6 bf556f99 3f7fb6a8 bef61ac8 bf17cb9c 3e9746e2 bf13d97b 3f6ae619 bf3cc1b6 be805681 3eb2aeac bf0ef57f beb60abf 3f0b2971 bf6773f9 3ec936b5 bf0a1597 3d2471cc beb42e96 3f6d9ffb beaa9e95 3ee922e0 3f7d5260 be881a56 be4a5c19 bf74a80f 3f5791e4 bf3d9dbb 3f59addc 3cdfdf74 bf1f096e bf4d23d8 bd39af85 3f2953a8 bf499da0 3f0fb79a beaae6cb 3f349190 bf14ad81 bf3b21ad 3f50f1d3 3e54ccc7 bf3c6999 3f14fb87 bf787845 3f4b1da4 3f130373 3edd96b0 bdd547c2 bf18bb7b 3d529252 3ee3b2d2 bf6715e6 3f57d5da 3ec39aee bf28277f be1b1ca6 3f043f73 bf5cf5de 3ea37a3f 3eac3a96 3e815a6f bf728a1a 3f65c5cd 3d31b12f 3f24577b bf5829f1 3f7005ef 3f1f71a2 bf43c5d1 3ea68ed2 3d543160 3ee81aed bdbb677b be284c8d beefaf10 be4b5c91 3f4199bc beb2dac5 3f3375b5 bf05c384 3d9d58a1 bd6cf39b bdbf98df 3f05d771 3f2bb3cd 3edbc2a1 befd6367 bf72a61b 3eff02d5 bf266f8f 3f08756e bda347e8 3f2f45b5 3f6adc04 be011cc5 3f09b189 3ebf2e8b 3ef8aea7 bbd082a1 bf01ff62 3e9daa7b bf6fddfd 3f52cdc7 be832258 3e32dc8b bf486dbe bc7a407a 3cb69fd0 3f1fc58c beeedab6 3f4cebcb bf7b5c1f beaf22d9 bf1e2587 3f74f416 bf3b09c8 3f5a0de6 bf4231f7 3c043c12 be143c5e 3f3c5bba be7b8cb9 be816e2b 3ccf61c8 bf4b47aa 3f33bd96 bf0cef6e be5ecd45 3ee44ea7 bf62cdea 3f19bf9b bf6bfbee 3edb2ee2 3d7051d8 3e00abf4 bf5955d4 bf20b983 3f660de6 be893248 bf337ba0 3f6d0fe1 be5d6d58 3c023dbb bda2d778 bef98f1b 3f4ca3d2 bf3021a6 bf2f437c 3e0ea45d 3da0a935 3e697489 3d798f23 beb476b3 3f020d6b bf4b37e8 3f6385dc bec906c1 3f67bff5 bedbded4 3ebfb6ba bf7a7421 3f3547a5 bed142b7 3f5753c2 bcf9211f 3f4ad187 3eef76b5 bec2427b be56cc61 3f03676a 3f3253a3 3f73241a bf30eda1 3de7979d bd16f3ca 3e6a6c6d bf5297d0 3f699be2 bf6db804 3f4ff3bf bf12bd5a 3ec946ab be37bd20 be813276 bf4f25d2 be4b6488 3f5699e8 bee81edb 3f2233a9 3f4a79cb bf769a31 3f783c2a bf01077e 3f6359da bf61d9d8 bf225987 3f3e15a2 bf57dfeb 3efd3efe 3f35cfa5 3e69e4f4 bf136174 bd898920 3f6c480e bf5ebde3 3f6375ba 3f162988 bf5875da bf7a5c3f 3f245b8c bebb32b1 3f265190 bec1b28c 3d4c1247 bf5acfe5 3ec9f299 3f0af376 3f29a191 bf0a2d6f bee4c287 3ea8b2eb 3e515481 bf283daf 3f10df92 bf53b9c3 bf008d48 3f4b63af bf36c7aa 3de9485e 3e696c87 bf755c03 3f4cbbe1 3f3f375b bf70f603 3f66e9d2 bf77441c 3f487ba8 bf5289dc 3e78cc15 bf44d7d9 3f7b4052 be126c57 bdf5f812 3e92325d bf759c34 3f69a411 3ea9de85 
3f35a7c9 befd16b2 3f177d72 bf6da9f6 3f5eb5d6 bf62d3f6 3f23a58e bf1ba78e be048ccf 3dfd987d bee7fad1 3db4884a 3f6167cc bf189b5b 3f265b68 bf733229 3f342dd1 3f22b197 bf59b1bb 3f7faa83 be5cfcaa bf063f87 3f4d4bab bd0bb175 be0fb495 3ea0bed1 3d304e84 be09dcfa bee6a6f9 be6b458f bf39fb96 be059c30 3f26cba9 3e905ea5 be12a4b5 bd8847c2 be2f7500 be841e40 3f3875c4 3f1ba18b 3e481cdc bf0afb7e 3e8b2662 bd8d6939 bdbcb9e8 3d177111 bdf01924 3f389fc0 bf065b7b 3d67f072 bd8be960 be23d437 3f0f4783 bf6413f5 be3374a1 bf79cc0a 3f5ae3c9 bdd57902 be28d454 bd8bd88f 3ee8fb0e bf6af3e6 be8cea97 3f6865ed 3d116eb9 be460d0d 3e8f6e73 3f0deb66 bf6505e0 3e17c4b6 3f13d35c befcbacc bf73cc12 3df85a05 3ecbfec4 bf0e6381 bf55d5d7 3f39a79f be4f3cf9 bf0a7d77 3e7694e5 bf46e3b1 3f1f5786 3f25079e bef686c2 bd87f7ef bee2ced3 3ee5badc bf3b8596 3f6d7df3 bf5299cd 3f4271c1 bf67fded bf3269a5 befd4b0b 3f752e2e 3ec826c0 be1464c5 3f4665c0 bee5f30a 3e813654 bf6f25fd bed206ba 3dad38ba bf2a2dab 3d9797b8 bf4871c3 3ec14ea6 3e04c502 bd281266 3f56ebc8 bf45f5b2 3d893817 be8baa7e 3f1a8d99 3f0e777d bf4769c7 bda61887 bedbdb16 3de96a42 3eac72a2 3f3d019b be1fbc52 3dc9f993 3d3fcf23 be140bf5 be926a95 3f4b03d4 bda20941 bf41cbca 3f43d9bc becd8aa2 3f4645c3 3e44accc 3e4c244f bec3d667 3f349fb9 bdfbf8d5 3ea5a638 3e4f3c74 3ee2828a be2bcc55 bf10ed7b 3f0c1f63 3e4efc51 3f78f446 bf2f5d95 3ef34aab 3f1ebd63 bf62c9dc 3e899ea6 3f070f80 bee6bea3 3f44c7a4 bf7acc4e 3f4edbc1 3f22d997 be8e1e9a 3e648d20 be8ef24d be6e6472 3e925665 3dd44874 be50ad1a 3e649ccb bf291f93 be51d480 bec9ea7b 3f26e37e bec6bec6 3f20db92 bf5379f1 3e3bac86 bf403fb8 3d47f0cb bf4aefd4 3f3591ac bea69262 3dd0677c bf19bf98 bf695bf0 3e75b40e 3f29b584 bf18fd7e 3f6273e0 bf679a03 3f4d31ab beb8128f 3e0fd458 beecc681 3f2fa9a8 bf77b01a 3f7e3c59 3f283fa3 3d4bd37e bf30a978 3ebfaeb1 bf22414e bf206f9a 3f075f62 bed0829a be8b3e58 be92d6bc 3f228d8f 3f27dd9c be2d2ce6 3f262b92 bf3af7a9 bf1fb189 be3d64e6 3ed6ced7 bcfe20f2 bf53bbae 3f622a02 bf6829c8 bf40b7c4 3f57fdc3 3f5f51f5 bf4e11b1 3f03315e bf4733b0 3e834e9c 3eb3fa92 3dc88992 3e0ba411 bf2b2198 bf2d778c 3ee4caa3 3ef0d2bf 3bd8724a be148c7b be483c93 3ed86ebd 3ed326a0 3f2efdac bf7a2450 3e4ed498 3f5c1fe0 bf702fe4 3f662fd5 bf2c41a1 beba6e7c 3e9e3278 be0c54c2 3f412d8d bf2ba9ba 3e10f484 3f168789 3e545d28 bf12d377 bc8c6208 3f00375b be20bc65 3e802297 3ddcb7f1 bf79840b 
3eedeeca bf5fcfef 3f5acbdc bf6f9209 3f5e1df4 bef70b1e 3f36e180 bf4877cb 3f58b7cb bedccf11 3f502faa bf24c581 bcd46091 bc663871 bdf1fa09 3f4231a9 bf790c35 bea0aacb 3f127183 bf5e9ff5 3eb1eead 3f4347a5 bf3c89a1 be78b48a 3f4f9bc2 bf651be2 3ec60ad3 be13fca6 3e7b0ccf 3f470fd3 3d9e48d4 3eda8eb3 bf2581b3 be796c7e 3ebe028e bf04f77c 3f5d97c9 bf46f189 3e05147c bf409194 bed70698 3f60cde6 bed23298 3efc4a86 bee6d6f2 3e5aed22 be972ea0 3eb33ab5 bf3aed80 3ef206d2 3eb7ae92 bdd7096b 3e80d63d bdd748d1 3f76e60c 3ed1daf1 bf3c03a5 3ea31296 3f1fdf9b bf3b35bb 3ef7c2ff 3f2321af 3e0734b7 bf6c9fff 3da96952 bc17b906 bdef4781 bf092977 3eba12dc 3ec4bac8 bf6c5011 3f63c5e3 3f4be7be 3e20dc73 bf45a3a1 3f5a05bf 3e667519 3d95986b bec97266 3f7d1066 beb0ea93 3f4a37d2 bee7b720 bf5d9dec 3f5ffbb6 bf14117a 3f7f7e9b bf267988 3f4d0dc1 bf6327d9 3f5eb1af bf5a3fd2 3f5287ac 3f6ee3d4 3df80983 bf2d1599 bf0a1f88 3e9376b9 bf751411 3e925e4f be7ab46d 3f5d8de9 3e226c22 bdd4a857 3f01676e bd10b143 3f06bd74 bef48add 3ed022d8 bf25f174 3c423e51 3c9f9e0c 3f1ac19b 3a0402f7 bee9e2b3 bedb7ec8 3f30b996 bdf6c84b 3f746a2c bee8d6aa bf13197a 3d8348bd beaa5ea4 bdcd6854 bd9858f5 3d41ae51 3f244982 bf7cd050 3a0bbfa9 3f239186 bf4401ba 3ebd7ae4 bf3f3bbc bea37686 beb0d67d 3f00fb5c bef09706 bf3563ba 3f04a37c bf798825 be37745f 3f1c4f85 bdbd97c7 bcd09d6a befdfae9 bed43e9f be97f24e be1dbc63 bf1a038b 3f457dc5 bf53e9ba 3e381d2d bf074785 3f0c5599 bdda5824 be29dc50 bef9ab07 be1c3414 3ce0e374 3dc4f935 3e85da7e 3d64d07f bf6b93eb 3f6f4df8 bf42ed91 3f7b4240 3f1d8d93 bf1e5593 3f637bcd bf775447 3ebe5a85 bc911eff 3f78ec22 bf3463a2 3f7e4460 bed4ded7 3e92ce9f be71a4e8 3db0b9dc 3e4ad47f 3f0d316b 3e9ff67f bf3a3ba3 bd6b9222 be657c8a 3ed81e5d bdabe8ef bf0ead71 3f68b9ed bf15e34f 3eac46c7 3f01834e bf426fb8 bf7dbe54 3f44478e bf0c1178 3f5cfdc6 bf02a995 3f71e1f3 be045c27 be16ecb7 3f785a18 bee182a3 bec7e6c6 bef6c2bc bed6168c bea6aae3 3f2ec99f 3f61c3ea bea3a666 3da84848 3e5e3c33 bc90a0fe 3dd8093c 3e2194b4 3f6de019 bf1d39b6 bf0c0b90 3ed986b5 be5074f2 3f7a8e42 bf7e2a59 3f094782 bf28d77d 3f0f677d bdd527e2 3f6553de beb36ef6 bedaa27f be948e4f 3f05978b bd90a75f bea2c29f bf15eb77 bebc3e77 3f748a11 bddf8882 bf2c7bb7 3d96d859 3f389d9e bf4bd7d4 3f366fae 3d0a8e25 beb39ea3 bf5739ac 3f5c57ac 3dd4b8f4 bf3cdd9f be46dcd4 3f52fdbe bf76c22b 3e8daea0 bf48fb9f 3f5b8fe6 bf6957db 3f4e1dcc 
bf771c0f 3e627472 3e92de2b bdc9a95f 3e925a84 bf22df81 3df00835 3ee08ec6 bed78aa0 bdb10842 bf113f70 3f5643de bf6bd21f 3f68381b bf4e17bb 3d98677d 3f05a58e 3f083984 bf0a2b73 3f4ee7a8 bf06336e bf430bb1 3f082366 3d51d0b8 bf1f2bb6 3f69bbee bf27f1b3 3eb36a91 beb7668d be452cf8 bf66eddf 3f117d7b be1df4a9 3ed24ec6 beacf66d 3f335fca bf5525d5 3f779e19 bee762b3 3f6ee1f0 be10ac67 bbb77dd4 bf51e9b7 3ec6de7b be7b9575 3f283997 bed2e6ae 3cb1219e 3f2a9f8e bf18819a 3d0f5165 bf706416 3ef2b6b0 be7fa4be bf04f58f bf25f3a0 3f5c69e9 bf3bddb0 bea79285 3ed32ecf bf032967 bf3e7bb3 3e90ee91 3ee39ea0 3eb7828b bf38a3a1 3f7c042a bebf52be 3ef9aa9b bf1f0b95 3f2ef3c0 bf539be1 bf6b4a26 3e36a46d 3da9b94d 3df2e943 bf4c8fa0 3e23ec81 3e3f6d0b bf4977c0 bd384dc8 bf0f7d73 3f3713be be70646e 3f19819f bee3beb2 bd946783 bf4cd1c6 3f3da189 bf047d7c 3e358c83 3e6014cc bec68ab1 bf5adfbe be660cf4 3f3879aa 3ecf8eb7 bd011106 3ea9a6ae 3f4b9dad bf530bc7 3ed2b284 bf7fa884 3f1aa57f be254ce6 bf25456b 3f5765c7 bf7c9827 3f5d8fc3 bf0a219b 3f51339c bf67eff7 3e830ab9 bf309fa8 3f766a2a bf2275a1 3f3b03a3 bf5451cf bee5b69b 3e9f0e53 3f278f62 bf0be96e 3f573be9 be93ae79 3f10ab92 befa2ed9 be8906a4 3f04bd5d 3ee9f2bd bf30b9dc 3f2ecf94 be2944b9 3f098973 3ee742b7 3eb8cae2 bf177551 3f4453cf 3ebc26c9 bdd61907 3f6f87ec be6c34cf be9d7e91 bd40f158 3e8a4251 be04dc80 3f69a1e2 3e64ec9b 3f0bbd9e be434435 3f010987 bc9e9f5b 3ed906c3 bd2dd11d bd950815 bf2b8977 3f71d3fc bf076386 3f6efff4 bee6baf8 3ebf1eca bf7ee673 3f6bdfdd bcd79d41 3eb71269 beb05aaf bf1dd97f bf165f85 3eeda27e bf7de85b 3f3f219b 3eaa4a76 bf48c799 bf244f88 3f53e7d8 bf5f43e5 3f3455b0 bf6a45e9 3f73960e bf163f85 3eb03aa3 bdf4ba25 bf6735e6 3f77300e 3d580f23 3eb50e9b bf3a63ad 3f011d72 bec64e7a 3e858e71 be8b76a9 be108c9e bf2791a2 3f60fbc0 3f02a575 be7e34b5 3e85468c bef1feaa 3ed54af5 bebe827b bf153756 3ecc02be bf5b69cf 3ed046fb 3f0f3382 3edbf6bf 3e87326b 3f0b0179 bf5bc9e4 bf61c80d 3ef97ac0 be9fd29b be9b9e96 3f127987 bf5631d3 3ee596c9 bf6e8616 3ee31af1 bdab68d7 3e945a80 bee8c6d9 bf10219b 3f4f15da be38245b be214c54 3d0ccfa0 be7add15 be0cc4d3 be86cace 3f18d590 3dd898c6 bf05b390 3ecea6a7 bc5248d3 3f3d8b95 be39f502 bf03ada3 be31d4d0 3f1af96b be1dac61 be917eaa 3d9367ef 3edb82ad bf78f039 3f6a09f5 3f3d15ca bf70360a 3d2def10 3e51e454 3dd83866 bd56d05b 3ef996b4 3f3fd1d1 bef446f5 3e7c34d4 bdcdf7a4 3e312cab 
3f79084a 3ed77b26 bf75e822 3f3121ac bf5471d9 3f3c51bd 3dc7d7e8 bf796247 3f69e81e bdf109b5 3efbd721 bef7d713 3f5dbfd2 befbbb26 3ea4ae7e 3d42b177 bf05ada9 befe7af5 3e72ecce bf162772 3f7ca043 be313c7c 3f4491ad bf1a298d 3f2b6faa bf6cadf8 3f254180 3e971e7b bf333799 3f4e27ba 3e3dccbb 3eb2c2b5 bf6de5f4 3f6a11f8 bf66dbe4 3e0b9c62 beb32ab2 3e961e9e bf5253cc 3f113399 bf71bc0c 3f5839e5 3e972a99 3e7fece0 be46a420 bf36fda2 3f48a5be bf6e7fdb 3f109565 bf10877f 3f6379d3 3ebd3679 3e809a6d beb2eac0 3ed082bf 3f2aa7a5 becc4324 3ee9ee94 bb152064 3f0ba954 bdd7b941 3f7d2e43 bf080f5f be3be42b be8bfa20 3f4f49d8 bf5e39b6 bd3ccf78 3ec862fd bf5f8bbd 3f46ada9 3ea77e8a 3f220595 3edb1e6e bf6b1010 3f6197ee beed9eb7 3f5d05c7 bf14459c 3f1f3774 3f337fa6 bebd42bb 3d9f9926 3d8a87e2 bf5189b8 3e5ca48c 3ef992a5 3f5c6de1 bf7dfe54 3f7403f3 bf411bb8 3ed17e9f becbaa98 3f7e8686 3e25c4ea bf0a87a9 bf28dd7a 3f165975 bf6f6023 bd33b2af be192c52 3dbdd7e8 3f4a8fcd bf5159b3 3f3a67cb bf70ce1e 3f720809 bf5077af 3f6acbd4 bf7c665b 3f19e979 3e75a4de be1f74fd 3ea1f686 bd8a78d2 3debf8d6 bf4cbbc5 3f289f85 3f2bef8a bf7dde54 3ef2f29a bea81a58 be8f52a6 bd82b857 bed222c4 3eb8be86 3eb69ee1 bf2d79a0 bd302fe9 3a4bdddb 3db71829 bf22558e 3e2adce1 bf71ae0b 3ebc6ee7 bea58618 be5e24ab bede7ec2 be658c9d bf35c5ae 3f129581 bd4750c8 bbc18ecc 3e2b6494 be8dca62 bef1e6eb bf6497d6 3e36545f bee54af2 bebac27a bea69aa8 3eafd2bf bf293dad 3f10f783 3f433f9f bf7d5460 3ef26698 bea33691 bf2a31a0 3f63afe5 bd6232e2 be746ce7 bf0e6583 bea152b2 3ecbbeec 3f6a79ec 3ad619b8 3e5c64b6 3f42dbb6 bf2f7192 beb4a6b9 3f6413f8 3e873665 bdb5798e beb4fe5e 3e53d434 3f0bed7d bf770a34 3f0e6f8a bf21b37f 3ddb68cd 3f2d4b95 bf48a9ad 3e5524c9 bf391ba3 3f75f21e bf2f239f 3f7efe5a bf68c1e2 3f0da37d 3ede4e87 3e54ece7 be8f6a9b be6dfc7f bf4a3dbd 3f648204 bf62ffea 3ded38ec 3dedc807 3ec28e96 3e8b2a86 bcea5cae 3da4d947 bf500fb1 bef30ac9 3dbbf87f bf24578b 3f765e27 3ec716ac 3eb9d281 bf1d7bbd 3f722e1a bf696003 3f6157fc be276452 bd8f28c3 3f5b21da bf68cbfb 3f6cdbe8 bf0de777 3f6cdff4 bf22bfa9 bebece99 3f5aa3d2 be13744c be424473 3ee2c319 befe6ef5 3f2bcd6f bf6be01b 3f7c8058 bf5ef3d8 3ed05a6e bf364f83 3f0f1b98 3eba4a66 bed68aa3 3f5affe5 bf6a53d9 3edefed9 bceee104 be890281 3e8b325a be6ddc7f bf5c17c7 3f48cdc4 be811a68 3f5dd7cb bf17617f be3b1cc0 bf3725a1 bf3d5599 3f20bfb1 be87b67a 3e5cb536 becb6270 
bf46919d bf0fc788 3f406392 bf200572 3f5e9bdb bef01eff be777d30 3f6ee80b bf6e25cb 3e89b2ac bf139790 3e440500 bf58a9c9 3e8a9ec2 bdc468f2 3e8e8252 3dd2b8d6 3f06417b 3f0eeb73 bf4419cf 3e3f5c36 bf53f5b6 3dd239d2 bf4525a9 3f51c3a5 bd2b728c beba7a78 bf227d85 3f7e2069 becf1a95 beafbeb1 befe3f22 3f7ad22c bf2e1f94 3eec269d 3f141f9f bd4a51be 3dd05937 3e962ab5 beb492b7 3f00858b bed84eaf bf269b8f be14bcca 3e5f9d18 3ecb12ce 3e7984d2 bebd16ab 3f58d1f5 bf4cb1e0 3e077c6e bf5763b8 be587482 3e43d4aa 3e9d2277 bf603bd9 bee28ead 3f496de5 bf3e439e be9cc2b3 bf00937f 3d17315a beb92aba 3f50d5e4 bf3c0bc2 be0b04b0 3eb292e3 3e1a8c74 beb1aa85 3f7fd69c bf5eafcc bef75322 bf1659af 3af5f732 3f15bb87 bf689bde 3f3eb3b3 bf728fda 3e8e067c be4164f6 bf6fb625 3f316995 bf10f785 3ebac257 3f11b181 3e13640a bf6153fb bf3397ac 3f605fc6 bf7e9c6d 3f6493c7 bf02df77 3f3da3b0 bf4647c0 beaf1edc 3f3c8bc4 3e42dc6f be70351c 3f161977 bd8147a6 3f6785d1 bf7da254 3e86267e bed056c4 3ec5bee4 3f44df9e bf749235 3f1bffa8 bf1f0798 3f2dc782 bf18e97e bf000b6a 3f3917a0 bf009b74 be9272b3 3e193442 3f7dc464 bf2d179c bec27ad6 3f70882e bf586fb5 3f3751c5 be1754cd 3f355bd0 beb5d2c5 3ea7a65b bf303daa 3f4adbc7 bd1f8f4f be67e4c3 3eb64a92 3d57113c 3f208b82 bea5568a 3f1a079b be9de2a2 3f4cffc8 be2b1d09 3f6c85f7 bd90585a be7d2cb1 bbbf992e 3dfd57e3 bf133d7a 3f4cafc2 3e1c3c4a 3f715a1e be6cfc65 3f13619e 3f2bf1b0 be120415 be9fc268 3f3cddab bf445fb9 bf492fb9 3f7143fc bf0b8b7b 3ebdfa88 3f19f757 bf7cf439 3e127445 3ecf3329 3ed17a8f 3f2b019f bf331d80 bf2617a8 3d15b0f9 bf4bc7bc bcb76174 3d90c930 3edae702 bf4609a3 3dfe9a5d bf285baa 3f771230 bed51b02 bf147d96 3f771a34 bde00895 3ed99ea4 beafa2a9 3ec70a9d be7efca3 3e9ec256 3ddca8c8 be65dc07 3d97d8c6 bf2e99a3 3efbe2df be7a34d8 bed582c8 bedc2ee4 bcaea0ef 3e8de22b 3f57d3c7 befae6ce 3f3143ad 3f1d63b2 bf601df1 3ed79ad3 bf39798a 3e07ecdb 3ee05eb5 3d9fea0f 3f7d2048 beaabe7d 3dc3987a be7fb552 bf4549bb be17fcb6 3ef4a2ff bf095771 3ecef6fc bf30c9cd 3ef96ac9 bed65ad4 be60ec93 3eb0ce51 bf694df0 3f14b3a1 bf020771 3e54749f 3ec136ad beff02b0 beed1a8d 3f0bb761 3de0d88f be9cba68 bc30bc3d be3d0476 3f00a744 bf20fd9c 3f2a4d95 be6ebcb5 bf2fc18a 3eab368f be246bed bf6595f3 3f4ae5a9 3db4b72f be4a4459 3d6bd18d 3ea7d622 bb00f8e5 3d06d18f 3f035b5f bf56f7bb bf1bbbb4 3e02fc6c 3f656dd3 3f00754d 3f6ea5ec bf423fa2 3d99d847 3ada0f3c 3e208402 
3f32bbc7 bd2d7247 3f195b85 bf1e0387 3d8908a1 be1b4c66 bd88d7df 3eb04ad0 befd6b2b 3f31f1b1 be3a5caf 3f7a9605 be200c3b 3f4a9dad bf7b9224 3e7114fd bedd8aea be864e5e bf5495a0 3f74abdf 3e014448 3e7444d7 3f079578 3ee28aac bf6a7fec 3e83a2cf 3f019760 3f0f1d68 bf6cc804 be431c9a 3f24e970 3eb1b681 bf129d8c be1d4c32 3e6f5cf1 bf602dd3 be57545a 3e6da4eb bed36eb9 3f5995dc bf53e3d8 3f3a0f94 3e394c7b 3f1d2d99 bef3aafc be7bf4f2 bf28cd91 3f3671b5 bf732026 3ee12e7f 3f0cd573 bd878818 3f489fc5 be83a670 bf28e19d 3f6a4fff 3f27017e bf63c5f7 3e96dea9 3f65a5fa 3e655c8c 3dfdf850 be95e27c 3ee64efd bdc697d4 3f6209db bf5a3ddc 3f2c61a9 bf128787 be6bc51d 3e40350e 3f5ffddc 3f3acdb2 bf73e223 3eaf6e7a 3ea896be bed62287 3f654dee bf0b3f94 3f5adbd2 bedc42fb 3f1e93a0 be844264 bdcab8f7 bf0f3795 be22d488 3f7cd248 3edcd310 bf048d8c 3f45ff9b bf18efaf be2c93f1 bdf3c84a be55a514 3f5779ad bf789448 3eb99eb3 bebbba82 3ea1ca96 bf445dc6 be9962a7 3ece3efd 3eac3ea6 3e7df496 bf352fa1 bedc9e9a 3e608487 3f2aa38a bf67bff2 3f4e2dd4 be833290 3f4165f0 bf255198 3e06ecd0 3f37c5a4 bf1433a5 bf376b90 3dec0856 3f04c358 bf4163a4 3e926237 3e864276 bf7e985b 3e971633 bf1afb8e 3f5097e4 bf39efab 3f00b34b bf33959d 3f37b189 be925ace bf4369b3 3f25f771 bf5c8bc7 3f511df3 bf6755ed 3d062eba be91369e bf7e0a50 3f5441b0 befd7309 3ec2fa9b bda109df 3eb49a9b bf258ba9 bf0f3f9f be118c54 becc4eac beee52f0 bf3625ae 3f182d88 be0d44a2 be1624b0 3f0f9972 3f1cd98e bf167f92 3f069d72 bf54f3db 3e241461 3f42119f bf049591 3d85c7fd bf5bedd3 be9d66b5 3ed0e6d0 3e306506 3f5d31cd 3d42324c 3ee46abb befc4aba 3f2b17b6 bf14ff91 3f298f99 3d8e18f7 3d8b78db beed0e6e 3f676202 bf4d3da9 bf4da5bb 3f5457d6 bf417183 3e5c054d befbaee5 3f06155e beaeda91 3e6b4508 be4e04c5 3f190568 3e8fca8b bf1c5da4 3f4143b2 3ecb3ea9 3f14b987 bf47a1a7 be846e6b bed6d27e bf337d9c bd24aef7 be78c49c 3f262593 be86f6ab 3e963e94 bf079986 bea1be97 be4264f8 bf037b6d 3f57afe5 be88f68d 3f70e9fb bea002b6 3dd768a4 beb76e5f 3f3ab1ba be93ee87 3d95a96f 3e8dea1e be096406 3dc6582a 3eed5ad8 3e0b345a bf2f21a8 3f66b5f4 bf71fffd 3f4537bb 3e8f0e41 bee716f3 be9316a7 3e2c74a8 3f4d73b8 bf6e45f9 3f0b9551 bc9b6534 bdf148c6 3eb7069a 3f2cd5aa beee82da 3ee37ac4 3f5625c2 bf657dcb 3e94faad bf0f9f66 3f282187 bf7d9476 3ef8aacf bcb7a654 bf03d172 3f6f3612 3f55a9b4 bee70afd bef3a6ec bf4c77bb bf6fa9e2 3f5acdc8 bd2932b7 bc603f25 3d7791c4 
3efcc704 bf28c19d bf030d55 3f3a2d9a bebbcee5 3eff5aed 3cd51c0a bf2b818c 3f0e45af 3d1110c6 bf71ea17 be3cbcbd bf3dd79a 3e1223f5 3e57fcf5 3f373594 be466cfe 3f307fb8 3eeb36e1 bf5d4bfb be2ecc6c be503ca7 bf143188 be463c57 3f7eb85b bf2a5b79 befca6fb beba76d3 3f55d3d2 3ed5fa99 bf0d4b76 becc66c1 3ef2e6ff 3f210791 bf18d39c 3f45d1cb 3f10a764 bed8cad0 3db2c9b8 bf2321ae 3e5b0cdd 3e1c4c7f bf3a7ba6 bea5fa85 3ebef2e3 3eac029e 3f1b6384 bf0b916a 3f3a4998 bdbb8750 bee07eab bef51341 3eb1d69c bf35f7a8 3f5f09f3 bed76256 bf34bb97 3ee61683 3e947a41 bf4df5d3 bf6cd1df 3f5c61d7 becb727c bf064171 3dc3f8e4 bf4b2bc4 3ed1debd bec16295 3e182461 3f4773a8 bf05b197 bf342dac bf00835d 3f42a9a8 3da238d8 bf2e17a6 3ebb8ec7 bf55f7a4 3f2ad9a6 bf7dca58 3f73e5fc bf7bb039 3f012354 be13dc1e 3f74c7e9 bf2cdb86 be8ea27c bf04d995 3e77d4b3 bf0b774c 3ee326ad 3eea6eb1 3dba284c 3ea42262 be8f36b1 bc41c22b 3ef402e2 bf281bad 3f1df19c be0e6c11 3f7af24c bf25bf8c bf61afdc 3f0af987 3defb82d 3f30fd75 be9c3273 bf007d7b 3f2cc192 bf46a3a0 3e7b4cdb befabea6 3eb6cadd be2974fe be3dd4ab 3e785cf0 3f3eefa7 3ea60691 bf36d58a 3f0ff99b 3eb1aebf bf478fbd 3f6c97e6 3f0e638c bf4597b6 3f3655ac bf3837ab 3f4dc9a9 bf041d73 be943a81 3f15538c be86aa3c 3ef872cf be90de5c beb1ee70 3f4655b8 bead9ec3 3f74b228 3e491cb7 be38c4e2 bebf3acb 3f2aed9c bf79443e 3f150378 3e230c9f 3f7dec69 bf050756 3f51bfc4 3f3abfab be065bf9 bda7584b bda50846 bd83873e bf3d31b1 3e9632b8 bf08f559 3e8ffac9 3f363fdb bf42a390 be99ae55 3ee84eec 3d68903e 3ef6dafc 3ee02acb 3da4984a bed802d0 bf202393 bee6eece 3eb4f6cf bec35a7d bef0b326 3f565fc1 bf4d09cd 3e9a1e70 bf797237 3f3b1bba bf062b9f 3f328997 3f227d98 bf5d75d3 3f6e23f6 bedd4eb0 3f6885e0 bf240182 be943eb8 3f052368 be0f7c65 be9d167c bf4d1fd0 3f742813 bf1c598d bf569bcc be6eb471 3e13ec70 3f48219d 3efb4ab5 3f6e0207 bec196a1 3f49ebaf bf7cfc4d 3f08bd75 bdca8869 3e2d64a1 3f3393a3 bf0a1996 3f51cfc7 bf18eb60 bf13957a 3e11dc19 becf36c8 3f609dbe bf6191e8 3ee36af0 bf30bfab 3f2189a5 bf5705d9 3f52b9dc bf19ef9e 3db95928 bef38a5a 3f5fd5db bf6487b5 3f3639bd bf4a5fd6 3d6c91c7 3e9e4ab1 3e943ea5 bee552f2 be6e3cbf 3ebed2e0 bdf408a8 bef71e82 3e97dace bf602be2 be2aaccf 3dd4a841 bf32c3bb bddb28d6 3e074c53 3e1d844a 3e56f4bb 3dcba851 3e0113f8 3d298d8c be283cf5 3d69d267 bf32e77c bf5ea5f2 3f43a7ad be3e54ab 3f601bf3 3f78063f bf361379 be149468 3e5cfc41 bf6111fc 
bf3f11ac 3f0c2f77 3f3d6b8f bf7f788c 3f437daa bf55e1a7 3eaf2e36 3ea6c6d3 be963298 be851e80 3f533fb1 3f5eadbb 3d33b3bf 3eb8c2dd bf291b82 bf250381 3d1eee8f bf349f8c bdc32902 3f46499b bd12b1a2 3ef0e2a1 3e913661 bbac859b bf69e405 3f491d92 3f5a69c9 becf8e7e be6a44da bf6511f7 3f53bdd8 bd6850d8 be932e42 bf4fe9bb 3f407fc0 bf17f180 bf3d53ad 3f0ec99d 3d7dd33f 3f598fba becbcecf be0ca46d 3efe02ba 3f10dd65 bf3d67a7 be09b4ca bec852a7 bbc37f08 be015454 bf137973 3f053393 3f2fed8a bf662feb 3f5623f0 bdf8a8cd bf4d25b3 3f7b101c bdf88886 bf240387 3f300bc6 3f68efed bf603feb 3f1c5594 3f182181 be0a5cdb 3f4a53c5 bebcc2d1 3f32c1a8 bee2baca bf1aab91 3ec7fee0 3f10c979 3e906e65 bf0d1994 becd1e85 3f4f75d1 bdb2699c 3f309bac bf4c71d6 3f7281ef bf72d9fa 3f118b87 3c8d9f6c be893a3a bf200380 3f4f57d2 3e6184ca 3cf72156 3efbeac3 be20cc81 bd4a90b4 bef2f2cf bf2d459a 3e69c4f6 bedc6ace 3f0e997b bef17aae 3f056d8b bea39e72 be11ec20 bf42079d 3f56efb9 3f22238e bd9648b1 bf72a818 3f3fc98a bf6611e4 3f1f5b8d 3e55cc5f bedea2b2 3f580bbb bf083b83 3e847eaf 3ea8d270 bf4185a8 3edd1a9b bf79662c bf05e76e 3f7f0456 bf409fa4 bede66d7 3f1c03a1 bf012585 bf5551b3 3f1edb99 be071bbf bc7fb88b bd4dd104 3e1edc63 3eff7adc bf1b078d 3f2305ba bf43fbb4 3ef69300 3f0e6989 bf6c9bf9 3f0b6776 bf77c209 bf077760 3f37f1cb 3cff1bf3 be886a74 3ea2f26a bd99d83e bf2967ac bf38fdaa 3f1dfbaf bf6ebbe0 bf6bb618 3f73f01a bf1a17a6 3ee3f6a2 3ebb0ad7 3e8da294 bdff27e1 3ec08ad2 beca52bb bed9cebc 3f458b9e 3e6cdce8 bf05f33e be112c16 3de3c88d bf6bc1fa be532cfb 3eff930b 3ea4ca81 3f1edd9d bf126bab 3f3217ac 3e9ed271 bf23eb7c 3eb58a9e 3da5685c 3f551fce 3db198b4 bed7aa9d bf6981f6 3f4b2dbf bf253375 3ed7eaab bf118b81 be9e5690 3dfca86b 3f484fb4 bf581deb 3d8cf82f 3f09416c 3eb62665 beec1a9d 3ef42b1c 3ef166d6 3f378f97 be88ee40 bf5999cd bf2bfb8c bf221166 be0bbc63 bde158fa 3eeb46f9 bf1e618d 3f0ce96c bf7ad429 3ddd1823 3f03c18f bf6b3206 3f4483ad 3cd9a454 3f314d9e bf565fe3 bdd09868 3f3e8dbf bf23f3ac 3f753a09 bf264b88 3f19618d bf0f9b76 3da93888 3e9cbe67 bf03ef6d 3f129f78 bf0b8785 3f28efb0 bd9f07d1 3e9e7681 bf4d1bbd 3e999251 3f1e37a1 bf5b49b9 3f5739d0 bf012b8b 3f1dc986 3de1381d 3f3fb1bf be0c9c41 3f4239ac be8ac25f 3f77d23b bf7cc249 3f279575 bf1acf8c bedc5707 3f24fba3 bf4d0fe9 3f38e597 3e0e84a5 3f0a175f 3f25d962 bf4739be 3f13fba2 bf21b784 bf2727a0 bd841980 3f057d7a bd64d331 3f61ede0 
3ea65ac8 3e031455 bf6c15e7 3f37ad7f bd74718d bebd0e8d 3f2d1994 bf3595c0 3ea85292 3e932a55 bf306f96 bf7b9e66 be38dd74 bd145291 3f00fd86 3f51f9c5 3ce9a168 3f62d5f0 bf4d27b1 3e7d3c8c bf647bdd 3ef9e304 bf4e95c1 3f135d67 3f28eb93 bf5a53bd bf4655a6 3ef40ec5 3e897e77 3f4bdfad bf3659b4 3e005c78 3f69aa0a be447d10 3deb6862 be702c48 3f7d965b becec2dc bf510de3 be403d52 3ca41eb4 3ea4725c bf03956a bed00aed 3f6c91f7 becb3e9d 3f66e006 bf09135c 3f408fa5 3e3fe437 bdf278f8 bf1ebb88 3f5dcfd6 bf6319ce 3e738d65 3f5ee5c9 bf53c9eb 3f049b60 bec58e91 3ef2cf16 bf7ba634 3ec80eb2 bed17252 bf1c1970 be294c05 bc5a3af5 bf14b76c 3d55b1aa be189462 3f605a14 bf02a58d bdb2795a bee64ab3 3f5821e7 3dc959de bf047569 be9c8a7c bed6f2e7 3f2b9984 bf353d80 3f79da3c bf14f762 3de068f2 3e07dc3e 3ef1ef17 bf78cc3a 3e39fc0d bf164792 3ea15689 bec476b6 3e208c26 3f36d59c 3ebfd267 3efcff19 bef36ec1 3eb38ab3 bec12287 3dad9908 be9c96cb 3f632dec bdde1813 bf0f8767 bf23cb78 3e4e5c70 3ed0a2e5 bf190b66 3f6ebdf6 beddb27d bf0835a6 3f360fa5 bf7b8a22 3f64bfdf bf5f17c2 3ed65eb0 3de7482f 3eb90e86 3ed3aa95 3f235f9a bf6bcbfd 3f28a194 3f1e8594 bee22302 3e5bf465 3f3f599e bea5b6dc 3d692fdb bee19ac6 3f2965a0 bf750003 3f066f80 bf53ebba 3ec406a2 bc4343a4 be443c81 bef0b6d3 3ef622d9 be97f69e 3f4039d4 3f588db1 bf6ff5ff bda04845 3e036463 3e70fd31 be5ba4ad 3f67c20a 3edc16c9 bed72ecb 3f5cc1d2 3f1f599a bf3da5c3 3e952a9f be31545d bf5d1fc2 3f00d172 bf3b1fc0 3f38fd9e bdb99924 3e3fc43a bf1fc995 bda0d867 3eff2704 bdd9d853 bc6cbbec 3f400ba6 3f0a6f8d bf1ef58f 3e3aa4bd bf7017f3 3f43e59b bf771022 3dae7892 3e175489 3e1ffc41 befaf2df bf19738d bf16a994 3f6eb202 3f4849a5 bf6a9dec 3e8e6252 3c74be00 3d1f51ab 3f62a9ca bf42a5a1 3e1a7cf9 3e382519 3eb2f676 bf63fbfe 3f1fd3a8 bf483fcc 3e767d33 beec2f03 bf638bd4 3f04357c 3f33d5ae 3f1a97a2 3f0fb582 3f0c0565 bf73420b 3f6205da bf1ce1a2 3efa1f13 3ec3865f 3e2ab433 bf72f823 3f43d395 be0b64fa bef1ced2 3d73104b 3deb9955 3f2bdf92 bf5fbfe8 3e9fb6ca bed03ef3 bd2fefef 3dbf2817 3e894e73 be6514cc 3f4afdac bf1e9391 3f287b87 bf7ce247 3eee4ed8 bf307d9f 3e827686 3f3d03ad bf4d97c1 be8f72b4 3f737e2f bf74201a 3da1591c 3d9648b0 bf3ae9a0 bf115b48 3e2ee514 bf679ff0 3ea08269 bf5135c9 3f3305a9 be6e8ca8 3e747ce7 3f291399 bf52f7e1 3f75224d bf5339eb bf36e7a2 3ea03a89 bf7f6c8c 3f5a55b4 bf1d6773 3a8dc86f 3ebe76e5 3f2f3d89 bf090984 bed996a8 beb99ac9 
bf2d4391 bea88252 3f760810 bf51fbca 3e339bc8 3ef7f700 bf1c4f9f 3c0e4b55 3f1b1b5f bf7ec043 3f721402 3f2bc792 3f1ba38b befe8ee5 be534cc8 bf5731c2 beeebad8 beb59abc 3f33ad9a be5a6cba 3f3be98d bf016f7a 3ed5e2b4 bead3ab0 bf20dba8 3f1a9169 3f343ba1 be820a96 bee8caaa bf41bbaf 3f510fcd bf1c7987 bf4747d7 3e61a422 3d01efd4 3eac2656 bf7b7c3a 3f1aeb83 3f56a5da 3c3fbf43 bc013f73 be912a93 3f7b3c54 bf6f9c05 3f099961 bf343bae 3dc3186a be58347d be87da56 bf2a7bbf 3f2dcd83 bf3e8bbd 3f4369c2 bee60ae1 3e506c9d bf713407 3f2c0fb3 bf3a59b3 3f433b95 bf30156f 3e9d1aa7 3eef96c9 bdaec85c 3f6e27d4 be109c64 3c013700 3f166f78 bdd178d4 3d1190d4 be2e0cae bf068985 3f6891e5 bf2a5f6a be5af4c1 bda6c8f5 3e13dc6c 3f678fe0 bed3d2b1 3e9b4a48 be3b94a6 bf383989 3f67a7ec bf5badcf 3eedb2b0 be7df576 3ec016a2 3f322992 be3b4434 bdf129bc 3e84eebe 3dd6b8c5 bf721c23 befa0f09 be631c99 3e034cec 3e585c10 befeb6d0 3f65a1ed bed89aef bf0b1b8b 3e50bc59 3f4587c8 3e93e695 bebe6272 3f74cc05 bf61fbe0 3cf7e59b 3e7f6cf7 be1f6c32 3f139776 bf4b43c8 3f7a504c bf241585 3e879a90 be02e41a bf2017a2 beded6b4 be298c83 3f15f185 bf429dac be9eae6d 3d8f77a4 be96ba3e 3e80c224 bf76601f 3f4fe5b0 3e697ca3 bede3ece 3ec49e9e 3d9eb762 3f49f9aa beb86692 3e4894ea 3e5a9c93 3c916173 3e0c8be1 3d81a87f bf395bb2 bf3c77af 3f0cb98b 3f4ce3d8 bf72c811 3f05ad78 bf7bd040 3de0497c bf5bd5c1 3f1b9d87 bf7c763c baaa2170 3c4fc31b 3e8d8a99 3e2934c8 3ebce2e7 3ccde275 3e688544 bf0dfd7c beecaf03 3f3cd18a 3e2374bd bd9688d8 bef32309 3f205581 bf2823a0 bd8d186d bf4b93df 3e8ce664 bdc219ad 3f2fd188 bec4f6c1 3f2ef5a7 bda05951 bdf398d9 be355423 3f3589b7 3e8aae48 3f2c739b bf4bb3bb bf2b69ae 3f09f95b 3e4cdcb3 3e99d6ce bf4ab5ac 3e045c4d be6c7c7d 3eab7a7d bf7fc69e 3f3d9f95 be7a64f3 be776495 3f5ce7ec bea4425e 3f00a571 3f192787 bf4cdf9b bcc3e60f bf698e03 bed30edc be8762b8 3f44d3c6 bf347dc2 3f11a178 bf0cad76 bf086156 3e89066b 3f096954 3d604fc2 bf301d94 3f1d7789 bf2d039d 3f360dc7 bf6cdde2 3e3f0406 3f6093b7 bf3d65d9 3f73f3f1 bf7a9a12 3f236f92 bf6787ef 3e35a4ab bf5ccdd8 3f5f93f3 be3034f8 3f7c8e41 bf2ab97e 3ed32ac6 bf508be1 3f6693fa 3d87a767 bf103981 3f06f572 3f207b94 bf4fe5aa 3f7c0834 3f46b5a1 bed50ec3 3f7bf658 bead1e80 3f6ffdf5 bf7149f1 3f09fb6d bf7ee47f 3efb9eb2 be10145c bec09eaa 3f2bffa6 3f53c5c6 bf0f258f 3f42b5c8 be9e4664 3e85ea7a 3f078d5d bd2531b1 bf5a27c0 3eb23aae 3e961252 3f374192 
3f3127bc 3f25a1a8 bf7d505b 3f6715ed be9f425b bef52f05 3f5b1fc9 be353c45 beeeb2bd 3f5035c3 bf169d7f bf3333a1 bf25739b 3f3f63cb 3b17080e 3f31ed9a 3f6f4c01 be8f126d be96aa88 be1e941e be5904cc 3ece02e7 be872a7d 3ef12eec bd43cf0d 3ee88eb0 bf7cd64d bd6531ca 3f6427ea 3e9fbe93 bea6128a 3f0c5791 3f1f738f 3e192c7d bf1eff64 3c30392c 3f138192 bf2f1d9f bf06757a be202405 3eeccac9 bf422fe2 392f13e0 3eda5a8b be158cc0 3df4182d 3e15545c 3e177c66 3eb4caa6 3e1b94d7 3e9d525b 3d97882a bf0bb758 3f30219f bddf776e 3f430399 be6a7516 be3b648a 3f4a13d8 bf5a31cd 3f62ddd3 bf35cda6 be9b266b bea8fab7 be78f501 3ee12286 bf5fe7de 3f4ccbd7 bf70a216 3f5cb3b1 be23b485 be8d626d 3f672fe3 be683d6b 3ea7e2a4 beff22f8 be869ac6 be1e844e bd9759a6 3ee2c6e9 be49bcdd 3f0b217f bf29ed96 3f6535f9 bf6b340c 3ddbda30 bf5c3dd4 3e30453b 3f0f6d6a bf33279d 3d8d898a 3f75dc22 3f08817a 3d40d000 bdcf37ae bd9218e3 3ec532de bf2ea98e 3e2f2c9f 3f25839e beaf9e74 bf749441 3eb00a5d bef76302 bf20d18f 3f1d1d88 3ee1e6df bf5509cd 3f02b958 becdf6a9 3f059369 bf7d484b 3f52d3da be0a0cf7 be99667f 3f6201c7 3efacac8 be46c46f beb096be 3f7b1e4b beb8b707 3f34f97e be847a75 be8a1648 3f7b943e bf0f9363 bf27bd8e 3f1bfd90 3d13b00d bf3d019a bec772b1 be119467 3cd36176 bea456c7 3e6aacb4 be313476 be9f0aa8 3f6c5612 3f04fba1 beaeee9b bf63a1f7 3f739020 beaf8e7e 3f647dcd 3f07757d befc2273 3f21b96e be42550a 3f414da5 bf09ab84 3e056c40 bf06937e bc1fb9d2 3c03bf7e beccb6c9 3f7b4e37 3e8212a8 bf31f3b4 bf158164 3f6c1604 be93f234 bd706f7b 3dddd891 3eb63a9b 3ef91ae0 3c0dc3c1 3ec336cc bf782c1c 3ebcae97 bed7328b be60acd2 3f5587ce bf5187ca 3ddff86c bf4b7dc1 3e93aa9c be8ee663 3f74860f bd85c837 bf5863d7 be03dc37 3ea1ce74 3f058763 beacd65f 3ef526d9 3f1de383 bf1b2796 3f13c35e be51e4c5 be820e79 bd2d117c bf63e203 3f471b9c bdde98b4 3e87d6b4 3f39a385 3e431c83 3dd648c8 bf1e279f 3ebf66fc beb83698 3efbc2a3 3f23cd89 bf09bf7c be91de6f bee6b6c5 3f5985df 3b1cea58 3f13d58c bf747214 3f55b7c1 3e13fd04 bf4667a4 bd3c4fe5 3f0adf82 bf35c399 3f61e206 be056c61 3f152d70 3f398796 bf5503c1 bdf34844 bf6c0fd9 3eae86df 3f0dd56f bf0b5b62 3de2d801 bf04cb78 3ef41f19 bf28b394 bead5276 3f2a636e bf63dc09 bf045d86 be6d5561 bdf7b8c8 beb826ee bf078780 3f3355c8 be7c0513 3f7bce47 bf1c0f99 3c263971 3e983e7a beb09e6c bf773445 3f3d71a1 bf22af91 3dda19e4 bf05497e be4e249e bebf7286 3e57ec4b 3f086568 bee912a2 bf318d98 
bf54a7d2 bf20b395 3f4b99a7 bf6e2a10 3f164d7d bd82098e bf38a792 3f118d6a be94ea90 bde7b9bc 3d048fad 3f35b5ca 3f15bf5d bf7e9254 3ed622b2 bf3d3fbe bf730a0b 3edcd6d0 3e0a3b87 3ef1e6e5 bf23e9a2 3e950ec6 bf039378 3ee876c5 bf408fbe bd83c806 3eb032a8 3ef1b2c8 bf5be9ec befb16aa 3e74756b bed72677 bf679bd5 3f0fab7b beb3c2a3 3f4c35dd bedfd682 3e6ca532 3f66bbe1 bf1fc1b5 3e56446e 3f5b5fd8 bed502e5 3aba3265 be2c2c5c 3e877238 3dc908a5 bf5441c8 3f25e381 bf39478f bee722d5 3f137583 be90d689 be9e7e49 be883649 bf4e07b5 3f37dd9e be2f4ca6 bf5c9de9 3f42abc7 bf002184 3ddf2970 3e97a27d 3f55dbb9 bf5c95d7 3f5a33c8 bf27eda9 3e116c2b 3ee5d6a9 bf41d1ad 3f53efc0 bf3a6991 beece2cb 3d1f111f 3d2a0fda 3e2d841d 3e55ec35 3f113181 bf59bdb9 3f678202 bf168d73 bf003d78 3f509bca bf599bd8 3f0b7d63 3f6677cc bdf8f868 3e84f292 bf41ffab 3f51a9e6 be4d1cdb bf3a0d92 bf68bbf2 3f39bb84 bf41a1a7 3f3c39a2 bf6e7dfd 3f7d565d befe22c0 bd9bf877 3d89492c 3f1c9b9d 3e8542b6 3e452c9f 3f6ba7d2 bf734ff6 bd9bd7e1 3ebb0ea7 3ea78658 bf54b5ae 3f10a973 3ee57686 bf4ec1b9 3ee13ab1 be49b47e bdf28930 bf76ea22 3eae26b1 3e12e445 bf34917f 3e859a77 bf055978 3e059c99 3ee92aaf bf688dd0 3f0c5384 3e87d293 be4a145f bec78a47 3f486ff2 3f07ef87 3ec486a1 bec2aaf3 3f441bb7 bf64dfe3 3f0dc77d bcfa22f8 bedf2a8d bf3135a5 3ebc6694 3f2d178b bf323fba bcb41d8a bf236f95 bf6c31d8 3f7ce246 bebb867f be06acda bf1b49a7 3f3fe1b5 bf1a537a 3f743838 befbdb11 3e8f6691 3b5ce9d0 bf3477a3 beed3e95 3f72c60e 3ea2d6fc bf134370 be02bc71 3d8248cf 3efd1f12 bf78c030 3e06c419 bed2d2ae be831a6c 3f23d9a1 3ed852c6 bf018580 3f209f76 bf7d7a46 3f1157a3 3f215b9c bf07cf7d 3f2fefae bee356cb be3d1c9d bf104392 3f59edc7 3f3a9590 bf00cd92 beadb69e be93febf bd29eee7 bf4875b9 3e2c1d28 be5ca4f0 3e50fd4d bec3b25b 3f6099d0 3e4f6522 bf191b9a bee03e96 3ec47287 bf7b285c 3eaeee69 bd7990ff 3ef71af7 3d1a720c bd8077c8 bdc028d6 bf7b762b 3f512fd5 3e42a402 3eef8a73 bf5043da befd22b9 be76ccb8 3ee176f7 3b6b0065 bf3a6d9b 3f420fca 3e41c530 bf4ad3db 3f55bdac bf5ca1c3 3ddd98f8 bf58efca be8ec66e 3e554d24 3f3047b5 3f44eda7 bea3b299 beb6468d bd7570d8 3f7da65d bf3d47a3 3f567dc9 3e73fcaf be586c52 3e313ceb 3e857a77 3eaa32ad 3f6545e9 bf1291a5 3f4c2bc4 3e2d3433 be9d1e6c be9b8667 bf099d66 3db2f9ea 3f41f7ae bee65ec7 bdc0b888 3f5e65b8 bedcc2b7 3e5b4c7e 3e156463 3f4e3fd4 bed52ac2 3f4c99b8 3e8a769d bf2b05a1 bdd15962 3f6177e0 
3ef522c8 3ebf7abe be2b647f 3eb632d3 bdc23897 3e0d2425 3f27c7b9 bf673fd9 3f7bda2d befdb6d3 3ec55a7a bf31b1a5 be58f492 3f6a25dd bf4dbf97 3f786206 3e9fce8f 3e902248 bf756220 3f0ce172 be016c9a 3f58dfe9 bf7089f1 3f280fa7 3e7ba509 3e98ba49 be8f2a86 be298454 3ee546da 3f1dd58b bbc591dc 3e77ed4b 3f6e4e11 bf5fadcd 3f4f3bd7 bf4b0bdc bee4a2d0 3f25b38a bf6075cf 3efa9ab8 be74fd25 bf769822 3ecec2a9 bc714554 3e58ecae bf7e5690 3f611bc0 bf13f986 3f0f6968 be824622 3f6fbdff bf736a11 3f4823a6 bb3b2293 3f6eb9e3 3e0b7cbc bf018168 3dbfb813 3f65f9c0 bf0ce365 3e9312a5 3d158fba bd86488c bf0d8d71 3e706cc1 3c971afa bd53310f 3f2c6fa7 bf602fe6 3f549dbc bf7ed090 3f2c1bae 3f704013 bf3ddbad 3ed05e9c be2744f1 bf42e7cf 3f0a2976 bdcb399a bf54ffeb 3f116985 3f2d659f bf53d3c2 3f5d2bf1 bf6eb3f9 beeae6c1 beccdab2 3f15938c bd89c906 beae467a 3df2382c 3f24279c 3f0cd97e bd425018 bea38e7c 3f5717b5 bf5dddf3 3f5ed3d0 bf7239ff 3f359f99 beaaf6ad bced9dfe bf6021d5 be4e8c6e bf10259e 3f4b41c7 3dc8984b bf1ec9a3 3e5bfc4e bc583db3 3ec3fe7a bf7c6e3b 3f44d5be beb44ab6 3ebc5ae2 becbe6a6 3f7e9040 3e66d52c bed3aac8 3f0cd794 beb5da89 3f47c1bd bf6bfdf7 3f3f95aa bf31a394 3f27f19b bebe0eae 3caee281 3f14576f bf3a9dcf bf0ffb6f bf0a6da7 3ed1a26b bf2989b4 3f640de6 be5dbcd0 be3e3c8c 3ef846e2 3e068c0e 3e8ede86 bf6a99f6 3f3b4384 3e37b4f6 3f1d6d8e 3f237daa bf19ed6d bf1df191 3f5e33c0 3e4fb470 bf21357a 3f229dac bf6b8bf1 3f5513c5 bf5437d0 3f4e15bf 3e884e59 3e0bfc84 be781531 bf7051f8 3f58e5d2 3e53a496 be547c58 bee736ab 3f21d1ad 3e92ca88 be5734d0 3f3fed82 bf5d4e0d bf2b11bb 3f719c00 bf1d6396 3f650bea beabd271 bf241d82 3f4957bf bf726613 3f7c944e bea26687 3f68ddd7 bf5729be bf4d17b2 3dc329a7 3f067193 3f2c6d9b be553c5f 3f12fb75 3f1aed72 bf34f589 3f6c21fd bf4bf997 3ebd06f0 bf7e443c 3f7aa61a 3f2673b4 bee18715 3f20eb85 bf03ed8f 3d1532fa bf5901d0 3f155b7d bf4c27b6 3f649e15 3e9332b9 be4a0cb0 bf64b1e8 3e9d628d 3efbdedc 3eb4c276 3f4659a6 bf7c502e 3f4863b4 bf2b4fa1 3f3633cd bf1e2968 3ece72b1 3d916898 be8b525d 3f4e059c 3ea9b697 3e94a276 bd967862 bf10c74f bf6d11e8 3e535c83 3ef372a1 bcc99cf1 bf2fdf8f 3db0a916 bf13e591 bee656f8 3f3e19bc bf6d5e00 3ee5aac4 bef84eeb bf5e0fcd 3ec246ab bf09a344 bd8cf8a5 3dace7a5 3ee15ea8 3f2cd37a be976281 bf6895d5 3f07f99f bd711377 3e848264 bf4051a7 3eee26d3 be9a9297 bf6f4003 3f5169cb bf4577ca bf65cbc9 3f5b93c4 3c7eba2f bdf8b8d7 
be955aa1 bda0980a 3caa5d29 bf00d582 3e5184ff bf590de0 3f1213a0 bef39af3 3eb0aa9f bf4b2f9a 3f3f5397 beacd298 3e1a9c59 bf17a790 3f347b99 bf0d9d9f bed22a92 3e137cc5 3e87265d 3b9b8a07 bf3bb9a3 be16cc1e 3f58d9c1 bf3a0ba1 bedcdad4 3d847887 bb631579 be618ca2 be5e8490 be63ac96 bf3d6ba4 3e920278 bf7c8a3d 3f52c3d6 bf2a4787 3eec2ea4 3f299d90 beabdab4 bf04a980 3f709c07 bec12add 3f5567c4 3e7ebcaf bf2d65a0 3f3637b8 3ec7eb13 be575c2c 3eb296a1 be6df513 be83aa6f 3e444484 bd6fd026 be876e69 beb4ea7f bf78601b 3e2ca4f1 3ec252da 3d6b9264 bf7d745d 3f3b2988 bf761022 3f5b65cf bf4ebfb1 3ec1e6b3 3ea57ee4 beff7ab3 3ea0329b bf696bf9 3f503fad bf2ced9f 3f6dd5ec befa62ce bf39e7a0 3ee9a6ba be991a82 3eb33ecf 3f1baf77 bf6ec60f 3f42fbad 3f6245d1 bf7e286d 3dd1671b bf02d16d 3ef552b3 3eccfae5 3f0db97c 3dd66931 be884278 bdc588de 3ebd56f1 be487c8a bea9aa54 bef8d6f4 be497536 3effbade bf6df3f8 3f50c3c3 bf552bc6 3f59ebc3 bea2b2a0 be8c8e9f 3eb3ae60 3f16c963 3f4a59b0 bd1b305b bf6acc0c 3f1a2f6d bda17852 3e5c84c6 3df8b8b1 bf2ff79f 3f28a791 3ebb267a bf3dbdaf 3ea0faba 3e7ae4ee bf3f75a5 bf371fb6 3e456cf3 3f0f737f bf6537ff 3f3e0bb9 bf18ad7c 3f3cc9b7 becd2ada 3e8f8e6b bf6c6206 3f483f81 bf7ffcc6 3f3d2bb9 3f2d118e bcd3df4f 3f3d4fa8 bf399bb4 3e819ee2 bf704e29 3f6ebc04 bf69bff5 3f3363a2 bf6731f6 3f759e04 beecfeab bf37f983 be1f8496 bf0e857b 3f100793 3f312f98 bf21b196 be32bc38 3de209c9 3eb2be89 bf01bf50 3ec3a6a7 be115405 be886239 bf2f35bb 3ee00f2f 3d3a7216 3f0f057e bea14657 bf12596c 3f2117b3 3ca02098 bdfd48b5 bec9aea6 3e3c4c91 beea22b1 3f6eda0d 3e471463 bd550fdb bf67e602 3f16b984 bf73d220 3f54dbcc bed4928f 3ed9b6b4 bf770c37 3e628c52 bf579bfb 3f38f5a2 3f34678d 3e52cc4e bf0fd15c bf43cdae 3dbbc8ef befb8eb2 3cbfe374 bf0bed64 3e418c3a 3e16a517 bea64676 3f5999c3 bf3249a5 bf6c6e02 3e243cdb bd80075b 3f0e398c 3e5dec76 3f1bbd91 bebd7ab4 3f26bdab bf08df84 bf4c4fa9 3f4263a7 3f1c19a7 bf3d3d96 3e50cc7f bf77a835 3dc928e4 bdfe48a2 bcbd62d8 3ee7e283 becdfe8c bed86687 3f127d86 bef3fa97 3e66bd3e bea53edb bf46d7a3 3ead227b bedceae6 3f2bab91 3f252b8d 3e30dcc3 bf0ec195 bd74d01d 3ee6b2d5 3ecb1e52 3f750c25 bf58d7de 3f507dcb be824a4f 3e496cf5 3d2e530c 3f6f0e10 be6c24ec 3f0ccf69 bf047174 3f03fd61 bf50d3a1 bf105d60 3f2bad9e 3ebf46c0 3dae0a46 beb966b1 bf153951 3f6af7d9 be2acc8a bd80f932 3f4f33d2 bf63b5d3 3f332b96 3f4d0fc0 be97aac5 be23a48a befb2eb9 
3f4a63a8 bedcbaed bd452fba 3f563dbc be0d549f 3f2749a4 beef56bc 3e6e0d27 3e1434af 378f5927 3e194c78 be3e2cf7 3f395f9a 3d83c7e1 bf6e05f9 3f74dbec bf35d588 3f4197af bf781a3d 3f71f203 3e3f143d 3ddd08db bf527fd3 3f654fe2 3e59bd31 bdf63882 3e0414a9 3f32c3b0 be17ac76 3e139c9d 3f71460b be786c79 3f119787 be2cfc47 be87ce90 3eccbea1 bf4c05c3 3ebbded8 3f28f184 bf6999eb be23949a bd06904a bf1cf596 3e972e96 bef43af7 bea75e61 bf2f5f96 3f0d176b bf31878c 3f6409f8 bf69fbf4 3e54f4d5 3f30f993 bc1f429e 3f6e1e02 3d569218 bf5f1dbd 3efbb31c 3e0b048c 3e0f2431 3f04c780 bf183183 3f141d8e 3ed27a63 bf2a65bb 3cbaa014 3f0bcd64 bd936a1a 3da7f6f8 3e6864bc bf1ae171 3dc5c94c 3e090436 3f0aab85 befce2d9 be9d4262 3d3c2fba 3ebaae84 bf735408 beea62bf 3eca1a70 3edafed4 3ed5aac3 bf1cedbe bf2beb84 be8e7a9d 3ee4fea3 bf38af7f 3f4b67af bec9da53 be79448a 3f1b2f7f bdb8f87d 3f6d6009 bf7b023f 3f783a08 bf0b496c 3f23eb76 bf7d1c58 3f2f9d9f bcecdf73 3ce06659 bf40e38e bf5b3de7 3eacf641 3f6119d1 bf555de1 3ef14aa9 bf52b9b5 3e996e96 3f11bf91 bef8bf23 bf30d9a4 3f4d8fe7 be846237 beeb7298 3f73ae17 3f4d15b8 be420490 bf249772 3f066984 be90aa81 3e71ad64 bf1b47b4 3e069c34 3e457c29 3f3f77a9 bec72ab7 3f653000 bf69560f bde9c928 be475c4d bf48e5c4 3f2fa197 3de69913 3ef8c6c4 be72cd3c 3e4b04fa bf2a87a2 3f675fee bf647006 3efbc722 3f5151d4 bd96d93e 3ec2e2b6 bf18f197 be9d264f bd48108d 3f011b8c beba8e94 3e409cca be73948b 3f1a5d9d bf1ee1ad 3f59c7d2 3e5f1470 be4ca45e bf223f73 3ef1d6e2 beb216b0 3edaeaa5 bf21d3b3 3ed4fac3 bf3ffda0 3f7eaa54 bf101985 3e5934fb bf30379c beee7f15 3f03936a 3ef4569b bc174416 3f1d477b 3db857ed bf4ed198 3f41c5b7 3f07af66 3d546f7c 3f4fffb2 bf178d81 bf4815d3 3d90f870 3e4d94f8 3ef3aacc 3f6d2e13 bf5947f0 3f13f968 3eadb683 3dc7a993 becd62d0 3f27cbae bf65e80b 3f3e99b4 3efdaac9 3f4d3db7 bf5eb7f1 be4b74d3 bf777e46 3ef3aee0 bf3821d2 3d7a712a 3e1604ce 3f4b0db9 bf3dc98a beb10aa2 3f14c383 bdddf8a7 3f30db9d be90ba55 3ef76f22 3c4037ae bf4867b3 3f5257be bd0a11b8 3ed36f08 bf6b5dcf 3f54d9bc bdfeb91d bd427026 3f7069fe bf5581be 3ea99a97 bf3a71b5 be88ce28 3eb11aa8 3ecc9ebd beaab65c bf71f7fa bf1acb85 3f5b43b6 bf67e40d 3b471d0d 3ef732f0 bf7abe1c 3e8e2a83 bf6d702b 3edc3e69 be6a4c6d 3f07698a bde1e96c 3f53a3c5 bf695a07 3c693cf0 bf001997 3f24018a 3f2db193 bf7c5a52 3ea24aa9 bf13d189 3f45e397 be796495 bd9eb7b3 be9dca4b bf59679e 3f730fff 3e028c06 
bf3c27b4 3f3803be bedd7aae be3c249d bf5ecdf9 3f1f0f8f bf189d7b 3f3895b0 bf657fc9 3f4b85bd bf5b17ce 3eaf0a74 bf7df26a 3e715ce8 3f00e77b 3dd818f3 be528c73 3f22c38e bf14917d 3db8c852 bf764c1c 3f6fe20a be0df479 bf13db71 3e7814b7 be916ac0 bd91b96a bf74b41d 3eabda8b be1794bd bf7f3462 3eb95e9a bf765615 3f508bb8 bea90643 3ed6a2b9 bf450bc2 3eff86f2 bf2dc397 3f3619ab 3ed22698 beacbeb1 3ec52e97 3f25378f be9c067f 3f589dcb 3f15ed7e be15e4ca 3e61c472 beae0af5 3f7abc17 bed6f6ca bef6b6e2 be89aaa7 be84ee79 bed3a689 3f548bb7 bdc3f876 beccfa91 3dff887d bf692605 3f6995ee bf43ddbd bf53efd0 3f7af850 bdc42704 be84f64a bddea71d 3e7f8cc8 bf73d026 3f6193b3 3ed1428b beaaca9f be8b2e3c 3eb306c7 3ef81edb bf35779e 3f2cf7a2 3ec312ac 3f268199 bf01f37c be96c249 bf0e5f76 3f3bd1b4 3f7dae57 bea87ac6 be889e8b 3f54afd0 bf71981d 3ee40f0e 3e516ca1 bd3fd1e6 bef152aa bec62eb9 3e534c81 3e552c78 bf45ffd4 3ef2cabc 3e9cc67f bedf5312 bdca07a7 bd9309ac 3f3c85c6 3f386d8d bf0b9d73 be8d3a8a bdc26727 3efb2ea3 3e50dce1 3da31966 bf62e1dc 3f3b759e 3f10e7a6 bf5653da 3f38abc5 bddc9805 bf4bc9be bf2997a2 bd187116 3f49a38e bed186f6 3e51acbb bebf36dd 3f40438e 3e08bcbb bf79ea32 3dc44928 bf54b7b9 3e1bf4b9 3cf3e19d 3f123b6c beacca86 3f6c9df1 beb32ea0 bf36e58c 3eb67664 bf5dcdc8 3f723e06 3db0d88b be9a529e 3f032d7c bf05278c bf24d181 3e0cd3ee be8816c1 3f0e0978 3e4d64ed bd1890ab 3e97e28b bf099f5a 3ea50287 3e1feced bf4f83c2 3f3269aa bf70480b 3db02833 3e3cc46c 3f047f67 bf101f92 3e10046e 3f1dcd80 be84b64f 3e441506 3f0a9179 bf2f6f84 3eb39e9d 3e525c92 3f02ef73 3f0bd17e bf5d29f4 bb53110a bef39ec2 bf56d7ab 3eaa727a 3eb61ec4 bf1d158d bf49cbb0 3d61d078 bf6cd9f4 3eb1be98 3f7aa223 bf0c3776 3ee71f06 bf5ef7b4 bee626c9 3ed77eca 3e8a5269 bf4e51b7 bc4cc92e 3dd1f898 be09c432 3c88a223 3dcbf905 bf6f61fb bf2d7b9b 3f3281b6 3f0f9b77 3f6b0df4 bf2ad1a0 3f431bb8 3ea83ab3 bf63d1d9 3f08136d bf25c78f 3f7f0069 bf1dc38f be06d4db be15352c 3e9aeea4 bf40dbc0 3eeb0b07 be156490 3e8be245 bf3d8196 bd0d6ee5 3f559bc8 bf5ba5ae 3f140b97 bd07518b bf4e19bd 3f0a6b8c 3dc1b962 be3fbcde 3f1ff7a5 bdc7ca84 bf78001e 3f3593bc 3f30357d 3f1eb372 bf3b79b7 3f6f83eb bea6decd 3e416c8b 3e18b4a4 3f11b579 be8d1a4e 3f61bbe4 bf52b7cc be7c143f be277c68 3e7dfcdc be439c70 3f4319db bd90d7f5 be8ed69c bf3a31cb 3f29f58d 3e6a553e 3b5af50a bf7bf22e 3eb212bf be396cf9 3d4db1f5 3f7ab054 bf2b8798 beb59e66 
be3f3c0f 3cea1fe3 3e2d2cb5 3e6ab4b7 3f4bad9d bf73b3f1 3f62d1d0 bf7e344b 3f41c7be bf26fdad 3f5c8fd1 be748cf7 3f738600 be852ebf be34ec65 bf6c2beb 3f04658c bf6f4ded 3f6e1c0c be66d532 3f28f98a bf3e239c 3e8c0a92 3f173387 bf5b99d4 3f542dc9 3d683072 3f4cc9a2 be8d6ebb 3ed972dd 3e866259 3f4359af be134cb5 3e6e74f8 bf73f604 3f6089e2 3deb2891 3f20ff86 bf5c0dc8 3e81a638 bf491ff2 3f7f9868 bf6337d6 beb7c69d bd8fa7ac bf217587 beaeeac6 bf5143b5 3f6cbfcd bf5a01d7 bf040767 3ed23edc 3ea9b24a 3e64c54c be10244a 3f242187 bf79b425 3eca06ec be7a7cff 3f056f6a 3e734cdd beac4a5c 3f0bad97 3f7d5470 bf5ba1b1 be7e54bf 3eede70a bf16578a 3edb7e9b 3f5769de bf4f69de bf0c9964 3daaf8d9 3e8b1a50 bf67dff6 3f7215ed bf37e396 be161c6e beeaf2ba bf312b92 3f6223da be69ccbd 3f3d5dbc bf55dfda bf789221 3f0b1556 3d84898b bf12635f 3f58f9de bf14398e be18e41a bde8d9b6 3f00f565 3e4f04a5 3e510d41 bf3325be 3f6793e2 be6a7c48 bf3e39a4 3f7b1850 beb7f276 3f00ef5b bf7a2037 be445522 3eaae2b7 bc053ed3 3f12a597 bf52d1b0 be22a4c2 3e81528a 3e890e2e be233c8e bf54bbc1 3f775a03 bf6ea5f6 3eab1e76 3f59bbd3 3ed8aeaa be131ca0 3c94a3aa bf28e383 3f34c59e 3cf6a2cd bf2fa79c bd070ecd 3f0b7163 3f60a7dc bdfdaa0d 3f4c159d bf3707ab 3cba1c29 3e7db4c7 bf618fe6 3f38c3c5 bed2ae9e 3f54879c be2b54a0 bddf292a bf7f0495 3f15fb95 bf1bc58d 3f5d55e2 be57049e 3f3d97af bf0e7b7d bd0532c1 3d478f06 bf5883c1 3f3419c3 bf144779 3f1f159f bf4553b8 3f7d9058 bef922c7 3f52bfe8 bf00bf73 bcf61fc4 be15f483 3eee56e1 bf04c58a bee2bef5 bc0f3bb5 bec7bad0 3cc41f74 bed7f30a 3f3201b6 bf61c5ec bf2111a8 3e6824a6 3dc3799e 3f046d7a 3ed27e96 3f6021da bed57a7b be253cef 3f5b69db 3ea39267 3eea1abe 3f188d90 bcee5c95 bf131d90 be17a4fe 3e8dca5e 3ea186d2 3e2c7cd9 bcc8204a bf49739e 3f35198a 3edf26bd befe5aec 3f234793 bef56ada 3eddaa80 3ed4ce9b 3f4f1fce bf0245a4 bf453bbb bf2183a7 3ebb7e5d bf02376e be583ca4 3d6dcf93 3e9bcea7 3dd60928 bedadab9 3d8fc8c4 3eed82e8 befcab06 3e964297 bec73acd 3f4153a5 bebc327b be8866bc 3f6ba205 bf73c22a 3f5273d4 bf392b96 be3af531 3e33e533 3e655523 3c75c1cd bed666a9 3f38b17b bf205faf 3d92e829 3f782415 bf1e1d85 bec5d28d bf2d2195 3ec82e8b bf059f7c 3e1e3466 be9ce276 be5d83c9 bdaa48e2 3b2adae6 bf464dbf 3f36fd7c 3f272388 bdd2c7ab befc6eb6 3e9b36bc bf31a18f 3e22745b 3a9e49f7 3f744e1c bf7be826 3c59bef9 3e94daaf 3f75ca33 be9552ba 3f147d79 be508ca6 bec3f6c2 be218c12 3f7f7c7e 
3eacea71 becff6d8 bd9d2898 bebd8aec be7a2501 3f728414 bf6dee01 3f6cf9f0 3e042501 bf1d198b 3eb73ebd bf4005b3 3d858918 bf396dcb 3f2c7bc0 3f79ea5b be1fe46d 3ee5b314 bf40f9a9 3f14c583 bf4f73a4 3f585dd3 bf77da43 3f04a982 bc75c90e be433cc1 bf2a1b92 be26ecb0 bdf3798a bec71edf be05944c bf5bb5c4 be236cc2 3ee1e2d2 3e9ebe6f bf01eb80 bf2a57a2 be6b35a2 3ef6d2d5 3f260d91 bee082c6 bf10d595 3f4c7d9b 3e29ac50 3ee512b2 3e2d9cf2 3f0a275e 3f244da2 bf0e2377 3f460fbc 3f26f989 bf00ff74 bf0d5b9c 3f4f05dd bf32999b 3f049579 bec642a7 3f57b9ef bf5c83e4 3f26a57a bf69a5c8 3f2c6ba6 bf782025 bf15fb6b 3f2e518e 3db288bf 3e0c74ad 3ef0fa8e bf26c39e bf092b5c 3eab0e40 3f4185a3 be3becad 3f4183a5 be64acbc bee9df04 3f06a34f 3f59d3c5 bed82680 3f7e8e4b bf55b7b5 bd013195 3ccb2542 3ecc12e4 3f149b6b 3e60445f bf511fad 3f67b801 bf706dda 3f1ba7b2 3f1da39a bf55c3c6 3f362fab bf70440b 3dfdd8ef 3ebceea5 be5ddc5d bea8d6bb 3f2f1d84 bec3aac2 bf076777 3eb8c6fc 3e305475 3e7504ab be791d62 3dccd811 bf132774 3f3c69d0 bd98283a 3d072e12 be99ca9e 3e110c7a 3f1dc38b bf5cd5c5 3f7c926a bf3a959f be342c57 bf4161c1 3ecafa76 bef2aa96 3f7f6683 bf6bce0a be78cd08 3f4c0dac 3dfbd8ba bf21738a bf329598 bf0e299b 3e87f685 beec72f9 3f4c3bbb bf5bc3c5 3f6c57ea bf6189fd 3f7f4072 bf59a7d2 be2e8c72 3f273186 3eeacebe 3f1ea187 bf6cc402 3f1b8585 bedf5ef4 bf35f3be 3f6e1fff bf5317d4 3f2cbf96 3ee8328a bf09d37f 3f05655c be81ea8f 3e2fc4bb be04044d bed2fea1 be78d4ed 3f3bdfb4 be7d445c be3e7cdd be6534a0 3f6e97ff bdb2197f 3f3a199a 3dc28995 3e0bc4cc 3f16d585 bf7129f1 3f696ffb 3f5087e3 bf1dfbc7 3d379240 bedd8eb4 bf58e5d6 bcb5df93 bea77e7c 3e9e2680 bf6d23ef bd2ed0a2 bf4a93cf be2c3c6f bf0c6156 3f22c797 3da328ab bd96380a bf3621bc 3f46b384 bed76ed3 3f74e029 bf4359b9 3d4ef19f bde137ef beb9d6ee 3f0c6f74 bf73601a 3de177be bf3335a7 3e0bd42f 3f5895d0 3e945289 3e50f45c be76abfd 3f4971b1 3d958895 bf12995e be261c2e 3f4fc3c8 bf507bcc 3f4191c4 bf157d79 3f57c5da bde2083f bee9caee be6d14f3 3f1ca585 bf013191 3f427f8d bf7aba25 3f674dd9 3f1beb67 bf255393 3e2a0ceb 3e1d0c6f be74e457 bea9ce66 3e2f3c5d bea70eb8 be6d853b beed5b03 3f7d944b bdda68a7 3f1ee978 bedfdef6 3e84c65e 3f2d357a bed9c6db 3ec8fa84 bebe7ac0 3f7b121e bf3253b6 bf7d6e4c 3f4487b9 beeffeb5 3f7b8c38 bf081f5f 3f30919f bf193b80 be85d278 3f2a8371 bcc6dff1 bf4d5bd6 beadd66a bf038d6f bb828606 bf3c879a 3f66d7fd bea48aac bedc4ad7 
bf60f3d4 3f5371c1 bcc21fa3 3f3345ae bf5b43f9 be813644 3e9c5eb1 bf15657a bf18758e 3f56edcc be66c577 3dc20831 3e6abcb3 3f6533cc bf597dc6 bf509bae bf20097f 3f721c00 bf439fb3 3ec2f6a1 be80a254 3eb1deba 3ed39ac1 bf33dd96 3f15ef6c beb0c2c2 3f76022e be395cb3 3e4534ce 3f39f7af be7e4d09 3f78a22f 3ec8f687 bf7679fe 3e9d9e8a 3ead9e5b 3edc5693 3edb6ab9 bf0e3f7c bf32aba5 3f4869ad 3f01477d bf1c0394 be73cca1 be9f3a5a be1da443 bea62e84 bf0b3162 3e89be98 bf7ed864 bead7308 3f12f17e 3df2185a bf102f98 becc0ac8 3f48efb3 bf6d91ff 3f35c799 bf4317b7 3f418fb3 bf482dd6 3f47d9c3 3eca2ee9 3e746d07 be5e34b5 be997a7e bebbf263 bebbee8b 3f4497be bd2910b0 3f031d4e bf5b4dd4 be0b3c41 bf7d2a37 3f3d07a4 3e0284b5 bf122770 bf6407c9 3f2aa58d bf55bfc8 3f18ed87 bc57c237 be6f7cd3 bed84687 bd02efaa bf2d359a 3f6bafe6 bf011f9a 3ebf0e9d bf05ef6b be96be73 3ebf4ace be95ce36 3e5f04b7 3ee4d2a7 bea37ad8 bef942b1 3f708007 bf60c3da 3ecf7703 3ee1ee9d be7d350b be3fdca7 3ee976b7 bf3305b3 3f568bd4 bf320bb7 3f3a31b5 bf4d9ddc 3f02e9b8 be9e42b5 3eb8e664 bf29878f 3f6419d8 bf5ae3c9 3f4ac9ad bef1b2ce 3f657200 bd6350e8 3e49cd18 bf37adad 3f70a7ed 3edeaaba bf74781f 3cab5f6a 3eadae67 3f5027c0 3f2a7f74 bef4db47 3eb7523e be415cfd bd52f0ba 3ee18acf be3f84db bed6e2d5 bda2e889 3f4867c0 bf6283cb bf22c789 bf041f86 3f5743b8 bf4aa3a4 3ee336d5 3f2d81b2 bf3513a9 3f799832 bf757a2a bbf6855f 3dac386c be10e3ee be213c7a 3b917ef6 bdb587e2 3f2707a3 be45748e bf194992 3e7374d8 3f2eb7a6 bf115980 be91e652 bf232378 be54dcaa bf046b76 bece9ea1 3db66854 3e801e88 be7b14db bf74d409 3ef3cb07 3eee3310 3d5f4fd0 3f79ac1a bf0dcb7d 3f6d03f2 bea996ba 3f1df778 3e145cf5 3f3165a1 3e4f44c1 3e9de2ad 3e15fc69 bf333197 3f2bb991 bbec84a3 be3894ae bf6fe5e8 3f3a05dd bee0768a 3e17ccfa 3e90ae6d bc60ca36 3c931fb7 3f1a63a0 3eb6eea1 bea742ae 3f36979d bf35457e bf486fb9 3f3dd3bb bf4477a7 be0d1d2b bf042b61 3f30e993 3e436c48 bf3e71a0 3f14eb7d bf0bf38e 3e443c6f bf55cbbb 3d4a31a9 3ebfcabd 3f1defa0 bf4125af be204470 be060435 3f08f97d bf646a23 be6a34d9 bd2151a2 3e878250 bf00a378 3ecd32e7 3f40dfae bf045b71 3f6e53f2 be2f9cc5 3f5071cb bf3583b1 bdbde6fd bf0eb7a2 3f2cb9b9 bee816cb bf6725f3 3f6323ce bef91313 3efb3708 bf6ac3de 3f199592 3f709401 bf4aa5d2 3f0e5f6b bf1de579 beff92bb 3f49d3b9 bf3adfc2 3f3c1dab bf647fdf 3f188980 3ecd6aae 3f37c98d 3d59af71 3f523bd1 3b9f6b2b 3e9906b2 bf1bc96b 3f5afbe8 
3f3135c0 bea6dac9 bf65b400 3e092d2a 3f6bbdfd 3dc2e825 3e830655 3e513c5f 3f388dbd befd76ee be8aaa39 3f538bd6 bf2c9592 bf552fae 3f4753a3 3f68e9d7 3eefb2c6 bf78b3f6 3f7de246 bea89abc 3ec51a77 bf6ce800 3ea28a67 be3ebc7f 3da06960 bd7aefda bf35cfbc 3f201f87 bf700df7 be1594af be5c2c39 bf10038e be92be6e 3eefc2db bd834979 bf053189 3dc34928 bf2a17a5 3f4fe1d4 be02a448 bddf38bd bf709e0b 3f377dae be6cc427 3f6319e5 bf465bd2 3f74a017 be9fceb7 3ef6eeab 3f67efec 3dcd2848 bf1bf78a 3e135c58 3f3fd3c6 3f26d183 bf774039 3f48f3b8 bf12cb83 3f30efb2 bf139b6e 3f6d27f6 bf4723c2 bf6b7e06 3f6921fa bef3c29a 3ec4e6d3 3f5021c0 bf0a5589 3f0bc396 bf767800 3c85e6d7 3d60ef56 3f42ffab 3f48919c bf7d464b 3f00bf72 3e465c79 3f787a3b bf6fd5ea 3f773c36 bf5ed7cb 3f47c9c3 be2104ad 3edc2e92 3e66acb9 3d784fbf be939699 bca69f91 3d9397df 3f35b3a2 bf303979 3f7a803b bf472bb2 3f0d2d5c bf2e93b6 3e025c31 3f350db7 bf3e47b2 3f34bd9d bf2d058d 3e15ec37 3ddd6936 bf22f39d 3f183d80 bf2fe393 3f5f2ddc bf4adfb0 3edbb27d bf238188 3f6a6c08 bf4933c7 3f2147a1 bf3cf3c6 3f006769 bf4c41b7 3f4e49dd be60d4f0 bde748df bf59ebc8 3edaaa9d 3e1d142e bf665fda bee64e7c 3f7e2a61 bdeff7a0 be023490 bf4e29b8 bef4e6e9 3e7ef4e8 3d365244 be0aa42b 3e9bdaa0 bf7d6a45 3f2a1787 3d43aed8 3f38db85 bf62c1e5 3f5c67d7 3f20e398 3eee76dd bf175590 3f713006 bf7b6452 3eb85e6d bf4481c0 3eb56261 beae7ab1 3f6e41f0 bf57cbd2 3f64d404 bf183fa9 3f6923f8 bf09b154 be3bccc2 3ebfaa6c 3e2e9c9f bc7442f0 bf684609 3f767025 bd041021 3f695211 3cc8e301 3f3adfa0 3f02cd7e be90823a bee65a9f 3f25c39c 3ca55ffe 3e665ca0 bf624bea bea90a7e 3dec4901 be5a8d17 bec0f28d be9d7622 3db8a81b be9f86b6 bf5d7bda 3ee8fea7 bf6679e3 3eb8aebb be953a7a 3e437c49 bf0c0d76 3f6af9f7 3f0c8551 bf2ec1b1 3e828a9b 3e5294bc be804a6c 3de7e7a9 bed4a277 beea9735 bf0271a2 3f3fc1b2 bf6ec010 3ef262c3 3f2da9a3 bf430dbc 3f6ccff8 3e09fd1e 3ed0fef9 bf214f91 3e8f3668 beae5e98 3f4b53b0 bf25af90 3f33499a 3f4e2bac bed01a60 bd062f78 bf5b6bb0 3f710802 3e3a93d9 3e82deb8 bee01736 3f597bae be8ac650 3f55c7bc bf4443ad 3f7ed884 bf5add9a bf18378d 3e2ded36 bf22b38a bebcde9f bedde6a1 3dad88a8 3f070162 3d85e918 bf0d459b 3f0b0977 3f57e7d0 bf5e75f8 bce0a293 3d2bb03e 3e9e1e3e be774da5 bf528dad 3f45a9c1 bf5047ca 3f20af62 3f06ed65 bf54e5ab 3f447b9b be2a1cb4 3c8adf23 be53c4e5 bf1a5192 beb80686 beefb6dc bf072d68 be69acd4 bf26cfa0 3f63b9e2 bf55ddde 
bf642bf0 3f1fb575 3f6ace03 bf0e6977 bf5049ba be2dec1c bf22bb9d 3e2afcd4 bf65cdf7 3eed3edf 3bed89e9 bf538fd9 3ee8f6ba 3f657fd2 bf42d5d3 bf2e7d99 be4f5d21 3eddfb0e bf277585 3ddbba0f be7974db 3f5f91e2 bee4aeef 3f792819 bf7ace29 3f5acfd5 be28b492 be7ead38 3f6af1f0 3dcca7fa 3eaa7a95 3ec38ed2 bedc4700 3f774834 bf659fe0 3f413faf bebede7e 3efcdac3 bf3f09b8 3f6023e5 bece6676 3f42bda0 bd7d5154 bdedf99e beee86f0 3f18ad85 bf046d74 3e9bae46 bf4227a8 bf167b5b be81c66e 3f62cfa5 bf10ef96 bf42b5b5 bf424daa 3f6811e6 be91fa77 be1a94a5 3c3c41b3 bdcb9977 bf308393 3f5da404 3f17158b bf763623 3e8f72a2 bee0e6d1 3c4dbbfe bf10e791 3e8daa47 3dee9922 3f6c75f6 bf1ccda7 be124418 bf5cc7e7 3f6275f3 bf5303af 3dc8381f bf66d815 3f753603 bf42399c 3f0d8b68 bf4ae3c1 be216c74 3e35849e bf4a0399 3ec516a1 3f053788 bf3921a3 3ec152a5 bf5647f2 3f39a5b4 bf6297d5 3e2e0ca6 3eee8eba bee0f2ca 3ed8eec4 bdf9ca09 bf65fff2 3f55cd89 bde76998 beaebeae 3f175571 be4efcde 3f57f9c1 bf73a213 3f021b62 beaa02f4 3eca36a9 3eeb42ee bf692a12 3f055b78 bda707ed 3ebb7287 3e188417 3de9e96c be8cc69d bf4a7bd2 3f46d99d 3f110b66 befbe6dc 3f186b85 3efa32e9 3e9ee26a bee4d2a3 bf277987 3f70d809 bdc55733 3f042192 3dbf885a bf09676f 3e31a52f bcc120c4 3f46dda6 beec6296 be072c90 bf3a09b5 3ecc070d bf23297c bf16fb5e bceae1de bf18c597 3ecd76ac be2a04ec 3f0d6b63 be68558c 3f518fd8 bf1eed74 3e6e9cab be400cd9 be33e3e3 3e2e447b bf5717d3 3efdc6fb be9a4e7a bd3faecf be741503 3e37a43b 3f29299b bf6b81d8 bdc15872 befd1ee2 bf008566 be9ddeac bf6545e1 3f267bae 3ec002c2 bf17cd8c 3e96726d bd7a8fac 3f09a57e 3f2dc9a8 bf1f8f64 3e22e414 3f20699f bce15de1 3db49779 bb450350 3f72c211 bf1ef386 3f2177a5 bd0aaffa 3eae3eab 3e7aed77 bebcae90 bebb8e99 bf4757ad 3f7f0c6e bf0ec775 3ea03695 bf3ecba7 3f11f778 3db9e9d7 3f7dea69 bdc27756 3dc11a6e bebc62a8 3f526dbc bf6bac14 3ecb9efe beb63a7f bf33b9ac 3e9036cc be617c91 3e8bfed4 3e63c44a bf61de06 3f4a1bc6 bf7b5049 bf3091c8 3e9e6e86 3f1abf92 be320527 be5464ae be745c99 bf50f9a6 3f28b1a7 bef436b9 bde6d8bf beb24af8 3d12315a bf1d8588 3f7a6432 3e285ca3 3f08a975 3d413117 3f5395a3 3ec95ea7 be07c4c6 be29ac8e be79948d 3f745c01 bf766c2f befd7ec1 3f37bf9f 3eeff6ac becbd67d bd7eaeb5 3f20bd95 bf0de97a 3f560f96 bf18b38c 3f21a19f bf4f93bb 3f1a1793 bf7aea50 3f114b7d be939a2a 3f6b6fde bed4eeab 3f73540f 3e8baa81 3e95b6ae 3f3c9dab 3ea30284 bf25938c 3f5bf9bc 
3f018d74 bf5449e0 bf014b4d 3f174769 3f15197a 3f2ee190 3d882854 3f1c07a1 bdc898b4 3ef33ead be6cacce 3f4a8bd5 bc2345a8 bf7f7aa0 3f570bb0 3e0d7464 be2834d4 3f4873c9 bf2c899f 3f436bb9 beb916b4 be529ce7 bea6eeb1 bf3b5d93 3f762ff0 bf71dffa 3f43ebbc bef902c8 be844633 bed5f6c3 bf3277b0 3f7b141c bf544dba 3d715326 bee9d6c4 3f77d417 bf4f33e9 3f24617b bdcd2806 bf41cfb1 3e898e74 bee406b9 bd090fa9 beb12267 3f3ebba9 bf5375ba 3ead96c7 be998247 3f6c51f9 3dcfe883 3eb6569b bf442998 3f3cb396 3f14a16b 3f5fd9ce bf5dfbd0 bd2b52bc 3f4c7bb7 bf40f5cd 3f5b97e8 3e52b474 bf76dc33 3ec37ef5 3d8d6936 3f6c87f8 bf11e18c 3e6c84a3 3f259792 be81864e bd619174 bf7b382a 3e9afe92 3ed3d28f beeebeb3 3f710be5 bf078b68 3f74f014 bea10e6c 3e5a64a9 bf1e5d8d 3f5c5dde bd555066 3f382dc0 beeedee0 3f4e41d6 beecc2b5 bf08d777 3f3bfb74 bc3ec51d 3e6b3511 be62d54e 3f62c1e0 bf112f53 3c35c02d 3deb79d1 be6744b2 bbe47aa0 3f570fd2 be641d2f bf010198 3f729224 bf7eb089 3e70a507 bf4d69c6 3f30999f bca05fb1 bdfb9982 be01744a bf219596 3f5ccdd4 beb00275 bd0c9181 bf67a3d3 3f0a859e bf216ba1 3f5dfdc3 3f148789 bf3963a3 be20a41e bd32f1ba bf26eb9d bf2c5798 3ed58ead be35d461 3f4e75e4 bf4de3b7 3e284d51 3cada6d7 bef37ea2 3f2e89a3 3e7cc511 bf2f0d81 3d8758b8 bede76cd 3f56f3da 3d1dd0f2 3eb01a93 3f2601a5 3d8b58a9 3e3bf48a 3f6adfe4 bf733fec 3ec802b4 be82ba56 bd8718f8 be916e7c bec17e80 3ef43acc bebb4a7e 3ed952a3 3dfee8a1 3d82c82c 3f4d9f9c bf227f71 3f77f61d bf33519e 3ee266e8 bf4ebdd7 3f75c40a 3e74dd00 3db098fd 3f311583 3df96776 3f66bdf0 bf4643c3 be2434b8 3e32e45e be5304d0 bee8d299 3db68873 bf78c420 3f6cc3fd bed4f71b 3e1d4c8d bf546de2 3f4be5c4 bf4aebc2 3e73a4ba bee74ee7 3f3525a2 bf7d2050 bc82e1ce bf290fb7 3f6aadf9 3e7f2ca6 3eb43eb9 bf1b4581 3e47d4a2 bdf7d921 3f485bc9 bed116e5 be907683 bf5d09c6 becfd2c8 3ec83a7d 3e036c88 bf09255d 3e301ca8 3ed26ae2 be35a4b7 3f090564 3cac62b4 3ec426d4 bf5687cb 3f1a8372 be5cbc68 3e83c277 3ecf7290 3f562bb1 bf02b568 bf2589b5 3f37a994 bed38aa9 3f1839a5 3f334da0 beb8a2c3 be642d01 3f30519c be88b66d 3f5ac9db be953ea8 bea03692 bede06b3 bee2e2d6 be68742d bec0e69e bf66b5eb 3ec42ac3 bda6582c 3d85097c bf4a9da1 3f3887ae 3f08e367 bf37fdae bf4ccfb2 3f73b00f bf6a25fd 3eae522e 3e20ac7d bf10857c 3ecfa2d5 bf2a9994 3da787bc 3ed1ceb4 3f212988 bf16df96 be2e3c5a bee992e5 3ebe0ee8 bf63e7e9 bd01d18b bf12e355 bf18e575 bd6f5113 3d6ef1ef beb2a291 
3f17e37e 3eaa1e52 3ede6ead bf243981 bef576cb bf20e182 be28cd34 bf0d5786 3e8b72aa bf4619a6 3e922e88 bf4bf399 bdeb18ec 3eed5e99 beb8ce8a 3ebd2a85 bda9a879 bf3c5171 3f0ba36a bd19d36f bf1d7364 3f6a7401 3ea8ca40 3ed46b2d beb4026c 3c4ec0ed bc4e3d13 3df6b96a 3dac0896 3f79f012 3c5cc226 bf5e93d0 3f4567d0 bdab8848 3e8d2e7c bed38272 bef42b26 3f0e1559 bf1ca972 3f591dbd 3ed15e99 bf1e078b 3f74ba0a bebeaab5 3e99ba3c be9666ad 3f6329d0 bf558dcc 3e836658 bf4b7fad 3f3e47ce bf1a5f86 3d7a3290 bf71d3fa be38444e 3e1c6490 3ea0f28b bf4ae5c1 3f082186 bf2923a6 bd9488eb 3f4c6da4 bf4277bd bd421013 bf7ea064 3f48e19d bf140ba1 3bc67937 bf186590 3f4835c0 3e96568e 3ee93ad9 bf083789 3f5367bb bf75881d beab8e82 3edb4ebd bf6e4fdd 3f49cda5 3cee6126 bf11774e bec756f1 bdc3487f bef1a2da 3ec4c2c9 beef9f23 3f7671f9 bf4159b1 3c39c21f be9e4e56 3dd6f988 bf6281c7 3f7d6272 bf3159ad 3f1fd174 bea2168c bc04c78c bda5a9e7 bf7e726d 3f6341ec bf295f8a 3eaa8652 3f5079b9 befe170a 3f225fac bf4975c5 3d540ea4 3f77a600 bf37bdb2 3f176b72 bf4d79af 3f6a39f2 3f1fbb91 befbb2fa 3e50151f bf03fb73 bf39a582 3f408d8b beac3aa7 3f24957a 3f39937c 3ea0f6a1 bd7c1005 bf5a85c2 3f7355e6 bf561dd8 3eaebae8 be00dc88 be759490 3e298cbe bf4fcbc8 3f1603a2 3ef636c7 bedd2add 3e05e4ed bed246ba bed59e93 bf57c9c8 3ec7c2b1 bf2f75bd be2f84ef 3f27059c becd4700 3e7b1c84 bed462fa 3f21917f 3eaf027e be9dbeae 3f007198 bf2d39b7 3c3d45af be963e6a bf10639d bd17eda9 be80e676 bd71b0bd 3ed95ae9 be34dc63 bec03ad1 bea2bee0 beb74ead 3daae97c bee73b10 bf1e738f 3f47bdc3 be84aa70 3f142f76 be11bc07 3f5471dc be94b665 3eeb630f 3d88c82e bf6839eb 3f60fe02 beeb22cf 3f3aa9c6 bf248397 3f01c760 be71f45d beca1284 3f2fbbbd 3f2e8bac bd36f207 bea4b65f bf39bfb3 3e671c54 3e763c5b 3e12dba2 beab7a9b be17e475 be5ebc71 3f029d7c 3f47afbd 3f58a5c9 bf671fdc 3f0b8975 bea782a7 3efd7ae8 bf3bd9a7 3eac42bf bc56c20c bf3c7d9e 3d955801 3f317790 bf48cbb2 3f5d4fe8 bf75d825 be1f9c9f bed34ae1 3efea30e 3d4df306 3dec7a3b beaa86cf bdf457d0 bf5a99cd 3f254f87 be602cb0 3e5fdcab bf5251d8 bdde0958 3e70dcd4 3d46d116 3eafc2aa 3f418dba be891a7c 3f088d75 3f206f95 3d9328a4 be27c483 3ea92e5e 3eebdeca bece02d7 be9596d2 3ea84a97 3f743630 bf3899bb 3f4805ad bef572e6 3cbc20f8 bdd537d7 3f02658c 3e1e53ad 3eed1eac bf38ffe1 bf421d86 3f5d89db 3f3327a1 bf2a757e 3f4ebbc7 bef9b2e8 3f50cdc9 3ec4eeb3 3ec35acc bde6b88e 3efbbedc bee2e6cb 
bf4ad5b3 bea8165b be288c85 3f1f777f 3ea7cecf 3e9be657 3f3a07ab beb2aeae 3f40b791 bed7f6c7 3f73740d be844aa4 3f3c1b9f 3e574ca5 bf46c1b9 3de4f8b5 bed85e7f 3f7295fd bf699bf8 3edea2cf 3dff497d bef232be bf766832 3e38fc0c bce5de77 3f16a16e bf739e0c 3f7b9c3c bf70060f bf09ed99 3e735cca 3eed22c7 beb0cec3 3e8af67e bec0de6a 3e520c35 3f581fc7 bf47e3b3 3f38bdad bf32157f bed9aa89 3df89866 3dafb948 bf575bd3 3f4f6ddb bf7383f5 3f2dbda6 bf2f41a8 3f2c65a4 bebaf28f bd45ce66 3ea0dee1 3eebcecc 3eb71a93 becd32b6 3f70c428 bf600fcd 3f736423 bed352ef 3ef19ac7 be92f686 bdeaf9bc 3f148f7a 3ec87e99 3ed6f270 bd90c843 3b8d804c 3f148399 be386c7d 3d114f66 bf4439b1 bed5be98 3e69049e bf6209cc 3f7a4e2e 3ec7dadb bed5d2c8 3f40b99a bf380dab 3e5aa4f5 3e4a1cd9 3f176971 3e1ac4e3 3eb02ebf bec0a29f 3ef596bc bf2ee5c0 3e88ca8e bdc1f97d 3f5a43d0 be223c93 3ecfbac0 befb3714 3eaef696 bf338fb5 3f698be5 bf3983bf 3f000371 3f598dbd bdf3b8c2 bdbd5772 bd41116f bf643fe4 3f396fab bf76d205 3f5eddc4 3d66119e bf593bcb 3ec2caed 3d9af81a be068c87 bed0fed4 bf34c9a3 3efc32d5 3daa1804 3f00c97b bb592ba2 3eb82295 beb3f69b bee30f09 bf3b7f90 bef7c321 3f270386 3ec54678 bf5291ca 3f3ddfbb 3e3aacea bafa18d4 3f021f62 be98468b 3f40699a bec79e9a bf2c4979 3f753022 bf558bd7 3ee56ec7 3f50abd1 3ea636bd 3dd5098a 3f1ac567 bf2bcf80 be19dc87 3e9d66a4 3ca8205f 3ed3beab beaa724c bf27cd8c 3ed2c6c7 bf5a49cf 3f4c87c0 3eafc6d0 bd4e5048 3f63dfd6 be9f92a8 3f549faf bec3be9d be8d1e9b 3ed74e94 3e3d5455 3e78f498 3f06fb81 bec056a2 be2673e2 3f7d9e59 bf272574 bd64117f be81ce6c bf04d56b be8a0abc 3e083c9b bf056b6c 3eb2a2da 3ea2e2ac 3dcfd8a2 bebe4a81 bd0d50d1 be7dfcaf 3f3617ac bea91a3e 3f0f0f75 bf3a2fc5 bf5d8fc1 3f14ab83 be888e7e 3f55e7d7 be2aec99 beee2aa0 3e00dc7c 3e87da57 be1cfcd4 3ef55f07 bf07d95c bf3c3dd9 bf4e73ac 3efc8aeb beca9ecf 3f17d574 bee02ad3 3f002d7f bf1a4fa2 3e56c485 3f160d90 be803a93 bdb7c7ca 3c846008 bed6b702 3f2aab6e 3f1e1da6 bf5eedd8 3f33c197 bf4c5bb3 3e8f3eb6 bdeb5885 3f6b5e0b bf06d955 3ef912db bf33577f 3eda8ae2 3f03bb3a 3e816624 bf4863ae 3f18b583 beea76f9 bf5c8dd1 3f3f73bf bf1941b0 bee282ad be105481 be93b698 3e51bcdb bf4983c2 3e9ffad4 3e14bd2c be998e83 be6e1c67 bf433fb9 3f59abed bf3723c5 3f5c63ab bd94996f bf72e1fa 3e72cdc8 bf379d96 3f500fb1 3f067d70 bf6fee03 bf091194 3ede36d8 bf019f68 3f0cbb81 bf16b395 bf7f549a 3f213187 bf098961 3d8f691e 3d74af52 
3f5577bc 3f3d27d2 bf25a19e 3d0d2fbd beebf300 be945e9f bba59062 bf5f67d3 3f5bd3de bf62f7c4 bc861eee bde2e86a bf4379ad bea6fada 3f00a96d 3f68f9d2 bf32118c 3f2411ac be0b3483 be225464 3e26dcbf 3eab1a91 3f71ec0d 3c53bd0f bf391da6 3e93a683 3ead3a8d bf154570 3f2f1b9d 3f05bb90 bf025585 3e624c74 bf134d98 be077471 3ebe72d1 be90fec4 bcf5a39d bed9aeb0 3e891237 be837e0f 3f5f1a16 bdb7d8af be5b44bb 3f2979b5 beeca2eb 3f2627a0 bf6c3c12 3f6ff5fb be0d64af 3ce51cf7 3ec30e9a bf0ba971 bf330183 3f06b972 3d1bb1ad bf23337f bdd898f0 3e66ec9d bf4535a8 3f47d5a9 bec0dabd 3e26f52b bf665c02 3e2214f6 bf6bc3d7 3f18f592 bf7fbc91 3eb27268 beee02fa 3f2c2bab bd1530de 3f6289cc 3e454c78 3e4aacae bd9d886e bf7c3866 3f24378b bf2dfda9 3f319da6 bf2bc592 3ef046bb bf5dbff4 be9a82b0 3e020ba2 be4d44d6 bd4d9195 3d8a38a9 3f4a5ba0 bf335b82 bea88e5c bf3d7b8e 3f61dde0 bf50c3c5 3f759c13 bea97ac3 befd8f0f 3f5b3bce bf50879a bf1fe55d be957284 3c1f459f 3f48fbb4 bdb6281d 3d802821 3ead1a89 beb04e98 be2bc52b 3e86b253 3eb18abc bf4985bf 3f4dfbb1 3e961679 3e810e7f beb606c4 3c4c4918 bf32edac 3eee8691 bf414fb1 3edfd2fd 3f14915e 3eeb3f0a 3eed7ae4 bf4613a5 3d741399 3e2f6cf3 be82ca86 bea842a6 bf5359b3 3f0ac78d bf32179e be1393a3 3f178d7e be554cef be967e50 3f252193 bec14aa7 beeed2c5 bf27e797 be11e3b1 beb256d9 3f58a9d2 3ec142dd bf22c37e be951e6c bd68b265 be86629e 3f392ba6 bdf7a819 3f49b1cc bf046162 bf5c09cb 3e0774f0 bf049179 3ca39a4c bf6333ff 3ee32aec 3ec8369e bf705dfa 3eba0ab7 bece96f5 bf3743ab 3f73a9f3 3e774ca4 bf1dff72 be76e520 3f5665db be4be492 3f5e8bc8 bd89d855 3c2e3822 3f04bf51 bf2ce797 bd598f7b be4b5465 3d3a106d 3f170176 bdd5a817 bf01b35c befe4eee 3f0ff38b 3de9d857 3f7b0010 bf745a23 3f4f07ac bf7ede5d 3ec5eabf 3b68e7c0 3ec562b7 bf5cb9dd 3f5f03cd bf667e09 3f6d8e15 3da59872 3f6f0ffc 3e7ced44 be8f4ab2 beabaa9c be2f450d 3ed31ea0 3deae7e5 3e29f4ac bf3b89af 3f2bc58f bf2fa9aa 3f5aefd8 be36ec65 be9e7269 beedff05 3f6029e5 bf04ad77 3ebdd6da 3efe5ede bf7b142b 3effab18 bf25c39a 3f76060d bf081363 3e628480 bf6f2ffd 3ea01e6e 3f0a5b80 bf1b0183 3f239575 bc324398 3df208ea bf16c388 3f7f1279 bd0831cc 3efffad9 bede12a6 3f5b45da be251c64 3d2d5152 bdc0d7d3 3ed67ea6 3f0ff77c beb962c1 bea04ab6 bd6d4fc4 be53948c 3f407d9c 3ee51ee5 bec266c4 3e3a4ca5 bf0fdfa1 3f6e11e1 3e596c1e 3d1fee85 3e224cc6 bf3b479e 3f70bdfb 3eef628f bdf83a12 bec2a26d 3ef6bae3 be0184c9 
bf787a3f be92b67e 3e39845d 3e6d4cce 3e8b061a bdb4b7b7 3e98ee63 3f05e984 bf416bb7 3f181f61 3deac925 3deb38be 3f11618d 3f184f90 befc3ed0 bf4a25e0 3cd75e9d be986a9a bee26af5 3f73fc0d bf6823f0 be0a8c9e bf5921b0 3d24af4d 3f74120c bf5781a3 3f220f84 bf56c5f6 3f2f5b9b bf6df617 3e63ec2c 3d5310b9 3f2125ba 3ede7aa4 bea3029f beb34ed7 3eb94aa7 bd4cb1b5 3f3d1dad bf1c4785 bd1310f2 bea47eb8 bdad58ce 3e9f96a0 bf3149b8 3f1f7b83 3e8e8a49 bf343faa beed16b4 3e6ebce1 becfe2b3 3f0eed60 3f0e037d bf6379f6 3e486c86 3eed32ed 3ead0eb1 3d9ab806 3d5e518a be9cde9a be2d8474 3f5e25c4 bea3eebe 3f77fc36 bf005378 3f72de0a 3c96dc52 3f225d8f bf012193 bec2b2d8 3e6d64ba bf54d9af bf20f760 3d78130f 3ce8a021 3eeac287 3e33744d bf041198 3f58b3b7 bf29b5a9 3f090d7c 3e0924d8 3edf6aae 3e108c71 be6b94f8 3f571fd3 bf6dd416 becf02a1 3f10e98d 3e924644 3f5de9da bf6d6605 3f3235b4 bf6d39e1 3f0e2968 3e567d2b bf3d61aa 3f781ffa 3eaa7689 3f3e7fc8 bedbb6ba be711472 bf23679d 3f3bd3c4 bf54a5dc 3f25e78c bed8eaba 3f3bc98d bf7e907c 3f7b0e4f bf5001d1 bf121591 3f22298f bedf12fe 3f3257b4 bebfbee3 3f3975b4 beef26bf 3ed8c6ca bf70400f beb882bb 3e97b636 be976e5f 3f05816d be0b6c28 3e0f943a 3ebecabc 3f757607 bf07977a 3f58f3b0 bef8fede baa63503 3cd71f7d 3e3b3cb7 be51acdc bdc9777e 3ea51ad0 3f5be7f3 3e6e5d43 be6eed0a bebae28d bf6311f2 3f51a1cd 3f180d79 be12c448 3edab2f5 be3d5c38 becc225a bf5febe5 3f5447e5 3ea5aa9c 3f5ee9cd bf4501aa 3f5b1dd7 3f1ebf84 bf22d19c bd06b055 3f7dda44 bf52e9e0 3f6da9ff 3e324c9f bf39f580 bf57e3d5 3f72a5f4 bdfdb8f8 3bbc81c5 bf5605c0 3db7798d beaa667f be809237 3eb0a684 be5aecf2 3f6e89ff bf253972 3f29d59f bf7e5e45 bc303b62 3f4fd5cc 3ef5aee6 bf498bbb bec32e7d be31fca3 3eea4ad9 bed9fac6 3e02cc54 3f2dff99 bf7c8429 3f20b19d 3d09f30b be7184df 3d9247e7 beee1ec4 3e334c54 bf748c07 bf332b8e 3ed992c6 3f577dd5 bef03309 3d7570e9 bf342388 3ed702c5 be81e2aa 3ec33ecd bece6ecd 3e07f423 bebb0ea2 3e1174c3 3ee5568b bf4cf7c6 3e9f928d be9db2b6 becdeaa0 3f58e7fa bf194789 3e669ccb bef5aeef be4094bf 3f5e5fca 3dab5a28 becf52b6 3e82069f bf4b5ba4 3f4f8ba4 bf24199a 3efe9add 3e531c17 bda8c9de bf796e45 3eab86c5 3d6231d6 bf6dea1c 3f2413b5 bf486bb7 3f3b0996 bf268785 bebd7697 3e3c9429 3f5d87d6 bed3feba 3e51a4bc bee86ef5 bf161b85 3ed8329d 3dc43940 bf325fa7 3e978e39 bf7be656 3f07f557 bf15937f 3f6a961b bf4b09b8 bf2ca397 3f0ef58d 3e7e7cb8 be56347c be6904ed 
3f5fb1f7 bea6a6cb 3f5125c7 bf7d925e 3eab3293 3dccc753 bf1abb92 3ebf7695 bd5770d9 3e807285 bee75702 be26abfe be56e4e9 bf0d0b87 bd87a7f1 3f64ebe5 3f08df62 3cc72149 3f234b9c bf7b3c1c 3f50a1e6 3e918a8b 3f6c1c1b bf6139e6 3eb6e69e bf2dc997 3f055d6b 3ea3be81 bf0e0b7f 3ec9028a 3f21458e bf062f88 bf39fd8a bee42ab5 3e9e46b9 3f0f37a0 3dc42886 bf245186 bda2287d bec77e85 3f6fa00d bf217d6f 3f70780b bf41b5b5 3f0b4b76 bf175f54 bec2b6cf 3f5903cf 3f4609c8 bf0f13a5 3f2afb73 bf7d067c 3edbda9d 3eb04eb8 be029d17 be42dd53 bf28079c be53e51c 3ea92a67 3f034562 bf4da3bb 3eeacab4 bf754df8 3efc5abf bef706d2 bef1deb9 bf15fd94 beeae2b4 3f2a518c 3f18e376 bf2911c3 3f559da9 3f3553ae 3de3d953 be84c292 be2873f4 3e1fa455 bd027237 bf1eab9c 3f2c71a6 bf5651cb 3e991681 bf2b4dc8 3eaa0a8e bf4e15ba 3e9cfa39 3db5a918 3f79ce28 bf738821 3b9e6f83 bf0f4395 bcb7224c 3f33dd92 bf3ad9c6 3f4e61cc bf74b9fb 3f6045eb bf3fc7a3 bf69bdcd 3e9eca95 bf332daa 3f7d5032 3deb588f be5d450e bddcb934 3eea06cc be936eaf bf00bd6d 3f4017a9 bf444dad 3f67bbe9 bbd188af be86569d 3df127fd be8766c2 3e078cbb bec65ea2 3e2acc7b be0e0caa 3f7f789c bf136969 3f21739c bf045f7d 3f019b57 bf70da21 3ed78ae0 bf24fba8 be612d0b bf4ba9c8 3eb39653 3eb9668a bf2ef5bc 3f625de4 bf3be792 3d1cd095 3eb74a7d be4a1cb3 bf4d41c3 be85e28d 3ee29299 3ea31e7f 3f08f186 be2e149c bf758405 bcb25999 bde68891 bf23e18c 3f791a38 3f2473a8 bf1ee9a2 bebe4239 bf5aa9ab 3f465da9 bf3a35c4 bf324598 3f757c35 bf24777e beb1f29f 3ee9c2ad bf6647ee 3e97ce5a 3eec969d 3f56a7ce beca06a3 bed8af04 3ea26242 3eed569c be39fc6e 3f64aa09 bf1f8d9c 3edeeee1 bf277d94 bdcea8d4 3dd2579d beb4c280 3f54d7d0 3e3e3c94 bf4d8dae bedf4ec5 3f508fba 3f297d93 bf054363 bd436ea9 3e6bbc92 3d8e78d0 bf474fb8 3f720205 bf291d97 be05e481 3ea00a68 3e9c965d 3de7c991 be87fe80 3f6c5bca 3f5705c3 beef62bf bf5cfbc1 3f00395f 3e6e1d0f 3d231071 3f2b2b77 bf56e7cd 3f3f93af bed236d5 3eaba280 be4f7cef 3f5ed9ac bf6885fd 3f2ad5a6 3e05cc41 3d104ed2 3ea4deb0 bf149380 3f2809a7 3e1a1c87 3dbcf8a9 3ec4c6da bf6bf215 be2a64ff 3f30f56d bee11af5 3f7bc459 bf2ec588 be426cb4 3e15cd49 bf3f53ca 3e9e2a4a 3ee91ab6 3dfb9986 beb1ce9e 3f734009 bf324ba7 3f28a3a0 bed67a88 3e80ea51 3f09f5a3 bf288986 be98d68e bdae894f 3edbe6ad be9e067c 3f7ff4c0 bf307382 3e289cbc 3f5d1dd3 bec0b2f4 3f7fb280 bf4a7dad 3f6895f9 bf5923b7 3f11115c 3f336d91 bf69d016 3e075420 be9b6aaa 3f5199c7 
bf29a7a2 3db388bd bf0c5d6b 3ebd22bd bbfb88b6 bdee6894 3e76b480 be7de4ed bee676a8 3eb196b8 beacee52 3f69d619 bf123951 3f1d1fa0 3f032764 bf6515e5 bf419bb2 be5bf42a be75b4d8 3ee11a5d becd7e85 bea41676 bf6f1fe0 3f717c12 beaf0ecd 3f2db5a9 bea426a1 bf1a077d 3f7b6831 bf22cf72 bf29f56c 3f10c173 3f24cd84 3f39a9af bf531fe5 be94a24c bef6cee6 3f2e3d93 3eb0ba71 3dbf67e8 beda5ab2 3ed49677 bf71421d 3f1a058d bd2c5479 3eb7164a 3ea30669 bf476dab bf6583fb 3f1e877e bf0a9395 3f5293a6 bf4fadd2 bd26d08f 3e226442 bdea67c1 3f7505fe 3e6e4d19 bf69b5d9 3ec6aec5 bcc0e0ec 3e0fcc21 3e422476 be13646f 3e006460 3f6d37d3 3edc3a50 3efc1ab0 bf3d0dae bf400dab 3f6687ee bf42f5b3 bf161579 bed3c293 3f2433b1 bedaf2bc beabae67 3f5531f0 bf066d81 3f3ed984 beecfacf 3f7f3865 bf3da9aa 3f3fe5b8 3e2d74e2 3e47448a bf78b80b 3efa02e2 bf05e571 3f74800b bec5fade 3f3bbb93 bf72e025 3f775245 bf6893dd 3f5389ba bf25cfa4 3f6753ea 3e73ccdb 3ea9e280 bda788e2 bddda893 bf3403c9 3f1a7b6f 3e52fd20 bf6d71ff 3f4171a1 3d5e9008 be988669 3f040979 bf6dd1f9 3f52ffbc bf5201d5 3f6819f3 bf50e7dd 3f4443c6 bf11d37d 3f203d72 bef7bade bf23097d 3f5cbbbc bf6445e2 3f145f71 bf12c583 3f79201f 3d8b2844 bebff2d1 3f6ce5f3 3ee406ab be993abb bf01356f 3f3fd988 bf63ae03 3f2509a5 3dfcb9cd b9f7116b be763cbd 3ec606b6 3f37998f bf664dd4 3d81b7fb bed542f6 bdc76789 3f2811aa 3ed836b1 3e3a1486 3ee4ab02 beed7ae7 bf605dc3 3f046b7e 3e9cd246 3f35f78d bef522ce 3efa9eba 3ec3aee5 bf2e87a2 3f6aa1ee bf0749a8 3f24db91 3e1ad529 bef776f6 bd9db99b bf54e9c0 bcb1a15e 3f56e1b3 bf7eba61 3f5229bb bf5be7c8 beb93ed9 3f133f96 bf004b6f 3f603fff be9f9a6d 3e6fdcf8 3dc6294f bf194b8f bed692d9 3f463fda 3dc608a2 bf021745 bf5759d0 3f67aff3 bed0ee8f 3eb332a6 bef266d8 3f69d1db bf79382f 3f5a6dcc 3c825d4a be99922c beb7be29 be2fb4c3 3ef93adf bf76a410 bf4ca1e5 3f2e098c 3e054c0e 3c313d4e be46bc75 bf4997c7 3f2c37cd bf52a1b5 3f428193 bf77080c 3f6403d8 bf1f876b bf2a8397 3f1f5d8f beb7feb0 bbaf8db3 bf469ba0 3f77ea1b bf509fb9 3d2031db bf4af5a8 3ec2ae84 beeffb24 3f0c4382 3f194187 bf63bbc8 3e74ccd6 bf46c7b7 3f05757e 3eb2869d 3e4f345b bce020fd 3f0d0b66 bf1e7b93 3da74835 beac9a8c 3ef26b1f bf3b41b4 3f3c81a9 bf024170 be2e1d0a 3ecc86c8 be94228d 3f5f5bcb bf1a737d 3ea84e91 be2fbcd2 bf21497c 3f19776f bf095982 bea0c694 beaf6eaa bed7daa4 3f1eb983 bf7ae05b 3f3c43b6 bf584dc4 3ec05a88 bdf77965 3f5061c5 bf0ab972 bf0f5bb3 
3eaac6b3 3ec1d69e bd9d995e 3f34b7b1 bf4d5fe5 3f09d78f bedcc6ce 3f75ce02 be7ce51e 3f1c897a bf7ee859 3f165f7b beca4698 3e7934cf bf7ed45b 3f38c7b3 3f36b187 3f46dfab bf34df94 3f42d3b4 bf393986 3f6297fc 3ef87ae3 bee7eaa0 be2e444d bea07a5a 3d212f1d 3eebea7b bf6b3615 3f6993d0 3e42bc4f bd76cfce bf623dd7 bec7fe75 3f454da6 3ea7f69a 3f10d191 beb71b05 bf6f540a 3f4b47a3 bf4e9fc2 3efeb6ed 3ef1629a bef636a1 3e218c6c bf3f01e5 3eaede85 3e9dea91 3f673e09 bed94698 3e16cca0 be756d30 3f1b458b be741cff 3ed79f04 beab2695 bf72140c 3eef66cf be337caa 3f211d95 bf659bd3 3f6679da bf38db93 3f4bf5ce bf42a1c4 befad6c6 bf2c619d be06dc08 3effa2d4 3f404dd1 bf502de3 3f16ef7c 3f0aa973 3e127d02 be63d495 3f24858a 3e2cdcd6 bf37059d 3f24459d bf7e384d 3e413473 bed9eab0 3d470e03 3d98187b bf3a47b8 3e1c349b 3f6de1e9 bf7e6063 3f5951ae bf290986 3e611c7b bee24ae6 3e36fc44 be838a71 3e3874c0 bcdee3c2 be6abc62 bedb7ae4 3e100bf3 bf6fefdf 3f68bff0 bf05ff63 3f55a3cc bf72fc17 3e9876c4 3ee52b09 be553528 bee4e694 3f3171c5 bf6f5dfa 3f5cc5e7 bf58ebc7 3f6ff80f bf29fba2 3e5fa4e6 3eb9dea9 bf44c5cf 3f4b75b7 bf14f3a3 3f5fa1a3 bf182394 3e499d37 3eb00e3a be8a864f bf2def8d 3d82077d 3eb4ee99 bf50b9bf be739d16 3eb11281 be5f9ccf 3f5479cf bf78f620 3f536fc3 bf5cf1e2 beb24696 3f2eb399 3d8a17ca bf69b019 3f5197c6 bdfe3862 3e88d68c 3df8d974 bda30812 bf2d1189 bf1ba9a6 3eac7acf beddae90 3f7b3a4d be0fac0a be8fbea6 bf3c85cc 3f082980 bf3a8fc4 3f326393 bf5e4df3 3f20b58a bf0a3d82 bd5091ce bef72a75 3f6739e4 3d917943 3e3a44ac 3f1d4185 bf65a5dc 3f6a71e7 bf6d25f0 3f438db0 3ecc9694 bf0c7966 3ef112e6 bf76f81e 3f55e1de bf706a04 3f0bf961 3cea60c7 3f449fb1 bf063b8e be2ead18 3f6ffff3 bec08e9c 3f0c976b bf4f19e1 3edb52e9 bee232b1 3ea5aed5 beb6967f 3e3eb46a bf478bcd 3f622df0 be8ad270 3f4027a1 bf3381b0 3f34a380 3f7d1439 bf7823fa 3f458db9 bf51c3c5 3f2a0f81 3f26cf97 bf4589b5 3f4f0fb6 bf0e098d 3f44d7b6 bf6a980a 3f7b303d 3d89c7f2 3ec3a255 bf49e3c6 3f46b9ae 3e964667 bf360797 3f06c366 3f5b71ca be0ae427 3eaf52b1 bc20b92e bcffe650 bf6dc211 3f7ec65a bdfea944 3f29378d bed5e6a9 bf011769 3d5e6fe3 3d8ea85a bf5a9dc7 3f265586 be792d36 3f023757 bf5ba9d4 3f3ee7a0 bf5f4df3 3f656600 bef1a6aa 3e30acd0 bf077d68 3f027949 beaac674 be97a25a 3f4a47a5 bef35ece 3f2789a4 bef2caa6 3f53fbcd 3ed8b2af bd809902 3b868114 3e9bc2a7 3e95c274 3b070696 be0bd3e9 bdec4851 bf345d9a 3f7a1030 3eb9b698 
be3adc4f be5084c3 beb9e2b2 beaf4edc 3df6c7a3 3ede5eba bf487bb3 bc6bc3b6 bf522bca 3e4ce4b5 3f735005 bf777c3e 3ea82e86 bdf087fe 3f2bcb6e be921a9e bf16e985 bf7af83e 3f5d93e0 bf5edbdc 3f56f5e8 bf311faf bf214b82 3f04019e 3e1dabcc 3e5a7d03 3e14a4e5 3d440ed2 3d221227 bdaf19ab bf687614 3f317990 3e2edc8a 3e871693 bebc2ecd bf4459b1 bebbd312 3dda98ca 3f5f3bd6 bf2a9b89 3f6215e4 bf40b9c2 3e095c73 be371512 3e23f498 3f1cd1ad bf1c3b76 3dac48fc bf6567ff 3e95ae6d 3e68d47e bf375ba0 3f5503fb bf6ddfe3 3dc6f928 3e5563f9 3f407573 beb362a4 3e3e0cf2 bf032593 3f15477f bf4a6daf 3e414d0a bed962ad 3f4e7fbd 3e29dca0 3f3a837f be49c549 be6674c6 bf1605b4 3f32fbb6 bf79c44e 3eb2ba73 bef9ca9a 3d81c740 bf7bda4b 3ec16e9d bda3d8bb bde6e78b 3f2827a2 3f2255aa bee746d4 3f2e1f9d bf1d8d8f 3f258d96 bd64b26d bf2d699b 3f4533a6 be0b7459 bf13b96c 3f0afb62 3df26921 3bf3748b 3f0dab68 bf450fae 3f4de5c0 be653c51 3f02ad75 becc06c6 3f6a8ffb bf4405bf bd2a30ea 3e83ba7e 3e9af685 bd4d111b bf30dd7c 3ebaa2ba 3d3d52d2 bea7369b 3f2f65a6 bd26516c 3c6441fc bf3acfc2 3f5c79d7 bf5473c1 3efb4711 bebd467d 3ef58f06 bf58fdec 3f640bd4 bf67c3f7 3f274f73 bf5b8be8 3f7da24c 3e109494 bd20d1ab be9b828b 3f2c3bb7 be9d824e 3ee036d3 beb00690 bf169f83 3f567fd8 bf095b73 3f18df90 3f373794 bf58f3d6 be76d4cd 3e1f6c9b 3f0ab153 bf715615 3f394b9a bf4eafc0 3d945907 3f2d7db4 3f120196 bed96ed7 3f207fa2 bf0a276d bf1e59a3 3f2ddba3 3e8cc274 bd36d232 3d2930f0 be8c2a60 3f2d29a7 bf1e2fae 3efa4701 3d63f037 3ebee2af bf1cd785 bf3b5bb9 3f225985 bf4151ba 3ed7c6d3 bee8dabf 3f22fd8f bf22a1bc 3e1f1c56 bed1a6bd 3ebdbe8a 3e42b4dd bf069f63 3f6395fd bed8bed0 bd9da88f bf3b7d91 3ea19295 bea89e93 be0e5cad bdfa6991 bb9879d7 bdd4d794 3f4b3dcd bec37eff be3dcc74 3f3b4dc9 bf1d1194 3f69d3e8 bf2efb8c 3e7d4c65 bf77962b 3f69ebcb bf7ff69d 3d0b313d bf3f87ba 3f53f1c9 bf3af58d 3ef21a8a bf6e3c05 3e703ca7 3ee0f6d3 bf3e6fc0 3ea006b6 3de8392e bee8b686 bf0c8372 3e9ac69e bdd5d835 3ea56e2d bf7f927d 3f7e4063 bf1ec76e bf6ea409 3e09d3f5 be5d1c9f bee18ac5 3f052d7f 3e85ca87 bed31a81 beb11288 be30dc75 bd0fd067 3f5c13d6 bf62e7e0 3f16336b 3f389398 bf7cfa52 3f6ac3ff bf16457c 3eefd2c2 3edc72d6 beccf6bb 3d640e35 3e171426 bd7bd11e 3e88ba40 bf5b9de4 3f4c45bc 3d21f0a5 bf51f5cf 3f347f9d bf758de9 3f504790 bf5e23d1 bf57c1c3 3f53c1f5 bf471dad 3e80d272 bf76b815 3f38dfac bee3c6b6 3f5fc5de bda56909 bf6685db bebc0ebe 
bf487fad 3f6901c6 bd88e827 3f3e59b8 bf088373 3e821a89 3e4b5cdf 3edcceed 3f6f3c13 bf27dbae bf514fc7 3f6a23f8 3e949e3e bf18115c 3d97788c be30f4c6 3ef4e2a0 3f4f718f bf1cd3a4 3f1db594 bf4861ae 3f1695a3 3f37df9c bf5f73df 3edc9710 bef1aacb bedc22d6 bcca62c2 3e23fd2c bda3c89d 3f7af426 bf4a69b8 3ed6565a bec116d2 3e96f290 3f6fefec 3e2894b4 3e973a79 bf4c65b3 3dd6a9c9 3db5588d bdf57885 3bcf8e46 3f1ab564 bf3a41c4 3ef04ad0 bef736cc 3f30f1ac 3e379449 be0144c6 3e5db471 3d0a70f6 bf2b47ac 3f78d623 be5abc15 3e7c6c51 bf7e4844 3e9002a5 3db6f841 3d1b5029 3e6efd40 3e32a40b 3f2b1b97 beba2665 bf0dbf80 3e836a52 bf7fd4aa 3f5fe7b4 bed20e8a 3efd26e5 be9bc65a 3f793415 bf5667bb 3f1f7f7b 3e8ab5eb 3f5c75c9 bee056a9 3f017fa7 bcbe5d89 bf5aedb9 bf10bf7b bcd29cc3 3ea456bb bf180585 3f59dbc5 bf60a3ee 3f4f47e0 bf73b221 3e43a4aa 3f285d96 bed1f6d3 bdfcb996 bed272af 3d3cb11e 3e051cc0 bf261d93 3e3b8c79 be89ba91 3ee2cec6 bf4433cc 3f18636c 3ea2826a bf5b77d2 3bb9883f bd55efcc 3f54dfe5 be58b425 babe241a 3e24e4d7 bf22cb90 beb4f6ba 3f0ded9b 3f08fb8a bf3f39ac 3f3d119b bee71305 3ed882ad beea3b17 3f1f7da8 bf179b7d 3df1a7cc 3f4739a5 bf0ecb6e befa4abd be0204f3 3e89bab1 be665ce4 3ef8d6c1 bf29f380 3e883ab9 3d28b0ed 3e095462 3dfb37f2 bf200d98 bd356e7e bed93685 3e3b4ca9 3f72f003 be8c164b be7af4d6 be325d64 3ee972dd bc6a40d9 3f03b551 bf5de9cd be3f9417 3e98027b bf721809 3f5a8dcf 3e835a47 be45fca2 bf0345a9 3eb9929e be05d4c9 3e805275 beffd2b0 3ead7e2a be708d16 3e2bdcb6 bf582fda 3f7fb875 3ec9bac9 bbb086f0 bf0cdb97 3f71b228 bebea6a9 be30fcac 3f00539b bf15eda3 3f568fce bec31295 3e163c65 3d82f9d1 be6d6d37 bf0a8f67 3f6a47fd 3b7714a4 3ebb9ad9 3e75747e 3c443a19 bc7f3d79 3e2c64cb bcb32178 bf268bb1 3e147c55 3ebadadd bf32879b 3e6034b1 bceea0e8 bf1d698d 3f55c9d9 3ec2c6f0 bf2f29a6 3f76d437 be6b04ce 3f6ccbfd bea9228c bdd6b7da 3f034762 be850261 3f370fc0 bf6d3e0e 3eaf9a9e 3edde2e9 bf389bb0 3f5777d3 3edb9aa1 bf31dd78 3f3967b5 bf6199da 3f5981cf bea45e7f 3d9de8ea 3f4aaf98 3eb3ea97 bd0c539a 3f2abd87 bf3ab798 3eac669f be1cdbe9 3f3d6dbd be86d671 3db448a6 bdaa1897 3ecdeab0 beeeb6ed bec1fec9 3f1f9795 bf294bbd be053c98 bd46325d bf17456c 3e7b84e4 3e4c04bd bf1d0987 3ee6d2ec 3e0b14e4 3f3685be bf67480e 3e8e22ad 3f2e6572 bf2163a7 3f40adbb bf3f9fc3 3f48ffcb 3f7d9c6b bf5857b2 3e995ea6 3f5c33e4 bef65692 3f36dbc7 bf5cafd5 bcf71fdc 3d61b0b7 3f3be195 3f78c61e 
3ef4ea80 be9fbade bf23f791 bb7cf8db 3df3094d bf272d8b 3eb7aa72 bf6027d6 bf2fb37f 3f4d41b7 3f40e5b2 bf71e1ff bee636f2 3f3c2db2 bec552d8 3ef21e85 bf71601d 3f173b72 bf70a9fd 3f4d37cf be577482 bd4c4f53 bf3901b0 3f689dd7 bf3c7fc7 3f16e185 3f45a5c7 beb5d6ab 3e9a32d4 bf2e05b2 3e533508 bf188372 3e94d693 be13e487 bd5ed133 bf7e9a79 be2f0cbd bed3f6eb 3f21f77b 3e69fced bf520dc1 3f781039 bf2aa184 bc8d1d32 3dc00a97 bee0cab6 3f367f8c bf4bd5c9 3e3e0452 be16b4c7 beb18ace 3f6041f5 bea06ead 3e01e411 bf5625e1 3eaaaa7b 3e71b491 3f32059e bf7f3889 3f1a8574 bf644fdd bd8547bf beed02a2 3e75ed27 3f16f988 bf04fb59 3f5247ca bf6c9a0f 3ef48af6 3de7f7c4 bf71723b 3ea872a0 bdb1e8ee 3b63110c bf559dd5 bea52e7d 3bfd8974 bf005b5e bd4b1298 3f745de3 3f4b81bb be5474a4 be97eaa9 3efadb00 bf394395 3e3254c1 3e933a54 3f152b6a befd6717 3e2d44e3 beea52c9 3eecee99 3f1c2b70 bf3e05b8 3f5e37cd 3e1f64c8 bd236edc 3dc978e7 bf1f3d70 3f3f6bbb bf17fb87 3cdf9f88 3f0ae368 3e9e6ab8 be862a56 bed9d69f bf4d95af 3f6839e3 bf1d4161 3f7cec52 bce12183 bea87e80 bf5271aa 3f4ec7e9 bf16ff79 3eec3aaf bf3ef3a6 3f6841eb bf7c4244 3f6817ea be2b4c9b bf778017 3f39bfb2 3f4e0bcb befb3aa6 3e8ff68c be879e77 bf105f91 3f7b0644 bf6e5e1f 3f6e6607 bf4377b3 3e9dd67f 3f19cfa0 3d4070c6 3da7d9c6 be4994d9 bef4432d bef7bf26 3edb66bb 3f27a997 bf30779d bf041b79 3f35b792 bf341589 3f7e165f bf0abd7b 3f4525a6 bec2025d bf4449d3 3f5e05d0 bef0aabd 3e9512aa bed102e8 3e4924b7 3d92a8ad 3e727d56 beca5e67 3d526ff6 3f4e69b1 bf5151ac bf18797b 3de70766 3f0a6d71 bf3841b6 bd32b020 3f01c350 bf62a5ec 3f743220 bf033189 bf5177df 3f4d53cd bf5673f4 3f35f19f 3ed9d2d3 bf51e7c3 3e2ffd2a bf3b2b9f 3e20a3da bf28058e 3f6a33db bf6cf206 3f5799ad bece72e7 3f46e19d bf5c63b6 3f65c7f1 bedae2b5 3ea88e96 3eda7a9d bf5229c2 be422cee 3eb08aaf bf1c6198 bd1ccf04 bf135781 bec09297 3f1ba58f bed926a5 be065438 3dfd6843 bdef393d 3f4919db bf45a7be 3de368ee 3daac7c2 bf7df661 3f6745e4 bee87ef5 3e79ccdd 3e7fbc1f bf68fbe9 3f5635d7 bf3dc7ba bf282976 be88b27a bcfd65bd bcdca0a0 bdec08dc 3db318f0 bf4157ad 3f4707ae bf125b70 bec50658 3e24f522 3e672caa be305470 bdc417ad 3f1ac790 3d11b273 3f6fee1f bf32b577 3f3ee998 becaceed 3eb7f2e4 be81c26e bf47a3be bed086e1 3f3e1f83 beb582cd bf686dfe 3f7479e0 bf4241b4 3f5d73e2 bf7b7a3a bf504fc8 3f37f3b3 be7c7c6c bf29739d 3dfa796a be000c20 3e5b851f 3f09ed6a bf4ec9b4 bebb3e75 bf5f33b9 
3e4754c9 3c881e4b 3f1b5975 be726d0f 3e772cb9 3f2431a3 be0ce3c5 3f17296f 3f060b6a bf668de4 be8afa97 3eb432ea 3f5db5e8 bf5f83d2 3ed0bac9 3c9a9fb7 3e8eaea1 bf12cd9c 3f77f835 bf7cdc4f 3f2c8791 bf02ef76 3f6061c7 bf7489f9 3f74b823 bf45edae bf5117b6 3f19479f bf06138d 3f2dc3a1 bc184506 3e6d7459 3f1c1b88 bf52d7dc 3f6bc3d8 3e8b6647 3f4d8da6 be4bfcc9 bd5b9095 be3b24ec 3eda1eb9 bec412b6 3e82ca67 3d39f05f 3e4a2bfc 3e8d7a6b beec7edb 3e9b4e90 be04e4ed 3f263393 bf4485b9 3dded89c bf547db7 3f711206 bc77cab9 3eaf7acf be388c2e bf703dfc 3f6b0603 bd82c8f7 3eccf68e 3f6c95f4 bf654fe5 3f55e9c8 bf68a9e4 3f13d16c bed9a2b6 3f56d5b6 bf6683ec 3eb65ab0 3f6bf1fd bf380f9d 3ed4eab4 3e97fe5d 3e2cfcd7 3f34b381 be8f5a9e 3f67bdec be181487 bf6fa3ea bf41d791 3e93e2af 3e939671 beb8eab2 3f08977a 3eb17a87 bf72681b bef20ee7 3f2f5daf bf33a5c6 3f4f1bd8 bf014960 be6f6cbb 3e2e3c2d bece5ae1 bf4f8dc1 3f2be1a2 bec8cef0 3f786c37 bf432fbe 3f18057d bf324db7 3e745c73 bf1b2b85 3dc788e2 3f4a65a1 3f573fdc bf6a11f6 3e855e7c bf245d9f 3e5f448e 3e853282 3f0a057e 3bc08532 bf278388 3f1f838d 3dd738da bf19dd87 3f686bdb bf73b7f8 3e0c2481 3f67c9e5 bf5e3fd1 bebb62c4 3c92a47f bdb778bd 3f2c31ad be185c06 3d45d0ac 3a7bf12a bf175985 3efa92e7 be93cee4 bf78ba10 3f481faa bf377bc2 3f73921c be565c75 3f71f40c bedbe2e6 bf4b31ca 3f54b7a8 3e56ad01 bec50eb8 3ef1ba9d be77f4b5 bf08518b 3f01fb62 bf0d6783 3f7d2235 bf4335a3 3ea3ee84 3e7334a8 bde6a8f3 3e840653 bf0ea592 bd16d13f 3f25ed8c bf118f5a bd5931b6 3db6285f 3f6453cc be6fc4a0 be97227d 3f397f9a bf4da9d0 3f5ec9cd bdaa696a bf24d38a 3f0ecd79 3f0da589 3e0744a8 bdc5b85b 3d96e840 bf61edf0 3f4acdb0 be82fa41 3f2b75b2 bdee389a 3f459fe3 bf6dc007 3ec73ea9 be193484 be19444e 3d08b11f be884677 3dd0d76f 3d862850 bf5391c1 3f30317a bebad672 3f76dc35 bf2c0d99 3f4b59c8 be975a81 3f50d1c8 3ec886c4 bf0ff982 3e4b749e bdbc66d3 3ebc2e88 bf2557aa bbb2809a be856276 3f738402 bf3467c0 3f60b7e4 bed42a98 be1bbd04 3e48d4e2 bedfb6bd 3f6031fd bf70e601 3ef4d6f1 3f71e3f1 3e47cc70 3e87baa7 be110ca6 3ed6029f bbf8866e 3e5f34e5 beeb32e8 3f0dc974 3f3e2fc0 bef2beac be59bc9f 3f75e23a bf363782 bdc0a85e bf260f83 bec70694 bd9627b8 3ecabae6 bf5e35ac 3f1d9766 3e032431 3f33d997 3f34259e bf4ecf9f 3f41d991 3efa6aaf bee77ad9 bdfe09d8 be61d533 3f302dab 3f5df1ca bf42a9ca 3f0de79f be13cc96 3f171987 bee602cc 3e7dec53 bf1e138a 3f7ed66c 3f035fb3 3db457ed 
3dbe68d4 bf31979c 3e617428 3d872a60 bf0e017f be85a276 bf25c9ae 3d50af47 3cad5fec 3e0efc6b 3f0f175e bef112cd bef4aae3 3f1f357d bf305bb8 3dabe7ba be1c8cb3 3f39438e bf6fac1a 3f64f3d3 bf50fdce 3f49f1e8 bf2e03b6 3f02c756 bf31ad75 3f5825d9 3f0e917b bf3f3da3 3f6ab5e9 bf6e93d4 3d2372b1 be35cc14 bf26b5c3 3f36099c bf2f7fbb bef72e91 bf141383 3e708ca0 bde35804 be59a555 3e93fe79 bf00fb5a 3ecc3ee0 bf08396f 3ec6c675 bf6b11e1 3f5fbfcb be8f8ac1 be2bb4a2 3e0d0463 bb4b2bb9 3f55a1b8 3e84ce2b bf6165cb 3ec792dd bf4b0ff5 3d6c511a 3f6065e8 bf07935c beae9273 bf1d6b84 be597cb1 3e9bb268 bcab6249 bee9daa2 3f37fd87 bf4cf1a6 bc905e61 3f4a8db7 bf612dea bebd1ecd 3f16399e bf162d8b beed6a99 3e1b4c9d beef0711 3c959d8e bf5eb5c0 3ec44673 3ef4de93 3f6dbdfc bf190396 bd526f6b 3de8b7d0 bed602a9 be8a1e1a 3f2e8fa4 3f5949e0 bf145787 3f05bf70 bec1a699 bcef9ff9 3cfa5faa 3ed066dd 3de76965 3f26a3a8 3ca29d1c bf6659fa 3ee7af14 bf565bdd 3f5099c3 3e9e7eea beeeeead 3f3cdfca be3f2d1a bf4e59c6 bf57f3d3 3f5815a9 bd173160 3ef4c703 bf5e4be5 3ec8f29b bf6501ec 3e2384b7 3f40f9af bf54abc9 3e7ec52b 3c89a0e6 bee45ac9 3f28adc6 3dee7805 bf39d19d 3f53f9d9 be372cb7 3f206195 be959a80 bf2f778d 3ef79ab9 bf477bdf 3f7999fb bc05c695 3dc8f874 3e83be52 3f4d9dbf bf6105db 3f1937a5 bf4d43dc bd818834 bf6069e6 3f6ecddf bf27ab9d 3f364fa8 bf6db3e9 3f17519e bf330fb8 3e9b9282 3f23f1a0 bf585fb7 3f34f792 bf6deff0 3f773630 bf51efca 3e4a0480 bed5da9c 3d94d9c3 3f7e6c57 bf7b1c41 3f03c78e bea3be4e 3f0aa76a bf14d56f bdc68867 b9e74b51 bf394f7c 3f3adbc0 3cb56673 bf126571 be829676 3f6519d5 bf4515c9 be601d0f bf1be974 3e060489 3e1e9467 3e583473 3e8c362f bee782ce 3e98b625 bf7b002d 3ed6e6c3 bead1ab3 3f7a3430 bf45efc1 3ee3d6dc be266419 3ef016fd befd82fb 3f2dd5b2 be750d6c 3ec18acb bf0bc7a4 bd139224 bea2126e 3e1cd49e beac9e7e be160c44 bf77b819 3f4c01d4 bd85e905 3e8a62a5 bf1a6d7a 3f724011 3be38250 bead22b1 3eb55aa5 bf767c0f 3f38e79b bf35ed9c 3f42a5b1 bed742d3 3e21eca7 be2fecec 3f39d9c5 bf1c759b becbda9d bf3ac5ca be228d51 be23bc8b 3d9c089b bf3df9aa 3f3f23a0 beaa6270 be9d866e bf378395 3ec31ae6 3ddfa945 bf67d5fb 3eb696cb 3f2d518b 3e7a658a 3ea07265 3f2b6195 bf7b1219 3f5215af bebb069c bec1c6aa bf7c2c4b 3e52bc86 bf36d78a 3dcde8cd bf412fbf 3f006571 3ec5428f 3d1651bd bf106d3a bf67dbe2 3f5b07c1 bf55a1ce 3f0f716f be56a43d bf1d3b85 3f66f7d9 bf0e5b63 bf07556e becb22b5 bc3ac495 
bddce9c5 3e87667d 3e9b764d bf469dce 3f78b01a 3e8f2e72 3f40ffb1 be8e1646 bf0b6775 3ec8c6bd bf1f339e 3f423ba6 bf4287c4 3f5745c7 be25ebda 3f27f39d bf32a5a4 be2e9430 3f15118f bf247585 3f467dbb bf65edf0 3ea4127d 3e8b2e29 be0d03ec bef76aa4 be191450 3e9afa91 bec836e5 3e3a3c4a 3f4cc5af bf10479f 3f7779f6 bf6053ed 3f73700d 3cf36534 3f1f457e be2af475 3de8885d 3ea5b666 bdef67da 3e00441f 3e8fd250 be5bd488 3dcc883a 3ef4bece bf38f7a6 3f4ee5c9 bf613dc9 3efd56c8 bf06a56f bf065151 beda6ee0 3f6da20f bf121f8d 3f6d3e05 3ea3a2bb bf6c85cf 3ec9ea8d 3ee87acb 3f00cf86 3dee4b18 bf07bd8c 3f0d1179 be32e454 3e856a1c be08dc6e 3ebe52e3 bf2c7595 3f39fbbb 3edf7ebf bf407da9 3f695c02 3eb1fe85 be44d516 3d0e1148 3ec46ac6 3eb8fa8e be6c4ce8 bdccd81f bf6cffe1 3f655dee bf051d8a 3f612ff9 bf344591 3f787e3e bf6d4bfa bf2047bb be867e81 3e3d0cc2 bde22832 3ee632cb 3ca99f91 bf0f4b82 be0ac4c6 bee7f6bd bdac07f7 3f5ac3c3 be6d1d14 3f072397 bf174b6c bf34e393 3f5d53f6 bf63b7f4 3f062d5d 3ef3170e 3f48b7ba bf0be386 bee4026e 3ed362d5 3ea29650 3ee6ae8a be4ed43d 3f007b4b bf763a01 3f5881db bf078339 3f4511ba be31bca3 beb6ea68 be940e8f 3ea0c68a bef51715 3ede2aba bf783e1b 3f40edb3 be2d9c69 3f311777 bef84b2c be0b2c04 bf17a59f be2a8c88 beb68252 be8ef633 3f088577 bebfcaa6 3f3bf787 3e9a4255 3f0b5598 bf2623a3 3f4ff1d7 bf17d780 3c8a9c3d 3ecbb286 3e022cfa 3dac273f bf7f5689 3f7ca423 be50c526 bb0d20af bd9948b3 bdeeb8d2 3f45a1c7 bd9b58e2 bde8e83b bf5313ce 3f311d91 bd57d258 bf101778 3f2cad6d bec812cd 3e600d23 3e1b5c27 3f69d9f2 bf6b53fc be2484f8 3f155f76 3e7bd549 bea33277 bcb0e4c8 3f3f91ad 3dc5d84e 3f11fb7e bf09e17c 3e1f8cae bf135581 bc899f22 3e1a4c8d 3f12576f bea9629c 3e9dbe68 bf4f4db7 3e80567f 3e98166b bf32f19d 3f098772 bec376cf bebd0aca 3f254d97 bf6dcbf2 3f110d63 3f07bd62 bf133595 3f3da5ab bf112b73 3f1a518c 3f056361 be255ca0 bf5f5dfb 3f14296a bee892ea be356c81 be8dae6d 3f02b575 bef0bac7 3f093f7f 3eeda69c bf668bde 3f3a8bb4 bed152a4 3ef80edb bf6bae07 3e4ab4a9 3c5fbff3 3ed5b6e8 3f318bb1 3f109d6f 3c10c5fa bdcfe902 3ec146b2 3c869c9a bea6e68d 3f705c16 3ddb386f bde9f809 3e565c91 3ea01618 3dc93976 bf489fd9 be3aecd1 be268467 bf5475e3 3f13e54d 3f03d949 bf4db5af 3f749607 3f3b9993 be5de519 3f5f9bde 3f127b95 beca668b 3e643c8a bf3c9999 3dc069e6 3eeec6c4 3f217b8e bea1ba76 3ecb02eb bf05c16f 3be0898d 3f6671d2 bf783c45 3f3ee398 3f38297b bee76ea1 3ebcd6d9 
3ef56e8c be6ca504 be4794e3 3f15cf64 bf0ed952 bf5567ac be86faa9 3e6c946d 3f2e6f93 be9c2266 bac21874 bce2a151 3f1193a7 bf3ae3c4 beef66dd bd43905b 3f4bd9e9 bf020346 3eb01e25 bf00bb84 3ea7da4c 3e80adff 3e0dbc8b bf47d1a3 3f73cbf0 bedbc686 3f1b277e bf4693b9 3f3b7bcf bea9026b bf307f6e 3f045d58 bf27e1c8 3f1d6fa7 bf586dc6 3de5b88d be47d43e beebd2a8 3ed396b7 bf607be8 3f0b0d92 bf4451d5 3f0c2775 befecf21 3e5d1c73 3e54e46e bf0f977b 3e24ec89 3eb99aea 3eae32c3 bdfb78f5 3f6117e6 be05c4e3 3e216c6c bead26c0 bf12bf77 bee5de97 3f081987 be951a41 bdb76711 bf131596 3e9a1683 be74b4fd 3ec22aac bf1d8384 3af9b0ec 3e8c820d be8eaa6f 3e8f8a7f bed3bea3 be7554a2 3e5d24d0 bee07295 bf2feba8 3f35ff95 bedf6ed8 3d8ae95c 3da3d877 bf206771 3f70e603 bf4cbdc4 3f462fad bf5249a6 bea7de95 3f4273c0 bf6a47f4 3f29838d 3f6347ec 3e9ce670 3e7beca9 bf5337d2 3ea57ac5 bee4aac5 3ee5f69d 3ee48294 3e2a0483 be448d61 be31746d bef616be 3ebfdee6 bdce1877 3f53c7c7 bee2faab 3cfba2cf 3e002c58 bf64eddc be2114f9 3e27a4d4 3edd2b0c bf203d92 beee9f2f bef682d4 3edc3688 be0c0c3b be4074db 3f480f9f bf711c00 bd93a9ac be2f3cd1 3ea6f295 3f5a45cc bf3219b8 3f53dbcc bf40c5a8 3eed1a96 3e976656 bf6313f9 3e8cce7b bda4a75f 3f3957be 3e130435 3f39c9bd 3ed552b7 bf50e9ce 3f404bc1 bf0d1373 be99d241 bf00ef75 bed072f9 3ea74e86 bf33699c 3ee286e2 3e8886a1 be64d502 bf3661ab 3ee456d4 3f43418c bf2fbdab befc9af2 3f438fab becf06bc 3f081b84 bf7d2240 be72d50c 3f6fcff4 be73148c 3eb622ab bf0a3376 3f4a93db bf6091dc 3f65600c bf2de9a3 3e2e8cab bf5979e2 3ece1ebd 3f3029b7 bf1f478c bdfe7a27 bec1329a 3f1a2394 bf2b9fb6 be400466 bf109397 3e72755d bd823802 3f2adf97 3ee1c2b4 bf444ba2 3ef76b23 bf21bf9b 3f5d75f8 bf0fa964 3f42f39c bebd5e90 3ea62ede beab22c5 3f00cd6b bdb5d95e be2b9cb4 3f127f69 be30b431 bf351f9a 3f58380a bf5941ea 3f2af193 bec0ea7e bf1a7580 3ebafefa 3f0a1973 be01f48e 3f09af79 ba962474 3db82898 befd6ee4 3f428392 bf57a7e9 be4b24d6 3ec916c4 3d7a9074 bf5f5bd5 3f29dd93 3f439f9a bf30299a 3f2a1da7 bf1aa58e bf271d91 bf2051a8 beaa3ab4 3f6147f5 bf5079af bd65704b 3d0cecc3 beda7eea bf039152 3f1497a5 bf5435bc 3eb862c9 bd378e95 bd4ad1b5 3f4595b0 be849a93 3f7b9242 befa12f3 bf4e3bb3 3f04cf82 be87c699 bf517bb4 3c194285 bf392998 bf7527f7 3f6e460e beb33294 3f3f47bd bede22bf 3e308436 bf16f559 bf172f7b 3f6431cb bec306c8 3eab9283 bf34bfa9 3f0dff80 bf632dde bec236b0 3f796635 bf59a5e8 
3f5729e6 bf788048 3f136980 bf209dad 3f54f1c9 3e497c2a 3f13b977 bf1a8196 bf04bd9a 3f0e1d86 beea429d 3eaec690 bf52efbd 3f55b5b0 3f3fefa2 bedeced5 bf4cefcb 3f7e4860 bf46edb7 3f6247da bf215d9c bf0d09b4 3f67d9d5 bf5a97d8 3f2d05aa bf5eddc8 3f2cc791 3d020ebf bf22b788 3f69b9dd bf0b3d8b 3f6a2e09 bf738011 3f61d5dd bf0e6f86 3f1fa56a be4bbcc0 3c9eddff 3f5d7bdc bf11396e 3f3f81a5 3d309193 beee2292 3f232587 bec9327f beb336e0 3f6eefe3 beb00ebe beb4ca73 bf2bafa1 3e886641 bf0d5fad 3bf07bec bf48dfbc 3f5a19d8 3f62cbcb bf004f68 3f6c7de9 bf1f639b 3ec066fe bec8cacd 3f11c594 be0d8c53 bef666e1 3f6a21fe beb88e95 3d548fe9 be3c04e7 3e90468e bdf929ce 3e98526c bcfea26c 3f11898d be0ffc49 b8a0e810 3e6e6cbc bf3c5f8d 3ea19a7e 3e0b1c77 3d109221 3eba5a66 bf067762 3f7aee31 3dfb191a bf1c1192 3f25f37a bf2a0591 bf26a379 bf36e9a5 bd90890a 3f66d5d6 be5f4c3b 3dcb3885 bba87c60 bef50f05 bece828b 3f6b01df bf11d587 3efb5f50 beb3da58 3def0998 bf0a1d77 3e626c4d 3dcce841 3d88676f 3ea78a8d 3f21d996 bf6d5ffd 3f1e3996 3deed974 3f755223 3eafea9a bf769613 3f79ee29 bf1f376f be5a9551 3f2c3f92 3eaff2b5 3e5a2d56 bf079d75 bf3897a7 3e9b329e bf1a7792 3f61a9dd becefac5 bdced77c 3ea7faa0 3e47e4ba bf187f73 be9dd2a5 beaa223b bf56ddc6 be545d2b 3f441db7 bedfe2a7 be0ba4b1 3f76661c 3d93b80f 3f138399 be10b46e 3f3a8fa9 bf239bb5 be1d7c66 3da208ab 3f392d9f beba2a63 bf6625b2 3f451fb5 3ebd9268 beab86a4 bea9f68c 3d20f061 3f197b6a 3e765c99 bea5c69a bf3449a3 3f2e2bb0 bf546bc0 3f5cebe8 bf32719e be4c1d1b 3f3e4d98 bf197587 3f4b21af 3d168f73 bf5ac5ba 3edb3ac4 bd113218 3f6499e6 bf2babad bc063b36 3f390f84 3dcb8998 3edc2a7f bece3a8c bedef2a2 bf2f03c3 3f73760e bf7465f1 3f21b782 bf675fca 3f60e3d2 bf38299a bf24b397 3f62dfe3 bf129b66 3d3834c8 3ead8ea5 bf296bab 3e234c71 be83c649 3f047b6f bf69c5fb 3f7ec864 bf6ac203 3edd6ac9 3ec45ed2 bf0cff88 3d9077ea bf45fdce bc87e0b5 bead5e7a 3f1ba98b be39c489 be14241e 3e6af528 3f26538b bf0e4b92 3e89922c 3f0d0181 bf069b53 bf527dd5 3f1ead9a bf04bf65 3e2a4c64 3f65c3e1 3f292dac 3d93f7c0 bf72ac21 3f6f21fd bc829f6f 3f176787 beb80e43 3f7fde8c bf3fe9af 3f30adbb beda428c be6aa4b8 3f1db38a bf37598d 3da6c7fa bf4927cf 3f4951c9 be023ca9 3f628dc4 bf5c2dd4 3f1a297a 3f128574 3eee7aac 3f2975a2 bf11556c be16842d be8e0e8d 3ecb427f bf3b2fb4 3f7acc5a 3effc2e1 bf626bf6 3cb81fef 3f3a81af bf4c23b1 3f3c419a 3f3a3da5 bf34c383 3d667046 befd42c7 
bf50e1c8 3f145979 3f33819b bf3d89af be9a1278 3e471cf1 bf27fb79 3f7c8448 bec6f2b1 3e91fe83 bbe26f33 3e6fbcd1 3cac24ee be5c5532 bf7f2c63 3f32d5c2 3f3915b6 bf681fdc 3deee980 3e2b9c42 bde52973 3f64c1cb bf7efc60 3f6433de bf0d0775 3eed3706 bef6deec bddf08b4 3f3a1bb6 bf7b3646 3f0d9353 bf2363a5 3f078556 bf1053bb 3f65d3e8 bf7f4e84 3f2bcf95 be4fad57 bf725ffd 3eb19aa6 be9a2e7c bed02aa2 3f23ff7b bea8c6eb bd9448b3 3f0a8355 bf65e1fa 3e4d5d4f 3f0f0b83 3ecbca82 3e886a41 becd0ae8 3f64eff9 3f09ab7d bf684fd9 bf5517ba 3ece5ac2 bf5773bb 3df4e9b9 3f0ee977 3e797cbd bf237b97 3ea9ee70 3e7304f8 bf1b919b 3ebb2a91 bed482ea 3f1cadbe bf1d238b 3ef416e1 be832688 bea03269 be829e6d 3f210192 bf5a61c0 3f40d7b1 3e310caa 3eeae2cc bf18cf84 beeac2ac 3ecd4acd bf03b783 bec47ac1 be970e90 3ee12ad1 bea7fa91 3f658407 3e846285 3f675dc6 be56d43b bee846ac be8cba58 3e942e89 be6e5cfb 3ec372d0 3eb3926d bf71741b 3f037f79 3efc02f1 bf49fdc8 3f782a2b bf5445f4 3f53f5c1 bf786824 3f448d9c bf5d85f9 be0f9c76 3f45c5a9 bf39dfa9 bed6caa4 bf60f9d6 bc024a12 3f15fd80 bf6355ea 3f71fa0c bed7ae9c bd9457b8 bf6df819 3e19a47b 3ebb8286 3f149d84 3e96c62e 3e2d3c96 bf756022 3f30b58d bf55c7a4 3f6a1ff7 bf5749c7 3f77702d 3eaac295 3da1d895 3f775442 bd61f25d be915280 be483475 3f236791 bf4fbbb6 bf41fbae 3ee06ed3 bf729a03 be89a6a7 3f4fe3ce bddbca00 bd96e8af bec41ab1 3ea2a658 3eb57eb5 bd85b878 bf327fa2 3e0bacae 3f6fdff6 bf38bd7b 3eb4b285 bf7ef870 3ecb8a82 3f5a53c6 bf2d137a 3f2ea5b2 bf32d1ce 3f6051c8 bdd83932 be515493 3d6e3214 3cfee1ff bef216a3 3e8ad672 3f3b4189 bf733c05 3cefa0a7 beac1ac4 3f4a67b3 befe5ee8 bf51f3bf 3eb9dab7 bea3b67e 3f6f29f8 3e3edcf6 bf073d6a 3f61b9f3 3d7db26c 3e439c61 bf4563ba 3f755c24 3f0bc77e bef3d6e9 3e21b401 be88fe41 3d95688e 3e5cd487 3f2ac9c7 bf34b986 3f3ba5ab 3eb662cd bf218b89 3efc72e7 3e3bbc3a bf3a1589 3f612def bd3eee68 3ee73eb3 3f43c5c1 bf535db8 3efb96f2 bf68b5d7 3f7f7685 bf4d2fab 394e018a bea9c666 3e66247a bf2c439b 3f6f9e0f beac96c5 3f68c9e0 bf3fddb2 3f1f0d89 bf71d803 bf6f0e13 3f6355f2 bdcee68a 3bb67708 bf4f9bd8 be995293 3e8cfe4a bf796a2e 3f11a787 3a6366ec 3d3ab04a 3ef0d694 bf278b7f 3e04b453 3ee4faaf bbe87875 bdf35967 be2b2ced bf149561 3ebfbacb 3ec3bede bf715832 bf40ffa3 3ef62eca bef936ce 3f75e604 bf182d85 3edf4ec5 3ed186ad bf7af621 be3df50f 3f01ad84 3db908cf bf574fee 3f68a1f4 bf796c3b bed776eb 3f663dfb bd9f8926 3f2e058b 
3f4abdcf bf2ae592 bf5b2fe1 3f5f89c4 3efe7ac4 beff8a9c be978a8a 3ec65abb bf0ed5b5 3ef13ad8 bf741a2e 3efedeb9 be1cb478 3e2ac4b9 3f44638e bf42e9b4 bf01e977 3f0d216c 3f0b975c bf792635 3e824625 be336c39 be8da667 3ef426d6 bf1c3774 3f0d5774 b83e9eba be0d4cc9 bb22ff48 be41c4f0 3f65e1d6 bf594bda 3f61b1ca bf1b1d7c bef15e9b 3f3b859f bf3b9587 3f194598 3ecb7ec1 3f087787 bf1a8b83 3f658ff5 bf7dea5f 3f04477f be352c30 3e7d2cd4 bc3fb912 3e9bbe96 bf2bb3aa be1733c0 bece16c7 3eb06aac bf5987d5 bf134f9e 3f6ec624 3f108985 3a91cdf9 3f2043a5 be95ee93 bee04ea5 bef5e710 3f005f73 bea7f2b0 bd25cd6c 3d1bd107 3e9e82bd be9a6279 3f15ad8e bf5f57ec 3f232bab bf082d87 3f6c45f4 bf326b86 3e53846d 3de598d8 beeefa9c beecdaab bede6ee7 3f3d99c3 3ebacafd bef3e6ab 3f5ed5bc 3e2b1c8a 3ead8254 be08cd09 be9aa639 bf18479a bf384fa5 3d2db001 be655473 3e6eece3 3f12198a bf0b7d6f 3f2f1f90 bf75e02a 3f17a775 3ea85a52 bf77f832 3ed682de bf533d9f 3f7b2849 bf38e597 3f3eb9a1 be98ba67 bdec19c8 3eeb82bd 3e6d8d0a bf58bbc1 3f6113c0 3f095f4f 3f72aa0c bf58b5bb 3f7d6a3e bf5e63db 3f12e77c bf2349a2 3f5adfcf 3edec2ad bd67f17e bdb838cd bf24598d bf4849c5 3effdae3 3ebf0ada bd2b3200 3f230b93 bf76be11 3ed26293 befaaeb0 bf221b77 3d94489a bef5970d bf0cd38e 3f413790 bef68ef3 3e1a3cdd 3e2354db 3f5831bb be9d8e43 3f74ddfd 3e6ccd61 bf497ba4 bdc8f961 3f2945b8 bf2abf95 3f033f86 bef6fae6 bdd82856 3f7de442 bf4a2ddb 3ddcd886 bf18b16a 3ee0aad4 3f2e538f be821a9e bf116565 3dbb5945 3e983648 bf4e35c6 3efe1320 bf3227af 3db3c7b1 3eb422b6 bf416dbe 3f74b401 be91026f bf33a7a6 3f49e7aa be57b510 3f2bfda4 bf6a73e8 3e407c94 3f7157ff bed8e6e2 3ead925f bf6973fe 3e7514ba 3de98911 bf745811 bec93eb6 3e920e5e 3f0a5f8c bf6325cb bf34199f 3eacd29d bc14bf8b 3f32039e bf25957d 3e2ba4a7 bf7a0032 3f19dd90 bf40a393 bf1d6585 3f09c770 be093cb2 bf05456d 3f4457df bf5fa201 bec5c262 bd03ee1d bf33cdb0 3f177fa0 bc9f62f0 3eaa5667 be6c94a8 be4f4ca5 3f4f27c2 bdae79d4 3ecb06fe bf08ed80 3ee7dedc bf1ce38f bdf02838 bdb8a8f0 3e51943b 3eb8829f 3ea22272 bdd8783e bf1a7f66 3f0de182 3f33a9be 3da5f9e3 3e8c76a7 3f3715a7 bf34dbb5 3d80480f bf369d98 3f184575 beed3ade 3f203786 bd7a10c1 bf24a76a 3f6127e5 bf34c794 3f772624 bf15db76 beb0ba81 3f3059af 3e90d2a5 3e482cf7 bf3655b4 3ee4eee8 be6c8cc8 beee12bb 3c9cdef9 3eab9a97 3f281db9 bf245fa5 3de3792d 3f2b7db3 bf1a8d71 3f6d41fb bea67ea8 be923a96 bec532dc bf110996 
bf4897d9 3f544bb7 3efe972b bf090faf bf4a55d7 3f6dabdb 3f11db7c bf600e06 3f15e1c3 bc891dbc 3f060384 bea8d2a7 3e16950d bf0efd91 3eaca2d5 bdf077cd 3f7f0879 bf2c79c1 bf038f64 3f7f067a 3dbbaa56 bed15a8a 3f3147b0 bf05a360 3e440d42 bde1490b bea8b2a1 3f130186 bddfa91f bdd037d1 be16d490 bef6b2c6 3efc2adf be76bd84 3f514bcf be8b967e 3dc2588e bedb26ba bebe5678 bf215987 3ee50ed3 be2dcc3a 3e94766e 3cd79e5e bec96e78 3dfd28a3 bf0b2372 3f47adbb bf474b9a 3f7fa8a6 bea6628f 3f181d66 3e82e6a5 3edb22c1 bec6d297 bf2d8dba be56ac87 beb21ab9 3f2ccf89 be3884aa 3f62e1d5 befd86d6 3f2317a5 be50bcd3 3dce091f be4b9c98 be287c27 be7ff4e9 3ee2fa7d 3e9dc28b bf74d62d 3f69cbde bef83add 3ed8d6e2 beb79e6c 3f7e3a76 3e2b14f7 3ed45ec6 bf703c06 3f0ed571 bf31fdac 3e0f54bd bf3f0ba7 be8de26e 3e3fd452 3efb4ed4 3f07b76e 3f7dac3c bf563fc5 3f13138f beb146a4 3dc059ab bef4befe 3e2c44d9 3eafcac3 bf284d61 3eb14a9b 3f18e16a bde8486a 3f39b5b7 bf5d0fd6 3e865e6e bf0f0f91 3e901685 3e41d510 bf049b73 3ded1824 3eb976ad bf08db61 bf5d8bd9 becb1687 3ee75ed9 bf6523eb 3f6039da bf20738f 3f26e7b9 bf702a05 be4f14ba 3d90e9c5 beb7129a 3f76ae2c 3f5addd4 bf5809e7 3b090818 bed386ae bed1cae9 3f7c0a04 be95f6b4 3f06e571 3dadc8f3 3ed942c7 be2fc481 3f4ae1b6 bf19818a 3f532bcd bf4b01d7 bc47c631 bc034876 bf364b7e bf007175 3e43acff bdc2b79a 3f397d97 bf3239aa 3f019562 bebfeab8 3eb72ea2 be8076a9 beb542e3 3e96fab5 3dd5892f 3f670614 bf632bf2 bd62b04b becd7a8d 3f7eb65e bf61f5d7 3f332fa3 3e758545 be3ac438 3ea2a22b 3f18db9a bf243797 3f5a03bd bf76ac2c 3f1c9f89 bea28aa3 3efd62d4 bf3b4593 3e134ce7 3e64a4c2 bc9adeaf be2be4a9 befadb3a 3eb7cec9 3f135974 bf46ffb2 3f102577 3f5595a9 3ea75a72 be02b4bf bf2d33ae 3f6c6c00 3f4aa39f be8fa688 be7bbd10 bef846c9 3e9f36cb 3eeeee95 3e63f466 3ec21a7d 3ec74acc 3ea9ea4d 3f0aa37b bf595ddc 3f48f7c9 bf0f0b86 3f409fa0 3f33c591 be2a848b 3e8d267e bbff7f77 bf377f9c 3ec646a8 be4464db 3ec42ef1 bee3cec4 bf699613 3f66c9e1 beef4ade 3da4e7c1 3e8356b3 3d88b99f 3e9c76b9 bf2a5999 3ec98f0c be09142e be13bcb5 3f3eab9c bf79c849 be962281 bdf1677e bf6ade09 3c2344ba 3e0fb476 3f2c89a2 3ea36aa8 bf12679e 3f3ca9a5 bf49b3b7 bebf9e6c 3f64ce12 bf7ef073 3f6f0409 bf5b2bd7 3f5185dd bee6f2b9 3f05dd69 beeb1f2a be8d7ec1 3f6e7bed bf44e7a7 3f08e968 3e36c456 3eaa2ea4 bed01ed2 bf5439be 3f230d84 be23fc6e bf1b319b 3e01dc00 be4c8c88 3e54bcbd 3ef50eaa 3ce5a577 3f4b6dc5 
3ea05eea bf541fe3 3d2b9046 3e8e1eb4 3f049966 bf5edfd2 bf01b77e 3f69d003 bf25e5a4 beaf0aad 3eb0dec3 bf17538f 3f1d1185 3e1a645f bf208794 3e4a8ca8 bf2deb99 3d608eae 3f4091a9 bf55bbc5 bf27dfb0 3f6f160d bf4cfdac 3eadda65 3e8ac23f be9ee2cf 3efb6efe bf709a10 3ec912dc bd9f984a 3e84ca2e 3f1a458b befe130c be308d09 be06fb96 bf3a0794 3f60d3d3 bdc91836 3f689bf6 bbb982ef 3ea80276 bf66380b 3f08c590 be9bde9c 3ec5a2de 3e82f61f bc8f9f72 bea4067b 3f4817b4 bf43259e 3e88c66b bf76542e bd21317f bd1ad0a4 be32b47f 3f047367 3f4d93c8 bf5037cd 3e73145e bf07cb6d bc1cc64c be45ed1e bf664c0c 3f29a978 bf0a655f 3f05f38e 3e75c548 3d8308e6 bd8858b8 bed79aa6 3f307bc7 bf062d79 beec3f02 3f3c0f94 bf39a7a3 bf11b9a2 bf21059a 3f21df9d be012c60 be9c6aa0 3f420db7 be886ea5 3eeee6d5 3f66ddf5 bf5c65d8 bda577cb bf61a7d4 bf26ab8f 3f4f51d5 be9342aa 3e3cd4f1 bee8bedb 3f56fb99 bea526c5 3d12125d 3ecf5ae5 bf78462a 3e792d06 bf5eadd1 3e8faa46 bdd8b81f 3f15716d 3ea0566a bf269d9b 3f40299d bf2a4f8f 3f31639d bf30cfae 3f261795 3f5405b4 beac2ea7 3f6577e5 bf4ca7ce 3f5ccbcf bf382da0 3e3a8c4b 3efedad9 3d6070db 3ea0aa93 3df0a782 bf4d21a1 bf51e19c 3f3d55a4 3e916e9b 3e297c22 3e365c72 be87f606 bf61d1cd 3f6555f7 bf75c22f 3ed6c2e0 bf014d5c 3e7eace1 bf4c21c2 be1eac55 3f77b012 bedb8ee9 3e752ced 3f038d5f 3f33319a bf43f7a7 3f4b2ba4 bf5ef5ad bdbdf6df 3f3abd9a bf3ec3ce 3f284d95 bea78aa4 3f338399 bec49eba bee4baba beffc71b 3f25e97e be05ac7e 3eb16296 be406d2b 3e17b4ad be826e56 bf3ebdd2 3f34cbaf bf3d27a9 bec66ead 3de059a6 bde97808 3e4174e6 bea2caae 3f1b9789 bf60d3d2 3f714df0 bef77f00 3e4e8d17 bd4ed188 be7c4ccc 3f34fb8b bf01375b be924690 3f57a3b4 bf43bfb3 bf2f6d85 be8d967e 3d6a51b2 3f000756 bf25f77d bf71be0c 3eedae7a 3c2dc433 3f5f13cf bf5dc9ca bdc3d8cd be94067f bf4ab9aa 3d98c8c0 bf26bf77 bed842e2 3e52f481 3f044d67 bf2a71a5 be70dc72 bf57c3ad 3ec9d2a9 bf2c1799 3f75d004 bebaa6d9 3f1ee779 bf7ef479 3f08a763 bdb557ce 3f7aac23 bf5887c5 3ea25e8d 3e7e050f bf0bab7b 3e858a92 bdddd835 3ecfeebf bf717817 3f235da5 bf606bcf 3f2a5b87 3e4a4c78 3eb8f28f 3eddd2d4 3f251ba4 3eab9eea bf0c039d bf16c97e 3cb7a1fb be56bcc4 3dd5987c 3dce1a52 3f2a11a7 be9a6e55 bda297c6 3e48ecf0 bf32bb96 3f08cda8 be9a3a6d bedb1ac9 bc4ab71b 3e4b2c9c bcc4620b bf14bb6f 3f170590 bf1b7788 bf214189 3f60dfc0 3f0cfd86 be9e12c1 3cb463a7 3f599dcd becb1ee1 3eb13303 bf61b9ea 3e3a0cdb bebdb683 bea7e6a0 
