/*
 * @(#)BlueNoiseData0_128 * Copyright © 2026 Werner Randelshofer, Switzerland. MIT License.
 */
3f492ec3 3eab4a67 3e3d925c be850a28 3ecbeb87 beacfad4 befe0b98 3f2cbe82 bf2faeec 3f59cf1f beb78aa7 3f61af65 3d38c476 3e1711ec be3832af be35d374 3f5f9765 3e6a1388 3dd6634e bf47beb2 3f791025 be0452ca bec51a8d 3e910a66 bef9bb70 3ef73b57 bf4a66f2 3dd36262 3d6dbe0c 3f4bef14 bf747fb6 3f3396d2 bedb2b34 3f47a6fc bf1a3e77 bed83b92 3e82a8f7 3f2ed66d bd8be36f 3f368edd 3d4342ee b88542b0 3f62d790 bf043e32 bda4a1a2 3f304e90 be71b241 bea1c9c9 be8b89f7 3ed58bb8 bdfb641d bea36a76 be16f2b9 bdf7e1bf 3f3986c6 bf553f4d 3f659f57 beed7b2d bebfeb14 3f0705d8 3efe5c34 bdfe26f4 3d19c564 bf5dcf52 3f6d0f68 bf1f9664 3f6d8f61 bf3bbee1 be875a2f 3f5f3f40 bf6dafcb 3f482f2b 3f680751 be34f259 be42f260 3ea9ba0f 3d6ac6d8 3cba8b3e be67f41c bf0e0e06 3f211681 3e189147 bea619d7 3eb4caae bf196672 3e4c730a 3f0f2662 bd43c64f bf2856ab 3f40aec5 bf141645 be41541d bec1ba97 3f3f4ee6 3f32e67d 3cbe8b3b 3e7a544a bf579735 3f64e797 bf448f4f 3f78b7fa bf5d8f90 bf0a0d81 3f532f56 3d273ef2 bf671763 3ef2cc0b bef25be3 bee05ae7 be70b306 bf3feeeb 3f59c728 bf2c36aa 3f18d670 3ec11a98 be78938c 3e7d9402 bed13afe bf06ae3a 3f4c274a bf28d6a3 bf11760a 3f442f30 bf04563d 3f5d2f94 bef74bc2 3f2d6676 bf7eb82d 
bde62290 bf61a710 bd95e1a0 bdf22282 bf6a7fa5 3f46ce9d 3ec96a8d bf0dce4d 3e66b33c bdcf22d2 3d7e4712 bf4c4f47 becf4b60 3e6d13dc 3e19918c 3c0cff70 bf3a66bf bf14461f 3ec42a64 3f1e9638 bf639f5a 3b99f47e 3f6ff7a8 bf31dee2 3f348efc bef1abff 3f03e5ed 3f0bae4e bf498f05 bea2fb0b 3f63bfb6 bf0095e2 bdf823e9 3da02247 bd5ec2d5 3f07d64e bc9b8199 bf540ed9 be57b25b bd98a24b bf517729 3f3fdedb bf7c67f5 3e7a934b 3e03125f bf7d5014 3f5ca70d bc4d0de6 3ec06b1a bea2da45 3d36465f 3e5ab371 3ec76af6 bf06f5fa bf04d5e9 3f10de32 be57546a 3e13722b 3e9339e4 bed6ab9b bd33bda4 bf4dd706 3f033dfa 3e691409 bec25b23 3e3e1394 beafaaaa be1571f6 3f0c7668 bf7617fc 3f40df36 bf09be06 bf2d4e65 bf55a6fa 3f6c27ad be97f9ec bf08160d bd0fbe9b 3f3cf6a5 3d6340a1 bdf9a1a5 bf45e719 3f757fa6 bf4916ee 3efcccaa be77747c bf2ae65e 3e82b9c5 3f16ce4a bf66d755 3f28a6d2 3f0ca61e be85c97c bebb39e1 bf49af23 bef1bbd5 3eca5a98 3f31eeac bf73b7b9 3eee1b98 bf28c657 3f5e9f38 3f16c656 bf7937f6 3f376e83 bd95a25d 3e0171f3 3ef47b5a 3eba2b0a 3f5f0f5b bf273682 3f212e6c 3de0e250 bf02ce0f bf1b9656 3f54370b bf0fce78 3e8e5a2b 3e75f3e3 be957a58 3e0df0a9 3f56ff5d bf3816c8 3f012de2 bf7ff836 3f01fdf3 bf086e34 3f4d2f37 
bea8ab6c 3f5d3f44 3e9c6a12 3f0c2609 3f374ec1 bec05ad0 bf245dfd 3f60e735 bf25f67e 3e6133e1 be3a134d 3f5fffb2 3f06b5fd bee13b29 bc907cbe 3d45c42e 3f251e8b 3f07bdec bed33a7f bf0375e8 3f4c1741 be96d9d4 bf0a95f1 3e7353f7 befb9ba6 3f0f8e58 bf2c9e95 beab0aaf 3f208ebb 3e413374 bf30b6ce 3d51430e 3f587f2f bf76c7e0 3f163e0c bf0d2e6d 3de823c0 3e88d9d1 3f67173d beb9faeb 3f6bff8a bf3636f9 3f16f6a1 3c56f693 3ec81ad3 3e1a73af bd92a186 bf61474e 3f425f0d bf4dff97 3f48b6ec bf7f0864 3f3ba70f bde1a35d 3f6cd7b1 bf2a4e63 bdd2a2df 3e23d194 bf24ee9a 3f11ae54 3d60c528 3f0b05e2 3e31f28b bf284694 3f742fdc bf789811 3f5cdf5c 3e313333 be8e7ac6 3f632758 bf376efb 3ed6aaa8 3f23de95 3f58c748 bf384edf be2b3237 3f7fb864 be5553e9 beff9b5d be9a8a89 3ee5fb49 3dee66e4 be91d9ab 3eb62af8 bdd022da 3f176e15 be433344 3f147e1f bf69ef8c 3f7f6054 bf1bbe93 bf4316a5 3f3cfeb1 bd26c13a 3f496734 3f1f866c bf310ea1 be9229fe 3f07f5ff 3e1451d1 3e0d7212 bf39c6d9 bef90cae 3f47cf2d bf786812 3f4216c8 bf67c7a1 3d5d455a bf345e87 bf3a8f23 3f6bcf82 bf705f8e bd96e136 3f0ecde9 3ee28ba2 bf4b2eee 3e87da67 3f226668 bf6cf7d8 3f40eef9 bf368eb9 3defa3a0 bf228e89 3f176622 3efb6bde 3e08f202 be932a87 bea5ea9d 
3c08f79f be98ca56 bf41fef6 bf09addf bf4d1f1e 3f116df7 beda2b79 3e950987 be20b1ee 3f25f67b bef63c09 bf682f67 3ea7aa88 bf369ebe 3f5b276f bf2ba680 be82d9cf be12d1dc be8b59de 3f5f7fe0 bf7ea09c 3f7137c5 bed64b0c 3f2abeaf bea12a97 3e8219eb be990a37 3f7c0812 bf623fea 3e029132 3f1e1e36 be9989e8 bec43ae6 3eec9b57 3e7b74e2 bf19f690 3f5f0752 bf800000 3daf64d9 bf725fd8 3ee65c22 becbbb07 3ed42afc bf764ff7 3eb40b40 bf3def29 3f3a76eb be0ef0a0 3e9ac9d9 bed5bad1 3f2c3e92 be08b248 bf0e6614 bc8b836f bf34d6bc 3f4e8efe bef18c29 3f0dde35 3e8e1a6e bd0abf5f bf76e00f 3f180e86 bf54e6f6 3e69d2b4 be5812fb 3e864991 bdd2e527 bf729f97 3ea16a37 bf579f38 3f3e8f3e bef58c10 bf0afdd0 bed50b0f 3ee40ba4 3d98a412 bf130657 bea4ea72 3f7de05c bf093e4e 3ef05b10 beb1cb21 3e0f91f8 bd754560 bf4b073c 3ec79b51 bee22b68 be60b40a 3ea0aa85 bf2d0ef6 3f3f7e9d 3de0a36e be1d733d bd7b3f7c bf7ab80a 3ed2aafd bedc6b2c 3f0e0e04 beb1daaa beb84af3 bc77098e 3f435f1a 3de36468 bce58507 3c62ff89 3e659402 3e8919c0 3e81f95a 3e9f8a33 3f660fbe bf7cf7fd 3f33bec0 3d9b2102 bdfbe218 bf192633 3f5696ed beb7aa5f bf513f0d 3f4a36d7 be956a22 3ed0bb70 bdfda47b 3f73c7fa bf531f41 bf21de58 bea86ae5 3f245e91 3eeffbcb 
3e7e5441 3e82fa7a 3edceb04 3f3f36bd 3f068624 bdd5e600 3eef2c44 bdc724d6 bed6dac5 beaa79c5 3f010dee 3f79bff3 bf39aeeb 3f661f8a bea229a9 bba60ae2 3ef75bc9 beaef9f0 3f341e48 bf270e88 3eeaab8e bf39f6fd 3edd8b64 beb83aae 3d1d4317 be4b731b 3ef71bfb bf683f32 3eea4bab 3d9fa2c5 bf58b75a 3f41dee2 be2bb309 be19d3be bef86b92 3f3c1700 bf3ffeb9 3f56e787 be299250 3f707fa8 be53f376 bdcf6299 3e5d73f7 3f209e51 beeabbc1 3f36bee7 bea66ada bdd92281 3db2a051 3d744a8b bf3a76d2 3f0a3de9 3e73f36f 3f386ea9 bf1155f4 3db1e16a 3ece1b9a bf46770c beef8bd9 3ed2fb14 3f108610 bed14ae0 3e6a3341 3f62c754 bf4bc684 3f136657 bec19b1f 3f49af48 3f6bf7ab bf32ae73 3f0a3616 be9f2a53 3f5f579c be94aacd becbfb16 3f0c9dfa be61b302 3f3a2ed3 bf776855 3f1cde8e bf13edee 3ca978b2 bc0afe8d 3eaafb05 3f4eb72f bf634f74 3f7957c4 be96ba5f 3f58e796 bf32de9a 3f1bde9a bf743fb3 3f0ed5ed be811994 3f5cbf28 bf4a6efe 3f53e720 bdbe6466 be85b9a5 3ec70aba 3e7d1455 bf562f6a bb9df333 be10f23d 3eb269fe bf48c71e be2e7235 3ebd7ac6 bf5b7f5b bdee2494 3de064a9 3f188e40 bf5acf46 3d6d44ea 3f06062d bf31a6b6 3f3d96e4 3e765342 3e101199 bf60a774 3edbdae6 bece3b08 bf11b603 3f1c7e3b 3f6137da 3eb91a04 bf2e3691 bf3dff2e 
3d0dbc4b bf546753 3ee32b6e bf608f74 bececa7a be49d38e bee54ac5 bda56326 3f373e68 3d96a3cf bed47b19 bf5f2fa9 3f108e0a bee80b38 bf24b662 3f69f776 bf109626 3e9d2a89 bf070634 bcbc819c 3ef5bc1f bdb821de 3e7753da bf319eca 3f5aff63 bf248660 3f0a25d9 be8d19e3 3f2efe7f bf23565f 3f75bff7 bf23067e be445230 3f7827db bf19d636 3f32366b bf763815 3f35069e bf756044 3db82393 bf0c15f8 3f146df4 bf601f62 bbf209f8 3edb7b62 bf78efe8 3f325725 bf539f36 3f3eeeff bef9ec26 3f6f7777 bf33b67c beb4ca4d beb69b58 3f1fde8c be62d486 bee60b7f 3f36fea5 3f44ceee bf688f4e 3e3bd2ac 3e56927b bee2bb15 bd7fc406 beb74ac1 3e03318d 3d91219e bf252682 bf7bb043 3eb69ab5 3e9249ad bf2cd69f be10d2b5 3f474f10 bda760a4 bebf8b29 3e3ed1f9 bf01056d 3f2826a0 bee93bce 3edb4b84 3eb5da2d bd839fd4 bf313e8c be9ffa83 3f18ee6e bee15b9d bf1ede46 be357327 3dd2a0c2 be255185 3e955975 3ef37b66 bf5aaefd 3f66c74d bf26fe0b 3e213454 bf5cff62 3f3dcee6 3d62c1b4 bf5d5f0b 3f74efe1 3e4b9218 bee44b12 3ed8ab3f 3eb7aa75 3edf8b4a bf417ece 3f3c5eb5 3e3c9213 be7c5444 bf5def68 3f3c76d8 3f305690 bf718fdb 3f2c16d5 bf779ff4 bdabe19c be3051e0 3f6637ad be30b2a2 3db8e3e6 3f0a1e19 bf2696c8 bf4fef02 bed03af6 3f3026ae 3f16d629 
3eb60af8 3eef6b55 beec0ba7 3eeadb0d 3e4ad239 3f5c471c be53b3bb 3f15a642 bf59e721 3e4e9315 3d8b60cc 3f5e5762 befa1b80 3f24ce55 3e6832c4 bed31a40 bed26b2f 3f084daa bce47f44 3ee2eb31 bf66f7c0 3ef65bd7 be892a5c 3ef3fb9f 3e89fa2b bf65af91 3f23d62b bf3f5ede 3e331249 3c510e71 bf415ef3 3f6ce78f bf11a643 3cd27f10 bf2b8eaf 3eec5bd2 3e6933d0 be82f998 3f255ed8 bd18bee6 3e1752f7 3e5333af 3f12a60b bf013dcc 3ea42a3f 3e8c99dd be507466 3f52af67 bf25764d 3d93e361 bef6ec0a 3f2356bf 3cbf7927 3ee0eb2b bf785009 3f647f75 beccbb2e 3e0e72da bf6c77ae 3f0eae19 be8f0a3b bdb5632a 3e89ea8a be31d1ef 3f06f5d0 3e93ab00 bf1c4e47 3f6ecfb6 3f4cef0b be73934c bf060de4 3f75ffeb be9159b2 bf5f9f64 3d852153 3ecf7b67 3c877b2a be83ea0d 3e8fea49 bec2ab05 3e7793b4 bf34c6af bb7c1e18 3f67e728 bdbd2323 bf011590 3f1a4650 3e9b1a79 3f37c681 bf0ce5fc 3f2b96b7 bf5f1f51 3e63f337 bec40ae7 bd7943fa 3d47c26c 3e58b272 3f5c6760 bf7aa7e7 bdc5e53a 3f712fc5 bf7e408d 3ded25bd 3e8659f3 bf451721 bc10f2b0 beb38ac6 3e9689f3 3ea34a73 bf6b379c 3f4fdf14 3f4586bf bf1e1683 bf6af7b7 3f4246df bc5b0f77 3eed1b65 3f3906a3 bf54f715 3e091216 bf51b721 3f3ff6da bf50af3f 3f694f84 3f275eb0 3b9de72d bd70c3bb bf5ca6ed 
bf522f79 3efb2c1a bf08de23 3f784ff4 bf7c27d0 be88b99f be9e5a0f 3e5252b4 beebdb6e 3f527740 bf77f7ec 3ed3bb1a befd6bec bf212687 3f190e46 be8d99ee 3f521efd bec7bb35 bf2c5e74 3f459ee5 be92ea26 3e7073aa be09d129 bf0c4651 be5f73d4 3f10ae4d 3f0fce27 bee1ba3b 3f1c9e41 bef26bfa 3f54af66 bf272e78 3e3b130d 3ed61b43 3f058621 bf1fb673 bcc58145 3e2ad221 bf5f27a2 3f60376f bf661fa6 3d8c2332 bf236658 3f67679d bf7ac7ef 3eae6b1e be88fa1e bed54b6c 3d6bbe2c 3f0bfe1b 3d86a350 bf328698 3f167642 bec06adb 3e3a533e 3e96fa9b bf43c6f5 3f30f670 bea9aa17 3f5a0edb 3c7b1181 bf0a3635 3f6b1f96 bf324eb6 3e2cd2bf bf591f7c 3f5446f8 bf6dd771 bf2e4e71 3ee29b45 3df7a34f bf00e60e 3ef07c01 3e8c6a0f 3f3d5ebd bf7e2ff5 3e51d3b2 3f2ce698 bf26de66 3ed75b95 bddf6430 3e66939b 3ef02ba0 bf6ea799 3e9e0ad1 3e9f5a71 bf0e7e6f beb66aa6 be1bb266 bf2bc696 3f479f0e bed65afb 3f202e70 3f22b648 bf1dd659 3f301ef0 bf423eec bebc1abc 3f4e871a 3e11b2c1 bf48d727 3f732fd5 bf0e75df 3e86b970 3f7977da bf338e9a 3f4cff08 be89ba0e bf57df57 3f7fe87f bf33468b bf792ffc 3f524f14 3f0dd632 be87ca51 bed9fb4b bf1a4659 bdf72286 3e59f319 3f349ed6 bec39b28 3edefb18 bec9dae2 be920a62 bf689f49 3f36566c bf291eab 3f78dfe7 
bf51c75b 3f34c6c5 bf033df7 be80d9f2 bb9a0d2f 3f76afc4 bf24ce61 3f5b9f31 bf004deb 3f0265cc bd82e036 beb05a7d 3f3a068d 3eec3be5 becf5acb bf2556be 3f0d4655 bf35fe93 3f7e4035 bf1afe34 be85a9da 3f017dbf beb6fa95 3f5daf2f 3e5e73d1 bf5c3773 bf1c766e 3e76f377 bdc763b6 bd41c43d be5293c1 3ce0819b 3e82da3b bf77ffd1 3db464bb 3ed0cab4 bec1ab6e 3f6a176a bf0365c7 3d1f4148 3e96ca7c 3f0f861e bf19c63d 3f0ae5ed be8c9a21 3f4feeed bf45c703 3f7df8e5 be603489 beee5b97 3c9f8361 3eee0b16 bf41be96 3e6af372 3ea0f94a bf2f66c3 3f1f2687 3eaeca90 bf145e38 bf071df6 be9ee9ad 3f116624 bf205e45 bdefe48b 3f50870c bf067e17 3f2da62d be14b0c7 3f7a4fe5 bf6a3fd7 3f356ed3 bf47ef1f 3edafba9 bf105621 bf172e3a 3f75b00e bf07d614 bf078e02 3ea9ca2c bd193eb7 3e8cfa14 bf198e71 3e969a2c be9069f3 3ebeea16 bf1be673 3f7e1863 bed43b09 3f313e53 3df7dfae bc751242 be800aa2 bf155e30 bea0ba0b 3d81a174 bdb92143 3e6212e9 3ddda3af be4a3297 bf0f95fd 3f092e23 bec8db04 3e405248 beb85a45 bf5d7f50 3f45b727 bf4366fa 3e605395 3f535725 becb0b73 3da26083 3f72b009 bef04bd1 bf203e77 3e319258 3f2b7e89 3eb92ab1 3d7842c3 be2db2ed bf59df30 3f6e47a8 bf641f82 3f204e8b 3f59371a bea8ea3a 3e97daa7 bf077ded 3f65ff59 
bf178e0d 3f10fde9 be9c1a65 3f35f6d4 befc3be4 3f024613 bf7b001f 3f495713 bf726fb0 3e5ff331 bebf6afc 3f45aeb7 bf2ce68b bf1d4642 3f0405bf 3f59072e bf70c7d9 3f33f68d be8cea95 be71532c 3f51f70a bf234e7a 3e2b51da bf312ea2 bda0df56 3f737feb 3f1a3625 bd8a6163 bbf5fc42 be5c5247 3f232e1e bf367ec5 3f321e8a 3ee96b0e bf028605 3eac0a8e be0270c1 bf7fd08d 3f724feb bd5c406e bf52371e 3edb1b33 3e29b360 bf04ce36 3e8f4aaa bf5e2757 3f72dfa3 bf6a6f7c bcab814f 3f286697 bf22ae53 3f4a870e be8b0a1a 3f094623 bf3ea6b7 3f2976a9 bed38ac1 bf58676b 3f571f59 3f610778 bf104662 3f55df4f bf561edb 3f72cfb7 bf1cbe50 3e21b30b be8429ce befeeb6c 3e527207 be01f156 3e16d281 3f13b5e0 bf12a633 3f5bdf40 bea48a2c bd7d4576 3ef2fbba 3ea25b19 3ea33a92 bf795010 3edcfb9f be9719cb 3f150e2b beaf6a9f 3f06ddc1 be8e698b bf210e8e 3f3a9efe bf70b7bf 3eea9bc2 bf551ebe 3f4eff04 3f6acfa9 bf4b3f44 3f7a47f7 becabb1c 3be5f144 3ef53ba8 bf2e06ce 3f79c802 be623318 bda3e24e 3df3a2f3 3f39366c bdea227b 3e8ad9b3 bda1a1fe 3b8a0988 bee8eb32 bf0cbdcf 3f3e0ed2 bf37eebf be1f327b 3f677766 bea9da62 bf4a171e 3ea9eab3 bf1d06b1 3f3426a2 3e6bb384 bf12ee37 3f3e16e6 bf7c380d be8af989 be6f3330 3f5b2f40 bf69276f 3ed66b7e 
3e71d34a bdb06362 beffbb35 3f25ceaa bf224e3e beaaea4c 3f5d576b bf315ee5 3f2df68c 3ed69b5f bec20b2e baf7ee06 be1e116b 3f37fe4c be7cd2ae bf5a4f1b 3f398e97 be94ea00 be2c7165 3e26923a bda1e3bf beea6b62 3f31aeec 3e379334 be3ad34f bf7457e1 be6411f1 bf3c66c2 3f59ff48 bed80b4d bdc56451 3ee3ab6b bf52d6cd be995aa9 3f76381c bf703ff1 3f28867c 3f2bc672 bf329ed0 be8d8ade 3f7c2810 bf240687 bedbbb6b 3f5656fa beadea86 3ef8bbf7 bebb8ab2 3e67935f 3ee55b37 bf02be24 3ecc0b18 bf3f9679 be4af371 3f0b2e0c bf4f6eff 3f7b301d bee48bea 3f7267b8 bf43970b bf1905e9 3de9a2d6 bf034e1a 3f2e163a bf11965a bdbba15a 3d30423d 3f19fdf1 bf05edc2 3f5c1746 bf48bf2a 3d7cbd4c bee74b9b 3e9c4aef bf0c0e4a 3f2636b6 bf0c3dcb be45d35f bf7917f9 3f145e37 3df7247a 3f427f20 bf30fea8 3ef4bbf8 bf7ca851 3f1dc65e bee90b7b 3f7507a4 bf73004b 3f2d36ce becb3ba2 3f7027bf bf7b1fff bf2bb678 3f331e8f bef4cb8a bf282e2a 3f28de7a bf762f8f 3f554755 bf16ee5b be92ba8a 3e2791bf bea819fe be861a7d be9c6a77 3e8a69ed beac5a68 3e88e9de 3f15adf1 3da16040 bcec858d bf0d562b 3f6dcfb7 bf52870a 3e4532df 3f548755 bf5fffb2 3f65cfca bf6fa79d 3ef96b9d bf15ee2f 3eef5bb9 3f090607 3da4e433 3e47d3ee bf2ea6f9 3f13bdf3 bd394639 
bf54df33 3f74d7e4 bef67ba1 be8dfa64 3e8c09c3 3f5fbf49 bf7f2875 3f562f4f bf749818 3e3eb385 bec79ab7 3f24fe57 beca8ac7 3eb04ad8 bf1e8e2b 3f27f677 3c8a8039 bee26b66 3f0385c7 3cb784d9 beea8bd7 3f76182b bf4966f6 ba88273e 3f20ee6f 3f0c460f 3f14edfe 3eca4a9b bedd6c0b 3d3bc46d 3e987a5d bef2dbbe 3f4746c1 3e001262 bf7ad7f7 3f5ec767 bf32eedb bec85b4d 3e2d12c5 3f3bf6fb bf5c770b 3ee72af8 3f0abe2b bedfbaf8 be96fa88 3f24d645 bf757fc9 3f44eeda bf3c96a1 bb6bcb13 3e6b91c2 3ef5ac21 3e04f112 bea79a6c 3f0b563d bf15a697 bf215645 3f514fab bf2e1ed2 3f46eee6 3f055606 bf280686 3f2afec0 bf21b687 3f7077b9 bf057da3 bd1ec2fc 3ed76b56 bf596765 3f2c5696 3f10be0a beeb2acf 3f2b1e8e bf0fbe83 3e79f3dd bddae4c4 3f64f75c 3f2d4e81 bec18afd bf4f2f55 3e5f53ac bf4eb7a2 3f651f64 3cef89f2 3e2350ef bf076def 3ed40b42 be0351e7 3e335319 3ddc6290 bf25a65d 3f3856c8 3f0045e6 bf572753 3f7127b9 3e23914a 3e9cd9e3 be1dd219 3e93b9ff bf0c4dcb 3f3a1f02 3edfdacd bea28a2e 3ebeaadc 3eab3a63 bf263663 3f55171c bf779017 3d9a23ad bf332e83 3f60077d be25320f 3ec68afe bf567f09 3f2ffec3 bf0b2e0c 3eb68a6b 3e8529db befe8b7b 3f0eedef 3e9cca79 bf189625 bf62879e 3f56b729 bf35569b 3f4f5762 bf1bc5f9 3ed7eb80 
3f1e46a9 bf660f8f 3f2b06ab 3ee4bbdb be83197b bf67ffa9 3f3d86d8 bf19ae15 3f3196b7 be5a9462 3e4fb40d 3e125167 bf3c7ed4 3f21ee91 bf05260e 3f4d970c bf6fd78b 3f236e59 be13f282 bee3aab3 3f25ee77 bf626fbd 3f0df5f1 bf058df0 beb469e4 bf289666 bf5c7f70 3e99cb03 bec81a2a 3f01dddf bf22e688 3f067dfd bf0b0651 3e1cf29f 3edd9b6f bd94a1de 3d48c7a1 3f597763 bf121694 bde72397 be47f2fb 3ec1ca5b bf791fd2 3f2eeeee bf5b4f82 3f639762 bf11260c 3f42c6ce bf129e1f 3f77981e bede6b12 bf73c7e8 3f729ffd bf5ed785 3e9deb1a 3e929a30 3f0fae12 bf7fa08b 3f73bfd1 bf46f716 bdd2219d 3e92a9c4 bf5a9f09 3f6ea7f3 bf6537d5 3f1cd684 bf3f0e8c 3dd4a173 3f0cee26 bf49f707 bccc7db9 bee6cbce 3f0645e6 bef1eb49 3e9aaa03 be41d3a5 bf5566f7 bf62e765 3f4f3f40 3ed5ab09 3e76139a 3f079e4b bec5fb0f bf24ae39 3ef68b65 3d8e6311 bebcfa76 be449273 3e86996e bf1b3e1d 3f174e70 bf1dc63c 3e783400 3e063212 bf508f3f bd2d3d8e bee9caaa 3e4192e7 be9f6aa1 3f66678b bf5d675e bf4e36e8 3f5d6f50 bf6c37c4 3f466ee1 bef50c8e 3ddca1b0 3f3f5edc be851a56 3f5aa78c bf707fb9 be9f99f4 bdd36289 3f585f45 bf280eaf 3e4c9401 bf08b627 bca58316 3ea31a82 bf164640 bea57a62 3f312e57 3f69afc5 bf7d1ffd 3e8669a8 bd32c6e9 bd3bc36a be7cb426 
bf6657a8 3f7f707f bf534f78 bf0195ec 3e05718c 3f66a76e bf2c1e8f 3f17c5de bf22ce2d 3f393e65 bf4cdf27 3e4433e3 3ecc3aa9 be7e73de 3e8dfa2a befd4c0d 3d79c6e1 3e5232fb be97ea4a 3e1eb1bf 3dd262e6 3dbe6365 3d90a401 3f43eec3 3e16f0e8 3f7377ac 3f1f6e59 be9dca4f 3ef93b6f bf054dfa 3f75280c bf752f9c 3f385efc bf3a2ee9 3dcaa2a3 3d82a22c bf76a029 3f13cdf4 bf3a6f00 3f79b7e3 bebf5b60 3f125e74 bef7cb8b 3f68675b 3ea4aaa7 bf6a57c2 3f38e6c2 bf7957f3 3f0ede2c bf5ba771 3e76b355 3f4d4eed bf46bf12 3f2ad660 3c54fd7b bf3a7ec9 3e7ed171 3ed64b96 bf2a9676 3f162655 bf1b4e20 3f3d7e69 3f03b5e2 bf4b8f6f 3e79d42a 3db8647f 3f0a5dc2 3da722cc be26b2a3 3d2cbda8 3f454f60 bea5db28 3c94858b 3eabfaff be6f5494 3eedebbc 3f117e0e 3f6e4f7e bf4a870a beea3bc6 be985a93 beee7b92 bca89114 3f7fb081 bf77b7f4 3f32b6b0 be9d7a7b 3f7a0819 bf20b68d 3ee12aff 3e8ef9a6 be1b9313 bf191e39 3f3f3f16 3e19518a 3f0f9e09 bec49b43 3f480ef6 bf259e1e bec88b30 3f2cc681 3f11261f bef0fbf0 3efdebf9 bf72afc4 3f68efc4 bf366ea9 bf2cdebc 3eed3ad9 bf62d79e 3f61b76e 3f308e5d be54d2bf bf37b6bb 3f547f43 be6353d1 3f612f3d bee6db23 3eaf2a4b 3e7273e2 3e9e5ab0 befd9c1c bf7357c5 3f70b7c5 3e1672dd bea32a81 3d80a0c1 3f4e1f16 
3f512747 bf4986f2 3f2b16be 3f462ec9 bf21469a 3e64b341 bf137e06 3f2a9659 bf14ee05 bece6b36 3f7f103f bf0a6de3 3ebbaa84 bf3016a6 3f1b566a bef34bc5 3f7847ad bed6bb01 be57f387 3f503f11 bf733fef 3ecc9a87 bee31b02 bf1f1e4a bf069dd0 bf741faa bad75739 bf2106a2 3f264e82 bf2a9e77 be8eba5e 3f1535ff be9609ef 3f6ad78a bf4ac712 3f257e8b 3f295e7d beecab62 3ea99b3e bdd7a1f6 bf359ecf 3eaf4b03 be45b2bd bf2a16f2 bed53a6f 3f1aee24 be57d3c0 3f118e8e be621376 3f50ef5c bef39b42 bd104241 3eadcb19 bf6c2fbc 3f529ed5 beebcb78 3ef48b66 bf6bff93 3f644764 be45937e 3ebe1aba bf5e6751 bf2b2df4 3f6aa775 3e2073b0 bf55b6e2 3e9639e6 bf740f82 3e6b13d9 3e908a79 bf7ee800 3f43d728 bf11d63a be2972e5 3e6c7291 bf68c75a be90ca4a bf240e90 3e8afab6 3f706798 bd66c738 3f3d36b7 bbda0b54 bee45ba9 3dcf2303 bd9a6032 be0fb2e1 bf6d7f54 3f015630 be9449e3 bf0aadc0 3ee30b11 3f175e5b bf650f96 be651354 bd8021c1 bd7ac671 bd5bc495 3d0844a3 3f4e6eb6 bf70f7c1 3d9c6198 bdcb62e1 3e3af312 3ed4bb03 bf12ce3a 3f7187a0 3f0075fb be40d1e3 3e94ea24 bece5ade bf7b87e2 3f166678 3dac2200 be9f49d3 bf221687 3da82183 befdab76 3d03be9e be8889ff beb30a8f 3f186e41 3ec1eb2d be8ddb29 bf54ef2b 3f5fcfb6 bf05ae25 bf5e9ecf 
bef6bbd1 3f0fb62a bf78b7c8 3e5053b8 bf006595 3f28b661 bf0185c2 3e531267 3e9e3ac3 3edd6b4e bed9db88 bf40372f 3f66575e becafaca 3ea749ee be862964 be9d2a43 bf11e636 3f685fac bf6f37d0 3ee3cbc1 3eb45a91 bde02625 3f4a16b2 3f5a9f84 3f23b68a 3d1a3ef0 3f171656 bf1f2653 3f303efd 3e97ea0d be441397 bf508726 3ebf4ab6 be4032d5 bd89a073 bf7acff0 3f4d1718 bf558f92 3f2b866f 3d3dbe2f 3e3bb1ca 3e5953b9 3ef0ab8f 3e2912f7 3e1f11e4 bf156693 3d47455a be54f454 bf320ea6 3f27b6cf bf56af8e 3ece0b2d 3f3956f8 bf7e5084 3f3d1706 be4514aa 3f161642 bf482701 bde561a2 3d896119 3f6bb788 3eb41ab6 bf165664 be6812cf 3f370e69 be695342 3f437f0a 3f16ee3c bf6eafd4 3f739fea bf131e41 3f13e626 3e2672a6 bcbf8893 3f609752 3f083e0b 3dcfa39f 3d2bc251 bf50df1b bec61a7d be4111d0 bf20ce2b 3e814a07 3f35fe93 bf299eb8 3f2dfe6a 3f584f45 bef57c9c 3ebc9a4c 3ef69c57 bf658fb7 3ed57be2 bcb585ae 3f4c0694 bf22f633 3f295696 bf6e6fc0 3f10462e bf1d0e7d 3e38f35f 3f178e0f bf7277bc 3f13a660 befb8bec 3e3052e8 bf31769c bf74782b 3f1b068e beda4c4e 3f375e6b 3e62f3c6 bde4241f be1a71ad 3f35e691 3cd9856b 3f30deae be05f24c 3f1bc649 bea9c9e9 3f190607 bee7dbaf bebcea2f 3f0bbdf1 3e86da4f bede5b9a 3f3e5655 3f26e66b 
bd7041db 3ec61aef be3f3394 3f609f2f bf7557c8 3f70df3f bed48b54 3e96aab2 bf2ecedd be4c927f 3e839a13 3f518739 be8d7a44 bf4ec746 3f7ee82c bf430eff 3f600f65 3e8689c0 be4573bf be11529b 3f194e65 bf636f2e 3e956aa3 bf4ffeef bf3dbeca bf43d754 3d9ba334 becc0aa0 3e789347 be193394 bf6d5754 3f1d7e9c 3f411ece bf505f11 3f3bdebe be8e4b10 3f5a1f73 bf1fce5f 3f7fd85c bf696f6d 3e8e3a81 becddae3 bf0735db 3eb3da79 bf40bf0f 3edfcbd2 be5a73b7 3f27ce94 beac2a93 3f6587b2 bef27baf 3f7af81c bf1b569c bf224679 3f7887eb bf108e4d bf194e70 3ea3da7d 3eb72a7e 3e3e92f5 bf1835f7 bef2ec05 bee81b39 3f53ef66 bf665fb2 3f5f6fb4 bf75c789 bd2fc533 bf6e47ab 3ef1cc23 3e5e31f8 bf2df698 3eb63aa8 bf32be85 3d30c51c bf5cbf82 bf3776c9 3e42b2e4 be6d53c6 3f72779f 3e5cb39a 3ef20af5 3f07ddca 3d06c167 bf66af70 3f0a2df8 bf12c666 bf67cf5c 3e833a5d bdc6e1a0 bf01d609 3f7a67b8 bf169636 befa4bb3 3f1fe672 bf44cecf 3f1195eb 3f0addf7 bee47b7e 3f22a62a bf2cc64d 3f15bdff 3d4dc28c 3e879a7f bf23e673 3f6417b0 3e6ed42e 3f7ce862 be7e32f9 be81a9f2 be39f347 bdfea2b9 3ebe2aae bf2afe18 3e17d1c1 bf5eff72 3cf885d0 bf4ecf04 3f27eecf bf592f59 3f02bdf0 bf0f0624 3f48fee3 bf7877d9 3ee7aba5 be79f2ea bf418eb7 bed8fb02 
bf453f19 3f057e73 bf3456d8 3e20f241 3eb93bcb bef65be2 bebe5adc 3f10265e bdbf24ae 3f0a8624 bec42a9b bf52ef62 3e687557 3f3e06ae bf3726db 3e9b9a92 bec56af2 bed8ca4f 3d90211c 3e1b3164 be4773b0 bdfc63cf 3f489ec0 bcf488a5 3f61c770 3f531f47 be7472f1 3ef44b66 bef6ab6c 3eea8b35 3f2f8ead bf433f4f 3e29f1d3 be912a0c 3ee9ac15 bf61f755 3f0a1636 bed9aafb bf412efe 3f6c6ff0 bef92b9b 3f5a672d bdcde4d3 bcd18714 3eb81ad3 bebc2ac5 3e51f2cf be80f9db bdaa60df be72f30d bf239674 bd8ae102 3e1b92c4 3f051dc9 bf3ae6e7 3eca6b12 3f727fa9 bf5d4719 bdc8221b 3eb5f9b1 3ea39a62 3f3cc725 bef8ebbe 3ef03b82 3e2a120d bf09a64b 3ec1bae3 3f4e4eae bd50432e 3ebc1b30 bebb1b2d 3e495412 3e874992 3dcba0c5 3eccfab3 3f7cb021 3de72302 3f44ff37 bf477ec5 be2091dd bf38f682 becf7adf bf0a5db4 3d95a4d4 3ee34b31 bda4e35a 3f417ed3 3e1c51ac 3f32a66c bf25e644 3f26bed3 bf70ffbe 3f4a66ed 3e9baabf bf4c1700 3f64ff97 bf66cf9f be836971 bdbea28f bd952319 3efa6bf3 bf40f6ea be7fb48e 3e9fda5a 3e1dd1a2 bf1a765a beaf0a93 bf5ff77f 3e50d394 3e2212be 3ee3fb58 bf662f33 3f38ce6d bf0145e4 3f7bc831 3b81e670 3f463f13 3e3b51b2 bf17ee52 3f53170d bf144e21 3f4e6701 bf367729 3f65d7a7 bf0f4e3b 3f1d1600 3edbab8a 3f770fbd 
3e40f262 3d2d4112 bca681ff 3ec9ab65 bf7fa883 3f5466fd 3eb84a36 bf4baf2f 3f20963d bf26ce29 3ebffa12 3f7b5ffe bf57074a 3f069dd1 bf34fe3f 3f0b6605 3eb25a6b bed96b00 3f3d06c3 bf12f603 3f0775fe be55f2f2 beb5ea84 bda3a06f bf2966de bf1ac625 bec24b0e 3f1b95fb bf1245df 3e877a7d bf4ed764 3f06c5f7 be225144 3e05f106 be984a96 3f228e72 bf457f26 3f4506e8 3f3d56d3 bf51ef68 3ea63a68 bf33a69b 3ec6aaff bbe9fdae bee7ab3e 3f536f1b bee3dba0 bc5319ba bc310a28 3ef85b8f 3f39ce94 be683322 be377352 3ec83a85 be727379 bd7642b4 bf1f866a 3f23ae5e bddfa42c beec7b74 bf4ff723 3efd4b96 bf186685 3e03d2c7 bf1abe4b 3f666f52 bef0bb29 bf52a6ef 3f195660 bf44a73d 3cb37c6a 3f086e2b bf2d56a4 3e50f3b6 bf318e7f bf2c0eb1 bef47c09 bec30b20 3e78f358 3f39d687 3e912a54 3f7a2fd2 3d1e429c bdc0251e 3e78d2d7 bf35d681 bed18b32 be5f92fb be3812a1 becd0b1a 3f710788 bf01a5a8 be13928e bce68604 3e952a46 bee75b5a 3f4c3f4e 3e1f5198 3eb01a8f bdb5e234 befb3c2c 3f38feac 3ed91b72 bf7f986a 3f59df8e beb64b3b 3f645743 3e185219 3f023622 bf5bc765 3f59d722 bec75af6 3f03a624 bc12fa98 bf4d4f0a be78f3b6 bf33c675 3e399281 3e8f7a8d be6f937e 3dad215e bf43b69f 3f45eee9 bf72b7c4 3eab1ac4 beb0da86 bf4a3708 bea8fac6 
bf7a6ff7 3f7d7016 bf19e651 3da0e38c 3f2ebece bec27aac bf1d7e3f 3f772fe1 bf67b7ae 3e86c9c8 bb2c100d bf7337a7 3f2c96b5 bf2506ba 3f6c4fcc bed02b03 bf2b06a3 3f711fd7 beec2c1d bebdcb0c 3e80d9c1 bb340e17 3e4c539e be4bb374 3f192623 3f753fc9 bf073e13 3effdc36 bf266ef8 3f768fc7 bf100e54 3f6b07ef bf7fe87e 3f5c8f78 beb4aa99 3dc2e3ce 3ee19b47 bf3b76e5 bf1ec5d4 3eb1aac9 3eb039ef bec48ad2 3e40d19a bef06c12 3f29deac bf6d178e 3e30b3c8 3f1a966b bc997d23 bf54af2b befd3b4c 3f20e67a bef81c56 bebfaa9b 3e33322d 3f3bbeb5 bf4cfeeb 3f20c648 be63d29a 3f486f26 3f17b634 bf23c63c 3f09260a 3f04461a bf09f5dd 3d9b639b 3ca38551 3f0f360e bf346695 3f7a9822 be27b245 bebf1a74 3e6392de 3e1f3263 3e94f9b2 3f726fc1 3e4353cc 3f41cede bf297ea2 be2eb257 bf618753 bf414f11 3e4fd33d be0651ca bda2624b 3ed04b11 3f716f88 bf1c6656 3f332eef be0eb16b bf05863c 3dd922c8 3f129638 bf2aae6d 3e5d3477 3e52133c bec16a82 bf4ea745 3f02a61f bf3646b6 3f6f87b3 bf43feb1 3cc4864d 3f2f56bf bf5ad720 3ec8caeb bedb1b43 bee55af6 3e82e978 befe4b70 bda02025 3d986376 bf1b6e17 be3c32f3 3f4f8718 3f08fdf2 3ea91ad0 beb42b22 3ded6386 bf237e30 3f674f05 bd2444b7 be0312d3 3f0205cb 3e0d920e 3e5f3327 3ebc7aad 3f3736d3 
3efcabd3 bf73480d 3eebdb93 be8eca09 be089184 beb8eaf0 3f63f7b0 bf7ec853 3f5ac770 3f02ade4 bf23ce8d 3f56df65 3df022da be97ca46 be62b342 bd4b42a3 3f10b647 bf5eb72c 3d53c678 3f63777f befa8b92 bea0daec 3ec6eabf 3ea93a38 bf4606b9 bf3eaece 3f323edd bf5dbf0b 3f6c9fad bf67a77a 3e970b0c bf154e92 3f10c61b bdb4a34e bf6cdf93 3f55d776 bf7e6824 3f4a3ef0 3f4cc6b9 bf381ed5 3eb1ca32 3eb32ac9 bd6d44a7 3f15f67b bf3abea2 3f5f6753 bdfb23f5 bf3e6ef8 3dace2d6 3f4a269e 3e85ea39 bf37cedc 3f52c71f 3f210eae bf168e4c be7d5384 3eedcbb2 be989a7f bf1d2e4b bd6ec4f4 bf4d1729 3f44a751 bf18be4a bf1f2e9a 3f6f9fbb bdc2e4a3 bf1c8684 3f4526c8 bcff8017 bf62678e 3f6c17df bf3f3ee4 3f5a5f20 bf422685 3e5352ef bf55ff37 bf4c46e5 3e59d2e4 bea8c9bf 3f5fef7f 3ee5db69 3f575f53 be43b346 bdf9230e 3e990ac3 bf6827aa 3e8629ba bf420ee8 3f6c679f bf527736 3f6d47e4 be966a73 bdafa3a0 3e4ab37d 3e81e951 bf311efa 3ec94b15 3f2dbe75 bdaaa20e be7f754c 3efedb5a bf4ab709 3eafeaa6 bf16c683 3f69976c bf57bf4a 3f7dd825 bf59c76f 3f3b6e9d 3ecd3b35 3dbfe461 3dafe05d 3eec8b44 3ed8cae5 bf217e48 bf56b755 3e9229f9 be80c9b9 3f5b4f17 bf12660d 3edb5b6f bf625736 3efa9bd1 bf0f1645 bec9eacc 3e1331c6 bf114e53 3cfe7952 
bd8461ed 3e6033d5 3f3ffed4 bf2fa6e7 3f6e3fa0 bf23de96 3f12b629 be3cd294 be83893e bf7d682f 3f4e0725 bf62ef80 3d5dbfd7 bd98215a 3f5af73a bf0c75fa 3df6e387 3f6df769 bf4e673e 3e73347d beb03aef 3f69678c bf749fa7 beb2aabe 3f7597f0 3d04c276 3df7604d 3e7cb390 beb29b01 3e959aa7 3e10b328 3edc0b19 bf63576b 3eeacbdb 3f60f72a bf3606f6 3f5a073c bf227e28 bef0dbd2 3ebfea94 bf34beb6 be8f3a4c be6c533b bf135e20 3f2b6668 bef88b1e bd454436 3f7cf031 bf73d7ea 3f096659 bf630f8f 3f7b4014 bf724fb7 bf79b82f 3f7c8ffc bef91be1 3ee3ebe9 bda7a355 3f0c1de4 3e6534fd 3ec48b41 bf1f168e 3f4c0f33 3e6b72f7 bf5a2f53 3e10f1d8 3eb0faa8 bf6fe77e 3e3712b1 3ed15b23 bf34aec5 3efd2b68 bec7cacc 3e84a9fc bec50af4 3f6f37ff 3f471700 bec84bb2 3ec87ac5 bf568750 be9afa6f bf1a8624 3cd480f7 bd9022f8 3f5a46ec bf119e3d 3f30fee7 be263272 becd5b1d bd9623b1 3e8029bb bf71e7c2 3f53f724 bf4db735 3ee67b57 3e3f928a 3e0fb2f9 beef3bb6 befc1bf6 3f5adf54 bf41ceb2 3f49dece 3f218e74 bf24be28 3ea15a61 be091151 bd8862fb 3f26fead bf3d56ca beda6b54 bed78b89 3e4e13c6 bf4996bb 3de022c2 be14f251 3f4096c4 3e94ca51 bf529eda 3e73938b be0551a6 be42d39b 3eb08ac3 3eb23ac7 3ce88512 3e4332b3 3f0f3dfa bef0cb3d 3dc4e29f 
bf0b95f3 3e8d1aa2 bf6f0fd1 3c470a0f bd58403b 3ea17b1e bf550f58 3e72f3f1 3f2f5e6f bd004326 3f43f719 bf000dde 3f491711 bf021df0 bf0b663a 3eab9aac bee87adc befe3c64 3f455eeb bf171e72 3e8b4990 bedbab75 3f211e50 3f09b5b8 bf455741 3dd4e55b beb1aaab bedfdb4f 3f34368f bf298eaa 3e68b2ac bedbcb6d 3f6f67f0 bf4b9f3d be005167 bed4ca6c 3ec04aac bec12a92 3e996a29 3f054611 3e2011f1 3f6ba73e 3d54424f 3f558701 bf3eff22 3da1a39b bdf2a32a bed4ab5d 3f57bf67 bf77c825 3f3a5ec7 bf2f4ea4 3f725fcb 3f1d8e6d bd7c410f be970a46 be5ef375 beac9a24 3ed73b47 bf6b3fa7 3e0b5346 3ef7cbb5 bf68f7a0 3ddfa38c 3f22be87 be9f3a96 3f3e66b8 be49f2cd 3f4116e2 beb96ab3 3e9ada81 3e91ca36 bf3c0f12 3f4aaef0 3e2af21b bf71f7b4 be7b931d beb71a63 3f3f8720 be757366 3f37d6c6 be525233 3f4e3702 bf229dfb bf598f06 3f738fbe bf7d0858 3f568730 3e45b380 3da2a388 bb244867 3f2caebc be946a4c 3eaeead8 beeceb10 be0df306 beb99b0d 3ea76a97 3e58541a 3ddde218 bf4646ff 3e75138f bf637765 bdbee4cf 3f2db644 bf569f38 3ed1bb00 bf3bc6de 3f272684 3edf1a8b 3f18566f be1c52bc 3f18064e beae6b2b 3f6027b6 bf57b748 be1e9308 3f3a56a1 beacaac0 bb03bd21 3f4fbf1c bf2db6cb beec5b6a 3eb37ab2 be9389ef bef4bbf1 3f281e7d 3e4dd335 
3f493708 bee62bcb 3f3d9e94 3f5d0771 bf577744 3e49f1e5 3ef33b12 3dece50f bf2b363a 3d42c435 bf59174c 3e3953ba bdcca500 3e14d1e5 3f2dee82 be4293f0 3f2a46c2 be939a69 be6ef2d8 3f4e16ec bf238664 3f07864a bf133e4b bf120612 3f10a65e bea56a74 3f633f6a 3dbe240e bed45a97 3f15263a bec17b19 bdaca20e 3de4645a be829a80 3f4d075d bdda2287 bea10a53 3f70efc5 bf1cfea9 bed29b5d bf0485f0 bf1e7648 bf17dde9 bf20a636 3f3806dd 3e4672f5 3f1b75f8 bf35e6c9 3dea2203 3f1f0e1a be36d312 3e914a2a bf5f0fa7 be9d9a28 bf04b5eb 3f154649 3f311e4b beed1b97 be5cf3f7 3f7e8feb bf58df73 3f399ed1 bf0eee32 3f626f72 bf3ebf16 bd60c1da bf3d7ec3 3e0b3117 bf3c3ef2 bdafe161 3d18bf9b bee19b38 3f5df780 bf74c7be bd5a3dbb 3ea3b9da 3f5056f5 bf176e0d 3e325341 bf53df22 3f6a47b4 bf27f667 bebbab1a 3f511ef0 3e988a19 be91ea7b 3ec5bb44 bf408f2f bf137643 3ef56be1 bf3c1f29 bdd1a33b bea699c6 3ea19974 3dd0e2bf 3f1f3e4b be21b2c5 3f26569f bf7977df 3eb73b05 3f3966c5 bca07ea6 3e9d4a83 3f42a70d bf3eb6b8 3f3abed0 3d70437b 3e7eb3d1 befc4c21 be46525b bf5d772f 3e363201 be93fa6a 3e31b38a bf67e763 3ea77a8a 3e44f2c1 bede9aeb 3ef4cb46 be9439ea bf6e0f91 3f79280f 3be1ffc5 be711407 3e553337 3e251190 bf0b0e2f be7fd353 
bf790ff7 3f220e89 bf409ebf bf76e7e9 3f362e99 be017221 3ba9edd0 bf486734 3f4c6f38 be04b19b 3f39c6a4 3ee1db4a bf554f2c 3eba7aac bf7327c2 bca378fa be76d46b 3f011d85 be349241 bf3afee9 3f66afcf bf6137c0 3f762782 be515246 3f314e89 bf3aeef0 bec33ac2 bc6f0d21 becceb6c 3ecd9ba4 be4e731e 3f406ec0 bf42aeea 3f148e13 bf7ce01d 3f65677c bed72b2b bf46decd 3f26b685 3e591336 3f3e86a6 3f02d5ef 3f366e68 3f3bce89 bf65e776 bef8bba5 bee9dbd9 3f42ff5f be599319 bf644739 3e1cb21c bd7147e8 3ef49c2f 3f154e11 3e84f93c bf0a2dcd bf00b5b1 3f1a9dfd 3ddc2573 bf46272e 3f616fba bf7e6078 3f7157c3 bf6a4781 3e33d21c 3f143e04 3f24c6d8 3cd37f9d 3f3c2eca 3e13f201 bc1b0a3d 3e4753bc bebfbb32 3e7f729e 3f352eab bf288e94 bc817dd4 3e05b1f6 3e9e4a20 3e972aba bf56a739 3e44524e 3ef52c46 bf7787ec 3e753301 bea9fab8 3dfba818 3ef2eba3 3f73078e bf206e6f 3f30ce9e 3eeafb10 bda0a17a be0192a2 bec77a39 be8e3a5e bedcfb21 be8db9ba 3f5036fd bf580759 3dd0a4e4 bf53d709 3eba1b0e bf42cecd be3d1211 3e2a3242 bf7a87eb 3f08a619 3d6143f3 3f15fe4f 3e16b0ac 3ec2bb01 bdaadf12 bd68c52a 3f4b86e7 3e8a19a0 be6c7342 bde8e284 be1553f5 3e3d5279 3f7b4fd6 bf6affc1 3dbfa3d8 3f3226c6 bf533701 3f5bf772 be5c149a 3ed28b33 
3f046627 bedc7ba9 3f1d2677 3f3e9ed4 bdb26372 beb7ca6f 3c00ff10 3f4496b9 bef51bd5 3e875a34 bf77b008 be9c79ad 3f3a46b0 3deca3cc 3f10e5d4 3f19f62e bf6b274a 3e8aea99 bdede389 3f1bee31 bf4136c6 3f3f1f18 bf26ee59 3ccf83a7 bf1c7eb2 3f1fa67a 3ec03b57 3d71c867 3f0335d3 bf061de7 3d09c32e bec01b04 bd05c179 3f42d6f2 bec63acf bed44b18 3eb06a7f 3f0315e2 be18527d bf10adfa bed5dabc bf16fe2a bf40c6d1 bf0ede38 3f52b721 3f29d69f 3ecdbb3b bf65b79c 3f2c0e55 3f628f55 bec53aeb 3ee9daf2 bf48febd be6e9254 be0e73b8 3f1b6e6d bf2c4ed2 3f03addd bf4b0ef4 3f7cd843 bf6cb008 3f7ed040 bf6a2fe9 3f457769 3e107255 bf0e862f bf176654 bf1adec1 be28b103 bec66b1e 3e1a330f beb01a4c 3eff9ba4 bea7ba12 bd6bc6da bf038605 3f1ae686 bf6c4fb3 3e64d434 be4cb1e7 3f0225e7 3f260668 bf4bbf0a 3f6e67eb beb32a76 3e7993a7 3e6e72c3 bf70df95 be9409d1 be83fa0c bd7a41c6 bf25ee63 be0a7170 3f504731 beddcadb 3f3f7690 3f59573c bf6617a1 3f4416f6 be827996 3ed54b2f 3f043de7 beb45ac8 3f538732 3da7e101 3f0ea61c 3e43d366 3e76d291 bf5ec76a be78131f 3e23726a beb13a3d be7b7465 3ec1da4f bf439f07 bf695fa0 3f5aef4a be9b2aeb 3f0f5626 bef11b3a bf1d5673 3f06fe04 be9d3a7f bf03ee2a 3e80599a beba6a9a be5833f0 3ebcaae6 
bedd9b2f 3f20368f bf7c9054 3e12b1e6 bf7217ed 3f7bb7db be869a42 beb729f2 bcce7f92 be9e9a7c 3f786fee 3ea8da91 bf1d8e68 bf0dc5f7 bf099dd1 bd4ac4bf 3efbbc22 3ee38be4 bf6e1798 3f6fa7fd bf3b26e7 3ec7aa96 beaf3a43 3f1cce4f bd35c1da bd2540b8 bebf7bc7 bf0af60a 3e32b303 3df521b6 be125253 3f32768f be4bd39e bf5cb754 3f5ab731 bde923a5 3ed37bc0 bf2d9eb9 bdfde4cb 3f55371b bd5ac601 3f5e371f 3e9a4a5c 3f23c68c bf532746 bf3bb6e2 be13d31e 3f2736ae bf75d804 bf500f43 3f179688 bf4b5f2f 3f728fb7 3d554091 beff6b63 3ec91ae2 3f64df74 bf72c7ba 3f653f7a bf6587e5 3f3c7eb3 bf6adfa0 3f79d839 bf7ec075 3e1151be bd8e6177 3f5d4f9e 3f2dc684 3ea2da62 bf00ddf9 3f6ac7a0 bf0ea610 3eb9ca7c bf56df00 3f34e6b7 3ec3bacc bd8ba21c 3f735f9e bf213e76 3f024de9 bf50c753 bf064e02 3e9999ef be83ba62 3e14b1e2 beb5aad4 3dd1618e 3f102e03 bc72f8a7 3f7d2ffd bee4bba8 3f49fed0 bdd8e276 beeb0c13 3e9219d8 bf39fe7a bf59cf19 3f767012 bf43f6db be5232af 3ebc5ac3 bf745f9a 3f158e59 bf681759 3c9e8d5c bf7447bc bdc2637c be545494 3f6757b4 3f006612 bf3d2699 3ef1ebf4 3e4892b9 be455248 3f2f3ecc 3f31769d bef52b85 3ddea2fb bf0f6e15 3eebbb34 3e8439d1 bda5231e 3f1ac671 3dbae55d 3f15d609 beb6aae3 3ed65ad1 bf383ebe 
3d5c4070 3c491716 3eb43b17 bc370f60 3f4f6f7c befcac95 be8eaa6a 3f0d062f bd9da537 3f1d4e56 bf4a5f00 bf26c6a5 3f397ecf 3f6c3787 3de1a23d bcad7b06 bf0475f5 be1e33b3 3e64935f be8589d7 bc210378 3ee87b39 be9cca39 3d92e17f bd86612a bf022606 3f7fa045 bd9ce2f7 3e4cb377 bee4dc18 3f1bce88 bf6e8f94 3f206e68 bd053c72 bc9a8025 be07729e bf699796 3f72f7e5 be9ae9d2 be2d931a be7a72cc bf2d368f 3e8349da bf6bafd8 3f6eafdc 3f54ef26 bf164e40 3ecc1b49 3eff5c4d 3f6cef7a bf105e4d 3f33b6de bf69579f 3f36267f be65f431 beee4b54 bf6ccfa0 3ea92ac3 3eeb3b9c bf1a1619 3f58a77a be84f9a9 bec71b4b 3f789033 bea05a32 3ec50b1d bf401ed3 bf4b86f2 be1b31c7 3eee8b96 bee84b1c beef7b2e 3f40c6d8 3f0cbe1d bf303700 be1f90fe bf6b6764 be6933a9 3eae3aee bead4b23 3f50c71b 3e5d93f8 3ef43c31 bf6b2fb7 3f414ef2 3de7a47b bf4536ea 3f2c36cd bf452f16 be91fa84 bf09ddd1 3ee85b56 bf3d3ee1 3f2346a5 be9bea73 3f25ae79 3f3a36b3 bf595791 3f28cec5 3ec5aa3a bf0745eb 3eff1c57 3e7fd291 bd5cc782 3f3deede 3eef8b46 3f3466db be8639dc bf1a7e52 bf4f5758 3f75a811 bec2caeb 3d8e21e7 bed84a84 bee04bb8 bcca8563 bf0e25e1 3f14263d 3e62943b bea1eac0 3e98aa68 bf4b7716 bdd6e448 bf612f1c 3e6c92fd bf03a5d6 3f2aceb9 3edabb42 
3f085df6 bec26b55 bdeea2ca 3dce5ed6 bf208e31 bcf584a3 3f3b5ef9 bf3a572f 3e9f9a02 bf742f6f 3f2a268b 3f587733 bf7707cc bf2c2ed2 be47d38e 3f0f5def beab4a3f 3f62ef95 beeb1b7a 3e5b52df 3e86fa4d bf6f87ae 3f4bb74b bf6f8fd8 3f4e0ef6 3e637341 bf5d4f1b 3e0bf30f bd3ec61d bdc8e348 3ec02ab9 bf39deeb 3f0d2608 3dd2232c bf1e2e36 3f1065f9 3f3296a7 bee3cbd7 3eba4b18 be9a9a44 3f138e0d 3d87a1d1 be7e9339 3f3786bd bf6cbfbd bf006dd4 3f109609 bf47df2d be9f8a59 bf351ef6 3e22f268 bc630883 bd1c3c28 bf1f762a 3f6d37ce 3e80b99a 3f6daf65 3d26c280 bf47e739 3eecbb7e bf761015 3f06adc2 3d46c129 bf16362e be9eda62 3ee93bb0 be74f501 3f6ddf88 3eadba2b bf66bf7b 3f608776 3e123286 bf1fde50 bf6fdfd6 3f585718 3e74d2b0 3f5c0f56 3f265e80 bf72f7cb 3f0fa62a beeefb26 bf2a06b7 3da920ac 3f181e6a bf3a071b bc450042 3f69efa1 bf76281c 3f1ce65e 3ec9eae4 3eeabc34 bf196e65 3f7f2046 bf3796b8 3ee7eb1a bf242670 bf096e01 3f6d2fec bf7ef82e 3cc77ece 3eac4a96 be845a10 becd6b7b 3e393273 bf476ef8 beacda67 bf7287ad 3e993a0b 3f1b1e5d 3f32ae9b bef03b90 beea4af9 3f101dfa bc150487 3f5c4f46 bf10bdfe 3f66dfc5 bebddb47 bf263e59 3f1f2e5f bf51fef9 3f746fea 3f506ebd 3c6505cd 3f316e50 bed36b5a be5f52d5 bf6ec783 
bf537716 3f6e5fb1 bf549732 3f507745 bebdab2f 3f4b46e0 bf70bfac 3ef9ebdb bd9e62a6 3f67c7cb bf30cf1d beb0cac3 3ee6db4b 3f54e731 bed3aa77 3e3853c1 bdce6666 bf20be5f 3e90ea5e be2613f5 bca47db4 3f0f4e1e be2dd382 3ef81baf bf18a625 beab8a9b 3f64c772 bf1f0691 3f79ffe0 bf70af74 3eb57a6f 3f52ef49 bf339e81 beb9cb1a 3f35aeb6 be91ca0f bf49bef8 3e28d372 bf1b9e5a 3f25be6f bf59872e 3f774fcf bf2ee6bf 3ed80b16 3e9419fd 3e6f137e 3da06334 3ea6e9e9 3f07a5f2 3eb09ae9 bdf1e174 bdc1a3b0 3f61e762 bea40a8d bf0e6e48 bf7367ae bc08f90f bf56672a 3f717fc3 3cec7c29 3f67af95 bf5e9751 3f05262f 3d99a0e4 3f22d655 bf68e774 3f6677d8 bf7ccff5 3aa85384 3e8b7a41 bedc4b78 bd9e2264 3f16062a 3f569f5e bf0ade07 bed1fb30 bf3e4f12 bf33169a 3f59bf35 bdcce33e bea7cab5 3f7fc053 becedb40 be64339c 3f30769c bf0c9dba bcf88725 3d0342e3 3ea2bb72 bf7c4071 3edddba9 bef1fbb6 bd9b63de bdf2e26d 3cc68320 3edadb75 bc7ef69d bec0bb26 3f2fae77 3db22213 bf271682 3f4cbf19 bef05b4e 3f467ef0 be5c7450 3f7ea044 3eb97a8e 3ec56acc bf74afa0 bf30a64f 3f4bff1b beb00a9e 3f04fdf4 bf53cf0f be53336f 3e25f26f bf778025 3f634f5e be759284 3ed2cb23 3ecf3ad5 bf6477ae bf4e56fa bec23a96 bddf2280 3dbea38e 3ef82b33 3f59a75d 
3f0b5e0b bf27c6e3 3f21de5d be4bf2b0 bf13fe33 3f0d7e44 bf22de4f 3f6b1790 bf57a731 bf159e89 3f7d0023 bf340e5e 3eff8bee bf5dffa4 3f2f36bf bf7647b4 3f76b7c0 bed7cb5f 3f3eff29 bf4936f3 3f01c615 bf5b5786 3e3b3229 bebd6a98 3f77f002 bf41f6f8 3f3a7ee5 bf253e68 bed01b3d 3f501733 bed88b4f bf6cc794 3f512f5c 3e5e925b be5e726a bea64a70 3f76c7d9 be075243 3f5e278d bed4bb38 3d88636c bf146e38 3e4db24e be2e5235 bf0b8e06 3ea4fa97 bf5b8f43 3e949a62 bf6d47a8 3f0ee609 be9ceacd 3cab8d45 bf7ba7dc 3f2c8eae 3f2ece73 3f53ff26 bcd9889b 3f42deec bf1cee54 bf25ae8d bee77af3 3e9759d5 3e0c5286 bf7b302f 3f6f0fe6 bf3c6ebe 3eec0b66 bf17367d 3f7dc840 bf2c8eb8 3f621f8b bf5c1746 3cf587ec bf130e53 be09927c 3f3bee82 3ed53b36 3f2c7ec5 bef01b8f bef5bc51 3f74402b bf47f70b bbbdf208 3e18b1f2 beed5b97 3f507f41 bf40ced2 3f5b174b bf43e6f6 3f254697 bdf6e33a 3efacc11 be8939f1 3f5a3765 bf552f7d 3e8b8a2c 3e03706f 3e71f3fc bf7c603a 3f75c7eb bf511760 3f4a6ef1 bf67d799 3ead8a61 bec6aaf9 bebc7af4 bf3f769e be8209c5 3f6f6fbf 3e9f3a73 bea8bae5 3ea1ba6b bf3db6a7 3f761fe2 bea51af2 3f3776a0 3efa4bf1 bf65a778 3ee57b40 bf4ebf1b be7933b4 3f51370c 3f4ccf2b 3f1735e3 beba0b08 3df2257c bf01edef bf1b8e32 
be52b2f2 3ef41bc5 bf44170d 3ed35a72 3e045189 3b5446e6 bc4f0232 be35b2f8 3eb13b0d 3f21b61c bf323e72 3edb3ab8 bae8c6c4 bf07cda6 3f24be03 3d5643af be1ed159 3d88e2e5 bf1ab63a 3f579f14 beb52a55 3f6b77a7 beb59aad 3deda2d7 bf442757 3f5d9f79 bf7f1864 3f137e34 3f2d9ea8 bf651f7f 3f07b601 3f2e0e9b bf465734 3e0cd2b5 bea7da19 3f124df4 bf435ebd bd033f56 bf584f61 bd9761f2 3f5156f1 bb0bd276 3e8ff9b0 3d7143cb 3da7a29c 3f01add8 bcc08e9c 3f498711 be23328d bf223e9b 3ef55b82 3debe215 3f21f685 bf2c3e5a bf39bead bf3716c2 3cd886e4 bf410f07 3f6cafc4 3e3e31ea 3f4186b7 be6d1391 3db4a27e 3eb78af8 bf467eb3 3f334ebe be729498 3ef27c00 bf04f635 be8bba1b 3e34317b 3e2d9183 3f1deed0 bf010e1c 3f78c018 bf398e97 be6bd4b2 bf4fdf16 3f2c2eba 3c59052e bf01c5eb bcdf85d7 3f14b630 3e9caa52 bf499f11 3f0395ec be92aa58 be4df339 3e69730c 3e3212a7 bf56bf20 3ec07ab1 be82ba1b bf26169b 3f598f69 bf02f5d2 beab5b05 3e5573d1 3ec3cb61 befdbc4f 3e5c54f0 3de2e33c be56d2a4 3f433f44 bf596eff 3f6407a3 3f597f3c bf25be39 3e965a3e bf557726 3e00b321 3e5ad402 bda9a16c ba2fb044 bd123da6 bf64cf77 bedc8b72 3f384f1b 3e49b1e5 3e900a65 3ef9dc25 bf4a2724 bf5e1719 bedfeb81 3ed00ac6 bcd88067 3e3dd361 3ef25b9e 
bf1fa681 3edd1b9e be7e5326 3f280680 bf78f7fe 3f4626f2 bf28a693 3f0435e4 bf2f8682 be0012ca 3e541372 bee37be2 3f4e26ef be96e98b 3dfe62a2 bea3aa14 bef7fb89 3f46aee2 bec3cb0d 3c74f72e bf031609 bf1aceb8 3f2cce91 be1cf2aa 3f2ddebb bf44670e 3f6a1f47 bf057613 be4db320 be6c33ad 3ec2fbde bf60277a 3f7f6854 bf1eee62 3eff4b6b 3a2fe8d6 be31f130 3f45f6b9 3e8c89f2 3ea70b0d bf181e3a bf3a1e95 3f15167b bf406f05 3f111623 bf6f9faf 3dc12264 bf7f9042 3f351eb4 3f3916d5 bef32a9d be9c4a22 bcb98c52 3f061609 3ebcca56 3f73e7f9 bd90a0f7 3ee46bdf bf7c200d 3e7bf456 bf797fd1 3e6e545c bf3906e9 3f745fc0 bc8c84b3 becc5aed 3e209395 bf1d961a 3f400ebf 3e139224 bea77a3d 3e2e1226 bf6d5fb0 3f6e57d6 bf6b0fc2 be59b214 3f593f07 3e6153d7 be6393a6 bd9f2154 3f215678 bdcda3df bf0935bd bec0eb59 3f56f747 bf316ea0 3f5cafa0 bef8cb57 3e1532ff be7b13cc 3f78d815 bf172661 3eea3bd1 3c10ff66 3d7b4247 bdde243e 3f51d72a bf3cfeeb 3e98da15 3d95e159 3e80e9e3 bf334ed6 3f0c65f4 bf261ec1 3f436f11 bf06d5fb bf77000a 3f7677fb bf32d675 3f3b8ef1 3ea73a3b bf674fc4 3f77e7dc bf5e4768 3eda3ba1 3f241e76 3f5b871a bf60871b bf199e43 3c4f0ad4 bf08ee0a 3f7b9fa0 3e91ba35 3f5cf7de bf4c9ee8 3e92ea04 be1c323a bced7e16 
3f45e6c2 bf066e10 3e906a36 be7a935e bd8b22e4 3ebcbac7 bec35b39 3f36f6d3 be9a29f8 3f04ed9b 3d10c292 bdef62d8 bf113628 3e66d2b1 be56f36d 3e7194ad 3f5256e8 bf2d46c4 3d23c775 3eee9bb5 3e979a89 3f0d2e08 bf0bd5da bf26b6b3 3f1f16a5 bf6b8f87 3f4f8ebf bf5a5ede 3f35a687 3ec21a8a be96ca06 3e441268 bf200e6f 3f34b6f3 bf055de4 be4833aa 3d6fc5c9 bec6eaea bea76aa2 be417187 3edacab9 3f120e05 be013154 be35138c 3ecd8ab7 3c66fd4b 3f42f6c3 3effcbee bf432eeb bf20e68a 3ce97fbb 3f3ef6e4 bf74ffad 3e8ccaa0 bf262684 beb98a80 bf4ce71a 3f5aaf31 39a09ee8 3ea6ca3a 3e0c3209 3f621778 bd77c35d bf364e9a be8859f5 3f04be05 3dc020db bc938b5b be7913dc be397211 3e1a11bb be81da0b 3f6a5f94 bf565f61 3f20d63b 3f533ee5 bf722f9f be1b5104 3e43b27d bdd663ab bf3b6675 3f66b7aa bf0055d4 3f52a735 bec9bb25 bd4a45ce bf12fe8a 3ee6eb1d 3ea21a4a bf603775 3e9a0a1f bf38cea7 3f4d8f5c bef12bfc bda5a313 bde0a2c0 be70f34b 3e6073ac 3e093181 bf738f78 3f14c674 3e36b1cc bd8fa1bd 3df1e326 bef13bf2 3e9b0ac8 3eb1fb01 be4132e2 3e3811ca bf044615 bd7bc47c 3f2066a3 bf68a753 3f7c9839 bebd7b1d bf227639 bf3ee6d5 3f131627 3f6ccfbc 3d9ea2d0 3bb9f9d3 bef72b53 bf1d6e88 3d5cbf0d bf0255f0 3f5bcf91 bf428eda 3e89ba4a 
bf2a7e4c 3e961a49 bebc3b4b 3ea8aa20 baa82464 3e543303 bf296e44 3daa2245 beb7ba36 3dfe24cc bf2fcebb 3f667f74 be1af28b 3e9159f7 3e72b36a bf33d694 bddaa24b be81f964 3f0c55e5 bf22c6a2 bf0505e8 3e60b2d2 bdd0a0eb 3f68a760 be9e0a54 3ed5bb76 be21521a 3e2dd2d6 bdeb62b3 bf032589 be359327 3f4aa6e6 be9ac98c 3e68528f bf0215ee 3f7b1043 3da0a30f beafda82 3f5a2f22 bf1d66ac 3ea11a42 bf3de6de 3d4ac667 3f1b1650 bf3fcee8 3e0611b8 bf276e7c bf13be6a 3f54b740 3f076e33 3dad6088 be9b19a8 3f47d6c0 bdf42431 3cc0858e 3f4f372e 3e2a5361 bea31a53 bf2f4684 3f06960c bf17c611 bf54a730 3e9bdaba 3ebabae3 3f28ae88 bf558708 3dd72339 3e501428 3dbce4a1 be127268 3ef18bb5 3e30f297 bf7a6834 3f535f45 bf4aaecb bf0b1dfa 3ee86b3b 3eb2da1c bed25b4a 3f4b1ef0 bead9aa2 be84aa02 3eb33adc bebe1aef bf0bddf5 3f703fd8 3e899a37 bf0efdfe bdd9e4cf 3f1d76ac 3e905a44 3d2b41c9 beab7a9f bdf023f2 3eda7b0a 3dfaa361 3dda2160 bf2c6eb4 3f3b1ed6 3ee50bfe be89ca3b beb5fa6b 3e087317 bebeaa82 3f6a3fa5 bf1dbe73 3f1815ec bf5b6754 3f26d6a2 3dcea525 be01b29d bea5baaa 3f1fbe81 bf71c7db 3e99baa2 3f15764a 3ee1ab65 bee2cb41 bf051ddb bf2f068f 3f1eae2d 3e41d307 3eba9b6a bc8d85aa 3f57072d bf7e184e 3f37beb0 be4e92f9 
beb21aae 3eb59abe 3f192e98 bf543f05 3ed6eb58 bf0985f4 3f3a0e83 3eef1b32 bed2cb2c 3f359699 beb0fae5 bc430d3a be2691d9 bece4afe be783290 3f7eb025 be9e6aa3 3ec5eb90 be24b34f 3dff2466 3f3126cb bf33f6e8 3f089e2d bf4f0f04 be9239fc 3d4ec192 be17b350 be5213ba 3f39be85 bf18163a 3f47f72c bef37b93 bf30d685 3f5bb717 bee5ab29 be86098e bf3ad6e9 3f333ecb bf3f4eaa 3f6dbf99 bf481eed 3f6f4f9e be8b1a7b bf151e1c 3f446eea bdd4e468 3e948a79 3f51cf4b bf7c700b be19118a be4ef2e4 bec2da62 bea65a9c 3e477314 bd6941af bef94bcf be41f37c 3eea5b2a 3e635394 3c97891e 3d573f69 3f637fbf bdb9e1e6 bf3c5eef ba0ffb66 3e976a42 3ddae27e bf19b612 3eda6b1f be22f2b2 bf252e58 be1b1290 3f49e6d9 beaa3aec 3f3b76ad 3d95606f be3912e6 3e880a1d bf2a3e46 3e885a4e be1613b8 3f1f3678 bf7f802a 3f56ef5d 3dcca1ae be9149fb bf7aa01d 3f6e87ee bdcd6415 be6a5390 bf7a800b 3f42b714 be1a927a 3e6a73c9 3def62e3 bf75dfe7 3f4c56f9 3e4113ca bf001ded bf515f60 3f484f08 bf0f7e24 3f7c87ef bebb2b0a be9b09b5 beb92a79 3e873a07 bdbde2d2 3e58d201 bf4f5f2f 3f56af2c beb73ae7 3e617301 3f0ef616 be9b3a01 bd9ca1f7 bf22d640 3f6cdfc3 be997a26 3f5eef8b bed09b44 bf0bee08 3ee8ab1b bf4386a8 bf18463d 3f72a7d5 bf5a875c 3f656f5d 
3f7e6825 bf712fd3 be870a1f 3e8e6a5e 3eb02a5b bec31b3e 3dc52303 bf495ecf be48f421 3f07c612 bf21be45 3f0305a7 beb22a32 3f7a1feb be855a16 bf115e17 bdd7e4e7 3eddcbea bf5e776d 3f27a69d bf434ef9 3f7737c4 bf622f6b 3f41bee5 3f335681 bf07ee13 3f7257d4 bf4b6ed6 bd9721ac 3f166e1c bf1aa684 3db9e31f 3f501f04 bf604f70 3f57875b be3cb37f 3f3976a9 be06b2af bce07aff bf4aff44 3f6da7a8 bf7077d7 3ea54a35 3f103e2e bf52ff16 3ebb6af7 beb8badb bf1e668f 3f77affe bed35ba7 3f01cdb2 3f235e58 3ebf0b09 bf7e9000 3f51ef74 be90aa27 3ec17afb bedbeb96 bc170dab be8fba6a 3e09720e bef1cc19 becefb3b 3f642f76 bdd4a269 bf21fea8 3f12ee24 3e808947 bf05be41 3f18ceae 3efb1b71 3d9961ba be519360 bf40af0d bdaea2b1 3e54f38f be5b5307 bea09a2a 3f5f76f8 bf56c750 3f044e13 bf251e8a 3f6f07ef be954a6f bf32768b 3f456721 3ea8ba15 3e06b0b0 bf58772a 3f247659 3f67ff91 bf7b4fe0 3ee20aef bf0aa633 3e391204 3eb44a6e be6133be bf1aae5f 3f477f1f 3e4793ae 3eaffaad bf154605 3c7ef5b2 bf1b3659 3f4a8f39 3f075e41 bf2d3e78 3f26f6c6 bedf4bb7 3f078e00 be8f99f9 3e05d2dc bf761fd5 3ecd7b0e bf54d757 3f74ffe6 befefb86 bedc0b02 3f087dd9 bf6e3fbb 3f76a034 bf562751 3f46e6fb 3d0fc2bc 3f7d4847 bf4f6735 3ebc6b22 bf78c011 
bf4df6ff 3ef58c1f 3f64af9f bf71080d 3f17869b befaac51 3f17ee7a 3ad82b34 3f72efcb bf7a07e5 3eb9aafb 3eb1ba5f bedd1b3b bf06ce59 3ee0bb96 bdcfa2ce 3f27d694 bf6a77a7 3f7967dd bf0bbe4a 3ebdbac4 bf572f62 3f4ef73d bf138e6c bf23ee87 3d96e212 bededb79 3f138625 3dc5a3b8 bf4216f9 3f3346b7 bf358eb0 3f42af11 bf246e4b bee94beb 3f1d5e6b bf6e577b bda6235c 3ea3fa70 3f5b5f5a bf7a401d 3f3b2ef5 bded22fb bedceb52 3f0cce06 bf0fa5f4 3f6f97c1 bef79bc6 be0e514f 3f014e1e bf314e5c bf228631 be0d12cc 3f285e40 3e383276 bf58a797 3f4d6724 bf18d621 3f2cb665 be73b2ca 3e0d11fe bd992098 3f591f61 bf65f7bd 3e2172d4 3f54ff46 bf65c710 3caa8980 3e6253fe bf425ea9 bd20455f bf3076e0 3f51bf55 3ecbca8f 3e9bea6d bf497704 3f73df72 bf3e46ac 3f61cf58 bf20565e 3f1b4e8c beb6cb4c beadfac3 be7d93c8 3f6bc7bf bf627f51 be06713d bee23af7 3f55ef5e beb1ea66 bf4fcf22 3f08f5fa 3ebadac6 bec94b1b 3f062df7 bf072dd5 3ed3fb12 bd02c49a 3e5472c2 bf38ae83 bec69b33 3f5fdf64 bebbfacf 3f4206fa bf158e2d bf3296ac 3f2f2645 bf31fe5c 3ea94aaf be0b5146 bf111639 3f472eb0 3ee4cb98 3e8eaa0a 3eeeebda bf388efa 3f60674a 3d37c21f bde9a357 be3af25c 3dc2a138 3e5ed401 bc70eb52 bf6c3fd2 be03b1d1 be16d2bf 3f2e1ebd 3ed6cb5f 
3f5ee732 be249128 bf79681c 3f6b57c8 bf7af7ed 3f757006 bf7387d1 3ee35b54 bf63f781 3eea6bc2 3e98fa3e bf6f7ff6 3f78184a be840a20 3de6e641 be66b458 3e03f188 be18b211 3ed20aea bee40b6a 3e081114 3f1e0660 bebc9aad 3e23f1a5 3ef8eca5 3f343ec1 bf5b2752 3f168631 bf1b168d 3f0e8e19 3e8bfa27 be2ab2b9 bf25fea2 3f437723 3f1ade2d bf67df8c 3f229e89 3f320e97 bf5f7781 bf0bb5cf 3f2dd696 beb97ad7 bdab260e be26f2ac 3f2846a3 bef2bbcd bedadba8 3f6927be bf055607 bed1cb77 3f7147c7 bd2346b9 3edd0ae8 bf118e3c bf1eae35 3f306ed0 3e8fd9ef bf70a7e3 3f4fcf13 bf52defc 3f60b745 bef6dbd3 bf2a36b7 3f6effae bf67ef57 3e937981 bedd8b87 3f68e7b0 be5eb3af 3f0c3e26 3e48d2b7 3ee60b8a bf374e7c bf06863c 3f2b2e98 bf5b8727 3f6e7748 bf14fe07 bf526700 3f57df28 bf605f62 3f6537a9 3d1bc250 3eabea6e bf3d6f76 3f79e7e7 be3c7316 3f283e47 bf1cd6d8 bdcfe2da 3f6aff6a bf1c5671 be9ab9c7 3e64f567 bd1b40b6 be8baa36 3ea65a92 bece8abf 3c2f0e6f 3e8ed9b2 3f1f1e71 bf54b733 3eb0aaeb bf27d693 3f51a720 beda3ac6 3f389ec0 be2d52dd be8669e0 3f3d46b6 bdf46357 be247285 bf59d724 bf0795fb be8c5a40 3ec4bb5e bf167e56 bf19ee71 3f5a773a be965a30 3e9dfa0c beefab49 bd5fc704 3f4ab6c5 3ec37bbe be325245 bed21b7c bf23b67a 
bf47973e be1b72d3 3f353f06 bedb6ba1 3f45c6f2 bf47472e 3f11362e bd89e06b be30f2b7 3f50d723 bf769010 3f3f6f20 bef75bf9 3e4d129e 3d114431 be76b3af 3e49d292 be4b5392 be87fa5d 3dc0e409 3ebb1a69 bf402ed6 be2b5310 3ef80bf8 bf6e3778 be0cb314 3ed9ab8e be59f272 3eaf6a92 bf0cc631 bea4da42 3e703288 3f1c6e4f bf469684 be8329bb 3f000dec bd8d2260 bf4f0726 3f126675 3f75d7e5 bf654fa8 3e49947d 3f2ae692 be68b319 bf232647 3f49eee9 bddba2bd bf55ef43 3f7a0fec be2872b3 bf288694 3f238e35 bf5b4727 3f300eb1 3f3ce67d bf2dce96 bee7fb96 3f39271d 3d34bfce bf050de2 3daca071 be23f19e 3f7bafe5 bf5a57a9 3f6c77f3 beb50ab3 3f17ae3e bf28e660 bf445ed6 3eebcb96 bf70379f 3e954a12 3f1b65df bf0035c2 3e9f6a40 3ed22bad bf6c97a9 3f4856e9 3f576eec bf127e24 3f09c636 bf7197e0 bce281dd bd99a31a 3e7f93ec bf66476b 3ecfdb9d bf5f4f28 3f421ed5 be0fd30a befedb9e 3f19ce80 bc590ba7 3e99fa17 bf300ee0 3f7e8032 bf6a5fc2 3f66879b bf2f2eb3 3f3ebee0 bf7ef04d 3e9efacb 3f197654 bf38b6cd 3e2c3187 3eaebb0d bf714fa4 3e82299b 3e9a7a86 bf50d738 3d6243a2 3e1412b1 3f516f24 3f367e90 3f006dd9 bf21f66e 3f3b96ac 3f15ee75 bf6ca7e0 3eef9b71 bf13d61f 3f13963c 3dfa6480 bf089616 becf0b3f 3e5712da 3e041313 3f43b73f 
3ebc3ac2 3f52e748 bf642776 3f003e2c bf70e7b2 3f756024 bf0fb63b 3e6bd300 3ea469f9 bf4d0702 3ec7cb7b 3ebedb1c bf2cfe8b 3ec20b21 beddfb82 3f37e6a8 bf1065ea 3f25e6aa bdc125bf 3ea7fa4e bf4e7784 3f7d9018 3d3442fb 3e28936a be705383 3f7607db bf4e2f17 3d693fd6 be6bf39f 3f7cb823 beba7b0f 3d6c44c7 3ca18582 be7c13fa 3f1dadf8 bf097608 be3d914d 3f447ee5 bf1fbe54 bf27567c 3f0d9e16 3b1c6e6e bf79401a 3f227e54 3dfee45d bf3bceed 3f62ffa6 be64f328 bee0faca 3efa0c6f bd829fff bee67b49 3f30be8c bf4a3f32 be5573e2 3e023234 3f45becf bf3e3ed3 bdf16129 3f1a8e21 3e0bd210 be093263 bf23a65e 3e7dd482 be934a7a be4b1134 beb36abc 3f130e06 3f2d26e4 bceb86de 3eea0bcd bf1fc675 3e83ea06 3e85ca68 be98bab3 beca9bcd 3f426728 bf565730 beebab39 bea71a00 3efc9bb2 3de86339 3f4326b8 bf331f1f 3f05ee32 3ef83b99 be7bd4df 3f556741 bf7b601a 3f25deb0 bd37437c beeb5b72 bde223fd 3da6a424 3e0d33ea be8259e9 bdcc626e 3ef1db8c bf0155c7 becb9b19 3f6d9fb3 beaa1a87 be14536a 3e95caff 3ef50ba1 bf5e57ec 3f61d72e 3e4e3382 bf33fea1 3f7787ed bd11c495 bc838322 bf475f0c bf61776e bed77b04 3ed39ad6 bec83b0a bf2fc69f 3f2a6679 be42130a 3f037601 bf6277a2 3f034e1d befc0b84 3f3da6b0 be8c89ba 3e45d2a6 bf37aeae 
bf1c360a bf0dae0c 3e86ea1b bcdd83ae 3f18a683 bf783ffa 3f3456ac bf600f64 3f1c0e3a bef6cbbc 3f292671 bf500716 3f0a063c 3e8bba4e bec1dafc 3d5ac087 be73f47e 3cd085a7 be8839d6 bead6a45 3f6e7fc9 bf6e9fc5 bedf1af0 3e2cb268 3e8929a6 bf7db022 3f2fdee5 3f08e5ae bea2ea45 bf6c8798 3f4a56ca bee68b18 bed05b4a 3f7ab7d8 bf5b372c 3f6f47c7 becf3b33 3ea71a0e be0af2af 3f615774 bf262e7a 3eaa6a24 3f3266b4 bf63ef48 3f687f94 be910a3b bf27ce86 3f5e8f01 beb27acf beecfbec 3f746760 bf4faf4c 3f5c3f37 beb43acf 3eed7bea be0a1166 bf29c6c0 3f654f7c bf161e72 3e86a9db bf35b689 3e58f0e5 3f518f43 be9819a7 3e049054 3ed01b7c 3e806999 bf0a9e30 bea17a3e bf33ceb2 3f04d5e0 3e327364 bf55bf36 3f049e2e bf0205de 3f7aa01c bf216661 3edb2abe 3f3daeb8 3e5c33de bec78b0b bd29bd4b bf505718 3f28e683 beddab30 bee2ab7b 3d3243b5 bf08be06 3f62cf65 bf525750 3e9a59d7 3ea6babc 3ebf2af0 beff1bbe bcf67f7d 3f4f76e7 bf65df92 3e36530b 3e8f99c3 3f20466e bf7d483e 3e8b6a80 be4e1228 3dc821a0 bf7f104a 3f51e774 be8bf9e4 bf48e6ed 3f71ff90 bf6fefc1 3a87d5e6 be401373 3f5b3f69 3f29c696 3f2ec6ce bf3c4ef6 3f4b3740 3dd5244e 3d941fdd bf1fae1c 3ef4db9b 3d584253 3e958a4f be29d2c4 3ecc4b10 bf1b1e3a be44b415 3f5f8705 
3ed5eb96 3f4866d8 be8f89d5 3dfce402 beaeaaa8 3f2e8ece 3ca27a1a 3cd183d5 3d13c584 3ea10a44 be9bca15 bcf98850 3ea5da7c bf3bd6ef 3edffb35 3dd3a456 3eaa3a61 bf220e8f 3f67f768 bd9aa288 bf197678 3f2d8683 3f5edf33 bf5be77f 3e945a38 3f28d696 bf14de0b bf47feb0 3f2cf670 3eac6ab3 bec1fb57 3ef04ba4 3e8329dc bea2ca46 bf281e2a 3f00c5c8 bf36869c 3b8614e8 bde8a347 bf13ce3b 3f10364b bf48cec8 3e077213 3e55d3dd bf4ddf52 3f0ec606 3e0b72b5 bef70b81 3e8e4a37 3edb6c0b bf662795 3f2a06da bf162e1c bdb42326 3e69f1ac bd2b44f6 be2d334e 3eae8b1e bef00bf6 3f1f5669 be79d2e4 3ef34b85 bf64d756 bde5216e 3f0d161f bf77277b 3dec2580 3d3544cd 3f50bf6e 3c4b09bb be605216 3e4c1320 3f0675fd be8f4aab 3eaf3aa9 bf667fa3 3e551389 3ab7f521 bf3b3ede becbcaed 3ee63b4c be5312c4 3f451695 be830a17 be39d2d4 3f3606a5 bc9675f9 3df8247a be6333a2 3e0e93ef 3e4492ef bf0c95cb bed82ae5 3f626769 bf0ba614 bedcdb88 3f688fba be26d2cc bef7ac10 be94c99c 3efa8be7 3ec59ac2 be7633b6 3ec43a86 3f30a6d4 be007218 bebf0b34 3f46ded3 beb9eb22 3e2713aa 3f3386b4 bea37a50 beb0ea6e bf411f24 bf03d5e8 3f1dd642 bf47cf08 bed5cb17 3f750fd7 bf54cf60 3f1bfe38 bf7147b1 3d8ae33a 3db3a3e6 bf27feb2 3f3576bd 3ed1db44 bf564736 
bf07c606 bf01ce05 bdeaa19f bc1efe81 3db6615e bf4b46ca bd8523b4 3e8619f1 be9d5a5d be8faa7c 3de765f4 3f1db68c bf74f00c 3f66cfaa bdf3a42c bf6eef84 3f0e4e6d 3e5753f6 bf171651 be4d546c 3f24a6a0 bf6f17a2 beac4a6a 3edc9b8e bbb9d2cb bf45d746 3f57d6f5 3e3f7297 bd88a17e be0e9262 be6b52fe 3db3630a bf606733 3f3696a7 3f1c163e beb55b05 3f028e09 3f123e4b beb9ab03 3f553f28 bf139e2c 3f24ee56 3db72360 befc5c30 3f7af000 bf186e0b 3ebeba7c bf07e5f6 3f26ee6c bf6057a2 3f27becc 3b73ba48 beceab52 3f4556ec bf30f675 3e80a9d0 3f141649 bf7377d9 3f68cf5e bf674786 3f3f56e2 bf5316fd 3f63e791 bc230a99 bebf2a9b 3f4436de 3d97601b bb95dda2 bf7fb07f 3f4a4702 bf2b868e bde9e20c bea469ee 3e36139a be950a33 3f7f283b bcfc8bfb becb7b1d 3f63ffa2 3e8d9a0e be2ad16b 3e417367 bf1cde78 3e583481 3e77b3a4 bf3edf06 3f1fce90 bf7cb856 3f73cfc9 bf3b56b5 3ef28b56 be48b374 3f493f2d bf7e8841 3f6b47e5 beb81aaa be1f721e bea45a53 3f4c870c be0ad2a7 bdb86312 bf37c6c3 3f026e42 bf6947af be7cf36d bf059e49 3f6d97bd bf7bc7a7 3ef7dc06 befadbb3 be8f1a77 bdc5a3c1 3f3b9f3d 3d4a44e8 3f27468e bed97b07 3f7a77bc bddfe360 bf2ac686 3f30c658 3dcc217a 3e70f3ee 3f279e7d bf02dde4 3f20a65c bec4ab62 bf2b7e6c 3f6ae7a7 
3ede8ba9 3da56357 3f4d0f33 bf018de9 3f19ae2e 3f1215e7 bc04ff22 bc40fac1 be05925f 3f610f38 bf520f45 be15b32d 3f68ff9a bf77bfdd 3e8a89c3 3f7e7849 bf2c66c8 be978a30 3f1d9e5e 3dc8e3ff be25116f 3f36ce8d be2a1259 3ef40b51 bf545f5d 3f7cc84f bf4beec2 3e59b340 beca3b10 bddea2f9 3efb3b85 bbc22437 3f30869c bef5ebc4 bf259649 3e847a10 bf10b62c bf035e35 3ea1dac1 bf720f9f 3f5ef78e bf79f05f 3e09f306 3ea32a5d bea55a77 bf41268a 3f752fc9 be5ad2b4 beb3fac1 3f7867ec bf72a7be 3f45ceea bf041dba 3f3c96dd bf502f0e 3eaaeb2a befbaba5 3e5132a5 3ed82b0d bf295e19 3e830988 3e8819ac bf3a46dd 3f4d3f29 bf3e76ab be437383 3cda892f beae4ada 3f6d87c4 bf2c4677 3f0cfe16 3f63077a bf5c8749 3f5a971b bf13b67a bf1de675 bd3841c3 3ef9abef bf5bf731 be974a72 3e19f28e bef07bbc 3f4f1f28 bf7e1071 3f645f77 bede0b31 be4fd402 3f58d769 bedc9b3b be90fa35 3f424f22 bf788837 3f2e6e8e bf226e84 3ea12a35 be48d3ed 3f26de76 bf1b0e4c 3e8f2a37 bf21a63a 3f6dffe7 bed37b35 3f0afe1e 3eb64a6c 3f38c69c bb1becc3 bed74b45 3f0b4e2b be75f42e 3eda4b12 3f2016d1 bf1a669e bd38c4bd beb10b02 3e215307 bf60477d be6af47c 3eadfaf0 3d7c435e be63b2ee bf524ee3 3da8a0b2 bf0d6e32 3e5db3d0 be8989c5 3edc8b2c 3c5af565 bec96b58 
bf75efcf 3ed98b6e bf7737ee 3e51b394 bf068dd9 bf0645f5 bd9c656f 3d93a501 3d36c674 bf328ea3 3f7ec06c be2f1348 bf57ff74 3f6f7ffb becaaada bf628f54 3efc2bea 3efeabb1 bf514747 3eb15a6b bf60ff5b 3f0e1dfb bf487ece bd44429b 3f50b6ef bf4de747 3f203e54 bf2e66b1 3f539f2d 3e10d279 bdc96372 bf4026c2 3e0cf1be be1ff2c9 3f04ddbc 3e11f328 3ea97a25 3eaf9af3 3d9ca24f 3eefbb41 bf1a1e2a 3f68af70 bc32ff94 bf36aeee 3f3f26c0 3efd1c33 bf58c7a1 3e211436 3d8122cb bf12e643 3eac8ae8 bec74b07 bd832047 bf0e8e46 3f7f5040 be9eaad4 3f477741 bf6c47d1 3f09ae3e bec5eb38 3f734798 bf6c6fbf 3f0de5eb bf471ec3 3f6edfb8 3ecc8aad bf34b651 3f669746 bf564f6c 3eed5bea bf59a745 bed73b20 3f2e469e bf5a3f56 3f697fa3 3eeb9b87 bec8eadc 3e1312b1 3eb58a61 3f03f62a beb33ac3 3f3e36a4 bef99b8c 3f599717 bf670fa0 3f2716cf 3e50b208 bf50a70a 3e667324 3f088df6 bf7807cc 3f5d279e bee1dc12 3e7d72f8 3e96ba76 bf2ab65d bdcaa238 3f278e9a bee76b67 3f0aade3 bf7df812 3f63efc9 bf5fd773 bf0fae10 be95aa41 3b341de7 3e47b302 be84ba34 3dd561f8 bf175e15 bf0b55dd 3f12addb 3ec82ab5 beeb7c00 3eef4b20 3f599f36 3e85a9da bf6ee793 3f36c69b 3d59bf65 3f43e702 3efaabd2 bf192e3a 3f79cfc8 bf4bcf2b 3e34d312 bd8761e8 3f47ff1b 
3f5ecf79 bf075e24 3f7fa8cc 3c44edce 3f04b59c 3b63f100 3f650fd3 bf7d2844 3f74c7a8 bece9b36 befbcbc5 3dd7649d 3f69b7a3 bf624fbd 3f0415e6 3f39e69f befd2b6f 3db1a28d bddca20d 3f4e76db be8b49c8 3e897a30 3ee31b54 3d6644fa bf4706e0 3ef29bd7 be19f36c 3f1b467a beeecb49 bf36ced0 3e33721d 3f24de68 be2572a1 3ec38be9 be7213d6 bea3ca41 bec4eb26 3e5a3404 bf640764 3f640f5e bf633f4a 3eae4a97 bf46c746 3f7d8829 bf24d6a6 bf0a15f3 3f76f7a0 bf03de00 3f6b3f5d bf029e49 3f4c1f1b be6453ea 3f491ec6 be37d199 bec67ae1 bef98b5b bd4d3d69 3e655420 3e2472e1 bd3e4a87 bf623750 3f039e5d 3f3aae63 beea1b34 bef55bea be3fd334 3e01b1fe 3e0a510c bf0605d7 3f198e40 3f43fea9 bef36b86 3ee43b11 be75b366 bed16a7e bf00c605 3f4ba6f9 bf3c26d1 be123281 be1a3163 3c7d0487 bf0c565b bea7f99e bdb962e1 3ee16b68 bf7d784f 3f5e073f bf2a769a 3f77602d bf6be7ca 3f608f68 bf087e5a 3df124d2 3dcd6499 bf0cfded 3f6db7d3 bda322a0 bef80ba4 bd53c615 3e7493c5 3e871a40 bf254e5b 3f55272a 3f1c3e84 bdeee2be 3da46155 bdaf22a6 be46f238 3f0a5654 3df4a192 3f7d37ab bf69b7c0 be82e960 3ef24bdd bf3696ae bf54ff3a 3dc6a2f7 3f050e26 bec32ae6 bf4736c4 be69d435 bf21864f 3f22f690 bf265e8c 3eb3ba92 3e9a6a73 bf206645 bf0db62d 
bf1ebe16 3eaa2a42 bf484f22 bf10c605 3edd7b89 bf357eaa bea68b0f 3f0f0674 bf31f6a1 3ead6ab9 3f7487ea bf55cf52 bead0a2d 3f0e25f7 bf71af9d 3ea8ca4e bf3fdf0c 3f4ce6fb bf546f01 be3a91ee 3ecf5b6b bf506f44 b9a0bcd6 be7a544f 3f6fffb3 bef53b4d bd28451f bf24361d 3e62d3a2 3f4e7ef3 3d92a4c4 beb5da8e 3dede179 bf7f205c 3f18266b be2e3229 3f058e09 3dc26264 be8109a2 3e01f20b 3d3ec287 3e9a8a91 3e2c12d9 bd8a2063 beedabf3 3f7c7848 bf599f1f 3da222c2 bf3aa6d6 3e827aac bf26f6a7 be9a09b2 bef5dbfc 3eb99afa 3e35f263 3ee71b57 3e0ed2bf 3cf77b40 bf60df35 3f2c76c1 3f390e9e bf503f4f bf027606 3e9d0a94 3f75381f bf1daeb0 3eec4bd1 bf04fe1a 3f4176c5 bf5ddf33 bebd1b0e 3ec67a9f bf148611 3f2c4673 3eccba82 bf09d5af 3ec95b3e be1ad168 3f6a0f46 bf3b4f01 3ef36bd3 3ee3bb28 3f489712 befcfbdf 3e89d9b1 3f046e0e bf47c6f7 3f4e2f42 bf751014 3ec27b87 be7eb2ff 3e81797d be972a2d 3e9a39cd be46b3f0 3ba20084 bf442f2a 3f7397d3 3e1d9290 bf4066c7 3f502f1f beba3a9e be99fa9b beac6a2a 3cee8585 3e15525c bd826129 3f11f5e3 bf7a101c bd313e02 bf3e5ee0 3ef87c49 3f0bb5cc beb86add 3f6fbf8f 3eb2ba40 3c2d0a3c be8549a9 3ed07acc 3f132e32 3f4cb718 bee43b58 3eadea88 be213254 be25b155 3e48732c 3e8cd9f7 3f3dfede 
bf58af34 3f533702 3df36301 3f58bf50 bf5c4f5c 3f4b9732 3e7af2bc bf06b5fc 3f3fb6c8 bf1dce08 bf4c8731 3f7f184d be3b540e 3ed41b62 bd564138 3f378e86 bee86b6b 3eee2b98 3ee80b05 bdd0e37c bd2f43f1 3ea499ed 3f33d703 bf2a664c bd80a22d be78b385 3f3e1e9d 3e6cf255 3e920a45 bf6dffc4 3d16451f bf3f86f5 3f6b67b1 3f0d9636 3d2540ee bbf9fd60 befb0b05 bde1647e 3f708fba bf2e6e73 3f15861d bf577f62 3daea2ac be3112dc 3f363e7d bf1a0e92 3e4e7409 3f18c62c 3ee5bb7e bdf76422 3f546f0a 3eb07ac6 3ed79b0a bf3fa6d5 3e2f5197 bd534333 bf4edeed 3f099605 3f4b0f20 bf76f7e7 be42b370 3f529744 3dfca48e be87aa1e bf2a469b 3e5fd3b5 3f14d62e bf727fcc 3f2e064b 3e2ab32f be8b6a22 3f324ed6 be58d398 bf3c56d2 3d9be370 3f52d746 bf758812 3ebf1b39 bf3096a4 3f0fbe14 beba4a7d bef54bbb bf7b3801 3f53b777 bf6f27b2 3f1d6641 bf429f13 3f63d7dc bedf9bc0 3f6b3792 bf7fd895 3f57c795 bf3dcee6 3f6d17a5 bf5d375a 3f2b7705 3ec3db0f bf646775 3e4ff360 3d593f12 bf407ec4 3f3ab6e0 be64b44f 3ee5eb8d bf362e93 3f210678 bf43aeaf be01531a 3f58f768 3e1e728a 3f088650 bee50b63 bdb163aa bf31ae56 be5d3333 bee02b33 3e998ad8 bf18063e 3df5e2af bf134e66 bf7397d1 3f5eaf9c bf5a4771 3f7aa7ef bf153e3c 3dd6e48e bf57aeff 3e8a7a9e 
3f797fe5 bf736fc0 bcd57e3a bf1e3e75 3f6f17c9 bf6e97a1 3ef10c24 bf070dfb 3ec24a6c bdd263ec 3f6ed7f5 bf5edf7f bccf7c21 beb47ae9 3d45416a bf59b773 3f4f0735 bf66b767 bf0515fc 3eebab52 beb89a3f 3df8e338 bf5da76a 3f215e48 3de4e313 3c6d0f40 bf044e0d bf17f64d bc06f789 3e079297 3f5ceefb 3f172617 bf586f33 bf2f6e94 bed69ab4 3dc5e28e 3f4faf0c bf573f58 3ce588e3 bf341ecf 3eb5cb25 3f085663 bc4b1bfb 3e44b406 bf2a2e46 3deb638b 3e0bb2b5 bf435758 beda8bad bd1f4174 bf222e4c bf5e0f4c 3ef32b9a 3e2a933e b93f4548 be7073cc 3f23f67d beeb9ae4 bf3d8720 3f7bf022 be673345 bf7ed84d 3f2b4e9b be62f417 3f673f7a bf544f55 be7c7431 3f7567f7 bf68778d 3e2591de 3ed05aaf bf4cf6f2 3e4cf34a 3f720ff2 bf3cbec8 beb88a6f 3ed14b15 3f225e59 bf6a877c 3f6ec7ce bf1bb684 3f78c7ca 3ee01bc9 bda124c6 3c050c87 3e0ff2ce 3ee78b2d bf7bbfec 3e9edb03 bf3186ef 3f6847c0 bf1ee6b4 3e4b1377 be8569cb 3d14c048 3e13d236 bf3cf737 3f7ba80f bf0f25d0 3f4e9f24 3d9a626a 3ce4861c beb67abc 3ea3ea2e 3ef26bdc beef1b96 3f57471f be03319a beef6af4 bf1e4e7e 3e7d331f be6eb39e 3f032dd3 3eb48b49 3f4dc6f9 bf27b64c 3ec73b0a 3f56170b bf216e20 3f73ffcd 3c42fac6 3ece3b1d beae2a4c befbfbc7 3f289688 bcd78729 3f2fe6c6 be3df2e0 
3eac9a63 bea269f2 3f7517c1 bf145647 3d31c9b8 3e2bb250 beeedbb8 3f60d797 bf659f69 3ef01bc9 bf576f7c 3f30967b 3ecf4af5 bda2224d 3e8dda62 3f17be61 bf1f0e96 3f340693 3f4016d3 bf1a962d 3f16be8d bec62b37 3f0b1621 3df1a2d2 bf303e8f 3f13360c 3e18f22d 3f18be5d 3f14462d bf04c5ed bf3bf6b1 bf2b3e1f 3f3eaea4 3f464687 3f28fe6e befceb1a bda36266 3dd86366 3f429ef8 3f0295e6 be273233 bf79f7c6 3ef3dbf1 befc7baa 3f21be87 3e9739e3 be7ef379 3f3c86d8 3eb4fa9c 3e373207 3f357e8f 3eb88ace 3c0f0018 bf393ef9 3f3a26e1 beb2fab7 3f21e622 bed7ab3a 3f7b9837 bf7ff0a3 3f326ed6 3f3a3ec7 befafc12 bf12d641 3e25b305 3f0d7639 3e17f182 bf140e1a 3eb52a8c be627253 3ea6da65 bf231678 3f6a37dd bf66678a 3ed21a6e 3f4036e6 bf5026e0 bd59418b 3ee81b0e bec68afc be0f7234 bd7446c2 bf7187c5 3ed46b0a 3d5e3ef0 bf2be65a 3ed47abb 3da8623f 3f46a723 bece7b3c be217177 3d01c2c7 3f071dc1 bf046de8 3f469eb9 bf60d799 3f7b905b bf72dfe4 3f1e8e9e bf770ffc be2f92f1 bded65f3 3d1fc57f 3d404853 bf63ff93 3ee07b8e bf4e8727 3ed9eb19 3e515317 3ed7ab7a bdf6644a be2f51a7 3dc5600e bf1e2622 bf195690 3f75d017 bf603f2b bea6cb1a bde3dfb7 3e8a99ec bf419eba be04129a 3eb89a06 3f036df9 bf6c7f5f 3d52c49d be4f3280 bf4a8eb8 
bdf9648f 3e0851ea bed85b79 3f11061f bee6eb2e 3f0915b6 bd14c03b be6793b8 3e8d5a4e bd40bee7 3ec62b0a bef6fb9d bf613fb9 3f335ead bf22fe40 be9739d3 3eb00a6d bebc5adf bf5c2f11 3f167e1d bf51d71f 3f5e5f6c bf55d6fa 3e6c3446 be1fb322 3d16c1a6 bec86b0c bef0abb6 bf7057ad 3f3cb6cf 3f294e7a 3ef63c25 bf2cee76 bf3a967e be3ed1e1 bea60a80 3f2d2ece befd5c11 bf182669 bf5dc745 3f14bdff 3f1e362e be977a5e 3f0ab634 bf436ed3 bd4ec4c3 beffab3f 3dcbe292 bf59278d 3dfde2f6 bf6acfca 3ea86b08 bf17464a 3f52df4b be992a11 bf35c6a0 be38d16c be5372b1 be63f357 3ee97c52 bf3b7edf bf44bf29 3f117676 3f5f8f5d bf4d7f3a be98aa8d be585375 3e4b53c5 3f5326fb bf7ca010 3ecfcb17 3f1a6e09 bf35a6b0 be93ca5a 3ec8fb1e bf1a8e44 3e9e9aaf bd22c0fe 3cae85fa be3d5228 3f0ce61a beaafb50 3f7f48a0 bf4436da 3ea8ea8f 3f22e6c9 bf497eed 3e2e9253 bf24fe0b 3e026fed 3f2f06aa bf69cf50 3f1c3609 bf614f57 3f380ec4 beadba2c bcbe848f 3ed74b2e bf101669 3f7207c2 3e918a57 3ed9fb4a bde82326 3d4fc49f 3edb0b22 3f144e30 bd25bfbf bedb3b68 3e1d1238 bf188e4d 3f71bfc9 bf7027da 3f70cf8c bf125e04 3f62df95 bf517f1c 3edeebfa 3f258e20 be927a9d bc390549 3e0a3198 3f287686 bf4b96f5 3c3cfc63 3f50cf1d beecdbbe 3f59ef4b 3e24932f 
3f43aee8 be5dd1d1 bf2e9eb0 3f57e746 bf518726 3eedbbbb bf4a4e7e 3efdfbf2 be9a5a92 3e42526c bee42bd5 3f40d70e 3f6aafb5 bf3baea7 3e5d11bc 3f277e70 bf244e66 3f2f7e95 3c8f8927 3f288e78 bf40d6ac 3f722800 bf6937a1 3f4a9ec8 3e15d184 bdb1e14e 3e69b38e 3f2ea660 3f3e46ea bed8eab6 bf54771a be079256 3f605f2a bc9f7cf1 3e57b2ef 3f382669 bf7c980c 3f1b5e2b 3f48aeae 3e96eb1e bd554296 bf41e6f6 3e8bca60 bf118684 3f382ec8 3d89e2bc 3f3fc6ee becebaed 3f75b7e1 be46d35f 3f200639 beb4baee 3f32cec1 bf78dff6 3eef7ba2 3f65bf45 3ea3aa76 3ef91bfa be86fa8a be0a922a 3f607744 3f1aae5b beff2b79 bf578778 3f7ef898 3d754438 3f2f9689 bf53472c bf06e62a 3f66d7db beb39a50 bf4c2729 3f448ef5 3f513ec8 beacba06 bebcca5e 3f558eef bf0625bb 3ececb06 bf085625 3f223ec1 bf2daec3 bc5118ad 3ed44b6e bef35b83 be926ab1 3eba6acc 3f2b6e8b bf54272a 3f6a67c4 bf6a078b 3f4316dd beabeaad 3f33169b bf473f2c 3ec75b00 bdd3e4cc be309193 3e994a7a bec8bae5 bf62ff6a be39b372 be986a19 3ee17ba5 bf2f1e94 bf2bf6af 3e70139e 3ef72b9f 3da3e2eb beb3aad3 beb44adc 3f3faf3a bf301eb6 3ee9bbae 3d184527 be677431 3f0d1e2e bf6d8f5c 3f0f1e2d bebefb1e 3f1ee662 bf7e388e 3f75e827 bf609f68 3ee53bac bf3dd697 3e0831fd bf496f38 
bf0595ef 3e88ba38 3f65df7b bf6d77c6 3ef99b78 3e6f333a be685391 3f58def8 bf6d0738 3f0dee4f bc5507f1 bf5b1f69 bf40873e 3ec8db98 3e870a45 bebb5a87 be773314 3ee49b20 bf7427d4 3ecacbaa bd86a36d bf1fee9c 3f2d0e65 be8fda16 bf4546fa 3e82c986 be8f6a1b bed28b44 bf653f7a 3ebfab29 3f15b636 bdada0a0 bf4ba714 3eed2b3b be409289 bf3be69a 3f71afe0 bf22061e bf29ae62 3e0db140 bed93b2e 3f4eaf54 be8949ae 3f471e9d bf73afe3 3e01323a bf4d8708 3e757499 bf01ddee bec4ba95 3f151e5b bf68bfbe 3f1ace54 3e27f2f5 bebd5abb bf3d3715 bf2d868c bf242e51 3f4ebf44 beedfb56 bf3666ae beb93b0e 3de7e419 3f5e2f3b bf64a78c becd4a8b be28534e 3f11ce5d 3eea7bce bf4d671c 3ebb3a32 3f361ec0 bf5db740 bf3e0eea 3d124124 3efcdc51 be74b3ae bf37d68a 3f305ea1 3c5eeeb9 bf64df6a 3f7c8076 bf1c0e69 3e8679fb be2d72d1 3f5e7f47 bf799fd8 be2cd1c6 3f62f763 befbeb3c be5cb38c 3ea62a6c beda9a5a bea44a6f 3f7ae801 bf672f34 3f635f5c bf68d7a5 3f136e2a be25d34a 3f4f9745 3f3d4eac beba1b09 3e53b3ab 3e263357 3f6b4fa6 be9c2a37 bf267655 3d424132 3f3006bc 3db26297 bf5caf37 3f46bef4 bf44df17 3db7a44a bed11aae 3e6e1340 bee07ad1 3f0115ce be1431ee bf55f72a 3f64bf5f bed8dbcf 3f16a602 be95ea6b 3efc7bce 3e932a49 3dc7a38c 
3eceaad5 bf392700 be904a3b 3efbfc00 becfcab2 3d4cc521 3bf614e1 bf46cf24 3f7a182c bf3166e3 3eba8a9b 3f315ef5 3f741f83 bf0e4e16 bd9fe1d6 bec60b41 3f76981b bf3156c5 3f4f5f70 bf61d79b 3f7e701a bea30a1a 3ec47b88 bf1ef688 3f655793 3ed1cabe be84ca0a 3ef21b7f 3f1e9e39 3dca63c0 bebcab27 3e3f3256 3f019e07 bf2cbe9a 3ed77b5f 3e181217 bf1ed6d7 3f7db805 bf1e063b 3f72c7af bf123657 3ea58a9f bf180e34 bea219ec 3f41fef8 be243278 3f4c9701 be7f9319 3f0495ac 3e1931c2 bed10ae3 3f07ce17 beeddb3a bebe2b97 3f31f699 3ec49aee 3f6cb784 3f1bf66f bf7cb02b 3f53cf3a 3f149630 3d5f4147 3ea59a72 bf615737 3f4066ec 3f226e49 be93ea1f bea50a9f bea84ace 3f72b7e4 bf704fb8 3e4f71a7 3ea95a83 3f13ee72 3f24161a bf79e805 3e7372ff 3f592f3b bf3c8ef9 3e1e131c 3f5d1f08 bf1db6a4 3e4af2d7 3e54531e befaeb71 be119218 3f2646c4 be3cf31b bf1c967f bdb7e3cf 3f64b772 bf0dde0a 3ef86c09 bcb0867d beed9bb8 3db76427 3d842146 3e9bca2e bdfd64ea bdace3c9 bf353e90 be293196 bf0bade1 3f1a0630 bf6e27b5 bdc4e2ac bea72a7a 3f7d0fda bec6fb0f bf0495da 3da9e136 3f622758 bf511f1b 3f5c7778 bd3b41ad 3f1a7658 bc46f20b 3ebbda43 bee27bde 3edb8beb 3f077dde bdc6a20c bf4e7efb 3f14ce0d bf273e76 3e005167 bf31bebf 3edf6bac 
becbeb33 3f6fd7ea bea5aa50 bcd08896 3ee09b3b bf07fddd 3eb38ab6 3ebd5b0d bf2b6ece 3f16e676 bee0eb01 bf4d8edb bf4abf23 3ef76bb6 3dc86267 3efaeb5b bf2ace76 be4c5346 3ed3aac4 3e95ea4c bf6367a8 3ec18af6 bf3b2eee 3f7e3001 bf45a71c bf36de91 3d84a2c0 3e12d280 bf462ed5 be9a697b be5bb321 3e6dd2c0 bee51b56 3f50e713 bf3bfee3 3f36aecc be97b9a9 bbde2d8a bd7ec655 3e511382 bf552708 3f662fb9 bedaaba5 3f5dcf82 bf72efb3 3eac5a9a bf5fb766 3f009e47 bf6ac7d2 3efffc14 befb6c23 3f3f8edc befbbb93 3f7ff06b bf46671e bebbcab3 bf52c757 bebc6a72 3f213e6c bf414736 bf02edbd 3dbc63af bec59ab0 3eeecc3a be27734a bf7f0043 3ee82bf4 3f0b9e22 bec29ae9 becdfb7a 3ef57c39 bde0e2cd be7613e1 bee9ab3b bf480706 3f522f45 3c9a9369 bf428734 3f43bf0b bf656f5b bdae632c bcf07de6 3e1f727a bed90ba7 3f6ab78c becf9abc bedeeb9e 3f3216cb 3e2ff302 3ecbab12 bf403eaa bcb683bd bdc525cd 3e8c3a8f bdd8a45f 3f2cde6e bf678fb1 3e3c133a be73d359 3f0cd5e0 be133404 3f3fcecf be9cb9fd 3f48d736 beca6af1 3f7ff897 be6bb39a beaa4a9c 3da32191 3f139e41 bf513759 bd114227 3e2932a5 bede2ad1 be85fa32 beba8ab1 bf549f1f 3f3816ec bf38de5d 3e09d2e9 bf6497aa 3eabdaf7 3f0725cb be5af3e1 3ddf24fd 3f2fc6e3 bde7a2b7 be0f12b1 
bef4fbdd 3d87e23e bea42a87 3f18fe3b bf7cc030 3f648770 be4192fb bef8dbe9 3f5e775a bf75bfcb 3f620f40 3f013585 3f6c7fa9 bf41aef4 3dfd64fe bec28a74 3e7b53af 3f261686 bf692faf 3e1ff2d7 3e3492ef 3f07ae04 3d3140ee bf290672 3f2286ab 3ee48b68 3f0325c1 bf30beba 3f550f0a 3f0e95d8 3ef1fbe9 be8499be be3b9360 3e1ab226 bf0f1e22 3f0a65d3 bf776fb5 3f1e3e8d bea0aa2c be10b30c 3f55bf19 bf60b788 3f175649 bf5e0775 3f77fff5 bf0f7649 3f591730 bed59b96 3f41b6dc be7f5284 3e8de9f8 bf42c6db 3ec4cae8 bf640f93 3e9dba40 3ec6ba7e 3f4dbeef bd6ac2c9 be4cf37c 3f547740 3d8ce314 bd36c432 3f1635fd bf1d76b7 3e0f317f 3f67efe6 be94bab5 bf3caf1c 3f4b8f48 bd96a344 3f104deb bf635f80 3f2ade55 3e71b464 3f47b721 bf39cf31 3e7c1411 bea4aa47 3eb67ace 3f0bc60d 3eb12a2d bf1fe5fe 3f50a6ee bf38bed2 3d9e22d7 be8a99f1 3f253ec7 bf1b5e54 bf51df33 3f110dd8 beee6b8d 3f6d3fdb be08716d bf141e43 3e928a3f befe1bcb 3f00860d 3f17f612 bf4fb746 3effac88 bef7ebac 3d83e28c be2012db bf68af6c 3efecc46 bf730834 bdeda2cf 3ee1fb68 bf255e3d 3f20fe96 3ed03b96 bea47a68 3edf4b5f bdb22334 3ed48b1d 3f19e675 3e5552f9 3e7413ec be1492ba 3f5346eb 3e329347 3dc36449 bf336ecb 3ef15b9b bec0db1c bf084e4a bd20c099 3f09edff 
bf2b9e94 3f63cf80 bf155648 bcc97908 3f2a56b7 bf61e7a2 3efd7c6b bf016dec 3e8fa9e2 3c8084ba beaa9a97 bf42fed8 bee12af6 3ea2f9d8 3eea2b02 bf35ceb7 3f3c0e8f bf3806d6 3e677399 3f1eee44 bf015dfb bf138631 3e9aba91 3e0a7254 be615385 bf019e2f beb53a0f 3edaebc3 bf4946d3 beaeea5d bf5f0737 3ee04b57 3d51c13e 3e0ab1ca 3e285360 3dd0216a 3e9119b3 3f1ed621 bf677fa8 3f3686d1 bf07660e 3dd3e2f9 bda920f7 3ed18b69 bf57e74a 3f5a173c bf58bf4e 3e8fca64 bf2bbeb1 3e5032d2 be0ed2b7 3ee89b8c 3e22b1da 3ec71ae3 3eccab0e be8439ee bf6c6794 3ef62ba6 be497297 bf5d3f54 3f04cdbf be8aea3b befe7ae5 3f4fa770 becc8b28 becd7b73 be846a73 3f7f3053 bf553722 bdf12210 bf32c702 3f559fa2 bce8827a bf380ed6 bf036dc0 3f1e7e54 be99da3b 3f564710 bf541f1d bf4d271a 3efa5c1d bef3ab1c 3f31464e bf3a26ce 3f65e7a8 be3552bf be9259d9 3e89897e 3f790017 bef56b93 3ef89b99 bf3266bf be467380 3f157e38 3eab7a2f befa2bee 3e44d3a2 bf4a771d 3f38f6bf be6c13be 3d32bf2c be7c92d6 3f38de83 3e93c9b4 3e6ef348 3f413edb be629357 3f601f48 bf1626a7 bec89b3b bf097de0 3f31e690 bf3b1ede 3e17b2b7 be9a49f0 beff0b29 3d74c3e2 bf491f38 3eb9eace bf1efe5a bf148ddb 3e355255 3f153e25 bf2e5e58 3f12f606 3f12363e becc6a83 3f0b8e03 
3f13d617 bf587f1e 3f7b382e bf652f9a 3f58cf56 bef1dc0a 3db163b2 3f4ac705 bf60bf63 3f1fb65e 3e42d20e 3e934ad6 3f3066a8 bf449706 3e982a82 3e85fa1e bec91abd 3dbbe463 3f072de6 bf7ae800 3ee64b62 3f2e968e bf372ec2 3f33369b beef2bff 3f682fc7 bf0ae5f0 3f5b9709 be453226 3f79f7fa bdec254e 3f4e5731 bf3446af 3bce0730 bc888464 bf03b5ef be073134 bf378e8d 3f7cf82c bebacace beac8a65 3f759fd9 bf2686a4 3f0c2dd1 bdd62278 be9fca4d 3e966a2d 3ddee6df 3f2786c8 bf27a693 3f45a729 bf785824 3e2fb250 bf179e2b bf0d4e4a be4f52d2 3f7be022 bf08c62a 3edc1b34 3f106df8 bf4f471f 3f581f78 bf1d2692 3e9c5a20 bf102e2e 3f55cf46 3e02b2fe bf5fa79d 3f48c6cb 3e11332b 3f520707 bf2a5e8c bf111e17 3f6b9f79 3f14de28 bf29b653 bd37c3a4 bef02c01 3f58871b 3e74744a 3edeab31 bf45af1a 3e81b9e6 bd9320b1 bd4bc80e bf0fde5a 3f10ee21 be9f1a15 bec15abb bf0c05df 3e7ef3a9 bd08c11d 3f4ca6d5 bf65bf57 be85794d 3f03eddc bd3dc29e 3ecb5b3b be9dba63 becffabd 3f778f97 bf3106b2 3ced8c24 bf2b4eb8 bf14f623 be8b9a47 be9c09fe bf795fc5 3f71c7f4 3ece2b2c 3e9c9a12 bf175667 3f08b618 3e663353 3dcb606b be3bb43b 3ef66bdb 3f25b66f bee1ebaf 3f115e3b 3efd0bb7 3c2500e5 bed4eaf5 3e804955 3bd6051b bf557f53 3e2c72ca beee3b85 
3f54cf15 bf36c678 3eca1a7b 3d1b3de1 bf60af3b 3f345e9c bd673db3 bf2ad6cc 3f15ce81 bf4d96ca 3e2df26f bf3416e6 3f231e19 bf2f96b2 3f03be28 bf519f5e 3f775811 bf708fd3 3f208665 bed89ab4 3f1b8e25 bf4e5f20 3ebb7a96 be99b9c1 bf170e19 3f483707 bf5a374c 3e02f0d9 bf4116f5 3d3740fe be2592e9 bf7de834 3f00561f bc0f0aca 3ec33a90 3e6eb2f1 3f21a654 3d1ac242 bf753821 3f74e7de bf3046da 3e70b307 bf326e51 3d7f4376 3e469303 3e3f12d6 be06935c be5bf34a bf032e01 3f26ce60 bf4fc72b 3f74b800 bdc7a490 3ec22b1c 3f65074d 3ee61b47 bf62bf88 3f015de8 bf7a97ef 3f4636a8 beefdb9b 3ea41a9d 3df92200 3b4bf7da 3ec88b67 bf271ec7 3e3e53a2 bb89fdf8 3e1e316f bf38c679 bf1b865c 3f0f0e10 3f457f1c bf7bf81a bea4fa4b 3e8209ab 3f635748 bf4fd6e1 3ec55b43 bf50370e be40b3a1 3f73efa9 becb8b32 3e62b3ba bb4bfad8 3e451353 3e9dcace bf2f0e93 3f1ef626 3f0b85ac 3ec66ae9 bf7597ba 3ef31bcb beb95ae4 3f7f90ca bf3ff6fa 3d77c36a bf094e3a 3f7aafef befe9b40 bd2941fc 3cf48159 3e6333f2 3f1e8677 3f68778a bde863fb 3f560f05 3f1a3e21 bf676f47 be35f272 be535274 3ea72a29 bdac620d bf566f54 3eb2aae6 3f1abe4d bf710fc3 bea6e9ad 3f047ddf bf15363e be70d356 be2bd0e2 bd86e075 3f082da3 bf1c15e9 3f3d3eeb 3f525ef1 bf361ea0 
bbd22d51 3ec26aa3 bf568f0d 3f7447d3 3d5ec7c6 3d10433f bf056dae 3e27b127 3f34eec0 be83d9cd 3f6a7768 bf233e34 3e5b338d bd09bfb1 3f2e668f bf3596f4 3f2b26c5 beacea46 3eaa8a2a becf8b98 3ef6cb98 bf35aea7 3f6a7fb4 bda961d5 3f355e95 bf6837b8 3f4fd761 be1db0e2 3f58975f beeaeaec 3ea26ab6 3f632f67 3d935ff5 be51f372 bf07bdde becfeb20 bed1ab40 3eaf0a68 3f35c6df bf58e755 3f29cec6 bdfae3c6 3f594743 be6d7402 bda7e28c bf04edc5 3f1a169d be8339ae 3f074604 beda7ada 3f0b45c4 bf5e2f44 3e4d32da bee7eb27 bf2da67b bf59ff1d 3f19667b 3e9d39f1 bdc621ec 3dcae345 bee06c31 3e8a4a58 bf4ccf2b 3ef4ebd7 bf610f2e 3f7fc80e bf62c796 3f77003e bf69a7a3 3f630fa4 3f39f6f1 bf65275b bece2adf 3f66bf65 be339207 3c7308aa bf375710 3f3b7ef9 befc8c87 3f239e55 bcb18175 bf091de7 be229261 3dbb2155 bd46c082 be063162 beee9b8d 3f6ca77a bef16b48 bf22be2a beef4bd7 3f5a6f1b bf0405ca 3f19162b bf76404e 3ed51bad 3edf3b8f 3d2a455c bf5f8781 3f4acece bf739fc4 3f7727fe bf3fbf30 bf1a2e63 bf197e86 bedd2a8d bea0c9ab bf23d670 3f4bd6d7 be34539b 3e715286 be50522e 3cb080e5 3f6d7f80 bf2ec665 be547391 3e9b39ed 3f2de686 bf6e5fc5 3f369f19 be6e3411 3f383ea8 beaeba2d 3d9e6268 be50f389 be5fd350 bf5aff54 bbfde406 
bf27e64d 3e47f367 3ed32b75 bf1ad652 bf2d7e84 3f0b1de3 3ebdcb06 3d1ec2ae bf265649 bf0aee4c 3d1740bd 3dd0639f 3d8c9f36 be85997a bed0aafc 3f1c8ea3 bf7d1049 3f34ce7b bf26be55 3f1cf632 bf107e25 3f2bfe6c bf1a9e66 bf713fde 3f12be1c bf01add6 3f03de05 bf16163b bea2aaaa 3ebb5a42 beba5ac0 bf3d76fa bee82bca 3e98ea8e 3f0f6e04 3f445eec be9c89f6 bdefa169 bf6aa76b 3f78b007 bf4a5727 bd4642b3 bf29bf06 3ec8bb25 be87b9ee 3f5246e8 bf3916bb 3ddfe158 3ebe5b3f bf7b6fde 3f734fa4 be4f1126 3ed31af3 bcac84d0 3f392ea6 3f2bde59 bc808229 bf72902a 3f66f780 bf289e7d 3f0c7dc9 3ee77ba8 be50d374 3f0935ae 3ed7cb51 bf2ddeaa 3f410ef6 bf389ec7 3ee8bb8a be931ab0 bf4bd6d3 3f50972c 3e55b27f bf63b7a6 3f5d3762 bf1a0630 3f4c8f0b bf768029 3f76bfc8 bf1cf63b 3e85d999 3ac82413 3f34bed0 be367377 bec99acc 3f723fb0 befdcc28 be8399d9 3e303368 3eb98a4a 3ea57a93 3e4971fc bf143e3c bd81a0b6 3f55ff5d bf391ebf bdd3a5d6 3e00717a 3e23b3c4 3e50731a 3f28f67f bf747004 3f5f3787 3e909a8a 3f5d7772 3e15b13b 3f06a5c6 be8e99b0 3eaeaaeb bdf8e00c bdebe351 3eeceb67 bf68ff8c 3e946a21 be12b2af 3e32d1e7 3e9b4b02 bf533efa 3f715fb7 bec57abc 3e61f392 bf3706db 3eb94aab bee2fb33 3f57a72d 3d0c4262 3f1225fe 3f2a8678 
bf182e40 3f460ec9 bf59972d 3f37deb6 3f453ee5 bf25b626 bf12ae3e 3e169319 3f1b9e3f 3eb82a5d 3ec2ab48 bf3c16bb 3f7d581d bef20b97 3ee52b47 beabaad4 3f69bf7d bf0ebe56 3e8869d9 3dc7e132 befdebaf 3eecfb73 3e22d1cd 3f224676 3f0e3e23 bf44d6a0 3f07fdda bf074e0e 3f7b281d bf555740 3f4e3f3d 3ed86ac6 3eff7c7b bdca64b3 bf4f770d bed34ae2 3e3df28c 3ef3eb81 3f0e7e05 bf0ac63e 3f29be92 3ed09b23 be8e59d2 3f0a4e68 bf17be11 3d4bc33a 3e4bb391 be34b49e bdb4618b 3f054e03 be77154a bf71ffae 3f5456fe bf379eb2 bdf560b9 bec38a96 bee03b07 3f4d6f6f bf335ec0 3f00ee07 beadd9fc bf4be70a 3f01f614 bf6ab784 be6a33bb 3e1c32ce be05d147 3cf36e59 3d72c426 3de563f1 3dfd24a4 be8529d6 3ee7bbb4 bf0f35f6 3ee62b30 bf36eedb 3f327eb8 bdba2369 be9b4a19 befacb7c 3f056dfc be24135a bf6b6f53 3f0e661a be6b92d6 be90ba3a bc60ffd2 3f1efe9d bf27468d 3f35ce59 bf63af0a bedf8b16 3f75f7b6 be6ab449 bf07b62f 3f77f7f8 bf082e26 3ec58afa be221250 bf4b3723 be99ea0d 3f0cb5f8 bf16668b be9bfa55 bedb9b20 bf58272b 3f3dc6be beec9b91 bdcd255c bde7e26b bedddb8e 3f12e5e4 3c968d29 3e40338a bd47be6f 3e3ff2ff bf0ff60a 3eb19a51 bed7bb28 bd84e321 be88c9ab 3f3a4f07 bead8a71 3eda2b64 bf77301c bcc77a54 bf66777c 3e72325c 
be9bba42 3e6f92b9 be83795a 3d2e4290 bf6d97bc 3f0c4e10 3f4046a5 be903a10 bf4e6f31 3edd2b61 bf77980a 3f115636 bf702f95 3d794798 3ed60a96 bef68bab bf107626 3f0f7e35 bf14262b 3ecfea86 3e73135a bf4c6720 3e5ef2ea bf78280e be967a56 3daaa2da 3f4ff72d bf50befa 3eb6ba7b be2cf27a bf20f697 3d1941ca bf66ff57 3f25665e 3daee20c 3f177e72 beaccac7 bf0eb613 3cf18852 bf2e1692 3e3d12fa bf63d760 3f6fe77d bf6c57f0 3f67a793 bf3486cf 3eeccbe7 beac0a74 3f142e1a bf706fb2 3f0b35fa 3f70e7de bf570f79 3e78b3ee 3ef11b8c bf11be41 3f545f4f 3d4b432a bf11ce47 3f3c9eb9 bf2b46e2 3f7d4ff2 bc350b21 3f03d619 3e63d25e 3f3156a4 bf5c5f5a 3f3a167c bec8aa21 bd344264 3ec2ca9a be47b1ca bf37a705 3f6e07c5 be6d33f6 3e3db2ed bedf3b96 bdece211 3ef51b1a 3f54df00 bf71a7c9 3f2bd690 be07d219 3f520edb bf4c772a 3f7857e8 bf0e3602 3ed30a96 bf4f96ef 3e964ae9 3d65403c 3f5bbf24 bf794808 3f19c682 bf18ce5a bd922156 3e40b427 bf1e5e6f 3f0fedf9 3f5dc74e bdaba3bc 3dff6331 3e7a13c7 bd2cc1b7 3f487ea4 3db4e3ff be8b796a be4432cd 3f126e20 3d9da04a 3f290ee4 bf693f47 3e35919a be341300 beb3ea62 3ea04a7d be1c1332 3f4b170f bf0e95c1 3f3896af 3d932028 bf258e52 3f00cdaf bee0bb01 3f404ed8 3f4906f0 be3f93a8 3f4d5f3d 
bd6cc35c 3ededb7d beb58aa2 3f037d90 3e3b722f 3c3efc23 bf7a37ce 3f2d3eaa 3ea9da2c bec04ac4 3f22c680 3ef88ba4 3eb22acb 3ee44b66 bf65ff67 3f6647b6 3dbd62d8 bdc3634f 3ed6dafb bf48aee6 3ef23ba7 3e7952f4 3ee6cb30 3e962a07 3f6c97a8 bf086623 bf49df01 3f63df9b bf2b76ad 3f780fea be5e3377 3f4616c9 bf0cd5fc 3f475f27 bf7717fe 3eaf1aaa 3e37728a bda8a325 3f0805ee 3f6adfad beedec5c 3f695fcb bf6d37a9 3ea0db6e 3dfea49c be653408 3f141e06 bf10a651 3dcc62c3 3eeddbb7 bec7fae7 bf71d7bd 3f4be72d bc82864c bddbe513 3ed93b8e bed87b23 bf1b0631 3f33a69e bf351669 3f60a7a2 bf2bee98 bf47d6ed 3e81c9f2 bf52f743 bec64b1e 3e84da6a 3e5992a6 bf13f659 3f0845d5 bf0ad5ee 3dcce47b 3f7b7802 bf444ef0 bec76ab3 3ebd2ad5 3f134653 bef29bbd bce777f4 bf4f1f24 3eb2caa2 3e0031d3 be819a11 bf1e367b 3e49340b bcbb85b4 bf458eec 3ef2db98 3f6a9780 bf4726d3 3ebf8a82 be933a65 bee97b5d 3f20de49 3e1e91a7 3ea08aae be5893d4 3f43668b bf6b4f94 bf5e5f3c 3f2696b4 bf60c753 3e4d5396 bd45bee1 bf000603 3e8ca989 be4392db 3f62af85 bf734f8d be4a91e8 bdf6257a bd9ba056 3f7197a4 bf009dc3 3f1ba664 bc9d7f90 bf2e5660 3edc3b0b bf612756 3f1c063e bf671f59 3f72379f bf49cf1b 3f065641 bf657788 bf3f06bb 3ede2bae bf71c001 
3ec93aec bf21ae2d bd3d44bb 3ec5cb08 bf5d8743 3ef00b90 3eff6c11 bf4a0f36 3e78530e 3de1e3e7 bf12de2b bf28ae42 bf2c2680 be571481 3f3d6719 bf7f387f 3f02c5d3 bf43072d 3f0b7dea be1212d9 3e8d79e6 bf6ecf8e be0e31a7 beab6a72 bf711f92 3f5acf96 3e6652e2 bd73c500 be8a69e2 bf028dde bd27bba4 bec00aff 3f2aa67c bf79bfeb 3f6be796 bf6767b0 3eb71b69 3d9262ab bf58873d bf19fe35 bdfca470 bdc7e0dc 3e5172e7 3f068e23 bf685754 3f0ebe33 bf681f4f 3f3486cd bea38a63 bbce0981 3db921ff 3f669f85 bf100617 bef64b1e 3d99e4d3 be49b299 bd21c2e2 3f0b9630 3e0af161 be61d36c bf3356c9 3f3ea72a 3e8d89ec 3ef7fba7 3ea4dabe 3ee59acf 3e423246 bf3836e4 3f450ed6 be6473d9 bc5eff83 3e7df3e3 bf69bfab 3e4a936f 3f70979c bf348ead bf247e43 3f65c76f bec72adb 3f359eb8 bd9864a1 be99aa68 3e4e52fe 3f3876b1 bea93a68 3ece7ae7 3f49b738 bf58cf2c bf3d973d 3f7b8006 bf4f4eff 3e581486 3f62476e bf5c9fc8 be9c59b2 3db0618e bf6e87ca 3f0e5631 3ea1ca56 3f4fb722 bee17b8c 3e2d72e7 3f2f1e4e be9aa9f1 be2a7236 3ef19b9f bf56e74f bcbd8773 3ecc7b36 3e1791dc 3ebe8a03 bd0243b3 bf7e2859 3ef60c04 bf510774 3f1be63f bc790a70 bbee06c2 3f0575d4 be471311 bd87e06a 3ed89b03 bf08cdcf 3f418ec2 3e6f53bd 3f4c4723 bf072615 3f70bfc6 
beee1af9 3ed0eb1a 3ef8ab6e bf3ec6c3 3f2cfe77 be54b3cb bde2e36b 3e7cf245 3df9658b bec52afa 3f538ed2 3f1da65a 3f1185ed 3f196e5b bf64ff3d 3f680f57 be4ad311 bd96619a 3ec90aec bf05de0d 3e6232dc 3f29fec1 3ecb0a98 3d3c41a6 3f6f57b3 bf7a9014 3df3e462 be80299f 3f05a613 3f3b5691 bf024e32 3f1c2e5d bf38a6c8 3ee4ab97 3eb36a6b 3a4fae87 3b960dd7 be02b236 3f62a79d 3ead0abf 3f08bdf9 be315209 be77f496 be6993ca 3ec5fb05 3efe0bc0 be7ff3a4 3f3d76cf bf71b7c3 3f18ae7a be8ab9e2 bf4af6c7 3f1afe0a 3f3306a0 be8a8a8b 3db5e25b 3f21c64d bf657f7d bdeba1d9 3eeb0b36 3ede4b16 bdd761e8 bf0da605 beb5cae3 bf274e3f 3e1ed135 bf17fe1f 3ed6bb4a 3e1ef2b9 bf5df70c 3f706f8f bf16e686 3f458f22 bd084172 bf13265e 3eafdaad 3f1e2657 bf485f10 3ec84ad1 beb25ac6 be171230 3ef7bc1d bf40feb6 3e3a728f be9daa42 bf0d8df5 bec14b0c 3f4756ed 3ed26b27 bf39eeb6 3f563718 be98e9fd bf3d5ec3 3f668f80 be4352ac 3f227635 3f5cffad bf7e0005 be3bd3c2 bf14ce3c 3f15e65d bca27373 bf7747da 3f02eda5 be7ad3dc 3f1eb660 bdf9dfc3 3f2a3690 bf5b7732 3f08ce11 bf67bf32 3f021dcf 3ee84b37 3e219323 3e9e2989 bef2fb4f 3d3e4196 3e840a43 bf4c96c5 3f43a6f6 bf092e02 3ec4aa7e be9559ee be68f380 bf4cc728 bde6a330 3eb0bab7 bf6f4fa9 
3f6a8f7e bf597f43 3ec01a87 bf1dde74 3f7547a1 bf482eee be5532ae 3f33aebc bf72bfc3 3f114e38 bf3e36ad bf322ea2 be976a0a bf28761e 3ebb2a4e be890a16 bea73a3b 3f4686ad bf5c8f29 3f1d0673 be71930c bf5f3f82 3d6842db bed99ac5 bea1bac2 3f03c626 3c1f0d73 3d333e92 bed2dae5 bf2ededc 3f05c624 bee53b3d 3f019612 be1cb29c bf4d2ed7 3daf2297 3eab0a45 bf03add3 be5652d5 bf2f169e bea16a04 bdb3a2a0 3eb10a87 3eabcb9f bf7f688b 3e579355 bf1bae38 be7355ca 3f4f6758 beda5b54 3de92377 3f383702 bf3496b4 bf405671 3f50ff76 bf48f6c8 3d8ba60a bd57c409 3f4d5704 bf7ea823 3deee5f6 bf394ebd 3f39fece 3efe3b9d 3ebe3a84 3d8c61c0 3e645393 3c02eee8 be7b5529 3eac7a61 be2ff28b be993a15 bcef8112 be6673be 3e9b6ace bf0635f6 3f06edba bf3e96d4 3f5da754 bf723801 3f47e729 bf11665c 3f58273e bedecbad 3f0e2dfc 3eb35abe 3ea00a3a bf39d6d9 3c0709db 3e6b5406 bf2996a3 3f3846a4 be27f1ad bd97a282 be3a5312 bf1bee2e bf4ad6ef 3f582f51 3f56c6f4 bf1335ff 3c12fb81 beeccc30 3f66ffd2 3da5240c bd81613a bf504712 3e0730f1 be71f3b8 3e2ed309 3dc3e081 3d94e3f1 3c837f71 bf007e0f be9fb9e2 3d8d60c6 3b0c48af 3eca0a13 bf330ec6 3f27deb2 bed79c13 3d91a30a be2352e5 bd4944ee 3f5026f2 3e4b32f3 3ec7ea9d bf20d657 3f51b6e7 
bf02a5fd be43f2fb 3eefcb8e 3e397312 bf616f85 3f3286b0 3eb0ea44 bf0ec612 3f230e1f bbd627c3 3f24aec4 3cd5769e 3f5c86eb be74d3f5 3f1b3e34 3e0dd2e9 bf1cce7b 3f233e41 bf4a7eee 3f45febf beb62abe 3f604f75 3e4b71e7 bea1aa66 3f5286d1 bf38e6b6 3d82e374 3ec15ad9 be45f388 3f496f4e beab1a76 bd04c062 3e1f9205 be951ac6 3f590f20 3e23335a bef4ec06 3f089608 3ce2862e 3f7f7840 be7d1348 3f41e713 bf4c8f4a 3d7fc358 3f758fdf be23928e 3f33debd 3e099265 bf7be7e6 3f2b3e4a bee9bb34 3dbee376 3d86e0fb 3f693fb7 bf6f5fd8 3f33e666 be0290ba 3edbcb2f bf58ff8a 3f526f62 3db420af 3f3c8e8e be9479ca bf5dd72f 3e3fd244 bf427ed9 3f0fc631 bebb0a45 be343230 3f4afed6 bf585f2b 3f5b7f54 3c957e91 be9e7a6b 3f1f0615 be91199c bd724990 3ee03bff bef23bee 3f6c2f80 bf05c61e 3d9d2186 be9e2a73 be319300 bcde845f be321373 beaaba8a 3ec9db54 bdc0a4ff 3e85b9da 3cb48aed bebf3a1a 3ccb7dd6 3e1430d2 3ea36a72 3e7c9349 3f55af17 bf62af62 bf3beee1 3f45d712 3d3a435c 3f36de76 bf5de758 bf09ee34 3e88f9b0 3f636fc5 bef15c5d 3f4656b0 bf563f14 3ef09abe bd2ec159 be511368 3f476706 befeab12 3f540ef8 bf1c9e64 bddce3c7 3f7367a5 bf71780a 3f749ff2 bf31e6bd 3f5927a3 be6fd331 bf2d26a5 be9419f4 3ca486a9 3ea7caf1 bf22566a 
3f270e76 3eb51a85 bef60ba0 bd836272 3f430f1e bf422ed5 3eb8ba69 bf40dec7 3ee3dbcb bf3b3697 bf0bc5f7 3eee7bb7 bf31d690 3eab5ad8 bf6e4fc3 3d9aa0b8 3ee91beb bdb7a23c bdb762c0 3ea60a51 bf4e972e 3e0b12e8 bf5eafa3 3f7db052 bf575f55 3e84b9ef 3e187246 beae7a43 3d28c0fb be28f26e be876a22 3efb8b5a bf2e7663 3f32eefa bf7207f1 bd69c34c bd3341c4 3eab6a90 bf253687 bf4bff0f 3ebd3b23 bf7527d8 3f7fd077 bf24e6a0 be6e734d bf5a8f39 3e36f239 bed42b5f 3f79a023 be4dd36a bee2db42 3eaf8b06 be169290 bf394713 3f721805 bf22668d 3e759325 bf16b61c 3f124656 be90da53 bf40b6e2 be5b91c2 be86aa5a 3f2c5ea4 3e46f3da 3efa1bc5 bf2f9f15 3f53c72f bf37e6aa 3eb7dae5 beffebf7 3e913997 bf0c35d3 3cfa8cbd 3ecb9b2d bf647f35 3f651785 bf7c1804 3f1b3666 bf554744 bd2bc0e7 3f074df8 bd85a168 3eedfb4e bea52ad1 be9d1b0d 3f439f13 bee6fafd 3ebf3ab3 bf3246b0 3ed13ae5 3e4091c1 3db6e377 bbb5f938 bf7d0039 3f298686 bf5c5750 3f4f9f53 3e4a7377 bdffe524 bf6eff91 be5fb0e5 3ee83bb0 3f6bbf88 bed4db84 bf1c2e5b 3ebc0b33 bf4166af 3f4cd74c bec95a6f bda2df21 be3eb285 3e818a02 bf053ddd 3e20b1c3 be32d30b 3e974a95 bf6b7fc3 3f2e56bd bf58574d 3f2ca661 bf42b710 be053285 3f2b9e9b 3f11ee17 bf5ebf4e 3f14062b be04d20f 
3e5eb3bb bf193e36 3ee7fb69 bf02adcf 3e9daa31 bf0eae29 3f185e5d 3e8a5996 3dbf2326 3e887a23 3f4006a9 bef14b9c beebbb9e 3f31fe5e 3df6226a 3eb46a4d beec3b7f bef66bde 3f751fc9 bf780fe3 3f5c575a 3d73c28e 3f1df690 bf6c9fd6 3ea1aaf0 3ec98ac6 bdf6a48c beda0ac4 3f4076ae bf09b5c2 3eeb5c45 be75140a 3ed50b57 bf24666a 3f7937f9 bd4c46cf 3df1629b bee11b15 3f3fa71e 3f0e364a 3e015164 3e7f5324 beeb8b57 3f00fe80 3eb7bb01 3f1cae2f 3e771419 bec4cb7b bf020de4 bd5440d9 3f6fdf55 bf0c8e03 3d9922c6 3f1ca654 bf7517d1 3f2a4eb4 bf03f61b 3f4e5f06 bf2b9667 3eec1b82 3f2bae9a bc867cf0 3f7587d9 bf6967bb be8269fa 3d43c213 be902967 3e5cf330 3ea82a2e bf0a261e 3f4bf742 bede1ae2 3f364eb7 bec2bb4a bc3f074b 3c8684c7 3f0c6df3 be848981 3eafba69 3d25c453 3f3756bc bf11ee4b bf286e58 3f2d1675 be889a0d 3f6a57d5 bf69f7c9 3d95218c 3e986a00 beb6da4e 3f2fbe4c bf583f55 be3472d6 3edc6b05 3f135e2e be3f529a bf16de59 3f23fe67 bf6eb7a0 3f33c6b8 3f41d6b5 3e5f123f beddec02 bf14360f be37f218 3f5b6f0b bf08a5f4 3f095de0 be1e739a beb15a8e 3f27fe68 bd8ee1f6 bedacb3b 3f4406fc bedd5b15 3e3c32f3 3f0165dc be85da85 3f31deb3 beae1af0 3e68f3fc bc8f7e0c 3f5b7784 bf7e47f9 3cfb824a 3e4eb2d3 3e9e8a62 bf3c2f17 
3eb3fb35 bf23be5c 3f3bc6bd bcfa79ec bba21603 3f073df0 bf287ea5 bea02b4e bb8de4d4 becfab2a bec55b0b 3ecffb26 3f62e6ed bf30aeaa bde36120 be25f1a8 3eb49a83 3efeebed bf555f25 3f00ae56 3d0cc2f7 bf36a6ec be8229bf 3f3f0edb 3e281230 bf5b3f11 3ed5fb25 3e1b5244 3d444651 bf189e3d 3f3c5691 bf52cec3 3f03fdef 3d1c3d44 bf2d6e6d be2bf2fa 3f3a8f0a bf5b975c 3ea47a14 bf6fff96 beff8bde 3f27c6bd be15f29b beb48af2 bed0faf3 be9dea6e bf0395a2 3f3b46ef 3f21ae56 bedccab2 bf401716 3f1c6685 beeb4b6b 3eb6ca35 be1652d4 3e8c2983 3cc383bd bea7eac6 3ee05b7d bf42a6cc 3de8a409 bf559775 beef9bd1 3edc2b64 3ed11b01 be227445 3f31b6bd bf5b0757 bd8c6011 3f013e0b bea59a8e bf15ce23 3e4f32b8 3c8880cf 3ea64a8b be489326 bf01b5b2 be3c91bd 3ea7da34 bf0b3e12 becadafb 3ed19b28 3f14e63c bf2eeed3 be8ad9b8 bf0d3630 3f7c47fe bf46aee2 3f1f6655 be77d3ba bea06a16 3ea48a41 3f3e26e0 bf3306e8 bf08360d 3f06be0d 3ed3cb17 be69b2ae 3ee2cbec bf73a7ca bea6f9db be8dca43 3e919a0b 3f100620 bcaa869e be5d93aa 3e1a53a2 bedafb48 3ef92c3f bf1f7e71 3f2fce97 bf59bf2a 3f3df6f9 bf27664f 3ed9db69 bf29467b 3e8f3a10 bf7c0fee 3f325ec7 bf735fe8 3f6017c3 bf5b9f65 3d82602c be271198 3efbeb4e bed3cabd be4791ce 3ea27a18 
3df5618d 3ecb7ac1 beca7b0f be09512e bf166e77 3eb4dacb bdbce1a1 3f7e485e bf3d2ebe 3f5f9f6a bcfb7e81 bf38668b bea87a8c be5a3279 3f2c2677 bf147687 3e273345 bf256661 3f293e5e be7e1402 be56b332 3ecfba9e 3f18865f bf7de03e 3e0f5112 bd0bc4b6 3f079629 bf5c6f8f 3ecaab3e 3dd8e33a 3e11d148 be76737f 3c310b44 be3bf0db 3f7a902d bf2b5ed4 be0090f4 3f195e15 bd574131 3f36e6d1 3f15062d bf6306de bdaf646c 3f7807c6 bec46a80 3f442689 bd51c65b bec5bac9 bf321ee2 3ecd1ae4 3f505f05 bf0dfdf9 3eb8fa5a bedbdaf3 3e8469ef bdf7a60c befbdb7a 3ebd1b48 bd91a1dd 3e19723d 3e7774c4 3f479747 3ee2db2f beb56ac9 bd9d2388 bef45b61 be38f38a 3f4356bf 3df424b4 bf4776f2 3f0bd612 3f0a6e18 3d7a4521 bf3cdec0 3e075226 3e121187 3ebe0b12 3edaab9f bef5fb54 3f31a6b6 be23d284 3d8a22d6 bedb0a9a 3f05fded 3f61f746 beb04b06 be01121e 3eeaec22 bf295643 3ef06b83 3ca67f56 bb4401a4 bf0d1df3 3de5e3c4 3f5c074f bf7d182a 3e7c53fa bf438ef9 3edd4aaf 3f681f6a bd9ee0f3 3f212696 bf7817ae 3f0d5dbf bf3616e2 3f06ce3a bf10ce72 3f4ddee9 bf57375d 3f619797 bf3d9f05 3e89aa3c 3eb53a4d bf24de68 3f46f6a4 be0e1297 3e838a37 3f2af68b bebd9aa8 3ec40a07 bb92029b be66f40a 3f387ee5 be4ab2f5 3e7b1213 bed8bac5 3f623f6f bf1ece76 
3eb96b4b bf0f55ff 3e577319 3e26d1cb 3f649f60 bf113e18 bc6902d6 bf4d3f6b 3f48ef49 bf3f6f21 3e978a87 3f1d560f 3ec30aaa 3d02c33f 3e1d5135 bd043d4e 3f1c5608 bee2eb2f 3f2e3eaf bf29f69e 3e9ffa93 3e4df335 bf685fe7 3f4cf737 3e857a2a bd614616 bd6c44f9 bd30c704 3eaaca16 bf0cddd8 be0ab209 3f070e5a 3de2a080 bea80aba bf0a3e36 3f7d6817 bee49b58 3dc620cc bf4b16dd be7c3397 bed49beb 3f6907b3 3e2531b3 bf75f820 3e9d7afa be329300 bebb6acf 3f557f5f be2a9280 3eb20aa8 bf535f34 bdb722a9 3ecdfafb 3c9984f4 bf132e19 3f55c759 be8a2a10 3f1e4e41 bf73bfbc 3f63379e bf347ef8 bf65d789 bd2e460d bd912100 3e9d8a64 3eeebbc9 3d69c50c bf61ef82 3e90ba2f 3ef6ab5e bec97aaa bf5096f8 3e88aa00 3f2f2e8a be3173ef bd9f6094 bf13ae92 3e56d434 bf346eac 3f23966a bf1af656 3f0d4ddb befdfbc6 be0bf1e1 bf6cb75d 3f1d2e73 bf0075e2 3d0ec2c4 3ee94b55 bf66c772 3f388ee5 bf3c86ed 3f1d966b 3dd965ea bf36e6c9 3f6cf782 beb76ac1 3f639f79 bf0925eb bf5adf00 bd8f6546 be593497 3f4b6f66 bf17764b 3eb39a2c be34d30f 3efa2b24 bf3e86d4 3f691ff9 bf679fe2 3f7b2025 bf6c5fb3 3f4bbf00 bf2c9691 3e24322a be3731b3 bf3fd6e6 3f02de01 bf698fb1 3f2e7eb7 bf5e3f0d 3f798812 bf7d7028 be14103f 3e3392e4 be00b1bb be1fd272 bec21aea 
3f646f57 bf433709 3f679fa3 bf5a9734 bdfd2375 be9b6a89 3f4a0ede 3e8449ae bf2aa68a 3f24e664 bf79a7bc 3e981a4e bf62cf54 3dc064ec be723334 bf0f5dc9 3d4d4292 3d971fa1 bf6b1758 3f6a87ab be687416 bee7cafe 3f2f7675 bea04a2b bf4fe723 3e7452a1 bd879f9d 3d2245bd 3e9d1a80 3b7c1cd0 3ebfba16 bf619f2f 3ebf7aad bd50c315 3ee25b9d bf3026ab beaa29f0 3f595f32 3de16231 3f5b1f4b befa5b68 bee9eb6c bee25b4c 3f7ad013 be823ada bea67a66 3f2aae98 bf7d582e 3f3ddeda bf684f8d 3f52272e 3ec86afb bf353666 3edecaf2 3e9dda5e bf21167b 3cad899b bea98b08 3f22ce8d bf75cff8 3f6d67c1 3ecb4b58 3f54c746 bf57473f 3e28b242 bed57b55 bc2919ac 3f1ece68 be1f521d bf047e3c 3eed4b8a 3f5fa746 bef08bd1 bf3e169c 3f4ec732 bf4376d5 3f718fd4 3dc1e10f be323376 3f12de40 bf63cf3a 3f1c4e69 3d33c2d2 3f0475b9 3e93da36 be900a3f 3f415ea8 bf3f2ef7 3f5b0f4a bf09e5fb 3f6e1784 bf4186ea 3f2d5e95 bf2dc66f 3f2eae7e bf715fae 3ee9fbf9 bf388715 3eee6c02 3f020db9 3ef30c18 be6752d2 bee5eb65 3d5b42f4 3f32bee2 bf5bff61 3f47df2e bf7f7018 3f34f6bf bf317e95 3eb50b25 3e0711cf befecb55 3f2fd6b3 bedeab5f 3f4726ea bce180b9 3dd1e4d6 3df6a3fd 3e9a1a0d 3cfd88cf bf062e57 3f521726 3e916980 be04f2a3 be779311 3f65af93 bee65b5e 
3f199e49 bf463f0e 3f497f3b bf45070a 3f5dff36 be11f1c7 be7693c4 bf190de8 3f35eec3 bde6e522 3f4abf38 bebc0abd 3f0f6638 3eca3af4 bd48ce02 3f7997cc beb49a6b 3e68933e 3f655fa8 bf5bbf6d 3d9c20b5 3f2916a1 bf7007f3 3f76a812 3ead9a46 be159393 3e94aa33 bee6abb3 be601268 bf237699 3f68bf23 be1f1120 be1632bf 3ea8faec bf1a3636 3f5f1f28 3e721379 bf2b165d bf27ae88 3d9221d4 bd5e42eb 3f464ea9 3ecccb65 bf78d7fe 3f06260d 3d11c6dc bd13c544 3d68c4c3 be0811fc 3f1a1e89 bf4dcef9 3ea35a31 bf04dde2 3eacaab7 bf2b5679 3f282e9d 3d85a219 bdc06249 3e3c721b 3e63b376 beaf29b7 bf21c695 bf38d6eb 3f3baedf 3f01d603 bf4aa727 3f3866b4 beb1ba4f bef2cc0d 3f79602d bf3fe6c8 bf41770b 3f37aee1 3e07f228 bee58b91 3f1dbe6d bf297673 bf07f5d1 3f396e90 bf654775 3f617f2b be569308 bf4ade9f 3ebc8a71 bf00f639 bdf3236e 3e930a5a bf4e0ece 3ee58b74 bf110e32 be807ade 3da5e508 3e5673f2 bf4eef5d 3f428efb bd74c2a0 3de32324 3e9fca31 bf239eac 3ea37994 bf699f6d 3da36327 3f700f71 bf20de66 393d83bb bea24b00 3e191131 3f3fd6eb bef97c3c 3f40f701 bf446ee3 3f1bae22 bf370ec9 3f3366bc bed7daf5 bf472ef5 3f519749 bf66a768 3f0da60a bf264e72 3ce78510 3eff3ba8 bf615f08 bec08b3e 3f16de51 bf0d5e0c 3e1090d6 bf73f7c5 
3eb31ae6 bf030dcf 3f05f642 bf127630 3f5b5777 bf643f50 3ed29ab9 3f01bdce bedf7b5d bf1f4e7b bda0628c be22d3a4 3e299173 bf6dc763 3db2e4b5 bf10e64d be8289d4 3d21433a bf7cf043 3f6e37b5 bf24a64b 3ec0baea 3c32ffc5 bf50e6f8 bed41ae5 3f1edea6 bf4a06c3 3f75efb6 3e801936 3f0e8666 bf64af60 bd64c4a7 3f12fe09 bf0ef662 3f0365ff bf77d829 3e31d392 3ea79a22 3f2d46d1 be64d41a be59d2d7 bdea6606 bf34eedd 3ede7bcc 3e9c7a58 bf5baf1f 3f08359a 3d76c5bd becd2ae5 3ec57a7a beec6b0a 3f1fc633 bdc2a34b 3f14fdfc be7bb1fa 3d12bfa4 beabbb12 3efe8c0d bf7e588e 3f3636c2 bea6aac2 3f44c6eb 3f296e8e bf5fe795 bea74ab1 3f422f05 befd7b74 be5b32fc 3f60bf43 bf5ac739 3ef78b9e 3f26c6c8 beea5b4e 3defe046 bd01426b 3c928311 3e2fd23b 3f029dc3 bee70bbd 3f08d60f bf1c8e56 3e7a32ec 3f06d5cd bf2f36a6 3f7ed87b bf386ed3 3f224e90 3dae1f5c 3eda1aef bdf062c6 3f55f71a bf16f659 3ebd0a5e 3f0b3e0c bf014d91 3e8d697d bf42573b 3f2dce92 be3651b2 3cb88a5b 3ed7dad9 3ead3aa1 bf5cc761 3e773414 3e41b25c 3f4d1f1e bf7067e8 bd5140dd bea82a24 be4e337f 3ecd0b40 be964a2f 3f240678 bf486ef0 3ed0ab39 3f2b56bb bf68dfb6 3f74bff4 bf31ee9c 3f504f54 bf1f3e25 3f5ba735 bea6ba48 3f5c3727 beef0ba9 3dd122c2 3ef6db23 3e35b32e 
be9e8a80 3f0e7635 becbab3e 3e99aa4e bf249e46 3d7d4364 3f18de58 bf7d403b 3f394691 3e9c0a40 3ee5abdd beb8aa6c 3e1bd1b0 3f2feec3 3de9e304 3d1cc55b 3f4c36f4 bddc637d 3ece4b3f 3e3571f9 bdb36326 becf1af7 3efdbbe5 3f09e5f6 3ef39b06 bf2e7ec8 3ed25ad8 bf0ed5d1 bf6e2f7b 3e8499cd 3d0d3e60 3f2c66b5 bf34068d 3de3a275 3d89a2af 3f523f62 bf593f96 3ef9bb9d bf78e80d 3f48a6e9 be942a5e 3d80e242 3f00d5cc 3e4f12de bf337706 3f583724 beea0b75 bde0628a 3e2f32c3 3d8360c1 bd0c4331 3da4a28f bf544706 3e9b89da bf53af34 3f7f98c0 bf1ca648 3d97e2ea 3f4156e0 bf2ca69d 3a97cb13 bd63c31d bf69df49 3f5bc76c 3e8369a2 bf3d0f33 3f5cc70f bf2c16a0 3ec9fac6 bf222612 3f3886a4 bf74a813 bde2a1fa 3f165e2a bf42beb9 3f075638 bf2cf6a0 3e71335f bda86210 beec4b8e 3f74182b bf74bf79 3f127e09 3d2c4301 bed39ad0 3f267e69 bf798fe0 3e52f3e3 bf3956f5 3d90e50b befa6c13 3ecb2b71 bf474ef6 3e4f531f bf3ca6c0 3f229637 3cd68f49 be43d305 3e2451fb be85398f 3dde60ca bf35ee8c 3f548f67 be0c332d bec11b32 bed12ae7 3f0595e8 3ee27b2b bdcba176 3f49c707 bf0f461c beaa0a38 3f159660 bf2c76ae 3f329e88 bf0345ab 3dfc2329 3e295344 bf10de21 3f44beea bf4d9f56 be37544d bed19b4b 3eca9ad5 bf6d3f94 3f550772 bf538705 3c290906 
befe6bc3 bdeb2250 3d39c612 3cb18201 3e84e9c8 3f1ec60c bf5e6f54 3f109e56 bec9ab3f 3b2bfa5b bf777852 3f64d757 beb9daa3 bf69e7ef 3f4026ea bf4006aa be8aca0c bdaa2149 bdc9a339 bf7c5822 3f646793 3d8be1e6 bf6d6f60 3e8aaa68 bf7257b6 3f69ff9e be2fd3cb 3ee8ebbe 3f4fe720 3ce683cd bee71bba 3d97a359 be423382 3f18962c beecbb5f beca4b64 3f561f1b beb79ab4 3d724649 be07b240 3de26110 3ebaab06 bf177e4d be563231 3ede0b87 bf003dcd 3ee76bf7 3b5c0a3e bcc1872b bd75c0a5 bf063e19 3f7ad7eb becc1aa2 3f2d8e8d 3eec6bd1 bf44c6e1 3e9c1a91 3db8a207 bf106e66 3f35d6b7 be6552b3 3ee0faf3 be8c39da 3f0a0de2 bf73dfc6 3f05ae59 bebd4a65 3eb6fb39 3dcfe264 be3332d1 3e0a129b 3e7e738b 3f191e4a bf35f6aa 3f6b2f6b bf16865d 3f540718 bf3d66c3 3f261ed0 bdbf640c be8eda91 3d7bc1dd bcba8242 beb24a7a bd862227 be5773f1 3f5fe75e be431257 3f689fa1 bee1cc10 3f51df0a bf28b68f 3f4a071c 3ec41b0b 3c18f682 3f0975fc bf72d77f 3f3586bc bf42972b 3f0fde68 3e6db369 beaaaa9b 3ecaeb06 bf071620 3f6de79c bf382ef5 3f0b0e31 bf493f0b 3c8d7d75 bf17ce36 3df0e110 3f4b7ee3 bf7267e4 3f79effa bf51971d bd8e209e 3e781351 3c37231f bd6a4054 be916a7a 3f038e28 3f2c1eaa 3da62348 be8ee9a0 3f187e30 3e025172 bf0fc65a 3f72d7cb 
3ecb6b65 3e7092f4 be4ed2de 3eb76ac2 bf2e0e8c be1972bf bd34c558 3f1d360f bedf2ba6 3dfda50a 3f7b47eb bf62176e 3f13ae44 3ea5aa8d bea5c9e0 3e389288 3f1dde6b bf244666 3f64cf73 3f1a6649 bf753fc7 3ec6db10 3f155e55 be6b74b2 3ef5cc33 bf17d640 3bde25b3 bef9dc21 bf1d1e66 be6b121f 3f451f24 bf42df0b 3f4886e3 bf095dfc 3d2ec30f 3e8d29c6 bf7b97f1 3f236668 3e826956 be00d249 bed0caf3 be50941b 3ed5dad6 be65d497 3ec53b46 bd144159 beefbc03 3de521c5 be205289 3ecceb12 3e7ff474 bf57c776 3f02e5f4 bf64f76a beb57abd 3ebe4adb 3ecc5a82 be8219e0 beb51a80 3ecfaa9e bf4c3ede 3eeb8ae6 bd404309 beb2db0d 3eed0ba0 3e90ca00 bd3c4559 bf539707 3f1ad605 be814a4b 3e66f3bb bf76cffc 3f249e78 bf70ef9b 3f245651 bf4406d4 3e5b139b 3e39b1ca befb1b9b 3eb61b4a bea1da47 3f7c5fe4 bf41d711 3f19d677 3f461ee0 bf2c863c bd0e4769 bf416f11 3c828234 bc5cfc62 bf3b6ed4 3f5ccf88 bf65efac bf16a659 3d872339 bf45ef51 3f79afce bed6cb94 3f319ed5 bed9baee bf2ade92 3f5f2f57 bf0f9e26 be6e53bb 3dbc25c9 3f0efe29 bf69af94 3f594fee 3c81798c 3f081616 bd31bf1c bee64b69 3ed1ab0a bf25865a 3f3fef09 3efabbed bf3a86f5 3f09ce16 becd8bc6 3f1f4e90 bf483713 bf1c068a bd8aa269 3e491172 bed2ab4d bee7baea 3f683f97 bf3cb6d2 
bf456739 3f30b696 bf61cf78 3eac3a2a 3eb1daf7 bd01c36a 3f02ce1e bf4ca6bf 3ea2aa45 3e2db464 bf7b17d7 3ef1ab96 bf0d0e03 3f1e6e49 bf5ef74e 3f618f4b bf284e4f 3f04a5fa bf5a676b bedfaac0 3f5d7f1d bf689777 3edc4b7f bf3f8ef5 3f6d2009 be40544d 3cf68493 3ef5fc01 3f5006f1 bef17c0d 3e1fd1af 3da3a172 be3351e6 be9b7a41 3f0cadfa 3db3e371 3f55e74f bf5e8f9e be691353 3e59730e 3f5cd704 bef9fbb5 3eb95b31 3e711301 bf34cec6 3e07d1e6 3ed88afa 3eb65be4 bf0e55ec 3d3abe3b bdb5a298 bd90e142 3f048627 3e0e1291 3f662768 bf0c25fe bf479f09 3f2a5e8d 3ecbdb62 bed91b55 3f4ad72f befebbda be2b714d 3f0095e2 bf142e5c beaf4a6a 3e5f9291 3f3f2ed2 be97da97 bef3fb7c 3f4396e0 bc2f0d78 3cbd7c51 3f24b6c6 bf1f5e83 3f4df750 bed0bae5 3e309357 3cb58296 3d8a602e be88a99c bf3e26ed 3f3556d2 bf39e6d0 bf33aefc 3ecebbdd 3e925a5e 3f22aea6 be637207 3e89c9d9 3e9e6a4b bf1b2e61 3f661765 3e6813bc 3f410703 3c52ff86 bee08baa bdf5e1b4 bed60b34 3ebc4a31 3ec69a7a be85e995 3bedf1c4 3f649731 bf74f7d8 bd6dc545 3f7bd019 bf7a4ff4 3eaefaaa bf6c27dc 3f027e0b beed0be6 3ef77be9 3e2c5251 bf4266ff bef22bd9 3f53df64 bf645f66 3f51ff36 bf4efeed 3f71ef7f 3e96d9ee 3ed56b45 beee0b8a 3f43def4 bdcc2296 bedb4b16 3e95da32 
3d7dc3ce be9a1a38 3f423752 be5ab3ce beeb6b8e 3f064e3a bf704800 3f29f6a3 be52d372 3e0f11e6 3e4ef1d5 3f670753 bf2ebea7 be1a522d 3f260ed4 bf1e0eaa be9189cd 3e60d381 3f379e79 bf157601 3f71b771 bf53c744 3f4f0f38 bed52b24 bef3cad8 bea49ac2 3f222643 bf1b6617 bf62978e 3f730fed bf4c5f33 3ede1baa be3a3278 3f0bedcb bec22a8d bf536f23 beebfbdc 3f60ff75 3daae21e bebedaa3 bf3a9f1c 3efbdba1 bef83b7e bf031e01 3f3016f9 3ead1a9a bf6777c5 be2b9242 3f39eec6 bf08f5f8 3f15562c bd8fe49c be2792fb bf73eff2 bd774308 3e37d2d4 3f6d4f94 bf6a37e0 bd6f4384 3dbd234e bf6107a0 3f7c1fc7 be928a4f bd10c24f 3f170650 bd80dfe7 3e1051b9 bf75b7b0 3f0c35dc bdb522f5 3af7bc33 bf09fdfd 3e992a30 bf238e80 3ef8db82 be6b3544 be982aef 3ee73ba9 bf0bce0a 3ee06acf 3ebf9a72 3ed59b09 be93aa3a 3ebecaf2 3f7ee011 bf3a3718 3e6e9470 bf6b1fc6 3f10161f bf6167bc 3f79dff4 bf51af48 3e5a5455 bf47aeae bf15c690 3d9fe4fe 3e5a13e6 3f6e0f7a bf483f15 3f340f09 bf21e65d be879a06 3e4d939e befe5bac 3f4db726 be66d2b5 bf6c8f8f 3f7c3026 befcbb58 3f5ddf6d becdab99 3f40a711 bf7dd03b 3f12562a 3bb61071 3f795000 bf53e765 3e4372ae 3ebbbac6 bf33269a 3ea78a86 bf7b0fd9 3d27c6fb 3d17c3ca bf2aee7e 3f351688 bf110632 3f5f5f6b 
be8e8a0f 3ea4ba2d bf509f89 3ebbfb11 3e1ad217 bf090648 3f4daee0 bc95849d be8849af bd9be100 becb6ab6 bf2f768e 3ea83b2c 3f339ea5 bf7c7ffb 3f3546a5 3f31c69f bf581746 3e7912c5 bd91607b bf1bfe8c 3f1e56a8 bf02d61c 3f27e637 3eb29a25 3ee1bbdf bf2e3e73 3e5931ee 3f710fba bf7f8849 3f564f13 bf15b610 3ebf6acb bf187e36 3e729309 3f61a77f 3f17a61c bf5cd6ee 3e0eb244 3ee10b61 3e7ab540 bc1d0fdf 3e8549f1 3f289e4d bec80ab3 bf221e6e 3f72ffab bd906176 be78d4d8 3e16131d be573499 bf199672 3f41372b 3f38a6a1 3d66c062 bf10862a be4853a7 3f19a687 bed98be5 3f5c2f5d bd8b5ff9 bdfba2cb bf101e43 3ef9cc1e bf7a1800 3ec34a9f 39de7f31 3e08b115 3f0a8de1 bf3c06ca 3f2a8e79 beb40aa2 3ecd6b01 3dfc6506 bf1315e7 3f04e66f be9379f8 3e8ab9ba 3cc9876c bf13561d be50b2a2 bf267e85 3f0125cb bf212e64 bf1e4612 3f093de2 be996a00 3ec97ad5 3ee99bc6 beb23a96 bcb48475 bd9a20a5 3f2ee675 3d8621ca 3f0d6dcf 3e812a24 bf3ab6c7 bf43df4e 3f76d7f2 bf691f92 3eda9bda 3f5846ea be8c2a03 bea33a43 be01d36a 3ea9fab2 3f444f35 bf5f479e 3f112e38 bf55af23 3eaf7a93 bf34de8a 3f423ed8 bebbeb17 be988a18 bede3b81 3e860a1b 3f137627 bf468f1d 3f1d3e3c 3e9fa9e6 be0a517b 3f62571e bedf0c01 3f268e61 bf2abe80 3ee56b85 bf343e71 
3ea2e9eb bd3ac4f4 3f4cdedd bf54c793 3f441ee4 be8359e3 3d05c445 bf694faa 3f4086d0 3df4e4f9 3f0865f4 3ec14ab5 be03720b bf2a8ef6 3f443f11 bf12be3a bf128e9b 3f324700 bf19de4e 3f028601 3e2b3278 bea3ea87 bd0d401d beccaa4e bf250e95 3d6f410f 3db6a496 3eb77a3a bf1ce662 3e8289e1 3ea56a26 bf0e1e06 3f284e5b bf025dd5 3f299680 bf71dfbc bf38feee 3f280ead befc9c40 3dade1dc bec1ea6f 3e893a06 bf7e2031 3ec7fbfc bf3b8f08 3f713f7b bf05360a be55929a 3ea52a39 bf05b5f7 3f5eb73e 3cdc8514 bf0825e8 bf1e7e64 bd523e6c 3f516726 bf3b5ed8 3efd5bd3 bebbbb42 beb5bae6 bda8250f 3ca8834a 3f14361d 3dd1a3e4 bd1fc31a 3f3a66dd bf589f20 3ed7fbd9 becb4b38 be8999e9 3f2c6e96 bf2e2e6b 3f248670 bf0cee2a 3f05d5f9 3e0671fc bf05a5fe 3eaaaadb bdf8654c 3f197e57 3f04f5c9 3e22326a bd61c34d 3f2be64e be7953a9 3f0aee32 bed68b33 3e80fa26 bf55c72e 3eeb2b85 3e6b32aa bec3eaee bcb38819 bf4f9ee6 3f16ae60 bf5f975d 3f735796 3f41af39 bf53ef0c 3f2b0e24 bea41a1f bf5bd72a 3e1c104c 3f647750 bf06fe3d bdb3e28b bf6f77d3 3f71e7cc bf32167e 3f700791 bf15f63e 3f562726 bf163eb0 3da2e361 3f648f89 bec5cb14 38817496 bf28fe76 3ef3cc11 bebe8a9e bd856202 bee4abe0 3d29c652 bf1875ef 3ed83b32 be8d5a69 3e7bb2ea 3e8f69b9 
3efe7bc7 bf79afe9 3d83228a 3e36938a be864a17 bee33c0c 3f34aebd 3e87b943 be7a149b beb8fae1 bf638fd8 3ece6abf beb18ab9 3f1a4e67 bf14b64f 3f05be47 3d07c477 3e4cd29e be844a1c 3eba5af7 bf516704 3f660799 3e1350fb 3e09b271 3f1ff68b 3e619341 bf3a16d9 3f0e9e6d bf399eb6 3f2e4e69 bf668761 3e944ac6 3ebcfaa5 bf112e3b 3e7f12a1 bdbae18d 3f568f40 3eb7ea87 bebe6a80 3effbbc8 bee3eb91 3e8d094a 3f6dd7bb bf037daf 3f1e6649 bdb8a141 bed7fb6d 3ec1fa4e 3d2ac317 3e72533c bf645758 3ee1eb66 3dd2e353 3f52fee5 bf2b669f 3e9479da 3da6e18e bed6fb2a 3f574f38 bf0ee5dc 3f611f3b bf29deb3 3db0e40a bf2046aa 3e81d9bf bf152e57 3dd42176 3ecabaca bed00b87 3f6def97 bf768810 3f063e2c bf6cff65 3f1f5e8e bedabb49 be9fda0a 3f567f21 bf3b9678 3dcd2233 bf173e36 bf23f680 3eb6aa95 bf79df99 3ed78b12 beb17adb be26530e bd07c3d7 3d0945fd 3f40cead bf684795 3f606f6f bf45bf0a 3f602f4e 3d8f9fa6 beaa6acf 3e943a07 beb19ae7 bf6b0760 3ea61a66 3c34f7fd 3e98ca98 3ec0eaa4 be1732fd bea1f9cf be5c92f2 3f681788 3cca84a4 3e41f24b bf37f6f5 3f3b0ebc bf58372d 3ebceb47 bdde62b8 be12917a bf1d9e97 3e457339 3f6427c8 bedebbee 3f7707c2 bf7a2849 3f733fc8 beca1b0e 3f78402d bf56cf94 3f798fda bf24c6ae 3eecab8e bf60973b 
3f691739 be834a5b 3f731793 bf6ef7e7 3f55577f 3e53f23f bf561714 3e926b1d beb8dac2 3f3116b5 3f71d7b9 bf7b4806 3f4a7729 bf45ff4b 3f7b17ef bf7247fc 3f269e83 bf7167d6 3f788002 bf4c0757 3f3716db bf450efa bf4686fa 3f2b8e49 bf7987fc bd7dbe88 3f0e6dd9 be38733a 3e80c961 bd8d61da 3f552f3a bec7db5c beab3a7f 3eae0aed bcd484e1 3ec65ae7 bf74180d beb3ca42 bc8981c6 3dce226f 3eaadb12 beca5a57 bf29d67f 3c9c803c 3e24b1da bf673725 3f60cf30 3d63bcc6 bf72cf7f 3f690faf bee8cb3d 3efd9b96 bf79cfae 3e2f1324 3e9f4a63 bf447ef0 3f495ef4 bf595f4c 3f214633 bf789fd8 3f6d07ba bf74dfc5 3f6a2f9f bebabac0 3f4ed752 beabca7e 3f71df62 bf6cd78e 3eb66ad3 be962a85 bd273fe6 3f34768a 3edcab4e bec98aee 3f31369c bf796fdf 3f3a86c4 beec1b98 3f6fc78a 3ea22ad6 3dd322da 3e983972 3f43c70c bf08862b 3ee11ba9 be16724a 3f246e19 bf61df66 3ec4da7f bddde01e bf0f863b 3f2f6ebb bf7f7865 3f2fb6ba be930a94 3ec9cb92 bcb87e9e 3f3d2693 3e8c5941 bf14c621 bf109e34 3f48cec9 bf3976ad 3ed12aef 3e97f9d6 bf3a0edd be9f5a1b 3eafaaa0 3e6f7433 bee8fba5 3ed8bb86 be14d36c be10137a 3f2bceaa 3ea679e7 bf278e4d bee89b60 be0cd275 bf219e42 3f2d7eb0 be89fa7b bef43b8e 3d20bd59 3e1bb158 bea43a60 befd8c54 3f414701 bf0fedf5 
3e74b377 bf6def46 3f29a69c bf58ef72 3f048e40 bf6bdfc0 3f7ef043 be8ffada 3e631409 bf08462b bf42ef06 3f664f8b bebcdb41 3cfc7f04 bf0d7615 3f1b7e6b bf043628 3f53773a bf79d818 3f042dfc be0212e1 3f3ecee2 3efe9ce3 be60f3f5 3de8e36d 3f4c2f1e bf4ef761 be79b2dd 3f30468f bf4cb6e7 bf57f764 3f7c17e6 bf06edfa 3f3bb6bb bf580f24 bd8c208b 3f52cf7e bcc389ba 3f0ace12 bf1bde50 be0b1275 3e850a88 3f60c753 bf0965d2 3f317ecb 3d3f40d2 be7493a0 bd683f19 3da123f9 3e8a291c be9ad9b9 3e2a7169 3f686f88 bf7297b0 3f5816ec bee39b6f 3ec19b33 3d9823dd bdc9237a 3f0505de bf30def5 3f0f2e05 3da9a2ef bf08fe15 3e1d32dd bf6de7ad bd4744d3 3e1fb307 3dbb630d 3d5bbe80 3bc6200f bf6aefbf bd94def9 bf29eec0 3f4d86fe 3e5e13f1 bdfce524 beb35aa7 beddbbc9 bf59379a 3f2f9ec9 bf76a802 bea58a5c 3d945f41 3eb8daef bf61bf66 3f3adec2 bf2d768a 3f44b6b6 bed94afb 3f777fd8 bf209eba 3f4c7f80 bf7d384f 3e9a2aa6 be8139e3 be3371ff bf3656cb 3da76230 3eb6dab8 3f02b5c0 bf5ae733 3f303707 bc948638 bf278679 3f5e977b bd4cc7bf be8fca70 be88e9cd 3edbbb15 3de665d7 be6f13e4 3e9bba79 bf6a0f64 bd0b411b 3f63477a 3e4731e6 3ed49b15 3f18764e bf4ee729 3e05325f 3f6c1014 bf4b66fb 3de9644e 3f3dbf0a be874a70 3f2d9662 bf47a706 
3f54d735 be369248 bea4cab4 3f7c7050 bf0cce35 3f483f25 bf2fbea6 3c8b844f bd28c353 3f0dfe4e 3e9279ae bf5af75c 3ee4fb82 3c938775 3f3d2efa bf74e7f2 3f702fb5 bf664fb6 3f5c6f50 3dae6393 bf53a6fb bdcbe34a bf732f94 3f258674 be917a70 bf454ef5 3f7afff0 3caf8ffc bf30c6c1 3f583f2a 3f3416d1 bedcbb3b beb77a28 3e7b93be be717488 3f50f718 bf717fb4 3e28f323 be57930d 3dc3237c 3f214e66 bf541741 bdda652c 3d8de357 bf7657f8 3f134dda be7bf2ee 3e1b713e 3df5a15f becacba2 3d2f48a6 be4b92c7 bf46d741 3f434726 bef10bd6 be1771b6 3eb1ea4a bf3fc70f 3e6953a2 3df8a517 beb68aed 3ef3bbe0 bf78a823 3f174652 3dec6100 3f4b5ed9 3f114639 bf4f3f45 3f4c76dd bf59af59 3f748fd5 3e26513d 3f20ce61 3ecadb82 bf625f8f bf3e66cc 3f11c636 3e42739e 3f478732 3ec0da38 be8129c5 3ecafb5f 3f6f2fe5 bf601752 3f2bbe82 bed0daf1 3ea1ea5c 3e45f3ee bede7b67 bd92e2d4 bf36d687 3e4a32f2 be92fa5c 3f61df65 3d9ce274 be3f73ca 3edcdb7d 3f4ea722 bf40eef9 be1d125d 3f169e39 bf529740 3f3676b4 bf6abfcd 3f7a2860 bf4046fd 3e4bd377 3ef4fbce 3e4a546e bedc1bae bf0125d3 3ea96ae1 bd4f437f 3f2eb6d6 be3272ac bf737fd1 3d9662c4 bf395ece bec13af0 3f77dfdb bef44bd0 bf0d4616 3f3caeb9 be085168 bf13c655 be7b345a bee36afe 3e06f2a8 
bf283ea9 3f1a2e17 bdb0e233 bedbfb1f be4cd405 beb12ab9 3f0cf637 bdd82346 3e855a46 bf788003 3ec12b16 3f68dfe6 bf5e87a0 3e24f224 bf306eda 3f7a8004 bf660783 3eb3cad4 be8f7ac2 bed5eb70 3f4c9f2f 3ea40a33 3f3cd6fe bf0cf625 3ea02a7d 3f1a0e64 bf6b87d8 3cb67adb 3f4a1eeb bf62a768 bec47a4c bce387b6 3f065df0 be281205 3e989b21 bf0c1e42 3ec74b46 be4b342f 3ec63aed bf43bf19 3f21965c be5ff279 3e1770e1 3f06e5eb 3ebafab3 3e6cb3ad bf63e778 3f5e6ee8 bf298622 3f201e9c bd72c74a 3f00b62b 3f099e7c bf3576cc 3f336eb9 be75d3e6 bd19c057 3f030e21 bcae84d0 bebc8ab2 3f1dfe4e bf0a460e 3f6b979f be1171ac bef48b55 bf3766e7 bf3b06ae 3f615f9c bf5abf2f 3ee8dc16 bf0c7e09 bf188648 be4a528c becdeb29 3f7657f2 3f7b8826 bf12563c beb3da90 bf2f5ee8 beb8ca5f 3e971a1b bf0ffe44 bead5b2e 3e9aeabd beb63ab5 3eddab51 bee72b4d be2ed26a 3dde2540 3f65a79c be02332a 3f588f9d bf766ffa 3d67c3f8 bf7697c2 3f447743 bf4e46e8 beb0ba8b 3f49becb bd5b4039 bf464edb 3f705f94 be8f5a42 3e9fbaa6 bee0cb87 3ebe7a8a be9e3a37 bf4cef18 3d004387 3ed06b0e 3ef54bc8 3e2cf232 bf102635 bed27b72 3f652f68 3d6cc5c2 3f25367f 3dffa2bf 3eefdbc1 bf611f54 3e65b43a 3f530f4f bf7db82b 3e95aa16 3ebaea90 3f00ddda 3f5e1f69 bf16ce22 
3f02f63e bf7407aa 3f040e17 bdd5a081 3f251676 3ed4cb7b bf3d8f11 3df0611f bdb660c2 3f7a37d0 bf34369e bf638735 3f7d982f bd1abfc8 3e92da8c bf5d1fba 3f4946e2 3ea03a87 befcdbe6 3f403edb bf3a5f0c be22b18f bf771ffd 3f0eb5da bead3a5e bedd4b4c 3f5fc798 be8cc9f1 bebd0a4d 3e882a2f 3f11fe3e bde5a319 3bca1984 bec6bb36 be80b9ec 3e859a13 3e813a13 bea78aff 3eb18b01 3e9079e7 bf4e4f4f 3f1e1675 be1311d0 bf209652 bf215eac 3e1271c0 3ef2abc9 bd67c732 bee21ad5 3e35125e bf02661c be0cf17a bf76b013 3f7e084d bf70d7d2 3ed67ae5 3c1b0ade bf11c60f 3f0ac608 bf32a6bd 3f2bf680 bf3e1ed1 3db121dd bf285e9e 3f79400d 3eae2a80 3f78a812 bf4caf25 3f24267e 3dd8a35a 3e1cd0da 3f2e5eeb 3df46391 bd424349 bf480eec bf547f4c 3cdb8239 3f4446ae 3ef8cb8a 3e56b2d4 3d7ac0dc 3d024582 3f32debe bf64bfa3 3f7bd7f1 bf371ea4 3e903ac4 3f628712 bf697f9d be60d26a bf185670 be3713af 3f053606 3f1f9e25 3c170322 3f254e68 bf1f36b9 3f63679a bf7fc861 3eaa4a5a 3ecbfaef be9e1a8d bf00a5cc 3d1443c0 3f05e5f7 bf243e5d 3f54f772 3f549717 be24d1d8 bea259e3 becdbaf8 bf17b66c 3f657f95 3d846248 bf72e7d7 be3e725c be873a2f be9c39e3 bd174329 3f1cc644 bd91e39a bf5d6f67 3f45972b 3d1dc5d8 bf0e3e2b bf1405d7 bf6fafe8 3f1f8e34 
3e8f1a41 be0db256 3f23064a bf501749 3d4c3f66 bf759fd3 3f2b46a9 3f128e34 bf731771 be6893ce 3ed3eb3d 3f68b79f bf719fcd 3c918b89 be0d928d 3f772048 bf5a1f43 bef30bd1 3f0fe620 be96a9e6 bdd1e524 3f61ff12 be0b9231 3f74afb1 bf3236b9 3f1b2e4a bf0135f4 bde4637b 3f1c464d bee9fb96 3dc92356 bea539f5 be88da15 3f554f44 3e14f155 3dfb643f bf515743 3f5fb7af bf686f8f 3d3b418c 3f605761 bf5aa7a2 3d3cc175 3f7087e4 3e9cea37 3e2831ff bf01bdc5 be5bd337 3ed36b58 3f262e77 bee5fb7e 3f233695 3f6e27c8 bf53f77c 3f309ee3 be945a0b 3e83799e be9fea36 3ebcdab6 3cc58a06 be2a32d4 3ea20a34 3e79736d 3eb0cb06 bf27ee84 bed2eaea bf302e71 3e20320e 3d4647eb bf3f46b4 3dc8a11e beb549b9 bec87b7d 3f3726d0 3eb9daeb 3f292e48 3ee0dc23 bf7fc04a be8829df bece0a7e 3efb9b5d bf4b7f2f 3e841a60 3ecb8b5f bf634783 3f365ec0 bf023dd6 bf3f1f05 3f741008 bda4235a 3f675fbe bda8e119 bf0fd604 bf0f8e0c bcea8857 bf4fbede 3f69c7c2 bf045e2c 3e8e9afb 3e9f2a2b bf4766ec 3f07360a 3e5cd25c 3ef0fb6b bf507f0a 3f17e636 bf7a57f7 bf124e33 becb2ae8 3f5a8f50 bd3a44a9 3f407f22 bf01f5f9 be32f464 3f59e780 3f31ce96 beed2c38 3f2386a0 be86ca13 bf666f93 3f566740 3d644383 3b3bca7c bf0ab62f 3f627f3b 3f10cdf5 3f0c963b bead2aae 
be5a13b5 3ec0ca8e bf26464f 3f1c5e6b 3d8aa039 3f767fef bf081df3 bf27967e 3f7c0fe1 3efb4c2b bf5246f9 be737342 3ef2bbd7 be0dd280 3e9b79b9 bf6bf7af 3ed85af2 3f5b6733 bf62dfba 3f47af21 bf731fc1 3f22feae bf73fff2 be3851b6 bee92bf7 3f5be734 bf621f94 3f7767c6 bf6b578c 3f40bf10 bf4daf2b 3f3cbeab 3ec8eac2 bf751fe2 bea039d4 be04718d 3f44f6fa bf79c7fd 3f7a6fd4 bcc287d1 bf632f16 3f747808 bdbc21d3 bf590743 be8038fa be6a14a7 3e0391e5 3f5c9f5e bf3cc6f1 bf6cef94 3f50674c bf3f9f47 bf5b2ef5 3eabaa4c bb640fab bec8faee 3e43f319 3e38d2d6 bdf0e424 beabfa7d 3f07e5ff bf29ce8c 3ebc2b39 bf6edf8f 3f7d786d bd66425d 3f7167d8 bed71b46 3eebeb8f bdb1a164 3f4666e7 bf256e70 3f49d6bb bf68073f bea27a17 beaf9b89 bf11f5f7 3f1e0e45 3f71cf9f bf449ee0 3ee0aaf5 3e565256 be6c93b5 be1d9263 3ee9eb82 be87d9d3 3f360e6f 3e4153c1 bf179628 3e83f9ac bf76d7b2 3c26f789 3f736fa5 bd00bdce 3f624f23 bea94a1d bde5e206 bdc423a6 bdc3e490 3dcb2287 bdb32202 3e8c4a05 bf18b66f bebb7ab6 3ee08bc6 3dd821c2 3ed1fb45 3f672796 3cbb83bf bd9ea240 bf675786 3eceeb37 bf4c1efe 3f3c3ebe bf6b9f8b bf56f727 3f426ef0 bf649f93 3f69d782 3ec35b5d bf15be22 beeeeb4e 3f2ab695 bedf5b17 be9a39c0 bf66974b 3ee42b62 bf4cbf13 
3ea43a6e 3b920dcf beff4be2 3f27067e bf6b5f6f bebffb47 3db7e25d 3f2c06b1 bf5bcf99 bf3086c1 3f572f6e bdb6e576 be9ef9bb 3f156659 bf2a0e7f 3f1cee76 3eb70aca bf7d6034 3ed4aba3 be880aea 3f7e006f bf600764 3f1fd642 3f32d650 be33b219 3e9bfa42 bf200643 3f2cd69a bf2f2680 3e4613bb 3f061dee bf165e28 befffc08 3f3766b7 3f565ee5 bef8ac7b 3eafca95 bd0dbce3 bd0a41e2 bf266665 3f7e2028 bf7ce835 3ebddb50 3da59f50 3f4d9eea 3ccd856f 3bd9f70b bf5d274b 3f5a4efd 3f0f961b bf088e0a 3f7f57d3 bce981c8 3f5dbf54 bf5c0792 3f527f22 bd8421cc bf45deec 3f6f1fa7 bf67879b 3f537f1d bf3426a4 3ea5eae5 3f3796b9 bf3eeef6 bd18423d bf0a8e1f bdc32389 3e67d392 bef3dbe2 3bc1f683 3e323420 be8bea55 3f001ded 3db02138 3f40b718 bcf17e15 bee18c23 be9b8a6c 3e0f725a 3ed6fb7e bf775fa6 3f6a6f97 bf0ace1a 3ea29adb bee99bdd bf48def6 3f1a8650 be8c6a28 3d08c02c 3f391f2a be0572c3 bedfcbca bf5846d6 3e0191af be70145c 3f4b5704 bf1e96b7 3f6187c8 bf7da80b 3f6c07a2 bf360ec7 3f135639 3f148631 bf2fb6a6 3e848a2e bf71efe5 be0d31e8 bf040dfa 3e9eea1a 3eecdbfb 3dab2105 3edc7ada bea239a8 3f791804 3d15c105 3eaa0a4a be245246 beb16b31 bf20ae26 3f58af09 3e97aa19 bf2fde8a 3f3cdee6 3f32c685 be6cb391 3dac602d 3f4b670e 
bf038de9 bdac2240 3f7667b0 bf5fc7f5 3f6c1fbf bc9c84fb 3f10764b bf7fe057 3f6c4829 3f4fff2e bf7f5856 3f4b3f5c beb02ac6 bf089dd6 3f5e8740 bf0d9e5b bf0e2e52 3f183e50 3e8f0a1c bedd7b65 bf2eb6c2 3f346eac bec93ad8 be9949c3 be868a31 bf004612 3f6eb7ec bf4def2d 3f792fe7 bec0abc3 be95b9da 3edebb77 3f0515f3 bf4b271a be5673ee bed5fb17 bd604314 bd2dc645 bc3aff4c 3edd3c06 bde766bb 3d91e12f 3e46b2e6 bd06c7b9 bf1df657 bf0875d8 3f4b26c8 be97a9f3 bec02acd 3e3cd2b8 bef21ac3 bf16ae82 3e04b30e bf6d8799 3f259e8d bf7f6024 3f42ef03 bf03ce19 3f494f0c bf42d6af 3f452f4f be463355 3e2d52fa bf631748 3f035611 3d56c89b 3f0c0624 bd93619b be9079fa 3eb14a87 be18f1b7 be9699e3 3eb80b00 bdff230b bd9423bf bf730f9a 3f12c632 3ebd9aaa bf042d94 3ecdda5a bf3d1f45 3f3e6f1e be4953c6 be669269 3d3d44e0 3f6bd790 bde9625d 3e673295 beb61a82 3f2b5e96 bf7f5081 3e9f7acb 3e985a8a 3f68875c bec7aa7d 3e3b933c bf6fc7a8 3f4c4f23 bf74380b 3f6eefe8 bf22ee94 3e6ab47b be301303 bf25ce93 3f33fe82 be9019d9 3f1bd650 3f394eaa bf2dfe98 3f638776 bf78c7d9 be5e9361 3ec60ad1 bf6d27c7 3e2c9209 bf441ec1 3ead7a38 becc9ae6 3f2e2696 3e88ca65 bf495709 3def24be 3e1c91d3 bf4d771f bf0e45d4 3efcfb73 be3c51da bf1d5e59 
3f01eda9 be72b435 bea29977 bed06a51 3f0185ce bf4acee7 bd98e263 3efe6b61 bf214e8e bf2b26be 3f249696 bf7bdfec 3f5a7f0f bd8ce386 beab2ac1 3e401251 3f146630 be98dac2 bed66b23 3f573f58 bdd122de 3ebf5ad3 bf1a5e73 3e2eb269 3f51172e 3d9de1da be5e12dc bd73457e bf5fbf4f 3f6d6fd8 bf31b6cf bdff677e 3dcf5fb3 be4d328b 3f354ed9 3e05520e 3f567760 bf75683d 3f709f7b bf7b27ef 3da9637d bddb63ac bcc47f7c be8cda0d 3f08de15 3efd3b8a bf4bf75c 3f77c84d bde4e1e0 bee59bbd 3f38aeaf 3f200e4c ba985bc3 3dbb9f4a 3f57171b be61f1b6 3e842972 bed58b06 3e1df233 bcda8fb5 bf146630 be3d729f 3f120630 bcd27fff 3ebb9a4e be29f1cb bf69ff93 3f37f6a3 3cce8b4b bd8222ab 3e83aa3c 3eaaba2a bf01e5dd bef77b9e 3f3646b8 3e6112e1 beb34b01 bee6bc8e 3f6b8fa5 beaeca61 3f271e88 bf342eb8 3d2942e5 3f22de65 bf6ce781 3d244339 bf3566b4 3f2d6e9c bf3056ac 3e0a9314 3e87e966 3e30736b bf385ec2 be7a3478 3e08d2a8 3ddd6109 3f66e767 bf5486f9 3f72bfcd bf655795 3f0dce70 be91aa41 3f05b621 3cea83c9 befc2bed 3f07edf6 bf631f72 be3b72a7 3ecb1b52 bf167687 3f296691 3e5092aa bed92af3 3f40e6bd 3ee2bb6a bee41b7d 3f7457bd bf5d0f3c 3f25d6a1 bf4d4714 3f551f3f beed8ade 3ef38b69 3f48f6f1 be765306 3f0035ed bf2dd661 3f4296b6 
bf6a4f49 3f30e6a4 bda7251e 3f509f3f bf470f34 3f56075b becdcb6c 3e455375 3eddeb6c be51b464 3f3fe709 bd1a4178 bed1bb2e 3ef5ed16 bf18fe65 3f2f0eb1 bf7dd80a 3f33ce69 bf0c6dbc bc858558 be62542a beccfa6a 3f70ffa4 bdfa23ed bf3ceee5 be9d4a38 3db565d4 3f1cbe19 3ef46c0f bf2fe697 3f4676c7 3f066e44 bf4da719 3f3acea7 bf13de23 bed08bba bf3a3ee5 3f7e88a5 bf49a729 3f23265a 3ed9caef be0c9235 3edb9ad3 bf1f8e9b 3f528f73 bf7ba02f 3ee70c04 bf4d0f28 bc9e8470 3f2e36b2 bf1d4e7f bf5b0f33 3e7bd4e7 be75530a bf41c6cb beb4da9c 3e8b29a3 3ed34baa bf6a27c2 3f77bfc4 3eb11a7d 3d8da25e bf157e34 3e5df358 bf465efe 3eb55b0a 3f27ae61 becd9b63 bf211e7d 3eeedb34 bf525f2d 3c7713cf 3f35268c 3f20be96 bf7ac02d 3efc8c20 be20d034 3f08ae38 bf6a97d3 be16b1f7 be5432bf 3f34fe9b bf0f0e04 3e429264 3ee18ade 3bf9f35b 3f3f970f bf49d72d 3f61bf14 be725347 be7413af 3bea0301 3edc5bb7 3e0650f7 be8de98a beaf7b3e be7df4cb be41b1ff 3e3472e5 be0390a7 3e2e52ea 3d9f5f6e bf55e728 3f5cb719 beee8b97 3f10f612 bedd3bc3 3f7d1866 bf6a6792 3f39df04 bf6ff7d5 3f3ccec1 bec03a7d be597483 bf0fe616 3ee5cb26 bf21ce9f 3eaceb03 beb31b38 bdf361b5 3f0dbdf2 bf0b4e14 be1ef1cd bf460ef7 3ee24b3e bf2546d1 3eeb7bb5 3dd624b2 
3f00162c bee5cbc7 be1a13a3 beabda94 3e2e3237 be89da0a 3f184e5f bf3856e7 bd304059 3ed43bce bf7adfe6 3c6f024c 3f09fdfc bf63bfa4 3f7be7e4 bf26d6d5 3e00d16f 3f17fdf2 bf05e5b1 3f6c5fb8 bedaebb3 3ef3ac40 bf7dc847 3d52472d 3f11e61e 3f244624 bf0b85f2 bea3ba45 bec3ab43 3e1291f7 bec65b92 bf7607b6 3f665f77 bf09561b 3e27d34c 3ef61b86 3f26ae68 bf7e707a 3efc3c38 beda1af2 be5db3ed bf44b6e6 3f12d614 3e227196 bf574f18 3ec52b36 3f219e70 bd2142cc 3f10d624 bf7c87ab 3f3bfedb 3ecb3add 3dd5a2ba 3e4bf37f 3f297eb8 3f67977c bf7a4804 3e6433f6 3f2d5612 bf5ecf2f bf50eeb5 3f6f278c bf0de612 3f698f80 bcaf7fcb 3e2052c7 bf2af66a 3ea0ea4f 3efb7bca 3d61c24b 3f216661 beaf1ad9 bf06be07 bf582f2f 3f7df04e bf1a2664 3e2311a8 be81b9d0 3f36a6de 3f08c5b6 bf0c65e7 3eca2a4f bf04bdfc 3e8c7a50 bea62a2c bed3db0b 3d81e090 be968a2d 3deea3ba be6cd2ab 3e34b1dc 3e61b3cc bed95b2c 3dbde34f 3ee90bbe 3ec3ead3 be7d33dc 3f6d5ff3 bf6977f5 3f652773 bf6f97ac 3f508f0f bec34a72 3e894971 bf15d62e 3ce18898 3ed2db22 bf569747 3f0db5de 3d892223 3e25d2cf bf308ec3 3ec45b01 3ed62afd beaa8a1b 3f2ff6bc bf027d9c 3eb2fad1 3f4b071d bf4276af 3e3d7389 3e149282 3e587261 3f17ce73 be9eca78 3eca8b58 bddd2173 bf0b6e40 
3ed90b20 bed5ab1e 3f7d2835 bf336695 3f4256e0 bf4c6f31 3e83597f be36335d 3f2e9e6a bf576769 3f5f4f3e 3e2e73bd bef5cb62 3f3d6ebe bf54bf17 3f5d8790 bef41ba7 be913a1f 3e851a6b bf23ae51 3e3152f2 bd71c057 3f7907f8 be2232fb bf3d4edf 3d5a424c 3c5d0c63 3f159e53 bdb62205 3f041e1e 3e09518e 3f70a7d2 bedb5b89 bd87228b 3f165669 bf7f3039 3e825a88 3d802118 3f5b372b bf512eea 3f641f5e 3f4c5f4c bf7907ca 3e34527f 3f162e45 bbb21e24 bf390ea1 be7f32db 3de1215b bd414347 3e9cfa19 bf41eed8 3e657367 bf054665 bf548f49 bef89bfb 3f131e30 be9599f6 be8169f4 3f097e0c 3f105600 bf042643 bdd6a085 be4692e8 bf5fdf83 3f774028 bf4e0768 3f78a00b bf5fcf68 bef93bc1 be0431f4 3ee6bb95 3ed02b4b 3f1bbe82 be487327 bf1d3e1b 3f77d79d bee85b63 bf754799 3f337eb0 bf504f16 3e935aa4 3f37ceda bf4e8f63 3f566f6f be9baa02 3f11a61a 3c0b0944 bd8de436 be103287 3ee00a76 bf501ef1 3f2a1681 bf0df5ec bf0cae0f 3e8459ab bf3da6d7 3ecf1aed bf0a4dc6 3ebdfa9f be8189e6 3d7ec73b 3d0443f6 3dc22252 3ebe6a7e 3d75c55c bf0a860a 3f663fca bf0f3e2a beaffac3 3ed97b10 3efdab9f bf00d5bf 3d22c2db 3e2b9290 bf305e86 3f35be8d bf2ff6bd bf2bce61 3f48decd bdcae313 bf27de7f 3f3496dd bf690790 3cf27fe6 3edcbb97 bf307eae 3f534f2e 
bf5b6f12 3f0875c7 bf6beff7 3f0425d8 3db5a1fa bcf78469 3f1b0e3e bf203656 3f2936d5 bf5c274f 3f37b696 bf19364f be33d28f 3eff0bae bf0a7d94 beb08b71 3f5d0f64 bf15de49 3f356692 bf19ce82 3f63a783 bf48170c bf396f07 3e995a4e 3f627770 bf594798 3f091e04 bf069634 bd56c60c bec8cb23 beb82aca bf766017 3f48e74a bf4476e4 3df2a3ee 3e8dc983 3c9b8972 bf0d95ca bf2c0681 3f3e7f2d bf378708 bf5f3777 3f70f7a3 be3dd364 be59530e bed3fb11 3f4d4712 3d9ae2d6 bdb6a250 3eb30a7d bf160e19 3ee79b5e be3311e7 3f4126ec 3f465ef8 3ebefb01 bee8dc23 3f3c36a2 bf675f70 3f255671 bf4fa710 3f182e54 3b441a35 3f237605 3dc422e4 be4ff317 3ef13c25 bf7b0832 3f19ee20 3f78f816 bee5db5f bebe4adf be7533c4 bf46a6d9 3f194625 3e9f1ae3 bf1d164e 3eadaa3d 3f330ecf bf28ee88 3f5fd794 beb2ca85 bf559f24 3f79201a bf618f74 3f1cfe58 bf77f00f 3e3533a2 3e64131e bd8ca03a 3df6639d 3d2840f1 3c9d8762 3f5ce769 bd8f21b8 3de42428 3ef7ebcd bd32488d be8179cd 3f344e95 bebd2b09 3e3cb202 bdbca2db bf2f56b4 3ea2ca89 be83ca1a 3e93e93e bf0cb629 3e98ba59 3ede9b5a bf669f62 3e7c3396 beb87b26 3ee7db62 beedcb4b 3f13c656 be8c4a6b 3e7b3276 3f49a740 bf7487e5 3f172e4c 3d64c3e9 bed51b15 3f031e11 3e2411b8 bf2bde90 3f699fc8 bf60cf49 
3f6f3fce be4e53e9 3f105e1b be8a3a63 bf41a6c0 3e6ff2b9 bebaaab1 3ce38572 bebe9b69 3f7b586f bf542f13 bda5e547 3f765fc7 bf75e7e6 3f6af794 3ea289dc bf5ce75a 3e99da8a bd64411e 3ea4ea91 bf3ccefe 3f6cffb7 3ec89af9 bead19f7 bf056644 3f0a75c7 3d4945d6 befb2b95 3f7ca80a be958a5d 3f570f08 3f1f7664 bf0d0631 3f4306b1 3e7fb4d3 bf456f38 3f43ced7 3e9c2a5c 3f54bf60 bf754fe4 3f7adffa 3daa63e9 3e5f73ec bf4e1f8b 3ef22b96 3ed0fb3e bf71580b 3f549f1d bf6c1798 3eef0b63 bea96a91 3f774781 bf507769 bed3eb23 bf413eea beafeaa8 bdd0613d 3e407400 3d55c180 3ec4fac8 bf6f67bb 3f420ee9 bf5a7f75 beb9bae5 3e984ab0 bee98b77 3deba37e 3f2a0eae beb75a22 bf6e7fd4 3f1a5e50 3d94a15c 3f56d75d bdc86219 bf008e2e 3e3011fe bee95b58 3f0a467b bf0c2e66 3e95ba62 bf392ed9 3f782fe7 bebdeaff 3eb79a56 bed86aca 3e39f332 3f434efb bf185e3c 3f119e1c bf461f06 bc918270 3f059dc7 bf506738 bf1cc677 3dc1a292 3df2620b bf537efa 3eb4ba90 3e4d7391 bf1dee92 be8959fd 3ec44b33 3e2251e7 3efc0bc6 3d00c0fa bef7bb97 3f310eaa bec0fa8b 3f0c5e09 bf05fe1e 3f291e9c bdca233d 3ef84bda bed67b18 3e83b9a9 bda16103 bf00159e 3f0b6e08 bf532f0c 3f4fc735 bf5daf43 3f35b6b5 be9eba79 3c1501e6 3e3172ef bd9ae050 be3892d0 3edf5b43 
bf431f1f 3d8763d6 bf3b8690 3f6abfad 3e61d31c 3f25a6aa bf0e9e0b 3f744fdb bf05d64b bee69ba3 3f12ce1e 3efefbd7 bf620f60 3eb87b41 bf04e617 bed63a89 3f025627 3e67f292 bf1c5e28 bd806117 3f023e1d bf7b4004 3e7a7327 bc490775 3eba0ad0 befa7bf7 3ed16b8b be7434ba bdae2197 bf384683 3da66378 bf6a1796 3e3670f5 bea6db3f bf24965a 3f61276a bf74b7d3 bf1f9e81 bdbfe2df 3c858909 3e2571ee bf61ff7d 3ea6aab6 3e35d32f 3e9c8a08 bf026e10 3ed4fb72 bea99a36 bdb4e344 3f695757 bf51a708 bf3386ba 3f68c7af 3eb21a52 3f395e88 3e84ca21 3f16fe5d bf5d0732 3e15f18e be107200 3f29b6a3 3ddba18f bd1cc4a5 3f692f9d bf60f7b7 3f7e27ea bf5f6758 3ea44a89 bef85bdb 3f61ef75 bc0d0796 bf721fb9 bdb1222b bd6342e4 3f5ebfd7 bf02b5ec 3f7117b9 bf56d70d bd0cc09a 3ed95bcb bdfee240 befc6bde 3e889a27 becfdacd 3f5bef5a bf7bd805 3e8eb9f5 be28932f be2c11aa 3f19be1f 3ea85a53 bf35ded7 3f4276c9 3f777009 bf687fee 3f7d2003 bef42c03 3f2ef695 bf60e79e 3f481708 3f4b76eb bf7137be be4812ad be909a44 3cf97534 3d2fc40b 3d8222ac be8caa7b bf2ed6aa 3f122e66 bef31bc9 bac851b5 bf31c6d3 3f1f7e8d bee4cb5c 3ed4db05 3d534089 bdffa395 beaedacd 3f361662 bf27767a 3f04adc7 bf147e13 3ec0aabf bf04a621 3ea84a36 bdad62da be6592d3 
3d8ee270 3f3b66be bda4634d bf17ae4b be9cfa28 bf4cd708 3eee3bd9 bf63a718 3f7d40dc be671361 bcf37f8b bf700fb1 3f76efeb bebf4b51 3f73a7a3 be4fb310 bcf2839a 3daba1ae 3bb20998 3f234e27 beed3bf6 3f052e3a bd5dc411 bede8b52 3edf2b5a bdc1e27f bf37defd 3f77b7ef bebfcb3c 3f69a75e be7ab4d9 3f3aa6c9 3eae5ac5 3deae664 3e717352 be0f3363 3f432f11 3f0be5ff bc190e87 3e03b269 bee10b75 3f7d8029 bef59c09 3ea09ab2 bf6b9792 3f1d4675 beaf5b10 3f274ea1 be609373 bf3746b0 3f5b0779 3f4706f1 bf7e081a bf230e65 bdbc61a0 bf73e7b2 bbc62abf 3ec92af0 3f053e21 bf0e5dfd be0bb2bf bf362682 3e4c328e be9dfa0b 3e1bf25d 3bd1fcae 3dfae827 be8019b1 3f401ed4 bf6b4796 3d133e86 3f67d7d7 bbe5daae be2f342a bf232e37 be11b24b bdc4a27b 3dc16426 3f580f3f bf514f66 3f678761 bf120e42 3f5ae7a5 bf202e6c be8c7a6e 3f6fd001 bf33be8a 3f171e52 be86e995 be9359f8 be8bc9e1 3d65cb01 bd882255 bf44eee2 3e936a7f becd1b55 3a7033d4 3e421303 bdd5238e be84d9d5 bf4f8724 3f2e7655 3f5ad708 bf2a1e3d 3f4dd712 bee4fbba be82c9e0 3f4c66ed 3f21367b bf00add4 3e18d20d 3eb4ea8d 3efebbd0 bedb8bb8 3e997a7e bf170629 3e6a52e4 3f00f632 bee34b7d 3f237ec7 bf5eef5a 3f6fafc1 bf365ed1 3f622f56 bf0abe20 3edfbb39 be189250 3e872a02 
3cb282ab bf701fbb 3f39a6ae bd353e96 3f572752 3e375295 3f0a9de8 be2752f1 bf2916ae 3ea90a5a 3b2423d3 3f04c5d5 be797438 be2b11cf bf4636ef 3e11124d 3e5392a8 bf60ef05 3f13065c bf11fdf0 be1d31e0 3ea80a64 bebbdb0e 3f3ed70d bf6d1f6d 3f60ef63 3e8aca04 bf2f7e8c becc7ab2 3e117245 beb09a93 bf3396c0 3c4cfa8f bf4f271b 3f500f5c bf2d8e62 bf5e7f66 3e6c5429 bf1eb654 3eee5b78 3d88a236 bf4eaefd 3f164676 bf1e569c 3f5f4756 bb3c2117 beaadaaf bed2bb11 3ef70bc2 3e6c1489 bf6f1f7e beb11b1d 3f42e6c3 3f70479d be0c7335 3f6b6f99 3e0e5186 bf32f67f bd76c278 be23b2a0 3f50aec5 3eb74a49 be3e339b 3eb34a36 bf223646 3dc9623a 3deb219f bb862681 be8b39ae 3ed70b8b be2ef378 bd81209c bf4a470b 3f638f85 3d41c2f1 3f6e2f9c bf489ee0 3ec32ad3 bf543746 3d50c7b1 bedb7be2 3eeb4bb2 bf64b7a4 3f3f16c3 bc7cf88f bea3dad9 bd89223f 3e34f1e6 3cd7800e 3ddb631a 3e93f9d0 3e9eca08 be2fb33e bddee4a2 3f704fc6 bef40b9d 3edf0ae6 bf641794 3f611772 3e6d72f0 3c2b0e99 be003113 bf68ef8b 3f2a9e5b bf680f5f 3f2ac688 3d8160fd bf5bb711 bf1c3e38 3f18b607 be77b427 bea1999f be81e9d5 be4c7302 3f1a7e5f be1752e9 3ddf64d7 bf5d174e 3f3d8ed8 bf7d884f 3f644f71 bf18c69a 3d35c3e4 3d856094 beeafb33 3f09f5f5 bf6dd00b 3f0c0dc5 
3d5fc03a be0b326c 3e8769ec bf270682 be8c1a6e bee20b52 bf10edfb 3efb5bca 3eddfb6a bd6e46b5 beeadb19 3f05de04 bf5bdf85 3f36d6b1 3f41a6dd bf17862d 3f221e87 3e65f310 3e896985 bec7eab4 3ef1bbb6 bd97e222 beeacba7 3ecdcae1 be20325a bf1b7e6a be7332c7 3f44e6db 3f13f5e2 bf20fe5b 3f152e53 3f5f2756 beae9b06 3f7a87ed bf7ab00c 3f3de6e3 3f4ae70a be1812aa 3e8b9a2f bebeeaca bcdb891a 3f684f88 bf787019 3f7a580a bf2ffed2 bebafae9 3f22065e 3e807a15 bf6f6fb7 3f161e13 3f3ac6e0 3ca58499 bf535720 bf4236fb be31b2cb bf13a63a 3d6a44bd 3d78c4ae 3f52373b bee57b68 be5b123f bf3226a6 3f0b2614 beca0b3c 3f589f1e 3d40c37e beea9b3f 3ec80b17 bf14ae1f 3f21fe19 bf065e13 3e7d544f 3ec08b0d be0970d1 bf655f38 bd79c6a4 3d01447f 3eb6eacd 3e9429ad 3ee75b7c 3e9b59fa beb26a67 3ee95b7c 3dca218a bf6f2f7a 3f7777cc be9dda7b bbc9dd2a beadcad2 3df2e575 bd65c199 bf530719 3f42bf2c 3c1d0557 bf3b170d be20f236 3f3ee6ad bdf1a351 bea83a45 bf528f2a 3f6a0769 be2c32b1 3eb7cac6 3e02d0cd 3e45932a bed17b73 3ed24b49 3df9a0d4 3f7eb839 bf6fbf67 3f18e64c bc8489c1 3e8909da 3e923a02 bf42e6d0 3eca7aef be4c13d2 3f58ef26 bf1bf665 3f456ece bea889d7 bc927a08 3f0c162f bf51f774 3f7bc014 bf3196c3 3f768815 bf0355e9 
3f33268e 3f1aa61b bf44fefb 3f670f6c be1eb213 3f7947f4 be8e0a05 3e54d4ca bf712788 3ed8eb67 bd1345c9 bef24ba3 3f7ac04e bf3c4729 bf00ee35 3e8b5a52 bee3fbcb bf260e76 3e627372 bd073faa 3eb5aa97 bf10d624 3f298e74 bf17a635 3f12764d 3f3e3ed3 be9e4a48 bed04b15 bf50ff37 3f77a7f8 bf43a72c bf51e73f 3ea18b2a bf50cf47 3f63c785 bf4d6f00 bdbd62a0 bf3826be 3eed9b57 3e6e335f be92da42 bf0a763c 3f543f6f bf3f36d3 3dd7e499 3f173e5f bf5faf6c 3f0d3e0a 3e9e7a77 becc4abd bf6ddf75 3ecedab8 3f67cf5b 3ec99b00 3f498ef4 be2f71f6 3e58942a 3ceb89f7 bf7a301b 3f371e95 beafcb19 3f576709 bf3e8f03 3e27731a bf1bce5a bea8da73 3ea89b09 3e8e29f4 be7db42e 3e83ca0a be76f2a4 3e99ea37 bec45bb5 be23735d 3f76cf83 be47532a 3eb3ea9f bf49e70e be6632c3 be21d225 bf33df06 3f1e7660 bf451f09 3ed55ad1 3e0ad296 3ddaa1a1 bf354e85 3f563f36 bdee63cf 3e7cd343 bec58b3c 3f7d0847 bf5f579f bca9792b 3f44d736 be0611b7 bf350e85 3e853a0e 3eda0aef 3ef42bbb bf4196fd be36b367 3ea75afb bf7c0824 3f66eff2 bf0a6626 bea0f9fe 3ed08b58 bf6227ba 3ef94c74 3ca7805a bf23fe7e 3f2b369e bf5d9f70 3f5ea76f bea9eaaf be9cda00 3e7e931b bf404eca 3f193ea8 bf70cfce 3f272e49 bf0d3e27 3f189e7c be815a5d bef9cb19 3e9609ec bf3aded2 
bed61b0d bf184e51 3cff8ca9 3e8d49cd bf490e7a bd23c32d bf00be09 3f697765 bf002610 3f67dfa4 befd1bf5 3f3d0f1a bf78b004 3ee68b7e 3f1a56a1 bed9cb91 3f6fef6d 3c210d39 3ed99b2a bf637fd5 3f09de1b bf28de4d 3f72e7ea bf35bed1 bdc660ac bf7fb87a 3f4386ed bbae11c0 3f742835 bf6bcf8a 3ef95bae 3f470f12 3d90606a 3ea06a7f bf023613 3f05ce00 be5133b6 3f7ca020 bf0b5e3a be4252ca 3eb9bad3 3ea5fad7 bf578f38 3f67b778 bf0d8626 3f65ef6d bf309ec8 3d2dc39d bed30a93 3f160dfd 3ef67bc3 bede4b85 bf2bd6d1 bf241e46 bf0b4630 3d3fc54a 3d7741d7 bdec61a3 3f0ffe4e be8cb9f6 3e787425 be7453ae 3ef7ac24 3dda606c 3f0175f6 3ec09a4e be3c141c bf0dd63b 3f4af6fa bf782034 3f0e060e bccd8434 be804924 3efadca1 be8cfa0a bf31164b 3f09be31 3e12f256 3f38eeea be0f52d9 3e4852e5 3f140e62 becfbb16 3e5bf2a4 be491342 beb37aad 3f544f5b bf37ff3b bee1fafb 3efdcbef be3072ac bf0d6610 3f7557b9 bf36fefd 3e3ab2e9 be8d4aae 3f7f0843 bf4486e8 3d0b3c9e bf08e5f0 3f453708 bd4fc131 3dffe348 3ef14b83 bf44af20 3f5c7ef7 3da1e136 bf1a55f3 3f1e5e49 bf0b15ef 3f3c269c bf5c0f52 3f2626b8 be95da54 be82aa05 3f3e2ebb bf16064c 3eed6b1b 3e53d290 be983aea 3f5d9760 bf03c646 3f063605 bf6d9fa7 3f30ae73 be6492c2 3f519f34 bdba6283 
3dc46162 3f1de624 bc7afbb3 3d54bdfd be37b327 3f719fd5 be98f99a bf05f597 3ef79ba8 bf6e6770 bd6b400c 3d674472 3c8e7d33 3f0215ca bf7bb7e3 3e651345 bec73af0 bf2de6a3 3f0345a4 3de3e31d 3e829994 be1e515b beb7fa51 3ec7ba9b 3ec9bad0 3f29eeaf bf36bebe 3e4f9392 bf5f8fbb 3edfeaa8 3eabbaef bf59773c bf44f73a 3f273ec3 bedc5afe 3ed0db03 becc3ace be2e1272 bebcba9b 3f216e20 bf6c07da 3f7f8073 bf3ed728 3f3f06fb bf387ea5 bf26a647 3f22eea4 3f09a5eb bf1e1e57 3eaf5a77 bf2feecf 3f74e02f bd364039 3f307eb5 3f654773 bf2d966e 3ee23b3e beb4eaba 3dab6079 3e1b11d9 bf632754 3ecd2b33 bf607703 3ea68a77 bf716f8a be219183 3ebb8abb be4a12ad be56134e 3f347edc be86da1f bef09beb 3f5bff88 bf7ed05e 3e8119f2 3ed8fafd be78736b bed1eaf4 bf39a6cd 3f3c469a bf4a96c0 bd2c45b4 be21f28b 3ef17bcc bed46b52 3f2e8699 bf77cff4 3f7e5037 3ecf2b8b bf7dc012 3f760fac bf083d81 3e8dba44 be6df3b4 3ee15c52 bec3db7c bee0db64 3f082632 be0ff321 3f01a60f bee56b9a be08d28a be8d39bb 3e19afc9 be1df19c be27d222 be195397 3ead5a61 3f15c5ff bf51cf05 3ecc6b1e 3ef64bac bf15e675 3f76dfca bf757760 3f025e06 bf2936ca 3f29e6df bf3dc6bb 3e6a92dc be283121 bf2e8e8e 3f4846c9 bef62b5d 3f4dff0e bf3336a1 bf7227ce 3f1a2664 
bf235e30 3eae7ab5 bf363e7f 3ea98a98 3e529425 bf606f94 3ed71b1d 3d916239 3d8061ac 3f16968a 3eae19d7 be952a91 3e64746e bf2cae9a 3f3c1efa 3f008dcc bee8ab54 3f6d77d6 beb14ae8 bf49ee86 3ee74b95 3e01d102 be6d91e0 3e5dd460 bf6d0fb0 3e92ca82 be0d529e bc2cf6bd 3f7c684e bf2136c0 bee32b7a 3f28366a 3f541749 be58b30d bedd0c01 3f268693 bf46e6d2 3f6a2782 be07f0fa 3ebfdac3 3c908585 bf57d734 3f322ea2 bf41dee2 3f24662e 3f7407da bf648f75 be3f130a 3eddbb98 bdcea2bd be3e139c bf3546cb 3f002e06 bf229657 bf4b4efd 3ecf9b26 3da421fb be06d208 be78537e 3e3a12d0 3f290663 3f4876e7 bf07de2b 3f76e7e2 bd9d624f 3f5b8f3e bf5f1776 3f613f67 be267282 bf0245fa 3ebe9b16 bdd462a8 3d0bc139 3dba638f 3f4976eb bf633768 3f1b8638 3e9679f2 3eaa9abb be399263 bda6a12f 3f7bf821 bf61afcc 3ee2abc3 bf0305e0 3f0af5b8 be2df0f0 bf32e70f be65741e 3f7da07e bf74d87e 3f0a7e27 bf488f38 3f6b2792 bf7d3056 3f4a5eeb be980954 3f1fae55 bf452749 3dbf64a6 be999a72 3f4056d6 be5ed1b3 bd95616a 3f4a2ef8 bf4a9ef4 3f207674 bf4aeed0 bead7ac0 3f256e9f bf550730 3e9409fa bf35867e 3e3a91de 3e33f249 be0f923d 3f096e1b bea85a35 bda6e0a3 3f31d693 bf21769e 3f51c749 bddb2534 be1d5228 bf28f6c6 3f62b760 3f3e76b7 bea13a2d 
bef2abcc 3f47eeeb bf269ec8 3f248e72 bf18e5d4 3ede3c2c 3e8109ce be881a86 be02531e bf325e82 bb13f554 3e0112d1 be9d09d0 3f515eed bf521713 bf349ecb 3f5b476f bf7e784b 3ee51b52 3f2a1eac beb70ac2 bf077634 3f57af49 bf0b366d 3f7c581e bf75a7e4 3f7837d2 beb4fa7f bf642f30 3f6e8fc0 3e2bd23b bea89b31 bf02961e bef87bc2 3f7337ab bf63c758 3f488f2e bf1c1e99 be4f923e bf327e98 3f3fbeba 3c410a30 3f0e5dd9 becf2a98 3e11920b bf7af01a 3edf7bb4 3eac2a02 bf39b6d2 3ec36afa 3f0b760d 3f1c9655 bf5ea779 3ea88ae5 3f3b06ba be19b2b7 bf0b7627 3f4826e4 3cde8177 be2e9206 bf6e0798 bf52af00 3f11de34 bf51bf1b bc030bf0 bf461732 3f250eb6 bf3e2f06 3d8821ee 3d6b41e6 3e021177 bd063ebb 3cf0868d bee09ab0 beedbb1e 3ec13b34 bf3b0eab 3e9b2a1b bf38ee95 3ed81b1b bccb88c4 bf4576b4 3f3376ac 3e03519c be891a5f be9f7a82 3ecf6b85 3f514718 be17f2d1 bf624767 3f3a6f22 3d85e3cd 3ef16b7f bf1fd68b 3eda5b91 3eae99eb bf1c2629 bebe0b49 3edf9b9a 3f177673 bdeca396 beca2b12 3e3f529f bdd72325 bf45b72d 3f631711 be461354 3f11d638 bdfe6446 3eefaba6 bd09446a 3ec25a9a 3f0ff682 bef33c55 3efc1bdd be8a59ca bf136e42 3efc4b47 bcd68fea bf1945f4 3f44deeb bf277e74 bf080de3 3f1bb646 3e931aa7 bf1c6e23 bf602f6a 3f5c5f23 
be73144a bd1bbe14 3eb17ad3 beab9a57 3ec8aaf3 bd55c865 bf337e56 3e81aa5a 3e54b269 3f6a9fc7 bf48472e 3f2d76a4 bec07b16 be33f31a 3f2c86c4 3ec7da8a be5514a6 3d4e4c3e 3e0c1271 bf492f4e 3f1d1e43 be00f197 3e72d3f4 bf5a779d 3f080e11 3e7634d2 bf575721 3f3e96dd be619448 3ae7750d bf29fe35 3ebbeac4 3e2292c8 3f179e67 bec6dad9 3c8c85cd 3dd9e289 bdd86216 3f5e4f4b 3d053e19 be17d2c2 bf0995d0 beb1fae8 3d8b2181 3e9d9ae6 3df9e3aa 3e561400 be0d72dd 3f19864e bece1b28 bf4e3ed9 bec37a2d 3f77a01f 3e38b33b bf7e8037 3f4286d7 be95fa30 be393203 bf1bd658 3f3afe9e 3f60af4d 3ebd6abc 3e2ef28e bd8da0e4 3ec0fb1a 3f672fae bf4f3739 3f2a2e90 3e7674de be1ab293 3e9a9a69 bf6aafe2 3f62974c bd24c4f5 3f156e00 3e19d033 3ead4ab8 be8ef9fe 3f54a747 bf5b1710 3f579719 be28d28e be8a7a4e befb5c34 3f350eec 3e8d39de bf2a5680 bf663f5a 3f095654 3f46d6e0 bf4bdf34 be13b234 bf3f56be 3f5a874c bf29e66c bf0ece03 3f596f63 3ee39bc8 bf07a5d8 befccbbe bee83b7b 3f59b783 bf28beb7 3f217e7b 3e5bb4b3 be924a2f bf76efc8 3f46c70a bf688790 3e57f495 bf26ae3a be29b295 beaf8aeb 3eaa5a36 bf6a9f98 3f405ebc 3ece5b0f bf4e16f7 3f6fb7a0 bf1365ef bcee8a91 3d0e4581 3f7e982b bf15fe66 be1c72a3 3f223646 bdc22105 3e5c9374 
3f28c697 bf03fda6 bdfa648c 3e6df3d5 bf656778 3f50df4d 3de222b6 3ed96b29 bf2c5698 bf150e2a 3f7297cc bf77dff3 3f381eba bee5bb66 bed07a8c be4eb3bc beaaca28 3f0d85f1 be6cf304 3d6e48c9 3eefeb29 bf54574f 3ec05a5d 3f0e1648 bf76779c 3f1d0e2b bf085dd6 3ed7bba3 bdc0e379 3ea69a3b bdb8e431 3f4456fe bf7c3037 3eda8b76 bf567740 3f541f20 be809a48 bf4096dd 3ef5dbe5 bf7b7fdb 3f4def31 bc670385 3f6937d6 be95caa9 becaeb14 3f1c767b bf536745 3e5c1346 bf66ef5f 3f57373e 3f100dd1 3e089131 bf66df9b bec0cad8 3f3b3ebe bf522706 3f1fee5a bd83e1fa 3f32feff bf744fb8 bf34f666 3b0407d1 bf2cce9f 3f3be689 bf415720 bf313699 3f007ded bd99e317 bf3ac6ed 3e671304 be905a2b 3f671f8a bf52e6ff 3e3bf27a bf6b777d be5f1193 3ba61224 be7af341 be151384 3ea1fae4 bf50b756 3ed3da91 3ee6aaf6 3e00914d bec70a2d bf225e7d 3f781fe3 3f53af2c bf4076b1 bf325703 3f7c403b 3d063d15 3f7cd033 bf3e06de 3f614735 3e8199f0 bf2606d4 beba9ad7 3e863a48 3f15dde5 3f530732 bf7c5017 3f19366b beccca81 bebebb20 3ed94ada 3f4e4737 bf0c5e23 3f0d8e2b 3bbdf186 3f35364c 3ea07b08 bf00ce10 3f6c8faf be147177 be0b7285 beac7b19 3ede5c37 bf32ced9 3e9049bc 3f4adf1c bf4ae6d4 be02d2c4 bed56b02 3ed33b3a bf011e24 3f4e9737 bf723fbd 
bf0dbe70 3f342eae bdce23a1 3e878992 3f47bf2a bf6a8f51 be975a10 bdc3a537 3e3a333c 3f0bf62d bf25de52 3ea23b0c 3e3e7272 bc56fd33 3f30d6c7 3d8660ba 3f09d62c bf6df7e8 3f74a79f bf6da770 3ee02b2b bd2a4286 3ea6f9f8 bf304ebc 3f75500e bed62b71 3f081dfd be4272a2 bf294e68 3ec4eb81 bef95bd2 be7993db 3e90da8e bd8ea2f6 3f4f474b bf78cfe4 3ef90bd7 3f77d00a bf783037 3f4aef35 be2d1312 bf37bf26 beeaaaef 3e1c72b7 3eb75a31 bf64e741 3f416ee1 3ec6ca24 3e94da28 beae3a9b bf5ccf5a 3f19de7c 3f3a9702 be3ef2f8 3f266e53 bf134620 3f0d0dea bf1f4644 bd58c6bf 3f060e0a 3f449edb bee61c2a 3f73f81c bf7eb066 3f6e6fe4 3eab2a6f bd9461f8 beb2ea6e 3f0f45db 3ee45c05 bf5a276b 3f3666b9 bf5f6f98 3f5dd714 3f0f762f 3e0c715d 3ee6fa86 bed20b10 3f2f867f befb7bd1 3f7b6ffc bf4e9efc bd163b6b bf039e4d 3f2cee6d 3eccdb46 bf57ef17 bf1e6e75 3f25c66a 3f184648 bf5c3eda bed8aad0 bef0eb66 becf6a87 bdf0a590 befe2b9f 3f577f1b be89ab0e 3f004dff bf77e7c8 bf581f24 3f63b736 bebd3a92 be5d1355 3f7fe073 bf518f0e be40f2b2 be6db3b5 3e5a943d becc2ac2 bf4dbf32 3ee21bf2 be6ff358 bf234646 3f045611 bee01b27 3ef8fba2 bef84c49 3f763fec bf195e17 bf19a68f 3ebbcb77 3ed2eb2b 3e75d389 3e5594a1 bec1cac1 bf3faed8 3f6dc7b5 
be607357 3dfb2668 bf4e26eb 3dc0a21a bf659797 3f5c9729 3f2946bc bf0dedb1 3f3f46da bf61c775 3f0d55fa 3d0a414f bf4bb75c 3e4393bc bf16d631 bf0bf629 3e8f8a6a be9bda59 3e9d5a91 be8779c0 3f2f4696 bf75af7d 3ef6ec4f beb6bac2 3dc762df bf526ef9 3ea01ad9 be12f36b 3ed63a5a 3e7693e6 3e1632d5 3d98e234 3e823a9e bf002dee be5cd309 3f408ef9 bf61976c bf117de4 3f7bffc5 bf3a4f02 3dc9a401 3f6a4f42 3ed8db7c bf104e35 3e43131e 3f5e6798 bf6dbf6f bd9b2190 bf30e6c2 3f7dc018 be18318f bed55b5c bf42f6e8 3e6ad472 becd3ab9 bd0ebfbb 3e7db362 bf4326b8 3f71a7d1 bf5c1f77 be987a3b 3f00a5b1 bf45f6f0 3f0fd5f1 be9faa1e bf455f13 3f107e20 be5a52a9 3eb24a79 bf5cef63 3f48bedd bed3baef 3ec46b19 be94fabc bf03e5c3 bf2efee5 3eadda61 beb60a2d ba4fefcf befa9bbc 3dc4a072 3e1471cd 3dea6246 3f23eea2 bf30eeb2 be395380 3eea1bb3 3f20f687 bf590f38 bb54185b 3eb8aa4d 3f2fa674 3f3ec6c3 3e157206 3f6c57ae bf63978d 3f03cdfd beed6b3e be0a3283 3f23be42 3f5d4746 bf283692 3ea7eaef 3ea9aac2 bf63dfd9 3d074965 3f4f2756 bdf4e4fb be02f107 3f17d64c 3e30d219 beb90a72 3f3996ae be9c99cf 3e83d9a4 bebfdb4f 3f240ea3 bf09ce27 bde4a2af bd42c0b3 3f73876d beadaa4d bea3fa3a be5c3490 bed76b88 3f69df87 3ef6bb5c bebada87 
bf3ba6f1 3f6ef787 3c6b0971 3f55a744 bcb78261 bed9eb6e be541332 bf048de9 3ec2da09 bef78bba 3f2506c0 bf169e5e 3f7e6043 3e2972bf 3e7ad363 3f358e8d beb6eaa2 3f21863c bf3d46e5 3f11be31 bf201692 3ee22ba8 3f01e5ea bf1ff67d 3f694795 3e26f0f0 3e8ee9e3 bef19b7e 3ecdeb23 bf46b6e4 bec9cb9c 3f231650 bf560749 3f7c3800 bef73b5b be3a734a 3f556ef2 3e481412 bf3c9eb3 3f4466e4 bed0ea7a bf785fe9 bd1e42f7 3ee0cb34 bf098de5 bea63a83 3ebde9e2 3edbec0c 3db0a11a bf13e662 3eb3ab42 3efddb4d 3f7da82f bf67afe1 3f5ff707 bf202657 3f46b6bd 3e79b2f1 be11d284 3dc662d4 be1c91f9 3e8e79ae bf00860b 3f5d5f03 bf4786e2 3f7f404d be8aa9f3 be77542d be9a7ab3 3f0aa65a bea2badf be5f32a5 3f0d6662 bf3fb6df 3f696faf 3efe2bde bebeca7d 3eeb1b58 3e21d17e 3ea5cac2 bdf5a215 be2cb269 3d8f1de5 bee00ae1 bd7f407f 3f438ef1 bf40e6e4 3d839e03 3ea30b2b 3dc3a3a4 bea08a78 bf571f1a bf3d0707 beb07a5f bf443f0d 3f7ea7f7 bf3b46f5 3f26a6b4 be8d2a0b bb5c035c bf5a175d 3e6093d5 be6fb464 be5912ae 3f18f663 3f286e52 bf7d8035 bcc882ac 3e87c9c1 bf516f37 3f542733 bf32067c 3ea66a22 beb20a54 3ee54b93 be908ab7 bb73ef39 bdfc25d1 3ead2a65 bdc460c3 beff3c1d be0bd1bd 3e8e09e9 3e5d533f 3e059304 bf2bae61 bf61176c 3f625faa 
3e815a08 bf24f64a bea92a65 bf55df28 3f30eea8 bf0915d3 3f40ff35 3e17316a 3e5e5405 be4c331e 3d20418e beb28a1b be8daa88 bf6487c0 3e48332c bf4f8f1b 3ea45a8d bf080633 3f1b263b beafba22 3e7e1377 be53932a bea35a65 be24f2dc bde1df1f bf440f31 bd16c5a9 3ee88beb bf387705 3f60df6a 3f39b6e2 bf748fce 3f2f4edf bf3506da 3f0ba64b be9d8969 be8bda0f bdad2329 3d8f613e bec36ac9 3f242e2e 3f3f9eec be4992cb bd0f432d 3f328e94 bf2ef66b 3f37eec4 bf7f4877 3f33eef3 ba6f95d7 be949994 bf34e6ae bf4756db 3f316704 3d483fdc be93d9d5 be963a31 bf426f2a bdf52191 3f2d1e4b bdbe2494 3e953a85 bd78c41e bf10fdf3 3f3aeed6 bf71cfe2 3e9f0afb 3cc186f9 3f658f7c bf7c0016 3f510732 be3e91f8 bebdbb94 3f4166b7 bf6c1fad 3e793302 bf022dea 3e3ad261 bf6e7759 3f38d685 bf48b744 3f631fa8 bf3e5708 3f5e0f84 be9d6b01 3e55f37b bf2d5e58 3f56a6f4 bf5ee744 3e6d3315 3e4ed2e6 3f78d06e 3f0665a1 3f4d3746 bd93dfcd bd12c052 be30327e bcc686a6 3e65d434 bf129601 3f6e1fb5 3e29d397 bc8a905e 3e8cba37 bf257e02 bf2e46fb 3f276ec4 3d70c44f 3f149e01 bf646f62 3f578f78 bf774fe4 3f59af3c bf69c79e 3f46971d bf75fff5 3f676f6e bf208650 3f70c79a bf7b7838 3f5ed785 be83a98f 3f3b86b6 bf7667dd 3f3706e7 3eaa1a77 3ed84b3f bd9961de 
3d44c4f0 3ec2eb4b 3f3c6eb9 3e5a7356 beee2bce 3f41f6a6 bf7a5fcd 3e9c3a35 bf5e1efa 3f5e3f45 beac3b2f 3ef4abb6 3f38b697 3e8b0a37 3f0dae20 bdaee399 3f0bddfb bf3936b8 3f53bf0f bf799814 3f659793 bf14e63a 3f186691 3e9919c7 3e13b207 3e8849d4 3f207ea3 bf2d2ece 3f58fee3 bf45ced1 bf617f7d 3f703782 beff5b9e 3f0a964c beffcbd7 3f5c2726 bf698794 3f42cebe 3e8be9ad bdbaa0ce bf174e31 bee14b04 3e75b3f0 bf48a6ea 3d504447 3f4baf0e bf6637a4 3f25fe74 bf2e967b bdc9e463 3f205635 3ecf8af6 3f559708 bf49fed9 be70338e 3e8ba9bd 3ee8cb74 3f5a3f2f 3d9623d4 bef3ebb6 bf11ae33 be18d1ab 3e57d2bb 3ed1eb33 bf1b7632 3f55b6dc be58f37f bd9262bd bf3bdedc 3ef59c65 be4d9403 bf128609 3f5d1771 bf1da62d 3e90aa34 3cc88406 3c711958 3f5c1f4f bdb2df5c bee38b5a 3f4d7ef4 bf5aef1d 3f1c1e31 bf1ffe19 3db32419 be2071dc 3f1c263d be886a47 3e0e31b9 3ed68afd bf1e868c bf3d1709 bf0bfe31 bf4a2ee4 3ee8fb16 bf15960a 3f58b7c2 bf219696 3eb85b24 3eec7be1 bf5637e1 bd153e96 bedc3af1 3ec31a76 3e60f4d1 3eec2b14 3e77d3fe bf7017ec 3dafa238 3ef35c1b bec3fb7e 3f08ee0a 3e563414 be872aee 3ed5cb93 bddc22d4 3f0565fe bf5e4f2b bd484247 3b6be524 3f0c8610 bf5d57b4 bea01a10 3ee33bbc bf32ff09 be493308 bdd9a2ce bec4fb22 
3e90f9c5 bf0b25f8 bf4c5735 3f2596c0 bf4856f1 3f225665 bf0755ef 3f6baf0d be9caa9c 3dfa2484 bf0be607 be15323c bf571720 bf0e060a 3dcee2c1 bf248e38 3efc6b3a 3c231b60 bdab6245 be21112c 3ed10af5 bec82bdf be3db17f be4732bc bf156e74 3f076644 bf7bd04e 3dfbe502 3cc288b6 3d0ac501 3f674773 bea20a9d be1112fa 3e0b92ba bf236e5e 3e1e51b9 3f21ceb2 bf3ef6ab bf079e1d 3e60130e 3f28eec4 bebaeaae 3f44ae9e 3f2a7eab bf231e83 be0712da be1990eb 3f4bcee6 bd9c1e1f 3ed2bb61 bf05cddb bf4586a4 3e8da9ae bea00a42 3f6c3f69 be8a4a7e bf3b9e99 becb1b19 bef38bd8 3f0c8df0 3f38bed4 3e883a46 be8d6a61 bea14a6f 3e3412c6 bde663b0 bf355eac 3f3edee2 3e33b29e beb06ab2 3f002633 3ec28b57 bf405f1c 3eb28ab2 be0512ef 3ed87b4d bedcaacb bf6707b2 3ef08b3c 3ee98b6f bf58f6f6 3f412ef5 bed4fba9 3f164e4f be36f337 bd5f4448 bd7cc337 bee66b5e 3ed4eb97 bf275e74 3f018e20 3f20ae1b 3f69e78e be887973 3f2ba617 bf1cb6dd 3f01065d bef3bc19 be697236 3e37f42d be6f7494 3f3ad6cc 3ddce2df bf10f612 3eacfad5 bf251662 be631218 3f36ee7a bdf4a46c bd3fbea2 be08f2bf be611374 bf5ab701 3f764fae bf7a203c 3e573495 bf15263c 3f643f64 3e92f9bb be3b3267 beea2b57 3f2c4e7e 3ee69b74 bd3cc27b 3f19b63d be55d256 3efb0be6 bdbb22fc 
3f2176bb 3e6753b2 3e0fd1e5 3e8b3a8e bea75a6c 3ef74b78 bf1f564b 3f090e12 bf686794 3f6ebfc6 be7f14fd 3f53d745 3f4edef5 bd85e344 3f6857ac bf51271e 3f0f1608 bf6f079b 3efe1b17 3eb54ac1 bf651745 3ee9caf2 3f377eb4 bf15064a 3f6e97b7 bf62075c 3f6cbf68 3f199624 bf7cc81a 3f478ef6 bf7f4075 bdd31fce 3dada2be 3e9e1a32 3f13de6c bf0f65ed bd264073 3e69925d 3f7c5020 bf49b70c 3f37a6db bf4c7f05 be94da2e bf758fb5 3f65f7ef bc8e89fe 3e39d4a9 bf3e7ef4 bec90ada be80aa2f 3f7497b1 bf2dbe6f 3f78e80b bf589701 3e6d54aa bf1ae66b 3f603f72 3eacca82 3eacba85 be90ea5d bf1d365c bf1aee3b 3ea0cada 3ed27ae9 be353259 3e1032b4 3f5def69 bf5a074e 3ebb4b1f 3dd6a36c bf588f19 3dd9a29f 3eb42a51 3dc9e28f bde26378 bed15af3 3ee14af7 3f73b7fc bf6bb7b7 bc978c3b 3e3112c7 bdd96490 3b8e0999 bf478ee4 3f7057b4 bf286678 3f575759 bf2fd685 3f3d1ec1 be953a5d 3e8ec9f9 bf4d56cb bf6437b9 3f39af03 bf530ee4 3f035df6 bf25d628 3f623767 3e6611a1 bf3f7ee8 3f73d7df bf756fd7 3e387101 3ed92bc2 bf527f35 3f7ec80e bee1aaf3 3edd5afe bf62f782 3f2d0698 bee63bdb 3f4a4f18 3f1d6e21 bf6d4fc8 3f5d8f73 3f027598 bf14be55 3e831ac7 bf607f4e 3ebfcad2 3e0cb22b bebf9abb be5d733a bf5cdf8e 3f01b5ed bf4d5f39 3f31be5a bf650736 
bf2e86fe bea91a38 3ee4eb68 bf62b793 3f63af8f bf2826c0 3f00e599 beceeadc 3eba3aaf bea4ba3b be10523c bf4c3711 bf5cf72d 3e816a1a bf5b5f3d 3f678fbf be4a7342 3f0ad60b bde123f2 bef96bb4 3f6cc7c4 be8d09d3 bf679775 3f0145cc bd49c3bf 3e91eaa3 bf3ce736 bee16ab0 3f267677 beeffbf4 3f0bce34 3f2ede5f be0491ce bf421ef2 3ddd2323 3cac7b56 3df32132 bf02e5f7 3e0472b3 bf5d9739 3e05117f 3eb7fadd 3f3dd70a 3f0cc601 bf5f5f6f 3f170e71 bf207e64 3f4486b7 3f731fbd bf03bd99 bdb022a8 3efbcb93 beff7bd6 3e46d1f7 3eb8ca8b bdbbe34d 3e165289 bf6d2f9a 3e9afa73 bef46be0 3f7f385c 3e4a1185 3e858a6c bf46ef1b 3edbface bf29a670 bed81c02 3ef0ebc0 bf7b57ef 3f607f2b bba9f3f2 3efc5c13 bf56ef2b 3d76446e 3e04d13f be03d12d 3e06d160 bf6ba794 3f2a76c8 3f0dc5f1 bf1e9e65 3f419eb2 bf103622 3f785fe8 bf18ee5b bf14d609 3f3e5eb9 bf0c8647 3ee13b99 bf490703 3ea53a03 3f0cde70 3e8ce9d5 bd93a5df be87e9ad 3f75dfab bf3736ee bd623e99 bf122e00 3f7cc028 bf75083b 3f0e4681 bec41b49 3eaa7b49 3eb8eb52 bd6548ea bf1c4630 3f41eee1 bf19be5a 3f510f4b beffdbc4 be92997f bf26e6c1 3f409ef0 bf4926c4 bf02fe21 3f29aec3 be4f734e bd5d40b4 3f4f4f30 bf2f3ec7 3eee4bb1 3d49c4e7 3f69cf5e bf0675af 3f3db6d5 bf3cd6e9 3f3e4ee2 
3f7f885b bef76b9e 3f4dcf78 bf32b6de 3f24f6a0 bf68b718 3f6e9f87 bf47b724 3f7717b5 bf67f791 3f4b4f6a 3f57feec 3e7f3444 3f133df3 bef9ac07 3e6fd359 bf644f8d 3e48b346 be3fb253 3d24be7c bec54b27 bc25032b 3f3ceef8 be23125d bf510f35 3e159130 3f683757 bf0e15ca 3f4eceed bf521f4f 3dd4652a bf469f3b bdf26267 3f71502a bf1a4e7d 3ee36bfc 3ea38ad2 bf049dda 3f481f17 3e9519e8 3f14f629 bf6f47bb bee52c2a bea7a9fc 3f222e6e bf7467e4 3f57f739 bf6d6780 bf4106c2 3f22167f bf59f700 3ecf0bc1 bf218e25 3f5baf52 bf792825 3e70d3b9 3d1542a4 3dc722ad 3eb5ba06 3e261213 bf40a6c5 3e2b734e bf5f7f93 3f74803c be8a0a81 3f17de9e 3eed8bea bcb281c3 3f3eb732 bf2c7e68 be6172a3 bdd4234a 3f4226d7 bec4dafb 3f5bd73d bf34a6bf 3f4f1737 bee8bbdf 3ec5da8e bf7e9881 3ea13b10 bf122655 3f09863a bf65cfab 3f3b26c6 3ea55a8b be53d35e bec44aba 3e6d944f 3f098e55 beeb3bb0 bd17c228 bf0d25cf 3f6befbf bf201e98 bef69b5b 3f45dee0 be137334 3e7e33ee bf0785e3 3efe4bbb bc26fb88 3ee37ae5 bf668fa6 be8f2a7b bdc8a11a 3f005e0d bf43474a 3f47c766 bf54072b 3c78ef03 3f6f8fbd bf149644 3f4806f5 beebec72 3f7d6008 bf7a77dc 3f7a5feb bf1d86b3 3d58c92b bf08ae33 3f243e8b bf0165d5 bf24567d 3f1ebeb0 bf78903b 3f68f7dd bf27265e 
3efcebdf bf7d902b 3ed72b16 bf04660c 3f51af1c bf2b0e8c 3f318655 bf3f6653 3d26404d 3f1c8645 bf6ad75b bec2eb7f bf333e75 3e8a099e be4d137c 3f244e67 3db521b3 3ea4ca45 3ca0849d 3ea0bab7 3e3ef445 3cdd8439 bf2d06d5 3f23a6a4 3ed45b12 3d414482 bf0ca63b 3e8b19ca bf49c731 3f74cffd 3e07b25e 3e52d2b6 3e8f5ac8 be44d35a 3d233854 bedefacf be709373 3ec169b5 bf24762c bebc4aa2 be8b29c0 3ebd4ac7 3f7dd01f bf36f667 3f4606c9 beb2bac7 3f4bdf18 be135281 3f202675 3dcd9feb 3eb4aa78 3ea519f7 be7dd48d 3cdf8458 3e20d2cf 3ef12c13 bf1dfe68 3f183662 bf708780 3f4546e7 bf20c687 3f1f4696 3f23e60b bf709fcb 3ee26b78 bf6bd7e6 be71d2e5 bef49c49 befa3b82 3f5db75c bee0ab28 3ee92b2b bf459715 bcfe7b7e bed2fab7 be9f0aaf 3e809a20 be527389 3e7c7410 3ea24aaf 3ef0bb33 3e824a13 beb0aad0 3e67b361 3a10ccc9 bf673fa7 3f25269a 3e48f2e6 be824a75 bd2ac210 bea15a88 3f7f0027 bf4dc70c be6a7374 3edccad0 3ec39b6b bf375e8f 3c6102f1 3f5a2716 bf6bc7e6 3f302e84 bf6ebfcf 3e4714bf 3f128643 3f57eeea bea5fa5f 3e5b934f 3e803952 bf17e65a 3f598767 be8e2a41 3dc6e234 bf0415ee 3e5af43e bf017d93 3f310663 bf7d97dc 3eb0daaa bec6cb4a 3f263e91 be6ad54d 3e287362 bebe7aa5 3f7e1019 bf4876d6 3f5eff32 be865a3f bf290e2c 
bf198676 3f431eea 3eef3b75 bf2d1648 3efbabbd bf052e3a 3e2b1194 3edfabb3 bec10b39 bd4e435e 3e77f381 3f70d798 beb94a3f 3f1dce75 bf53bf36 3e800a03 bf494f14 3ede6bb4 bf7117c5 3e97ca2a bf2dee6b 3eb05a8f 3e8c19a3 bf466ee1 be5df42c 3e42f34c beec8b8b 3f402ed4 3b141971 bf1cae82 bee4eb69 3ec72a9d bf29268a bd3f450c b9e1c548 3f499ed9 bef61bf0 3f440efa bef5aacb 3f721f9e bed23b07 bc877a94 beaa5b13 bea07a6f 3e3fb20c beb80ac6 bf46fef3 bca78ca9 3e00f279 bf690f2a 3dbda53c bf44e71e 3f796fb3 bf488718 3f0715ac bf7a0032 3f4b2f70 be897aa7 3dd5e6a5 be961a92 3f5576f1 bf52bebb be921a46 3eeb6b82 bb81f2ec 3f2a6e14 3e8a3a60 3f4f7ee6 3e043230 bf5c673f 3f70af86 bf3c36a1 3f4a7ef8 3eb9fb0c 3d39426e 3f7e580c bf5c9764 3f338e8a bf53ff2c 3df0a31e bf1b4661 bf22b625 3f517728 be05b27d be51734b 3f7b0804 bf6727ac 3ef98c0b bf445730 3f7327df bf0f2d89 beeebbf8 3f682716 3e32f332 beb7dadf be91ba96 3f52bef9 bf2f8e9d bf11de20 3f64a760 bf191665 3f7b6810 bf268ea5 be69f33c bf4c0ed8 be93b9ef 3e917a2c bf352e88 3f49cf1d bef28c5e bf30666b 3f4f2f59 bf00fe37 3f56cf0d bf709794 3e9ea9b4 3f252e62 bd89625d 3e7553e1 bf1f6648 3f67bf34 bf773fe3 3f6bdf82 bf50f762 3ec1ab8c bf1ea631 3d7342f6 3f5f175a 
3efa3c14 bf139631 bf56ff57 3f5e475e bf397eb6 3f28bee9 becb5ab9 bde3a362 3e8fb9ca 3ea7bae7 bf784802 3f1ffe5a bf7df05f 3f65b764 bed70b40 3f34d666 bdb2a31f 3e3d3360 3f36b6dd be89ea5e 3f7247c7 bf520749 3f3b1711 be3ab32b 3f6aef53 bf3df6ba 3f62071a bf3146a4 bddd621e 3f68d738 be3611fa 3eb2eada be51d4b2 3f7ac808 bf347655 3db6248b bed1db3e be9919ef 3ecd4b56 bf398743 3f5a5741 bec92ab8 bab82671 3f6b87f5 bf43ef25 3f490f08 3f045e42 3ec23abd be896a1f 3ec51a2c 3f629f43 bf0335af 3ea3ca93 bf3526b2 3f4bc73f bcd3841c bde3213f bee35c1d 3f74f7f2 bf4446a2 3deaa46d be1cd17e 3f3c06a0 befddbed be7d72a9 bea97a2e becbda08 bf33e6ad be06f15f 3f129e0b bebb4b21 be501299 bd03bf86 bf2b1e98 bea549f5 be3b1384 bf1a6e61 3f5abf38 bea0eaf7 3f24366e 3e0d51f6 3f3af6ce bf21d649 bec09af3 3ec64af2 bee88b73 be713403 3f53a74b beae8a11 be2952df 3ec6fb2f 3ecbbbd2 bf6fcf9a be5872ca 3ef45bba bf06a5d0 3eb90a40 3e957a1e 3ee2fb21 befb4bdb 3d8ea3aa bf0b7e05 3f1455ea 3eff2bdb 3de6222a 3f689784 beae5aac 3f13fe24 bf66e79b 3f7a3fdf bd52c8e4 3e2f7347 bf16be20 3efd8b8c 3ece9b61 bedf6b97 be72d396 bf103dfb 3f168dce bf066580 be8c09de 3efcbbad bee78b72 3d6ec552 3ed38ac2 3e9ebaa2 be1bf212 bf1ba63c 
bf538f36 3f56bf2e 3ec78aba 3e15109c bec3bb02 3f3ae6d9 bf53b71d 3f539734 bf59ef5f 3e1d71b3 3effeb61 bf2d1e6e 3f1e2e52 bed75b3a be8e1990 3d8fe1f1 be67d2ef bed7eb92 bc6cf648 bf36b6bf 3e2d335b bee46b77 3e5372c9 bf356ea5 3ea05a2f bf2415f2 3f113de9 bf126e56 3e91fa62 bdb9a35a bf5c472f 3f205e4c bf4246bf 3e9cba6b bf48ef42 3f5266dc 3e2f925b 3e06916a be44f3e5 3ddb2550 bf2a8656 3e1830b6 3ebd8abd bf74cfed 3f000642 bee79b8d beac1ae8 bf64ef91 3ee47bf7 bdef248a bf437f0a 3e52b412 3d21bd3f 3f3f66c6 bf629f61 3e8bd932 be2c9274 3f02fe38 bf5a6f52 3f11b651 be291333 3ee66b64 bf61b75d 3f6c87a8 bebe3b07 3f6f5f73 beb91b98 3f79a7d8 3dcddfbc be447289 beb65b2f 3f4b9f37 bc650582 3e5bd297 3f287e6c bd88e28b 3f6d5795 bf7b9002 3e4472ef bed6eafe be979a02 be7ed494 3e1db21d 3f4196ce bf3006a4 3f4de723 3d8d1fbd bf775854 3f2a3ed4 be0c1245 beed4c11 bd4345ca 3f299e6f bdade570 3ee7cb54 bdc160df bee96b8d bef71b5d 3e549330 bdeae47a 3de6a25c 3f34df18 bf77a7d5 bed22b27 3ddbe4ae bf08d5ee bf4206a1 3f5d6764 be2c52e1 bf377eaa 3ecdab1b bea90af0 3ee4dbee bf5e375a bd54c666 3e901a1d 3ed52b83 bdf3e25c 3ed9bb53 3badff42 3f1ea639 bf183e7a 3f14a620 bc988531 bf551744 3d0f3eba 3c3afecb 3f27669b 
3f764810 bee30b7c bf64c733 3ebacb7e bf07adbe be2af310 3f2776ac bf3eceef 3f76301d bf3f26e0 3f60473a bf116e1a 3f32f6a4 bef82c26 3f468ecf be9b9a26 3d9f251a 3f46fea3 beba2b01 3f4a96f7 3da8e145 bdf8a447 3f728791 bf43cee0 3f643749 bee29b53 3e465404 3de5a0ce 3e7433ea bed40aa0 3f619f49 be6a94a0 3e68d2d1 bddda1c8 3f4d7714 bf3126a3 bf0d7d83 3f23ce8d bf012dda 3f657797 be09f394 3f3c4ec1 bf57cf11 3f2e2e9c 3e92ba08 bf204e54 3f7de81a 3ea81a2e 3ec29ad8 bf560efa 3f6ee817 3c9883af bf28166a 3e0c9268 bf121e45 3f800000 bf149e56 3e95fa5e beb7eb00 3f555f14 bf6c0f98 3f13260d beae0a98 be187292 be3ff2c3 be0831a8 be841971 bdb0a001 bf6fb7af 3f0d365e 3e21f23f be03f1cd bf58d70b 3f1d8640 bf31ce8d be99ca9d bea95ad3 3eb56b31 3d57c350 3f2c9e6c bf0b9e22 3f7437d3 bf76bffd 3eaedade be68d452 bf293ea1 3e939b06 3f3c66a8 bf6ae7c1 3f59f756 bea349cd 3e977ac3 bec5dae7 3c8980d3 bf459ec3 3eb479f3 3f6b5fa0 be15d394 bc3cf5be 3dba2523 bcfd89de bf2d66a8 3f4736df 3f536739 bf4896d3 3f5e174c 3eeeac0d bf7b6817 3f1af62d 3ebb0ad4 bf0d1637 3d9ee14d 3ecefb4f 3ef0db8f bd84a34a bdcee1d1 be867aab 3e6cd346 bf6ed792 3d4f459c be2a5328 bda2a0f5 beb41a93 3e1a92f7 3f757820 bea70a57 3e5c7441 bf3966f5 
bf6f57a2 3e90293d 3f266641 be38b345 3f7017c9 be8fea62 be86b9fe 3d84e0f3 3ea5ba1a bf3ace93 3cbc82db be8719b7 bd22440e be52f240 be65b2dd 3e91a9ac bf1f6e98 3e36d3b9 bf20ee4b bc2b0b84 be54931c be8089d1 bef8fbdd 3ef9fc65 bf14a62e 3efd6b20 bebb9a53 bc00fb64 3dbaa12a beef5c13 3ed23bae bf76b7cd 3f37468d beefec6e bef7db07 3f701f8d be84ea51 3dee2310 bec9faa9 bedc2b56 3c39049f bf7bf063 3f476f43 bea9bafe bf0a05dc 3f62bf96 bf79001c be878983 be9b5a64 3f57b705 bf7da05d 3f4336ac bee3bb8b 3f3bd6b8 3ecd5a80 bf3f16be bebdfb16 3f617758 bf2e266e 3ec54b3a bf594f35 3f7897e5 bf005e24 3f49f6dc bdd561da be8a1a59 3f094de7 be0c5255 3f616724 be805a3a be919a0b be1bd279 3f1cb629 be32b36a bdbfa298 3f4ee743 bea18a55 3ecc2af4 bf04ae11 bed32a6b 3f372ed7 bf73cf8f 3f677f7d bf21ee52 3f285694 3f275682 bf6a1f83 3e5b72cc 3c848906 be5e5381 3db96053 3d38418e bd62bff2 3e1af15f 3f1ab664 bf017600 bf5d2ef6 3e888a3a 3e74f264 bf0945de 3f16b665 bd7840a2 be1131f3 bf47172c 3eb16ae5 be92ca28 be665372 3f3b370c bf5bef7e 3e8e89ca 3f2aee72 bed24b5e beb3ba93 bf279e41 3f27967c bf02c5b2 3dd7a2e0 3e56f3bf 3f542f37 bd4dc8d8 bda9e2eb 3efa7c31 3e8569f2 befabc0f bf207683 3e0ef243 bbe2119d 3ee1cbb8 
bd1dc47f 3f21d68c bf344e9a bd15c209 bf18f64a be6dd35f 3f69876a bf523f2e 3e4632e2 3e97ba11 3f485f17 bf15ae5d 3f5de77b be936a64 3eacda85 bec2faa3 3f57cf28 beccdb25 3f52f702 be6e1373 bc6aff82 3f586761 bee73ba5 3efafb48 bf2bfe28 3f2f169c bf3ddf12 3f2bee67 bf114654 3f59673c bf0a1e48 3f2daecc bf12b647 3f6b7f92 bf18ae46 bdd16450 bd7e4504 3e87fa0b 3e73b3c6 3f2bb6c3 be80e968 3f71f7e9 bd6fc64e beea7b41 3f492727 bf52b757 3f4d270a 3e9d6a65 bf22a65a 3f320700 bf18dde5 3e2bf1dd be10921c be6613c1 bf4f1748 3f6d27ec 3eb27a7f bf0a5612 be31327b 3f016db5 3ec3aa93 be948a2e bf06ddd6 3de4a297 bf01fde7 3f517f10 bef4dc0a be30d23e befd0bce 3e5193af bdbda2db 3f14ae01 bd81df40 be67b325 3bfdf373 3e37b319 bee28b3d be5d544a 3f6737b1 bf6db7c4 3f6b0f8b bf4a1efd 3f34467a be81ca7e bf400e66 3e980a0f be6ed3d8 3f614fa8 bf7c77fc 3f73b01f bf6e1fee 3f41c6ea bf7cd870 3f7e3863 bf69d7de 3f7ce019 3db9a215 3e73d325 bf2a2696 3f3ca6b6 bf15868e 3e255222 bd44c2be 3e3c5357 3f3b4eaf bf4c2eef 3df862d5 bd9de2a6 3e6fb441 bea119f0 bf68cf7e 3f2f66b0 3ef6fb90 bcdc812f 3bf1e2a8 3e6bf2c0 3e9fea36 bf3c76bf bf1b2652 3eb5eae7 be3e52ef bf15168c 3dbca3f9 3eab8af6 3ebdab26 3eac1b27 bf3aaec6 3f121e04 
be4d73b4 bf23366e 3ea87af7 3e27525a 3e705405 3e895a2a bedffb93 3ef0cb7a be09b1dd be40734f bf4b1ee6 3ed17b0c bf3af69d bd1d4590 3ec3fa74 beeeab1d 3d6041b5 bf3e9ec4 3dabe18b 3ea50aa2 bf373efe 3eb86a8f bf3daeb8 3f7177b0 bf292e8a 3f022e22 be3d329e 3f111e32 bf4f7f0e 3eebfbfc bf41b725 3f4caef3 bf28ce45 be379258 3e87a9e2 3f281697 bf2cb66d 3d9d62a6 befa0beb bf123e3b 3e5fb41b bf2a6e89 bee24b86 3f20b6c0 bee91bce 3ec77b1d bf6f3fa0 3f4da71a bdcb238f bec5ab29 3f055deb be847a1c 3f247ea0 bebd8b0d 3f257680 beefcb86 bef4ac26 3eb83adf 3eedabac bf065620 bf5a0f11 3f586f4d bea39a1d 3f78780b bf4d3740 3ec85b24 bf2eae80 3f49971c 3ec00b12 bf4b5722 3f64ef89 bf6917b2 bf33ee90 3f318eb5 bd9fa0bf bf3896f5 3f722fa7 bf090e0f 3ccc8349 3f34a6eb bf7ee084 3f577784 bf7837b7 3f4eef2a bda66299 3ef97bd8 bf6bbfca 3ee41b99 be55b21d 3e91da1d be503226 3ea14ab8 3eeefbbb bf424ed4 be806995 3c690de9 bf399726 3f58077a bf27be57 3f1f9678 bf25c683 3ece8aa7 3f1475e4 bf556f26 be5b73f7 3f473f30 bd39c451 bca1810e 3e3cf341 3ec10a28 3f5faf8d bf5fef5e 3cb983ee be17928c bd59c0c2 bf06c64f 3e94ba0d 3e26b12c 3f78efd9 bf7c47f8 3f35debc 3f00bdd1 bf09c5b2 3e24d211 bf061608 bdfaa340 3e938ab7 bdbb5fec 
