/*
 * @(#)BlueNoiseData1_128 * Copyright © 2026 Werner Randelshofer, Switzerland. MIT License.
 */
3e60f1cf bd832565 3eb0ab07 3f0a757d 3f2ea6d7 bd5cc577 bd3e436c 3e29f1ce 3f34beb4 bf5f3730 be194f3f bd38c3b9 3f55ff25 bf2d2605 3f711842 3dc46182 be9eda20 bf543ee8 3ee2bb4f bf72e004 3f0845de 3da26195 3b3bbde5 3eb0da58 bdd7e39c bf695fa4 3f2ebe85 be87aacf bf77e87b 3e49ef9c 3eda0a9b be8b4994 3ea91b4b 3f5e0f0a beaa2b00 beb8aaa7 3f260ec7 be7731ec bf4ed745 3f313edb bf3725f4 3f7e68cf bf397e26 bf0e768a 3e6410f7 3de560fb 3eae68c3 3f139dae bf54dfa9 3f660756 bf77d031 3f68470f bf01fdb8 3f0ddd72 bde6e5f1 bf35a5e3 bec6dab5 bc391128 3f5af705 bf108603 bf398e5b 3da95ef4 bf6c9816 3e5512e8 bedfaaec bea4c972 3f34d623 be8bfa99 bf07c5bf 3f136e3f bf035d90 3e965993 be6452cb be9aaa0e 3f02a54c bf463ee9 be2df205 3e5a70ee 3d36cdf1 3f22869e bf294e70 be61f25d 3ed0bb31 bdaadf63 bf08b56e 3e1f125e 3ee4cb65 bf43f61c be9eaa88 3f74085f bf7b5862 3ec85ab5 3c8d8ad8 3ee3fb22 bf2afe5a 3f0d7e69 bf6677ca be25d335 3e79745b bee5ac2a bec84c1c 3ea19a95 bf104608 3f634752 bdfd6510 3f243e39 3d254532 3e691479 3edbca90 bf707f11 3f6046dd beb62ae1 3f734847 bf028ddd bf0be5f1 3f628ee6 befefaaa 3d34bebe bf6667c1 bf148643 3e7b5494 3f4fcf2e 3e81d925 3f3abe94 3e259183 3f61e73d bd8022c2 be9819ea 
3e693345 bf34e63f 3e7692c3 bf6adf59 beac7ad6 be1bf276 3e05b21a 3c8b77b1 bf468e54 3f66fff1 3ee98c8f bf6c5ff5 3e8a78e7 be0d72ef bea8aaa8 bec58ab6 3f4c76d5 3dbca017 3e6954f1 3c3926f6 bdcc5f3b bedafa6c 3f6aaf60 bf5aff5d 3f3b5634 3e2a54cd bede8b27 3f40763c 3eb779c3 3ef82c79 bf6a378d 3f20363d bf1405cb bf4a2f01 3efedb67 3ef29b6b bf6b8f9e 3f7a70f1 bced858a 3f22ddf9 bf0dc607 be18d30b 3dd622e2 3f7dd8ac bf470ef5 3f393655 bf22de85 bf2c0649 3f78f04d bf6fb075 3ef80c4c bcee7fe5 be3d0eeb bf256e28 3ef1ea9d 3f169e61 3e928a3b bcd68add bf359670 3f402e1b 3e1ad2aa 3f248dcd 3ea35915 be8b6ac4 3f45064f bd714468 3eb0cab1 bee1ab71 3f5da758 bf0bf62b 3f06951b 3d6ac500 bcec8e1f 3e06f1df beb2cbbb 3f7158ac bea95b30 3ea5daae bf01dd95 bef1abc8 3f0c9600 bc3513f5 3e6cd41c be91ba93 3f551fbb bf21c5db 3e2d965c 3dd864dc 3f69ff5e bf6656f6 3f378e58 be833984 befaeb85 3efc0a0c bee38b06 3eeddb0b 3db15c34 3f00bdb5 bf537ef7 3f7db113 3e135262 3e15f0e5 bd4f46d0 bdb7e523 beb98a59 bf296691 3df2a0b0 bf4386dd 3e989a78 3f080605 be16b187 be9b6a4c bf4f2efb 3f17ae58 ba3069b1 be970a61 3eb5f9ba bd1f38e0 3f287e60 3f668f99 bf6176e3 beceda11 be579092 bef72af8 bf0ac56e bebf5a76 bebaba9b 3eb95b5c 
3ec38a81 be05f227 3f650f1e be0cd3dd 3f7c6947 bf3e8e5e 3f541f24 bf3dcf18 3f69dfd2 bf714059 beb03acc 3f76480f be801a70 3de46483 3e49922c 3e29b331 bf3abe74 3e0491ed be9489e9 3d842369 3f4356a9 bf36ceab 3cd78668 bef08a3d 3e0b7332 be6b94e7 3e811a13 bf52c6b7 be90e873 bf3e1e32 3f6f6835 bf08ee25 3f23161d 3eae59fa be75132f bf1bde06 3f39fe82 bf686f8e be3693ef beeb9b51 3e827a3f 3f4bfe1b bf2e46d8 bef5ebe9 3f0d95aa bf6cff94 3f506ebc 3dd15e0d bec2ebcd 3f51f68e bf0f1e51 3d16410e 3e9bfa2e 3f6b781d bf5aaee2 bf0fb5b3 3e9b8a2b be8e9904 3e5271a5 3dd3a21b bf75f7d3 3e34f373 bf508684 3f394e72 bf3306ec bf0005a0 3c918af6 bebc3abd bdcb2503 be1d11ad 3d24bb7e bf48ded6 3f3f86c1 bef5da92 3ed9cc01 bf664777 3e6f140c 3c1110cd 3dad5fed 3f638f4c bf548ee2 3f1b0ea3 bf584e7e bd754041 3dc12473 be2f73ec 3e9d6a46 bf2eae4c bda8a0c7 be815a8d bceb8564 3f349e3b bf315f44 3f3db596 bef6bb8b 3eaac997 bf7c0850 3f424ee9 3d4f40de bf13063d be7d921a bf23e661 3f76b0e1 bf4e2691 3f670800 3eb2cad3 3e4eb549 3f3b96fe bf5c3f9f 3d11c2f9 bf3866cd 3f705fc5 3e8669eb be8609ff 3f17a611 bf53a78d 3f2966a1 bf62b728 3d84e60c bf616751 3f255dd4 3f4766b3 befe6b0f 3f445f03 3eb49ae0 3e52f263 3f5be76e bf7d58a6 
3f2dc641 bf62a754 3d54c61a bf783069 3f22b575 bf0475ae 3e54d1ce bea03b8d 3ee38a0a be475054 3f6837eb bf61afcc bef47c28 3f3fceef bf596ec4 3f7250bf bed22ac3 3f1d1e86 beb14abe 3e3711b0 bf6e80a9 3f697758 bdf32148 3f61883b bebfeb3e 3dca2024 3c9f776c 3f27e617 3eb7db4a 3f660fa2 bf3ec693 3e1f728d be881ac4 bedd3c05 3f308eb0 3d35c806 be1db240 3f5096cf 3d4243a1 3f351e53 bf6ed7bf 3cd67fb7 be7d54fe 3f62ef71 bef30c74 3f22ce9b bf11ddb5 3f295e91 bf45ce53 3d96a2d8 3d9f1e4b 3e0531e5 bf491e2d bec9f9ef 3f207e1c 3f15464f bf673755 3f50ce86 bedf2b4b 3e53959e 3eee9bae 3e1e5417 3da99f99 bd24c542 bccf9256 3f5a76e7 3ec81a3c bd153964 3f3ee6e3 beef1b88 3ebe4a14 3f149655 bf67d7e5 3f556eeb bf3636b0 3f5e174c 3e63f0da bf5bff31 3f0ea622 bf466f18 3e01542f be0e52f5 3f3a9e59 3e909a34 bd95601c beefba67 3f4cb628 bdd0a256 3e8c0931 3f21de6a bf30d615 bd55435d 3dcc633f 3e00b145 bf3826cf 3f427e89 3ea7ab6e bf48e730 3d2ac2c1 3e7d12d2 3f333650 3e1872da bf20be02 3ea01aac bea2f951 bf314e2b be3ef29e beccbc36 3f380680 3ea54a2b 3e914a82 bdbea55a bf2c5e16 3ec68b80 bf735ff5 3f724807 bea8fa8b 3ef08b50 3eed79f8 be013086 3d5ac03f bf53976a 3f206651 bf668f4e 3ec5fb78 bf762860 be6d7502 3e795429 
beff3ac6 3f1a4edd 3ec73b1b 3e61519a bd3a489e bee10b38 3f58ef77 bf526f51 3efa5995 bf229d9e beb84b1b 3f2865a7 3ed139c3 be72f3e3 bcf97776 bf041584 3e833afb be7a7399 bc292805 3efe2b8f be6bd55b 3e8b0a48 bf384ebd beadea58 be239462 3ec15aa4 beebdb4f be0bf3ff bf46e662 bf0e4dd7 3dd0df15 3e4f1381 3ead6a2b 3bda4f9a bf3f36ac 3ec46a6d bf1a75f7 bd2c3567 bf5006a3 3e4c93b8 3f186684 bdb9a405 3f2daddf bf753843 3e8eb943 be3712c5 bce96eea bf1b5ddb 3f16de1e 3e03f4c2 bebe5aa9 3f00d4ef 3f1b7db5 3de0a37e bf5f3f41 3f2c2e34 bebaea3d 3f1ab5f4 bf136d9b bd6143a3 bd774949 be9aca32 3eb4ab31 be8e5988 3ed7ca5e bf7ad86f bed72a07 bf186daa 3eae09c2 bf58e6d7 3f430eef bf53ded2 3f121e2f beaccae5 3e9daa56 bf389eab be3413f8 3f43d61e be7a934b bcb77041 3f235dc0 be78d33c bf080df2 bf07968d 3e6dd161 3ef14b39 bf7b993a 3ea98b23 bf4db6c2 3eaedafd be68d27b 3f45b64d bf5c5733 3f1d9dfe 3cc77496 bdf8e292 bf2bf672 3f63378e 3e731098 bf0fc617 bebb5b2c 3bc1dcb6 3ecbab4c 3c26fa22 3e3033e4 3f1bf679 3e2172a8 bcf5701a be3f30c3 bf7bd0bb 3e8baa39 bf0845f0 3f1a65d5 be31f331 3f6afffa bf102e09 beb57a17 3deae1b9 bf7f214c 3f4bbf3e be461134 3d0144cc 3e261344 3e874975 bed0a9ff 3f570675 3f28d66e bf255623 
3ea879cb be538f0c bf46d6e2 3ef7abc4 bedb1be2 3f56cf75 bf59ef57 3f4cdeee befbda7a 3f6f17b6 3e2eb4e3 bf60ff0b 3e8e6a84 bf1fae4d 3f66a769 bdfd1f8f 3e992a61 bf135683 3f283ea6 bf7f09a8 3f72dfe1 bf1af65d 3e661191 3f79206a bebfab10 3e78f4ab be1eb15e 3eed8bbd 3ec56a4f 3f17edb9 3ed96b35 bec0a9fb bf43bed8 3f6b8fd5 be2fd33a 3f13e5cb be613358 3f1d3e8c 3eaa4a88 beb7eacb be35120c bf3256a7 bd9264ca 3ea15aa6 bb347ada 3d493dbf 3e125055 3f24c65f bd85a1e6 beaeaa92 3e647345 bf411e89 bee9fa9f 3ef05bca 3e5a337d bef94b74 3d45bba7 bf20ae9f 3eb72a7e 3f2dfdf2 bf1bee08 3e45b302 bd093af6 beb8dafd 3bf628ea 3ee7cb76 3f590f73 3f278df0 bf257697 3f66d707 becb3be7 beabfa1e 3f5bb73b bf71100d 3f1c5e51 3edaba17 bd2ec42b beb1fa4c 3d72bcb0 bce48f67 3e3e1211 bf3cde23 3f77c7c7 3f1fb629 bf319e26 3eaa3a1b 3d816276 3eb19bac 3f152ed2 bec30b2e bea0b9fd 3f0a5e0e beee9b4a 3ea00b75 beac4a24 3e4893f1 3e7f921c be91d9bc bf348722 3f5bfedf bcb07908 bee15ad3 3eb41a9b bf452e56 3e22f377 bf563fa5 3f6077b3 bf5e47e7 3f5df7d8 3eaf4998 3f0c7e19 beb3fae6 3f344e5e bf4f86af bec32b40 3e0af01e 3f037544 3bfdb696 3f61d6ff bf6d9f95 3edd2a9f 3df4e1eb be6c1454 bd916213 3f0d5620 bf6ab7cd bf261523 3f293e15 
3eaafa1f bed6eb21 3f5bc6e4 bf19fe37 3eb04ad6 bf2635da 3e0592e3 3e6c1098 bf5c07bd bd353c5c bf0ee5a1 3f719818 be01d3ee be5672fe 3ecddaab bf70bf3c 3e8a69a6 3f1e0eb1 bf3436ab 3f3d7f1d bf422eb0 3e919a02 3e95e87b bf4f1719 be99fa6f 3f173dd2 bf26c616 3e9d0ae3 bebb4b32 bf3ede93 bee45b08 3e5dd52e 3f5de737 bf231e14 bf07d580 3e7bb4f6 bf112637 3e12f07d beae4984 3dd264ef 3f2b6640 3e9b1a2e 3f5fc72b bf7d20d4 3f2c463d beb9b9aa 3d0ebd68 bf5bc756 be934a44 3e5d347a 3eabb8eb 3f5d070c beebcb05 3e8969ab bf21967d 3f3905db 3e43b23f 3f1e5da7 be3c921a bf690fba 3f641f46 bc412491 be9f29ae 3f6d7f6c be7754a1 be215146 bf7717ff bf2a15e3 3f21d61e beb01a44 be870a4b 3f60bf04 bf603fa9 3f387664 bef82b34 bf2c3679 3f215e67 bf30ae86 3f62bf16 bf4eb73e be2992ec 3f535fc1 bf4d96d1 bf37de55 3f567f8b bf60ef1d 3f409f1b bf393ee2 bf51570f 3f666787 3d99e271 bf69a7c6 3f7ef1ec bf5d8f70 3f294658 bf34a6a8 3f45c748 bf195553 3f4dbea2 bf3e0e54 3ef6db66 3ec43c38 bea97b2d 3f005da7 3f50876d beec3b05 bf086548 3f2b3e74 bf059d8c bf207e22 be9cfa0b 3e08927c bf437e68 3f6e6fad 3d02c0e0 3e30f0b1 be70d4cf bf3926ad 3c0edf78 3e7e9372 beeb1b05 3d8a6130 3cdd7727 beba4ae4 bb5b5b8a 3ed6db1d 3f6f5849 bf7ed8fb 
be30313b bede4b30 3f516ebe bf445dfc 3ed119f8 3f539737 bf5c36bb 3f3ebed0 3ee4fc3a 3eda6a6c 3d8be31c bf1c9ddf 3e4770ec 3eac59cc bf1a2df4 3f2696b4 3e12b3f3 bf6ccf9f 3f277df8 be80aa96 3e4d92f9 3d1aca01 be82f9fc 3e1ccff9 3f518e7b bf732fe7 3f78d89f bf5b0ea9 3f0bfe11 3e9cba24 3f70e776 bee5eb73 bf6d37ab 3f5c178e bdeb6569 3f51bf04 bf41f71c 3f38aed8 bf05655a 3ed71ae1 bf6f983f bed07b50 bf68ff78 3f0225c1 3dc1a661 bf4c5e92 3f647741 3ec1fb06 3f6d1814 beafaa2a bf4d1ef7 beb26b56 3efaec26 be90f9f7 3ef9fa79 bf208638 be8cd941 bf5f0ed8 3ea16985 3f29fec1 bf640ef3 3df36396 3e09b108 bf42be8d be405428 3ea4da6d 3f34cdfe 3f458e82 bf4bfecd 3e98aaf1 be49f311 3e962927 bf6b47bb 3f6146f6 bea9cb22 3f557f77 bf04cda9 3f35df30 bf2335e2 3f4d8707 3eb639b2 bf4eae42 3f76f8b6 be5c727e 3ed2b9f8 3dd5de45 bf368693 3f4c26b8 3f3d3e46 bf404f25 3d6bb641 3f42ae76 bf5976e8 3f73f001 bf225e12 3f414edf bf7a7025 3eaf7aef 3ec08a23 bed31baf be6c5379 bf22762a 3f02f53e bf376673 bf597f15 3f6027c0 3f181665 bf370eac 3ed94aad 3f127e17 3e6854c2 3dae240e 3eea3b99 bf63c7d3 3f1c2e10 bf6bf841 3f10657d 3f0bc5f4 bdb966e3 bde5a8aa 3f7d00c9 bf423f22 3f1bcdbf 3ede7b81 be97b98b be24f5c2 bf7cb865 3f742022 
3eb87a4f 3ed6bb30 bf70b782 3f115da9 bea34a42 bf44b608 3f41c638 bf5ecf7f bf27ee54 bef41c8e 3f0e5d54 be5c51ba 3e5812d1 bee40af7 3e09124f 3eecdb49 bf645766 3f4e4713 3d9a6341 bf431698 3f7c48ce bf68979d 3f2b463c becc9a75 3ddc26cc be3cef75 3e78b30d be33519f 3efceadd bf2f15e0 bf4d265b 3f2a9e88 3eee8a66 bdbee963 bf1d7ee5 bd94e3dd 3e804a35 3e160fd5 be8fda65 3eacba3c 3eec29ea 3f4005e0 3f500eb9 bda3a31b be925a2c 3f63b7c3 bf2d85f3 bf421664 bf5f96e9 3f015e0b 3f0895a7 3eabc866 bf2b4644 3ecc89b0 beacdae7 3edd9b5a 3ef26be6 3f056532 3ea67a96 bf54d6bd 3f4fff02 3cca8887 beb2eba4 3f39a6df 3f1d0eaa bf1ed5c9 be57d4cf bf3f9eeb 3f082dd3 3e8fc9c8 be647477 3e6c93a9 3e3174c7 3e8409a7 bf77c875 3eab197f bec97a33 bdd825e6 be5092ef bf266e24 3e76d32f bf3c6edb 3f446ebc bf679782 3d8f630f be2772d3 3f23e598 bf061ddf bf66df30 3f397e82 bf5c6efc 3f298dbd bf4e869a 3eb439c9 bf01d5b7 3df521af 3ee6aba9 bc12f2d2 bf5246d6 3f04fd6d 3f25cddd 3e9fea00 be2f1049 3f3eaed6 3eae7a38 bf07bd4b bf5de791 3f5b5f16 bf30be1a 3e291121 bf66a74c 3eb819b8 be05b317 3dfc639a 3ddd2607 3d9adb74 3e8aa90f bf644f51 3f113df6 bf3bae74 be8809f8 bdc8df24 3ca06e98 bf763841 3ee08a51 3e519177 3f693fa3 bf7c98ca 
bd53bbd1 be57f30c bd234833 3f6b4ff8 bf314682 3f75f76e bf0c4e0d 3f7c0878 3f239621 3ef12aeb bf44ae9f 3f1ce57b bf1ae59b 3f752070 beba5bbc bf009d00 3f185628 bcbe7e04 bf23f682 3f14c607 bf0b25b5 3d5242c6 3f053ddb bf3b35e0 3f23a727 bf6eafd9 3f68581e bf44663a 3e119438 bd1bc34e 3f7a5073 bf694f91 be79b426 be4cb530 3f6edfb6 bf31f712 3ef24b8b bf7e80f9 3f5dceef bf2c4670 bef8caea bf2ca670 bf28a667 bee97adc 3e97498d bf2a2e13 3f02063b 3f57f689 3ec9ca62 3e34d336 bf7308d8 3e81f8b3 3edb0b18 bf11fd9c 3f0a7d9b bf4bbefb 3d1fbf12 bf10c5e8 bf41ae69 3f776102 bf46771c 3d1ec2e1 3ee02ae0 bf216db5 bf3d2de7 3f148e08 be42d413 3f5a2f3a bf482750 3ec28a54 bf737899 3f24bed4 bf19bd61 bcf479a2 3eada8fa 3f2fc5e4 bf231669 3f47df1a 3f0bb5cd bd644412 3f53e6e7 befd0b43 3eeaeb26 be1cae44 3f4d6e6b bf55d701 3e98da17 3de5e622 3ebba9bd 3f4bee62 bea3ca9b 3dc4a470 3ede2bb1 3cd57d39 3e50b4b1 bd503e10 be69f3c6 bdefe298 3f6487a8 bf12ae25 bea21968 bf4606d2 3e4cf469 bf2a0e70 3da8a254 3e9bd97e 3eca0b88 bde424e5 3e41f3fa bdc59cb7 3f49be73 bedd1ad8 be2d33a3 3e9a0979 bec2fadc bd9362b0 3eb89a37 bf177618 3f4bb6a1 bdf4647a 3f54d791 bc611417 3dc7a141 3f5a6ece be7f5360 be8c3992 bf2a566a 3ef81b4a 
bf3b8e4b 3f639f2b bedc6bd1 beba8a45 be227149 3e1ed2b7 bef17bd6 bf184db3 bf608f1e 3e8809cd bed8993d 3f33de18 beae3a9f bf4fbeae 3f3c0e21 bea51aaa 3ebe7aa2 bf517f4e 3f457ef4 3eb688dd bef6ab3c 3f48c70c bf3d6ea8 3d5642b6 3f326e98 be7292f9 3e9a7ac8 beff9b0b 3f574765 bf08e696 3c838e2c 3e8ccaa4 3f58e755 bf391ed5 3ed199eb be1d52ab bcf08a4a 3f75ffdd bf6df047 3f648f79 3e946a2b 3f50b720 3eabd9ad 3f377dfc 3da7e2c0 3eae8b17 bf77dffe 3eb2ba4d bf6e3817 be13d206 3f323e37 beab1a0d bdb29d6f 3e01d1da 3e9bca55 3dcd1ecb bcbb8220 3f475655 3e6533fc bc9b7d73 be3d5162 3edbea00 bf55f727 3f4cf73b 3e3a733f 3eddfb53 bf350e6a 3f1755ea bf471ee2 3f558710 3df9a0ba 3ebb099a bed0db78 3f58679b bf1f1e44 bf101df6 3ec7ba57 bf059564 bf3ac63b be167183 bf4c6f7f 3f7ee9fb bf677f15 3d88df35 becd9b45 3f6b8805 bf7fd1da 3f19ee0e bf75201a bf21aebd 3dbc2454 bd23bea4 bef3b9fd be832aa9 3f097df2 bf558702 3f5c9f53 bf4ade49 3e9f6a85 bf15b580 3f4ee637 3eff7b8d 3e8beb6f 3e82aa68 bf145df5 3ef76b49 beff59fa 3e26b29d bf0b1dbc 3eb8e9fc bee90ac5 3e4791b8 3f09ed9e bf2d5e85 3f76588b bf1b9dc2 3e851880 3d915e5f 3d94e20a bf3bbe9d bf00ed54 3deba522 bef35abd bf2f9605 3f0b5df5 beef9b6a 3f672f1c 3da56553 
3e9e1958 beb71a96 3ec97a91 beaceae5 3f547f2f bf09d57a 3f354674 3f36be47 3eaffa2d 3d9a1fb5 3e93fc1b bf590e62 3f3d76ca 3e30b32e 3e16b1da be81498d 3e2c3373 3f0095cd bf49d714 bebc0b37 3e62b13a bf377613 3f67cff5 befc0b6f 3db1a380 bf44a69f 3f0b0e3e be11b03a be43d26d 3e3452c8 bf2b263f 3e033351 bf4b5700 3f31bedf bf6a47b4 3f03054b be02d1dd bf4d06cd 3f16e63e bf386e86 be898987 bf484ee1 be77d52c bedf9b52 bf542ee3 3eeeaa83 3f16f58d bf30def1 3f57e706 3e6bf0a9 bc9592d9 bee80a0b 3f132630 bf02160d beedac27 3e5bf27c 3d5b3885 bf5e371c 3e84c9c9 bf0acdc9 3f1eb622 bee4aadb 3f64bfd8 bf0f0dd1 bdc0dc53 bf451636 3f64400b bf5dff32 3f442e4b beb7797e bf38b68c 3e05f13c be945b09 be6434bf 3c551a6e 3f40b6d6 bdbaa6fa bd0a3939 3f667f65 3f070526 3e8f0ae0 bf4cb6ee 3efe5b45 3f131593 be8d2996 bf0a4df4 3f58df8d bdb41d9f 3f335673 3f2bedeb bd27c657 3d52bf52 3f7fe1df bf60e77f 3f1b5e2c bef06acb 3f5bf704 bf1a15be 3f0dedc5 3e02127b be9bbae6 bf12564d bf073e3f 3e816936 3eefdb73 bed7fb95 bee0ea0d 3f22464e 3eb3ea07 be81193c 3d9d2658 bebe4b39 3e1b3359 bf04f568 3e58b61a bf2a660b 3f6ef01c bf605713 3d19c65f 3f701fa6 3ecfeb14 be67b44e 3f011e06 3f56a733 bf5dbf2f 3f6a5fbb bf5def64 be4ad229 
3f3e8673 bf3c8eb4 bd7ec474 3f568710 bf7aa82c 3e8e9a71 bf39d71d be8f798c bf2076a6 3e743523 be8869ac 3f1c06d9 bf1cdd95 3e6814f8 bf78d093 3f3e0700 bf40bef6 bd9f1c99 3f7a90b8 be924a32 3f6cdfab bec91a9a 3d976480 bdd31edf 3def1f5c 3f004db9 bf000db3 3f228e3e bf600f16 3f55d6a5 3efaba64 3e65747b be9a0980 3f462ed5 be3ab0c6 3ebf5ab6 bf0025ba 3f61cf1c be21b093 3ebc9af3 3e88ca0b 3f5b3ee2 be0ff190 3f112585 3f1a3d9d bf002dc1 bdbb273b 3ee4dafe bebbdac1 bf053d8e be2c8efa 3f135e2e beb13abb 3f10fddf 3f1fbd8f bf4ccf1e 3f71d041 bf210e24 3f77efcb bf4e9ec2 3f2f5eb9 bf336653 be8bd9ae be6072eb 3f19ae5e 3ee41bbc bf5a5ee9 3f74a835 bf1f6e69 3e035207 3ec7eaf6 3f08f670 be7531ea 3f74b84e bef58baa bf2c75c4 3edafac9 be279261 bf38460b bed76b77 bed3ac7a 3f6dff6f bea2ba50 bee82c1c bd8be51b 3f33060b bf34264a bf1de604 bf237dde 3dc4251a bf29bec1 3d9b63cf bf4b0f65 3f0c255b 3ea17885 bf3fa6d9 3e70732d bf21e59a 3f0ebdde bf7ac09f 3f312678 3dc85e2e 3f42de19 bf185655 be868a0c 3ed8eb2d 3f684fff bf2fc5f9 bf6dffa6 3f63e7c5 beda2a3c 3f49d67b beeeeb10 3f382eb9 3e023269 3e8caa18 bf1a6651 3f297617 3d912259 bf7fd986 bec6bb1d 3eb1fab9 bea9eaea bf743fa1 3f35564c bf0705ad 3e38d28e 3e3bb1f2 
bf5f57f0 3f688789 be017148 bf257e4c 3e0750a5 3f698f51 be9009b3 3f7e40e0 be874942 3ef4eb7c bf1645cd 3eb09963 beb6fa81 3edfeb4b 3eb70b3c 3eb9aad9 bd6d42c0 3ec0da7b bf658f58 be1b502a bea20a4d be347340 3ca58153 3eaf2a14 bf392e78 3f5e3f6b bf48b71e 3e4a7083 3f091de2 bf357de8 bf721fb2 3ed07a01 be4572e6 be627169 bf31a635 3f182645 becaba65 bd173a72 bf046cec bd59bd3e be8a9b3a bf37c657 3e48d363 bec1b9ff be3af2e6 3e7a1011 beea1bae 3d40c098 be2c34b6 3f7c78b4 beeccb27 3eca8b4d bf58569f be6232da bee83bb6 3f188de7 bf7c70d9 3f5846e1 befbbca0 3ee81a30 bf1a8682 3f2ec673 3f0aed89 3ea1a970 bf3aa66c bd76b9e8 3f31ef12 bf316e79 bd52c16b 3f4f5739 bf7a1835 3e0e4fde bf203e11 bf238e51 3ebc89ef 3f378638 bf39e680 3e323061 3f4a1681 be0d12f4 3f492eb1 bf5d5798 bd654508 3e257263 3f340629 bf7e194d 3f4a8eab 3f69e73b 3f3ff6b2 bf4b6ec5 3f6f0fbd 3ea97a1e be2bf136 3e7654b1 bf45bf50 3f2a8691 3e8cead0 3e2c14dc bd86e19c 3f13a601 beba6b7a 3d7d3831 bf3eb67f 3f3f2697 3d0fbf42 bf165e2d bf5c6703 3f146eb3 3f4c3e91 be94196c bf047d23 3e2712cc bea4ea50 beb1baac bf0a45c8 3d7f47f2 3e2693f5 beaa69eb bd60c1eb 3f745029 3ef11b7b bf514ebf 3f2c8629 3eda9bf2 be185082 bdbb6353 3f36670a bf10be83 
3e75d3f7 bedb0b9d 3f167dcb bea27a74 3f39d675 bf5f7f79 bf12e6b0 3e9a3a4f bf7770b8 3f605f8b bf18054b 3f212664 be83aa05 3d7bc0bb bef79b35 bf4fd67e 3ef66a93 bf09c5df 3f3315d3 3f0045ae be7bd318 3f188619 bd3fc48e be9f3ac2 3f0e4628 bf56deb4 3ee32b00 bd19b994 bec9c9c4 3f2eee99 3f13458a 3de9e831 bece3bc1 3f170e10 3ed32a4a be83fa6a 3d84a201 3ec5bae7 3dc6e7d4 3e57d3ec 3f1a7e54 bea7b927 3f5157a9 bf432e74 3e9ec9df bdad61a9 3f359e5e bdcee185 3a8823c9 bf0cb5f2 3e09726e be390f48 3f595750 3f1f75bc be2dd277 bc00f30a 3f2b267d bf269ea9 beeaaa73 3ec02b3a 3e8a19de bf0d9e5f bf45ee8b be29d4f9 3ea66ada 3cab9313 bf2e3619 3f1b966d 3dacdf4a bf3c863c 3ef2db64 3e1a915b 3f15b577 3f70c008 bf557f29 3eb1e98c bedc8af8 3f686f11 bf7ff20a 3d9c615d be9e0b03 3e233274 3f172e5f 3c909c20 bf7e408a 3f708007 bf6f0f99 bf4c2f23 bf3e169c 3f69d7dd bf2f8e58 bf2aa62d 3f63afc6 bf508e9d 3f7a88df bf105da2 bedbdb23 bdb261f6 bda1a16e bf09a5ac 3f035e64 bf2c55ce 3f7f198f bf57ceb4 3dcd6042 3f67e762 3ea73a80 bdede29a bf3fb60d bc6d1c79 3f4c8fb9 bee11ab1 3ecf3a50 3f45f6cb bdcbe112 3f3a1f20 bf471736 3f7960ce bf49e717 bf083d70 bed51ab3 3f5ca6fd bf16b67c be8a8954 3ebeeae3 be9c2a39 bf43ae79 3f4ea618 
3f2596dc bf4c5625 bc46e95f 3e5113c4 bf1afde3 3eeb4b4d 3f2cce7a 3e3472b4 3c071293 3e86a8f2 bf1aa632 3e90f951 bec3ea60 3c00ff78 3f2b9625 3ed92ac4 3dbb1b04 bdc560b8 3d2d3bb4 bf51d6e8 3f11f6b2 bf30c6b4 bd0bca71 3e6a7087 be821973 3e81c915 3f098d6b bec48a6d 3e3d52e6 bece5b0a be8f5a89 bf1845c2 3f34c694 be7972b1 bf6fa76c 3f497f19 bf56cf4a 3ecb79cf bf087d5e 3ddfa5b3 bf5a5709 3f2f96ec bf36f6a2 3f2a5e40 3ee95b1f bf5d679d 3d9edc9d bf3fbed2 3f72b076 bf2a2698 3f73107c bf3986f8 bf1005d6 bec7fa32 be75b4dd 3e537296 bf4c96d0 3f71efda 3f183675 bee4b9a8 bf02c559 3f6fa731 3de35e5b 3f6c7030 bf2926af 3f6296d7 bf032d7f 3f0fd5c2 bf369e64 3f7a10c1 be88db44 be5cd1ef bf4acef6 be3e31a1 bf0bee98 3efd3a9f 3c3d1a51 bf1a0daa bd1b45b9 3f781882 bed5898c 3d2fcb99 be88595e bed45a4d 3f4e0ed5 be45d2ba 3f0e8e4e 3f403e57 3f15863d bf7d2898 3f7af949 bee6eb64 3e85c9f8 be7c3348 be4311f9 3ea099da 3eaf09f5 be31130d 3f68cf53 bf0e15c3 3ed22af7 3eacdab3 bf1745cd 3f015590 bebeca72 bebd9a27 bf3f4e58 3f06b63d 3e964a7a be3f9319 3b6c265c be9de9be bcaf7673 bf236e38 bf138e22 3e2413b0 be7b3537 be3bd157 3f06662f 3f4d7f03 be00f1a2 bec9ead9 3e90c93c be18920c be9a3a6a 3f214638 3ee91ab5 bf2d569c 
3de2a471 3f2ab621 be65d402 3e96f971 bb6bd09a 3ddfe790 bf3c0e72 becf59ad bd1d3c77 3d31b690 3d16bf09 3f064df9 be693544 3ed46b60 beeedb5a bf6cf772 3f406ece bf6b5792 3f350eba be0e0fe7 be8df8ef 3f658757 bf323f01 3f26ed74 be1b3091 bd81e106 bf2886ec ba500efe 3e80a8e7 3d20c333 3e5614ab 3f577751 bf780864 3eb5db31 3dfc22df 3f59af0a bf58beed 3f79a0e8 befc99cd 3ed5eac7 3ef0dbfc bf09ed59 3eabeb00 beffdaca bf22aea8 3f7f2874 be7051ef 3f412e5e bf58cf41 3f46be69 bf77287e 3f3df67c 3f3cf644 be47d18a 3f2eaefb bcb58179 3ea8aaa1 bf65f729 beda1af2 3e277300 3f1f6614 bf3166a9 bdf921e1 bf28ded3 bf04bdb8 3dfd6221 be29b0f6 3c947e66 bd90a5b9 bede9aa6 be1430ca 3efe8bae 3e90299e 3eca6b4f 3f59968c bed13b4a be601286 3f3c8e2f 3e83f969 bf6c100d be2cf336 3f704792 bf672744 3f6f5fb9 bf03cdaa bf211e2f 3d57c700 bf51676c be804a29 3f3f669d bf39fe29 3f581ec8 bf467ec3 3f4556b2 bdb61f84 bf434eb8 3f119d66 beb879ac bf55a715 3f651ee8 bf6e9721 3e3b5534 bec98b30 3f3ce667 becd3a6b 3f4f8ec8 bd06452e 3e53b3f0 bf42ae90 3f799903 bf52eed4 3f532f2f be9bfaee 3f14b6c2 3f4a1ef0 be2e104b 3e637174 3cb28b26 bed35ad1 bf5e5f69 3ee34ace be82998f 3eb9ba3d 3f01ad92 bdb3a326 bf18c5d3 3e89d9f3 bf3c2680 
bd8460ce bf520712 3f290679 bf3eff54 3e9c0981 bed9fa40 3f7fda03 3d7ec261 3f254e54 bf068615 3eb86ac2 bf4ca723 3e1d73b2 bea9faad 3e74b1fe 3f2bfdfd be9699e0 3ed52b31 be43b1c2 3f0beddd be52712a beb80a57 3f2f6deb bf7ca930 3e4cb243 be10710e 3f7da17e beb9c96e 3f3b0ed1 bf7630bf 3edbab89 bf7fb9c0 3f1935d3 3eed1a9b bf0e5e00 bf73bf8b 3f66f75b bf2015c2 beb48985 3f1cfe8c bf5686ef 3ee72b7a 3e8389fd bdd4662e 3f467e1f bf16f5f0 bf0ca5cf 3f33ae3f bf528704 3ec189f2 3e7cf445 bf304e88 bd00436d bef9bac8 bd203e24 bf1715e9 3e086f69 3f585799 3dc4e33e 3e92595c bf3f4663 3ef03bcf be4a3295 3f70d7b0 3f503686 be93ca58 3e011090 be2c5245 3f0aad1c 3e0eb116 3e9e4a70 bf05ada5 3dc51efe bf591704 bea39a23 bec6199a 3f1a3635 bf41b6e7 be087183 3f0f4db5 3f077575 bf6c180b 3f4ddeeb befddaeb 3ebaeb62 3ee0cad8 3ead5a16 3d7e39c7 3ef13aa3 bf0aadfb be904a38 3ea1cab9 be787422 bed0ca94 3f0a35cc 3dea6445 bd28c4f4 bd4a4135 3f2bae68 beea8bd0 3ea2394d 3efd9b61 be3ecf64 bd563a91 bf25ee4c 3e1a3067 3e07f14b bf12ee27 3f53bf62 bf6fdf37 3e25b097 3e68b271 bebebace be6d5382 bf0cf63d bf3fdf18 3f6d6f21 bf37a6b6 3f65c766 3d0f3d58 3ed61a96 bd03c41b bf05a5a0 bf7be909 3f5837c7 bec01b19 3e5cd40d 3f673794 
3d8763d6 3eb3aa6b bce3a09a bea29ac3 3f791039 bedcdb96 bf418e55 3d93611d bf4f0f5e 3e6e50a5 3e38b0da 3d25c011 3f54fe47 bf063de4 3f27967e bf7bf8f8 3e61336b 3d40428e bf0b4617 bf067dad 3ed43aa6 bebf1a69 bdd62553 3f367721 3e08b550 3dd2a7c2 bf5456ab 3d0dc962 bf5bf6e8 3f6b47da be80c8f5 3f53af49 bec80bd3 bf363ede 3f65dfde 3e895ad9 bdb8a375 3c52ef99 3f46feab bf1fa68d bd70c3e7 3f06f5fa bf6b3793 3ee1eb23 bf0b05c1 3e7b16c2 3f0e1df6 bf426ea9 3f3a66cc 3d18bdac bee41a98 3f233e4a be1e30ca 3e998a9e 3f0eb5d0 be8d4911 3f05de38 bf348ef1 bf252e6f 3ec93ab1 be8198bc 3f3d4eac bed379d1 bf061559 bf6baf42 be381216 3f2f3e01 bee81bd7 bdb22565 bf1b360f 399ad48e bc7d0752 3f15ee8f 3da32287 3f0c6ddd 3f1b2602 bf1a4e0e 3f3a8ec7 bf1eee95 3ebcea1a bf4f4f57 3de8a63d 3e972a00 bf25ce40 be2e3060 3db0230c bf6b7f95 3f3a7e1d bf66ff4a 3f519677 3f0e4e29 bf73dfe5 3f6fb01a 3d855f30 bf75886d 3f4106ac bf6cb804 3f59bfb0 bf65af7c 3f480f69 bf603718 3edf6be4 bf4e667f 3f37a674 3e9709ed 3dd66357 bf70a040 3f72f79c bf22c67d 3f3bceb7 3e9aeaae bf16ae06 3de7e2f6 3f28763d 3e5db32b 3f2e6e4a bed67a7b bed3fb89 3ea7898b bf149609 be9ce9d2 be31939d 3f700f6b 3f548eae bf470713 3f190da9 be9a18d9 bf6fffa2 
3f1775e0 bf6437b0 3f489e8e be1b10ef bf654f57 3f31fe60 3e2832ce 3f3f16ad be357242 3f411ed0 bf303e89 be0cf1c8 bddf26e4 bf06fda4 bdf22059 3f71a008 bf345663 3eb23a09 3f230e2e 3e33f3d4 3f01753f bea40af4 3f1025e0 bf71af91 be563303 bc30fd9b 3ea36a3c 3f3c76a5 3e855a3b be45122e be9d8a76 bf172d66 3f00e588 3cad8286 bede5b60 3e86e9ec bf24be7e 3e1cb1b5 bf1945d9 3e900b9a 3f4446bd bf754814 3f61bf10 beed2bfd 3f06763d bf24b66e 3ee57ac3 be4730b3 bdd7a286 bddb5f7e bead9ad4 3f42d678 bf5896d7 3ec63ac0 bf4ad6e7 3f0ece20 bf2dc66b 3e37333e 3f7147a0 bd783893 be399000 bf096da8 3e9f291f 3e6751a3 3f55f71b 3ec44b25 bf15c690 be37b23a 3f369e6f 3d8fa337 3f5d8f79 bf38e727 bebdbb66 3e932a40 bf2955e1 bf1625f0 3eae4b32 be958a91 3f628748 bf3f8636 3f623fa1 3e69b3a5 bece2a9d 3f6017b3 3bbdfe7e 3ef9ba97 beddba7f 3f5b7739 bf3c7689 3e33b33c bf4a8e50 3f3b8ef8 bf1cf5e1 bd88a29a 3f5d4715 bf1995d9 3f39be85 bf20c659 3f01b62b bf31d6b0 3f362ec9 be55d287 3e4ab44c 3e5a159f bf7db0bd 3eef4b3d 3f2ca5cd bd68440c bf0e9d38 3d866660 bf41fe9c 3f260650 3e41111c bf6ca753 be7b72d0 bcb36ba4 be5730b3 3f283613 bd333b2e bdf9e11b 3f59eefe be0ef337 bf5f77dc bf1395f0 3e51f5ba bd7c4434 bde922d0 3f307e62 
bef3cba0 3f07edf4 bf74d843 3f6dc797 bef64baa 3f0ede3e bf5296ce be9d097b bd826023 bf2d6dd6 3f6f77d9 beb8caa2 3eaa796d 3f1925a1 3d434507 bf6f9ff1 3f7737f8 bf1cb618 be94ea8c bee56a7a bf2f06ad 3f00061a bf04d50d 3f4d0f20 3d5bb9b3 3f0c1d8a bf51178a be529194 bf213e99 3e7a93eb 3eb179ae 3e95f9cb be163096 3ee29aca be5f9486 be8cfaf9 3f10ed34 3eccaaa3 3e8bfa60 bf28bdc8 bad738ff 3d5a3f3b bc848a62 bce07d28 3e1571c9 be39542e 3ebc7b1e bf21460e 3f583f56 bf0635cc 3f39e6b9 bf6c7f8f 3ef71b35 3ddae5a7 3e22344a bec44a95 3f7ac893 be581095 bf143d92 bf0125b4 3ebf39bf 3f3cb646 bf51efae 3eebdb2a bf086dd9 bf571ee4 3f3c1f6f 3e9cca51 bebbeab0 bf6c3744 be363138 3ea3aa12 3f3dde56 bf61b764 3f71204a 3eb4fa3a bd9a2518 bf0e5583 3dd76393 befb4a74 3de86575 bf0e6da0 bec29b78 3e48f1bb bf44de80 be979a0c 3f1da680 bf7e0989 3f368e73 3ea81ad0 bf0a0dcc 3f66afc8 bf3d768a 3ebd4b98 be838a1c bf22b62e 3f5c3e4c bf5e7f33 3f14edfc 3ea0c9cc bed64bcc bcac7f8f 3e8f99ef bf2e8715 3f5ed73a be9e9b9f bf60d77f be30533b 3f57feb8 be97aa11 3f644f91 bf48ae9a 3e3e33f8 3f10a5cb 3ee75a61 bf0a156d 3f083674 befacb1d bedb8ac3 3ef55a49 bf4d76be 3e7a315f 3f09151e 3f250ef6 bd839e7f be8a29a7 3f105dfe bf291dfc 
3cfb84f3 3f1e664c bf02a588 3ecd4b1e be548f8b 3e35b51e be86a9f0 3f44a695 3e9c5abe be70b195 be95398f 3edaaadc bf4e2e9a 3e55f384 bf0205d3 3f40cebf beeabc0e bc090199 3e8c68a0 3f692f40 bb3c7e0b 3eb3d9ff bf4f76f8 3f3f7dfa bf6de803 be88ab1c 3f4acea3 bdeca5b3 3f49c62f bef54b1e 3e36f1d1 bf0925d7 bdb76317 bec49a8d 3e2ad0d7 3f2635fd bf1eb64f bf44968d bc8a78eb 3f59cf66 bef9eada 3e2a131f 3e4b117a beec1a8a 3cbc8220 3ebffbbe bf2895ff 3efb4a82 be193137 beef6a88 3f242ee5 bf0b4df2 3f5b6728 bf78902e 3f05fd96 bd343c8a bf66977e bcce880c 3f07bdac 3ecdba7a bd7f4646 bf5a9712 3f7b3859 bf3c162b 3e0572a5 3f4eff73 beb23981 bf4d5ed5 3f1f16a1 3f5e9722 3eacaaf3 bf728f3f 3e96b89e bd0db9e6 be343478 bf5076f1 3f4a9ee0 3e741502 be1cef8a 3f59c750 bebc29ed 3f1605a3 3f443692 bf1a365f 3f291e9b 3f117693 befc8a8e 3f15ae0c beb069ab be41930e 3ecd6bf6 bf35ede4 3f1a0635 bd9d2108 3d5d4138 3f25e5b4 bf6f7846 3f7d78c1 bf016d43 bf3f1e75 3f7f7955 bf70a814 3f3b4e41 bee7e9ee 3ee64b56 be8c09db 3f7b50ff 3e31f024 bf151dcd 3ea4fabb bf5e77b3 3f145623 be2f5563 bf66000e 3edffa7e 3ab78078 bed7d9f8 3f7ba8af bf27a68a 3f723feb bf27c67e 3f23de22 bf7f6204 3bf1d983 beccea6b 3f3c16ee bf7b607d 3f0e7e07 
bf140e20 be8d89ae 3f16ce1a bf00e4d4 bea6e9fc 3ecb5a50 3df1211c bed25a0e bf0e3e15 3f52def0 be37323f be7552d2 3f6bf00b bf7a3827 3f5eef32 bed7aa03 be35b2b1 3f5c9750 bf4b868e be892915 bf219e15 3f0d3621 3e83ca1e bf39c6e3 3f40361c 3e1cf285 bdd4230a bf582761 3f3fbe16 bf481eef 3e5c35be 3f431692 bea33b34 3f2f8e37 bebc1a67 bf04c587 3efd1bbb 3f3846d1 3e04319a bf5c7f08 3f1dde76 be22f401 be7dd560 3ec79afe 3e3e92c3 bf095568 3f2fa6fd 3ca876e6 bf32764b 3f7e615b bf6b5ffc 3f3956d4 bf6ef008 3f637f68 bf0cbddf 3ed27928 3f0c15f2 3e5673ce bda72492 bf5baf61 3f727f94 bf3f0ed0 3f036dc4 be6e3172 3f2546c3 bf1e55f7 3e1b9185 3f160df4 bebacadf bf6bffad bdcfa4b3 3f3ea64f beaeb973 bd5fc2c0 3f5c6759 bf13b670 3e61b380 bf7cc067 3f153677 bf64878c 3e8a5a73 bf627785 be09b33b 3da3a6ba 3d443d84 bf5ba758 bd253c1b 3eb2ea9d bf5176bf 3f320ed7 bf331e9d 3f657763 bf760808 3f18eeab bf581eea 3ee6ea0a 3cb57016 bf0fd6ab 3efecbcb 3eafab3e bf14560b 3f73a817 bf6d7fa6 3f597efe bf4d671a be7ef41e bd7b3f64 bf196e9b 3ea7ba76 bef0cb27 3f784831 bec11ad6 3e7a52cb 3f6397bd bf6d482c 3ef69b9d 3c7af7f6 bf755052 3f5dff62 bf5b47ca 3e3010b1 3d2cc15d 3efff9e7 3dd06122 bdd6a32a be765225 3f054603 3eb8aa4c 
3e41d51b 3ee48b3f bf7737c1 3f630777 3edc2bd5 bf4b4f5f 3e4e31c3 3e10d37b be77936a 3e7f7415 bf377e14 3ec6fb3e bed00ad2 3f1acd78 3d053b26 bf2e8ec8 3f45ff0b bf74f7c7 3e555386 3f6b07dc bedaaa45 3d04bd69 bebbaaf1 3f013d67 3dba1f4e bf63577a 3f02eda8 3ef39b7a bf5a4724 3f71bfe9 be86990d bf74efe4 3f1c166b be8f29b3 be79d499 3f59df6a bf7bc854 3e78d53d bf7aa02c 3f7e98f2 bedddb64 be94d99d 3f37063a bf1df673 3da022ba 3e15140d bef4ba8b be8367ff 3f7017fc bf4b8f2c 3ec77a3c be891a22 3ef3fc08 be6fb3fa becb2ac2 3e80086b bf5a0f66 bdc52471 3cd16967 3e0f2fc8 bed6cbed 3f311724 be963985 be8c69ec 3c751901 bf3a5e2f 3f522f28 bf69c7d8 3f486e42 3d92e2a8 3ef36c0f bf3d4eeb 3f21feaa bf5a8f80 3e06538c 3d6c381f 3e84f9c6 3f0c2dc3 be15739e 3e48b1d7 3ece8ad6 3f272eda bb823077 be922aea bdca9f0b 3f783043 beb0dad5 3f290eb5 be39f1b4 3f6106f2 bf70500e 3f1ede47 be85aa2d 3ec29b6c 3c9c7de7 bd02c004 be5651b9 3f3adecd bf3bc66f 3eb35a4b bdb062a5 bf040d73 3f0addfd bf1a55f9 3f075d17 3f6f26f9 bf49f74a 3f5d66ef 3db3a204 3eb5399f bf371643 be637312 3d80a3dd bf53af19 3f76404e bf23d640 3ee0fba5 3efc3c71 bee00b7d 3b03d71a 3f669723 bf307ed7 beabdba6 bd8fe338 3f39c6a5 bec0ba0f be500f5f bf0b15df 
bee71aff 3f1905f8 be505282 3b23c6b3 bf48a6f4 3f4fdef7 be53f1d4 3e0ad03d 3f3f7693 bf5c4fbb 3f71c807 3e69f4e1 bf430ecd 3de9633b bf1e9e5a 3f50f6af bec1ca28 3f0d75ad 3d82a011 bf3b0e2e 3f449ea9 be73566f 3e1af294 bdabdf5a bf05cd8b 3f4c1f3d be22b686 bf0a3e3e 3f55b6b2 bf5cd783 3ee68b0b 3f57b77c bf734829 3e80f92a bda7a206 3e8818e7 bd9461c7 3e673302 3f61ff25 bf664f78 3f253ea3 bd324951 bedacb00 3eb3baf1 be34530f 3e5ef2ca 3ec21a4a 3d94a2bf bf3ff6b9 3f166dd1 be551194 3ed9bb6d bf2f1dfa 3e918992 3f4ad6c4 bf017dab 3f2f85f9 3ec179cd beb7fad0 3f650781 be52cf82 bee8aa05 3e6b5358 bd66b50f 3f132ec6 3ef1fbcc bf122632 3f25b663 bf5df75f 3f123d75 bf1315d6 3d1c4993 3ed37aff 3e899895 bc0d1387 bd6fc4d1 be4cd54f bf1095b5 3e8ec907 be5692d5 bec19871 bf427e57 3ebd7a69 3e785292 3e649355 bf3bfe57 3e407242 bf5a876d bdca20be bf500e5c 3f7fea01 bf49af8d 3ef0ecd9 bf1b1607 3ee5ab7c beca2ad0 3f002e12 bf4eeee1 3f1a8679 bf34fe84 3f1b0662 be9cda4d 3ee89a58 be71f287 bd2fcb71 bf63bf77 3f26b5f6 bf1c8e4b bedfdaf6 bea2ea24 3f4116ac 3db7638e 3ede4b23 be42f358 3d9e2447 be2ef28f bc9274a0 bf4ea687 3f7d40ef beae59a4 bf3c9627 3e63b527 3f6d9ff0 bf16a5c5 bf07ee42 3eba7a67 bcea7b5e 3f72a000 
bf2a8ede be33b309 3ea7696d beb59a1c 3f1f4692 beaa4b7a bde7e2e2 bee46a25 bf226669 3f45be9b bf6427f9 be9f0b96 3f52c6e8 3e929aa3 bc7efdfa 3e0fb25d bea389cd bf171e29 3f159dd0 bee9bbc1 bea55aed 3ed3fa33 bf0db693 3f133655 3bde2860 bef8ab79 3f19a65d bf4896ef 3f72cfac bf616f02 3ee50cee bf6c8793 3f60cf38 3ec3f9d8 beab29cc bec75a4a 3ec20b4d bf4dcf1b be0c126a 3e327433 bef2da20 3eff0bbe bef99be2 3f60d764 bf69e7ad 3f0bae62 bf71c7fb 3efe7ab0 3eac8973 bed12af6 3d50c50a beb609f4 3eda1a99 be4e9044 bf3876a0 3dfa60ad bbfa050b bf2b1e18 3e141272 bf65679e bd4cbf48 3e88e990 3e4af3ae bdeba24b bf356dee bd74c0c9 bcef9550 3cd37c0e 3de2211e beb6c9da 3f1c9606 bc89892a bf7d48e5 3f26ae01 bf7b792c 3f4a2e97 bf14f61f 3f77a7f2 bf1dde4a 3ee33a47 3e65d35f 3f1cadec bf06c60a bbda0cae bee13af1 3e4692e7 3ee7fa4c 3f031dea 3f36a5fc 3ee20a83 bf617f07 3f504ea2 bee30b3b 3e77b2e5 3cb67f40 be3f73fa 3dea257b bc1efd87 3f07b559 3c5ef1e3 be3331e0 3f06ade7 bf7287ae 3f4046b5 be41d1c2 3e8259d6 3d48b814 3e051046 3f56df3a bec21a82 3e4db39c bf5e6722 3e54b402 be0592ac 3ebfca6b bf0f9e57 3f7cc13a be31d2b9 bf342ee0 3ed75a1f 3f0b15bc 3aa88cce bf5846c8 3f40eeda 3d4a410d 3ec6ea76 bf293dad bdff9fdc 
3f193d6d 3e629309 bf16be53 3f6597b8 bf5a1f3b 3edcbb45 3d56bea7 3f5c2eb3 3e4c5312 bed93a95 3f66cf38 be871a68 bdbc9d5a bf69d781 3f1735cf bf757843 3f4d5ef5 3eb6793d be69b4fd 3e9c1879 3f0fedc2 bf41de98 3f5f9f65 bf615fd7 3ed35b65 3e7b3485 bf3ef6fe 3f6b675a bf622743 3f3d0e2f bd17c2c4 3d313f67 be1af25e bf745804 3f15062a bb8de544 3e4a133e 3f3ba662 bec74aec 3f6d4f71 bf5b7f62 3f1a2e7e bdfca1ad bf3806ed 3f733786 bf00dd58 3f05ee3e bd85650c bf2b0e2a 3f4c56fc bea269d2 3f019508 be67740c 3ec3cb61 3c2b1b25 3f37b5db bf5bd716 3f736ff3 3e861943 3e9e9a06 3f465683 be4470df bf0bd5a6 3f09cd89 3daee265 3eba0a6c bddc1c64 bd6a386f 3f26563b bef6cb00 be7252b7 3eb0fa2b 3f2fb663 bf255e97 3f78c890 bd1ec179 be903a77 3eb26b53 bf139e31 3ef4caea bf7960cc 3f037d77 be7e3502 3eafba41 3e545159 3ed10a69 bf32be7c bf3eae60 bf0dad9a beb4293b 3ee56b7b be87ca3c 3c4f0904 3e201285 be87892c 3e79d08a 3db3e18d bdc4a452 bf5f1fa8 3edfbb14 bf4f36f2 3f1aee84 bf1dede7 3f4326f3 bf774071 3f5f7ecd be95aa00 bf55befd 3f1fe622 bf6dc798 3f695f86 bece6a44 3f4d2723 bf576f0a 3e9939a2 3e0cf1ba bf5556fc 3f0475fe 3f2f363a bf485704 3ddee673 bed1cb6d 3ea4caec 3dcbdfa9 bf78201f 3f17c6d0 bea8cab1 3f35ee65 
bf34ceb8 bd90e18e 3ef6bc95 bf5f6eed 3f45cf42 bf1b7690 bd58c3cb bf46aef7 be3c32fd 3ec11a6b bf76187f 3f550eda becf1bea 3f47b6e5 be7ab41f 3f779054 bf3a9e16 be29734c bf078df1 3e9378b3 be7574a7 becc8b7f 3f51cee0 bf5786cd 3f3e7ebc bf509eef 3f3cfe9c bda463c0 bef4cb1d 3ec90924 bef02a96 3ee61af0 bd074b79 3e9cda39 3f2bf5eb bf58def8 3d8ba480 bf18263b be39d3c1 beb91aa2 3f216dbd bf1bcde3 3e9e09ec 3e2bf179 be591431 be1bd119 3ea88a09 bf14be5e 3f6c5fa5 bf75983a 3ee9ba41 bf34965c 3d284504 be3b8f8e be75d2e5 3dbda1a4 3dcde309 bed15aaa bf05dda0 be2072ce bf7267b1 3dbea35b bda263a4 3f0f05a1 bf7db8ff 3f380e71 bf23c699 3e19d1ed bf56e72d 3f5c877a bd932721 bf144dca be6b52ca 3ea48a6d bf23be62 bf6a5802 3f6a7ff7 bf5a66a1 3eda4a15 3eb4eadd be9e5a18 3ede5a33 bf3dc72c 3f337e99 bf3b6646 bedb6b80 3f530e28 3ecc38e7 3f78e8ae bec839b8 3f20f5ed bf3b46b2 3f1255e6 beb1da5d 3e5f7519 bc9983f6 bf23a65f 3f5bcef1 bdfa2306 3f7077d7 be8a59ec 3ea1e9cf 3e92daf6 bf055591 3f2b4e35 bf753016 3ef93b9a 3e62d439 bde02304 3e3394ec bdb71e33 be8dd8d1 3e4ad513 3ca48786 3e467501 3ccb7ea6 3e9eea63 bf19c60b bee7aa56 3f2a2e9b beff8b1c 3f74a07c bf0a2575 3e65926d 3f1d859d bebf2b78 3d6543d1 bec34a4c 
beb19b2f 3f30fe52 bf28ae8b 3f06d5ae bed20a5d 3f619806 be5ab288 3f5f9802 be7e148c 3ea49a55 3ccc7deb be9c0b1b be07b435 3e869951 bf4976fa bee63b4e 3ebedad9 3e77f27b 3f5b8ed1 bf47af21 3ea6fa38 3ed2daff bf49bec1 3f062592 3d7c37bd be89da23 3e723312 bf0a3688 3f224e0c 3d21c1d9 bf1055c6 393a486c 3ec9ea0c bf0ef60e bf153644 3f43bea3 bea43a36 3f23ed26 3f417e9c bf09363e 3eafc932 bebd7a02 3ef1bb91 bec95a96 3e9e7990 bf06d635 3f0bf5ff bf071ddf 3efa4a64 bf11d5d8 3f7a8111 be6b149d 3f1e4669 bd93df36 3e90e9db bf2d660a 3e71d5d1 3f0295cc 3c9e898c 3eddbb19 3f3466ac 3e931991 3e9759bf bf618f32 3f5c0754 bf30b695 3ef90bbd 3f1cdde3 be66940e bc171849 beb5bad5 3f777847 be94f9a1 bc4b3be8 3f2c25de 3f5e7794 be92ea63 3e4bd33d 3e95a99a bf793813 3f60575f bf135e40 3f552740 bf722fea 3f269e6d 3eb7b952 bf38dee9 be813a52 be9a7a98 bf6a1f5c 3f720fcf bf6c27a3 3f5126a0 bf107d46 bd841e42 3f21ee37 beec8a91 3f0185b5 bf530ea1 bf2b5695 3e1ef44c bf0425cf be07f045 3e3d1487 bebf3c31 3f6f3736 bf47be4b 3f62c6f8 bf487e58 3ed23b5e be257385 3eb9db99 bf2186a0 3ece7a45 bef36a30 be92c8dd 3e0471b1 3f7e3904 bef71b28 3f1ca5ec bf14fe34 3d1bb9da be93faec 3d86a16f bf562f89 3f6ac7b5 bf127e42 3f7cd0a0 
bf2c669a 3f381678 bf20de0d 3f5c7704 bf014ddd bf602f25 3e9cfb03 bf405f62 3f0c3641 bf4dc6d8 3f095e2b 3eccbadb be719318 bdcd2485 3f301dff 3f12164e befb5b5f be74d1d5 bf091629 3f007551 bdad2345 bea76951 3f43771e bf07ae02 be1ed1a4 3f2deed4 bf5adfcf 3f784084 bf7dd10c 3ec6ab51 3f0275c0 3dd1a0e4 bf5cff8b 3f75480b be2d11b4 bdaf2311 3ee19b8d bf3375fb bf621006 3f16d64d bef4ea8f 3efccb71 be8d68f5 bef1fb2f 3f772021 bef86aa2 3f1e9dde bf56beca 3f49b6e2 be40d132 bf63b772 3ebfbb27 bf52b691 bb2424e1 3dc361f1 3f2da664 bd39c3a5 bf3976bf 3eac2ad5 bed03abe beef0adb bf57e6cf 3e814a49 3dbddf0d 3e2f6fe7 3e3eb396 bf577712 3e73d173 bf214dfb 3f7b30d6 bf3a2687 be01f2cf 3e239173 be20d1fb bf1c4e2e bf24863e be908a66 3bae1492 bd1abc49 3e21b18d 3e4fd462 bf501f90 3f22fdf4 be77b304 3f0925e1 bf34d654 3f7d18bf bf111e23 3eec6a42 3f79507a bf5beefa 3f5e470c bf52dece 3f65f025 bf0f4de2 3da1e006 bd8e5fe7 bf07460f 3f6d6030 3ec6d9fc 3f14e68e be914a05 3f5eb7f1 bf1e6635 3f1f7e7b bf0765c4 be968a40 3dff2090 bf06bde6 3f40265f bf1e2e2f bd10c1ad 3f415e66 bf32e6ae 3f4e4e79 3edcdafb bf065dc9 bf64ff24 3ef59b81 bf5f2749 3f76b861 bf339e8f 3f2fbe4a 3e883925 3e609166 bed9ca39 be8569ac 3e3ad217 
3f464702 bf246e75 be1c6ff3 be8c19bc 3e3814c8 3f5c6f30 3f024db2 bf3a965a 3ef79b30 3de42868 be284f71 bf7e20b0 3f44c6ba be8b7ab8 beffcb5c be88f9bd 3eaba922 3dfce31b 3eedab0a bf395e2c 3f305ec5 bf0c0d9d befb8b6d 3f491f29 bf0a1d4f bd3f3d71 3f084e2f bf18b5b4 3f561ea2 bf4bc6f7 be091462 bcd38ca1 3f028626 bee16acf 3ec2bbeb be5193fd bf482ef7 3f501e94 3f182e42 3d7a42a1 3e189078 befa6b37 3ee8cb8e 3db2602a bee67a47 bee0f941 3ea1dab7 3d59413e beaeeae6 3d97a07c 3f329656 3e1b1136 3e1772ca 3f4996d1 bf513ea6 bf346eb9 3ee52ac5 be88ba84 3f014d9a bf04b55a 3f5a8699 3f0cad63 be171293 3e46d447 bf6506ee 3f58d767 bda8607b 3ec84b49 bc22f0cf bf24eec2 3f334685 bdbd643c bea69a2f 3f156e27 3cce7bd1 3f553eef 3e4cd3d4 3ea799cd bec16966 3e91aa9d bee2abcb 3f74776e bf666f98 3ec4bb11 bf554efb 3e64f26c bf202f09 3f6e57b0 bf2a7eef bd95248d bf5e1fa5 3f44ae07 be923a39 bf029568 3f4e071f bf32ee13 3f441e8b 3e5b3481 bf048db1 bf1a1df8 bef81acc bd21c145 be6030a0 bd6eb998 bee43ae1 3ea9b984 3f15a5af be62b3f0 3f047dc8 be989a3e 3d5cc921 3eb66a43 bf332e1e 3f2d3dc8 bf7fc95a bf0c6e20 3f54c6a4 3edb8b17 3e5ff367 3e8c8af9 bf16767d 3f4b0721 bf2f2ea3 bf23ce1d 3eba3a75 3d3c3ffa 3f280e2d bf2a4ecc 
bf2e9700 3ee74ab0 3f52ff17 bdfba699 3cfd950e bf62e726 bf19d58d 3f6d67b9 be3cd1ad bec3ba3f 3ebd9a89 3f710845 bf277ebc 3ecada5c 3e96e9f4 bee55b60 3f0e65b2 bf629747 3f130596 bc8279eb bf05c608 3f74b005 3d544b95 3d394dff be7f71a2 3f16a633 bf4116a8 3b5bbf96 3ea14a7f be3a3272 3f43c6be bf272e09 3e3833bb be1eef98 bf199de4 3ef5aba0 3f5b0f35 bf11860f bef4fbc7 bf0b9d7c bdcae241 3f1b3e35 bf085da2 3eb329e6 bcdd8a66 3f7638e6 bf72602b 3f7b7876 bf31fe86 3ef95a6c bf1eaebc bef59c56 3d3245f0 bf6c57f0 3f79907a 3f59e73c bf1cc68a 3f52ae70 bf272679 3f40ae6f bf7a087d 3e943a8a bf643f26 3f6c9704 be76333b be86d993 3d8ca35f bf30370b 3f33ee23 3cf779a1 be5772f3 3dc89c66 3e8949b5 beeecb92 3e2934a9 bf130e63 beb64aa3 beaf1aad 3ee26ba5 bed34ad2 3efc4bbd bf4b6702 3f3e468c 3dbaa3e6 3ebc0a4d 3f62a739 befdfa49 3dab9ec7 bf5036e1 3f72e7d3 3f3076f4 bedfcb04 bdfb6687 3ecceae7 be0bd2d7 be81d933 3d07c1f7 bf6bbf6e 3f353e38 3e9c6a63 3f1f5e1e 3e503190 bebafaf4 3f1785ba 3ee53af5 bf0dbe27 bde56336 be5af1b0 3d23b4df bf092e0e 3e8d0965 3e4f9038 bf245641 3ec27a06 3f270e9a 3f1ba676 bee1dabd bf5c2731 3e2dd328 bf168640 3f42a6f2 bf7b0094 3f2375c0 3f463edf bf50d6da 3ebf1ab0 bf5bcfad 3f4f7f39 
3f3cd6ba bf796871 be0a4eeb bf3c7e6c 3f0104e0 3f3ede74 bd0e3e24 bbddf75a bf5aa672 3f4e5f3e bf0ce5ea bedc4ad4 be74f233 3e2b1391 be7f1469 3f4e86df bf2e5ea6 3f232656 bf0155b6 bda3ebe6 3f0b8d84 bf63f70c be58901a bf052643 3f4566b7 bf440ebe 3f434703 3ea3db44 bf7c28e7 3f558f23 bf7ee97a 3f578f21 beffbb32 3f168e1d 3f312e56 bf366f0b bef26a91 be0eafe9 3f53b73d 3eed9b51 3ebdabb3 bf0ff638 3cb9888d be65f3db bcf78348 bf2b65cd 3efc5c0d bf552f2a 3f08b664 3cd88f78 be45922a 3f720851 3de5246c 3f1a8e35 bf5da765 bf425663 3e65b1f0 bf383e68 3e9668f1 bf3c4e63 3f7317e8 bf34be3d 3f7527fd bf75f054 3f4686f2 bebdda53 3edc1a6e 3ea939ab bf3b1e6e 3e95b92d bf1d55be 3f247e41 bf6e77f6 3f35ceb2 bf0fa683 3ec60b0b 3ede0ab6 3e3992cc be7e93a4 3e9f5bbd bef04a9a 3f1c8dc8 bf444e2c bcfa7a98 bf526688 be8afaa3 beca5abe 3f20e647 3f4296fd bf604728 bf2596c7 be6eb143 3f76d077 bf01be64 bdd3a16f 3e9e69b9 3f0905ae 3d905f62 3eab9a56 bf0d1dd8 bf49371f 3e984b8b bdaba327 be26559e bf2115ed 3e941aac 3ef3dc86 bf1886a3 3ed9198e 3f63d703 bf62ef22 3ed39a65 3ecebb12 be23132e bf459e74 bf57ae68 3f294edf 3db2e182 3f79b873 bf78e893 3f6b3011 bedbaac3 3ea8faea bf6627c8 3f54f6c3 be82b9f9 3ece9b89 bf02bd9d 
be6153b1 3f3a9656 3e82ba11 3eee6b27 bdfea1af bf516ee7 3eea4b4d bec429fe 3f7a4093 be2552b9 be8ab9b9 3f41b69c 3dc5dce0 3e38725a bf2dbe67 3d503a10 bf04fccd 3f38dec1 bf01e5b3 3f71e82d bf7a40e6 3f6f1f7d 3e8c2a7e 3f614f64 bf645f84 3ecacb24 beedbb78 be9949da 3f6f6fea bf6c4769 3f53676c bf113eac 3eab3a4c bf24a638 bf5b1f6b 3f747fe1 3c0aed4b 3f024510 bf7a6877 be60d13c bf2f9e8f 3eb28a75 3f61f042 bef69bc1 3f464f1f bed699e5 3f5f4f4e be99e9ac 3eae3c29 bf10fdb1 3ecb2a6a bf2e0625 bf2c9e0f be4d5269 3f4c873f 3eed3b87 3e99c942 3f04d5c7 bd00be54 3f52b71d bf3e370f 3e7ed248 3edb3b56 bf549ed3 3f324ec7 bf594eb1 3f014586 bf401684 3f0ee665 3eaa89ff 3c848717 3e01f263 3e47523e 3ece5aa4 be71539f 3f189598 bf7e9966 3f196e3f bf438eae 3f6747a4 bf604ece 3f7d2058 bed1fa95 3f4a5697 3ed65aeb 3eb2fa21 3ee90b98 bf16ee8a bf559742 3f38e73a 3f306ef0 3eca7b2b bf720827 bea5aa3b 3f7a48ee bf7847bf be069192 bf07cdfe bca0885a bd5b3d3e 3f735fd5 be2eb2ef bebe3a9c 3f16158e 3c61092c 3e6791d6 bec90ab8 3f3595c9 bedc1aa0 bf6d980c 3f46d69a bf17e644 be3e10bf bda5e2a4 3f722fde 3ef0cb8b 3e91cab5 bf321e0c bf0a5582 3f6cbf3f bf401ed1 bdb4e39e 3f0e360f bf2605c8 3f09f555 bf7c5105 3f77ffe6 bef9da72 
3f3d26b6 bf0d65f0 bf4c3f35 3f00856e bed41aec 3e03134f 3ee8baf1 bf19de04 bd9722cb bf507ee2 3f5aff3e bf28365b be3cb3d0 3ea6aa11 bd6dc800 3f654f91 bea17a8a 3eac0970 bf716038 3eb209cb be954afe 3da06391 bf379f14 bf641fcc 3f36d66b bd3ac1d4 3f16eda9 bf369615 3f0d5e01 bf011e46 3f3496c9 bf7a3077 3f5fff18 3df5e295 3f68b760 bf269688 be9a5a58 3e8e8a98 3e968974 3ebd2a6a 3f376e65 bec8ac10 bf3cbde9 bea82a04 3eac1b8a bf364e78 3e0a72f0 bf371e3d 3f35d64b bf414e87 3f71b86a be6975f5 3f7aa897 3e19b101 bf1d5e0d bf25fdc7 bd1940fb bf701030 3e255185 bf60aed7 3ecd9b1d 3dfb6333 bf5b8f39 3f77e85e bed1aa0b 3f13be0c bedf0ab4 3f4af6fe bf00959a beb3297e bdb1df3a be46d07f be84590f bf3055ed 3ed67bc1 bf691ffe 3f65af36 bf3cce4e 3f62b74d bf6f3820 3f3b1f9f bf6a8fba bddcdfbe 3cc49b87 bf56f69d be4d3159 be0ab1b8 3e4d1286 3f3e66a6 bed10b0d bf2da632 bef5fac7 3f79e8a1 3f189e15 bf502f7f 3f104dd3 3f0e6de2 3e40f259 3f217ea9 bf0e7df0 3ced8b71 bf27f6ea 3f7ca07c bf4b3697 3ed26a02 bf0bc5f7 3e1933b6 bf1b7e35 3ee79ba5 3e8b497c 3e8b3a0a 3e0c504d 3e0792c4 3e3b1336 bf4e0635 bef00aeb bf2406c5 3f2e85ff 3eb97a66 bf5cb7e0 3eea5a76 3e859907 be38348f be16508c 3f7d80e8 bf2ec6a3 3e8289e1 bee2dc18 
bef1db4e 3eb98b2d 3f12ade1 befedae4 3e8f5ab7 3ed77a69 bee03a4a 3d8fe48b 3f6d2f91 bdd66269 3e76324c bf1f9eec 3f39960d bf7d8118 3f202659 bf4056da bf010cbb 3f02fd97 3ebefa3e 3e0b516b 3e9279b4 be17f21e 3ee06bd3 3f7707ee be39b226 bf76b7c4 3f2c5da1 beba7ab6 3ead3a3e bec64a3b bd9c6314 3f52665e bf7f7171 bdba2128 bf6977e8 3f57ae9b bef5ab9e 3e2ff25c bf5f8eed 3ea05a3f bf564f37 3ebb3aa6 3eeabc55 3f7cb8f4 bf455ec5 3f423f1d 3e9e8a5c be6cb22a 3f04f5e1 be103188 bec08aad bf03be3c bc7712d3 bf1ab693 3ec2ab8a 3f4cc727 bc87744e 3f41bec2 3ed29b64 3dc8e08b 3edeab20 bf0e6584 3f3226c1 be85d891 bf362dce 3f226e8c bf5a4ef4 3ee5caef bf191d80 3f59d7e6 be3313f4 3f0f95f2 3e0e6ed5 3f4b4678 becfcaa0 3f69175b bf2a468f 3f5eff66 bf76983b 3f6fe010 bf1505c4 3f682f55 3e8efb0d bf030d7f 3f7e793c be21135a 3ed06aad bf4f6ec5 3ef40b3b bf1f2e32 3f7ab046 3e82ea62 bf577f0b bf4d2f4a 3f58cfb4 bf67a75c 3d85a4ef bf399e53 bf0d25c5 3f3a369b bec54b65 3f046516 bec63b31 be11d26d bda0e5a2 3f2b3662 beca3b48 3f7327d4 bef8dc2e 3cb474bb bf058553 bf195e05 3f51b710 bf529e33 3f315e29 3f7c7138 be34912f 3ef17ab1 bf454e5c 3f6386db 3d744259 bf65bf75 3f35b73a bea7a9ce bf3c063e 3ec7cb5a 3e5e5223 3ca6809a 
3ec83b76 bf098563 3ddbdeef 3dd32243 bdeea24d bef15b85 3d986205 3e76b463 bf4ba6d2 bee33c0a 3f0c5dc9 bdc9217e 3f04ad36 3e8a4919 beb2490f 3e9a9970 3f57374f bf2bce7b be2133a8 be930a1b bf575ee7 3f52279a bf0aed5e bf6b076b 3ea839cf 3f0fb50a bf2bee9d 3f2df64d bf4766a0 3f73b834 bf0da62d bec27a0a 3f4a5ee5 3ec91ab9 3e999a89 3b99c831 bcfe9dc6 3f481f5a bdb6616c 3f206e22 bf0cfdc8 3f4746b8 bf612f4f bf70903e 3f02bdf2 bf04553f bedbca62 3eeacc09 bf74103e 3edc8a15 3e6e94c9 3f540f77 bee88b46 3eeb5a5a 3e8529b0 bf78505c 3d97ea54 bf4916a8 bdd0df42 bf3046cf 3f1465d0 bf25463c 3e9e39d1 3dc7e618 bdb5e3c6 3f6a774e bf382ea1 3f584f9f beaaaa2e 3e8f7b7b bf33d661 be84e93f be8969c7 bf11ae53 3e2453d2 bf1f867b 3e9f0b16 bf3bb66d 3f0415c5 be937a99 bea1a93b bdfadf3c bf353e8b 3f4f0f41 bf157614 beaaf9c8 3f330e6f bf1965fd 3f65d6ff bf72a070 3f0cc639 bf4ddeff 3f755011 3f258df9 bf0b7667 3f5f46f1 be0cb22f 3f236e54 3f2fe693 bf6ac76a 3f40de7b bf4c1744 3f2fd63b bdb36068 3f040e1f bf72f032 3f1e8ea1 bf78d81e 3c987c57 3e0bb283 3f1bc5f9 3ee7ea75 bf4e4669 3f4afed7 bf47dec0 bec07b35 bf1e3db7 3ee05b2f bf42f632 3e9c9949 bf2c6e5a 3f587f75 bf17361a 3efeac2f 3e635199 3e2cb31f bf2666bd 3e91e951 
be9958ff 3f092ea1 bea98a01 bb8a06e0 3c490f11 3f1c35cc be37f21b be55709d 3f5e7f31 bdf2672f 3e21d261 bf057d63 bf4546b2 3eb16a9f bec2bb46 3ecd1b6a bf41c629 3ec16a58 be283178 3f5aa751 3f4ef73b bf6a6f3e 3eab5abf 3f73e87c bf79487a 3f770fc0 bf223da0 3ea7eaa7 bdde2361 be89f966 3ee549bb bc917ecb beb0fa11 bf3c2e49 3dfbe739 bef7fb1b be4711f3 be717483 bf6376cb 3f462713 bf311eb6 3e8d499f 3e2f3180 3f386e22 3f2dbe5a bf2baea1 3f75d02d beeadbbf 3f31b62d 3e000fb4 bf73eef2 bdbce267 bd12c84f 3e3dd28e bf4336d2 3f153e99 3f109dfb bdd7234b 3f491684 3ce48276 beb65aca 3f30de6a bf271db4 3e8deb60 be8f3955 bf2ffeba 3ea2ea48 be8b0990 beea6aa4 3d6cc5e7 3f38eece 3dca6248 3f0cf5ea be17336f 3f049d8f 3d4cc104 be07941a 3f73876a bf33362e 3f317687 bdc0a106 3ef94a8e 3d76c299 bf15a672 3f316eea bf3e05ec 3ee03ac4 be955afa bec25b48 3f6cd772 bf154604 3d62b9a3 be96aad6 beda8b64 bebdca69 3e4a30f0 bf67173c 3d8c614a bea77aa4 be3752b0 3ec49ac2 3d90a182 bf26cdf0 3f07a627 bf6b6fd5 3f2ff68f be82790a 3f0f2602 3f12fe02 bea02a54 bf33971b 3e04f290 3d91a0ee 3be25f35 3e417331 3f09b5fc 3e36739b 3e45743c 3e9ffaa3 3eee3c2b bef89a63 3f1b65bb bed80aad be1b719f 3e94da07 bf48d6eb 3f7e716e befcfab8 
3f388eca bf293628 3cf8805d 3f30be61 bf6dd05a 3ec09a3d beecdc12 3f1e6ee9 bf77b01f 3f11adcf bf1035e8 3f41ee60 3f6c4fa4 bf47b6aa 3f4ceef3 bf08adaa bd89e259 3f199602 be1c103a bf4e0ec4 bf5d7ec3 3f397719 be2bd376 be8e1a8d 3ebbea88 bf69bfa5 3e824af5 3dd0a31d bcc78fda bd30c600 be523209 3e3e7318 3e12716d 3f334e00 be051086 3f35fe47 3e948962 bc8684bf 3f6a6f7e bf5f9e7f 3f666f65 bf190e05 3e2ef250 bf3b9ed8 bf5a2f92 3f00dda9 bedb2ad7 3e1bf271 bf7d612c 3f1285fd 3c827c7c 3f531ef6 bf486758 3efbaac8 3e3b72e9 3e0bf2c3 bf53ffc4 3ec7fa51 bf7e5920 3f33f66f bf06e5ed 3f01f5ae be9df917 3cfe9336 3f335e66 3d3643e2 3eb76ab7 be26b45c 3f612f24 be6574ea bf74e834 3ec06ac3 bf42ff0d 3efc2b9b bf1e1649 3dcc27a3 3e1a7025 bf458f0c 3dee23a5 be841b0c be2533db bede6a55 3f5a4fbd bf124e05 3ef07b27 3e93dac3 be64f044 3e79129c 3e94f95d bf5a2796 3ed0ea88 3f6267e6 bf4ab6fe 3f7b2046 3dd12018 bcfc7e47 3f5fb77c bdf36058 be559240 3f66b750 bf61177f 3d9fe13a 3f37ae1c bf2eeea3 3f0abdd5 3f00163a bf358e23 bd8f61b7 bf54169b 3ee8ab67 3d6a40b8 3f0e75e9 bf5e57c4 3f375e3a bf6dafcc 3e9a4b2d be939a4c bf131e57 3e85aa9e bf6ff772 3f3d06a7 bf66cfb4 3f390e00 bea72a2c be7e741b 3f194679 bf03858c bd733e6a 
bde8a053 3e4d544b 3dc3a27e be401112 3e1df12f 3ed45a6e bf27b693 3f0f6e5a bf312622 3f2e7e89 bece4b2a be5b937f bf3a8e42 3eb31b15 bedceafa 3f2abed6 beaf6bc8 3dd6e616 bf066de6 3f62176f 3f5bbf0a bed30b65 3d8f2381 bf1ca627 3f37e657 3e5c73a8 3f0ccdde bf1b1da1 3e1692df 3f1fd67a bf3f2621 3f079da3 bf2f4629 be14d2d6 be87e911 bf098dcb becf9c27 3d9461bd bc8d857c bf0d3e24 3ef88b6a befaabd9 3ee09a73 3f1cb5e8 3e87d931 3f368651 bf7677d5 3f31ae93 3f6ddfb3 bf5c1f78 3ef56a6d bf65575e 3f656735 bf1e7ec1 be2470ed 3cbf890c 3da8e193 3eb649b5 3d9ba372 bc331e49 be8ce9ac be04b08f 3e393557 3de9a49f bf4a5ef1 be1f92e0 be7cf456 bd593bae bf4c0f36 3ecc6bb9 3f7b1844 bf40b728 3f67dfca bf5c8ee3 3f773084 bf5ee7ab 3f176594 be3b348f 3f71f7d1 bf06f617 3f652f21 bf1d25dd be54d019 bdce9e17 3dbba677 bf52ce93 3eff8bf3 bf0b7e14 3eafdb33 3e4e109c be7a1501 bf79102a 3f3c2e78 bf30f5e8 be0e91e3 be6acff7 bee08ac1 bdd564a5 3edd8ac4 bf4a371b 3ef16baa 3ec4ca36 bf74a08b 3f7d280f bf0a7d5e bf560f6e 3f1ed673 3f2ade5c bcca9922 3e6c5150 3db0dfcc bf421eb8 3f7a30db bf1d1e59 3f749817 bf606788 3f565eeb be269132 3ebe0adc bd164b87 3f14163b bebf9bc8 3e0ef17a 3e44d164 3f13fdec bf4af662 3f370e9d bea009e3 
bf7cd0c2 3f36063a bec92adf bec51a6d 3f01bda2 bf33ef28 3f45a62d be17b056 3f0e05ce be03b1c6 be917b09 3f74f7b2 bf155d69 3f734fd1 bf4d4704 bdaaa11e 3f238dde bf59f72b 3f6a6816 bf2fdeb7 bf2bfe23 be9e6a5c 3f1fa6d8 3ef77b4b bf5c7794 be01518f bf429de8 3f179649 bec059ca beee3ac5 3f3b46da beb73ad0 3ee04c26 3eadc973 3e0930c6 3eb2a9f5 3f374693 bf62077b 3eb03a4c 3eea7a80 bec68c94 3f1e4e18 bf7cd96d 3e8268a0 bf69278c bead3a09 3f78d057 bf7ef129 beceba40 be029189 3f0875ca bef6db51 3e77d2d7 be6671c4 3f4d472c bef40bb7 3e8a297b be5df59c bea63959 3e9de958 3ef1db95 be28b265 3e44f20c bf0d4e21 3f4b2672 3ee85ab0 3d71c00e 3ea6995d 3e9ca9db be976aa8 bf525eee 3ef01af9 bc2ce71a be25afd9 3e0712d8 3ed48ada be872aa0 bd80a05e be9dda9d bf2fb6ce 3f073d27 be8a0a34 3f4eb792 3cba79ee be2b50fd 3f2f0eed be1452b7 3ecffb4e bf79f047 3f5ab7a9 be8ae8d9 3f6c280a be11501c be25f300 3f2e26ae bc948cf1 3ea40ad7 3e35f354 bf0ae5d0 3f6a0799 bf5af75f 3e97eaa6 3dd6a08e bf39069d 3f178e9d 3f2feebb bf0c9587 bf01cd85 be76b38d 3e60d093 bf70180c 3f77e0d3 be9d59f3 bf59ff55 3f5a470d bf2bc679 3f1c3e3d bf34f692 3f0df63e bf2ed666 3e08d3ea be858a81 3effbaf8 bf7c189a be980ac5 3f09d536 bf3dbed5 3f4daeb8 
3f70f7eb bf7ca0ec 3f5b9f0d be1051f2 3edecb43 bed55ac6 bd966076 bed66a22 bf5eb72c 3f342649 bf4ee67e 3f3155ba bf68c7e9 3f0e9e0b 3e237244 be287115 bdf65b5e 3e221293 3dde2306 be949ad3 3f681759 3ef0fbfb bf6c4f42 bd63bec7 3ef5bb5c 3edfcbc6 3ece4b51 3e46b0fb bd93a31b 3f3056cc bf6ec7d2 3f252636 bf77c087 3e5ab484 bec6ca9f be17702f be8c89db 3f4bdeac be9b89e2 bb53ea20 bf16de43 3eccdadf 3eea6a07 be0bb09f 3f310e72 3e8778fc bf3b4e15 3f400e71 3f405692 be2ff25d 3e88a929 bec99c16 3f61c7af bf4dbf20 bdd120b7 3e0b31f8 be8e795f 3ed98aea bc9d7059 be912a7a bdec6520 bf33e781 3f3fc673 3d293cb7 bec12c61 bed61b47 bf370662 3ef74bbb bf044daa 3f24e63c 3e69928f ba6db58a bed01a6c 3ea30b3f be47f3bb bf71b853 3f513df7 bed8db08 3ecc7adf 3f54eef0 bf3ca6bb 3caa8503 be584f87 bf521723 3f4717cb bf368e94 bea2d96c 3f03954c 3b3422a2 3c997f50 bf544f1f 3e5d738e bf7f495e 3f79c899 bf7f28b6 3ed15bbf bf4fa744 3f31dec2 bf1b5603 3df4a54b 3ee8eb95 bf181de7 3f297e41 3ec70b62 bf3e6ecc bbee0565 bc2ef637 3f572702 be7091e0 3e779495 3f74ffc0 bf6e5846 3ea18894 3f2265fd bf0115c4 3dcf61ad bcb87530 bf1345d0 3f53df03 bf43fe88 3f4aa79d bee89ab6 3d22be6e 3f441634 3e96a849 3e67b37f be9b9a15 3d754570 
bf0e0dfb 3effaba5 beb11a82 bea89aaa bd9fa233 3b14580b 3f364e00 3e4f51c7 3f5d76e5 bd85237b 3cc37964 bc731834 3ea21aa6 bf5796c0 3df1a5a6 3f00ad8a bf021df6 3f0c8585 bf538ed0 3f2e96e7 bf7ae82e be8b19de 3f73cfe9 bf2b5e69 3ec80a51 bf6be7de bec399e0 bccb8b4a bf66bf80 3f65f7bd bf6a781a 3f3cee8f 3f2165d0 bf289de8 3f62f6d4 bec3a8cc be9a2ac4 be221143 bea85b0d 3e2a7342 3f68ffbe bf7e38eb 3cf48126 bee4db5d 3ee58bb1 bf7ea136 3f79f094 bf73b814 bea90b0c bf65ceff 3f769073 bf6cbf86 bb1c6988 3ed00aea be1093ba 3f3c26e7 bf5e0f1c 3e870a19 3cc18e14 bd443a1d 3e921a5d 3f3ed682 bf406e55 bece8bcb 3f0dbd7e 3e9eb9df 3f223661 be91aabd be85c9a5 be9b3a85 3e83a9b0 bf37e5de 3f7217f6 bf3786d5 3f504724 3ec3ea68 bd1443c8 be883a16 3d714490 bf499ebc 3f31a686 be20f1b3 3f023d49 3ea2cbfc bef8ebb6 3f7cf8b6 bf50fea7 3f456f3d bf5d76fc 3f07fdb4 3eedcaa2 3e8589bc 3ef32aca bdffe00b bdbe651a 3e22b319 3f02159f bf1e8e13 3f7e00fe bf6d0f58 3ee6fbca be0c916d bed98a12 beb549f5 3ee39c0e 3e4fb2ff bf41963c 3e54329a be89e9e6 beaadadc bf53e74a 3f534eca bf2f36c1 3ea9c9fa bef3db31 3f29a683 be2c70f0 3f48cf1b bf3c6683 3ef8daa6 3ca783d5 be00b1f3 3dae5f9f bee609e0 bf19ee69 bee0ca3e 3f4a6e86 bf35066e 
3f6997e5 bf7447f2 3f7027ea bec81ad4 3f213599 befdcb93 be8909bb bf519f04 be30f1ad bf4106a3 3f24b5cb bf68b7d4 3f6ad014 3ef7dafc bec41a1a be35f26f 3e27512f bdf5e46d 3eceaab3 be739438 3f7f09bf becd4960 be27145b 3ea55b3b be9a6a33 3f720013 3e5d5228 3f0b85c6 3ebeaae3 bed879fe 3f5ef7f8 bf649f5b bf241dbf 3f619f8c bf6a07aa 3f18ae18 3f5ecedb bebb7965 3f5a37b3 bf250645 beab6a81 3ed74aae 3f341607 be5c9009 bedc9ab1 3f27ee1e be7d7485 3e7d733e 3f57a72b 3f536f50 bf773016 3f4e7769 3eb05a02 bf28d64f 3ebaa9fd bf6a0f67 3f741877 3e041367 bf472e17 3f64cfac bf352656 befd9c63 3f3ef6b6 3e99a94e bdc1a06d bf59b713 3e4e930a be4f9468 3f527eec 3d48408a bee36b15 3f452e9d bef1cc07 3e1e72fe bf324e77 bd34bdd5 bf403ed2 3f6b5764 bda02605 be2a1361 3ecf1ab4 becdf9be befa7c6c 3ed89ac0 bf00cdd3 be76f306 3f4166d3 bf719fde 3f220615 be824a1a bee42b0a bf42a697 3e9b2af2 bf67af91 3f6c9f46 bc3af236 bf5996a2 3f0b55b8 bf54cec7 3f7ea1b8 bf542717 3f47cf23 be5d322c 3f66c787 bf76d82e 3f4bce39 3e6cf432 be204fea 3d3d43a3 3f6d273a 3e5e30e1 befb1b21 3f793015 bf70af92 3f2a4635 bf347662 3dabe21f bf79e0b9 3f5bef52 bee92bc4 bf111632 3f0ead8f be92da06 3e0ecf8c 3f548713 3ec6bbd1 bf3fe681 3f214dce 
bf640717 3f71d83f bf54f6d5 3e59f2c8 bbf20edc 3d4c3aca 3eb69a34 3f3b6674 3eb019c1 3e14b155 3f165e3d bbb20fab bf504e9d bf1f967e 3f4f36b6 bf03ae00 3f2d96bf bf65c799 3f1c2691 bf3a66b9 bf034e2d 3e898956 bd42c1a0 3e3c5350 be7d357b bf2435fb be95e921 bf3e6639 3e58746a bf261dbc bd22b3f9 3f2f9f11 3dede543 be0c7364 3df75f30 bf15be5a bf109dba bf2ae5ea 3f04ce11 bf169e5f 3f7eb0b6 bf3d062f bf44264b 3f4b0f26 be1473ce 3e911ac6 bf19a5d5 3df26565 bf5edf42 bf52beb7 3f3b2f19 be8eba76 bf373e5e 3ef04ada 3e2c70ee 3e121191 be8a49a3 bf0d2e03 3f36568c bf228600 3e995b8c 3e8c19fc be92f94b bf4686e0 3f140e6c 3dec63f5 3e6231f2 bf2ab6b1 3d93dea9 bf32368a 3f6db7d9 bf6f7004 3dce1f4f 3ed93b52 3d97212d 3f10e5b8 3ee01b51 bf5a6f38 3e8028cd 3db11fe5 be339446 be54f355 3f7de915 bf64d7ae 3f511ecf bdeee1a3 bed9aa75 3f4b4ed1 beaabb53 3d1dbf61 3f5106cc 3d8d1f1e 3ef7fc80 3eb8b9eb bf0df641 bf25e6ca 3f70c7e0 3ecc4b45 bf1cd60e 3f00f5eb bf164d92 3ed02b76 bf512e33 3e940bb1 be85e974 bea53ab3 bf3a4643 3f5f56c3 bf1bf657 bf60c74b 3e58d418 3dc062aa bf6c7821 3f28c692 3ef92c38 bf003602 3f523725 3f1d65de bf48f739 3efdcaa1 3f4e8ea7 bf745041 3f78607f bedb59e1 beda5af6 bf2d8df1 3f7fcaac bf445675 
3f67572b bf439624 3ee10b00 3dc7643e bf318df8 3ed20b25 bea149f2 bf5f1706 3e86d8ce bf26ae52 bf42eec2 3f02d5a5 3efaab71 3f48171b bf56a6fe 3f313659 bf4b2e7c 3f7718aa bf08c569 3f2506b9 3f2a7e79 bdaa21f1 bc9c7791 bf1bb5f4 3f3f0e04 3e6e1480 3f6af74b be8e6858 3f3d6e22 3e979a43 3d2c4012 bf4ceecf 3f2b85fa bf49ef31 3f606ef9 3caf747b 3f453ef9 3f70aff3 bf7fa9a6 3f640773 bf3fef19 3f063d9f 3eef6bf6 befdbbb4 bdc3a361 bec4797e 3f1d9667 bb2b8bb5 3f5b97aa 3e747522 3e3915d2 bf24e5da 3f6d1f81 bc937d6c bf36c67a 3efa9c44 be8b2913 3f2d9e46 be7bf2e8 bd5c3af7 3f09ad89 bed16a48 3e32531f 3f648006 bf73386c 3f200ee1 bed05b5d 3f5f1745 be229210 3e9fa9ed bed4aa47 3f1e06c1 3defa5e5 bf03960c 3e20b489 bf61dec9 3d38c065 3f1f4f04 bf317e89 3f1f9e59 beb50b4a 3f14d5a2 bf3de77c bd314893 3f19157d bf7d008c 3f444e2b bf7d78e1 3f1725b8 bf3d9705 be6a73a7 bdb7a0d1 bf175e0d bec6fbda 3f4ae6b4 3f249e01 bf54eeca bf04a560 3ed3dad9 bcff93fd 3df1e64e 3e219149 3e2fd3ac be3594e1 3f252e36 3eebec7f 3edeea90 bf4ff76f 3f51c6ca 3f460ec8 bf193e3a 3eb46a24 3f4c6699 bf0f2e0e bf63afbb 3f27866f bf75c84b bea49ac2 3ef6eac0 befffbb5 bed50ade 3ed7baa6 bf44e6bf be0e70f7 3f53c74a 3de1e3c2 bf29b615 3ef84b6a 
be313151 bd92a4fe 3e5bb347 3a99bf1a 3f284e86 bf1c2dcd 3f500700 bdbfe105 3da4e2bd 3f477ee3 3f16264f bf309636 bde9a008 bf6c07bd 3f0c8d8b bf074e0c 3f125df4 bf367676 3e71f35d bed46ad3 bf56feda bdaea306 3db3229b 3f4b7682 bf238621 bf1ea5ce beea4b33 bc839cd8 bed8fab6 bf5b6700 3f5e8f6d be95f8f3 bcd77bde 3e06921e bed5ea74 be407255 bf310e45 bf446ef6 3f1575a5 be7374b1 bee73a87 3f0b459f beceeb56 be28d232 3f6a87df beb53963 3e66f639 bf44bea4 bd68be95 bf14ce61 3d7fc8e6 3f096da8 bf3fd6dd 3ec41aa9 bf05151c 3f7427c3 bf536f75 bc550535 3d8021fb be2a336d bee28a5b 3e1c92d6 be2ad1d9 bf25d6b7 3f573fb1 bf524e97 3e27d630 bf197e24 3da52250 bde662be 3eaeeb3f bf6db80a 3eb429f9 3d0cc73f 3e037046 3f25eeda bea5998e bde36080 3f021dca bf03a65c bd9866cf bead59a2 3f422654 3c3b1f5e bf20a60f 3f602f3e bd7bcbd1 3e5c1253 3ac6652e 3f5d9f5d be78f30f 3ec4db4f 3e757258 3f07e556 bf65402b bf36e708 3f640f5a 3e6b9390 be21f205 3e00f1df bf36ddd2 3ed8fa25 bea92a1c 3ed219eb bf7be081 bf721846 3f3bae57 bed4daa9 bdbba053 bf7cc8d8 3f6aa776 bf51b743 beac0992 3eeafb99 3e889a57 3f43ce63 be81ba90 3f43ded0 bef11bc9 3f08be27 bdee2595 3e94c9d6 3f071584 3ec40b40 bf2e661d bdc121e2 3f72c7ee bf4c6708 
3d59c09f 3ed54b74 bed2fab8 bf3e9ec0 3ed83abe be5ad1d3 bf0c1e72 3f22a61e bee8dbf0 bf2ace9f be0ad265 3e2b335d 3f23c60f 3de2e1b6 3f30467f beb8fb4f 3d8b60a4 3ebe3a18 be92aa84 3f5cd7aa 3e0fd019 3f47bf65 bef98c00 bf1ece5d 3eef8c07 3efb1c44 3f295684 be8eeae0 3f76e029 bdc7646e 3ccd704b be1d72b2 3ea349aa 3e17f023 be39318f 3f29264f 3b91f190 3f7ec0ab bee93b17 3e80e8c5 3f13ae49 bf1e0e91 be30d180 3f1bee54 bf2a6e16 befe2a13 3f6e5fad bf178dbb 3f38f682 3eebfbe1 bf6d6778 3f631f21 bf6d17eb 3f2f2622 3e310f21 bf6c8ff2 3f6b177f bdde6118 be5fb22b 3ee65a56 3ef8facf bf0435ce 3f73c858 be95d9da 3d3f4b27 3e7bd355 3eaada74 3e65f2b6 bb43fd7c bd0f418a be3bf4ab 3f6f47b3 be93598a beb61bce 3eba8a0f bf722837 3f7c9861 bf5b5761 3e84a995 be14b1b4 3f60a7f5 be15b164 bf374ec6 3deee287 3ea5fb02 bf623f19 3e10315a be8faa1d be3f10cd bf2ff6ae 3dda2601 bd9f6396 bee3da40 3b9d966e 3ee2fa46 3f78b851 bf7167bf 3e27b2a5 be7db194 3e9d19d0 3e812907 3eac698e bf57bec2 3f018d83 3f41de65 3f7e81b0 bf659f23 3f310646 bddd659b 3f43a6b0 bf1d9ebf 3f56170d beeb2b72 3f251e05 bf7c90b2 beae2adb bf17a661 3f114dc0 bf5d3f1d 3f3e2e05 bf3ab68d 3e25f3c0 bf6f07f4 be73f409 3f087d99 be899985 bf23eddb 3ec9ba51 
bd99e1c9 bf0c8629 3f2d1652 3f63ef6d bf76001a 3f6927b5 be81f857 be808ab9 3ed63ada 3d8d6259 3f110d4f bf282607 be26f391 bee6cae2 bf58d746 3f17b5f3 bf115dbc 3ebbcaaf bed19b08 bed40af6 be1fd20c bf2755c7 3ec33bd5 3ed8bb16 be4132f1 bec35a4a bf23ae2e 3dbadeff bf78a0b0 3f322e77 bf344649 3efbca75 bf22cde5 3db7e0a9 3ce08902 becbcab2 3e8439a8 bf31ce32 beebbafa 3ed9db01 bf7e9093 3f3c6ea6 3f1715e8 bf73e748 3f306766 3ed47a82 bf58b6ad 3f6c47e9 bf791810 3e253353 3eec8c39 bef8bbb0 3f32d6e0 bed5aae4 bdc2e1a9 3f2c1e79 bf800000 3ed53ad2 3e3652ef bf1fb5ba bd96df81 3e27f56b bf5d07a0 3ecbd9c0 bf1fbe42 3edeba0c bf32262b 3da762bf be8519ed 3ef98a95 be8fba21 bf741ffa 3f60dff3 bef0b9d2 3f2ffe1d bef61ae2 3e683615 3d46c238 3ec2da82 bebde9e0 bed70aa6 be96ea30 3f7da91f be7213fb 3ec26a99 3e70b1ad 3e910b0f bda9a4ad 3f26f5bd 3d9223ec 3ed589da becd5a51 3f201657 beb45a3e be9b4a92 bf46f7be 3ebc4a79 3ea1ba68 bf02f581 3ebb4a48 bf4dd715 3dcce2c0 3f467645 bf41eef5 bf2f7e78 bf146d73 3db35e50 3e6115a9 bf129de0 3e5173d5 bf549704 3f549e6b bf150d80 be0431f4 3f2a4e26 3e8d19a0 3f678733 bec86a2e be771272 3ee23b18 be5a330d 3f1b8df4 3e86b93b 3f547654 bf7f9acc 3f6fbff6 3e72b524 3c85748a 
beed9bbd 3f4976a3 bf77f897 beb6bae1 3ea0eb21 be68f170 bd8a9f76 3f031584 bf4f271c 3f49eeaa bf7e29af 3f7127c4 3c411a60 3f36b649 3f5dd6eb bf38d662 3f5baf10 bf4cd6ac 3f67beed bdd9a5ac 3e8ee97a 3e10b248 bc5f10cd be5e3401 be4e357e 3f1fae86 bcc18ba8 3f64b750 bd849fc4 3e1632c8 bea309cb 3f5987a7 bf128e77 3f072d99 be3c149d 3e2af18a bf14ee78 3f30066c 3f58af5c bf0c8df5 3f7f81a3 bf45d6d9 beec6b40 3f321e1d bf2e2611 3f0a9dd2 bf7527cb 3f77b7c6 bf4a76ab 3f0b269b bf132e51 3e4432c6 be90d9a5 3b1c5153 bde05f43 be71336b 3f79f879 bedf89e8 bec0eb3a 3f4f46e4 bf2dd70d 3f4d571c bd5bc09a 3ed08ab1 3edd1a26 bec6e9e5 bb91e64b 3f459e9b bef93b38 be12b290 3efb0c74 3f246ebe bf5ebf04 3ef3eb8e bf59df75 3f76680b bf6ad7d5 3f264eb3 bf684fd1 3f275e68 3c08fd7b 3f117e2e bf4aa73f beb47a0f beef5a44 3d7dbc5a bf05e547 3ec61a98 bf410ec2 3e4273f4 bf29f688 3f329ea7 bf3a2f43 3f12bde1 3de9234a 3f7958ab bef7aa48 3d2bc3df 3e8fda59 3bd5dda0 3f36aed8 bf52e6e1 3ea5bb03 3e5e124a 3f2cd6b7 3f0a2607 3d2040e9 be7414dd be1d30cc 3f645782 bda6e935 bf0bae3a 3f447e2c bf354631 3ee3cb1c bf4966ef bf6aefa0 3ec03a18 3f21ae9c bedadabb becdca16 3e639136 bf5e3f8a be8ea9a0 3f363694 bf54bf05 bf305db1 3f061db0 
3f2406a8 bed6bb7f 3e8c7993 3f6bd790 bf5cbf8d 3f4d970c bf76481b 3f22965b be543372 be0f1239 3e15affb bec52ade bebb9a7e bf378eeb bf7a5879 3f5b574c bf270e3d 3d9d9da9 3da7203d bf46ff44 3f74584b bf3bde5f 3f1d5e2c bf3156df 3f69bfae bf677782 3df6a5bb beff6bc0 bf38cef5 3f66df7e bf28fe7b be42900f 3edf2ae8 bf0d96b5 3ec54a61 be041203 3f53171d bf474741 bf295e5c 3d67beaa bf3356a4 3f770020 bf078675 3f35f64e bf2f5636 3e8f6a88 3f355eda bf7c60bb 3f608739 3dcda052 be9ca9f6 3f363e96 bf1b865c 3f5c56e1 bdf7665d bd35bf21 bf210620 be8ff913 3f6e783a bf11362b 3f2d362e bf79902c 3e9eaab6 bf4076db beda4ab6 3ef9dbfb 3e94e9eb bf6ee820 3f141ded 3c6911f1 bf2ba61a bebd6b31 3f74c7f0 befb9afe 3f52472f bf3f6ef1 3f5db6d7 bf531724 3f7617e1 be9939e2 be7af2bf be8739ef 3ef99b0f 3f28e631 3f18460e be63d4ff 3f3915eb bf6ea77c 3f78886a bf058cf0 3f6e87d3 bf792858 3f3f5e7f beadab0f bf326e46 bd98209e bf393689 3f705764 bf64a7a8 bdf8a5c6 bea1fb7e 3f7b88b2 bf742f9e bbe62e6d befb0bc7 bef28b04 bea62a67 3f681f87 be7fd367 bf7d40ed 3f473e61 bee87a5b 3dafa111 3f2336d5 bf4b1f31 3f642f4e 3f689796 bf0f960b bed1eb02 3d604084 3f3e7682 bee4eac5 3f69cf42 be293202 bf01a5e0 3f577f26 3f5b1e9e bf5e9ee4 
bf0c9d4a 3e79b020 be34b09f bf0c3dfe 3e745409 be14f153 3f5b8765 bf4afed4 3f0525e1 bebb0af5 3f35e6ad bdb12013 3efe4c30 3f6c5792 3f4736a2 bf35ae91 3e8b198f 3f1b1e01 bf17b61b 3f25853d bf61a771 3c95712c bd8ea3dd 3f0c0dc1 bf5b3f2e 3f7ac08d becd09b8 3f27b60b 3ec0aa54 bf025dba 3f44eece bf3956ae 3f16360a bebfbbf4 3e3d92e2 bf2c4e4b 3d8ae46f bd4248a3 3f66bf38 3ddc6627 3f1b1635 bf7e0141 3f756814 bf71581b 3f3a16a6 bee75b47 be8f1a6a 3f159616 bf35deb6 beb6abbd 3e66b3d0 be9e19f3 3e86fafb bf67ff68 3e97ca3e bc8b6b85 3f36ce11 3ef18aea bf32965e bf08fd63 3e375138 3e80ba21 3ecdab07 3e4bb3d0 3f3376a2 beb409f6 bf2f3e9e 3f7f01d1 bf095df9 3e3512aa 3f3e3ea0 3c22f5cd bf40ef1d bd8961f3 3dc0a032 bf70dfd5 3f5aef5a bebc7a41 be8c9963 be996a11 3f21863a beabcc10 be5171d1 bf2ceec6 beb78acf bf069da7 3e33328e 3f0125c2 be99ab10 3d44c032 befbea1a 3f4b9e9d bf4de6f2 3f0a6e0e 3ef09c22 3dec26a8 3f6556f9 bf793053 3f332595 3f184dc1 bef6ea46 be943a3b 3f055d7e 3f0ff646 bd493c44 3f3fe69c bde81f76 bf71cf62 3f54df25 bdaca2f2 3e91da2d be24127c 3e6653de bf7c68f0 3f4f4ed4 bf2eb633 bf298e5d 3efe6b1c 3d98e37e 3ea27a0a bf2d2db5 3e6a5065 bf3d56c5 3f675f96 be6d95cb bed3ea55 bf7b883c 3f78e105 
bf46dede 3f787051 bf479e66 3f745ff2 be063021 beb319f0 bf0645b6 3eaeaa8d 3d174605 3df9268b bf64dfa2 3e4e7574 bf1c3ed9 bf35c61e bf71bfd7 3f74306f bf3f9703 3dd4a557 beec7abe 3f466e86 3da1a031 3f089d75 3e32928e bf5f2f20 3f591ed3 bf128653 bed43ae8 3f05ce98 bf78387d 3e9a2928 bedcc9ad 3f69a759 bf4246ef 3ecc1a19 3d5fbe0a 3f3c9ed9 bf04960d 3ec35b35 bf3fc755 be41508a bf2655cd 3f6006fa bf64f70a 3e6333a0 3f059523 bf2e6e8b 3f641761 bf64ef92 3f5def55 3ef2fafc be9449a4 3e57b2c7 bd8cdf26 3f4b16d1 becefb7e 3d1249c8 bf49570a bf14dd74 3f423686 3ec0ba7e 3f162dd6 bf642fb2 bea1ea6d 3e5a51e6 bf71e00a 3e0cd246 3f6ae7ad bf588733 3e9138c4 be55b1fb bf521eb5 3e3b31c8 3f7d114e be655259 3ec67aa4 3f730038 bf70382c 3e7032dc 3f443e3b beb25b73 3d1cbffa 3e9f3a49 3f01658a be2db3b6 3f64df52 3ec74ace bea10bb6 bed52b46 bec85b52 3f665fb7 bf566ef4 3eebab72 bd674064 bdbd2223 bf0abd65 be082f5a bf270673 3ed5bafc bda226a9 bf46b65b 3f5b46e4 beb97aab 3db7a364 bf78c895 3de6a1c3 bf37369a 3f75effb bea3592f 3f01dd95 bf6e284a 3f06a5a4 bf6a9fc1 3f730856 be24528b 3f419e27 bf4b4758 3f7e1118 bef46bde 3da5a41d bea3fa80 3d8c2069 3f1f85e7 bf01ed39 be7950cc be7fb225 3f696fe0 3e2851db bd1346ce 
3f57c791 bf337e98 3ed04a3e bf26bead be7335c7 3f661f10 3d4e4094 3e983acc bf592713 3ee15b23 3f099510 3d213bb9 3f03d5ca 3f134d72 3ef75c1f 3de1a60e bead19ef 3f5b0716 bec55a95 be893a50 bf137e10 be84fb30 bee84b06 3f5e6710 bf1bae05 3ebab9f4 3f04b5b2 bf2d3601 3f1d8e22 3f2cbe56 bf5a778f 3e6052e0 bee14af8 3f2e35ef bf567f80 bee3ea76 3f2a168c be5cafac 3e24d330 3efa3b8e 3e87ca4b beb3bb12 3f7b8096 bf28c608 3dc31df6 3e03cfbf bee62aec 3f33c705 bf672f5c bea64a00 bc9a7dfc 3ea659f5 bf638f29 3f045d8a bf1d15cb 3f4a36ee 3ef4dba3 3e8bcab7 bd0b3be9 bf3a1e74 bf3a1697 3f77d04c 3ea5ca61 bee6aa25 3f794108 3dd7218b bf771003 3f20ae28 bd4dc092 3e42524e 3f6ef821 bf13759e bf2e9e64 be32710a becaaa0d bf6d6fa2 3f44f69c be2cb37d bf61ffd1 3f47fe9b bf34c693 bec00c20 be96db08 3e535225 bf08bd9c bf280e67 3f09a592 3ece6b41 3eba9a23 bf12a5db 3f0cb59b bd905ce5 bf0dee41 3f505ebb be8be975 3f43af01 be36f16f 3f18f64f bf59d74d 3f5ade76 bf7ffa83 3f30aedc be4df0b8 3f115613 3f532713 bf1a3dec 3bf9e78a bf0ab598 3e4ef2c9 3e17121a 3eaecaa4 3ed60a83 bef2ca48 bf08f5e9 be928b0b 3eec1aea bcc08f79 bf18be41 3f438eeb bea2ca1f 3ed28a89 bf112ddb 3f64d766 be037141 3f030dfd bf7e3176 3c371671 3db56359 
3e985a5e bf59e702 3f6686f2 3dc922d3 3ea8c9e3 bf56ef1a bdc861ff be9daa03 3f70d040 bf0fde27 3ce97f5a bf3da63f 3e56f577 bf5ccec1 3da42735 bf4b270d 3eee1aa7 bf217625 3ebdeac5 3e905adf 3e5bd3b2 3f75081c befebc66 3eb7ca3c bebedb58 bca481e9 bd32c501 bd2bbdfe bd8b61f8 bf1bbe42 3eaefa1c 3f0a1d8f be9ad9d3 bd44c71d 3eab2b7a 3f0985ff bf001dc8 beefeba7 3f0ac67a bf03f5ee 3db81cbe bf00454d bebe1af1 3f29dea3 bf4796fe 3efefb2f 3cec7e4b be8ef9ec 3ec45b2b 3f6dbfe9 bf49a6e2 3f5c4f25 beeefb32 3f42cee5 bf69cfbd 3e9d5b76 bf7d089a 3e3093bf bf0f6617 3f7c28d4 3eb3ca68 bee2cb50 be9b0a09 3e864a21 bf528ebf bcc87d60 3f211e3a bedd8b42 3e6ff477 bf48cec4 be1c326b 3e06d384 3f5e4f64 3e8428d4 3f02b680 3f4c4762 bf3ad6cf 3f5b1727 bec71ae2 3ea719c2 3e5913de 3f6677be bd47438f be8fe9e4 3eeb8c26 3e8739f5 bddba33c bf574f4c 3ed7fb98 bf340635 3f2acecc bf50ceb3 3f6f0828 bf1c7674 be911946 3e85b9c9 bf589ea4 3ed81ad7 3d5e3b93 3e6012bb 3f1375db bf19e582 3d1046ca be6bb4d6 bf7ce191 3f3205f3 3dae9e88 3f0265bc bd3b429a be4c7333 bf0c2db4 bee76a5d 3f03f5fc 3f57bf21 be515344 be9cbb39 3c89761a 3ef97a7f bf75cfcf 3f498692 bf3d9ed1 3cae70b1 bf1ade0e 3e00cf67 bef24b44 3f48eeac 3e4df2d4 bf692f52 
3daf6195 3eeebaaf be8e4915 bf6ba77f 3e4552d7 3f22c695 be58f272 3f0d2dbc bf320724 be427251 3f3725dd bee01b1b 3f7fba62 bf10cd89 3f7ad921 be027291 3f50aeb6 bf290dd3 3de6ea08 bcc47f03 bf099dca bebf8ae7 3e191229 bf17be34 3f6ee72a bf3e96ae 3ebbbab3 3e13b2c6 be6ab1fc 3f3756a9 bf498ed5 3efbeb85 bf483e56 3f7ba04c bf75a822 3e6b1285 bda52163 3f67fee5 beaeda7a bf2c8e2b 3f3a065d 3ed86aaf be8489b1 bd71c525 3f5d7f18 bf1fe6dc b9e1d550 3e46538e bf222e42 3dd425da bf6eb861 3f596e86 bf50eefa 3d8d9eb8 3f5276fd be0311cb 3e0090ba 3f262e4c 3e7c52f8 bf5c9f8b 3e4e53f6 be6dd3f9 bda76088 3f3b5f11 be219138 3f14be2f bf7f8abd 3f5916d9 bf11760f 3f709f9c 3c8e7c48 bf014533 be85499c bf18a569 bf260d69 beb67a9c 3e095498 bf29766b 3f1e7ec1 bf1d0d94 be5ed010 bf588eda be0610d9 3f4a86e6 bf4ec751 3ea33999 3db2a42a 3c310b53 3f414655 bf18e5b4 3f4d3eb3 bf3266d4 3ee0ab02 bea11b99 3ea44ac5 3e89e8f1 bd56bf77 3e4b72d1 bf0c5592 be63537c bf6237b3 3f5cb6f7 be15556b 3e1292e0 3f5cdf1f bf1ff671 bddb228c bed1da37 bed7cad7 3f2ae5cc 3edaca5f 3f26c597 bf6a8727 bf056de0 3ea85a5e 3efbfa93 bf64c783 3f6447bf b87381f1 bee499ed 3f479e94 3ed5fb61 3e8369b7 bd6c3906 3ecbba5c bf537765 3eb1ab58 3f001e39 
3d533eed be9d9a00 bcab8453 3f69af7f 3e8cbb10 bf635f78 3f360dfe bf6c9fbf 3f5d3f01 bd28425a bdc468eb 3e93e9dc bf585e8d 3eff5bfa bf52aedf 3c351589 bf5d1732 3f690ff8 be159380 be745526 3f34362c bedffaeb 3f20d590 3dcca6fe bf18ee42 3f6ce7af bf2765f0 3ea20a80 bf2235a8 3f746fbd bf77784d 3f572ecd bf511f2e 3f366e70 bf45f61c 3f6b5fe5 bf3d672b bf12fe9a 3eaa9a00 3f4406fb bee39b0e bf29d67a 3f7f3109 bf2686ef bf6e8fb7 3f7b1026 bf1b6e82 3f5c7e74 bed91acf 3f00cd5e 3f6a4754 bf7027cf 3f53cf17 be37d15d bf65776a 3e3a51a2 3e917a69 bf4c4e47 bef1bc18 3f787888 bf239db3 3f393e3e 3e3af4c0 bf791f8d 3e5134ac be99c94f 3f728853 bf795091 3ef50bda bf14a61f bd9c1fda 3f53474a be416edb 3f01ce1c 3f78a902 bdb9e2d0 3f1a25ea bef44b1d 3f6937bd bf45a6a7 3f7c40f2 3f6eaff1 bf5ef7a8 3f289660 bf67873d 3f4ce76e bf55ffb0 3f07dde1 bf7c10f2 3f3b873e bf673fbe 3f492740 bf0ec622 3eb069be 3da0a059 bf61e7bd 3f49cee1 bf1db53f 3f629fc3 3ea8d995 3f594f13 bf53cf56 3ecd3b14 becfbae2 bf029df1 3f3f3e76 bee32b8e 3f77bfc2 3e1f50fb bed32a93 bf5f0701 be817adf 3f6876a9 3e8f1aa7 bf53366c 3eb37a63 3eab69e8 bf6837a2 3e24b270 3e43f330 bf256644 bf63cf38 3f1d068a bf68cf8e 3f3b7ec6 be44323d bca6874b bf3176ab 
bd3cbe10 3dc9a22e 3e9edad5 bf621f6e bea78a32 bd5d4aa5 3ea61a75 be36537f bcba9004 bb0bc719 bf639f36 3f4e6778 bf15ce19 3f5f5f6c bd8de22c 3eee2a3d 3ec04974 bf696809 3f4726ed bf69f818 3f74d085 bf1565f6 3eb94a1b bf4846a1 3f0bbe1d bf151574 bd9e1f43 3f10ad87 be87595d bf141e48 3f46666e beeebc4f 3f7f91d4 bf685f42 3f6d07e7 bf52a715 3f6957df 3e7c725b be5972c8 bf328e4c 3e63d2f0 3e16f22c bf4096f8 3f3ffe63 3f49473a bf1435b0 3e56d247 bf51f760 3f181e42 bf4486ba bf4e7e88 3f51a753 bf6527fd 3f5a3f22 bddc9d53 3f14de03 bf6fd7ca 3f6227af 3ebfeab3 be571289 bec4bb11 3e805905 bf5d2ea3 3f74c05b 3ebd896e bf4655db bdef1ee6 3ed56bff 3c70f630 3e7bf28d bf1a2611 3df7a44f bf01f4c2 3e1b55f4 bf48ff01 bf6bd808 3f5a0f0c bf38362a bee6fb26 3f1dff22 bf55af5f bf6336ff 3f6bb7ed bf329ef1 3f685fdd be9afacc bdf4a235 3f50e72a bf00f52c 3f227e08 bf096603 3f408e5a bf6a3fdd 3f5f3786 bf62af10 3f7b5874 beeb3adc 3e09f386 bf309e41 bf313676 be7e5301 3cb78835 3e31522b be0a7102 3f292e38 bf70e7dd 3f1565da bf5db73a beb21afe 3eeadb15 3f5f2e93 3de3a146 bf7eb954 3eb549a9 3f288e96 bf50beb0 3f0ce614 3cdc886c 3f149e14 bef57a98 3f62076b 3f195db2 bf36d629 3f7bb147 bf3e4dd4 3e3794d0 3ef00b86 3eaa1a29 
3f35060f beec0ba4 be099316 3f088e09 3f2c35f0 3e88d971 bd8823d8 bd9e5fee bda55f70 3edf5abb 3e93ba70 3db5ddfe bdd25d79 be915a23 bf3c5e36 3cd48664 3ee809f3 bf093e35 3f4c9ed7 bf0725f9 3dd2e650 bf52d73f 3f1a45fd be317601 3f3165c4 bed28bf6 3f39dded bf6abf43 3f76c04e becb1b75 3ed6ea64 bf73503d be054ebc be2a900d 3ef60c7e bf5e8f1f 3ede8a58 bf79a030 3f32fe74 3e7134c7 3e3614eb 3ebf99dc 3e9b4a1b bf40d665 be43336b beb10b8e 3eed6b11 3f1b6dd7 bf2096a4 3f6e2729 3f38fe6f bedf7a84 3e8609c2 bed88a22 3d0ac3a0 beb5ab7d 3f4496b8 bee3caec bf0335e0 3d17bf40 3ef28b63 be263253 3efacc25 bef55a05 befa1c71 3f6ba79b 3d723dd1 bea739eb bea6bb07 3ebcaad1 3f3bb659 bf365eab 3f800000 bf417e35 3f7007ac 3f5b6f35 bf74681c 3f7c808a 3e52b3b2 be04cf96 3e75f264 3f6b2834 bf5016fc 3f1b2ea4 bf6ef82b 3f147e4a bef09ae1 be09d313 bedfbadc 3f083e10 bee74b7c bd84e1e1 3f16ad98 bf6fc01c 3f78100c bf06563a bec15a80 3f13c61b 3f0ec5ef 3ec10b1e 3f44fece bf51cf26 3f6a4fc6 bf712006 3f6d97b7 bf279e5b 3f6def99 bebbfb55 3f63a6e7 beddeb31 bf4f971a 3dcfe663 3f44df56 bf7988c4 3edceaaf beb04bb5 3e701424 bec96a57 bf041d3f 3e597504 bf0cc631 bf0a061e 3f5ba755 bf73d844 3f222731 bed8ead1 be90ca06 bf1fde7f 
bf7620b8 3ef439c4 3dfe9f6e beef7a8d bf0d7dc9 bf170db6 beb28b5a 3f1e1e3f be482fd9 bee25aa5 be2e933f 3db9a1b3 beddab55 3f416e5e 3f680767 bf21be37 beb27a23 3f056db6 bf75e815 3f2f5653 3e23131f 3ee35b04 3ee2aa97 bf4fc791 3da3e28d bf0b6620 3f2aee40 bf67df5e 3eddeb53 bea7da8c bdb82034 3f6657d4 3f23061d bedf6b32 3e5571dd 3e7092eb 3d896155 3ef51b9a bf09fe46 bc0713f7 bf22d653 bf03d57d 3e1eb1af 3e4dd204 3e761329 3eeeeb7d beb4cac7 bf54b6c0 3f4ca6c3 bf74c09f bf6497f5 3e08f1b7 3f327edb bf4c86b1 3f613f8e bea5f9dc bf440661 3f566e97 bef0a9d1 3f1dd670 bea3ea28 befdeac9 3ed6cc2b bda15f4c 3da5dfa9 be4092d6 bf3cfeb2 3f691fa7 bd97e09e bf32a6ec bee77aad 3f2d0663 bf55c6c7 3f3cc797 bf7f010e bd0cc4ec bdc722cf bed0eab3 beb56a86 bd89a09e bcb17f52 bf0e25d8 3ef41bbf bec50b6e 3f191e3d bf12be0b 3f67c7b6 be80b9b9 3f4cbf44 bf6d7802 3f734055 bf4f7e8e 3f1f8e32 bcc37fb5 bed18add 3e1d1057 3f13b67b bf2b85f7 bea4aac8 bf3cf5f5 be1e4f22 3ea1fb8d beb17a27 3e37f2ab bf1ccdf6 3e471219 be894aa9 bf0f5e0b 3ee7ba71 bf41767d 3f7e8995 be52f27e be9fbaa2 3f4fbecb bf29cebb 3f48de8b bf076dc8 3ed62b38 3f3d869a be8289a6 3e5f1087 3f04e66e bf5e272f 3f34fe45 bed8aaa2 3f493eda bdcce0ee 3f4be66d 
bf15966c 3f54571a bf1c36da 3e922957 3f55377b 3e867a56 3f6ab783 bf4d178a 3c470ec8 3f4f5f12 bed96ad4 3e15cfbc 3eaaabcc bf3a4e9d bf72d02b 3f63bf4a 3e2bb13f bcf691bc 3f45e67d bf4f46cb bd911f81 beeb5acb bf450e90 3f3e9ee8 3e9af9e4 bd49bf15 be0db1d4 3f5f76b9 bf44fee0 3f632743 bf47e765 be97491b bf760ffb 3f2646e2 bf4a6ef1 3f3e6e9a bf6ec069 3e91bafb 3e8ad8c8 bddaa093 3f7627d2 3ed2f9bf bf162e74 3f4876aa bf6b879b 3d554a1d 3d69c170 3f2e2e58 bf1f3e55 3f752f8a 3f55568d 3e0a51f9 bf737057 3f4c2f03 bf1525dc 3e7f1227 3f3deec7 bf268e8a 3f1e1637 bec9abc0 be7ff232 3f69479f bf328675 3d8b21a5 3efd6b14 bee5bb16 3f761063 bf7b405b 3eac39db 3f714fe6 bdd3e6d2 be0390e3 3de26575 be30b000 3f3986a6 bf1d95a3 3f6fefb6 3e99f942 be1a4fe9 3f4b8e72 bf2cf645 3f5386c3 bf56772a 3f18a625 bcc982ff be2371e1 be8d7915 bf488f5b 3f34761d bf58c6c3 3f3fd66d bee9aae6 bda2e275 be986a54 3f569fb9 bf77b8f1 3f3dfe72 bf2c3e68 3f5c5f6d 3f679820 bf4f06d4 3f3bdeeb bf3af68f 3f17ce3d 3f39f701 bf09e58d 3f612700 be932b05 3e7e52a6 3ceb85da 3e167422 be5e707c bef67a20 3f219df9 bf4a9ee3 3eb22a49 bcf17a34 bedb4a6d bef70c06 3c17123d 3e0fefc9 be4dd2ba 3df5626f 3efdeb51 bf553693 3e029256 bf7b104a 3f3b166e 
3ec0caf2 bf4186f0 3eb12aae bab89c95 bf3f8ec5 beabaa4b bf5186bb 3f19fda3 be84da47 3da2e672 beb7cab2 3f1dee43 bf138694 3f718780 3e0a1316 3d3e45ef bf64900e bd1c46b4 bf0ddeab 3f3c3e81 be4bf171 3f7ad020 3e1e128e 3e42f28c bf7ba8b8 3f35767a bf4faf21 3e885af5 be493242 be70f3b2 3f3d95f8 3f028e23 bd806033 3f2e45e7 be5d91bb be89ba97 3f1dae64 bed90ba6 be07d1bf bd11bf7f bf61f7ba bd0c4349 3deea33f beee5b24 3eb88a34 3ec8ca25 bf4ae64f 3f3c6704 bf2b7de4 bea01a25 bf5ae75d bea0998f 3f33b691 3d08c28f bec5fb0b 3e26314b bf2c2634 3ec89b55 bf505f70 3f15de6d be2fb0a5 bd7cbb47 be0b7016 3f068601 bf78f86c 3f673f75 bf78a824 3f50df0a bf4a3f0e be8cc9c1 bea449f8 3e631195 3edc79a4 bf594718 3f3de67e bf13ad9f be2af480 bf394e65 bdc8a3f7 3e99b9aa bf5806de 3f5636ec be962a0c 3de624cb bf5ce7d4 3f229dc7 3eaf1a52 3f1f262e bf2be68f 3f53ef68 bf4e3eb6 3f7978e0 bef2ea9c 3f356f12 bf5566f1 3f4d76fe bf48ef5c 3f5446cb bf43675c bf4d7e71 3f74002b bf5ab6f3 3f7f49be bf6547bd be884a3d bf232e3c 3ec13ac2 bee1fa73 3e1d5083 bd8d2366 bf0f8df1 3ed01b3b 3eecea41 bf23fe80 3f2de699 be9619e4 bdeae48c 3f1bde4d 3ef37ad9 bf0ffe5a 3efb3b64 bf200de0 3ee62a8e bf37ae82 3f2e5ec1 3ec25a6f 3ed55a37 bebaaab5 
3f4fc7b4 bf00ad61 3f3ece8d bf206e83 3f0c4e14 3f5056da be6894a4 3f3a6e61 bf1fc659 bd18b8cb 3eb11b6d bf141612 3d663d99 bf03b670 3e20d3b6 bebbbb1c 3f7b00ec 3f12259d be988a6a 3e4970f7 be88cb02 bf510f58 3c9b9064 bf05fd9f 3f016dcd 3eb7eae9 bdcd62fd bdf1e17b 3ef72be1 be6ff272 bf70980e 3e3a9399 bea71b22 be1cd18c bee8bbbd 3f5cef70 bf5106cc 3f6c8f99 bed2baae 3f495e99 be98cb79 3f6c682e bf535664 3f7d383b bf3756c9 3ecc9b78 3ce6899b bf3105a0 3f65a701 3e61f1c2 3f01c581 3f42172f bf78b096 3de02542 bd374583 3f4965ff bf07b5ca 3f24fe65 3e1b73b6 3e4c1490 befb7c16 3f24de18 bf40e6e7 3f2dd644 becccbfd 3d99a091 be6b33a6 3f65cf0e bef87a5e 3f47aed8 3e72149d bf3556a8 3f3c86c4 bf6937c6 3f36965c beb6da26 3f5ccf1f bb863d68 3f54b6b0 bf70f81a 3f7a58ab bee9ca90 bf0f0631 3f4ede84 3f08263d bf10d500 be8d99af bf0ba50a 3e99dac3 3e8e7abe bf63ef3b 3e4a505a be9659de be379030 3e2e545c be1251c9 3ea5299c bf14c632 3f36f658 3e2353f3 bf0dcd89 3f3b0725 bf6df7b2 3efe3af6 3f0495b3 3f5d3761 bed48b84 be82592e 3f43861f bf40274d 3f5ae750 bae93458 bf2e2e05 3f1f5683 beed4b1a 3e6fd564 3e31b35f bf343ead bdbf6524 3e56b1fc 3e4b303e bec7bb65 3f7b98a1 bf4fef5a 3eca9a8d bf7d70d6 3e4d73b1 bf05756e 
bf09f5b9 3ef20b73 bf4e6e60 3f6adf91 bf63dfec 3e107254 bf31b61f 3df86229 bdfa6398 3f6c1f90 bf5d5faf 3f544f43 3c807748 3f062e70 bef42b6b 3ea10b13 bf6fc7f5 bee18af3 3e7153c3 bed83a74 3eec5a53 3ea74a29 3e5b12db 3f1d4e03 be57533b bf7da916 3f2bd627 3e35332e bf45fea9 3f42bee3 3f71602d bf51fed7 3f333f19 bea07946 3f27be2f bed68978 bee9dab5 3e9d791d bf599f1a 3ebb2aaa bdf9a072 bf425ea3 3f700041 bf65e781 3eeb1b62 bf0e2ddd 3f11c5d4 3dac20bf becf3adc bee2fa78 beac9a49 beda6af7 3e7fd327 3f621ffc bf7b306d 3e2b719f bd9aa2a9 be9faa0a bd97a138 bf2ef6ea 3f1f0e06 becc6b53 3f09e5ab bf0d8dae 3f080e32 3ead09f9 be8de8fd bf715077 3f0f7de9 bf325e7f 3e8f3aa4 be89ca78 bcad7c84 3f5aaf91 bee21b14 bf104dd8 3e2d1389 bf072e0c befc6c7e 3f3e1e41 bf4e1f23 3e9f4a10 3f23b6bd bf6fb84f bef83c7e 3f0b9db8 3da122c2 3f142619 bf075d64 bd744384 3f6df791 3df0e5dd 3e1bb3c9 bc372db5 3ed40a13 bf2e761a 3f4dcf6c bf31ae8b 3e9b0ae8 be56b0ef 3f12f5ec bf72c836 3f6e902d 3d8e66b5 bf67cf17 bf532746 3f126de6 3e807950 bf39664d 3f7890a1 bf55b6cd be9eea0d 3ebf2ade be6172ee 3e7733db beeceb1c 3eaa6a41 be1ad03e 3f4b86a1 bf71804f 3ed0cac5 3cbb8114 bf712fd3 3f5d1f7e 3dfee214 3d8ddfaa 3f078dab 3c19263b 
bd6e424c 3f185e53 bf514715 3f3d1e56 bf4f3ea9 3f5d4f2c 3be9de2c 3e3f7206 be9ff9b1 bf06adca 3e9ce9f2 bdb1a264 bf3f5665 3d1d39f4 3d88a2da 3ed73ae2 3f1d3594 bdfbe41e 3f194e47 be9788b8 3e813a14 beea0a5f 3c927d17 bf6e4027 3ea079c4 3f7467c8 bf302eb8 bea41bb0 3f1f0600 bf4fcf13 bf657fa6 3f7db8f0 bef05baf 3eacea17 bf676fa4 3f5e8770 bdbe2055 3f4c0e54 bee68afc 3edbda9f beba99f7 3f23fdf3 bf229560 3e32f38d 3eee4afe bef92b29 3e8b79d2 bf2b16ad 3f7eda05 bea1caaf 3f43f69a 3c96788a be90694e bf119e2a 3f630f42 bf35b6f1 3f299683 be497369 3e0b90e2 3f4c5ea9 bc1b0dba bf6b9759 3f60af81 bf2cddef bd083f7d bf60b7cd 3f739000 3ec30ad1 3e8099a0 beb86a41 bba64adf 3f6a1799 bf5b2f77 bed4e97d 3e29709b 3f5bd671 be3fd3d7 bd5dc317 3f592767 bf5ac6eb 3f7c88a2 bf2abeb9 3ad63733 3eecfa2a 3f00fd6f be7b5530 bed27be2 3e9a6948 bbbdbd21 bd886629 bf175603 bf46a698 3e831a02 beb43a57 3ea689ca bef53ad1 3df46372 3e4333ba b9a059b8 bf14d5d8 3e203246 3f17f60e bf3dde95 be90a910 3f4846e9 3f590766 bf74afa1 3f076d4b bebd8b39 bf06cd76 3f1df655 3ed9fb3e 3e5f5273 be583171 be033260 3f03bdd1 be94cacc 3e94984a bf4376d4 3f7e5124 bf2ccd97 3ec72bc0 3f17fe9f bf42272f beeafc40 3db1e126 be82ea6d 3c3f17c9 
bf7f4144 3f3c4e5b bee7ba65 3f3cae8e becffa9a 3ecf5a8b bf7f69ab 3f34debe b9465251 3f25d655 bef96c11 3e1c1464 3f070df9 3e7d52dd bed75ac6 be9b1b05 bf3aeef9 3eca3b78 be6cf2eb bf2cae31 3f33fea4 bf26464e 3ed3a97d 3f489630 bebffaeb bee8fb62 3e7c34a3 3ebb8ba3 3e389002 3e0d116d 3f7d60bb bf2c9699 bf235e43 3f758019 befcdc4c 3e94590c bf36a66d bf1c15fd 3f7bf965 bf540ef0 3f0f2da7 beb16a70 3f00b607 beef4ab2 3f36de65 bf457e5c 3f699f4b bed9ea30 bf024625 3f04251e bf751865 3e99ea1a 3f1f35a5 beeacbad 3de32211 3f177e04 bf6acff9 3f588ef8 bf15ae01 bf3df6c6 3c7723d3 3f7d992b bf5c0f32 3f4ba709 3dbf1f62 3f653f30 bf7007ec bf18acf5 bbcdde30 3ebe9b4a 3bb9d59a bf6f67f5 3f6cb78f 3ebb1b00 be6e92ad beefcafc becd6add 3f66efeb bf74a804 3e887985 be3e7048 bdd9645a 3e6691f7 bec40b3c bf12cea1 3f25165c bef33b6c 3e137047 bef97b18 3f47d6a9 3e819a74 3f20ddb2 3f1c761e bf42d662 3ebd3c9c 3ebb9ac1 3d8a2427 bf156dc1 3f2a3e82 3e491136 be10f106 bee59a7a 3f2a55c3 3e1c323c bf25ae21 3c818db0 3dcb21b7 be38b2d1 3f30ee55 3ee28b42 bed5cc01 bf2ebe50 bf09be02 3f0c6641 be6a3614 bd4142de be8ca8c0 3d5dbf32 3ea4ba47 bf110517 3f034612 bf1da660 bdb49b35 3ed7ebf5 3f7b28d1 be1bb23d beefdb7b 3f68af73 
3ebcf927 bd36c72c befcaa1b 3d083d4b beebabaa 3e5853e9 3f05f5af bf1d45f7 be50d046 bedefa8a 3ef86b57 3d9ce611 bf515eb8 3ec5a9e4 be2091f7 3f05855e 3f4ec6dc bf576764 3e8dba98 3f7bd924 bf646f22 3f71a827 be87999b bf1e1e89 3e42135a 3d9f6400 3e24328d bee12b10 bf1d8df5 bd2dc779 bf036dc8 3ea2698f 3f490e74 bf3d0f2c 3ea9da04 bd9b62dc 3f1c567c 3e942986 bf5abf14 3f0a0d86 beb8b9af be6791ab 3eb38adb befd3b2e bef12b98 3f065664 bf57ef68 3f76d80e be5d12c7 3e08504f 3e84e9ef be60b1d3 bf167eb1 3f529704 bf695814 3d9664fb 3e10939c bf267e6b 3f63c7fa 3ead799e 3c9d8e05 bf26b6a5 3d3fc339 3cf18454 bf38c634 befbcb6c 3f161d85 3f67af42 beeb6ab7 bce88131 3e40b568 3b85f558 bbae1801 bf148dae 3d96e192 3ec579a8 3e7fb293 bf278667 3e14d24f 3f440ece bf465eb1 3f7a206c bf081575 3f06bdeb 3c7ce7b8 3cd07bb4 bca38f35 3f3f0615 beecbb70 bdf1607a bf36ae49 bed24a56 bf221dd4 3f281e66 bdc5e238 bf6f484d 3ef83b9f bdab6089 bea249f8 beaa3b7d 3f07f59e be8619ad bd3ebacb be8558e3 3f0e161f bf45760d 3ef5fb13 bd976232 bf53bee5 bef03b78 3e94ba8a 3f5ad6b1 3f39ee2d bf6947e2 3f357e2f be37713d bd91a1b7 3f3f1eb0 bf739816 3f5b2740 bf39deb2 3f78a0b3 bec82a78 bef80baa bf633f82 bd604301 3f241e3a bf1ad62f 
3ef78bac beb2da97 3f392e33 be2d94b3 3f7ea920 bf7ce951 3ed17adf bc977413 3f4b6ef7 be97fb69 3da662bc bf1c85ce 3f7f8a4a bf461eb2 3f0815e3 bf1dce70 bf01c5cd 3f3beed5 be503395 bf553f56 3e74935d be38949a bf46ce8d 3f7b70c1 be7b13b8 3e523342 be8638e6 3efebc56 3e973a8a 3f7a6078 bf3d5e58 3e6b343d beb00a91 bea5d935 3efbda4f bf118db7 be9f1ad2 3f0fde45 bec36a36 3f5d6f64 be4450a7 3e30d2b3 be27b1ee 3f23f5c6 3f032da0 be0a0fec 3e923a10 bf51c705 3ead898f bee579ea 3e8979a5 3eaf3a93 bec5aa1b 3f103eaa be5352a1 3f2e1f24 bd0fcc0d 3ebafa78 bf5477b2 bda1e2fe be06d191 3f4fa71d bd723d43 be3210ff 3f33e5f6 3f209e20 bf6b678b 3d03be5c befdab73 3f344624 bf6077c4 3f779fe7 bf189dc2 3e955a1a 3ea0ba44 3d75bb93 bf0f45d1 3f3ccf06 3c1d0059 bf265df2 3f0d066c bf7047c4 3e971a69 beb0cae7 3e33d321 be6211fa be064f02 bebc8ba2 3d32be5f 3f148667 3e22724f 3f65ffd3 3e34b146 bf28764d 3f5f0f3b be44d0c3 3f2b7e6c bf16e615 3f7f71a1 bf25dee2 3ec99b4d bebce9fc 3f187e3f bf17ce22 3f051daa 3df5a69b 3ebd5ab7 bee05ae4 3f6bcf49 3f454e28 bf308698 bee619f5 bf65176f 3f7b609a bf6197bd 3e3bf0fc 3ecf9a1c bf591eed 3ec1ec14 3e559116 be3ad3bf bf11ce5c 3f1695dc 3f14ae16 3f348662 3dc2a57e be4b52c4 be8d38e8 
be947af8 becfeb6a 3e969934 bf4036ef bef66af3 3f381ea3 be223206 bf2d162c 3dd8a385 bdfda314 bd764220 3f54964d bf5fb7bb 3f314666 bea15a83 3e18139a 3eccca52 bf2345dc 3ea3ba30 3efeeac3 3e439186 3e30544e 3efb8bf5 3cc9905c bf5f86f1 3f3a0e5d bf6156f5 3ee94b44 bf431ee0 bf42c6d1 3f14a5c5 3e6ef449 bed59a55 3f7ee1a1 bf1ef5f9 3f617f2c bf33f69b 3eb6eaae bf2b4e04 be3a6fdf bf4986f5 3f669f1c bf3a5628 beca0ab5 bededb25 bf066545 3f570f0c bee26b9c 3f694fbc beb959d1 beed8b1a 3f1195c2 bf00c5a0 3c976bf5 be7cd221 bedab9a6 bf008534 3ee46b63 bdff2161 3f521f43 bf2fef3c bed36a61 3dc3e5be 3e2992f2 bf25c6c5 becf8a99 3eea9be5 3d961dca 3e3cd00f 3e34916b beafead6 3dc25cf7 bec4db39 3f4e1776 bf74004d bf15860d 3f7a1896 bf3f3e41 bd623fec 3e1854f9 bd81a2ab 3f6f3f48 bf19f5cb 3f7e295f bf7b80d0 3f6d0fd5 bed06a59 3eff4c09 be853864 be1a9139 bef88b4e bf0b560e 3c20e9ae 3d3b4723 beb72a88 bec7eafe 38749146 be9efa4b be7a5339 3e924a6d be52b19f ba986b6d 3cf67c47 bc491bce be76d442 be42b28d bf37be8d 3eed0bc0 bf366773 bf473f1a 3f42b6a0 3e13f107 3f3c96cd bf201e21 3f2c6663 bd4ab814 bf10e589 3f0f1e8b 3e6a8f5b bf49cf9e 3edbbbbb 3ec88a26 bf1f5e5a bf637f14 bd92240f bf312e86 3ecaba90 3e5fb354 
3f450eb0 3e31d158 bdf82515 3f041d6d 3f03edcd bf190620 3d806098 3f7a3864 bf4a5697 3f62471d bf735822 3efdab36 bf57077d 3f52bead bf6d4ff3 3f46ee61 be73b213 3e47309d be43f008 be1e12d3 bf520f7d 3e8f8a45 bf59aeae 3e982aad bd10434c 3f271e11 bec87bdf 3f4e9689 be4a7320 3f3d463f 3bc5b09c bf527716 3f3d36db bf651f84 be5e9017 3e2f51a0 3d23349e 3e6e3238 3ec5da66 3f77284a be2ed396 3e0f9287 3e2e350f 3f085de9 3f2c6f08 bdbc2554 bd99a612 be35d0c3 bf1985eb 3ea8b9aa 3f0d6e08 bf756055 3f587783 bec2d9f5 3f435ec0 3d03449a 3f32be99 bf1f3609 3eb4ca60 bf3f66ec 3f5fdf57 3dece017 bc4300b4 be9018db 3ef49b91 3f3eee6d bf6be02c 3f55de32 bf76e0b4 3e847997 3e6d72c0 3de821a6 bde7a17f be9d69f3 3f40a6cb 3f56e6d5 bf1695f6 be2010c9 3f387e77 3d3a43bd bec8eb8d bed54a33 3d9e9fad bf0f3e6b 3e810928 3b95d4fb bead790f 3f06fdb5 beffeac5 3ec519f1 3f1b4e3c bec4c9d5 3f603f6a beef8b41 3f244675 3eedebf7 becf0a78 3f74e7ed bf0f6de9 3f026d79 bef5cb7c 3f4a3f03 bf7fb153 3f6bbfd0 be671544 3ebc3b25 3ecbfa19 3eff29ff beac8afb 3f7d889a bf33a6df bca17c43 beae8a2d 3dc21f39 bec8d945 3dfae7db 3e5b72a3 3e6a324c bf543703 3f737823 be94ba3e bd9a6333 3eb44a82 3f3f56ad 3f0fe5d2 be081132 3f077db4 bf477644 
bf79c073 3ee87a3f bf746ff0 3f1f1eb6 bf402ee9 3ea04a52 be21d153 be65b34c be38d063 3cfa747d 3ed2aaa2 beaacaec 3f599ef5 bf415f2e 3f625f0c bf455624 bea79a55 3f0235c2 beb12a18 3eb52a84 3f4bf679 bdfe64df 3edaeafc 3ecb492d bf2fd5eb 3e96097b bf5ea77f 3ea7ca22 bf71184c 3f405e34 bf7998c6 3f4adebb bd98a501 3e617508 3f73301f bf755858 3f205e14 bf21ee19 bf36260d bf1c7e55 bdb91ecb be47948b bee95b0c bd29c5d8 bf533e4a 3ec82bed bf0905cc 3f7e30f1 becb99dc 3eeedb3e bf4c7718 3f3ca6a5 3c42f92f bf17edda 3d27c5b2 bf387eab 3e7a70bc bece0af7 3f358650 bf51af30 3f0a4d8d bf6f400a 3f1b7623 3b0b5f17 be9ecaf0 bf5066e6 3f6b97cf bf6d2faa 3f580e76 bda7e880 bf284642 3ec3bb6c 39dd46b8 3c1f0863 bf3ed72f bf2f86e2 3e83d94b 3ecc298a bf0ad58c bf2446a3 3f59f6d4 be94a9e7 3f3566ef 3dfb243e 3d45399e 3e2bd315 bf37f6d1 3f046d7a bf088dea 3ef4aad6 bf7c894f 3f636f48 bf790050 3d573fea bee17b30 bee4ca09 3e6eb2d4 bf0ed56b 3e51b350 be19f231 ba88d4ed bef34b05 3f5f8783 bf2d7e38 befe0c05 3f1e9610 bf62178b bf2ee6af 3f27adee bef31b5d be133473 3f4256cc bf39f69b 3f7988e4 bf1c65fb 3f42f6a8 bf79b871 3e7cb4c5 3e4012fb be8a78d9 be4910a0 beaa9a0c 3eb93b50 bf618768 bf63972e 3f4956dc bf7cb0da 3f2d869d 
3e80d8da 3e2471a6 3f2b2e13 bf01ae22 be0d90e1 3f41e6f8 be50f07b be96fa74 3f75e07c bf412e5e 3ebf6bba bf233df7 3eea0b1f bef85b82 bdb8e29a 3f112dc0 3e37b425 bde7656e 3a2f5dde bd513b40 bf6767fe 3ea90a25 bf7bb097 3f04de3b bebb3953 3f1e2e40 3d6b3cf6 3f1c9dda 3e53f2c3 bf12de55 3f480639 bf097db7 3d3dbfe6 bf33de8e bea52a16 3f16c694 bf36b69e 3f5d86f5 3f4ab68a 3ee37a8e 3e165369 3f30a5ea bd4d48e5 3f017d48 be440e9d 3ecf0b2f 3e47f0e5 bf69080c 3f155651 bf2fce55 3f5e2fd8 bf61ceec 3d81221a 3e79921e 3edefa95 3c7f13ee 3eb83a16 beaf7c09 3e5b91c9 3e9dcb13 be967925 3f0cbe01 bf1e26b2 3ed8d99c be1211ad 3f7be0b7 bf5b87d1 3f4d36d5 bf3b3ed4 3ee5eb93 3ecb3a3d bf351ebd 3f0d0e41 bde122cd 3f2e4dc2 3f77f7ed bf748067 3f20a5be bec4ac02 3f4b96db 3d61bf75 bf0af5b9 bdc6a30b bf360ec7 3d614125 3e6af228 3ded1ee4 3f373e3e bf6b2f6a 3f7cb18e bf0b3d50 3e45308e 3d0b460d 3f32cf00 3f038dc4 be9dca2b 3f562f0e bf424ed3 3f68e7de bf57df65 3f632fed 3ce78af1 bf486edc 3f384e44 3f0aa597 bf541f1d 3f6a2fad 3f0a45d0 bec65c07 be5cf344 3f40be4c bf6bb7e7 3ee51bd3 be55313c be6f13b3 3d09c22d 3e739425 3ef9eb17 bf192568 3f0dfdaf 3df2e43c 3ef15b42 bf17658d 3f67a77f 3f32a672 bf2b3638 3f2fde3e 3e1e30b9 
3cf37ad6 bf09b538 bf14ae04 3f7367c8 be071044 beaa8a41 bf04e664 3f6fd023 bf5736f4 be116f0d 3f198e5e be51b2a2 bca88cac 3deca208 3ebd1964 bf4daede 3ed57af8 bf50e750 3f5946db bf0d566e 3f143dc5 3f0d25dd 3d683d41 3ed84b2b bf57570a 3f0e55b9 bf252646 bf5a371c 3f2aae8f bf213706 3f3efe5c bf534eee 3f759854 3e1392f7 3f13eedf bf13ddf1 3f3b274e bf724781 bf17fd7c bef50b08 beb07946 bf3f5f57 3e6db300 bf1fce1c 3f421eb7 bf76c7f2 3ed1ab4f bd83ddd5 3f2706e6 bf1655fa 3d6941ca 3f396e8a bea47aa7 3e57f24e be9e296b bf15e656 3f4a2702 bf6d8f58 3f2b564c bf28cded 3cf580e7 3f247672 bf40af71 3f044e21 bf2e16d4 3d12bfe6 be6e72e1 3e958926 bdfe2351 bf273e7c 3eec7b1d 3dd7e064 beda0a62 be16d164 bed38a54 bf75b827 3f689fc5 bf2aee9d 3ee82a7e bf0a8dca bf0f7daf 3ec71ba6 3f095608 3f003582 3d6f3e66 bec33a4c bd61bae2 bf40ceff 3f22d634 bee27ab2 bd14bf17 3eeb6b06 bf0a75d9 be990a95 bf7f795f 3f2c9e42 bf7c4181 3f6c3fde bf54475d 3f470ef1 bf4446ac bea0fb7a 3f71e033 bf6477a1 baf8028e 3b89edaa 3d4b41be bf77f12c 3f155de6 3e0f739f bf2f6e33 3f6ca7af beb41931 3e8faa61 becd8b1a 3f46e6cb bf522eed be0a2de5 3e319535 be15d332 bf419ef3 3f243656 beb339af bf1015c6 bbc2012e be1ff0b7 be056fdb bf1dd604 
3e9f79d0 3f3f3652 3de0dfeb bf0e0664 bf07a623 3f6ed792 3d3046e4 bf013559 3e5534f5 3f5ec74e bf7e8917 3f24ce6d be8e8a2b 3d8aa37e 3d3bc34a bea198e1 3f271622 bd46c265 be4b712d 3ee30bf9 be9169de bf327ef9 becdea4d bc64fa3c 3f7ef953 bf73685d 3f6eb764 3f008e4c be6314e1 3e2a9226 bed2eb55 3f0ace19 bf6806ef bd69c1f8 bf264e16 3e9889fb bec0494e 3f5b7f21 3d0c44fb 3f49af49 3f399e9f bce5897b 3f2f461d bf3ebef7 3f47c74a bf1ee71c 3f6d3f72 bf489f32 be84b8bd 3f0bd621 bdb45ac8 bf7e6942 3f3f9ef2 bf600789 3f4dd6e5 bd55c42f bea819d9 3f46c6a8 bf4b3eab 3f51defa bebd0a3d bf108da4 3f6cc7b9 befd5ba8 3f2ef648 be6bf4ee 3ed0fb07 bf3746ed 3f6f8fd3 3e8c9afe bf400751 3e6071ff 3f05b61b be007092 3f68bf6f be4b1367 3f079568 bf0a6e1b 3e1fd1e0 3eb99adf 3eca2ade 3e39efc9 bf4bee78 bf3b86b9 3f108e0a bebd29fe 3f6bc789 be8baa81 3ed36b55 be2c13a6 3d194bee 3d95e232 be499147 3f659f7c 3ec65a5e 3d9425e5 3ed34b88 bf4cde7e 3f44e761 bf54e738 3f11ddd4 3f0fc5ab bf12c63c 3c731fac 3f54bf25 bf45e705 3f5f26c7 bf0e8e37 3f554ee0 bf59bf9b 3f303e65 bf03ed88 bf22f5d4 3f1a1e17 3e15510c bf344ead 3f29c697 3e13d0cb 3d063bff bc8892b9 3f26bdbd bf7317d2 3f2f7df3 3ed389cb bea7e957 3e521378 3f0c3dff 3d6ec346 
be876aac bf5d272d bd16c35a 3f22e640 3efa69c1 bf5fcfb5 bd0eb986 3f28fe36 bf1fd59c be7c5489 3e9f1a20 bf2dfe50 3f3e0e98 bf39be41 3ea229c1 3ecb1a22 bf522702 3f352730 bf6da711 3ea2dae0 bec7dbb1 3f5dc751 3f5656c5 bf02fd2e bf50f72b 3f2175f9 beab0b3d bf6757cc 3efcaa68 beb34bdf 3effeb1c bf1e0649 3f74d85a 3eb56a28 bc02fa5c 3f4276a1 bf4636f1 3b438811 bcd98dd8 bf58f70f bf193618 befc3b82 3f32b639 bf66d759 3f3d5678 bf7c58ad 3f34b6f7 bf00fd78 3f7e0955 bf6c6ef2 3ec48b75 3f479731 bf03ddac 3f5d2ff8 bf7fe9c3 3f3afe5b bf1865d5 3e85785c be1511fb bd3bc765 3f0515e5 beea79a6 3e7df426 bf24cd92 3e2151e0 bea08a58 3e9f99c2 3ddce03f bf787034 3dc56217 3f1a962b be2bb21b bf116544 3e0db211 bf663fb5 3f1d4601 bf7c30d3 3f25c5ec 3e7e34c1 bf76f089 3e8219d4 bf0d3636 3f108618 3f5766e8 bece7a28 be03d0f7 bebeab1f 3ddb628c bf21fe55 3f02e5e9 bf13fdcf 3eef7c59 bec09af5 beaf0aa3 be67335f bf77589a 3f01e603 3e6f72a3 beca9a13 3f55e6d4 bec45b08 bf71f834 3f6cafa0 bf228d67 3ed51a7f bf5f6724 3f2ece8b bed0bad7 bd184133 be1b8f7b 3e2e9582 3e70d532 3f433f0b bee31b03 bf12058a 3f751834 bf63d73c 3ee17b28 bf19cddd 3e71b45b 3e4b5022 bd51bdde 3e8929e7 bf6a97c5 3f0c45f6 3c4d0a69 bf5b06eb 3df6249b 
3ebe2a31 3ee66af4 3ed68a93 bf68a023 be6f7335 3f64ff63 bf1e4e82 3e4ed31a 3d9922a6 3e88fab3 3c7904a0 3f2936a1 bf4fdf06 3f7d70c8 bf75681c 3f4a666e bf52f6f1 3ec76a63 3f374ee7 be9a9922 3f0405d7 bf450677 bf743815 3f0b6689 3f3f8ee2 bea22b40 3e1ff278 3ecefa44 3e7255bf beee6c42 3ee3bb44 bdbf28cb bed63af5 bf79a88a 3eb18a50 bf0f55da 3e6d93ca 3f01fd10 bf183db4 3f571eea 3f576e84 3ba5e1f9 bebcca3a 3ee44b24 3e122ffb 3ed2ead0 bf100e1d 3ea3ea6b bee9eb54 3e5491a4 3d334875 bf68877f 3eb079fb bee09ad1 3ea28a83 3e947a04 bf3e5ed7 3f59b758 bedd0a0d bdcc9bf3 be940a86 3f1275fc be0b50ed 3dd22245 3f46af3d bf610742 3edd7ad0 be699699 3f4906e4 3d95244b bf7de967 3f1f2dd5 be465092 3f2535d8 3e575409 beca7a9a 3f63f75f bf0dd5c2 be991a46 3f5f8f19 bebfdb6e 3f1fee36 bedb9a21 beaf3a12 beb3e8ef 3f79010f bee3bb7f 3f238661 be12d0ed 3e5013ea 3ec59aa0 bf2746b5 3f634f68 bef25a19 3f2ee65b 3f5eaf30 beeddbfa bb03ccdd be2b92af bf2e4e5c 3f29d606 3dd9216d 3e72934a bedc0b4d 3f00a5d7 bd43c28f 3eba49f9 bf26e67e 3f0af63d 3f029d41 bf3aded6 be9ae9b4 be34eeb2 be8c5900 3f7c0108 bf568ecc 3f469f58 bf3fcf40 3f2d2e68 be68512f bf6aaf74 3f37be51 bf4756f5 3f71102e beb75b32 bea70a47 3f758fa1 be35339a 
3db7247b bf1c25cd bcd182fa 3f074552 bd54bee9 bec0ca7c 3f28bea7 bf41e728 3f2a0658 bf5dc73f 3e92ca52 bf2205e4 3e04d3de 3e1431a6 be62d5df 3cbe794c 3f1965eb beb9d993 bf2e7df2 3da9e430 be149210 3e9618be 3f51368a be91ca11 becb8a03 bec93beb 3e2c9338 bdd2a1b1 be9c49fa 3e8d7a90 beb5e971 be60f165 3f627f41 3f0e3e07 3e573429 beb7bb4b 3f26fe07 bf6f8066 3f767786 bf70d7fc beccf9e6 bde3230c 3e0a9358 bd273d50 bf598758 be09f17c 3f64eef7 bf613793 3f59a6de beeb0c01 3f13dd6b bcbd8b4f 3f2d45ed bf1ffe93 3ec6ca99 bf31de31 3f6ebf87 bf2ad607 3dfaa0c5 3f012df0 be902913 be905a32 3d892521 be6f5037 bec23afb 3f302f2c bef10cfb 3ea0f9e7 bf3a0635 3e9039f7 3e9c88a1 3f0645e5 bf31be8e 3e735305 bf77081b 3f7ce17b bf7b1862 3eef2d01 3e00732c be9aba53 3cf0749b be9a4949 bd9d6098 3ed5c9fe bdf7a47e bc052508 bf4566b6 3e6df170 3d39c534 bf4b5f2c 3f0bdda7 bf36fe7d 3f3e368e bf614ea3 3e7ad0f5 bf757fb9 be096fb0 3eba19e3 3ec8bb2c 3ef67b44 bf3c1ed0 3ea579b0 bec5db1a bd483f6a 3e0771ac bed84aba be4a5382 3f2e6631 bf037df5 bf48171a 3f615f89 3f27ce15 bf24d60e 3f3d1616 bf247e80 be8ed944 3ed799f1 3cc687f2 3e0b1190 3d832299 3f300e8c 3e1c5370 be46ef10 be0dd076 3e6ed255 bdcf610f bdfc6673 befd7b08 
3f55ef9a 3d9e62ba bf0cae12 3f3826af bf4da6a2 3f57eeb3 bf7970f5 3f3d5ee8 becc4985 3f05d61b 3d41be71 3e1150c1 3efd5b90 bf43c67b 3f706fb8 bf6b0f76 3e5f30ab bdd86199 3f30b685 bdf7e308 3d074b1e bcd57a56 be531048 bec46ab9 3e85ea91 3f19bdd4 3e70f32f bf3006e2 3f10956e beabea98 3f611f0a bed5fa93 bf0f8574 bed449b4 bed3cb6e 3f12455a bf0c76ba 3ecb8a17 bf29de66 3f7f69c4 bf1555cd 3f7d90dc bf1cbe43 3f0f0e1c 3f0f75f0 3e886a1b bf6f884b 3f3516b1 be424fcb bf2a86b9 3ec1bb5e bf154e0a bec02a37 3f75d7fd bf5657d5 3f726868 bf62d6fd 3f0135a9 bef9caaf 3f03c58c bebcf983 3f1c0e86 beb22a71 3ef38a73 bd9ce519 bf0195f9 3f557711 bf60f6da 3f1fdea5 bd04c3ca bf4b16d0 bcbf90bc bec37943 3f304e07 3e97da16 bf0835e8 3f09fdcc bef18ae9 3f0604f9 bf6247a1 3f718f6d bf099619 3f4d06d4 beadda7b bb95e323 3e8da923 3ec8ab66 3eb50a78 bf230e80 3f610f56 bbaa5134 be178ffc 3e2675c5 3d143d3d 3eb90adb 3e77160b 3f4e7edc bf0b5dcf bf237672 be4e537e 3f42871e bf5d1f7d 3f616ee0 be31b2d1 3eb0ba51 be86c913 3f401ed9 bf65b7df 3f1ac5ad 3f19c5a5 bf0e959f bf5576eb 3f72981a bf250ea4 3e959843 3f46de7f bf765816 3e6bd0de bf26a6a9 3d9dddc7 beea3b50 bf512694 3f776ff7 bf3cee82 3ec22acf bf0075df 3f4b5e87 bf030522 
be0b32e7 be72b363 3f314e31 bf68dfa9 3f502f0d bf6dd7be 3f6fc77e be2b1400 bec79921 3c2f213d be0f70e3 be8b39bd 3e8e19cd bf44167d 3f5696e3 bf043d68 3f420e9b bf17d624 be810a05 3f470630 bf72704b 3efcdacc bf3346ea 3f7087e1 3c5b09e3 bf492ecf bebc5928 3f20b60e 3e7ab1ed bf1b0e50 bf1e3632 3f4faedb 3de06433 3eff3b9c bdd76327 3e91fad5 bf0eee41 3f6e1840 beec5c45 bd393fca 3e99194a bf3ea65a 3e59b312 befe9b1d bf2c2e13 3e8e3abd 3e9fdb27 beae6a84 bc510439 3f686755 bf152e93 3f6bdfb2 bec20aa1 bee7cbbc 3f3186e8 bf7b67ef 3f560f38 becd2b0c 3f10ce8a bf710784 3e8bb930 bebe6a8f 3f025e57 bf1b2649 3eb149ab 3e4b9218 bf30ee49 3f5b4f06 bdd02068 bd034c5a 3efd0ade 3f1a6d99 3ec42b16 bf6bcfda 3ec3db2d bf163e47 3f56f6bf bf19ae31 3eb10a82 3dee6007 bd77c15d 3dbd21ee bf766090 3f06e60d bf2d0610 3e81599c bf22163f becf68db 3f51176b bf43264d be8dc969 3f2b7653 bf7c00cf 3f38b63c bf07de0f bee5da96 be5471ce bdb55fb8 3f664f40 bc630c57 becddacf 3ed66b7b bdafa41c bf76a86b 3ef7eaac be6e5349 be1272fd bcdc825f 3e737495 bf776886 3f3796c5 bccd7e5f bc211557 bebeeb7a 3d98259b bed6ab87 3ef2ead4 3f220e52 be6953cf 3f496e61 be7474f8 3f7ce8e2 bf0055fa 3b73af9c 3f5176e7 bf54c6bc 3f1bfe67 bf120e18 
bd1e44e8 bc7507b0 bd1a4566 3d1b42b8 bc4d26f3 3f1b55bb bf4d8f07 bde3a07b 3f14fe8f bd69458b 3eb74ac6 bf1b8ea6 3f37ce43 bd8fa134 be0fd241 bd574286 bf022da2 3f5e070f bf185ddd bee69b44 3ee4bc36 3f3cde4f be4554ca bd3d399d bf5a06f4 3f6e3783 3f257dcc bf71e790 be0773f0 3f3ac5fe 3e8759aa bef0da39 bf2a06b7 3f08a5b2 bec4eb9f 3c0ceb0b 3e6f9388 bf56371c 3f476ee2 bf6f5023 3f45871b be2a7184 3ebd09d7 3f01a535 3ee5daf0 bec7aaab beab8a43 3f516704 bf5ad730 3e2d729b becc0b03 bea9bbb0 3f582f2e bf277644 3e96da4a 3ed18b02 bf3d46ad 3f42fe9c bf502707 3f5b372b 3efd4afc beb66a1e be931a43 bd01bd0a 3f16b614 bf6917a3 3f73b00b bf4ac6df bf27cdef 3ed4da31 bf21a69c bf2b8e8c bf0c5dd0 3f7c58d9 bf24fe6d 3f517ed6 bf318600 be555121 3ec55b25 be9d4b26 bed04adb 3edf0bb5 3ed3cbd4 3eaaba92 3e1f9032 3ececa73 bb4c5aaa 3f3cbf6e bf7a6085 3f40d633 be1912e8 bdec2882 3f618fb2 bf719803 3f1d5653 3ecfaae2 bdc7a0f3 3e37d27d be8377f6 bf35f5c2 3f703fbe bf712797 3f35beb5 3eda3a6f 3e3ab16f bf187e1f 3f48e746 be97da83 3d1f3e9e 3eee5be2 be6f3243 3ef22b70 bee06b80 3f3aeded 3e19726f be141180 bf1b4dc4 be034ff5 becf2ad2 3e2d5194 bf17ae23 bdd4a272 be956a7e 3e4ff39c bf44f6ab 3f0b35b9 bef01b05 3f245e38 
bed2cb4d 3e994b19 bec629ed 3f225d7a bf6a0037 3ee9d962 bea0cb30 3f761fbe bf5716fe bdf6202d bde526b2 3f11a57d bef84c9f be2cd40c 3e66d31d 3e01b10c 3ebc5981 bf3eee9b 3f5c8f66 3f205655 bf416e4e bf1425df bee34af2 3f29f601 3e793094 bee8eb00 bf0d6e14 3f3dc658 bdd8e4bd bee37b46 3da0df4b 3d939e49 3f54e6aa bf1d76cd be960a16 3f10d622 be5d52e6 3eb459f4 be05d2ab 3f08cdc0 bf216610 3d47bfb7 be73154a bf031da2 bf0d1667 3f5e56dd be0c3106 beafca87 3eea2c67 be5333f8 3f4a0ebe bf281e7a bc6b045c 3f0f3600 bf1d3d4d 3e9d3a1a 3d86e17b bf41cddd 3f7c38d9 bf4a66d0 bf3ee6d0 3ead49a9 3f40c633 bd8ba156 bf33aece 3f465e9e bf218e5a 3f5bdf2b 3ef44afd 3e4a9348 3e8798cb 3f340df4 3f2a762a bf67efc5 3f50166d bf7a28de 3f1dbded 3f3b6e4a bf62df63 3f2efe52 3dda635a 3e3a32eb bf6b1f9f be7bb0af beadcac1 bf0c15ec 3e844904 bf2c8668 3f574f0c bf08ddd3 3f1c6613 bf634718 3e23b399 3c4aeafe 3e3df07d bf3995f4 3f1be5be bf38f6ce 3ef48bdd 3e51d3d0 be23f2bc 3ea06a7d bf3516ed bead0b1a 3e0811e8 be2434d1 3ed82ae6 bf7d8956 3f6d478b bf74cfe1 3e920a21 bf464e24 3e28152a be0e3074 bf547f57 3f39ce74 3f5416e6 befa0acb 3f578761 bf5fd76b 3f3da680 3eadfa81 be98fb03 3f74dfda bf036647 3f609740 bf66efae 3eba5b38 
bf28e6e2 3f6c3810 bf6e677f 3f525690 bebf7a5a 3ecb6aa1 bed39b16 3de6600e bec73ada 3f7df111 bea83a9b be36127c bea04a8e 3f7c515d bf5516f8 3e11b35d be5a72a3 3e4c3346 bf1dadc7 bf57d7c4 3f73f881 3edf7b95 3f2b0614 bf1bfe3b be78b373 3f6dd769 bf624f51 3f5e1f62 bf49b719 3f7537dd bf7ae0a7 3f122d18 bf7828dd 3f15e5f4 3f445686 bf428e59 3bd1ef09 3e934a69 bf5c479f 3f23ce80 be58721a 3f074dec be7a32b6 3f3aa6e7 3dfe62f3 becd1a7e be1811cd bdcb6312 3f12b583 bf39ae83 3df06210 3f282e52 bf56aec9 3ec8f95e bed71a1c 3cd28e23 3e8d995b 3f0a65c6 bf6e708b 3f0a8ded 3f6a373c bf222643 beae7a82 bed4fa19 3f47f6f1 be8169e0 bddae44a bf26fe33 be57b0b9 bf4be698 3b8e1318 bf4b7eec bd79471d be98dace 3d9b1ba9 3f0a15d7 bf680f74 3e183180 beac1a4a 3eb80aaf bf678f44 3e437252 3ecd8b01 3f62ff76 3d1339c0 3f3b7665 be4f3246 3e3074c9 be8c28ad bed92b38 3e951a2d 3e3db1bd 3e5af467 be291367 3e11f211 bef23c4e 3f39665e bef14b43 3f2c8e3e bf48076a 3e38f38f bdd1a507 3f7c90e7 bde46063 3c937386 3e58345f bf1e4649 3f69b7a5 bec77ac2 3e7e727d 3f08ae15 3ebb6b1d 3edcfa05 bef9fbc7 3f7bd0d4 bf3dd70b bf7087f3 3f03258a bea1daf1 3f24ee21 be82cbad bf27de93 3e8fbae8 bf204eb8 beecfaf9 3edb5a26 be53d0a7 3f133de9 
bf77206d 3f5f3f73 bf5e2f2a 3f0f6570 bf572ef9 3f76a8b3 bf01861f bd4345f0 3f050dc9 bf3d8e87 be29f314 3ee3aaff 3ea3898b bf545eba 3f1185fc 3e3d72c9 be9c9b08 3f144e4d 3ddb9ea0 3f768058 bf60175d bf107558 bee99bca 3f093dec bf45af4f 3f38a643 bf4066d0 3f38c68c bf587f77 3eec4a90 3e61d1e0 3cf28926 3f183ddc bf55ceb1 be21723f bd836199 3e87fa7c 3c8f7945 3dd96218 3dde6504 bf6c1fc4 3f546eb7 bf630786 3eb1ba99 bf0c664c 3ea92a78 3e55d4bc 3ee27bdd bf7dc104 3f4096d8 bf1f2646 be084fbc 3f207606 be93b99e 3f69672e be5a132e bf626716 3f04c5c7 bca585b6 3e8e49ce bf6e07ae 3f0f9ddd 3e89f9a0 3e54125b be27f125 bef91b57 3f46163d 3e067206 3f16bea0 3ea2aae0 3f524f0a bdd2e330 3e409264 3f7dc837 bf54a758 3ea9ea5b 3ed4bb53 bddbdfa8 3e571387 3ecf4b45 bda0630b 3f510e83 bf5eef57 bf333eaf bd364b20 bf6f9076 3edfaa2d beb46aa0 3f2dce6d 3ee8db2e bf4efebb 3f30ce04 bf58af0e 3ef0ba9c be7ad407 3f4f9ede bf29c6b5 be6cd53a 3e85fa6c be9f6aea 3f5d1767 bf6a279f beb3cab0 bea46b3b 3eb65a81 bea659c4 3f2c0e44 bf472665 3ca98be7 3d37c412 bf6cc752 be3b70bd bf22e63b 3f5a1f86 bf4fff39 3f05c63a 3f5fb013 bebb1aaf bed85a11 3c88850d bef2fbf8 3f7dc0c4 bed4cb4f 3f448f10 3ede1a32 beaefbbb bf003d78 3f38ce97 
bf4a4e50 3f6bf841 bf262529 3f6b8079 be5bd2cd bf3d7ed3 3f0ed655 bcae84f2 3da6db41 be781419 3f6827cb bf3d1ea6 3e159088 be32d42e 3ee5bb56 bf4e16a1 3f277651 bf5acf17 3dffa422 bf5ca6f0 3f19ddb5 3f6e7fbf bebb69f8 3f1265b2 3ded630e beb9eac5 3f179e35 bf06059b 3ee0ebee be78333b bd4c4313 bf5e6f8a 3f143639 be005248 3f34ee52 be882af5 3f07c5f1 bf66879b 3f34a69b bde4e089 3f147639 bede3c6c 3ec00a8a be6252eb 3eb36b92 bcaa7d67 bec26b3f be6ed089 3ecfba71 3ee83983 be0f9137 3ed25b15 bf032604 be49d217 bf73b053 3ee229f7 3f59fea8 bf763fe7 3ed7a9df bf3f2eda 3f48d6f4 bf205e70 3ce37be2 bcd886eb be843946 3f1f96ac bf2d9e85 3d82e48a bf38bea5 be6414ed bf65374b 3eecbba7 bf0eddf6 bf29e6fc 3ed5da50 becb6af1 bec13bd5 3f106e52 bf630f8e 3dc16898 bf282e0f bd8c226a 3e9e29e0 3ee259e5 3f0b3e1a 3ef63b85 3c56fd1f 3db92451 bf7178b9 3d3443eb 3d839f49 3e03b1b0 be2e72bd 3e69d45b bda62064 bf62c767 3f29ee69 3f280696 bf54872f 3f4db72a bf739ffd 3f47e69e 3f164631 3d87a304 3d63ba96 beab7ac3 bea7ca5c 3f66e7ed bef60b9c 3f2f0667 3eeb3b64 3ee07b12 3eb61a5e bf63a6f1 3eb6298a bbd646fc bf778042 3f23466d 3f0c9dec bec2ab7d 3f44be66 bf359e2e 3cc590a8 bee47951 bf379734 3f656f4d bea58951 3f1efe8e 
3f4b6748 bf786038 3ee3dc0f bf579f35 3e2a313c 3f780843 bf33cde4 3e3953f1 bf243dd9 3f237df0 bec31a33 bf062dac 3f53d6f5 be805a0e 3e02714d beca6a85 3f4df747 bf0b8d79 3f1b369e 3f0384ea bf4caea5 bdab21c5 bf248e44 3ebf0b91 bf546eca 3f34ae45 bf697029 3f174656 3d78cb2e be97596b 3efcba5f 3ed1bb79 bd2b40ab bf10ed9d 3eb96af3 bf6857ce 3e93c951 bda3217a 3dc0e4fb bf7940e2 3ea95980 3d55c203 beaa7a51 3f2ac66a bf3d86e9 3e577440 3e2512f9 3e952933 bf28f619 bdca5f39 be9f7a7a be619436 3ebdcb37 3f1a759f 3f29ce7b beb2fa72 bf02b5e5 3f1db602 3e8ae9a8 3e9c793a bec1fbc2 3f7b6932 bf372e53 3df01e84 3ef8bbc8 bf45b720 3f31d6d5 beea9b3c 3f2f2e95 3f4c6ef6 be6293ae 3e52926d 3f2a2692 bbea014c 3e841942 3f26d62e bf023df1 3eba295e 3d8ea77c 3f07cdeb 3f4c974b bf242675 3eddcaba bec18905 bef20b7d bf58ff0f 3e88b9de be175277 3f261678 3ee36b98 be32f227 bebe7af0 3f46b6ba bf110d56 3eb21a76 3f1d6e22 bf44ce80 bdf6de0a be0a92f1 3e85d990 bdb09e90 be1f5101 bed79b00 bf38971c 3ef3b9a5 3e3f316d 3ed97af5 bf6c2f4c 3e9fcaec bef76b4c bf47c6bd bd9020e9 be7f35cb 3f5edfb0 3e4bf1a0 bf0c7e21 3f550774 bf540777 be4a1215 3e105406 be9c3a8e bdb0e321 3eac49a7 3f0a05bc bd82e181 3e5fd185 bf2cd60d be5d7163 
bf2045cd 3ec37acd 3ecaaa8c 3e908a7f bdc4e0ac bf0bbe0e bdce6049 3f1ef624 3e6d143f beeb8bc0 3df16290 3f21562a be865aec bf4166a6 3f240e30 3e8a9a27 bf669f2b 3f7bc0f3 bf686796 3e17aff3 bd865ba3 3f589f61 bdace0e7 3e1fb1dc 3e4f724f be09516f 3f61df21 bf6a17d5 3eb59a74 bf0d45e4 3edd6aa7 bf670f13 3ede6a2f bd8c603e 3ea0a96e bd6f3fad 3f7dd12c bf3a0eb2 3f4d66d5 3e6cb3d3 3edddb03 bf67f779 3f670f62 bf5b37aa 3ecd2b60 3ed6fa8e bf59a708 3f48be7a 3df7232d be0d3371 3f129de2 3edd3c3b bf1835ed bf2d469b bd8f2552 bf04edcd 3f6baf7f bf3d262f bf70671b 3f21c618 bf35fdd5 bed82b00 3ec989d3 3eae1990 bf32cea2 3f586f31 bf1c962d 3f56c6e6 bf631727 bf569eef 3f6dcf96 bf595746 beea2b97 3e0d5037 beec9a68 bf1cfe00 3ed33a95 be27330e be33f071 bf253638 bf3b26e9 3f383ec7 beedcab6 be8a1adb 3f488eb6 3f73989c befecb31 3f043dab bf334e79 bf064dae bd8ae77e 3f1d765d bf6a2fd7 3ecf8a8d bf286e6f 3f06cdc8 be76141e 3ef7cb66 3f066dc3 bf739075 3f4f86ff beb969b2 3ec479de 3f5976b9 beae99cb beab9b26 bf0d0e86 3f76984e bda09f53 3ea8e8ca 3f007dfd 3f0485fc bf189573 beb08966 bf608752 3f7ec9a4 be82dac4 3ed1eb2c 3d00bf86 3daa647d be119007 3f401694 bf631f46 3f058d7f bf7f3978 3f140634 3ddaa607 3f10061b 
bf278e38 3ef5ca92 befe4a6b bf53f772 3f70a77d be834954 3eb60a27 beae1ae0 bf280649 3f717f7a bf0bce21 bea06a2d 3e82c965 3e84b9b9 3d8e1f65 bf447e81 3eeb7b6a be8bc9d0 bca97902 3e86392f 3d2ec5ec bf75bfa9 3ed30ab0 bec57b97 3e66738d be8f6a44 bf18fd8f 3f262665 be800adb 3f708fa2 bf40dee4 3edf4be2 3ee1abb1 bf65d6de 3f598f20 bf4df6ba beefaa85 bdf562f7 be83b917 bf106dc3 be5250e4 3f477676 bf51df47 3f61a705 bf5fafa3 3f57175a bf4cbe86 3d4ec0c8 bf2cfe88 3f604f65 bf72d818 beb85af0 3eb29a6e 3f18d64d 3e460fef 3eabf9e7 bf0c2623 3f4defb1 3f2eb682 be5c3318 3ea11ab7 3f7ae929 bf7a2033 3ef10b1c bf30e6e7 3f00c5f2 bf2db66e be6df1c4 3f62771d 3d89a200 be89ab38 3eb8293d 3f3a2eaa bdce24cc 3e8069cb 3ef53c4c 3e2053c2 bedbfb4a 3f12cd66 3f065e26 3ee7aac7 bed42a7c 3ec199b7 3f236581 bf7e496b bf168db2 bdaf620d be6fd43c 3eefab41 3ef1aac0 3f0de5ee bf628fd7 3f323635 3e9679da 3e397193 bf4926d2 3f28ce07 bf7787c6 bdd4e08d 3ef27b1e be8ec97f bd404aae bc8e7d29 bf2cb5fe bea319de 3f4d1eb6 3f010d93 bf2a5e5e bf441e70 3f34e672 bf7dc8e2 be67553c 3f15cee1 3f1cce28 3f29ae83 bf475e76 bf4906e2 3f30266e bf1c0dd9 3f325df9 bf7fc182 3f309678 bf288e55 3e0f5230 3f21f5d0 bd463fed bf539ef0 3ee5fa64 
3f757094 bf0fe5c7 3e9b9a4d 3f563f4b bf235657 be48b08b 3f164ddb bf1a469c 3f2666bc be99d957 be4b31ec 3f5c1f06 bf7650a3 3f4a06b5 bf58a688 3f58bf63 3f0c55c8 bf407f79 3f5ebf8d bf2a366a 3f08c593 bdba60fe 3f19e69c bef90bc8 3d819f5b 3ed16ac6 bdee64e0 3efb6a71 bf3be71c bf0e45a1 3f58a6ec bf114662 bdda6530 3f057619 bf56275d 3f60c6b0 3e834a35 3f45aecc be7c9415 3f5a1756 be2d7274 be9fea1f 3ed879d6 bec60a16 3ee0bac6 bf35d66e 3f342e7a 3f593f5f bf1636c2 3e75b57c bdf2a3f7 3f539ee2 3d79be95 bf1815f2 bf144621 3f0a2e0e bee549db bf06a557 be3eb177 bed179dd bdef6055 bee79b14 be842a7a 3f782079 bef78c53 3f461eec bdd5e208 3ed41a45 bf39467d 3dc1e2d3 3e687442 befd8c7f bed119de beb36b43 3dfa254e be0b0fbf bf5eff77 3f672797 bf6d5776 be295455 be2031dc be862979 3db962de bf636f58 3f611772 3f17e651 3e515341 3ed72a0f bf239618 be7eb476 bf5fe725 3f79c0cf bf0485ad bf249e31 3ec8699a 3e02ef4e 3c8a76d8 3f5d0ffd be97e999 3e43523f bf05bdb2 3f2a360b beda9b3d 3f23d60d 3f20ee66 bf63e778 bf4146ec 3f453664 3f5dbf7f bf7a905e 3f5ce6ed 3ebaca6a bf4c06cc bf22ee2d bed02b56 3f49f630 3f5816a5 bf077e4b be864946 3e849a0f 3ee11bcd bf160612 3f73dfca be857acc be9729e2 bea8ba6b 3f77987b bf1b45eb 
bea8e9d5 3f11fe61 bf7ec93b 3f120dce bf3beeae 3f3d8e1a bf64e775 3f43e656 3a4fcb64 bf2cc568 3f73a001 bf719026 3f338640 bf21ceab 3f1d268d bf203671 bf4b06aa 3ebf89d5 be42133b bd09b530 beec2979 3f2f4eea bf7ec10b 3eeb0c2a 3ecee92c bf40c68e 3edbfbb3 bf36068e 3f622f4a 3e055068 be985a7b bc10ff0a 3ed24b3f befe1b01 3f210e11 bee3fbb8 bf262d75 bf020db3 be02f250 bea91ac4 bd95e013 3eb85b57 bf21d62c 3ebecbac bac847b1 3d1a4ae8 be423208 bf766ff7 3e593460 3e7d322f bde2a826 befa9c13 bf224e73 3f08d54f 3f3bfe3d bf73c784 3f55aeb2 3ed2cb3b be33d2d5 3f034dfb 3eb4da07 bdc6e256 3f0f5569 bf31162c bead2936 bd821d90 bf376ea9 3f5b2f6a bf0f7635 3f131e2b bf0a9629 3f3bf648 3d003adc 3f6a8fac bf476eb4 3ea089d7 3f34565c befd1b89 3f671fb8 bf11ee2f 3f10c5ce 3ea949da be79f4d4 3f4da716 bf127669 bf33fe20 be46b297 bef65aa2 3f039dd6 3f01edff 3f265efe bf79d092 3f61b6ee be68733f 3e42d2e3 3dc59fec bf4836e4 be8e29e0 bd9ee0e5 3d1e46fc 3f32aeb5 bf72b09b 3f332ea7 bf47a6ff bf0d05b6 3f79d885 3f086d95 bf0225bb bf2f4e55 3f436e3b bf0fae31 bed65ac3 3f688eff 3ed59b29 3e72d2e3 bf634fa1 bf0b95fc 3ef8ab11 3ec12986 bf198def 3d3cc77f be823aa7 3dbe683d bf3cb65f 3f6e101d bf14b64f 3ea39a77 bf028553 
be139299 be23b340 3f6b3f82 bf76d087 3f722865 bddd2638 3e97795a bf62f74d 3ee1bc2b bd0d4341 bea05a50 3e44b22c 3e36d139 bcd08d23 be19d34a 3f16fd4b 3e6f3232 3f512f0c bf797fca 3f5c46d1 3da2a02f bf28b642 3f51e6a8 be866a60 bea48b2f bccc7aaa 3f4e3f69 bf6dbfe9 3f474e7a bf788889 3f29b69d bdf0645b beedebd4 3eecab2b be9e8bb8 3c58f71e 3f48fe53 3f0bce56 be09326c 3f2c562c bf2585bf 3efd2b40 3e3e51bf be1831b8 be877975 3ed4aafc be2a51cd 3f0ad653 3f20863c bf32feab 3e4512b6 3f088556 3e9309a5 3e957a28 bf7ba0b5 3f567709 bea75a02 bf487686 3f1cf66a beb89acc bf550ee0 3f68a7a7 bf71d7c4 3f2ba5a3 3ed14a44 3ed50a86 be86e972 3e3c920d bf2a1ef9 3f5436ce bf5366ee 3edb7a5e bf7d18d8 bd9ba482 3dffe16d 3eb6badd bf4696f7 bdac5ef9 be9e7995 3f11be30 bee1bce5 bf2b6eeb 3f32f703 bf73884f 3f124e11 3f204dcc bc5ce96b 3f61f7bd bf7478ac be50b0f9 bf322e9f 3f6effea bf4c3689 3f373638 bf68774a 3ed4cabb 3e893a29 3f559f33 be71b312 3cb07ad2 bf795809 3f7908be be966a54 3ebcdacd 3f0b060a bf60a72e bf276eb8 3f78c023 bf3cc6ab 3f31c6a1 bec76aca 3f1ae66b bf5d4751 be3a50cf bcc27f2e 3f62e6fb 3e5994a3 bf558f99 3f19d619 be80e97d 3f055586 3e9c2a12 bf16cdfe 3f6ad790 bf251e5c 3f2cae53 bf1a9620 3f3e96e3 
be95b9d1 bdc2a14e bec14af5 3f2b1df3 bf52ff36 beba0ac3 3eb51b6e 3ecd0bee bd113b28 be6ef3cb 3f568f0b bf2dadda be8b89bf 3f13f655 bf53efb8 3f0db5d5 bf70f05a bf088589 3f555f1a bf7af839 3f36e6b9 bf2a9e85 3f3395d9 bf6980a4 3f786876 beb7ab01 be45b12d 3ea86983 bede1c67 3ebdf995 be846a9a bdb2e61d 3f6e3fb6 bf768048 3ed9a98a 3e0c6e7e bf7c78fc 3da15f1b bf34ae79 3f0fbd0f bf082565 3ecfd9d4 bf73f7bc 3f554699 bebcd961 be0defd8 3ece3a2d bf0c355d bf1265b4 3e89192b be8fc90e 3e0f1148 bf11b625 bf042e00 3f608f20 bf32f5fc 3ce26ef4 3f318edc bf429618 3f020e02 3ece19cd bf705783 3f77d8e2 bf58373a bd1cc076 bf02e667 3edb2bba 3cc88670 3e6fb368 3dfddf7f bf049dc7 3f7cc8e7 bce1728c 3edf1a9e bdf5275c bf09ddc7 3f11e5dc 3f31969f bf2c7df7 3e75355c be4cf348 3f75c7bf bf707021 3f674f86 bf2f7702 bdeaa69c beac69d8 bf085614 3f451f86 3e933b68 3ee55b03 beceaae4 bf005d71 3f2ce631 be96ba15 3f2cf5d6 bf781003 be023269 bf367ea3 3f7ab844 3eeefb54 beb81a16 bf1465bf 3e2e1092 bec5ebff 3f35c665 3ed3bad5 bf0f16bd 3f75e87b bf786809 3ed05aa7 be83da9d 3ec53ace 3e90aa8a befb2c2a bf2ade55 3f0115b6 3d81e0dc bda6a2c2 beaf5a9c beb4ba50 bcb46c5c 3cff7ff2 3ea31b15 bf6e9ff4 3ed4e924 bf1f55cb 3f0b6e67 
be8189ba 3f6ea814 bf39ee0a 3e5d1180 3f1e3d5f bd533d8a 3e431588 bf3b0636 3e4f341c bd33c277 bf4a4688 3f7c30e2 bc9e879a bdff63fb 3e5c5460 3ae71d0f 3e5051ee 3f676f8b bf240e5f 3ef96aaf bf20fead 3f72ef92 bf72a931 3f5f1f05 bf32aeef 3e9b5b4c bea50994 3ea4aa49 3e9ada2d beaf99db 3f10f5ec bf1a9d8d be9f89a6 3ece09a8 3e2df23f beb39ae6 3f075562 3f472eef bf35be76 3f55969b bf5046ea 3f6f7fbb be5990a6 be803b0d 3f163dcb becdbac5 be93dab4 3eda7b79 3eec0aa8 3e5091d6 3ef65a96 bf675fdb 3f509ebe 3efdfa9f bf25b65a 3f523ea4 bef49b34 3eeaab8f be4ab427 bd92e18d 3e28b18f 3f176e38 bf26de86 3f4dfeb4 bea7faf5 3eb40aa4 bed789e6 3e321209 bf79c8cc 3f150e51 bd79cc96 bf0eb59c bed8ca21 3e1331bc bea4da71 3f60ef79 bf7a103f 3dbee2dc 3d51c1e6 3ef23c26 bf7f5a52 3f658f7d bf5b9f19 3f782857 bf36169b 3f3a4e97 3d5ec5dc 3e35d356 be64b3b5 bf242e06 bec56c16 3f28b64d 3f285664 bf662fb4 3e3ff56c bea68b57 3e1171f9 3f5fa74e 3e0630bf bf0a8607 bf7d393e 3efc1ad5 3f168651 3def66fd be6093b9 bf00a5e4 3e32b095 bf0dfe39 be489246 3f052e0f beedfc14 3f40ff37 bf705f6c 3f02cdb4 3eba6af9 3eebcc00 bf5a3f6a 3f099dfb bf0735ec 3f6a0fcb 3ed85a5e bf2bb65e 3f1145bf bf3e7e8e 3f3616fb 3f487e29 be942941 be3bb09f 
bf26d58e be711159 3f348eb0 bf64674d 3ea1299a befeeb67 3e7b7702 bd87ddad 3f2a8ec0 bec1db5d 3f447687 bf6e1fd8 beb558c8 3f4a9759 bf7df8f3 3f70df46 bf66e79d 3d6d3dc0 beec4aff 3f1d7e20 bdd06354 beb76a93 3e506fd7 be11f382 3dc9e178 3defe15e 3de167f1 be36729e bf415753 3efc8b3e bed29b1a 3f32468f bdd9e387 3e111231 bf2795b9 3f08ddf8 befb3b82 bf33c639 3f2f1673 bf07fe34 3eef5c5e bf610f06 3ef8cabc 3d8620d8 bf37ee61 3f1fc616 3f199de4 bf5b175d 3d3ac7d0 bf66af6e bdc661d3 3f412637 bef32b33 bdfce3b9 bed56b15 3e0df1b2 be001133 bf1c55df 3f43367b bf24f68b bd7ac706 bf5fdf54 3f273651 bf1d2e01 3ef68b64 3e3b9130 be8b99fa 3f0ba5ba 3f1ec659 be867b10 bdb523ab 3f362696 3ce87f25 3f0a95fb bf5e9758 3f2fce68 bede0ac3 3f35ae7f bf7b50d7 3f00554a 3ec9dac5 bf0e8620 bdfde258 3e5c9469 bf1f4e12 3f0e95b6 bf4e5f0e 3f072603 bebd4aaa 3f73d7f1 3e8f49e6 bf60cf74 bf1b0649 3f6d87b3 bce283bb 3e73b337 3d4d49cb bf4d6eec bddea63a 3f05adc6 3f5acf15 bd6ac810 bf13ed53 bf20061c 3f7aa0ac be59b307 3ec7dc12 3dbc63c1 3f27d6c2 bf2f6623 3f1fce5e bf76b058 3f5e3796 bf1e7616 bf448e88 3f41762f bf182e56 3f6b1fa7 bf2b7656 bd9ae1a6 bf5f5f73 3f6636c7 bef2abf0 3f4e6f43 bf53872b bf619fa9 bc44fd13 3f6c8047 
3f7f995f bef13a5d bd78c710 3f498f62 bf713740 3f7e2141 bed74afa 3ea9aa7b bf622fce 3e95d999 be9849cc 3f662797 3d10be2a bf08d643 3f3feec5 bf41269b 3ee2eb6c 3e7ef2f3 bdb6a47b 3e23d2b3 bf4f1f82 3f7e595b beee7b94 3f0b7deb bf56c71d 3f3275ff bf4d56f7 3f519eb1 3ee88b11 be3dd33e 3c2d0961 bf5b96f0 3f6427b9 bf32d6e6 3f0ab5e1 3e14f09b be80d949 3f7f622d bf027da4 be48120d 3eb15b0d 3ee92a3c bf1aaecd 3e850980 3eefea5c bf41be4f bed23b5d 3f24a6ee 3e14914a 3f585f0e bdafe269 beb4da67 bdb6e1e7 3b7bfac6 3f4b1eb5 befccb9a 3f2af5de be41b0eb be08b1c4 3f1165b5 3e755331 3f507eea be8aaa36 3dba5ea6 bf7408a1 3ec9ab79 bea16af8 be6db539 bf33bea0 3e2db3e7 be54af45 bca289c4 bf462688 3eab8b67 bd9de097 3e29d3cf beba3a96 3e1dd16b 3f235638 bf008d53 bf0a5d57 3f620f33 3e6ad34c be0fb1cc 3ddde235 3f03e620 bf43ee6a 3f50a691 bec10b1e bf3b2e7b 3df8215e 3ee1daf0 3f3ae67c bf364646 bef68a9a 3d65c20d bda96276 3ea32a0e 3ea5ea92 bf0975d8 bf0d5e16 bf02ddd7 3f1e35b1 3f1e5643 bf356666 bd72be55 beb5d9e2 3da46675 bf11965c bd663d37 3ebe5a48 bbf64791 bd9421d7 3f7cf085 bee659e9 3ecf6a7e be895a69 bedc2a4c 3eb3facf 3e2493a4 3e2fb251 3e8e5942 bf53c6dd bcd48b3e 3f11cdcc 3f6b0f73 bda8e03b bf3dfe4f 
bf74b7c5 3f7177e8 bf5fef5a 3dcfa780 3f46969f bf4a9608 be91fabd 3ef4facd 3e0e9334 3ea7dab5 bf10f5cc bf3b6e14 3f529f43 bf48bed7 3f5966ea bf4346df 3f4e26d7 bf3f7e6a 3ec62961 be9c1af9 3f4bc6c5 bf3f769a 3e2655c9 beed7a5c 3f763048 bf292ec0 3efb9b16 bf121674 bf33260e 3ebc2b51 3e0c9275 3f418f22 bf7a77eb 3e8ab8b1 3e7af279 bf4a0f93 3ef9abc7 bf54ff25 3df9e145 3f4266e0 bf68af72 bd9fe6ed 3f336e76 bf6a7fa1 3f1c4e74 3d6335f3 3f256e3a bf5fa71a 3e28d476 bf6d07b5 3e74d41a 3e71138f 3e1312a8 3d474469 bd2e4a2f bf413646 3ee4abe7 bde85efc 3e4c74c7 bf7bf083 3d2b3f06 bf47d71e be18b1e8 3f2c4e30 3f73576e bf05f5fc 3e9449dc 3f08e60e bcc69335 3f5a9eaa bf3d36de 3f6b9f68 bec1ea55 3f154e01 be075033 bf068dfb 3f6c7796 bf50de75 be5ff2bb 3ed0da77 3efa8aee bf61c75c bed9bb04 3dfba3bb 3e23f047 bf674772 3f7557df bf3d3ed3 3d9d627d 3f538e9b beb15aca bed3bb92 be1373ff 3cb88323 3f64a785 bd8da120 bdc9600a 3e26f249 be51f221 3bedd5a8 3f2745c5 3f4ed678 bf30ce98 be1dcff1 bdea1f00 3f343e66 3da863b3 be7992b6 3f525eda be3c5310 bd67c44b bc807b3e bed99ada bf453e76 3f20967f bf157e51 3ede3b2b 3e853a6a be0492cc 3e8a8a89 be8db89e be8d09dd 3f4a4674 3d85e092 beff2adf bf64af3c 3eef3c77 bb9e2b42 
3f2e0e71 bf1aee11 3f7cd8fb bf094db8 bf495ead 3f74f03d 3e4032a0 bdaee252 bf73a7c1 3f42c768 3ec0ebe4 3eca1a88 bf263e2d 3f2d5e8e bf7df137 3f743863 bf43defe 3e1d324f 3ec50a60 bf5cc714 3f4d2f32 bf6d87d0 3f6ed00f bdf86676 bf335e89 3efa1be3 be92b9b1 3ef25ae8 3f482e98 bf4047a2 3e1d9139 bf4f5ed4 3f6d57dd 3e58f35b bed5dad2 3db5a178 3f56ef0b bf02edff 3f17be10 bf3bf61d 3f2ad677 bd634203 be9fda6c 3f339ee2 bf3e5667 be9bcaa3 3e3f9319 3e926adb be08f1b8 3f6fb7b1 bf3a7eb9 3eb799b5 bea3dae9 be9c89dd bd3dc010 3f4c16a7 bef7bac5 be8b5a63 3e7f5441 3f4ccf11 3bb1d98e 3f25dde8 3bcdc815 bf56974d bf3fae63 3d7b4a96 3ea56ade bf2d0de9 be58d349 be8f9936 3d46457e bea5ea2a 3e865b07 bf1f05e3 be02517b 3f5e5f4e bf74dff2 3f47a72d 3dc96149 bec5bb46 beb52a45 3f6357de 3e98b9e9 3e195279 bedc39d7 3f713816 bebf6b32 3dd02460 3eaaea73 becfdaf6 be58b28d 3f7c2135 bf49de84 3f128d90 bf506eda be10d297 3da223a4 be785567 be5e150d 3f308655 bf7b0897 bef3aae8 bdae2121 3f65176a bf40ff3d 3e52d2ca bee02b3e 3b81eddd be4fd358 be12efa0 bdbfa15e 3e25d207 3f2dde77 3eaf9a94 bde8dff3 3c630f4d 3ccf835a bf0715d2 3da82453 bf75a024 3f72587b bf5ed6ef 3f1985bb bf7898e4 3f4cfec0 3ebe89e5 bea80a36 3eed4b8a 
bf349de7 3e2b518f bf5a7f00 3f579e99 3eddac18 bf10b63b bf220e28 3efa2bd4 3f328ea7 bf5dd6e7 bf72b835 3f5406a0 bef8fa9f 3e90da7c 3ec32aac bf016528 3ed09ab3 bd73befb 3e0192ab 3e80884c bf07e5b1 3f77b062 bf215e30 bd8a629b 3f39b67b bf21268b 3f130de2 bf5cefa3 bea6a9de 3f4dc729 bedb7ba9 3f5e26fa bf5a9ee6 bf449e59 3f7788a0 beb0eb0f bf43b686 3f10b635 be7494b6 be3fb169 3dd9a2e8 3e64d433 bf1325e4 3e8b99db 3e0052dc 3f57df52 bf759065 3e7ff269 bd38435e bf031628 3f4aaf0d bf3c9eaa 3e9b6a35 3f64f7b4 bf3afdf3 3ee73a56 bedcaab1 3f5d97c5 bf57a6d8 bc8179f6 bf2a766d 3b4c35a0 3dcedfc5 3f68d797 3e1ab08c 3f2b0dd2 bf7b2094 3f157e22 3f3c3601 bf084e13 3f1a0e6f be38ef41 be1c8f90 3f7927d5 bf04ad3c 3e83ea29 bf388eb8 3f3a5f42 bf68274b 3f7f5a1f bea3a9db be82a8f6 bf731059 3f2edee6 beb5ca10 bed95b9e be267381 be06f27f bd45bf99 beca89d3 3f24ae58 bf46c69d 3ef6acbf 3ddda6ef be9929a9 3f54af23 be4c5467 3edc4ad1 3e7871a7 bf4526d2 3f5a8f0e 3eb34b84 3e872a0d bf4c1ef8 3f6c07c0 bee0daec 3d846173 3f633efd bf503ea5 3f2d66c9 bd4ebce8 be99ba22 be84a953 bf69ef9e 3f43ee2c bf5bde88 3f57d7d5 be12338d 3f3216a5 3f3e161e bf13f5d1 3f7f11d2 bf5c17b5 3f2b9e12 be44b1ae bd37c118 be7f8fb4 be707035 
3f47eec4 3e5a9050 3f09659f bf1c1e12 bee53a4f 3eef9c44 3f48f6ba bf7dd8b7 3d024364 3f3c0696 3f3c5e41 bf0cce02 3ce58d63 3cf986c2 be927a44 be840936 3f317f09 bf29fe04 bead6a06 3f2cfe79 bf0cedd6 bec9dba3 3eb02a83 bf29465f 3f41f6e1 bf530708 3f1c466d 3dad2049 3ec8ea31 bf32dec7 3e7174a8 befd4b11 3f5357a5 3f2d5712 bf710023 3f2c3e50 3e07b096 bea6fa4e 3ca16bba 3f4ac735 bf451e95 3d26b437 3ee00c1d bdeb21f6 bec069e5 bee70b97 3f3d2e93 be3853b5 3e0d7075 be7c1591 be847a1e 3f478737 bf29a622 be952aca 3d01c5f4 be9f5a32 3e39b084 be77733e 3ee2cc29 bd15bbba 3f03cd6a bba1e0ea bf381ea8 bec94aea bddda46c becb0b77 3f3fde91 beb90a91 bf25a61f 3f0975c9 bf170652 3efc7b49 bed868d9 bf01b628 3e11d2b2 be1d935d 3f6a1f31 bf2b9e1b 3ebe6bd3 bf188e06 3d2444cc 3efb5b29 3f48ae3d bf7b38f8 3f4fee33 3e0d2fc9 3f01d589 3e2870b8 3e62f236 3efcfb2d bf4236b1 3f515f39 bf62bf24 3f04bdad be830a41 3d7ace43 bf4616ed 3d83def3 bee2eafb 3f1c7e82 bef48bb6 bef19aa8 3eee0aa5 bf409e7b 3efafb31 bf1e96b9 3f2d7672 bf77d853 3e4192b8 3e9e5acd bed60a4b 3eaf8abe 3eb6da3d 3ec8d8f1 bd2237fb 3f120652 bf5f475a 3d995dcf bf4ebf2f bf25bf27 3d2f50c5 bf47fe52 3f13cdc6 3daf1ff3 bf2325d5 bde1e2e6 3f49a697 be3e90eb 
bf09ce0d bf0aa555 be72320d 3d224489 3f5a66d9 bf70c805 be3090f4 3f65bff6 bf126d7f bee0bb42 beafd991 be4630fe 3f58ff17 bf535ebf 3f4936ba 3e8f2a2f bf72f838 3f6a5821 3df7e619 bf296e83 3f4cae4e 3eea1a78 beb1cae1 3f79a8b5 bf6ceff6 3ec3abb4 3dd82521 bf76f7f5 3f5a57ca bee94b85 3f338e0e be973a43 bf456e7f bdade064 3e9508e5 bf050596 3e4132e2 3ef35ba6 bea54a72 bf46ef16 3f7f3963 bed6fafb 3ec759f2 bf3eceec 3f7e4977 beb63add 3e3c7414 bf308e44 3f3036da 3d9c21a6 bd816514 be8509fb 3e884a26 3e09921f 3f10de1f bd9b204a 3e8b58e3 bf51beb4 3f319e5d bf780079 3f301647 bec69c3b 3f67b783 3ecbcad8 beac29c1 3e2c5234 bf33b64b 3f7fb271 bf26762f 3f057dfa bea56aa3 3e3f51ce 3c02df19 3f4fd72a 3b2bc96c bed7ba76 bd85df39 bec3fa67 3f0e86ad 3eacfa3a bdbbdddd bec289d2 bf1365f6 3f6a27bc bf53b6bd bdf1a21c bf22fe69 be87b9ad befe3a92 beac5b09 3f5286de bf55ef6c 3f395e90 bddf64cd bf246649 3f7fa1b6 bea67bea 3f4bd6eb 3dc026d5 bf0065d3 3f533707 bf4646a9 3eff9bd1 3ed8abcd be76705c 3efe1aaa bf133646 3f090daa 3f0cfd5a bf6cd786 3e9c3948 be27d393 be80fa43 be047029 bef63a0a bed26a6e 3f63676c 3e621319 3eadb92c 3f6ec809 3dbbe263 3f592f4c bf06ee66 be98eabc 3f51eed9 3ea899fb bf7d3040 3e986a51 
3e49303c 3ee71b11 3f223e4d be4db3ae bf0ebd6c 3f7c1130 becc2a81 bf03c5d0 3f64aef4 beb70a54 3f6c87d2 bebdfa85 be23d15a 3ec1ca7d bf52368c 3e02d186 3dc2e2c0 be04523e bdcf1f34 3e05d1f5 bedf1acd bf5e17d1 3eb8d9ad bf45968f 3ecdea63 3e719244 be2ab0d5 3f27a5ed bf06263b 3df0a093 bf0de63d 3f2bbe43 3e8489cf 3eb1cba1 beee0b3c 3f261e2c be9f9a2f bf6aa7b6 3f645f7e 3ecc0977 bf42ce65 3ec4eab1 bf42de9f 3f345ed7 be3db229 bf02ce29 3f093644 3e2e73f4 bf7a8060 3f57cf79 bf641719 3f62defd bf1c0624 3dbe2351 bf013d35 bf045d2e 3f42e699 3e35731e be4ef235 3f26e5ff bf3a36d2 be4f74f1 be9139a2 bee51b42 3e9388af 3f56ff10 becae9c7 bec0daeb 3e589438 3f0e0e29 bf7857d4 3f704ff9 bf714812 be248f6e bf1ce676 3f7a28e0 beee8aab 3f41969a bf30765b bf018d95 3e8eda51 3e2ab2d4 3e21f200 beba198a 3ec64b02 3e854a65 3f1b865a 3f0c75a9 3ee76bbf 3e463338 bf320e89 3f2d0e1c bed2dad2 3c66fd79 3f0be567 bf4c8ee6 3e003293 be5b742e bf561707 3f2485e4 bf0545cb 3f3b9e89 be8da9cf bf2d1ddb 3e1bd29e beab49f4 3ed5abed bedd6b0e beb88a30 3e7893e1 3f5e9eb8 bf1d6e85 3ed70be8 be307177 3f6f880a 3ddca139 bf2f5e4e bef3ec4f bd5f476e bf0fee23 bf674f21 bdc263a2 be4371a0 3f1afe49 bf44362b bedcfb3a 3f600f1b be56f051 
3f4f66aa bf5906d0 bf4d9f37 3f285e04 bf115600 3e595437 be998b21 3f36463f bf797865 3f2c7e84 bf578edc 3e29526b 3ca39248 be68b26b 3f76f042 bedb3b5a 3ef5dac9 bea66b55 be87f952 3f2e5636 3d29c0ce 3f48b649 3eeff9ea befafbea 3f40f6d8 bf3e3ed6 bea6cb26 3e3770d7 beb8ea34 3f33be32 bdb32140 bf052dd8 3db8e0e5 bf3a3e8c 3f6e4799 bf741848 3f291662 3f3eb6dd bf727fe7 3e20916f bed08be1 3f63def2 bd08b93c 3e0e117e bf380ef3 3f75a84a bf650fda 3f2afe79 3e1a1260 bed94a02 3f03fe47 bee4faae 3e8d8991 3e1a516c 3e878994 3ecd7b50 beff1ba6 bf718817 3f5c26bf bf7f92bf 3f53067b 3f580671 bf1c6e81 3f56bf4e bf68f7a9 bf1f7e62 3e9819cd 3f46ceba bf5b5f70 bd872025 3edd0b23 bec6abd9 3f35a63f 3e8888f8 3e49b35d bdac225f bef7caf6 3e7e13a0 3cfc8402 3ef2bc01 3de7a183 bebd5985 3f20bda8 bf20b61d 3effcc03 bf1f8df5 bf0e3693 bf03762b bf4cff05 3f6c0f81 bf61bfd6 3f514f21 bf5056e4 3eac9a25 3d60be6c bdf0a291 3edccbfa be4ff0e2 3f655f3c 3c9a985a bef739ca bd8a1e50 bc9867e6 3ed49c2e 3f20c6b1 bf1b2e41 3f1975fe bf06b600 3f7e1923 bf1d4e3d befb6b06 bd47c526 3ec2cb69 be8f89d1 bf5b76d1 3e47d2da 3e9efafb 3f142de5 bd41d0be 3e55b170 3f643749 3f180ded bf35368f 3f526f0f bf1295e9 3f6d37b9 bf091da8 becc1aff 
bd9be312 3da626f1 3f72d85f be75f18f 3ebf7ae6 beb1eb64 3ee45c0d bf04652a 3f3dadf7 bf7b28f8 3f68efb8 bc3f1435 3e2b9276 be251384 bf30a610 3e113177 becafa99 3f1c865d bc9683dc bf02d590 be561166 bf14e62b bf5d0f2b 3f7f5266 bf67b7ba 3f379e49 3e68f0ce 3efc9a2d bef16bb9 bca77bb4 ba11e922 bc26f966 3f439671 bf3c56ac 3f20fe3b bef95b63 bdd5228e be021125 be81a8f6 3f5466ba bd7dc52a bedc5a85 bf4b9ebf 3f14ce21 be26d2ec 3ee47acd bf023602 bdfaa0f4 3e20f320 be4490d9 3eb27b23 beb69a90 3e9129df bf47eede 3f2555d4 bf61d720 3f5a9706 3f5626c3 bf176e8b 3f1ced54 bf20f692 bf3b5e53 3ea43905 bd99253f 3f15f603 3f54a641 bf2fbe88 beef2acd 3f7e9111 bf27feb3 3f3ec67e bf11e65d bf1c4668 3ea41b23 bf0c4693 3e213237 bce688df 3e53333c bf225620 3f2415b2 bf6b272e 3e8719f0 bf24c60e 3f52cf80 bf7bd8eb 3f79b0ab 3e97b942 3f325654 3ea60a8c bf3a6f17 3f38567d be4ed45a 3e663258 3da9227e beeb7ae8 3e42b361 3e8a39a4 bf5136ee 3e72740a bf661eb8 3f471f54 3e87baee befa2ba5 3e2cd4a3 bf7237f1 3ee63b9e be1f12d5 bc1cfffa be822b1e bcfb7b58 3f0d65a5 3e8909cb bf3b15f4 3f485f0b 3eb6fb19 be9209ca 3d0a3d34 bf2df63c 3e98c92d bd07c3ce bf4abf39 bee85abf 3f0a3dd2 bf7e61c6 3f3775c8 bf4f8fa9 3f1a15d5 beaffa00 
bf1bd66e 3f1cd615 bf284e34 bf480eed 3f3e8e20 bf16d64a 3f166610 bf7b90a4 3f3286ec 3ed6aa49 bf11f5b9 bebe2bc2 bdda24a3 3efe9acc 3e16cff4 3f50bf35 bf7ad09b 3f0f4649 bf2a9642 3f60672a be802a09 3f7b085c 3f025566 bf160e2a bdc7dd19 3db09eb9 beb4e9dc bf5dcf7a 3f6ff7bb bf39a602 3f556731 bf7748c2 3f19ceb2 be1693f7 be67f386 3f268692 bdfc2551 bd8d62c7 3e8dfa48 bec59a69 bf285e2e 3f6c000c 3ee59bd7 3e207168 bf224627 3e1e9179 3e53d276 3e6e734f be852980 3d7753fa 3d3ed020 bf00b64d 3f657ef9 be85b98b bdc022c6 3e50f0e8 bf147e18 bf117e2d be97796e 3f2e067f bef74b87 3f74901e be1df0aa befc4bfa be8ad905 bf435ea1 3f589684 bd5ebf04 becbeaf2 3eedfb37 bf7da13e 3f3c45f8 3f5206ea bf656f45 3f222ede bdc42058 3f29e62c befd6ac0 3f2466bf bf7d690f 3f649760 3eeb9b92 bdb3e1f6 bcbc8420 3f174e77 bf53d744 beb0bac1 bea99c2d be929a33 3f3a75d9 becc394e bf72783d 3f759ff6 bf2ea6e5 3f777fce bf7ab8ce 3f1d2e22 be5f7424 3f2d7e32 be34cfb0 3ec24ab2 bf5eaee7 3f04edcf 3eaf6b12 3cee85a1 3f361ee5 bf77a0db 3f4856d5 befcebcc 3f389e32 bf3e7671 3dcba2b6 3eae9af7 bf7c3943 3ee49b0b bed339c8 3f425e82 be653348 bd4fbfde be2b747f 3f44ce3a bee29c29 3f32c60e be20b2dd 3f2d8e1d bf2af688 3ebfabd8 3ef2cc1e 
3f2aa670 bf66079d 3f3d665b 3e87a9ca 3e9ba990 bf53476d 3f12960e 3f05e59a bf17f618 bf42b70f 3f69078b 3ea50ada be36b349 bc66e5d0 bf5666c9 be225166 3f6c2fbe bf519782 3f4f76c2 bf5b4f74 3ef06b0c bf6effd8 bf385f1e 3f4b567c 3f05054f be9eb98d 3ec0fc1e 3db41e44 3f0b2e15 bf518e95 3f566720 beea5bb1 3c28edba bebf4b83 3f0dd5f6 bf420e40 3d90e59e 3ee12c09 be5f118a bc8f7ce4 3f7037a3 bf4e368f bf26f5c9 bce78440 3eb47961 be01112f be4772c4 3e09d1e5 be18f327 3e1c7172 bd31c37e 3ec39ba5 bef52b8e be9e49b7 3f45d6c7 be9c6ae9 3ef47b11 3f28de6a 3e343208 bf58eec2 3f66174d bf7f122f 3ee70b14 bcb98ffd 3f78584e bf166e18 3eff6c37 bf38aefe 3ef45a9c beb74b16 3f7eb939 bf3f06be bf114dd5 3f52e74b be5a9377 bea0a9e8 bf4d3edd bc68fe30 3e75950d 3f1eae7d bf173e3c bf36be72 3ec87a2e bf5d972a 3db5273a 3f5f67a1 bef0ea65 3f712f78 bed97b0d bf0fceb4 3f1ad5ea 3f626f7d bf32b709 be495430 bd40c66b 3f18c56d bf408e71 3f392655 bf7667f6 3f03a61d bf4def57 3f7ff23f bf1acdf9 be4d70e7 bef77b45 bdbae7fa 3ea6ea8f 3e483085 bf05ed7b 3e8fe9a8 bf234e0e 3f32e6a5 bef7ec12 3f607f26 be7df5a4 bcd2793b bf244e69 3e5cb318 3f533f0a bf7fa244 3f3dce56 be15f170 be0d5547 bf12d67c bebefc6d 3f4baea6 bf60275d be24d3fd 
bf5aef20 3f3f96a8 bdcb9fb0 bf18ce5a be0530c7 3f452703 bef7db55 bf1a8dfc 3f4c372b 3eb30aa0 bf1be5f1 bed57a02 3eab09b8 bda2a014 3f64000a bea84b0d bea37a98 3e49d200 be0b91f0 3e49521c bea12abb 3f3886aa 3f4d8f0e bf44d705 bf6b77d1 3e90b9ef bdf3e6a3 3ec1aa8e bf65ef74 3f2c767c bf7f822a 3f5c36e5 be47b291 3f50672e bf6b17e3 3f28a632 3e35513b bf6d1fdb 3ec669f6 be002ef6 befe89bc 3eb9eb0a 3f1a9e47 3d825cef 3d093f4e 3d6fc657 3e12d2ac bf24ae39 3f7918b3 bf59c778 3f20ce24 bf609745 3f1b9df0 3dd1e5f6 bf37d5de 3e8eaa7c bf347e44 be791185 bddddfe8 3f0b1e77 bf1e6e84 3edc59e0 be4f13df 3e28f2e2 bf64bfc1 3f75bfe5 bf6a5f79 3f33d68e 3e5253ef bf1b3e69 3a0e9055 be16f1f9 3f26ddcc bf601f94 3d733ced 3f0b4e25 3f2bddd3 3f365eaa bf68bf41 bf1e8661 3f60ff4f be91e8af 3f4eee6d 3eebbb23 bddc61ec bf7e7970 3f7a7868 bf68efb3 3eb00983 3f3e4e71 bf3ffec7 bf63ffa1 3f5cff2b 3e2732e2 be411393 be1532c1 3ec95b6e bf2ece5b 3f391eb8 be28f197 3eca5a13 bf082dd7 3e8039f2 3f08ed88 3edf8af7 3e46f363 bf586f93 3ebfd989 be04f2f2 3ea99a32 3f2fae9f bf4d36d9 3f0ae5bf bf581700 3e3fd228 3e18b0cb 3f726fd9 bf43a6ff befcbab9 3f49e66e bf2bdf00 bf3e465a 3f55a6fe 3ea58a3c 3eac7a13 be80998f 3ed03b69 3ee7da4e 
3f68c795 bedd2a57 bf09ad57 3f67a011 be4eb34a bef2bb3a 3f15c5f1 bef21a80 3f0d3db2 bf7eb093 3f7df97d bd293f1e bdf0df88 be56cfd8 bd583a7c bdfee4ef 3d8522ec 3f231e83 bf788053 3f63779b be33748d bea96b05 bf74981f 3f750fe1 3f1ee5aa 3ec5ea6b bf007d8a bef9ab87 3ee3eaf8 3eb57ad9 3ebdda01 bedd4b41 beaecb2b bf0addfe 3f7d304b bf5c979e 3f1ea5ff bd8760f2 3f38be11 bf1ede74 3f0da5e2 bed6dac3 3e41b194 bf6e183c 3f0335e2 bf6f2045 3f76c87f be6c9481 be9d2b3f 3d9bdfe2 3dc61a09 3ee42b8d beeb49b1 3f4f3edb bf13a601 3f4156e5 3e8398fd 3cdf8eb3 3d6e4354 be1ab255 3d42bc19 3ed31b30 bf166623 3eb5ca60 bea5ca71 3e6b7195 be27538c 3df6e71b bf44ef37 3f6e681f bedbbb1f 3f43fe5a bf149d88 3f753fad beacfa38 be8209da bf3db6ab bf6c6783 3f6de7cc 3f0fada9 be4c3617 bc9078e5 bf6caf99 befadb35 3ec4fa7c 3f26a633 bf4aaf43 3e07328c 3ecafa48 bf7908b3 3f2cde33 3f21e6c2 bf29adf5 3af75650 3e89a9fa bf275e6d 3f12e5eb 3d70c1d5 3c152d4b bf595eb1 3f5826b2 beb5f983 3de8e24d bf1d05fd bf732073 3f36c669 bd98e5e4 3ef19a02 be6651d8 bf3e8697 3dd462c3 bec72c0a 3f2c1672 be98bb81 3f28ae63 bf779041 be3e51ed 3e3cb0d1 3f175dee bf2dde7e 3f4c05fe 3f70b796 bf6e8829 be5fd20f be83c99d bef56af9 3e83b9dc bf43e6ca 
be009054 be633453 3f7d08fd bf7fe115 3f12dde8 bed9da75 3eef1bf4 3e93ab0b bf439e5b 3f29be97 bf12b612 be683321 3f3be6fd bf17853c bd969ea7 3f1eee73 bef07b4e bec229cf 3f5186fb bf31ee7b bee04a11 3f75b823 3e830a17 beffac10 befa8bdc bf458732 3f4f6f57 3f2c965a be8979fa beed0c01 bf477e79 3f40e686 3ed7da9e bd26c17e be7ed51e 3cde7cce be1f319a bed62a5a be235251 3d92a37b 3e987ade be8f4a41 be110f63 3f6ccf31 be6f94dc 3f0d465b bf142da9 3c65194f 3f0fa5f2 bea86a89 3dcf215e bf034531 3e2ed42e bf7c80ff 3f33a697 bf283e1f bdf026dd be605320 3f192e69 bf4a172b 3f37c6ca bf187619 3e3a12ca 3f5d26e5 bed0fc24 3ec31aec bef1ea76 3f796833 bf525745 3f45ee6c bf2d3e10 bed77a66 3e1754e7 bf742764 3f575725 becb4ac9 3f7b40d9 3f36fe8b beed3c2e bf1d864f bf3ae6d4 3f737fd7 3e9a1995 3f5ea6fc bf71ffa6 3d871f5a 3ea4794c 3f0dce85 bf71702f 3f797057 bf40a6c9 3f145dd3 bf44c70f 3eedbb60 be9c5a67 3f7c190a bf420652 bea57a1f 3ec05b60 3f15fd89 bf611f57 3d58431e 3ea70ae4 3f2e3e74 3ede9b62 bda82420 bea61af8 beb82a9f 3e8c58cd 3f26ce5d 3dada238 3dab5f4b bd9da362 bee449e2 3ed69b7e 3deb24d0 3ee16a30 beca19b5 3ef6cc34 bf1d65fc be5a52f5 bf5a179b 3eff1aa6 3ee13ae7 3e0e322e 3f394639 bcf37bca 3db862a8 
bf2faef9 3f0635d7 bf4baedd 3ef61be7 bdf2e463 3ed1ca56 bf74c820 bd264698 3f2045a9 be9bea8d 3ef9cb88 be5eefbb be8888ef 3f37d5e6 3e3ed38b bf6326d1 3f5a5f4f bda4e2b8 bf341e12 3f6cffee 3e5b52c9 bf573f40 3cb18177 be3551b2 3f6a9783 3e4291e4 bf069600 bf024e31 bebbca3a 3f508f38 3f276ec1 befbfb5f bf3bd680 3f7d58e0 bf5cdf1a 3f609f0e be8c78c0 3f28465e 3e4d30e0 bf6d2810 3f279e11 bee5ca12 3f104629 bf3c3698 bee66a0b 3f50c6f2 bf7d98c6 3f44b5a8 bf76e8cf 3f5ac6d1 bf330f07 3f7de159 3d5f40cc 3ededbab 3f151db7 bf6e3023 3f6d8f19 be5071f8 becada4a 3f45de47 bf574788 3f186e29 bf0255bd bf2915ca bef27a7d 3f210655 bedd7ab2 bf090d9a 3f4b3ef2 bf5f4fa1 3f101e56 3f21be5a bcdf89df 3f36eed2 bf494eaa 3f107e69 bf5c5f38 bf208dda 3dd36277 3f53fead 3f4a76fc bf51a774 bf24164f be40f1b2 3f2115a2 be1e7156 bea9aba9 bf0755dc 3f32ee67 bd8b23be beaa19f1 beaf8ad9 3f468ece 3e41506d bec70b06 bf6847f9 3f6fe7ec 3d5144c7 bead8b0f be6e11ca 3f21cebc 3edf9a50 bf593f22 bf226e63 3e7812fe bf4a8695 3f6466e0 be40317d 3e7eb1e3 bf6e0ffe 3de12081 be53717f 3e5e941a 3d7643da be77f61b beb37a77 3eb589bb bedcbacd bee6db80 3f4426db 3f0a8607 bde96252 3edc69a0 bf78f0b9 3e6bb241 bf5d377a bee2bb5b 3f385ed0 
3f58b78e beb4fb01 3f000da0 bec3cb59 bd544346 bd7fcc63 3f2b8e79 3e99093c bf253e4b 3d4bb81b be03ef0b 3e4411c1 be595427 bf469f23 3e8ac9d0 3e43d324 bf081d78 3eda8b78 3eb2da01 bf430751 bde6269d 3f202e7f 3e0a3284 3ed1dae8 bf7af0bf 3f08654d bdc222c2 3eec9b7d 3f03b5a3 bf174df4 bf47f6f1 3f37deb3 3c510f7e bf607f5a 3f7faaf5 bf41d668 3e3c33d4 bf7e518b 3f118d75 3ef46bb2 3d15caef bf05b622 3f003d6f bbb5c46f 3e868956 bf0b85e1 3f2b15d3 3ef7bc2a bf1cee09 3ebebb04 be4873be bf297e32 be48520f bf10a5b6 bf15dea4 3f5e6ef6 be9a8992 3c6b09e0 bee19b1b 3f371dfc bf2e3ed1 3f6176df bdf5a0ad 3f789847 3f428eb5 bf78b802 3f6b37f3 bde16275 bbba0291 3e38548b be889aa4 be51313c bf2fa6c7 3e93697b bdf69e76 be7270d6 3f46a6d0 3e818a6c 3e81e9a0 bf76a045 bf0875f6 3efa0aee 3f7af0b7 bf478f00 3ead19fd bf197620 3f69ef78 3e8d3a18 bf4f5712 3dfe2612 3ed88ac3 3ee6da8c bf652f60 bedf3a12 3f54cf61 3edc3b4d beeeab7b bb99ce37 3ea299be bddfa126 bf485f79 3df8a80d 3ea51ab9 3f4086bc be9b7938 3ec4abec 3deda1a4 bf21f619 3eafea5b 3e40d389 3ee409ed be7014c7 3cea768a 3da69fd2 3ead996f be3b11c0 3c87957f 3e98eac8 3ef02a50 beff7c50 bf5e4f5a 3f197e37 bee1cbc9 3f37fdfc be67d4c6 3f74883f 3ee86b5b bf3b9666 
bf561f14 3dc6a5cc be9b5a25 3f3bd6bf beb79a73 3d89e505 beb49987 bf0945a2 3f23be8f 3bb60fa1 be950a3f 3e80c9d6 3f27de81 3e5473e3 3b63dd9c bc2b09bb 3ee2db44 bf6616f8 3e8af966 3cc28b25 3ee96b1c bf15f61e bf39b666 3e8b2a2a bdd35e88 beecab10 3f267f04 bf647fd7 3e8d6af8 be53b1b6 3f6f9f85 bf746058 3f552f03 3f0dc60c bf4bf644 bded23bc 3f44674d 3e823b3b be71d09e bf5d9f03 bbe20ea0 3f0d9e45 bf23067b bb63ed9a 3f208def be76948c beabba6e bf6f3053 3f798085 bf177dbb 3f3dbe89 3eaa5a3f 3e9b7933 3f296e6c 3eced958 bf16fd7f be3230fc 3d87e0a6 3f4ecefd bf6af800 3ec96a9b bf25f5d4 beca4a89 bf2f0e49 bf5d6f30 3f37164d bf6fefb1 3f2f1ea0 bf65a723 3f1f3df6 bdf3a5e0 bd4bc938 3ec7ab3c 3d881f07 bd99654d 3f048da2 bf7a8875 3dbf6294 be681557 3f27661a 3eeccbd2 bf07f5a7 bf245e3c 3f7f412b bf20eda9 3f46f714 bf614712 beb0ab30 3f542ebb 3d886563 bf7a5076 3ed76ab4 3e81b929 3f0f15f2 bf50965e be5eb1d6 3ed3eab8 bf72501a 3f2d1dbd bdae6141 3f588778 beb3d9c8 beb09919 bc857a8c be44f0c1 3c051485 beee4b9a 3f11b666 be997a47 3e9acab0 bf7b48b7 3f706793 bf50b721 3eb08993 bf2816d7 3f6cf726 bf6707a1 3f071d59 bf64cfeb 3f499ef7 3dbf9fee 3e6273b6 bf4666d4 3f12edf3 bf32c654 bea28971 bf24dde1 3f09bda7 
be1a7083 3f7bb8ee bf259e53 bee6bc03 3f1955d9 bed2aa7e 3efd8b67 3ebcbaa8 bf300e66 3f3bbeb1 beb2ba63 be5415e8 bf4c2695 bdefa768 3e689256 bf5b6ed1 3f6fd816 bf060d5a 3f6f4f5a bf044597 bd7d3a40 3eeb2b5f 3f662f38 bea5ba4b 3f3fa6c5 3e916a3f bf56b705 3f52d767 bead4945 beb35b4d 3ee9ca8f be1a31e0 bf08067a bf5546ff 3f7c604e 3f04467a bf6997f1 beae0af2 3f2e1660 3eae2b08 3f094df8 beb9fa5c 3e64b25e 3dd56430 bf769014 3e95cace 3f4866c5 3db0632a 3e93596f bf43d6fb bdcfe0d9 bf3cae7e bd2445c1 bf23ddf7 bee96c09 3f3a46b7 be10109a 3e8dd97d bf2e1e71 3dc72487 3f4486b2 3dd522dc 3f0d8d83 3f5f6f4b 3e6ab2ae 3ee21ac3 bbd1efc0 bdea6115 3eb8faec be1c5101 bdada415 3ec14a33 3ea37a60 bf67e858 3ee4ebe2 bec17a2b 3efb2b55 3e67d2f0 be5bf194 be089224 beebfc04 3f4596dc bde2601d bf070dcb 3d7cc108 bd7a4351 3ca28bec 3f55c791 bf606f68 bd82a31c 3f65e7a1 bf133db2 bece9ae8 3e7d9330 3e54f392 bcde9838 3e17ce47 3f73bfd8 bf026dc3 bf532edb 3e9dda1a becc59df 3f60e76e bf6b4f37 3f1dce53 be7d1401 3f0efda8 bee8cb97 3e89b94f bec1a8f2 3f07adcd be98292e 3e5eb289 3f286dda bf6bc811 3f111d8e be5b33b8 bda9e54d 3f24963b bf7ab046 3f3a86ab bf13d58c 3f494ee7 beed5b6a 3f103659 3ee77a8b bd869c7e 3f2db679 
bf03fd8c bf1ba6a1 3f58c71f bd64c6de bea93a7d 3f170670 bf64b7cc 3ef21aca be73d1b3 bf124604 3f2e7607 3daca141 3f69f785 beccdaf7 3f61572f bf191605 3ec07afb bf015d9c 3be61155 bf271637 3f1e869c bf720fd9 bec789e6 bed21bd3 bf306e96 bdb0233f 3f2c0692 bf37fed7 3f457709 3e82da9e bf582f95 3edc9b0c 3f06dd3b 3f31e669 bf78c03b bf34de20 3f3e5dfb 3e9abb20 bf033dbb bed81a96 bedf5bd6 bed7ea52 3f1c1e0f be17d310 3f3a3e5f bc9f7a6c bf5cf71c 3db61f3d bf1235c6 3f776890 3f2a0e34 be2f92ab 3f765036 be7932fc 3f266e20 bee22b46 bd3c4501 bd4e4632 3db6e5dc 3ee6ca6d bf702fe0 bf20662b bc150799 bf3aceaa bf212eae bddee78b bf2b2e6b 3f71701b bf609f03 3f3bc67a bf6ddf72 3c8c80d0 bf2aae21 3f239ee0 3ead2b49 bf3196a3 3e8e2963 bda427f7 bf026579 3f6e9f5f bf27365f bdb85f96 3d643341 3f2bb5fc be4393c7 3e82fab3 beb2aa0e 3d9ca4dd bebc49b5 3f4f1ec9 bf66b814 3f218da4 3e9398ab beb18bba bec9ba86 3f3d9e51 bf6b9fed bf1a05b7 3ebdbab6 3f3c5669 bd044206 bf012d64 3f0435ce be0ed28f 3f331df9 bf60bf56 3f1f6e33 bf3b76b4 3f56af20 bf462e02 3f478eb5 bec3da30 bf354e0f 3f0fcdcf be545187 3ece2b09 bf116e1a 3f7a988d bf787836 3f76606f bf13c65d bef6fa9d 3f437e97 bf2b3da5 beab3a9d 3e3c1337 bf153db7 be4f524f 
3f5ee76f be4352c6 beb05abb 3e5d92ff 3d274388 bebb8a5e 3ecc5bf0 bda36459 3e77716f 3f0d1e67 bf68d820 be0f51e7 bd6bc1ff bf6cdf0b 3f152670 bf2c1650 3f41ce68 bf13ce17 3f420621 3ea3ca54 3df66488 3edd4b67 3efe0ac8 3f347e55 3f595f19 bf4bd699 3f06ed8f be48d389 bf43ce3b 3ddf2707 3e980a99 3d66bce2 bf4cc6fb be2b333b 3f61674f 3ecf7ab3 3cac8a66 bf254e6f 3ef58b87 3e84695c 3f5426e5 3d49bb8d bd62c913 bf59672d 3e32d02f be87d9c4 3e9a59f6 3f100dbc bbca1704 bf2c1e65 bf7297e4 3e97a9da bf3466eb be61b1ca 3ec9fbaf bf301e19 3f08fde3 bd65bbb7 3d33c2cd be5dd314 3f18fe69 3f72bf80 be5bb1cf 3eed2b30 3efdba38 3f697fe8 beaa0b08 3e906a02 bf4d4ed4 3f439e83 3e8229b5 3f50fed5 bdb166ae 3db2208f bf1065b3 3f311e8c bd0ac4c0 becdaa3f 3f52a6c1 bf1ec673 3e978aca 3f22adfd bf56072b bd2a3f36 beb68997 3ecb9c28 bee919b5 3f0f86c9 beb20a1e 3ee8fa80 bf66f71a 3f4ff765 bf7ee1a4 3f1076f7 3efddb5b bf681e94 3f76e79e 3f0f8e7b bf0afda9 3d06c2d8 bf0efd9a 3f775872 bf699f72 be4e71c2 be13f3d6 be59d15b 3f0cd5d0 bf4266b5 3f60b6fe bf3aae43 3e6c7160 be6511e3 3f7a00a2 bec88acb bf247650 3f61af40 bf4e5727 be593297 3e7cd4e9 bef22ae4 3f1445e5 3f081def bf7f1993 3f483e49 3e832998 be233353 3e9c4a9d 3ed4fba0 
bf4c46b2 3ef30bb5 3e9d4971 bf433e7d 3f0735a2 be1fb1f6 3eec395c bf4fb6eb 3d30c20f be387170 3f37f65e be06b2b7 3ea02a4f 3f0eedd3 beb999ff 3eb71a3c be41f1a0 3c6f0284 be7433e8 bf3cd6be be7b9084 beb30a64 beddcb10 bf5d8786 bf22be99 3f6e087f bf6c3f5f 3f171d8b 3f136614 be4e1259 3e061331 bea9da96 3f756004 bf50a771 bc8c86cd bf693fe1 3e10f23b 3e8ffaa5 3d91e185 bf38862d be849900 beb29a96 3e039229 3f5c0f1f be288fbe 3c250f48 3e9aaa30 bf636793 3ec92ae3 3ec52be1 3f79d0b2 bdf7221e 3e36b316 3f3ace97 bf7327df 3f664741 bdc3e0bb bf3246af 3f2b6db6 bf4d0f98 bc6efa46 bf4a1f08 bc70e6fd 3de764d4 bf55df72 bf1bc602 be9269af 3f03dd6c 3e8769ef befabbe7 bf2bd681 bf38eefd 3ea6da40 bf0275e4 3f1aa62f bf667f4f 3f006de3 bed53abf 3eb7a975 bf698fbb 3f309e63 bf69b831 3f275594 3f2a9675 bf45c6c3 3f4a4f1b bf1f16dc 3ef87a31 bee58991 3e0dd220 3efc6af5 bedf4a4a 3f068d7b bd8ca10f bf497f66 3f740fe9 bf7d507f bd80e5f8 3d784f57 be4c12e2 3edc0acc bf1b666d 3f346e67 3f232e3a 3d6db889 baa8678f 3eea8a8c bee52b2a 3e5653fc bdd8a1b6 3e0830e2 3e07d1cc bf70d07c 3f13d5d5 3e18f092 be6af552 3e9fba4d 3f288648 3d74bc39 bebf0b85 3e04b48a bf4bcef9 3f62afc4 be8cb9e3 bf192d80 3ec78a2d be91094d bf0bdd5b 
3f1ff69e bf7d913f 3ee78aad 3a6e3f92 3ee1cb5b bf4c9eba 3e45936d 3ee0da64 3ecf2af0 bf31c67a 3d05bbd6 3dd4e1c7 bf682fad 3f55cf3c bf754052 3f289df6 bf460ee7 3f2215be 3c1b0727 3f268e95 3efb7c5f 3e56363e 3f273de9 3ebcca33 3f14f63b bee209e6 3e40544c 3d8ce249 bf345e56 3eb8ca7a bed3dac3 3dce600e bea1bb33 3f2f664f 3eb25ad7 3eb75a64 3ef57c52 bf6b3f09 3f17ddd4 3e9079c2 be328ff5 3f4b7ef3 bf17ddd8 be8399c0 bdb5a340 be5e51e5 3eab79b3 beb4aa67 3edfdb85 bf2cbe03 bf375e32 3debe26b be8a6947 be957a4a 3ea599a7 be90994e be1312e3 3ebe19b2 3df3a20e 3e7753a8 3f68df8e bf285699 3f5fbf8b bf313e64 3f7ae0a2 3ef54b44 3ed64b17 bf2e5665 be0f328e 3f3af6a4 3ed44990 3f11edd7 3d8ee49a bdf120be 3f2cb679 bee07aac 3f698755 bf68e83d 3f520e4d bbfe2f9d 3edcabd4 be97ca76 3dca9e89 bf49feef 3f6236af bf2ce5cc 3e92ab0a 3db465b2 bf039d9e 3f0535c9 bf0b0e1e 3e8cd981 beb9aa43 bb1480d0 3ef89b5e bee1eab9 3ef0ab3b 3dd7a528 bc251f2d 3f16567d bf134e64 3f1dc668 bf4edeb5 bf7de091 3f0355b5 bf37ce43 be6a1560 3f102e01 bf400f1f 3f646fbe bf5647a4 3f4f962b bee5fb0b 3f4135ef bf57fec5 3eaa29b0 be6d138b bf57b72b be073220 3f0d4de5 bd9e9fc2 3ea24a67 befa5af4 3e69744f be75922f 3f18de73 beda3976 3f6137f8 
bf05357a 3f28f662 3e70535e bf3e26b6 3e619525 3ddea1d9 3eb13a79 bf70779f 3e976931 3e45f169 bdbc60cb 3ea77a5a 3e8cfa37 bf29ee66 3f30d627 bd949e82 3ebad9e1 beadbae2 be93eaa2 becbba80 bedfeacf becacb20 bf102674 3dbce5ce bf338672 3eb6cb48 3c12f20a be844a34 3ea84980 be98aaa7 3f0ca56b 3e603347 beacaa1e be8128ea bf41a67b bea13a8d 3d80e0cc 3e92bb0a bea42b6d be938a8e 3f1ffe2f bf5bb715 3f2a1ef7 beaa5b15 3f5fcf1b bf4b973f 3f3866b3 beb1aa9c 3edb1a9c bd6b46e9 3ec94a4d 3f1d1645 bf123dbb 3f22f54d 3d835f58 bf1f467b 3f7587c0 bf73cfc7 3e645223 bf5526bb bef75bb9 3f60373d bf50af71 3f30e6d0 bf7a48b2 be2f33c0 bf2986cd 3f7d4905 bee48ad6 bf179534 3d956033 bf7687dd 3f1de69b bf701fd1 3e6713db bf17c5ec bd50c342 3e8c49c8 bef4aace bd9ca124 bf49968f 3f6aefab beb6ea92 3eb55ae1 bf286680 3f263e2d bf161e01 3e8a0a2d 3f25f669 bf258e3e 3ed78b04 becba94b 3f514664 bf443ef7 3f4d1718 bf6f5f8f 3f5ff7b3 bf779846 3ea42a1a bf209e44 3e8d29a0 bea608ac 3f5a2732 3f4f06dc bdd1e364 3e9b39ee 3f219600 bf3d1709 3f52ef1d bef29c17 beb51a29 3f3e5630 bf79b0a5 3f04a557 bee3ab19 3f4a7e95 bea4fa31 3f31ce74 3f22be7e bf687f4a bdc06435 3f404f29 bf5fffc2 3f757847 bdc9df20 be9218e8 be511032 be806a41 
bde0e52b be66d579 bed8bb0a 3e48737e 3f358e32 bf77606f 3f0764fe 3ea0db2d bf0b2dc5 3f3fae94 bf20e606 bdc8209d 3dcadbef 3eadeaba beb449e3 bef39b51 3d68c98d bd45493d 3f3a568a be5b5156 3f551770 3e7333d9 bde6a2c2 3f7ca87e bf5ec77f 3f4d9eb7 bf2bbe63 3f5607b9 bea87b47 3ee99b5b bf13bddc befa3a79 3f045618 3e211116 3f45168c 3f0b75e2 bf23b62c 3e179212 3ee93b7d bee86b8d 3e225387 bf159ea6 3f687f82 bf632eea 3e47b4f7 3e0d8e99 bed73b3f 3e84d921 bf48c6fd 3f03adae bdc16535 bf62cf65 3f5d5f15 bf4ef719 bde2e641 3f4c4f8e bf6f2806 3f52f75b 3e0ab1fa 3f24d69d 3e81a980 bf4cf671 3effdb3b bec7ca36 3f0945ce 3edb4aab 3df962bc be964a57 3e2cf398 3f51af23 befe7aa4 3f545ee8 bec24b4b 3f299ecb 3f033e93 be3d726b 3f484ef0 bf4a7eb9 3f25fe93 3e92f93d 3ea629a9 bedebb4d be9e3a4e 3f4de68d be62f645 bd304a07 3ee69ac7 bedeea0b bf40f72b 3f5ddec6 bf2d971b 3f51d72f bf75e07e 3ee1fb1e be859979 bdf422a8 3e97fbcf be4bd1d6 3f6f2fc9 bf1ebed2 3f41feb0 beed1afb bedaeb33 bf194dcd bf391675 3f139611 bf7817ee 3f1abe02 bf60df7b 3f18e5d7 3e3f10e4 bf10add7 3f43b717 be9b2b5f 3eb24ab8 bf7a98ca 3f354ee5 bf665f6e bececb1c 3f424778 3c866c65 bf68403b 3f7b9056 bf5e870b bf2495b0 3f744001 be1352d5 3ee9fad3 
be3f5426 3f1515e9 3e86c9a9 3e02b157 bf4a06ec 3f272716 be2591cf bedd5a07 3f05a5d6 bf3816bf 3e9bba53 3ec1da11 bf125df5 3c452adf 3ef4bbc4 3d28c112 3f2bc6ee bf4276be 3e1f3167 be8879fe bf5c2f1f 3ef70abb be691656 bf59cfa3 3f3dd5f9 3e68d253 bf627f1b 3e6a140c bf35e677 3eab4b07 be6c3317 3f70ffcd be4fb2b3 befd2b67 bf038e7d bef4db95 3ea46a5b 3ea9f9fc bf6fe78f 3f3fb64b 3ce180cc 3ef42aa1 bf4086ea 3f454671 bf1f0e36 3f432e8e bf555f62 3f6527ad bb7421d3 be2d533f bd88e1e5 3e2f934b bd5abfee 3ecb0ae8 bc5923e2 be999a8e 3ea4ea3f bf08a5e0 beba2987 bf11c5d5 3f225614 bee98a70 3f683f87 bf660f3c 3f33ced5 bf72c012 3daa2847 3d9fa085 bee789d5 3da4a50c bf299615 3f2a660f bf39ceb7 bdbde3dd bf7bb86c 3eefcbb6 bf75101e 3f78f89d bf4a26cc be61d175 be36d12a 3eaa09ed 3e6d33db bf5fc824 3e3d33fa bc5b0c87 bed09aec 3f0c0641 3f138e3f bf1abe1d 3f15d699 bf723fd7 3f4fb6b0 bd704621 3d704779 3ebc1a3a bdfb240a bf3bce3d 3f069dcb bf6f181c 3f431e58 bee72a8b 3f1ade88 3ec5cb85 3f788042 bee23a28 bdc1e228 3f4e2ecb 3e50d298 bf2026f5 3f1c6e11 bebdaa44 bdc99ef9 be2e5259 3ea82a00 3e7672ba be6a5450 3f10bdaf 3e835a11 bf3ce70a 3f256684 3df224e1 be6b72f6 3f1bade1 3f059d69 becfabc8 befc1bab 3e312f1d 
bf355e5a be807a23 bef37ba6 be187074 3f4d4e92 bf47cf7a 3eb91a00 bcfd8104 3edb69e8 beacba03 3ef8ebdc be00d2f4 bc53239b 3ec23a74 bf79d86e 3ebbda10 bf5e0731 3f5646c0 bf36564b 3f713fd6 3ecbea53 bf34b6b1 3ea2f927 3f53a7dd bf629ef7 be8e0973 3f488701 3f1af671 bd5a498b 3d353f68 3e484fc8 bf180e62 bf1e5d7b 3f4e569d 3ecdfa5a 3e87e8e2 3dd5a143 bf2e0df9 3f79e0ec be8c48cd bf6e4fbb 3f02c5e9 bed4bc3a 3f19f5aa bf2edeef 3ea6baac 3d73bad6 bdcc1fa2 bec89bc0 3e8018e4 bd0248e3 3f18bdb0 bef51b58 bec38afe 3f18b58a bf385795 3f33667d bcf87e52 3f716844 bf1c5d88 3e8bdab7 bee24b19 3d62425e 3df426cc bed49b55 3eb929fd 3ef31afb 3e5792c8 beb93b50 3f0e2e45 3e3cf3a3 be9bdb12 3e84597f 3f30f65a 3ed9eac6 3d184103 3f02adce bf474f5d 3f6e2f35 bec8ca07 3f537f39 bf570f10 3e904920 3f0365fb 3d58c18c bded6360 3f0afe63 bf625f97 3e0251b5 bea3b92d 3d0bc76c 3f38d6a6 bf19b5c0 bc0aff9d bea25ac5 be83e98a 3e06b364 3f63170a bf5b275d 3f7fc22e bf1725cd be8ac910 3f15be25 bf72e78d bf62fefb 3f25760a 3e0bd039 bf55e707 bf121e87 3f5caf46 bf703fb6 3e9dbac6 3f27c6a5 bf122e39 bea189ae 3f0f3e0d bf4bb6eb 3e8299f9 be0af212 3ec2fc07 bf6597a6 3f0ffe31 bf67c703 3e996b35 bf69e045 3f48a6bf bede2ba6 3f62cee6 
3e9d9a0f 3eda2ac4 3f5fe790 bf45de68 3ee31b04 be3ff1f9 3f12c5d9 bf64475b bcf27cf0 3eb39b81 bf341665 bde09f40 3cbd8237 3e901a7a 3e6d5258 3ec36a45 3d11465d bc56ec91 3f054d95 bf6e481f bec2caab 3f7838cb bf15d622 be88ea5b 3edb9b28 3eccfa79 bf227e89 bf671f36 3cdb93be 3ee97b2d bf2d7670 3f1bd5f2 3f50ef03 bf103e17 be315296 bf7c20e4 3f663f83 bebcba16 be7894ac be48f17a 3f5a7ee1 bb7c7d23 be45f204 bea0ec5d 3f678f3c bf58771d 3f06162e bf27e6ae 3eaf5a29 3eefbb05 bf0a9def bf336e92 3f2cc616 be64d20e 3e6f551c 3d821d79 bde72765 bf6d3fe1 3e8dcab0 3cda745f 3e0cb25c 3eaebb32 be65935c bd524876 3f49fe5a bec67b6a bf4e96e3 be835917 3f436662 bf613efb 3e78309d bea6dae9 3e17310b bf7ac92f 3e33516b bf75b08c 3f649f0a bf78e06e 3f502651 bf20d683 be9199e2 3ea53a35 3db9e2f3 bf38fe9a 3e73f53f bd57c2a2 bf08cd59 3f7a08bd bedd9afe 3f31f6ef be018f33 bf681724 3f4e1ed8 be9d19df 3f3b3ea0 3da7a2c5 beb58957 bf02ad5e 3f429f7e bf5caf28 3f00eddf 3ed12a18 bf725824 3f593785 3f6a9f2b bf5ff6c1 3e153225 3f019dcf 3f4836be bed5bb6e 3f105662 bcc579d8 bf50c6a0 3f78b080 3dafe36a bf22a638 3f6b6fa5 be3c739d bf4886a1 3f72600d bea23a5c 3f1a5677 3dbd6226 3f2b5edd bf4f671b 3f7237c7 bf274e3b be1a11b8 
bf2dee49 be24b031 bf66c71e 3f3b36fa be81ca2d bf35ce09 3f298650 be3971fc 3f7688f2 bf4e8e8b 3f3ab70c 3f18ce2d bee64b11 be49b463 be8f0b73 beb38b1c 3dff5f44 beef3b18 bdd9222f 3e28928f 3f624fc3 bf4e4e54 bdc32349 3f32df39 bf3dae27 3e363384 3e956a85 3f0a55f3 3f022e22 bf7ea930 3f5fef0c bf38a6e7 be4a92b0 bf1d3590 3f53f745 3f4eaf2d bf73002f 3ef5ebb2 3ee14acd bda12277 be987966 becbdab2 3ef2ab5d 3d77cbf8 bf21b65a 3eb4bacb 3d2a3d2b 3f138601 bd75bdf6 bf435649 3ed1fa5e 3f6537bb becf4a84 3ea45add bf2a3f17 3e26d376 3e79f146 3f367ecb beeaec15 be06702f 3e34118e bf68a7b8 3f709754 bf28ee44 bf1615fc 3ef91be3 3f43069d 3df32252 be9dbb0a 3ea13a78 be1291c5 3f50d69a be9fca6a 3f671815 bebc9abe 3f5d5774 bf11a5af 3f37eed7 bf42e68f 3e7f332f 3f3f6f17 bec8fbaf bdcde4db 3f221e00 bf2fe64d 3f5216d4 bebe09a2 bddfe152 3d15455c bf76bfc3 3f7ed1ed be93a9bb 3ebbfa01 bf1b9642 bcdb7552 bf0b6dca 3f60f770 be8e39af be55f166 3e915a11 bdd16730 bedecbbe 3f7d50f1 bf21de23 bf1f66b1 3f341ec1 be90ba35 be639269 bf5d4f74 3de4a172 bf352e83 3f426e79 bf050d77 bc7aee3f bf0ecddd 3f4e37b3 bf7f315f 3ebb5a41 3f422e92 bf770098 3e7db12d bf00d57b bf46beb2 3f27f61a bea8d9cc 3e59d4d9 bea45aae 3f1bbdc0 
3ef62b20 3e98fa4f 3eb7394b bf11be42 3f6be7ad be8d5838 3e1451b5 bea74a78 bf5ddee8 3f2e9ed3 bf1dbdf6 bf0a2e0c 3e74f588 3e92ea2c 3ed8caa2 be5f53b7 3f41a6cc bec5ca99 3f67d786 be81e919 bf35765a 3deb612a 3f372e9a bf12f5c9 3db6a09a 3e76f577 bf655f97 3f27fde6 bf750834 3f2ed619 be113147 3e953add bd13c02b 3f7448b6 bf390e3d bf61ef4e 3f69c7c4 bf299e8a be86f9c3 be19930c 3ea03aed be0c4fa8 3ed42b3e bf490e90 3f760881 be19b396 bf04ddbe bf051d85 3e2291de 3ec34b33 3dfd26a7 bf2b069b bf413e13 3f227601 3e279244 3d263b33 beb3aa31 bec53a9a 3ef33a28 3dbfe323 be3a1304 3f4e9e77 bf331676 3f51fe73 3ee9ea1d bf7b7070 3b53b20d be7c75fd bf0cde24 3f67eef3 bf493f23 beaaea0f bef38bf4 bdf4e6ae 3e569159 beb83bc0 be96caa8 bde4a1b1 3f7948be bf7487e4 3eb5b961 bf67bf1e 3f2d2666 bd91e571 3c32ee15 bea94a4c 3ea639df beb02bae 3f212df7 3ea72aa9 bf3c3e5b 3e67f1b5 bdd5a22f 3e7c1392 3e45d1b1 3db4e5dd be4af0ee be196ede 3f635fec bf7f516e 3f7d6878 bf586729 3e147117 bee7fb24 3f63cf86 bf688ffc 3f376685 be3013ab 3f5a06f9 3e6c3256 3e9d8989 be7cb1a0 3e7b9742 3f05bec4 bd1db816 beb92a93 3f4cd6b2 befa4c1c beccab65 3f135608 3d53b982 3f203e2c 3ee84b87 bf63877f 3f41d6f7 bf79e821 3f274de7 be951a52 
be946a56 bf1a7e18 3f70303b bf23665a bf18d622 3f5377b1 bf6256fd 3f7bc8d6 3ef349f9 be6113b7 3cef7c9e 3f4f26e6 bea36aa5 be649251 bd9620a9 be01af70 bf00bdf1 3dd3e18e bf442e85 be02b1e4 3f137e6a 3ebf4a50 bf2d4e0f bbc61e20 3f1aae6b be84c9fe 3f1e769d bf2f2665 3d4abc13 3f2825df bf4e7693 be3b52cd 3eed5b94 bf679f22 3e9dfaec 3f62d719 bf20567c 3f3a26b5 3de4e62a bd8925fd 3f410eeb bf69afd2 3f060df6 be9369b2 bd2cc015 bedc7a9a 3f6da788 3eb5aa0d bda9234b be85fa51 bebd3a85 3f26761e 3f2be5e9 bd06d401 bf527ede 3ef85b8a 3d2dca63 bdc35ed5 3e48110f bf496e98 3f575efe bf7c4948 3e9a8a0c bf7cf15f 3e359338 3f6e4f22 bf0bb59f 3f16761b 3f1a5df0 bf628781 3f201e9c 3f11d643 3f0ef5fd 3d383d72 bf447687 3f0cdd97 3f21a62d bf0c0604 beb94a50 3ec589d0 bdbda6af 3f769fc8 bee50afd bf523f45 3f6e1fa5 bf15ee0a 3ebb7a1d bc18f840 bf30fe31 3e6551e5 3eb48973 be4673c8 3ddf659d bf0104e6 3f28edda bf3b56f2 3ecaea75 be95c966 bf10ddde 3f0d160d bedbeb2f 3eb78a27 3f20067a becb79fb 3f1b467c beff09eb 3e5f93d7 becd7b65 beee1b60 bcda7bfd bf2b9634 3ec69b08 befc5b5a bebc680d bd8e2249 3ea6ca93 bec8bb43 be4533f6 3f65b6ee bf583ec8 be6612e1 bf0b3539 3eb0e923 bd4b46e0 3e8378ca 3efa7a24 bde22313 be9f49fe 
3f1875c4 bd05c0c0 bf5bbf93 3f0f5d8b 3f22edbb bf784013 3f4ebf4f bf5c8728 bf453683 3f12a548 bc4f0293 bf79f836 3f72205b bf4f9ea9 3f24f6d9 becf79a0 3f601f5e be2612f4 3f4606b3 3e5ed0ea bd2d3e45 bf7d10a3 3f352e95 be703324 3dac5c5e bf71f028 3f12d629 3e8b6892 3ee67ba1 bf580f9d 3ebd6a76 3f68f792 bf7cf910 3ef6fa59 3ea96993 bf7e70e4 3eb5ea47 bf27be9b 3d0e4604 bd959f85 bf551f18 3f3f4ed7 bf03e601 3f75b042 bf2dce54 3f0785ab bf3deef6 befbab80 3daae09b 3f0d85fc beb7d9a9 3e96ca78 bf7ed14f bd8123e1 3f07d637 3e199306 befeab78 3f234eac bede7a51 3f418740 bf71a82e 3f774036 3e6251d7 3f73204e bf3b7e29 bf055db4 3ee24b14 bf20ce0b be4b92fb 3dfda1fb bd6cc1d7 bf546739 bf089567 3e045296 3f785060 bf27d634 bf179d9b 3f72a85b bf1ac640 3f676735 bf565f57 bf396e99 3f6abfa5 be1e90cf 3ebc69ae bef3fb1f 3e5ad38f 3e1012d1 3dfca4ea 3df3e619 bf4fe771 3f543ee6 be907a21 3e18d151 be9d3ad8 3dd8dee5 3ed909cb 3e820a8a 3d92643c 3ed99a29 bf2c0df4 3ec01a8d bf658792 3df8e932 bf1a6dd6 3f21b608 bedeabda 3f3f4635 bdcda4d8 3d932217 3f111617 bde5e6b2 3eb9cadf 3eb9fb19 3e0c3157 bebada00 3e643441 3ef64bb6 bf698839 3f55bec9 3f5cf71c bf1f75e3 3d674757 3d5c3bfc bf65dfe5 3e19f449 bf25162a 3f3ad697 
bf4dfe88 3f3e2669 3c5cf411 3edf3abd bf4c7e9c 3f281691 bea2ab07 3f4b364d 3f34f68b bf7bc096 3f2d6e84 bde3e32d 3d4dc0e6 3d0d4013 3f101608 bf0bfe35 bda661eb befc7b55 becc7a39 bef0fc12 bdd6e0ef 3f38365a 3ea25a31 bea0da56 bc3d1be6 3f7b4885 bf3e2e4c beafb99d bf006e04 3f475dfe be9d7a09 bf0d761d 3f0025d3 3e6510c0 bf18f62a 3f4fe6ca 3d9a9f8c bc78f9fd 3f413e5d bf0eaded 3f49decc 3e337225 bef45b93 bf556f2d 3f7a67fa bf0e1d5f 3f4abe86 3e9bea55 be08cf90 befc2b7d 3f398e70 bf626f1a 3f79387f 3ef1ca5c bf6ce7fe 3eb1dabb bf0f2646 3f17d5cd bf6a673d 3f09c59f 3e5cf35f bf3c46a5 bf35868c bef43b47 3f067e4e 3e5df454 3ef52aff bf017628 3f625790 bf1a5ec0 3f564f5f bd2abccf 3f72b7ea bf0a6566 bf57c706 3f5fd728 bea4ba8b 3bc9e741 3d043fd3 bf077606 3edada86 3f5f074b bf7ef94b 3ee6bad7 bf559ecc 3f7f2112 bf436f23 bc0f0df7 3e0c10b1 bdebe3e7 3f407f13 bf6bef6e 3d414520 3f0cee06 be8d18f5 3eb33914 bf738045 bdc61eb1 be3d9491 bebe9bdc 3f1ebe90 be63f292 3eef0b93 3efd7b56 3ee43ad5 bf531ed5 3f4aee52 bf6e5fc6 3e8c3ac5 3e9d29db bf340e11 3dadde20 be46937e bf1fee51 3e862996 3daaa10c be8269ed bd2f4b19 3e60b097 bf7a00f6 bee35ba3 3f2d4e7f 3d989ec9 3e3311c1 3f677f18 be6633b1 3f6f97d4 bf598f3b 
3f728fd5 bf4ecf1d 3e01721e bf158e27 be1f6fb2 3f2cee43 bf51e702 beee2a4d beaf2990 3f2bce7f bebb29c4 3d902199 3e7513ed bf57f702 3e4453b7 bec4fa80 3f32669d 3ddd61a8 3f463674 3dce9fe0 3f1cc683 bf4736dd bf4aee8d 3ef3cbf8 be521266 be51d0d9 3e4472b6 3efadbe3 3f027d2e bf1efe7f 3e8e09d9 3e5e744d bf2ac625 3f08559a bf4786ef 3e89ca4b bec66b22 3e013103 bf6f579b 3f774894 bf605f60 bf004d9f 3f6daf25 3f30c602 bf6126f7 3ea75a77 bf6aff97 3de7265f 3e24f508 bcb67963 be59f215 3f24563a bf56d74f be983a66 3f39aeeb be9cca81 3f528f53 bf217eb2 3f242695 bebe8bb4 be66f311 3f680fc3 3f455f34 3d2e431e 3ddb2172 bea88b9b bf593795 3f1e265f bd123f30 bf1dfe2e 3e677252 bf494693 3d4fc06d 3ea2bc21 3e3fb36a 3e817b5b bf14754b 3f727831 bf77a875 3f56d790 be5c1028 bf1dc618 3ea80a4f 3e531306 3e72f2eb bf2de6da 3f6cefa2 be66b50f bd48c161 be10b2c4 bed14ba7 3f507680 bd1fc060 bf21569b 3dc8217d 3de3e24a 3f3c7eab bd20c373 3f5abf51 bf079e24 3e3ef168 be2812bb bdece0e4 bf4ce6b8 beaf4a45 3f503f27 bf75d868 3f6d771d beed6b4b be831928 3eb7fa06 bd214a17 3eadd93d 3e39d178 3deaa43c be9babdb 3eda5adf bed1bae7 3f213de7 3f6c171f be1612fe be6a9428 bf287e59 be918a7e befe5b06 bf001582 be3250ff 3e369527 
bf4b777e 3f19b636 be4c95c8 3f766f90 3e8d593c bf290637 3f3f2ed5 3efbba9e 3e22d19c bf16c60b 3ea3fbed bf089d6f 3ee60b4e 3ed80adc 3d14c9e4 3eb849ea be5f30bd bf6d600b 3db4a90d bf31e644 bec03a59 3f44d6cf 3f0dad76 bd7e40a6 3e7dd3cc bf55071b 3f4c7ee3 bf757043 bd8ee98e bd0541e5 3cd985dd 3eacc9a7 be3d31e1 3f042da9 bd25cd19 3f116e90 bf3a76d4 3f56b6bd 3d64be16 bf27ae16 3f4f2e7d 3e9f8a48 bf5fbf49 be9c7aaa 3baa40a4 3f06c55b 3f41ae51 bf3a869e 3f25aef9 beff4afd 3e963b12 bed47a1c 3f244eb8 3da362a2 bf0675e6 3e8b892a bf6a4fc4 3e2f1233 3f0e25fd bf306661 3f009d5f bf7e10f0 bf3ba6fc 3e882a5d bf3f166b 3f0b959f 3f64e6c8 bf26ee25 be5db243 3f2e8ea5 be69d56e 3f434f1b bf338e6e 3eca4b44 bf4285e2 3edd5b24 bf04053b 3ba1d936 3e856928 3e4233c9 bf5be6db 3f4f1723 3d374823 bf32166b 3eee7acd be22d470 be9599c9 3d13b505 be971a79 3f6e979d bf301619 3db6611d bece1b8b 3f5cc71e be4bb293 be8a3aa2 bf0fbd3e 3c6d1866 bf75002b 3f25be7b be6c7475 be72d479 3ee9aad3 3ef3aa64 3ecdcbb0 bf06ddf5 3f5cbf38 bf54af41 3f677759 bf13e5e6 3f4b2ee5 bf34ee9f 3ea64995 bec43abf 3d43c1ac be933a04 3f42ef11 bf49c74d be8bb959 bf6ee047 3dcb664f 3ee18bb0 3f6546bc 3e1db3dd 3f09de1f 3f4826c9 beab59d3 3e94a8b5 
3d959dd4 3de5a052 becb59f2 bf0cd567 bf36ee96 3f006621 beda7c00 bebd1b32 be63b37f 3eb6ab88 3ea7fa57 3dc66341 bf0ea608 bd861efb be4d917f bf15fe74 3ed95a81 3f64c7df beac3a54 3f71b04f bd87a272 bf0355f8 be3a8e5c bee7daa6 3e7c93c0 3f25a6e4 bea32ac2 bcb275c8 3f70ef59 bde1a52e bf054e0f 3ecfcb06 bf2efeea 3dab2153 bf4d868e 3f6a3fbe bf6ecf50 3f158e09 becbfa56 3f23af04 bf3026f8 3dbb5dc4 3db89e62 3f7be83a bee0aa4b bded9f6c bf77508c 3f35368f bef62a9b 3d79453c 3f1105ce bf592f35 3f1235bc bf361e07 3f259eaf be13b3a3 3f775053 bdf96367 bf733fef 3f58f70c 3dd9e1f2 3ecd5b8b 3f579703 be5b118a 3f2a6e42 be40b353 bf57267c 3ed0ab6c 3f11365a bf5daed6 3f1ecdf3 bf663764 3f7bf0ae bf019d75 3f02de4a be32b2b4 3f1bb594 bdaa6467 beeffba1 3cb38375 3ea5aa65 3e997a87 bf6ae82e 3f7ffa50 bf1cada1 3f3aaeee bf4bde4c 3f7fd268 be74b318 bf0f3579 3eeecb76 3e9549f9 beebeac8 3cc078a4 be86b90b 3f1cbe41 bd013861 3f5daf1e bebfcc73 3f2f75fa bf18ddea 3f67f665 bf37b696 be6d33f8 be4d11d3 bec0fbc2 3e2d325e bf05d5b3 3e449102 bde9e185 be3df136 bd5e42f7 bda59df8 bdd21fee 3f3896c8 bef5bbae bebcab13 3f40661b 3ef73bd0 3f18063e 3e3bd1f5 bf6fd039 bf0d85df beddfae3 beadf9b6 bf748fbe 3ec2ea96 bda4a134 
