/*
 * @(#)BlueNoiseData2_128 * Copyright © 2026 Werner Randelshofer, Switzerland. MIT License.
 */
3e2771d0 bef49bc1 3f64df88 be4db454 3f724806 bf64676c 3f6a37a9 3ee5ab9b 3f189629 be0b3397 bf0d4d6a 3f09d5d4 bf64ffb6 3f6faf53 bf497eaf bf108e64 3f39e6c2 bd91240c be46f0f8 3d34c32b 3f3256a5 bf736fcc 3f0a3da6 bed39aa1 be8979a1 3edf2a9c 3daf9fcb 3e80a9ad bf66c7a5 3f701f91 bedf5b37 bf72177b 3f6f7fc7 3e80c954 bf7a1898 3f6c4f7c bf47b74f 3e08f282 be963b82 beadca09 be8009a6 3ecdbaa9 bf2a2e3d 3f07d5ac 3ea889e7 be818a47 3e809a03 befccb38 bec17aba 3f6d87eb bedc7acd be2fb254 3f12d577 be07d16e 3f21be34 3f1cb629 be060f27 3ed02ae3 bf15d5c0 bf15cd9e bd4dc19b 3d2e3b70 3f58ef2b bf23fe00 beb31ab8 3e5192ff 3f31b6b7 bedc2bca bf609f3f 3f56c738 bde0a0ee be76944d 3efa8c6a bf5f8745 bc8c88f2 3ec2ea59 3f0f9e04 bded61bc 3e93ea9d 3f5446ca be9d2a39 3ede6acd 3def223e 3f606720 bf351e86 bf36eeb0 3f3ff727 bf75988a 3dfe60b9 bf3ffe5e 3f426eb6 bf3235ff 3f72bfe8 bf4f3707 3ea1bb65 bf41e70f 3f7c707c 3e03f127 3dcba5b4 3f163632 bef6cb02 bf6aff7c 3f067604 bf2e2ea9 3f02adac bef08b31 3f693006 bef2bb14 3f0bbdb1 bf172dec bef8cadb 3f291e95 bf6626f8 be7fd244 3e47f293 be7e15c2 bde26225 3d35c013 bca790ef be64129c bf6d8fc5 3f4b56c5 bf74407b 3f078dce 3f6f17cc bf424f0f 3f7897fc be5732c1 
3f0bfdcd beca5a85 beb45a1d bec30a8a bef6aba2 3e69152d be8469e5 bf233e06 bf50a753 3f554f34 bf3f1e9d 3edbbaac 3ed10a28 bedfeb8d 3e55d32e 3f773827 bf77081f 3ee3db50 be5f3436 3ef3fb13 bf6f9fc0 3f474f03 bce28182 be3fb30d 3f31467f be8c69a7 bdc524f6 be7ed4bf 3f3f3ec3 bf7d48ba 3f3fb6f3 3f2e4e48 bf65d7d5 3d28c5ef 3f64676f bf649fd7 3f755fe8 bf5bd6f3 3f7e90e8 be6bb604 3f5acf21 beca3aee 3d4b4100 bccb9209 bf32cea7 3f7b181d bf020e1b 3f063db0 3ecaca43 bf08fd5e be0a3183 3eb479d0 bf71cfe8 3f1bde67 bf5b8f23 beff9b34 be8f5aa9 3e0070b2 3ec32b92 3d553d00 3f7157b6 bf4e8ef5 3d98a02e bc82886e 3f4a9ece bf2bee57 bf617fa8 3f683789 3ed0daf5 beb08aae bf6c9fc5 3f7cd843 bf109640 3ec48ad9 3e7c12bc bf00ed43 bcdb87fa be205126 bec87a9e bf0d4612 3ecffb2a bf318642 be1bb0c1 bdfbe6b0 bda2a156 3f343677 3e6c533c be1671c7 3f0d25fd 3e08d035 3e0551a8 be939a3f be834a71 3e872a2b bcbc822e 3eb2dafc bf092d7e bf4226f7 3ed23ad9 bf5d5f3b 3ef73b8b 3f53b72b be2410c7 3ef4aab3 be6ab2bc 3e6db3f0 bf3f8ec6 3e9f8ad0 beb41b2c 3f112e39 bc9891e1 3e7f526a 3ed13b4b 3e27d293 be8989fc 3f578ed3 bf2ae644 3f03e5be be28f27e 3ed8fa03 3f523f15 bf30c67f 3f46ef40 beac4a3e bf1e969d 3f2a3679 bf79d053 bde8a26b 
bf44cee3 3f1fb673 3ea43a5f 3edabbd5 3eed1b42 3e1052a7 be337318 3f615f25 3d0abf5a 3de9a25c 3e497239 3df960ef bf579f3c 3f47375e bf256e65 be972a3c 3eb9aac0 bedc5b02 3f1ae5f7 bf772055 3f7b283e bec60ba5 bf4e26dd 3f68e7c8 bf32fedc becf5adb 3ef9bb87 bea9a9f3 3e73735e 3e885851 bf26a655 bea38a91 3f4f4773 bf7db8a5 3efa0b0b bf1745e0 3ebf2aaa 3e2471ca bf451701 3e8949e9 bf65c776 3d7e44f8 3ebedaac 3e463346 3e1b9467 bf521f3d 3e1892c5 be8159ee be8459c5 bd083e0b 3eb22a18 3e83f984 3e9f1a7b be7d9509 3ed96c3e 3f4ee794 3c8c7bca 3dc763b9 bf23be99 3ecf0bb9 bf50b6f9 bdc922f9 3f238e3a bf095de9 bea80a7e 3f2586c6 3f767044 bf455694 bf2b062f 3f73f785 3f03f5dc beb6fa24 be9e191a 3e810ab2 3e71b35a bf17fe1d 3f1e962b be8d19a1 3f6b679d bef91b32 3f5c8f62 befb3bc6 3f7c486e bf5eaf01 3f64f77f bf61f779 bf0915b3 3eab4a60 bea40a70 becafafa 3d5e3ded 3e7174c0 3ed58a40 bf029d64 3f0abdcb bebadb0a 3e85ca00 3f61cf02 becf9a81 3f65ffcb bf2c16a1 be075073 bf47ae84 3e878a89 be8fa9f8 bb0be981 3f1ba5e5 bdb2a30b be4ef1a9 3e7e331d bef9bb96 3dc7a2f7 bf7a5831 3f693f3e bf500697 bd0d44c5 3c72f260 3dd2a3a7 bf0ef5bf bd19c498 bf0cf63a 3d6548d3 be291265 bde46055 3e7bd353 be16f087 3f0115a3 3f010db4 
3eea3c46 bea31a4f bec3ea7f bf034da1 bee79aff bd1e3c7b bf09e608 3f0e5643 bf5e6f8e 3eb17ade bf478eea 3efafb49 3dcbe59a bef4bc38 3f7dc8e6 bf235eb2 3f726748 bf238690 3de9e16b 3f1c561e bf4d5711 3f166e31 3f27a669 bf4f9f1e 3ed5db38 3f04d5e4 3de52346 bc34fe8d befe6c19 bd134c53 3f7f613a bf67878e 3f1bd5da 3ebfca51 be32f3f5 3efb6b61 bf70ef6e 3f6b3fff bebd8af1 3efa5b98 3eeb6b33 3dc261dc be50b4fc bf57d731 3f4e9719 3d7f433d 3f3b8e88 bf0dd5cd 3f28962b bd90a277 bd8be1d3 bf3b4650 bdef620c 3eeedb08 bef55af5 bf35468f 3e72d433 befeeb64 3f6fc767 bf3f36d5 3f0eadc8 3f492e65 bf5a570f 3f0d7db9 3dca62d3 bf245659 bf6ecfd6 3f1b6e67 3eee7b4d bf546757 bf6cf7b2 3f76d000 bece6b0f 3eafdb05 bf503efe 3f6d9f2f be0d9327 bf409eaf 3f0d9e56 bf26163b beacba3d 3ec60b1d bf43c663 3f4c1f70 bf4ea792 3f2d8630 3efccb77 bc9d8b3d bd4cc23e 3ebd9ac8 3e609384 bf672f61 3ee94b0a bee3ba44 3dd2646b bf274e5c 3f343ec9 bf79f02f 3c471914 bec9ca55 3e0092c7 3ee7ca93 3ebf0a25 3e0e721f be1ef17c 3ec84afc bf6be740 3efceb8e bd35418c bed53a7a 3f52deb6 bf15265f 3f5aa782 be9739a0 be30d1fc 3f794ff8 bf2fce7d 3f00bda0 3e1031de 3e6cb298 3e59b353 3e6d32fc 3e39323b be19f0ef 3f488efa bf79304f 3eb9da5f bf569750 
bda9e637 bdcfa3e0 3f0ea5f5 3e9299a8 3f16d645 3dda1f9e 3f030593 bf5e76f3 3f0cad87 3e147156 3f0a0e0e bf19ae2d 3ef96b8b 3cd28de7 bf144607 3e72132f bf7b607c 3f73efce bf4e56e1 3eeceb01 bee84aeb 3d7fc107 bf4cdf2c 3f25262c bd839e77 bf0fadb8 bf1a25fe 3e89f975 3f328e85 bef06b05 bed44b4f 3f5fe79b bf7d58a7 be375381 bedd2b53 3f0cf581 3e9c4a68 bf748fac 3f22f633 beda79ec bf300e85 3ed629f7 be878a5f 3f723f90 bf42fef5 be9b8978 be71731f bdeea4b8 3e63f2da bf363ee8 3f362e7f 3d9f62f4 3f1535f6 bf732fe2 3f4eef18 be5fd431 3f6d6fdc bf796839 3f3c7687 beee1ace 3e959af0 bf64af62 3d053dff 3ed20bc7 bf049dbe 3f7b5879 3f1e45f6 be9afab5 be5f917f 3f379f05 3f5ce751 bf749812 3f193deb be76b4c4 3df5a417 be4071ea be8f69bd 3f45a722 bf4acf41 3f74bfea 3e5832bc bf165dbd 3f7780d8 bf79984d 3f468734 bf05cdb7 be0531b1 bf3c36b3 3f68981f bf62576f 3e383371 3f39468d be9b09e1 3ebd7b84 3e5db200 3f19a64d bf46bf00 3f11fdde 3eb44b2e 3e2b72ae 3e8ae9f3 bf7dd91e 3f19c65d bf704f9b 3f50076d bf27ae31 3f6cd7ac bf45e6f6 3f0c55f5 bd3c4470 bf28f699 3f7347d3 bf1a4649 be92ca27 3f264e46 bf431f1c be13b174 3e53b25e bef81a5c 3d8461f9 bda6a1a8 bf5ea718 3f41ff0f bf668723 bec35acf 3f69f01e bf06a5e3 3f6d57a5 
be3af309 3e98ca52 bf110e23 3c28f583 bf2525ce bf18ce11 3f293e95 be98ea9e 3f459f45 bf77d7d5 be6553a2 3f22ee73 bf5ee74c 3eaa1a8b be0cd2f0 3f52f6ca 3de961a4 bd829fc4 3dcde617 be89f97d 3f4b2699 be73d486 3f2d2eb8 beb71abc be7732f8 3f2ddeb3 3f140677 be50d1f1 bf48fef4 3f749ff6 bf232647 3d4c427e 3ebe3b59 3f670f5a 3cbc74f6 bf2f0662 3c8577a9 3f4a1f33 bf435e71 3f395f21 bd5ec7ce 3e1071c6 be785241 bdb5a3f1 3d9b21d3 3f402684 bf1cd64b 3f6f27c9 bf3a86e8 3f0f05f4 becffbbd be52323e bcae79b2 3eb77b51 bd94a3eb bdba6297 bf140672 3f35ee5b bf30de30 3ebdaac4 be9899df 3f153e31 3efacbac bf455e67 3ee05bc8 bf77a7f6 bf0fc5be 3e996b19 be5c106c befbab47 bf093e46 3f1c6e23 bf5cf72d 3f55df02 bede2b8d 3f1d664c bf298e8c 3f0e3606 be3ed23c bf1ede16 bbda389f 3e943af2 bf394ecd 3f2feeab be9a7995 be6111f6 3f2c66ab 3e743338 bf15063b 3ef64c90 3df7e296 bf71977d 3e875a21 bee3aac9 bec36a57 bde6e5a8 3de3e412 3ec7aa99 bf7d18de 3dab22e4 be82e9aa 3f2bf613 beefbb30 3f063572 bf1a4e3e 3ec37bc4 bf1f463f 3f56b7aa bf682774 3f4046e2 bd20401c bf387697 3c10f57d 3f3fc743 bf7f98d3 3f6a7007 bddf28c0 3f126ddc bf3d76f4 3f3d0ee1 be990a78 3f764002 bf1c8e15 3f596783 3ec50a4b befbdaf7 3c52ebe9 bf21167d 
bf36b6b5 3f66e775 bf4106c2 3f39fef2 3e0af297 3f47b72d bf757033 3e50f2f3 bee57b70 3eba9a62 3ed45b01 be0af1c7 bb9e235f 3f2c3657 bf0d8534 bea7fa17 befd3b72 be6e5480 3f412e69 bf2cd683 be23f1ff bd932187 bf3466c8 3f3de71a beeeeb85 3d8da2d6 bf7e40bf 3f38aecf bd832163 be9e49fd 3ed0aaeb 3e8e2a7d bf60371a bf479f27 3ebf9a50 3d862111 3eb3ea93 bf5daf3f 3f729023 bf7e5861 3f15a5fd bc30fbff becd4aba 3f171e58 bf613744 3e9099c4 3ee0ebda bf7127cd 3f1c7e35 bd0dc46c 3e3e348b be01b2f2 3e13f279 bf59bf38 3efbfb89 bced82ac be8e0a62 3f445edc bf42d6c1 3f35ddf1 bde69f62 bef38bc4 bde2e09a 3e36b296 3e4eb142 3f3ba6ae 3ee87b20 bd61c1fb 3c0ee98e 3f657fad bf11c58c 3f39a6d2 bc04fd5e bef11c06 3cb48384 be3c717a 3f04cddf bf60cf88 3f6a4752 bddce47d 3ed3ab12 bed92ad9 3f322ec6 bee26b63 3e1b52d7 3ea55a5c bf25b5f5 bddc63c6 3f52e703 bf7f8914 3f0c75b1 3ea4ea12 3e43d41d 3f64a794 bf13164e 3f45df01 bf1e363e 3d23bfca 3ea4b9dc 3f42a699 bf7a607e 3f729fcf bf33feca 3ef98b98 3ed2b9f4 bf0b65e0 3f438f2d bf66b79f 3f19b67e bf171e0a 3dc4a27c 3f32a688 3e9e6ac3 bf2f9e96 3f76805c bf7ae845 3eb21af4 bf388e7a 3f4956bf bec2aa2b be7811c1 be5393fa bf08b5cb 3d7dc240 bf1b96ac be23b1ee 3f295675 3f3cb6b9 
3f6c9f9c bf357efd 3ec6cb3f bddb2433 bf1a1dd6 3e09b0de 3dd8642b 3f54af2c bf046db3 3e9a9aab bdb863b0 bf724f7d 3f6da7dd bf544ede 3e213182 3f03cdb6 3ef08b47 3eae0a4d bf4b4e8b 3f2cbe6f 3e053277 bd224673 3f66d746 bf5e0f7f 3f15765d 3dc2242a 3e7a72ec be1750f9 bde3a2de 3f142e4f bf58f784 3d3cbd3e 3f4b1e96 3f4a4754 bf2a3e28 3f013de1 bf27b5fd 3f5356e7 bf7ff9b7 3f65b7e6 bf0d9626 bf04359f 3f76900d bf0e6e10 3f7be09d bf5d279b be90a9b4 3f060d82 bd8fe39c bf3b769f 3ea81ae7 be26f1c7 3f00e5c5 3f534781 bf7de8c5 3f4adef3 be8eca1f bdf8e540 be62731e 3ecaeabe bf5506cb 3f765840 bf08c5ca 3ef55b8a bf7fb8d5 bcc471d9 bf7dd094 3f1e75d0 bf22fe18 3d3b47cf bdcf5f53 bea47a74 be6bd36e 3f0b2d9c 3ebcac1e bf582f07 3f6dd7ff bf353678 3eb72a28 bf6ebfb5 3ec93afa bd8f9dfe bf0a760c 3ede4aa0 bf4a46d9 3f4d7f2b bec26a9e 3e59340a bf135dd8 3f1b4e5b be34d2cb bee1aac8 bee3fb3a bf58e72c 3ef5baab 3daee425 bedc3b16 3f3dd68f bf4eeec5 be3db361 3f259efc bf552ec7 3e10920d be65b1b2 bf3d3ef7 3f23d660 bf088e0c 3f055dc9 3db0e25f 3e8b2aeb be841a1b bea1aa35 bf1a8e50 3e0c1292 be3d1168 3dfa2462 3eea8be6 bf1f9e11 3f434efa bf45ef1a 3ef07b99 3ece7b03 3f451edf bebb9aad 3f143654 3f0d6596 bf70a836 bf463ef1 
bf626f7f 3ec44a16 be8d69e4 3f01c59a bf09dd76 3f237644 bf4536cf bf0b8600 3f178e7b bf29f6c9 3e3b1277 3f6fefc7 befa8c1a be8c9990 3f526710 bf206e03 bf1de625 3e51f169 be8c58fd 3e9e7a42 bef05a4e 3c2f1222 bf188649 3e946a7b be3bd2f7 beda5acc 3ec03a03 be39524b 3e287326 bf34d6d5 3f71776d bdcc2230 bf6d67bf bbbe2269 bf182de7 3f4e8750 bf2b5e5a 3e671255 3f258eac bf3cd6ff 3f4ea733 3e4dd42f be943a93 bf338e83 3b73e782 3f28ee46 3ec6ea46 be5613fb bbf5eb9f 3f260641 bd174231 bd7fbd75 bf785078 be8609d5 3ebc4af2 bdb66309 bf2255ec 3f788fd2 befe7bf7 3f0ce599 bf232e18 3f5b8ed1 bf4656c1 3edd5a4a 3f43d6f7 bdb7a1d9 3f600711 bec19aa1 3e475346 3dbc6185 be439265 3f489eb7 befa2b2b 3e5fb39f bf585f3f 3f7c0850 bf106dfb 3e14d1b4 3e9899e1 3ee36ab4 3d946269 bea46a71 3f10a635 3eb04a43 bdbc20be be82c97b bd8f63db 3f5b6709 bf2365ec 3f0a1df9 bf295ebf 3f45cec6 3f1a7db7 3f181e6b be5bf2ee bf25be2f 3f2d760d beac99e6 3e18b26c 3e869a91 bec8aab2 3e92ca07 3f61d775 bd52c978 3ec82a75 3e1cd203 beb69a41 3cb28878 beb9aa5e bf163e8d 3f63778b bebd7a4a 3f652715 3eaebade beafca13 3e34f38d bd9d2448 3eccea9f bf485efb 3f2b5665 3dda6112 bf752fc4 bf6ca7cb 3f41decf bf7437cf bddba3f5 3f021db6 3f5e8f85 
be31d21e 3f3456db bf73b80f 3f37ae9c be9ecab0 3eca3a48 3e015178 3f5a6709 bf3df67b 3f7e08c1 bf112df1 bec74af4 bd5cc6ec 3f488707 bf4e2f2b 3df6269f 3ebc8a7b 3e42129b 3d8c615d 3de5663d bed88b01 3f68573b be74338d 3ed1db98 3e533571 be11b132 3e37b369 bf112652 3f158dfd 3d97e3c5 be33d208 bee72c07 3f78d862 bd214907 3f3d1685 bf640765 3f407efb be7b933e bf5566db 3f2fd682 bf70df67 bdfae409 3e83c9b2 3f4ed6af bda0e320 bf33a5ef bf1b75e0 3f03ede6 bf5ddf3d 3ea509f1 bf50aef2 3f76f073 3ea4f99c 3f27964a bf29be98 3f2c2e87 be7bf2c4 3e4072b5 bf52ce99 3f2345b9 be4a92f6 be54b3e1 3e30d237 bf00cdbb bec3dbd6 bef7cc67 3e595331 bf0cfdb4 3ed6cbac 3d31c400 be81d962 bda5a4a0 be01509b 3e7db2e0 3e60b3d8 be489233 bf17ce23 3f50577c bf52372b be80b99d bebf7b6f 3f3346d3 bf38461d bf693fb3 3f77081a be9e9972 3e48d3ea bf7ce071 3f1fe692 bf129671 3f30ee92 bf623f81 be9d89a5 bf600f8e 3f0a55ff 3eb4cac9 be47b30b bef62b9b 3f5156dd bf53c730 3f7c68a1 bf705831 befa9ba6 bf44571d 3f1645f6 bf6dff93 3f66f77a bea24a22 3f13fe75 3eec3b1e bf06bd6f bd5c3df5 becb2b42 bf60a73b 3f386e9d bf03d5f4 be551185 be06f1d3 3f443e90 bf6f2000 3e0dd3cf 3f63b753 3f5a6f27 be5b91db 3e8e8995 3f045d61 bf7d608a 3e45531a 
3e0c9432 be07910a 3f07965b bf04fd8e bd51c3aa bb73cfd3 bf6a979a 3e4e947c bed019fb be086fde 3e3fd339 3e1a9251 3e1bd223 bf054da2 3db6e48b 3f39bed6 be8899fb be94f974 be24323d 3ddce4ff be1571e3 3dc46569 bf37767a 3e3fb271 bf66f721 3f5386fe bf1b7df5 3f77c844 bf43474c bd53c1cb be22f1e3 3f59a75b bf67d783 beca0a90 3d1ec239 3d49c1b2 be85ea30 3eb3aaab 3db9a216 3f354e72 be5dd2ba 3f722f73 bf687f90 be81a97f bc5b20c4 3f022d6f 3f1a5dfc be87fa90 3f4dff15 bd12c01a 3e860964 bf7b80ab 3e0a943b bf2cf600 3e4af3d3 be8319d1 bdd2a0f7 3e7fd2c8 3e76d18f bcf18dfe be5eb216 3c7ceaba 3eabd977 3ec1cb1f 3f098dd0 bd39c4a6 3e0fd2a6 bd946215 3e783376 bf14f622 3e70f54f 3ef33b37 bf31263f 3f4ecef4 bf7a0fd8 3f0dee3e 3f557f03 bf7f70fb 3f263697 3f0815f7 3e05d2d9 bede8a93 3f385716 3f0b7e3d beba99aa bf042da8 3f562f4a be2cd381 3f4a2efa bf489edc 3f31c6bb be79d534 3f7a0821 3d99a361 3e7bb3a8 bf7d306b 3f6e679f bf02161a 3ea2ca06 beffdae5 be275182 3f3a2e4f 3f1f961c 3f17c55b be5a7393 3e83dafa be951a96 bcac7a6a bea7ea1b bf307692 3f10b6ac be1f5179 3f79282c be7ab368 3efeab20 be6d34a8 3f6d8fc6 bed83b97 be99dad3 3f62ff56 bef4dc0d bf2c86c5 bf1e5640 beebfae3 3e4ad37c bef87bda 3f710839 bf133664 
3eda4bdd bf2fbe69 be99aa9b 3f71602f bf38668f 3f65d7ea 3e1552fc 3eb1fad4 3ea9ea31 be75739d 3dc3a130 3e9cfa4c bf24967c 3f5e6f77 beb6ca7e bf2d2e0a 3e41f2e4 bec9bb71 3f73a807 bf36969d 3f6cd00c bf446ebf 3f1cee8f 3f62df60 bf188e1b 3f573772 bf531707 bdaaa38a bcc1822e 3f706fe4 bef31b4a bf0bc5d1 3f28268d 3f4676af bf67c7fa 3f7f9123 bf3d0700 3f0e15f7 bf3046b0 bf0535c3 be38d1b0 be559323 3e2e7353 3f256e3b bf392662 3ec39b61 bf161635 be81991e beb2aaf9 bf15dd7f 3f32be49 3f3bd6af bf29fe94 3f71d7ad be68129f 3f0acdc4 beee9ae9 3ef6cabe bf77680a 3f374659 beb8baa1 3f249e4b bf0f6e70 bf5136e9 3d6a3c2b be0992c8 3e61b232 bd7ac27b be8b196d 3f28deb4 bea52a42 be0ff161 3eb48ab3 bf240678 3f52474a bf0f9d91 bf44fe7e 3f25ae32 be1f125e bf40b6b3 3e9b9ade bf05f592 3c967bd1 be97c9bb be98ca05 3f70c7d3 bf5bb74a 3da524e9 bf4f2712 3f261e99 bf39b6dc 3e29d299 befc2c09 bec54b49 3e7b321f 3c6900eb 3d1d4092 bc7702ea be647385 3f630f6e be7b333b bf079df3 bf55ef76 bc9b8ca6 be88aa55 bdaf5f1e 3f1a5671 bf3c66f0 3f501705 3f0b8dc3 bf183615 3e7ad4bb bf7aafe3 3ebd6a8e bea37a1a bf037623 3d253b34 bed27ba3 3ef43b74 bf656fb2 3f571f33 3e3d3361 3f7b2029 3cdc7bd4 3f1e3671 bf1cddd0 3c08f12e 3dfba08c 
be906a08 3f6d1fc5 3e2a1192 bf5e1735 3f4e372c bf7fc11c 3c8a8e7d bf0655b1 bead7ad5 3f32ced6 bf229e1b bebb8a92 3f316eae bf6b5ff3 3f5d9fa2 be06911d 3f105dee 3eacfa32 bf4f2ebf 3eb71ab6 bf73081d 3f79086f bf402697 bf4fb6cf 3f0225e4 bf56e6d7 3ef44b90 3f67df57 bf42bec4 bedc0ab8 3e3a127d 3f2f4e93 bf4a4efe bf16c694 3f7fc901 bf64476a 3ef88c21 bf168648 3f5d4708 3ee85aff 3e3a716a 3e47d32b bf203642 3f5c170e bf377e2c 3f0b960a bf271652 3f5656da 3f39df0e be62d342 bf0ab641 bf30ce2d 3f2285ed bf070ddf bea549bd 3d9b5ff7 bea72a02 3e923974 3eaa9a3c bed21aa0 3ea09990 bf7f7914 3f534f5e 3f0345db 3e90e931 bf038dd3 3cc381d0 bda62104 3edebb1d bf59e752 3f4c8ed0 bf5ceece 3f5b6f22 bec47b12 bdeca471 3f06ae64 3e14937f 3e5d5272 be77145e 3e21d228 3e835888 3f351ec7 bf16fde8 3ed4cb30 3cd58b46 be46d22f bcf98a9f 3ed15b5f 3f2a5684 becbfad6 3f41beab bea44aa6 3f00c5c1 3dbea1b9 bdace1e4 3e913a59 bf11f632 3f277e8f bf24165a bd1ec904 beac1a93 3f5b9f91 3f2bee6c befdbc03 3f3a1ed8 bdf2a1d5 bf0af5aa 3f6e77da bf331661 bf344ea5 3f5caf50 beba1a47 3f38f6eb be0632f5 3d293b7a 3f306ee3 be97aab9 3f056e1f 3e07d0ca bdcde68c be03919c bf0895f7 bf5df75d 3e6ff446 bf7c28d9 3f3a8664 3d9fe472 bec9ea0e 
bd916538 bf411e75 be6994b2 3f152639 bf06d5fa 3f167660 3ee72b09 3d0bbc3e 3eff3b7a bf50ff13 3f58f765 3e8c29bc bdd16398 be49f38c 3cc28137 bd60c337 bf6e2fdf 3e349451 3d1dc7eb 3ed2da99 3f18be96 bf4c5ec8 3f745817 3d41c293 3ea30985 3f006e4d bebdeb1c bf63176e 3f2e6ea9 3e56d37c 3e1c5316 bf2dcf1e 3f2a166d 3ee6fb86 bf58c6f0 3e3c7332 3f0d4d5d be519290 be9e6a89 bf3a9e94 be18542e 3f0005b5 bee99b00 bed82b4a 3ebb1a5d bd624e99 3f716fb1 bf637f3e bf7b4053 3f49f693 3f18fe29 3eba7a93 bf0385f4 3f725839 bf4c16e0 3f61f785 3e2f130f bf51c773 3f3cdeb7 bf34fe84 3f22fe40 3f174646 bf131dd6 bede3a78 3b6c2f3a 3c8e7288 3f77b7f9 bf5c3755 3e12f1f5 3efa1c87 bf13ae15 3f472f1a bf5acf38 3ef27b61 be80f8d7 be255381 bde02597 bede5ba9 3e97ea9b 3e9f59cd bf0bad8d bf4586c0 3f79d7dc bf295695 3f3b1704 bf70e74a 3f6e877b bf61d72e be16901e bf0d15d2 bcef7713 3d95a07f bf34ae94 3f40aeb5 bf76c826 3f3e9742 beac6a18 bdc3e42c 3f2deea1 bed03ae4 3f13264e bf655f94 bea87a81 3f109dfb bf40fec7 3e4053cd 3e7933a1 bf7d686f 3f74e863 be98b931 3e81ba35 bf3056ff 3e4032c0 be66f41f bd7e46f1 be6c3272 3e6d9480 bf6a5820 3ea0a9a2 be1a7384 3e9dea8c 3ee7fb30 3f4c7734 be9c6ae1 3f5ca6f9 be37f2f9 bf226695 3f4a2731 
3ed43a26 3ddd25ab 3f747846 bf78985e 3f631f5c bf3e6f6e bf14262e 3f0dfdcb bf4ce6d0 3f6a17ef bf72efef bedc1a15 3eabba81 3eab79da bf08a5f7 3ee76acf 3f3dce88 be8bea10 bcd382d6 be4d1374 bf348ed9 3e8659d2 bea219a8 be425372 be8dd9df bf577ed8 3f70875a bdd1e14a 3ed88aad bf3ad6db 3db162d8 bc3d292a 3d9a26a7 bf018dc3 3f2d8e3b 3e26d228 bf225e7f bd7b46ef 3f05a594 3f172dba be75b312 be9b2a33 3f3c3e53 3e6ab14a 3c959090 bf0f761b bf666f76 3f43ee53 3f2ffe47 bf2fee44 bf7d0016 3e8299c2 be82fa63 bf03e58e 3f6fbfb5 bf659f73 becf0ad1 3f7b385b bf686769 3f47e687 bf3e568c bf4e367b 3f7b6085 bf0a65a8 3f3446a8 bf3daeeb bead0a4d 3e30324c 3f1625b8 bf73c7cd 3ebe0a90 3e28f3c5 bef9aaa4 3f5d6f1d bf0095e6 3eaf7ae0 bdf7a4f6 3f4d5f0c bf768824 3edc1ab7 be3eb435 3f3996fe be7f5378 bf42566a 3f1d1e43 bf084dbb 3f75381b bf57ef0f 3f70ef62 3f64e751 bf5eef81 3f703786 be3a506a bdc6e54a 3e979ac7 be3771ca be0310c1 3eeaabbd bf77184b 3f27b6e5 bed33b4e 3f297e6d be959a68 3da5623d 3e2dd448 be13d0ff 3f168634 be11f350 3f1aade4 bf4576f2 3f429f20 be970a12 3f48c6e7 bf630f99 3f739824 bf3a0e52 3e900a16 3f2b1661 bed5dac7 3ec69ad5 bf1a7de8 be7c741b bf3336b4 3e2fd2db bf136637 be882953 3f6fffcb bf6d6028 
3f16e632 bf17e64d bf43bf09 3f3d06c6 bf574f69 3f76e7c4 3d38caf9 be301175 3d6845d2 be0ef0c6 3f1d4e72 3f16b5fa bf690f79 3ea01a1a 3ed34a97 bf1a3646 bee09ae3 3ee09b98 bd95deac 3d8f62a1 3f284675 3ece3aad bea26a59 3d384621 3f71b749 be4ad3bb 3e3172ef beab09a1 bf177669 3f6e9f7f bee98bb7 3f6ddfad bf578ee9 3e2891c9 3e33b234 bf706fd6 3f4f9f65 3e357333 bf23c669 be15125c 3ee39ace bebe0a9b 3bee0701 bf688790 3edb7b6b 3ee9fac8 3f5d06f5 be95ea4d bee9cba1 3f44d72c 3f1fae41 3e1df173 3e89595e 3e90aa11 bf4696ea 3f3bbef8 3af83703 3ea8cadb bf68e74b 3f7aeff7 bdda246b 3f528f38 bec089d4 3daaa60f be2832a5 3f61176e bec2fb43 3f06de23 bf55c76f 3f5ddf7d 3db6659a bf41bf06 3f4caed5 bf6d2008 3de2a5f1 3ee9ba20 bf19fdc4 bcd88e61 3ed07b2e be98fa02 3f0fd642 bf7df066 3f584f01 be2a12a9 3f49de9c bf19a5b2 bf0fa5c6 3f2cb6ef bf48df2f bf6c8ffa 3f44c727 bf258e42 bebf8b3a 3f508716 bf7d088b 3f73afb3 bf0d05d3 3e0f7254 3eb34b03 be3b52c2 be569198 bdbee1df 3f2b3e3b bf4b8f05 3f5cdf2a bf777053 3eb52a8a bf4c869a be3bf141 bd02bf00 3e7d7443 bf7027dd 3f0eed73 bee60a79 3f281e2e bede6b10 3e7353eb bc73127c bf2c0e15 3f4faf25 bebb4ae8 3f5db76a 3dd624ee 3e8b19fb 3efe5b4f be5271ec bc630800 be5b1218 
bf7d38fa 3f69dfaf 3e8238b7 3d203970 be14d31c bda163ff becd2b91 3e8e19e6 3efdac18 bf34bee7 be58f2cf beacdb0c 3f707f98 bf570726 3dec23ae 3e3bf262 3e70b2ff bec7cbc3 bd23cca2 3d633d45 bf216e00 bf5fdf59 3f77681b beda3b3b bf2bae5d 3eea9c29 bf575711 3f43beb4 3e971a21 befa0c2f be271077 bea1e97d 3e38712d 3f481ee3 bf46c703 3f656fa1 beaf3a09 be7c13b7 3ecd4ad3 beb029be bdc8a43e 3ed5cbab be8509b8 3f56ff1b be64d2a6 bf41eef2 bdce62b0 bf696736 3f1ad68e bf753fef be96fa12 be44d1a5 bf72e7ea 3f7a27e9 bf2f6e9c 3f339e66 bf78882d 3e828aa0 3f10ee06 bf4cced2 bed75a60 bda923b2 bed73a4b 3f04f61b bf32d6a1 bed86a8b 3ecb7aa3 beac79fd 3cd18925 bd33c5fd bf39eea3 3f7d2853 bf177e45 3f681f5e bed20b61 3da21e41 be0190d3 3e2d542d 3e48b371 bf31bea4 3efe1ba7 beb36a92 3e49f35c bf10fdd5 beb6eb9d 3e209319 3f712fd1 bf187e52 3f3c36dd 3edb2bb3 bd0c469e be1cf2df 3f7ea03b bf707fa3 3f284e4f befacb4c bdb92052 3f1785e1 bf79801a 3f3d570a 3e46538c bf22ae58 3e0a31f8 be5352c0 bd26c34b 3eef6ba9 bd7a42fb 3f24260b 3f4f8f40 bef0ab3b 3eacaa8d 3e0f54c9 3ed6ea7f bed1ea40 bee58a7e 3edb0acf be9ed98c beb4aa09 3f4cff29 bf3f7ef2 bcfa7ea9 3c6f12a4 bf763822 3e836a40 bf689f95 3f375ecd bec44ab7 3ef65b76 
3ee2eb74 bf70c823 3ecb0ad5 bf38bef1 3f72d7ad bf45f6c9 3f7aa888 bf4ae693 be8c08e8 3f397e5f 3eeeeb3f bf63bf60 3f1b8e63 be950afe 3ec8daa1 be365077 3ed4fb15 be8b8b01 3ef34be9 bb5c6151 3f097e0c 3f581f35 bf667f9c 3ed4ab7a 3e5df314 be89aae8 3f72803e bf47bf0c be8de936 3f296699 bc1b04d2 3e56f66d be0ab1f3 bf04f5d6 bd82df31 3e9519d6 bf015d28 3d19bfc0 3ef56add 3d3ebd56 3e3091c8 bebfba79 3e28d3b0 be894a25 bce478eb 3e8a59c9 3f1b0df8 3efbda86 3f19edd9 3e8dcaeb 3eb41ac0 3e62d2b5 3f61b71b bf4ca74d 3dc1e628 3ee86b27 beea4b39 3f072606 bf328e9b 3f5c6f96 3e44f2a9 3f44b707 bf3dceb6 3f28a65b 3f066578 be3d522c 3ec04a90 bedffacc 3f436720 bdbc9f19 3e7791e8 bda8a1dc beb32a73 bf102e20 3f1e8e1d bf1e66ab 3f67bf78 bf0e1dfa bea2ea5c 3f5e578a bf14be5f 3f21e60b beddea65 3f603f89 bdfb61aa 3e8349fd bf454ea4 bea29a30 3e283140 bf4b5f0d 3e42b2b9 3e6a1468 bf66ffa3 3ea61b29 3e05f233 3de4a2e5 3d504136 becbdb2d 3f602f55 bf7bb035 bd2dc24b 3f7eb8d6 bf2daea8 3f7bd887 bf2ea64f 3df0a210 beddb9f3 beee5aed bf19b615 bec7aa36 3f24c692 bf323db7 be8ac9dc 3ed59b59 3ed5fb1d bd43c347 bd4ec73a 3f240e2b bf0ad605 3f0895e9 3d3ac132 be1f323e 3f7ac842 3e863968 3cd67c7b 3eb2ea4f bf662f68 3f43cf0e 
bea2a959 3f2c2632 be1c5439 bea35a35 3ebbaa69 be7f12cf be936b24 3f08bdb2 3de36245 bf227e88 be1c1161 3f588f20 bf7e10ae 3f3dbf11 bec6bb94 beb9da62 bf224e06 3f58178c bf792821 3d133aad bf65df7a 3ea78b07 bf35e660 3f774854 bf085e11 3e999a3e bf6bb798 3f4f6f5a bdb263ee bf1375fc 3e285440 bd2ac390 be2ff1e8 3f4ef68d be3931f8 bd75be4f 3e545326 3e0e9132 bed37b1e bf10bdbf 3f01563b bf1aae40 3f4dc75e bf77503f 3f476f13 be8798fc bf0dc5a7 bf296ef0 bf1c95f6 bf6106c9 3f0be646 bf3d1ee3 bf057dbf 3f6ec7af bf056611 beb7ba9a 3f482f58 bf016dcc 3eab2990 beedabda bf1235ea be8d7908 3eab6a7a bef99a5a bf6edf98 3f6b800b bf5cd717 3eba3a1e bed3cab7 bf339677 3f56cf17 bf7bf0b4 3f71ef83 3f049587 bf2fc6d5 3f08e642 bf50c709 3ececb60 3eb2aa00 beb5ea8f be97b91c 3eabaaf8 bf26e618 3e0eb239 bec12ab3 be0f92a1 3f35c674 3df5610e 3f02e597 bdc4e1e1 3eb3ca44 bf1ba601 3f487eda 3ec1da4e bf5aa748 3bda0343 3eed7ba4 beae8ac2 bea01ade 3f757ff6 be729434 bf2c6e47 3dac64db be4d735b bec64a0a 3f7ba846 be6e13a4 3f305ec3 3eb84a3a 3f11d67e bf0765a2 3e6c32ea 3ee11bd6 3a108529 bf730f87 3e2a7369 bdaba3a6 be03311f befe8b13 3e4c726d bd58c99d be83da69 bebdca42 bf7f3915 3edba9e4 beef2bb3 3f598ee1 bf5e0763 
3f55beab bf5a0718 3f2b76f3 3ec06ac7 bf1c0e77 3e81a95a 3e8adaa5 be867a4e bd9ba6d7 3f068582 beb88b4c bbca2ea1 3f0b6de6 bf682f46 3f1ab612 3f1e1e12 3f17ee13 bf567789 3f5d3f36 3f2c0e45 3d85e1a7 3dfa6262 3f003e02 bf1a561a bf1a9e2f 3f5a2efd be2513a0 bdb35f02 3e064fa6 3f122685 bf2f75e7 3f5b274a bf51df1c bcda8cd3 bcd48db7 bec00a75 3f37ceb6 bf485748 3f7f80de bf024e13 3f4d76e2 be4d919e bdafe7ef 3ec7cb49 bd9a2073 bef13ac8 3f624f88 3ed8ea5e 3f3e3ec3 3f6907be bf21b697 3f614769 bec69a97 be67539a 3ef89afe 3e33d413 bf4e1ebf 3f14ddfb bf1b0e1b 3f56071b 3eaf2a16 bebb2ac5 3f69ff54 be863911 3f364e5b be356f3c be5db3a4 3f5326e9 be904a4c 3f607f3f bf63473b 3f7fd985 bf10a60a bf66672f 3f2dbe71 bcb187ca 3daca23d 3e833a17 bf512eb4 3f31ae60 bee8dbdd 3f4186f6 beff3bc6 3f4bbf79 bf1b2e0d 3f653fb8 bf75c019 3e225253 bf402ed9 3cc0900b 3e09533c 3e991a7d bf0f0679 bee6bb10 3f304eb9 3ed24a89 bf77302e 3f44ff55 bdcba14a bf45c6b2 3e2cf3eb 3f5cd754 bee3cb5a 3f5c67d8 be0b9146 bf517744 3e0c525b bec94a2a bed32aaf be2d51b8 be64f2bb 3f2e0689 bf5a3f26 bdb161e7 3f582723 3ec3da3c bf017636 3e95d990 3f505f46 bf2d06c7 3ea59b3a 3e91ba32 3e8dfa99 3f4abeb1 3eebcb0f bf6a3771 3f523753 beb4dac9 
3eb0faa4 be1111c5 bf4cef57 bd1d466e bc48fcf7 3f35468d bf69378c bd734455 3ede8b25 bf1a6e56 3f30e65d bf448716 3dade3a2 3f620f41 bf5f9766 bf1d9e13 beb0fa30 3ee17b25 bf68ff1d bee9daab be65f378 3dbca335 bf37d6b9 3f53f6d4 3f1d2e44 bf4d1ec5 3f289dbb bf532ef9 3eae6b76 beed6b17 3e56760c be3fd220 3ce388d3 3f7d88dc bf54a6f7 3f5fbf05 bf6f27d1 3e07b243 bd936439 3e125357 beddfb00 bf53b72c 3f7587ea bf3ea6b3 3df9e5b8 3e82bac4 bedacad9 bf3306a0 bea18a05 bf4886a7 3d936678 bea66aa6 3f440f15 bda75ea2 bf55af0c 3f4f0eef bf147de5 3f5a26bd be909ad8 bf40f6a2 3f1d462d bf1c7670 bed36a4e bed0a9ea 3f0885df bf5f9f27 3f160de2 bef32b57 bf42dec0 3f2916c6 beabfa7d be8e39ad bda423c3 3f6c7fc5 be4cb418 bf4fdefa 3f43a70a bf073622 3ec36b45 bd0a4683 3e856a78 bf3b0e98 3f0545da bf184630 3ef84a6d bf414f16 3f15ada3 bdc06069 3f16f63b 3ec3aa84 bf3faed8 3e0df0f2 3e69f39d 3ef23bcf bf27ce1e beabda47 3f39767e bf08cdc3 3e457407 3f650806 bf6eafb8 3e8d0a6f bed7da79 bf62cfa7 3f2c3e06 3e9e4a0b 3dca214a 3e787382 bde86308 3f2d1e8f bef2cbb8 3e3c54a4 be25327c 3f4ca6be bf5e9f4c bf154df9 3f257620 be4692d2 bf633f78 3f7d083d bf4b2ecb bc090d8f bedd9a5c befa4c38 bf4c76f0 3f6f6fd1 bf418ecb be401212 
be968a31 3e920970 3f5b76e5 3eecbade bf15c613 bead59e1 3f14263c 3f4fc6c0 bf5106f0 3ea90a7b be0433b1 3f070608 be5bb415 bf280df1 3f3c8667 3f29ae36 bdd3a219 3f0e2d8d 3e605324 3f2ab676 bd25c53a 3e93d97a 3e58d43d bf215e2c bcbd8d9d bf2e0609 3f0575a7 3f069df6 bf260636 3f68a7ae bf3cb6c0 3f7db073 bf6da7e0 be41544d be6031dc 3ef32b98 be345244 3f719fa3 bf0e0dce bea5ca29 3f2b4e35 3f74c804 bf67ff95 3e93bb0e 3e5b73d6 bd0f3c76 bc4cf476 3f76c055 bec98a36 3f587f7f 3e48f324 bd805d7e bf71780b 3f12160d be0e91f4 3e984ab2 3c7f13c0 bf7f212e 3f6e0f7e be0d7275 bea1ca9c 3ef7eb64 3f6b8f28 be8219fd be25d2be 3eddbada 3cc47d55 bb6c265d 3f414ef9 bf11a59e 3cbe8a9e 3f05ce65 3e7e74a1 bf48cf68 3e777353 3f2cce50 bf43fe8e 3e8fcb03 3e5e71e9 bedefb7b be20f05b 3eb73a7b 3db76160 bf1155ff 3f7bcff2 bf1f0e29 3f16edda beac0aa5 bec9da8b be203086 3e2f535c 3f12ae1e bf358ed8 be325281 3f7f190d bf08d5e6 3ed85b44 becc3a3c be23d139 bf10364b 3f779012 bf32be85 3f5f7f72 3f31d693 befabc02 bf1cc66e 3f17561c bf500f1a 3f5d2765 bf77380e 3f540f33 bf3276d5 3f2ac67a bf6d8799 3f1f7eb3 3ee6ab79 be69f485 be9169e5 3f35f674 bf285ec2 3f06bd96 3ebd49ce 3e375596 3ecc6a5c 3f4276fd bf25766c 3f6967b6 be7e728f 
3f268638 bf63b7c5 beb4ba62 bf6577b3 3f3dde93 3eebdbb7 bf493690 bf57cf43 3f53cf4e beab69d3 bc20fac0 bed8da54 3ef4cbff 3d1f495f bebc1a34 bd976187 bf405eb3 bdd8e294 bf2b563a 3e8c19f9 bf5716c8 3ead8a71 bd876541 be49519f 3f3175ee 3f20566e bf3c3e80 be44f2fe 3eb6bae3 bed70acd 3e22f3a1 bf237665 3f34969b 3ed1ca7e 3e365385 bf067586 bd5dc3a9 bf1bc6a9 3df6a4bc 3f48aeb8 bf6c0f65 bf1e2615 3ec0fa6a 3ed47b63 bf525ed8 3f04c644 bf506e8d 3eac5a7e bedceabc 3e5755bd bf410ed8 3ef7baeb 3ee6bb88 bdaf2179 3ea7fa88 bf61ff8f 3ea99ae6 3f5b0734 bf723794 3ef17b79 3e825ae7 bf238eac bf653fed 3f0355d1 bd054262 beba7ad5 3e46147d bf369e77 3f455f77 bf568f06 3f73d008 bf493e86 bf03f5c5 3f508ef0 bf70f7d0 3ecafa3e 3e17730a bdc4214b be09f1c1 bd21c175 3f46c6b1 bf47974a 3f340e8d bea39b2a be19b242 bf08f595 3f236e6a bf490f07 3f352e6e bd8ca07f 3e46d31d bf72d800 3f7ca7d4 be4592ff bf765fd8 3f15d61a bf2b76c5 3f5eff64 3d77c9f4 3eac8b73 bf347ec7 3ec2daef bf05a617 bf60d728 3f09de23 3e950a72 bf138dae 3f3e4ee1 bf56f782 3f05160e bf006588 3f16fe5a bf301e9e 3f7a201d bf20a69f be88f98b 3ebd0a47 be873a3d 3f3f7e77 bf543f27 3ece5b8e bf252e82 bf06edb1 3e8c796f bf45deff 3d8ee513 bf068618 3e3f3452 
be93c9b0 3f75982f 3db2a15a 3f586ef2 bec67b4e bf35be9b 3f761fcd 3ec1eb13 bd303e17 beaaaa1b 3f4816d6 bf25ee97 3e77d2b4 3d84e407 be26b40f 3e173202 3f28c655 3f3cf641 bed2fac8 3ec96a75 3f052592 bf3feec9 3f32ddec be4e539c bed099f6 bf1d2640 3f1a6e0b 3c4ef849 be27b128 3e683385 bdfb2229 3f387708 bf6b6f43 3d5ec50a bf3e86e0 3f67b7bc bdfce3c7 3f134618 3d30440f bf46ef1d 3f6f97b3 bca18f14 3e7b722c bf1ed5df 3f33c740 beb47b08 3f6177a7 bf53e6b4 3f436f4f bf492eb7 3f114663 bdd8a648 be9349fd bf0add58 3e97a9b5 3e66b310 3e6672e8 bf32e6c2 3e2d1328 3e36743d bf23966c 3f48e670 3f6ef80e bf7ee0de 3f36b720 be847919 3e54d3e1 3ee4eb33 bf6a2792 3f250eaf bee83c02 3e3af2c1 3f14b661 3c9478fd 3f1d5657 bef53bc6 bedbbab8 3f51bf5e bf3e96a5 3f4f6733 bf74701b 3f17e695 bf76df9a 3f39ee8d 3cb57926 3f547ee7 bf56c75e 3f096dd2 3ec43a5a bf43aee3 3e439197 3f3e8709 bf607fcf 3f0ac5bf 3eb7caaf 3ee6db1a be6e71ca bf2c565f 3e32326e bf19e62b 3f4f56d1 be9d5a34 3ecd2b61 3f4d1f32 bf471ec5 3f7e6090 bf1b6e3f 3e6dd253 3d951fe5 3e980984 be4ab204 3e7414e4 be8caa76 bef37b9d 3f629f7a bf27d5d6 3f0ef65f bf1085f8 bf247dfb 3f70dff5 bee2fbd8 3efa2bae 3f58af21 bf28a697 3f2eb6a8 bc511028 3f4b66d4 bf502720 
3dcca36d bf549ed0 bc1eee66 bf04b5c1 bdc7a306 3f439ee0 bf3b26e2 bdc5e158 bf12fe18 3eec5be3 bef1bab5 3f106e32 bd0cbf2b bf1d064d 3f4b367d beb46b0e bf14363a bf3896db 3f44870b bf5e1f6d 3efc3b85 bd84a1f1 be8559d5 3e21f117 3e1dd036 3eef4bb7 beef7bcf 3f009db0 bf26b675 3effac0a bdb51ee4 bf05edaa 3f3cc6d7 be56310e 3f5e5f8a bf3c16a3 3dace2b1 bedcbbce beb42b19 3f4eaf34 bf707793 3f3c8e5c bf68df10 3f63e778 bf722ffc 3f315edf bf7e20a3 3f610fa7 bf2b86b9 3f4086e7 3e38b338 bf640f2e 3f753fff 3df4205a be80da81 3e2291d5 bf0315e8 3e74b31d 3f3ee68f bf4ee779 3f485efc bf44eeee bf1165ed 3f0afdb7 be45b283 beba5b8b 3ed63b13 bf22f665 3f49bede 3e24b43a bf22367f 3f44debb bf461ecc befa1bbe bf1d2e9f 3f48a691 3e9e5b66 bf7b3877 3f7f00bf bf5ab6f3 3edfdab4 bda123fb 3f4336ee bed14b49 bf551ec8 be10f11c 3ec80b02 be998aa1 bf0905ab 3e521362 3f0ec5a2 bf7c308f 3ee75ab0 be7a3381 be91a959 bf711fff 3f26c63f 3f314e60 bf1bee40 3f720f85 bf5bdf0f 3eedbbd9 bf79508e 3ede5b68 bed8aac0 bf29ce69 3d7740aa 3f0aa5df bf5f3f19 3f33064d bf620775 3e279370 3f7ad829 bf199636 bd77c0fc 3e19f205 bea6ca98 3f64572a 3d88a1be 3c917d85 bf026dc8 3e3c120b bf7ec91a 3edd1bab bd8361be beab4a42 bee88af9 3f4d5721 
3dbe228a 3efbab2a be7cd2e3 3f66c710 bf08ee5d 3eadb997 bf1b564b 3f48072d 3ec38b2a bcf088bf bebb7a99 bd1b3e65 bed3db45 3f6c1ffa bf661f6f 3ee44b8e 3e6a71c3 3ef30bd0 be921a25 3e8d39f1 bf36068e 3f2f6e22 befa3bd4 3eb6da0a bf06fe57 3f033df8 bf1a7668 3dbd2437 3f204e1f bf5af7c9 3e48947b bd83ddce 3ea13a35 bf6a476d 3f17be24 bf6cc755 3f60b70e bd9fa43e 3ef54ae4 3c78ff41 bf427ebf 3f6b57b5 bf4c4ec5 3f37c6a5 bd4844ca bea30966 3f29c64f bf439f0c 3f45bf07 bf5dff21 be9919a7 3f7427eb bf6e57dc 3dd6a419 3e41d270 bed8bb02 3f4c879a be779371 bf460ebf 3f2c9e5f bf1af657 3f586712 be7ef2a4 3ef92b55 bf34268c 3f7e78f6 bf468edd 3ef62ba5 beb33b1e bf47f662 3f78309d bf35064b 3e947a18 3f504f13 3f448f49 bf76afb9 be651208 3f71f7b9 bf6f702b 3f14fe68 3db922c0 3c330d49 bf628703 3f1b960c 3f3806d3 3ebaca10 bf4246d5 3f6e3f66 be5a1465 3f25ce63 bf60df4b 3ed7aafe 3f700f8c bf5cc75e 3f4876f7 3f2b266e bf0305b6 bee29be2 3e71122d be0d130a bf0e5dc3 3f6c575f bd59c4d3 bdf6649d 3ef00a40 3f61ff43 be3d7207 bca38f4a be82b9bc 3cd08c06 3f73875a bf27ee3a bf273663 3e9ec9c8 3e8ac972 3e3cf304 bef94a86 3dcfa606 bf7be89d 3f02f5d4 bdd624cf 3f1f4e57 bd7546a1 3f07adec bf3a5eba 3f3bf735 bea62af7 bebd1b26 
bf710ff5 3f28d622 be90c9d2 bf1d8e7b 3eed0bbb becbeac0 3f64ff12 bf667794 be9ee8d8 be78729b 3f790068 be93aa56 3f2afece bf51b71e 3e924aa5 3dffa2fe be663469 3da2e260 bf20d633 3f7627ef bde221ac bdfd68a0 3e61f2fd bcad833f 3e3713e2 bf201648 3f68ef97 bf43874b 3a886cb7 3f180dd8 3eea2b11 bf16066c 3f050d80 be84f948 3f0c65ae be48735a 3f0b9dff bf6defb1 be2070be bdc7273d 3f79c80f bf7007b0 3f4bd797 bf68f72a 3eed6ab4 be90ba68 3e3852d5 3e8db946 bf3eb6f3 3f516ef2 3cf77d8e be93fa7a 3ed83bb9 bf05adc9 3f677f43 bf6e1fd3 3eb90a44 beffcb19 3f6597d4 be8cfa43 bdad224d 3dc5de30 bf02edb2 3ec0ca8b bea5ab4c bbe63317 3e11d16e be333327 3ec5cae8 3ec20b8d bdfc258c bec0f9fa 3f309e7b bf7f68b1 bf62bf99 3f6ae792 3e3532c9 bf36bee3 3f38a704 bea619fd bed2da46 3c01140f 3edd4b1d be73536d bf6b17ad 3db522df 3dc4218d bf13b656 3e58b44e bf32deae 3f514f11 bee47abd bf7c8062 3f0d0e36 becceb41 be94d9ce be5cf438 3f497eff bf4c9f1f 3f507f07 3e82fa9d bf587761 3ea60a3c be40d3a4 beb58afe bf305eb2 be982981 3e3e7349 3f4116b3 bec9aa68 bf484f28 3f48f6dd 3eb069ee 3e4672c4 bf562f53 3d90e21a 3e7a5239 3d5a3972 3f1cde1a 3ddaa15e bd69c652 bf59cf3e 3f1aee70 bf77002e 3f68c012 bf2f7e93 3f4596f2 3ecf4b65 
3f299654 bee6eb08 bddee165 3f22d612 bdcae2e4 befcbbf6 3d7bc28f 3d26c545 3f752804 beb8597c bf0c45f0 be61d21c bedf0abd 3f47ced4 be36b11a be28514f be832974 3bc9cf1d 3f15bdd3 bf70cff8 be233262 3f042daf bf75dffa 3f3d867d bf341f57 3f47ef3b bf111e12 3f6d77bb bea2ca1a bf5faf17 bdde2503 3e28b38a beadead6 3e611267 bef65c49 3e964afa bf4736bf 3f56f719 3eef5b48 beaeeaff bf23f5e5 3f190e54 befc7af3 3f58778c bf5aaf8d 3f64ef6a bf4d0ea3 3c22e946 3f24fdf1 beb99afe 3cec8ab1 bf040dc8 3f48ce9d bf0db5a4 3cc18a36 bcd182ec 3f75d04f bf61c6ca 3d979efd 3cae7ef9 bf091e13 3f761868 bf592f2b 3f274613 bdad6374 3c74fb4a bd8e221a 3de6e3e3 be892a0e bf064587 3ea5ea6e 3e507301 bf1d3659 3f3dff1a 3f0c3dd3 be7d148b bed6cb2e 3ef7ab3d bf29365d 3f1d1600 be2bd0b6 3f3c06e9 bed41c06 3edbdb2b 3ec0ea2a bd97e149 3e997994 3ee71ba3 beb94b77 3f0c8dc7 bf196628 3f414713 3ee2aab2 3d6948a5 3e159310 be9a9a7b 3f4096f2 bf03b5a2 3f169629 bf60ef7a be8c4a83 3f69afa5 bf2da69b 3f29a5f9 3b5c0a71 3efd4b82 3f59d6ef bf717fbb bd65c96a beb80bd7 3f645f8c bf11aeb8 bf00f5cb bdf1a570 3f65877d be7973b7 3ed68a3e bf265673 3dc922c4 bf336eb2 3de16170 3f4a6f3d beed0c2e 3f0f85da be72728d 3d154477 bf5b7f0d be263289 
3ef53bc9 bf2f965b 3f7e208f bf638788 3e0a71e1 3f2f9eae bd6d4240 bee21a96 be802a87 bdeb9f89 3f303e7e 3f11c5ff bea96ae4 3d5dc3ee bf08aded 3f6cbf83 be5bd1ed 3f2416d0 bf65af65 3f6bc769 3e5b32a0 bea6baa0 3f409e93 bec79ab4 3eb3ba42 bd89e481 bf13d5c1 bf1cae56 3f3b8694 3ef13bb1 3f03ada4 bf19d610 3f702f94 bf1b4e6f 3f2f4663 bf0d263a 3f2de6eb beb50938 bf3d663c 3f454ed9 bd6446f8 3e2152b9 bdea2235 beee7b25 3f3e0716 bf1fb647 3eb4a98e 3e6352cf beb3ea4e bf331ec5 3f750fe1 beb6aaed 3d12c761 be0c3072 3f151e7e bf153e47 bf050db6 3eafcae7 3f1c5e94 bf01655e 3f55c736 bf660753 3f16a6c3 bcb68c8f bf4ff6cf 3f1b75cd bde8e07f bebaeae8 3f59b71d be8ffa7d 3ea1cb03 bf20765a 3f62af29 bf5fc717 3e3333ee be5811ac bdeb62b7 3f669738 bf444ea4 3f13d5fd bf1cf61f be901a23 bea3a9b0 becd5a4d 3e9e2a0f bebd0a08 bdd59fb7 bf13a5fa 3e535391 3ee15c18 bf318e6e 3d2f3fd0 bf488ec1 3e1ad200 bebb6a60 3f15f602 bef47b9a bee8ab4e 3ea3ea69 3e8b79bb 3f1c25da bf6267f5 3eddeaa4 beb3aabd 3dbfe2bd bf73381e 3e68f185 bd93e02c 3f0f459c 3f1355b6 bf7a4867 3f466f25 3d664306 3e97daba bf4af6cd 3e07918f bf35ee81 3f4a3f21 bec42b7d 3f34bece 3e4b3318 bf15be13 bda3e618 3e4f7290 bf4236da 3f67e7e4 3f062604 be45742f 
bf6dcf72 3f52868b bf6497ab 3ef1dc32 3d83e1f1 bf62376b 3eb3fa87 3d86e146 3f1925eb bea829e8 bef1ac32 be60b050 3bfe0a5c 3ed3caf6 bee5dae5 3d54bbcf bf4aae67 3e0f10a1 bc8b86d0 3dd6e184 bf51671c 3ebe2c11 bf0145d0 3defa26b bf25d632 3f0ee61c 3ed05a95 3f453ea6 bf4a5697 bf2e46d1 3e2ad24b bed63b8d 3e8739cb bf5b5eea 3f1e7e53 be807968 3e33f3ba bea8ca62 3ed2ebf4 be930a96 bd3b466d be213296 bdcb210e 3f3b36a9 bf4f0f24 bc9f8e5e 3f3ceea2 bf56d71c 3eddca50 3f5a7718 bf76083c 3f1c162e bf118e12 3ea80a3d bebe6a24 3eb4eaaf 3f1fa6a0 beabba6d be95ca04 bf282e3f 3f4d4f20 bf3d6e54 3f068dab bf0eb5d7 3f680785 bd9ce7e8 bec32a29 3ef05bc7 bf526f2a 3efddb62 bf2be618 3f7f4107 bf72100d 3f3fdf1e bf2a5e5a 3f2e261b bebbdaf7 be6c74b2 be1ff0fe 3e1150a3 3d52c60d 3f18466f 3f2b7e28 be199125 3e8f5a62 be92795d 3eeefad0 3eaf8ac5 bdc763df bf10c667 3f03a56e 3f0cdd5c bdf76599 3f1f2e02 bead29a3 3e39139d bea90aed 3f7507f8 bf05d61a be46728b bee35baf 3f01cd94 3e8a699f bf42b6cd 3f56370d 3e9f6a7a be995940 3e8079c3 bf104619 bf5e3f6a 3f72aff1 bf2e5702 be6712a1 3ef1bb76 be97ea25 3f2fe680 3ec109e6 bf11b618 3f1ece11 bf0b55a6 bf47dec2 3f788879 bef33b0f 3f0165e4 3e9c0b06 bf53f6ee bea0e9e9 3e39545b 
3e817a86 3f3216de bf260e31 3f5a9ee4 bf03de60 3f12661f 3e86c994 bf25c6b9 bdca231d 3e05b0c7 3f36d67a bf7457f2 3f76483f bf647790 3f5ab746 bcaf828f 3f06b602 3e36d18e bd956331 be975ab2 3f3f3651 bd54c654 be021103 3f2a3e10 3e8399ad bec409f4 bf37b67f 3d0b3fc0 be4af4a6 3f7497ac 3d29c304 bddf62ac 3e4110f7 3f1a967c bec5ca8d bd2ebf25 be9e0a35 3f189e7d 3e12d16b be9bea69 3e205434 3ea9b9ff 3d0f440d bf420716 3f638fad 3e1cb3b4 bf5b1f69 3e8a29c9 3e97f9dc bf622786 3ea48a5c 3e12718b bc2f03c4 3f217ec0 bf5f56b5 3eeffb6d bf279df8 bd62c232 3f0e8dc6 3f2b6679 bf3d36fb 3eba1bec 3e627125 bea5ba5a be0b72c5 bf2cde81 3ec79bad 3efe3aa5 bef93b79 3f08a5e0 3e01718b bf4c96ef 3e9cca6b 3eaa5ace bea51a3e 3f34de7e bf4d86d4 3f784878 bec27b58 3f19fe05 bec91aa5 bf773ff9 3e1711b5 bf1c6e0c 3e9bda4d bee6db31 3eeddb71 bf2d1eb4 bc9a9392 3f52ff4b bf4f76f9 3e655307 bf4f4f53 3ed78b39 bedfcb54 3e651312 be7113e5 3e79f39d bf22062c 3f63574b 3d8d20ef bf755851 3f61e766 bef8db02 3eb14a59 bf7ea890 3f336ea0 be8429ce 3f03d5ea 3f69b784 bf53bf51 3f5befaf bea4ba85 3d7ac50e bea0fa2b 3e12b3ed bf52d70e 3ef46b11 bf5306ca 3f0cfd6c 3f170608 bec1db55 3df6648b bf0afda1 bd2cc91a 3efebbe9 3e713317 3dfc22e6 
bf76d84f bed71a49 3deda292 bf0005d0 3de3a582 bcaa871d bf27be9f 3f42cea4 3e0b51ec bf3ede98 3ed8ca79 3f3a6689 bf3cdf07 3e932a83 be7d33c7 bf40c692 3ea979d0 bf7c582a 3f601751 bebacb1b 3c1f0a2b bea05a97 3e93aae5 bf2dd68d bec38b3e 3f123dd0 3e8cca9f be197181 3f34863e bf3956ec bf0fce55 3f1a9e09 be2890c6 bf3966d2 3ee0cb68 3d1cc812 3edc4afc bf5786a0 bf021df8 3f58df8e bf1b1661 be703460 3e1d7340 3eb85b1e bf12bdff be919a09 3f4cbec3 3e3d5566 bf2d5df0 3f25d678 3d07c056 bec49b5b be2d70a1 bee2eb3c 3f24e6be 3e7cf346 bf0e4e11 3f678f43 bf35f66a bf3a96e5 3f6f1f68 bf5e2f1b 3f1c3e94 bf19f59e 3f71fff2 3f191e55 bf5f5f27 3e88397e bef51ab8 3e7693c1 bf09fd90 3f6df78b 3e11f35e bf42cf59 3e355416 bf0f35cd 3ea6ca08 becaca63 3dafe45c bf66af8a 3f318ea4 3f5d7f14 be5113f0 3e1bf15a 3eff7ae2 bcc57b20 bed24b90 3ee48b36 ba70e797 be7ad411 3b63f3d2 be2b74da 3f7a1046 beec3b55 3d2a461a 3ee38af0 be21f10a bebeea7a 3f251676 bf73d815 3f32fe84 3e3992a8 bea719e1 bd4c4205 3e6f74a7 3db12767 3e939a07 bf25cdea bd822213 bf74602b 3f1e2e62 bf49b6fc 3ed04b5c be24b250 3efb9b24 bf1bfe72 3f32f685 3e1d92cc 3f3246ba bf3656b7 3eaccb16 bf5d0756 3f494ea9 bcc27663 3e31d37c bdcda530 bf3b963a 3f310ec7 
3f394ed8 3eafea13 3ef4fab1 3ef12c75 bf334e9c 3f60d795 bee25aee 3e27130b be7b52fa 3f2395f6 bf50ef07 bf71c7fb 3f7cffff bec2cb46 3f15c5d6 3d59bfcb 3f031534 3e5dd467 bf2d66a7 3f31565b bf692784 3f6ea796 bf397e87 3f6e1fb6 bdee24ce 3d6d447d bd7048ce be38b1ea bf039d69 3e167313 3f569f08 bef7db0d bf0aae39 3f77dfe1 be7253f4 bebd9a75 3aa743a0 3f73c04e 3db6a4b8 be4b3347 3dbbe32a 3f68b7b5 bf7b9011 3ee61b7a 3e1f90ab 3d11c144 bea579c5 bed07aa7 3ef2db21 bde4a271 be5415c2 3f120df8 3dd9e1af 3f253664 bf73ff7d be08d0a0 3f2bde98 bf3d7e8f 3f2bd6b3 bec5ab71 3f658f14 bf6aa785 3f4f2f10 bf051dda bef22afd bf2e6e20 3f6477a8 bec84aef 3f445713 be7bd3a0 3e0f92c4 beccbafd bf46f6fc 3f4eb6ff 3f30be3c bf190e54 3f7d6050 bf1a3de6 3f149e4a 3f116e20 bf07e57b bf37bed6 3e03b05a 3d3440a8 bf0495c9 be4d334f 3f29b634 bf075603 3ed71af1 bf0d5dfd 3f67f74d bcf78a94 bf5b8701 3df0de98 3efb5bc9 bf533f21 3edb1b1b be2db2f9 3f26ae18 bf1925a7 3e44b437 bf5046da 3f5cb799 bf055dd1 3ebecadd bf1f35fa 3eb25b1a bcf6943d 3f119dd2 3f42d6d1 bf2adecf 3f5c36ee be1271d4 beef3ae7 3eb79af6 3e9e9a39 be9a5a28 bf2f8656 bef36b24 3f01bdbc bf0a8e08 3f2d468a be53b2b5 be1b124b bf17f62b 3f71dfad bede0b1e bd59466c 
bdb1e0e8 bf5ba6d2 bebaa99f bf320646 3f40e6cd bf1a9614 3e9bba40 bc36fb49 bf2ad5f9 3f034d7a 3effdbdc 3f6adf91 beceeb5c bf284650 3ee5bbc7 bf0c65b6 bebbca7b 3ccd90ef 3ee34bae bee1ca84 3f5fb6f7 bf063e43 3e6d53c5 bead8a9e 3e2912bc bf2e9e1a 3ca890bb 3f11f635 3d93a186 3ebe7b0b bf7377f9 3f087609 3f2e4643 bebbaa9e bf136e8b 3f743fb9 bf669fb2 bed129f5 bddca117 be1590ab 3b862a25 bf783837 3f732820 be9cfa83 bf008e0d 3f6d3fcf bf40972e 3f4ae69d bed08af2 3df7660e beeddbc8 3da39f09 bf5d0f3f 3d36c1e8 3f020d9e 3e27b2f2 be2392f6 bef5cb30 3f1deddd 3be1ee91 bf65f6fb 3f64af70 bf685765 3f7c8866 3ed56b70 3d5b4801 be05513e bdd7e16d bf548f47 3f2b0e9d bf1bce3e 3f3f4eb1 3f4ac6ea bf7cc0a5 bf0b0da9 3ef6ab88 bf6c87a9 3eabcaae bf231e4f 3d8de4f2 be6311be 3f7e58a0 bec6ab94 3ea7ca7c bdaae7df 3ea3aa0c bc8e76cf bef0eb6b 3ec019d8 be0bd1bf bf264676 bd88628b 3eec6c63 3f02bd8a bf527eb0 3ec5aa74 3ebcea49 befd9a74 be6ef21e 3e8cea68 3ec7e9b1 3e729412 be8cb9e3 3e21b3ed bd8161b7 3eaaca76 bed46a07 3ee1da6d bf54c724 bf35ff01 3f42ae88 bf62174d bd45469e 3f245eb5 bf194e26 bf49871f 3f667f5d 3e91698e 3f1c95d4 beab89a7 3f272eaf be31737a bf452694 3f698f8d 3e0610fe bf619f5b 3f6bb787 bed90adf 
3f27e650 3f046df2 3f1f660e 3ec2fb0a 3d99e3bc befc5ad6 3e3c3238 3e5032a2 3f130645 bf115e1b bf44d6e2 bf06e610 3ca781a8 3f7e2874 bf39fed7 3ec83ab7 3f0f6646 bf313ec1 3f177e7b bf7a2808 3ed30a72 bf4c66b0 3f5af75a bf4c56f5 3ee46ab6 3f26d5fc 3dd721dc bf3946b4 3c65105a be6a5409 3f18d5f4 bf38c694 be59f328 bf1e4e03 3f7cf86c bed4aa54 3f287e30 3f08c5c8 be881ad8 3f46febd bea99ac0 3f78a051 bf0455da bde4e3f1 3eeecbbb bf665f94 3f0de5e6 3e01d191 bf1b35d8 3f04b5e5 3e91fa07 3e9279ef 3f3e76e4 bec109fe 3e82c9ba bf7aa012 3f4f974e 3d942299 bf0075ac 3e0ef2e3 3ca07332 3eebfb29 be962a59 bee94b2a bf6ee807 3f57072d bf24dec0 3f2a5ecf 3f0e9d8b bf2aee67 3f1cfe96 bf442ed9 bf1e060b 3f634fac 3ea989c8 bdfa693c 3e962a35 3f3ed691 be10b0e8 bdf22474 3efb8c27 bf78903d 3ec8eaa0 beec9bc0 3ed46ad5 bdf1e66c bf239e83 3f74801b bf07f602 3f07860e 3ef36ad4 3db46570 bed81a46 be3cf0b1 3cf38ada 3f27ae25 bf5aef29 3e897a07 3f2bbe5a bf6c6734 3ead7ae0 bf4abebe 3e8e6987 3e1a51d9 bf45b72b 3f635f28 bf0de5cd bd3dc656 3f3ef6f1 3e9f0a73 bc9486f0 bd57bfc5 3f699796 bf7cb0c1 3f63df29 3f5c4705 bf60e7f3 bf134e22 3dcf6492 bef20b0b bf1e6e41 3e888a40 3f245682 bf7e80f2 3f45471a bf26d63e 3f1045ca bf4e672d 
bef68c76 befc0acd be9cca3f bf612727 3e7c74f1 3e431115 3ed16bee bf5f6eed be852a0d 3f17d64b 3f169db0 3f0c5ddb bdd9e334 bf7487df 3f7ee0e3 bf361667 3ed50b23 be8069d5 3ebb59eb 3ab7a216 3f7a17ff bf3fb70c 3f285e1c bd7ec880 bd11c5dd bf395e99 bd3f3dfe 3f0745d5 3eabfb58 bf38b6f4 3f4e6ea7 be77d3a3 3f47bf1d 3f0fc630 bf132e2e bf14edce be8ab9fa bebc8bb0 3e3dd360 bf6d27ad 3e86ea0e beecab87 bef0fb1e 3f512f18 bebf3bab 3f1ea6b9 be7a7330 bf1f4e5a 3f1f066a bdf36561 befb6ae2 bf663f34 3ea0ca3d bf404ef4 3f0ab5e3 3efa9ad0 bf5c974f 3f5a7f09 bf2bd6b2 3ee50ad7 3e56145e bf6d6fcc 3f141de8 3f2d662f 3f18f637 bf44af07 3f23260c bf7dc8ba 3e831a13 bef18b6a 3f6def4e bf25ae88 3f7c90d8 bf11fdd4 bf25f645 3f005df3 bee91a46 bf692fc1 3e4b71e5 3eee2bce bf1ee635 3f595f5b beafbbb2 3efb2b9c bf2e5eb9 3eafb988 3e7c5258 be59d22e beb35a8c be02b38f bf76a7d9 3f372ee1 bf0ffddf 3f7c409d bf4ac719 3e811af0 beccaa8a 3f54a6ed bf7e2909 3f72cfde bee4ab5f 3f51f6e5 be355244 3dede1fc 3eb39a2a bf043de7 3e6c934f 3e10f1ed bec16ae3 bf340736 3ef90b70 bec66bf3 befb9bd4 3e826a65 bee06bfe bf77e894 3f2f761d 3f36cea7 bec8cb2f 3f585ed6 3f41a68b bf50e72d 3ef24b19 be463213 bea3ea6f 3f5ad719 bf52a707 3f64d78d 
3eff2ad9 be5cd1cf 3f233e1a 3f4386f7 be273099 be2a5254 bedd7a64 3f214680 3f278e4e bf681f5a be7db613 bee56a48 3e2232dd 3f2fbe90 bf2a4e98 3c9e8556 be001079 be9c29b9 3e2692f3 bee54bbb bf415eff 3f135e25 bebf9ac1 bf07cdb5 3f4e5697 bea7ca29 3f2cef0b bf7787e9 3ebbeadc 3e4c33ca bf290630 3e3ff46d bf567ed3 bf15e578 3ef50ae2 3f5e775e 3ec65a54 bdb8202f 3bf1f4e3 3f66ff5f be1771e7 3e249209 3f464ec0 bf17060f be8d89d4 be6b53c4 3dc16357 3f337e6e be95ba62 beadb909 3f48b645 3f3c5666 be6d7396 3f6e6f93 bf64efbb 3e818929 3d3f3d24 bf3af6f3 3f59cf2b be7c3294 befcdb20 3f5ea6e6 becf3b69 bf7a902c bdb12378 3e5cb273 bc7b31a7 3ee20c06 3e4e7269 bd433f61 bf506732 3f75180d bf79f7d6 3f182e5c 3dd5e187 3d473e1f 3cf581d1 3f6f5f97 3dfee321 bf6ccf9b 3f0bddae bf250640 3ec16b06 bf08e59e 3f5b9767 bf4f8ece 3f10d64b bf0115fd 3f2ed615 3f137595 3e031212 3df323ce be2c72fd beabc9a6 3f19de6c befd2c41 3f33e6aa bf1aee51 3dec5f0f bd66457c be1e1084 be6a924d be53328d beed1cb9 3f164da5 bf2f5641 3f5046ee bf0985ec 3e0b3131 3f7a8fe1 bf70af76 3f5cc75e 3e299249 3e50b110 3e49b118 3f1ce622 bdd8677f bf3f272c 3dd4e6be bf1865a4 bf55170d 3f57e76b bf495eed 3f227647 3e1a73bb bf58ff27 3f2ae67a bf270e4e 
3f671f84 bf048e07 3e0ab233 bf6fafa6 beb05a4d 3f71afd7 bea10a30 bd842381 bf36c6a6 3eda5b61 3f590f05 bf37261b 3f29e6b3 bf70678b 3f0c15e9 3f1e5620 be5292b2 3f6e579f bf2dbe95 3f69175f 3e9389e5 beb5aac8 3f1bede9 bec56ae3 3f1735f2 bf543712 3f4daed6 bec76a9d 3df9241b 3cff76d1 3e0011e7 3e8919c0 3f12f623 3f38170a bf4136e0 beeb0b2d bf76f7de 3f7d906a bf4fef47 3d91a0f7 bf40867c 3ed84b7f bf3f2ea8 bd2fc028 3f46673a 3e9259e9 be8a390c bf2d6ea9 3f1be665 bf282615 3ea4d9fa bf74280d beac3a9b be315300 3e1693e7 bd86e66c 3ecb9aae 3ea33a56 bf0c6e29 bc0efb3e 3e4732d1 be83eaa1 3eb2b9b1 3ec5db31 3f229657 bf0fb60f 3e893928 bf0cb53b beb4fad5 3f4f4f40 be87a9c6 bd2a4708 bdbd9fea 3ee10b1d bf68ef6b 3f6f87c1 bf6bbf9c bdd4e274 bebe7ae0 3ef0fb04 3f33de8b bf1ab643 3f1a45c0 bf57b7bc 3f7f10bd bf61574d 3f25069b beeeac0b bdf2683f bf6c781d 3e9319e1 bf0e0611 3f36e69b bea92a13 beb75a55 3f24668f bf594f5b 3f137e10 be8c1a7b 3f129611 bed13a8a 3e1c1325 3f3a7e61 be1c738c bcb38776 3ee79bc4 bf7b501e 3f5eafa7 bf5d2f87 3edd8aef bec0cae5 3c34f9aa bf339e10 bded1ef6 3e02318c bf24c624 3dc6a339 3e868a28 3f177591 bc010609 3f40de86 be7d53c8 bd32c21c 3dc3e4a0 bf0dcd68 3f29063c 3e896981 bf4fe6ec 
bf14ddfe 3d8aa409 be369298 3f5e4f99 3ef0ac08 bf68378a 3d7b4652 3eb8cabe 3f1a365d bf5a7fbc 3e7b5259 bca4840f 3e16123d 3d10465d bcb07a50 bf59f6eb be82a879 bf141e43 3e993a88 bf71d835 3f12ee73 bf504f0e 3eeb5ae9 be4312cc be0a5213 be8a6991 3e4452aa be9f7a6b 3f200645 bf7c0064 3f5f2f4c bf77fffe ba977ba8 bf7fe930 3f78c050 3efd0ad8 3ec57a37 befa7b8c 3e892a3c 3d9be24f 3f1505a1 be44b343 3ea6fb3a 3f07c5a7 bf6b7f3c be99e98b 3e2e526b 3ede0b09 be8aaa35 3f643f1a bf380ea3 3f4a06e3 3f1665c2 3e8beaf3 be8279be 3e63741c bf34de6e 3ced802b 3e4e340b 3e019269 3e904a82 be8a5860 bee48b20 3e91d9bc bf6ed769 3e70d539 3ec47a60 be40f0b5 3f302ed4 bf5ec737 3e8e99c3 3f14c604 bf6a1fc2 3f46aeeb be5572a5 bec55b55 3f0a85fe 3e89b9b3 be0df220 3df0623b bf785fbb 3d003e4a 3f2ede0e bdf3dcfd bf4e06c6 3f763828 bf5abf3c 3f461ebe 3e32d493 3f09c5fe be29d2d1 3f06c635 bf6fbfed 3f73079b be0b11da be4fb52f 3e4233e9 3e4df316 3bc62a24 bf4daeba 3f7d8031 beff6c6a bf181e09 3f029db0 bf7e0887 3f3f8ece 3d444188 be39f325 3f3686bc bf705fcf 3f2c468c 3ea91aa6 3e03904e 3efcdb53 bf288670 3f63a782 bebdfb36 3cac87a9 bef66af9 be49d32a bd8ce1a7 bf0a0dd6 3f661fb5 bf408ee2 3f76dff7 bf7eb09c 3d10c144 3f09b681 
3e960aed 3ec30a2f bdbfde39 bf1e2e48 beb939a7 3f12b633 3e65f33a bf1345c8 bee27ada 3f682f7e bec249c6 bf226ea3 3f42b691 bf43e6fa 3f69375f 3da0222d 3f6d0f96 3e832978 3e882a15 3e78124f be5753d7 3ed359b5 3d1a3bb0 bf0cae00 3f3f0e84 3e89e984 be9d7aa3 3d9ea216 bddda317 3f032641 becb7b76 3eb98b04 3e66f297 3f5bc703 bf70981c bf4e3f14 3f33ce6f bf00bd9f 3f3c7e10 bf426f25 3e0ed305 bc7d047e bf4a7eea 3f0bc5cf beb18ace 3f70afed be555354 3e38951b bf7c8805 3e9edb10 bebfdb2d 3e6cd219 bf785805 bef76a95 3e9ab9ed 3e9289f9 beb43b59 3f7ef909 bf3fde80 3da7613f bebafa76 3e1b71ba 3f0835de bed38a4b 3f58cf80 bc867a0c bf3c46bd 3f3f56ea bf6aefc7 3f5f4eee bf696f86 3e8a1939 3e1f32cb bdb56289 be9ff9cc 3f65af97 bf4d06ed 3dfde34d 3d84258f be24d2ad 3f6b47ca bd023cdb bf326e4c 3d85a27a 3f53bec6 bf3e5e94 3f4fe702 bf5e96fd be862a3e be8248c0 3e3ef412 be2b919c 3ea79ace bef79b5e bef09ae4 3f417ebc bee9eb8d beccca54 3eb669a1 3e8ababb bf791818 3f7f68e4 beeb2ad0 3ef82a6e 3f20662c bf556f41 3e2c92a5 be8a19b4 be677592 3f3a9715 bed00ad0 bf6ea76f 3eb35aff be1871c6 3e804965 bf254df1 3f78504d bf6fc7bb 3f7337d8 bee7cb17 3f2a0e97 bf04463c 3ed01b31 bf50dee5 3f0fae03 bab7a562 3ebf89d6 bf052df6 
be6352b8 be4f7322 bdbf600b 3f7d10ab bf2a0613 3f07edd3 bf2dc6bf 3f161e65 3ea93ac6 bf2e8e96 3e7672d3 3f542709 bf243605 3e06329a bf0e7dca be9a0942 bf084601 bf1c9d89 bf0aa5d0 3f3f872b bf754fa3 3f5f573e bf7227de 3f7c505d bf2b9665 bf2e765e 3f7cb022 bf19161c 3edb3adb bf4a9f1f 3e995a82 3e9529e5 bf44c73a bec68b53 3f76afe5 3ea68a46 be8839f5 bf0bb5ce 3eb94a3c bd70bfe0 be71b39d 3ea51b08 3f14bda3 bf3de6fe 3f37569c bf5c4fb9 beac8963 3dfca42e 3f6cffa9 be4132e5 3e5bd35d 3d3dc905 3eef3bb1 3f6f2f91 bf1ece34 bd503f6d 3eb7ab5a bf3ceeb7 3c58f843 3f425e77 bf02357a 3ee55b8e 3cab90ce bf54d6ef 3ed19a8a bf24665d 3f7fd192 bf702feb 3f3966f7 be73f433 3f580f2c bf163643 3ef2caa1 bf5fa724 3f760029 bf6d9803 3e1cf2c3 3ebdbaad bedcfb64 3e5813b8 bf3da67c 3f121e21 bee8cac1 3f60ef30 bf7f8109 3e97ca93 bf148f01 3f45870c 3e687219 3edc3afc bf744fd9 3f136da8 bf058dcc 3f6a27ef 3dc622e9 bf244615 3f6607ac bdcc6159 be97d9d9 3f229e7b bd16bb65 be1391f7 baf897b3 bebe8ab9 bf1ce620 3f33be84 3dcc611c 3e0752f7 3e46f339 bf71e797 3f7960b2 3edeca6e bd154500 bf2b463c 3f356679 bec33b82 bf2a8e15 3f56873a be955ac1 bdb0e1ce 3dd96473 bc22fce4 3e23f17d 3e7c33b3 3db1e264 bf5d47cb 3ed2c9a6 3da8a49e 
3ecf7ae8 3e559308 bf240e79 3cb87730 3db62532 bd9522a3 beb1ca42 3f26a649 bf7db08c 3f2cfe34 be17b085 bf0b1e08 3c8183c9 3f41c6b8 3ebe4a87 bc6d0876 3f26fe40 3ee65b68 3f1d3609 bf4e9ee3 3f62f7ba bf523f0e 3f1285db beb0aaa0 3d263e86 3f29f687 bf4f66ee 3e39d36c bdb2239d 3f611f1a bf0185e9 bead39e3 3f7da0a9 be954a0c beb13b2c bf1bd684 3f23dd8f 3f28e698 bf2ac67a 3ea39b00 3f144e18 bf6a7f70 3effbb9a becc6b24 3e5c3412 3e121241 3f6947b3 bf4076bf bdfca1b0 bf03ce0d 3e2c733f be89e99f bf0d35fb be907a6a 3df8a478 bdc22278 bd5acb7e 3e8f1a27 3e88196a bee4bb20 3e9aeadb bf365e7f 3c8991b8 3f2d0694 3d5f46e9 be8afa67 bd85227e 3dfaa34e 3c571bcc bf5966d3 3e67d32e bf3e2efa 3f32eea6 3eb08a90 bf1d3e8f 3ee21b16 3f0ccdc6 bf2216a8 3e315329 3f3d4e9d bf611fa3 3ee32ae3 3e8599ff bf538ec2 3f599723 be8bcadb 3f7b77ed bf66177d bed7ec10 3ea17987 3e7f3285 3f1825c8 bf0ae593 bf1dae58 3ea3c9f1 bce076f5 bf77dfff 3f340692 be92e95f bf5a6761 3f16ce53 bf35c69b 3f7fc13a be9f4a6f 3f5f876d bf509776 3ddb24cc bf18be30 3f27de2c 3e2f339d bf3fcece bef50bcf 3f2a861e be31f3d5 bcca7edb 3eec7b93 3f08ce29 bf56bf21 3e7ab675 becd8b29 3e9fea89 bf22a5f2 3eb60ac9 bf1d1de9 3e6af306 3f2c6e62 be32319d bebf6af0 
bed4ebf8 bdd42408 3f75f01d bed35bbc be85c9a4 3f63ef05 beefcb73 bc32e4d8 3ea52a57 3e259232 bf11cdca 3f4fff5d be8e8a33 bf23163a bf3deeb8 3e86d8f0 be72f1f9 bf5f7f49 3ed52b68 bf36dedc 3f54f6bf bf3ba673 3f6ac77d bf61eefb 3f3e66e2 bee23b02 3ee5fc01 3eccfa85 befa6c62 bf1fd64d 3f1a65c7 3ca9836f bf40a6c9 3efb3b34 3e679317 3e9d6a72 bf0aed77 bf350e64 3f2d16ca bee36add bef1ec33 3f264652 bf4316c4 3f62b761 bf15fdd9 be1af27d beedfb8c 3f10ce4b be1fb1f5 3f460ed3 be72139e 3ee9dbc8 3eccca71 bda86133 3e275127 3e40d208 3d4cc59d be4dd190 bd87a192 bee8bb0b 3f002567 3f1eae19 be89d9dc 3dba6101 bf598f12 3f6a6770 beae2a28 3ed49a44 bd9fe4fc 3f102659 3ebeaa39 3eb81a5d beb23a62 bf53a6ec 3f79d038 bf21f65b bf2a16c5 3f7838a8 bf5ef73f 3e4832d5 3ead2a79 3c937d81 becefa75 3e5ef3f0 bd104a06 bea93a67 bf191e20 3eadea24 3f2305ff bf189e4e be9bfa0a bf171666 3ed94b53 3f60af42 bf58df1d 3f4cd736 3f2ad680 bf515717 3f46a718 3ef0cbad be6f72e0 3edc2c5a bf49777d be986ad0 3e81d98d be9dea4d 3f313ea7 3d96a33e bf362eb2 3e8eb97a 3f111e4a 3dfc639b bf304e63 3f55ef51 bf56b73c be839964 bed17ac9 3f64bf7e bf025dd5 3f668f4d be941a2d 3ef21b11 bcb98cc5 3e9cbb58 bead49ce be9e7a02 be84ca9b 3f233685 
3ef47bf2 be803991 bf67a786 3f50b6ef bec589fe bf02b5d5 3e785565 3e9a49cf bf66efa8 3ed11ba8 3e2db3be bef67cbf 3ee27b6a 3ed7bade 3f54774b 3da3e4e4 bf18c663 3f7ec12f bedddbde 3efcbb47 be8e59a5 bd00c048 be884a43 3e1f7314 3d80a185 bf421ebd 3e5854fd bf510f62 3f7cbffd be00b375 3de2e46c bea1da16 3f6367d9 bf35deb8 be8999f3 3e91198e 3da1a20f 3f48d719 bee41b73 3dee22bf 3f4936c3 bf29ee9d 3f76fff5 bf719fc4 3ed18b0e 3f1fee24 bf33e64e 3f368e66 bf5ecf3e 3d896121 be966a39 bf0be652 3e9ca9db bf196e3f 3f0f8d88 bf4b06d8 3e62b3c3 bea4e9e0 3f30f678 3e725433 bf26be2c bdcaa295 bf4ab74d 3f78f018 bee45ab1 3f00fdb8 bf51aee8 becb9aba 3e8489d5 bf31fe62 beccdaf2 be88898b 3df463b3 3f5a1f88 bf6cb777 3f771040 bdd46172 3c8d6c4d 3ae85268 3e2d7387 bf1a1602 3e64920d be4332ee 3f78b851 bf5caf1e 3f6e8002 be777227 3f308688 bf614f52 3f406e77 3ea2899e 3f0d8e51 bef07b00 be6b3287 bd0b42a3 beb7db7a bf3ade8d 3f20b67e bf7c4042 3dd4262e beb01a4c 3e25f2e5 3e9188e3 3f3f6f02 bf49bed4 3f270dfa bf74dffd 3f1855fd 3b7c2ec5 3e04f258 bf6db76c 3f7dc096 bf0d8dd3 be029224 3f188e05 3f237e39 becfdaa2 bdae5f8c 3ca48035 bf183e23 be73b354 be3271fd bdd82143 be938a1e 3f4056b8 be861a2d 3f404e5a bf678fdb 
bde62331 3f5fdf43 be85f925 3e886a18 bdc825b4 3f2b5e91 beb9ba04 bbb620a4 3f3c5ebb be5a926d bec0ba35 3eeacb74 bee40adf bed87c84 bf5fb759 3caf9099 3f0e7db8 be4b5323 bed4bb63 3f05ee04 bf45ceae 3f4216a9 3e1ef11c be89ba44 3e0570a6 3f4766da 3e986ab6 be1812a8 bd614632 be7534f3 3b99fd13 be2a9138 be977a4f 3e80392e 3f15ee31 bf3a5699 3e96f9a7 bf6e7faa 3f0c2605 be7af1f7 bf2946b3 3ebe1b5f bf4ed7b1 3f60c7d1 bf65cf1a 3f5bf72b bf669732 3f36569a be84a94b 3f4656f3 beb37b74 3f77201f bf2a0e6a 3f09361f be449535 3d513e49 3f347621 be089103 bf434e95 3eb13b66 be8d39fb 3f7dd84b 3d8ca1f6 3e2730bb bf69b72f 3f32c73c 3e75d336 3f5a36bd bcfb7e9a 3e345396 3f71e7af bf00852c 3f43de95 bf6ae7a3 3edafb46 beea1c38 bec0aac8 3f1615fe bf17a654 3f1c2dd8 be2c5162 3f0065c5 bed69b4c bf0d65b4 be8eb9e6 3f10f5d1 bf4fff1d 3e4a531d bf341660 3f027dc3 bf7d408c be7552da 3ec73b08 bed79a85 3f5b0f0d 3e50d2d8 3d81a1d2 3f043d99 3e35f1e6 3e8f29b0 bec7eb69 3f1df682 bf74b7c4 3e3cb29a be835900 3f34ae5a bf113dfd 3f083dd7 bf5ed780 3f558767 bea6f9d8 bef60ac0 3f30762f be27f188 beefdb4b bf0cc590 3f6fa7af bf6e3fdb 3f521719 be0cf2ac 3f60df60 be4ff346 3f11adf3 bf1bae37 3e79b42f bf6a7788 3edf5b43 3d02c1a4 
bf0d6e16 be8dfa44 3cf27aa6 be247134 beec7baf 3ece6aaa bf45bf33 3ee57bb2 bf2bb61f be1d7177 3f123601 be8579be bcf8803c 3f437e67 3f65f742 bf0fe658 bca28774 bece5a40 3ef10a78 beaddaf6 3ed42add be9109d0 bf513eac 3f775855 bf64b7d9 be791199 bf542741 3f776030 bf42f6cc 3f08ede3 bb2ba6cd 3ee56a73 bd74c4fb 3d55c44f bf1c169c 3f23fe34 be6af620 3f418e80 bee13b4b 3e8da9fd 3f06e5b9 3dc36462 be06b132 3f1aa5ff bf2c5ec9 bd6f4cab 3e8eca35 bb13c693 bf1d0df9 bc0d104e 3cb6771b bf679fea 3f72185c bf3f9f14 3e92e95b 3df4a4b7 bf752811 3ecfcb03 3e937ae4 bdade0f7 3e3db5cf bf385712 bf22b65d 3e8c3a9b 3f5e275e bf7bf86d bebc7a1a bf0725b4 bea9fa97 bf198e80 3eb64ad9 bf3aee60 3b2c0d4a be051167 3e6173a1 3f46e6ab bf2bce93 3f1f0e37 bf4396e0 3f2e866d bf75e7fe 3ea95aa9 3d704513 3f5076cd 3eee3b15 bf3086e5 3e9a5a9b 3f14adb0 3ec31a71 be2f330d 3f19f628 3e5531c1 3e42d0df bd4b3c59 bef26a96 bf1c5608 3ead19b9 bf4006b3 be6f320b 3d9e230f 3f242e41 bf6cdfcf 3f3f469e 3e032f94 bf28b648 3f18e609 bf4e6edf 3f596f6a be9ad982 bdf9a56a 3f2e5669 bd9a62ad beb1aa71 3e20b12f 3f165e51 bf0a2dc2 3e0cd19d 3e0b937f 3e9d097b bf7627da 3e62122c bf40ded6 3d68bf14 3eadcab1 3e2ef331 3f18ce4e bed48a2b 3e8b3987 
3e83aa17 3d97638e 3d593c5c 3e73145c 3eef1b22 bf27e642 3f74d003 3e2c339c bec4ea73 3f7c1065 bf17959d bc938a32 3ebd1ab6 bf5396b9 bf62ff49 3f45d68a 3dae9fd7 bd6fbfe4 3f0465b9 bf4636b6 3f333dfb beb0ca7f 3f594fab bf440f28 3f50ff1e 3f04edbe be35b302 3e8409bf bf06cdfa 3f439730 bf7bcf95 be4272d4 3e6e92c2 bf032d93 3f7ae829 bf4a2706 3ea3d95d bf356eec 3f231e4a bf7317fe 3ea7aa3a bf4356bc 3f05bdf0 bf2df6c3 3f29ce0e 3f07e5ba bf36a662 3eb97a79 3f215627 bf23b6a3 3f7ff113 bee0aaed 3ea83a68 bece8b1f 3f0e4de5 bf2dfe9e 3f7b5066 be74f46f be65d3ee 3e51b37c bed1faca 3f56a7a1 3f420ec8 bf59875f be54d3c1 3f400695 3f298667 bb862709 3f40766e 3f42ff0b bf6f2f7d 3f66cfb2 3eaaaaf3 3e9fca66 bef74be0 bf5a4f12 3f7e3883 bf284ec3 3f037d9e be8089ad 3f001592 3cf17fd4 bf1e5dc7 bee43b4f bf3f469e 3f5aef2d be9cab03 bf610f76 3e86fa6f bf3be68e 3eaa2a2f bf270663 bedb5a40 3f20f64d be6171ca 3f73c7ee be63f470 3ea239dd 3f038e10 bf2fde6e be967a43 3f400e8e bf1f6e43 3f1cf620 bca580cb be60d372 3f34c6c9 bf754821 3f1f8e35 befddb00 bf0cce1e 3e16b191 3ed70b28 bf72f7bf 3f37a701 bcbe871a 3ecb3b0a bf77a01e 3e8998f9 3e23320d 3f0ed5ba be31b0e5 3f60976a bf71efc1 bf0cd585 3efaeba2 bf4fa6d2 3f21a5f9 
3e19919d bf0395b8 3f2f85d4 bf73e828 3e59d2a5 3e05921e bf0eae07 bf474ee7 3f553748 bf316f10 bf33865f 3f746801 bf288e65 3f156606 3f6386f2 bf78e03a 3e7954ff beb20b2a 3df26398 bda4e4f9 bcab87ca bee49ac6 3e629387 bd093a62 bf31765b bdeee632 3e4cf310 be83697b 3ed90b09 bed80bd0 3efc1b5a 3f398ec9 bed42af6 3ee58b94 bf390e72 3e3f7369 3f1475ed bf0bbd89 3ec35b21 3f25be24 bef4cb89 3f3f1ee3 be3f92aa be04d245 bc1910ca bf7ea08a 3f52c6f6 bf6c0761 3ecc0b54 be1bf425 beeb5af9 3dd664b3 3e3774c0 bf17bda8 3f7af872 bf6f5005 3f2d9e38 bf725862 3f223643 be905a33 3e953a3e bf585728 bec90b02 3f764fbd becf8a3b beb95a72 bf4eaf0a 3eaf5a9b bf660f51 bf3eeee1 3f6a8fe7 bf234e8a bf6196f0 be56b367 3f26ce95 3f218e25 bf72784a 3eea0b54 3cfb7b92 bf18f612 3ed51c47 bef54af6 3f5df754 3f1185a9 3e7012d1 bf0bd612 3f63cf6f be0831ba 3ec54a3c 3e8a08dd be43f3a6 3f449678 3e481354 bf1d6e40 3ef42aad bf7e0042 3da363af bea74ac1 3ebe9a39 3ddfe2ba 3ea73b66 beb07b28 bd6a3fd1 bf4df698 3e95ab87 bd89a034 bed6db38 3f208658 becfba53 3f56d73f 3e12914e 3d4bbfa0 be35f25f 3f467ec1 bf695f83 be999a3d 3d9fa029 3f0b3dfc 3ed29a70 bf089e15 3c12f159 bea739e6 bf0d5608 3f740fe9 3f0985ff bf12c609 3f736fe7 bf58ef57 
3f7e1893 bf53571b 3f0aadec bebe9a6a 3f432e4f bf2d0ec0 3f6a8776 3f0d55d9 bf4ba6a2 3f573f2c 3f168ddb 3d25bc47 bf3c0e0c 3f01a611 bf53d740 3f4996f6 be609269 3e930b2a be0e32a5 bd80a214 3f54df39 bf47fe41 3f44af03 bf1ddde2 3f6f4f8a bd99e232 bf0155c3 3ebbfa8f beacf9f7 3bd1e628 be4bf38b bee64a5c bf307e7a 3f76d891 be9298a9 3ec3fb8b bf6757b8 3f800000 bf3e8eb1 bf18e5d7 3f224e74 bf49defd 3ebe5b69 bc889114 3ecbdab7 3e9a39ab 3ee30a42 3dcce4ef be8da9da bd8de429 3f650feb bf6f003a 3f7ad040 bed0bb39 be945a36 3e3053c0 bd3ac5ce 3e3a950f 3ec5e9e9 bf57ff11 3f6a7f68 bd80e35e 3ebb3ad1 bf63d7a3 3f0f95fb 3f0d9610 bba23dd9 3e91e8fc 3e6a34a5 3f76a827 bf558761 3f295e9c 3f756f5f 3de4270c bf406e8e bdbb21ab 3eea7aa8 be44342c be28b287 3f546ecc bf5a2f2a 3f052dce bf4e0f36 bf2db688 3f117ddb bf1c65fe bec99af8 3e94ca5f bf3aa6a2 3f3776fb bf69cf36 3d7843d5 bef01c17 3f5cf741 bf50d72e 3f68c7c6 3ebb29e2 be2ab1a1 bf681763 3f31bee6 bf7b47fb 3f50c701 3e1ab2c7 3f5c7f1e 3d4e46fb be88c91e 3f0a35aa bed0cb35 bdb6223a bf045d87 be99bae5 3ea3597b bf66472c 3f244dbe 3d8ce141 3f28ff0d bda06349 bf3afe3c bd384450 befb7af7 3f468f0b bcba90da 3e9c8a37 bf1dc654 bf218696 3eadaa5c be9a6b02 be52b465 
bf34863e 3e8f7a08 3eba4b01 bef30b8f 3e2f725b bd29c2a6 bf73905d 3ef66ae7 bf0e75f9 bca8811c bf675f61 bec89ae4 3f68cfb1 bd79c1d1 bf13fd9b 3e265303 3baa1283 bed59b64 3f1b9e24 bf0a05c1 bed5fabe 3f3b3ea5 bf4bb6a7 3f2f5694 bf5c0797 3f01d5ec bdba21fa 3f0cd5b6 beda9af7 3f4baedb beedeb81 3f5496ed 3f14ce04 bf511f42 beb039e0 3f07be15 3c05081d bee66acc 3edd2c13 3f2c4e78 bf1585bb 3f07cdf5 bed23a41 3e3ab25c be705161 bf67078f bdf0e4d0 bf0b762c 3f78e03d beef9a8b be1331ed 3db2e070 beba3ab9 be33f2a4 3f3ca70d be99cb60 3ee04ad8 bf6dd7d1 3f4c16cc bf173dec 3eeb3c02 bf6f1001 3f57675c bca09149 bd87e1f0 bf7c1085 3f526f67 bf1c3640 bc12fc67 bf1cb5e9 3eb0db8b bf2af662 bf726803 3f01ad75 bcd28993 3ea70a69 bf1ec6a7 3f4b0edf bf763005 3eba2abc 3e139317 3da7e30c 3f360e3e be22328d bd5743ad 3f77a012 bebb5b28 3f0fa5f7 be259335 bedcdadb 3f4e673d 3b13dcb4 bd861ff3 bec0da82 3f2c7e73 bf4ad717 bf100e35 3f64475f 3e49d393 3cad7e37 3e908a03 beaf0aa1 bf5e868c bed99ac4 beb1fa10 bd6c41d3 3e915941 bf0f4e43 3f6c678b 3d7445fb 3d94a3ac 3e9faa30 3ecb4aea bedfdb76 bf1bf660 3eb76a71 bf1e7e56 3f13be3a 3f1f461a 3e32926c beb9cadd bebf1a8c 3ecc4ab4 bd962372 3f665f2f be976a4a 3df2a044 3eae7a9f 
3f27be74 3c987d7a bf5fcf22 3f7b987d bf4e869f 3f26561f 3efadc0e bf01e584 3f5a3fa3 bc808a5a 3f40a6db 3f071d96 bf4e7f4d 3dcee1d2 3f298e0c 3e6cf4c0 bf0b6dd5 3f4b76ed bf78705d 3f798016 beaea9fa 3e1952d2 be1531ec bc818869 3eb16b40 bf2c9efc 3edd6c0b bf31d631 be60f37d 3e619196 bf1d75f0 3d98632f bf7aefdc 3f3fcecd 3f3cd6ca bf79b010 3ee91ab6 3d01c047 bd8ee26b bf44272c 3f1cd651 beaf5b41 3f026d71 bf643f21 3f6fe014 3ed21aea 3f77a881 bf0945f5 3e89c9cb bf5f36e1 3f3ffef6 3d7cc08e bd92e123 3f30ce34 bf393ea6 bf14c632 3f6d5f36 bf4aeed6 3f423e47 bf0a9635 3e123194 3d83a4b8 bdbfa120 bf3c26e9 3f592702 3dd162a8 be75d35f beeccb60 3f7ab087 bf030de9 3eedab80 3f195660 3f2a0673 bf589f79 3f1a3df6 bea3ca70 3e7ed487 bed98b3c 3f51af51 be81c9ec bf0cdd9c 3d9aa84a bf3cbea4 3f711fb5 bf38cecb bf197613 3ea039d5 bf10ee0c 3e96ea2f 3eb8f9e2 bf09d54b bd8ae160 3f296e41 bef77b46 bdede2f3 3f40673b be15efed be6611d4 beffebb0 3e65d356 bf0e8e14 3f4b86a0 3f41e746 3eb83ad3 3f016da2 3e25b1c6 bf193651 3f542f80 bf748001 bcc77a4d 3e6f127a bf6db01c 3ec70a8b 3b89e98c 3f4e06d7 bf581779 3f780091 bf3196a3 be5aeff1 bf4d3683 3f6c87b9 bf0135b0 3eca1a65 bf30366c 3e59f2b7 bf79c821 3f7c189d bf6fb74a 
bf6747d7 3f795839 bf289e84 3f3d66b8 bf606729 3f4a3740 bf7c605d 3e5312e4 bebcca77 be9d096c bf3a3692 3dcd62f6 3ccf87b5 be2b5190 be585386 bf320e9d 3ee90acc bf082e3e 3f5f5fb6 bf4f176f 3e898a16 bbea112d bd04c18e 3ee9aba1 bf2ddeb6 3f7797ed becfeb3e 3ec2ca9a 3f428e9c bf012d77 3f1bbe3e bd7dc611 3f4afef9 bf33de98 be5a50de 3d32441e 3eb28a59 bf07edd4 3ed41b74 3ea7da35 bebfcb70 be1090fc 3e42f42b 3f27fe55 bf494707 bf1355e8 bf35aecb 3cd78347 3e54318c 3f220e41 bef88b41 bd45c04b be944a22 bedbeb40 3f3a1701 3e073209 bdb722fe 3e07f14e be0233a5 be34f302 3f6d178a bee59b66 3ddba1cb 3f5f1fcc bf78f034 3e55b3a4 3e934a48 3f259689 bf7d1076 3f37668b bf359ea9 bee4da34 beb7eb62 3f567f33 bf5d5796 3ecb1a35 be6fd4aa 3ea25ac7 bf452ea9 3ea62a99 3f257dba bdbce502 3eae1a9d bf5b1761 3f37be58 3ee1ca21 be8f7a1c 3f388716 bf757801 3f5bd726 bf6f47ac 3f20dec6 bf7f48e9 3f4c3f5e bc8a78da bf24e624 3e9f798e 3e21135d bd8b2232 3e9769ff 3e443433 bf48d78c bf343f50 be51335d bf54bf01 3e945b2a 3e992a7f bf464711 3f647f87 beac2a06 3e40f30f 3f1cc653 bee75b68 be3c9100 3e34b278 bee86bb3 3f0ade14 bf00fd8b 3f293651 3db361cf 3e998aaa bf098d98 3f378641 befb8b45 3f1945e7 3f0185e4 bf4a771d 3f54e752 
3ddb6546 bf2996df 3ebf3ae9 bd9722b9 3e63b471 bf002d88 3ec8fa87 3f4d06df befe5b55 3f44a690 3e96bb1b be51d424 3e84992b 3ef7db40 be6a3363 3f24be87 3ed48b8e be30f20d bf52975a 3f6fcfc7 bf0c9d99 3e9e19bf bebecadf be85399b 3f07ddfc bf4b46a6 3e977a90 bf17868e bd47c1f6 bf2f5e60 3f3c26a6 bf683f23 3e20732b 3d62416d bd71bdef 3f3716bf bf6c1797 3f4de739 bf1225fd be92aa99 3f5c1f53 be90e9d0 beaa19ee bf18de29 3f3b6e3f 3e64f2e8 3f686789 3e5a3433 bf364635 3e8899cb bf3c5e66 3f4ba76e 3e66d2a0 3e31b2f6 bf24a69f 3eeeab14 bf5c3f36 3e917a01 3e88d9cd bed68b96 befb4bff beae1a28 3ee5cb89 bf7a0063 3f4416e1 be72d38c bf0bf5a4 bec7fb63 3f10de1e bf157e7d 3f68af7f be1bd06d 3e3210ff be917a81 3ea12ad7 3e8af96f beffbb4f 3f21de4f bda9a631 bdd023c2 bf1d7e36 3ec33b01 bed1bbad 3f61c7b8 bf48972d 3e74d231 bf2e1665 3f04bda7 be7f343d bd22c797 3f043566 3e2ed269 3ef22cd9 bf3bd6a6 3e53d332 be1f716c 3f3fa6a4 bf5dc71e 3f41cf19 bedb2a92 be499338 3f7187dd 3eb40a3c 3e9059ea 3f7a7076 bf7f0154 3f147de7 bd866686 3e8eeac2 bf0055ab 3ea31a76 bf4ef6a0 3f63474c bee89b97 3de92545 3eb2cae5 bf1eb61b 3e571382 3ead5a09 bf2c2ed2 3e02d1bb befb0c23 3ecc5a8b be8659bc be92ba5f bde1e493 bd7c4755 3ea2eac4 
bd1f472d 3f5ae6d8 be8209a4 bf24ce24 3f0b161d 3e8b89df bf19066f be1a1145 bf29e692 3f23e5ee bf7cb83f 3f248659 bf109e09 bef5fae9 3ec76b27 bf26ce57 bf72a822 3f66bf8f bce38be3 3ea19a86 bf368673 3f1905d6 3e906a94 be96e994 3ee33b28 becf7af3 3f1155a8 3e2d91c9 3e6c1213 3ea21a6a be71d50e 3ec02afe beff4b90 3f70cf81 bf2bf653 bdbc6173 3ea0eacb beee4b87 3f1c8e2d 3e14125f bf7b2020 3ec18c18 3f4206eb 3c978e8d 3dd7e3d4 bed47b1a bf5f0f5c 3d9ba2a0 bddde47a 3ea06a24 3f3466ec bf54e750 beb5cb91 3eb11a05 bd9b2109 bdf3a25c 3f5ba723 be5e126b bea8996c 3f22be26 3ef3aaca 3ee8db10 be3e32a6 3ed98aa2 beb81b92 3f23bde4 bd42c8dc 3f4e7ecd befc3bda 3eb42b15 bf2cbf36 3f0105cf bd94e3a7 3e958a06 bf7d98be 3f31fec7 be8c88c4 bf1a6617 3f145e42 3c9a7835 3ee03a8c bf61e7c9 3f3e36d1 bf0415d7 be8129e1 3f66476b bf4eb739 3f499eb1 bf1555ec 3eff4b52 bf652ee4 3d27c678 bf4b36ef 3f7db91e 3d233ee6 bdd923eb bf22be6a 3dfda1b8 3e0cb26d bf30ee19 3f3fd6c7 bf7ed922 be5b724a be958a88 bf367683 3f649f5f be8f09db bf129dcb 3e6233c2 bedf4b0b 3f7fa971 bf53fef7 3f18a5e0 becb6adc 3e9daa8a bf073dc0 3f7c5885 bf216692 bdb7dddf bd7bc3c5 3ec8aa2c 3f21360b bf14b611 3e9c7a28 3ebfda70 bee65bcc 3f389e97 bf79104b 
3e64d3d7 bf7747aa 3eeb4ad9 3dad6392 3e539498 bf491efd 3f58370e bd86a205 3f35ce4e bf06663c 3e1f13b5 3efcfbb2 bee67c4b 3f67ef30 bef52c3d 3f566edf 3f03ddf3 bec2bb6f beaab883 be2c9144 3efcabff bec39b70 bf255de5 3f4a674c bf689751 3f57779b bedbfba1 bf20e633 3da6e127 3de66829 bf265e6a 3f3d5e5f bce78d19 bf581fa6 3f0e95aa be913a20 3eb15aab bd05c1f7 beb82a82 be8fbb0b 3f569723 be1f90d6 bf7b2800 3dc7e2d8 bf20fe34 3f1b065c 3ebc7ad9 3e5a93a1 3f01261b bf379e1b bf0a7dcc 3f72b7f5 bdece1a5 bc5328ac 3ddd6158 bd7d3c3a bf330eb1 3e3c95ae 3d47c8ca be9b39d4 bf71b819 3d75474d bf2e1ea2 3f2fb6db bf3fe6b3 bd882304 be58737d bf00a56b 3a986509 3e3a5410 bdcb61bb bc44ef4a bf7a9819 3f4c5f02 3f0c1ddc bf44df28 3f1dd66c 3eb69a71 bef7bbc0 bf337e89 3f45165e 3e6593ea be1011ba be4f12e1 3f253e6d bf3d4ed1 3f2e0ec3 beb6da90 be7cf37e 3f21cdeb be12f20b 3f079db8 3ed74afa bf250dc4 bf3e4eab 3f6b17a5 3e81fb04 3ec40a8e bec3bb43 3f662734 bf1e0eb2 3f4c6ee8 bdd325f8 3f333681 3dce26b9 bf44772b 3f07fdef 3dff2126 3f0f15ae be6332bf be20139d beab391b 3f130e5b bf59af29 3f62d79c bec61aaf bf30be33 3f5da738 beb9fba9 3f57b714 bf595736 be92d9e6 be36d308 3eb9ba79 bf000d84 3ed54b47 bee2bb06 3f695fbc 
be2b319b 3e2c1406 3e99aa83 3e1652e8 bf656773 3f6ee7a9 bf3b2ee5 3e4150da bf2e369f 3f2bfe60 beb90afd bf0c5d9f 3f623791 bf5f8f73 bdd7619b bd143f00 bf7a0853 3f68778e bf04bdc7 3f75c827 bf6a0fa9 3f5e673b bcd789d5 bdf0a44f 3eb58bbf bf52df1c 3f00a5e4 3eddfbb1 3d9d223a bebcbaf0 3f36ae79 bf651761 3e9aab17 3d40410c 3f1ed653 bea36af1 bdd9a027 bdea63af 3e9b6a50 3ef5ebbf bed8eb9d be92fa8e 3f4dded7 3f2aedf4 bda56293 3ef39b07 bf5f679c bcb7814d bf34ce87 3f402ed3 3e7ef297 bf1ef643 3e15b29a be9cda48 3ec8caf0 bec0ea9b 3f7da872 bedf9b96 3e55529b 3e96aa93 3f209e37 3effcb8c be1d134a 3ed39b40 bea04aba 3f7a3fba bf06de12 3f748fd9 beb83b4a 3e8cda06 be341281 3f1e3dc4 3f148619 bf3ae6a1 bf027d86 3f4bc766 bf58b6f2 3d00baaf 3ee839d4 3efb4be2 bf150e16 bf1c061e 3e17f251 3eeb7af0 bf0e9dde 3f019df6 bf645f80 3f39d61e becb0af3 3de8a232 bf031dcf 3e9c6a82 bf336629 3f4a7eb6 3ef9ab18 bf6247a5 beba2a88 bef16a05 3e9b1b44 bf508f2d 3f00ae01 bf3bc6a8 3ec87a4a bf7b7840 3e9bcb24 3f23ce27 bf257de9 bc0adf45 becd1a4a bed5ab8d 3f36de3a 3e7cd29f bea3fa9b 3eab8abb bed76b61 3e3351ab 3f32767a bf4b6f28 3e665289 bf2abe7b 3eb99b34 3eee5b1b 3f226e2f bf35a643 3e3d952f 3e8e5a1b bf26364c beb25a59 
3ec9ba19 bc410bea bf18fdfe beb8a9b5 3f616708 3d65c3c3 bef9cb74 3f2dc5d1 bebefaf4 bdfaa417 3f589724 be723214 bf23a6b1 3f46bf29 3cfa7c40 3eca6b2a becd9ade 3f380e6d bf3a1657 3e6c72a1 bf05b5c4 3ed1eb35 bf6bdf6a 3f37f6eb bef84ba4 3f7297eb beda4b5e bf200e63 3f02b62b beea5b10 3eef9ae7 beb00a06 3f42f6ea bf007dc4 bf0f5d9c 3db5a1ec 3dc19fef 3eaa7aa1 be8eea63 bf4adea3 3d74ccef 3f3f66a1 bf5be752 bf218e46 be952b92 be8e29db 3e75120c 3f6edf32 bef96cb0 3f1fce0f bf73a815 3f5ef783 be4eb469 3efecbd0 bf665793 3f2bce4c bf4f46bf 3d16c363 3e75b384 bf540e8f 3ceb9955 bf4f86d7 3ecf9b5b bf42ae9f 3f16560f bf56af53 3e565201 bf118656 3d9da309 bd48c46a be81b962 bf3d0f22 3e8a49ba bcf28713 3f3586ac bf446710 3f6a3f9e bf36d5cf 3eb9fb20 bf6b87d8 3f4c2ef7 3ec7fae3 3e529184 bee03b27 bec18a73 3f50674d befc6a59 3f6f07a4 bf6ef7bb 3f620764 bf0dfe39 3efe8b7b bf40568d 3ed12ac4 bf0715f9 3f0c9dd9 3f619f0c bde963e1 3f0c35aa be8e4988 3f319663 bf21ae5c 3f63f7a7 bdda63c4 3e96cb17 bf381e76 3f07f629 3de7a1ac 3d53439c 3f5f478a bf720886 bf06adee 3ef1fae2 be1a31a8 3ec15a36 bf13ee49 3d8c1fbc 3b95fc9c 3ed1bae6 3dfb62a6 3e7d1385 bf43d6fc bf2a7de0 3f5b3745 bec21b55 bd6e468a 3f7ac055 bb3c4173 
3d3e3eda be6cf38c 3f6e37e8 3e0a5097 bea089b8 bf63c714 3f5ebf50 bf2676cd 3f6b2f61 bf12f675 bf467ef0 3f05e55b 3ec89aea bebd6a7a bebd4a18 3d4a3cf9 3f0b0de0 bf289664 bd16412a 3f47468e bebc3b74 3ecf2abd 3ec78ac1 bed54b87 3cf68341 bf1be651 3d922657 3f7027e2 bf668f53 3ef97c2e be57f37e 3e10d1f9 bf6c7f8f 3f696fdf bd4a3ba8 3ef91aba bd8ea221 bf4916c4 3f2a76c3 3f3a8eb1 3e987938 bf62ef69 3f2c8ea1 3f041e36 3f267de9 3d9ca189 3c170698 bf7c381e 3f191612 bf4776ca 3f162e5a bea95b56 bf44170e 3f183de7 ba107f95 3efe4bed bf2afe4b 3f7e5086 bee68aea 3f01e582 3e816ad6 bc838399 3f188577 be5ed392 3e0a1087 bc28f6ca 3ee28a1d 3ebaba06 beb5ba42 3e9aca77 3f1095ee 3ed17a91 bf3e26c8 3e8e098b bc9c87b6 bef57b2c 3f641fee bf3c5687 3f218649 be5792d0 3e9a0a5b bf72c823 3bb21345 3e82d9a9 3f03c61b be926a25 bee00a2d be1cd2bd bdbf2285 3e92a9f8 bea63a08 3f206df6 3eba6a39 be9faa36 bda3a11d bea9cac5 bec4aacf bf5526e2 3f25fe72 bf52b6db 3ebcdabd bdbd60b3 bf175629 3e2bf2d3 bf209e0a 3f5b572b bf5a1761 3f184e27 bf1535af becf1b95 3f55f6e4 3ec6aa2d 3d30c73b bf694f90 3f53d6c1 bf0995cc 3f794843 bf7bc06e 3ed8dacb bf4f5efe 3ed64b24 3ddca0bf 3f68f7a5 bf7fa11c 3f59df85 bf390644 bee5fb45 bf0515dc 
be9c7b0a bdf02481 bf1a0e67 be51f39c bc8d7eb6 3f5b5f1b be19334c be9b4903 bee08b61 3f0b35ce 3f127ea5 bde92379 bf42c6f6 3f26b61a be62f2e9 3e940a8f bf6e9746 3f1c4df0 3eb93a5d bf3f96ea 3e0250c0 be9dda19 bf152df8 3f306678 bde123ce 3f4f7723 bec8daf1 bf291673 3f609f81 be885ad1 bea8b904 3ec55a20 3f27c6ba bf73efeb 3eaafab7 bf2c4e3f 3da72020 3f5faefe bf69a71e bef85b09 bf2eb64c 3f7d587d bf14d650 bedfbbbb beb29a3d bf33c6a5 3f45e689 be58323f 3f357657 bf037d91 3f1b564a bdd72034 3f7ee948 bef43b47 bf184e80 3d563fe2 3eeafb92 beefab08 bf302df5 3f3ec6e6 bf39d6b0 3ecb8a9a bf164663 be0bf0cf 3f654f5d bf6d7838 3e4b90be bf40d6e2 3f3f1662 bf01b5d5 bf5edec5 3e73f303 3f7c1fde bf671fd5 3f5406c7 bf695799 3e29f203 bea9ea24 3f04fd97 bebbba16 bdec24ad 3f13a648 3d6b4848 3d6446a2 bf559692 3e3791ff 3f185dec 3e8008d1 bd24c257 3cc68ad0 be9e293f bf1a8621 be42b35f 3d5fc133 3f49a6a6 be707284 3f175e5c 3f087e52 bea76ad8 3e7095a3 bda2e3a1 3eac3abb be2e7204 3f76f81e bf0ebdf9 3f674713 bf5056f3 3f0295b1 be9c8a41 3f0c0db8 bf3dd6ae bf37af08 3f6b97c6 be9c3a3d 3f0a7d5e bf49f70b 3dc5a14c bc710866 3f3396cc bdc964bc be3732fc 3e0491ad bf535f11 3f67a7e1 bf75f840 3f618772 3eb82ae1 3f4476b9 
3ebb8a5c 3f74e004 bea88af0 3f3c0e9d 3d42c041 bf2d3e5f 3d7640c5 bba637c2 3f1ede28 bea34a58 bf7697c1 3f43aed3 bef3dbdf 3f369e88 bef95be6 3e907978 3ee0fb19 3c9b80df bf12ee77 3c63062f 3f517ea4 be71339c 3f7de0fb bf74f03a 3ce68b90 bf389ed0 3f1e16a3 3e84da76 bf366e58 3ea07a0a 3e949ba3 bf069dca bd9adecd 3e2cd373 3ec28a33 3e14b174 bece1bbe 3cd98703 3e90da50 3f3c4e27 3f192e74 bf75a837 3f6be7a5 bed7ba9a 3f7c2804 be26d30d 3ed67b15 bf6057ad 3e773308 bd183c78 be948a11 beef8b28 bf3c9ecf 3e8b09c7 3f7097c5 bebd2b59 bf272663 3f6e97c1 3e0bb1a4 be12d181 be5050f9 bdfd2616 3f280e54 bed5cb3b befc1b9d 3e88ea7b 3f5ec76c bf33ce7f 3eee9b15 bd50c886 3f659f3f bf230eaa bf1ffe5e 3e34d309 3d1fbf9f 3f0ca538 3f25c66d bf3ee6ad 3f0d2e4e bf553f0c 3f5bff0e beaa4a83 befcaaf9 3ec67af1 3ea82a2b 3e4291d4 bf22264a be4b7184 be27917d 3dcfe5ad 3f0b4daa 3eaf6a05 3eeaeae1 bf29c63c bd84df08 bed3ba61 bd06c5ac bf0fed8c 3d6bc34d 3f2ee698 bf6b473a 3ec0daa0 becd0ad6 be49727b bf312e94 bbde1ad5 bdf622e6 3f1c1e2d bf1b8de7 3f4176c6 be0bb290 3f4bef18 bf700feb 3d78c105 be2af2c4 3ed0bb35 3ebae9c5 be9bc90f bf2f8e80 3d53bbaf 3eb8ea8c be3092d2 3e775454 bedb9b49 3f40bee0 bf398ea1 bea869b2 bf60f766 
bf3f669b bf346e8c be9259b3 3d3fc636 bf3cce82 3f1a15ef bd8aa5a7 3f0d3585 bf6c47a7 3edd9c07 3ee8ab6f be23708b 3e763218 bf11957f 3d524957 3d0a43ae bedadaef beb6099c 3f4fd746 3e135207 bf2686c7 beb52a17 bf17264b 3f4a1678 3e7194d2 3ef5ab4e bf7a3043 3f584722 bf314e74 3f456ed1 bf73a027 3f7ec912 bf1dce2d 3ee81b93 bf69e783 3edceb0a 3f224665 bf16a651 be920a92 be9b5a4a bf367ebf 3f3ebef1 bf42e728 3edbeaec bf297652 3d484822 bef34b16 3f4c3713 be1a92ae be8d99fe 3efabbee 3f0a1567 3f561ed9 bed66b2d bf3f56db 3eea1acf 3f154df6 bf78b834 3e6432d7 be6ff197 3f1f1e62 3e2a521d bee7fb1e 3ed4497d 3f1dbe1d bf03c5dd beb72b2e 3e91990d bb2418e4 bf4046bd 3eb4d9e0 3de0a47f 3f00edf4 3f0485b6 bf4ecee8 bf001df9 beaf1a7a 3de86043 3e4c510d 3e8d49b4 bebb19e7 3d4649bb bd36434f 3ef71bc7 bf7b7016 3ef03b8c bd443e4b 3ee29aad 3e3011a6 beaa99bb be277148 beaffa7f bef0dbed 3f590688 be04b1b0 bcde7e80 3f53ff0b bece7a2a 3ed40b88 bf75c81a 3f4cdf38 3ddfa4a3 bd992140 3eb1da7c 3f53af36 3ebfeb78 bef35b9f 3e5a1394 bee6fa79 becdaaa8 bdef2494 3bade034 3e8199f8 3f310679 bed74b58 be8bf9dc be261232 3bba16b1 3f3b2e52 3eecdb0c bf5a9f46 3e681421 3ee64b1e be8d2a5c bd68447d 3ce77de6 3f0f2dab 3f4ad703 
3f500f10 3ee31b2f 3f718f89 bf00e5b0 3f5096ce 3d879c4f bf16be25 be09b0be 3e72327e bbaa218a be037209 beda8a00 3eb26b56 bd8e6514 3eeb1c0b beca1b33 3f1a25ed 3dd0a465 bef4eb72 bf0ea606 3f0da59e 3f535f09 3e00d05b beb65a4a bf66d742 3f023da4 3e2f9517 bf12d581 3f632f48 bf5b7783 3f548f24 bf2fd66c 3e2fb432 3f03b574 bd98e373 be3112ae bf6767cd 3f2545e5 3f3afec6 bebedaa5 3f72e005 bf4f06f7 3f7cf04d bf541780 3f7fb9d5 bee9bc0a 3f2a6e1e bf30f6ce 3de32634 3ed26af5 be9d3a16 bf57471e bf001595 3dd461fd 3f355ed8 bf32468f 3d98e1a8 bc750fbd 3ef0dabe bee7eac8 3da5e3f5 bf545f10 3e675442 be8e69ab bdbea291 bee4fb99 3f7fa13c bf5a3734 3f2e2e61 3d4f4715 be33b2b6 be9479ad bee1fa90 be9159df 3f163e0e 3f2cae56 3d82609f 3eb37ad9 bf5256e6 3f3e8ed4 bf7fd8f1 3f4f5eb3 3d023501 bf0c55d0 3ecebb18 3eeb8c52 bf7dc04a 3f31cecb bf498eb0 3f5806f3 bf697fdc 3f64078e 3d72416c bf46ceb7 3f2ade25 beb87b4a bef0cb22 3daf1fb1 3e4bd27c 3eb5db09 be4b924a bf117dcf 3ea6d929 befd8b50 bf09a5a0 bf5adf29 3f3c66dc bf075e05 3f43f6a1 3f60371a bf4beeff 3f172644 bf64f7a8 beacaa4d 3ecaba93 3e84b9c8 bd743c5b 3ec72a1c bf6feffa bf371e77 3f7a787b beb28ad8 bf04a596 3ed559cf bf01edf2 3f2ef661 bf44bec1 bed5bafb 
bf220e72 bf734fbe be57b2c4 bf26c63d 3e4f1359 bf532715 3f7277d5 bea56b01 3f3cae6e bf6777a1 3f746fd4 bf480799 3f5e2f8a bf6dc7ae 3f36f6d9 bf1efdf7 3ecc9b44 bf4336b3 3f7d50c1 3ede7b51 bf33b6df be9c9aa7 bf3105da 3f689f87 3eefbb0c bf0ed64d 3eda2c40 bed2aa83 3d8fa2aa 3d44c401 bf125616 3f7c3867 bf3d264a bec15be6 3dc8e259 3f223e1d 3f3a5f0d bf5d6f71 3dbda01a bf6e0fc6 3f4b7ede bf32ee68 3dc0a331 bde7e1c7 be01123f bf2cc68a 3f5defc8 bf534eea 3f4d2f04 bf7ac82e 3e7af302 3f744f6c 3dbc2372 3eb1aad7 befd5c15 3e5eb53a 3ebfab43 bea19b49 3eea5b42 bf1e3e73 3f323694 3eb1b9fe 3f3e468e bf151e31 3e131217 3f579f2a bf60873d 3eae2ae7 bde762ed bea98acd 3f0dbdba bddd2211 3f7b4860 bf50cec8 3ebc2a9f bf4d8f42 bed51a95 3f39f694 bf6d17a4 3f379723 3e293345 3dc9e75a bf403ed9 3f5bdfb2 bea09a18 bee39b35 3f2d4e96 be2ed2b7 bf02c598 3f1e05d5 3f0c4df7 bf0cbdc2 3df02442 3eac1b60 bf66372e 3f7d3853 bf083dec 3f5336e9 bf477eef bea78ae1 3f31eeea befc8b78 3f63ff2c bed1db01 3f57a74e 3ef68ab2 bb43ecca 3dd8a4d8 bf38ae70 bf6d07d3 3f639f4f bebebb14 3f4cc6ad 3ee2cb33 bf6d3fb6 3f4426c1 bf793ff7 3ec24aed 3efe6ae7 3f576f3a bf1f5e7c 3f09fda1 be48147a 3e942974 3ebf7abe bf160e35 3e32b49b 3eceea93 
3f74f7c7 3f04a62a 3ee3bbbe 3f3fe68c bd8923cc 3e5d7377 bb53e966 bea649a1 bede7aba 3ec71ad4 bf12e611 3f65573f bf5ce75d 3edeebb6 bd07c4e6 bf3c8663 3f71cfe5 bef04ab6 bede1b22 bf291ea8 3f5e7f56 bd714383 3f3e26e9 bf74483a be14f1ed 3e6e346e beea2bc0 3f69c76b bf342ecb 3f196604 3dc12575 bf1b3e2f 3ef7cad1 3f50e712 bf21965d bef6eb6d bf433eb2 3f1d7654 3dd8247b 3f13ddc5 bea16b4e be3213a0 3f6fd73b bf1ac621 3f56def6 3eb68acf bf65e796 3f57d69f bf0a564b 3f648f52 bcc08aec bf47c72c 3d6dc200 bf327e7f 3ef99c11 3bd5f571 bef98ae8 3ce58ec8 beff5b5d 3f64b701 bf6557af bece9a6e bf4d26f3 3f74b051 bee80b44 bf01263d 3e4f92f6 3ed3fa1d bf3666e5 3f6b9fb0 bf65981a 3db02566 bedf3bce 3f103e53 bee07b46 3f7d3076 bf07865c 3e2212da 3f215e73 bef2fb76 bf06057e 3d76c70c be0e738b 3e985ad9 bf0245e5 3f389693 bf41870d 3f318675 3da4df91 bf167dd8 bf673798 3ed86c4a bebcfa63 3f19ce31 3dd9a5d9 beff1bb8 3ee95a93 bf63df49 3f52a6d5 3e5e3377 bf096671 3f08fdc9 bf65a73a 3e8bcaa5 bed30a6f bee3eae8 bec3cabe bbd238ab 3f3f76c7 3f4bf72e bf399f49 bd543cee bf00d59b be6e3546 3f112640 bf1c5e6b 3f4c5752 be50731a bf5d8f6b 3ddee305 bf6e37c6 3e801ad8 3e3f13d4 be96a9d7 bf3ca678 3f36369d 3e78d322 bef25b77 
bf4a66cd bdf96619 bf2efdfb bf6b076e 3f201665 bf62af1f 3f091dcd be6372c1 3f37de31 bd1a4e57 3dd562b0 bf38e6b4 3f7e30a3 bf4dcf04 3f352670 3f14a62f bf4b171f 3f01fde8 3f207e84 3ec4badb bf178e4e 3cc88320 beca8ba9 3f2c1694 3e179358 3c5f0764 3b03ca5a be59936d bec48a54 3f1dfe79 bf71a7a1 3f675fb6 bf561745 be57d256 3e1eb18e 3f2bae99 3f6cdfef bf475739 3e9a6a3c bf77d00f 3f64170e bf154653 3dc81f9c bf46aecd bd9c6381 bf0df668 3ef3bb5c be02d2d8 bdfc6467 bf3b4f33 3c2aff46 3e7915c0 3e6f3229 3f092dc2 be924aa2 be974a60 3f0bb632 3f268e46 bf044e16 3c1d1342 3eec2ac7 3f21958d 3e55725b bee3db5b bd09bf79 3f7b3000 bf617746 3f2c7668 be027161 bf094dfa 3f51fec3 bd4ac6c3 be8e7ad2 3eda8b0f bf2f0e31 3e753308 3d95dee1 3bde1f42 bf3ce6ab 3ece2a89 3f100ded 3e02f0b9 3f373eaa bf30ae23 3e44934d bccd8b2f 3e0e5196 bf69ef95 3f0f7588 3f0f4e28 3efbca72 3f37fe81 bf2f2e11 bea22a6a 3e46b4c7 be81f9f3 3f2e7e98 bef59af8 3eeb9bb3 bf7167ae 3f3bfead bf0ca5d9 3f47ff44 bee69beb 3f3f06aa be809a95 3f5ccf17 bdb06034 bf01f5ae bf771042 3f2dfe94 3f32ae6e bf1f7689 3f774ffe bf5f1f63 3f4ff722 bf78301d 3f5d1705 be6b14ce 3f2e3e94 3f3dee7f 3e2311e4 bf39aeaf 3efc7af8 3f47c6de bf34e690 bda32208 be565335 
3e6f53ad 3e5c12a3 3f0ffe33 3f4756d9 bf162e19 3f5e47cc bec29aa7 3e7cb22c bf73cfd1 3e84ca44 be5432fc 3ee73bb1 bf26f6b4 3f0bee5f bf3d8617 bf2a363a 3f0e5e5c bf060dd6 bec01acd bf48af0f 3f67272b bf00c562 3f0e45d9 bf37df16 bea55ad5 3e9d1956 beb12a2a 3f0f1dd8 3dc9a4aa bec63a76 3ea3faa9 3d64c062 3ec23b34 be04731b 3eab1b29 bf70b7a8 bf37964d 3ebcfab1 3e2512fb 3def629f 3dba210b beb44a1b 3f2b8623 3ef40af9 3ee98b5c 3e2032c9 3d9661e3 bdf6e4c1 3de1a152 3f321e24 3ed22ae2 bf0fbde5 3ea05abd bf71afdf 3f2b3689 3e77f452 bf428f30 bf1135cb 3f642f85 bef1daf1 bf2d962a 3e841955 bf236e64 3f759fb0 bf691790 3f13b60e bf3a6eb9 3e9e8a8b bf0875c4 3f72876d bf6046fe 3d584256 3f0b8618 bf28c633 3f766017 bf599f07 3eac4a01 be55b21c 3ee84b63 3dbaa1a9 bf47e6e3 bebdaaf1 bf2ef60d 3d5c3d20 3f61ef6d bf61af19 3f522e95 3e677378 be964a05 bf6a8796 bea70b0f bf120dca 3ef8cb2e 3ee1fb57 be62544b 3d831f54 bf1c8652 3f17cdbd bf0c360d 3f3d7753 bee97bc8 3eb54adf bf036dec 3f0855a5 bf6cd788 3e8f39b6 be477285 bf4c462b 3f726fbf 3f4a0ee3 bf4e773b beef5beb 3ee66b3e bdb1a275 bf256674 3f6a4fcc bf4b9f00 3ea7b99a be51546f bf065e06 bf4306d5 bec80b55 3f7f3916 bf370e68 bdd52617 be5d92ec 3ea5fa17 3f5c9747 
be51b184 bdb2e054 bf027548 be0171e8 be8b09a0 3e3113cd bf5146c4 3f232e24 3f230e2f befffaa3 3f3595fd bf33beac 3f787069 bf48a75d 3f7ce869 3e8fb9e2 3e990993 be64b3ff 3f62676a 3e72f371 bd6ec3e1 bdffa426 bcb8898a 3f288679 bdbe61aa 3f33ae74 bf7327ca 3ee51ac7 bf19ee0d 3f55d72b bf283e5b 3e9d8ad9 bf78a81f 3f3aa6bb bedb7aa9 3f35b6bf 3f335e4c be751537 bdc56524 be3472c6 3e4a7254 bdd36549 beb55b71 bf5a27b5 3d82a0b4 bf6ab7c0 3f2a7e89 bf658798 3f3b4eb4 bf3c8e3d bf550ed6 3f572775 bf0d9d79 3f740026 bf7d787f 3d90a28c 3f3bee26 bc4b0f5e bf1655dd 3f44e6d6 3dfd22f4 3e90ca7f bf49ae98 3f221e2b be8139ab be8dba4e 3f66375a be9b1a32 3ee5eb33 bf3b5ea7 3f07a667 be6292f8 3ea87a38 bf79e82f 3f77f004 bf425f1a 3f63d741 bf4a2f19 3f3cbed9 bf6a303a 3f7e705c 3f0ad58c 3f23b63f 3d22beb2 bea5ea4f bf1d667b 3ee93b7e bf6befb5 3f5f675b 3ec1fa7c 3f7de886 bf15ae65 3e7f92df beaa0994 be9dc943 3f752fed beb51b3c bc9790be 3e8ba972 bf1aa65a 3f205e2a bf28be5b 3ee6eb0c bebc9ae4 3f37d6a2 bdb9a069 bdb3e07e 3f235de1 bf106613 bf726005 3f7d4835 3dd361b9 be61f309 beb27b7c 3f7b67e5 bf62b79c 3f32d66e be980a13 3e8f09ab 3ead3a33 3f26e675 3ef20c77 bf3ed6d5 3df5244d 3e3cd38d 3f2db650 bf22de43 bf55e721 
bcea8660 3f3136ce bf47d68a 3f72c7d7 bf1c1e05 3f1d9df4 3e87d9fc bef44ab0 bd8a641f bf3dfe72 3f4fb765 bf40ce92 be3dd2c7 3e5af439 bed06b08 bf1d85d6 bd5e3fa2 be9cbaaf bd9be561 bf634f8c 3ea119d4 bde4225c bd0abe7a bf09b5f8 3c8388d9 bf51975c 3f627f6a 3e52522d bf1f2df8 3e57d1b8 bdc11f6d ba308559 3f503eb1 beae6a5e be8b9a03 bea42a89 bdfe63c8 bf1eee03 3f50cf53 beb14b7f be83a93e 3f1815e1 3dd2e1d8 3f23ee5e 3e3190ec 3f3916d9 bea07ae9 3f3f2710 bf0a35c7 3e63143d 3f2fa6bc 3cdb85f4 bf16261d 3e60331e 3f0405f0 be0850f5 bf023ddd 3f7417c9 bf5c774b 3f0eb5b4 bf7b085d 3ed2fabb 3f325ec2 bf276e49 3e8139c5 3eb31a92 bf51ff2f be125149 3db2269c 3bfa20e3 3eb7db17 beecdb8a 3d5bbd93 3f574711 bf557778 3ef11bdd beb26a3b 3ea64b18 bf466f13 3f582f03 bf4c2edd bf19be2b bf0ede11 be6ad34f 3e745240 3f55cedf 3de7e4ee bece4ac0 3e970af9 bf6fa765 bf3806de 3f7c003d bf128608 3ece4ae9 be2252c3 bf28ae80 3e8459f8 3e2191ca bedd4a12 3f3726e5 bf584790 3f5b3f38 be0a722b beb92a23 3d57415e be5c7275 be41d222 3ede1a5c be657165 3f77d032 bf3476b1 be76d3df 3f0765cc bde66104 bd9f2100 bee05a7b 3f1595e4 bec93b6c bed4ca84 3ea92ac8 bf6adf91 be911993 3ed99b98 3f290e3e bf5c0f96 be9aba8e 3f01ed91 3f35a663 
bf698f79 3eb50a1c be08105b 3f33ee25 bf5766da 3eb65b35 be96cae5 be7890b6 3f3416aa 3f1fd6a6 bf7587cc 3f3c1ef2 3f2e6605 bf3a4ec5 3f50deaa be79f59c 3f462f37 be1d930b 3ea089f2 3f25ee47 be2e9404 3ebc3a2a be7f935f 3f57f722 be8efa3b 3f694ff0 bf164e1b bf18561b 3f6d2f3c be75f562 3e2bb32d bd01c511 bf27a619 3dd5a4fe 3f0f3d6a 3e35131b be6c1593 3f41b67a bf7c9896 3f570f0a be7614b4 be41b101 bf2876b1 3e874a3a bf3996c6 bedbdaea bd374344 beb38ac8 bda362ea 3f3a0efe bf647f33 bc96892a 3f06f5e7 be775533 bf20c678 3f1bf5ff bf3b3e75 beaa5a38 3f11658e beeabbec 3f1ffe2f be211382 bf505f07 3ee88c09 3c4ce66e bee78b5d 3f51c70f 3d04caf1 3ec74b59 bea97ab4 beb9eb00 3f5f37be bf775852 3ee7eb77 bf159dde 3f432701 bf72b7a7 3f73d792 be7fb326 3e7bf2ca bccf8e02 3f4246c5 3f0a4d62 3d996305 bb9a187c bf590f74 bef46be6 3f54c6e5 beaf4a2a 3ef51b73 3f381ec7 bf64372e 3e965abf be20b325 3f267664 3e867a3a bf1dfe5d 3f4fbf3f bf5f472a 3f1ac618 bdbba303 bf12460e 3e5cd3f9 3e82098b bb95c8b6 3dc2e444 3e013083 beea7b90 be84b95f be8f2b26 3ee7ab6e beb199d3 3eda0bc9 bf482ec3 3f152e49 3e85aa5a bf558f27 3f52b711 3e876a0f bf1fe641 3f74a80b 3e92d9db bf374eb9 bef80aa7 3f3bb670 3eb30a98 bf61b72d 3eb0bb88 
3d37494f 3f0715be bf63770a bec8eaad 3f5e872f bf75b7c2 3f575753 3da060df bf48e672 bf13bdc1 3f7bc01a bf3cfe57 bf121e44 3edaeb55 bece3b5e 3ef6fc3d bf547f10 3e5ab3bb bf0c7602 bc5f1b63 bf29b687 3eccbbf2 beeb3ad4 bee28aaa 3e3eb402 bf419738 3e39b31c 3f286e1d bf4c0760 3eccaa69 bf64d77c 3f6b07d8 bc7905c0 be8c3990 3e45f40f bf4c3721 3f2aa5ff be9e3ad1 3e94fa78 be993a6f be3912db 3eea4ad7 3f007de9 beea6b7f 3f282e1e 3f1d5e7a be2c1269 3f0dadf4 be389169 beebbbba bd14bc08 3f0775a6 bf387f31 3f21ee38 beb15b2e 3f0cb5fe 3ed89a3a 3f144668 bf0b8e22 3f3736fc bf6b0fe4 3f2ca630 bcc877dc 3ef6bb44 bf3c0694 3f31e6d5 bf4bbf15 3da66215 bf6e5fcd 3f384691 bd9aa0f8 bea50aff 3efdbb84 bac81cf4 bd5d4006 3e6691ed 3db8e2d3 bf033e17 3e8d6a54 bf32ae81 3ee41a2e bf3ace58 bebf4aef be74b267 3ec4ebbf 3eb05a5f 3eda3ab2 3c1afb33 bf501e97 3f40ce2b bf73f83e 3ee8fb22 3edcbac2 bf244e12 bf0a85e8 3e1170f9 3ea0da8b bf354ecf 3f793811 bf638f5e 3f088da0 3ea1aa8c be8b7941 3dbf63a2 bf292613 3f6327d7 bf31aea2 3f629766 3d87225a 3f00961c bf187672 3ee96b3b bebe2a29 3efd1c64 beb11a2c 3cbd881d 3f18368a bf7df84a 3d14418c 3f212629 bf79d83d bdcbe444 3f6dcf89 3dc9633d beeb4c40 3d2d4949 3e3bb2ac 3dbb6298 
bf3c4ee2 3e7e92a6 3f510e95 bde5a10f 3e243034 3ee47ab9 bf5fe743 3e75f213 3f49c713 3e401350 bf07bdc1 3edf9b8d 3ec419fc be40932c 3dea6467 bf555714 3f666755 be4c3434 3ef58b09 bd6041ee 3f4a7694 bf221eb9 3f44ced2 3e7dd2c8 be7c5429 3f714013 bf182640 3f0b1dfc bf0c7d8a 3eb46984 3f1ca639 bf6ddfa4 3e6e5305 3f0755e1 bf2a5651 3f4d469a bf1465fe be9aa9a1 3ece99c9 bef8ab0b 3f7917f7 bf79b872 bd4fbfc6 3e9359e1 befdcb76 bf127dff 3d2cc739 be37b2e2 be659351 3f6c2777 be335215 3efdebbf bf322699 3f3eb66d bea279b9 bf12ce26 beaf2aa3 bf6d47e4 3f0b75f3 bf5fbf33 3f6c47cd beb5daac bf0585a2 3ef2fb93 becb4add 3f117582 beeacbb7 3f7c6010 3e83b93e 3de6a370 beed5c11 3edc7bb1 bf273e45 3eefeaff bf1fae19 3ec75a9e bf042567 3f51767b bf2c470b 3f6f480f be8569b6 bd63bfa1 3f6fb7a2 bd88e06d bf5086d3 3f186611 bf7da86e 3da99fda 3ef1cb61 bee87b0c 3f001e15 be86e9c9 bd1dc2da 3ea29a79 3f5cef5d bf6e77d5 3f5a96c8 bf514f98 3f3a4e5e bf475e6a 3f243667 bf6bd7d2 3e98aad3 3e2272e5 3ee3ebc9 bf7f58bf 3ea77b07 bee5ead2 be18f1a1 bf4d76ea 3f148de2 bd284934 be265006 3d613ce7 3dd7657f bf19c5e2 3ddc627f 3f332e3d be01315d bf00dda0 3f79c023 bee02b29 be9f1ab2 bf114635 3f304663 bf068e00 3e2cb383 3ed95a5c 
3f5d0f56 bf4c3e9f bea81aba 3d734460 bf45665c 3e4ef1d1 3edc5b19 be6832d7 bf79384a 3e447224 3ef28ba6 bf703fe6 3f60a756 bf62d793 3f6aafac 3f13ad9d bf65efa3 3f122e34 bf6abf8e 3efd2bb2 bf77603c 3f29269b bf56070f 3e9c2a53 bf5b2765 3eeb2a69 bf078dbc be9fba23 3f080e14 be165171 bec7bb51 3f52270b bf74f7a9 3f115e12 bf1f0642 3f28b67f bde7237c 3f0335ef bcf49786 bddea1d9 be32b21a be067295 3f55e706 bf1c2664 3ebb6b0c 3f773002 bf55df96 3f5f6f73 bef5dc50 be5d3350 bf4a061a 3e09d15a 3d16445a bee22b92 3ead9a56 3e4d9328 3f63af43 3ebc0abc 3ecc7add 3ea499cb bf6f375a 3f583fbb bee16bc8 3ef70b8a bf360e33 3f11ed82 bedd6ada bf0795c2 bf03fe60 be6652ae 3e789236 3f08462b bf2ab6d3 3f5a06e1 bf2bc68d 3f59fecc bf7187da 3f10563b 3dd12224 bf615f0d 3edcdb96 3da463e6 bf73805f 3eba8b21 3f10fdea becb5af6 3f14f686 3e9559a2 bd9822c6 be1172c1 bd67c096 3e5e534b bf17c60e bdf1263d bd5142f3 be361153 3e60d21b bd36bf4f 3c07008f 3e963b47 be8449a1 3f18c661 3e94aa28 bf539ef7 3e843ae9 3f246eeb 3edaab94 bf07a621 3f5a4f75 3eaad91c 3e1e91a0 bf62c6ee 3f7367a7 bf56373e 3f3116ae 3e7df396 ba883c25 bf27463f 3e5512ae 3d6ac176 bee6ac8b 3ecdcaa3 3d3c4216 3f2f0696 bededb64 3f11a604 bf0cedb6 becc1ae6 
3ef61a14 be2cb208 3ea76a2d 3f3c469d bec09af6 3f4bb6fe bf7e3896 3f61378f 3f08b589 bd34bc71 bf0d7664 3f69800f bf7667c3 3ed3da8e bf3b1e63 bf4e4704 3f7f48d5 bf1595f0 3f279e5e be403457 3ed0ca33 3e505244 be903a3e 3eadda9d 3f62bf3e bf5d1794 3f437714 3f21c606 bf5ebf39 3efe9c56 bf75f037 3f44ee63 3c3b02e6 bd8d6381 3eae9a2c bf259670 bd1ac29e bf54b72b 3f323f2f bf3fc6ac 3f619743 be8149ec beaeca56 3d39bedd be5092d7 bf4baf1f 3f5d8f2d bf453edb 3eb1ca2d 3eef7b04 3f1d8659 bdcce308 3efaabed bdff22e6 3da921cc beaef9a6 bf0775b6 bf364e2d bee1eae9 be24f28e 3f3d3f07 bef3ac06 be429355 3f56e700 bf5b9f82 3f3036db be94c987 3f63bfaf 3ec34a9a 3f154626 bf537f3d 3e6993a6 bef97c7d 3f347e50 bf476715 3ebffad0 3f16de51 bf78780e 3e5bf444 3f03be2b be71523b 3c250ad4 3f0565fa bdf723e1 bf22c672 3ef01bb3 bf59ff4c 3e5ed1ff bf5f76c8 3f75e823 bed10a4c 3e359286 3f29de67 3dc55fb0 becbab3f 3ed3bafe bc67097b bee11a7d 3e9c5a6c befdaa8a 3edefb93 bf762004 be42d435 3f733ffc bf6e67dd be2a312c bf3a26bd 3f398745 bf639ef3 be7df217 be9149a5 3f6f67c1 bf54cf01 3f53a76e bf71bf67 be09d14b 3e85bacd be80193a 3f4ce6de bf05e635 3f42bec5 bf760ff8 3f02d645 bf322e8a be52f219 bd4046bd 3f4896f5 bed9cb48 
bf70d784 3f58876f bf186e08 bf46b706 3f4db732 bf78801f 3f20d685 bf5d874c bdefe1f9 bef12ae5 3f68175b bf4d66c6 3f2c85f5 3ea6e8a2 3f22c60e 3ec25a73 be8f3a7e beed7b85 3f38df04 bf6cbfaa 3ed61b51 bf579799 3f7a67fb bf355601 bf4c274d 3f77e7bc bf7d90ab be9bb9c0 3ddf2585 3f27762c 3eb51a05 bed84abb be7593fb 3db0a0f5 3c907abd 3dd023b5 3f338e33 3f2e966f bf580f5e 3f3c6e98 bf263e7a 3e245341 bd043d83 3f008e04 3ed6fb2f bd00434f be45535f 3e6933b1 bd0fbe6b bf52e76c bde3dfbd be8b3926 bebf0a31 bd313d44 3e20d224 be399194 3f4d26a3 3eaeaa55 3f2dd61f 3d8f22ff bf6b97bb 3f754788 bf04e565 bef90b59 3f7e88e9 bf676f2a 3e9d5a69 bf613f8b be4911e3 bf56df76 3f7c8070 be34920f 3ea2fb0f bf34f691 3f485717 bf65ff5f 3da162aa 3ed9aac8 3ee12baf bf5d9722 3f25b64f bf7af817 3f5c4f2d bf63273f 3f7b4060 bedd8b75 3f6547a3 bea60a46 3f680f93 bf189657 bea7b95e 3e2e92f5 bf54af26 bd3a40c5 3f29ee2f bf2d86c1 3e9d9ad4 bdb02480 3f1ef635 bf059dd8 3ebcbb37 3f684735 be6dd209 bdc09eb7 3f1bce15 3f05b5b7 be6973a6 3f0fe66a be88d9c0 3f5f3f64 be940aca be9f6a9e 3e5bb420 bed43b21 3f6f9fb8 be72b2c1 3ecc2a76 bec72acf 3dd0e2b4 bf4d172f 3dde2038 3f50bf18 bf33469c 3f4fef08 3ea47939 beaeba8f bedb3bd2 3ea63a84 
3f65c7ce bf66e80f 3f1f764c 3ea36a2d bed319db 3e8309bb 3f2625f4 be3f3416 3f4556ab be805a08 bcdd8012 be597451 3c807c14 bf57a723 bf3f5f1a 3d72be3f 3e09132a 3efedbf1 bf60072c 3f6b1f92 be8fdac9 3f077e29 bf352708 3f073dad 3ef45b76 be9a8a25 3e9fbab9 3f682776 bf28061c bed40aeb bed95a88 3e8b59b9 3e85e98d be709411 3e137245 be69349d bf46a6bd bf009dac 3ed7fac7 3e9baa86 bf3c2ee1 3f62e773 bed0eb79 bf0c25dc bf4d6ea5 3f5e96ef bf21ee77 3ef4ba95 bea2fad3 3f75d82a 3d14babd bdff62c8 3f7077bb bf28fef4 3f558f39 bf464ec0 3e94ba86 bf7bb80f 3de764e1 befefcad 3f605f6f bf35170d 3f0fbdfb 3dd49ed3 bf24fe76 3edadb97 3eb23a9d 3eafab1d 3e1812cc 3f69d788 bf429ef6 beec1a29 3f45feec beadaa23 3e3d126e 3f4526d3 bf1ff61a 3dbb23f7 bf02059d 3dbf2382 3ed08aec 3ee49bcb bf52c76a 3f5516dc bf2bdec7 bd8f1f50 bec31b66 3c76f3d1 bf5c5712 3f3eff05 3e597383 3e76116f 3e956a3e 3e9699a7 bf2d367b 3f0215ef be6fb215 3eaa4ad6 bf7b184c 3f4d372d bf53cf06 bf1d4618 3e8a3974 bf30fea2 be5ff2ca bf08258e 3f09e5ed bf7c4858 3eb6eb60 be78f2f0 beb3ca28 3f60f761 bf0a4e6f 3ea85a4d bf033636 be91290a 3d24c413 bc4f0f20 3d5cbfeb 3f716803 39ddb5ee bf798851 3f273688 bf7d70a1 3ed69ac3 be9d1a4d 3f393f31 beb8eba0 
bf096db3 3f3866cf bee8fc78 3d434066 3e4bb263 be03f0cb bf591f49 3e06f1ba bf03be4f 3ed36ad8 be93ba61 3ef3eb4e 3d15bb94 3f307e91 3f40f664 3e0851fc bf73bfba 3f1dde06 be18b10d bdeaa006 be4fd32b bd19437c 3d849f74 3d9c615d bf127668 3e9f3a9c bf3f4ecf bd85a06d 3d8161c9 3f4dbebd be1b73bc 3ec1297a bf09edea 3f34b6df bf3936a5 3f6bdf8c 3e06b16d 3f6bff79 bf76c046 3dfe26c1 3f08d667 bf562773 3ef4da7a 3f564f46 3eac7aae bebbfa57 3e11b353 bce68888 be3c5372 bf234618 3e57936a be68f278 be41f258 3d88e559 bf48172e 3f7f996c bf1acdce 3f34e630 be141258 3e1510e7 3dc521f1 bf2bfe96 3f0cc5bb bef7abeb 3f54cf2d bec6cb4b bf3496bf 3e983a2c bee14b00 bf21bdf4 3f244689 3e80897b bf3456f2 3eb9cb0c bf1d4e09 becf4b1b 3f19d673 bdb8a1bc 3e771367 3edf6aa9 bf604f43 be978a0b 3f4e5ee3 bf5a477c 3f4efed4 3d60c1c9 be473334 3f331e9b 3e9b5b96 bf03557a bf06b5ba 3ea1eba9 bf618771 3f074d98 be91b9d4 3f128d9f bf529eba 3ef35aff bd989f61 3eefdae3 3e9789e7 3e62f609 3f2e9e15 3e15d267 3f59c70d beb70ae0 3bbdf1de 3f6d4791 bf565770 3f6affb3 bf570f1e 3eb439f9 bf361e93 3f724feb bf0fd653 3f738fb4 bec2ebc4 3e5b528a be870abd bf357675 be42f36a 3f1db606 3ecf1a7b 3c2d0ad6 3c550e27 be851a2e bce18153 bdae21f2 
bd3ebddd bd999f6d bed22a4b 3ee62b3b bf2b2ec0 3f1a0623 3ea26a74 3f013550 be1c3340 be6893db bc918f34 bd3d4668 bef92b8c be371378 bf571f35 3d6c48dd 3f3eaee1 bed4dba1 3ddae409 3c66efa9 3ea15abc be942b01 3f21d685 bf370688 3f222629 bdc5a518 3f1bae11 bc64fb8d bef89bc8 3e71f273 bf54ef2c 3f283e72 bf36265e 3e8eda4f bea83aeb bd35c023 bf43f700 be39b0e7 3f67975c bf384efe 3e86b91f 3ecfbb6a bf3a6645 bf02f5ec bf0465c5 3f3a56e3 bf597f7a 3f43170a be5e3264 3f50f776 bf4dbe94 3f76b88e bf6ac805 3f1ee65f 3f09558e bf51e735 3da864a8 3f2115fb bf48eedd 3f1de64c bf1ca63e 3f79a82c beffab9e bb8e037e bf467669 3f479f13 3e7153d5 bed8ca7e 3f79e825 bef48b45 3ebbba0a bf1b2665 3f6a5fd5 bee31c05 3f536ec5 3d2ec4c5 bf05c5fa 3eb57b95 bf22ee1a 3e3a3342 3e58f3a1 3f0bf61e beed4ac6 3eae4b0a bf45a6c9 3ec0aae1 3d3bbfb0 bed77ab5 bf15760c 3f5fd7be 3e8d59b8 bedbca6b 3f1da65c 3e523357 bf79c093 3f5026fb bec1a9f6 3f40363d bef42b16 bf4906c6 3e84696c bf271e3f bf0545c4 beda6b8d bf137e38 3ef49bba bf145653 3e0bd2c0 be6cd36a 3e01b1cb 3e35b3e0 3eca4af7 3d6ec943 bec51ba3 be0f3221 bdaca548 bebffc0d 3eb09a6d 3e19d21e 3ebeea2d 3f1115d4 bf69d798 bda5e231 bf2ceeb5 3f430ee2 3e54f3b2 bed6ab8b 3edfcb21 
3d89a575 3b3c6168 3f3af68f bf2def0e 3f464708 bf210651 bdf46124 bf416ef9 3f10c618 bdd2e2b8 3f7577bf bf697775 3f6b0f40 bdf92521 3ed66c56 3e95ba71 bf519f56 3ed6da32 bed52b49 3f09bdd6 bf4fc6de 3f1bb61a bf7ac000 3f61dfb7 bf102663 3caa9716 bf266698 3f3696b6 bf149645 3f5cbf38 bf0a4608 3ee14a4b bdc1604c 3eb20ae3 3ee67ad4 be8b69c0 3f6d0767 bee17a77 bf179e53 3f72f007 bf6e87c5 3ea34aaf 3e9c1a4e 3f5dbf8f 3b443a75 bf02fe37 3f6e8fce bf14a5b2 bf140dfe 3f02ddc9 be88ea78 be935aa5 3f5c0712 bec14af5 bf2f3e51 3f7cc872 bee24a8c be4cf22a be9b9a61 3f1ebe2b bf36e66f 3e3b52f4 bee55abb 3f6aa748 3ec26ac6 bf631ec9 3ec8ba4e be4b140f bf053e24 3eef2c27 beb53a00 3e9dc9a8 bf43a6cc 3e36936c be7b7290 bec4fafc 3f4e3f35 bf4bff05 3f7cd071 bf0e360b 3c9c7c08 be27d1b1 bed56adc 3f2f5e33 3dcd2400 bea1bb06 bd68c474 3d5ac18e 3f22ce18 bf437e63 be8f1a5c 3f383eb7 bf23d681 be2f53ad 3f6d4faf bed9bbfe bedb8af6 beb24b23 3ecc8b21 3f11de38 3d57c46a 3ecfeac0 3f6dff3b be7d7443 3f636f6d bebe4aec 3eff6b4d beeedb82 3edc0af3 3ba6042f bf6f8ff3 3eb24aab bf37eea3 3f3a2653 3ea75af5 bef40bc5 3f6f0faa bf6b6813 3e035142 beb899ea be145448 3eaf4a88 3ed76b11 3f283621 bf59b707 be969a0d 3ededa35 be1b91e5 
3f2a9ebe bf67973c 3e4a33bc bde1649a bb03f3c5 bd06485c 3ef06b9c 3e4c93c0 3e2af2a2 bf6fcfc2 bea6aa21 3cf086d4 3eef8c0d bf3e3e72 3f0a05b3 bf557ef5 3f3aeebb 3e1c31d6 becd7b47 3f0605ba bef6fb3a 3f683f47 beb49ac3 3e9bfb3b be9ceac9 3f365e63 beda1b42 3e61337d bdab22bf be893b1e 3e1e3105 3e4ab2f0 bdbae058 bf68c763 3e910a5a bf629f6e 3f2c5623 bec83a87 3f4506d7 bf311e60 3f3b26d1 becf6b4a be1e7278 bf5de795 3e19b1b6 3f024d89 bf784822 3ee5db1a 3f3a36b4 bf5246f3 3f225e5c bdaea31e bf2cae7e bc591141 3ec27aca bea5fa89 3e0c71e9 bd30c60e 3f572f12 bf3bb6d8 3ec5bb71 3f234e53 bf2a764f bddd60ca befe1bd5 3e37d29e 3ec6da9e beb84a29 3f771855 bf69c76d 3ee25a4f bdb4641b 3f14d63f 3e2a91d9 bf27de4e 3f5d5767 bf55bf48 3f608745 bf7fa8fe 3f13c684 bdffe3fe 3e35d259 3df362dc beaada28 be3d92a2 3ea2da60 3ee80ad4 bf169e53 3f490ef4 bf3b9f09 3f6ebfa9 bf7a38c4 3eaabb4e 3e8bb94c bf65376d 3eb01a01 3f240625 3ee06bab bf383e05 3e6fd44c bf517f16 bd6941b7 bf758ff0 3ef3dbc1 bf02cdea bf2b1622 3ed06b11 3eac2b03 bf278e87 3ebbda85 3f475e7e bc2b0811 3e89a930 be7e9480 bf2a9643 3efefb82 bf156e19 3f167dba 3ee22b62 bf101622 3f00d57b bec75b32 befb2b5b bea33a31 3ef8faba 3e0ff19f 3ea04a8a bf67f707 
be1792b9 3f758fb8 bf6da001 3f6bd765 bf52ef28 3f058d87 be810a81 bf125e03 3ea66a0f 3f20a63d 3f665776 bf026598 3d544509 bf4ec6f4 3f7147c8 be34b331 bec92b14 3e3f912d beab19b4 3e7f1437 be4452dd bf1dbe4e 3ec62b63 bf53ded2 3f4bcf37 bf7e50cd 3f4a5eda be9f29e8 be59b3ce 3f2be66d bef8fb7a bf243e4e 3f0db63f 3f461666 bdc366fa 3f0a760c becc59e9 bef4fb56 3f1f5ebb bf648f5a 3e94da45 3ea16a16 be52d256 3f6bbfa7 be7a5432 bef19b74 3f722829 bf411746 3f0a95a8 bf7a880e 3f533e83 bf44b729 3f7df86c 3e9c99a8 3d03c65d bf237deb 3f2b9edd be783101 bf249e09 3f0e75e1 bf1a5e43 bdf422a6 3e91ca01 3e3d724b 3e7394c4 3ef8daf0 bf52171c 3e9ffa8c bf77b061 3f7fe193 be05716e beb7faa0 be8f4a13 be1950f9 3f510735 bef86bdb 3d8ba358 bee10bb0 3f4c2700 beceaab0 bcdf7374 3db324b9 3de1e375 be1eb14d 3f06cdcf bf6dbf78 3ec90a68 bed0fadb bf1e8638 3f252ecb becc7b7d 3f3b1f00 be4cd3be 3e9739be 3e2b5204 be8b49e0 bdf8a343 bf7c6858 3f361e80 be76f2a3 3f483eb1 3b240665 3f7b105b bf778042 3f3aaecc 3f38cee2 be9d48e6 bf3b8e68 3f78b044 bf58373c be0fb0db bf7b10c2 3f644f49 bf2c767e 3f656813 3da61fb8 befaab72 3e0d9241 bf3e9f7a 3f4e9f2b be3a9374 b940cfb1 3f5eef9c bf0e85f8 3f202e8f bf39c6f3 bd38c374 3f173e38 
be6db2f9 bf0e6641 3f65cfa5 bf4bdeda 3f599f96 bf204e5b 3d9a630d 3f545ec6 bf57af7e becc0b04 bf352eaa be1ad152 3f38be8f 3f3b9690 bf79a021 3e85f91b 3e6d136e 3d99232a bcc98566 3ce881cd 3ea109c3 3e79746a b87dc170 3f69bf69 bf7ed118 3f761056 bf212e20 3db562d9 3ed779e0 bf5b377c 3f4966e3 3f51b6d7 bf6c2f4f bec07abe beb3fb21 3ea6b9c7 be66d47f 3f3f96dd bf3bded6 3f74b829 bda21fe0 bf6b1f54 3f415701 bf592709 3e853a96 3dfea48e be19d23b be29b013 be190f94 3f740817 bef0babe 3eb5aa56 bf2ff6a6 bf41feb0 bdeda512 3f76c83b bf7047e4 3ed97b7c bce98042 3d926123 3f3e16de bf699ee5 3f6ed7c0 bf49eedd 3d89e134 bf2ffe11 3f40d6e3 3ddbe240 3f44bf17 bf6e4f73 beab99e4 3f3da676 3dfb232f bea13a96 bebb0a98 bdb32339 3f082dfd 3d79bdcc bed96ab5 bdb762d1 3f0e3e51 bf733faa 3f30a634 bf3f3ef6 3f34265c bd55c0bc bd31c358 3f3e7e4f 3e972aa4 3e34144e bf39be52 bddb630f be95aa60 bee9ab58 3eff0b88 bd7947a4 bc958038 3f5d5f3c 3e18d0f2 bf259dd0 3c50f55a be8b5a24 bf3986cf 3f77bfee bf0c05bf bf524ee5 3e9f4a8c 3ef86c3e be4df29d 3e17b210 3f179624 3f21fdf3 bf2b1e9c 3f1ff604 bf750781 bdcee02a 3f44067f be874b13 3efd9b96 bf20261c 3d394118 bf1c7e2e 3f0f0e03 bf576f1e 3f0a8e43 bf0c4d5e 3f686fbf bf451ed4 
3cde7b58 3f146dc9 bf7ec0fd 3f065e0f bf2306f9 3f52cf4b bf0a5dc2 be8bd9aa 3f60577f 3da1e3b7 3f57fef8 3de46199 bf7867d9 bd28c82a be8bba1f 3f637ee5 bf63cf61 bd8a2293 3f000dc5 bf247610 3deaa365 bed93ac9 bd2e4140 bf6166ed 3f46273b be86ca7e beaf8a6c 3f025d41 bec1eb61 3f086de9 bf627743 bedcab03 3f286653 3e99c927 3ed2ab53 bf6f07c6 3f18ee59 bedb6b44 3e60f4aa bf0a1d96 bc3f0726 3f2e8ea2 bdd0e007 beba89fd 3f5946e2 bf7bc856 3f3c2e9a bd274227 bda7deaa be95da0e bf375e38 3ee01aef 3f197e42 3f0475a3 3f039dba bf727005 3f00f61e 3de621cb 3dbfa31d bee95b67 be979949 3f3956ef bf48b6a2 3d8fe0ca 3f68ff89 bedabb33 3de5e1b8 bf5036a4 beb22ac7 3f47d6b5 3eebebce beebdacc bea53a27 3f1f2675 3ef83b89 bf21762c 3ef80b63 bf4e4f93 3f2dae49 be0acf77 3e0e1317 3da4a2fb 3ea9ca3b be219179 be931aa5 3dee6283 be42352f bf17de62 bf0745b8 be8259b6 3f4a4ec9 3e5733c6 3f4bff00 be8719f2 be5892aa 3b8de996 3da262c9 bf309e20 bec7dafd 3f08ddb9 bd724603 3e6d73bc 3ea549e0 befcfb3e 3d2bc274 3f6217ab be2272dc bee92b90 be68522c 3e591301 bf772872 3eac0a1d bf278609 3ed259ff 3f555736 bf25365b 3e0cf39a bef56b1f 3ee97a88 bebe1b53 3f79afcb 3ca185ae bf02dd53 3f351632 be85ba68 3efc0c00 bf64cf12 3f57af31 
bf325eda 3de0e215 3f384e2c be6912df 3ebdc9f6 bf4746f7 3f3f2eb5 be82d920 bf15a5c0 be2df2b4 bf10dde3 3d0cbb72 3f260e7e bddae575 3f24f63b bf3bff35 3ed28a49 3f251e41 bf507707 3f08f5fa 3e7a32f7 be1e9196 3f591f18 bd493d17 3d18c7dd befd7b08 3f6dc75f bea3bad7 bf1f1649 3f5546d0 bd15bcaa 3eefcbb5 bf0b7de5 be61b37d 3d71bc7b 3f2d0e29 be8729d1 bdf32164 3d033bad 3eab0a7c bde9a2bd be679354 bee7bbe8 3f56173f bf72bfe3 3f5be744 bf5c7f2b 3ef93c7a be6212a9 3ecc3c1b 3f64cf29 bee04aff bf1f265c bf23e65d bd81202d 3d972046 3ebebb43 bf2f6661 b9a2dba6 3f4866c9 bf340e97 3eb91ab4 3e0d73bf 3e74943d bf483ef4 3e2b94f5 3f484f13 be83f993 3f60e73c bf77b838 beb4ea39 3e5d3344 bc8587e9 be2e51e6 bf3ac6b1 3f78e7d4 bf79485a 3f67cf78 bec6fbb2 3db4a2f9 bf166634 3ed00b05 bf16ae21 3e806a02 3ec5faa4 bf2eceb1 3f78cfd9 bd124352 3f691f7b 3dbee2de bee73a71 bf16ede8 bf68d7cd 3f557717 be8299af 3ebf4a52 beef0c18 3f6f5808 be3432f9 3e95ca68 3d8121b4 bf6367f0 3f7697ea bf28eea9 3f29461a bf5da724 be091069 3f608ee9 be73952c 3f0d75c6 bd2bc183 3e9d39b7 3ec81a83 bef61bf0 bf499eb6 3f58a6ee be5f524f bc06ee85 3de4e14e be823a60 bea28a61 bf0b0586 3f48beae beb1dabd bf1f9637 3f344e39 bf02bd86 3ead0b23 
be38324f beb2eb68 bbba0ca6 bf5d9f3d 3f7b8014 bf3b0671 3f308e88 beea0ace 3f2c5e77 3ee4db89 be8a4951 3ecbfada bf31b722 3eac9a53 bf2b66a3 3e0b71b3 be08b28a bed04b54 3de061e0 3e9a1a7c bf1e9dcd 3dd1e51e befafbb5 beeb6aff 3f67c753 bf0b15e3 be8919b0 bd1cc3aa 3f1a4e09 bf53475f 3e9a7a82 bf004d63 3f72f7f6 bf269e93 3deea339 bf345eef 3eac6a79 be961a5f 3f745fea bf76587a 3f390e79 beff7b86 3f7d685f bf55d755 3ead4acd 3ec6bada be932a93 bd40c295 3e4092e5 bf49c6ae be47942f becb3b5e 3f74efc1 3f38d690 bf0b35cf 3f4a96ed bf7f18c6 3f79e019 bf02adca be4533c6 3f48278a bf4dff54 3e54940d beeafc3a 3f780851 bf396e92 bf3fd6b9 3f0d05fb bf0e9609 3f155da2 3eb32a79 be6734dd 3f5b46c9 bf58676d 3f4f1f37 bf01c620 3f28769d bef15af2 be4c71a2 3eadfab5 3e3132de 3e31f325 be0c721f 3d1abde7 3dcc2200 bdc29fef bd653eb1 bf752014 3e24d281 bf684f9a 3f6cc7a4 3e685222 3f72600c bf4faf00 3e8ffa90 bf2a1ea1 3f5f0808 bf79e04e 3ec3cb34 bf49ceab 3de72458 3f20cea6 bec95abb beeffb2d 3f36768d be6f9236 3e4e11a8 be29f143 bf7247d9 3f40eefc bf6a3f9d 3e5d920d bedf8b02 3f410680 3c9277a4 be05efe8 bb1c2b52 3df3a38d 3d3a41a7 3e0d320a 3dbd652a 3f2ea6db bf61a725 3f30c679 bede4b63 3f3c9702 bf63ef6e 3f5fa7a1 
3ec11a8b 3f226657 be9acb06 3f58fefe bf22d693 3f04ad83 bf6c97cd 3f256679 bf6ec7ed 3ed37a99 bf32f76f 3f60cf3d bf036585 3ea659ae 3e80f93b 3ebc6a83 3f0a45ee bf032608 3f50d6f0 bf6de7cc 3f366f07 be2eb36a 3f470ec5 be60115a beba0a76 3e13b261 3f49aeb1 bf266e66 3f0655a6 be08f04f be46b426 3ebaab10 bf527711 3f1dc5ff 3f28f60f befd4ba0 3f6a0fd3 befb5aca bf39f6e1 3e8eaa83 be0f7417 3e8de9db bf7107c9 3f3e1e75 bec77ac6 bf30069d 3f35d672 bd8d1edd 3c37027e 3f01dd5a 3e7f733f 3f15560a bf7eb98d beecfbf4 3ecbbab2 bf26ee5c 3f1d05d0 be4a74ea 3e41b3f6 3e4532e1 bf6cefeb 3f47dee7 3defe0d8 be48b386 be840aa1 3f2045f4 3f666fa5 bf5286d9 3e7653a2 bf04d613 3ec45a54 bf101d95 bef9eb5d 3f214e12 3e4852b6 bf31cec3 be613441 3ee00b69 3dbae3ad bc2d0325 bec46b4e bdac21ec 3e8c49a3 bdc260aa beb40a11 3ecd8b70 be483310 3f62471d 3deae1c2 3df1a508 bda261ee bf3f16e7 3d9ee1ac bef4abae 3f6af7c9 be5b5108 be701039 3d2fc493 3f09a61d 3c710a3a 3f1d0e7b bf7fb078 3eb5ebad 3f34f675 bf778fd9 3e6bf354 3ee74b6c bee51af2 3f7b6fb0 bea2da69 3ddea0f7 3f53677c bf4cc6e8 be11d300 3f04e5fc bf58cf71 3f036d7d bf175dd5 3ef02bc4 bf5c2fb1 3f66a7aa bf7d885c 3eab9b9a 3e2e12b7 3d866365 befbbb5c 3f2ba639 bf56ef4e 
be3b126c bef7eaac bda71fb8 bd1c488c beddab12 3e27f1fb 3f737fa8 bf3cf704 3f71c761 bf59ef7d 3f70ffbe bf292e95 be501418 3f101dc3 bf6caf9c bea67a9d bf5e5f30 3f358e67 bf33af25 3f2a8e7d be953a1f be04f0bb bee0daae bc6efd37 3f387ea8 bf4a16e3 3e1570ed bed5eae6 3d2c413f bd91e305 3f2b1e34 becabb5d 3ec3bbc0 beb54a56 bf2b8e61 3ec77a86 bf5b3f18 3ee3abef 3f288dae 3f094da3 bf5cb770 3f5c5726 bebf2a3e 3f1315e3 be493475 3f6cefa9 bf41cf09 bd9ca3da be229144 3d013d63 bf20aeb0 beedcb60 3f704fae 3ce98472 3c867dce 3eca9ab8 bf321680 3e7ff30c bf3e064e 3ef48ad4 3e90fa5d 3d354406 bf515f64 3f751fb7 bf0a3db1 beea8b3a bf24866b 3edddabb 3f14e65b bdd65ead bea41af1 3ed5eb5d 3ebbca45 bf0885a3 bf11d587 3f655f4f 3f3a4705 bf74d819 3e6eb366 befe9b5c 3f7a007e bf37361a 3f051d90 bf0efd91 3f3d9e9e bf2cfe7a 3edf8b2d bf30166c befd1b33 3f553ef6 bf4d7ee6 3f767821 be9ebafa 3ee53a6d bf1a2ddf bdfba2ac 3f513ede bf4c7ed3 3ec61b5b bf481e78 bd323fc9 3f2c1eb2 bec78b38 be17f19f 3f012dae be3e5205 befbea37 3e98eb18 be985b48 bf0105ce 3eab5a21 bf2b7e85 3f076ddb 3eaffa79 bf64177a 3f7437b9 3e8f89e1 becbcb2d 3ecd1a40 3e10b196 bf0d3d9d 3eee4ac2 3ec86ab5 bf74680f 3eed4b12 bf0835be 3f292dee be1ab20b 
3f425672 bdca6341 3ea8bace be87d9e5 3f708fd2 bf310f06 bed9fb45 be59324a 3ec539bd bd87246a be7a947d be073261 3f6b5fce bf499727 3f7ea8ec 3f187dec 3f5a8ed3 befdeba1 3e99baa5 be9fda79 bd6b4868 3f0ff636 beca7b94 3f4266a7 bf4d3ed9 3eed3b2e 3e4271c7 3e54b248 3eb56a77 befc9ad5 bf12a5bb 3f151697 bed97bec 3f11e5d7 bd88a288 3e9ad9a1 3f014dac bef9fb95 bf0acda9 bee5ab2a 3e74721e be209166 bde9e3b6 bed6fb0a be68b2d6 be858ab0 bda02029 3f798818 bf14ce39 3eca7b8a 3e2670fa 3f390724 bf56cf6c 3e8779b2 bf41a6d7 3f6e47e3 bf086dbe 3f6f3818 3dece365 bdc8642f be91e918 bececac3 3f556f1f bf6f17a6 3f4e1ef0 3eb80a9a 3eb53b0d be21710b bf432f16 3dc8638a 3f042573 be9a1a41 3e43b2b9 3d0643f7 3f5d3742 bf7ab82d bf6bcf83 3f3ab694 3ed6ba6e be6052e6 3d2abf17 bf287e86 3f75f865 bf53aec5 3f3c9e62 bee0ea83 3e14f048 3e8b4968 3e361478 beab5abc 3d7a4072 3e02b06c bf17660c 3f129e24 be7414cc bd5b3ea0 be1fd2c5 3ea8eb05 bea45a5f 3f55a6f2 bee62b63 bc0300b1 3e01f0e8 beff0b21 3e3e9250 3d19437d 3f14569d bf445f5e 3f5bb721 be67d4e8 3f4286a6 bf64273d 3f527f06 bf417eef 3f50ef1e bf2ccec4 bf76b7e5 3f77f826 bf5f4f80 3f48feb9 bf28d64e 3f32e626 bf56a75c 3f3626cd 3ef69a92 be3ad1aa be3c324a be90fa42 
bea48a26 3d9c23e4 be3e70e4 3e3ad3c0 bf59df5f 3f0a5ded 3f2ce647 be049268 bdcea366 bef6db72 3f6c0f5c bea17a37 bed61b45 bd20bf95 bf213e63 bf53eeec bf1cce3c be838a3f 3f4c7ec2 bf4caf86 3f55ff67 bf7cf8de 3f51a72a bf7b983b 3e88a97f bbd6257a bd014452 bf4f96cf 3e852a79 3eb78a60 3f01b604 bf54f6d4 3ef2ab87 beb79b3a 3e1ff264 be94ba58 bf0615ad 3f5e3740 bd6bc369 3f1efe5a 3d413f47 be5fafa7 3f0965bc 3ec05aba bd2446ff 3f108634 bdc01f39 bf5fef23 3f3ce6ce bf303e4a 3eb18acd bf5486be 3e47b228 3f0dd683 3d88220a bf60bf3f 3ecdabbf bf3bbe65 bf21e63e 3f20ee9d beb61985 3f6cafa5 bf059560 3e5633de be6433cd bf636f5e 3eecfbd6 bf1305ef 3f7e10bf bcec8cb4 bf4e9716 3e87b9ce bf37ce78 3e0c31d6 bf24b5c9 3f652f6b 3f688777 bf1fc6b7 be0072a0 bf297e5f 3f7bf046 bd9b5d70 3d0fc160 bf473efe 3f42eeba bf6fdfec 3f5e17ba bf173651 3eec0cdf bec05c00 3f113671 bef23b9a 3ee63b46 bf2fa6ac 3f616f65 be5e7539 3e827a61 bf143e73 3f113e21 bf413f24 3f57df3d bf71dffb 3f565f1f 3e5f732e bd926048 bedaea99 bda52176 3f26de2e bf5d4f99 3e8dda7b bf2e3eac 3f61bf8f bf2aa67c be13115b 3dd1a3aa 3eaa3bb3 3f4da766 bd2b442e bf4b7685 3f3b6659 be745477 be826975 3edb4b0f bf536f49 bd4bc41a bf1eae85 3f5adf2a be8a99f0 
3e17517d beb73a63 3ebafaa0 bea039b7 3f3df6bd beb1ba6e bf79001a 3f57175e bee37ab4 3f17de30 bf222e51 be997b14 3f350662 3e8709c3 3f3b5e92 3f21ae5c 3f1cce36 3edbfad9 bf5a874a 3f4f3770 bf006dd6 3eb12a63 be3631b0 3ef9cbb1 3f3d4647 bf23560c 3dd7a414 3f6b6f35 bed6bb67 bf290e3f 3e8a7967 3f24b681 bf10ae3b 3ec85b46 bf0d1db1 3f59eec9 bf392e89 3e1b310f bdf06462 bf5c5f79 3f3b06ab bf401ecb be1551d4 bee33aeb 3e2ab3e1 bf193e3b 3e4cb353 3ea899b0 be07735a 3d424029 3d0ec2c9 3f0825b7 3e22b160 bf6e27a3 3f131dd8 3f0055e7 3cee8755 3ee24ad7 3f3dc69c bf050605 3e437355 bf2fb620 3d1b405c 3df5de0f 3ea56a9f 3ec94ab5 bd585051 3ecf8a28 bf5cdf67 3e879a32 3f0365f6 3ed33a7b 3e6b9318 3f53de96 bee12a99 bf0b9dd7 bf0c1e10 bb33bb3e 3eff9af5 3ede3af2 bf4496cf bf167651 3ed09a37 3f6a1fdb bf462ed6 3f687f67 bf306e84 3db4e6ea beee3ba1 3f1975bb bf4f6f1e 3eb8ab10 3ec9ca51 beb91a3d bedf6b4d bd6346ab be8a29f0 3f544ecb bf203e54 3ce49654 3d93e213 3e487228 be6bf1fd bf5eb7d8 3f20feaa bd523cb2 3e912a59 bf4d9ef6 3f6ecf7f bef73ba3 3f2aae41 bf6d4ffd 3f7f28ad 3d32c2f3 3e20f447 bf4d468a bf139620 3ded63ed 3f66df83 bf78c8b7 3ef78a8f beb66a01 3f36c680 3e143101 3e8fa9e1 3f1dcdba bf1cfebb 3e331209 
3ea44a73 be8fe9ef 3f4d16de bf7e3056 3ef60b3b be5171c5 3f618f1f bf645787 3e5c546e 3daba1be be4f534a 3f79101d bf2d1628 bf37f671 bf005dbf bf30b68c beec6b19 be0e1147 bdf86345 3e2951c2 bee5ca81 3eba0b39 be10d338 bf583f50 bf21fe54 3ed27ba1 3dac2270 bf790807 3f621f67 3db961b0 be6f513a bf436ece 3ee99aae 3ebd5a94 bf2f4681 3f2d5678 3ec14a15 bf124e80 3f391eaa bda6e41e bdd221ff 3eaa8afc 3f7567b6 bf2ec67b 3f73dfe6 bf217e72 3f2f26b1 beeadc56 3d09c0ad 3ea2aa1d beb8dafc bf1c4e09 3f1f9ea2 be6151be bc15116d bf447ece bc16fae8 beb56ab5 bf468664 3f1d7e01 be5ad30f 3f1b161b bdd7a622 3dc0252e bebfeb09 bec57af4 3c3d04c2 bed85b57 3f549efb bf10f619 bef5bbd1 be84daac bf2585cf bf40bef3 3f3be6ad 3e4d7312 3f69575f bf214661 3e880975 bf315dff 3f642745 3f699fe4 bf68475f be21d259 bf1b4604 3f0dddb8 bee01a88 3f1f8657 3ea4aa19 befcebc0 3f6d27bb bf47eeb9 be3c11eb 3f33d6bc bd942331 3f788064 bf28ce97 be2cf263 3ec68b08 3e9d4a22 bf24ae89 3f0d3e87 bedd1b7d 3f72e791 be0c91bb bf26268d 3f776fee bf764fae 3f7487dd bf51a6db 3f1105e0 be1cb254 beb39a7c bf3a06d8 3eb61ae8 3ee3ca45 3f742031 bf5bcee1 baa88298 3cf87e03 3f12ce14 be7eb407 bf6c5f38 3e887974 bf702031 3ea679b2 bf0ee5b8 3eb75a2d 
bf62a730 3efb0c1d bf795fe0 3f59e72d bd4747f9 bf4726b6 3ec4da11 3ebfba57 be37d166 3e4fd370 be3a1072 bf1ae64e 3e499279 3f49ef18 3f30ae29 3ee2baf5 3e5e135f 3e88ca79 3ed8aade be988a1f 3f1eeebf bf0e25b6 3f0c6e1c 3f410e88 3f784058 bf66dfbe 3f6de77b bee4ca1b 3dbde299 befeac69 3f29d6ab 3f1b3e31 bf3ab69a 3e95fa4d 3da81fb7 bf3b169f bf2e7e82 3f732fe4 bf7ce89f 3f108d74 bd9da14f bf133dbc befc4b11 3e9e0a98 bf586f5c 3f6a57b5 bf48c6a8 3e69d245 bcff7eab bef14b94 3f5ecf47 3db86616 bf2e669e 3f4346ec bd4243f2 3f2706a6 be18d079 3f2abed1 3e517306 bda1a489 befe2bdf 3d7c47dd 3e79d37f bf38f699 3f3ae6ea 3e8849bb 3e815965 3cda8de5 beb5fad1 3f2da671 3e5ad2df 3ee9eb63 3f16be1f 3f3b7ee3 bf516f44 bc3afa2c bf5b672c 3f12e636 bdcca133 bd1fc12e bf2c0677 bf185e18 3e6bd40b 3f054dec 3f4a56cd bf800000 3f47175c bf21de54 be9029ed be16b1d2 be7e53be 3f491e5b bed91aca bd996373 bef03b46 bf5ae71f 3f31a633 3e18f169 bf72afbf 3f41ee7f bee38a79 3e9bea72 bdc4646c bee77b1c 3e00f1d3 be4f3186 3e18314d 3da12338 bdc1a542 bf151625 3f05057d bef24bbe 3f486f1d 3f4926ad bf4b7f2e 3e0b122f bf7be000 3ef14b81 3f031dd9 bee71b08 bf3886d4 3f4ebea7 3e0bf2b4 3f33b69d 3e23716b 3e1bb28b 3ef16b40 be0db07c 
3f45b727 be2d934b 3f37b68f bf1abe5c 3e1d3068 3ee82b4c be0dd208 bf651f76 3f3d26c2 bf7ff0aa 3f44f720 3eacea63 bd18bf3d bf01cdb8 bf2a9dce bf01d5f4 3eb63aff bf728815 3e0451e9 bf03edc5 3dfce480 bcbb8d34 bf3ec6e3 bf02562a bf5bff67 3e253140 3b1bdd33 bec97add 3f345e39 be85d98a beaeda3d be80ca13 3e661526 bee50c2a 3f1195e4 3ec9ea72 3f7727c8 bf4d2ee4 3f0235e6 be687396 be12322f 3f69e7a6 bea23aac 3f0c45b3 3e994a10 bf3286bf 3f007632 be848a6a 3f73e804 bf5496c9 3e16d1f4 bf13de4b 3f54170e bf329ead bf64a734 3f4446c6 bf6d37ad 3e8649a4 bf4506c7 3eebbc7a 3f26be24 bf15ede9 be3f53f2 3f5b16f6 bf46df49 bc998063 bf6b5803 3f675759 bf33d675 be837962 bde5e335 bf2e8695 be9e8af5 bf4db70c 3f7a8063 be8ad9e1 3f12a646 be8c79ef 3d3641e8 3e9029d1 3f79b832 be035267 3f132df3 bf654f08 bee2da16 3f4c9f02 bf33f71d 3e9b2a9c 3ecb2aea 3f40c66a bf618eeb 3ec9fae0 bef3fbf0 3f24d5e6 3edd7b30 3ecf6b01 3df8e2f6 bf013dcb 3f5baeb6 bf0285b1 3ac7b246 bd2546e9 3da9e1b6 3de11f46 be01d003 3f1b2653 bef7fb2c be9bda05 3f2075e1 3e85d9fe 3e6bb2b8 bf0345c5 be15d0fe bf7e78c0 3f62a798 bef1cbc1 3f6eff98 bde8218e bf5646da 3f72a771 3e3bd2db be97193d be763356 bf546f34 bc38fff6 beb21a70 bf041d78 3ea0f9f3 
bf2eae68 bdc66004 be13f189 be8eda0d 3ef09bac bf25e6ae 3f085d7c 3e4d33c3 3e093375 3f4edf5a bf5d3f5e bdb3a455 becdeac9 3f4786fa be6d13b7 3f71c018 bf105dfb 3f7dd09b bd9e6786 3f3b56c4 bf229658 3f79905a 3ebc5a8f 3efd3ad3 3f0e25a0 3f150e41 bf573f88 3f7ae071 bf46e6a0 3e93ca4f bd986574 3e866ae6 3e43328f 3e6b348c bf2005bc bf066d86 beed9b4a beae9984 3f639795 bf6b4fa5 3f0f5685 bf4c8f10 3eacba84 beeb9b34 bef8bbcb 3f23c650 3dcae4e1 bec4ca60 bf13ce11 3f28ce06 bdf5a442 3ef8bc8f bf1bb656 3f45c6a2 3f5c5f3d bf450f24 3edbcba7 3df1e2f8 3f1af617 bf459718 be908a7b 3f053d9a 3ccb868f bd27bf9a be14319d 3ec08a36 3f63070a bf644fa4 3f4f8769 3ebb7a3b bdd5e64f 3ee45ae0 3f7607ae becd3b8a 3e3e52e5 bf2bbeb2 3f5c2749 bf6a5f83 3f1b869e bf764031 be9c5988 bf381687 3f0dcdad beef1b56 3f6aeff3 bf607737 3f4df669 3cdf7c19 bf741f8b bc1111d1 3e1913b7 3d8ea254 3e6e135b bf0bddeb bf0abda0 3d51c63f bf7ad013 3f5a5f27 bf180dbe 3e7a94c4 3e52d21a 3e8f6a92 bf3aae54 3f530714 bebc5a1c be119272 3ca27d2d 3f604735 bf7a2028 be9f3a1b bed29b4b 3f60ffb2 3c87813f 3ec98b80 3e45b2fe beb59a21 be2e3242 be94698d 3f0badc0 bf212669 bdd4a258 be4f940a 3eca0b5f 3f589f38 be5d52da 3f61a776 3df16660 be76537b 
3f685fb1 bf2d7e54 3f4016a3 3db3a436 be9daa6a 3d75c89c bd4146e1 be3d3217 bf2aae53 bf174e11 3f0bd5c3 3f2e7650 bf24be3a 3f47a703 bf324e4f 3eed2bd7 bf6df7c0 3e069287 bf4666c1 3e0112cf be2f1244 bf44e6d6 bf31ee6a 3e255374 bf561f0b bee32b68 3f3606ab bf3fbf2b 3e1fd40d 3e2df328 3f22b640 bf4716ec be7313f4 3e97ba2c bca98ab7 3f6ad7cd 3e1b1186 3f21b61f bf6b776c 3f52aeed be14b2d2 3ec1baff beb16b21 3eb95aa4 3f403e89 bf67df88 3dc4e147 3deb21ab 3ea3ba09 3e16f1ff bf4376cb 3f09759a bf32a6ac 3cb097e8 bf795851 3f092646 3ee18aef bf7c789f bc5d10d4 3f4fced5 be9a4a87 3e5f145c bf0035aa bebeab7f 3f326670 bef27bc8 bf1db614 3edcfb78 bf13f61c bf10d609 3f106652 bf6a17a3 beca2b84 3d932035 3e5d1293 3d9f20ff bf2c3669 3f2a462d beb6397b 3f6bf7e2 3e99f947 3ed91b6e bbce0e2d be10726d 3f24de06 bf2d561c bd113f26 be97fa7b 3f357e68 3e2572f8 bdfee189 be0c52a0 bcf38a61 3ee0aa2e 3e77b428 3e9a8af1 3f559748 bf110681 3e98db15 bf0a2559 3e689262 bf0f1dcf 3f2b6ebc bf09c634 bf05558b 3f334e46 bef29b82 bf02d5bc 3f02c5de 3f493ebb 3e4d5294 bf732027 3ea22adb beb4cae4 bf30e686 3f5e0f6f beee8b96 3f301e9f beb3bb5c 3ea41b22 3dcda3b2 3f41669b bf769017 3d92a439 bf3e1659 be53d401 bf0f8e2c 3edfeb30 
be87e9b5 3f0b0639 bf207e89 be859a39 3efffb5d 3e5c73d8 beea3bb8 3ef9fac7 3f541efd 3f1f163b bf51d70f 3c0aef96 bd922030 be1b31ec bf27c60d 3ec17ad5 3e8a899d 3f65e746 beda2b05 3ef79b51 3e4c12ca 3f6d976d 3e7e52a9 3e8619ce 3c998786 3f6c976b bf59972d 3f511f4e bd73c3eb bedafad5 bf4ebef2 3f411e67 3ef04a00 bf622f6f 3f15de1f bf359683 bf42ee7e 3eab39c5 bebdd9ad 3e5f52c5 bf0b3dda be8c29f2 3f575eda bf554f3a be6b9463 3ec91b9e 3e083168 3e217178 be56713b bf13e641 3f651fa7 bf0dee46 3f7d7066 3a509264 3ed0fb39 be607307 bf22ceb8 3f7967e8 3d8a6007 bf518f56 3ec59b14 bed2caf3 3f2d7e55 3f1e2679 bf7a5055 3f2bc68e bdce24db 3da0a13a 3f7f20eb bf17ae0a 3f2ace3c bdefa51c 3f7ed09b bf36ce68 3edffa83 bec1bbd1 3f198e76 bd0ec7c4 be173428 bf2a2602 bec3fa55 3d40c6fc bf0f25ff 3e70355d bf7cc7f8 3f4ccec0 3e9749c8 3d22448f becc2bbb 3c411930 bec34b46 3f4fa76a bf6e1771 3ea8f9e4 bebcda27 bedb4ae0 bf1a061f 3e3b930d 3e6a52f9 3e74f1fd 3e61d286 be6c53e0 3dfae3fb 3ec46b95 3ee379f5 3ddde23b be6df38d 3f7be825 bf45d6e7 bed64a26 bedd0b7f 3f736003 bef3bbf2 3ee78aac 3f13e5b9 bf181645 3ec4aaa7 bf4bf6c5 3f0e6639 bed9aabd bed72b19 be18925b 3d916588 3ed03ac9 3f059d94 3e24f2b2 3f556746 bf6e07b1 
be91c9d0 bea0cad6 3f0b65c8 3ba1e85f be9c4a65 bf0c95f7 3f6c3765 bf60b760 bf564f3a bf06c63f 3f61577e bef17b55 3ebb4b2e 3deba1bc 3f70b763 bde321e5 bf24d648 bf69df4d 3f4aa708 bed3fa93 bf757f6d 3debe2bc bf7b3065 3f072e37 bf242ea0 3ea729ba bf4b0ed1 3ef59b5b bedebab1 3f2fde52 3f25de0f bf07c5e8 be86ab6c 3f649783 bf7f2953 3f731802 3e6473fe 3e6e70e5 bcf584cd 3e2b127d 3e6df4ce 3ee0db47 bf2f4e5b 3e34758f 3f5276e4 bf51f737 3e814a44 bf4866f6 3ec7dad4 3f33665d bf43b6a1 3e847a27 bf35d6dc bf16961c 3f3cfecb beefebb9 3f3bdeb2 bf21565c beedbb88 3f515eef bd91a136 bd7f3f09 be922966 bf34468f 3f2f661f bec6eb28 3f058606 bf022d8f bf5ad6fd 3f31f674 bf66bf8c 3e9d2ac8 bf6547ad 3f4aeed4 bf6e4805 3f7047a8 bf34c6e5 bf126640 3f4b2f3c 3ad7dafe 3f32b6f8 bf05fdd1 3f688f79 bae8fad7 3f3ac6f0 bf12de43 be5e92e4 bf0815bf 3f7ab82f bf4c6f28 3f4f7f25 bf4826de 3f6687e2 bdcfe52a bd26431d 3eddaac5 3f58c79b bf34ee94 3e3ed35e bedf7ae7 bea11a97 3f243e3e beed2b4a bf4a8eb1 3df6e56b bf54df2a 3e625196 beb86b44 be05b014 3f7237a4 bca68101 bf00b625 3ed31b7d bf31c6a1 3e0e32d1 bf0575af 3f278619 3dae2444 bf1ade5f 3f477eed 3eff5af7 bec45b58 3f228e69 bf407f09 be3051c1 beb30a45 bf205680 3f62c76a 
bf0f3e65 3f79f79e bf3ebeaf 3e46915a 3ecfdaa0 3e92fa3d bf2e4e8b 3f447f08 3f709f78 3ec7baa3 bf3bcea9 3ed81b12 3cfe8718 bf34b63b beee0af7 bed25bb9 3f5d971d 3f602775 bf7ca893 3f18adcb 3f4b9e7a be3532e4 3f10369d bd2f40a8 bdaa239c 3c5d008a 3f6bcf95 bf45aefb 3e9b0af0 bf4fcf36 3d66c164 be4351e4 bd534898 be8ae95f 3f0af5b0 be94eb08 bf213623 3e9e3ac2 bf25fe52 3f134e43 bf2d8e94 beb34a54 3f52d722 bef2dc65 be4e332f 3e95e9f8 3df7a175 3f5ed729 bf122e10 bee70b3b 3e9fdb41 3e4192ad 3ec64a37 3f0b5dec bf47ceca 3e51535f be83ba87 3e0673af 3f3ecefa bf30269c bde1a3c1 3e8389c5 3df9a217 3e5f345c 3eca5a63 bf4966dd 3e30f302 3df4e2f1 3f06ed9a 3d124445 3ef94b80 bdc9e1c8 3ea69b10 3ca67937 3e8229b2 bf251610 3f27ee5b 3f302669 bf7c9022 3f0b45d8 bf5917a1 3f1e4e35 bf55cef2 bed3eadc bd10c497 be2d1130 3f0ba64e 3ee4bb57 bf62df6f 3f4c4eae beaae9e5 bd2946bd befebb30 bbfdd8f6 bd5bc09d bd1bbaec bf63a702 3f57cf32 bec1fb4a 3efd6b89 3e3072be bf281635 3f74ffec 3e64b440 3f269e60 3e0ad2cd 3f1985f6 be56f226 3ecb6add bf2866d3 bea91a6a 3f5196a9 bf3b56ab 3f43c6d3 bdc0e5d7 3ec58b42 bef2ebdc 3d886303 3f2df6b7 bf67e711 bf1c2e20 3f37e6a2 bf63ff5f 3f4b6f6c be86ba15 3f75b775 bf16f60f 3f2fae77 
bf37fe80 3e4bf1cd bf2eee09 3f506f99 bf78e803 bd78c283 3f23ae7e bf65b7a3 bf1e1635 bf28de8e 3f452ee4 beb779e7 be8f9a46 3f66b753 3e4a12cb 3efa3b84 bf18ae6f bf35ce9a 3ef37b9d be06cfeb bf518737 3f29be95 bf7a3fff 3f3016a7 be94aa19 bcb57d78 bf4446a5 3f5a172d be68d390 3f786852 bf1f3e26 3ef4ec0d 3f5fcf60 bf680f1c 3eedfb9b bf1325da 3f6927c0 bf0ba5dd 3f52971f bf7f314a 3f5a0ecd 3ec29ad9 bf74c7d6 3f46cf16 be4c936b be90da89 be61932c bf1f1dec 3e101261 3f7bf87a bf530f34 3ea20b0a bf52feeb 3f22de11 bf097df5 3f4e8f45 be0d32da be8ce975 3cb3876b bf07d5bd 3f7f08ad bf545703 3f3bae8d bf7bd840 3f00de25 be9aeaee 3f519eff bf48f711 3ec13a9e bf31f65e bf3ff6bc 3f408edf bf0405f0 bef6bb89 3f46068c beafaa3b bedb0a86 bb821a4c be0a1296 3efa7bab bf241ddf 3f385ed2 3d04412b 3ece1af9 3e80e980 be329401 3e197170 bf5bef66 3f5d679c bf33769a bd9de329 3efc9c0e 3f3edf37 bf4176f6 3f717fc8 bf14768d 3e94eb53 ba50386f bd0e48c0 bee2ab88 3f00857e bed67a65 be9ea9e6 bf138591 be994acb bf086601 be9df9c4 bdf2e2cf be833a69 3f3acec1 be6d5387 bdc32542 3df7233b bead69fd 3d0d4504 befd6a96 3f262e9a bf601eed 3dc8a37d 3edb5b33 3ee68b4b be1d511a bd0bbf30 3edccb6d bf6c5758 3f316677 bf587f1b 3e757388 
3e2ff2b5 3eb86b71 3f040db5 beebca9f 3ea27a1b 3f248e41 bf628f9a 3f6ef00b 3ebdfad4 3f7d783e bf78a0a9 3f2385eb be5f11ac bd802124 bf487eb5 3e4912a3 be47527b 3f120623 3eda9a91 bf3e0edd 3f551f24 bf6eb801 3f7b87d3 bf321e5d 3bea2c0d 3f734fc3 bef21b19 bd9d6363 be47d24c bf58af7f 3f4cf6d8 bf627f4f bea25991 be25b030 3f69777c bf6a4f71 3f53eed5 bf3beee7 3e09716b 3f4c97c1 bf40aebb be6a1390 3f1075bc bf014dfd 3d6cbbe6 3f4916d5 bdee65ba 3f2f0e7c be8d0aac bf23debe 3e541488 3f12c639 bef5aaa3 be52136a 3f329683 bf780fda 3e8059e0 be80e9a1 3ee3fba6 3ec4facf bf19deb5 3d61c5d7 beaf6b91 3f45eeda bf4b2733 3f5ff71e bf780823 3f002e4b bea3dadd 3f33a65f 3f401ee2 beec0ba1 3e1d1138 3eed5c2e bf6af74a 3f7377d9 bdb6a00d 3d9de0ee 3be5f472 bd81e4ea 3ef75bd5 bf2c966a bd3cbd88 3d876215 bec04a8e 3bc24257 be36f2bb 3f0f6ded bec4db23 3f1d8e94 bdb961d7 bead19b3 bf648740 3f382e98 bf3d9690 3eb45a7e 3f2f1e27 bf74e7be 3eecaab1 3d604396 be747484 3e8f9961 3f4dd6bf bda82221 3ec88ade 3f1b2e21 3edfab27 be30b39d 3f0e0601 bf76e82c 3f3b468d bf3356b0 3f7ce05b bf52072d 3f4b3ef7 be17d346 3ce08e53 3f676f80 bf1f5641 3eda1b49 bf78d07c 3f4b9732 bf7e988b 3f71380b bf3b7eb0 3eb27aeb 3d906215 3f2f7e9f 
bf4bd6ac be1031ee bf0805d0 bcb485f6 3eda6ae2 bf62f739 3ef87be3 be3ab23f bf75104d bee30b05 3e51d300 3e8519d7 bf39ce59 3f4dcf07 be1b50c9 3ed80a18 3ca578f7 be17112a bf721faa 3f7d4017 be4115d8 3f18dddb bf093614 3f1afdff bf123e38 be5d1220 bda663c2 3f2315e1 beaf7ac5 3f7ef0f4 bec71ba9 3ed60b1f 3eb1ea53 3ee40b01 bf4fd6ec 3f095dfb bf1afe6d 3ec0bb18 be54f2e7 bf2795f7 3dcea22a 3f4af717 bf57f7a2 3f6e280a bf49e6ed be88798d be96da38 be5df2fc 3c42e9c3 3f5daf56 bf00ade9 bea69b12 3f6d3749 bdd0601f bebc6aea 3e4511c5 3f22067d 3e5ff4c1 bf4876da be093095 3e9c3b54 3f25a632 bea8fa0f 3d9825fb 3e6ad338 bf158dd6 3f19e60b be96bb50 3eb8b9fa bf44f67f be421349 bf0d2d99 3e657332 3f2fce08 bf419e9e 3e1c9102 bf39a6ce 3f663f61 bf3296f8 3e7c93fd be45f32e 3dcb23f7 3ed9fbaf bf4a96e5 3f4d6eda be56d1a2 3f1e5f25 bf38debe 3eceab08 bf7ba041 3f47f671 bdafa4a9 3f00b5d8 3ec3eaec beef4a9a 3ccc828b bf1ea642 3ecdfbea 3f17adcd bf64df79 3f31de48 bf2fae5a bf195e56 3ea5ba9e be8dc92d bf14e69d bf48befc 3f392f18 bf21c64d 3e81e9bd 3ef41c4f bef71b11 beacea9b 3f35fe99 bf718ff0 3f0d1ded bf6a0799 be2c343a 3e8c89a2 bf148659 3f4d96cf bf074e46 3f392718 bf1ad5ef 3f107e3b 3e0fb197 bf484652 bda8e387 
3f5bcf6d 3da79e32 3f1bc617 3e23d2cb bf1946b1 3f1a0e92 bdc1e465 bd6cc37b 3f623fdb 3f356e52 bf4cfea0 3f4b8f1b bee52b8d 3f0f353c bf7f510d 3edf0bc1 beeb1af0 3e37337a 3f52575e bf376618 bf4b56b1 3ed1abf9 bf67bf1a 3f24ceb1 3eb96ad3 be87ba92 3e9b4a10 beb0da36 3d453e30 bf126e43 bf076d5e 3f0c0620 bf6d57b7 3e00b178 bea6ea63 3f091601 3e397130 be8a8a1a 3f443752 bc908cae 3f2f1665 bf7ca061 3eb38a83 bea75a5d 3f13f618 3eb49a05 3d05c09b 3eb03a13 be02f11f bf77f086 3f6ce7a3 beb76b5b bf3b66ca 3d0c465c 3ecbcad8 3c847820 bf781822 beb1eaa5 3f6baf87 3e3f5357 bf5c6742 bd3fbfff bdbe1da7 bedc9a64 3f3ad6ca bf4cf711 3f495f59 befa5bc3 3ec6fad6 be85a942 3f0fb5ab 3f78f7e5 bf4afee1 bf0f865e 3ef52a54 3f4a8efa be59129a bf275ea1 3f72ffb8 bf584f5e 3f06958e be8909d1 3e441127 3eb4fa8a be87ca59 bef58acd bcd6829a be3b91b4 3f309680 3d80e3d3 bed58ba2 3daa5fb8 be996966 bf3bf69a 3f791fff be2ef3a6 3f3f5ef3 bf58274d 3dae6080 bdc8df4f 3f02fd8c 3d1c4755 3f04de47 bed7fa9c 3cbf9770 3f546672 3f02560e bf54074c 3f70bf5c bf38ee8e bb4c5a37 3e04105d 3ee7bad1 bf119dfb 3efa4c06 3e32f2b7 3edc6ad7 3e113150 3e8e4a01 be22d420 3ec22af8 bf332e89 3f017daa bf31165a 3e871a2b bf09bdaa 3f7a984d 3cca823f 
bf2b25cb 3d714734 bf75d825 3db72453 3f0f5db9 bf3bae6e 3f564720 bf57c722 bf19ce17 3d4fc4e0 be9f59bc 3e037124 bf245de7 3e71d47c 3f4196a1 beeebbe6 3ed5aab0 bed57b19 bd93a237 3ea45a5d 3f4b5ef4 3dea21c8 3efbec83 becbba4a bf55f722 3f591732 be7dd3d4 beb7ab8f 3e733478 3f5f176c 3e1a12d9 bd44c6dd 3e854ad2 3e86297d 3f1b4634 bf5126e5 be2d325f 3d63c30c bf2085be be147293 bf1bde48 3f317e89 3e67320f bed16a7a bb91f052 bf4de74e 3f40fef5 bf5d7fcf 3eeadb3d 3f471f3e bf5cbf8f 3f2096bb 3f09adab 3cbb8ce1 bf10ce1e 3e8d8a43 3f48df0a 3edeab35 bf5cfec1 3e58940f 3f3eee7e bebd3a22 3f70e794 be9f8aaa beaf99a3 3f73b7e1 bf674fbb 3cf4925b be95fab4 3f478f1c bf650f79 bf37a63c 3f19be5a 3f37069f bf062e1d bf713fa2 3ecbebb9 3ece8a40 bef70a70 3f0995ed 3d7ecc39 beed8a52 3e42534b bf5ff74c 3f6d67ab bdf6a567 3f1b5db6 be31915c bf05bdc5 3d8d600e 3edacb38 bf05de00 3f7f3135 bed6eaa6 bd393fe8 bf097568 3b9e11c4 3cba7f53 3f4e26f8 bf385eb7 be71f3a7 be20d153 be49b476 3f600f39 bf39773a be22139b beae4abb 3e968abc bec03acf 3f2d6ec9 bed55b91 3ed1fb22 bf1e1e98 3f089e17 beafea76 bf262e8d 3e90397d bedd3b32 bf268e8a 3f579729 bf6fd7ea 3f38c687 be8d5a87 3f3b0e60 beb8fb1f 3f028dec bf756869 bdc7e3ac 
becd6a7c 3efc5af8 3f646f76 beebeac1 3e7b1480 be6eb0ac bec62af2 3f3e6e9d 3f42df42 bf114de7 3ee4cbed 3e8d9a92 3f46df26 bf5dd77a bdbd2388 bea4fb51 3f1b7dea bd33403c bec5fa5d 3c6d0ed9 bf1da62f bf214df8 3dd3a36c 3e2eb2b2 3f17a5d3 bf2e960d 3dde61a8 3f143dd0 be811980 bf42a6ec bf373ea8 3f4c4740 bf5c8f6b 3e145241 bf6a6f40 3f34eec9 3ed82a68 3e20133c 3e04aef6 3f17fde3 3ea5c9a4 bf261e0d bbae0428 3e936a70 3d4d4a1f 3f1f3637 bf69afdd 3f2f3e98 be059148 bf673f6c 3f42370a bf472ef0 bda45f60 beaafa8e 3f6ba78e bf544788 bebdba9b be5d728e 3ec2bb20 bf6b8f75 3eca8ac0 be9879bb bf7c2064 3f6cb7c5 beed3c07 bf070606 3f12fdf3 3ee77a9b 3e87fa15 bf5dbf98 3f35360e 3eff1b1d be57740f bf729fc7 3f67373e 3ecd3ac1 be3df17e 3e76f3da bf5db736 3ee35c40 bf07ddac 3eb74a93 3efe2b44 bd76476d bd2345a3 bf465edd 3e69523b bf01a5c1 3f77d886 bf5536e9 3eec8bcb bde29eec bf1f7dc6 3f2b8dfb 3dffe3d0 beb2fab7 3f762fcd bf264e4d bed19ba3 3f139e0c 3f1f6ed4 bea06a36 3dfd659e bf66a796 3f559ecc be2dd14f 3e4591dc bdcd1fd8 3e4f53e6 bf5c1f25 3f521f1d bf37c619 3ea719f6 be25726c 3e4cd21c 3f374e87 bf319e55 3f4b4f05 3f04158e bf76d03d 3f3fbe67 be135260 bea84a52 bf03adcb 3ecf5a91 bec81b7d 3f199671 3f4466be 
3f78a826 bf714f52 bd774711 bf223e46 3f1c8666 be6a74a4 3f0c85de bf25de56 bf4fbe95 3f4e774f bec6da8e bf4f7e69 bf0ff5d5 3f799ffe 3c827bd3 3eb88a9b bf67af8a 3e84f955 3f099df6 bd9ea65f 3eda7acd 3f0945c7 bdc9a437 bf15b5cc 3f415e72 bee8eb94 3e2bd263 be03d11f bea65a84 3f6e5f32 3f57c70c bf6727f6 3f58e741 bdd124d7 3f7a5097 bf470730 bdec62f1 bf5666f2 3f27ce25 bf78b034 be03b2bf 3f59873b bf5b0f5c 3f33769f bf641f6d 3e6fb355 3f3b9e87 bf2d9ebf 3eb55a57 3e9dd9ec 3c21094d 3e91a984 3dada105 3dc6e228 bf1d5674 3f552ee9 3e2e337e bea00a3a 3f3ade5b 3f350ee9 bf30d66e 3edb6aab 3f62271d bf6aafdd 3f0555a1 3f28bddb bf32c669 be7a15a7 bf2ed6a0 3f24ae92 3df3e665 bf782027 3f15b60b 3ed3eb53 bf6b9f88 3edc9b6d bf635f2c 3f064566 3ee6cac5 3df82331 be3a3210 3e9dfa4e bf658f76 3efb1b9d be933b44 3f7a8822 be983a8a 3ea1fa43 bee19aee 3f3e9ed6 bf57df82 3f2b9668 bdd6a0b3 bf0bedf9 3d17bc6a 3ef1eab7 bf62e758 3eca2b93 3ea5d996 bf1175d7 bf128da2 3ea96a7a 3e89d8ef 3d9ae5fc 3e98b94c bf4626fe 3f441f4a be992a31 bd85e10d 3f6a07ef bf6d7fdf 3f39cec6 3e5a518f bebfaa87 3d73c2cf beee6c3d 3f030e01 bf635770 3dd8e767 3e901a69 3e69b2c1 bf104e4a 3ef2babf 3f4f3f81 bf664f77 3f2035d5 bf0b2559 bf6f7faf 
bee74b76 be1c9163 3f5956e9 3e4131f0 be3a726e be40b52a 3e081304 be0f5287 3f7d18d8 bf7f1088 3f41f684 3f110deb 3f1365ec bf382e79 bee5bb64 3ee70a8d 3d21c22b 3ea429fb bf5c9edd 3e8e7a6b bea8eac1 bec88b47 3f36669d becedb18 bf04de15 3e87e9bc 3ecf398f bf44070e 3f59f748 bf7e60f3 bf16ddf6 3ebad9e8 be86d9cc bea7db1f bf195633 3e5274a9 3f6707b7 be7933b4 3f0efda3 beb96aaa 3f2d961e bf333e99 3f3826a3 bf0c3df2 3f46d6df bf168e71 bf2835ea 3f6777c3 bf72004e 3f16c606 bf60c6e1 3ec2aab8 be9d6a99 3ec9da03 3d27472b bf416682 3f133ddd be91f9b1 bf24f666 bf63f74d 3f4be731 be7f730c bf3e7ecf 3f2e16bf bf072e15 be645202 be07f173 3f444e75 3f2e1e6b beee2bd2 be8cc971 3f57ef77 bf741024 3f5e0754 bf0f95dc 3f4636db bdfe2332 3e1f532b bf522f3d 3e6b544e beab7a5c 3f176db3 bf1df68b 3f62ef15 bf6b2f82 3e855a4f bf71f82f 3f78784d bf7f610b 3e38d3c6 3eb36b34 be9baab8 3de82465 3f51eedf bf6f576a 3f28ae49 bf003da3 3f1c4643 be9239a3 3ed7eaf1 3ece0b1a beeb8b2a 3eb19b1c bf1ebe41 bc6af768 3f273e9e bf74bf8e 3e2c5377 3dab654f bf3e1e20 3f3b76e3 bf18b64c bf2ebebb 3f68d7be bf47a717 3f4b46c6 bf139e11 3f71979f bf0f45ab 3b91e5cc bf31a6d6 3f1eb674 be3314b7 bf5b5710 3f201e9e 3cfd7b1e bdf521c7 3f633f51 
3f057df3 3d3d3b55 beaa69d6 bf3f768a 3f0fde22 be8e1a0d bd66c137 3eb5fa7b bf0fde08 3f064e44 bf294e9f bf255610 3e32730d beb17b12 3f606ebc bf15662f be0fd2c2 3f02edb8 bf0c8dfa 3f5abf0b bf1fa63c 3ee69c8c bf6c370b 3f53e67d 3f4726ef bf5776cb 3eb9eb16 3e6ef546 bec8fb19 3f5c3f43 be3e9377 3f59bec4 bf5d772b 3f77b025 3ef0bb4b bf1d1634 bd7cc5a7 bf1d5df2 3e51115c bd8b60f0 3e8d79ae bf5e7f2e 3f5376fd bf7517f0 3eee6c01 3ec66a96 3e8ef9dd bf0a9e31 3f5a5711 bf41af07 3f7a37f3 bec5dc05 be3071af bccc88f6 bd9022fd 3f22566c bf52f760 3f035d64 3f0f2603 3f5f8f5b bf620f68 3f0b5610 be9e5adf 3f16adf5 bf047622 3f241e59 3e8b6b29 bf5fd6d3 bf2b4dcd 3ef81bc2 bee1db24 3f06a581 beb2badc bde56372 3e5cf34d bf494ef6 3f09f5a3 beb62aae 3f02a591 3e7d31a9 bee0bbab 3eaf09ff 3cd47cfd be47f41f 3e6b732c 3d37bc33 3f51e6e2 bf5a0f46 3f70f763 3e8cfa95 bf7ee8e5 3f47070f bf6bc737 3e707245 3e3252ec be39736a 3ed6aa9a beaa8aab bf080e00 bdcd65fc 3e021024 bdebdf0b bedbaa5f 3f5eb754 bf0625b6 3dce63a4 3e7553ad 3f509f25 bf1fde54 3f56efe3 bf5887ad 3f6fe7ca 3ea5aa05 be98da84 3ed7da41 be9b6b33 be39d277 bc878e3a be419432 3f4c6736 3f23a5d2 bf6f5fc4 3f4ab6f9 bea59a9e 3f03758e bf69bf60 3f36a6a0 bf6f8800 
bf5ca785 3f330ece bec85a9b 3f71102f bf1055f1 3f766816 bf7c708a 3f38ff1f bf715fee 3f2a4e44 3ef57ad6 be350fd3 3f1e0e5f bef2ab7d 3f3316b1 bf42671d 3f27f630 bf6116d0 3f7eb0f0 bf3436db 3efeec70 3e92ba28 3e22d3e5 bf004615 bf68a73e 3f5c0f25 bf657f7b 3f032e16 bf2c8e94 3edf4a8e bf507f3f 3d82e2d3 3e967ae9 bf528f2c be5cb31f 3efd7bc0 be00f31b 3f449ed0 bb8a4263 bf6ce799 3f651789 bdbbe182 3d8e20b2 3f171628 bf26deae bf22861f 3f27d6a7 beec5b73 3d0e3c96 3e57f28a bf55b751 3f6ca782 bed89be2 3f39c6cf bf7f08f8 3f4846f0 becdbb08 3eb7eb59 bf593757 bf1dd6ad 3f6a77b6 bf5b2f93 3f7d203d bf75606f 3f355698 bf2e0e66 be21b088 3f57bf97 bd8c22ad 3f574f0b bf208e2c 3e17d04a 3e6152bd bea4aa45 3f312e00 bee46ae8 3f2f8e4a bf7f4158 3f4d9f2f bf7e90d9 3f7bb80c bf3eaefd bcd08794 3df223c7 3e5092da bf1e76aa 3e435369 bed1aab1 bd8ba1b2 bf0d7df2 3f05360d 3f05f5c4 befadab8 3f3faea7 bf6307a1 3f2ff62b bf7537df 3efc6bcd 3f61aef8 be2ad041 bdb4a162 3ebc9ace bd855ebd 3ea7eac3 bf155db4 3f1ade3b bf100556 bf7297fa 3ed14adc bee44ad3 3f3646c2 bf7357e1 beb78b41 3dad206b bf18ee3a 3f780fb0 bf429686 3f796fda bf09f5dc bf2b0e14 bf448e74 3f4a8724 bec65a33 3d835f7e 3e36f269 be07b259 3e11103b 3eee1b30 
3f21f5dd bee2ca0f be7ff297 3e82a9f7 bf253dd3 bef41c0f 3f6dbfa9 bf04cdff 3f5036fe bf2d463b bed2ba8d 3ecddbba bedd5b64 3c88815d bf355ea1 3ef67aba 3eb2fa1c 3c0cfa5e bf2ede57 3eb4bb97 bf51bee4 bbe21ad2 be0650b7 3f2d3ebf 3d33be7d 3f179e3b bebd5aee 3f51df17 befe0b5e 3e44d401 3f12de5b bee1bb3d 3df11ec3 3f4c069a bec28a79 3da8e2a9 be2bb28a bf492723 3e37f20b 3f70d826 bf7aa7d8 3e6b1370 bf2ace2a bd37c529 3f2b0619 3f011dc1 bf63e78e 3f1015f0 be960a88 3e80293a 3e9f9b45 bf6f679e 3ef5cb00 beff2bc1 3f3e2ed6 bf1b067e 3e339356 3cc786e8 3da320b9 3f446ed7 bf51ef4f 3f376e62 bf5b972a 3ec19a85 be54741a 3ef72be6 bee96af2 3e1a32bd bed9eb00 bf1e8e6f 3f0fce0b bf36aec0 3f329e87 bf4b3edf 3f203e2d bf22769f bd8462a1 3f69cfb3 bf595ee4 3f41aec4 bf5b077c 3f2b2e71 3e8d1a7b beeefb0c 3d113e79 3e93fa9c beac5ab8 3f678795 be4bd322 3e7e12b3 bd95a330 bf242650 bd3bc858 3ee8caa8 bf0c15c9 3ef26b10 3f255644 bf414702 beb2cb42 be8e9a48 be2672dd 3dcb668e be553216 bf3efe9f 3f7c9865 bf6f9812 3f6c17c3 3ed73a72 3f532f0a bf6b3f71 3e5c9209 3ec1aa30 3ee0bb47 3f4f26e5 bf353ebd 3d869f2f 3e26f256 bf5e3784 3f2eae9a 3f22a687 3f0d5de6 3d28416d bf4a3f1c 3f269666 bf6b27bd 3f7c3040 bf566f9b 3d8ae5ae 
bf563f62 3f1f5608 bcb27d7f 3c5af8d3 3ec63b04 3f0cbdcc bf111604 bf2f3606 3f6f77c9 bf3cc74a 3f792ff6 bf49febd 3ed32b41 3e6632e9 3f4f172d bef82c32 bf7827de 3f56bf08 bdbb6412 3f36fe56 3e8aaa21 3e30b3b2 be38f26d bede9c38 3e1c73d7 bf603f67 3e86a9fe bf4c0efd 3f2cd69c becddb34 be3e1297 3ea8d999 be3cb1fa bf4a36f6 3f664fce bf2ee635 3f463e54 3f0145f9 beb09a05 be9c1978 3a70cb2b 3f4fdf80 3ea9aabe be0e5204 bf2b9e71 bd965f94 3ec49a33 3f0805f6 bf59773c 3ee54bb7 be8f89f3 3f543705 beae5a06 3ded2501 befaecdb 3f0205c1 be649345 3bb61651 3e52b280 be4a1368 bea14a64 3f21060b bee6cb48 3f6eaf67 bf3566eb 3eb6ca56 3e119213 be18323a 3ebb9a8c 3e071126 3e2a3034 3edf1af7 beeceb89 3eedeb50 bf144dbd 3f46b6ec be129346 bf11de14 3e193231 3d313f52 3f22e696 bf7ba840 3ef18af3 be7192e6 3eaf1aa0 3dc06493 bbc61d3a bf3a7e17 3d94df6f 3e982969 bee81bba 3f25f641 3ee26a50 bf6a904c 3f7e6880 bf502e95 bf2f16d1 3f7f58a9 bd56ca5e 3f1cbe47 3ee42b62 bf067d59 3f222e34 3f11ce73 bf4f5714 3f66efbc bf57273f bf25a625 bf26fe0f 3f100654 3e2630be bec2db1c bf11bde4 bf6c6fe6 3f7207b3 be113228 3d2b404a 3f30df01 bf3d9e60 be26918b bf5f1783 be22b166 3f601f4c 3e4a90fa be79554c 3d9e62be 3c8f8401 3ec4cae3 
bebc0a55 3f141613 bf459e8b 3ecaac1a bee76b08 bef3cbab 3f560f44 3e0993e6 bea12a8a be63d30e 3e9eea9f 3e363445 be3cd253 beb5795b bf69975c 3f59af5c 3f47aee4 bf57bef5 3d1747ba bf4a0e8a beabea5a 3e96da48 beb74a1e 3f7cb87d bf211e37 3f4d8ec2 3e645031 3ed65a84 bf29d69a 3f5e1f48 bf70179d 3f511705 becfabca 3f328633 bf1d9662 3c1513e0 be70b4b1 bf642f0c 3f090e12 3dc3231b 3da0e28b bf509eea bf3dbea4 3f67af92 bce581d2 3ec92a71 bf5c16ec beb0ea50 3f633759 bee9fae1 be9b79b1 bdaee645 be095209 3e4f3169 3f2715f5 bf76a057 3f4def12 bea329db bf36f64b 3f1c061a 3cb77c9e bef9db9b 3efc8b27 bf5a8f48 3e25d268 3d8522b0 bf4bc6fe 3f6ff751 bf7ae06e 3f4576a4 bf700024 bdd3e590 be3b34ab 3f6c6f75 bf7b5893 3ebc1a81 bed15af4 3ef9ebc4 3f004dfb bf40e676 be5492d6 3f1275df beba6a30 3dfbe4fa bd2d442e bf72e03f 3f211e52 3ea1dae5 be2f924c be1dd231 3e78f56e be77b512 bf4b66f4 3f5dd74f bf501725 3f4d0f13 3efbbb07 bf3a46ec bc56fd99 bf747819 3dc727bc be38721f beaa2a25 beea9ab0 3f1bfe43 bf6d2f4c 3f49e72a 3f74d84d bd49c52b 3ed87ac7 bf555e90 3efd8bb1 3f20c605 3f13ee3e bea94a9e bf071d9d bdf5e8ab 3d094171 bcfc8175 3e4931d6 3f6cf793 3e297260 bf3b85fc bf650735 3f4b16ef be5f7343 bea0db02 3ebd2a1c 
3f5c87c1 bf7f915a 3f6db773 bf21d641 3f45671a bea209a1 be9659dd bd92a1ce be0051c0 3f5e9f40 bf573717 bf0f2d88 3f54d6c3 3d962124 3f431ed2 bf74b038 bf10b642 3f54b72f 3c60fa8f 3f33f680 be2a70b4 3ef31bba bf01ad7d be3ef373 be50f34d 3e73d579 bf59c6f8 bd5f45ac 3e5a73a6 bea79a94 3f05d5a4 bee20b60 be749433 3de8e0e8 3cb98f97 3f427e8c be041293 3f537f74 be7c92af be070f28 bbb22135 3f6ab7e4 3e72b47d be05d0cc bf50becb 3f0e85c8 3f1e8643 b9e2a7d7 bf0ecdea 3f1cae79 3dd92268 3e8c6a00 be6cb389 be0eb24e bf022535 3f35e644 bf3d16d1 3ef63b23 3f568f27 bf559f71 3f06d62b be417386 be830948 3f4cb6dc bd5fc633 3e5b114d 3f05fe4c bf526709 3f348e56 bf0f1650 3f1b1e11 3f2a95c3 bec73bab bf176e33 3f11bdd8 3f0ebda6 bf316725 3eb0e9e7 bf61bf18 3f212e36 3e8cb980 3a30214d bde0e0b0 3d70c87f 3e87a8bf 3f1d965d 3e1af1a9 bf533757 3f36eede be2f7281 beb10a7d 3f61278f be7bb4dc 3f216649 bf4126ae 3ea4c9fd bf4deee3 3f265e4a 3e759196 3f45f6ad be0f1220 3e6a926e 3f660f92 bf2c7e0a 3f0c2dbb 3d9d615f bee7aab7 bedc8ad3 bf6ad7d2 3f41d70f bf197e4e 3f34a687 bf7d50a0 bef00a93 3eb6aa8d 3ea00a17 3f56778c bf7b883a 3f54bf15 be89c9fd bf50f6fd be7e32fe 3f60778d 3f17b61e bcee90b3 bf286e44 3f781839 bf41f6cf 
bf59a74f 3f566751 be8fc9e3 3d81e0b6 beab2947 3f370ec3 bf17d636 3f7f88c2 bf1fee82 beca6bc6 3f263e29 3f66778e bf66cf83 bf01dd30 3e23b205 3f2766c8 3e3b7054 beb97a8d bf3a3e92 3f3abe5e bf764871 3ed9bc33 be6233af 3f346e98 bc9e83e3 be31325f 3d214441 3f79effe bf2986bb 3ec95aa7 beb64a6a 3ed9caef 3e2612a4 3e890a1e bf378658 bf099e33 bc8f8936 bf166e2f 3e1872c9 be5370ca bd76bab6 bec06a84 bf07fe07 3e5373df 3f1a2e45 bf0f0e51 bf5a5f6b 3f49b71b be55f164 bf0295da 3e8bfa80 bf4cb6d7 3f550fa8 3e4ff2ce beb68a95 3f124d56 bec52af9 3d58c39e bf7ef125 3f5f0fb6 bf6a67b5 3f70575a be28d285 bed28b3d bec96a2d 3bf5fd38 bf06f61b 3f4e0f2e becdcb78 3de5a1ba bed3ab32 bee93b43 3e957a8f 3f1585e8 bf2e270c beadfa3a bd03c4a2 3f7687ee bf313685 3f480ed9 bf458e4d bf228e2e 3f50a67a bf11e60f 3c310112 bf4b96fa bece0a96 3f4acf88 bf4be701 3ef0eb1b 3d7d42c6 bf73682b 3e9b3acb bf3c1ef7 3f7e98c5 bedeab8d 3ea32a6c bebc4b4a be9379fd bf20466c 3e8bd9a7 bf092577 bf317ec4 3f294e39 bf68bf4b 3f6b279c bf1985fc 3f2cc656 3f7e487d bf63376b 3f483719 bf3c96e6 3f39aed9 3eb70a51 be79939b be531374 bf5fff5a 3f33265d bf01fd80 bdeae3a1 3f458f14 3d87e394 bf0dddb6 bf116d70 bea6da28 3f6c3f2a bf7a7807 3f0d45d2 
3e8d2924 be1e522e bf5b4f90 3f6f8f8e bf4286d0 bd07401e 3e601422 bf412ee1 3ef25ae6 3ec42ae9 bf38a6a2 bf60af1c 3f65bf73 3ecd0ba3 bec53af1 bf4b1e90 3ea2b9af 3ee92b26 be485306 bb63b6e7 3d4ec8b8 3e821a12 be918920 bddfa224 bf309697 3f6f3fac be77f2bd bf0c0d98 be571112 3f067dd3 bf35b671 3ed92b77 bf739822 3e077227 3f4ceeea 3f11b5db 3e005279 3c3f1e96 3f157e5e be6b7345 3f4536ad bf251e12 3f5b2f75 bcd98071 bf0b4e69 3f254dfe 3f186e45 bf7fd1c2 3f5cff3a bed26b19 3f3bc685 bea0b9cc 3cb1882f bf70c026 3f7ff947 bf5e579e 3f0035b0 bd5649da 3f7bc8a8 bf593f86 3f625fb6 bf632f36 bebe3b03 3f5c9f55 3dc665a2 3e0d13f9 3e29b22b bf017e01 bc7f2930 3f202679 be025363 3f09edab bf3d8ea3 3e844a45 3c9d7d8e 3f3c169e bd9e208f bf4a6ecb 3eb00b26 bec5eb40 3e9419fe 3f6e077f bea8da5a be88b9e4 3f35be66 3ec52a5e 3f5de73d bf7e68c1 3f732009 bf423eef 3e914a67 3f6acf85 bda963c0 3eb29b7c bf5c6f52 3f015d73 3cc9845c 3f0a6612 be62b3b1 3f2bb632 beddcc47 3f782833 be864aaf 3f4226c6 be8769ef bf2b6eaf 3f628f99 bf761803 bdd261e8 bf0dbdfb 3f5dff2b bf281e30 3c38f4d5 3da964c9 bf063550 3f58d6b9 be5c51b8 3f49d701 bf0ce621 3ebdeaca be149395 bf08bdcb 3f55afb3 bdf821a1 3f648724 bf730043 3f05ddc9 3e5131e6 
bf04ee04 3f640ede 3c48f0ae 3e81c9b1 bd64beeb 3ee8bb37 bce88530 3d6fc9c6 3dcf2308 be9fca94 3f05add8 3f626ff9 bf5f2f82 bdfa2484 3f0a2dfe 3f239e0c bf368e66 be281174 3f4f06bc bf49d714 3f6c07b1 bf349e3e 3e954b15 3e9229dd 3dd52416 be35d18e bf27763a 3f743002 bd72c0a5 3e0891d1 3db81f3a 3e57b4db 3f501f25 be6ed432 bf4366b0 bf39e645 3e84e99a be5b327a bf052583 bd784222 bec50b47 3ee239f1 be828a1d bf02a5d7 3e697439 3b4be3dc bf3b36b1 3f38e6b2 be67f284 be249281 bdde631b be1ed322 3ef8eb8d 3e7a1185 be12b033 be9849a9 3eeebb7f bf16b670 bf11edbf 3ef95c31 bedc6b28 3f0fee54 3f2dcea4 bf3636a9 be525270 bdada2c9 3eaaeb58 3d493c1b 3e56b32a bf59476f bd2c477c 3eb8db04 be471482 3f081e5a bf708f81 3e1e7250 befd0bce 3f34ce31 bdc622f1 3ef1abb2 bf372e87 be25f1d0 bf142dd9 3f469eca bf4cbf24 bf0b4550 bf2a46a5 3f5b4f53 bf4bcf09 3f473efa bf378eff bedc4c0a bf267e45 3f104e07 3e67b341 bea7aa7c bef63be1 beae3990 bdc3a489 3f10ae52 bf614787 3e7fb309 beeb7bb8 bf2ca63a 3eedcab9 3ed38a6a bed9da62 3ebd3b55 3ec9aa53 3df2e012 be7334ae bdd5615c 3f2a26b8 bf3c7e67 3f125621 be86fa70 bd3e3faf bf6e9f7a 3f469720 bf1b8655 3f0045e7 bf0485ab 3f170dfa bf43ceaf bc1d0c9c 3d0745a2 3e5991eb bf20edeb 
3ebe899c bf6baff7 3e4953d2 bf55473b 3f0d1656 bf7d2063 3e9d7b19 3cce83f8 3d48c742 bed8fb41 3d891fc0 bf67ef9f 3f3a9ef5 be01f02f bf4066db bd0340d4 3f52075b bf496e77 3d6f48d8 3db8a2bf bf4786b8 3f30d679 bf035dad 3e39f22a bde06492 bd6ac91c 3f3f9e90 bf38d734 3dd3e099 bf2d761e 3ed9dabd bf43debd bf3c7693 3effeacd 3f18761b 3ef6ea8f be69b3cc 3e4ed47c 3f43569a be99fad8 3ee9cb12 bf2d4ede 3f075e2d 3d183e8a 3f1a8dde bf57e7b4 3f6e4f81 bec1ca8f bed7aae7 3eeccb7d be81e953 3f059606 bf6cffa9 3ef5fbba bf0eee1e 3f700779 bf4616b2 3f711825 bceb802b 3e653317 be48f32d bed45b1c bec13b42 bdc49f5b 3f0aee2f 3d9ce1d6 bf677f51 3ef38b2e bec22ae5 3f70680c 3e4b12a4 bf74a023 3f3e5eea bf22e68e 3f0e1de2 3f1c666c bf145db7 3f3d1e97 bf6bffc4 be441331 3f739f68 bee0cb10 3f7a5804 bf3abf39 3f543f45 3e8509d7 3f1fde2a bf44a6ec 3ee19a5e bed94b2c 3f64c741 3d91de6e 3f71a7d1 bf5c2777 3c6b13d3 3f217608 3d6e3fec 3f662fd1 be816987 bf46fee2 3f450ea0 bdf4a116 3ea9fa6a 3f5ffed7 bf685fb7 3f216eb3 bf798ff1 3f38ee9d bf7e48e0 3f221629 becf2b66 3ea8ab4a be215296 be231366 3ee02a9e bf33ee37 3f2815d8 3e98fa47 be822968 3ea8499a bedecbe6 3f31266e bf728fc8 3f563fa9 bec23b1b 3ea74b13 becc9b35 3f52eedb 
3e477200 3e1e525a 3ef8aaad 3e08b0f1 3ebf1aad 3ea58ab4 3e4e53e8 bf1fce5d 3ec21a33 3d8e6199 3f3006eb be4612c6 3daae032 3e2813a0 3f4296b4 bf2c2657 be875a5a 3f77884d bf2f2666 3f56272a 3d85617d bd9c2461 3e03d2b9 bdd0a231 bea439db 3f1abe70 bf5c4761 3f0a6e29 bd46c873 3f02759b 3d243eae 3f017566 3f7357d9 bf5eff43 be4d5282 be6d9403 3ea94af0 bf60fefb 3ddd9e5d bec70b4f 3f114e04 3cdd775f bf12162f 3ed8bb1a bf606fc4 3f5f9f39 bf3a8ec4 3e8c09dd 3dd2217c 3f2d266b bf79a7f0 3f42e751 befbfb3c 3f54ef7b bf7c1872 3f49cf43 bf5e4f18 be4c5408 3e58730e bf538739 3f578715 be2991d4 3f794077 be9a2ac9 3e1db241 bee61bd1 3f63c73d be3852d5 3dc0e457 bf698792 3d45c37d 3f24ee2c bef69c26 3e633443 3d92e04b bf723fac 3ee07bf0 bf31de74 3f5136ea 3e1fb173 bf432658 3efe0c23 bf69ff7c 3edc8b80 bf4836d1 3d8bdf30 beae7a19 3ee60c4c 3e4db059 befdfb30 be16335d bf3d56e1 be0a90f2 3ee8ea6a bf1b9e7e 3d912040 becdfabb bf4efeba 3ebd8aa1 3ecfaad8 3e2352d3 be9289b4 bf68cf14 3f24a654 bf602779 3f0ceda0 3e65b296 3d56c23f 3eb7b9ba befb1b71 3e57740b bd08c3bd be6e9329 3dbe6345 3f0ede03 bf61df21 3f539f40 bf7a7faf 3f45af38 bf712fd0 3f755017 bf415764 3f6b500b bf569f75 3f52becb bef83b89 3e8c5a27 bf6297d6 
3c7aec27 bea0aa43 39a24e54 be9f0a26 bf5d672d 3ec07ad9 bf56877e 3f7b0061 be6953bf be437504 bf5a972a 3ed93b34 bcfe72e6 bf624f0e 3e76b427 3e68d1d3 3e9339fb bf29de8d 3e381557 bec20b12 bf2a8650 3f39b716 bf3756e5 3f4aaec1 bda79ff1 bf107de2 3f5d1f6f bf5ccf80 3f2a1e61 bf358675 be16d288 bf3e3722 be4c129c 3e4b530e 3f02660f bf5aff05 3f65ef55 bcd57ce6 3ed53ab3 be15b1b6 bf3a1ec5 3ed9ebe1 3e45d39a 3e26b1a6 befe3c10 3f5f9768 bf6c1f7b 3f7fe9c9 bf4d979a bee34af1 3ef19a4b be2351ef 3d1e474a be98aa79 3f1c36e4 bf180680 3f285667 3f555ed8 bf608f49 3f7fb151 bec82b22 bea49a1c bf6c2787 3eefaba6 bf26aea3 3f367eb6 bf107598 be79b502 3e04d187 3f26ee13 3ce195df bf1c4629 3f690f30 bf7de0de 3f1fbe52 bc26f33c 3f622f3c be38100a befe4b41 3edb8ab0 bed65af1 3f061df5 be1e31fb 3f545695 bef3ebfb 3f24761f be8869e8 bf601790 3f2d5e67 be0ed1a5 3eae5a26 3f7ba061 bf456e68 3f0ae5c2 3f210e20 bf077e25 3f2b4625 3e9889b2 3d5d42bf be6692d8 bf77f7f0 3f51478a 3f342f09 bf2c1e73 3f36beb6 3da6a139 bf4da6f4 3ea0b9f6 bf4aa71e 3f69a7d4 bc42e02a bef10c1f 3f6b8775 bf2a6e68 becb1aef 3f5126c1 be9a3b1e be58d0a3 3ddf6455 3eed8bad bf20b66a bd13c31d 3c4b0712 3db261e9 becc89ec be956a89 3f219e63 3e3df39d 
3f3bce85 bea58a5f bd344219 3efdcb63 3f49fe61 beebab5b 3f7ed922 bf3f0f14 bf1b5e75 3f531eac 3f199e9d bf061da3 3f236641 bd81a110 3f0b266e bf797829 3ebe6a3e bebbead9 3f721fbd be9d99d7 3f6b37d5 bf4016b3 3ef85b95 bf58a742 3f1ec63e bdbaa40e be43d290 3f13cdb9 bf315644 3ee52b20 3ec97a6b 3f4e16ad becfcad1 bad8839d 3f00cd92 bdf16121 be295222 bf07b5e6 3e842a6b bcdc873d 3f3a6ed1 be4a33a2 bf443723 3f138619 bc471179 bec86abd 3f06160d bf74a827 3f625729 3e1e10bc 3d8a1e4f 3b33c86f bec5bb38 3f299e56 bf5dcf28 3f416edc bf3d5ec2 bf5a1f05 3f51d735 bf460735 be78d3a7 3f7a609e 3ef2ec37 3cef88af 3e163177 beb3db88 bdf4e21d 3f6107cc bf612f5e 3f300e8f bf767837 3f280670 bf4f1f41 3f5f774c 3bcdfb1c bf5c86e0 be9c0976 be293166 3e84aa5f bda0a39c 3b53d220 3e05114d bedf1a56 bed60a76 3f327edf bf7cd0b8 3f54fea0 3f70a784 bf741801 3e63d498 be4ed137 bf52af51 3f1d3e51 bf391670 bf3ef691 3f3fef02 bf28e687 3e9afabc bf4a1f02 3f0bcde7 3f4946f7 bec3aa8d bf7d28cb 3f4d3ed8 bf1cbe4a be367169 3eba5a42 3edfb993 3d69bbc2 be4051f6 bf53772b 3f516706 bf76700a 3f3d8e8f 3e705288 bf20de3d 3db42198 3edd0a80 3ca38727 bee53a97 3eeabac3 3f20ae72 bf5e2714 3f2f3651 be67b183 3f6a9ff7 bf3f8722 bf04c631 
bf58bf49 3eb10ba1 3ea02a90 bf625f6d bc848584 be1df201 bf63af55 3f388ea9 3f604f67 bf7e18da be868a0a 3d43c42a bee0fbc3 3ebb0b23 bf3db743 3f65379f 3e3e142a 39459896 bef78ad0 bf3a7672 3f14ee22 bf20ce35 3f4c0ecf 3e003382 bf6fe82e 3f75a7fa bf750048 3f0445e9 be4e9134 3ecb5b44 bf5f0728 befedb36 3f518e79 bf0f55ab bf3d2e7c 3f26f636 beb2daf3 3f524ef1 bf65beed 3eae8a79 bf202db1 bbfa32b9 3f705f3c bf6c4f6b 3f3daf29 bf609713 3f4d870c 3ea9db92 bf4dd715 3edf7b56 bf6396d8 3ec09acf 3e4792f3 be1db2a2 bb7c1600 3db9e2cb 3ea24a6a 3f271e2d bf03a632 3f69f7f5 3cd88e1e bf43eeb8 bf199e2b be0cb293 3e2b3224 3f2c0643 bee42b5f 3e0d51d2 3cea8c23 bf306663 3f2eee7a 3e8e39f3 3df86259 bf5b6ef7 3e824abe 3f07b60e 3f5e3f8d bf224642 3f7a2ff3 bf596fa3 3f044dc3 be9f9a65 3f200e30 bef39bf1 3dbba652 3eaee9f1 bf3d46de bf1b6603 3e23910a 3f2c9636 bf21a674 3f50af69 3d084964 3ecadba6 3f421ed0 befecbc8 bcfd752c bd4e4839 3f0d6e59 be161309 bf6ba75c 3eed9cd4 3eff8b65 be66b435 bcce8aa8 3f4976a6 bf588f9f 3de2633e bec9fa39 3e975a67 3f2f9693 bdf7e2f8 3e8caa77 bf45feba 3f338648 bf277e48 3f6a2f66 bf7407c3 3e3b3477 bdc2e2b0 be1212ff bea02a23 3d20c333 3f140e1e bf64bf56 be28717a 3d8b1f39 3f593741 
bef02b99 3eee8bdb beeaab9f 3f23f6cb beb67ab7 3f311e0c 3f156e34 bf18a66d bf5a7736 3f6dafaf bdd6e4a5 3f174def be5a3216 bbf1f963 3eeb0ae8 bf55ff4d be7b1316 beaaca81 3f3db6b8 3f5a46dc bf7b680c 3f2e36dc bf4d4edf 3d13c326 3f66171b bf46d71a 3f34d664 beb7cc12 3d08bda0 be3793c9 3f1e6694 3d67485f bf011d38 3f3a3ec4 3ed0ea81 bf064e2e 3ee08b9a bf24ee65 3f7aa02a bd9f629c bdbde3ac 3e6393a4 bdabe74d bf2b3e77 3f6bef77 beaa7a47 be0090ea bf64c771 3f7f50f6 bf192e4c 3f46f6d9 3e3434a9 bf103de0 3e06d248 3e7d5424 bdfea4b3 bf4956fc 3ef5da97 bebabaa5 bf6bf7c0 3ebdda4a 3e9b7ac5 3f5316b9 3e52f0b2 bf5807b0 be8049d9 3de223d3 beccfa7c 3eea6b66 3f0c7d90 be91d9b1 bf575efa 3e858a39 3f58578f bf0ac5cb be88096a bf77c7eb 3f1a1e85 bf709f9c 3e6072b1 3e926a32 bf23ee41 3e1d5066 3f5506d8 bf41c6b8 3ed4b9f0 3ea14a37 3eb89a19 3eabea51 bf430eb5 3f577f0c bf687787 be8ea9a6 be48d266 bf7ad811 3f6b77c5 be3032fe 3edd3a98 bf371613 3e83ea43 3f349e67 bf79700f 3f58b7b5 bf78d81d 3f2ec638 bf6e6fd6 3f673fa1 bea159ce 3e6f9437 bddbe144 becaa9f6 bf6d0fa1 3f703fcb 3c271450 bf20be39 3f5186c6 bf547798 3f22ae11 bdab6365 3f5aaf16 bf686fc4 3f6c8f39 be949aca bf40ee89 3f5edf8b 3f093db5 bf457e82 3eb6fa4d 
3f631733 beef6b4f beabaa68 3f4b06ca bf2966ad 3d4dca19 bf68b74e 3f498728 3ea40a41 bed18b21 3b0c4118 bf0a6def 3eb67a2e bed0db6f 3e7d9543 3edf3a7d 3e9cea06 3f274e53 bf75a02f bf1f8613 3f361686 3d2dc80e bcc6767a 3e569442 bf1dedc7 3e53f434 beafdafa 3f2af651 bf34a70a 3f23564f bf2ce6ff 3ed4ea4a 3dabe346 bf6acfc9 3f319eb9 bf09ae13 3e0430c9 3d821f0b bf572f02 be3591d3 3f5d873d bf5366f7 3e9449ec 3f1e6e93 bf64e75f 3e9cda39 3ef7fb95 3e8fd964 3e1333bd bf1cee4a 3eb629ec bf7b004c 3f048df5 3ec99a23 bf5e8f78 3f208e09 3eebabfc bf3326d9 3f159e35 3f679f6e bec41aee be2b1193 bf78401a 3e7b9428 3f276e43 3ed72b83 3db3e150 3eaeda46 bf219e38 be8549bc bd67459b 3f305637 be0c12d6 bf3f6ec6 3f1d6e46 3e0db38a 3f5fef8f bedeeb4b 3f48eed9 3eb0caaa bef72bc3 3f5fc787 bf767ffc bd5a428e be4bb2ea 3eb02ae2 bf470eae 3e2d32f6 be1d3177 bf3fa65c 3f320634 bd41c2ae 3f58bf27 bd896666 3f6abfb1 bf3266fe bf130db8 3ee7daf8 bddfe1cd beb98b49 3ee89c1d bdeb23ae bcbf7567 be2971eb 3f66af5d bf714787 3f30b64d bf520fac 3f71502a bf2ba61d 3f3836d1 3f496ed9 bf41decc be53f1cf 3f419f0c bf29aec6 3ea869da 3c8b7773 bf090dd9 bf087e24 3f5c2f52 bf4b8754 3eaa6a26 3f477720 bf420e9d bf08dde1 3f6987ca bf41d743 
3e1852be bddc2412 3f138e79 bf70ff6a 3f019616 3d0dbb15 3ed75b0c befbcc38 3eb59b42 bf205df3 3f7c7858 bf400e96 3f457f4a bdfde43b bea8a97e beec4ba2 3d46c72a bf727fd5 3f4ec67b 3f1c0dae bf32b6b5 bd9ee183 3db063e5 3e7272a5 bec37ab1 3f539715 bed02abc bef8ec18 3f4796c8 bea859af be9fe99c 3efdfb25 bef64acc 3f43070a bf58d795 3f180609 bdb0a4fe 3eb5b9ab 3f396e9f bc8982a5 bf4e5eea 3f5d4f5e bf5906f7 3f19ae1b bea4dab5 3e046f80 bedf2bb0 bf2de686 3e8379b8 3d96e5f0 3e9b8997 3e5e91ba 3ebf6a2d bf5ac78a 3f5d2f52 bf0e4648 bea2bad9 3f597746 bf605f91 bec59a99 bc927dcb 3e4fb199 3f67d70c bf248e1f be70f3c0 bf0695e3 bf480efc 3f6a9792 bf1c3e59 3f3cceee 3e24122c bf13c68b 3f15e675 be6672e1 3d801d9a bf0c2e12 beb04a44 3deee30f bf4ddf17 becaea22 be4652d6 bc251e4d 3f5b1fa4 bebcaaf2 3f4d66f1 bf2a6689 3f6717a0 bf61cf87 3f672fa3 3f2a65fe bf1e4638 be5e5250 bf2fe694 3e55f37f bf7347cf 3f2d3674 3f613f3e bf7e70ee 3f627740 3daa2044 bf5bbefb 3f1935f0 bee18b44 3ee13b57 bf4a5eff 3f12bddc bc611209 bdb4e0c3 bda4a085 bf0a15c1 3e961b10 bf7157b5 3ea37a69 3f30ff2f bf78f89a 3f2fc63c bef1fb9c 3f09054d bdd19e6d 3f51cf22 bf7e88bb 3f2ece71 becc4a58 bf07ae6b 3efb7b1a bd4f3fcc 3db5e016 beceba9c 
3f102e6f bf67b7db 3f67fff6 bf449f0c 3f7f792d bf49a71b 3ee2fb01 be45d269 be3f1162 3e9eaa7b bf028e0d 3f326eb7 bf777798 3eb5ca85 3db7a35e 3f730fd3 bf3e6726 3f75afea bc68ffa2 bf6a9ffe 3f1ace25 3eb07ad2 bf6b37dc 3f612fad bf285637 3e88f9a7 be5c9104 3f08adb1 bf0c85f7 3da5a161 3f18b577 bf2b3673 3d79453c 3f25e641 bf23ae85 3f657797 bf73df86 be6531ce bf76f023 3f6287ae becada45 3ed79a9c 3db19f19 bf27f607 3f3d36a0 be503332 3efa6ae8 3f322620 bee90adc 3ecd5a5f bf5baf77 3daf5fef be4e1266 3da2a0e6 3d62bd5e 3e3374a0 3d9021d5 bf3746bb 3f7df032 be43b486 3ee59b35 bf0e55c6 3e1531da be4a5416 3f06fda4 3f0455d8 3f29769b bf7da0b4 3f3e56af be8b2a74 bf5d1f44 3f435f1f bf7cf0aa 3f353e5b be5c344f 3f498ee6 bef75b4b 3f38b6ff 3ea38a57 3f593eca 3ec56a92 bf206623 be93ea8d bd6dc23f bd463ed5 bf16ce2e 3f20be1e be00313f beec8b3c bf511739 3ef9dbd3 3eacdaa7 3f2a2e73 bedfab14 3f7127ff bf541eb3 be8cd97c 3e13d2e8 beae0a1e be866a4d 3f55b733 bf2cb72d 3f674f33 bf5bf7dd 3f7e00a0 bf6e8fc1 3f3d2ee8 bf486ee8 3f359e4e 3f2cdeae bf201e36 3f5b7f5a be900a4d bea9ba61 3dcaa2fb 3ed7cb57 bf15f5c7 3e5b9428 bf170de8 3e68b19b 3cc58f2e 3ea53ac8 be8779d8 3e5012f1 3f520ed1 bf73af50 3f5d77b1 bed78af7 
beb48a8a 3f227e42 bf5def27 3f7b9075 bf5e6779 bea6895d 3f43e68e bf6ff7ca 3f43fe75 3dff65e8 bf0dad47 3efe7b8d be8d49ee 3f266663 bf21ce62 bf41b697 3f65a7d8 bf14ae74 bf52271e 3f77786f be957a6b be9819ab 3f5ac741 bf4c1efb 3ee16ad8 be767391 bec02b24 3f592efe bf680719 3f17f686 bed62bae 3ed4daf0 bd17c291 bf3ddefa 3f125e65 bf7cd87f 3f6c7792 3f4136cb 3eec1b67 bf376ea4 3eef0be7 bf7137bd 3f7e8056 bf2095a3 3eaecaf6 bf38fe91 bdcf21ea bf31e6c1 3f049e0e bf0b5e1f 3f4e2ea4 3ecd9b0b bf2c66db 3f433f01 bee7dc1a bf0b2e58 3f2cf6cb 3e80d9b3 bf56ff48 3ee1bb62 bea1fac2 3eb92b7e bf4d5f07 3f502ef7 bf37e66f be80aa5b bf14164e 3f6d7f3f bf711801 3efc4bb3 3ede2a34 3c18dc4b 3f0385a8 be8499b2 be9db984 beda0b83 3f0df5a5 bf560f5c bec43b37 bf6c3f60 beba4ac5 3f424f16 bde3642e 3e7eb511 be1052c7 3f371eb2 bf616f39 3f1245b1 3d06bfc9 3f755867 beca9b2b bf0ec628 3d67c63c bf085607 3f070d91 bee63bcf 3f33fee0 3dc2a1bf bd4d453c 3e5f947d beaa3ab1 3e966a2d bf3ecec9 3eec4a1c beacca1e 3eccdb71 bf16d5f1 3f3e0f66 bf0d0dce bf6717a5 3f0c959a be869a58 be817923 3f5dcf96 bf4cd6cc 3f3a06d7 bf3c6ecf 3f786024 be8959bd 3e79937c bf1bbe30 bd96def8 3f341efe bf0da5c0 bf77c054 3f27568d bf293eb1 3eaa0a41 
bf5d379a 3f6767af bf20f622 bd55433b 3f02cdf4 3eee0b74 bef28c6c 3f1dae69 bde7a16b bf3e76dd 3f363e9b bf146e24 3f247e7d bf7fc92b 3f34febc 3f13962c bf7a6839 3f16061b 3f413f27 bea5dac4 be3ff2ad bdb4204b 3cd382d5 be74d29b 3e9eba58 3ef15a9d be32d327 bf12b5ee 3f64375e bf02e64f 3d9563d7 beb0bb0a 3f0a9dd2 be1a5223 3efc2b49 3e812a8f bf09cda8 bf7c50b5 be83c9d7 3eb0ab2f 3e417274 3eaefb4d bf7d80a3 3f597f56 be0d5239 3e981a33 3f0dc56b 3ecdeafe bf42773e 3f7d987b bf779850 bf0bcdd5 3f68e006 bf2f1e03 3e80b9f0 3f65df90 bf688fac bd826124 3f024587 be3bb169 bf12062b 3f617f44 be4e7388 3f0a254c bf51cf21 3f782007 bd90e360 bed05af1 3f525f18 bf694798 3ec51b27 bf275610 bee4ead3 3ecedb57 3c4500ce 3ee4abd1 be7cb418 3ee43b7e 3f3d6e0c 3f1c7619 3f0ecddf bf646f69 3f062dec bdda9f85 bf01be2d 3f1495c5 bf3f06f1 3f37ee69 bf74302e bea4c9e3 3e99ea98 3e6ed339 3d1bc39c 3e9f2a94 beeaeb7f 3e8579de be1151ff bf4dc70d 3f7e402b bf5f279e 3f196e50 bf0bfe13 3f1a8622 3e8c9a77 bf386eb2 3f275e7f be70d465 388ab64f 3e0f32b2 3ef3caba 3ea6a9a2 bf0f667a 3e87c9f0 beb8cafc 3e547370 bf2c3ea1 3f7977db bf716ff5 be2e11c0 3eaf3abe 3f066dd3 be58b25a bf65277c 3f75e043 3f1d261b 3eaf9a0a beec2bdc 3f3d9682 
3ea18ac9 bed11a67 3ecd7ade 3e087217 bf621f46 3eae3ad3 bf0e3dd4 bdb6e407 be63b37e 3e82e9e5 3f0865b3 bed49b8b be595197 3f27267a be6f13a7 bee85c1b 3f3d7f2f becb8b3e bf3dc662 3e73b3ce bdd9621f 3f422ec7 bf469f23 3f7b089d bf438e83 bf30a65c 3f405e6d bd90603d bf0e2e62 3f442e85 bf17b66b 3f62cf4a bf690767 3ee1eb4f bf54ff5d 3e40b3b2 3e641343 3f5a86c4 3f0d85b1 bf019578 be8968f9 3c0320a6 3f4e4f11 bf272e32 bebb3a50 3db7e4f0 bf12add4 bea9d978 3f4e4734 bf6f77c0 3f1fc638 3f377e56 bf3cae97 3e5fd2e3 bebceb6d be55d3d4 be6394cc 3f614f54 bf73880c 3f774007 be2452e2 bdb8e0f7 bf382623 bbc22908 3f194e2d be69d523 bece2b1d 3ef6db65 bf299ef0 3f7f7145 bf210e99 3eec9a49 3f6c5f73 bf75ffa9 3f5f27f8 bf7c087b 3e948afd bf36fe75 bdc6a320 bf7a706f bed50b03 3f465f38 bf254654 be8bab13 3f530f62 bf14fe7e 3f0e0d93 be8a79f7 3f1b3623 3f195e5c bf5bc700 3ecd6b06 be2bf33b be84e90a 3f320eaf bf335ec3 3f412688 be0970d6 bf019dc3 3f1c9e68 bf16e656 3f7bb015 bf3e468e bec11b8b 3f669f6e bf69f7a6 3f146650 bf1fbddb 3e9ef9cb be04534d bf2d265e 3f2f2e19 3de022f9 be4472c1 3ef74b7d 3e921922 bf602f43 3f538ede 3ed5bab1 bf3a2e6f be6c9426 3f0395f8 3f13363d bf476e7e bf39deae bf0f7e20 3f1e9e73 bf0e15d2 
3e78b45d bf18d5bf 3f09ce46 bedb1b21 3f7a48c7 bf29a6a8 3f6eb80e 3cfc7d76 3f20e654 beeecbe9 beb06b35 be0b50ba 3f255de6 bed7cb3c beff8b5a 3f1b65ff bf1f8e17 3ee1aaa4 3ead6a49 3ce280dc 3d3345ba bed2ea54 3e38f41d bef5eafc 3ee4fa94 3f213e6a bf1b1e6e 3f0f7dc5 bf246e78 3f118e13 bf276633 3e9a28e1 beecbb99 3f7997d9 bed4fbff 3edb9b3a bf04ae13 bea77a8b bf5a6fac 3ef76b75 3eb33b2d bee82b0f be78b0e5 3e1ed2dc 3f378e9b be3393ea 3f084db7 bebf5a4f 3e15f2ff 3dd065b2 bdac665f bec8baf0 be2fd3d6 3f5526c0 3e0291dd bdf9e4aa 3f56af24 bf4e16ca 3e67f521 beb6bb07 bf269638 3f7447e5 bbee14d9 3f047db9 bf68af63 bde524ab 3f78c816 bf75b03f 3f29fe6e bf52bf50 3ec00b1e 3b81d478 bf565eb5 3ecefc22 bf010d8b 3ecc1ba8 3f1765ef 3e8b9a00 bd8da243 3f701783 3f249629 bf74cf9e 3f5c776b 3f15fdc7 bf59d76e be54533a 3f03fd9d bf047dee bf3256ea 3e43f2e3 bda1e1c7 3edcabe3 bf23ce20 3f399e80 bf7fe123 3f4bdf12 bf5b474c 3f5bbf33 be5aaf37 3ea57b16 be93d9a2 bf161d74 3e9dbaab 3ede9a65 bf3146c6 3f2e5ecd bee15b78 3f60bf7d bf4036c7 3ef29bda bebe5ab2 3efd5baa bf78c04c 3f018ddb bf691f37 3f01f568 bdfda355 bd97a0ce bf0b95b4 3f0e6e16 3c9f7c50 bf1f6654 be7371b7 3f10be44 3f266e0e 3f43b6bc bf531efc 3f10e65f 
bef45bfc 3f6e2f91 bf7ef931 3ed57b8e bf72cfa6 3f529f71 bf75cfcd bec259dc bedaab00 bcc388ab 3f5b86fd bed1cb41 3e4d12da bec4bb4e 3f33561d 3ebefa4d bf58979b 3f3ea707 bf703799 3f324e89 bf6f3f61 3f7ca0a2 bf081e5f 3f393708 bf23366a 3ea46a56 bf67cf4e 3f40b679 be4513bb 3e026fc2 be8a09bd 3f75c01d bf17ee47 bf095632 3f490714 bf5e4717 3f6c2f8a be3f7347 3f3a7690 3d50c746 bf0025df 3f2ebe86 be5ef24d 3e8a991f bf7087e8 3e99dab9 beca4bb2 3f0735f6 3dbce551 bf4f3f07 3f5dc75a bf056dd2 3f26161b bf73601f bead99d6 3deca04e bf4a86a3 3ecbab24 3e471243 3ee2db4e 3f028615 bf542eb6 bd96a441 be84391c 3f5486b1 3cf98165 bf792052 3f5aff34 3d4ac37b be00d41d 3e90ba07 bebc2a3a 3eb87a67 3ebf5a25 3deb6261 be3b71bb bf670f5f 3d8b614c bdaa63b1 bf422f18 bf149dda 3f42c6b1 bf55a736 bf4edf0f 3f76a04a 3ef77b42 bf441f00 3f1f3e03 3f684f78 bf27fdf1 3f1a7622 bf308e82 3f05c5f5 be9efa0c 3ebccbb2 3eb3daa5 bf3b6e31 3e8fea4d bf391e70 3dd3244d 3da42332 3f785853 bf10e613 3e8f4acb be13706a 3e09f11b bedccb3a bdf55e67 3ddc217c bc550efb 3f35aeb6 bf4216d9 3f15ce3d 3f53c6d2 bf45468c 3f5ee797 bf443ee4 3f6e17d6 bf383675 3f2efe57 bd8c6229 3e88b91f 3eb7fa93 bed34b71 bf6ef00e 3d80638b bdb5e470 bdb9e144 
