3dfada52 3e372574 bf5bd456 3f4393e7 bf7e9f76 3f71f98d bec1fec0 3f40cdfb be820eb2 3f1d8dcc bef9168d bec2132e 3f18602f bef23fb2 beebb7d1 3e6de622 3f3b97ca 3f0c65ee bee99b13 3f1bffaf bf20ebdc 3e0003fc bf516dc6 3f557b95 bf0dda1b 3f6afa3c bf591a2b be66046d 3f4a89da bdb2394d bf02453f 3f554fc7 3db7079f 3f040959 bf71da0a 3f2a6d9f 3ef902ba bf2065f9 3ee526ae 3f23cb7b 3e49765f 3eb08707 bf28a7db 3f6c1c20 be9ef258 bc7f4677 3e8036c4 3ef8bf48 be7dccd1 bf5b09eb 3f684826 3e1244b1 3ebc5ab6 bef8cef9 3ef0a718 bf2673d6 bf28c5d0 3f25e16d be8cee86 be83469e 3e769c1f 3ee462c0 bf6afdab be8c819b 3d9ce9e2 bbe963c3 3f2e41fe beefeeff 3f2f7dde be989f65 bf6a2428 3f0ff1a3 bf3e9bc6 3f3293c4 bed07f3f 3f6debb6 bf5a3a0b 3f38ee21 bf066960 bcdae123 3e325cfb bd49d01e bed6ae27 3f5075f6 bf624dfe 3f33b9c0 becd2b37 3ea2bac7 bea29af6 3f31b3d1 be9051fc 3e9a372b 3f340389 bd50b3c6 bec05750 3f418832 bf5b41c6 3e853e0c beaa72e2 bf1ac9d7 bd77b8b8 bdb5a64a bf14bdd7 3f1b1d9f bebc9e34 3f26978e bf141fb4 3e883dd2 3dc449d1 3ec06eb3 bf3e4de1 3f45cdef bf2d3e14 3f63ae22 beeacb72 bf29a3fe 3f36ffb9 bebd62d1 3f533c15 bf600620 3f2a8bba 3d8cdaac bd8b3693 3e30b555 3ecadea9 bd80a9ea be6464fd 3eaadaae bc5dbf78 3f7aa9e1 bf58a9cc 3d994a25 be94ef07 3f24ada8 beb32af0 bec3fed0 bf3eb22c 3f2325cd bf6c4461 be201c88 3f244b8f bf5809cb 3e91ceae 3e249418 bf274dc6 3f05cf9e bf693215 3eb3f27b bf4cdfe4 3f6a85b7 bf654975 bf1f4db6 bdcdab61 bd8276c3 bf1c95bf 3f573a12 bf41b5bf 3de40949 3e93137f be41cef9 bd9c3971 3f0a1597 bf4229fa 3f264830 bed0075c bf288f65 3e692d55 bf11a5bd 3f4797d1 bf4b0e49 3f44682e be8015f8 3e9a9e58 becefaec 3f27fdb2 bf730bf1 3e006d9f bf4205e2 3f7fb35a bf4687c9 3ed436a7 bf17bfa6 bf334c08 3f6d7ff1 be91db21 bec34afd 3f6d682b bf0fed58 bf589815 3f50dff2 bf4c1a13 3e226c8d 3ed71357 bf2739b6 3f319df5 bf5821f0 3ee28ab1 bf7ad3e8 3e837edd be971edc 3f54da16 bd8dca9b 3f3bc3fa bf5777f4 3ebe076b 3d971893 3eb7ee95 bee276e6 bf544c16 be871ef4 bf5105d5 3f6b3810 be82be27 bf638fa3 3ee8a7a6 bf395e20 3f2d0038 bf722605 3f51c3fc 3d245054 3de96990 3c0dbb42 bf769b89 bcdf1eb1 bf75ba3e 3efea793 bf3d4a23 3e93aec6 bf5817f3 bf0477d7 3b38f88e bcb01e49 3f0b61b9 bee41ac9 3f3b1dce be56bdf9 be2d7449 3f07addc 3ee5df43 3e15ebab bf6a8036 3f1eae14 bf2de1a2 3f7625c4 bf7451ac 3f34561b bea45666 3f5dffdb be1c5321 bdad470e be60f4d1 3f69c259 bf7ee952 3f3bd793 bf4a061d be3ccc02 
bbc56e40 be5d9d0e 3f444df0 bec73eeb 3f4f6fd3 bf3801c7 be1604c7 be9bfec2 3d273757 be643e3c 3e52ad74 3dedd904 be0feb6f 3e92e2e2 3df23a12 3d26ec8f bf67a652 be02ebd2 be36bc49 3e041470 3c0a54a8 3f0ecb91 be22a48b bde67905 bd96d7b1 bf140d61 3f67a7fe 3e586d12 bf5efbf3 3f19620b bf0c5fb5 3e9b0d6e bf3783d2 bc852498 3f27aa12 bf27edc6 be642470 3f27d9d5 beeb174d bf20d1e7 bf435fea 3ea11e88 3e62c57c bf2c99ee 3f273380 bef2da60 3e01db7f bf7c756b 3f661be2 3dc646de be9d76c1 bf2505bd 3dced89e bddef836 be6a1c48 3f5a1208 3eb1eb5c bf56260b 3ee38672 bca0e18c 3ec78edd bf6bf61e 3f7d4387 3eddb752 3e8ca221 bf1601ff 3e69cc53 beadbacb be9fcf4b 3f18495c 3f0375e9 3ec0f6a3 bef36f84 3f119bca bec95af2 bf703203 3f112bae bea07a34 3e856690 3eaf9ac8 bf05a3a9 3f25ad8e bf3eedde 3f1dae2e bf2865fc 3f54dde6 beb8ae05 3c9fd992 bf0721ce 3f012b74 bf1939e0 3da13555 bf75ffbe 3ec91f84 3db07958 be9b57b1 3f43d028 be90bee3 3f5f6a01 beace258 3f6a1c06 bd8424b2 3f7c7762 bf27c5e6 3e380d15 be7f04a4 3de9e7ed be285476 bf524e43 3f426fe0 bf34d7c0 3f6349fc bf7331fc 3ec7734a 3e191bda 3e3a8c3a bec1a63d bf0c9d92 3f216fdd bf6e7a5d 3ed1d706 bf3fe7a4 3f74cbe6 bf00f57a bf571819 3f326de2 bf543c20 3f43a022 bf0fd391 bed3f67d 3de6573b 3f748a0a bf7ec7e1 3f12f175 bf526814 3f6b2850 3f3677a3 bf6819eb 3f70c848 3ec1eeed bf18ce05 3eaf3304 3f14b7ed bf459a05 3f2149d9 3dd6374b 3d171535 3f7629f8 bf36c7c5 3eff2758 3c8e5cc3 3f6b4420 3e8112a6 3c92a384 3f45ca13 bf7d8b99 3eac8a4b 3d830a19 3f0db7bc bf5613cd 3f15f1d4 beee6eb2 3d7453bf 3d2a6de2 3e742582 3edfb30b be66dd5f 3eb6bf58 be6e54a6 bde2686c be05a3e2 bead3ad2 3ef69304 becfdfa6 bdb01828 3f6fce22 bf03cb8c 3f14dbbc bf5871bf 3f45b5e9 bf19df9d 3f7993a1 3f2a89e9 bf7d43d8 3f1291c7 3d88bb57 bf3283be 3f3bd9eb 3e8d474b 3df46baa 3daf16e7 3e8abaac bf169bb2 3f556fdf bf1277e4 3e85d717 3ec0d3bc 3c9e2157 3f0ed7eb bf2b09a1 3f3dfdfc bf7711d7 bf2f85be 3f64f811 bed98fd5 3e20149c bedc5fad 3ee3eb7c 3efffacc 3f0a11de 3f3dcdbb bf7133ed 3ece2ef5 3ef237b5 3f166dff beb93af1 bf1605cf 3f78bd8e bf1503cc bd85f61a befe5760 3f2b75fb 3cc89d0b 3f6f2e32 3e6ea53b 3d7130ab 3f35360a be78264d 3f7a9ff2 bd42f4d5 3f2e8d8b bf4eb982 3e8eba55 bf423035 3ec00f0e bef6c2a2 3f08c1f0 bf2e95f6 bf2f4528 3f3a8401 bdb6c90b 3ef01727 bde95907 beaa2ea8 3ee6b2a4 3e98f600 bf0fc34c bf1d5ba2 3f3269de be7ae608 be6ea488 3f3229ea be334da3 3ed3d657 3e183b9c 3ed0f68e 
bf3ba7b7 3f0955a7 bf573e3a 3db09780 beb4fa29 3e7b1e8b 3eef5e23 3f05596e bf5b05ea 3f7289f6 bf4c01df 3f3f23dd bf4c13ff 3ea29ad6 beb11ef5 3efba375 3e8e5e58 3e019408 3f181bce bf1c07f0 3eb13b07 bf7d0a01 3f6fe78f be65bdf1 3ed1674a 3e72a434 bf6fd1f5 3e840edb 3e569d01 bdc087b8 3ece4760 bef2442a 3f525228 bf3a0819 3f229967 bf073ba5 3f1897cd bf45a1b9 3ef853f4 3f32f59f 3f69fe55 bf7c3009 3f6e818d bf6ed5f1 3efc7a9c beb4a2f0 3f21cffb 3ea71b33 bf0c499d 3d867759 3e55f548 3ee82779 be1ca671 3f29f80e be43f4e4 bf210f83 becd9309 3f6f806e be3f3da6 beabb299 bec6231d 3f5501e1 bf1e7db1 bf6a0149 3cf4e37b 3e976699 bedbef40 3f58964a be469d10 bf06356b bed3df46 bf58f5fb 3f63cffc bf7f0968 3f47c83f 3f185dd5 3f05997b bf7639ab 3eb11aff 3b85548a bef0b69e 3f109551 bec9de9b 3f0a2db8 bee9f731 3e151343 bf3dbde1 3f4bd43e 3ea2ce50 bf0eabec 3f09ad8d 3e1b85c5 3f2de577 bee9cf9a 3ee7fb3a bf6255ea 3ec4cf4e bf5575ad be86dec0 3e2b237c bf0f4981 bf38983b bf1e2df7 3ed9b6a2 be32fdf7 3d02f0d5 3e099aab 3eeca2b2 3e83cae8 3ec0c2ed bf3187ba 3ede035d 3d6c1042 3e659515 bf72b205 3f4dec2b bdebf747 3f4f8023 bed0f717 3ef9125c 3efccbb3 be4e85d4 bf33e9d0 3f10bfb6 3d3b7272 3f5bee2e bee71b20 3eaa0f49 bf19c3b7 3f51ba24 be114451 bf4a9be9 3f4c51ef bebe56f7 3f3c2fbb bf07d9b6 bf6b6dd1 3f798ff6 bf29abc3 bf47e9d4 3f7d3377 bf5dab9d be1064f8 3ec3fec8 be216d1a befc77de bdb357dc bf1bb7d0 3db19a49 3eaf9238 bf733dd7 bd9949c6 bf6b11e6 3ea8aa7a bf687815 3f52abe5 3f0ebc18 bf698fe7 bd85885f bdddcb33 3f05cb40 bef19f68 3f56964d bedb7a7f bf18b3c6 3f1be7e7 becbbaf5 3e00839e be92bf10 3f040397 3f041de5 bf03d5ad 3eba7f87 bdf76669 3e6493fd bf5a8212 3eebc2b0 3d93574f 3d858a51 3edc776d bf0f7797 beda52ed bf4ee00c 3f691fae bf6f53d8 3f6a4fed bf1ca777 3e50dc7d bebecf3c bf56743b 3f5237ff bf692ff8 3f545c0c bf5975f3 3dd5680c 3ec65f9e bf1ae598 be8d46d4 3ec686d6 bed29b0a bee43757 3f3f261f 3f60c1df bd86660d bf5093e0 3f4e8c11 bf3867d5 3f0f27d4 bf22fd9e bf4c1deb bcb5203d be0f44b2 3f23f172 bf79f7bc bf5dc005 3f653407 3ecdeed7 bee6c71c becdd73c 3f6f55d0 bee2ff84 3e84ee9d bf2c9dcf beb15ee9 becf8b8b bee166d9 ba5c9fcb bf7745fc 3eab7aa1 bf729e2d 3ec5caff be9e3a71 3f6a3c24 be88e668 3f4849a2 bf69f010 3f3eb270 3ec212f9 be6fcde5 3eb8cb48 bf2f15e2 bde89558 bdabbae7 3e9cb353 bf16bc08 bee72e9c 3f682e2a 3d8b871c bf242e08 3ee6876a bc7cbfb1 bf3d75b2 bee98abc 3e2bdc3f bf6b1a04 3f02a977 
be9bba94 3f3e45fa be08e399 3f3651b7 beea3c05 3ec452f2 bf4483e9 beca0dd2 3f1a11c2 bdd9d675 bf064d71 3f023fb0 bec802dc 3f78538d bf29f592 bebf2667 3e883a34 bf39aa26 3ed03b58 bf386375 3f63c87c 3e808a95 bf77bfaa 3c0fbe1c becb67c0 3e7b2c7f 3eb5cae6 be07a378 3dd68733 bf338394 3f40a9e0 bf30a7d3 3f0f2c41 be1b75ef bec38272 3ee9429f 3d8aea04 3e53be05 beeed2ec bf314dc0 be878611 3dcc892d be370474 3f573006 bed48720 3edfdada bf7b1be2 3eb382a1 be3f9562 3e425e03 beef4af4 3eb5731e bf1b4792 be1f136e beb65eb6 3f64001a 3e107c5b bf2691a9 be7b5409 3f45e1d5 3e783468 bf505468 3f58e83f 3e866f02 3f077de1 be8a6ed3 3e8196b2 bf375bea 3edf2b56 3e42ed03 3f1d3f98 3f7661ea bf47b00c 3f52e5de bf1b21d0 bf427004 bf06221f 3f5ffc0d bd6e305b beb3df9f 3ece43d1 be8c760f 3e37f466 bf14ebaa 3f36f9ec bec01ae4 3f54be16 bf0a27c2 bf2cfdd4 3f56dfe3 bf5c11c7 3e1ced44 bef69772 bdc38a31 3e8ac6d6 3e96a347 3e9806c0 3e800eb8 3f517fe9 bf27e35f 3f35f5fe 3f28820f 3f5e43fb bf46ebb0 3f6fd5b2 bf26a3db 3e8fb6da bf247db7 beb9eedd bea732a2 3f1d41ac bed2af0f bec77f7f 3ecf7aa8 3e37b5bc beac66f4 bcb22c31 bf5a6a04 3df8fbe9 be944a41 beef765b 3ea4f6db 3ee9d702 3e682d0e bf1b41f5 beeeabba bf0efb61 3f70b022 bf05a7ce 3f33e5d6 bf5d87e9 3f0e0dbb 3d9b6939 becef258 bf06c388 3f0f0b74 3e6b8cd0 be92525e 3ea3073c 3ef81be5 bf0b4739 3f59d400 3d618dbb bf242fb6 3f15e98e 3e01ec1b 3eb28f07 3ee54b23 bd5a92b0 be897ec5 3efcbfa2 3f73f9ec bde0ddbe 3ece8f12 3ee4f775 bf1a09a2 bf62c04a 3f7087f8 3e9026bb 3e8b8365 bea31ad0 be59d588 bebd471c 3ede92c9 bca31c3c be3ab579 be6b7474 3e3b5420 3ecc1f4d bf3e8df1 bf3a5bd2 3f66e3ec bf50f9e8 3f0c31d5 bef28f34 3f7031f3 bf5fca1c 3ea849b8 bf2409d1 bede4f23 3f5b0e2e 3e34ec4e 3f68340e bf4011a1 3f41a614 bf59ea08 3f1ed7f7 be6ebd8e 3ecbe252 3f05f53c bc67c72d beec9245 3f28ff89 be1ee456 3f0b9b94 bf0c0a1c 3e81eecf 3f17239c bf5591ae 3f6aa7e2 3ee76370 bf529c06 bf57f800 bed58e83 3f460bd9 3db298cb 3e081be7 be67de9e 3de36851 3f2a0d96 3ee84b03 be978ed1 becf9370 3f679a12 3f413652 bf2455cd bf147c06 3e666dc3 3f595423 bf76b628 3f12b7a2 beefcaed 3f5cea09 bea1729e 3f77ba2d 3d40f68f 3ed4a34d 3efefb0c 3e6bc4ba 3e34bdaf 3e920f13 beff3b28 3d478f98 bf35fc20 3d2a33f3 3ea5be5c bee89750 bf47cdf3 3f665801 bef6a38f 3e98af30 3f08ce26 be11b423 be207c7d 3f7b9fa7 bd881b93 bf3309e2 3f2741ae be794e04 3e2fa457 be40759e 3f697028 3f12bc0f 3cdf1e79 3f15bf89 bca49dd6 
3ed6267b bf5de211 be21b494 beaa2b37 3eea0374 bf001fd9 3f52880a 3d1bb2fc 3e80de01 bf53a3e8 3f7f6956 be567537 bdc41a35 bf7733a4 3f76be30 be08750f 3f149151 bf0e5d4b 3f05339e 3e37a39e bf17559b be604dfc 3f5d6603 3f5cb7ea bf395213 3ebe4b4b be864f54 bebe2eb8 3f77b1da bf189fe3 3eeee31b bf0bf1c1 3db668de bbfb8761 3e8fdafb bebd2abb bf1009bd 3d8d8b72 3f66b1e3 3da43823 bd4bf212 3f4f55dc bf6c11d6 be9eeeaa 3da9e890 beba235a 3f689611 becb9f28 3e792ca3 3f08cfec bf7a5bd1 3f600ff8 bec5773a 3f18d610 3eb02b1a bf133f78 be91ee63 3f4621ee be17d565 becb1f10 be93fae3 3f0e4197 bf3979df 3e1deab7 bf22bfd1 bed1673e 3f64bc07 bef1e35f bd810807 3dfa99b7 bf7295ec bf483a1d 3e96cb3f bec11a7c 3eaa5ebf 3f5b6bf4 bcbf20ce 3e0f3baa bf564ff0 3f319bdb 3e80663e bf46f205 3f710c08 bf0aa1c4 3e323d2a be8beeac beaacea6 3e783d6a 3eea76a5 bedc7354 3f3a739e be874600 3e4c1538 3f179b8b bf4a546a 3d53d15d bef8df9f be282433 bf2137e4 3e83d68d be62d54d bf3cfa0b bf1c0fe3 3e80baed bf260bc6 3ed0bb46 be81c63f 3eca6bb8 3f45f5b1 bdc1eab5 bec186c4 3f7eb377 bf2a85a7 3f39afa7 bf44e7f0 3f31de1c beebfefa 3f70f233 3f214fa7 bf17681d 3f4863c2 bf2307e6 bd561128 bf5c9a2d 3f3b0c18 3f27a7b2 3eba1f3f bf0f1752 be07de0f bee3c78c 3ee7b2fb 3ec7cb15 bf72682c 3f3ecbd3 3f494a4b bf4cb1d5 3ecfe316 bdc0cb14 bef56b1b 3eeda324 bf0c5bd8 be8dd280 be6af562 3f7b2d9b bf7c7192 3d07b182 bd53ede7 bf5da5ce 3ee38ae1 3e8f2231 bf379038 bf249beb be276567 3dc8f8cc bf3ca5cf 3f518d94 3f4ed600 bf5f75a7 bea77a46 bf010df5 3e21949d 3f4e1819 bec037b1 3e6994cb bdd7aa39 3f3ca1ca bed7c32a 3f0aa3ad bf56863a 3f548e6c 3f573beb bf4a0dee 3f46820d bf5ef02b 3f5449d0 bf753d99 3f5f641f be512c82 3f61d3e5 bb942c06 bd909700 bf3f95c1 bf214243 3f1b03c5 bf0f7fc2 3ef116d4 3c9214c3 beb30ba5 3d96cb79 bf2dc5ca 3d62ee4a 3f21c375 bf2b5f6d bef5975b 3f003736 bf4669c4 3f73586c bf79cffd 3f4009f6 bf63bbe8 bef94b64 3f746c36 3f12af67 3f66240e bf1417ed bf789fda 3ec71e5a be818256 3f393bdd bf5587d3 bf13e772 3f1f2183 3e170576 bf6cbdf7 be3ca51b 3c8c602d 3f22c7f6 be12858e bf1c91e2 be12356f 3f1a21c8 bf1d0f6a 3d42f2fb 3e1e8afd bf4a19f7 be3cac9b bef67f7f be840386 bcc19995 bf7e7b1f 3f75e7e1 bf1467b1 3f4fbe2d bebebec4 3f7c9bac bf737828 3f56cde1 3eb4ce09 be63ebe8 bf32c17c 3f3d79ce bf7eb179 3eb3c660 be610cf8 bf3beba1 bd8fa97b 3f2efba2 bf6d742f 3eb62f19 3e0a7c41 beeb9b25 bee7776e bf5109bd 3e0e85e8 bf7217c3 3ed9fb5b 
bf13901c 3f157ba9 3f773fb6 bf336022 3ef4eb03 bf1e5003 3f01b788 bf7675d9 be2a4d27 3f752a2e bf5dca0c bec80f35 3f40ebf6 3ef9b388 be37f4c0 bf48abfc 3ecd5ae1 be9f05e9 3efbf3a8 bf5d29ee 3f641c81 be229506 bf596429 bf401581 3f3a3fdb bf0f93cd 3f476f9a bf3bf3da 3e1d0443 bef18379 3f1aac0b be34a580 3f1b39f5 bf62adee 3f2669aa 3d285029 3f452a24 be80fa5d bf648baf 3e57fc9d 3d04343d bf46921f 3f5e17f1 3f2c83fb bea44ede 3ef5fb33 bf23756f 3eb7c2ed bf715a20 3e61861d 3f5e0a5b bf611fbf 3ed12f5f be2963d0 bf4ff5fe 3ee63373 3da8cbbd bf0baf7d 3f018b9d bd12acb7 3e08d524 bd6c1213 3e9edb91 bec1de96 3f56ddda 3e8ea6fa bf55b409 3f20460a 3e4aa5c9 bed24b10 3f6bec04 3f4e6017 bc835d4b 3ede8324 bf71de25 3efa7fb9 bf6f2003 3ebd529d 3ebe26ee bec39e7a bf09ebab 3f1935ba bf3343de 3f3aee19 bf16f77e 3f605bc3 bf0629ed 3f08e9eb bf38924d 3eff93d6 bf486feb 3ea5c1ce bdf39aba bea81a66 3e1f7364 3f407036 bf01457f 3f792253 bed57303 3f71de00 bf555c48 3f7fd140 3e10fc04 3ed32364 3d2e9191 3e4fe3d7 3dc29a6f be19a50f bf75e633 3f14a798 beda2b04 bf11c5ed 3eddbf05 bf1dbde0 3e967e9b be8662b0 3f142bc1 bf6fb20e bf7b4dd4 3f42f1f1 be479be7 3dbb7714 3ef872f7 3ef9e81b be9f36dc bf0e2f5a bf33e81e 3f7f3b4e be15dd37 3f4d81f3 bf383986 be8a3e9e 3f657c69 bf749de9 be9cfb31 be5ec621 3e4cfd64 bda4c850 3d99a8f9 3d1f3171 3dceb8f8 3f3a1413 bed34386 bf020a02 3f4dd212 bdea4990 bd40cf1b 3f7a1608 bf527260 bb40e98d 3f175587 3f0a19e0 3d6f932d 3d577294 3dc029a2 be9eba13 bf589c12 3f2a098b 3f4b4dd5 bd03b7e5 3e7d2d28 bf4b4be6 3edbeb16 bf1449c1 3dd0f679 bf6e2a2c 3ecb9ae8 bdfda7ad be05bc48 bca89f04 bf291ff6 bf046d77 3f38179b 3d7bcfaa bee1eb89 3f0fb331 bed4ef5c bf236b8c bdbfd931 be443486 bed4f6f1 3f5a480c 3f47442c bf63f40c 3f64e648 bf686baf 3f013991 bf1f29de 3f7bc21f be27a337 3d4acf50 bef1bad5 3ed0b327 3f6b1e2a bf5fc7fd 3f7df953 bf4b1dba 3e4e4b21 3e7bdce0 3e8a5ed0 3eb81e3b bf1d37e9 bf4d9627 bf50b80f 3eec76ef 3f49d1f7 3f14dd74 bf5bd02b 3b54cc8c bd6818f3 3f7e6576 bf57664a 3c16af3c 3f7559dd bf0b39f4 3f419ba8 bf3711e5 3eaf4ea8 3e50acf1 3f6d5fb2 bf7c7bf3 3f18d9b0 3de4e98f bf3567fa 3f68240d 3dd57a96 3f6f1413 bf39ebdd 3f31f7eb 3f3351cd befeabe5 bee882d8 3ef82798 be71bd3b bf44f7c8 3f3be9ee bf003f48 bef67693 3996df1d 3f79a63e beea6775 3ebc39d6 bdadca02 3f1709f3 bdc83b65 3f7b19bf bf79b1e3 3f29c59d 3ea68a91 bf6681f9 3f5e5033 3f5e65ce bed29e8a 3f75523d 3ec1de53 bea0e2f5 
3e9f7329 bec3b6e1 bf5523c5 3e86132a 3e156c8a 3e18e4f7 beb31eda 3f705019 3ea6f67d bf4bcdb0 3f0b2fb5 3f33a7cc bf677800 beda6331 bd60aba2 3f2bcfe7 be9fa679 3ed39342 bf6421ec 3f7a93d2 bf4dd7ff 3f0e0594 3f2941c2 3dc54890 3e9202e8 bea0d2b9 beaf3242 3f6d17fd be7bcc16 3e8d5781 bea07385 bec22f37 3e146daa 3ed29f2f bf1bfdf5 bebc5b53 bee6f7b4 3eb51a83 3eb2ba97 bd798ff1 3dd8f648 3ebeb2c6 bf11d7c4 bf3f7baa bdde0797 3e9bd6fd bf312004 3f446ded 3f3cd1d0 bf3209b0 bf2c2d9a 3f7ddbbb bf766803 3f359bf8 bd8076d1 3f63b7f3 bf18e7f9 3f1f2398 bf62b607 3eef266e be1f53ed 3d29d2c1 be03745e 3ed3f72d bf6091d6 3ed54b41 bee14ee5 3ef05b9f bf765fe8 3f40ac26 bf75d3ee be80f2ea bf7b6bcf 3e9212cd 3ece3f90 bf052785 3f35dbb5 beb83a8b 3e375dea be296cbb 3f72ed94 bf00617d 3f1695c1 bf70f22b 3f3b17c4 bf71dbbc 3f431ba7 bf2bbd6d 3ede4ae1 3bad7ce3 be094d56 3f517a26 bf5e9801 3f3dc416 bed1634f be456445 3c734bd2 be858656 3e0cbc06 bf5d0be2 3f2ce3a4 be7764ef bf0a3ba4 bcdbe032 bea37ac9 bd701096 bf378590 3f3c1c32 3de299c6 be24d401 3f401bf3 be051598 3f454211 bf20cfb8 3f77e1a9 bf23da2d beb10f1e 3f4a661a 3f5e73cd be9612cc bf361fa6 3ee36711 bf650246 3eb3b21f bf284df8 3f68c3bb 3e978a62 bf31bd7a beb48329 bca2e6e3 3d9caa8c 3ea7da82 bf248ff1 3f75c7a1 3e6214e6 3f0ba3c1 be8b2263 3de388f3 3e20b3e0 bdf2b988 bf2641db 3eda3af8 beb45f85 3f24a7a2 bf289fb3 3e792514 bd402e2f bf3409a5 3f60561e be55a52f beec3736 bddc68f4 bf0ee9a3 3f27b584 befb375d 3f68104c bd9b9b9b be743542 bf592020 3d3dd1e7 3e933ed6 bf19f78c 3f5bd428 bd52f1ed 3ecbc710 3f43ba25 be9666b3 bdd1c87b 3f5d8597 bf422c4a 3f6dbc0c 3f11db7f bf1e183f bf1c7d90 3f618c24 bf5885e8 3f1f9028 3f681209 bf1de7ab 3efac05c 3f28f41d bf69fa20 bd1ff219 bf06c797 3f5d6c2f bf37be67 3f679631 bda5a42b bf1d95c9 be741d7a 3f636242 be9902d2 bd6bf4d5 bf73a7d5 3f29c997 bf1b2bc0 3e900697 3e2344c9 beee4f2b bd7a2e58 bcdde63a 3e9e4e8a 3f69add0 3f0a51e6 be5cbdaa bf48efe6 bf2b041e 3f43f1d7 3e775662 bbb597ab becb237b 3e5d2cb5 3e68a477 bf55ce43 3f4f6a27 bf78aa26 3eb96b4d be9d9ad9 be99566c bf65c208 3f4855d7 bec109f1 bb0ee49b 3f1035b6 be68f5e6 bf45bfef bf15df5d 3f6cc5c5 bf2b3590 bf6357e5 3ef41b67 3f26ab8b bf598c37 3e525ce3 3f56cfff bf7df3a1 3f3b7fd6 3e514d34 3e546ddf bf15afa9 bf304dfd 3f66a660 bf718bef 3eda7dc7 bf248df7 bf0a5bcd 3ed40f0c bcd8a5ca bf35aa00 3f76fdea bf49afe0 bf732407 3f312b9f bf4b582d bf44562d 3f540023 
bf1df02f 3f414fba 3d88a9af 3f0ac7fc bf5e7c49 3f2d7039 bf2657f4 bccd2202 bf7a53d1 3f4badeb bf06f9ae becfea9d 3f1c75de 3ed49f71 3d81f61b 3e88622b bf632a1b 3f285ba4 3c9598c9 3dbd6a1e bea34818 be975f43 bec1ceea 3e167c21 bf4977ed 3f728031 bed252da be6d5cf6 bf374f99 3f4e71db bef06702 3f56c7de bf2ae1a0 bd210a64 3f285238 3f07fa07 3d262c3b bd92f95e be99ddd1 3f1387b7 bf6355b7 3e593ceb 3eca2b2e 3f16b5be 3ead9b3f be950aeb 3f47a1e5 bf636fd6 bf1d3196 3f607c39 3ee91786 bf3e8bc2 3f61f1ed bef4ab2c bd86fa05 bf5f720d be75d305 3f0607ee bcd1dd06 3d9dba6a be1d6d3a be284bc7 be54e380 3eaa8ecd be704d90 3d0a749e 3f3c9f96 bf406dfb 3f4e57fc bd9d1b07 3ddc29b1 3f079bd1 3f3f29d7 3e78a5f2 beb61f65 3e636d19 3ea9eef4 bf234a30 3f13c791 bf6e760e 3eb32b2b bf787da0 3f2661c0 3db0e935 3d8ca876 3e8bf5ee bf136f9f 3f5bf5df bf4c97fb 3f108da8 be0fd4e0 bf2d860d 3ef89f73 be29dc66 3ebee724 bf29cdca 3f72de20 bf782c18 3f372c29 be457c8c 3f0a95a2 bf7ba9bd 3f494e29 3dc30799 be81d717 3f62e9b9 3e972ebd be8f1e85 3d0d705e be2bc4ea bea442e0 bef87a70 beda3ae7 3ea8fe0c bf478c18 3f14e17a 3e9f92ea bef762fa bf5cb025 3ea376da 3eb84ad7 3f2803c8 beca3b0c 3db687aa 3f41e80c bf6dec0c 3ea282c0 3ea592c4 3ed4c281 bd3a0ffa bee72756 3f50c60a bf1aa1d2 bed45f3d bef5ca80 bf0e8956 3f02f9b8 bf6b05de 3f1ac59d be921331 3f7c8b8b bf5c87ff 3dff17bf 3e5fe6a4 bde52bd2 beb85ed4 3f21de0a beffab23 3e905eaf bf06cd6b 3f1e87e0 3ca1e1d7 3e3b34c6 be9a6aa2 3d6212f1 bf733602 3f44c9f1 bd81f39a 3f654415 bf224565 3ed8bf90 3e3ae2fa bebb9acf beea9f58 be7d9dbe bf4c1013 3f2b9faf bf74b02a 3ea0a61c be806e9d be48467f bf23a9e8 3ee03f3a 3f2593be be8d2245 3eaa6eb8 bf3031f4 bf20396d 3f688a27 bf6fc23f 3d9517d1 bebd2e25 3f2f95fa 3e0db394 bea11f46 be1fb54c be9f568d bed8cebe 3f7de7a6 bd9e1a3f bf5b95f0 be20f579 3f74ae26 be2f6602 3ef8b2b6 bf250215 3f7bbbf7 bf1fcd6f 3e8f3de7 3db90a58 bea5361a be8bdf35 bef6271d bf464657 3f1b7ff6 3eb97b38 3eb8377a bd6d12a8 bf375ff1 3d0aebbd 3e2c7bb9 be075357 3da725c0 3dc5160d beb756d0 3f1b43c0 3dcf3845 3ec8da7e 3ede8770 3f49e1cd bf7ac1c6 3f4a25d3 bf262c25 be42362b bdefb951 3f78c7d0 3e94166c bf627421 3f362bd5 3ed9134f 3e1ae376 bf3e33d6 3f5b7025 be6584ee bed0ba69 3f7ad7a7 bf7a21c5 3e35c446 bf1193b5 3f2445f0 3f0a991d be527d6f 3e276cc2 beacfb55 3f3251f0 3f2f83a4 bf654e0f 3f7ccf96 bf671c2b 3f57e3f0 beaa0311 3f489064 bcf66120 bd5c3369 3f6f7c2a bf268ba9 
3e3d1d86 3dc4e721 bf718a01 3f53d3ef bf64340d 3f610423 bedbeb06 3f777db6 be5e04fc 3f615fcf bf2f4157 3f3079dd bf26afa2 3dc1fc75 bf42b7d1 be2dd57f 3f27d610 be81628d bed986e3 3e4b64fb 3e594539 3f678e52 bf65841c 3f52b426 bceaa28a bf02993f 3eead2a0 3b9e5967 3f793a1d bf60e81e 3e838244 be9b4298 3ecb971e bca7b17e bf2ec9f3 bf078ded bafb0295 3eaaab54 beeb9326 be728d3c 3f3a8188 3e253b97 bf51681e be429ba2 bec49725 bdfb77b8 be58d69e 3eef2317 3e5c8b82 bea89a87 bf16d5a4 3ece86e7 bee0d78c bd0cb3d5 3ee1271c 3f2ca990 3f2c6fcc bf68ea52 3ef5ca92 bea24252 3de94829 3f0ecdc4 3ec36e8c bf54d7f5 3f710830 beabdad1 bf4fd017 3f4aaa1c bf0c9f99 bf08439b 3f12b1d4 bf39c207 becb1b3b bf26499e bd35d26b 3e13cc5a bf3709ee 3ed0e6cd 3c21c5f4 3f03bbc7 3e4f5561 3e221c08 3e8f6a94 bf6e5403 3eeb16d9 bedc3bad 3f274e33 bf79c00e 3f77f400 bf5da250 3e5bfe17 3f16fa01 bd8c090d bee8fed6 3d78cfc8 3ee82394 bea49745 3e8bca49 3f0adfc7 bf30cdcd 3dbb69b8 3e890a85 3edafef0 bf3abfd4 3f1d6ddd bf6b65c8 bf09e7f5 bca69f0e 3e5bc66e be3d74a3 3eda331b 3f50f035 3dd0a6df bc2cdc27 3f068f9b bed816eb bf083fd6 3f7f4564 bedba34e 3f56e877 bf679a04 bf357f9c 3f51361a be2b655d bf2f4d8d 3f3d15c4 bf752822 3e9bda98 bf5ba3e8 3f4083fb be7e5d44 bf0c457d 3f31cbca 3ebe76e3 3f768fcc becede37 3f103169 3ecd9743 bebf2e56 bd86b921 bf3f89e8 3f7215e6 be1b449b be3cd4f1 bdce8bc5 3f488c42 beeb0b41 3d646efc 3eab0ecb be8f26dd 3edc030c bf50d002 3f5a0228 bf21ce27 3f61e3cc 3e9826df bf337bf3 be9dde85 bd7575e7 3dcd24f1 be5b157d bca3620a bda5962b 3f05f37c 3f5c782f bf097c07 3f2571ea 3eed2348 bee10aed 3f104fa5 bdcf9883 3eea0716 bef6ab75 bd914883 bf70fc0b 3ef09b18 3f54d7d0 beb6be0b be90fa4e 3f1a619c be85ae44 3f66de1d bf14cfca bda4590d be21ed1e 3f759a69 3df1d802 3dffc85b bf30a99d 3dc28874 3f71d395 3e18955b bf1d1424 bf20fbf7 3f3111ef be846eac bf5479e3 3ed9cefb 3d4cef78 3dbdcbe5 3ed91eb9 3e970b44 3e328579 3f2887b7 bf3bd418 bce49f66 bd0f8a3c be7d7681 3eefeb38 3f0c060d bf12ab80 3ee3db6b bea05ebc 3eb2eb56 bca15e96 be4bebc7 bebc4339 bf13f9f5 bf3bb9dc be7e341a 3f3c3da2 bf064b94 3edde34b 3f1ef1e1 be99faac bf6cc7f0 3f3ede05 bf34158e 3f40820a bf5445fe beaf0ec3 3f19079b bf7ee72e 3f4689c1 bf51d9ff bdbf0453 3e1333d0 3f4a4fe1 bf0fa606 3f03918a bf672400 bed33653 3f364f89 bd180d50 bed9ff44 bf295467 3f4167c5 bf4d39ea 3f5c63ee bf685036 3d6e91cc 3e8e1360 bf666819 3f0a67d3 bef53f31 3ea8724f 
3f76c3e5 bf653bde 3f7cab6c bf2e1ddc 3f0461a2 bd418b95 bf54143b 3ee2325f bf577a2a bed79359 3d9d980f 3f1eabf7 bf608a32 3f7d3fba 3d89bb08 3f4c17df bf3617fd 3e98f256 3d873946 3d34aa05 bf158408 befdefd5 3f4e83a6 bef81f60 be34acc6 3f3883b0 bf274fd5 bcd11931 bf17ebc0 3e857e23 3e64a3b7 bebac9f4 3e9642e1 bed43370 3f7e8b87 3e94578b bc12aef8 beb7d35b 3f4f5e33 3e1c24ed bf425c17 bdd14bca 3ed81780 3f38d807 bed0ce7d 3f6fc3c5 bf485bba 3f5bbff5 bf79edf7 3f701256 bef63ae2 3f6ad3da bf20d5cd 3f27bfbe bf3c47f2 bf00814a bf4c83ea 3f734df7 bf78b421 3f5fc603 bf1afb71 be3c94bb bf7621fa 3f719c04 bf25adf0 bd97aacf 3f7753f0 bf3645ad 3ec03b19 3f523a2b bf738417 3f5ef7e1 3b6f6ca9 3f695e63 3e8b4b21 3e58ae26 3d77976a 3efe8b59 bf1cfa07 bea5b681 bee84718 3ed08b34 bf25afbe 3f4e35c0 3d9dcbed bf1581f2 3f10bbac bdd3b96d be173bd0 3ec7b741 3d96f6fe bf2031ce be04d40a 3f5e7bf2 bf45a7c7 3f03ff66 bf3a69fb 3e1dbd8d bf7f4bc8 3f163fc3 3d836c5c bd40b3cd bf66a9f8 3eccc39d bd8018b6 3eab4310 3f4d8bca 3ef07384 bf13e5ad 3f3195d3 bf57682c bf270f73 be6fae9f 3e22cc82 bf40d1a4 3f43b824 3e534c4c bf72d792 3f4e1dab bf4df004 3f19c765 3ed72b19 be244439 bf2d67fb 3f71f5e4 beb2c308 3f4bf007 3d8e4737 3e608e32 beb802b5 3eab866d 3e2db2fb bf1337a6 bed9d696 bf75b7de 3eee4754 bf2193c1 bf1fb9c5 3f543bda be6f56f6 3f5b47b9 bf2d2bcf bf0e59c0 3f7a1ba3 bf324192 3bce7dd1 bf2d9238 3f684e4d bf256763 bdba1812 3eec171a bf429649 3f25a192 bf281ddb be014441 beedf305 3f503ffd 3ef7234b bf34ba3b 3f701485 bf65b1f9 3f117d97 3e702529 bf739425 bdd31c20 3e281545 bf36a1c6 be968370 3e3a4c6e 3d9e4865 bf437bdc 3f77adee bf4621e9 3f5ee1f1 3f702603 bf5f47a1 be979f09 3ec32335 3eb49b15 bf1327d8 3ebe1320 bf65e242 3d9417fd 3e8d0eed 3d16cf23 bf6e845d bf3275c6 3f5cf40a 3d19d1bb bde2cb23 bf4c6c14 bef43ad1 3f4783cd 3f0ab56e bf5d386a 3f09a3dd 3f5d13da bebd4a99 be98ae61 bdb5170d bf6ab407 3eb0cf8c bf3d6a01 3efc3ffd be76bd4d 3f270f9a bf7381f2 3f77a204 bf773e0b 3e97263f bf172bfd 3f487398 bf766bd6 3f0db9ae bf01cf9a 3eb007cd 3e362cc0 3f6b4a21 3f63984f be845668 bedbae4e 3de5f8d8 bea98f5b bef6f325 3eb93e4d 3ef22e45 bf1673ae 3f564c5d bf6c67d7 3ed6ef42 3f42f9f4 beeb8335 3f7207e1 bf13cd4a 3f4025f2 3ef43808 beb6427f bf431f92 3f3a1ff1 bf56da33 3f5635e9 3f33efcc bf7dabee 3e467bdd 3e474c49 3e3ecb28 3e3b7d26 bf22cc16 3f70e634 bf2ac3a9 3f713234 bf6f6e16 3f63fdc5 bec62eb8 3e3a6cc7 bf407814 
bf64ba68 3e9326ae be006cc3 3e68ed3b bea6af11 3db8a921 3f196626 becf56b3 3f459dc4 3f4897d7 bf2f47ad bcdb69b4 3e85fa63 be89dac2 bf5f9682 3e56652c bf4e200d 3f6101d4 bf035a17 3ed63303 3ef00eb2 bdf4687c 3db56a0e bf31f7f0 3f6cfa17 bf759c33 3e8b6e64 3f6157ff bf23dd9a 3f746e05 bf4ce9ff 3f577787 bf6737e4 3f2e2fb6 bf4e4fb8 bf2ba3c5 3f6131f1 bf429e32 3e029383 bf538a01 3f7a2fb0 3e030ceb bee7eec5 bee20753 3d2d92cf 3e5a8d97 bf622640 3f24b7c1 bf54a412 3f734a17 bf648e17 3dacf984 be64dd08 3e5b0cdd 3dc747ef 3f3c31b6 3f07dde1 bed3664e 3f1a715f bec832f2 3de90710 3f01ef86 3f3901f7 be2a1c29 beb41b31 3f066de3 bf08f77d bdcf1a85 3e3a53d7 bf77afe0 3f581a68 befc8379 be366431 bf20400f bef1b3ae bf4be166 3f0cc379 bf4cfbc1 3eb78b85 3f4a3f8e bcd41ce2 be91332b 3efae6fd bf0c8de5 3bd98dcb 3e74569d 3cdb9e83 bf3e2dd6 3f71c3aa bf725c07 3e404452 3f5d482d bf73c626 3f2e77a4 bedf9add bc52c3ac 3efbbfcd 3f06b3af 3eee06d6 3e974306 bf601e03 3f13e7cf 3e8666bf 3f5e5214 bf7773e5 3e270509 bf194fdc bf629210 3ea7e651 beffb318 3f7611c0 3e9ae5d6 3f242bb7 bee04ed7 3f6d8bed bf72462b 3d30d11f 3f38f3e7 bf03adcc bdadb904 3ef97f57 bf1a83ee bdb3b74e 3f638a45 bf0c1fcc bf0d1db6 bcdfa6d0 bf208ddb 3e67946f 3cb3a301 bf02bb85 3f30716e bccde3d5 3f3665d6 3f15e7c5 be3c2cba 3f65b7f9 be9afee6 3eadbed1 bf70b1f8 bd20d3d0 3d9607bc 3f3343e6 beded715 bd14ae36 3f164980 3ea80733 bf570faf 3f66ba09 bf37b5cb 3f57a825 bf140790 3f41bc1f bf07d3d1 3f784fc0 be3b466d bf2e09e0 3d5a8e64 be0cebc1 be425d53 3f35b3c1 bf36bbd4 3df0da35 3f1abbb6 bee08416 3f26e1ac 3c70b400 3f5c19ff bf72321b 3f2321d7 be51b55c beb33608 3ee93afb bf7a73a8 bf443214 3f777205 be44aded bf055f94 3d3231cb be4dacff 3eecb2de bdad29df 3f5807f7 bf20bb9b 3ee16b41 3f39b1c0 3f4589a7 bf7f5365 be26948b 3efc7744 3f347ff3 3ef1bf07 bf4219e0 bd3fd174 3e7bfdd0 bf007f95 bec91301 be368366 3f17119e 3ee8cbb2 3eabea5c 3f01259e be94fae3 bd3f8f6e bd722c77 be8a02c2 3f683819 bf377168 3f5b739f bf463de4 3f7767ec bf055bcc 3e23adb7 3f24fb54 bf366e00 3f4a6c37 bf6691f0 bf102591 bf7255ef 3e7b15a9 3f0c41e3 3dca8659 3ef262fb be659db8 3d3cd27a 3e8d4303 bf7057f9 3f51fbf5 be90aad8 3ec20e9b bf47e006 3cde18d7 bf4dbfa6 3e231e04 bea422e0 bf52c5ee 3f029fbf 3e1a5c65 3ec0e315 be9ece8c 3dba86d3 bf4079c3 3f1241b0 3e0a75a3 be94ce2e 3eba8ad3 bec076cc 3f00bd68 bf5531e9 3e88ce75 3dc4b8f8 bf088bec 3f6041fe bf4353f1 3f09d382 3f005583 
3e583cde 3f471241 bf01e9bf beae3e5d 3f3eef9b bf70de29 3f288b8b bf0279a5 be569540 bf7467ac 3f625631 bea05af2 bd2c6e00 3f2cb9d7 be29f458 3f5c9fec 3e90828f bf217b59 3eaf6e7d bf766e34 3eb6c711 bec94ad1 3e95a29f 3f0871cb bf356be0 3f6d4854 beec96e3 be720dad be589d68 bccb1d61 bedd83bd 3e7d0d4b 3df4e6bc 3e9deb5c be286d68 3f359150 bea4b259 bdc728de 3f417221 be5585e3 3e149512 bf60145f 3f64e233 3e8f6e66 bf4a085d 3f07a3c2 3ea0ef52 3e2d656e bd916a2f bdf93a7c bd7392ad 3f3a2c15 beab333a bdbcbaa7 bcaade36 bf467fd9 bd182a14 bf32adef 3f310450 bf62f02c 3f4c6636 bf53c00e bf179618 be29b408 3f5a0819 bf701fac 3f5299d6 bea7eb5d 3f2f97ca be7ca522 3ecae2ea bf206984 3f5a042c 3b0f17df 3f3b5dfe 3f6851f6 bebd9b3d 3f09af82 be9d633d bed42e4c 3d885b94 3c69bab4 3e0b9c1a bec6eae4 3f31d64b bf290601 3e4b0d7e 3f1c619d bf2e723a 3f31ae55 bef2a749 be619c76 3f41123a bf629800 3f1675a5 3e400527 bf39a81b bf020fab bf3b91fe be253441 3f1ad575 be050dad bf008bab bf664403 3f3e9bd1 3e8f4b6c 3b9b7a4e 3f44b7fe 3f6e1fb4 bf4f7e08 3a2c1478 bf7b19f2 bd34f449 be81865e be8d9afd 3ee90f45 3e69bc22 bf79f5ec 3f6f6fbd beb79332 be18cca7 bcd06452 3efb76cf bf784dcf 3ec43e8a 3f49b5fb be937303 3f3c51cb bed36ab1 3f71fe1b bf59e064 3e3d3d14 bf4e1023 bcefe6de bead6eac bf5e59cf 3ecbaf0a bf2613d3 3e99c38d 3f3e35e3 3b97902d 3e69dd80 bf2397e3 be61fcd7 3f10e518 bf44ebb5 3e59fc4c bc76c09e 3d842778 ba648c35 bebb1a91 3ea50281 bf440fd4 3f36218d bf7e51a6 3e594d17 3eda1a9e 3da7483f 3ead4a80 be73451a bf0879c2 3f733801 bf688df0 3ef58389 3d226cc0 bef2f7ed beb5d254 be17e4e1 3efe72db be83372f 3f03b19c be59354b 3d940a20 3f50d21e 3f1915a8 bf77358b 3f3ca5a9 3d5f2fc6 3f5d7e46 bf7455e8 3f3fc78b bf33cbf7 be472c46 3cdc5e2b bf230f8c bf024145 bf2875b2 3f6f378f 3e81c2c2 bf24b1ea bf60041d 3ce620d8 3cc9e005 3e010cda 3e94ba8f 3e9f2aee bdb1b95e 3f0b47ed bf2befe6 bf0b8f5a bea63eba bea93b02 3c03bd82 3efda782 bd9bc62f be69fd3d bd504f8b bf27d5b7 3eadaa73 3eb46f40 bf4eb201 3e7ffd76 3e1ba538 bf144f88 bc95608a 3d8809d9 3ec106da 3f1561c3 3f14c5f1 3e25b3cd bf365f98 bf11ed8a be0d15ee 3f2af426 bf770416 3ec18ef8 3f3061ce bf27f817 be01bc6f 3e8a639b bec5decd 3f75fdf5 3ed19f09 3eb5560d bd3cf48b 3ee8b737 3eed4311 bf5823c5 bd5651f8 3c899efb 3f069b89 bf3d1c0e 3f42b014 bf109e05 3df2f815 bed03768 be2c9c26 3ea7f237 3f0397ad bf2f101e 3f6515cb bf4f9a18 3efc372f bf6957e6 3f17f1bb bf196bae 
3e9a1671 bf390dcb 3cbb24ce 3f150bee be37e546 3da6e5fe bade79e4 be5aed9b 3f44e80e 3e271c31 bebf3292 3f09f9b3 bf451c33 bd1c2b07 bd9dcd05 bf393bcb becc1bad 3f36c20a be4f25c9 3f6e3e2c beeabede 3f282b6a bf7f69a8 3f13cf30 bf4727fb 3f0cf964 bf4d2647 3f71cde0 be8ae274 3f1adbd6 be9af2f2 3f089bd7 bf1e97ed bf227c0a 3f69b65f bf2e47ba be59a47f 3f268d8e bf2ab5fe bd8cd92f 3e356dcf 3ea24eb1 bf683035 3ea59618 3f44e3d6 bf4d4fe1 3df39b1a bf366fae 3f63322b bf1d7576 3f2285a5 bf748fc9 3ebe567e 3dee0862 3e75a697 3d62914d 3f49561c 3e6164c5 bf118fd2 3f693830 bf7017e1 3f7929b7 3e65ede0 3e81d2b6 bf1f0598 3f1f1200 bee60a9a beb3aee7 3e83bac8 bf549bfd 3f2c0fbd be986eb7 bd22b346 be893ee1 bf1e99c1 bf0065bd bf04d5a4 bce56340 3f3a339e bf79058b 3f684652 bf72c218 3f70e477 bf11c9a3 3e2402a8 3db40841 be3b1665 3dd4a9ea bf35add0 3f5e2c38 be5b2d28 be21e64f bdc68cb5 3e3cbc9f bdf756c1 be946317 3ef72faa 3f6a0c4b 3ed702a3 3ee9665e bf2d500e 3d847a4b 3eed2ae9 3f3f73ee bed26dcb bf17839b 3eefce60 bf7b6de4 bf4d35f1 3e02534b 3f69242d 3e36bd00 3f2b69ed bd99092a 3f03c387 bf357dce 3e7b6bff 3ea0e62b bf08a9c5 3f0c4be9 bde55a83 3e28c50d bead4ab3 3f57c9f0 bf38597e 3c6d4177 bea9b612 3e4d5c92 bf621029 be0984e0 3f0c23fb 3eb0a6b4 3f00fbe2 be9972f0 3f3b2df2 3f0beb88 beddcef2 3f78bbb2 bf7a33cf be4aa41a be4f1d05 bf037fc5 3f56edc5 3e415486 3c4e4a9b bf02bd57 3f2a119f bf000179 3e1e765f bda336cc 3db188fa 3da5a8c9 3e9e2ac5 bf05df7e 3f4bddec 3c8c25e9 bd5cd0e8 bf617a46 3edc2b29 be605cc9 3f29ac44 bf4e29b2 3f43e1c3 bf08258e bddbdbc9 3e9216c9 3f570e17 bf5cca2a 3ea86235 bf3885b9 be19144e 3eb941e7 bf0693a5 be670d67 bf5af3ea 3f6ec3c5 bef7cb08 bf43f635 beb1476d 3f1b8b6d bed5bf6d 3decca20 3edf92de 3e3cad53 3f0927ce 3f693bee bddf07a3 bf01778f be8ba2fa 3f26cda0 3f5ba464 beb44af6 3f5c2066 bf44b3dc be9a432f be856aba 3f0079c3 bf2a9dbe 3f339bec 3e15cd7a 3f64d9c7 beebf335 3f4f3402 bf757df3 3e67fcdc 3ea19304 3bb45725 3f4b421c beec3e7f beaecade 3f2a93ae 3dbbb8c6 bf3955d4 3f53ae2c 3ee7732a bf058b98 bf17339b 3e9bab20 bf2e9bd4 beca5eb3 3f555a4d 3f6d0602 bf0d9dfd 3d51add6 3f17f5b9 beb7173e bf235f9d 3f2d8fd9 be501505 3eba7af5 3d94d68b bf1fe9b2 bf20981b bf2c0216 3f2ae812 bf1f09fb bf250f89 3f7b5dac bd4cae8b be10ce57 be8962fb 3f78365c bf313bca bdbb08e6 3eea9ba4 3f19fbd8 bc4dc451 be9fe662 bea5b23f 3e9776ad bea682cb 3d41341c 3ebf3b52 3ef87f44 be165ce6 be0164f0 
3e5575e0 3c84e0f2 3ebe3b93 beb812eb beca2b61 3df3d90d 3f09359f bf3d5fd5 3f0c4023 bf4d1a30 3ef04fa0 bf19622a 3f7da5fa 3d1e2d90 bd07f1e7 3f4a9c1a be18bd74 3e144d6e bf7a59c5 3ef78a92 bf4b041e 3e0eec77 3f0783e1 be414d1d 3ec98b94 be1dbd7f 3eb1132c be42ccc7 bf121016 3e6aad50 bde65a54 bebb0eff 3f17bfa3 3f2551ac bf64f1d8 3e754d55 3f275dcf bf64c40c 3e25ee1e 3f1edbd4 bf42e3f6 3f4a4614 3e705dac becce6c2 bf3a23f6 3f7735e0 bf0f6151 3f44dc14 bf6dfff4 3edf8287 be757599 3ed99b63 3d8bbb02 beb8d646 bd80c8f2 be3fd504 bf079dd2 bec16b22 3f24f1e6 beff5f12 3ed96b5a bf1fe3bc bcdf67d7 be3d1cec 3ee356d7 bf4eedc3 3f669e00 3e42ac8e bea466b7 3f50da02 bec47ab1 be0c44a1 3ece36b3 be3ce511 3f2aae1c 3e52c4a6 3f5153f2 bd3e8e28 bf1a5de9 3f349e11 3f001bda bf2b781d 3e86aa05 beb78782 3efef2e7 bee0b732 3ea2d63a bdcb88e8 3f0a7bfc bf2ecfee be823abf 3f68d804 becf2776 3e403bb3 3d80693f 3c801ddd be937775 bf2e13c1 bf71d40b 3f040b51 bf1201f1 3f6105eb bf4b100e beff32fd 3f11ab54 bd997834 3e424c95 3ec74f74 3f638864 3e1e65a1 bf45f246 bf5713fb 3e32ec08 bf7a8df9 3eff1b68 be58dd41 3e65a4ec 3d43d0c6 be787c80 bd48d052 bee9f300 3f2f1398 bf039b56 be649426 3f1dd369 be6c1cdb be30152c 3f0afd7c 3f059759 3e86b64f bf0d3dca bf5fb049 3e77059e 3dc8581e bf7d95b3 3eb446ee bf18c3f5 bc65c55b 3f0abd66 3e58ed02 3ec6aeeb 3e874eb5 bebf0322 bf4619f4 3ed77f8e 3e79d55e 3e744c56 bf12b5e4 3f5c1bff bf13a18e 3f1a7ba8 bf4e71bb 3f50fe9e beeb46d7 3b45202c bf65b3d2 3f1a9bc5 3ee4af8d 3d6050c4 be93bad5 3d7c3096 be954620 3f0889dd befcaf6a 3f2adc14 beb8e2fd bf3459d2 3f660672 bde5d779 3f732022 bddd0a17 3d49ee97 bdd5d905 3f23f9b0 3ed016cb bf3377c7 3f01d585 3f2005e8 3f215fcd bf5e900b 3f26ef9a be3e8b8e be6a6d9f bee29aef bef75b60 bf5af9ff 3dd22b72 3f4acbe3 be947a5f bf096326 bdd6e99a bf3751ef bc6d3dd9 3dd9d721 3f6ab7e7 bd22f4ce bf5bce4b 3f584820 bf61be21 3eaf8228 bf767bdf 3e2b3c07 be80bad7 bdc46b99 3f0eb56f bf00e5b2 bf0a39ee 3e8222cb bf0e874f 3f6c67b7 bf6701cd 3d63d0ce 3f5b8bd1 bf6493d9 bf401fd3 3f648df4 3f0c39eb bf1fd5c0 3e8cbe44 3f3359b7 bf63779a bf48dc13 3f07cdc9 beee9ae1 bebd5e51 3f6d2215 bf086d98 3f5271e7 bf716e3d 3e1fec03 beefe293 3f2c87f3 3ef56704 3f44c5b8 bf54e7b5 3f298be6 3eb67abe bf31d5b7 3ba28bd5 3f0bb3eb bf22cdfe bea85ab8 3da9b771 3f3c11da bf561dd3 bf4137aa 3ed63a67 be7f63f0 3effdb46 bdcd9a84 be0ad359 3f11c9d7 bf6037f4 bef896c6 3ec92f21 be4d9cb6 
bf6c1fe9 3efa5726 bea48aba 3d538e0c 3edf072a 3e00d41b bf4ffdf4 3f4e37f7 bf1df5b3 3e9d0af8 3e84aa07 3d6aecd5 bf3fd987 be715405 be79cc41 3e6a9d8f bf1a23a1 3ee32ad7 3ef8db7d bec7ff25 3f4ee20c be353c21 bcf862e8 bf560004 3f591849 bf2bbb76 be0ecd5e 3f1b5b89 bef5dac4 3f3f63ae bf62aa46 3f5b2fc5 bf4233ce be9146cc 3f284fcf bf1031ac 3eb85b61 be1ecc52 3f6d6e01 bf64002d 3ecddb83 bf5f4e2d bd582f39 3f0f9400 3d8f18a3 be53743d 3e34440d 3e6da6b3 be3a1c54 3f33fb81 bf3837d5 bc959ef7 3e6f3462 bf097e02 3f513980 3d8f588c bc5c35b3 3f506447 bf4ddbe1 be6c3486 3f39c9a9 bf2c97b1 3f6e0852 bf77a9f2 3f18757b 3e709d15 bf1ddbb6 bf0e7db6 3ef79710 bf10ab37 be264d34 3f1b19e6 bf42f7b4 3f34ff8b bf6353ea 3e0d6e63 befb3fc9 bf271fe5 3f63301c bf5957fb bf505220 3f4efa38 be1b6ce0 3e748d0b bee54b55 3eec5329 bed0b6db 3da3678e bdf4d939 3e9fe2cf 3ebba2ac bf75a9fa 3ebc9324 bf055963 3f106f8a bf2021d7 3f5b1a20 3ea119ba 3f222d4a be9be6f6 3ee3d36b bec772eb bc8f6084 3f51a439 bf6f7634 3f2be438 bf2f0605 bd13d2d3 bf2ecbad bedceabb 3f4657a3 3f159529 3f3cd5fb be607dbf 3f5b0c79 bf4b2021 3e42fd0e be35fd83 3bb07ac4 3f67644c bf04a59b bd08f2fa bd6013af 3f0d37b7 bf797a0b 3f606bfc bb9e77eb bf549fac be369520 bee80af7 3f5eddfb 3f03a7a9 be39954d bc3ecd2f 3effce74 bcdee5a6 3f0357b2 bef4c6ef bd1e310a be4d7cd8 bf5ba5bf 3f228a10 beea1ef1 3f7c1962 bde7ba16 bf6da630 3ed4e359 bed37651 3e6e2514 bf6bc845 3f6ce404 bf1361c5 bea46f2c 3eb6ab2a 3e0c142e 3f66a21c bf403231 3e8a9607 bf799bac 3f2ab624 3dc188d7 be3953c1 3dafa826 bed43ac5 3f15d9bc bf50b22d 3f7bac00 bf393fe1 bf0c5d83 bed536db bf0581c4 3eb8b66e 3e4b1b8e bf58bb9a 3e6ffd03 3e2d3d4e beb20ae3 beebb319 bed51ec4 3e7fbc5a be8f1292 3eaf8a4c be997739 3f6fde24 3dc588f2 3f720bc0 be4afca3 bf438819 3f6199f2 beb722a5 3f40599d 3d8dc88c 3f1beba9 bf47e3a9 be805649 be89f1b3 3f4a03c6 3e0dfd81 bed7cea5 3f177b9b bdf92c2f 3f594843 bef2bfdc 3f7581f7 bf786ba0 3f334ba0 3edd0f64 befb3350 3f5fd5dd bf7bd3d4 3f7951e2 bef776e2 bedacf63 3f131803 3f5ddbcf bf7505b7 beadb628 3e939ed0 3f1003d3 bf74dc2d 3f38a5e6 3ec62f69 3dd5a942 3f0821c2 be23a694 beec1bf0 3db508a8 bf31b603 3f640e0d bd9506db 3f22040f bf51c1aa 3e308d89 bf7a99fc 3f2aa1a7 be86cddb bebc2b00 3f6bbfec bf672e1f 3eb576c8 3e26d500 3f4e21b1 bf267fd8 be2523a6 3f106d7f 3f0c93b5 bda6e382 3d179541 3c04bde5 be9acb01 3ed13e76 bf396dfd 3f3ffbb1 3f58aff0 bf6b6f98 3f7f6f86 
bdae4704 3f145763 bf422e4b 3f05496e be8419f9 bef11ef5 3f753e3c bf4593a6 3f342001 bed96a1f 3dd0384c bf03b201 3f603a27 3f515fcb becf7b19 beae967c 3f291bff bf3c97bf 3ec05b0d bf0787c1 3e6116c0 bf4aae11 3f1331d1 3f1f69d2 bf749405 3f550dc5 bec2bf2b 3d2812fe 3e882afa bee40737 3f62d02b bf255800 3f305a2d bf31918f 3f651fcc bf06d7a3 3df6d75e bea6ea55 bf24481e 3e664dae 3f33a415 3da4e89a 3ee4728f bf5a89fe 3f6647fe bf4a2df3 bdd0c9ab becacb15 3e21a552 bf286d62 3f68d00a be888f47 3daef839 3ed0cb17 bf1adbb8 beed36dc 3efdd26b bf3e5835 3f157999 3f301e32 bf62fdc1 3f2ccdb2 bf043fcf 3f3de9f1 be966346 bf18afbb 3f748c14 3e748647 3d8718ce bd56ef68 3ecd13aa be204464 3ddb0884 befc23ca 3f78e1a6 bf4395c1 3ef706c0 3f46ca0f bed783a0 3f2485ac 3ebfe2aa 3e855294 bf6dbbe3 3f4c3a18 bf02e9b7 3e00fd1a 3eace71c bec84a21 3ec7eee0 bf737c03 3f5aa9c2 be9a73b0 3f393fec bda07654 bf03584a 3f43fc00 bf6b3012 bf383bef 3f2853e5 bf0fcfbd bdb96a24 3ea9464b beebaee8 3f4c8029 bf613420 3f595a3f befda7a5 3f47a39e 3ac1d11d 3ef012d1 bea85eaa bf480fec bf52a3ec 3e4b4cc7 bf7b41de 3f77cbf2 bd592ef8 bdd429f1 3e621bdc bf708df6 3e60bd13 3f50e40e bf59e7d2 3f4dc41b bef8d6e5 bdda1ab1 bdfffce1 3f3ae01f 3e9786be 3e37bcdc bf792a02 3eab22e4 bf428206 3f248dae be3c1314 bf363dd9 3eb94afe 3e90772b be4394c5 3e91c6e2 3f3f69d3 bf76b3c9 3f548426 bf6cedd0 3dafe6f6 3f48e3db beba0337 3f2a1f61 3d03f4df 3efe5b62 bf0695b3 3f1df1b1 3e5ded5d bd30d636 bf6de1bf 3ebbaab6 bf3579c4 3f172166 3eea7eff 3d991a07 bf587fdb 3f5d55a8 bf103db3 3f3f6bbe bf6b77ce 3f79a45e bf0f4fe4 3efa32e7 3ebc763a 3f728dba 3e4df442 bea4d2a7 bbc76f2e 3e8bc23e bd5bce69 bea3fe71 3f46000d be8dbe8e 3e58243a 3f6243d2 bf6965e6 3ecf8f5c beb1ee64 bda0d88d bf7a4c12 3e187dcd befa6701 3f354bab bf7afbff 3f2abfb8 bf58ca35 3df38873 bf158fb6 3f751df3 be7f24c9 3efa1b7d bf19ffa2 bf537208 3f6de814 be9a0666 bee17760 bde94864 bed1ab80 bf05f94c 3f2131b3 bf7f9534 3efc5b6d be39643d bf2b21bf 3f615bde bf6bac0a 3f3f77d3 bcb060c8 be5b4c64 bf1615d1 3e868aa8 3f7495e3 bf46be24 be67e694 3c9a5b05 3f0fedac bf660e46 be426e25 bf2bbfbb 3f13d37c be266545 3f7dfd7f bea591f6 3c7fce07 bf4389cf 3e5795c6 be8c2ac6 3e5afe19 3ea6a6b3 3df839df bee0cac5 3e033bef be5b5d26 3ed11f17 3ccd9d62 bf4fd411 3e463dcd be960a2a 3f3f7fd8 bf7bd1c8 bdfaf7a3 3e85f2e5 bf589239 3f503a45 bf6b67ab 3f45a7e1 be1c661e be31c49b bf23237c 3db7a5f2 be7eb525 
bf11dd3a 3eb9db27 be96eb22 3f1e63ba bf3f9d4d 3f5855db bf526e0d 3ec2ded3 bdcc8a87 bdecaad8 3df81658 3f0d69a0 bf753403 bf6d1c30 3f04b5f6 3f5dc24c bf6fffda 3f68fa11 bf62cffc 3f61c5f5 bededa65 3f4ac079 bf3379af 3e5983ff becf62e0 3f669c2f bf379dde 3ea5dacf bf0707df 3e354433 bf22f792 bd878aeb 3eb6e685 3df67849 bf38eda0 3e1f8f15 3e8122f2 3e8a5281 3f6a2079 bf3ed1e4 bdfa992f bf470df4 3f210bcf bf117fb2 be620554 3ef3ba8c 3f4f15e3 3d989af2 3dca2860 3ebe1eac bf61061d 3f01eda5 bf44cde3 3ecec72f bdb58944 3f2625e2 be616522 be63fce0 3e47fcb0 bf681e38 3dd0e8af 3f0a0387 bf73261f 3eb5c78a befb2359 3f3ee25e bf26284e bf28dbe4 3ea84e6b bed86398 3eb266ee bf6d67e9 3f63045b be3fcd9b befcc819 3f48ee25 bdb1e90d bf5b2fdd bea00b1d 3cfa5d40 be89831a bf397427 3f7755f5 bf63abd1 3f60bfc0 beffc74b 3df5c871 be585af8 3f2da1ab be81428a 3e27dcfc bf4bd7e4 3e1794f1 be580cc0 3ef97b2b bf241e11 3f6ef647 3f1e57d4 bf529a13 3dc23a3b 3f0ef9a3 bec11322 3e8ecb18 bf621829 3f2a71a7 be9a0ad1 be280d71 be34b3e5 bd66f12b be98ee8b 3e366386 3f1fe399 3f3839c1 3ee6dbc4 3eaa46df bf513dfc 3dee59df 3d7b50ad be682715 3f756c11 bf36f5e1 3e4b365c bf329b9a 3efbe2f6 be928f90 3f4233d2 bf555015 3e80063f bf7fc93c 3f1d9f6f 3e90fb0a be82febe 3f69f226 bf663284 3df6baeb 3f5d3dcf bf7477e1 3e478cce bd0d6ec3 be9d1ee6 3ea505d3 bec10624 3f3b8215 bf57e3e5 3f7f836d bf5f9dae 3e929f0d bf450be9 bf48cde5 3f57bf6e bf7a65af 3e7bb534 bea0f691 bdc586dc 3f6043f3 bed05f04 3f6769e5 bed3fb51 bf5c8dcc 3f0c17d2 bebdfad2 3f00b97e bf4273bf 3ef742ba be587569 3e1f1c31 bf61c236 3f3749b6 bf611e0a bf696796 3dc90c63 be3d2563 3ea99701 be354365 3eaac623 be13ae00 bf0d8bc1 3f65f04f bf3e1ba6 bebc7aaa 3e66ec9a 3ef3d355 be8daf29 3ebaaa5f 3f6dd65b bf281ff6 3f650c62 beb5f29b 3f17933a be32dd58 bded3a39 3f3a79be bebb1268 bed896ba 3e9bbeaa bf2b3d99 3f729faa 3e866af2 be3f85a6 bf10a5d2 3f7963de bdbfe6d8 3f17a7b0 3ee9778d be77164a 3f6c084e bf5f982c 3ed69697 3f37a3de bf52ddf5 3f18adb0 bf1f9baf 3ed4c71f bf0e81f8 3f76b7ea beb4d224 bf46cc23 3f0467da 3f0a85a1 be804e0f bf033a0b 3f1e97b8 3ee5e763 3f21519e bf0d9391 3d09f532 bf691fcd be38c522 3f619e30 beb62a79 3f09cbe1 3ecc0aac bdc647be be1d9c34 bead82fa 3f516fa0 3d404a74 bec1d6ac bdb787e6 3edcf2c4 bdd939b6 3eadfdd6 bbac7480 befa3744 3f738fdc be773d00 be398dc0 3f6b643a bf0ce7b5 3f7a1192 bf60efab 3eeb3f0f bf0d2334 3f7da7d3 bdc77747 3f49e7e2 
3f67dfd2 bf7717de 3f4f43de bf493ff5 3f0d51d8 bef43297 3f4fb9cc bf4f57d6 3ebceec2 bdbc2a28 be092cc6 beb16b83 3f566be5 3f45ddbe bf0ffbe9 bf68102c 3f082575 bec7c732 3f583bfb bf63e7fa 3e695ca1 3e21add1 bf0f1fef 3f364990 be54dcda bf770e46 3f4e01f6 be834ac7 3f249daf 3d9aa6dd 3f0135e4 3ea5b276 bf68da52 3f1e560d bdb3874d 3f470bcb bf60ea30 be2a347b bf2481b7 3eb3db06 3f27eba9 be37cb57 3e7243a3 3e8826e0 3f2829b1 bf75c7fc bee7536c bf444a1b 3f2985f2 bf3d45d3 3f598ff1 bdf17bbf 3f10118a bf0bc3ac 3ef1a761 bf67de2a 3f2a676f be30b458 3eddaef7 3e0b8519 3f52c5d5 bf7f6b5a 3f620436 3e87eec4 be69761e 3e113354 3e398535 3eb0db48 3edeab57 bf23c5e8 3f647846 bea41a9a 3e5e3eba be8b3e52 3e9a46a6 bf1fa198 bea70309 3f67d620 3f2ba7d1 beee16b1 3e5975ec 3f34ee10 be758cc0 3e279d34 be917a61 be8a8327 3f1ce7ab bf4d1801 3f0645de bf790954 3f6569d5 3e9f572c 3db67667 bf098fbd 3f1c37af bf07c986 bd7d96f5 bf7fa6fa 3f7a63ed 3eb82f27 bf2431eb be6db5f3 3f56fdde be8cae54 3ed17b0a bec8d009 3ee1930b 3e14ec65 bee202f7 3f2aca0b bf0b75b9 bd85098d bf750e2e bf0e6774 bc6525c4 3f75a44a bf47742a 3f5d878e bf751629 3f1a81fc bf113dff 3f395a29 3e076391 bd07d6b1 be768499 bddd4876 3f178fae be9341b1 3f6cffe6 bf378997 3e418dc8 be452d2c bf05c9a6 3f745a2d bf54b453 3f28be38 beb6ca1a 3f4e938f bf2477b7 3f0cd5c2 bf7e3dab 3f361fb0 bf5a63c4 3f76d9f7 bf1f93fd be98f712 3f28fb9c 3f2d1018 3f4b2bd0 bf49a411 3f735ffc 3d831774 bf2f0a0d 3f788e10 bf4ebb79 bbc65244 bf16e58a 3e358e36 3f55efee bf2db616 3f7cda0b bf3ebdf1 3ee2fbdb 3e3fdc84 befd5adf 3f05afdb 3f0725b6 bf3e5c07 3f6545ce 3f215dcf bd13edd4 3ecda289 be9d32a2 bea27a5f bcd29ef0 3ec5f6d8 beb0c2a3 be151ca5 3c9f5d6c 3f023be9 bdd81617 bf32edd4 3f060fae bf703f9d be9a1e6c 3f08b7e1 bf7da5a5 3e354db4 bf370ff6 3ee26680 3db9da65 bf02d9ad 3ef5ef65 bd745275 3f1b3404 bf090a01 be35bccf be35e619 be24957e 3f3637b7 bf5fabbb 3bea66cf bf5e7e33 3e244443 bf512216 be2ecb7b 3f516616 bf73fdda 3e32dd63 beb986c7 3f3ae801 bea3578f 3ca3a3e7 3edbdede bf210c22 3df8b8a8 3f316763 beaf4ad3 bf3ac21d 3f7339e9 bed1a363 3ea585f5 bf6f1de7 bee9c806 3f01139a 3cc79f46 3f6ab618 3e4034dd bf49f3e6 3ee6038e bf09617e bf68ff87 3e7c4d76 3e5ee47e be060cc5 bf1c4feb be85be9f 3f641836 bf0f4e0f be1d53b8 3e4c4643 bdb0e7ba be3dbd74 3ed43af7 bf645a0d 3f1d17ac be13140f becdb9f6 bf2ac7e3 3ec66f05 bf28f19a 3f2d25e1 3e7cec66 bf3a65d7 bea2e372 bf740797 
bf0d4e00 3f2161a1 be901310 bda38b06 3ee74f82 bea88322 bec5cef5 3f3157a1 bc77b940 be3c5254 3f3467c9 befc3396 be335be1 bf38a7d4 3f5909bc 3e5fa5fa 3f09137c bf11522c bf047598 3f7969c2 bf0cefe6 be9186f2 3f53b3e7 bf742bf2 3f301fdb 3f51f000 bf49b42b 3e46f543 bf0e498b bf377c19 3e8752e5 bf52b42e 3f7e6740 bf2c0dba 3c6dc198 bf18ba3e 3f36c5df 3cbd2f7d 3f4103c5 bf1117e4 be630b68 3e28b540 bedfd74f be629db8 bf2c317a 3f5e69fa 3ef226cc 3f49abf1 bf670400 3f6b9c64 bf5c140a be73af23 bd8eb6d1 bdc4c87c 3f0a0fe4 bf3137d6 3f3a23af bf56b7ec 3dc32747 bebc8a54 bf5a1a1c 3f67c3fb bf17fbf2 bf2df821 3f10d188 bf546773 3ee21e66 bf3bf179 3e8cdf20 be9bdf7d 3e44751a bf3a21a2 3f30a3b6 bf5cb641 3f44ac26 3e95c325 3dc36760 be9c06fe bf55f9ba 3eee1f2e 3e32453b bf7b37c6 3dc47ab5 beabe6e6 3f6287e7 bf26f7ab 3f6e5e01 beed76fd 3b9aa229 3f677005 bf68ec3d bf33abe1 3f6d4672 bf1985d6 3f00814b be89ba1f 3f0d4a03 3f1997f3 bf471e5d bf20c3c6 3f0d017c 3ecba710 bf7a480c 3e90de3c 3e116dca bf55c250 3f68abd0 bf617c36 3f405fed bec176a8 3d598a9e 3eb326f4 3f4007a0 3f135794 bf49cfeb 3ec71324 bf493196 3f76c602 bf5cbfcc 3f235bd5 be6d243c bf22d3f3 3f0dfddd bf54618e 3f76dbc8 bf5cb853 3eb05608 bf2a65e6 3ebff328 bf424fcd 3f618824 bedfd2a2 3f1d75d6 bf1d73b1 3ef0b3ac bf222fdb bca8df4b be80025c 3e42044f 3e0c5537 3f14338e 3c2f3d4b 3e0944c2 bf0775ba 3ed67aad 3f3e902f bf790192 bf75503a be511421 3d0e330a bf0a49eb 3e31a40f 3f173bd3 bf5ba7d4 3e899e94 3ea22735 3f24bc25 bf279fc8 3e368530 be1f3dda bf29dbcd 3e1b4c3b 3e8e2227 bf4dbdc0 3f4a8df7 bf71b7fa 3e83be9c bc474c0a bd1e6d2e bf6699da 3e54cdcf bf06b999 3e1f5c2a 3f528c07 bf4ce21c 3e9982cd 3ee9dae0 becc96bf 3f542024 bf7e879a 3f65ddeb bef38f13 3f2d49d7 3ebeb6da 3f152fe8 bf2ab7c6 3f34cfd7 3f4dda11 bec267ac 3ed6cb0b bf07b1e1 3c06bb4c 3f00c3b2 bf706054 bd796920 3e9436f9 3f2cf7b2 bf53661d 3f47fc21 bf0dc3a1 3ec5a30c 3eeadac8 3ef70362 3de85afe 3f67c800 be6e06ce be010d38 3e045332 3f5fe22e bf541bd8 3ef53b36 bf65742a 3f2229ea bea88eb0 bd2372a9 3ec302ae bf7a25bd 3f7b11f6 bf198235 3e74fd24 bf1ebdac 3ee46acd 3e02aca1 3f7923fd bf4bc5e1 bd628dce bf1911e3 be7d4c8e 3e858a63 be050471 3f323fee 3f106bb5 3e8b5fb7 bf2ed5dd 3f1a13c0 3f70d1e5 bf683800 3f0e199d bf15cdb2 3f48440b bebcbbb7 beefd2d0 3f38ba27 bf13c011 3f447fd7 bf2a940c bd97b9b9 3f64400d 3ed9ef35 be9c02e3 3f40b260 bf13d360 bf29eb75 3f691255 3f115960 3f3e83ef 
3e342476 be8e9681 bd95b5f8 3ee506de bf3573b4 3efed39f bd335148 be4c943f beeac6a3 3c1baea4 be7c064b bdf0f755 3f727400 bf64484b 3eca176a bf4d05d2 bea42775 3f2073bd 3e0ead26 be929aee bd46f462 3f6a2a49 bf6eedd4 3f470feb bf6887ce bee0878f 3eb392ec 3dedead4 3efb0b34 3f55d08d bf12efae 3f7a3438 bf2e07a0 3eec4719 3ed0ead8 bec13ac5 3f083bfe bf79d7dd 3ed82b7b bf22576a 3f6551a8 bf3b0a1f 3f5bb00e bdcdf7fa 3f315f65 bf08e9bf bf54a608 3e999f1d bebe9b4c 3eb82b02 be348d0c 3f7f3344 be750575 3d96666c befbc32e 3f70a1ea bf49cc11 3f2fbfcc 3da33782 3ec32ed6 3f4f1035 bf7327ed 3f6ea206 be8dc73b 3f7a43c7 bef902eb 3f4161c1 bf0935b5 3f3d5a06 bf2ba9de 3ef93e94 3e62d3af bdb55552 3edf3385 bee5bb50 bf2e939f 3eed725e be82d5ee 3f0e51a6 be945740 be798d20 3f265bbd 3f3d71fa bf223595 3e343bf9 be86db55 bf63fe16 3f3c597d be79ae81 bf1659d9 3f432fef 3ed25386 bf2f5794 3f0b6f84 bf0ce3c4 3d8d9959 be88dea7 bf093916 3f1afdcd 3f235416 bea55f68 be983f28 3f4de78b bf1b3250 3e479d3a 3f22e395 bf000598 be6e9c9e 3f1c8188 bf697a1c 3f636dfc bf4f33c5 bf4d924b 3f03f5d3 3c234ee2 3e0d0ba3 3e077d1f bf0b69a9 3f6bbbde bf777bd6 3f5c0614 bcd9526d be1e2d0f bb02f150 3f111793 bf2119cd 3f6c17be beaa4ef3 3e497e87 3f2ee17c bf6c6a36 3f28e3ea bf7ab02c 3f3241c6 becf6aed 3f0d2fc1 3f0ba576 beefdb6a 3ea432b7 bf650800 3dcde996 bf23c205 3e530dfc 3e8bce52 bf02c7c0 bf139bd8 3f7c6541 3f79501f bdeefaf9 3f06c98e 3e259d7e bf2ea043 3d838b59 3ebf0fab 3da285e1 be981e6d bf16b5d5 3f468804 bf5ccbdb 3f53ea36 3e9ac2e0 3e7d74ab be8f3ac5 3ee1b76c bb512bba 3eb4d201 becbe40d 3eb74ee5 bf126c0f 3f72e605 3a9a534b 3d59b117 3e234c51 bf372601 3f76dfe3 bf45b619 be06fd3f 3e200d3a bf238791 3ec68e9a bf1d6a08 3ef946c2 bf41bfb6 bf21d7c2 bf0a5dcc 3f27ffe5 bf241c05 bf77643a 3f1851b8 bf124339 3f1d07be 3c82a5f6 bef8c767 3f461db4 3ef7cf1a bf3b5baf beb83280 3f616d9f bf413fd1 3f03e3a7 bf5d9195 3eb1b6f7 bf4fa222 bee73367 be2f0d46 bef47e42 3f2d53e6 bf4d15fa be3b8c89 3d4b381d 3e84db72 3eff33b2 be0d64bb be122544 3d64afad 3f05e3c4 bf0caba2 3ee68e95 be3144f6 3ec5c2a1 3e15b4fa 3e820ea5 bf41b80c be8ad1f0 3ee23685 3e975edb 3dba9a18 3ea1beb3 3efb16d9 bf093b37 bf06ff8b bea34b6a be893ac5 3ef25aa4 bf3357cc bf1211d8 3ec216dc 3ade432e 3cf6a740 bdf0d4b7 3b8a8a15 3f13dd97 becedabd bd2c930b 3d2d328f 3eb09748 3dcbdad4 bf75bbf4 bf09a7a6 3f192fbd bf62ea02 3f02437f 3f25dfc4 bf46ba3f bf4c4212 beea1b86 
be9202b9 3f18c1be bf043b97 3ee05672 bee52ba2 3f391a2c bf3da5db 3f7c49f1 beb3a653 3f524fda be0d74da bdfd4904 3e918a4e bdc13938 3f240186 be2c453e 3f27f995 bf32b63e 3e875e7b beb1b34b 3ea38ee6 bf3de814 be0764d7 3f08e3f0 3e701dec 3ea2026d 3e6d15ff bf06bba4 bf1ae1b9 bd60cee8 be2c25c4 bee39ede 3e4bbd59 bf4d77aa 3f0771d6 bf048956 3e3cc387 3e491c2b be2e2d55 3f5b3c20 bf79a205 3f450587 bf3f03f3 3e6f5c2d bf5731fd 3f6b2c93 bebc16cf 3ed3eb94 be3b9c6a 3cfb601c be392d15 bf3ad5f8 bda8e948 3ed8a35d beb8c357 3e55bd49 bf1af1df 3f1f33c9 bf58dc60 beff0f08 3d76b3e7 bedb7712 3f18e597 bf43fe02 bf0345ad bdde491d 3c1b2f2e bd85d3eb bedbf34c 3f7b75d3 bf49a81d 3d68cfba bed422a2 3cce61b9 3ebd8ec1 3d3cf3ae 3e999af1 be12acea bc96a6ac 3f04b9ef be2acc2e bef12b0d bed99795 3b46d2fe 3e91e667 3e92433c 3f4dfe56 bf24cfca 3efa5346 be93caee 3e6d7c45 bf1c0022 3efb3727 bee8cf4e 3ebcd6e7 3f0d9598 beb7af49 3ee306c4 bdc3a9a5 bf62b008 3f1519d3 bf4357ed 3f34d3f8 be519f15 3deea93a bf11b5ac 3e71e5cf 3f378970 bf73ffb4 3f5b8a0d bf297db9 3f6b7c27 3e17a303 bec26f59 beaf8f27 bd372dd6 3f1fb5a6 bf2845dd 3df97800 3e7ff4f4 bed56e75 be4875b6 3f3db3ba bf357b89 3e10acbb bee0474e 3ef0af4f bf6a51e2 3edb7710 bf23519a 3dcbe944 3f1e4409 be9ff76d 3f3d21a6 bf1a2782 be531604 bec7f362 3c8f6ad4 3ec31b0a 3f1fe1e2 be24ec8f 3f014588 3e1b44c5 bde5ca20 3ec5e328 3ea9f27f bf6c462a bf4491d2 3e50b503 bf3b0844 3e043c27 3f71a834 bf08d5a0 3da9479d befd52e8 3f6b97ef bf61aa17 3f5911bf be3945bc bdfc471f bf5795e3 3e433c86 bf02abb4 3ea7cea2 bf673431 3f0591a2 be2ffcd3 3ed793a9 bc8d26ad be8696ce bf0391bc 3f26cf5e bf01ddd1 3ec987dd bf500de3 3f609c03 be04750b 3e87a23d 3e31f4ea 3eaab289 3e4ffcce be80e327 3f4ba1f9 3f0e0f9c 3f73a5dc bf697dc7 3f7ec7a9 3df2e9d3 3e987a3b be44550f be1d3524 3e3d2b7c bdec2972 bddd992b bf6c4dad 3f7f9d78 bea38e42 3e137c93 bf28e1d3 3f64ce32 3d222a1a 3cb4e198 3e5cb35f 3f7651ac 3dc80adc be20fd24 3eab8f34 3c13426a 3f2789d1 3ddb1824 bf6a0c55 3e17fb58 bf2a63b9 3f54c052 beef1ba7 bee33ab7 3f46962a bf713c57 3f3029d8 bf66f659 3cb8234c bf00e968 3f5ba7f6 3e34f36a bf62523f 3ea3a364 bdb4490e bee1dace bf0ea7b3 3ea26713 3f707610 beb35f09 3e28754d 3e8502c2 be2351c4 3f79abac be8aeab7 be037d1f be84727e 3edeaee1 bf518bf0 3f271fdb bf405a3a 3f626a67 bf76fdf0 3e1dd347 bd9776a0 3f6de02c 3ef9c713 bf13c5bc 3ed14af8 bd200c8c bee24772 3ed5cae7 3f630226 3ebbd2f8 
3f091187 bf74cde1 3f7ca16c bf6ccdd0 3f3bcc64 bf313391 3e7aac7b bf53c206 3eff7ef0 bf580be0 3da10c67 3dc39731 bf6e1fc6 3e58b4f6 be0d24b6 bf3f5dfe 3f5ab45c bf1b87a2 3e11040d 3f0641d2 bf130211 3f7659e4 3ed3e3a5 bf75440d 3dce2777 bedfcaa4 be0b0d08 3e752db9 3f4ff017 beda2287 3eaa52bf 3f22dd9f be374ca8 3f71c5dd bf728c15 3f6e8df4 bed57e69 3bf3a458 3def89c4 bf78a1d2 3f722bfb bf271be7 3eab122f 3dd298bd 3e382d4c be752d53 3f094769 be830b21 3dde68d6 bdbe8be4 3f01bddb 3f1f39e6 bebfab14 3f227372 bf505024 3f3cb996 be8b0694 3e257c31 3e741582 3f7e7dbb beae0dff 3f29219c bf695433 3f57ae14 3f3ba1f6 bd70f50e be59bd7f 3f290df2 bebfbbb7 bed24eb3 3dbb2801 3ed8af99 3eed8b9a bf1823f7 3e9986d1 bc831b1d bf410e1f 3f18b5ec bf4b7ba6 be85b2d7 3cb42c17 3f40c7be be927b2f 3f58a5cb bf76d813 beb7b29b 3d8b365d bf07e37a 3e9f032c 3e743d3a bf39ac22 3f36c434 bec942b6 3f35cdce bf1629b9 bf59e232 3f7737f0 bf4301dc 3ebd2edb bcc99ac1 3ee896b6 3ebf133f bf6a5f8b bd24f516 3edbd732 be0d6c4c 3dbe38c3 bf024daf 3ec45b0e 3dcb78b6 bf06e77a bd4b531f bd9134df 3e84decb 3f5e7213 bf1daffe beca730d 3f57e027 be9ad6eb beaa7ea8 3f1b47d1 bee852c5 be204b10 3eacc38d 3d2a0f6c 3eb4f69a bf05cb58 3f61a22d bd4cca6b 3e44dd22 3e57a410 bf51ddcf 3ea7328f bf65a1e9 3ee69eeb 3f16c5dd be96ee88 3f0eb7d8 bf51fe19 bf2ffff2 3f4e5dd7 bf6c961f 3d83a6c6 bf21d3c8 3e567c12 bddfc9b6 3f2adfee 3f24c7a7 bebac2b5 3f3ab9ed beacc6c8 bf2d35bb 3ddc47e0 3f050b6c bedb6f31 bd5ad4f5 3f1c6df4 bf093fd6 bee88aa5 3f56d7dc 3c8122a5 3f0d1dd8 bc174832 3f2ad1e1 beb8ddf2 3f35a38d bf508a02 be62ad87 3d8a88f6 3e9a62f3 bd84778b bdc5e99c bec1c766 3f5c9bff bea78a79 3ed1fb58 bf7ae790 3eb5af61 be8cb2b0 bf5d43e5 3f15cbc5 bf46b028 bde77a64 bf6d464a bf529834 3efb2b4b bf3327d7 3ea9b7a7 bf3d0c33 3ef6bab4 bd9698b7 becfee6d 3ed88b80 be12bda7 3f3f4a37 bf184380 3e897262 bddd1770 3ef94b10 befa16f1 bf44cfff 3f4ad447 beec572f bf5f6411 bd5baeba 3d83c6d1 bdaaab61 be9bc20b bf3be5f6 3e674492 3ebd7729 3f4649ef bede5712 3f096792 bf3793db 3f7f414a bf581252 3f615185 bf27c7b7 3f410fb0 3f0a01c8 3cda2497 bef70f18 bdf26866 3f79c7e6 bf175249 3ca65edb 3efcb380 3f14e5a0 be36063c bf683657 3f633c27 bf2573ad 3ed1f332 bef50f0a be005511 bf37e9ea 3f7043e6 bebf1efd 3f40c1ca bf20ab9b 3f47e5f2 bf7db16d 3f6e9e3c bcba1a67 3ec2e2f5 bf19cbdc bee8e6b2 bf079585 3f0b45e1 3df269f0 beb6dee5 3db7766f bd83c883 bf3faa03 bebe4e6a 
3d81787d 3ebba736 bf2ed962 3f7685d1 bf3835e1 3ea5ba71 3f36901c bdd7c99d 3ec0fe51 be9d72c2 3f1483d3 3e443db5 3f5d77fb 3e0a4480 beb00b45 3f3767e0 bf1d9de9 3d4c6f8b 3f10b58e bf3d43e7 3eb28b3c bf3aa1be bf28c24d 3f6fa851 be2bbdd4 3f2e7001 becb0335 3ef09744 bf748c12 3f1f97da bed9d30b bf3627d9 bdbf3a2e beb12728 3f0a5ba4 bf7361a2 3f2bf9e6 bea01aee 3ea58edd 3f2ce5c2 bf60765d 3f6ed5d0 bf39d3a5 3ee60b62 be563cf0 be72762c be948222 bf19917d 3f5363e2 bf0403e5 bf6a8c1c 3edebed7 bf6265f4 3f11edef befc2799 3f3a4db1 bf406fb2 3f091fae bf7e8d6d bdc079b7 bf6f5628 3f26b3c7 bcc0d73f beb21398 bf6e13d8 3ee4c6a1 be562de0 bef94351 3eea8321 3ea992ee 3db1d957 beda7b3d becfb2f8 3f3db61a bf63b7fb 3f246169 3e298425 bdd0e826 3f5cbe1a 3ef4a763 bf0443af 3e57e442 bf56c1f0 3eb146d6 3e8fd696 3f3e1fe1 befb16e4 3f1d31cb bdcbf896 beea2b5f 3f78f9d3 bebcfefb bf001de8 bd7a7015 3e9a3abc 3f49a1e5 bf326de9 3e4954f6 3e807271 be09043d bef4aee4 be941e63 3f74b080 3e9b7e98 bf140b94 3dae2898 3f042352 bf1f79c2 3ef17363 bf014310 3f69a62d bef593eb 3dc507e4 beac8b79 bf58c61a 3f65fe43 3db14afc bf77adbc 3f40cbd3 be0bbdd5 3e1d6467 bc542080 3f179d40 bf7c2e17 3f43c9ed bf528477 3f3541a7 bf438636 bed89e9c 3e41cbea bc9e9a12 3edbca24 3cdb5b31 3f6a2411 bf22e7f3 3e3e9b4d bf0d2116 3ee04e5c 3e83ea79 3f0b55dc bf08d3d1 3e9322dc 3f16f1cb 3ece9adb bcaa604d bf1abf7e be0de545 bf218dce 3f3ee9eb bf572239 3f01b125 3ec6c263 3e2c4de3 bf1f47be 3f3dc612 beab1aaf beac9aee 3d006e08 3f59ddd4 bf7baf81 3e6a5486 bf1283ff be62bdda bf44fff7 3f2925d2 bf7b8a49 3f594418 3f33ddd7 bf5353ea 3ee25aa2 be9fbec9 3f2175cb bdb5c700 be19dd32 bf28e81a 3e608452 3ec539e9 3e5e947e 3c8323cf 3f40d3dd bde8e9d6 3e8f81f9 3f4da20f 3ee8e6cb 3f0e5d83 3f34bfcc bf709039 3f6671b2 bf0aa790 3f024dea be089d4c 3e13bc2c 3eb76f37 bf0a89b5 bdd4c87f 3ecc06de bf443db2 3f22000c bf5a03ea 3f4b8e2e 3f1bb5fd bf78ac1b 3f3a2fbd 3de02820 3f52a1db bf1eb1a1 3ebcf6e9 3da18912 3f7bfbb9 be766db4 bf5b0e29 3e51be3b bf1f41de bdb00a13 3f1aed9d bf4e23b2 3f134bb0 bed8275a 3e6edd4d bef383e5 bf3be7f8 3d90e912 3ea05229 bd92878a bf46dbf9 3f2b91d1 be554556 bda8cb41 bf7d39ad 3f07afec bde697ef be5db511 3e28bcf0 bf26379e 3f6009f3 bea742b2 3f703c08 bf4af9ef bd00acb0 bf350fc4 3f3ab1d2 bf294fca 3f6ac5b2 bf460c15 bf4265f7 3f337bd7 bdad39b6 3f7bff6b be522c84 be5f73e9 bec0ef24 3ec622a5 3e35557c bd0cf07c 3f16efea be24e313 
bf4ba16f 3f493414 bece4ed2 bef142ee 3f497627 bf4db7db be67062b be8dfec2 be61ccd1 3f3d8e06 bf547ff8 bf13fbff bf2b4dc0 beb99a9a 3ecfa7b1 3e09b5ab bf075ba0 3f6af228 bf5293b6 bd9117a3 3f4d1c07 bd67cfb9 3f6a4e2c bf0639ab bea60729 be86ca7c 3e00a3b0 bea8b354 3e96777b be8c4e63 3f0a2787 3f0863a0 3eb0af01 bec35f1e 3e915614 3ebf1761 be836e71 be65e638 bc253b0b bf6ea3d2 3f6bb5bd bf2c69a4 3e36b49a 3e166c1b bef0f326 3f2b41b8 3f2d77bc 3dd65aef bed352fd 3f03f9a8 3f7cd3cf be9326d8 3f0e1db4 be84b6c7 3ec2cf02 bf6201e5 3f1a35a9 be6ffca4 3f3efc33 3eef8ee0 3f488eab bf2c07d0 3d56f717 3f357bdf 3c859780 3e157587 bcaaa51a 3f0537a2 bead5b85 bf139dfc 3eaba6bb bdf0b763 3d7190ad 3e32cd3c 3e75d4b1 bf0e0dd5 3e4274cd bec7aea5 bf605870 beb1aaeb 3e7acd26 be10b6cb 3f7cf97d bf73ca07 3df02655 bf7739f3 3f6c902e bf510fbf 3ee37ab7 bead42ba beb85a68 bd8a6601 3f7955e4 bab5e92b bf5fa5fc 3f23d5d6 bf618623 3f7d2bc2 bf644e65 3e8fdefb 3f042fae be8bce7c be88a2d2 bf6cb033 3f3e3df4 be377498 be9e5ecd 3edf533a 3e830a53 bf62202b 3ef49af1 bea9330e 3f2e0c12 bde41601 3f32ae29 bf7c4f8e 3f13c9ca 3e719c7a 3ca6e160 bf6c77f1 3f1ec5e0 bf45e61f 3d84bc57 3f35e36e bf728800 3f79cfef bf67c645 3f687227 3f1973e5 bf1a0ff9 3d6ef0eb bebf0eaf be86bac3 be8ca659 bee9bf58 3efb2f5d bd01d0a0 bee7bacc be4ced14 3db3b7b5 bd95c8e7 3e432c23 bf215c18 bf0417dd 3e8a474b 3f0d8fcd 3e956370 3e01051f bf5aae0d 3f3dd9d6 be217426 bf7e1994 3f49540d bf358c74 3ea9e9f4 bed39ac1 3f36d3dc 3d13527a bf495023 3f6c6a15 bf333bef 3f6f1e2c 3e053406 3f3983bf becc16cd 3f22c3e2 bf1ef235 bed6f31b 3e1b13fa 3ec74b3a bf1e51f5 3cfce52e bf1d9b9b 3ef36faf 3f13c3b5 bdd7f673 3c855b93 bf5ef229 3edf5ec8 bf7453d8 3e66ae05 bef8168c bf3c0bbd bedae75d beb4af63 bf41f3f2 3f63d22f bedec6c1 3e435c6c bdb3f91e bf042da8 3ec642fe bf6f522e 3f3bca2b be8736ff bc9d24c4 3e8462b3 3ef2f300 beed92fd 3d9738e9 bf52ea54 3f42080c bd52cf75 bf45ffeb 3e9d6eb7 bf550820 3f6c6fd4 bf4c266d bf337f9e 3ec753fe 3f1a7986 beadfef9 3f59c9be 3e4e5cfd bf353821 3f32f81b be9f5323 beeeb333 3f438436 3dc1d7e2 3e691b81 3f12059a bf1affd4 3f02cb95 3e0aeb56 be4d8be8 3d2ceead 3dd49ae6 3f1e2bdb 3e870ad6 bc8419df 3e954ec7 3d9766af 3f2913df bf49edb7 3e6d4497 bf2b9bbb 3ef05376 3f0ec3d5 bddbca3f 3ed0e332 bf345209 3e34752d 3e7214cd 3f3d65c8 beefff63 be8fd2fd bf5d420c 3f3b0180 bd8338fd 3ef69f07 bf1263af 3eeb4754 bf670fef 3ea68e90 3eb9ff1e 
bef193ae 3e5724e0 3e3f86c6 bae5fa01 3e459d3d be03fb71 3f5045f0 be32e561 3eba5326 bf613206 3f6e69b1 3f02e5bc 3f5307e7 3ea1df0b bedb2296 bf1a799e 3f5cc651 bf6d2f91 3ee94752 3f2f376e bf6f3bf8 bedc5751 bd8235a2 bef5eae9 3f7def65 bde8fa99 3e184563 3e17d54a 3ebb8aec bead7f77 be6a95d3 bf7f7ba3 3f28b1d5 bed6defa 3ea35e7f bf6fedf3 3f6f881d beb17eb7 3f2ae407 3f1393b7 bf17f145 3dde89ed 3ee33341 bf4eabbc 3f7d919c bf5afdf9 bf7521fe 3ed6b625 bdd07abf bf2f321d bed37f06 bf617201 3f4cdfdf bf57623c 3ef4c789 3eb1f230 be44646b 3e158c79 bf5883b7 bf318b9f bf0c6353 3f4359e1 bf6193ff 3ee82b04 bf5cc7d6 3f53f7fd bf5aa81c 3e802b3e beaa0692 3f649e44 bf2f19ca 3f34982e 3da26657 bf303045 3dff478d 3f12a346 bee08af3 3f5cac51 3f1993a9 3f057df6 be198490 bdde8b3c bf2877ef 3f7b6b7d 3d82fc06 3ed803a4 bec9f347 bd3c91a3 3e823ae0 3d11f806 3f5827c0 bf343bfd bf01e1cc 3dd1da6f 3e8cb6b0 be63ac8d 3e865246 3d8568fa bebbc71b 3f2ad3fc bf6ea7fd 3f5b7840 be5896af 3f564843 3c29bd06 beec3345 3eca5b0c bf348d97 3ec01e26 3e79e48e bd04327a 3a04c930 bf67a81e 3eef0340 bd8dfa9e 3db58a1c 3bae653b bf7391ec 3f796da1 bde01729 3f47182e bf107fef 3f3b4fad bf5511c1 3f21059e be512470 3e4b7c92 bf12b3eb bf367fa8 3f64483a be419cb0 3f486809 beb45b37 3f0439a7 3f3af3b7 bf3d9c1a 3f39e1de 3e613da6 3e038dbd bf138195 3f2311bd bf245416 3f19b39d 3eb6f2e6 befb0718 bc86d869 bf58d400 3f241dd1 3f39c601 bf4e8020 3ead631b 3f579c7e bf3bbfbd 3f4f47ca be2fe430 3e0b431f bec2aa3b be9e66fa 3f0bddb7 bf0e2bd9 3f5129ef bf75afd5 3b3106f4 bf6a6838 3efe9f5c bf208592 3f127564 be004489 3f0b9f89 bf3d5977 3ef9f2f5 3f1d481b 3c0c2e10 3d8467b3 bf0f3fe5 be9646ba 3e12ed2e 3f155bdc 3ddf9ab7 3f047780 be72a462 3f50e1d3 3ee8f3dc 3e8e8f1d 3f0433b6 3db42778 bf039409 3eec0b2c bf3bac46 3f3fb5e3 be611c9e 3f07dbc2 3e0c6483 3e7e56a8 beb296d7 3f383202 bf68b222 be429333 3e6ee6bf 3ec6e3aa 3e54a594 be982a46 be32bc8f 3ee9a7b9 be0b25c9 3f5c1211 bf61819e 3f105d8f 3f51d58f bf7fa8f5 3eef0a81 bef5ff77 be544caf bf24a7c7 3f23620e beee62b6 3eb7decc 3f33afb1 bf6dd9f4 beedb342 3f3eb7e8 bf591c15 bda20b51 3eba667b bf3bb073 3f57b3a5 bf7f6586 3f4a9e58 bf622bdf bf5aa9ed 3ec56e6d bf1f43d7 be9432d7 be025de6 be3a7584 3f5d101f bed94295 bce2295e bed14284 3db91b00 bf1aa39d 3f726def bedf3fc2 bd422e53 bed92209 3e5a4dcd 3ea4fef3 3f485beb bf4865f7 befb8fb2 3f2e03d9 bf3b5de0 3e894e6c 3f25ebff bf5f5003 3ee7efc9 
3f38dbbc bf7aec0b 3ec4ca8b bda5378a bf36b40b 3f318e39 bf5c0218 3e61e482 3be47d5f 3ca45c3d bda7c763 bf78b7f5 bea3eb12 bf3f7fc4 3f5335bb 3ed50f46 beb51af6 3eb2069a bd506d96 bf57fde0 3f2a55da 3f4c7e5a be5a9583 3f071385 bf3869eb bea1bad6 3e552cd6 bf09b7a3 beb75abb 3f3199af 3ba3656d 3f61da1c bf15e1c9 be61d498 3f59ec3b bf288bf7 3ef60303 bf260f9e be879a64 bf7305cc 3f4dd410 bcf56079 be9adaef 3f33f5fa bf5d03e7 3f71b5b0 3e983347 3e782d45 bde73797 3f5b140f 3ed482a6 3f7b63ac bf6375d7 3f5675f6 bf5483e8 3e99022a bee573ac 3e18658f 3f49c7a9 3f6cb1bb 3e2d84ca beb226b4 3f6affa2 bf4a3df5 3f655da3 bf256fbe 3dcc26d6 3f320fcc bf1943de 3ecc6392 bef5b25c be356505 bed47313 3f0bc9a6 3dff8afd bf1bc9b3 3dda971d bf269605 bf57d1cf be71dd40 be43d4ba 3f009df6 3e72ed08 bf76c812 bcfee1f1 be9d4e0a 3f1c47ef be9c16d1 3e9b3eee bf0f879b bf0b83bf 3f51f5aa 3ea9666c bef9876c 3f60b21a bf6639ec 3f54e045 bf671402 3f314de0 be31cb63 be45348f b89861ea bea11af2 bddcc7bb bf5f5a10 3f49a7e0 3e0c9dee 3eca4708 bf7dd746 3f6179b5 bf5d6dc9 3f040791 3f69ea47 bf4cd1b4 bec3aae1 3ec5d763 3e8b9733 3e606568 bea3a72c be8e02dc bf5aee0e 3f7235ef bf58380d 3ef55ad1 bda3572d bf0d1364 3edaef64 3f03c1ad 3ddd58c0 be509c50 bf4b0829 b9d6dc55 3dbeb8a9 befe4bcd bee526c7 3e2e4d7d bf3021e5 bf192bbb 3f52a444 bec77b00 3f0315a8 bf1b537e 3f672e41 bf79f3b4 3f718dab beca9e30 3f32fdc8 bf1d6826 bf47981a 3f6693c7 bf2521fd bf10bfc9 3f16b7b0 bf7539fc 3ecf8ae8 bf071dc9 3f666c02 bed5861a 3f309361 bf7da1c9 3f1657a2 bf0f55f8 3f5fba33 3f249816 bf2943c4 3f6dedbc bf342f94 3f0f77cb bf51500c 3f5147f8 bf32b7fa be890308 bed68689 3eb7af6a be80f6c9 3f5c13d4 be31bd63 bece8af6 bf095bd7 bde688e8 3dbf98b8 bf2d4d85 bf31d405 3ee93696 bf7637fa 3f3175ad 3e07fc62 bed8731c 3f4d283d bf2bfdfa 3e511ae4 bee7a357 bf056dae 3e211d21 bede1baa be3f8d32 3ec70732 3f60f844 bf5fedff 3ddc5619 bf0585b3 3eed47e8 3da8e7ff bdf43762 bd341416 bf55c009 3f718601 bf599ff3 3dc6c9ca 3ec59701 beb6fe00 3ec3eb19 3dd538f0 3f2155dc be2b1b91 bd89da70 be83d612 bf540843 3f706bbd 3efeb36f bf7a318f 3ed2aa62 3f3a49d4 bf075fe2 3e7ea530 be993b08 3f5e93db bf5a5c38 3f77fe02 3f7da9a4 be363e21 3f0543b9 3e9b9282 3e930671 bd248d8f bf4105cd 3f4f4e24 be3f6bb5 3ddc67ff 3e1c945e 3e62f6e8 bdc5a6f6 bee272f0 3f115d80 bebdcf24 3eeb9f2a bf6c4fd1 3ea426f1 be1275d4 3f7e4974 bf4cf41d 3f6dd1a2 bf4a5bb4 3f31537f beb17712 3e879303 
be1b9daf 3f1d65ec be6405f6 3e1bfbec 3f368e16 bf2db7e1 3f0611ee bf302e1d 3f7221dc bf507028 3f7dbdb4 be461cee 3f53a81e 3ec52b18 bf2699b9 be998e06 be8e0ea5 3e417c5e be4a0c51 3f79a1d9 bf5b1bf2 beab5a8e be211bcc be907ac3 3f3177e3 3e6fc5b8 be15fc26 3f55bbe2 bd6b0a65 bf593604 3ed9f78e bf6ed9f9 3f387dba 3e182448 bf461038 3f74ce02 bf4b641b 3f2357c0 3f450c15 3ecc7a83 be37a5cd bf4213f6 3f127bb5 bf53d212 3f3c1fc4 bf60d01f 3ea486da bf412e13 bb5ae4cc bf0fe778 bf48160f bf2b05c8 3f236bb6 bf0759d1 3f49ffd6 bede46b4 3ee49726 bda1fa19 bf4f620e bf5a67de be3b1d1f 3dd4886f bf253ba8 3f3a05b4 bf7f5ee3 3f690dd4 bdb2f9a1 bf0dbd86 3e751608 bed06f02 3f53ec17 be7864fc 3f5bbdfb bf12fb71 3d017645 3e25e574 3eeae38b 3f3801e3 3eeaead4 3f1a0fae be68ade3 be66ae17 bde12b3b 3f22e797 3f18e1a3 bf21e5c0 3cf42412 3e3ddcf2 bf02fbee 3f35e7ce bdaf3967 bd479431 bf30afbc 3f203a0a bf6ba9f9 3eafbe9c b9a67e16 be504d7f 3ed42a7d bf4a37d4 3f4353fc 3e07b3be befd5f54 3f3a8608 3f052599 bef58ae2 bf3307b7 3d9f48c3 3f5edfa6 bf5be420 3f31e41a bf0a33ad befb0f36 3ef7b302 3f6d9df9 bf17a5ef bf5bd9aa 3f75dbfb bf340753 3f46180f 3f165386 bf7691b4 3f519222 bef05715 3eb89300 3eaa5705 bf1b4dc1 bdc36834 bf026f79 3f6943fb 3ec7f79c b92db56f bd424d85 3ece8303 3e134419 3ea7d2c3 3f6b1a07 bd9d780b 3e16b53c bf68fdc5 3f6db7f5 bf7607e6 3eb2df8a bf629e5d 3f2e800b bf2cbfca 3ed07abe 3e92a323 3d82b6cc 3e4a8f72 bdb29841 3f647411 beee1b3b 3f1dfde5 3e2f4c6e beb6b29b 3e97beae bf772a26 3f16738c 3d8b0529 3dd819b3 3e8e1ecd bec53343 bf74f1c2 3f47ea32 bf405be3 bc22bfe4 3ef256aa bf645044 3f78e9c6 be8ace91 3eccdb6c 3ea2decc be9abb29 3f14f5b7 bf56a5dc bd8ac649 3e8ddedc 3f659258 befbcb8f 3f0a65cd 3d1ed69f 3f6bb034 bf2f95c3 3ea7963e be19bc46 bf16b1ea 3ec766b0 be946698 3e5876bd bed2ab72 3f785786 bdec5886 3f1e4002 bdab68fb 3f560c2b bf4f181e bf218fd0 3f2177cf 3d90c6de 3eb502d7 be97f33c be0eb3b0 be680d33 3f49f223 bebc2ec0 3f01b586 bec19efe 3e2c0c3b be7ecdc4 bd6ab01c 3eb0ee7d bf126fc5 be5f1410 beba1ebc 3f096b8d 3e070c5a 3f3afba7 bf10d58f bedaaf17 3f398c1c 3e849600 bf74c9fe 3d8e677d 3f310006 bf34a463 bbbd9025 3dec479a bf4e4a3b bf1681cb bf680024 3f137baf bf65e099 be8d1b2a 3f45340e be9606ca beaf5ae3 3e02c2e9 bcc5abee 3dba6725 bf28640e 3ec5570c bdf119a3 3f482bd5 bf7e597e 3f4fddd9 3e243c73 bf541269 3f64fbc9 bf5b8851 beebd44c 3f2017ed bec19663 bf0fade2 3f2021ba bf5031cc 
3dfb4afd be24259d be97eafb 3cae9cea bf1d4406 3e8c2f1d 3f2f9de6 be183615 bef9e752 3e38f39d bf10b3a2 3e2f452f bea5a675 bf11b7d1 3f250f9b 3e6c7b9f 3ebbfeb9 3ea882c5 bf5695e4 3e7dab7b bdb9f865 3f330fb5 bdf56ae0 3ec46ad4 bf60d5c0 3d54326c be2374b7 bf4eb02d 3ee6fad5 3f62c9e8 bf5865f5 3f7caf65 bf60d9ae 3e7a44c3 3d928a6a bf15a7dc 3f3cbb99 bf2731a2 bf5c8283 becbf365 3ed05371 3f164779 bddcd8ec 3f32dfc4 bf46b627 3f785d89 bf40d7e3 3f64b804 3e71fdec 3ee793a8 3f30f38d 3f286395 bf21d1af 3e535dc8 bdfed5fc bf17af8b 3f65f83a bf545a10 3f76cdd3 3f701fcd be8d0ecd 3f6483ed bf6cd9cf 3f75abc9 be9d227c be0bb47b bebcfa3d 3e915e72 3f39c17c bf7473ff 3f13efc5 bf787ff4 3e88ee65 bf291829 3f4257a5 bef6f717 bf183780 bf18ad90 bf7be392 3efe375a bf41bdd5 3f6d4a12 beea0b6e bec6f37f bec19abb 3f173df1 be01ddc5 bdf2997a 3ded6841 3e6ed4d1 be3cb4cf be3d536e 3f32a362 bf16fbf4 3f5825f0 3e0abb23 bef50ac5 3f4a81e4 bf5c77c2 3f7d59f8 bf2cf1c2 be849755 3f79ef89 bf76f5fb bec6b704 3f14c7a5 3ef86759 be95fae5 3e0803ac bf3d83c1 3f6d2006 bed9834b 3f1693a9 bf3b9a1e becf2edc 3e1753ba 3f6c324d bf56efeb 3e1d7bb1 3e2bfcac bf614407 3f421e00 bdbdab0f bea24735 be140c40 bd6853b7 3e84024f 3eeb3b40 3cefd3cc bf29fd8a bf5ad9e6 3f6f29e4 bf69abf8 3f1737ca bf09ed72 bf1ef5dc be913a17 bf3287ce 3f1d7fa7 bd35aba3 3d30af6a 3e6a3c6e 3f2ccfb4 3e13b42f 3ea65f8e bf2a9bca 3ec142e9 bf4f87ae 3f2e4b95 bf241fe6 be2b5d8a bdcb2c42 bf3fbd95 3f070f6e bf75dc16 3f5fc24f becca33e 3f2ef59b bdf0e7f6 bf3dd9f0 3ed56b09 bf1a5bde 3ec32a6b 3f113378 beb39759 3f1f13c9 be52b3cb bdb9a894 3f502603 bf4be5af bf159ff5 3f6def78 bf612a02 3efbdc37 bf54e5ec 3f144bc7 3eddc793 bf330209 3d72ef3a bed766d0 3e4d1c61 bf0f39d2 be79bd43 3f3525db be7d2db4 3ed1bec7 3de7eae0 3f0e81f8 bf75f60a 3f3681cc 3e0a05c0 bf228bd6 be85b77d bdf55ad3 bf2b07e9 be87ee6e 3ed26fd4 3ee1e72a 3d8fa6ac bf58da4d 3ecd5ed8 beca8427 3f62902e bf1ff601 bdedd681 3e046db2 bf3be196 3f722a3d bf0db76b 3f1d57d0 be0fabaa bec58f01 3f15dda9 bd893aa8 3f4c6fe1 bf70afd0 3cff9d39 be9deb3e bf0b2bba 3f79dff0 bf6c5e09 bedf2ee8 3f7f8770 be7e5534 be834e51 3eb772c0 be503c4d 3f1f2f7f 3e8966d5 3f47e856 3f7165fc bf2683c9 3f5aec1e 3cc86378 bf438bc3 3f2f201f bd414c5f 3e6f659a bf26b3b9 3f3695bc bd2411bd 3eccd39d bf4a601e be8026f7 3f1fdda4 bf4b2e16 3e4c360f 3f4ccbe3 bf78f5c5 3f24e1ea 3f6e3be8 bf7355dd 3f3e17f7 3d69f4a1 3e381447 3e536dd9 
bf54342e 3f5b67b4 be9d5324 3ee6535f 3f0be398 bf50ade2 bea90ea8 bed8573a 3f7ce7f8 be0e053f 3ee51eea beacb28b 3e200435 3ec1ff3c beed06bc 3c44bcf0 bf70e9dd 3deda8ac 3f076574 be7d035b 3cc22701 bda4a7df bf3247da 3f5dbc28 bec29e52 3f56443c be578ce3 3f571fed bf6c9a17 be9d4aa2 3e9d7a54 be0ff426 3e2d5c8e 3e7babf3 be69adb4 3f341de7 bf6729eb 3f60d222 3f2fbe1e 3efd6385 bf6ca1e6 3d866703 bf42b611 bea34fd2 3f4f9029 bf7953f2 3f162bb5 bea2f5bb bf4a71e4 be45452c bf2fabf3 bf02b598 3f7aedfd bf639de7 3f71d010 be8d730e be83e287 3dbc0ae9 be7c5621 bf4bb7ef beb70aa9 3dd6d7ea 3e12cc3f bf0d0597 3e330bfa bd62d76c 3f606258 bf5a6e20 3ae5e5bd 3f0359be be7e3df0 3f0d0fb1 bdc627ac 3f34abf3 bf495804 3f3b5811 3eb55269 3f73b207 3f54d5a1 bf3ce3c6 3f42c3cb bf2a57de 3e37dd0b 3f738e30 bf7a6db2 3f3db001 bf4fd1f5 3f71bdc2 bf1bc35b beb03f1a 3e5b7c7e be828e4f 3edb3ee4 bec05eac be95f645 becd5aec 3dcb0979 be17950a 3dbef6c0 be8f06a0 3e1bd3e9 3d0d93bd bf4a2200 3f276421 3ed3134f bf4d1215 3ed18eed bf128798 3e130e0e 3f28ada5 bf09ad87 be7654e5 3dd35950 3f6a7805 bf3d4df3 3f3219db bf3d85a9 3ebf6edd 3ec532e5 bf5d51fb 3f58aa19 bf05957a bec57ee5 3f73762c be90d1f4 3e399bf1 be8f7e93 beef3373 3dad79c6 3f226bae 3f52cdef bf58341a 3e9cab13 bdc7e72f 3e31457d 3f5a9bfd bdd27b39 3f78e3a4 bf4bffc9 3f2b5975 bf0711c1 bef1dbd0 be5a4603 bf603624 3ec7b278 3c90e41b 3f37081d bf2f2dca 3f089fc5 bebeab14 3f5d4dbb be8262d6 3f72c053 befee6d7 3f4549f9 bf737e08 3f06a38e bf62f838 3f2fb9ad bd167123 3f3475b8 bf43d7f1 3f4cd9f4 bf504dfe 3ece7306 bf694c2d 3f605250 bf1723dc be9fba88 3ee50aa2 3f47a5bc bf72a416 be766554 3f54f1f2 be86d735 3f071b82 bf589df8 3f4a4180 bf229a0a 3f409e1d bec6768f 3f63b268 bf417a26 be732d8e bc8c6154 be5094d4 bf3c2043 3e809aa6 3eb9a241 beb4b309 be84deb6 3e3b44c7 3f15cdf6 be230c7b 3f6cb7ff 3e072b01 beccc326 bd826857 be999ff7 3ec9caf5 3ef7e2be bf2bdc2a be251441 3f3a0773 bf097fd0 3f76a20e bf1493a3 3e4c1db7 bea3532e be5d7518 3e6bdce0 bde53a70 3dc1a53f beb47f36 bed6d61d 3f16bdda 3d40b27f 3e62fdc6 3f5cb629 bf128996 3f0c6bbb 3f00d5d9 bf6905db 3f44e5a2 bf7917ca 3f6dd831 bee2568d bf024367 becadf02 bf12ddd8 bf4f27d3 3edbe683 bf4cca0d 3f7a27bc bf2f1f87 3f27139b bf7c59b5 3f408814 be8d16a7 3d86083a bf63efdc 3ee1133e 3f5ce3e8 bf2c87dd 3f65ee02 bf3c17c4 3ee1fb1f bf2dad8e 3f1dcfa2 bf3071b8 bda558b3 bf170190 3f1efdba bf1dfb62 be9af751 3ec31292 
bea74a58 bd1b2ea5 3cb3e5b7 bf2f71b5 3af29101 3f1b99c7 3f0231bf 3eb35de3 bf104f78 bf59141b 3f2043ae beae92cf 3ea83eff be566574 3d527598 3e6e8c49 3f6d7227 be64a4b4 bef0a2fe 3f5de40b bf7d4bba 3f4e5017 bdfeb991 be673cd6 be89cb50 3d83b722 bf734df2 3f09b5b1 3ebccb27 bdb22962 3f1a318c bf72e1c5 3f2c1579 bf7ce35b 3f443bf7 bf4e8dc8 3f45b794 bf76b17c bef3ef9f be96ae55 3f5efc01 3c7aaee1 3f61b5df 3e831631 bf59b23b 3f64e407 be8526a7 bdac48e2 3f3f33c3 3ec0db29 3f13b7f2 bccb5cf6 bf23f1ea 3f21e386 bf509dff 3f344654 bf0a77a9 3f7d81db bf3a3e0a 3f608e39 3f064380 bf5ad636 3f564001 beb60f48 3ee45b48 be77ad40 bf184feb 3f2193aa be9dbaf8 bedd9672 3e928ac2 bf1c2f99 3f017d6a bf5d184e 3f141bf8 bf0ff20a bf3101d3 bf328211 bf3c9615 3f06ee01 be73356a 3e224cba be72fbb0 bf0317be 3f61a41a beeb36aa 3dfeb9ec bf02f1dc 3f47d627 becd9b7a 3f640a07 be916719 bedb0f8f 3df858bd 3f302deb 3d8aba8f 3efc22f9 bee0533e 3eccef86 bde9aa83 3e5ea6aa 3e831af6 3f4957da bf7f1964 3f58e415 bf5623e1 3f345f71 beb40302 3f4871e8 bf7a89bf 3d6275b0 3f699e13 bf328bd2 bf1531b7 3f7eed75 bf1e4391 3e03bb63 beb07324 3eb676c4 3d27d207 3e597d32 3e3d836e 3e2325fc bf3afdb0 3e87b245 be9cdad2 3f0fc1cf 3b174ee5 3ea04b12 bf2b27fb bf63dbfc 3f2efda8 3f35f3f0 bf6d1a4f 3efd9e87 bf7f1f86 3e6bb356 bf39a39a 3eeb0ac1 bf7f3951 3f4b19cf 3f411609 bdb0fc06 3f53bc28 bdb52951 bf0327f5 3daa59e3 be7d1665 3f4b5241 bf6dddf7 3ee15f90 bf53d3d0 bde5bb25 be9ef67e 3d610fe6 3eef4f2d 3af5dfdd 3e944a3c be821e2c becebb39 bebd9262 3f23edb8 bef8a023 bcf21ffa 3de1d960 3f35af86 bf72f64c 3f1547bf 3ced1ab6 bde599e8 bf3aa570 3f7a7fcf 3f2d0777 bf73cde6 3ebb5294 bf72b5f5 3f4c562d bf13b774 3f4ddc32 bea652cc befe5b4b 3dc41b56 3f018961 3f2547ae bf3bb5a8 3f6b9645 3f3735d4 bf6a9454 3eb4c2a4 bdb7e914 3f058dd4 bebed2ee 3ea46b24 bf624bfc 3dcef742 bf5e2a18 3f7d996b bf37c811 3f4cb9ba bed62351 beda56f8 3f4c6209 beb2bbdc 3e00648f bf6cc1fe 3f0ac5d3 bf212bcb 3f2dfbc1 be3a34f5 3e4edd46 3db4a6c1 bebaaf9f 3f1e7395 bf0c4fc5 3f7ef13e bf41901e 3e8ece7d bf41ba20 bec237d2 be751317 bf18582d 3f45dffb bf57aa1c 3f062589 3e98563f bf145775 3d4111e7 3f484fba 3e8916e5 3f1a2bc8 3e19d520 3f2303fa bf3e0212 3ea19705 bf317b9a 3f697d8d bf5e1e01 3f4b5637 bf1e855c 3f1895fc 3f24ddd9 bf4393d8 bf25ab96 3f1c33b9 bf456c23 3f23d77e 3e6a8602 bf23a1c4 3f3dd1de bdf2d95d 3e352d74 3f668e26 bf6e0bd6 3f660de3 bf3413df 3f6c9be2 
3f55ee0f bf6fba67 3f58922c 3de8f874 3d540a22 bf3d1819 be04ecc8 bf7fa4ef 3f72cbd2 3f29c188 bee7a703 bd62330a 3e9afb79 bf3e85f6 3f67e42c bf7be17b bee0f2d4 3e1ad375 3e646576 bf494c08 3f223bb6 3dcb89ee bf1e87c4 3f5619d9 be9da27c 3eda0f5f 3f04f37f bf237bc2 be87aad2 3e6a33e1 bf2d37ce 3f16fdea 3e18c64c 3e064cf2 3dbafaba bf124beb 3f430d6b 3df5f840 3f29ce07 be4e5591 bedf4f0e bf083367 bf2acfc9 3e0044be bd05ce75 3e469510 bf582dc0 3f60065d bf660410 beb26f03 beb22edd 3e0afd56 3f1fb3b8 bdfa5a2f be60254f 3de0397a 3d2b1149 bf5331bf 3f5a21ad bf7ed100 3f08f5fa bead7ac4 3e261d30 bed8e731 3ed32f64 bf1e8376 3f747bc7 bf3e03cc 3f7a6609 be1b2cc1 3ea06b5d 3e20546d bf1df3f2 3f3619ee be90da74 3f0ea9b6 3f228bd5 3f7059f1 be37d489 3f153b87 bf799e22 3f6f1006 be448d4d 3eb6c2e6 bf3c59ae 3d850589 3f546c3c bf403be8 3ebb3db8 be51e3c7 bf0183ac be811e31 3f2c5805 bbc19312 bed2bace bf71c1d8 3f0e4dd0 bf2fa1ad 3f1f5e53 bef62b60 be9346a7 bec82b96 bf57f3fd 3f70c042 bf7b75f9 3f52020a 3cf664d5 bf23ffc7 3dfc8a3c bc6f433a 3f3e1610 bf797808 3edc4e72 3e85c399 bf1add93 bdf8f8bf 3f565a0b be5a7334 be534364 be9d8f04 be1f8d9c bf2433aa 3f06e3ab 3ec44b7b bec4a2f3 3f2507d4 bf79dd90 3f1ea3fb bf7a8fe4 3f59cbad 3f582a16 bf2dfe30 bf7ca775 3f505017 bd9d583c 3e8cfe89 3e9e168d be1a6c66 3eb3ee77 3f6d0823 bf42a9bf bf78c01a 3eb1fa2d bf6a6a15 3f1651b2 bf2967e4 3f789bd4 bf08ff75 bf1b0fb4 3f562614 beff4ea3 3f34a83e 3e5fee5d 3eaca22d bdbd5991 bf572a1b 3efd0b04 bf5d6009 3f61103b bd7b920c 3f3523d3 bf7969ea 3ebdfa42 3f50ac00 bf7863d0 3f050578 becaaead 3f5a3029 bf44a5e1 3f22bbd3 be788d37 bf030576 bf43bc1a 3e41bda5 3efa77c2 3eaa22c4 3da01900 be451c28 bf215814 3d2c8f36 3f4edfeb bf19c7d7 bf22affd bcdc2b43 3e3894d4 bf0ce9e1 bf68c3ee 3f763df3 3de2b67a bf6cfc22 3f370bea bf62a617 3f0be5ad be83338c 3f6cafd8 be46348e be840713 3f198b87 bf6a2dad 3f52ed79 bf601c3f 3f503c0c bf765a0c 3f662df2 3e906bd4 3ebe8ea0 bf094d9d 3f056f96 bf5b8458 3f66e639 bf669038 3f4ed03d bf4d43fc 3eb2224f be97d730 bec6b344 3f32a809 3e4e54ba 3f2381a1 3f100dce 3ec85287 bf599021 3f2e101d be0eac84 beeefb05 3f2591d9 be65a61f be3ad4c6 bf6c5a0b 3ea7ca46 bf594c22 3e820264 3dd94aa4 3e3d339e 3f118f7e bf55a412 3f5db5fb befae2bf be6f4e29 3c8e26e5 bf485fd4 3f6e23f0 3ef00395 be51bc0b be0bc56d 3cc3a5ee bf272fab 3f6a659a bf4749f3 3e16dd79 bf0389f5 3d968ad3 bf15fe27 3f585b93 bd24cf91 bf6b09e1 
bee02a82 3ef52f03 3d6ff29a bf7db79a 3f5fde1f 3ceb5b5f 3ee4b779 3f7afbe7 bf2eb1a3 bf3ee9b4 3edae740 3dd78809 bf0d0f8f 3f7a0dae bf74f9c1 3f6fac13 3e949ee6 3cbaa683 be99bac6 3f44f7c0 be134476 bf412598 3f2d7f71 befd8712 3e33fc01 bf3091e8 3e9dc2a5 bc6733e1 3f1f17c3 bec5b367 3f28e047 bed09a34 be80b280 beaf166f 3f0993b3 3e07aba6 bed3030b bf6f25b8 3f0a6bb0 bee39b8a 3f4bb819 3f31dbb6 3d98879c 3ee2e6ce beb7d6c9 3e86a2df 3ea8f2b8 bf0613a9 3f6d0dcb bec7efc4 3f6ed22a bf5117f1 be92e2a9 be8f4ea8 3f37b3f5 bec2a66e 3e95be90 3eaca6c9 bec32bbb 3ebcaac8 bf1d3dc6 3e886f2e 3f166a4d bf71ac60 3f53e842 beb042b3 3dfbd862 be9b3a3f bf2ba5af 3e6cbd55 bf70fe28 3f42fe0b be23bdec 3eed145f bf2c0a2d be692d89 bf2d33b5 bf47c1b5 3e16f3e6 bd58eda8 3d96e901 bde799f2 bf1ffc44 3e475548 3f5f65fd bf79505a 3ebbaee4 bd6a6dd7 be083c6c 3e0f5d78 3e1be561 3f0dd1c6 be47456c bf30eb98 3f205383 3f7b8fea bef322f9 3f1a97e8 bf3a0e0a 3f0907dc 3f147562 3ece6355 3f4a49d2 bf38835e 3f64b3d7 bf46b44c be92fe3f 3f6999fd be994713 3d95c752 be753e6c be5f7d4e 3f41224a be92d67e 3ec95aca 3e96937c bf5719f8 3e994347 bd8d0a19 3f389420 3e91f2ee 3e6f0c15 bdc12ac8 bf684420 3f63e611 bf6f27ba 3f76f9ff bf0b4fa7 3f6dcfc4 bf0b119f bf5a05e0 3f38f04b 3f14ff77 3e979a48 bf74be07 3f0be1bd bf31f5ca 3f4fb61b bf6ee855 bf62d1bc 3f6bda23 3ea8deda 3f0b71d8 beb77aa0 3f02eb7c 3e9f0af9 bf59a5e6 3f56b640 3e18866b 3d92f978 bedeef74 3ea36f19 bf55dc3e bdc699ef 3d9a86db 3f5347d9 be805278 3ecc52df bd8f7655 bf6b501a 3dcc465e 3f2f73a8 bebe4294 bf33de15 3f1da9aa bebae33d bd36eec3 bdfcdb43 bf23d187 3f1e05a1 bd962962 3f59d7c6 3ec657de 3ef222e5 bf71be0a 3dca5791 bf3f31f2 3f4e4e10 3eddd302 be0c74a1 beab16fe 3f279409 3eccc7ce be546333 3e74e58d 3e58a5df 3f2f0373 bf101139 be98b60a 3f1663bf 3e8a1b37 bebdd360 3f12ea0f be1a9c21 bec2ae91 be520d6e 3f283b9c bf6e55b4 3f45e84c beb08ad6 3f414ddf bf2bcfb1 3f1097cc bf5471c1 bc8aa7b9 bf7dbd89 3f437e05 bdc8daed be775536 3ea16373 bf1f5dc6 3f3e2617 bf102dbe 3f6fd7e2 bf1d97ab 3f67ede4 bf369fe5 bf037c0c bec26b20 bf60c010 3db2ca3e 3d2a512f 3eed5e94 bf0023ef be0434d0 3f0f6f93 bf6be026 3f777f82 be86f35d 3f6ebc1c bf2f91a3 3f20bbf9 bf0e6bef 3d63ec82 bf6b83db 3f7f5924 bf6fc033 3f0915dc 3ee0c270 bd55f2a0 3ea152aa bee782fc bf4fae31 3ecf06f9 3efbfecf bebfdedc 3f650e14 bf7799db 3f1151a8 3e15bc5a bdb21a48 3f675030 bf2e6bcf bdaf2730 bef7272a 3f5ceff9 
bc2fb8c7 bef70adc bdfa1a38 3edb0707 3c1e38de bf304987 be54adc9 bf5905d5 3dac3815 3f42d784 bd02d1d8 bee0d330 3f6f8faa bf71b9e7 3ec6be78 bc8ce0ef bf5ef855 3ec3d2f4 be542d05 3d2c2ffe bf511ff9 3f79e778 3e0734cb bf4cd5cb 3f5f5419 bd5dcb5e be3da409 3dbfb77c bf17e5e3 3e066343 bec8f371 3eba26a0 3d1de762 3ebfcece bf195234 be93b2ba 3f713e1d 3e2ab3aa 3e08ec6c be1ff4f5 bf7777ad 3df5496e bf7b0c13 3ec43655 beb38708 bbfd82f2 3ca85d94 bd4d94e0 bf07ed7a 3eb59722 bf16917e 3f6b203f bd1bf448 3f1559a1 bf316bb8 3df68969 bec432b3 3cc015f2 3e4c54f8 be0e7cc3 3f6c4dbe bf2e4418 bed7e2eb 3f76ebeb bec0ae8d bef69338 3f19e98e 3d18b575 3f3243e4 bd4a3090 3f45efc6 bf1ce9af 3da40b68 bf59f42c 3f58064f 3ec3c36f 3edaaaf4 3f0d79b1 3e805f63 bf5251cc 3f6aefe7 bedcbab4 3f77ee1b bed3c648 bf163b87 3f7a7bab bf16bfcb bd0f0e8a 3f1373a8 bf028dca 3f0987ee bf6f4a0a bde6c9bb 3f44afed bed9be97 bf30f7ee befdafba 3f1899f4 bdd44b3f bd52b082 bf699435 bf0131a0 beeef787 3ebb7ea7 bf4e0bca 3f6a95ed 3dd21865 bf7915c5 3f5175bf bf68401b 3f40fe0a 3d95d937 bf55f7e6 3d9837eb bf4933c7 3f43e425 bf43f1ed 3f638641 befc9b25 bf1a6388 beb915fd beb30f01 3f5adbfd bee4138a 3f4de5da bf371e01 3ef47aec bf18a7e5 bd9a26d2 be133c5a 3f2c33bf be370cb4 bf3b85ea bf1ecbcb 3f351b96 3e214c06 beb76350 be6fb575 3f40a00a 3f2c7594 be65ce31 bf685b7a 3eb5fab5 bed4b6e6 be3b84ec bee12f79 3f25c9ce bf7b0a25 3d47b180 beb6ab09 3e959a7f 3d8b792e bd26f17b 3f780030 bf39b3e4 beb7bf0a bbe277e0 bede4a56 3cfda805 3f72302e bdb19a6a bf4b65cb 3f1fe581 3e94cad7 be81b658 3f08ebdf bde8dae9 3e952e8c 3f22c5a7 befc1b43 beb9eaa6 bf57f62f bd9e2895 bf53004e 3f673031 bc7c32d7 3efed7e3 bed79b79 bf3157b6 3f0333b2 bf126ddd bdc4f973 bef6370e 3f29d5cf bf7e7536 3f07bf65 befa1332 be10ec72 3f648011 bf5a9c03 be9c1296 3eefe767 becd76c4 be87cdf5 3dbd884e 3f0127b6 bf5705c0 3f4517dc bb8e4571 bf6213ea 3eb0e01a bf10c55e 3f6e6bd6 bdb147f0 3ef00767 3f1613be 3df1ead5 bf3e35d4 3f4417c9 be43fc27 3ee392b2 bec486e7 3dd6c74e bf529e2f 3f217dd2 bf7ebb58 3f4c69ef 3ead2ed5 3f5c9e27 3c9d2093 3f074db2 bdc92ad8 bf3d3fc0 3f0b0b9f 3f256bf2 bf5f2842 3f3321e7 be85d68b bd3651a9 bf3e29bf 3f72e228 bedbb2d9 bdef1823 3f5b5029 3c3ebab3 3d0c125a be604571 3e846e7b bf68f40d 3ebe36cf bec76f17 3f2e8803 3ef7f6b0 bf2b15fa 3dc94931 bf024faf bd5432e2 3ea6cf10 bed8ba7b 3efa032a bf2e9e0d befb26d5 3f5385c3 3ea27ee7 bd9437ce bd9adb0e 
3d9c29fe 3f543e37 be445d9d 3edaf7d3 bf6d83e2 3f6f0204 3f3e0e1f bd036a37 3f720402 bf606257 be8fc355 3eb91a83 bf280b91 3eb22b15 3e82ae56 bf007b88 3f09f180 3e8026f5 be586c7b be057d56 3f77a5fe bef04acb bf313023 3f54c446 be790e2a bf223fc0 3f7897ec bf474616 3f5a1e13 3ea0d6f7 beb56684 3dcbf7fc be1dd42f 3ddeba73 3e9c9ad8 3d786d01 bf21cfd5 3ced611a bf320ff0 3f6fb01d 3eca2ef7 3e725da0 3e9b26ba 3f3fbf8e bf5179d5 3f767bd5 bf4be3f1 3ee61ba7 3ed6043b bdcf4963 be89fefc bf10a788 3e23dccb befd4f03 bc293888 3f4d6de6 bde7ea4b 3e8f2728 bf298194 3e5d3537 bf515595 3f2b4b74 3ea232b2 bf40cc04 be262521 3f7b73ce bf6fabd3 be523c6d bd93d6e7 bf0f3b9e bd848722 be8a537a 3f342ffc 3eab329e be4765a0 bf5e93f6 3c8aa90d bf0fb7fa be86263e 3f69d1bd bf7425a6 3e849ae8 bf7e5fc6 3f3673b9 beedd75e 3e35875e be675ee0 3f02979e beff82b1 be5cec03 3d83f84d 3e5413c4 3f4bd853 bf0e07ac be409d8a 3f7991e6 3f030b99 bf36d7f1 3c3a5038 3e8516e6 3f176b8c 3f7d694b be9775f8 3ee89271 3e246c75 bf08a794 bd4ed147 3f3e81cd bf21eb8f 3f493041 bedfdaa3 be024df6 3f3d49e0 3e393e4e 3f3259af bf03360b 3f2e5bd3 beeefec8 bcb32816 3f7517d8 3e639c97 3e060343 bf19c5de 3e6fb5f6 bf2401ca 3ebb02af 3d0693e6 3d729726 3ee6174d 3c842457 be17ece0 bef15fa7 3f50a638 3f7f494d bf33639e be4f9c28 3f186de2 3e30d420 bf4cd7b0 be899319 bec31eb8 3f7fdee4 bf0b9bb1 3ebb4e45 3f7649b7 bf50ba3d 3f4ca7ff 3ebf56f2 3d309448 3f220f60 bf1957ad 3f0fcfda bf2799bc 3d04d278 be715d4d 3f52b96a be938f0b 3f716fa1 beee7a8a bf13dff8 3e02fabb 3e39e590 bdd5e823 be26750a be952e8b bdacfc6f beda92d3 3dabf851 bf1e93ff 3e7fc523 3f4057ed 3ef07e9e 3ebd2aff 3e901b06 3d9f7aa8 bf64b245 3f31c75e bf3c31f4 3f65ca40 bd2dd264 3e10358c 3f19a5fb bec54b53 bcbfe431 3f3787c2 bf41a84e 3f041ba6 bc7b5a65 bf00bb10 3f4d2a61 be7004ec 3eb1274b bf1399a2 3f72d3e7 3d6def3b bf1acff0 3f7afa3a bf73afea 3e15f32e 3f3f5de9 3db6378f 3e07e463 bf76d032 bd70b1f2 bed1f777 be40e42d bf39882c 3f10895d 3d7614a1 bf6479ec 3dc829f1 bd767160 3f0ba161 3e9696ec bea89f33 3f6c6de4 bf51b5f0 bea94f48 bf341804 3d70b1ee bede7715 bda0b819 3f0883cf be48f4c2 bf6551ee 3f238bb4 bef9eae3 3e72fe0d be436553 3f0b57ba bf5df3fb 3e747593 3e4d960e bf39624f be2726de 3c104b05 3f2d09a0 bf1af027 3f4255f7 bd2330d5 3d243119 bf6bae12 3f0a23d2 bda2c7e4 3e1023f3 3f509e31 bf2c0605 3f53963f bf2935f5 bb3923ea 3f0795b3 3ea4965e bf2b63d4 bf51d405 3f3dae2b bf03a58f 
bebf7f28 beb27746 beb7dac5 be3c33a4 3f324e14 bf1d11b4 bf7931b3 bdc91908 bf4f422d 3eeb1e35 3ea5e313 3f10199b bf352001 3f754ff0 bf7403d7 3f4dabc4 bd1f0ed9 bf2dbc0c 3eb40694 3e572c36 bf3a99c7 be873efd 3f53000d be9cc6d1 befa972e 3f6f2c08 bf7e0bc3 3f2e4dba bf1c2009 bf67160e 3f6bf9fa be1aedd3 be6cd47c be2ea493 beaffb46 3f3483d0 bf0cdfe5 3f719e15 be552c1b bded4853 bf6e9e24 3e4b75b5 bf073776 bf4537b3 3f5a6fe7 bf48d5f5 3f05e1d8 bcc06278 bf51603c 3d918978 3f5571e3 3ec13ee8 bed74286 3f37c618 be1714d5 bea58e5c bf6d060c 3f4197fc bdbad9a7 3f52f603 bf0e77e7 3e8be720 bf3b1bcf 3f5a2414 3dec792d bf0bbf70 3ef23b24 3f56dbe1 bf534da6 3f75603a be959ac4 3f2fe7d9 bf4f9dc1 befca359 3f14a403 bdf4ea5f 3f56fc1b be4e23fa 3f0cd3db bf34bc0d 3ef05fdd 3eb9fa97 3eb52e65 3e2754ea bc821fe9 3eaa8ac7 bee672a5 3df7e95d 3bd5c207 3ec5bad5 3ed28b0e bf4107bd be69b4f0 be3dd403 3eff13a4 bf66afb3 bf1251c8 3f6e8577 beccfada 3e87e234 bf6705b1 bf3cbdc9 3f00a188 bf7f734d 3f16d3e9 bea74670 3f16a1d5 bf7c6993 3f25099d bf4bdfbe 3ee6ef90 bef22f80 3c474391 bef6731a bf395ff3 3e90225b bf5d2600 3f3c6224 be90d6b3 bf6d7beb 3ec82f33 bf41041d 3f746824 be886e82 3f20a57d beb426f3 3abdcbb2 3caf2c7d bf2399c7 3e294405 be5233c0 3f6d3ff9 bf79e81c bf73f1ce 3eeeb6cd 3de4464a bf42ab69 3e8a3ab5 3e16c57f 3f148206 3ec00aeb bf5efa44 3f5a647b bf623214 bf0e4fe7 3f17e580 bf78f1b4 bf037df7 3d27af42 bf005161 3e9a1ec1 bf0a6192 3f44ffca beaf6355 3e449d47 bd7bea11 bee9c3c8 bf594fdf 3f736fe9 bed0afc7 3f2abb87 be8d3641 3e5d8b8d becc8371 3f6e4806 beaad750 3f4e29ee bf0d09ba 3f777a3c bf6c39e3 3dd11977 bf5b042e 3c3ce473 bf15a5c3 3e4de52a 3d346eff 3e14ad43 3d8ac90d 3dfaab21 bf68a5c3 3ecb8e69 bf1f91b8 3f4113e5 bf7acbfd 3f5ecbe9 bf24d18c 3ef76bf6 3d788a8e beeecb7d 3dfe594a be9b9735 3e6cfdec 3e35d34e bf2d0fd9 bd430fce be41e48d be481bef 3f0aefa2 bd34cf55 bf3cc009 be9e2617 3e9f8ef3 3f4f04b5 3edeb26e 3dcb385d 3e1ecd4b 3f15b7c3 3e883216 bf41efe7 3f639dcc 3f548828 bf6687d3 be5e0bcc bdc7473b 3db3283e bf37c1f4 3f34bbf6 3eaa6770 3e6e7519 3ef81315 becc6aef 3f42fc17 bed1fb1f 3e1dae4a 3e85add2 3f34ec07 bef7e72a 3e0ddd87 be4684d0 3f2f35aa bf019db4 3f508c2f beeebf39 3ea41f4c 3f0e8823 bef79299 bf33bbd0 3f44ae17 bf06db5f bf0b0fdc 3f6dc834 3d5295b9 bec66f08 3a3ba406 3d1d0cd3 bf7a3da0 3f3cb5d8 bf79c7de 3f2a17e6 3e32f545 bf1a4fd0 3ddba8d4 3e812afd 3f7b3237 bf3959a2 3f22ee14 
bda65a05 3f0615b4 3d3e2c85 3ec74693 bf04b98a 3f124be9 3f1c7d80 3f58e012 3e559caf bd31edca bef36307 bf310a18 3f5bb1f7 bf7003a6 3f28a564 bf71cc36 3e76c48f bdf126fb 3ef22ac1 bf2eabf4 3f2ed9d1 3eb1ba87 bd27b259 bf1bb580 3f70fe36 bf5bac2e 3f49b19d bf1a9bad 3f560808 3efa4b75 beb3b2d0 bef15adc 3f249a35 3f29963b bf4503ee 3f049f96 bf3acbb8 3f002396 bf73d7a7 3f7521fe bdd3e569 3f1857f0 3eb31604 3e9cbeef be42053b 3e3da50f be887a86 3d90b5c1 3f2f0de1 bd772d6f bf27bbf9 bf1c339e 3ec6ab97 be28657e bf1b3dbd 3f7eb793 3ef407ed be266cc8 bf1bbbaf bec5feb2 3f272b95 be60bc63 3f330382 bf7319e6 3e512d69 3dc3a642 bf3d3814 3c8ddb19 bc996404 3ebb9abf bf3693e4 bddd5867 3ee02642 3ef08f93 bf08b3c6 3f004f72 bf5bca0f 3dafcaeb be9c7307 3e7b941c bde6e4c1 bef69b70 be7b25ef bf06517b 3c7bb317 bed0a776 3f3f61eb bf072d7a 3e995a78 bece86ec bed13260 3ead971c 3f4b91b7 bf2419fb 3f485a1d bd8779cb 3f4d3a38 bf7f9361 3f12f364 bef6e2a8 3f5f3612 3e93c6e6 3dbd06e0 3e31cd0f 3ee0467f bf31a840 3f21982c beb12f30 3f32c9c8 be174347 3e28d407 3ef4e7af be7df6a7 3e8119a1 3f780a2c 3cd42b3e 3f586c00 bf6c63df 3f269dea 3f2af014 bf22b1db 3f479021 bec0baad bf562a2a 3ef3eee9 bebc26f6 3d8f3956 3e409d25 3ec1276b 3db1e848 be2d7c22 bf2551c2 3f5bcfc6 3f2fc814 be76c490 3f0843ec bd9ffa6f 3f033578 bf19dda4 beaf5ea8 be80d6e8 3ee13706 bf2d51d2 3f756239 bc32cbee 3e45f4ec 3f448402 3f1ef9bf bcbd9d57 3e5b2e16 3e03cb17 3e64acd0 bf160bf7 3ed353f5 bdfa48ef bed932a1 3f6a7dd5 3f18cb7b bf7001a0 3f31a3d9 bf569e03 3d1ef66a be344d5e 3ed20759 bece92b1 bf3ab9f8 3f102f2c bf195dd0 3dd73a64 3f0c77ee be2ff3b2 3e7d561d 3f0c6fa6 3c09370a 3ed59a85 bbc36ffa bf2743fc 3f0a3beb bf33d7cd 3f50a3e7 3e2cbb9b bf31f371 3f0dc3bd 3e2eeb86 bf365be9 3f274747 beeb5efe bec4beb1 3f6b61c3 be94ba71 3ee9de31 bf7d1184 3f36fbc5 be24f358 3e985ea0 3f195bae 3d01507a bf5fd83f 3f31b9f3 3e07bb6b 3f3a01b2 bf67cbf1 bee50fd9 bf650c56 3e6be3b2 be557d5a bea366cc bf48d01a 3f651a06 bf4859ea bf45ea00 3eef1efa 3f5d5bee bf03a762 3d3512bb 3f265ffa bf49061f 3e746591 bf051164 bea99b56 3f29361c bf7b5377 be5a53c6 3f01cbab bf0573e2 bf69e622 3eb09f31 3f0a739c bef20319 befc6ef6 3edfe7a0 bf171fec bdf53b30 3eb09351 bf12a1c4 3f2755db 3f14d9f7 bf4a9841 3f446412 3bfe512e becb32ff beb94efe 3f5bea38 bea7e72c 3d7a90bd 3f544407 be9a9f39 3eb732ee 3e4b5e18 bf562204 3f3af5f5 bef41b66 3dac58e3 bf1645a5 be461577 3e3e0411 
bf11d39e 3f2d3dc4 bf7b01c2 3f21634a bf2eb9ef 3e28431f bf7d15d7 bf05ed9e bf24296f 3f1f6ff4 3e7b0509 3e49c506 3bc77a52 bc14c77a 3e72f4b6 3f32da13 bc742b14 3e2b9beb bdc19993 be255c8e 3e9ffae1 bf5bfc55 bde568cc 3e95f6f1 3d90d593 bec9a738 3ecd8ed4 bf083e0c bbb3896e bf50f3f6 3ea45aa0 3ef63263 bf28e42a bf1bf596 3f2ac1a7 beadd6ab 3ed10703 bddaba4b 3e852dd0 bd35139c beae52fc beaed6ed bf3fbfed 3ef2c290 bed80ee7 3dbe665d 3ed01f14 bf444bcc 3e8b3786 bee7eb30 3f011fd5 3f2dc801 be9c7f48 3d84e9ab 3eff7b0b bf64765a bf1c49c1 3e3ebd22 3f107fce 3e379c2c bec482d2 bee67abb be8a7698 3f63420d bf26fde7 3f15a383 3f1af196 beb6e709 3dc3ca53 bf181de0 3f0c59be 3ee99f02 bf7cb5e9 3f062bc8 be9e2e5c be189d28 3efa5b64 be25557e 3f62165b bf423995 3f1423ad 3d093815 3ed10f4d 3ef8d306 3f00ad70 bdb9b884 bf15a1b9 3f5109ef bf3ce5fe 3f3b6619 be875ae6 3edd7bc0 bf6c9db5 3f188e07 bf61882d be232ba1 be717497 3f28d3f2 bf05e9bb 3ee1ff0d bf0eafde 3b8b8ec6 beecc392 3e1fe560 bf2259be 3f05bd35 bec91e09 3e848242 bf5b15ea 3e571473 bec15f73 be18849e 3d1fcd34 3ca9a303 bf47ac11 bf71960a 3e252b7f bdb429b3 3d108ca2 bf5e91fa 3f4cc1df bf604c64 3ef06bb7 3f45481d bf1bc5e0 3f485812 bed89a1d 3e5cc3ef bf404609 3eaf3ab1 3e037b66 3ef34f00 bf67a209 3e22ed16 bf4ea41e bddb4a25 bdd67a0c bf1a617e 3f0f855d 3f4d2620 bf5c51be 3f5a0043 bea9aa6c be46bd7f 3e272bd7 bf7815b9 bedde777 bf5b5dd0 3edaebb7 bee6ae8e bdea5953 3d1835a9 3e9aae04 bee7aee7 3ee0af6e 3d931779 bf1c09a8 bf0d6608 3f513bf3 bf35ce20 3f5c843e bd9b7a0c 3f2915f0 bf4a9641 3e82aa0d 3f73ec2e bf3e17cb 3ed412eb bdd748ac bf695be5 3f722e38 bef1f798 be1aa39a be53bba1 bf66a833 3f4c939d be0d560e 3e3fa5e1 bc94d8b5 3e8469fa bf304382 3f7ffee3 bf2aee03 3e12e67d 3dfb8c3b 3e21d53c bec746ce 3f5737da bf3c57d6 bec6e392 3e791be7 3f322b96 bf0bfe0b 3edadb27 bf218181 be903e7d bea04747 3f5f37ef bf13197f be8b6a89 bec4b703 3f69f453 3edffa9c 3f613a6c bc443acc be83feb1 3f58f814 bdf95912 3ee56336 be8755f7 3f52cc11 be138448 bf46e625 3d38d190 3f3ce9b2 bf4c5628 3f10998c bf0cf989 3f74ea03 bea3bad9 be866684 3f5a6be7 3f0e6796 bf3eb5e1 3f591443 3f1d2fa1 bbe45fcf bf781dd8 3f70d822 be5a6c81 3ed05b3a be6e5b97 3f642001 bf7899aa 3ef327ec bf7ef5a4 3eed1b93 bf388bd0 3f165fb4 bf680e41 3f5a5e07 be0aace2 bf16f3c3 3eeb0736 bf05098e 3b2749a6 bf55b62a 3f230bac bf591655 3f229fe1 3ed8ffd4 bf1851c6 3f388df6 bece6aa4 3f72f7ec be8c2644 
3c1ea8d8 bd9967e2 bde6f6aa 3edf131c be2015a3 3f3135d2 3f021fea 3ee0a6e4 3f3e7de9 bf7207ea be2164ac 3edd6a3f bf39b1f2 3f0ce779 bf178d98 bf5303de 3df58a01 bf2fbba6 3f2243ad beff6342 3ecf6ae0 3c723ead 3f4be9df beccc6ef 3d8e2ae4 be9d1a5d 3f26afa3 beb66b2a 3f40f9ee be0d0262 3f298fca bf7c47c6 3f5057e7 3ec4fb3f bf2b7bdf 3f457659 bf6eaff6 3f2be1f8 bf361df9 3e160391 3e9f2298 3e813f37 3f443a1f bf46583e 3f3aa9b7 bf1641cd 3eaffa19 3ec1ce45 bed3ee28 3f15a19e bf14458f 3dd1e942 beaf52d0 be084c8b 3e22bc5d 3ebc2e98 3f7d5bef bf1813bb 3e923b0c bf560df2 3f51c621 3f0df3b8 3e0dd486 bf25ffbe 3f384d8f bf6aae4b be90ca23 3e4ee46b 3e88c23f 3efbd744 bf2fa431 3ed68af4 be0f6cb1 3ecb7766 bf2315f9 3f562806 bf101bd2 3dc7583e bf3f65ff 3cb6630f 3ee05ad8 bf68bbe5 3ed9aa6a bf5b8ff3 bf6bf3e3 3f6a15ed bed5a313 3deb196c bea8a375 3ef186b2 be9232a5 bd94f633 bd0171ca 3ea41730 3e74bcfa 3f234bf9 bce5a788 bf42e5a8 3f65fa2f bf58bfeb 3f4c3feb bf42c5a8 3f7cfb2e be9c0eb4 3ee27eab 3de498d4 be948a52 3dd5f90e 3f6a2deb bec5033e 3f550a01 bf3b0fb9 3f19c56f bec8924d 3f741028 3f23d9d3 3e80a2d1 be896768 3f2cabd2 bf1bd3e3 3f664630 be7e6d5c bf10cbf0 3f007ba3 bf6c3646 3e938a1f beccae95 3ed3379b 3d84ca5a bd99c78a bece8f29 3e0da36f 3dd32b98 3d6529da 3f5817fc 3e1d4c18 3e24a400 3f530243 bf679bc5 bef37742 3f6257fe bf7ab428 3f2af9e1 bf4a35fc 3f10c3d1 3f26fb97 3f63241d 3f1a29d2 bf406819 3f69c5e0 bee826c6 3eaa6b10 bf17dffe 3f4bf5df bf558581 3d8f7a3f 3f7825b1 bf1291e1 3ebadc20 beb022d4 3e86cf20 bf7a91a9 bdca492d 3ea7473f 3de416ac bf0f41c5 be34bc96 3f3e9dce be029407 3f03813c bf00533d be9db1db 3ef9d010 3e85bebd 3f308bfb beec8a9c bee4ff64 3f17dd9d bf1f5f73 be9ffb3a 3ee796f7 bf13e946 3e70353d bec49352 3f18ebda bf4c05ef 3f720daa bf741bec 3efc4ef4 3f203fcd bf293d8a 3e5025b7 bf42ffea 3e7e95cd 3f3cf9e5 bf0ef7d9 3f5f2232 befd1f72 be0d5d3d 3f4f6409 bebab3a7 bedc3714 bf4b4629 bf0129b3 be28eca4 3ca8d4f5 bed88673 3e2a9564 bf574a73 3f1fe7af bf056bdd be4754e5 3f4367d7 be2363f9 bedd5bb9 be818a9d 3f29f45f bc7bc5e1 bf66e9b1 3f67e201 bf0b4586 be84fa56 bf3c45d4 3ef84274 bf48fbeb bf0bb184 3ed1479e bdc82c7c 3eff23f5 bf5fc5e4 3ef68aea bf09bf67 be9e7ad7 3f505c2d bd186e5b 3f391e0b bee59319 3f767fe0 bf39b5ab 3f7fd55a bf3889dc 3ec5ce5a 3c2043f6 3c2234d0 3cf01eb9 3f022faf 3eef76c6 be9bdab1 3f4801fa bf6a559b 3e3dc520 bf117dbf 3f221422 bef10f24 bee6cf69 3e9e96e3 
3f53ce64 beaf2dfe 3edec662 befedebe 3b1d85de bf031176 bf4bbbfc 3bf68bbe bf116975 3f67040b 3cac205e bf2915e2 3f74781f bf5bbdc0 3f7aa7ac 3f0689b1 3e5e8da7 3f4ac236 bf6779ce 3f5f6e32 bebf732b bf1c4d84 3ef0c390 bf700bd3 3eed6b9f 3eede716 bf5bf42a 3d8488ad 3db5c878 bf4a260d 3eaa826a be8d26ad 3ecce7c0 bf6b57d9 3f6bc1d4 bf6cebea 3f252fed be853aa5 3f073db5 bd1530e1 bed22642 be8a0f37 bc374ba6 bdfb365e 3d981586 3ebe4355 bf710039 3ed0df2c becf36e7 3f11734c beae22ff beefcefb 3f598a18 3cd0e290 be364d6c bf58a5ad bdc325a1 bebd3b55 3c8d1c93 3f279ddc bf383e2e bf67fe6c 3ed39bcb bf00e7a0 3ee83f73 be3c8cde 3f7b55ae bf2061c9 beed97c9 3eb70280 bf18fbf1 3f08e7ea bf7c0192 3f636847 bed9c675 3e9f1a7d bf1281d4 3f3833aa 3e09e47a 3f44dfb2 bf78fa09 3f59701c bec9cacc 3f704dc3 3f0893df be8ec2d1 be49546b 3f0cb3b7 bdeb58bc be67ccad bf00a57d 3f7b13ad bedf26ad 3d8247fd be8476f3 bf722c3c 3f3f27dc bee05f04 3f04d190 bf28bdcd 3f503871 bf01abbc 3ee5f30f bf7a75bd 3ebab2a0 bf1ac5e2 3f053194 be42851d bf4fd601 3e1c7c0f bf030d7c 3f3415d4 be873399 beaa8abc be9be370 bf34882e 3e460c86 bf7a93d9 3f65a20b bee5db21 bf1d5e2a 3eed0b5c 3e8cae5e bebf22f2 3ef4ab22 3f256fec bed08af2 bdce7cee 3f0547a2 beba3b12 3f15b999 bf2929bc 3f70bddd bf4769cc beda829f bd76d1cd bf60a428 3d872a93 3ddb3ad5 3f11efe6 bec9873b 3d5ced04 3e32e4d4 3f481c5e bf34ae3c bf2e0dfe bf435c47 bf3b3dcf 3f7733d0 bf5619f4 3ecc6757 bdc167ba 3e780d1e bef17f49 3f5cd83d be9d972b bf1c7fbf 3eb02231 3e9c7ac4 bf00b581 3e4e1484 3f610dfa 3e152c1e be49e409 be9e46f1 3ee40ad5 3e91528d bf44be1c bf292fdf 3f219d9a bdee29bd 3f11cdaf bf02df62 bebb4f04 be91d6ea bbb68196 3f620006 bf7e7da1 3f49c5d7 3f6205f5 bf7e6944 3f5e63d6 be8c624d 3f4bec0a bf6db014 3effb2f5 bf2cafcf 3f5031a2 bf79b814 3f554e12 bf67d5f0 3f180fbb 3f32a9ff be952b14 bf31aa1f 3f6e37e6 bf5b5618 be1c2d3f 3f02afc4 beeeef5f 3d9a4ad6 3f5573f1 3e833bba 3f4de9e1 beaaaafd 3f7d8be4 bf19f5bf 3eb7bec4 3efa4008 bf57b610 3f78f7ed bf2f9fbc 3e95467c bee5b6ff 3f58cc1a bd5f357a be596ca2 be76a557 3f24b3b0 bee35ba4 3dcca6f0 3f311458 bdd9f77c 3f046d76 3e89ea67 3ecb5770 be6b8d10 3e188da8 bf2281db 3f2b579c bed30f3d 3f55c866 befdb774 bd6eb10b bf686dd8 3ea55af6 bf2d0c17 bdc61710 3dce577b bf54a872 3ebf5b0e be1dabcf be0dc4de 3ef5239f bebea6c2 bf365013 3e48acdc bf657e2c 3f35efd9 bec51f51 3f3437f6 bd23944c bd82271a bde34b23 3f3939ac bf4735eb 
3e2ba56e bf1ea3bb 3e891a75 bd14cd45 3ec8a6c7 3e98aa38 3f2857a4 3d36eba7 3d86d6fc bf5debaa 3f2ad83a bde927b2 bdce2838 3e83c236 befe1339 bf52001c bdef09a7 bf61182d 3f536bf7 bf5003e2 3e767c2a 3f1f1dbe bf0d69ac 3f2957b6 3e68d473 bf5221ef 3f40c436 3df729ce be1d44f0 3eea7b0e 3dde29fd bd189473 bd596f41 3d8dd5d8 bc8be1e7 3e1e8438 3e07f3dc be0e74f2 bf30bdf4 3ecbfe35 3e9a7e17 3e41a475 bf1cdbd0 3f7ef981 bf7fbd51 3ef95a4c 3db59a2f 3f498e19 bf1afdde bef876d7 3f2f27c3 3f2c77ea bf3c541e befe8aa3 3f4b242d 3eadde4a 3e9c1294 3f07894f 3b1f3eac bf058961 3f4377fd 3ef0f005 3ecca771 be21c40d 3eb5be91 be69e66f bf448007 3f7a13b4 be695b7e 3dd54904 3e5ba472 3ebe3f3a 3e8f1a96 be4acc0a bf0d418d 3f330b86 bf3befca 3f15f642 bf7121ff bf15f5c3 3f622a29 becd970c 3e30cb68 bf71f215 be238d1e 3dc6954c bdc15966 be5f04b0 be8452cb 3f3391e7 3e6e9c58 bf4819df 3ee9bff4 bf2817de 3f781c5c be066bec 3e929a82 be1db4eb 3d0f9078 3c74a711 be804aae 3d64f04b bef2769e 3f617c04 3e5ecd0e be8e7602 3eb3aab7 be806674 3f379bcb 3db1a8ab bd400e6a be839e6c be90767f 3f7bafca 3e1224a4 beb24ed1 3f66fa28 3de347ac beaedb3f 3e89c735 3f08099b be95932f bed6e286 3f209db2 bf06d165 bf739dcf 3f6a9fde bf0ab1c4 bea8a6fc be824f19 3f288dec bea45f5f bf3fe1b7 3f48b025 3e2fcb92 3e4ba595 3f6cddc6 becbcb3e 3f09fdc9 bf3361d9 3d8915d8 3ed80795 bf2c5409 bf1ec5fd 3f1bd1f5 3f3863fb 3f03a15c 3f40e9d3 bf37d7ef 3e431e85 3e47a47f bf312429 3f60f616 bf564e2a 3d690f9f beb9c664 3f714852 bf2a057d bea7766a 3f3cd7e9 bee8a65d bf105fab befe8743 3f210dd8 be5d54d6 3d953782 befed71b 3f7bbdbd 3f258df3 bf2443fd be9bfa1f 3a233f96 3f257ba3 bed9cf01 3f742449 bf0f4373 bed4c335 3f50cfe0 bf6ba78e bf522c7c 3f53e436 bed2db55 beecdb35 bea21e19 3e3a63e7 3f680a47 bf2de814 3f1aa9a6 bdd24aa1 bf04078b 3f65e826 bf42563c bdf9cb2b bdbe1933 3e878b12 befa8f33 3e8aeec1 3f4965eb bf398401 3ec0dfab bef57682 be47047d bf2e7ff1 bdd88939 be2aedf6 bf72fa05 3f0cffd0 bec1a2c4 3e95c6b7 3e9412b2 bf3cc374 3f627c2a bf1dbbe9 3ee01b37 bf3ac7bf 3ed30b4e bf3fed83 3f47f9b4 bf3a93d2 3f0349a7 bf0eff6f 3e84a235 bf0b19af bb1f31cf bf1bddbb 3d3d71eb be3fdc11 3ed1434c be7ee57e 3f2a9ff7 bf668405 3e28ebe4 3eb9c376 bdd8f9a4 3f7d5785 bea006a4 3f53b835 bdec87d7 3e65169c 3f3cc7dc bdaa7705 3d1138c8 bc6acd22 bf303fdb 3f342c07 3eda5b50 3ec22aaf 3d02b12a 3e36d49c bf1a0e29 3edfeff7 bf7751e6 3f5eebfa bf6293f8 3f61f650 bf4469ef 
3e7a6db4 3edd57a4 be84e2ba 3ea4b327 bf6abc54 3e7f6458 bf1c738d bd79314e 3f100c20 bdccc77b 3e841659 bf54ebd0 3f4eb21e bf77ea1b 3f7255a6 3e1d1d01 3f7e3f72 be85c695 3ef9ab1c be7abccd 3dd7e742 3e1ef4b3 bf1e499d 3f0d4e01 bf534bd0 3e1b6cec 3eef9f22 bf4fda0e 3e02f3b5 3e379481 bf20a7d6 3ded7aaa 3e7a2d32 bd1e50c3 bd875970 bdc119c6 bd98493d be13b4bb 3f67b045 bea4c65e bf685622 3f5aafb7 bd8e0af6 beba3250 3e6c6415 3eab06a4 bf2c3a22 bf537e3c 3f566dfe 3f1d45e0 bf66482e bf619fe5 3f6531fb 3d85d6e6 bebe0b5f be8a6a9d bf2c7441 bdb835d8 bf2619d1 3f5069fb bf606011 bdfdd6a7 bf532018 3ea69b27 bf3491dd 3e83fab1 3f07822f bf42d9ea 3d91e6d8 3efbeee1 bf5d1683 be576cf5 bf39081c 3f3e07ec 3ccc6489 be623dde 3f4ace34 bf29efb4 3f2a3e1f 3f5e0c0c bf5db214 be300c2c 3ed80e9c 3e960e66 3f1eba07 bf53a048 3f6faa26 bcb69965 bd8526f3 bea662a2 bdf05b5a 3de06a68 3db4d8d3 3f15c3ae bf7b7bd7 3f29d16d bf1891f9 bebe06b6 3f50cbc4 bf5fe9d3 3f700e40 bf1195a7 3f7619cb bf7013d4 bf0867d1 3f56c5c2 bf7f2545 3f1f93cc bf6247c5 3f14bbde beee6b26 3f38de2e be2d156e bf53e41c 3d394fd3 3ef78359 bf5253ed 3ec8de59 bf31da0c 3f0a475c bf60d77e 3ef14f0a 3e0f9d0d bee952d2 3f04d97c 3f394a2e bf2a4d9c 3ef303b0 3f6317f7 be964eb3 bf10c7c3 3e9b82ef 3f63f800 bf1819bb bed7877c 3e32b4ec bf7bb7d8 3ece7ab4 bf47082a 3f140f8e 3e350412 becfc368 3f54dc15 3e05f452 be3bdd56 bedeeac3 bf7945e7 3e49ec48 bebb6aa6 3f3555cd bf0f57a8 3f3e7622 bf7193cf 3f6caa04 3e6df6fb 3e29c515 bf29321b 3f4043ca bd80270b bedcf2af 3f31cfd5 bd922747 3f38b21c befd9755 bdc0e856 3f027f75 bec07ee8 bef12704 bf138be8 3e564de9 3f79cbe2 bf6e2403 be69ee65 3ec26ef6 bf3ea5e6 3f0b15fb 3dc66805 beef8a3d 3f5407a3 3f2f3f94 bf47f5c4 3ed47ec8 3ec39e8b 3f3c4fae bef4876a bf5e53e2 3f049bf6 bf648036 3f51b205 bf00555e 3eec5b01 be55ec68 3d4a5341 3d7c9622 3f0c9bc8 3d98db22 bf0a1b64 3e0223ac bef0776a 3ed3c66b 3f1193b5 beb9aef6 3f783431 bf01fb7a 3f40f3b6 3ef5eaa9 3e06256a bdcb1b77 bf541e4c 3e8b422b 3e8dc29c bf3035fd 3f3857db bf012dcd 3ebe22fd be6d6bb1 3f7fc540 bf0797b1 3eec031d bef8b71b 3f50e5df bf4d31e8 3f1f1fae be53c3f1 3ecca316 3eb5a29a be9b4eee bd9c8884 3e083d74 bf2697b4 3f6dda16 beb39f18 bf04b3c6 3e26acb0 bec4cebe bf52ca44 3e9e328d bf2fb168 bd074cd4 bf0f0549 bf013f9e 3f080180 be5ebd81 3f7e435e bf7ba5d1 be816aca bf3e71e1 3f2fc1ff bf41a1db 3f4bc9cd be976f00 3ecaa2cf 3e121568 be5a9d2e be3a25e3 3ea34709 
3e4c2e35 be77dc6a bf1373c1 3f6b59c4 bf02a9ea 3f7cb371 bf022392 bda377bf 3e31fcad bf171601 3f1d3992 bed7eede 3f5d0a2c bf0367a0 3f00c60c bf6ada1c bf05555e 3c6b5008 bea1626b 3e868730 bd670bfc bf2b418f 3f7cf164 bf36cfdd 3f19b994 3f04356c bf6eae24 3f2183f4 3ec69f5d bf6a984d 3f7d6bbf 3d9b3be7 bf48f5db 3f0fbdc8 bed25f4f 3eed7b7c bed32b18 3f10e733 bf6969fd 3ed4def0 3ee91f5a be9dc69b bf0a0da6 3f3eae05 beb40ec2 becf86cd 3f68545d 3f23b3a1 bf3851cd bf2369a7 3f6cb63f 3f273a17 bef562d4 3dd93971 be29a459 3f2ab00b 3e5f2dc6 3ead92df 3f4e9c0d bf5aefc0 3f57b606 be2e6d6a 3f68e407 3de82b2c 3e470de4 3f0df5f5 bf58202a 3f33bbdb bcb86164 bf38e9a0 3f59a01d 3f4551ce 3ea866b6 bf01d160 3e1ada19 be6e849b bf0303cc 3e1cbc38 bb1ceb4b bf7883dc 3f3a3dac 3ec50ee3 beb55ab4 bedfb76c be561545 3f19e57e bf4f85b1 bec14e40 3f1f3e1d bda827c6 be6774bb 3f4d6fb4 bf51e21b bd2f0f88 3ea4bb35 bf1f4fdf 3f2f5fc3 3f09737d bf697224 3f5db217 bf22d7f1 3d6a15c7 bea8474d 3e1f96a5 3f6f322d bf66343a 3f4daa05 3e143497 bedebfac 3ee58ece bf5143e1 3eb592f8 3d7d3024 3e7d8cd3 3e33f517 be744d40 bea8b714 3ec99314 3ed9db12 be4a3dba 3edbfbbd beb60b08 3e95b2eb be8cfa98 3e092bae bf6d3da3 3f3ac5af bf446e13 bf569fde 3edffe2e 3f15adb6 befd8f8c bf131b70 3dbd9863 3f392209 bee46353 3f3df1ec 3d06f0e6 3ec8933a 3d18f48d bf282db3 3ebea762 bf7329cb 3f2f89c3 bf2797f7 3ef413b0 3f713a42 bf022d9a 3f283fdf bf477e51 3f12e3fc bf2c03bf 3f6f6606 bf6ed7c0 bf1977c2 3e2abcf5 bdcea8bd be36543a 3e538620 bad5e91b bf4bc796 3f14f19c bf249db0 3e59f4ec 3e1014c8 bf0a8c1e 3f4f77f5 bdec6ab5 3f6eae15 bf096c22 bec70fa1 3f4c7205 bca9e1cc 3e9d8e7d bddb99f0 beacdea1 3ed62f72 bdf09790 bf5101fd 3e85cb23 beb44333 3f04db99 bf4cefef bf687bac 3f7a09a6 bd4c2be7 3f5b2207 bee83bda 3f1bf579 bf3ab62c 3e68948c bec856ac 3f75e221 bf14b785 bf3c1dcb bdad881f 3f3d3589 bee54eb8 3f2fdff6 be8c5364 bf5d3c21 3f1033e9 bf16dbb2 3eb1aabb bf321202 be99ca75 bf37afe1 3f5b79f3 3eddf3aa 3e0f24bd beb406b1 3ef71ef5 bf3d1fb6 3f4507e0 bdf03942 be0e43ca bf26478a bf1c97f0 3f5fd1f4 bf7e5bb1 3f3fe196 bf04d79e 3f4047fa bd4c93ca bec69aca be11f5a2 bc0a46ac 3edd2afb bec53b18 3ee2d6c7 beef6e81 3b929910 3f78300b bf1dcfc3 3f442602 3e7e03d5 3f020d5a be6304af 3f54ca0b 3d6aaee3 3f216bad bee9e799 bde4681c bf0fc188 3f04f580 3f48f9c9 3da7a92f be7b665a 3ec0cf20 bed91ae9 3e1cd48a bf2809dd 3ea72e9c be873b98 3f31460f bf663b9d 
bf1027a3 3f0b979f 3e0e0e66 beddb2c5 3e95e62a bf5f91e8 3f3087ed 3eda521c bef3daeb 3cc49b02 3e8e4ace be842b71 beb24751 beb7bb56 3e4bed32 3d5250ad 3f3ae3e3 3f07f396 bf79ec08 3f4993df bedc3f0a 3f4ee604 bf26d816 3eca974b bf0de776 be25cdf4 3e99ff44 be86eaa6 bd12f18f 3ee44ea2 bf254f93 be111d2e 3f016597 be0cdaf1 3df9f72d be90c29b 3f00ec0c beefa371 3ecdeb7e bef9333f 3f116d6f bf545bcc 3f67f814 bed91668 3bc56079 3ed20b17 bf52a22c bf1f49cd 3f4ff1fb bc92a532 be70c57e bed8830f befc9fdf 3f6585f0 bf538c33 3e1ce4d3 be89372b bf076ffa bee7f708 bc1f3f41 3e4d4d2d be5de5ef bf421baa be249d2a bed053a1 beb4668b 3e5dce82 3d8848ac becb5320 3f796bbe bf664dde bf6b91c4 bea37e21 3f0e89cd bf247587 3f763a49 be59b58a 3f282770 becc0697 3e5bf56a 3e2713f8 bf6b7c38 3efa86a8 3ed0c751 bdfa3a11 be719498 3f14c96a 3ec9172a bed956f8 bbb0a628 3ee042b0 bf7a1025 3f4dc1c9 bec1aa52 3f5cc83e bea66aa3 be805e7e be449563 be47fbf2 3ed8630d bf165b88 3f379d9b bd4734ff bd30134d beea8ab4 3ef49799 bf71e236 3e97aa25 3dd3d74d 3c9ae095 3f666fca bf2769e8 bed68ec4 3f4f89de bf692bdb 3f0a13d3 3f4b31bd bf5005eb 3e0e95c6 bf56882f 3f7539fe bf7e53d0 3f653bc2 bf3b558a 3f6d0bd7 bee87efa 3f071f76 3dcafa9f 3f7bf9ed befcc3fe befc7be9 3f10dba9 3e7f9572 3e772e62 bf32fc0d 3f0dcfb2 bf59840c 3ebdd26f bf66f1ec 3eadca24 3e8421cc 3e8d2b5a 3ed76aaf bf50f5e0 3f7089d8 bf1ddfcc 3cfa199d bf30b187 3f53ba2c bf66a613 3f296fcd bedbd7cd bddb5804 3f0983e3 3f5f9022 be57dcd5 3f3133ca bedd9a49 bee1d31a 3f73b411 be20ace4 3e4392b5 bec3c2e2 3e6724c0 3f08d84e bf673215 3ed90355 beec871c bf493a02 3f63ce19 bf7367af 3f0b77d8 bf39cb82 be943669 3ea2931d 3f03280b bf753bbc 3f1af9fe 3f2189df bf4bb41d 3f5d31db bf56fe0a 3f55ae25 3f5a6839 bf478258 be721495 bdf6d5ce bf3fb7e8 3ec47f08 be13d4d1 3f3e79f6 bf2189fc be27545d bd2a54dd 3f681ffb 3e907aa3 bf15abde 3d16af46 bee4e34c 3eeecead bd634d12 3f26f9d1 bf6cd7e8 3f4b05f5 be676c6e 3f56e22c 3eba0ea7 bf4ac64a be8652c1 be997a8c bdf1372b 3f3207bf bf00cf45 3e04e3ee bf5fd3ed 3f3d43e3 3f0793f2 3f44cf85 bf4427bc 3f6c4804 bf2cb76e 3e0a548a bf145991 bf5699f2 3f72b193 be65444d 3e77c4bc bf336fd7 3f646e26 bf5e89d5 3f7f6709 bf574405 3e84f29e bf67b7f5 3ed9f34f bf18e9ca bf225ba5 3ed66f00 bf248603 bf1c79cd 3f1057cf bf2c49d7 3f7621e9 be288d99 be5d7d83 bf0a41ad be70e493 3ed2f71c bf06e3b8 3f0855f9 be6c6cc8 3f59f61e bef293bc 3e1f0cd3 beba6f07 3f4a6012 
bee4aadc 3e9e9f0f bdc5fb26 beb3c33d 3f1a07bf bd9b5a0c be045b56 bf512a2a 3f2eac1c 3e8c96b1 bebdf2f9 be1f4b86 3f5afc17 3e6db53c 3d73ea50 3de5b8fe bf6237b1 be735d0a 3f688870 be94ffea bf084bb9 3ead2348 beea3f62 3e4864d0 3f01c34f befeaf71 3f2fea14 be37ac8f bf295813 3f3bfbd8 bee65a4f 3f51c222 bf144d66 bda17954 ba9e2440 3e4a0d22 bef3aa96 bd5f8e9e 3f43a401 bef5027e bddc5a21 3eb18e48 3e93fab0 bf6e35c9 3f4aa3e7 bf1639a4 3f7fe927 be023d5b 3e8efa3e beeadb45 3ea1caf1 bd0af4f2 3f5431f7 bf7fb8ef 3f78a3e0 be1efcab be83965e 3f472650 3e60a537 3f1ee571 bf6df597 3ea01ae4 3f58c20a bd4f725d 3ed6c779 3f4363d0 bf5cdfde 3f566fc6 bf33f014 be04a53e 3f105588 3f583816 3ed6ead6 bea6baab 3ecf4f14 bf24ae05 3e23eca3 bf7aa7a1 3f280213 3e3742ee bd987905 3e385d67 3eac96b7 bf6b21f8 3f2ba591 be6f14f4 beebbf48 3d393196 beca8aec 3f02bd74 bf025fa4 3ec822eb 3eb87725 bf331de1 be8b9729 bdfd5d44 3f331bb7 bf0cb3af 3f5cba0a bf0ec3df 3ea4db15 3d125263 bf55343e 3f5a542e bf2c41c2 3eca9b35 3f37b9f7 bf1a49ef 3eb26b56 bf20a1ac bf0851d0 3f18e3c3 3e83ce93 bf32cfac 3f247434 bf396be4 be39fc74 be4c1633 3f0db1d7 3f0495ca bf5fa187 3f5c7c68 bf303b7c 3e8c2283 beea1779 3e8edad7 bed5d300 bea472c4 bedf868b 3ec5ef54 bea93682 3f10f1b4 bf7d9982 3e45a44d 3dcec7cd 3c40bcac 3e5914da 3d6d724e 3eb52763 3e644459 bf41c652 3de13948 bf0857c4 3f52b77c bee42308 be1d054d 3e555c1b 3dc0a99c bc763da4 3e361d0a 3eb8730c be1254da 3ecdb6f9 bf766a2c bed762f4 be916a94 bf412a60 3f5d6df1 3d8d0a24 bf34b00b 3c1148e7 be3b745d 3f5aca0b bf466ffe be126332 3f766e09 bf4029ca 3f7e5726 be26fcf0 3ecfc66b 3ec186e3 bed33b62 3f00a9b3 3f22f7b5 bf3217ec 3d908812 3dd476c1 3e8bae2a bf7e2b98 3f6e19e5 bf0b4991 3f052d99 bf26bb8b bf3a105f 3f69b24b bee18750 3f3dedec 3e321d45 3eec56c1 bf15b9d3 be1b54bd 3ef1fb01 be81b2f3 3ecfdedc bf274a03 befa3b0c 3d8786cc 3f4511f4 be0274db bdb4a715 be94c242 3eb84e83 bee14b8a 3f2477ac bf3a39db be196ca0 beb4eefc 3f1427c7 3e298d92 3ec0733f 3de2d93a bf475049 3f0a31a8 bd5130a5 3f6ff637 bf2ef7be bf2ab1e2 becd128d 3d588e54 bed0ff52 3ebe6ace 3e706d64 3f447bdf 3f3b2bfe be832b15 bf0535ab 3efcab37 3da5bb7e bf22b7b3 3f033f6d bf05250b 3e17e502 3e3f14b8 3f7bd234 bef006fd 3e94075a 3f42be00 bee9bbb4 3f0c0e14 3ef00b19 bf7a4fe2 3f7f8d5a bf6c2a17 3e97cb0f 3e0fe54b 3ea40313 be48352b 3f2b5379 bf611610 3f469f9d bf64cffa bc849f8f be3af57a 3f0e7629 bf327834 3ef1c2f4 
3db0ba9f beddab9c 3d7ed2d1 3eb0d7db be8742a6 bea2d6b4 3f4ec7f1 be909f2a 3e43aeb7 bf689245 3efca350 3ebe4755 bf74da1f be5d4d46 bf197fb7 3e96d738 3f3149a2 be95cded bebe5eb9 be883b02 3f7b6793 bf49cdcb 3f5ab22e bef966f1 3d1f7160 3e6955c9 bf7bdfc6 3f3fabc3 3ee8673d bf5b4019 3f27f3a4 bf6a5dd7 3e8ada9f 3f307de5 bf1737b2 3ea311e5 3e7ead21 3e1d8b86 bf5f7ff5 3f1e61ee be8b19f7 3e19bb7d bf594225 3f6a9db8 be683d0c be130ce7 be9b6eaf be9b1eba bd69acdb bea0c708 3f4e05ee bf6431f4 3f1ce9d9 bf09dbf1 3e3bd3f1 bf2f61ff 3f68dfee bf12ba02 bf1c51bf bed93bbf 3f6da7e8 be08bbfc bf76e5ec 3efedbb9 bf45b203 bee486a0 3f34c5ac bf7083e8 3f660c33 3d275417 bf3fce54 bf1423c6 be3754e6 bf0d1c03 3f3f75cb bf3f33a2 3f3089f9 3f4ec204 bf75d7fc 3d71b1f7 bf322d9a 3f4b21db bf3c49bf 3f23183b bebe6b75 3e03544a 3f0009d8 be167d89 3f12d414 bf125be3 3f127db4 bebe0efb befdd7c0 3f7bdfca be456c43 3f096f62 bf7c0758 3f6d9bb4 bf5be633 3e8f56d7 bec65af2 3ea50e47 3db0cab6 3ddd7a3c 3e8f1df0 bf127b7b 3db25a6c bf11f7bd 3f653e02 be641daf 3ef60b1b 3df4a9c1 bf1d0bfe 3f2fa207 bebb767a 3f66d1f5 befe9f02 3f6e83af bf44e1d2 bea9c2f9 3f25838a befef307 3ec67f1d 3d8969e4 3e9c2816 bebaba7b 3ec3bf2a 3f242fe2 bf4bec10 3f74ffff be745534 bebba289 3f007dbf 3f1555ce bf23d801 3c08bb12 3ee75ea6 bf690c04 3f33d5ca bf5cae27 3f6fda19 be6515ae 3ede730e bf274bc0 bc61b2cf 3e99bab6 3ebbeb39 bea5568f 3ddfd9d7 bf1b1fcc bd1572b9 bf16d1dd 3eb56754 3f0a939d 3f197baf 3eaa3fc8 3eee6f31 bef5ef69 bdd119f7 3e7e9e04 3f16a426 bf0a9b90 be6a653e 3f3cc5d8 bf72d9f6 3f1d97d6 bf2f2427 bde6bc7e be094418 bf540035 be1fec8d 3eee13ca bee5d680 bedcffc5 3e937ee8 bd2f33f1 3e64d6ad bee37ace 3ebc41d1 3d3f0e9c befe7f1c bdbd698e 3f736c2a bebcab31 3e087d78 be77fdb7 bd3a6f1c bf22e20a bdc597a9 be292b38 3f1c65b4 bf2e41f2 3f448bd2 bf2ddc16 3eead778 3ed7b37e 3e28fb93 befa6b28 bf3299d7 3f74dfeb be705453 bf1d1fe0 3f5ee609 bf0ef5c7 be054bb8 3f7b35c6 bf58319b 3f011bb0 bf4ad9e6 3efd06fa bf395008 3f7ea167 bf11eb4b bbd78cc0 bf3037b3 3ed53330 3f0c87e6 3dfb6b2f 3f3075ca be612cf3 bc045433 bf290bc8 bf2ebbd1 bf3e55d4 bde22a9a 3f42e1b6 bf7f9d8e 3f411bf9 be1f2b9a 3ef90723 bed86fbe 3f5f4031 bf6f0828 bf540e13 3f0f3999 bf114baa 3e2a8e28 becd6bad bdd3c892 3d6b2b41 3f516bca bf652e22 3ed102fe 3d8e0685 bed78eca 3ea7a727 be1f1cd6 bf1c759a 3f708bde bf0df396 3eb9ba8a 3f5b15b9 bf7db38d 3f5ccc4c bf04a179 3e6534b2 
3f761d5e bf15d5df 3f60f214 bf5f1213 3f06afb9 bd679202 bed81fb1 3ea62730 3e81df1f 3db0fa4a 3eb96f44 bf6bcb99 3f630c13 3f0117d6 3f28098d bec14740 bf1a257e 3f562194 be2a04e6 3f06fda3 bf797ff5 3f6ab04a bf7645d9 3f114768 bf31fdce 3f06b178 3f1825b3 bf76c642 3da37912 3e5b9c9a 3e17dc85 3e027b9d 3eaa7de7 bf796209 3ef06ff2 3d47527f bf66e7ce 3f69cc6d bf0253b7 3ec7925e 3e742c9f bf09cb26 3f7d19a5 beb49b4f be7ad6a5 bd32b10f 3f015fab 3eb15af6 3def9be9 3e8e5622 bf090fca 3e46fce0 bf08b7fa 3f363dde beaadafb 3f456df4 bf613813 3d82ea5a 3f789618 3e000bf8 bf5b8a2e 3ed59645 3eba2b9e bee31acc 3f62dfd4 be195461 bdf5aa6b 3f3c9189 bf7c8b98 3e7a156f 3f33c9c2 3e55e4aa 3f27c5a5 be1e6d15 3d9d5688 3ed78334 bf137fe6 bf14df88 3f2c61c1 3ed1b6ad 3e9d7632 be55c49b beef9351 3f7cddc2 bf7e4b77 3f29e014 bf2267aa bef0e313 3f1ba1d5 bf48c9f3 3f1ce3ec bee2cb4a 3f3a89ac bf66cdc1 3dae3a39 3dd0559c bcc2e408 bb174135 becbc2d7 3f63341b bdf4fa04 be4e0547 3e30758f bf6775df 3f4721e1 bf1805b6 3f172dc7 3ea492d0 bf61c9c6 3ec1a6fc bd50f3c7 bf76d39e 3f1d1390 be1ad535 be94025e bf036971 3ea0b2ac bf03d9c6 bd1b4e02 3f4f11e8 bf7ea3bc 3f2287c8 bf06b1c5 3cd223e4 bf14e16b 3f5b2424 bf7d6d99 3e83fe3d 3ed1c792 bf53d632 bdf776b5 3f3c162e bf34c00a bf1f33fd 3f6a2254 be96a714 becdceef 3f52ae18 bf5f6c13 3f6c83e4 bf73140e 3f1afbb6 bf593828 3f76afc8 3e8892ec bf0a4dcd be8afaae bea2fa06 3f0a9b5f 3eff5acd 3d39d596 3f518bc4 beff4b36 bed69345 bf62542a 3e8a7697 bf358400 3ed84f60 bdf68b2a 3e3bdbbe bf3c2dd7 3f615dd4 bf48422c 3ea8f71a 3f346a26 bf506003 3f61678d 3d5e2bb2 3f0fbbde 3ee843e9 3f1d11ac bf6f3834 3f0c3df0 bdaff93a 3f3ebbf6 bf73e9d6 3f32d7e5 befcb2f7 3f2b11e9 bf2c79e2 3f2f1bdb 3e1a04b5 bf499dde 3db7c996 3f1a1fa4 bf319ba5 3f70cc0c bf1173bf 3f711e76 3ecc7735 bf6c1a15 3f2b7dcb bf7dbbe0 3f44079e bf2439d1 3ed3fbd5 bf6e05b3 3f2dbfbe 3f32bbcd bf757623 3e712c9b 3f4715dc bf7ed372 3ea3c684 3f1a01a2 bf3cd3c7 3ed86f13 3eb5c326 bf0269c8 3dee4881 3eaab66e bf565a5c 3f63d66e bf1753f1 3f53c885 bf08eddc 3eb4caab bf52626d be72d380 be7e1c9f 3f2cefd4 3e5c0e39 3f654dab 3f193b4a 3e447d72 bedcc78f 3f6fe3dd bf5f4032 bd1a0fe4 be97de6b bd326d21 beec4ece 3f636a48 3f0eefbc bdb8c92b 3e9186dc bf2513e2 3f6d6c25 be7fc3e3 bf1d47f8 bf123dc5 3f77da0b beb0f6c3 3e9e36d3 bf20f3dd 3f25c390 bf092370 3f434399 bf75716a 3f140dd8 bf0685b8 bef90f02 3f294bb0 bf554806 3f5403b6 bf563250 
bf3685cb 3f03a399 bf48d7b4 3f4c1bec bf7f8355 3f784d59 bf1e4b81 3e01cc17 bf68f7b3 3f099583 bf1c37a4 3f7f0368 bf16c772 bf6eabe9 be61c487 3dc01a98 3e97b662 bf0af013 be7f5d18 3e2afbe0 3e991ad0 bf30e7dd 3f398dd5 bb966554 3ea792a4 be991ed7 bef3e2e2 3f4459c7 bd9b8b9b 3d2e764c bf5f9fbd 3f453fd1 bf49c7c9 3f5bfc7a bd8b6845 beaa0b43 3f646241 bf7bc1c9 3f613dd7 bf25117e bf066f89 3f77bff9 bf6e03f2 becdc345 3f36b7e9 3ecd93a0 bf35821a bf0e3a0b bda808d6 bce12653 3c91df3a 3f0f61e7 3ee6d2d1 bf6be844 3f20efbd bf5dde29 3f3e402d 3e1b54f0 bf6ccc05 3e5b53c7 3ef75725 bf2e8db2 3ed2caf3 3dfc3a1d bf3349c3 3f2da827 bf1bcb94 be4fee09 3f2fb7dd bea1c6bf bf20ad5c be06f3af bf2989e3 3f162790 bf6509fc 3de987a6 3ec90b27 3e21ec98 bed4ab4e be5195e3 bf53ae16 3f5f1c03 bdf14948 bf1fd9c9 3f473dd0 bf08fd3c 3ee63bc0 3f536655 bf62cc03 3f0389ec 3de6f610 bf13c9a3 3f21ada4 beb432a1 3f085b7d bf2033ce 3dabba60 3f4fd7f0 bf12142a 3e62bdb9 bf66b7ea 3ea6aec6 3f3ac9b2 beb28a4c 3e4c25c5 3df01871 bdc43a2c bf2fc000 3f7eddaf bf46d7ec 3ea2f6dc 3f3d91fc 3ee30a79 bf713fda 3f557fc8 3eee26ac bf1a6581 3f6ca617 bf03880e 3e5613b8 3e44d659 3e1ab500 be0afdeb 3f0ff7f1 3df94830 bf00d790 3f671a16 bf76042c 3ef20b75 3e1fa414 3e3ac4b9 bd6589b9 3e00edae 3f1253ae bf1631d4 bd63af43 3f31ebcf bf3531c4 3f38cdd7 bf489da8 3f525de5 bf2151f6 3f3ec7f7 bf58416f bf3d2fd4 3f5e79f8 389672ca 3f55ce3a bf53fa31 bf277bdb 3e2a1dc5 bf7943ab 3efceb97 3ea0bacd 3f6cd9a3 bf0f1369 3eebcb40 3e316ce2 bed1cf6b 3f16b3f0 bf426801 3f2fd60d bd280cf5 bcbadb6e bf698e37 3f4eeddd bf25f1ac bed1b7e6 bf5c361e bcfe2180 bf487410 3f5381a4 3e993321 bf52c41d 3e5eebc0 beb2ced4 3f42f434 bf6cb20a 3f12d5cc bf156d7b 3f039399 bf59ca03 3f4fbc1a bd73105f bef31eb1 bd2eefb4 3dfaeb5b 3d927a35 bf3b6033 bf4d1c6d 3f60383e 3dda17e4 bd2cb779 3f5177c9 bf70cbba 3f194dfb bce46025 3ddca7a5 bf4ca3f9 3f7e2fae bf1c9bae be9a9b39 3f5da9b4 befc9366 bea492ee 3e47d45b bf066dd3 39dc6830 3ef45b91 3e11b550 be933319 3f3557ee bf76cde5 3f34e5ee be26de7b beb63eb4 be25b59e 3f20e987 3e83066c 3e8a85fb bf7955c8 3d898541 bf558374 bee2bad3 be857acd 3e172408 bf7c9741 3f5c4c29 3f2223ba beab9f7d 3f6589bd bec592a1 bf3cf40e 3e040561 bf7137e2 3f2bf3d7 3e3f4499 bf2cbddf 3f081d7b 3f3a5995 3ea66a6f bf0d5603 bf1bb39b 3f1b01fe 3ec86330 bf21838a 3e773525 3da3260c 3ecebb19 bf17c9ac 3f6b820b be768e09 3e56fc76 be269c67 3e3a9d71 3d8db768 
be58b5d9 3f4077c8 bf40f1bd 3ef3ff04 3f210faa bf6a59f9 3f3de793 3d596f8e 3f6e7fc1 becbeed7 3e29fc9a bf7bed98 3f23c3cb 3f7f0586 bed0ca6c 3f2239ba be9cf6c5 3e6135ae 3f3129ee bf78d5f0 3f0443db 3e6d8b2b beb78327 bf0f6784 3e962ac1 bec75f47 3ef5cede be55bdb5 bef00b79 3ed6de96 3f22b3f0 bf3dc1c7 3f11b1c5 bf3977b3 3f184bd4 bf627df1 3f526bc5 bf1cc817 3e8bb248 3d9457b2 3f173fc5 bf5a5e03 3f1c3bc4 3f6ef9e4 bf7eb35c bf39e5ef 3f77b005 3e93b311 3f25bbd9 bf30c5bf 3eff5f9f bf7a6fc1 bee55748 3f7d7fb7 bf3b35c4 3f20e39d beb4e3ab bdaf4adb 3f0603a2 bf1b49c4 3ea77f6e 3ebd7af1 bf0bc7fa bdb2c7f3 3ebdea6f bf3d07da 3f570bb3 be5cc4f6 bdb488a5 bdbb4880 3f597e33 3eb397ca beec9b98 3f2701f2 3d0733e8 3ee6e74e bf646209 3f555810 bed5d6c0 3f0cb56c 3ee776b1 bf31d187 3eccbf2d 3e79fc78 bf315f4c 3f48a025 bf3bf7f3 bf1223b8 3f1757a0 3dbb96e1 bf24abda 3f501dc4 bf3d9411 3e9a82b2 be0714bb 3f471dfa bf1e05b3 be8ef327 be2a6502 3e355c74 3f6aa3f9 bea28387 bf772e08 3f0d4616 bd9fb96b bed2fba4 3d099195 3f5243ee bf606623 3f74a626 bef88ae5 bf437f6b bf2f8fdd 3f6ec80a bf0e03f1 bebcde6d bd8638ed bb63316f be136c22 bdeab8b6 beb3cb08 bec87632 3f106773 bf702dbe 3e828a56 bd73336c be4c84f7 3f34e180 bf50fbb8 3f2107c8 bf03f3cf bf188dad 3f118b33 bf0449b7 3eabeeb8 bd6a32e2 bd9ba9c9 bf2b1bd6 3f7cb57f bf31996a 3ecd2766 beeca766 3e8e0fc8 3ee8efd7 3f165bc4 bd9519cd bf682229 bd6d5140 3e2f05ec 3f5df1db 3e2f53e5 3d9019ac 3f0bc3a2 bf7cc554 3c00c5d3 be0f8cac 3ef462da bf554bde 3f06f58a bed102cd 3f2d65ca bf2833e3 3ba07f81 bdca0a4b 3f719a23 bf444de0 3f0ca7c2 3f4f7e0e 3f23c59e 3eb2c2a1 3e882298 bf43b3ef bde258c8 3df3fad9 3f21f5dd bebfd710 be1e7426 3e588d16 3f00cb7d bf4c9a21 3f6a048b bf42ddf5 3f3c0daf bf68dfbb 3f7aa3c7 3e3a1e28 bf3b49cb 3ed2436b 3f02dd9c 3f41340d bf397fd2 be0decd4 be855e35 bf45fdb4 3f71f3a6 bee32f7b bbdc534e 3e55164e be271cad beeecf69 3f6523be bec586b3 bf040fad 3f322796 be824a8a 3f0eddad 3f07cf99 bef8c261 be7cad56 be817310 bc45c0e8 bea44ac8 3f34d219 bf455dce 3e2025a0 3e562442 3f3023c8 bf7c0fb3 3e3a0e04 be7102f0 3f427788 3e65fcbb 3d533211 3f531395 be380542 3ef292dc 3f65ce02 bf6bb221 bf566e2f 3e8d82ce bf71ea36 3f6f15fb 3df1995a 3ea92e1d 3e84b676 bd120d7b bed92b6e 3eea57b3 bf60b639 be97a2bd bf03f1c2 3f25a3c6 3f4d9de1 bf667038 bec02f26 3f3dc9f0 be46a5a3 bf0ec7b4 bdf08831 3ecb3a9a be89fa40 bf41d58f 3f78ffc3 bf269415 bda5c99b 3eea0b59 
3f021176 bf70f03f 3f74e214 bf0ef1c3 bf3b95f8 3ed8bae4 be5555f9 bef79ba3 bf42af90 3d169233 3f0a9767 3f4c8fc0 bf1ec9da bf5cb3e2 3f33a1e1 bf686603 3c8b7001 3e0bb52f bf09dd9c 3f3a6db6 be040bea bf33420d 3f71fb8c bd705086 bd0413af 3f6781bf bf7cad9e 3f3017d8 bea322cc 3e0ebc00 bef82aa3 3d1b0e77 3f404611 bf2109e3 bc43b50d 3f4925e2 bf72bdef 3f549c18 bf67bbc8 3f0fabb1 bf3155e4 3f732e41 bf61d81b bf0a63c3 3f654231 3f2aedf0 bf3545cb be825ece bf4c8bfe 3f48d801 be8b26e5 3f4a13fd 3f015d77 bf7de7c3 3f7e819f bf38a1ef 3f00efbc bf5bf1f4 3f4fc1fe bbbe79f4 be0784f2 bf3e7422 3f691ba2 be4ad5e3 3e864eca 3e0fae00 bdbec68e beb84b0a 3ec7fb21 bdd659f9 bf779207 3b8473ab 3eeef376 bef8f765 bf3bda13 3f782212 bf52e3b1 3e8672a3 be1bfd15 beb6c308 3ee3a6e7 bf12c217 3eaeaf49 bf10dfbb 3f76a7e3 bf7c519c 3f13dfce 3f48d002 bf6c9024 3e532d41 3e2e1e38 be379c92 3d126fc4 3ee3aa72 bf795a15 bd598c0c 3ec2ef19 3c61cc60 3f7871c6 bf634fed bf008f61 3ea2ab45 3f2665ac be247dae beb02af3 3f459825 be84c66a bee866d5 3e8b9e1e bf4b2a03 3f2329b4 3f3ed1e6 3eec6769 be7f9604 bea14310 3f355dfd 3f08df89 bf5bc489 3f564603 be7c146b 3f560fde 3ed557ba bf4f9809 3f774c2e be578500 3e8c460a bf2b7e29 3f4ede10 bf222db5 3cc46218 3eac1b69 3f78642a bf4c2bc9 bd0c4dc3 3f0b6969 bf427a1b 3f759c35 be19c399 be6a8500 becd227d 3f2b060a 3c28b7d7 bf13eba3 bdefd951 bf3b4de5 3de23722 3f0aa17d 3ee32f7c bf01b5bc be5a4ca9 bf57f225 3f2fd968 bf3ea7a0 3e0ef42e 3f4bd5ef bf7d1df8 3ef9676d beb1e6a1 3f3e01eb bf710c51 3f48362b bf3d89e1 3f656c3e be9dda7b bed0ee3b 3f195e07 bf67ca49 befbff11 bf459be3 bf21a22c 3f1c1406 3de5a9b6 3f101b86 bead2291 bed15a9c 3e861a6b 3ea4cac7 beb0fec8 bf0cc7d5 3f73e5ac bf4f2bde 3f1277a3 be84ba9f 3e809652 bf5c8040 3ecaf6cf bbda690b 3d31926a bf5b71ff 3cc3285c 3e556cc0 bcc5e802 3f661804 3ea7b728 bf2abdd8 3ebae36c be573d60 bd782deb 3f05197c 3e8dae0c bf7c19f4 3f46e1ea bdfbfa86 3db3f5f5 bee0121d be4a8d75 bf6e9a17 3f7d83c8 be1f03b3 3f34ba46 bf00db75 3f501816 bf556c09 3f58b23e bebf9635 3dca7778 bf2fdfe2 3f10b9a3 3e2ef48d bf28579d 3e93a6b0 bf6ac23a 3f4f85c8 bf7ea799 3ea18f71 bf590de8 bf3eb9de 3f67dbce 3f419365 3edafb5f be0f2c8a be006327 bf236fac 3d7e2b0f bd870aba be964ad3 3e09d3d2 3f15edae 3da86b66 3f4cd02d be2484aa be966a65 bf534439 3f52b5d1 3ea33f13 bf2889eb 3eb60eca 3eaaa36c 3f27c3f8 bf78d22b 3f025b8e 3f024fc5 bf635242 3f2edde6 3df9d9bd bf2013ab 
bf7625f3 3f7253c0 bf3395e1 3ec0c747 3ee5bb17 3f5015b2 bf62e806 3f7c89a5 3f1f4c35 bd01ec49 bf428daf bf44d38a 3eeb7f1a 3f3b91ff bf450201 3f5afa2c 3e9a0ee7 bea3871e 3c4648f1 bd8a95cd bedfc313 3f37e7fa bf6b5e1f 3f03dba1 bf1e583f bf165765 3f1859be bf0a13b5 3f5dc666 bf6d0def 3f7481a6 bf0f518d becb8ad4 3f121d2e 3daf595b be738c5d bebfc6ad 3f56d62f bdd8bb2d 3d46cd2b be7fd45f be50ed56 3f296b71 bceca560 befb67a3 bf362bc1 3eff76f8 3ea55206 3e327525 3e3a74e3 bf4b000e be489b4a be94f62b 3ec36774 bef8b39e be760bbd 3f4b480b bd82e9c1 bddeaa01 bf5c2bf4 3f4819f6 3ebf8f2e bee2be7f be0d845b be518ca3 bc37cedc bedc86f3 3f638fae bf7911f2 3f4c4e1f 3f1b3600 beb512f2 bd46911a 3e32339f 3f1b1fc9 bf54b607 3f5bb60e be2c1419 3ca3da1a 3e51b529 bf45a9a3 3f688e2a be18a4de 3d9066cf bf05a5c1 3f1b85ab bdb74a70 bf384a13 3f2b17a1 3dc056a0 bed70364 3f10ff68 bef9471b 3e256cb7 3f38aa0c 3d0cd7e0 bd7c6fc8 becf96ef bf152fbd 3eee02ec 3f31d801 bf3b1da7 3e1c3d6b bf003d98 3f2ab7d5 bf76afc0 3f44b196 bee9377e 3f48ae77 3e6c4d30 bf309dc0 be9cca6e bf6f43f3 3f2519c0 3e4e25bc bf7c27a9 3b866fa4 bd20478e 3ecc3ad2 bf69ea59 beae6e94 bf498de7 3f778dd8 bf2583ce befd2ab0 3f65708c bf12758f bec9c779 3f704c1b bea64efa bed7e6ad bf5561ce 3f57edd7 3e46b59e bf2a4190 3f25d1d4 bf6d41de 3e675c46 3ea9af93 3edc06df bf341234 be3de264 3f696611 3e123554 3e161446 3edfbe75 bf0459cd bf10c9f6 3f2b4f90 be53d41e 3f77e9f5 bf71dfda 3f4dfa0c 3e6fccc2 bedb0b3d 3eb802ed 3f254de1 bf594073 3f4aadf4 bf2ebd7b 3ef6d362 3c5a4206 bef426db 3efd2f54 bf7c2402 3f574a5c ba86420a 3f77bbde 3ef9fb4e 3f2e21b3 bf71f407 3e3165c4 bf665fca 3f73e387 bf04c38a 3ee0625e bf7fa345 3f7b1bc4 bd6b6df1 bea43a4b 3d15d030 3d7432b8 bf24bb2e 3f6ee9cb bd7a917a bea85348 3eb71f00 be33e4be 3f77fbb9 bf60b1f9 3edd7f7d bdc9c92f bf4ffa1b bf0aab67 3f21dfe4 be2fdb7d 3d65ec79 3d4f927a bf43f3c2 3e965366 bd44b309 3e9a5673 befdc361 3d5d314b 3eeb42d4 3ebdf6ec 3ecd73fa bea80a9a bef78a94 bdcad91d 3e3963de bec85b45 bea0ba6e 3f2cb1ba bf5f0400 3f6da3b6 bf20b1a3 3f1787d9 bf17980d 3f602430 be0d9d9c bd9928cf 3dec1a1f bebdef4f 3f5f2bed 3e7a9c8e 3f552c0a bf41d9d9 bf63ba0c bf098bd1 3ee5d277 3cb31d59 3ed33aec 3d41ac46 be98db01 3f5d29d1 bf141191 beb73628 bee583ef bdc6d8f4 be9c8357 3f7f4b1a bcd6db6c be6fe5cf bc9b1f49 be3a8c56 3e97eeab bf6b49b4 be5dc4e6 3f37bc18 bf2e7604 3f2fc9d9 bf16be12 3e9882f9 bf1f01a6 3f7bf80a 
3ed1929a bd712eb1 bedaf2e7 3f196fc7 bf6b47de bf663de8 3f42a1da bf26d5da bf1955d6 3e27ad42 3f334208 3f21434e 3cb5e1e2 bf4fb3ec 3f5c9004 bf3b9bc9 bf0ef9b6 3f33f1c2 be4d0548 3ecf56b3 bd8fe9a2 3ef0633b be84e780 bdddf871 3f72eba2 be1c3580 3f0f3b9e bef9f307 be679568 3eee3a85 bedb8ae9 3f3a17ec bebebabc 3e1a1b98 bf685255 3f48dbeb 3d6075f0 bf1425b4 bf159dde 3f2575b2 3e8b722f bea262de 3daff9a7 bdba6953 3f34d5bf 3eb70ef0 be884aea be1203e7 3e2e1567 bf071982 3f55b22b 3f093ba6 bf06a35d 3e8b92aa 3f1e1fba be3a3c24 be6dd5f6 bf390fc7 3f5399e0 3e5fd44c bd0f6b48 bf53bc3d 3ebb4aee 3e301cac 3bf97f87 3ec4f6c8 be0c2dcf 3e68b464 bdf5d9d6 be5c04d4 bf4d53ed 3f6a940e bf2c2bda 3ee0ef16 bebb0b48 3e8d7330 bf21259c 3e82cae5 be093533 3e9566e8 3ee29f6c bf238ded 3c0d3350 be1ed4f8 3f5331e0 bf7bf9b1 3e9a0758 bdbbbba5 3de6260c bef5aae8 3ea14edd be7a6477 bd8517f1 3c033eed bf088ddc be95d2ea 3e1e9cad 3eb886d9 3ee1a33d bf215045 3efe7bef bf42a623 3f7dd7fa bf466db6 3f7b3797 bf49c9be 3f110398 bf0e75d1 bdf24612 bea32f2e 3e2bec1a 3f796233 3ea4d788 bf2b6bd9 3e8fc287 3f269170 3e2d8d6c 3dc7a8fa bf19bb8b 3f68b21d 3f5aee4a 3e6e1bfe bf3273d0 3f611777 be973a9b becbeb2e 3f6e7427 bdaf08b1 bf43bdfe 3ee3faf3 3f0c1fd7 3efeef79 bf7c3d9f 3e8b6ae0 be003609 3edc13d8 bcec6c81 3ea2ea96 bf535017 bce51fa9 3eda0296 3e34951d bf2041cd bf21c00c 3f279be6 bf4ec40c 3e7ed4ce 3f5be412 bf7df9a9 3f0bcbe1 bf22b5f1 3f18a3d1 becf5eec bf4af017 3ebcff0c bec1ead6 bf16abac 3ed5c2b1 bf110398 3f4e6c28 bf792fd6 3f435faf bf48a1b8 3f5e605c 3ea2bed5 be92b6ae bed3f30e bee93aec bf7ac012 3ebd633b be0f7d45 3f78e608 bea57572 bdf83bef 3e86974c be412503 3f65a419 bf65200c 3da348fc 3e7be676 be7ef52d 3f517bff be9c47b1 bec842dd 3ea81608 bdcb678c 3e284c0e bf159ba5 bd1fd49f 3edcbf6b 3e98a6ac bf41ddc8 3f79f9c4 3f57080f bf4ae831 3ec01298 befc57ab 3f7b1ff4 bf04e7fe 3f3e23e7 bf174bab 3e39cde6 3ddd37dc bb09025b bea0eb40 bed51381 be460c53 3e142d5c 3f00a7c4 bded9875 be8bdabe 3f1c2599 3e71a653 bec1e31d be1a7578 3ef6fabe bee6aaea 3edde70f bee0daf5 be810665 bdd3576d 3f0c01d5 3b806ef2 3e171d4b bf1e4790 bf0f23ce beb3074c 3f211d8f 3ef512cc 3f6de5fa bf0f458d bebeb279 3f1345b7 bf3727d2 3eef3edc bf145da8 3d2770a4 3f6a57e1 beac4b4d 3f3bc217 bef7bab6 bf307585 3e808240 bf04d3cd 3f339f91 bf265009 3f768bc7 bbb78957 3ecf0b7b be93fed6 3e5234a3 bf6aa7db 3f51320a 3e9206c1 bf033860 3d46b10a 
beb7f732 be6afe46 3f221a10 bf0217c6 3f31a217 3f2ef167 3d9a7757 be7ccbc6 3f2f3994 bf07e72f be55f3ec bf188220 bf006da3 3f65bfa0 bf702208 3f22dbcd 3f0719b9 bf5835e6 3ee7b772 bf28d5e5 3c75b550 bf2fddab 3f20ddc2 bea60f0b becff712 beb12b3e bdde19ac be15a3e2 3f0ce36c be81f232 bed042c8 be245dc5 3ebdb28d 3ca02546 3f4f022a bf60fc03 3ee6ab00 3d85992c 3f4ef220 bf01b35a bf1f63cb 3f46162e bf38b02d 3cbfdf22 befcfedf bf3c81b1 3f6d35d5 bf6fb614 3ec8fb1f bc9062ce be5c9c80 bf67afcc 3f692fc2 bf27ef76 bf0ff3b3 3e80da97 3df3a8f8 3f047b7f bdfd99f9 bf69b40d 3ed91727 3ec6fb84 bd212ba9 3ea93df6 bf4f4bed 3f2561c0 bf2199cb be6b3bf2 3df51944 3f64383d bf4e3df7 3f2a9dc2 beec7eae 3c851678 be5175c4 3e2d151b 3f44be02 bf3c141e 3deb3b70 bde5790a bf37f7a1 3f5615ae bee7ab79 3f0e0781 bf72901a 3f6995a4 3d0e91cf 3ebf328e bf0e8b65 3f7f7b65 bf57ebdd 3f647e36 beaa96f4 3f10eb52 bec05b15 3f7573a4 beb2d751 bf0af746 3f0a3fc2 bef73f40 be268dd5 3f166595 be8fbb91 bcb45ecd beaafaeb 3e5a753b bd1d0e7c 3f360a10 bf361413 3f7c8dca be8c1aac bf68d3c4 be5b850c 3f64b1e0 bf48b650 be9e0a82 bf0a6bc6 3e5b25ac 3ee1534d bf58b5e7 bf739fa4 3e2fd4f3 3c97e430 becebef2 3f19bbc2 be93def1 bf2d6fc6 3e5814bf 3ed4ead7 be977a30 bf674a27 3e5f242a 3f40a258 beee3ed9 3f07aba8 bf5f1433 3e90eb54 bc9518a8 3e9cde9f 3ecd36ea bf1e1fdb 3e5e7db1 3dd719e5 3f4587fe bf3981bd 3ef992ed bd6a0b01 be962ed5 3e00bbf9 3eb30a53 bf0cd173 3d8a27ba 3e97e2e2 3f13abcc 3e8d1aa0 3d28b203 3f3b362d be380c76 3e952b34 bed94fc7 3f097dcd bdc95820 3eaea2be bf7263cf bd640957 bdc21735 3e5c1d4f 3f3a5b78 3ec61b15 be5bfc27 baaa86f8 bf54962d 3f25ab99 be9cba84 bd94b776 be06955e bf111fa4 3f167fea bea6a738 3f383e06 bf5fd1fa bb650a0a be3a0c6a 3ee4e72d bf477813 3f05e9a0 bef20f67 3f2067ef bd692a78 bf28a9da be83aaa7 3f60e7fc bf50ddb2 bf4653ff 3e38dc68 3e50c35f 3c35436b bf511d8c 3f2581c9 bf65007b 3f7f3d1f bf4dfd9b 3e2edd99 3ee94eaf be60e513 3e76bdc9 3f1e8bc8 bf3c7214 3e8336fb bd2ecd84 3e882ec4 be88871b bf5517cc 3f5e59e1 3da68981 bf2ea218 3f2211d6 bf5945b8 3f4921cc 3d888961 3cfdecc8 bf5f4239 bcd71dd3 3e489b99 3e5c6db1 3f783a00 bedb6a9b bd9b193b bee62fd0 bf6d91e0 3f1729b2 bb8b6722 be9e6f22 3b7f1705 3f1dd9ff bf23fe1d 3f4d33d2 bf5ca614 3e4fdce3 bf1ed9af 3f7fa570 be066543 3f6fa208 bf2dd1b4 3f39a41f bf101fe9 be70347f bf546de1 3f3c41a3 bf73ec17 3f49dbbb 3f251bd3 bf59efe4 bf024be3 3f7029e4 bee86ee2 
3e6664fb 3f17cbe9 bf0899c5 be29bceb 3e17f49c bf562848 bebedebc 3f0cfbe5 be15758e 3efe62f4 be4abb67 3f010da0 3f5327fc bf57260a 3f6fbfb8 bf2209cd bd23d1dc 3edc5a83 bedd4ad3 3f25e5e8 3ef93b12 3d08d5de bc9e6027 3e42bc5f 3e04bb7c 3ec0d74e 3e3a25e0 3ea902da bee9926f 3d985894 3f33df8e 3dba0884 bf51a078 3daf4adb bf26e3a7 3f59da0d bf67b465 3e7f3d72 bea25a31 bea326fc 3f4611d0 bec57363 3edac20e 3f050d8e 3e5c154a 3f4f8dd9 bf3ffbf3 3f516dd6 3cd7214e be7ce5f8 3ea61653 3f045214 bf213be8 3f7f773b bda7792a 3dfdab75 3e2d7c9b bf62783a 3ed476f1 3e78d4f5 3f05a373 bf6df1eb 3e85a673 bf336bcf 3f72dff5 bf7e41bb 3f418613 3f51d797 bf6bc05e be007577 3f0bedee bed4d26f 3d8ce7e9 3f4319fe bda0681e bf0b2dd9 be7c3578 3eaacf0c 3f1557c3 bee45f91 3f3b21e9 be88b6dc bcc5211e 3e65e64f be1404b5 bd642ebd bf398ba7 be4f8c83 3e887b05 bf1f1bc6 3ea572e7 bed9e324 bf07a001 3f222ba1 bf402b73 3ec876e0 bf4a7c42 3f797fc7 bf69865d 3f2435e2 3f04640e bf6f640f 3e44ad7b 3de56a47 3e5ead84 3e722d47 bf5bf855 3d8b6987 3e9c3acf bf2117a1 bd060d49 3f18b9c3 3e8fea6d bf2f738e 3ed00281 3f50a813 3ecc8b19 bed2f252 be04243b 3f3d83ce 3f1337de be1ce3bd 3f3a0fd2 bf47f80e 3e1ec477 3eeffba6 be19756e 3f476206 bf7bf20e 3f4089c3 3f5a6dfd bf751a3e 3e449545 bf2a6df3 3f4fa81a bf0425eb 3f32a1ae bf3317d9 3d61af6a 3bf2a3d8 bee8a2ab 3f4d6a08 bf64100d 3ecf866e befb8779 3f793fec bf57a870 3e54e418 3e4bc692 bf1e91e0 3f56f833 3de3b976 bf54ddfe 3dc789c2 bf56e99a 3d494fa6 bf5503e0 3ee16ef2 bf43999b 3f41442a bf24b95c beff6add 3f1bb3b7 3ec73e19 be03ccf9 3f55981c bf3e23f5 3e79b5cf bf7ea1a7 3f5b25cd be90e64e 3f36efd5 bf6d4832 3f5f13df bee302f4 3f572de0 bee15b0f 3f26997e bf08cf97 beb6edf7 3ee7e6c4 3ecf92b0 bec2b275 3f605de3 be935e56 3e880a10 3eaad2e4 bf4c85ce 3f481610 3e0b541e 3e996f24 bf30a1dd 3f120756 3f098b93 3edbbf6d bee13eab 3e9b51f5 3dfeea47 3d9e880a 3e74c49e bf56b3e6 3f750e34 bd734fa9 bf79721d 3f0d19cc 3c3d5489 bf2d57f8 3f15dbbb bedd5842 3e138d66 bf587d7f 3f7ae449 3d2ab4b5 bdb768df beffa373 3f1295e6 be31d480 3ec0b36a bd0a10b3 bf4db3e0 3f60782e 3f1c1048 be0915a0 3e05658f bf6da7ef 3e14c4f5 beca9612 3f219a27 3da426ed 3f034b61 3e88ae5f bee38f2f 3f389034 be501bad beb95291 3f122160 bf6419fc 3ecb6f30 3e55d631 3e372c8d bf60c65f bde61970 bf250bc1 3e4ae3dc bef1b77b 3eaf16b8 3f0929a7 3f1e1dd0 bf08bfc6 3f4f3228 bf771f5c be87c348 3f1b25cd 3ed22328 bf2a1bfe 3efb270a 
bf5aa417 bee742d9 3ecbc318 3e703c0c bdad6bbf 3e8aa292 3f3e97de bf4507bb bef88689 be92aa9d 3f325fb7 bf7d9b77 3dd14638 bf389a08 3f2c1be4 bf4bfde9 3f0c57af bf1021a9 3f32f1c4 bf2e3fd4 bf5345f7 3f0091a1 bf026d6a be838ead 3ee116c0 bf206d8d 3d387147 bf6c4255 3f6f0c33 bf4f91c1 3c57bd95 be7d558f 3f3cb1db 3f2d51ca bf0381ba bc30c6bc 3f6ac7f0 bf1d07a5 3e49dd05 3f1fc3a3 beccaaa1 be4034b4 be8ff29a beda4a96 bf19adf3 beb23339 bda8f79c 3c714957 bf3e83d1 3f5c59db bf7cbfa2 3f0f1d5f bf0a0a1b bf270beb 3ef88f26 bef1abed bebc6ee5 3f6bf1f4 beb1c770 3c4c5078 bf505bd1 3f19af71 3f007327 be8caa38 3e6e365a 3f01c9bb bf317813 bf5c89b5 3f59e01c bd6caaa9 bf067dca 3eefdf02 bea60a8c bf4f7041 3d8ef8f2 3f63bdef 3c064c34 bf420c2c 3e9f4ad9 bf225f7c 3ecdaad8 bf1c2dec bc7e3181 bdb0d9d0 3e03b2c5 3ede5edd 3e796cf5 3f13254e 3dc2b542 be411517 3f3bdbc6 be40bd19 3f51a637 bf7ec318 3f697210 bf4addcf 3f70f9b4 beca56f1 3e9f62b7 be1d5b45 bf3dbb81 3f4c0609 3e560d17 be6d8e51 bed18675 3d580dce 3f5bfa3e bf162b64 3f299da5 bf07b803 3f5eeff6 beaaf6b2 bf2335c7 3f7e4542 bf3cb5ec bf1c55e0 bf1a4da8 3f20b22f be171d23 bf1a71b5 3daa09af bf0b89d7 be7c46a8 3f0b6784 bd8fca55 bf26edec 3ee97f79 bf569bd5 3eb2aa68 be49f43e bf6b0786 3f50ee22 3e8992e2 bcb7df8e 3dc7eb52 bf17f5ba 3f6effd4 bf5e17a9 3f50244d bedebaec 3f0f3dec be4ddca1 bef2e33b 3f5fd009 bf2651ca bf1ae3ab 3f479a0e be921ae3 3ee7eb06 be55acef be95e66a be6d14c0 3ef08b36 3ebfb2cb 3e6ab47b 3f2de7dc 3eb1c635 be807e3c 3f2b19f9 bf28259f 3f6493ea 3ec74233 bf625e6a 3e122d94 be77d58c bf1589e5 3eb15370 befd7358 3f4c0a21 bf004da3 be8b92f0 3e0aa463 3ee4ceab bf360b7f 3e96aef1 bf4637d5 3f2a3a0b bf72582a 3edcfedd 3f334fd1 bef43742 bbfea6d3 bea7228c bf532a2c 3ed3433c bf5beff9 3e2a5e89 3e2774e4 bf1e27b8 be693e39 3e67a3c8 3e8ad2c2 bf16e99e bd5ed356 bf46e9ee bd0a7060 3dd75d3b 3e269595 bed41731 3d21ed2f 3f39bfbc bf577212 bcdda6f0 3f347d95 3dae0720 bf1d8de8 3eddc33a 3eaf1353 bec5430b 3f4deff4 3e8dee53 beeaf3d9 bee4f735 3ecc875f be7d5cdb 3f12f5a6 bf4321c7 bdf8bc6c 3e9af36b bc7ac45b bef98e88 bf581622 3e963e56 3e5c2524 3eab473f 3e1e7d4a 3e9876ca bf29f390 3dfc1c79 bea0aac0 bf5d8030 3f42a38a bf7e8b96 3f08a3a3 bf119fd5 3eb58272 3f05e5bb 3d8c7aae bf0135a4 3e3f357d 3f45c1c5 3eb0e725 3e7b0c42 3e99fa9c 3ea5d2eb befad31c be1c75ea bf566bde 3e784c58 be83f6f9 3f60024f beaa9a6f be324cda 3e2af3f5 bf1b6f89 3ef3430b 
3e81f295 3f2f1a06 be1d246b bf04c1b2 3eb50a6f be7b94df befe1f60 3f739ff9 3f24ffbe 3e854def bf7de572 3f75bfe8 be06143d 3f503663 bf2e8825 3f5c2817 bea9e6b4 3f06b9cf bf7f1551 3f3ace22 3f4bd9ff bf1ca39e 3f6fd3ad bdfb1829 be1bec16 bdc7d94c 3f2c71c0 3ee2d36a becd7373 3f4f6837 bee8beee 3e694c7d bf2d5ded bf67260a 3f6c65a0 be8556e4 bf7b3fa4 3f529fd0 be0b74b7 bf598642 3eac16be 3de76894 3f162d60 3c4533eb 3f6401ec 3e9ce269 3ecd2e7a be32041a 3e4a9de8 be15042a 3eadc242 be772be3 3f388beb 3f39b61f bf7935c7 3f5b4e15 3e957306 beeacf40 bdcd8ba6 bbb99bfa 3f7583cc beef3aaa bf196dde 3f10cf0d bf420de9 bec8374d 3f3425a4 3f5a0dd1 bf38ae86 3e604e39 3eedd781 bf0fd198 3f4e5a3c 3f124dda be4fad24 bf68f1ea 3e7c9615 3f2277cb befbdf65 3f261c1d be7c0d82 3e973b28 3f598016 bee06730 bd8958e5 bf0b6f84 3c5d3d4e bf6da9f9 3e22d495 be7be4ff be5163fa bf72405f 3f5f862b bf16b790 3f62adfd bf2ea3e6 3ea972b3 bf43d601 3e9c46d1 be49bc4e 3f450226 bf4591e0 be8d7e94 3eb43eef 3e948af6 bed2cb5d 3db85bae becf4b2f 3e32168b be3d6cb0 bec47e67 be8e9e6c 3f2fe3e8 bf6a91d7 3f43b5bf 3f7057fe beb1cb00 3f19137f bf4499a1 3f6a91ed beee2727 3f161b38 3d979758 bd4b8a1a be8019eb 3ef27e95 3cdf63a0 3d37f2b3 3f5d8dac bf26019a 3f7613d9 bf2b83f9 bccfdafe bf31e7aa 3f351dda bdcdbb59 bf5a9dd1 3f7db5ba bf09c548 3e3eec1a bf3ece45 3f225dd0 3e57c57d bf12d3c2 3f20aff4 3f3bebad bf47d3e2 3e9d3704 bf5e805e 3f0ecf7b 3e5ebe26 be880a6a 3ef25ee4 bf7bebed 3c794682 bf1665b4 bf0463d1 3e37333e 3d36cf8f beb1329e bf0e85a8 bde2f62c 3f00f781 be8d82f4 3f3be239 be1aac62 3eb0734c 3f11eb64 bf2bcda4 3f0f9986 bdd58b26 3cc16322 bebfaea4 3e919646 3f0489bd be5fe541 bb914cd8 3ee40f8f 3d4cb0bd bf5d2e21 bdae2b58 3e858db3 3f18c966 3f1cf1b6 bcf7ec28 3f760050 beaad28e 3edc3ef8 3e8b8af4 3e7af692 bf034ddd be29fe1a 3f5d4c11 bed2773a 3f74021c 3efda2ba bebaf2c1 bf07d756 3f2b67e8 bec9d362 3db2399b becc6e78 3f7b69b5 bf41ee2f be9e4279 3ef71716 3df9c8e6 bf5de622 3ebb2edf bf43c7ed bf1b65db 3f723c24 bee68e97 3f750a41 bf469a0d bdef8868 3f17a3df 3e764e2b bf02d233 3ec9f760 3f585e00 3d4c517d 3e49e58d bf418206 3ec1e34a bf0f8dbd bec102bc 3f6eb601 bf33da08 3f5e5432 3f2a95fb bf0c1557 3f0c19af 3e5b7394 3e99aaea bea69e53 bf339fce be39ac95 3f265561 bf019b59 bf6aaff2 3e4c6453 bf5235ce 3e2d2dda bf3717a5 3f4cf03a bea4ce71 3f7759ca 3e8b2b7a bf2321cd bebcb308 3f5e1ff3 bf601218 3f194c19 bc1c4b54 3ed41bba 
bed77ac5 be88a734 bed1d6f7 3f6ada1b bf4997f7 3f1b5fa5 be905a8c bf5a29d7 bf361c1e bdb93776 3f622824 beeb2ef9 bf142bcc 3e9dbb04 bf34f7fd 3ee6f31a bf3813db bd77104b 3f6191dc bee69b68 bf00eb39 bd391158 beb2627a bf0411d3 3f7c6fba bf15d7c9 bce5dc71 bf231997 bdf6099c be16c5b0 3de929c6 3ec7d280 3eb61f2c 3f56b027 bf6ba5c3 3f09534c 3ea599c7 bde1c8b5 be6a4d43 3f5c9401 3bee6b75 bf080ba4 3df06965 bf31e3cc be39ec4d bf596603 bf106193 3f039daf 3e304d8e be4d64e1 3cb166dc be749d69 bf37dff0 bef59b33 3f2a4ffc bebf3edb bf4a580b 3eb21b40 3eab2632 be3263e0 bf1d5794 bda8680c 3f3adda4 bf2b25a8 3f62a3ea 3ee35b02 bf40a5c8 bf2b1009 3e9d8689 3c8a2171 bf19abe6 3ee16303 bf47de26 bf2c2fa6 3f2283fe 3f3afdae bf44fba6 3f0c3c06 bf422000 3f4ae9f4 bf581e6e 3daba82d bf6ebc40 3d9d6a3a 3f53d05d bedf972a 3f748815 3d0c768f 3efff686 bd5e148b 3f12db76 3f00af58 be8e3a6d bf155354 3d081574 bdd30dbc 3eacab81 bdc26a19 3f6fcc33 bf4717c0 bdcf5d45 3f517de1 be043b80 bee0b2df 3f22dfaf bf2e0fc3 3f130fac 3ba97543 beaf66a7 3f762db7 be5a0631 3ef5174b be07b365 3f092b96 bf75320a bf168fae 3e4a7d28 be6f35ab 3d64d56c 3dab0a3a be38bd27 3e9c86a4 bf481f8a 3ec84695 be656e47 3edd66af bf4b4a34 3eb3beb5 bf6b0ddf 3d5150f4 3ecb875f bf4b2bd1 3f52fbd2 3f1957f1 bf64ec2c 3eff87cd 3f2eb5ab bf7059aa 3e9ccaed bd0daccb 3f58b42a bf5f83da bddf99de 3ec372a3 bf01ed9c bf693fcb 3f58783c beb23a34 3f79b032 bed38aa2 bea17b13 3f079d9c bf5a41de 3f714a05 3e875690 3d5ff162 3f7b21b3 bf08cba0 bdfe2a97 3f128205 3f5fb801 bf621b95 3f6a540a bf49c239 be5a3dcd 3ea77afe bf662c09 3d86a623 bf039d39 3ef4ba9a beaf9709 3ea52768 bd99e953 3e470548 bf54f804 3ec6f710 3e8dcabc bf466bf4 3eb31a68 3eab3abf 3f60c5e4 bf2813ce befa86eb bf0dcfa2 bf0d4c0d bea8cf18 bf33b3a5 3eada326 bf790fe6 3f24c9e2 3e3804f7 3df76839 bf38d7c1 3ec6d259 bf7e9502 bf1db1ae 3eff6691 3e54fc37 3e96677a bf0e61a6 3e54558f 3f23ffa6 bf74b5e7 bcbcdb25 3f5f420d bf01277c 3d86b84e 3e384519 3f2edc2b 3e42c428 3f427bef bf45c9d5 3e8b0a70 bf77de48 3f0eb18a 3ee9233b bf6d7e2a 3e1c16c1 3eb016c3 bf0af1ba bf5eabc8 3c8ee7a6 3f1f4ddf bf1935ab 3f3eebaf be6bbda9 3f663419 bf475818 3ed78f93 bf3de178 bf61cc29 3f56985e bf06797b bf4a65df 3e585593 3d1a1171 3f41b623 3eaa92cf bf25a7a9 3f548017 3f35de1b be86f6f4 3f1a3f87 3ed07302 be9fd3d5 3ebac668 be611418 bf3b01e1 bed4fa7a 3f7dc394 bea01712 be74e4ed 3e8e2afa 3db1b7c8 bebe46fd bef1df52 
3d63b5f1 3f5e31b5 bf3053ad 3f0dadf8 bf02b1b4 3eaedf09 3ec9d382 3f38a1e6 3f7b91f4 bf036fb8 bea56320 3d3c0f5d 3f1cede0 be915e77 3f2d95fb bf1ba952 3f698df6 be09ebe4 becfe68a bebcdaf2 3f477de6 be19ca98 3f7593fe bea71675 bec662d9 3eaf6aa1 be635d05 3f2d620b 3ed462a7 becff317 3d8bda52 bf07392f bf387f74 3e9a2619 bedd1f4d 3f1b87a9 bf7c41b9 3f33d9e7 bf645663 3ea3226f bf4e0006 3f6c75df bf149625 3f6d09cb bd5fed87 3f71460e 3f5eca20 bf71c5a1 be70cdba be0ac3f1 3eca1399 3eb8e731 3f0d9351 3f106598 bf4d4ba8 3f19c985 3eea3739 3e6c8de7 bf31439f 3f0329b7 3e1d1358 3ef04309 bec15752 3decb925 be90fef5 bf53c60e 3f76f413 3e9bc642 3e367c20 beb9c9e3 3f3987ed bde93ac1 3ef58b8a 3f23b9b7 bf70a7ed 3de9b78b bedd2795 3f11d38c beeda75a 3d5bf623 3d584a8e 3f4c8a02 3ee24ab7 bea29328 3c9717f3 befa2b63 bc24c9cc bf347028 3dc0eb47 bf1b69b3 3d7faf39 bf798d3c 3f0e85ab 3f26b162 3eb6a78e bf375e39 3f4869f5 bf3a8172 bf2bf5bb 3f2a35fb bde03806 bf75524f 3f4991cf be6c5e46 beb3fae6 3f38c1c1 bf6e37d6 3f6f63e2 bee14731 bf410c5f 3cdc25be be0775a0 bf27e9eb 3e21c3cf 3ef2cf32 3f65f218 beb096c5 beb92708 3f3e85e6 beda034b bf0b25c5 3f19e728 be662579 3f05c57e be92deb9 bed85329 3f28c5bb be584a84 3f78ac46 bec09f37 bb8894b6 3f1385ec bf4bf1a4 beb74335 3f0281c5 bf01a3db bed3473c 3f2979f9 be97ee88 3e8dd676 bf7e2d88 3f3aa42c 3f05e7ea bf348be7 3f2a2fe5 3f4e7df1 bf4a13c9 3ec04384 bf5d1f92 bd838867 3f16a7c9 bf2f35eb 3f6f5a22 bf5d4a1d be06ad6a be6f064e bf24922d 3eecaf4d 3e58c4fe bf5f09cd be8feb18 3e4d3638 bf2f7bf7 3f75b61e be8bcad2 3e08942d 3e7eddee 3ef3db2e 3e7cf58f bcbf5e2c bf1ce380 3f4b5dda bf7e11ab 3f6ffbb7 bee71f84 3f11e9aa bf61ac04 3f3dd3e6 be68ddf0 bf04094b bf0e5fc3 3e0b14b1 3f097fa4 3f628460 3e71f5bb 3f260823 3f53b202 be716cfe 3f0a619c beef5ac3 bf3e49d6 3f691424 beefc6a7 3ededb81 3f2717a5 3f0aa5cc be756e2f be168456 bf3b33ac 3f657e11 be871282 bf3881a6 3f73000a 3e247bfd be76f4de bf3a5d8c 3f52de6e bf2ba19c bebe5ae7 bf2891bb bea2ceb3 3efc7307 bd887b1f 3f3997f5 be87f5cc be5c74bb 3e4cec51 3ef0bec6 bf53c3e2 3f4d0c3a 3f4ba3fe bedf1313 beff3ecd 3f6be004 bf7155e8 3e03aba6 bf1183dc be45852f 3f020b90 3e9f9e3e 3f6c43ef bf72a7da 3f4c4ba8 3ed966e8 3e8132fd bf1ecdef 3de2278c bf6ac434 3f095ba7 bf7c7db5 bedc7af9 3eba1740 bf2c35be be882eb1 3efc3388 bf6c37ff 3f203bce 3eb2a316 3e9c928e beddef40 be77834e 3f404de9 bf36e7c7 3e800a28 bd991717 3f78cfc1 
bed5eafd bf3027e5 3f6dffd6 bf68a04c 3f46c238 bf2f97d9 bf29a1ef bf050793 bf52b21b 3f0931bb bd21527d 3eded72f bf69bfca 3ee0869e bf0e79e7 3f1b2171 bf54bc4d 3d3d0e65 3f0b25ad be4b6c23 3f0a4dc6 bf65ac23 bf42e806 3f6637de bf1dc017 3f4ad00e bf18fa0e 3e4c848c bf69c80d 3f778626 be4e6dd6 3f034faf 3f579a4f bf48b456 3f50dbc2 bf172da6 3ee2062a bdaa2768 3f6f25e2 bf07415d 3f5cdfec bf7f4126 3f5639e2 bf6d3a04 3d1e6f05 bf4f8a0c bf67da1a 3f541be7 3f4fe204 be16ed02 be5e1461 bf6a45e2 bdc9896f bef392f9 3ecbcf5a be821667 bf47f19f 3e5995a5 3cd9a104 be9ace8e 3e185d21 bf6e5dbc 3eccd781 bdf63b6e 3ea8c24f 3e5f1516 be0703e6 bf7b9c13 3f0f6954 bee2b74b 3e32a493 bf6f303a 3e37c3cc be2314fe 3d855746 3edc72ae 3eabf6c1 beb4df3c 3e819ed3 3ee4a858 bedc500b bf57280f 3e2b14c0 beef6329 3f5ae820 bf217993 3f680bfb be883f44 3f418bf5 bd5850cd 3df7b868 3f7d79ad bf21b3d4 bf17db96 bf0a358f 3f4ee408 bf685976 3f3ee40e 3f3c9de7 bf44ab9c 3f5a33a7 3dab7999 bea8f339 3ebffe5c beb87eb7 3e73b5ec 3e1cfd46 bf5d5c50 3f10dde1 3f4f745c be9f867d 3f67b823 bea8d2d0 3f3bbfe0 bf567c01 bf5b9ff9 3f1d03e7 3f038dd1 bf7a37da 3eff576b 3f574e43 bf320bdf 3e618d4a be7af597 be53b3f0 3f7f0f91 bf34dfd3 3e08cc5d bf59e5e8 3f19b5cd bf347208 3c849984 3f65c5f9 bef84ec6 3ee93e5a 3e938252 be4f65ea 3ebd8b16 beb6fa9b 3d2cd134 3f1af79b bea38a7f bf2e4fbe 3f267636 bf18262d bed42610 3ea07ee2 be3c04cc 3f4cc7d4 3dfc49de be86ff0c 3e391ba9 bec1f2ab 3eeb7b1b 3de33668 3e97d268 3f0093a9 bf5d1bd8 3eeceeab 3eb75669 3e016519 3f066390 3de2f71b bf565e1b 3f0c4570 bee5c6b1 3eb7472d bf1d162c bf24f9dc 3f73a9e1 bf3023cd 3f4febe3 bf5bc820 3f5b0a83 bf762fd4 3f4e423d befaceec 3f41cbc6 bf22416f 3f7c27af bdd69a71 3f4015e8 bf7ae9f6 bf269bce be96aa9d bf2be9b8 bf7b05d9 3daa8c43 3d079701 3ee2b3b5 3f1abdbd bf6c1db8 3f392e19 bf4d401b bc1bb9be bf7e3598 3e6026cf 3ed0f314 bdafe68b 3e8a72b9 bf0c7386 3f6fa3d7 bf6ba409 be8da6c4 3d91390d 3f33c1c2 be7ea501 3da1982b 3f3eb5fd 3ed36366 3f0e7dbc bf5313f1 3e686e20 bece8349 be4e7daf 3d250e27 3ef84f62 bf66a02a 3f6cdc0f bf32ebed beba673e 3ee2cb54 3df57c73 bf25381a 3f2dd203 3d92eb7f 3f07f7bd 3efe4f3c bf49c01e be087c7d bf2fc3ec 3f1a33e8 bf4779eb 3d9478da bf2e65c1 3f4909f2 bec60245 3f3109ca 3ea82272 3f32bdce 3e42dd66 bedf5afb 3f775bab bf3a1231 3f5d6866 be8e827b 3e27f440 be937e66 beed5643 3eb5baf8 3eab6ebe bf5b5444 3f6b99eb bf04cf85 3e866355 bf4c35fe 
3f496def 3ea6eadd bf09c946 3e217406 bd97da88 3f32de14 3f0dbfa1 3f4fd9f5 be990ef9 3f35bbc2 bf3011aa bb8d5d73 3f1eebc1 be708d4a 3e3204cc bef5bee2 3f69be2d bf3e0574 3f0b81a6 bf025795 beab6b2a 3f54aa13 3ea25a5b 3e8212c6 bf676bdc 3f35ab83 bf63c7c3 3f2da64f 3c54345a bf5d45a0 3ec4fe92 bf634231 bd6b4b4a 3ddee8b8 be90eaaf 3e1fb5d9 3cbf61dd beddaf54 bf33cdc7 3dd9aae5 bea5ee55 3f300bb1 bf1e11c9 3f1ae17a 3dc5fb7c 3f2b0212 3f39e600 bf427bce bf392bf3 bea24e63 3f78cdd9 3e20348b 3f7457d4 bf57e9db 3f4759b0 3cfd6050 3e553432 3ef80efc befcbad1 3f6dbe11 bf1febf9 3f6601a7 3eb50676 bf7145e7 3f7501b6 bf798b8b 3f45d63f 3e15655e 3e2e7dc6 bee20b30 3f442ffa 3e04a530 3eced2e3 bf4bf60f 3f541036 bf6381e0 be283cda bd1dcca9 3d2f9043 bf341ddf 3f29ffcc 3ed4d27c bd58af65 3eca22c9 bf38cdad 3ec7326b bc8696fa bf2c23e9 3e1664d0 bee41711 3e893aa1 bf6fae2e 3e525539 3f77c3b0 bddb6b6d 3eaee2de be74a507 bdee0a5e bee56720 be809a7a 3d8c4790 bf5de845 3f7eab2f bf6f93d5 3f6bdbe2 bf43a60e 3f0dffc8 3e26746a 3c3dbf06 bf73e7ee 3e292c75 bf64ddf7 3effa3bd bf4a741c 3f2c19d5 3f2cca05 bf373608 be8ac33c 3efbe69b be314c8d bf6a3a21 3f2e91b4 bf338171 3f733c03 bf1c3bde be7cd4d8 be91ea33 3f1ef5f2 bde3e916 3e05cd2c 3f6f3032 bf6b3db9 be1a2db8 3eb0e36e bf6175cf 3efc0781 bf543df2 3f2ec1e5 bf785fa5 3f7537fe bf41c411 bc20b096 3f514fd8 bf4aac09 3f55e637 bed40705 3ef1db29 be438ca4 bf200dc3 be2c1c45 3df7a85f be0b838b 3eeba35a bf6f4230 3f412e04 bf793bec 3dc438e8 3f62c1fe bf5af1dd 3da91876 be593dba bf67f82a 3f2797db be73a67c 3f3365eb bf4baf77 3e062cd7 3e4624f0 3f491c00 bf7e49c1 3f11bfc9 bede9ef9 3eda9b09 becad6da 3e342c4b 3e31d483 bf1e097b 3e9337ac bf60b99c 3f11ff98 bf699bf8 be2cac79 3ebc4640 3f742bec bd426b5a 3f643428 3f6f45f5 bd8406ad be46c5e0 bf7edb8c 3eebbf3b bf02cbfa 3f4d65e0 bf065df4 3f0d43df 3f1363cc 3ee08b9e bf6f6fd7 3f6535ee bf6b89d4 3e88767b 3e304576 be014c91 3f688bd1 beb56292 be36d4cc be8e1a7d bd69709f bebccb4f bf65fc04 3dfcbbe7 3e71ddcb 3e164b9d bdd70988 3f28e9a6 be498d16 bec0dee1 3ed0c366 be8d76d8 3ed28e73 bf72a5d6 3f7667c8 bf505df8 3f761fe5 bf3c340b 3c763174 bf6ebde8 3e07eb46 bbca8164 3f287632 be9cc2b9 3f6d322d bf2223e6 3f1cd1c4 3e4ce466 bee07f60 3f0c5fbf bf24058b bf400c08 bf3eb3e1 3ed1ff40 be9a8318 3e6045b6 be455c2f bf2483e5 3f38afd6 bf68e451 3f2a219c 3e287bf1 be330dd3 bdcaa99a 3e8746cc bea5e65f 3dddc7ed 3de9c7e7 3e7bc647 
bee65364 beda972f 3e877ab4 3f420227 bf478438 bf21e00a bef60758 bed59295 3e9e86da bf39ae0d 3e90b252 3eacd309 bf714fea 3f3c67c4 bf09f7b7 3f4037e3 bf608dc8 3f752c1f bf7dedb4 3f505df6 becba69d 3e668440 bf56d008 be9f7e02 3f736de9 bf0bdbca 3f6afc20 bf1023c3 3f28af9a 3e7ae5a5 3f0f5bde bed9cb82 3f6c0049 bf3c2c0d 3f68581b bf663628 3f46c848 bd70d8c8 3f4eb7a4 3f1a0bba bf5f1de5 3f21258f bf75659d 3f3ad9ea bf2fa66b bf113217 be0e9d9c 3ed4d6b6 3f0ad9ab 3eea72ff bf76121f bed06ad6 beb52ab4 3f22b1f2 bf3d5be9 bf02217a 3ef2970f bf4561f8 3e5f5669 bf1bafcc 3eb59e09 bf5463ba bd1df208 3e83eeea bea736db bb846185 3de196f8 bf5ac004 3f519ff7 bec08337 bd8b87ce bf3ae835 3f1b53bc be8ea330 3e9962c3 be3874c6 3f633e0d beba16b6 3f454411 bf3521f4 3f43e862 bf66f81b 3db99614 3dcb990a 3c5f4164 3e2153a1 beebdb3a 3f10138f 3e3afce5 bebf16f0 3f1f5c25 bddb0b10 3f1a4bf3 bf4ea7f3 bd5fad02 bf3621ee 3f6b6a0c bee09309 3f11a96f 3e8622b8 3e123d6f 3f15636f bf01c9b3 3d026afc 3ed3075c bf71883d 3f45b022 bf5ca45e 3ed8b2fc 3ed2b797 3e6e6cc0 3f1dd533 beb026fd 3f158b87 bf3b29cb 3f0249c0 bec13e36 3f531831 bf124591 3f0133af 3d85a73d 3e612dc6 3e9e62c6 bf2c25a6 3ec5af40 3f16298a bcf91ab9 3e039527 bd1b70cb bf0e53f6 bf2355a1 3f77fa00 bcee1fab bd328dab 3f05618e beaf7f11 3f72ba0e bf134dc7 3f6d2ffa bf329f6b 3db65a64 3f234009 bf501408 3f3729eb bf36f1d8 3f477bab bf6c065d 3f4a5bf5 be9b4b91 3f7c7577 befbfa53 3bc3946e 3eb45b0d bce6e52f 3d9b76da 3e0554cc 3e52d582 bf7633da 3f2e65e9 3e4f863e 3d87a8c7 3f37fdc4 bf021166 3eb962fc bf63a3e6 3f4a33cd 3f162f86 bf3f9b8e be02ac30 3ebd4271 3dd1a8e0 be9e12a7 3bed8f8e 3ee9d356 bee88f74 3e71167c 3de4d8c2 3e8c89b6 3f2681e4 beadaab2 3ef5c6cc 3f00c99b bef02eef bf12d77b bda119cc bf4d6fb8 bf614db7 3e04c39c 3ea3eb93 3f68263c be69c5ff 3efd8c0b bf7e99a9 3f575a42 bf01937a bee3231f bf14b178 3ec63f37 be854e81 3ea666b2 3ede4f39 bf57bbf9 3e63bd84 be916253 bf109ffd 3f485db8 befbebb0 3f630e5e bd7fd2bd 3f701c40 beb91ac2 bd926bcf 3e6febca bec85300 be31635d 3dc6a832 bd179337 3ef7aaf9 bf6d61d6 3f5c6a74 3f53340d bf635a19 3e714662 be9056db bdbd2a6a 3f6ccde8 bd4cf024 3f28a195 bf4abc69 3f53a002 bf684e69 beb412c0 3ec19a57 beb33ac8 bde6346a 3eaf0ebf bf5fbc1a 3f4e5bf9 3f6ec1e3 3e8f72b0 3e6fade9 be9ab29f beb87b2d 3f5081c5 3cc11fff be5f5bd6 3eaaa73f 3e637621 bf7f0d78 3f5fc9a2 bf0dc1d1 3e9086ad 3da1b7ee be0fc5fe bdf34839 be17b400 
bdfe17bf 3f6f5dd0 bf358a01 bf46c3d3 3f752466 3f171f77 3f337001 bf37342a 3f286ffe bcd3db7d 3e118d5c 3e9662e7 bee61a86 3f2b859d bf384620 3ec8e2cb beceff80 3e130557 bddd8a6b 3f10c79a bedd2b00 3ec6efcc 3d1c6c0f 3f1a6b9e be1f6b06 bf7183c0 3ec03ec6 bf526ffd 3ba6a315 bf5c3c15 bea2c2ba 3f47502b bf74e401 3eae3ee9 be6cddc4 bb494318 3e0cd4cd bf4f1a18 be5e55f8 bf746ded 3f371846 bdfc27a2 3f25853d be6b1bf6 3b19a477 3f7c23a7 be930ac4 bf2eb3c2 3ee5fea3 bf6b2429 3f5a81f6 3f7403f0 bf6f1614 3ee9cf45 3da509e2 3f668bda bef2873a 3e9b3aa4 3f2b2f6f be8a2e8c 3e0844c4 3f7763be bf4d7bd2 3f451e2f bdd43838 be0394df 3f594225 bf2509d1 3ed8eac3 bf53022e 3f784a07 bdbe37d0 bed28ad9 3ef66345 bf10ebb8 3e735d58 bec49aa7 bf0323e1 bd6211d7 3ef2f762 bf3f2fda 3eea1b3f 3e1f65bd bed662ac 3e945f0e be69638f 3ebe9a98 bece22c7 3ef0bb33 bf1d843c 3f00f97d bf49f5d2 3e38d5cb bef9976a 3f3e0ff9 3f1ee7dd bf7973c4 3e057417 3e82063e bf7767f0 3e745e91 bf642fc4 3f51421f bed81b6f 3dad98e9 3f365fbe bf1c35b4 3f58edf9 bf7c1c3a 3ebefbb4 bf115fb5 be0a74b1 bef08314 3f44edfd bf4eadea 3e33bc63 bec846ac 3e9e0f47 bf3b39b9 3f145dc6 bf5527d9 3ef70ef4 bf7535f2 3f62ec51 bf161f6d be2f9434 bee6e28a bf0513a7 3ef652fe 3ebcae1f 3ec3fa3a be9ae5ae bf4d0dec 3eff103c bed49b51 bdbdec59 be91b6df bf4b53c4 3f06c1ea beb8eb37 3ec0f304 be95a327 bf10cfad 3f4b8878 bf741410 3f1db745 beef8359 3e3bebf2 bc78ad25 bf5853b5 3ed036de 3c7c39c0 bf32d9b8 3ec11f15 bea96f39 3e385417 3ce66db8 3ee172bc bd7d7491 bf43fa9a 3e4da477 bec3fa34 3de0ca0b be8362d9 3f4d4c22 bf264425 bf50a5fe 3eb306e8 3f2569a3 bf5e2bc2 3e857a78 3d47d639 3eb41b38 bf66562d 3f4d3027 bf0745e4 3e847e5c bef4bfc1 bf4e9620 3eecffb4 bf04851f bea02706 3eba5e9f bb4f73db 3f2399ec 3e8626c5 3f781208 bea9ff42 be9106cb befae679 bf4991ed 3f048789 bd9299d1 3d925932 bea0fedf 3f537df7 3d176ef1 3f593fcf bf5cf1fd 3dbe1958 bcbb9b2b 3e3c0b84 3e6655b9 3e3b03df bcc2a4f4 3f10b1ea bef8febe bd9f07a0 bf559ffe bec64341 3f5489d8 bf68ddbf 3eaf1eb3 3dc4c698 bcf5e31f 3e8ce2ae bf372dfb 3f4075b2 be4d5dbf bf326f9c beea96e5 bdfad96d 3f522f98 bd7e92a1 bd8eea6a bf045ba3 bec2b6a5 3e967adb bf05bb63 3dceea09 bcae5d16 3f7ab1fd bf100dc4 3f13cd5a bf34a650 3f14ad84 3e9e725d bf120bac bf1e19e8 bf244db3 3d8fe9af 3d420ee2 3efe5f64 bf2a4bbc bf08df94 3f3e63b4 bf111dfd bdff5beb 3f28917a be479415 bead72ed 3f21578c bf64ac85 3f3453cc 3cca5c56 3d851834 
3d4f105e bf19179c 3f2cea09 3f1dcb75 bf1de1e0 bf7af9ef 3d8a9ad8 3e5b1d0b 3d81c599 bee1b375 bd225191 bf0fe1d3 3f6ef806 bf75b3fb 3f35dfe5 be5a5dd2 3cd8f2e1 3f2637dd bf5d063a 3e388c61 befb4377 be04bc95 3f026dc8 bf7b73e2 3e1c04f5 3f3f07bd 3f176395 bd30b17f 3f58340b 3f2fec1e bda91a35 bef56758 3f483bcb bf0f0793 3f6495ea bf0fefe8 3e1a7d87 3f3fe9ad 3e733377 3f578ff0 bea2c7d0 bea9cf18 bea18efa beb70301 3ee37efc bf7ef766 3edd9744 3f2869d1 bf3da7d1 3f32b9e4 bf49c3fd bed46eb8 3f1539a9 be32c3fb be29e4b7 bf7ef354 3f3abdf0 bf73d1fc 3d999901 be5ccc00 3e366c8d bf791b95 3f186778 bec3669b bea8ca44 3e9222f1 bf661220 3f4afc28 becde6aa 3f7c2baf bf7f46ff 3ecd9e15 3e837306 bed2a30e 3eaaba63 bce423f0 3d85c932 3f774790 bf62ebca 3f7001fb bf4027ce 3f5fb1b2 bf0bada0 3ec30f3a bdded93a bdd6fad1 3e8ab2e5 be9bf33c bf08c17b 3f7293fa bf498590 3f6cfc45 be5fa479 3f666814 bf164005 bf492bcf 3f6ba1c6 3e4e9558 bf411812 3f5ce1f4 3f1777ca bef796ca 3f3fe3b8 bf2949d1 bc7a4970 bdece94a beda6f5b 3e760546 3efcdb49 3de78741 befc1324 3f46bc45 3deed6f5 bf243b83 3f46781b 3f10a7a2 bf1c71bf 3f6f21a1 bf344bbc 3f240c04 3dec0a73 be270cc8 3ee8db35 3e038494 be8abed7 3eacef05 3f415820 3f4669ee bf78e3df 3eb01e6e bf2ada00 3e3433bc 3f7363d9 bec8af41 3e64dd89 3cfee6c9 3f4287f7 3f0b4ba4 bed8de89 3e150b56 be223d73 3e5d8476 3f3295a5 be9ae24f 3d6a935b 3f3d8c46 bf2009d4 3f2a6bd5 bf128d78 3f79b7d7 bf26a9ec 3f671452 befaa2e6 3f79bfe7 bf6261fa 3f08e5cb bf3d8fe4 3e3e8c47 be103585 3f029bbe 3e9c6f45 bf1f0d84 3f7d2594 bf1037b4 3bc68e1d 3d01b030 3f710003 3e0c4bcc bf7bc3de 3f457a40 3e8a4ba6 bf61d031 3f33822a bedc1b3d 3f23859e bf1e4020 3da84cce 3f2e7579 3e2c346e 3f32500c bf325bdb 3f7a3207 bf292dba 3f08b1d6 bf7e7939 3db11918 bf63e19e 3f1ccb94 be7ec601 3f48c9e5 3f4bcc01 bed5ac19 3e990a3f be4525c7 bcce1fa1 3cbb982c bf15fbe6 bf3e9025 3f542bfd 3e69b4ec bf5fd9e7 3f3e3bcf bf59c421 3eeebb4f bef9f7aa be813eb1 bf05bf88 3f7f1d67 3ef0ff85 3ee029d1 bf71a022 3f635246 3c8d5664 be02e504 bdb8b9ac 3e770e7e 3ea52e71 bf6b720d 3f311027 3f2a1bb0 bdf98bd6 3f5e3e01 bf74b7e1 bf0fd9e0 3f4947fd 3da62799 3e636450 be805aa9 3f376420 beda2675 3f1c97e5 bf61b9dc bebe26ea 3e6a24af 3f1fc1e8 bf721603 3ebe02a9 be2104f9 3f468018 3f06616f be961674 3f28d9c1 bf6c9814 3f2faa27 3f4d73c8 bf78299b 3f278b9b be5cfd4c bdb46801 beac3af0 3f1889ad bf151588 3f3a4829 bf1e5dd4 be64bc14 3e9f3ab3 
bf1ccda9 3f261a48 bf7da3b1 bd6ef347 3e89faa6 3ed1b2a1 3ed3bf06 bf1c41d4 bdb60aa3 3eaae299 3ee3b35b bd830a85 bef24b20 3f3d05eb bf4ebde8 3f5ae1d2 bf56588e 3df5da58 3e8e0376 3e52ccb3 3f3117e9 3e2cb33f bf5a0204 3f69e23d 3dbdeaac bf57ddd5 bf58ec17 3d88f8ca bf63144c bf4af842 3f61a5d4 bf5581ba 3f151600 be7b9cc0 bf5c0e04 3f22479c bddf8979 bf4057eb be7e94eb bf41cdf0 3e60fe08 3e5af5e9 3ea32a84 3f1e35ab be6f7f7d 3e8eef1b 3b2ed673 bf26c3ab 3f340780 bea639e6 3f73f026 bf44f5c1 3f36a9ab bf651640 3f7937d4 be0fe3e9 3f4b0e56 be8855dd 3f60601e bf512df5 3f1f375e 3df90a0c 3ebc526c bed83f1c 3ec543a1 3f208009 bf2d95ed 3f1c0206 bf280dec bef7df88 3f19175f bf0ccfca 3e2183c4 be7c7d56 3f3a69a4 bf3b8fdf 3d5b0c25 beadfab3 3eb6df20 bf757fa2 3f6e1442 bf66d9d3 3dc1e944 3b77486f 3d72d05b be20b411 be94a601 3f3f3c23 be21a557 3e493577 bf29d9a4 3ebe1aa4 bf5c65f6 bebddee4 bd353140 3f46600c bf340de1 bd07b1fa 3e886af9 bde849ba bf7cb17d 3ee75330 bee21e59 3db05b63 3f57f1c5 bf0dc9f9 3f729a17 bf5453ef be9a2b21 be91def3 3f593a1c beecff55 bea94312 3f01fb63 bf3c1a0e bf161968 3ef37be1 bf615e28 3f44f202 bed7bb25 bf3b93e2 3f5563da bf22c7e1 bee40afe 3f34a418 bf1255e7 bf2c2009 bf5dd3e3 3f2c4d7e bdbbaad8 3d12b4f3 3e9a5b72 bf3b6f9d bea7be8a 3f205b83 bf5791f1 be945afc bf714e27 3f78a5e1 bf2efbfb 3f48b3d7 bf6043e4 bf251bd2 3f1bc9c5 bf15f1a1 bf02b7c4 3e8af33f be849ab1 bd025265 3cb6d7ee be517d1a bf34d5e1 3ecd671d bf3b642e 3eae1e66 3efc93e7 be339bdc 3e058d64 3e5b3657 bf5839e1 3f3137a3 bf1c65ca 3e8fab06 bf4b59e4 3f6b8802 bf22742e be78558d bf22dde5 3f7c3bde bf0fa391 bead8ebd 3f39602f bed4de5d 3e86e655 bf263588 3f68ba5a bebda753 be8bf77b becd3331 bf43e5e7 3f192180 be0e34c6 bf3047ab 3f416fe5 be97964f 3f57d1f5 bd5aae51 be85e6b7 3ecf4760 bf7813e9 bf0c079f 3db00d29 bf174dbb 3eec7ad4 3ea22afe bf21e1be 3f5c7a1f 3ed5ef29 bf5f940b 3efb9f99 be362d9b 3f2e0e20 bf2487c1 3ebe6744 3da38a76 3f1785c5 3f3989cd bf68e633 bf7e3363 3eafe2e9 bce89ab2 3e4d8bee bf6fc826 3e8ec320 3e3d9635 bf2987bc 3e476b43 3ef832dd bf314fa9 be857777 bdf918aa beeeaf15 3ea6bf54 3f6337bf bef45ee1 bf28697d 3f3423fa bf2067c3 3ea382fe be928a7e bf18bf9b 3f44a20a 3f2bb394 be45ccdf bf51abf8 3f7f098b bee3caec 3e1eb429 bed00b3a beb87668 3d17f1d0 bf4d87f7 3f432c10 bf06fd44 bf4333f4 3f60ae13 bf41cbb8 3f4ac7ed beb2d281 3cdc9497 3f05b79d bf636603 3ee6773d 3ebbeee9 be960ddd 3e9d4b27 
bf472e45 3f2ee5df 3eefa368 be910b3d 3eae46ba bc09bcc9 bf51c3f5 3f4bb016 3ebf2721 bf69a655 3effaf9f bf246f95 3f7f1951 bf7107f3 3f24d9eb bf409822 3f268fc2 beaaee43 3e929290 bf589640 bf0375c2 be82ce9b 3f7a0f83 bf55ee7c 3da54a10 3f44ba3e 3f160dce 3ee5cef7 3f5f1de8 be9b8304 3e92bbb1 3ed58a96 bf52865d 3f2b3636 3f2a51b7 bed75f4a 3d877759 3e8f7a73 3f7213ab be2e948d 3f1aa5fc bf059783 3cf8db54 bf515bf1 becf7f03 3f584425 bf487c0c 3f47f7d4 bf4673f8 3e5d4445 bf6ecbf8 3f7875e5 bf01f395 bbf0b9e0 3eb83adc bf2de5e1 bf048167 be39ce1b be85ce3b 3ef3c6e2 be0bad7f beff8f95 beaeb27a 3f4a7368 bf591817 be2dce6c 3f0ea7b6 bf075da5 3f6d8220 be9e36d1 3f588a45 bf382dd8 3f62a22f bf191bcf bee48f05 3f0dabf2 3e90a9f8 bef6cafc 3efcc34e 3ec92af1 beb96a60 3eb70ad6 3eac9e34 bea4d650 3e586606 3e667d16 3da5583d bed28264 3e0202d1 beac469d 3f36a608 bd7f7055 3f01cfbf 3f685c31 bed40b3e 3f0431dc bf3e3f84 3f2ff9b1 be12d5a3 beba5768 3f674615 3deb8b33 be894271 3ec60f7a bf3f99e8 be96f691 3e87eb6b 3dbf7726 3f5a7f79 be18c4d9 bf0a57ee bd2750a6 3da1a6ee 3ed1efcc 3d5a35af 3f236dc4 bde298fa 3efdbf78 bf011175 3e3d4c63 3f5d9c06 bf3ee1f5 3ee27a61 3e79456d bea53aca 3ebed74b 3ee43b65 3f75fa29 be0c83bd bed45636 3f568fef bf790bc8 3f7dada4 be387ba3 3e165b73 3e91a9d9 3f6729f7 be17c4b8 3e9beacd bf2dec18 3e6c73c4 3f0241be 3f5b100a bf6301d6 3f6db40a 3efbabc2 be38d5cf 3e82a2ee 3daedb29 bee1f008 3f476dd0 3ebfeeb2 3d306c70 3e84ca3a be0c5d85 bf4e1c31 3f57064d bf457415 3f1051ad bebe32f2 3ea5236c be909a72 3f2001ff 3e488cb8 bea1e29d 3e262c78 3e29566d 3f0b7e2b bf45abff 3f4629f9 bee63eeb 3e4d2d45 bed5b736 3ed29765 3d9d8963 bf642017 3f60320d bf0d4fc7 3f593840 3f5751f7 bf76b821 3ed12af8 3ec73a6b bed1cab4 3e887e6e bf7f8f16 3f390fdc bef32eee 3e12b5f3 3f2e43ad 3e341db4 3f2533bb 3e942740 bdadf749 bf6b31c2 3f6fadf1 bf335200 3dbc18ba 3e9366fd be3304d5 be6e8dce be4f5c80 3d67cc1f 3f0c8db1 bf5f17f5 be987a78 bf76ee12 3f7783e5 3f0d259e 3f094d7a bf5c71d4 3f10fdb9 3e6b4c53 3e8eab47 3e4784e6 beda9bc9 3f6f5829 bf519bc4 3f0f15c3 3e75e524 bdf706fa 3ef0ab91 bebf62b8 be815781 be8fb2b9 3f065be2 3e579cc3 bf348fbf 3eb8eb5a bde87a89 3f7f0db6 bf5981c9 bf27fbfc 3de059bf 3f07eb70 bf09897e 3e48c3dd 3d5dcddd bd20ef73 3e243425 3ef39a64 3f19ebe2 bf0885ea 3f7ade00 bf001979 3ed7aba9 3d0f3055 bf717604 3f571031 bed35a7a be800e37 3f3da3c2 bf3a4606 3e3ce356 beecafa9 3f6a3831 
3f0befba beb48add bf3daa12 3f2a7be2 bf7615f8 bdceeacb 3f5e3fec bf552008 be750c5d 3f56720e bf780810 3f5d2c16 bf67702b 3ea28a03 3f152c14 bf1d39bc 3f77a7c4 bf2a3369 3d91199e 3f6817e0 3ef6a7a7 3df3b9cb bf5e3a16 3f4cd1da bf3877f6 be1dcd8a bf1c821b bf4ff057 bedc8e6e 3f3bb409 bf7bb998 be2f05dc 3f73100e bf64741c bf2e6408 3f12878d bed58252 3e3824eb bf562000 be492bf5 3cc99e41 bf07c7de 3f0f05cc 3efb22b4 3f4ef3d1 bf7865eb 3e9fb236 3e8a1e9f 3c3abcba 3e341509 3f244fa7 bf480178 3e91ba5c 3eefb390 bf76f3c3 3f75580b 3e865f2a 3f39eb86 bec4f6cf bea895ff 3d6e7426 3f3c75e5 bdfc9969 bed5b2f9 3f795c20 bf5a963b 3f3e5638 bf75901f 3e8ef5fb beca62b9 bec8cbc3 be1706d6 3d99bb6c 3e5edbf2 3ee7c6e5 bea9dac7 be934a58 3ea8c710 be7445a2 bf1b4f80 3e97aeb8 bef68afa 3efdd77d bf3595c5 3f08117f bf7d5de7 3f57bbdd bf5c63af 3f1e8a10 beb03b76 3daaf90d bf364df9 be80beb2 bf30cbfa bec20aa5 bda8a800 3f1c39d7 bf05c3ab bd3df03d 3f09cfb7 bf3d9dd9 bdbb19b3 3d032e8d bda967de 3ecdc278 3f1c5831 bf1ab3b8 be2434eb bf4b8c01 3ed71af0 3e225d31 3e986adf 3e70f5c9 bf37ede5 beb3bac6 3eb98ea4 bf6ea214 3e612650 3d4ef1da 3da0fa91 bf70bdbb 3f2a776e bef92738 3f0665b6 bf304bee 3ee07b8c bf3e53a2 bf094f98 bf006b4d 3f021b6a bf766ffe 3f6195f0 bf545635 3f332da9 bf47edfa bf00bfc4 bc6cc534 bea4fa76 be32ad4b 3f6e9bc1 bf1827d6 bf16a3c9 be7a4c8c 3e63a4c4 bf0c43ac bf22a7ae be309c13 3d3bec7b bdfe5af0 3f03bfec bf6f01d2 beb94282 be77759c bdb4762b 3f264dac bc97a4ae bf270423 3f708fe2 bf52aba7 3f7c2589 bf3121f7 3ecb8b04 bf5f0e17 3d9eb70d bea58a4a 3f363fba bf4495ff 3f1885dc bf2225aa 3e8c4254 be7b6d21 3f3b23cf bf28c9d5 3ecf5288 be1fdc66 3f3b49bb bf6e5814 3f567de8 bf7dade5 bf258dd3 3f63bc1f bf0e2991 3eafdb11 bf2d9b83 3f20a1a3 3ebfe6f3 bf2dcf5e 3f7641fa bf715e2a 3e20952e bf00134b bed24645 bf50842e 3ed6565b 3f1e2fbf be2223f9 bf07cb56 3f0887b4 bf7d7565 3f689bff bdc709bd 3e547496 3d17b13d bf34da02 3f70cfda 3ef0579d 3f1dc5cc bf08b1c4 bee90e5b bf4101d6 3f26dc0a be551e1e be59e4d0 bf1791ab 3a1ad14e 3eb44242 bf37a1d3 be1ffcb3 3f3791be bf7b69b4 3f14ab71 bdfbc90e bdd25c7f 3df7f7ff 3f22e9bd bf059b58 be92c285 3f224d6d 3ef39348 bf31c3e5 beb852a2 3e8ea34f 3f686835 bec72e3e 3e43edb5 3d8b1774 be591478 bd849a95 3f194fc5 bf3313c5 be149653 bf4cab82 3e6f163b bf6039a6 3f70aa1b bf5dc3d0 3e7e5e02 3f531007 bf5aa018 3f3eda12 bf556a45 3f6f4015 bf0c47b6 3ef1e711 3d9dab29 bf42edd7 
3e397c7e bf085614 3f3f1bfe bd9fe9d5 3f231a35 3f038f99 bf6637e8 3f6c55f4 bed90e4b 3e8f0e17 3d0591c4 3ebd9a9e be9d2f4e 3f17c5c6 bf7b55ba 3eac6228 bf42f5b1 3e9b5580 bc6db533 bf1f19e2 bf7cf3d9 3f5291bc be12ceb9 3e602e0e 3ef202b6 bd5530fb 3f6f7e4a 3e6ccc3d 3ee59e82 bf29a7cd 3f6d11b1 3e5e1d3b bf5eea22 3f4bb3e7 3f500420 bf48e7e6 3f4309b5 bec506c8 3e918271 3f3d07c1 beb5f73b 3f6bc42f bee0a260 bf38d405 bf275fe0 3f7b9799 bf0ee353 bd5a6ddd bed61f57 3e7cb523 bf09d1b2 3ec55363 bcd62793 bf07ddc7 3f589025 bf2f8dbb be8999df bf2cddc3 3e8cf63d 3f5c441b bf3e2f9e beca4322 3f0cc549 bf261c08 3e3e43f3 3e89237d be9fb681 3f4a7de4 beb6329f 3f15ebb2 bd8af767 3f66be18 bf2ef1f9 bee6d6f6 3ed91a88 bf2b23d6 3f29760c 3da755c2 bef98ad6 3f7df3c0 3dd1971e be3cecf1 bececb13 3f56a201 bee6a75e 3f2eec23 beaa6eec 3ef8b75c 3f078785 bf31e005 3f128d76 3e9f5b22 3f049dad 3f0ed142 3f73fc4e bf5cea09 3eff6aac bed69b92 3f315d91 bf7f8968 3f74f3ab bf135fb4 3f4a9a71 bec612cf befa50a5 3e3d8cbf be263570 3f3711ac 3f204d9d bf5133b2 3e9d66d6 be9a2ee9 bf0e09cf 3f5d01f6 3e204cf3 bd9a6874 3e8a6af2 3f27d3cb bf3fd3ef 3eb4e2b1 3f67d033 bf6fa423 3f420e41 bf6a1c4b 3f548665 bf0251cb 3f2df7d7 3ed152ba 3e85566c 3f496bf5 bf26b7d3 3f6a1e6e bf3b6bef be4e74f3 3f4c21ff 3f294a07 bf03efc8 3eec2ebe bc19bba2 bf5153cf 3f7303ee 3d5f10ec 3e979289 be08538d 3f18dd7f 3f048d81 3ec7c692 3e6a443d bf43c5b0 3ec21a47 3e9d7296 3f54a3d8 3ead062d bf0e37b2 be9daa84 3e863f01 3f1c1230 bf68542c 3eb62722 beee1346 be2464ff 3f625bd4 bead1675 3f5e55f0 bd9cd858 bf21f012 3eb46b36 bef21f81 3f1d8373 bd95a72a 3c66b07f bf616209 3f5b5fef bea1eaa5 bf355ddf 3f07f55d bc38b6f7 bec0ab21 3f787010 be29339a 3dd4c9bd be8aeedc be00c5ad 3f5d0c5d bf6b99c5 3e05d570 3cb5a518 beb76700 3edcc33d 3e897e98 be169c2e 3f2e239e 3f63100f bed18264 bf261816 3ea4fb9b 3e17633c 3ea80e69 3f0cabce bf25c1cd be01a427 be1bbd6f 3e5d1425 3eb68aed bf7b1f8b bd342fa3 bf533c64 3f0b8d79 3e6afdcf 3ef97747 3eca0eda bf671e3f 3f149bab 3f5059ed bf5e5de2 3f49f830 bda1da1d 3f25a9e3 bf6099bd 3f4429c7 bed8e2ab befda3e5 3f4a69fa bf333996 3e82f6f7 bf1717df 3f7f7935 bf54fbe0 bf6bd2ad 3f5f2a3d 3e946edd bea41f7c bef1feb8 3daf8a91 be973ecf be925a71 3f310e06 be96c221 bf254380 3f7cdc08 bcac18c1 3f24cfea 3f16393f be9ca6da 3d9be971 bd90685a 3e9532e8 bf1d2db8 3d665744 3f062166 bee50aea 3e149e23 bf448e2c 3f499023 bf1905d3 3f1e0bf7 
3e4e3c03 3ec33b55 be5444af bec52323 bf6e27fd 3eb90649 bf27c97f 3f4e0a4b bf731bfb 3f17b9a2 bf26eba4 bea8c331 3f14d3cb bf3c89f1 3f1f1ba2 3f2091c3 be3674e6 3f376e11 bf0cd350 3f7e33ae 3e9e6e31 bea599fc be9e1aa7 beac7f9b be34e4a5 befb9b2f be1c4313 bf2545fe 3f221fc3 bf6b6975 3ecb4ac8 bf2de405 3f1963dd bed0eaec bf668e0a 3f4a47c4 bf6bc443 3f22d76c bea4a723 be5034a0 bee73f6c bee19726 3d8096c0 3f7d0811 3d1a77ba beb356d0 3e49d62f 3f07495b be9d0709 3f23c221 bf18cb88 3edb436f bd0c9467 be09a332 3e230bd9 bd0a31fb 3e2bc475 3f4b09e1 bf4b3c29 bd71136b 3deb08b2 3f3b622b bf3c23e2 3f6d5ddf bf2b9ddf 3e2e6472 bee03e7a 3dd2a8cf be66d545 be8b5b09 bdbbda4f beed476e 3e455419 3f66981c bf3c2a45 3f5753bb bf3081af be894e47 3f246ff8 bf63683b bf1c45de 3f63767f ba5593f4 bf25fdc4 3ed67f84 bf03b3c3 bd104ff5 bef5837b bf78c5c5 3f680e27 bf3c77ca 3d9e7930 bf441fa8 bf447ddc bf33f1d7 3f7c5b51 bf47b1ce 3ee7c345 bf1705e8 3f65c3fb bf21b5b1 3f191b79 bf64fc03 3eb95272 3f1981c8 bf4897f7 3f23a5ed bf7581f3 be99523f 3f5d6a50 bf43b21d 3f6223a8 bf00cb75 3ec9562e bf0dcbe2 be536d1a 3e6ae4dd bf7ad00c 3f6bc7bf bf58e5db be900ada 3ec70aeb 3e0d4b84 bed53aac 3f66ee3a bf5c9880 3d87493b be9792dc bf0e3fc7 bf34c9d6 3f0097bc bf69c454 3f7ada08 3dc91b3a bf18dbf2 bf32e804 3f408c21 bf295dc2 3f62d1d7 bf23e1ac 3df07b45 bf16f99b 3f12edc0 bf35c24f bdcf09d1 bf3a8ba7 bee9d6bc be78bd4f 3f7f5b80 bea3ce55 bf0edbb1 bf5ecc06 be4ebd5c 3f3b15f2 3dd30cd6 bf295211 3d1dcc6e 3e67edd9 3ecc12c9 3e891246 be284489 bf23e42c 3e62a43a bf599632 3e4415ab 3e98174b 3efe071a beca6757 3e797c10 bf2015ba 3eac76c9 3f6c8050 bf6f5de4 3f0e49a6 3f192b72 bf3335b3 3e63cbb2 bdd2fb0b beb0ba96 3e246494 be36ac7b 3f10418b bea1f377 be214c4b 3dc0fa59 3ef29edc be7f855d 3eb5fe81 be5d139b bf1b09aa 3f4dc9c8 bf7365d6 bf74e817 3f78a00b bef84af3 3f1121d1 beff8703 beadf708 bf25076d 3ecf3752 3ea91644 3e8b1b38 bf6539ea 3f47420b 3d4af035 3f2f6c2a be92da35 3f1b93d7 bf4efbea 3cdadacf bf5f53a9 3f7e3b6d be376490 bf52fc12 3f5211bf bf0995ee bf59a7b5 3f58988b bf1eebc8 3e0463a2 3f00bb93 bde729f9 3eb432dc bf0e93cc 3f005128 3e56ed5b bf307748 3f300579 3f6b3e1f be8ed1fe bf6ba1a9 3f7e9dbf bef10796 3f1765e9 3de618b3 3ea48e42 bed7c69c 3ccc2e08 3f05a16b bf4babdb bd95287c bf5e83e6 bdc7faf0 bdd53a91 3efdab3d becef63a bd17d1af 3f0fc992 bf1a8d90 3e06443f bd04ad10 3e44f57a 3f3f67c4 bf66d1de 3f15e604 bf6391bc 
bf18d7cd be1d0cd4 bdb5d47d 3f2e0805 3eb17a7a 3f04f796 be968ed5 3dee29b0 3e7d85d1 be6225ce 3f46f1f9 be936a96 3e31ed77 3df3e9d9 bee91f31 bddf6771 bf734fef 3ec69775 bf1997e7 bea23313 bd800b3b 3d2e502c 3f3f95b8 3e95d343 3da169d5 3f3d5786 bec42f25 3efb4b04 bedbe3b4 3f716bde bdf36995 be891ecc 3ef02fbb bd9f595a 3e8bb69f 3f122563 bf45420a 3f7743fe bf6bc9f1 3f109f52 3eccb75c 3f2a91b8 bf00375c bf2f81ce 3f2905b7 bf33a9c7 3f0bc74e bf7a07cf 3f2517e8 bf40d9fa 3f21efcd be8aa39b be684511 3f369bb9 bf7e6ba2 3f3e7050 bf100bc6 3efc030f bf0ee166 3f7bdb7d bf7f2359 3e6923d3 bebb1f1d 3cafa257 3e54ae52 3c9b581f 3f1ac7be bf2ea9ce 3f1603da 3e7dd53d bdb999ac 3e4bfdcc be417f12 be19abe5 bede3ae5 3e36f42f 3eddceb6 be3bcd3b 3e8f7e7c 3db7e7a5 3f45ac4c bf2ec3ef bd8d6a11 3ed9def5 be42d468 bbd3a9b9 3f297423 3f2d8df9 3ebbb282 3eafcb35 bee532ff 3eecf704 3f126bd4 3f686032 3ef66aec bf7851ad 3f40d625 be191c84 3eba0a5a bf6557ea 3ef942ba bf281bf8 3f763bf1 bf1bb194 3e52f500 3cf79d29 3d0091f3 3f43b239 bf44a9ac 3f085d75 be7676a7 be914e22 3f438bd7 bf6e4ba2 3ee5a2cc 3edaf393 3e0c7400 bdbe4914 3e85c737 3f01ebc4 3e384d51 bf3c75af 3f14dfa2 bed326c5 be4323c3 3e913e37 3dfe7862 3e84b230 3eef3b66 3ec30b6d 3eae26db be81e65e 3dcf473d bf669643 3f73c9bc be51c308 3e9e535b bf19a1f7 3dc97a59 3d9de6f6 3f310bdd bedfdeec beb29ea4 3f5a8618 3cd61f0b 3f3a318f 3f226d82 bdaefa1a bf55bdff bcd9159f 3f68a629 3f7693ea bed58aac be485cdb 3d5af0bd 3eb79eeb 3d26712c be4f0c66 bf07339a bef6b76c 3f7101f6 bd88a985 3e738c9c 3f1977ea beff26b6 3e96eeab bf78b00b 3f1e2dab bed56315 3f22920f be6ce568 bf6533d3 3f2de3ab bf32cdaa bbdf5300 3e181579 3d25f467 3f2f5c09 bf51e048 3efc97f8 bee34e9c be55dee2 3d80d88c 3f01f7b9 bf581a28 3f1de9ca bf4ed01f 3e994a84 bd2913d6 3f084d44 bf67ae00 3f7f1f62 3f1c1c0f bf633461 3f717983 bf4831a1 3eee605a 3e01fbcd 3f6f6845 be672641 bee912de bd19ce66 3f1eafbc bf2a67a4 beaccfad bdfa7800 3e19c438 bed066c3 3e56570c 3f13eb9e 3dcd5738 bd8a1897 bf4e4583 3f7feaf3 bf774404 3f6e3ff6 3e7c4511 be2f7d81 bd632f30 3eee8747 bf327fb0 bea3d660 3efddb0f bf0b7196 3f1983c7 bf5edbd0 3f7acc0d bf7727f5 bf153375 be1055c3 3f7c7d6d bf744bb6 3f079f75 beca0a7f bf27cde7 3f1279ff bf63644d 3f7a97db bedb42f7 3e45c4cb 3f329bb1 3f205d83 be5023a8 3e8ccaea bf58ee4b 3f7ecd68 bf252984 3e4fb4f3 3ec8f268 bdb9e808 3bfc5e5b bf0b57cf 3e1d9bca bea0a6fd 3f0ae7c8 3f2715cc 
3f60bded 3e70837c bebb9382 3cd4dd14 bebbe6e4 bf584fe6 3f551415 bf6eba21 3f3e67ff bf6bb7b7 3e978f0a 3df52a01 bf303dbf 3f6b2448 bf240df5 3f32e1bf 3f279627 be350c94 3f4b7bea 3d3c31f8 3cf5e471 bf0c2fdc bebab71d bec8a306 bf39d7d5 3f0eed78 bf1b5784 3f2af607 bf00477a bf604a1c 3f3313d7 bf1dc1f0 3f380bc8 bf7485a9 3f13b9df bf7741ca 3f7245fa bf633807 3f0707a3 3cd96b1c bf09ef98 bf3a8993 3f7d718d 3c8ea0ae bf326a03 3f69e038 bed6521d 3e872a76 3eeff7b0 bf3cd9fe 3f5e13f8 bf4417e9 3e806a7c be8f2b42 3eb0be65 3e1eeda4 bf1f87ee be8b1271 3f1af404 bf56562f 3f6aebcf bdd798b3 3eef1b4d beda66fd 3eacf66f bf575a09 3eaf26ad 3ede2f12 bf4b83b0 3e623c7a becc4282 3f5e1036 bf48c1d1 3f31fdc7 be144c28 3ec61637 bf7d35c2 3f0ceda4 bf1065c0 be0c8c7b 3e2f34dd bf1ec182 3f3d97ef bf133bce 3ee68b1a bd3b4de6 bf5181d4 bf60de17 3c043e32 bf6faa22 3f4983bc bea3373c bf6e17df becf8f90 bf1047ca 3f63f601 bf2b336d bcf99dd5 be94e21f 3f6c41d9 be92a63d 3ea1d698 be1f0c84 bee74771 3eae3b06 bd8f65c2 bf0c91c4 bda5889c 3f75f682 bf538828 3eadb2c2 bdede79e bee15fcf 3f0a3dc0 bc7d3ca5 bee8235f bf23fa02 3f6bbdcd bf728de9 bf4825fa 3f2bdde8 3e973717 bf2d0045 3f6f6e03 bf3ee3ad 3ee4675e bcff69ab bf75ca14 3ee6bb31 bf34dde0 be4d3b79 3ecb2361 be9f0e9a 3f2173cd 3e10cdfa bf231dd1 3f448e20 bf16a7c3 3f648bf7 bf71d1dc be913679 3ef45755 3f19b7e2 bf7783cf be7d4464 bef91ace bf548de5 3ed1c301 3f6ad80d be4025a6 bf477bf3 bf704629 3f4b821c bf299bf0 3eca8f61 bedd42ff 3e458c0c bd6192f5 3f56a408 3dda86ca bf651e19 3e0cf614 bf07815f bd17322c 3f106965 bf3507cc 3f6dd40c bee77ed4 3efe57cb bf46a81f 3efc0b04 3eb2eeec be05dc57 3f3adbcd bf3967ea 3f51e810 bf772bd3 beb5d69f 3f6a79fd bccf5c36 ba03fad9 3f3d0bbc bf018fb7 be3d4bf6 3f3fd9b7 bf0705c7 3eba9e82 3ef5dead bf50bbfb 3eb5b690 3e810737 beef67a0 bed0872d 3f0ac9d7 bf3c900b 3e724b9e 3e5aa552 befccb86 bea7ef3e bf2881af 3f637c33 bf1f1784 3eb30e77 bc88db4e 3f0f477d 3db9f694 bf14b93b 3f594a04 bf2c67ef 3c56bc6c bee522fa 3eeeea94 3f03dfaf bed9defc 3f4199de bf7aabb6 3db4c6fa be7c4dad 3eabd2be bf253dac 3f4055a8 3e471677 beef079f 3f1ae7af bebe6ef4 3de71705 bd9a9731 3eaa13d3 3f720fe6 bed732d0 bd51ce2b 3e0364a3 3c772efc 3ccd2066 3f3cf3fa bf16496a 3f6de44d bf6069e0 be40cc40 3eb6ee98 bf78bde9 bf1d1dbd 3f1617bf be7ffd4d 3f0e93bd bf15c7b2 3d334f36 3e421676 bf6241c0 3eb7caf5 bcb6608d 3f341a22 bf3b7a0e 3f663191 bf7a1bde bf38720d 
bf03db96 bf0ad9c1 3f5b7bd8 bf7879bf 3f7773f5 be9783e2 3f6485b6 bf704c2a 3f5cc439 3daccb9b bf26f96b 3f1937e6 bf11ffdc 3e85b62a bca563d9 bef45763 3b0b7bb6 bf6617f0 3b8c8517 bf263f72 3f46f7ef 3ee10752 3e504ccc 3f2d3403 3f1e5bd0 bf65d3ca 3f05ada7 bf110bad 3f2eb3b9 3f2d2be6 bebea2cc 3e974702 bf0e7196 3e1f3c8a 3f50621a bf59cbd2 3efdc3ec bd86daed 3ceda229 3cd3294b be3dc4d1 3f46da00 bf5773e8 3dd5b9c9 3f2bb1a8 bf6233ce 3f07339b bece7353 bd95369a 3e844e41 bef7af31 3eb8bf5f 3f050fc0 be3fe4da be1c153f bdd0898c 3f45a3ce 3ec3ee7c bed946cb 3e954302 bea00291 bf4c2fda 3ed39786 bdcd3848 bd3dcd00 3f43f3f6 bf269da1 beed22c6 3f7851cd bed1c70b 3e1073f2 bf27237a 3ee2c2ef bedc0ada 3f0ccb54 bf4497cd 3f2c9df8 3f139991 bf20b35e 3f4a6838 bf28f9ec 3f429a06 bc961991 be8e2af7 be8e2f06 3e27ecf0 3f4eac59 3f311a1c 3e550cbe 3f48b7c5 bf286bab 3ea1b6ff 3f21bf84 3f559600 bf427dd4 3f5ff1c8 bf39e7c8 3f679015 bdf715ce bf5ac3f8 3f0b6555 bf56c9f9 3ece8b1e 3f46b1d1 bf4b6201 3e57d6bd 3f7e2bf3 bf6d65e3 be70f55f be1cb5d6 3f159dc9 3e1c1dd4 be2e7c09 3e9d170e bea4aab7 3ece533e 3ef5ffa0 bf0c53b7 3f502018 3f62e23a bf4ad5db be9fa2e3 3f09cda6 bf22eb71 3f7e0b8f bf6c864d 3f02ad61 3eaf85e3 3e656e58 be4863fd 3e49040c 3c53b7b2 bd75ea55 bdb8d99e bf6e3a1d 3f3e19c1 bf5ac7df 3f584c0c bf4e6625 3f59bbd6 3e9a6eb4 bf1e33bf bf06ef94 3f1a85e5 3f57f815 3df966ea 3f63a5ef bf2fafb8 bf71edfe 3edad6ef 3f510c06 bdebc71a 3f0c55a5 3d08f0f6 be33c54b 3eae2b0b bef6d77d 3eaf2e9c bf7cf79b 3ebfc721 3ebaff3a 3e9b2ab4 3f1843a1 bf3de3ba bdc5685f 3e8c02ed 3e590d1f bf0541b5 bd67f814 3f1583ba bf38c5c7 3ee707bc bf4ac053 3e7e1cb6 be5cb61c bb6cb705 3f182796 3ebc9f42 bf456e2d bf24dd7c 3ed61a28 bf53b42c 3e5f44f3 3eda86ed bf5e7418 3f19c188 bec45288 be45a526 3e0b0424 3ea92ab2 befdfb1b 3da804eb 3efd1ec7 bf12f7b4 3f57c1b5 bea39aa2 bc774ac5 3e1b1cb6 3dd34922 3f39d9d1 3d762f26 be8cf66e 3dc8a7a3 bed20aa4 3dfe8700 bef7d76f 3f0f1fe4 be815b89 bb5ef15e 3f2e81e0 beb5ce94 bf08fb86 3e0b6542 bef176d5 be58c584 3ede06e6 3e940e4d bc63be1a bc8dd92a 3ef2733e bf7cedcc 3f23d206 bddf58e3 bf14b3c4 3f0f83b5 be6b6c84 3df45be8 bee64b7d bf2e0200 3f36b5fa bf31adca 3f061f93 bf0773ba 3eaf9ef5 bf3f382a 3edeeb03 bef046a7 3f06b5ae 3ed00b5e bea92ae3 3f713bec 3ea23de3 bf01f78e 3e5de621 bf207da4 3f3d25a0 3d31cede be2413fc 3f7143ac bedfaf55 3dbe5743 bf4f71f9 3f7325fa bf3965c6 3f592030 3f0f29e1 
3f70b446 bf3dc7c6 3f431fda bea83eab 3f3963e7 bf75fbc3 bd6d9489 3efdf714 bf6ae415 3ef77ba8 3e592d5f bc2e40a3 3f2beda2 bf359e25 3ed40395 bbb196c0 3dbdb9d4 3f2c0981 3f17b1a6 3c2ed069 bf717415 be09945f bf16b3a1 bf07b3f2 be6b64e0 3f1a37ff 3d881a3a be70d551 bd4a6cd4 bf7f7f59 3e3934bb be23fbd1 3f7e07a0 bf0587a6 becc0f29 3ee22adb 3e8e873f bf3477e9 3ef4a3a8 bf09f95f 3f2e2c18 3e94d788 bf526c25 3f6cf7a3 bf469fd5 3e571b7f 3eee4b1b bf569209 3f7be386 bf46ddae 3f73f7a2 bf5c1805 be43bca5 be924a5e 3ec156a8 bebc7edf bea0631a bf39720e 3ef46f61 bedd366a 3f610bf1 3e2acb1a 3e59cdc4 bf086fd8 3e4355b7 bdc6a747 bc98265c 3f6d9fea bf676240 3e7fddb2 3e92fb35 3e96ba6b bd87b7c8 3d9b4b65 bf38219a 3f7d5381 bf180bf2 bf5a9033 3f2bbfaf be02bdaf be3f1dd1 bc3a2c05 bf4d8df9 3f214d9c 3f1a39f3 bf2abff7 bf2177bd be20e54c bf35f03d bedd1b51 3edabe8c bdabd9f7 bf7ce19e bbd67493 3ecfea80 bf5fb85d 3ef55f85 bf12f5fc 3d9c98f8 3efd6774 be9db6d4 3f6ea7e1 bf4223e0 bf177389 3f7b47ad bf016fd2 bf10c1a5 3f193992 3f5467fd be0e8c73 bec2fb1a bf3f8bf2 3f2a0192 bf131fb5 be6c9b5b 3e4735a6 be27fc90 bee8b6ad bdfac897 bf7be7c0 3f16df9f 3f02f5c4 beb32e73 bd845906 bf253f57 3f4a01ad bf4f0fe9 3edfb767 bf7a11f2 3f71da38 3de577a3 bf1437b4 3e8cab05 3dc6d7b1 3f1cc3a4 3ececf09 bee96baa 3e1e04d7 be9e5aef be31043e be82faf2 3ea879ff 3f581c4a bf52a83f bf2623a1 bee7cb4d bed82b5b 3f48ebda 3f473c10 bf416059 3cd02359 be298cdd bf4fbe4a 3d66cc7e 3edc6f53 bf2371e6 3f5f55dc befabf4d 3f26cb5c be99eb2a be053415 bf449e06 be0844c6 3ef1eef3 3f3c7dcb bf2f2ff2 bf2ba799 3f6b3051 bee8b325 3f1959d9 bf3dabc2 3f694df9 bf42420b 3f4adc1e bd555071 bea18b31 be6f3c5c bec3ea97 3f62e60f 3efb579e 3d578f67 3e1c9cf0 3f17fe0f bf4159f3 3f421fd4 bf030971 3eb196c0 bcda6da1 3eb1a336 bf5cdc53 3f187bf9 3e51fd6e be3fbcda bcf121a0 bea6ceab 3ed3f2ae bf473842 3f578c0c be56c4a8 bf462ffd bec3e72c 3dab5873 3f30b9ec befd2ecd 3e86ae67 3ec08aab bf1f59fd 3ef1335a bf2ca9c2 be130600 3eda6abb 3f710def bf41c7fd 3f44c7c1 3ec88f8b bf04eff3 be0335ea be60ddc6 3dd5da02 becc2a9a 3f727bc8 bf58a1fc bcc926a0 3f56ea61 bf2459db 3db158c8 3ec5231e bddcb978 3f1c2bd6 bf156369 3eb66ace 3e2a74eb be2084f0 3e0475af 3efedf60 bf259a08 3f1297af bf7a0bf6 3ebaf389 be963a8c bf5fec37 3f36301d bf5889fe 3f63d836 bd95997d bf1907de 3d6551cc be841613 bf12d1ae 3eda0afc beac4eb6 3f74c40e bf6ad3d5 bd9b2a58 3c0e3c8a bf78cbd8 
bf0a75a9 3f76d1e8 bf787418 bdbbe962 bf0a6fdd 3f7ed563 bf38b7e0 3f62a618 bf1a3b96 3eb89b99 bf027dfd bf2819b3 3e859e22 befe6b4d 3f7b41f9 bf7387cf 3f1e8000 bf5638b0 bf367e00 3ed1a3fb 3f7db3ee bcf3649f 3f510805 3eaaeb5b bdb89678 bf2bee3a 3f03edaf bec8d766 3f081f96 3eeae728 3f408fe8 bf3653c9 bf0341b7 bd111126 3f4ea7f6 bf7dc9aa 3ea3531b be5d1c5c 3f149fcc bde3896c bf50df69 bf106984 3f7f2578 bf263be8 3eb5128f be4253ad bd086c3d 3ece9705 be6dfd8c bea0861f 3df08922 bd3110e0 3f5f7402 be8c92e9 3f3b9ba9 bec126fe 3f4779f5 bddec8b7 3f28dba0 bf0a3187 bea9d291 bef89b83 3d219629 3ee39a91 3db5e9bc bf49a61b 3f153dfb bf22be1e be4b7444 3edaca5f bec71baa bf4b8a0e 3f625006 bf0d7fda 3f66b837 bf78c9bf 3f4b121b 3dc7db9b 3e60e5b8 bf5879c5 3f5765fe bde1e869 3f3a09b2 bef31760 bf14ee06 3f136bb4 3f441fa6 bedadae0 3f4b9a0d 3f3281ea bf753ff8 3f333bdc 3edb0a7e bdc9aaba bddb37fe 3ed26b5f 3e640d86 3d58d5b6 baa601fa bbcd7723 be11ed19 bf04f1d0 3f3f43ff 3ebb461e bf7ed96e 3f20159d 3d9d295b bea11299 bf60f80e be46fd0f 3f437262 3edc62cf bdacb6b0 3e3b948d 3f58c616 bf2167f4 3d1a2e77 3f5c0bbe 3d8ea93d 3f072b89 bdb3d77f bf641c5d 3f41cfd0 bdddd8c8 3f700a34 bf54103d 3f7a3bab bf303449 3f353b83 bf2f0e6e bf3a0a36 3f733214 becae7b5 3e48f38c bf65bc02 be7165a4 3e80e1b6 3e98ea5f 3e0544ba 3effeb6f bed37b06 3da3c930 bf5f89d8 3f70ea08 3e8f76f4 3f5ba218 bdeed97a bf5d5001 3b2586a7 3d62324d be3a0500 3f143152 3f259610 be9c4b5d be318ad0 3e6f8ced bea06b6d be2193c5 3eaf06b2 bef6a705 3f38be14 3e10c566 3f2eae09 bf3dd3fa bf7da788 3f6e45da 3f15a60b be4a14d1 be842744 befe0ee7 3f37c9cd bf24afbf 3f53effd bf2ee197 be972b60 3f535fdc be5565ee 3e29ebf9 bf1f135f bf2f59a8 3e9c8b6a bf4081f2 3cfade7e be9102ad 3ed7d2f0 be9f0acd 3f0137e9 bf7e07b6 3f48ac25 bc08d4d1 3e29d519 bf2e37e3 be1fd536 3f47142a bf315d6a 3eabbe6f 3efaf300 bf61f3ba bdec98aa 3f5f0e05 3f0a8c31 bdb43bce bf298c29 3f0e7fa6 be902e57 be0fb3c8 3df6480f 3ccb2344 3f3a4bc3 bd08ce7d bf38e1f6 bf745b7f 3f4f6db3 beeddfe6 bf4c3dfa 3f2e3e3c bd1d505a 3efe778f befb2eee 3f285fbe bf779fb1 3f3783ac 3eb472dc bf568c04 3f23adcc bf1c83f8 3e9ff6c8 bf2343e7 3f37b81a bf1385c6 3f1ae5f3 bf5ae61b 3ee42f17 be50e588 bef9372d 3f7323d2 bef802e2 3f69f605 bf00ab68 3ec8f68e 3f077bd8 bf3633c4 3f7cf5b0 bf4edbee 3d0d175d 3f53ee4e bed01fb6 3f3a67de 3e7ebdf4 bf132186 3f1f0006 bf667211 3f4191b3 3f35e19a beec5e35 3f472a0e 
bec5e6ce bf06bdac 3f1cb18f 3f690804 bf0653b3 3e94cf11 be81ea29 be514da1 3ee3f320 be88725f 3f430bb1 3ecb52db 3e015525 3dc52434 bf37abfb 3edf7f1f 3cf39e66 3dc8d9ff 3f75c9ce bf6aabf8 bf0ec9d0 bee692a4 bea29f6b bf1da202 3f5db3e2 bd39b0b2 be99d703 3e98c31f be99133a bf1253b1 bf6a4dfd 3f673824 3e9556a8 3eb4834b bf3757c6 3f60ed8e be92d26e 3ef0a319 bf6dfe04 3f0ea1e0 3f4401ef 3efd1775 befd1726 bc134359 bdc0bdaa 3f34bdb3 bf1eedfd becb4f04 3f37cfde bef04e88 3f42ec32 bf270992 bdeb97a3 be91f288 bf6d8211 3e7eb48f beb5abe5 3e6f7ceb bf784fba 3f350a18 3e976330 3ee85fd4 be338cb8 bedabf85 3db24c15 3f4cfc2e bf0167d2 3ea40f74 3f1f91e2 be1facd8 bd667087 3f7657fc bf600003 be30e490 3f074bd3 bf202ddb 3e45b3ed bbc84df8 beea53a9 3f7c5992 bf44dc26 beb0bdf1 be50a3b6 3ebb7a65 3c22bccb be276d57 bf311626 3f21b5bd bf57c016 be39851d 3e2734b9 bd665168 beca8f31 bdc5c82c 3e7c84cb bedad71b bd9eb6e3 bf02cdb6 3ec3af77 be9b2e55 bcfbebdd 3f0dbc22 bf71b01a 3d3a54f5 3f4961c6 bf02fdb1 3eabdaf4 3e713e13 3eb88ada 3f5111a7 bf778c10 beeb1309 3dff0953 bf6c0832 3e08c436 be5103e2 3edab2dd bf7f752a be4194b2 be7fe4af 3eab7751 3d2dd051 bc83e0f7 bf417be7 3d8997e2 bf150bc2 3e66253f be82469c 3ef9a6be 3e2b8dca 3eda4ea4 3e0013db bf56cc6a 3f378e15 bc19338f 3f341425 beff36b9 bea4f71f be160d57 bf445213 3f71b775 bdd3d655 3e860328 beff672a be9986fa bf6bd843 3f5cbc61 bdf4c959 3e5c655e 3ec382a8 be039c88 bf0c274f bf15e39e 3f357fc2 bdb058de bc54bf1d be1ccbae 3ef4b72e bf2bddf0 3ef4d727 befa6307 bd446ae0 bf7d9789 3f64fe1f 3f674222 bf250000 bf4e799f bb612a2a 3e3c3d48 3f6b47d4 bf40bc12 bb3d3854 be53960e 3d8959bb 3f16ab87 bf74b43c 3eee6722 3da7875f 3ee3379e 3efb52ed bdc4aa6b 3ec5be4d 3f4387dd beee3301 3eceeb04 bf565ff4 3e9b72bc 3f3393af bf5bb3e0 be4aac87 3e8f16b9 3c906660 3f3bd1cc bf55a7e5 3f65e3d0 bf5acbfb 3e6a6e92 3effc372 3e503d0b beddc337 bf6ae257 3f088d95 becd8a37 3f211568 bf2c47e9 3f1749e4 3d667264 bf1f8fe4 beab72e8 bc885654 3f76239c 3f55b85c bf22cfdb 3e936ea7 3ed29bd6 3deef9a7 bf7aadbc 3f34c234 beff2f90 3e47f422 3e3103b4 be0a6b92 be87960f beb6925a 3f28a365 3db2f7a4 bde31a0b 3e90fea3 bf2a19cf 3ec7cea3 bee3ef02 3f292a3a bebada71 3f26a1c7 bf1bdfdf 3e1aec9b bf597fd7 3e82f251 be4fdedd bddfd720 3efc2bb3 bf7adb95 3f4325b5 bf45cbaa 3f1d9dc0 bf4b33c3 3c2abb9c be879281 bf140392 3f648245 bf0d9bbb 3e9032fb bedc779b bf489612 3ddacb32 3d1e8c50 
3f1fd5b8 3ef24344 bf58d055 bf04cd48 3edb231e bf2e4baa 3f7ba7c6 bf78b61b 3edc7f97 beefdf18 bf07c5b5 be5c85cd bf0eb9a0 3f2e1be7 3e0504c5 be2c8464 be4bb5ec 3d6ecca4 bef41321 3f70d609 3ea662e6 3f1743be 3e957a61 3e178c95 bf3ff9e4 3ef1ff44 be8e3334 3ea4f287 be5b8ddf 3f3f0fe8 3f2b0d98 befa4361 bee70edc be883718 3e3e344c becee309 3b6d3c3d bea9a29a 3f3693f9 bf72dff8 bd8dd9ba bf6339f0 3e8fbef1 3efc9eb2 be82264c bf42d3d0 3f22aa27 3f107d9e bf686fa9 3f3d9de6 bf662e74 3ecc82bd 3d8498fd 3f03cd49 3f406dcb 3f17d587 bf5849eb 3edbf73e 3e9e56c9 3d1cc97e bf648408 3dfd9a59 bdf1d9c4 3f3e8808 bf60fe27 3ecb6609 bf300fe9 3ee02e7c bf677f6d be4c8cf8 3e721e00 bf2913e3 3f782dd5 be278324 be5b6468 3eb62b93 3d92db43 bf1509f5 3f27f766 bf6619aa 3f0f19c4 3f7a85ba bf4b9dc1 3eed7eee becab664 3f7fbf57 bf35f5ca 3edea74e bd4b6f87 3dc736da 3f1d23a2 bf7105ec 3f72fbe6 beb8cb32 3f190fd8 bf2b9fcc 3f409624 3ec7a744 be248bc4 3e08353f 3f138da0 bf3571a7 3f74e826 be49ac95 bf17f366 3e671cf0 bf36abce 3d64137a be4d755e bf443bfb 3f12c5c5 3f0c89aa 3e865680 3f4ac3f3 be03b5f5 bdfbbab5 3e9632e3 3eb4a653 3f255371 bed1e784 3dd9787e be71d4cc 3f4b5831 be939e6a 3f662c22 bdb3096b 3ef3674e becf2371 bedc7f0e bebd1292 3e154b18 bf252d9c 3f7f0195 bf338601 3efcfad9 bf5ea437 3f53bfe8 be5b347d 3f4e2fd2 3ec8beac bf74ea11 bd91597c 3eac7e54 3d26acd3 3f19a9b4 3e192d45 bf1149c3 3f0ff37d be97230f bf5e09bb 3f6159ba bd72d078 3f41401b bf7357c9 bea092a9 3f63725b bf0983bb 3ebd3ee1 bdc0aa8f 3ebe8b04 bf1147af 3f35b1fa 3f431db1 bf4e43ab bf1b91bb 3e98dad4 3f1a804c 3efafbe1 beb8424d bf49ebc4 3ecd8b82 3efc3027 3d2833b8 be901e5a 3e774dc9 bb9f754b bd3f725a bf17e1b3 bc5254bd bf2aac39 3ecea6ea bf1b27bd bf2e35cc 3c34c3f2 3e23361a 3f240fde be586409 bf1ad427 3f33556d 3f1b7945 bf59abbe 3f44a85f bf762bf9 3e169d36 be9e519a 3f4f17cc bf2a8bdd bebb3f0e 3e696e26 beb7a27a 3f7c8349 be8de6a9 3f171dc5 bf6bf80a 3f61be26 bf6745e7 3ea10ac0 3ea45271 3f4279b8 bf582a1a beb19e66 bf797bd7 3e7c0486 3e2d9b52 bebdf766 3e240d1a 3ebab6ad be20dcca be820293 3ee756af bee4da54 3d483241 3e34c476 3f4e7615 bf2b7a0d bf3dadf5 3f4f2018 bedf82f4 3f40d842 bed38eca 3f12802a bf0ce606 3d381642 bef7cfab 3f667836 beb082cd 3f7893d9 bec4b238 3edbabc1 bf3d6e19 3d207261 3f262bed beb286cd 3eb9c760 3e7db33c be8d325a 3f7d0f80 bee1feae 3f31d3c5 bf1e21aa be50bc73 3f590434 bde02830 3f39c3b6 3e210439 be8e8af3 
3e30145e bf33f981 3f694a3c 3e4cf637 be88e268 3efae31d bf313de8 3f58c800 3e26cc67 bdfd6ba9 3f743255 3df91913 3e1694a3 bf1b7b4c bea9fac0 3f7c8572 bf32bfcf 3f2ddbd1 bf5c162b bda7f73d bf7c7f7b 3e5d551d bf5cfdfe 3efb8f02 3ed1730d bf4f0027 3f78b99f bf6951e9 3e816e83 be5274cc bf399c29 3c71b865 3f5353c5 bea66658 3f68dbd2 bf23e5de 3f6b5fd0 bf3e277a 3f6a35cf be9d8ac8 3f4e662b 3b571442 3f092dd1 bf7aff76 3ed6e690 3f5f49c6 bf719e40 3ef3aef1 bf3d4bcb 3f5f05ea bf0cd7a3 3f7d09c7 bf3255b5 be737e9e bf5df9b0 bf34c449 3f45746a 3e9b42ac bf6fb403 3eee1b60 3e7d6ce8 3eb66650 bf11d9b7 3e819a36 bd51b153 bc04bebb 3ef9b6dc be00840b 3f5e381d bdfdea80 3f15ff9a bec7330a bf5b59b3 3f5b07f9 bf44e61b 3ed33ee3 bcbe96d0 3e147c23 3e19ed5a 3e8eb6f1 bee22f9d bf6e6fd1 3f4cf625 bea56679 bc34b8dd bf6785f3 3f54b7d9 becb167d 3ee42b26 bf036581 3cd8250c 3e77cd2b bdfe87cb bea1beb4 bef8a372 3f675c35 bf3c05bb bf26c59b 3e11edd4 bebe8a2a bf293b9a 3f1bfa52 bf44344c 3e47c2f3 3e3a3c69 3f2cd5e8 3e8946c6 3e67bd55 bccc6737 3eaef6ad 3d8017e2 befee2cc bf7125d5 bdc1a7d8 bebade4b 3f2dabe8 bf3c699b bf25536c 3eb47a82 bf0f6b85 3f79a9c4 bf720e28 be312cab bcce995e bf28e005 bd2b5186 beb502a4 3e9232dc 3f5533ce 3c1858c3 3e210bb2 be57ac43 3e450d85 bea98795 bd1f9207 be5a8404 3e6203b3 bee8d2bd bf04bdae be9cb5f6 3f3aff97 3eae6eb6 bf359c1a 3e0c5cf9 bf30cfb2 3f57aa17 bf2999ad 3e3dacbf bea9a6eb 3f7da3cc bf2087af bef40e4d 3da3ba76 3f1407e8 3f0ff9a3 bf678a56 bda3c7f5 3ebf9386 bf6cc5b6 3f344db0 3d7fcc90 bf05993e bf52e60d 3f5ee3d5 bd2ab47f 3e85fee5 bedcfaeb bf2df223 3ebb6a94 3eefe272 bde167ff beda7f0c beb69a94 3f3ce79d bf713e1a 3f35a799 be4a6556 3f5a281d beaff6bc 3f794e30 bf570802 3f5e7842 3ef4af33 3ee18ed3 bf0709cf bf430a02 3f31ed9b bea19afe 3d990849 bf5295f5 3f135981 bf1eaf67 3edee258 3f42f7ef be897aea bf1427ac 3f4b021e 3e9592d3 bf06c95d 3f7251ee bf7d3bc2 3dad26a1 bf16cf89 3f428daa beea8383 3f1f3be3 bdfaaa14 bf280f9c be927311 3f5ab649 3ebfd765 3f0a53de 3f055d9e bf380c48 3eb7b33c bf49e849 3f37cb80 bf2f77bf 3f7a9be2 bf3755f0 3e404d51 3f019b88 bf06240e bf099db6 3e8541d4 3f4ba9de be85a72f bf68a3eb 3f3d8ffa bf5aa1e4 3ea89ed1 becea278 3f7b4dc0 beecd2ef bed7a714 bdc22732 be41fdd4 bf2ee393 3f73303d 3daeba44 3e9e9361 bf6c17a0 3f2d63d1 bf6b25d9 3ea6c778 be66450b bf517400 3f2f7602 bf7e8376 3f724c41 bc6fb306 bf725434 3e349cc0 bf498804 3ec38efb bf325f95 
3ea9bb1f beb00e98 3e83dad2 bf7b2629 3f7ab969 bf34dbe7 3f11f3be bf6e2bff be837741 3de3f766 bf36364c bf289db7 3f5279db 3f233daf bef49f1d be09fc8b bf0df59b 3f64f259 3de7f866 3f25f1e2 3f4485c2 bf0c1346 3f7fab56 bef9bafd be8e52fd 3f402e0a bf6fcc5e 3f438d7e 3e75dbc0 bf16efc1 3f44957b 3ec682f3 bf6a1e44 3ea5661f bf40ab82 bd9fd654 3e9c5efd bf43efe5 3e93cf20 bf6c2212 3f0bada5 bf590c41 3eda7706 bdb867a1 3ea3e798 bf5d01ce 3eb25671 be80aee0 3f33d3b3 bf0f7dbe 3d8f6808 bf0a7fb9 bd9f6c0b 3f353fd3 3f29aa08 3f01dfa7 be6eb518 bf687449 3f5a9657 3e09fcee bf71aa5a 3f45cff8 bf1b3faf 3ec8b2e7 3db57c08 be09ba83 3cbda598 bf508e55 be99b6e6 3e4fc50e bf709fd3 3f564e7b 3f5085e7 bf717c40 3f608053 bf087795 bebeff96 3ec42ea4 bf2aa1e4 3c52349b 3f0a8370 3edfeb70 bd49b3ac bf0291a5 3f5cb1c4 3e5903af bc0c458e bf2839e7 3e8d36d8 bcf71a52 3d982947 be535d49 3da6475c 3efa2f1f 3ea0030d bf31ba06 3ef1ab45 3f3223c5 3eb7230f 3e650e62 3f7be5dc bf3db5cb 3ed87ba4 3f0f2208 bf6a0a12 beab0b11 bf207575 bceee727 be6235cd 3f08679a bf7a6792 3f570211 3f2ffb87 3f06cb91 bee0f6a4 3ce22190 3eb752c2 3f66c833 bef90b15 3e84aead bf015740 3ee23ede 3f4305d8 beb27eda 3f5b420e bebfef2f 3efd4378 bea6deba bf268211 be9ed63c 3dd467de 3f0e65b2 bf047f8f 3e80ee78 3f0ea5cb 3ea9e24f be8e8f13 3e8cfb0e 3f461445 bee75789 3e92bf1a bf5ec210 3f2c6be1 3f0bb7bd bf3ca1d4 3e876ece 3cc92143 3e3344b4 3ed11732 bf377a4d 3e8062d5 3f391629 beb192ee bf2271e5 be9bd015 3f151393 3ea8eb22 be5ad506 3f57483c bf6e01b1 bd859975 3f46eb96 3eaaf6e4 bea7cf10 3e179c1d bec63aa5 3e74063a 3e92de4f 3ec35f23 bf7a6bce 3f5c7040 bf1a1ff1 3f72fdca bf3165a0 3e93bba5 3e0f747e bf336da2 bd98cad8 be058422 bf31efa4 3f5b91bc bf7f2749 be097cf0 bf522e2c 3f3531ee 3f328f9f befdf405 3e6d3ad2 3da61461 3e93431e 3dcc77df 3eef3795 beaaf2a6 bf2e1a65 3cebe6ca 3eb7d2ac becb7f0a bed10f06 3ee17b51 bf669424 3f4535ba bd9d46b1 3f3aa60b bf5949e9 3f1083dd bf7d3f91 3ea036c5 3f7727ab bf1b055e be529448 bf6a9e1c bd1acdfe bf3d23d2 3e96b36e 3f59e85c be4ed565 3ebf4a55 bf5ed9e6 3f1b09e5 bf577620 3f7c6d94 bf64e1ac 3dc5eb82 3f64d00d bebb8b1a beed82aa 3dfb1c5b 3f6c6c17 bedd3b4d 3e57f49e 3ed2eb5c bdc29806 bf26f423 3ecea34a 3f2b83cc bef06378 3f60d410 be6f0d19 beef36d2 bf7629de 3f5d8221 be059cb4 bc0dc401 3eff4afd bea0d659 3f1f879c 3ed766db bf0aec24 3f5f0a1d bf5c702b 3e82c742 3f08f7bc 3e85063a 3e3353f9 3d5311ad 3ed373b6 
bf7c1dfc 3f578dd5 bee32aff 3f3183af bf09c76c be861ac0 3f06e7b0 3ed8a710 3e9a4353 bd62afe0 3f762c02 3e53fd9c bf6a5813 bf634a4c 3f563e1e 3e688651 3ee27690 bf79fdb1 bee81b51 bf0d1774 bf066b7e 3eb74297 bef96ade bec0bf14 3f5a7848 bf7edd68 3f72e9af bf6e21f1 3e314cf2 3e5ae3e9 bd75516a bf4bba31 3f2333b7 3e3e4d61 3df326dc 3f03ab92 be3ea45c 3ea64e9a 3f09e1da be494479 3f012f73 bebb43be 3972019b 3e91d27c bf2cd3cd 3f60e9b2 be2a857b 3f076fa7 bf6f4e3c 3f200df4 be87e357 3f5f75cd bdd508af be954240 bf7755f0 bd31b4b9 bdf2cae2 3f4fcfe8 beb1ded4 bed2eafc 3ee6c272 be27cce2 3e51e4c2 bd3b93ae bf052941 3d89d8a0 3e3ec3d2 3f5787e7 3ecde739 befe929e 3f56ae69 bf1ddda1 bf56e458 3f0195ba bea6b264 3ed87362 3ed0ab58 beb06f1a 3f33603c bef482c1 3e598d9e bf55b850 3a8a7387 3f0dd9d0 bf3f2e1d bf0bb94a 3ef8d742 3e22753f 3e42f476 be294cdb 3e218bab bd09166f 3d407153 bf520bee 3e622541 3d56da55 3d2fafc4 bf7af7bc bee97b68 bf11bf31 bf3c39e0 3f197f8c be427ce3 bf47a9cb 3f6cca17 3f1d79aa 3db6e83e 3f70c1f6 bf1b3988 bea476a1 3f6fcfe0 bf283f9e befc0acc bf32c558 3f2db3e3 bc9a5f84 bf7307f7 3e871efc bf65c5be 3f75800e be86031e bddcaad2 be9c3a51 bf7b39c9 3f4f0ddc bf297bdc 3ef1bb1a beac56bc 3ef0faf3 3f74d06b bf6fe60b be1f34eb 3e0785f5 bcbc58a2 bf035dc3 bf5ecffe 3f1269ee bf29bdf8 3e821e90 be9f028c bdb1d873 3f23ddf8 bf3a618d bd98b90d 3f19f845 be9a8ea1 3e1974a6 bee2df79 be904ada 3e8172b7 3d509565 bf2aa9fc 3e638ce4 3f24dc26 3e2223d3 bedbbfc2 3d14f134 bf3b67d4 3e0d9590 3ecd1b5c 3e61dd76 bf1611af bf15c987 3eee0f01 bf29c7a1 3f5907eb bf06c5b5 3ec6a773 bf62de53 3f7abbe3 bf48b9cc 3ebbfb6b be41b50f be6eed03 3f5cdc11 bf6ff629 3f76cc09 be855235 3f17957e bda2a582 bd5c1653 3f02cf6a 3c2952ac 3f71a1c0 bf3a33a4 beb16ede beef1f07 3f6d8617 bf7579f2 3eb39b7c bef75388 bee5bed8 3e1953f0 3f1c03dd bbc98e1e 3ea70680 bec5b6c4 3ebd56ff 3ecc2aa2 be9e9316 3ef213b2 bf61fdd4 3ed36b64 bedcf637 3eae0283 3f478bb9 bead2ad0 bf38d200 3e9bb68a 3f6fb9e2 3dd3b727 3f417404 3e21fbb8 bdd32964 bf1239cf bf4ffbc5 3f30ac02 bd122fb7 3e9bee9b 3def7be7 bec2ca88 3e370dfb 3f11078a bf507435 3d814593 3ea28e9d bdcbbcf3 bf7ca9af 3f07a80c beb0f27d be122ca5 be2cb5dc 3f3b9975 bf75e7fb 3eb73b78 bf1befc0 bd67b36d 3e290522 3f677c70 3edcd7e2 becd3b42 bebe7e92 3f051594 becc76b9 3e48549b bf7d6f60 3ecab2f9 bf1be5af 3f37d9d2 bf776fe9 3f62741e bf658992 bdcc5ac1 3e1b2c03 bf26b9c9 3ea7baa0 
bea8ef3d 3f06d971 bf43bfd8 3e7bf578 3b06f778 3f45ede9 bf664fe9 bf0d2da2 3f080db8 bf4d221c bf5b6def 3ec9ba66 3f2bea00 3f717da4 bf2289d0 bf4531fa 3e4435bb 3f0b59e6 3f459c15 3f39cda3 be213c5d 3da7ba10 3ef85f36 3e41053d be40a599 bdc66664 3ef4fb5f bdabc925 3cc19e18 be1b7cf1 bd29f488 3ec9135d 3dd6e9c7 bf5f9beb 3f1e07b6 bf52c034 be36b490 3da08a2e bf25e19b 3ea0c2ef bed0d298 3ee34f93 3e7b35a4 beb8f701 3ed81e72 be8c5717 bed66769 be88be98 3ea67661 3da22740 be2fbcc0 bede435e bf04418f 3f7e5d40 bd89a9e9 3f5f0203 bf49d9cd 3ef3c317 bf53a1f9 3f7d019f bdef4857 bea1fb53 3bf78201 bd9125c8 3f55aa45 be13fd1e be84463a bf733c2b bd12722c bd57304e 3e2474a1 be0d7d41 3f4b5463 3e6f4c9c bf26e7d2 3dd166ee bf200762 3ec79764 bf15cfdc 3f3b09de bf3e69d4 3f66d5e9 3e45d596 bec683c3 3ee6cbb9 3f4a91c7 bf773007 3eec6abf bf19a001 3ea42b57 beacaae7 3ea44acf bd9e35fa 3f41fdc5 bdd7d954 be518496 3e7f0e0d 3f55d7ae 3f1e0dad 3f53de78 3ece1b3a becc12cf 3e10ebf6 3ecdb2bb bee45b3b bf2169f4 bea8620a bf5911e5 3f0e97b6 3edc5711 bf75d5c4 3f343fd1 bd9b07cd 3f78cbf0 bf62be24 3ed08782 3f18a155 be60cc21 3f7ea3a1 bf64f999 3e5b8ca5 be931761 3f13e5fc 3f68ae1a bf3619d9 be2114fe 3e700d1a bc8ba04b be113c28 bf4b1c04 3f12a571 3f3897bb bee133f8 3ebc6a86 3e4534fa 3f06379e 3f63ca5e bf758c14 3ef03abe be87ca3d 3f5355dc bf693e08 3f7ff4f0 bf0349c6 bea82edd 3e73160c bdaa99d6 3e324c1b 3f5cfba7 bf6a4ff2 3f6a0235 beac8f41 3f1cafbd bf74b9f9 3eedb6f1 bf306fac 3f6eabe1 bd9e663e 3ea236f3 bed0ab7f befd7ace 3f7e5f81 be450d86 3f5ff008 bf2d23af 3eb76246 beb252a5 bc25b2da 3f0bd3ca bf590208 3f5cf7fa be5bedfa bdf7fa06 bd78136a bebefb20 3cf71caf 3eb69a50 bf0fde06 be5eccf7 3eedd29a bf51e404 3e4123c4 bcaf662e bf54d008 3eeb8324 3f0a2935 3ec462cf bf51f3d5 3ec59e33 3ee49f91 be7885be 3f6e67f4 be3eb4b2 bea376c3 be115d40 bf437a00 3f7c0b78 bf3b25bf 3ce7e530 beb486f2 3f41f81f bf6d2860 3f6e27a6 be14adaf bd8ae8b2 bf7019f8 3da6bba3 3f63468d bee6f356 bf48b230 bee48b56 bef7163a bd3d95d5 bdb59886 3f2bd20a 3f2a31e7 be93aa76 3cc8d1f1 bf66ee19 3f5db9bd bf2525a1 3f2fbbfa bf5aebb4 3e5c7bc9 3efc9b59 beccdeef 3e84ba41 3f7dcd9f bf31ebc5 3f36cc21 bed17ecd 3ebbd6df be42fd04 3ef476f8 beaf8b55 3f609a1c be2455d8 bf4477e3 bf232719 be0dad34 bde5ea93 3f39dbbd bf1ec813 bee44b57 3f7aea0d be44b5d3 3f60641e bf43b9a9 3ed74ebd 3ec2471b be31e3a1 3e811636 beafbea8 3f63ac33 bf318dc0 3f7d677e 
be0dfdfe be30ac8b 3ed5066d 3ddc1aaa bec6a772 bebcd6fe 3f2bc9d5 3ec4c28b bf243ffd 3f7c45cf 3f7f9f3f bf62f5a9 beec7314 bf4803fb 3ed97ecd 3f3931f4 be911ebf be8deea2 bf588c35 bf7bcfc0 3f692bfd bf64e807 3d9c0ae2 bf493bac 3f4ffe03 beff436f bea94b29 bc90e868 3eba76df 3d99d8af bed5db27 3f06c78b bf3c43ef 3f7f5d39 bf30bb98 3f3cdd72 3e981b28 3e9df721 bef2aba8 3f5f45f0 bf61b299 3ed13a4d bf3b13ca bcfb6a26 3f0cf5dc bf39ffdd 3f7465be 3e23657e bd84f85f bcaf1ab2 bec257c5 3f65f428 3e4514fb bf7cafba 3e82630c bf0bcdd4 3e8b4e7c be53a52a 3ed78c21 bf1e81ad be2af604 bcf1e43b 3f55c669 bf47e829 beab8258 be5ead44 3f5d4601 3d94e8dc 3f258970 be93c332 bde0a8ad be3fa5a9 bd44ef77 bf4f29d8 3f7fa792 3c2d39c6 3e71853b bd3d10a2 3db2ea4f bf1039bd 3f623bc4 bf3e6fd7 be257ba2 be9a5f7f 3d8eca4a bf4019d6 3f7bfda5 bf132355 3f2b8fb8 bf35d99e 3f7c118f bf7bfba3 3d8c6842 be87fe5f bf0427d9 3f35a1c8 bf3c0e0b bf3a684a bf440c48 bf0b1801 bf4b9c13 3f7d39a5 bf6219da 3f55fbca bf2ff7a1 3f5fec41 3f0d9ff9 3f3a19ac bf4f55e4 3f021988 bee6eae8 3f2cbfa4 bf3f3bc8 3d8277f9 3d95b700 bf01878d 3e51c5cb bf451636 3d3ef38e be86af2e 3f4f6671 bdce093e bec952bc bf436fb5 3f1735e7 3f1541ce bf256588 3e777b53 bd062ed1 3eb03b1a be0e0da8 bf5e2022 3e4925a6 bea799c9 3e2ae61b bf292239 bf7913ff 3f47f60a 3e906330 be376cee bf69bc59 3f5345fd bf69ca38 3ebd3355 3f69e5f3 bf642830 3efddfe0 be8dea05 bf453df3 3f534db4 bf4565c6 beb18ad5 3ea4bf2f bf13b34d 3f443442 b8dbc74b bea3c6bf bddc37e4 bda92afc be20d44d 3f5d37fc bf70f63c 3c322c8f bf75561f 3f627800 bf251fc1 3f303ffa bf1b07a2 3ebe16e3 3ee95af4 bf3bfc03 be96fb13 3f2ee9cf 3e573c84 3e06fc49 3e6eace1 bf3d0e2d 3f33841c beac96ca 3d71f420 3f0f01b3 bd066f66 bee682bc 3f76a3f2 bedf374a bf4f73ad 3eb2f6d1 3da5698e 3e97f77e bf17a83f be482c4e be69049f beaab2b7 3cc56aa0 3f2d55d2 3d30132a 3d91f681 beb6a356 3f32c5d5 beddd732 be3bb4bd 3f6aac3e bf5709b9 be61354f 3e6c3c29 3f77f5dd bb52f1c3 bf0addc8 3cd55f37 3f44f614 3f6bf02e bdc1487a 3eba2299 be85c2ba be3a2d06 bf33dfcf be29d517 3e1a4478 3f586216 bf6601fc 3f1bc5b8 bf07eb53 3e9126bd 3f2ef3d6 bf649e6f 3f0c37fe bf24f7ae bf0a8173 3de72863 be9ac310 3ecb5b20 bec5c29a be606c54 3d0a4e86 3cb09e2d bf7bcd9b 3f4aabda 3f035407 3f7c4b9a bf112ff1 3f3b51fb bf276fb0 3ecf22b4 3f2911ff bf22978f becf3266 bf06a790 3f7033a2 bf745fa7 3da7981d bf3b4020 3f6fbdee be193cc0 bf1fbfe6 3ef64377 bf27a3fa 
be4f1363 3f2081c8 bf6f9042 3f297e0e bf182bf5 3f6c87df bf7d9fee 3f03b367 be049421 bf112d91 bf6f5818 3f0f0f93 3f4ea5b0 3ea912c5 bee706f2 3e6d6508 bf0ca5b9 3f044bbb 3f1731f2 3f7da006 bf4aa441 3f2d9c28 3ee4e341 ba7c2ba1 bd125424 3d91487f 3f3d93e8 be4a03ed bf177b90 3de27840 3f03238c bf48eddb 3f3775fc bf578447 3f433db0 bf60a7c7 bd0e9119 bf1e13df 3f5fa646 bf73b1c1 3f73cde1 be94233d 3f107395 3eee3375 bf656647 3f13217d bef42ade bea31e91 bec8b742 3ed92b87 3e767506 bf2523d2 be104be4 3f778fe4 3d84f7a7 bef16753 3f7b8e01 bf58b415 3f5089ea bebe96b0 3f5e9bc4 be3d1421 bf265dfc 3eeda676 3f1d9a13 be23d3cc bf4abe5c 3ecb73c5 bf3e4f9f 3bab7a18 3f104794 bddc288a 3e81eab6 3cdd24bd bde7cacc bf6b39fb 3f3d3e28 bf374baf 3f5d0418 be2263c1 bef29bed 3de60699 3f1745ad 3ea6deb5 3ea01ea4 be6035ee be197d10 be8b5eaf 3e6fe4cd 3ea86a6a bf51242b 3f4f7be3 3f128b89 bed3ca89 3f52d43c bf29b7a7 3f4bf7e4 3f624bfa 3f277b7d 3ec5174d 3f4e07de bf66e030 3f093972 bf2bd3d4 3ee4b3b0 beac8681 bf7179d5 bf03c197 3f3b0fa4 bf6073e6 3f6fe9ed bf683e1b 3f11fa07 be1accfb bbaa7de8 3f7d2fa0 bf43e80e 3f74520f 3e2aa3d0 be48b4f5 bef0ff16 be7d3cd8 3f32b1ac bc94a04e be870763 beb57f21 3efa3bf3 bf080d65 3f5d7ffa bf6a0626 3f687631 be574588 3f7b89c3 bf185dc4 3e9d5325 3ed76ee8 3f05a578 bd11721b bf557e15 3e8012ef 3f7b61ac bf1a8fc2 3f507da7 beb9729f bf560a1a 3ec2d33b 3e86825f beb7f2e6 3f267465 bf038de5 3eff9f1c 3f4e1206 be642bfc 3f0f2595 bf36d1b5 3e42cdaf bee08f06 3f3b43b0 bf22fbd7 3f73480c bf7b3b9b 3ece0e32 3f521ff4 3da11a2c 3c6a488a be5974c5 3d1fee18 3ed18ab8 bf24d7b7 bf0641f3 3f43dfbe 3f293da0 bf73224c bf0779a5 3e7f861e beb24aa7 3f110baa be933724 3f277dc2 bf273fd8 bdf6e66b 3dd388bf 3ea1568e bf12dc14 3eac86c7 3f6a71dc bf75a1c0 3ee43336 bf1415b7 3e6d5dea 3f6511e0 bea10af8 3e9a7737 3efcbbd0 bf57ce0b 3e681da9 bf151e1e 3f08597e beb32242 3ef90a96 be35354a bf4e75bb 3f413dfe 3f067bca bf0329e5 bf034f9e bf31de06 3f599257 be1df41e bf02017e bf4b35ff bef442f1 3edc9bda be3d93c7 3ddfca30 3f086fa0 3f1a6fb7 bedacb18 be3ecda9 3e99a65f bed4f2ce 3f7345d1 bf78b1b6 3e8a2f2c bf0e01bc 3ef983b8 3e60ed58 3ed5aef3 3f3e2fec bf6981f7 3f3bb251 bec33bd9 3f352208 befe36cd 3f355ff9 3e9fb6e2 bf39c5f8 bf2c91d9 bf0b7d86 3e8fa6c6 bef4d340 be8f16c3 3ee806ec bf65ca02 3e502cf1 3f50add2 3e911ee2 bf4bb629 3f41c7e2 3ef10b20 3e881ab3 bf3a25a0 be748c24 3f4c5dd2 bf22117f 3f7edb28 
bf5c55f2 3f3cfe1b bf29ae01 3f010bc0 3e80fee4 bf0e1f46 3f01cd8f bf579d8e 3f4493d3 bcde6185 3f677e49 be0dcc09 bf6ff7d9 39f90dde 3e869f7c bf344652 3f3c8c19 bb7cbcce bf775c1e be71c6d2 be4b8d23 3cf82c00 bf5cffb4 3f1789fc bf2495cf 3e884a52 bf7a8bd2 3ee58aee 3f29fdab bf1b6426 3efaa76d bf2b69ea 3f6e5642 bf0aedd2 3e58f442 3d62b394 3f1865bb bcb39b33 bead56e1 3f16fbef bf783f90 3efed047 bf7705f5 3d330c7b 3dd209a3 3f4147e5 bf3d03a6 3f14cddf 3f567c12 bf77a1da 3e98c6d0 bceda825 3e170d24 bf62bc4a bea542da 3f2425b3 bf208bcd bdc249f7 3ac5bd6f bf0015b4 be2ade89 be62965d 3e7fcc44 3e8c8615 bf5a320f 3ef68f60 3f002bb8 bf32c795 3f5d4a25 bdae9a00 bedc4371 3e01143c bef13ad3 3f308627 be303d4e 3f11cf7a be3a64f1 bcd52208 bf1c01d4 3df719be 3f1813b5 3d15af7b bf4b4df4 be5e4d91 bf2ceb9d 3f145381 3eb311f4 3cf0da07 be83df14 bebf6f58 3f102d7b bf08afb3 bf3ca964 3d5cac2d bd098d0e bbf79d13 bf646c17 bf0a93b7 bf6d8c59 bd9d3937 bf1e65bb 3f156769 3d7232e0 3dc87626 3df3c727 3e3135c3 3f02d9af 3f65141b bf3ff5e3 3f6a19e0 bf737a07 3f6cc212 bf3f83c9 3f2c7f9b bf13ff70 bf3f9f9d 3ec3072c bed22e16 bf2c11c9 3f4315d7 3efdb70c bed7eb52 3e015d66 3c37a222 3f16cdd3 bf672be5 3f3495e1 bd0b4dea bf77c9ca 3f538997 bf65602a 3e71b4fc bf41948d 3ea6724d bd90083b bf4a31a1 3f3185ac bf774fde 3f55e803 3c6bcfe6 bf0de9ca bee427c2 3d254c16 be492550 3f6c2e08 3dbcf95e bf236394 3e8a0def 3ee5723d bf001b86 bc3cc78e bf68e236 bf40b44c 3f4709f1 bf2af1d0 3f544dd7 be338412 3dc147ad be3cfce6 be3b35cf bc8c26ba 3e4143c9 bf2101d6 bf3a0bec 3f580fe6 bf3139ae 3f1df7ab bf592c5d 3f740604 3f005d60 bf2427c7 bf4095c4 3f36c9a1 3f65d5fc bf044f36 3e1f44ac 3df0e785 bf347611 bd9fa8fa 3e1cc397 3f164bc3 bf7d65ac 3ee4def6 bbf98805 bef5a3e2 bee2eae4 3f4d2c55 bea97eed 3f1e4602 be444cdf bf3337de be2bf587 3ee5525b bf7867ea 3ee626d5 3cab5c23 3f4845c5 bf389ffd 3ebdd9e6 bf69d1e0 3f42cfcc 3f17d365 bf6e303c be6a8c91 3d634c31 3f67a404 3e27be54 3d955931 bf135961 3f229bbe 3edb1aff 3f555dee bedfabad be8f4a59 3f14fbb4 bf36dda4 bf4b6c06 3f490205 bf6b1034 3f59778b beecef6c bec34780 3eaf75c8 3ea1b360 3e2f5ce7 3eabf2cf bf530a35 be636582 bf456a2e 3f68f61d bf52123c 3d98f9c7 3e71351b bf019974 bed8ea83 bcca6777 3f237a20 3f4fcbd6 be736caf 3f00f5d2 3e1bf38c 3f36cde3 bf0615c2 3e8b66c6 3ee256c5 bf41f5ff bf0b597a 3f6413d2 bf3e8a01 bf0dbf8a be674dc9 3f67442a be14f560 3d19b660 bec5be26 be14ccd8 
3f7cc94b bf529ff3 3f722002 bf128b9b bf502683 3f7a35f4 beae1eb7 3f410e04 bf30260d 3c4d367d bee85f1b bece6ee1 3f5d3a51 beb0e34b 3f1623c4 3c915ddd be113384 bf0a21f5 3f409a41 3eb3e2b8 3e0a25b9 3f1829e1 bf0413a9 3f48661a beff7ba6 3f4553d0 3ed9ff3c bf770c00 3f19d3a0 bf479df1 3f1c4bd9 be06bd2f be07fba9 be93ceed 3ee416e7 be77bcc4 bf173fea 3efe7f59 bea6c2d9 bd3c4cf9 3ec6ced6 3e6604d0 3e27b444 3f2bdc2c bf1a85ad bf68c80e 3f790a06 be97e674 bf77a3ee 3f6141d7 beba2efb 3edb8eca 3dae786e 3f1a9167 3f1b1be6 bee29f1a bd15508a 3f6830b6 beb36b31 3f412c00 bd80e88d 3eb826a5 3e58fcc8 bf577fe0 3f423a31 bf7457fa 3f5aa20f bf082fbb 3e94eaf8 beac931c 3dc498d4 3e6dd659 3e08dbc4 bf178bb4 bea5faa1 3eb66ed7 bf2c6e19 3f556bbe 3ec10e93 be5dfd9a bf465c42 3ed89ac5 3e0cac67 3f4e77ea 3ee1ce90 bf135be4 bec08b4a be852f28 3f5999ed bed0e322 3f2865a0 bee9db3d 3f7c17b1 3f10af7e bf74a7dc 3f5a1c22 3f0313f6 3f648ff3 3e5d3d82 3f5a55f6 bf237ff9 3ef347ab bf6a43ff 3f15f3d7 bf5df5c6 3db278a8 bee25b85 bef5c6e5 be27e527 bb1b1d3b 3e6e4638 bf06c196 3f5da1ea bf73a5ef 3f57a679 3f43023b bebdbac2 3f3fc5bf be155472 beafba7f bf61dbbd 3f7cad65 bef19ad1 bf41a026 3ebe9ee0 3f2631cb bf207b88 3c8ce756 3f646fd6 be3844d4 3e521d98 3e8962fa 3e99c70f bef2f330 3f62641e bd95fb29 bf4253c6 3f72efd5 3c14a46f bf3515a4 3ee25f0f 3f3e49fb 3d429191 bc154ba8 bf1b97e0 bf13ee00 3f612425 bf08e39b bf10c376 3e68c39d 3f0b79ae 3f366a42 3f4487ef beaf42df be095cc7 3ea1c226 bf610008 3edf1fdc 3e04dd09 be826ef0 3f73ea38 bf5bdb5f 3f46aff8 3f110933 bf47e1e2 3f7c6745 bf7f4554 3f7485cb bf65a01f bed5f7ce 3ec77ee3 3f1053b3 be7566a4 bf418600 3ce7214b 3f2bf78f bf553fb8 3f7493a7 3ebd6a7a bf0f85d4 3e6095c2 3ed8ef9b 3e228498 bed21f32 3f638c0f 3e1de326 bf547839 3ef862c8 bf78a7c7 3ef4828f 3e6a4b75 3f0af82b bf325a30 3f5277c7 3e8cc24f beeec79b bf2025fe 3f1b3e04 be508d5b 3f3dcf94 bf06b55e bf4289d0 3f7b4fe8 3eb5e262 be8c1730 bf18cfcb 3d8339de bf4225fc 3f6803ff be70dcff bee30664 bf59d9fb 3e955a6a 3ed73289 bf2a21db 3f6169f8 bd2950fc 3f25fdb0 bebd6e62 3efccfde bf0903c2 3f40a414 be109ce5 bf13efa7 3c073ccb bf64866b 3f698c05 3f23f7ed be1a3612 3ce3a058 3f0e3b8f bdb07981 bec68e75 3f173035 3f4a15bc bf0353c5 bf4cdbc1 3e408d6b bed3aaae be3e93f5 befe62e0 bf2cc3c8 3ee7fed7 3ea4a310 bf6b623b 3f556812 3d91068e 3d2cb426 bdef7866 3f74b626 bdc6f98f bf1dede0 3ddceb16 be946b4b 3f5e87ab be046c0e 
bf20c57c bb10b0cc beb90e69 3f0429fb 3f0f4da4 beba4ac4 bf5ad1d0 3f0ee982 bf0059a8 3f365606 be45ddab 3f0b1168 3e074437 bf228fd8 bd133238 bf037982 3f7d97c3 bf01e764 3f01abc9 bf165db0 bf71fe67 3f552fa3 bf70c7ef 3f38682d bf2835bb bece5f86 3d0953c4 3eeec354 bd1bd2db be1774bb 3f05758f bf6441f7 3f6175a4 bf0273cc 3e895f5b be712549 3e9dce43 3e395d1a bf09a3c8 3f7b33f6 bf3b9df5 be994b3a 3e0b5c6d bf6dcc17 3f729030 3f684be4 bf6b041f bd9d8881 3f3543d9 beb47b94 3dff9b46 bf316f5e be80622c bec9973e bf4ccff9 3ebc9782 bdcbaeb5 be9c8df6 bf55f023 3ee3aef0 bf39d1f2 bdaf16df be8e6ebd 3ec67a64 3f3be7bb be649d6a bf379ff2 3f2cbdb2 bf292c0a 3e22fd25 3f37eddb bf7b81d4 3f4ca615 be85e27f 3f7cc379 bf342007 3f21098d bf541607 bf0f65b2 3f415be5 3e606d3c be08dc8e bdd2b980 bf7549f0 be9c7ad3 3f2711b6 3d27ef84 3f183b90 bf705637 3e9e6ab2 bf4aafe7 3f0d8d7d bf482df1 bf539e2c 3f6773f7 bf2b2bf7 bf10ef9f bf5dce3d be41acd5 bf00f7bc 3f15f9c1 be8896a3 3ebc5638 3e03a317 3f0a5607 3ea66ee7 3e7ad409 3baf8f6e 3f57fbe7 bf1d3393 3e7a05fb 3df63aaf bf410fe9 3f32cdaf bf51be48 bf021a12 be3d9cbf bf1849de 3f2ff63c 3e9ac748 3f0f7dd6 bf476c37 3f18198b 3f384fd3 bf05f37a bf29b5ad 3f1d63f7 be2e5d41 bf171389 beff1ae8 3f04bba7 bf761dd3 3f1987bd bcfce3f3 bf696023 3eaa1ac4 3f55e245 bf5e19f1 bf0a23b2 3f7e3da6 bf060b96 be2e1490 bf5b8e0f 3ed7434e 3f44fc4a 3d6d4dbc 3cc2a440 3d4c2f37 3f7297d2 be0654be bf636e26 bef4eae0 bf30f1de 3e68f4e5 3de2571a bee02e66 3f7e193f bf3667e8 3ea34ec0 be9e2a99 bebec740 3de89773 bc63423d bf212db8 3ef606e0 bf4e13b6 3f5fbc2f befa2388 3e684450 3f457805 bf2ddfe7 3ead8f19 bf5279de 3f6a2843 bcf42420 bf5c05e7 3f394230 beccb298 bf57cba6 3f2d47b8 bf477220 3e0a2ca0 bf65723f 3f61c7cf bf6dc616 be81f72c 3f51c9dd beae8ee7 3f2335f6 3e85b255 bf7aefe0 3f08fdd0 beea7b8c 3e1df46e bf7b63d4 3f3fd003 3e843200 bdfbea1e bea526c5 3dcaa92d bea9f63b 3f7bebca bf33d1cf bf3083d4 3f281d72 bca1963c 3e1f7d5c 3f2171dd bea771f8 bf50a224 3f397ff6 3f64f40d bf2fb9f4 3f25c7e2 bf795fa6 3f249bde bf64084c 3e0d8d57 bf2b65fa 3f076965 bf40bfef 3f411df5 bf5d1a1a 3f0c758a 3f1ad7af 3eda72e3 bec06ee1 bf69b9f0 3f54b01b bf7825b3 3d7defd1 bec2925f 3f3f9383 bf3d3da7 bf6e959a 3f6c61a6 3f22f5b4 bf5ab03d 3f6d2bbe 3cad1ff3 3f0b63a4 3f59ba14 bf6553b5 bcefa31f 3eac8212 bd324cd0 bea5472e be1e1e47 3e505534 bf47d5dd 3eddeac4 be4bcd1b 3f1c778d bea5aa11 bf4343d1 3e2dc431 
3f0ba7a4 3f454de3 beca878d beb0d37d be390d4e 3e517e52 3f2cec11 bd0e7175 be79e38d 3df44bed 3d77b1e1 bf6249ac 3d4bd10f 3e66fdc6 3f2c99e9 be92cee0 bf1eb780 3eff3e81 bf601632 3f218f8f 3f5df7f1 bf61dda5 3f7e0386 bf488fac 3f18e76b 3f1217d0 beeb8f35 bf14b59c 3f2d4d93 bf3b7c61 3f519c15 bf57a3aa 3f2811b2 3d1050ae beb55636 3f03e5d2 be8d6a48 beabe2cc 3f102999 bf7037c2 3e7f6cf8 3f026975 bc23b6a6 3f0161ac bf6607c7 bf2fcfc3 3e97ff22 3f773204 bf4633de 3d09b251 3e65ddb7 3f1e7552 3f0f6ddb 3e346d51 3f3151d5 3cc42208 bcb26970 3e92ee37 3f5a462d bef4cabe 3f3e4bd6 bdbafa04 3f36abcc bf66d410 bf412019 3ee72f6b 3f22ada3 beb38a72 3ef10754 3dca1912 bf7859e8 3f4f3e03 bf5d3021 3edf16ee bf1c8fc5 be955ec0 3f0a9d95 3e532551 3f0e1793 bf657c55 3ee2aee7 bf40d3dc 3f540be7 3f1343b3 3e1c2e21 bec83b46 3d87c839 bf3fb98e 3f609234 bdafb637 3f1d29d8 bf02a1ce 3f4bf3ec 3ebb828a 3dabe7be be38cc37 3f4cf204 3f03dd8c 3f2c0bde bea0a318 bebd66d2 3eeb5b86 bea7fb32 bf12ce25 be729d96 bf72503f 3f039567 bf4dce00 3ef0b786 bf36bdc3 3f522455 bf1527e3 3f4321d8 3e312d88 bd47aef4 3f6fb5fc 3e8322e5 3eeddf00 bf6a7e52 bf325d93 3f0f8b9d bf2753b0 3ec7e6c3 bf5a1e07 3eec7eff 3f4ec9ca bf7ac5e4 3f5a3fac bbbf7932 3f5ed7ef bf25cf86 3f7e15bd bf5e3021 3e1a3c18 3f62683b bf1043c5 be9f4f12 3ed0a6f3 3ef84720 be1eeca3 becdee99 3f0187b4 3f1f55d6 bebca215 bf0d19da bf2377a1 3eebfaf6 bf45dc2a bf0a25a2 3cbd646c 3f3981e9 3f1ef3dc 3dea1862 3e13d5ca bdea2944 3f0571a9 bf7271e0 3f5b0195 bf14737c 3f4e0e4d be97d2ed 3ed8b6d6 beb796f2 3ea2db2e 3e4486a6 bd31712f bce8e4ea be91c379 3e25043e be7d0cd5 becbd704 3f442dc3 bec56b0a 3f1b2dd4 beed3b43 3f4ab023 be598d31 bdeac8c7 3f01a59f 3f10bdae bea0cb15 3f66b3f3 3e86f29f bec8feb1 3e988b3f 3f17475f bf4397d2 3ed65b1c bf4ad1a5 bd8a58b2 3ecbf6bf be75fd93 3ec69bfb 3d942646 3e9c9e85 3e4d0527 bf750fe5 3f4c97cd bf0c7d94 3f084b7a beb66ea9 3e137478 be8d6f01 3f318203 be058ae3 be9a572a 3ea5321c bf760c3e 3ee87a8c 3f49cbd8 be2fb5f3 bf736beb 3e7c7478 bdd038dc 3ef47e4d 3e91927f bebf426b 3f44d80a bccee852 3e90d20e 3d3f963e bed6978e 3efeb7db be1c6cc9 bef103f5 bf5ffbbb 3f553e11 bd03d73c bebdc28b 3f65d803 bdab0889 3f04fb57 bf3747d4 3f401dcb 3f1f73de bf453fff bea57ebf 3f30fdb8 bf21c1b5 be3524ff bf60e1a8 3cf160b0 3dc15591 3f572623 bf61f7fe 3f0823bb bf06998b 3f791be2 bf5449fd 3f7ee167 bf6ec9b8 3f4d400c bf5bafff 3f2d7da9 3f53da64 bf132b8e 
bf6279fa bf2435f4 3ec51b0e 3f10a5be bf284151 3ed09aad bf717000 3e1a0e00 3eaf42c5 bf07cfc5 3da07721 3f76b5e4 be067cfd be65f5ac beb67b1a 3e889e4f 3eea8b1d bd0f49fb 3ea9da75 3ca6a070 bf4f8df6 3f3009a9 bf704de3 3f5bcc35 bf5fa9f7 3d5d4d45 3e26ec1c 3f5863c4 bf2cc9de 3e86b2cc bef37b2e 3f6ef22b bf760fcf bc3ab212 be0be521 3e5033a0 beae6ad5 3f03b587 bdd559d8 3e80fa8f 3f060578 bed8fa59 bf1de3f1 3ef57fbc 3ea98f28 3f4d8a00 be7dbce8 bf630e26 bcd02315 3f4fe9bb bf76a7a4 bea2d239 bf24379f be8f46dc be5924be beed2ebd 3dbac9fa bf175f7f 3d54d711 bf0873b1 3e977a8b bf308a38 be031c00 3f637e43 3e88fa9c 3d39f621 bf7b919f 3e8dc60f beed4f4c 3e981eb6 bd226f6e 3f543ff0 bea2a6a0 bd35f7e5 3e94c5f5 3f1a59d7 bf0c7761 bf462a06 3f54a628 bef4da69 3e714d1f 3f14a9b5 bf5e2dba bed53ea4 bcfc64b7 3e0754f0 bd9cf966 3f521a2c bf7b0dc9 3df0a9e8 be99d374 3d9389cf be029b8e bf58f991 3e401ddf bebbfeef 3e37fd7d bf4327f7 bf4cbfe9 3f5007f3 3e475dae bf28b5c0 3e9b763e 3f70fc04 3e68e667 3f5ce834 bebfdaf4 3f4b6dad bf79dfbc 3f671803 bf4fe203 3f053d58 bf71f815 beae2ee2 bd23f03f bef52756 bf5efe10 3e751e8a 3f47ddf4 3f08f1f7 beef7a6a 3f5bc5ca bf110d86 3ec90f7a bead937c be86c6be 3eaa06cf beb8fb31 bf0ca38f be2d8d43 3e1edba8 bf49be12 3f7d458c be8092c1 bed64ea8 3e632cf8 be118e2f 3db4fab6 bea602ab befcaa98 3f5049b3 bf2823d0 3de6c76b bddc895f 3f151be3 3f72cd80 bec7a2b4 3f08f3d2 3f78b019 bf1547c9 be063dab bf2fe5fd 3e904000 be4ea5dc be8682e9 bc284e31 bdf8ea4e 3ea0fb0e bf038bf0 be48d52e 3e0f54c2 be4b039a 3efab33f bf2b29da 3f1d6215 bf3d1ddf 3f30bba2 be92061a 3e3633b7 3dcb467a 3dda07f5 be9f6ea4 3d32eee9 beccd37b bf419df0 3f0bc5a7 bf7837da 3f6bd3f0 bf3defe4 bf3bc3df 3ea47a95 bf6b2bf2 bf0799c4 3f7ad5e3 bf73ae13 3f075fb5 bf116f95 3e8bbade 3f0caa1f bec24efc 3f7389bf bf6bfdbf 3e9e5ec9 beceee7b be012453 3dec5755 be3274ac 3f4d95b6 bf7fd4d3 3f6c91dd bf0c39df 3e329d36 3c9d68ba 3deb9c40 bed1ffb6 bddfaa8a 3ed7af2c 3d6fd487 3e055d64 bf75a7e9 bdb8078a 3eeaf38e 3f37efcd bf602da2 3e1d5b36 bf63c992 3f489229 bf25277c 3d05ac97 bf2f7fd1 3f56a814 bf0133b3 3ee3f701 bec23ee3 3e4f1493 3f23fbec 3d4b53a2 bec45645 3f27f5bc bf01082d bf59ae2a 3f3347a2 bf61efde 3ec1aacb bf12f962 3df62985 3f25f7f2 bf40f630 3e851b3f 3f282fd0 3edddb6b 3e81626a bf6bd457 3e8ad6a4 be91c701 3e9d2b09 3e843ab2 bf5e3dc1 3f60c7f3 bf553bbe 3f692de9 bf305e65 3f098996 bf6f8403 bf1db600 3f6aed9a 
3f48e1f6 3f452404 bf76dbda 3ee1dc2f 3e12c519 3ca41bce 3f4b5a01 bf1b2971 3e9fdf0f 3eb292cc bebee6ac be86fb68 bec9ab5e 3f1deb8a bee3c2a9 3eb082da bf79700d 3f077775 bf7907a3 3f2579bd bf1d2fea 3f655799 bf1b77aa 3f428bed bef64ae8 3f2815c2 bf6aa1c9 be76cbe7 3c642dff 3f3a9858 bed4cec8 bea8fa6c 3f247b81 3e659d0b 3f3515f8 bf70ac61 3f3dbd8c bf20e58a bd380db3 be2f3c54 bf04c9b6 bda9a8bc 3f5cd01a bf17755b bf2055c8 be1164bd bdde9903 3f3bfdbf 3ef56ac6 bf478e12 3f285e02 3f71cc35 bdde77e0 3f355bfa bdf9fb4d 3e3393fa 3f51943f beb79ecb 3f23c7b6 bf0281f9 3f2fc45f bdf1690e 3e2de5b8 bf430431 3d25afda be169323 3f2cfdc0 3f1bfe04 bf53a843 3f6045e6 bf2b75e5 bf233fde bcf165f6 3f581e1b bf5441ce bedd1766 3f5435f1 be37fb5f 3d875716 be752543 3ea0aeab bf0f3dc9 3eb2bf47 3f51ac3f bec3377b 3efef75d bf2d4b94 3ce55d5f 3ef91b2a bd3af446 3e837b78 bed4a770 3f19dde4 b94e3b90 3f4ea026 be98f366 bd02923c 3e2cd4e3 3f7e79b6 bf576e2d be181c6f 3f43c029 bed4e27f bf4f59cd bf6bc609 3e6cd549 bf549807 3e82ceb2 3e63349e 3f075b5b bf57b7c1 3f463be8 3ed60aec 3f378fc0 3c869bbb 3eb8ce9c 3f5f8c33 bf4fe5e3 be15b39c bf4447ae 3efff22a bf6a2218 3f148bcc 3ecf26ee bef3a6d7 3f1d7b96 bf398db8 3f68e5df bd149005 3ee832ec bee27f11 3f676e02 bf5ed1c6 be38b5da 3e3a448b 3eb3b6c6 3ddcca59 3d6b0b62 be8c667e 3f7169e1 bf1f1fb3 3ecc4e3c bf6529d6 3f2dc5c8 bf6017f3 bf628415 3dc536eb beb1b6d4 bf07fbc5 be632db1 3f3b29df bcb119c5 bee8af64 3f1a3dbf bebe2364 3f632612 bec4ef81 3e60de87 be0bf58c 3f6ff9d5 bf00ed4d bf0fa1b3 3f3e5fb3 bf65edf4 3f17d760 bea6e6c7 3d510ff7 3da3a965 be4b1c75 be198d11 3ea75285 3d0eb3e0 bdc3c849 3f512bd7 3f32c00f bdcb3a3a 3ea4667f bedcdeff 3f7655a3 bda7888e 3f0bd7c0 3f055f63 3ef8e6b0 bf4ccc17 3f16418e bf0db18b 3f5d2ded bee7d7d3 3e18f53d be2d1cb1 bf7559bb 3f4dde7a beb7771d 3f5553ff bf518fea 3f4f3bd3 bec2a31e bf3005c7 3f6c4bd9 bf11a9fd be9bb2dd 3f241bed bf17f97d bd5632de 3e233d7f 3f3339df bf30b99a be2985fa 3f05fdb3 3d57d2ac 3f7483b5 bf02dbb7 bf4ed5e6 3f6bce15 bd142d3b 3f59c19e bf16b992 bbe197c8 3f608242 bf5ce1c9 3f3c95af bf7b07b1 3f206398 bf066587 3f7a463e bf28b9b7 bf53760c 3f4361d4 bf7243f8 3e9d974f 3f5dd9da beed0a67 3f6e99eb bea972b8 3e2ca38d 3e8376b9 bf15a3e7 3ee0caf8 3e39d50e bf5fb45a beb6e2b1 3d2611c2 3f3fbde1 bccf9242 3c4ab35e be6a0cf5 bd0ab4c2 3df2b8a0 3d4fd32f beda0716 3ebdde5f bf2079ad 3f175b83 3f3d4c07 3ead731c bf5b19af 
bf623c4f be8f0a69 3f15918e bf03abc0 be6244a4 beb076ac be902aff 3f029190 bf12c7a2 be7385a1 3f41a3d9 bf27bff7 3f415486 be241c5e be8ce29e 3f744217 bf17e7b0 3f5f1fc8 be349d47 3f34363f bed9db3f bc464cf9 3e1485b5 bf5f7a5c 3f261811 bec983ad 3f167bb7 3f6859f0 bf6bee23 3cb46889 be6b45b6 3f1c8fd6 bef99f22 bf68762b 3d7c0e7c be862ee6 3f44f3c7 bf0355fd 3f15d3d4 3e86fa7f 3c862465 3f5acfed bf7fdede 3f0d87a6 3f4899c5 beb816dc 3e966e51 bef1d832 bf2f3de0 3f25d660 bf673df4 be559da0 bf574c1b 3f054b25 bf1acdf0 3e4b8395 bf116dd0 bec896f5 3eae96ea 3e799bf7 bf3c67bb 3f09bdd1 be129556 3f085fbb be7b05df 3e4e75cd bf2e5760 bf08239e 3f721bf6 bf763227 3f1fa81f 3f639207 bec72adb bf0b1fa4 3f11318f 3e1bdc3b bc593a90 bf006393 3f575e38 bf6f186a 3f6d59dc bf4fb1f9 3f3c3be1 bf2fc9d3 bf43a813 3f6383e6 bee55340 3f16ee33 bf676659 3e9edf5c 3d3aaed2 bd8347b2 3e83de36 bf395788 be8ed65c be34d3f8 3f2f3c0d beee46fa 3d03d37d bea3df7d 3f0e23b4 bf4dc591 3ef3a682 3f539433 3f63dc04 be93c683 3f43ce3e 3d949a1e bf5b61ff bec47687 3f642bf5 bf2ac5da bf5cebb9 be9a8aca bee73b3c be83c6c6 be9ec5fa 3f43b01d be41d6f6 3f51aa08 bf018d8b 3f68f213 bf5bc240 bee7b756 3f0a4bad bebb82a0 3f13aa0d bf7687eb 3ed9e2d5 bf0c1ba6 3eea6300 bf198dd8 3ec4aa7a 3f618215 be621d0d bf04b156 befce3a2 3ed9baa6 be21d5fe be0b34b6 bf283bd4 3f4421d3 3f51ddff bf02298c 3f737a26 3f14e3f6 3f0309b5 bec5ba6a 3f252bc7 3ea612c5 beb8f26c be506551 3f56f219 bee55ebf 3cafddd5 beb7ab67 bf2caddc 3f572bc3 bf265fea bec3f6b1 3e2a13d2 3f5ef5ac bf196625 3f65e5f4 bebe1e97 3e428c30 3a640e49 be18ac75 3e8b0ecb 3d161128 beea334d 3d9165fc be221445 bf2861d8 bf511bd4 bec1faf0 3edd62e4 be9a7f40 bf7ee14e 3f1c7b48 bf411217 bf416fd0 3e7f1616 be00cc53 3f29dded bf0bf3fe 3e3f6c3c bee5e381 bec92b06 3f37222e 3e8242ec 3efcafa3 bf3bb803 be35cb80 3f3eabba bf7a2bd1 3f42a5a8 3ee052e6 bf4523f8 3ea13ac9 3f04019f bdfb28fa be3eed67 3f779615 bf532813 bd8889bd bda9e840 3f3d296a bf5ccd8a bd43f3c0 bf3e09dd 3ddb99d1 3f0311cd be9e73c1 bee26bbd bf491dac 3f6f7816 bf5f7e1a 3ebaeb79 3e755cfa bd9db8da 3e72d43e 3eba568d bf0fdbb4 bf1dce1b 3e3fe498 3f4a77d7 3dba49d7 3e3f0cdd 3ea74b1a bf04355f bf198fb2 3df9990e bf2309e8 3eb6e29e be594cd2 3eb122ce bebd8a3d 3d20d2ab 3ec8cac2 3f1e95e6 bec45e6c bea30e88 bf3e3dd5 3f652de9 bed04a56 3f021561 bf22e428 3f766fce bf3e99c8 3f2bda32 3d3bced9 bec69f39 bf61540c be5fadbd 3f75cbe5 
3e364596 3f0c6dea bf1409ae 3f19a80c 3e329489 3f7aa5fd bf2f83b1 bcc09c28 3f72fa12 bf67ee0b 3ed876e7 3e87debd bf219be6 3e3e0b56 bdfae959 bf3ee03f 3f23e976 bf3b1583 be531cea bf1d93a2 3ef89b21 be83f32b 3d12372b 3f4263b0 bec15b15 3db7fa2f bf1f3609 bf1beba2 3ecd1f8d 3f441a10 bec8bf58 be302c97 3efcc775 3ed81b1c 3f429dbd beec5a9c be476c51 bce6276c be8191fa be5a1dc4 be93b686 bee6fb08 3dc2c8fd 3dde1a48 bf7f6d51 3f3ce59c bf152bb6 3f4731e4 be87b26b 3f46a1e2 bdee1c03 3f126e31 3f3b7a0f bf5c59c8 3f797c2d bf4e69e6 3f72d23f bdfc0962 3dc77ac6 bf5ffdb3 3f7021f6 bf4363e1 bd88c6fa 3df1095c bec362c4 3f3843ce bdbe0b94 3f2723ae bf64c1b9 3f686be4 bf5b27d0 beee3b21 3ef9ef34 be33159b 3f0a6fef bf54cbf7 3e17eceb 3e5ff56e befd6317 3f12998f bef6eaf2 3f10efd4 bf4ff260 3f1d6f8b 3f44420e bf0dc818 bd53919b bd8ada16 3f3357e8 bf36ce08 3f2b45a1 bf7585d6 3eeaff69 3d6371f2 3f758a29 bf204794 3b3f0ebe be8256e2 be94523a 3f620c57 bf04459c 3f3601ec bf5f2427 bed0b37a bf55c7ab 3e909b0e bf6eddfc 3e9ad1fe 3f1537ae 3f170be1 bf6d77cd 3f2721b0 3f46b82e 3ec98f9e 3efa0f17 3ec26661 bf03afd7 be5d2d65 be149dd6 bc865c1b bee5c34c 3ec777a9 3c79b474 3f5371ac becf1f04 beef6b1e 3f334004 bf14e98b 3f4a1deb bf627c34 3f34098b beb646d3 bca86a1c bf7f017a bd886963 3f0985aa 3f6ab204 bf692227 3f0b23f7 bdfc7b06 3f4285b6 bf728a29 bf641413 3a6ceef3 bf2cd1b8 bf2c0bf4 be9dcac3 3ea60b5c be2d4479 bf62fbbd 3f1599dc be8f8f5e be25d538 bf1a13fa 3f1071c3 3e1b7ca3 3f5c3a1e bf7fe502 3f52bdc7 bd8058df 3bec685e be83c355 bf681bce 3eb857aa bf660984 3f743e22 bf675a08 3f33c3b0 bf537028 3f6a6bd4 befe2706 3f2f561b 3c58bc51 3f139ff9 3f4c6bb4 3f26c7bc bf2ae410 3f2f2991 3f6c4a19 bf360d98 3f2a25e4 3f09d18d bc1e4054 be1ac429 bf2e69fb 3f0a2bb8 bed71e84 3f55b426 3f24517e bf1b254a bee292ab bf2e520b 3f273da7 3e16abfe bf0da768 3f21f7f0 bf4595bc beb123a3 3f597c33 bf0b09fe bd4591ea bf49fdbb 3f162190 bf5b23e4 3f019f80 bc21bf2c 3ea09340 bf481ddb 3f617005 bda956fd 3f7dfb44 beea473e 3ee6af2c bf145190 3f600839 3ecc73ae bec74ff4 3f3d6a0d bf222bbf bebfca62 3b652cb7 be87fac0 be2e03ec 3f3c1825 3efc8f3a 3e9b3643 bf7a3b8c bd73f85a bf091553 be090d6e 3e1d7501 3f3c85ec bd82a674 3f35677c bdfc680b bebcc3a6 3d69b316 3eb002e1 befc8029 3e89be69 bf4ee3ee 3eae22a5 3ed16f48 3f1fbde8 bef3af7e bf17f76d 3f33bde2 bed0f24b bf0753fe 3f2f85b8 bf1d27ba bea8e70a 3f293992 3f06efb4 3e994e60 bf2e91d8 
3f5eb87b bf7a63fc 3ec426b8 bc26bbee bf6f8c05 bf0cf1a4 3f2737a0 be3bf252 bf1b899a 3f637a27 bf1759c0 bee19f39 3f5789d6 bf239bcd 3f7373d0 3e0ffc99 bf19e7d2 3f451031 3eda81f6 3e373bb9 3d9c1922 bdf69b13 3e302d7e bf04abf4 be295431 3e813aa8 3ebc8af6 3f6c0fd2 bf6a53ac be242c7f bed41b28 3f37ddef bf4c1c1a be7bbd7f bf165fe9 3e711e3e 3dd90668 3e828dd7 3e5d7557 be5e3e68 3f524c44 be04e48e 3f290bf5 bef3274e 3f1fdb5a bdbf4819 beec5263 3f1c21ab bf5dc1c0 3e2593d5 bf57400a 3ea64b09 bf7e9dc1 3f532fc6 bf603e3a 3f7ab3b6 bf6495a7 3ed73a8e be30c58a 3f2ed7b1 bdbce842 3e023daf 3ebfa2e0 be7aecd3 3e8b633d bf3253c5 bcb0d8e5 3e125ce9 be8e370e 3eb27a91 3e16bcb6 3eadf2e3 be8102a9 3e0a0c9d bf1ab78d 3f156570 3e3834b4 bd16afad be4f3c03 3ee482e5 bf486beb 3f21eba6 3e0dbd02 bec9dad8 beb7e6db be497d52 3f147fc1 bee3e3a2 3dcd063f bc4f3223 be10f47e 3f3a616b bd21d13a bf1be7d7 be8a8f03 3e89b249 bd656d60 3f4e1a11 be02fd29 be7cedbc bf070194 3dc27692 3f5cd1ca 3de877d0 3f0f1b98 bc87192a 3f5faa13 bf40cff3 3dece8f4 bf6e89f8 3f7ee754 bf4c39ad be80a9fe bf45f647 bed2def7 be48fe33 3f0a698e 3f252df5 bf46ca09 3f61cb85 bf0e11eb bd079088 be84ceaf bf3473ec 3f5f7e1c bf125fe6 3f352e35 bf51ba14 3f75d5ff beb23e88 3eccafd5 bed316f9 3f77d3ca 3e686480 3f1687a6 bef9736b bf54dbe2 3f24cc05 be6de4e9 befd6b8f 3e98b359 3eb336b8 3f7335f1 3f29f269 3ebcbf21 3f2a05ca bcfba863 beb91f4f 3f0419fd 3da9581b 3f0473b1 bf204bd9 3f294d87 3f14b189 be8f9e52 bf01c7fc bed8779e 3f38dfeb bf4fc7f8 3f451a04 bf678ff3 3f4ec3e8 3f02f77d 3f3035cf be6fbc71 3e09ccc6 be307d11 3f0ec7a1 bdf078e8 bf3703d0 3f1d0c15 bf61c46e 3d097363 bf3c6600 bebcbf13 bf70f86a 3f005980 bf1a379c bf61403f 3f10f582 bee4cba5 be1cdc86 bee31735 3f10fb6d 3f0dc618 be9bb719 3eaec34e bf744d95 bf5a242c 3eb852db 3f12360c 3f505226 bf0bd35e 3e9ec6fd bed77ec5 3ecf9ed1 3f115fbb be4fbcd5 3a5aedbb be98768d 3f42dbf5 3df7c5fe 3f399fb2 bf40e035 3f6565c4 bf490858 3f1551dd bedefb36 3e835252 bf3cb35b be43a4b5 bee5dfb8 3e54944c be79747e 3e76fd26 bf76e3fb 3e1642f9 bf09cd36 3f2e960f 3e8c6a7b 3f2cc7f3 bea65aea 3e02b4e8 bf63105a be4db46b bf2eddc9 3f62803d 3e6efd58 3ea272ed 3f4a4dae bf6f9c43 3ea05a44 bf245ba3 bf2bc9cb 3e0e9d66 3f2e25b1 bf4981ef 3f64e9ea bf3cc5a6 3f54cfb5 bed1a706 3f185be1 bf505a27 bf0ac962 3f0c97c8 3f19999d bf600a12 3f7cdf9b be6c941a 3d8453de bdc4581d 3f71c7c5 bf430e0d bf00ff88 3dac46ab bdca28f1 
bf4e364d 3f6a8bf0 bede6f51 3dd7ab04 3f261fc9 3f4e81d7 bf6cc009 3f6931af bf7753ae 3f3f51a6 bf0c0390 3f6efe1b bee23f7e 3e2ad34a bf7c0e07 3e6ff503 3eb846d5 bf130986 bf295660 3ebedaef bf2f5430 3ea15a5f bbd88a59 be081c80 3f33e808 bcc35a22 bf4061c6 bf115799 3f6119c4 bd2d9297 3f53ac01 bf3b05e0 3eb13236 3f6a3a1f bf15d1d8 3f20c1af bbf28e1d bf7ecd89 3f55ba30 bf31bfea 3e46c5d4 bf4dd42a 3dd8997d bdc577ca bdba7771 bb7f31d4 3dd087de bd9e8739 3d4991be 3f423000 be874e6b 3f638df0 bf2d69ce 3f7e8dc5 bf2f219b 3eb776c4 bf4c89df 3f46b64a bf6e8bb0 3d8df6b3 bebf829d beb9f2a2 3f12940f bf6b2a11 3f2be021 3e9fd64b becd9edb 3ed02ef3 3d9587ae bf52e1e7 3f36160f bf7f2145 3f58bf91 bf3a7603 3f7dcfb2 bec39a8e bf50e1e0 3f7bd594 bf7e3f84 3f7543f8 befc03c9 3e5d6496 bf3fe5f1 3f3ff976 3da419b0 3d271123 3ec20304 bf04f5ed bc93a309 3efb97ab befbd343 beafd350 bd3f30aa 3f22abd8 be6f1ba5 3ef9dbfc bf65a7f6 3e917e5a bf7709bb 3f61e1f0 3e89f290 be2bd627 bf5cb21e 3e071c9f bea27ed4 bedef7ad bd9ddb48 3e2ea520 3d452d37 3ec6ba67 be9e0267 3e35f50e 3f07b1f0 3e77aeb1 3f6c79e4 be6d642c bf1f45af be977260 3ebb76a9 bec162ec 3f1a484f bdc37605 3f7d0d88 bf0ba5ac 3debdb00 3dfdc936 bf1909cb 3f08979b bf73f421 bdf0a8dd 3dc33795 becc9300 beeb96b8 bf067b4b bed3b6a6 3e628cba 3ea9568e be3add08 3edc92ce 3dda28ae bee75f2e be96b74d bf5c2db2 bf442bc2 bf3cedda be4bfc1f 3f29103e bf0d49e7 3e39ddd5 be845eaf bf0ac3ba 3f6a8fbc bf703bea bf0959ce 3dc0d862 3f5155ee bf2b99dc 3f3b6020 bf56fa21 3ef42b84 bc8fa8f5 bda2b868 bf58d5aa bf23b3fc bd741303 3e173af9 bc9da764 bf277ffc 3e359e1a 3f4df5f1 bf1d3f84 3f6525fe be491d0a 3f7f0b55 3d5e9454 3f5b43fa 3d8a1919 3e2b045d 3f3ef7c3 bdbfa726 be102b7b 3e651e4a 3f0a4590 bf7737ed bc2ac5d0 bf0f258d 3ebdc2b8 3f5091d2 3f2a5de4 3ea76a5e bf6dae65 bef0df61 be44de12 bde3caab 3f2821e2 bf492001 bf0999c8 3f066bc2 beca1ee9 3ecf4347 befffb59 bf108993 be8771f3 3dada892 bda7e99b be2a6c24 be5e86b6 3f22a7f5 bf105374 3f609fad be009bc0 3f45d448 be38fd72 3c70392f bdf0c6ac 3ef11336 3f35461e be0f7664 3d702998 bf6f3dff bf053f9c 3e94ff1d 3ef78720 3eca4a8e 3ed092e3 3efd8f6f bf2aadec 3db55785 bf645404 bdd84806 3e06dd89 3d8d48c2 3ef57b50 3f1bf7cf 3d208ee8 bf1d1bb7 3f277f94 bf63b641 3ea6cb35 be499b7b 3d50564e bf02f581 3f7e9544 bd11ced1 bdde69db bf08dd75 3f08c5c3 bf7a9c0d 3ec8729f 3ce2d6a7 be8c0fa9 bf3665c2 3f265194 bd3d7225 3eff4f47 be8d7aab 
3e3f9604 be55ccce bc0f3b73 3de8a841 be8eaefc bf7a51ee 3f2c07d9 bf09659a 3f7855d5 bf17d7e0 3d9029b2 be0c0592 bf4e25e8 3f2df621 3f6e7e0a bf6e8fdf 3f00fd91 bd3ed460 3f41b1de bf156b6b 3f7c379a bec66b4c 3d36ac16 3eb7dacc bf550a35 be9b1a10 3f719411 3d8c178f be001bf3 bf7a1fb6 3de1c798 bd65f056 bacda9c7 bf22a9d0 3f2f41c0 bf7749d9 3ecf1e81 3e6c5503 3e26e53e bf220d93 3f64084e 3d993924 bdd9a70d 3eff2ba5 bf3e9fa2 3f6e1c11 bf54c192 3f69d847 bf5f0c12 bdb658b9 3d4879c2 bf3295bf 3edf570e befeeaa8 be94ea8c 3f0d3179 3f09db5c bed79efe 3f70a013 bd5a5334 3e80af18 3e9fe6ed beef42f4 3f422daf bed9662c bebd5af1 3f46e410 bf79bd9d 3ed8e355 3f1b81cf bf438dec 3f47a7a5 beacf352 3eafb290 bf7d9153 3f11459a 3ec046e3 bf1f37c3 3f3ab37f bf4809e7 3e6a6650 3ea98662 3e86d2b6 bef08b32 bbcea0b9 be003dc3 bf2babf3 3f4b67fe 3e2adca9 bf40ce46 3f5ebc11 3d79b0dd bed30a9f 3f009bb3 bf7a3598 3f4d93d6 be83eed1 3ec832d0 3ee103dc be93d6de bf0277c6 3f2f5030 3e679d1b beb73b69 3f7d93ef bf02e730 3f206b94 bf3abdb4 3f6ce204 bf6869c6 3f432800 bf1e1ba2 3df0b8e6 bf00d33e bf20641a 3e570cca 3ee22ecd 3ecc363c be431381 bec0c342 3e715d03 bf66f9eb be9b86f9 3e465d70 3e86e28b bf16a1ea 3f730636 be970f5b 3f5cc1ea 3ec70e8d bdefcaba 3f1861e0 3f0367a2 3e40960a 3f6153de bf0b376f 3f2ade38 bedbb71d bf4d63f7 3f5ea043 be525ce1 3f69d628 3ea576da 3f64a01d 3f727618 bec32f55 bf43a43b 3f59f1d2 bea9e310 3e4e1cd1 3e8c0a49 bf5bee47 3f5f041e 3f716de7 bf58c200 3de839c6 3f0e1fb0 bf3d61ca 3f7409d7 bf0deb8d 3db34b58 3ddc9932 3f1b4a0b 3eb52ae5 3f4963a4 bef9b2fc 3e35a4d6 3f01d34a bb315209 bf22d9ac 3d9dfa00 be8ffa93 be09ccfe bf3bfff6 be18dc28 bf509c16 bd868aa8 be8d9720 bded080b bf104ba8 3f421800 bf221dee bdb648d7 3f3a7b9e 3dc61bbb 3f46e9df bf4115fe bf38741c bec30ed7 bf38162e 3f2cdf6f 3f105ff9 3f1c15b9 bdfdc920 bee9b743 3f47dc2c 3e59e5ff be34f4d8 3ebf6b58 bf2559ef 3f77920b be42b652 3f484213 beb18f39 3eef5ab4 bde0ca09 3eef4b06 bf443002 3f06d189 bf1867f0 bc723a06 bee1f726 be98a2be 3ef9cb99 bd6ad135 befc53d8 be627d46 bf53be54 3f0e2e0d 3eee432f 3f6e897f bf5799bc bec605b2 be0d1cee bf7141ef 3f3c9799 bf460e43 3f76c03e bdb879c4 3f144370 bdcc181d 3bef60fc bf540a83 3eb476ee bf55003c 3ee33b7e be1874ca 3f0f7205 3e1f6ca8 be26d625 3d3d34f7 3ee8164e bf755d5b 3e7b55f4 3e31bbb7 be023502 3e78f54b 3f55f3e5 bf372a00 3e41c4e9 3f0325fb 3efa4360 bf209b9a 3f1cd3e4 bf7ef9ac 3f3e1dfc 
bef29f88 be57bbd7 3f205f9a bf675c45 3f037ba2 3f15c555 be0c7b8d bd857734 bf165527 3dfbac4b 3e378643 3e4f8d76 3f64aa3b bf5ef608 bebcb6bb 3e922749 3e2bd3c6 bf4cf226 3f089e02 beaee767 bf1885cb 3ed27c22 bf52d014 3f3db9fd be82e67e 3f7ce5e6 bf20180b bf100404 3f332f8f 3f106202 3e84ea9c bee8e35d 3f690232 bf592a12 3e945362 3f2683b4 bf2c4bcf 3ef0c7e7 bf2aa432 3f78eb7d bf3c21f4 bef58f62 3f689441 bf652602 3f416605 bf282770 3eb40342 bf510d7e 3f7d4e37 3debc91e bef83700 3f75aa19 bec50eda 3e655bef 3f4cea16 bf56b5ac bed41f38 be6ae479 beb0c728 bf3f17dc 3f6b940f bf796df2 3f3c8e0e bf71bbdf 3f22258e bf0f1b72 3ecf5b0e bd8f4887 3e53544f bf25e5de 3f1dd79a be7945c3 bf1dac14 3ef683a4 3f4a61eb bf673bfb 3f2fac29 bf40edd3 3f589c05 bf3fffb8 3f67f5e7 bf7f7960 be862afd 3f7321f0 bf355bdf 3f58044f 3dba1709 beeb067e bcfaa405 3dacb97e bf0e3131 3f0873b1 bebe7b08 3e500e8f 3e92564e bef0278e 3ea42ed7 befa5f72 bcc41b00 be50fd46 3e70be17 bf346be1 3efa26d8 3b02e07e bf3b520f 3e8e6eda 3d556da9 bcb923ba bf0e4177 3e0a3657 be10dcd7 3e513dc6 be83aef9 3f5841eb bee3af46 3f4c9a2d bf52d7f5 bee79342 3f0b416b 3df48a8a 3daa3a39 3eca0af1 3f7f2b45 bf581467 3ea8326b 3c1644ea bec8678f bf2b2e53 be6d96bd bf524a49 3e4f1cac bf6dba32 3d9edb3b bf7725e0 3e2915f7 bf56f830 bcf463d9 3e43657b 3f3263ad bf21a5b7 becd4728 beb35a91 bf2da3bc befe1687 bf4651be 3efd7717 3f2f8dea bf3831e3 3e957e41 bee3370a 3f348be3 3df4d89d bf09a58b bf70fa1e 3f64cc79 bebf5a10 bf1f65c9 3db64687 3e22c3b5 beece77a 3f305467 bf566a1a 3e89f686 befdcef0 bf580647 3c92e187 3cc26249 3cf55dc8 bf53920a 3f62664a 3e360cc7 bee1033a 3f7b01bb be81e29e 3f3e941f 3f458ffe bea1ced6 3f0273b7 bea35f39 3eec0755 be4785a4 bd90c65c 3f016762 bf4597c7 bf091da5 bda6c668 3eda375c 3f3ceb8f 3e57bce0 3f426c6e be1ddcae bf4969f3 bf240ba0 3d8527c9 3eba7206 bf550221 3ed02b83 bf0bab77 3d338bc9 3e914f0a bf06f14f bdf237a1 bd7eb17a be84c319 bf1ef7a5 3f09f79d bf3bc1d3 3f74f7d1 bf6623fb 3f64602a bea6c6c7 3e804f04 3f138fb7 bf6797fb 3f3c87c8 bf0e2176 3f7bb601 3ee7f71e 3d3050e9 bf5bc009 be949ab4 3f2aa3cd 3e6ecd66 3ea1db31 3f24a5b0 bf659994 3f633a17 bf7bd9ad 3f1163b5 bf52adf5 3dbca887 3da527d2 3f1f2980 beffdecb 3f0785d6 3f366839 bf3cddf9 bec93292 3d9cfbc2 beffa015 3f11f1fc befdcb71 3f01a38a 3ddd69e5 bedfa6be 3f08619d bf33b5a1 bf27718d 3f531c25 bee21381 bf3f1bf2 3e274ccb beb476f0 3f049382 bf08500d 3f004764 
3f0653aa 3beb6221 bd176e38 3f111dad be410cb2 be369c90 bee57f4c 3f3491ec 3d5828d8 3ee926ba bebd42c2 bf011b8c bf0c6b86 3f5ae5ad bf002f7d 3f3e720d bf463235 3f7ff0f8 bf5cf5ef 3f35edc9 bdaf6777 3f388790 bd7792d4 be62e5fc 3b98bd08 bf2a540c 3cd39be6 3f3265dd bf42b9df bf276dcb 3e11cd81 be6e6d54 bd83769b 3ee8af41 be4f7cee bea84ec3 3e22ac86 3df69ad8 be0a35dc befc5b0b 3efc434c 3e859636 bf1b9b74 bd6e75bb 3f10dfda bf332fd5 3f4f1e29 3eae31d1 bf60cdcd bd5792ec 3e351495 bd8ca976 bf33fb8e 3ef76f5c bf71b3fa 3eb14b00 3f57c3af 3e898ae3 3f158d90 3e8a0678 bf3721d9 3e84359e 3e377f35 3e7a7c7f 3cfbda75 3f0f59c8 bf780606 3f6ba3dd bf68f5f6 3f5097fb bf74a3ec 3f303db8 3ed20ef7 bf393623 bd54b060 bef13e6b 3f3253b6 bf01cbfd 3cf59b61 3e9d926e bf1015d1 3f5bc211 3d2ef084 be5f3e5f bf01bdbe 3eac52b2 bf14d7c2 3ed1de08 bd1d3515 3f016ba5 bd076b6f bf07ae55 3f0265f0 bedfe268 3e133c52 3cfeac66 bdad587d 3eb736fa be6816a8 3eea1394 3eec3735 3ce762de bf0f63a7 3e4f6cad 3dace956 3ef16abe bf72cdf6 3f71edb4 bdb707eb 3f5821d0 bf42cfaf 3f67ca06 bf74bbfd 3f174bb2 be4e2c83 bf1d8be0 3f4f3fd3 3d6a6e8e bc829e5f bf3f422a 3f09f56d bf20f99d bf4b5fb8 3ebd0705 3e051468 bec9ee61 3f770dcd 3ec07f7e 3f176795 3ef4db38 3e17cbdc 3f4c9606 be40d495 3f71ffc9 bbde6709 3f4a31c0 3ee9eeec bf5a83f4 3eb7a681 bdd64887 3f43d619 3e8346e3 3f2b21b7 3e69ac05 3e24fc3a be64ce2c be8a16af be822e8c 3f596a71 bf167977 bebd7b82 be5b745f 3ef88b4a 3f4b73f0 bf6051c8 3f310611 3eab967a 3f44e21a bf5c9224 3e648d04 3e61c519 be403e0c 3e97e6ea be10fcf6 3f6baa64 3f35d7fd bf311440 3e754609 3ef51b73 bdbcda4e bf1567ea 3f1e4be2 bf730a32 3e6255ec bef7eb21 bf723e15 3e6b1588 3e55fee0 bd47ce3e 3dc5b716 bef61e67 3f2541b9 bf50f21c 3f3abc34 3f61d21c bf205b89 be394c97 be9d6a65 bf0fca2c bee2677c be2aab9a 3f1bf36a 3f2b4399 3d52b398 bea9ba76 3f29dbff beb7eaa8 3e4224a3 3f0481fb bec81ed6 3d2beca6 3f264fe7 bf59940e 3f6a104c 3f0f73c7 bec8ab01 be0e94d2 3e88ddce be305e06 3e2b5d83 be774d14 3e41b438 be2a4624 bcf3ec56 3bd78d05 3ea15eb6 bf215fcf bf74f007 3eca52ec bcea22e2 3ef5a727 bf747fe6 3ee98a98 bf7e03da 3ee13a7f be20bc21 3f26bbaa bf46b845 3f548c33 bf237dd1 3f70d43a bf19d7ad bec70acc 3f7239cf bf7b31aa beee0f32 3e1ccc22 3f54ae0e bdb6fa98 3eb8f380 bd0def8d bf0c4b99 3f429bdd bf75ec2c 3f273bfa bf00fd72 3f7ae85e bcd59da5 be957ef4 3f61401a be156c72 3f4b3bff bee1ce62 be5e7343 3f6925dd bf6ed009 
3eb60b35 be25f634 bf507fe3 3ef79250 bf731652 3f45d1f8 bebc131a 3ddf6989 bf109802 bee53b39 3f0d9176 3ec122e3 3ebf82dd bf0c17ac 3f338772 bf67b631 3f2b5e0b bf20b570 3ebdbe9a be30f4a8 be343e62 bf7b1dc9 3edea2ce be6d4e00 3f29b397 bebdda4d 3f694ff2 bf4a17c2 3f49fe23 3eeca71a bd7e1142 3ee28e16 bf3777fa 3ec58f12 be63b510 3db2acbe 3eadfa69 bf317175 3f3e222b 3ec5e72e bf219da6 3ddaea6a 3f1f05aa be1a64c7 3de0e861 be6fd53e 3d7b2de2 bf6dd1ea 3f212ffc 3f5b45f1 bf6dedca 3f075d75 3d17515b 3f20f5de bec636fa 3f458b9e bf7c6fb2 bf59e400 be08f4b2 be6d5537 3f4593e4 3e19b4bc bf30c7a7 bc273bad bf00df6d 3c7e4c63 3ed64263 bed7febc 3d6b906f 3f703e0d bf4cfdb6 3f1a655e bf4fa031 3edeff86 3f425fed bec27678 3f133bc1 bf45fbf1 3f5d59d6 bf29e1bb 3d063899 3e074e16 bf5597d5 3f3a4ff4 3e513476 3d49d3a4 be8a12ac 3f0a57ba bf27145d becfff76 3f171be8 be75b5f1 3ee31703 befefa08 3f183948 bef1c2fa 3ef09f73 bf43dfc6 3f3a2799 bf50c229 bf5fc3f2 3f4f71e4 be95ca55 3f51f9e5 bf384bd9 3e29338a 3ee64765 bf7c33df 3e642ca0 bf58f7af 3da696bb bd88fa49 3ee9e738 bf7d936d 3f30d791 bb2eebe6 be965bf7 3d23574e be997f6f 3f7c8170 bf59afd6 3f2dea27 3f0b4f37 3d8a3a78 be3e44de 3d0bb242 bf4e1836 befccf56 bf157bbc beba740b be57a4ab bf492235 3ed0677c bf53820e bf0967e7 be3894cb bf5f33ba 3f7fb50f bf181f93 be440d90 bd385570 bf4f1419 bf0c057b 3ee5d6bc 3d8cfb32 be1add06 3ecc0263 3e0034b6 bf226563 3f0ebf83 3eeb66d4 bd6f30cf bd0ed791 bf22bbd2 3ea4730c be153dd3 bf3e0bfa bf48bc25 3f2ca3cc 3f0f31ae bf79a9fd 3f2963a2 be7a35b9 3dd37914 bf4e2e15 bf0fe998 3e278440 3e4505f7 be521622 bf56aa2e 3f6ec022 bf2a5a02 3f4dc7e1 3ae28331 3dbcc822 3f737de7 bd14efaa bf0cd544 bf1ba563 3f72c60a bf5b4814 3f5975e1 bf04f3c2 3e23fb4d bf6fdbdd 3f2937e2 3e94aabd be4b25e0 3f6be663 3e29bc23 3d8fba3f 3cf62c58 bf6545f4 3db2088d 3ebc6eaf bf6727ba 3f7a99a1 bf3d53cd 3db4e99c bf020bbf 3f57680b bf5c5814 3f6555be bf3593a4 bf521e32 3ebf7f78 3f3bd5d4 bf7685f3 3f3d7dd0 bf66a405 3ed9e743 be825a49 be9eaf0e 3f202d9f be6e1cd8 becf9af5 3f2453a8 3f3793f8 bdb689bc 3ec0332b be35dcdb 3f217f8e bee6b388 3f1dfbdb be311d14 bed6ef40 be152b8e 3e85cea2 be9e561f 3f0abb87 bf2379a8 3e456493 3ef3df38 bf796776 3f4a2422 3f0307e1 3d76f48f beccff16 bf2149de bd252dfe 3da7f78d 3dd9f81e be2b751e 3ea9cde3 3d9c687d bdce3adf bf77b635 3f4d19dd bf38e3ed bf2ab9d2 3ea1e2a4 bf77abb4 3f38cbb0 3ce86211 bf2c161e 3e919b00 
bf718e05 3ee782b1 3f6cadfd befa72f6 3f5c75ff bedf5266 3f3319dc bf2859f5 3f574c0f 3ed84bfd bf1ad9d8 beb4ba9c 3eab72a9 bf612620 3f498810 bf273791 3e67cd4b 3f169c1b bf333190 3f1a51cd bda1878b 3f70f649 3debe9d9 bf331182 3e993b07 bea67273 3db338f2 bf6519ec 3ef1673d bf356dba bf0daf5c 3f65b410 bf30b77d 3f3f2dee bf28b402 3ee98331 be691623 3ebbe27a bf4cafe9 bd16d23e be1655d2 3efe0f64 bf6fa618 3d342cad bd254b51 3df8670b bd529372 3f7e6984 bf00dd42 bf2fbd6e 3dfc5be1 3f21c7b7 bf564a5e be5ce432 3e524d0a bf16757e 3f239da1 3f5aa63c 3ed6b2b5 becc2269 bef8e778 bee173a6 3f6603f4 3dd3e7c4 3f182191 befba7bd 3d06b2b5 3f0c359e bf1da9ee bf49e1eb 3f6b121e bf7f9b4f 3f4223fd be84666c bf455a34 3e92874b bf3ff41c 3f75f423 bf5ad41d 3f4837fe be076e95 3e693448 be2f3416 3e378dbb becaeba8 bef5d391 3f785982 bf58e7e0 3f6a5a51 3d86376a beff774e bd6e9538 3eb792fb bf28e9c1 3f32099a bf78cd8b 3f3abfa4 3d2111cb bea52327 3f5fcc16 3e943ea2 be1d841b bd48b095 bf659020 3f538fe6 bf5b99de 3f0aafb7 3f2841e8 be901b02 3f3b73f7 3f19cfcc bf63a9e1 3ed55b60 3f4c598f bf40f9fa 3f14f9bf befb83d2 3e9d4f4b 3e013ca3 bf154dd1 3f151dc3 bec8baee beef2f83 be62ecb0 bd8f17e7 3f384be6 3e77ec87 3f1609e8 3f59561e bec6be5f 3f797622 3dd408c5 bec51ba8 3f643641 3f0acda5 3df1697c 3f1a75c2 bf29c177 3f2ff7f6 3dfdda17 bda1662c 3f6d13d1 3e860702 bf2b0bd5 beda3736 3ee4ac1f beb59e8a 3d957918 3c54c803 3d8bf8d9 bf78e9f4 3f522255 bf605e39 3f3ad1d7 3e33ebcf bee69708 3f793c65 3f5a063e bf380fde bf13afa7 3f0d1ba1 bd8fb79c bf1071ca 3f6225fe be609d08 3f4609ef 3e57cce6 bf354406 3f2d3230 3ee4937d bd26b306 bd91b9d8 bea14f6d be93ee7f 3e313cb2 bf40a3a3 bdb5e8ca 3f393e1f 3f3cc9b1 bf2bebfe 3f167962 bf76a3a8 3f7e700b bf25d5c0 3f2889e0 bf416c39 3efc5ed7 bf23ce28 beb24261 bd02b510 bec9371a 3e95fac1 3d463406 3e448d96 bea3e72e 3f1c178b bf49b81d 3ecd071e 3e940ad0 bd7ece0d 3e5364bc bf46d229 3f052978 be3d62e8 3f7ad3c2 beddca7a bec52eb0 bc4e2f34 3ec152dc 3f04f992 be73ebc7 3f4259da bf2165ab 3f25edfb bf739b91 3f69b042 bf2a7d9c be46aca5 bf40dbb3 3dbf67ba bf5c69e2 3ee09755 be0a9697 bd8c3754 3edf0bed be6ac56d 3f5ed225 bf339421 3f1605b4 bf5551f9 3ee01371 3dfd5824 be902303 3e884e2f 3e20ac5d bf55c9f2 be60edd1 3de1b9d7 3f287bc8 3f0685ac bf2af5a1 3f2b63d4 beb8231a bec82721 3ea286a1 be5df3cf 3f75d39f bf29b3a6 3f30cc2f 3f591e51 be10acce 3e8032be bac5eba2 bf3761aa 3f72340a 3ca0a483 
3f782bdf bec462bb bf743ffa 3ec41b02 bf1a678b 3cf1a1e1 bf4d3001 3f467a54 bf2811b5 bf0f3429 3f567fb6 bf0b2f88 3f24bf81 3a5288d0 be6534c8 3f7ed173 bf2b53b8 be940a0f 3e2d34e3 be2875ce be8f8aed bf3a83b2 bde626bf 3f09ebd1 3d8eda19 beeb7397 3f2ec394 3eb77ab5 3ea141db be442d3f 3f684a32 bf5fd62a 3ef2baa2 bea13f18 3e6dc3e5 bbf5a0c4 bf0dada2 3ecc2f84 3f0717ff be0ebc81 3f533821 bf62ac0b 3f251448 3f519e2f bf5dc611 3f6a5e06 bf22e005 bf316d8b 3ec3e770 3f111b67 be0573d6 be852b0e 3b99a0b1 3f724835 bf37b7e3 3f50b1db bf6e6a47 bc8b63f8 bf6a8622 3f2a59dc 3f3c5fb9 bdbdd92a be98e626 bf503402 bce26cbd 3f1ff9e8 bf28d430 be17fb84 3f5a942e 3e557dc4 bdf599f4 3f04c568 3c33b9ab bd4e6e45 3e1584d0 3f7d5f85 bf49f1fc 3f42d5c0 bf6ad624 3ed4ce90 bf2bc7cf 3e7ce50a 3ed8cb8c bf058ddc 3e9d7f4c 3f2d5c28 bf620c10 3d86e670 bee022c5 bc3fcb69 3f18eff9 3d720f8a bf2233e6 3f2df3fd be9c6f54 3f1e7767 bece16af bea82ab1 3e38a56f bf46d40a 3f06dbcd bf62e3f8 3f583043 bd5eb0ec 3f0247bb 3d10703c bed48a9e bf60ac6a 3f14af7a bf6fa1eb be87da6b 3f26360d bf495df2 3e2d4409 bf79e388 3f760fe8 bf0c83b2 3f1e219a bf643ffc 3f532e1d bf46d9b4 3f1247bf 3da6a919 3f121f27 be5d8527 bf56ce4d 3e11e50c bf56fbcd bec95f61 3e4ca55c bf53a612 3db4b8fa 3ecb4752 bf307da1 bf31679a bd363066 bd5753ab bd8de7e9 bec00f00 3dca65db bf0da3d8 bd88e8e5 bf082b7d 3f7ac02f 3ed06eb8 be820687 be9b2666 3efcd390 be697d2f 3d2b2f29 3f260bb6 bf2161cf 3f46a38e be7b1558 bf149189 3f2a5387 bf5d47a9 bf3ae5bf 3ee71b5d 3f4cc608 bf2c9bf2 3f4da5c2 bf457db7 3e944297 bed42a18 bd90d8a5 bf027bc4 3f35817b bf7a9dcd 3c96629b bed17b34 bb42ebbb 3f2823d3 be8c1322 3ee98f13 be2d25d8 3f028dcc bf7e2399 be420d09 bf3c0fe9 3f6cebe7 be67ed46 be30542d bd7094f6 3f58b80a bf1683f7 3e506d08 3e14cbe6 3f7571d6 bf62a02c 3f673a02 bf062d94 3f040f78 3dc249fc beb19746 3edd2f44 be400463 3f0105c0 bf5b67ed 3ee66669 bee72308 3f4cb264 bdb677c8 bf35b9de 3f1301b7 bf60640f 3f7b77f4 3e94332e bf754c4d bef2a345 3e484430 bf7a95db 3f76edd3 bf649046 3f321396 3e45bcd3 bf1b600d 3f3f09b8 3ecf6345 3f035ba0 3f25d3e4 bf2879ce 3f16c9ef bf760609 3e7b7d3a be8c7254 3d9ea8f3 bf571d70 3f79d7fd beed6b1d 3f3c83f6 bf5c465b 3eb17e37 3e89876d bf51b86c 3f55c3f4 3ee20f53 3dc558ac beca7fb2 bf6c8223 3f2eca36 bf711204 3f56a9e6 bd81876e bc85a508 bc27d46d befa82bd 3e48bb19 bf48c006 be9b22da bf418bcd 3f4ee9b5 bf1a59bc 3f7dd5bd bf5355f0 be764d70 
bf71ce07 3f68ebc5 bd9057eb 3ef33aa2 bcffa398 3ed3b6c1 3f31ffbd bf3bfdec 3f495bcd bec51382 3f1ab9f1 be99cf5d be9d3ed6 3edb0272 bf027601 bf557407 3f022b23 3ef65714 bdea09b4 3e9f6f15 3e1aa5d4 3f47abfd bca0a58d bf2a39bd 3f2609ff bf179dbb 3ea9423e bf533e64 bf1b43c0 3f1e037f be9ea6fc bf06558c 3f5dadda bf3ec5d3 3e5e2591 3e9da669 bda1e780 3e778d0e bf790e32 3e581c83 bf56b02e 3f2b4d3a be86a301 bf726c5f 3f244db4 bf6f7e4d 3f12fdcb 3f643bfc bf789604 3ee20ae1 bf1d89ab 3f644e3d bf4643ef 3e4ecd22 be6784dc bd9a359d 3f22a5ad be90de9e 3f30c818 bf015beb bf25f560 3d364e0d 3e9e1ea4 3f7bb224 bf101dd9 be8b0e98 3f74723c bf3e25b0 3e5efb4d bf774dfb 3e9fbe91 bf2381ba bf1a97a0 3f1f95de bec7d359 bf347c02 3ed15b46 be4b54d1 3e293bf9 3f42edfe bed44219 3e4c4d2c bf36c3eb 3f521e29 bf320db5 3d8c2ac3 3d66b066 3f46c44c 3f1469b4 bf643de1 3d67f1ae bf01a1b4 3f6ade13 be922a94 bf0d3fe4 3cf220af 3ddcb9bb 3e555569 3f2d8390 bec421f3 bd945924 3e888753 3e3975e0 bed0a316 bf4a99ef 3e65c53c 3f36a3d5 3eaa7266 3d57557d 3ef43bee beb8da22 3f4ab80e bf3193a7 3f7e1d76 3ef2cbd6 be6abecb bf453a0c 3f3fb811 bde9ec28 3c982fd1 3ef55303 bf470fa5 3eaadee7 bf7047e6 3f79c447 3e236c82 3cbea46f 3f50a9f9 bec80733 3f4afa62 bead7663 3efd5b6e bf2f7db5 3ed48a6c 3f6865a7 be2feade beadcb0b 3f58d21e bf03b781 3eca0342 3f187f94 befec348 3f1377b1 bf4407e7 bf5f6018 3f667bb2 3d424f43 bf32357d 3f576c03 bf7f28f5 3f46a5e9 bf6939e1 3f396a7d bf79d1b2 3f6b7ffa bf294005 3f667fe2 3c992757 3d6fae8e bef16386 be993286 3d0a0fd6 3ef4ff27 3aa18f59 be8c46d6 3f497bfc bf558e20 3f793e0d be22061f 3f3d27b8 bee312a3 3f5b5a18 bf76ddd3 3eb87b47 bef3030a 3ea19b15 bd02710c 3e184d6b 3f76d623 3e052cc6 bd4bae8a bf106fb9 3f309dce bef0aa8e bf278bf1 3e7ec4d2 3ebfcb6f bf3a5fe3 bec192b2 3e531534 3ed962f0 bf404c1f beb6c66f 3da0083b bf18b585 3f2e39b9 bf767975 3ebee2f3 3e19a4d9 bd603448 3e84260e bf571bb0 3f4b6235 bf2c703d 3f1eaa07 bde7f9e0 bedfff87 bee3be9b 3f65402d 3f47b458 be0f546e 3f10a3b3 be88032f 3d950a55 bd533071 bf1a4bf9 3eb4bb20 3d889742 bf3c996e bf515a18 3d92348f bd2ff7ea 3d822839 3f3cdf6e 3e18a3f7 beb21b68 3e0304b2 3f6b160f bf1b1d96 beeee3c9 3f0745c5 bee1a333 3ef8ab79 bf015ffc 3eea3f32 bd547343 bf2937d1 bf3bcb9d 3f67ce44 bcbb1eeb 3f631431 bdffa839 bf016b9d 3ef20fc0 bf1e37a1 3eebc78a 3cf89c7b 3df5ba84 3f5d3026 3dc0c867 3f3e89f6 bf484404 3ef07a84 bf68fc1e 3f286b8e 3e9aba6a 
3ec57727 bf64525b 3f0c29b5 bf0571e4 be8595d1 3c1cc195 bf466456 3ec4665c be85374f 3e6504b7 bf35901e 3e31b420 3e5584dc bf13f785 3f41c016 3f7a53ab bf203be4 be890764 be8482f5 bc9e23e6 bf5703d2 3e6bac4f bf0dc5c6 3f402c55 bf437202 3f7cd1db bf3cf5b4 3f60cc42 3f5abe2c bf7601f9 3dcdc7e9 3f79362b bf66cc11 3f5eb411 bf291e30 3e3be538 bed59f1b 3eaebae8 3ea94a8a 3eb23e6b 3f32afe3 bf5605f4 3f3f7c2a be1afdfe 3f1acbcb 3ef636cf bf6f11f6 3edbd306 bf0cebba 3f582bd7 bf55afe8 3c6834c1 3f55399c bf79fa0e 3f1b6fec be564546 be1d7cee bede8f45 3f631628 bf3eddda 3f7eff9b bd234e3a bf3eb01b be04626f 3e339ccc 3cea5cfd be9fb29b 3e762cb7 bdf7b557 3f619397 be1bc43d 3f6c7e4d 3eef96c5 becb571b 3e8926eb 3ee11edd be72669e 3db417bb be27ec3b bf39cdc8 3e776505 3f24f5b9 bf15b21f 3ef30f29 be7325e6 3e8e3b34 beba42ec bf20fdd5 bf69e82c 3f7cb785 3f0cd1fb be8c424f beeb0293 3dce0c24 3e9eab45 3effe34b bf03263a bd43acd9 bf2e6df2 3e76d4c1 3f5be7e6 bf1e397f befcbf53 3f03a9c7 3f3df5e6 be2e752b bf798f3f 3d8b4524 bf148be2 3ed736fc be7de464 bec42ad7 3ec9d75d bf6103ae bf5dba09 3f1bd5ca 3efa974a be3394d3 bf4f3a3f 3f1ff3a8 bf4ed7cc 3f454be9 3eea26aa bf0751b6 3dbec870 bf325034 3e8d3259 be9f9692 3c0cc812 be56ed8a be1c3c6c 3ece2668 be018b03 3e8d1ec7 bf7dd598 3ec19eba 3e474430 bf4aec26 3f5b061e bf4899f1 be81aeac 3f1ca024 bf0b079a 3f44765e 3f104d82 bf613c44 bd8466a3 3f522a52 bf6cfddd 3f42a99c be91cf03 3e8f2b48 be23ebdc 3e452d6d 3f05038c bf2f5bf9 bd09f160 3d046c0c 3c0eb3cf bd43730b 3f3f167c be991b6c bf22959f 3ec1b38c bd89e8d6 be0e6520 3ea78e90 bf31a1c5 be8cda1d beb04a51 3f0dd5e7 bf75abb8 3f1b0bab be2dfc39 3f118d58 bf3a9c42 3ec81f6e bf2027af beb74f0a be98eae1 be8be6c4 3ee56ea6 3da0b7bf be1a8d9a 3f4ce413 3b9f8ad0 bf0cf5de 3f26f5a0 3f1c697f bf0161d9 bf00e15e 3f547dbb 3f5305da bea8c6ec 3f6fe1b6 bf00d97f 3ebd3aa4 3efde7bd bf5d7e0c 3ef15321 bd2d6de6 3c9cd872 bdf02971 3eeb36f4 bed2b2ed 3c96aa5e 3f2e11fc 3c9dabd5 bf4811d8 beb5afae bf3fca0d 3f11a7c7 bf563640 3f5d35a6 be8d5ad1 3ecbdb4b 3eb39f0e bf494e3c 3f5f83b8 3f4d67f4 bef2e705 3f05d174 bf499c1b be022648 bf251998 3f7e019a bee87ae5 bf499412 3e941b35 3f5c5bef bf755f99 3f35ebd2 be18ebde beb66675 3f295429 bf556e4d 3f4749af 3f5da01a bebb16e2 bed76f51 bf416768 be605575 3f3c01c4 bf499611 3f45b43d bebae9fd bd00cba4 be00f47d bf3ef419 bf15b7e1 3eafaec8 be47357b 3df149dc 3f219bd7 bf0347e2 bda76881 
be8da20e 3ef9569b be928255 3d3df088 3f1ca1d4 be7c24fc 3ecc1749 3e903b43 befc4f23 3f24c5e8 beb9bf75 3f5cc9f8 beb95ee2 3efc63ba bf492fe4 bf4415c7 3e05249c 3f4005dc bed47a98 3f5401ec 3f03d97b bec31274 3e79a5b2 3ef1272a bf7b4846 3f2d21e1 bf3f6410 3e126b1c bf7f1da8 3f4a87a6 bd395271 beac168c bf3f67ce 3f5a13b4 bf0b2955 3f200c23 bc10c77b bec59650 bced1d24 bf01bba0 bf323a03 3f189397 be736606 3b7515ff bf457feb be16659b 3ed72e9a beb2bf3f 3ed156a2 bee9b35b 3f5fe008 be093d5c bf55e210 3f6f9c58 3e9e2e29 bf6c8815 3f7475aa bde6688d bf50a434 3ee8cf02 bef0cef3 bc583777 3f665430 bf5097f9 3f565e37 beda0acd be3b03e5 3f331dd1 bf3affb4 3db89878 bf3f7e14 bf058fd9 bf2e1c33 3f06401d bf41c1d5 3ee0d2e7 be7a1c66 3e2b4cd1 3df89a2b 3f0f9fc2 bf1ce5e5 3e315609 beb71ee2 3f0f8fc2 bf4d9c2c 3f4757b3 be0caca4 3f689e14 3f43d1ef bf53dc25 bf3e6e12 3e9ccec2 3f4d31d7 bf5f5818 3f2ebd80 bf74f41e 3e643cb5 3f0bdfea 3e2d1c57 be1a5db0 bf6c2451 3ea0aab3 3f6711f1 bee18ac9 bf0efd56 3e592557 3f20d9b3 3f0af5bc bea1b387 bdfd3978 3f147b7d bf1bc156 3f3011df 3ed61342 3f70dfc8 befe5ef9 bf1ecfc5 3d85763f 3f7d75ce beb5ba55 3e73a52c beddeb63 bf451a2d 3f38e78f 3ea5cec7 be9b46d7 3f1ea7f7 bf34a208 3e30245e 3edc5238 bf1237e1 3dfb29a0 bef75f0c 3f02f1ed be2afe48 3df6085b bdd016b5 3eef2eac bf5fc059 3f760bfe be4e9600 bee1830e 3ef76313 bf7abe13 3efd2796 3ca299ea 3f0e29b2 bf5d5e42 3ef2fedc 3d23f012 bf2e5ba5 3f049a2a be72547a 3d8be863 bf78577b 3f7ee361 be780ce0 3d9bc8a6 bf047344 3f0b1bab bee6bba8 3e07dc0c 3eb2b20d 3e903656 bf7661d3 3f4ef5e5 beb13b13 3ec4bab6 3f30be14 be54fce0 bd82ca8e bb54e11d 3f53bdd5 bf785df2 3ee036d1 be963f0e 3eb35336 3f0c5389 bccc309c 3e34d5c4 3f486dd6 bf1a07d2 bebbeae0 3ee35eaa bf4c4fef 3d45ef6a 3e0d651e be43758c bf5d0e39 3f3b3a0b 3eb79a48 bf3fb1e1 bf5cde12 be19b502 bea77dbc bee2377f 3eed3aef bf56fff5 3f29b9d0 be51a68a be674424 3ea75e95 be19f57a be7536b6 3e1d5472 bdadd867 bf04af8a 3e88b5c8 3e5a36b2 3f57e5a5 3cade186 3e8b331f bd5e3028 bea0e711 be26bdd3 be696d21 bea9dea7 3f32f3aa bf7ffc98 3e1144ff beaca266 3e833f2f 3ee876ee 3ea57a56 3d7a2f25 bf1a99a6 3e6aebc3 3f6aa5a3 bf17bd89 bd4e0973 be0205e5 3e988eb7 bf4033e0 3f787e06 bf72ee17 3f22540c be957a3e bf5e49ec beb3f6f2 3f73500a 3efc53b2 3e19841d 3e91c38e bf072fbb 3ef537d5 bec93aad 3e0d443c 3d59f768 3f5461f7 3ef3877b bf04f9b4 3eafdefa bec2e2e1 3e815f16 bf4de818 3f7d77e6 
bf5fba2f 3f62f446 bf1a29a9 3ea16e91 bebe1af2 3de756ad beb16341 3ed4fae1 bf6d1fe0 3f493651 bf20d9a3 bc2dc3cf bf611426 3eca4369 3f1969d6 3e471d26 3f1153cc bf7b9dcd 3f144db7 bf5d1dd3 bf37d9c3 3f6aea06 bf472c39 be50cd16 3f5411f1 becfd3a2 3f28e7fa 3e17bb9c be1c8c07 3f0e01e8 bf71a820 3f5e0e46 3f153199 bf350d9c 3f06876e bf7cdb47 3edce6c2 3ecd6f0a bed52adf 3f5439d7 3ec14b83 3d96169b bf484fee 3f44440e 3e0a8b4c 3e9ed363 bdb2e738 3e680d44 bda2e97e be856ef6 bef0ae77 3e9dbe6a 3e24db98 bec37b25 bf43b5e1 3f490e10 be871a6f bebe12fe 3f4769d6 3c975f3d 3ea7c284 bf7bcbd4 3f26a58e bee23360 3e21251d beadda70 3f32c3ef bf46c7c3 3e7de457 3ec166ba 3e9772ea 3f5c2419 3eb26297 be5f8d39 3f42bfbf bf23b201 3cffddbb 3df6fae1 bf3575d9 3f73cff1 bf58abf2 3f54ffcc bf048db2 3e771dbb bda8b913 be0eedc6 becdaa9a bf4d8a4b bedf0f7c 3f3b9574 3e9cf6ab 3d9ba94f bf5ca029 3f689a19 bf2317b7 3eb00e95 3f1a5fb4 bf4d6dd2 be15e421 3f366ff5 3e3c8d21 3e99ef11 bf795820 be44e4fd 3f1d1d61 be7e9de9 bf433797 bdfe480d 3eb68ed1 3c574a11 bee80f02 3f2cd3a6 bf5c0a00 bf12dfb5 befdbb02 3db98804 3f75b7ea bea3d2f4 bf217d7f be68ecdf 3ecc6aa6 3ea02ecd 3f0bcf6a be8ede3f bf1fb7ea 3f2301e3 bf0dffa6 3f1625b6 3ec2f38f bf478fd1 3f6663cc 3d697523 3e4345e3 bef3472a 3f132ba0 be4dc4e6 bded853a be4264bf 3f2b27e7 bf07f149 bd9c19a1 3f3a0bd4 bf037772 3f2845b6 bf41e604 3e20d557 bf2b61d6 3f7f714b bf5075f3 3f7a71af bf35c63e 3f6b0c26 bf585190 3eede374 3f4f83d6 bf682a32 3e945b4f be4444de 3f5a1020 bf03e780 bf21bde8 3f2b2594 bf2a6f9b 3d3f5571 3f495d88 bef74b51 beefaaaf 3e89ff35 bf149991 be662cff 3f14f3ac bdb36a14 bf69f631 3f2fd7bf be7494ca 3f1573aa bf0cc99f bf4dc1d1 3f165d8a be9e0ebb bf2dbff8 3ec53675 3edb7a9e bf15bbc9 3f7f8f79 bf03cfac 3ed7a7d4 3d9436c6 3e9fff7e ba3bc97f bf515204 3f7a47fe 3f3cce0a 3e40cc2b 3f0c479c 3e85a2d7 be0d0c14 bc5f4180 3f031bb7 bed11f27 3c8fa660 3f04edad bf5c2a44 3f7e7b6a bf3d73d6 3f77bde2 bf4277a4 3f4195dd bf57a5e5 be3a4380 be828296 be5e7d21 3e92d74b 3e457574 3eb8a741 3e804690 bd34ae67 be82b5ea 3f771214 bf35e815 3ef6cf82 beb44f29 bf3bc9ca 3da8ab6d 3e5d1c8e 3ecae6e0 bf13779f baf15e41 bee2d776 3f680016 bf3cffb9 3f7c7faa bf5f2dff 3f37d3dd bec61f1c 3e98ced6 3cbdec14 3ed3daec 3f59bff2 bf76bdb4 bec0e2b1 be71a40f bf3bddd4 3f6537ad bf20efc3 bd021151 3f44002e bf2d2e00 bee4d699 be9405d8 bd82b937 3f306c43 bf59d26a 3ef5273e 3eedb2d0 bf0991c6 
3f168de4 bf2f6794 3e5104b8 3ece1791 bf4ab9e5 3f7e6181 bf614802 3eec4b25 3eacd7b4 bd59ecd2 bea28702 3f1ea5d4 3f5d6230 bf1d99d3 be041c7a bf1dffbc 3e8f4ebe bebb02e9 3f1351c7 bcc6a0dc 3f25ea10 bdd72a46 bdcd1b9f 3f354df0 bf26897e bec3cf08 bc4c3a7e bf28539f 3f6b1415 bf7c31d0 3f57f3c0 bf6d3601 3e9bb278 bf2bd799 3f116204 3f1989c0 beed6343 beb882d7 3ef87761 bee81f5d bf7781d5 3f2b2bc1 be213503 3f03a5c6 bf769e10 3e964e92 be919325 bea212cb 3d121887 3f455dd2 be08b3d9 bea4bf40 3f1d7dcc be1f9bdc 3f39fe34 be465609 bf135db1 3f5b35ae bf1461dd bf1711dc 3dc34991 3f6405fc bf36b63a 3f4557a8 bf589423 3f73db93 bf696415 3f2e15d1 3bc9a75d bea7fec0 be9edaa2 bf129f69 bea62e9f be22c43a bea30250 3ecd2b04 bd19ef8e 3f2c543a bf1971e7 be878f10 3e2be44c 3e79f513 bf1d79b8 3f3a8b70 be2f1d03 3d24b5f2 3f2c8df5 3f2c4bcc 3df1f8ca bf666200 3f1ad3c8 bf16c3b3 3f05bb89 be87a684 bd082b6b 3e855f19 bf2fdbd0 3e739431 3e3cfc40 bf19139a be8e72a1 be25ade4 3f3ff3e8 3f279a32 befa9b31 3edc0ee4 3f4d77fb bf392ffc 3eb2ff01 bee1638b 3ec2872d beb856b5 3f6a9a26 3e56a432 3f3e65a7 bed229c7 bf568e08 3f12ffa0 3da47952 3f095f77 bec3273e bf5a264b 3eb01298 bf4e05d7 3f73bdf1 bf3d7991 3e949afe be68be15 bf4e1206 3f4a718e bf74c219 be85eeb7 3d8398e8 3eb9f654 bf2751f4 3e3af3eb 3e6a1da9 3e117c54 bf2777b4 3ef40b4e be9c5657 3c901f51 bf0b5387 3f59d5b5 be2b4d8c 3efec3df 3e7abe90 bf20bfed 3ecc5aa9 bf7465d0 3f1cf3a9 bf29f7d9 3ec28ad5 be3ef631 bebecb13 bddce964 3f712020 bf5577db bebc6a78 3f1c6fe1 3ea70ada 3f2927e1 bf64a417 3f14061e bf51b23d 3ec23297 3f489bba bec9630d 3e28a4fa 3f1ccfc9 bf6719dd 3e90a64e 3ee90296 3e984aa6 bf52c271 3c14379a 3df0f9f7 3f7dcb79 bef34f08 be9846b4 3f76a5c0 bf1df79d 3ea54a8a bd0cd093 bf212801 3ed886d6 bee59708 bbe87e4f be567ccf bdd1aac2 3f25283b bf60c450 bf06878b be43dcfc bf47c36f be36250a 3eb04f0d 3db6c7ce bf7dfb80 3f432408 be8642f8 bec9e732 3f1219d0 beaeceeb be05fcb1 bdfa089b 3eea2fa7 bf44cc3c 3f7c6994 beeef34c 3f5ae019 bf2ade31 3ef2fb23 bf794006 3df65747 bf3263ff 3f6e51d2 bf6f1a11 3cb7a2f3 3d77cc7d 3e4af641 3e41fdac 3f791452 bf200369 be4eedc1 bd42cd65 3dc2e4f9 3f28f9c9 bf10f374 3ec25268 bf16975e be4ffbb5 3f2421e8 bf3e63d7 3e914b22 bde4d827 bed2d387 be89a778 bd190c62 beb1af6f 3f70062f 3e902f5d 3eabae6f bd206db9 3c4b47fb 3ea81edc bf2b97fb 3ddadbe3 3f3fdf8f 3d759211 3da2faaf bf0ba169 3f5e4a3f bef46b34 beddf6e3 3f430fab 
be3115da 3f2dd3b3 bf698036 3f77e5d5 bf55ec44 3f1a0d8f be4d0bed 3e5e45c4 bf1c5ba9 3cae2484 3f0edbe7 bf487fe3 bf055382 3e89cabb bd3bd30f 3f5629cb bf4055e3 3f60f3d7 bf6b881f 3f27e5ce bf108fbd bf0d2f91 3f1a8dea bf727e5f 3f2779bd 3ed6af42 3ebc7e9b 3c2fb019 be82431c bdd3986f 3f43e661 beeb62b4 3d5450a2 3f34423e bf009bbe bf3ea1b2 3f00c1ca 3ec82ae9 bf3f3a0c 3f304218 3e335be5 3ec92325 bf4b9615 3da03726 3d21718c 3f07bda5 bed9b2c6 3f4b8c7f be1544b6 bf6285ff 3f00997d 3e334bea bf551be7 3e0184f0 bf1b2ff1 3f39261b bf1c0596 3ee94acd bee92f3f 3f7c6186 3d0e1018 bf4f962a 3e9c2eda bf2207f4 3f78bffd bf4467fd 3e9272dc be357c51 bd510e61 be8f7ab6 3f49afb7 be2d4c3b 3f0c642a 3eda458c bea76e29 3eaa32e6 bf27be05 bea95792 3f2b65e8 3f1ebfed bf287d77 3d08b4e5 3f0e997f bf712a02 3d6f2ed4 3d39757e bf10e5b8 bf702fae 3f7b3fa8 bdaa0850 be8cd332 3e254534 3e81e65d bf1127d6 3f584a28 bf354783 3f00bf68 3e85eb08 3e46e630 bd8c49e9 3f40fff6 bdf9d9de bf688215 be94d646 be5593e6 bf1345b0 beaed37f 3f623024 bf29afbd 3f513e2f bed88a92 bcacdfba bf50edd9 bc264819 bf2279d7 3f1dafdc 3edf76c4 becd5f30 3d7aeec4 bebc825b 3dfa6918 3f73e1cf beadae9b 3f79bbbe beebaa93 3ef3cb65 be2064c9 3e00aced 3f488004 bf00efcf 3f70703b 3e92cef5 be161d1a bdcb7971 3e216d41 3ea26ec7 bf6acbd7 3f2e6de7 be63f412 3e3095e5 3e4dfbe4 be4b4479 3ef7e638 bf66f003 bd71517c beab3ec9 be055cea 3ddaf850 3f12d7f9 bc23346e 3f27df85 bf003bbe 3f01755d bdee6b54 3cf7e516 3ea05d95 bf5785f5 3eebfe61 3f1233af bf3497e6 bede0b92 bf6eb3e6 3f48d9b6 3f17b7aa bf2fe7ed 3f0321cd bf79c3b0 3e6bd4c9 3c59b29c beac26cf 3f0b9d50 bbe07b60 bf29e792 3d1d51b7 3e7a8545 3f6a082d bf7d8d42 bddf3a45 bdf7482e 3f19edd1 bef9936e 3e20f423 bf470027 3f5149c0 bec98f91 3f3fcbb2 bf10a1dc 3e7c3cdb 3ef56374 beb79a46 bd654cb5 3f448254 be591d68 3f47cfe4 3ef08702 3ebf1b31 bf54f044 3ea642f6 3f3d1ff0 bee1c36d 3ebd4ec4 bd3a53ea 3e00f4ec beeb7ba2 3f6cedfb bf56623a 3db8d8de 3f225f7a bf6f6c58 3f15e184 bf13f574 3f22ce29 bec7ca9f 3f72f40a 3e81a63c bde146a1 bead1e8c 3f56b9d2 be6ef5ce 3ea8b220 bebd1a77 bf39f82f bed262c9 3f18c581 3de2899f 3c01b5fd 3d302ffa bf5dc7d6 3f3d6009 bf0a7bad 3f7dd9a6 bd8f293b befd6f67 3f24c179 bdd9e616 bd9d08bc 3f4e862a 3e148c70 bf0301c0 3f52a662 bf2a019b bf18717e 3e5e76df bf72ba2a 3f4969f2 bf60a1fc 3f4943ef 3e3f2ce8 bf5ed617 3e850e92 bea73eb7 3eab828e bf162dbb 3ea95ed0 3e7795bb bf5689e4 
be21fc8c be135d3e 3ee80ef8 bf5233ef 3f7d9bae bf2d8ffe 3dd856a0 bd40977b 3ef2dc22 bec7cf52 3e26f4d8 3ce522d7 3ed6ff51 3ea6b69d befe5343 3e81f71c bf0861cc 3f1d0a25 beb0ab5b bf0d37bf 3f4685bc bdf85a12 3f39523c be9a8686 3d10d1c0 bedcee98 bf3ddbac 3ebb62f9 3e199c70 3cb7e03b bf2963f7 3e5bd6e1 3f2fefa7 bf773ba8 3e9a965f 3f7317d1 bf1ea5fb 3dde09a7 bd869848 3eece6a9 bf2dc1b1 be702553 3f41c1ca 3bf0798b 3de6a861 be88d710 bd8ff7e9 3dff39eb bf34efca 3f7455fa be82226a bed556ed 3f3be3e4 3f1fffbf befd47a6 be7b1c69 3f3b87d6 bf0d59ae 3e959e34 bf2249f8 bec7bef0 3f1d3db0 3e20c484 3ef7ef4c bf45ebef 3a91ea2d 3f68f452 bf5873dc 3f41b3da 3bcba30b be4eb5ff bd9027fa be0dd311 bf34fc08 3f23b5b7 bf20f5d2 3f7e4b95 bc73bf92 bf690434 bdda39cc 3e91a29c bd790eb5 be5cae33 3f2e37c5 3ec3bb22 be8c3235 3f32c80b 3e933afd bf64442a 3d86f818 3f40940b bf61c7e6 3f13f1cb bd78ce0d bf4a15a4 3f662a40 bf465df9 3d954519 bf661e24 3f046ba2 bf6739e2 3efd3f1a 3f0e2fe3 3ef673b3 3eba4ef1 3f614a36 bea96741 bee20fb2 3ed8fb55 bf72f808 3f12e5d9 3eb33b63 3ebc35f9 3f28c3b8 bf528836 3ef24f46 bf6f3a16 3f6235fe bf6191e5 3f72b3e7 bf078594 becd62f2 be6b55df bf464165 bba5717f bf179000 3f2403ed bf301ffc 3d00ae26 bf03fbfb bdd0d986 bf7bf582 3f15b193 bea7cb5a 3eb1c9ef beb01f27 3f766435 bf5a57ce 3ec352b8 3cff284a bf52ce4f 3f7f3986 bf1fc776 3f592bfd 3de1888f 3ec7c23d be2cecf0 3e078d99 bee61ef6 bf4489cc 3e8e32ea bf38dde3 3f3287d7 bf6a4213 3f2aabe5 3d12d3ce be12f5a4 3f304440 bf7d2f81 3f1b2fb3 3f437426 3f73bc07 bf6aa380 bee363a4 3eae56ba 3e9b6a99 bea40acc 3f67d43c bf153b22 3ed08f61 bf6f05bd 3f7a2d8b bf051fe8 3f6561b0 bf6b4388 bf009388 3f4c5bb2 bd9ea8b3 3d9637dd be86b2eb be84eb86 3eed535e 3f2b0bbe bf2ce3bb 3ea5ae66 bf668030 3f4bfff1 bc36de4b bf405da5 3ee6cf07 be183d32 bf2fa9ec 3f25d82a bf35edf4 bf7dcd6e 3f1577e2 3d2bcd56 3ddde4ce bf04398a bf09d7ad 3ec95284 bec46b23 3d9e2942 3e61954a bf01c15f 3f1fabb3 3e3e5c6c bf55ade4 3f3ff1b5 bd9af8b6 bf26759d 3ed7df48 bf0731e9 bef1fb09 bf02add6 3f4a2bf4 befde36c be92bb4e 3e56f49d bf6d5819 3f5215e9 3f47ebe7 bdc6e7c8 3dfd0bb0 bf4795c5 3f29a1f8 beff7364 3f73a83a be8f3e36 bddde8c4 bf49ae1d 3d919935 3eb4fe57 bf279196 3ed9c6e5 beeb77ea bf0f5f6b be33d4e4 3e810ec7 3e53c5ae bf37bc7e 3f6c59ad 3dd79abf 3e961f11 3e09ec77 3e238cde be4885f3 bf12e168 3f60ddbf bf00fba5 3f2d19f4 be96a264 3ed347e5 be92eee2 3e3035ac 3f03ad76 
3eb1de75 bebeeb07 3ed7f6b5 3d90998b bf7015c2 3f715fe6 bf3271ee 3f1007b1 bf328fc4 3f7201f3 bf76ec02 3f70f062 bf752032 3ed37a8f bf16955b 3ea5fe8e 3cc1e45a beb65b47 3eb81317 3f1b9bc5 bea20311 be763d84 bf3f2a1d 3e2603fb 3eb546fc bdd28998 3f743646 bed566ae bcdc6aa5 be0ee4ed 3f4cd3d8 bedf6ecd bf5f6fd5 3f525fb2 be8822dd bee95f34 beb38eee 3f2785cc be9002a5 bf4e9c14 3f681e26 be951a5a be3edef0 be5f9cad bedcd426 3f18b394 bf3cc9a9 3f1db9a9 bd7c4d4b 3e700659 bf3f61d6 3f6c1a08 bf468a1d bf438ff1 3f7997e5 beb1a71b 3de9f8d8 bf0871f7 3f1f07b1 3ee6c70b bd48764b 3e8e96e2 bf4c43cf bec75729 3f38d5c0 3e1d3450 bf69b25c 3f0ee3e8 bef85706 bef86aa8 3eeee6f3 bf23b5c8 3f7a8c03 bf2899b8 3f2f6e04 beae8a86 bf2b43df 3ef033e0 3f3b13a9 bec46ea2 3e8ac267 be117c71 3e6d0d9b bf7495e1 3d5dead5 beeb1f14 be3345a7 3ee69b7e 3e916e78 3e3cf555 bf4f93d6 3f698a2a bf56ae09 3ecd62dc 3f00dfc2 bef6c5fb 3f00db65 3e112505 3f0a4184 3e5b13df 3d0fecb1 be147e96 bf0007bf bee5f35a bf49243b be9b028c 3de53834 3e634e30 3d10f649 3f1e4da2 bedee3c0 bf1f4bcb bea87e75 bea26e47 3f34afd2 3ecb42ef bf3a3ffd 3f45160a bdc2dc4e beb9fb51 3d65d0d9 3f13a3a2 3ec29287 3ef0cb67 3f36459a 3d684ebc bd277010 bd8d3707 3f0e5f6a bb837a55 3f1ba5ce 3ea2e2c1 3ef5c373 bf148f8a 3dbe48c8 be98d280 bf26a5b2 3f68ce32 bf2d8bad 3edb1f5d 3e0ac4b5 bebe62c2 bf16dfbb 3ecafa4c bf55cff3 3d18d56c 3ebbc6a9 bf1fe7aa 3f4ca9e9 3f3af9aa bea12f3e 3f76e9b3 bf4e8823 3f6c37bf bf4fee16 bdbef5fc 3c9be668 bf00f3c1 3eed6235 be706c65 bf6a0e24 bf6a264c 3f596e33 3e4b9ccb bdd3a78b be6fa679 3eac274d bf4e39d9 3e607b57 3e3dd5c6 3effeecd bf33ffe6 3df6a84f beb576c6 3f003fe1 3f192d56 bf6b75d4 3f307bd3 bf1aebeb 3f4211fc beb92adf 3e2f149d bf7491fa 3e8fcdca 3ed652cb 3e14750c be68752c bf1179a1 3f658060 be974b65 3e622c38 3ec55a77 bf49d5f7 3f48fdeb 3f0e698c be3594ac beb9b6a0 3e20fb22 3e371c20 3f6dc1c3 bd0710a5 bf031c07 3f6df3d4 bf7809e6 3f3d2b93 bf26cdf9 be6cf619 3f1b3189 beb6971d bd979869 3f695243 bebedabb 3eef571e 3f559012 bef8f3d0 3c83a65c 3e66dd79 3d8de8fa 3e085393 3f5f800e bf260576 bf3d343c 3e4acc2d bf0919c0 3f55160f bee392bc 3d66f1e0 beef72a8 bea83257 3f08ddb5 3f5a09d6 bec3a69b 3e97eaf4 3c82df07 bcc3dcee 3e72bc64 3f4d99eb 3e073d30 be980ea4 bec7aa22 3f5475b8 be8d5e57 bf3975cd 3ebf3737 bf4367f5 3e35fd8b be81feec 3f7721af bf742800 3ef83e5e bf14ddc7 3ce09e4a be2a7cbd 3d687376 be4af5f0 be9802ba 
3f34c9a1 bf09bd9e beb572da 3f2a37a6 3e02bbd5 3d819771 3c424dcb 3d9d0c44 bd874b5b bf201b7c 3f46d000 bf4cf9c7 3ee992f5 be631dee 3f0721d7 3e8b564e be8a5f25 3e58bd47 be82de43 beb5ea9f bf0a43c8 3f72be1c 3e8c3644 3ec1d6e0 bf3a8fdd 3e8cdaa3 bf1dd55f 3e0874d5 bca5a348 3e2264b7 bf52b04d 3f44b3d0 3f5f7bb5 bf2ebfdd 3ecc1acf 3e1624f5 3f4675d9 bf7c77df 3f27bdb3 3f0ddff6 bea8dae2 3e838e5c be72be80 3f21f1de bd980af5 3e67b58d 3f0e39a7 bf382bd2 3e7525ab bedc9eb9 3f26038d bf3333dc 3f7c5f9e bf1249ba 3f320dee bf76f211 3eecc2ff 3eaa1729 bf04bbef bf6925f6 3f3559bd bf697c10 3f7a5992 3efad335 bf3f7036 3caedef4 3ef5b2ac be569bf0 3f3ce1df 3cf6ded2 3ec1ba3c be924e7e 3db3894d 3e7c9d04 bf38a5e5 3f5171aa 3d8359b2 beb58b45 bf5a4fc7 3f6a7c2c bf2933eb 3e5545e3 be03f435 3f6ce9d4 be57b4df 3f7985c7 bef9ef73 bf08a1ae bf1a0186 3f3cbd74 bf15e5d1 3f1d87f8 be985ee0 3dc45878 be09d539 bf0ea56b 3ec9ffb2 bf549205 3dfef89e bf18e64f 3e7ccbf0 3db887b4 3dd41778 3f666a4a 3eb2d383 3e7983c6 bc932bd6 be0864b8 3af9bbb7 bf5b39d4 3f79822a 3e390ca2 3f34a02c be866e8c bf0e35e0 bf0abdcc 3f6cf061 bf51f9ff be72b5df 3f7931b2 bec94ec3 bee49a95 bef43ee6 bec82f8c bf089b75 bee8fb44 3e5a0cb5 3d0e4df4 beaf1b2d be3b0ce3 be59de13 bf1a8bdb bf129bc5 3eed926f 3ec4e366 3ead130d 3ea3deaa be4f9531 beaa8f22 3eb7ba92 bec85f99 3f42e00c 3f067210 be8e5662 3e637d5a 3e6b9d2e bf2afbde 3f54fbe5 bf500c08 bf157dd9 bcc3a5c2 bef1f345 bdb0b8de 3e0e7c5e 3c46b2e4 3f44a3be be80ead9 3f1a41dd bedc1f89 3ee53ea0 3f4a4b88 3ec11b76 3e6c9488 bf648260 3f213daf bf1a45b3 3e591e93 3f2627d3 beeeebc0 3e005464 bf239381 3ed92f49 3f2f63b2 bf2711da 3ef73afe bf67ec3c 3f30e361 bedc02a7 3c30223f bd2db39a 3b62e594 3e0f4db3 3e885e97 3f088f3d bf7e393b 3e57dd63 3dcdd9d0 3f2503c9 bf3f5444 3e9f4266 bf4087bc 3f4e485b bebbdbde 3ec97aa9 bf7819bb 3eb55e57 bda9fa30 3ecef3b1 bf4ab40d becb871e bf1ba743 3f5321c8 bf2b8c0b 3ebd6eb5 3cfa99d2 bd98986c 3f317e31 befb9765 3e861ec0 bf141a24 3df888f0 bf4cb7e1 3ded385d bf4e83ec 3f5c1000 bf0a9198 3e0283e6 bb6e9756 bee17b76 bf271dea 3eb62300 3e5a1d52 3f395e76 beb506e7 3f04a966 bf66b1a2 3f702fd8 3d9ad7af 3ef6b2c0 bf343582 be98869b bf17616f 3f12096e bf5bcc36 3f43c5f7 bf1bd5d4 bf3f4bfe be79d546 3f2cc5af beb53e95 3e1fd54b bf1f7ded 3f29c3e8 3d3db067 bcf9662b 3f6e341d beccd774 bf2a0dd1 3f3cbfb9 bdc7a9cc 3e43cd65 bdbc17ac 3f515dea bf5af5d4 3f7531fc bf42fda1 
be969323 3f70b225 bdb289fe bf2a37f5 3bb8a00f bf1435f9 3e8d2eaf be821312 3e49b5a3 3f5d89ae bf57fc2b 3f08a7ae 3ec40e8e bebdb2f0 be184eb3 bf4c7fbe 3e219df1 3f1bf125 bf365780 3f6e63f6 3e835608 bf076c02 bee5a3b2 bf13a5c6 3f7b1e2f bf371a19 3f7705ca bf386fd4 3f0a25b4 3bf1b939 3eaea6e8 bf487664 bf6e7e01 3f38b5b5 bf67001f 3e9dfeb8 bf7c3bd9 3f7fb6c4 bf5543b9 bd69cf6f bf572400 3f48703d bf19b787 3ea7a31d bf061d8f beceeaf4 be404dca bc3950f3 3f5857aa bf7d07f3 3f68983f bf444ffa 3dd9eace 3efa1369 bf660bdc 3f67ea11 bd6c4fe7 bf1559e5 3f7729d2 3eb032f4 be53db52 3f29e9ed bf6fca0e bde0b757 3de469b0 3ec7a28f bf2c51e4 3e9f3f17 bf3fdd86 bf301c1b 3f304841 bf234da1 3e4a7627 bead629c 3f1bbfcb bf7c8d62 3ebc0b20 3ed3abd8 3e6c9d5d be25844d be89ea51 3f1cfc05 bf18e1c5 bdf7d7d6 bef55b3e bf0079ad 3ed3e7aa 3f4e1bcb 3edab65c beaac2e2 bded75a5 3e498c07 bf14d3e1 3f4539fc bf4037d5 3f7b57fb 3dd9b856 bd23162a 3f231dc8 beeb6bbe 3eb36ed4 3da88a25 be267d67 bf732fc9 3eacbecf bf37a3e8 3ee4cb2b bec472b1 3ebc1a32 3ec7aef3 bf4b9f9e be6c446f bf0e8005 3eee0a93 3efe6c0d 3e6c8532 be95ea8d 3eac2b46 3e992fb4 bf717ff5 3be9715a 3f60b5cd 3ea061da 3e454d10 3eb3ceae 3edc4702 3ede2395 bf555408 3f5e4e0f beafa2e1 3ec41ee1 3ed22adc 3f696205 bf04bfb4 bf185fdf bec8d39e be8a2b29 3e3054ea 3ed1da94 bd6e4d6f beb1f664 bed31ed1 bf4e5dc2 3e82e650 3f05953c bf0de3ef 3f65e9e9 bf5ddc36 3f4e2c52 bd1c103c 3f6b39bf bee5aecf 3f51440b be90e274 bf1001be 3c27cead bf401dd8 3ee47f64 bf1203a3 3dbf38b2 bf7e816d be4c1d5e be1813e1 bd8998fb 3f24f3d3 bd86e9cd 3c7b4442 bf052356 3edb52af be17f39b 3f5ad7dd bf7efd0a 3e90ae34 bf3a7f9d 3f1a4e1c bec65289 3f2f7b94 becdb2e1 3e737bfb 3eac3f11 bf71e61c 3f4559a8 bf29837c be12c537 3f063125 bd923a0d 3da67991 bf6f0a13 3f4fe58e bea0231a 3f143be9 bf5b381b 3ee36b41 bf1ea7f2 3f2165b1 3cb219c9 3e6584e6 bf05618c 3f7dc9c3 3e4db4fe 3f1e6bb6 bee966db bc936332 3dd43969 bca29d3f be1b0db0 bed98b72 be0a5d77 3ef43fd5 3dc8cbea 3e699ceb 3f16dda1 3e8872de be03ac5f bedade97 3f425e10 bf5fe609 3f551bea be77b60f 3f7511a0 3dd008e2 bef83ae0 bf10bba9 3e50063a bf33b9d0 3f7a0248 bf4e6830 bed1dae4 be7a7640 3f26b5ad bd9ca7d3 3f4db43f bd97e91c 3e54b624 be9c2a79 3e89373a 3f5fe81a 3dc3e828 beed4b38 3ee60f5a befe0822 3f65d01d bf44b82e 3f4a0bbd bf7997a6 be903afa be1095ea 3f62f844 bf352db3 bf0a1780 3f5d4ffd bf3c83d4 be98fb18 3e6cf52e 3df778dd bdf8dcff 
be908e6d bf232986 bdf28a31 3f6c1613 bd9cc800 3f4c7c30 beb5e66f 3eb44ebf bea4525e bf6a6dc9 3f4aca1a beb0e6ad bf79bbb7 3f3ccfcb 3e009c7d 3f4109d1 3c49405f bf683286 3f7631d5 bf6871ff be371601 3e9b9aa4 3ea736cb 3f42a7da bf6a5bc1 3f37e1b7 bf6cd5fc 3f6a0a06 bef39ec7 bf583fc6 3f3191ca 3f1245c8 3f2eefb0 be706466 3f6ff210 bee5473f 3f678c3c bf1063c2 3e0f442e 3f5b69fd 3dfc2a9d 3d12f2ef be2b0cc6 be35ace6 3f629c07 be796dc4 3f683626 befd025e beab5233 3ed8c728 bd8e4601 3d2ed338 3c5dbaa9 beffafbd 3f54e773 bf7feaf9 3ef4f6b5 bee9df63 be66a59b bf0901cf 3e8952ea bf44e9dc 3f7c518b 3dfa7c62 bf157f9b 3f10b782 bd4d2fbc bd174ffa 3f462bc9 3f3d6fe9 bf691a17 3f32b597 3e1c55a7 be9d371e 3e91fb28 3f1e17b2 bf509a32 3e9cc66e bf49c601 3f45da13 bee7131f 3edd03bb beca5ae0 3f132de4 3e8ffa6d 3eb43a96 bed6aaaa bf187600 bf441de1 3f0a37bd bd9108c3 3e8d1656 3d5c34bf beee735e 3f50c9cc bf72abd3 bebf2aa4 3cf8641a bec96756 3f754199 bf5d8e07 be22b479 3d136f89 3f45820d bf095f61 3ef13f1b 3dad6846 bd0530c9 beb18295 3f0a5fb2 be60760b 3f682251 bcfae717 bf2b11b7 3eae5f40 bf73c202 3f189173 bf229bb7 3ebafb25 3f0e5745 3e574629 bf306dbb bf65105a 3f2ea3a8 bea75ae7 bf0d3b69 becaa2ad 3eb6b6b2 3e34e532 bf15dbb9 3f0943c0 bf6fbc1b bf1967d6 3e942ae6 3f0b21e5 3f25de00 3e5d5d7d bf1c2bd8 3e50cd47 bf289373 3f72c223 3ea44f0c 3f65a9c6 beda1f0c bf2adbe1 3d9007bc be2ac51d be988a1b 3f1811bb bf4237ea be87bb4b 3d2d7534 bf0ea36b 3cb69f3e 3f1c93e0 3f139bed bec12ab5 3f361bbe be751bfb 3eb8ab91 3f6c0a08 3c274a39 3e8155ce 3e924ec7 bf6d23dc 3d3bb134 3e091455 3e4f7cfe be98bfab be205380 beae8357 3ed4f2ce 3e7feca6 3ee11b4f 3e5b3d17 bdd66a22 bf3ebfab 3f255bbe bee357b5 bc3848ab 3f20c7ab be8db2b5 3de3d900 bd981b64 3ec4b2b9 bf6983fa 3f5e021c be434423 3f05736c bf6d6c01 3f5c8014 be8986da 3ea0f2b8 3e720c3a bd80b83e bed12ebb beb0af11 3e8a8252 bf5cf7a7 bcb95d60 bf47e5ae 3f4ce206 bef58735 3f120fa5 bf53f1c1 3f2071b3 3f524614 bf4947f7 3eb69308 bebb235d bf045d80 be4a4c87 bede1f44 3f736810 bf24ebe1 3ecb3f25 bda817a8 bdb246dd be28a573 bf36da06 bf1677c0 3f2c139b 3f2147cd bee68afa 3f5cedfd bf30c3bd 3eab1abf 3f37c7c0 3e65d5c7 bf54aa32 3f2e6bbd bf6eb63e bf2b1dd9 3f3bf1f3 bec69356 3d441145 bf0b6338 be931e51 3dd77a31 3e5a5572 bf19d5da 3f3ba5f2 bf451426 be8c9b03 3f5405d6 3f2983a3 bf090dd5 3ddf25f9 3e1b73a7 3f4f27e8 bf775dca 3f0727b5 3f224fc8 bf1e2c49 be09e2ef 3ec8cf70 
3cd19f2d 3f431799 3c42c345 bf1da002 bf171988 be0b6d64 be5b95da bd15ab95 3e7a8c81 3f5acdf7 bf54d433 3f27efd6 3f629e36 bf542604 bbbc777b bf77942b 3f42ab92 be4603cd bc2a3b4a 3e5a3d5a 3eb58f6e be748528 be9e4e1e be9b1279 bd20acda 3e87b627 3ca61ddb bf1793db 3f0869b2 3f5ea807 bf5c2835 bf324dfd be838769 bf0cedbd bed776c9 3e08a3c8 bf26e1dd 3ecdd703 be2fa57a bf1637b3 be3ebda7 be1ebb7a 3f5419ac bf778ff6 3eee4f9c bf43abc6 3dcd9705 befea7e6 3f4e7a0b beb01363 bf1869ab 3efdb3b7 3e950a6e be43ac61 be548d39 3f4d5e37 beec7ac9 3f13cb8c 3f309c15 beebdf92 3ef03f7b 3ebe7e77 bf75f03a 3e821b2f 3ed882d5 bf49ac1d 3db84b42 3e053d5e bf75142b be6a7e51 3f1315ac bf67921e 3f28cfee bf0cbfa4 3d5d6cbf bf2479c5 3f3a7fb2 bd1971a6 3dc7261d 3e3c7cfa bf3041c3 3f2543f3 bf30d198 3f1bb9a4 bf7d3db2 3ebfb772 be2f74d6 3f6929d3 3e930323 bcf629d5 bdd6abb0 bf4e53ad 3f35ba0d bdd3f5e7 bf17ef9a 3f62ee15 3d5676d2 3f663a13 bf4109e1 bf1ed172 3f679de7 3ea97e96 3dc487f8 be8d4e61 3eb06304 be022d52 bf23c82e 3f29bbed bdb91a8f bf57e5af 3ec176c8 bf13c1c9 3ca35786 3f3db7cd bf1c781a 3f59b037 bc4ec571 bd4713d5 be138d5c bf3fa5f3 be80c637 3f4e0012 3f36a7c9 bf4d75c6 bd8aa7c3 3f02b3ea 3f39ed8c bf12bfae bde3bbce 3e0b6ce9 bdf808ae 3f27bbc9 3e2b870b 3ee44a37 bf540204 bf46cdf4 3eebd65c bdc047af 3f0891b3 bd71d4d2 be6b04f1 bf5c7a40 bf417ddf 3f295bed 3f20e1ea 3cc5ea19 3f29cfc1 bf0397c2 3ea54e72 bef65ebf 3f62523c beb78b15 3f30ce09 bd0c0f9d bf244a17 bf07f77b 3efe3f7d bf4587de 3e93f2ac bee63b90 bf4a6812 be6d0cdd 3c07a902 be088b56 3eb54a87 3f1803df bef54756 bdeb399f 3f40a7c1 be87bf84 3f0b17fa bea65687 bf1e9f67 be3b94cd bf72144b 3f1125cc 3f1e6f95 bf563e0b 3f5bca1e bf5dd7f8 3ef6ef1e bf576bd6 3f550398 bea7b24e be2a23a7 3ec672b5 bd920867 bf10f7c2 3ea04e78 be78ac12 3dcd6a59 bf37d5eb 3f2261e1 bf708c32 3eaac28f 3e3fad80 3f3131d5 3e8ce778 3e0233e7 3f39083b beb2a22e 3d56509a bcb49854 be158e29 3f3bc7d9 bf735da4 bf180def 3f7f5390 bf3479b7 3eebeedf 3ee19f4f 3f1f819f bf60a600 3d75ae67 3e35cc1f bf15582e 3f2d420f bf3acdb7 3f4a5802 3ea8524a 3f6f8259 bf65d81a bed14b0c 3ead427f bee1aed4 3dae9b22 3d93f92e bf3e9227 bdc73688 3ecc5725 bf1dd38d 3f4b9864 3f65fffe bf675219 3f1fd9a8 be9b5b20 3e2a7e25 3f4003d0 bf28cdbc 3f3679d6 be85bad1 bece5713 3f23eb4a 3ef5871c bf4e0de3 bf62e200 3f7dbbd0 bf2e31da bf05936e 3eadb764 beae9a71 3ebb6f20 bf490c29 3f461fbb be7afc6d 3e53ab67 
3e19fc6a bf7a4421 3e27a43d 3ea8e727 3f58240f 3dea587e bd8ce8e8 3ef573f6 bf50000e bc97207b 3e8bbeca bf3ed3d9 bf131162 3f39378c 3d054dd8 3f3de3ec bf7d03a1 3f0517c7 3e72cbaf bf7de1a1 3f4a3a37 bf46aa43 3f7f64ce bf014164 3f3239cd bf35b412 3f010f9b 3ebb8624 bf4e77ab bea04ebc 3f346621 3e85baaa 3f3899bb 3f271b7b bdb54763 3f20a751 bed4cb65 3f2833fc bef5c35e 3f0f8de4 3e402c04 bf01bf91 bd49122e 3f321c2e bf2357d7 3f19519e bdbf295b 3f0e4778 bf2a7987 3e48b45e 3f3ad602 bebe3abe bf5adbbb 3f4ff427 be592ba4 bf3305c0 3e9db35a bedf32bd bf76c22e 3f582e20 bf17adb1 3cef655a 3f05c363 beaa4782 be2a8c57 3f3c63d7 bd72119f 3d0513cb 3f6087dd bf38cbc6 3f520e48 bdd4fa32 bef72ef5 3f3acfdd be1abc93 3f0d6f8e bf2a5bae 3ee29687 bf7b0373 3f769fc1 beaf46ea 3dfe0904 3dffeb4c be1195c2 bdc6b8fb 3f3d5ddd bf67e449 3e51ce69 bf1235a9 bea3af08 3f7311c0 bdca79de 3e82ff00 bf1d61bf 3f3d1bfb bf13d1b4 be71ed20 bf6f23dd 3f6c89f0 3f1bbe1c bf7ae5c8 bec72774 bea4f2db bd46d54d bf13a7cd 3f4c341a bda97a36 be782db8 3d9c7738 3f41aa41 3e9e7b16 bf4005e3 3f4697f9 bf7d19f6 3f1c55db bf12a78e be8a068c 3e8a3e66 3e8146ce 3f3fb9d8 3e8701e8 bf531e35 bf01554f 3f652c2d 3e900a09 beea22be befd9347 3d5b9122 3f2eaa4f be54a634 3cede77c bed292cd 3c8fe1af bf17b7c0 3f227f9f 3f3697c8 bf3b9fee 3e81ba6b bf0bc9a4 3c334312 3e4e6ddf 3f213a06 3f6c1e14 bf77c41c bdf0087e bf709be1 3deba9a4 be52f368 3ece9ef1 be0a1585 3ee33f00 bf7d9dcc 3e930b40 bec9f735 3f5f2dda be37c472 3ef5f332 bef40ae9 3f522604 be808298 3f62c426 3f2b7fb1 bf4013cc 3edf0f64 be808e93 bf31e9cc 3f142d69 be9aa772 be7bdc7f bf0c31c9 3e7854ae be62153f 3f6b45ca 3ec5132f 3f53ca55 beeb4b0f be6154b2 3ea3c2a7 befeee81 3f6b7410 bf2cd7e7 3f5fafdf bf57dbc9 3f0c8bf9 bf01d7b1 3f1ee389 bf55460d 3f7171e7 bed4634e 3ea0127d 3ea407a0 3d2f70a3 3e2cccec be579c69 3f687843 bf7b7e32 bf1fae2f beca16d9 bf0d7be1 3d86c92b 3e3e3d50 3df619e7 bd370db2 bf115947 3ed83387 3e9f1ec9 3f193f9e bf72d3d2 3f2e942f bea1d259 bf1e15ef be265c7a 3f47c9e5 3e419d51 bef86683 3f654a1f bf724dd8 3f7cea0b bf4acdbb bf0eadbb bf10e3b8 3f426a21 bdba4c7d 3f0b0198 bf6ca3e6 3f64ee36 be9672df 3e81037b 3e7c2c89 3e2884bb 3e873da5 bf519236 3ca91036 bf29a5d2 3f7bc778 bf717def 3f67c031 bf59f9ed 3e3e5588 be97fab2 be04f561 3f61ee0f bf69cbe2 be3424ca 3f11e580 3f3731fa bf5a79b7 3f5d004d 3f4013e3 bf53f669 3f2521c1 3db9ca33 bf40c81f 3f4f99f0 bf39e224 bda1079f 
3e587da3 3ec84ecd 3efc46c9 bf39fd98 bef8ab7d be9e22a7 3e0f151c be7a8e29 3f05c14f be63c4ab 3d81240a 3f3c2194 3e4b0521 bee35327 be50048c be5474aa 3f547bf2 bf2e85ab bdb0989d 3f5f5c2e bf306c02 3f2d300e bf756a1a 3f27cbae bef82f5e 3ed1bb5a bf2383a9 bd9b3a25 3f7f8b6b bf316384 3eac3a7a bf1d45d0 bf289bb2 bf14ab80 be8e7e84 3e91624e bf0f797d 3ea17e2d befecf8d 3f004546 be959ea6 3f7d2384 bf402ded be141de1 3f09bb6d bee263ae 3eb902d0 bf63d3c8 3f7f5540 bf3013c8 be2334d9 3b1b83de 3f756e2e bf67842c 3f3877fa be4fc3d9 3f453bc9 be8b65fc 3f685045 be8a1a1c bec5e2ac 3eb0faf2 bf1c280e 3f732bbb bf6257ea 3dbddb8f bea1033f bedc2798 3e267c78 3e405413 bf3243b1 3e5a5e2e 3e8fc6b5 beabba7e beb92301 3ed49aa6 bf38fdd6 3f500c45 3ddef9e1 beb8fe8d bdac380b 3e25acb4 be4d84b8 3e9f1294 3e4ff48a bf291bcd 3f5d444f bf3185f0 3f70182f bea19f26 beded369 bea8af1d 3e004c67 bdf308d2 3f1017d2 bf3ec3dd 3f79602c 3ee8474e bf409c02 be30d563 3ef7a388 3f2d73f4 3ed03f8c 3eb516b2 3edf4f03 bf3d120e bdc25aa2 3f104988 befbc7a8 bef6afbd beebd7d5 3f70ee20 bebd0e6c 3cef9dd6 3f1f85d9 bf201f5c 3f749db6 bf201d8d be911acb bf2ff1e2 be9d5e6d 3f77dbcf bdc558b5 bea63689 bf7ae01e 3f4041eb 3e029a86 3d296d0b bef83eb6 beaaae55 3ed136f9 be8d0711 3f4babdd bf412c14 3f44a5ef bf66d025 3f19ad83 3e6b0ce8 3d0ed22c 3e235d50 3de0a7b9 bf585a03 bdfdb888 bb9c8687 3f390437 3f5349b7 be823646 3ef61f98 bf1bce04 3d5072d0 bf1fc965 3f659014 3e4d4456 bf2f65cc 3f11d5a2 bf7b97cf 3f2dcfd2 bea236e3 bee7db9e 3e4d0c19 bf44a3c8 bf3ba60b 3f58726b becd06d8 3ef2c78c be4c0359 3f35720c bf4845bd 3f76841a 3ee73b3f bec1665d 3e79ac67 bf572c10 bf193bf5 bf1f7fd2 3eafea9e becbc73e 3ea82aa2 3e27c55d bf57d61c 3f014e11 bea01308 3dc3880d bd76ad31 3eb536d2 bf127d76 3f2cdb8e bf1db7c7 3ed083bd bf2be5a8 bd3bb303 bed2f713 3f0db60b bea712a0 bf1969ad 3f57ba31 3f403ba1 3f09ed80 3f3a3790 bef83380 be9d5695 be8eda35 3f13fc24 3eb786a1 bf2d3030 bec3d2d1 3e4ec579 bdb8f9bf 3e8e66c1 bec046e0 3f7fbd40 bf2e4976 3c4fbc5f bf5c4459 3f443e16 bf3dc438 3f1fcba3 bf412230 3f0417f3 3f77c1e0 bec626dc 3f017375 bf6cd1d2 3eabbb01 3edb26d9 bdbb88d6 bf250dc0 3f67abfb bf4679de bef2cc54 3e836b80 3dc7c93a 3eb84302 3eb21eab bf324bbf 3f3c144c bf532ff6 bc9ede9f 3f7151fa bf0215d4 3f0e95fb bf70e613 3f0a1c0a 3ebd226e bf74ffec 3e98e6fd be11cc11 bec03f42 bf7fd12f 3f48b97d bf203798 3cb1d840 3f5507f9 bf61fc00 3f6abfe2 be36fd35 
bf379602 3e066cb0 bf63a833 3f6ae015 bce8196d 3f5a7bdd bf4b700e 3f428fdf bf70dc05 3f53f417 bee0972e bf46d61f 3f17a959 bf048326 3f6be3fc bf477ffa be11db26 3f2f4dc4 bf4a9fc2 3f262fbe bf6cb3ba 3eefd68f 3ed866ec bf166fa6 3e6e7eb6 be7addd7 3f5e6bf9 befa0b34 bf08d1c9 3f6b3663 bf6a3c17 3f65599e 3ec46e91 3f13c5a8 3f026b7f bf62f22a 3f673ff4 beccef13 3eb43658 bef69ebf bf3f204a be6393c5 3ef85af0 ba4c1b65 bea1664e 3e62b513 bf02f9fb 3f46503d bf4bc1be 3ef32bdf 3ee26330 bf5d4e46 3f1dc7ee bf4c6e08 3eb8fea9 be745dc5 bf14ffdc 3e4e64f3 bf475c3e 3f0f11fb bdad0a98 3f4de3de bf3b2820 be1d1d95 3f5151c3 be63e471 3ef13af1 3ef14b67 bf60ec2d 3f43042f bedb82e4 3f287fbb bf5265ee 3f7a69ee bf69179d 3f5fe43d be54bdbe be9b06bf bd98a7cc be951ee7 3f58abdb bf35d7e8 3ef1e27e bf795bf2 3f47ba20 bf69cdbb 3f71b1c6 bf3c87f6 3ed3b365 be4d2c67 3f2859e9 3e19951f 3dd55889 be04038b beaef36d 3e477bbc bd5709fb bf6d6e3b 3f74ca01 bf2e59b6 3e8c5b3b bf71c9ef bed16b57 bf000983 bd55cff0 3da4d87a 3f4b45ed bf6ec7f8 3f04a1dd 3f1bc357 3d503171 bf53380f 3f3551b2 bf699804 3f05c7a9 bf1c6824 3eaf5265 be89ee52 3f5255ba 3f1b1771 be802e6c bb234d71 bf2965a4 3f6da9db 3f1ce1bf be59abce bf0845bb 3f3171e5 bea61ad2 3f64ffe7 be2c8bd8 be7395d8 be8c4af0 3f40efe5 bf604003 3d38f1eb 3e3c9dbc bf597a17 3e1e43f3 3e426518 bf33a5ee 3f46cbd5 bd82d8e2 3e99f3b5 bf722fba be9e7722 bebf7b72 3e50455a be0c6c3a 3f696051 bebd733a 3e85ef17 bf779dd0 3f7fceef bf0ba338 3f177d70 bf1483be 3e222cba 3f6241dc bf3c07c2 3f5df62b 3f14f803 bf1b55d3 3dd679bd be8166e3 3e098cf0 bf1ac3b4 3f09c187 bf37082d bf2d0dc2 3ebfd337 3e3e249c 3e523c48 3f6ffdd8 3e97dea5 3ca819f4 3f13b5e7 bef8cb36 bdbb3b0a 3f26d391 be7edc3d bc0b5464 3e8d6600 bd8bd90a bedd5381 3f4271a0 bf5ece3f 3f3c53b9 bf4a23e6 3f78c22e 3e678417 3d9d476b bf4d6bc3 3f5309d1 bd3cd510 bec5172f bf73fc30 bedcab8d bf7459b0 3f520ffa 3edf9f42 3e657d7d bf4b9210 bd580de9 3f4139e2 bd84aab8 3e95eab5 bf040bc6 3f14bd86 bf7b57df 3f5ef225 bf3387c2 3f792c23 3db8b9a6 bd99da96 bc41d154 bd2bd5c1 3f22afae bf7b4c19 3e3fb434 bf53d88e 3f129baa be4a55d4 3eafc2a8 bf413601 bdeea85d 3f16cfea bf7d8faa 3f4639ce 3ebc82da 3e228d2a be99ae91 bec52736 3eef2b4f befa1f8e 3e7065d3 3e9c1698 3f1cbfa4 bf722035 be865f28 3f21b9ae be7dfdf5 3e79152a bd876a82 3e5e4d39 3e616dcc beb586a5 3f7713c6 3e30dd0a 3f17177c bf26fb9c 3f0a9182 bf495214 3f0d1808 bf7c9d2d 3f32ed70 
3ee8e305 3ec7030d bd8d2912 3eae86ad bf77b1b6 3ec4df08 bebf66a4 3e83aa79 3e0f0b7b be87e6d8 bd5253bd 3f6ae81d bf50c438 3eeeae2a be4ae424 3eb322b7 bd8a7801 be46e5dd 3f176f69 bf28d1f7 3f49e9b2 bde609d9 bf15bf9f 3eb376f2 3f20b3f6 bf58c439 3ea36ac2 beb21ef8 3f19cb6d bf2a49e3 3f311bc8 bf1cf199 be8f823f bf330be1 bd112ccb 3ea3f6e6 bdc0d8dc be7becac 3e07244b 3f47be25 3f54efe2 3e4efc7e bf004949 3f067f7c bf362daa 3f6f503c bf25903b 3f788601 bf41963c 3f0c71f4 bf1ccf99 3f0e4b68 be3094b2 3e7a24b0 3ebdaf20 be97c273 3ed35f6e 3eabb782 be034ca7 3e0e1519 bf5d69fd 3c821e9b 3e9abe5d 3d40d745 bee89f39 befe4722 3e3313fd bef5d758 3f2a4574 bedb1720 3cb5190e 3e6f44d9 bf03f9c6 3e483c8a 3ef6e72b bf3f857a 3ecedae8 bcc7a3f7 3e2cdd69 3f0bc1f7 bf3781e0 bdb9cb89 3f70d9d5 bf052b59 3f7e0d7c bf6d5fb1 3f5b040f bf637dc7 3f00e59f bf5947d7 3e8bea7d bf5b8231 3edd8f42 3d458c36 bd1bb00b 3f151fbf bf483dd9 3f6f47ac bebbeedb 3f2a9c03 be06ed00 3eb5e733 3f603028 bdd57999 3ece1e8f be3f4c0a bf2fcc40 3f24137f bde6d74e bf6f405d 3f78c424 bf1f61f2 3f5027b0 bef042b7 3f6947bc bf39d5c5 3f289e08 beaa5758 bf7ad9d0 3ea57e74 bf3d01ce 3f34001c 3df4ba6c bf0f096d bf6afbfb 3ee41ad1 bd8bc675 bcb3df33 bee8731b be3d03c0 bf2669e8 3f65d1fe bee2c6e2 bdaaf6eb 3e829e81 3f66c650 bf258199 3f7edf74 3bff7e93 bf0b77cf 3f61bfee bd8c68a3 bf126207 3eca7aec 3e87a66d 3e9aa342 3f0d0392 bebc372b be136448 be206bbc becffaa8 3e561c36 3e8b3eb7 bc1faf42 bf01af88 3edc5eaa 3ddd27ad 3cf1de51 bf715bef 3f1ee1cc be799e27 bf710e15 3f4b07b9 bf093dab 3f4a53cd bedf1756 3eb2e2e4 3d46154f 3e65cd86 3f43a1f9 be7374ee bf092bf6 3e2aab21 bf0b6175 bf367609 3da159fe bf26779a 3e98fe3e 3e91b6ac bf25b3c0 3ecd3f1b be9c621b be7a2e51 3e3f7de1 3e9a9309 bf544f8c 3f7f952f bf257c1d 3f487c0b bf3ae23f bf610c3a 3f5a1fbc 3e627bbd bed27269 bd85c4ef 3f00a36d 3f254bba 3edd0bbe 3f733fe1 bf6d5dd7 bf0be013 3e2e5c6c 3e49a58d 3d2aecbf bda4d8c5 bf5a7fcc 3f64119b bf7cd355 3f7b1782 be4a24ec beb946a6 3e4d5508 bea31387 bf375986 3f39203a bea1e718 bde75a57 3d894af2 be0aecef 3f69cffc bed3e2e0 3f1773c5 bede7f79 3e84564e 3db796c2 3f4edbc1 befc3ba5 3f5133e5 bf0f91c2 be84ef22 bf3561ec 3f7d3d52 bf00117d 3d69d0bd 3d3ad717 3eac0f05 bf51e5cc bef9077f 3f36233c 3ef72bb9 bf2979e4 3ddb28c4 3dfc6bbd bf2b95e7 3eceb2fb bf120e1a 3f1713b4 bf54b217 bef29733 bef9bf18 3e9fee3f 3e94f743 be83a6a1 3ec3b6d7 3f1d15e7 bf3f8dea 
bec13746 bec25b45 3e6d4da7 bed9eee5 3f38a439 bf3549eb 3f790fcb bf707220 3f08ab82 bed1767f 3f1c7984 bf6d9e1c 3f55ebfd bed23ebe bf0a8f7d 3ecc9aa4 3d700e66 be8f2208 be0e2587 3da839f3 3e248c7e bf57ba23 3f74d25c bea70705 bf417192 3f61bbf0 bf381d58 3f478df8 be36155d becb3704 3eb65311 be92e704 3f205997 3f133f91 bf12cfe9 3f1ebbba bf5ff1cd 3f578422 bf5bfa3d bf219ff8 bf7e2990 3da638b8 be9622ca 3e7644c5 3e2374a8 bdfa8a0a be2614fb bf62fa00 3f4329d4 bf4bd41c 3f5ad3b0 bf5d0a14 3f1acd75 bf5ff3b3 3eb55a3d beedefac 3ef136e2 bf40ebd1 3ec84b4c 3d070fc6 3f7d35b3 beef86ba 3d7f7150 3c0ac16e 3f0e15ac 3ea6828c 3df4288b bee5877d 3f013bc4 bf1351ac 3f189dc0 bf0adb84 3efd4f2f 3d57b412 bf55e605 3f5ee844 bf619e2c 3f40d1fa bf291027 bf1ee80a 3f7287da beb1db60 be5a356d beca2f44 befbef33 3f50c214 bf70a5cd 3f3049f9 3f132fd1 beb1681f 3f5b8835 bd9427ad be0fdc2f bb569e25 be9ac702 3d6cb3af bca5d976 3e8f5256 bf6d2605 beb82b40 3e9af717 bf3bd1e2 3edb62d9 bf78dba7 3f09976e beac1e54 3f5db7e9 bf7fcb17 3f711822 bf22180f 3ec89729 bf1901cb 3eac1ecf bf020dc8 bef07c17 3f302187 bf6acffd 3f31bbba 3f4f2a12 bf0c75b9 3f67ddf4 bf340fb6 be2a13ab 3f3225cf 3f1ce599 bc8c9711 bdf31a3a 3bb1688d 3f08c77d 3f206df1 bf0227d8 3f4eae06 bf664258 3f1d3b60 becbb729 bf550ff8 3ea6b244 bf5ab9dc 3df70844 3e3adc2d beb6024d bf36ea03 3f6eca00 bf7371a5 3f1ceb9d bf374194 bec56ead 3f6d63db bf0cbbab 3eef7ee5 3db0d8e3 3e6a5df0 bebe5387 be647cba 3f4f5a31 bf56461a 3e24cac8 bd102d94 3f0f9df9 be71b4ae 3e03f330 bd8f37e4 3f643de2 bf5eb1fe 3e8332bd bea5960d 3eb4fb07 beed52dc bea50e3d bcf0e4ca bebc9aa9 3f609618 bf0cdb4f 3ec2b60d 3f147383 3eddfb4b 3bde9335 3ebf9af3 bf3df1da 3f68a80a bf59d032 3f466828 3edd52f9 bf547c18 3ef2e380 3e85e69c beea26d3 be2bae4a be11fcce 3ea3ef0a 3f6dfc40 bf6555b4 bdd8d614 3d704c87 3e20dbfb bece7b41 bf05e5b7 be4bd46c bf48e00e 3f634bef 3e6d06dd bd2d2bc9 3ed50ad3 bedb872c bddcf798 3f79e1a0 bf42dfc2 3f5e99e6 bf596e29 3d3eb4f5 3f3ae9f8 bf21afee 3f3375d7 3da296a5 be9892bc 3e982acf bebc52fa 3f337a24 bf32ffe9 bcaba59d bd57af29 bef3f666 3e4a3c6b be190b5c be1d2d22 bf1e89ba be2cbcf1 bef44e0c 3eb6827a 3ea722a2 3f289fbb bf77f3d5 3f47ce2a bea9ef54 3e91beb8 bf1597f2 3f335b62 3f4d5839 bf750a1c 3e18b5ff be935a9c 3f1ecfbb beab8b4a 3d8a0b07 3f593c15 bf0931b4 be37edff 3f3a2df0 3eb65ae3 3f2ad60c be13a53d bf1b93c5 3e848605 be45bd8c bf58e9f8 3f78a1dc 
3e03e292 3e16d563 3c3bc62c beb9d621 3f5a75d7 bf4ac20c 3f199e2f bec46793 3e9d434c be11d3ef 3e070319 be9e06be 3e2c452b 3c054143 3f78d3d8 bf702432 3dd1f831 3e25749f 3ef2aede bed5ff30 bdeafabe 3f3039b2 beee5f61 3e4804a4 bcb09aa9 3f313c0f bf1e540d bd05129c bf0ab9c4 3f7ecbc0 bf09c399 3ed90a97 bf50780a 3d648fb0 3ce1a1af 3d6e1523 be064d13 3ecf5fb1 3efeb010 3f372032 3f4b15fa 3e984748 3c99e8a3 3e2ac3c0 bf46359e 3e8a7af6 3e97c6bc 3f59962d becdc76b 3f39fffc bf7699d3 3f6b6c0a bee372b9 3f2a4dc6 be1395a1 3e3576d9 be416555 3d0b90a8 3e6e9326 bf64dfa2 be993ee0 3e520c77 3d6bb148 be5b057b bf76d625 3ec4a6ef bed7f2dc 3ef44f58 be85de84 3defc8c9 bd88d7f3 bdcd6872 3e976b2e bec81371 3ec5c72e 3e8bd283 3d9f69ef bed9ba73 3f1a67a9 3f214be7 bf57d9f0 3ed6c2db be4c5491 3f5caa68 3e668e0b bf1475dd 3f717bb6 bf630a09 bf09b37e 3e8a9adc bf522a2b 3f0a75d4 befeb325 3f7887b4 bf435e25 3f681be0 bf7b8c1f 3eecab08 3f1b73fd 3f38920c beed5af3 3f03fd97 bf68aa25 3f6ebe37 bdf2182d bf5b57fc 3f6b01fe bf26a229 3f18dfec bf124fd8 3f7ac9eb bef38753 3e8546d8 3ea3af1a 3f0623d8 bf097588 3f50963f bf4c2dff be5734c3 beb366ac 3e806ddf beb75307 3f4555fb bf78701b bea74eab bede533e 3f288fc4 beace6a4 bf1e4d93 bea626dd 3ed10bae bf6b401d 3f2d0dcc 3e4a049d be8f6778 3f4e4640 3dd36909 3f255dc0 bea4eb39 3e8fee7d 3d04f5c5 3ed54324 3ea602da be800708 bd9dfae3 3f21c1c4 be6d7e8d bf38ebcf 3f04dfc1 bea03f1d 3e3babea bf556001 3f5c9822 bd8f860e bf114fe3 3f697a10 bf279589 3ec6b382 be2fcc53 bf031dfd 3f257fe3 be8f76bb bf1ed390 3ec9472a bd002faf 3e61ad64 bec33f8c 3e835eae 3f65a038 bf7c0592 3f60861b bf5b982e 3f6611f5 bf4963c7 3e5adc31 bf5e07f8 be70ec0f 3f113d6a bf1eadab 3eb0d2e4 3dff68c8 bf04c5dc bf1efb8e 3f3cad76 be802297 bef21730 3ef40317 3ef3faa2 be3e53d3 bdd834fc bf41b1bf 3f6455d5 bef3bee7 3f68cbbe bf119b6f 3d25929a 3f6f342a bf2445de 3f61e605 bf7d7d99 3f0be7d7 bf6bd059 be5c15cc 3efc4b58 3d91c757 bee1f3c3 bea81e7b 3e51edc7 3df79ad0 be857fad 3eb3ae1e bf517c00 3f4df82d bf400402 3ec5d2ac be4d4584 3e9fa6da bf1931c0 3f25afc9 be8e7a7e 3e570473 3f2621c3 bf211fe4 3f679fe4 bedb72ad 3f220d9a 3f1cadba 3e49f5b9 bd3131f1 bf3c920f bd1313e4 3ecf1b0d befd4331 3e161dd2 bd94d7b0 3e46d526 bdf157d6 bf45ae0c 3e9eb70e 3e687703 3eb8229b bf60bbe8 3f5de5b8 be9a5b2e bf52823a 3eaff2de 3f229dd7 bf77f9d2 be6c254f bf0ee747 be568563 3f326fcd 3eb9e78b bef38b58 3f75c1cd bf416de8 
3ebdf377 bdf72616 3f0383a7 be2b94a2 bf15b404 3f0b2b56 bf4e41a6 3ea67a67 3ef45f79 bf4245e7 3d84469c 3f6b2e9e bf7523f4 3e3ff4c6 bf34cb91 3f227bb5 3f01c596 bf4c1fb8 3e69f3e8 beb56a2b 3f76dded bf6e803e be347479 3f47d1d6 bf3c5db8 bef4b317 3f1f03a4 3e3bc5b1 3e96dada beb282ae bf2603b9 3f56b804 bec04a34 3f539bab bf62b208 3f19a1ea bd3e0acb bf435631 bee8f315 bf2bf9f9 bed4af9e bf51cdf1 3ed6fac5 bec12ed4 3f748dd0 bcd4e6f2 bf4f3c40 bd5d74eb bf565c75 3e5e5621 3e7ef576 bdceb6f9 bf198992 3ec8073a bf3adbd8 3ebce28c 3e429c05 be7645ff 3f0d998f 3dc88850 3f757e49 bf71e865 3eaf6610 3f1da5d6 3ec52ecc 3e2163c5 bef6575f 3f1533d2 bf1889ab 3e9acaf1 3e2c73f9 bde33afc beddd2a0 3ee87eab be998a4f beea2f51 be4e14d6 3f2931f9 bf77e5d0 bd57cb18 3dabc856 3ee2e36d bf329795 3e6035bc bf75dffa 3ef8174a bf2231b0 3f7765fa bd95e838 3f4f0671 bf4ac9f0 3f3b6bb8 bf0817f0 bead2717 3e9f278b bf1983f8 3f7af5f9 bee64f0a bf65426c be622e71 be135672 3f02e9c0 3f22bfe5 bf3af613 3f1a2f94 38de9311 3e0e5566 bf645c2c 3f5d75d8 bf46940a be251c28 be38a3d7 3e990eb2 bf66d7a3 3e53ee0b bf1a15b2 3edb3246 be844182 3f039f77 3f05abc2 bf238fc1 3f4311bc bf528dfa 3f4ff7d6 3eeecabd 3ed5239a bf7a7bec 3f34480e 3f10d782 be950e7e 3ea98aac 3eaf232e be87df31 bf149daa 3eaf7e28 be5aad7f bf51a5ff be2e9d2a 3eaa0b16 bf4151ef 3f386c26 bf581c89 bf080f91 3f3f4812 bf00a771 be3b5b83 3f2db9c0 3e3c14d3 3ead7a1e bf39f1b6 3e78acbd 3f5d7222 bf7fb516 3e77b55c 3e08b330 bf0617e2 3f55122a bf433de7 3e864ae9 3ec4d2d2 befe4fa5 3efbcf67 be8e9262 3f350be1 beaa9f42 beaec790 3f78d214 bf6edbdf be7e64ed 3f19f633 be0f14c3 be5405b7 bee62b49 3f5253ff bf3857d6 3f6b5224 3ee546c8 bf6163c1 3f41d81f be59ccd4 be537bb7 3eb922e5 3f6f8dfb bf5c3241 3f24dfb8 bedbfed9 3ece5b0b bf4fb609 bdd4a9d8 3f7c97c3 bf628a14 3f58dc0d bf1945cd bef66adf 3e8ceeb5 3ea43ebc bf3b0be5 3f086b8b 3df13ba3 be2bfc2f 3e688d70 3ef04afb 3f4d5434 bf7b21d2 3e42b53a 3d32506e 3f7d5570 bf6cc3c9 3f502fcd bee36b3d 3e8c12b5 be56cd3a 3e850b24 bf278799 3f771b5a bf58a3de 3f4a0ff8 bf7797e8 3f67a1f3 be3cbbdb bf41a3e2 3f329770 bf6aebcc 3ec24f0e bf402217 3ed45786 bf6bf1d1 bf2b73d3 3f7da1af be9c328d 3f3471fe bf5f2bd6 3f38ac40 bdda9829 be968b17 3edcbb88 bf33c844 3f4faa0f 3ea52b0f bf6f59ee 3f06a563 be7bfdcf be94435e 3b2d1457 3f3c2a02 be46d6ec bf0c37ba 3ee2c7ba 3f22d96f 3e3f559e 3f0fe170 bf79f202 bec1226d 3e080b53 3d3e9099 be7bd499 
bd60f181 bf3c7e24 be9dfde7 3e4f965c 3e2ddc78 3c81a6be 3f786c2c bf0e5b79 bf376838 3f7cc5da 3ca7a728 bf5f31f0 3f287a0d 3f382e1c bf35b834 3ec962bb bf7c6bce 3eeb9732 3edc439d bebc1a83 bf2539e6 3f5125ee 3e788562 bf5ec608 3f7453ba 3ed63e67 bf7d8938 3ee17666 bf7623f4 3f546ff5 3e1d44fc 3d34c7f4 bf3cf1c0 3e8fd222 3d746f00 be8fe61d 3e58cba0 3ef0d35f 3f2923c5 3f1dcdef 3d89c93b 3f4c87e7 bddbf822 bec71f06 beaa26b9 beab9b4c 3f3e4df3 3e56466a 3f22f960 3e9cee7c bf5f3c66 3f117bcc 3e860b00 be93e30a 3f7e39b4 bf6d983c 3f008bcb bf45b7d9 3ea6e663 bf6fddba be53cd26 3f6fb7ea bf4961c8 bf05ef63 be529d3b 3d1910f9 bca72093 3d82a966 be250c02 3ede9f39 bf5f1618 3f1a578a 3ef7d2cb bf3875cb 3f7a835f bed216b2 3f616210 bf43dda1 3f2f8b78 3ef79af2 bf61ae0c 3f0b0f75 be9ce2ef 3ee4db6c 3d9f35f6 3f67fa4c bf3a9dec bca11b35 beeaa74e bea29731 3f798dc4 bf7033b2 3f588813 3cbe2e4e 3ddc7791 3e934e6e bf6651d3 3ef96314 3f2217f6 3ed79700 be3f2550 bf55a9e1 be6ace75 be30fd27 bd832702 beaf8709 3efecb59 3e7536c7 be5335f5 3f0d7dbc 3eacfa84 be16f4ca 3efbd2ba be31f532 3f36e39c 3e66462a beb75f9d 3e52bd14 bd0933ad bf743238 3f4c3dfe bf7ff0fb 3f526dc9 bf22c3a8 bf52ba32 3dea07d9 3f47b211 bf72820d 3dc3b85b bd835aa6 3c6c5e78 bf1833b4 3edf6f38 3f30f174 bf6c8a04 3f555c0e 3e92daf8 3e3d661a 3ca56103 3e193c2e be97a68b 3f21d808 3eceef6a bf2215b9 3f6e95b2 bf474037 3c26233d bf685fd5 bcae9f89 3f20f3ae 3d8fd85b bf73bbcf 3f2aebb0 3ebff684 beec4b59 3f033b2c bf792c41 3f643a06 be7f3506 bdd1d8ad be982ea0 3e95dac1 be1d8bec bec0b721 be06de2d 3e9cfadf bf4cc3d4 3f4917d6 3ddaa871 befff338 3dcb1953 3e900efb 3f1de7d1 bf7e89a6 3f5207ea beed0e72 bf2d1866 3f31d9ad be54549e bee8bb4b 3ee1ab77 be3faca1 bf670812 3e3264a2 3db0a8da 3dd25af1 3d31efe1 3c51b4db 3f0cd95e bf7c37ba 3f6f722c bf7f371f 3f0673d2 3f473fc4 bf764e28 3f16e9b7 bf1fdc05 3e8ae269 bf7ec9aa 3f493a11 bf649215 3e108b86 bf77d9fb 3f113f22 3f1d05a4 bf7937d3 3c9a2495 be80caf1 3dff79b6 bef7ee9a 3e9a8a60 3f01e5cf bf1b61f5 3f402fe3 bec2bace befc3f60 3efb3ad4 3ef18abe bf7df78f 3b670d4c 3f6fe597 bf7ccb74 3f715e36 be2ba527 3f3741db bf205f89 3f62d425 3e8f8e62 be9632fb bf464a15 3f72e7f5 bf25efc2 3ec7837b be8d9e97 bd37ed38 3f1257ba bea226b3 3ea4627a bf764fde 3f7e4d75 bf370638 3f7a2bb8 be64fdbd 3ed752a5 bf5dedc6 3f27a1f1 bebe9ea1 3f12efc0 bf5ce3d1 bed5776a bdee7a41 3f635417 3e87061e 3eda3ea4 bf6ae602 3f356fc1 
3f0ae362 3e9636d0 3f6e0a11 bee06ef3 3eeac343 bf6d8620 bf0c8b9b 3ea6f2d0 3f66c3fa bf4b2396 bec552fd 3f3ec020 bf0be39f bf29eded 3f4f764c be93f315 3f55ffc7 bdae6983 bf3841e6 3f515a05 3ea4571d bf446191 3de737c6 3eb1c29b bf314b89 beab8eb2 3f4d2220 be01ed9c 3ec2a223 bd26d337 bf2c75f6 bcf2a54d 3f7a960d bf048baa 3e920af8 3dcf98d1 bf041da0 3e51f5e6 bf53ac36 bf4f35aa 3f202784 bf7d53da 3e83e242 3f078b88 3eb936db bb9d8220 bd405408 bf5c602b 3db6f971 bf4965a2 3f7dc7a9 bf287bb6 3ec9de49 bf4d101c 3e92aeca bf0017b4 3f6759b5 be8a9257 3ed646a2 3f20083f be1c7d18 bf3efd9d 3f7a4dfd 3edf46dd bdedb990 be256da9 3f3823b5 bf6863e4 3f5ca256 bf3be9d4 3f73ba44 bf6ee605 3e27d59f beefd697 3e3875af bf42f3ad 3f0203c9 bf1b7f9f 3e5b64a5 bf2dbe18 3f7e899a bf2cc7fd 3f1c29fa bf07e56e bdc18830 bf12a590 3ccde904 3f5c5db1 be346588 ba0c521d bf3cadd8 3f0479a1 becf1430 becc32ae bc926587 be59fde4 3efeabb3 3dd135bd bf45ee08 be31db40 3ebc6642 3f36759d 3ef0e293 3e2efd45 3ec92717 bd89c925 bf69fdc9 3f560403 bf5a71d7 beae7e47 bda607d9 bda85a17 bf2c8bd1 3f1e81d0 bf79819d bef46240 3f7c3380 bf64f42b 3efaa390 3ea6a30f bcde20e0 3f640fe8 bf632c0c 3f3effb8 3f5e8fda bf054d8a beb8b635 3f4907bd bf1b11d2 3f0425a1 bf0f53fa 3f6e0223 bf50d418 bdbe58f2 3f09dfbd beed033d bf43c1a1 3f35ffe9 bf597053 3f2d5e16 be3b3d2b bf249f72 3ee3bf20 bf07bf5d bc8b25e4 3e9b4a64 3ebf46cf 3f533e16 3db807c4 befbb316 be9f7261 3f423810 be5dad87 bf4d69bc 3edf6bd4 be017cd9 3f393013 bf226fcf be6f7595 3f41e9c5 3d341199 bef3c2fc 3f46cd98 bf012b85 3f08c9a6 3f2c5fd2 bf52be3b 3f4e03a3 bf7ff2c7 3f701e17 bf38b1ea 3ec02319 bf70c3ed 3f5d17f4 bee27b3e bdcb4955 3f282580 bebf3ac1 bd448b23 3f325de2 bf1a6b1b 3eb4ee01 3ebdfeee 3f3835c0 bf694de2 3ef67778 bf60c830 3f7801e8 bf153791 3e901627 be7c9e3a 3f5233f8 bf61ebda 3d3b515f 3edf8673 be65fd00 3eca0724 3f0b8f9b 3d05f0ed 3ed8d6f2 3eb3863c be595b39 3f381e00 bd91f9f3 bf42dbf4 3f107bd8 3f39b41d bec8e762 3ee57ae1 3eebd1fd bf2c21c6 beb5faef 3ea12f2c beb3030b bcdd15f9 3f7b07f0 bf54fe1e be654bd3 3f465c0c 3e9c8eda bf0d9fb9 3ec1da47 bd871885 bf3321d7 bd81771d 3db397d2 3c2dcfbb bf02e149 3f1975bd 3e9b79de bf3aebb9 3e3d6ccf 3e528c70 beb6572d 3ef2a30b bf739810 3e913671 bdcc98bc 3e454620 bc7da775 3d554dda bf5041e6 bc8e2221 be3fb628 3eb4f2f5 bf105baa 3f3f5606 bf7acdf2 3f0965d7 3f75ee21 bf3ed001 be891aee bf689bd0 3d44f4c8 3f4c8253 bf743e10 
bee2ee6a beb10af0 bf235bf2 bf0cfb99 3e3c047b 3f1c09a3 3f4643b8 bec53758 bf507b96 3f25658c 3e2e9be4 3e66b4fa be68d46c 3f068ba2 be146cfa bf2d7bf0 be9a02bc 3e0f6c07 bd9359fc bd4e8f86 bf47bfe0 3f7f1383 beb0b734 bd9737b5 3efc8716 3df369ae be220d69 bf19e994 3e845a8a bee1bff2 3f75b9ea bebfb6d3 be0b1cb7 bf4a6402 3f58d072 bf48da0c 3f68420b bf3a4bf0 3f4b75ca 3f46e818 bf657650 3f4d71e1 bee37f01 bedc1781 be549483 bf0da588 3f6c63e3 bea856c8 3f601619 bf1f039a 3f3ff7b1 bf5a43c7 3ed46756 3e4c6ba1 3ebbbaec bdcbd8fe be9e3eed be16fd69 bea80efd bf12739c 3f5731b0 be71f428 be48ed04 bf6d5a01 3f70b85d bec6df55 bf1a17b3 3f7c9f72 bf706258 3ebfae91 bdb1f689 3d1af328 3f365de3 be538d0a 3f297840 3d8d1846 be3f7560 3e4f450a 3f08b3ba bf305809 3f0293af bf507e1b 3ebb9e8f be073ce8 3f019762 bc69b7f5 3ea1eb5a bf57ac0a 3d01332e 3f573e5c 3ea31a1c bed8a9f2 3f265a0b be2e5471 3f5cdddd bf11fb96 3ecf3360 bf3e21eb 3eee36ef 3e05fc38 becc3eb0 bf1c3977 bf1925b0 be8dd6a0 bedc6ee7 3f03e9c6 3f31fbaf bf6839bb 3f465a1e 3f5a6a1e bee616e9 3eefc70d 3ed3a2da befbbb86 3f70c41e 3ee72713 bf7b8392 3f53f9c4 bf00b3bd 3df297f1 bf3d7faf bf3205d5 3f4fb823 bf70cfad beb416bd 3cd7a4a1 3f208fba bf422813 3f432e36 be0c644f bea446b2 3f1f0a33 bf2ad564 3f4231ed bf4ff7de 3f036d47 3f462815 bf69240d 3f481425 bf784b9b 3f744824 bf1b8d6f 3f50f39d bf3ccda4 3f68c5e5 bf32fdec bf092764 be92ca41 bf4a6c18 3f6b662a bdc39784 be17ab75 bcd7e7ef 3ee446b6 3ede0eaa bf384e10 bee972d7 3f6ba007 be711570 bf57c614 3ea4ee47 bc49c8ef bf1397c6 3f5205d6 bf5d67dd bf571faf 3f7d6f8c bf62a7d3 3f46324c bf151971 3f7c1f97 bf5ede42 3f46063d bd034eed bf1b8164 3f6f95ed bf590a51 3f11ddbb bf17d20f bdd56857 3effab80 bf251db7 3e032446 bf4d79cb 3ee6132b 3e78bc20 3ecbe6ce bf2bb603 bec1bac4 3f4f0847 bf150e2a bece76bd 3f5c51ec beba9ec8 bf215a52 3f143f7f bf213a2a bf11f9a5 bd93e7a1 bf254b68 bf0957d4 3f50b002 bf4a2c08 be2abca0 3f4b69a9 bef06f67 bf31cb8e 3d996739 be7a3e94 bf27e15d 3f762840 3e0d9c56 3d375223 bdb94964 3e1ebdb7 bf5e87e6 3f3edbd6 bea6fac1 3cfc1dba bf4b7408 bd5952c3 3e81fb54 bebeee5a 3f3bf9c6 3e635d32 be9c8a85 bdc288b5 be8ce673 bd96f911 becccf21 3f715022 be106c41 beb2de61 3ea332c7 3de8b692 3d5ece16 3f5e5c0e bf4f37cd 3f2079c8 bedc473d 3e6cad1f 3f0a0d62 3e54ec4c 3e9bdeba be4c2d50 3ecbb6a3 bf07e002 3f394417 bdd1fad0 bf43aff4 3f03f198 3f33f9d1 3f588e40 bee37766 bdd54bab 3ee0eb13 
bec7a6cc 3f5de041 3eb8aefa 3f59ea13 bdfc8a25 bedc0735 bf7a7db8 3f3553da 3c5837df 3e563d56 bf14438c bf098e04 3f68fc05 bf6bfbf4 3e771599 3f76e3b9 3c875a93 3db1c8ad 3d58b3f2 3eaa7a5a bc809d6b 3db04803 bf4b47ea 3f78f22b bf5b7444 3e461c3d beb8626a 3f276feb 3f02353b bf7ad212 3f192743 bf4acf7b 3f49a9e8 3f20c3ee bf602417 3f1d85ee be941a33 3e82b697 be1f44a3 bf1aa56c 3f3cef6d bec91ab5 3f668806 bee063d5 3f66a440 3e90cad8 bf7891e6 3f0c91bd bf27a240 3f51cbfb bf7d5c0a 3f2fdda5 3d678fc8 be306cd1 bf75a012 3f7271cf bf3ec77d 3f4ea1e1 3e91ee16 3dcfb9c4 bf7c11ae 3f605408 bec2eecb 3f41dfe2 bf596015 3ed202e3 3ec27f00 bf44f981 3f5e81d6 bdd19af5 beed8b39 3ea55e81 bf6fc5dd 3e87965a bf4d2e38 be3c43ba 3f4249e5 bf754e7b 3f26bd79 bf0f0d9e 3f2c91af bdc88a36 3f21e77e bf4fe9f9 3ed5e790 bf1303be 3f2a07c4 be1e06ba 3df3179d bf516c0b bf4e63ec 3f65dbcf bf6c3408 3ea2caab bf5be20e 3e852a7e be4e6505 3e95cb32 3f49b9cd bf1d5fe0 3ee5a781 3f1493c9 3ec40a8d 3f5b6e67 bec59e7e be818e7c beeb1b8d 3f020fb6 bf0185d5 befc3794 bf1921bf 3f1dd14c bf6ab1e9 3f0263b4 bf64affd bdd2d801 3e9b06a5 3e779cdc bf08bd90 3f2897d0 3ee31367 3f4aec2e be54d484 3e08f57f 3f70845a bf1a3df3 3df098ca 3a85d1ba bf425a2c 3ec1c36c 3c5c512e bedd321b 3df11773 3f0c100c bf000347 3e6b243e bf256d45 3ea09b25 3ebaa6ef 3db94b10 bea795bb 3e08fc53 bec0e690 3efd6bdd bec87a8a 3e1854bc 3f5a5c00 3c5fc50c 3f4f001f bf118767 bce31aea be21df1b 3ea85e94 bf2083e3 beb2a6b0 3f2db5ca 3eaafac8 bf4de3ab 3ed15f16 3f746032 bf1919b7 3f440dc3 bf0e9fa8 3d8ebb7b 3efd4af8 3eed6efb 3e68ccb3 bf08116c 3f065200 bf1f2dd3 bec02762 3f1df5a1 be7a0d46 bf00977d 3f4619e2 beac2b6d bf0e3d7a 3f6a7612 bebd52c1 3f2791b0 bf5a99e7 3f34f1dc bdf51845 3e94d30a 3e9f368d bf67fc27 3daadc8f 3eb29744 3f6b3bde bf7aa400 3f1211c4 3eb92edb bf620e33 3f1ed1bd 3f54264b bf5ced9e 3f0c338d 3f2a15c4 3e8b0623 3f1e3bef 3efb6f4e bf7c67ea 3f6727ee bec6eecd 3e87161d bedb2e16 3f78d9c2 3ead0f6d be801eea 3f514e0a bf665c14 be9df5f4 3e986312 beec2f48 3f7e1fd0 bf439b99 3f5bb9cd be950372 3d7a1193 3f3c8fb7 3eaed312 3e9c5a5a bf35cbee 3efad762 bf614fe8 3ed1a77f 3f4ae837 3cf11884 3f2b8d70 bebbbae0 bf47fbe4 3ed232f3 be098daf 3df2a868 becc8a9a bdb3987e bf077dca bca421c7 3e953686 bf1285d1 3e23c741 be33b44a beb6a788 bf54adf0 3f24a1aa beee1ea3 3d310fea 3d48f437 bf4c91c4 3f741fae bf4a01c7 bf1ee01d bf7c1415 3f4d4e67 bf39f5fc 3f16ebb9 
be000c56 bf01e548 bf1b1b72 bf1a11ea be666e37 3ece2203 3eb93a64 3eb8d705 bf595a07 3f339026 be2c057e 3f38bc20 bf786990 3f5f11e3 be7bf5a3 bf6aa5f9 be1374bb bd4d12ad bd63eea4 beb7ff4b 3dd2eb88 3e348427 3e5fde68 bde5a8c7 bec55e85 3f398fdb 3e5d9424 bf2a0bc7 bef55eab 3f381fc0 3e249d27 be45f50c be57cd65 bf1eb3da 3f6fec0e bf7627ea 3f03639f bf2341b1 3ed5871c bf1035bd 3eaffeb5 bf504a4d bee7e397 3ee836f7 bf72aa0f bc14531c 3ec96b1a 3df84718 beb0eb27 bec81a8f 3f0453bc 3e0422f1 bf682844 3f21f40b 3f09b9b2 be9c9af4 3e78c5b4 be0924ba bf7e61cb 3f512ddf 3ed45b2c bef05ee8 bdf7c871 3f4145f7 bf593039 3f5437f4 bf2d71c5 3f2113b5 bf287f7f be880e70 3f3c5bd4 3cf5249a 3df359b1 3f400c24 3d4f4cfe 3f0751bf bf3695f5 3f07cbda bf0caded 3f0e91de beb106ae bf5e0bda 3f4051ce bf5751cc 3f714c0a befe0b95 bf37f202 3f3c03a9 be464c9d 3f79f5d4 3ecb9f77 3d052fc4 beadee71 3f5657f0 be23ccc0 3f1285dc 3d091759 bee63781 bf6cbbf1 3e494d35 3d70f0c7 bf2c1454 bea33f83 bf4091eb 3f01a7cc 3edcaa80 be872ebf 3ef81fb9 beb9df56 3f26de15 3f4915f5 bf0e6dae 3e9ecb97 3ed2d75c 3cf31d7a 3efbb6d4 bf155593 bcac9cfe 3d0b6e8d beb9826f bf1391ed bf3ad1df bdbb77c8 bdc0faec bf1cb17a 3f053978 befd0753 3f0e53da 3f2fadd8 beca6f53 be391d4d 3f28edb0 be071db6 bf65d634 3f5e11f4 bebf86be 3ec1f646 be434d1f bef5fbef be83ca37 3e5274e0 3f24a401 bf485dba 3f12dd90 bf51d850 3f0e71d7 bf499a1a be1754ea bed90ae2 bd3832a0 3f014766 be5cd3b8 bdb0a67d 3f539da6 bef3cafa 3eeadf7d bf6f29b8 3f7f6db0 bf7df1af bd5e4e69 bf6abe2c 3f30dbc8 be5ba53b 3e9a3f1d bf3e43a6 3db3a9a2 bf71ec0e 3f647c55 bebbf22d 3ef806e5 3ecfd31c bf2e33a2 3ecd77a0 bd9988ca bd21f292 beb89a0c 3f703843 bf64042b bd8909a0 3e4c0ca5 becc36ae 3f4be1c6 bf21f5a4 bdd209e7 3e53e534 be116c78 3f491241 bf6cf604 bf21e979 3f1f681d bf2fe9a0 3ec14f1d 3e2ec405 bf01ad7a bf634c67 3f7d17b7 beb6eaa9 bf261fa9 bf37ba2d bdce4c5c becfcebd 3ee0c784 bd7fb1fc bd7b0ae9 be2dec7b 3e708cc1 bf369818 bf118def 3e57353d be29ed49 bcd454c8 3f7d7dd5 bf4d55dc 3f14bfc1 bf6e97b8 3f2ee3d2 bf4b6dda be6e94f2 3ea0b6cb bf4271d5 befa8b9f bf1f55ec 3f774fc5 bf275bbc 3f297bad bec71853 bf701be2 beea6f40 bed1f2cd 3ebf9ed3 3f710a4f bf674ff0 3f5945e8 bf3893f6 3f0fe3da 3e24bbc7 3ee17ea2 3e35ee5b bebbcad9 3f649236 be4adca4 becf47c6 3f3c71c2 3f3f0402 becb636d 3d4150e3 3ec33248 be4f55ae 3f51ea15 bf04b7a3 3f61cddc 3ef97325 3f35e567 3cce1e74 be4f7560 3e420cd4 
3ee53b41 3ef28af1 3e872eb2 3f7bf1d4 be6884ea 3ecd0b6d beec9f09 be846ad1 3d248ea6 bb14df63 bf0921a0 3f1c8bbf be57e47f bcce56cf bd925bad 3f2b23cf 3f1077ae bdf33923 be6b857e 3f623e20 bf513bbc 3dda3917 be377ce0 3d8af7cf 3eb2b6dc bea5be9d bf594e02 3f6d4e32 3e8bef33 be9ade7e bf5c202a 3f2729c6 3f175dbe bf6287ef 3f1eb821 bd7cd5b6 3e94870b bd15c7d7 3f082ff0 3def473c 3ec882f0 3ea1f73c 3f73c7f3 bf3a4fbe 3f5a73ac be933e5b 3e9a72ae bf300bcc 3f5d0e31 3ef28ed4 bf136a16 bb72ddc4 3edd76e2 bd1dabc2 bf404007 3e2fc469 becb42e8 3ee373e9 3e615cbd be41862a bf3f27f9 3f02fb74 bea2068c bf258bc1 3f64a3f3 bf486200 3e5f6dfb beca4a94 3f40f62a 3e0094c2 bef8438b bede6b8b 3e406e40 bf5e9a11 be73d3c7 3e5d24ba bef60b66 3f554a04 be1bde05 bf12b7fa 3f316598 3f09b3c4 bf2eadd3 3f7eef68 bf4eb7c2 3f05b211 3f5ece21 bf462e12 be870b75 bf008d7f bf204fc6 3d8ad72d bd25d1c7 3d1eb230 bf22adaa bd516e1e bf04adc7 3f562da5 3f447247 bd8648dd bd47768d 3f0d4c2a 3d485505 3f2a0f8d bf417866 3e93769e bf0d9a0a 3e76f45e bd4ead3b bef35745 be59056e bed39726 3ef1a313 bf3f19db be685e73 3efb7350 bedf6b48 3f26d997 3e6b35c2 3d2e16a0 3f5e3009 3e31dcf2 3f4267bc be0a4d2f 3eee2afd bf3c0a0a 3f6d37b4 bf460801 bf7043d2 3f4a51dd bd2fb589 be94b26e be2a9d2d 3f57ea02 bf241605 3e7fad35 be221cee 3e88ea3d 3ef9d482 3e7444ec bd0bf02b bf603bf3 3f048bd5 3ed40b8b be996ea7 3f6bb410 bf33eba0 3f0f4573 3f29b584 bf1e3dbe 3df4f77e 3ebf4eeb bf5139ba 3eb662d8 be90ee68 bec14ad9 3f45bbae bf2bafef 3f4a63ed 3efd9af6 3f1e861b beb8d238 bf147e24 3f316d95 beb14ac1 3f3c55d2 3e8c1a63 beca4722 bd3c2b72 bf18c795 3f27b1b8 bf5939e4 3f721e15 bf31fb97 3f3163f0 bf143fc9 3f1db371 bf384feb 3f7f1533 becb5a77 3e4dc3cb bf0e1b54 be803a98 3f6cb41b bf6c585d 3f3927c6 bf2c5df6 3f13f378 3f0fcbd6 bd44309b 3f0007d6 bf6e882d 3ee70b16 3f02b593 3f0d5972 bf6429ea 3e00c2a3 3f37d5cb 3f6d580e bf3135f5 3f7a3fa6 bf50f803 3edc3a83 bf21c3fc 3f4831d6 beb98f3c 3f2f9065 3f289399 bf2465f3 3f19e21d bec78393 bea59d8f 3e02656f 3ee8871a bf03df6c 3f5587e0 be918311 3f7ce170 beffbb28 3f31b028 3ebd9dfb 3f5eaa1d bf6c4bbc 3f40682b bf1d7b86 3f412fea 3f3073d8 3f4d0a0b 3ea7c5ea bf6a13cd 3e9836a5 bf0835d7 3eef12d6 beba0f3a 3f11d180 bf56dc23 bee4472e 3ebb4257 bed5a719 bf2ed208 3f1d5fe2 bdae5b0c be867985 bf06a1a5 bedb53c8 3f447828 bf3085db bde368ef be011647 bf2a3587 be227c20 bf6dc9bb be35d4d3 bf3e97f0 3f6ecbaf bf59aa16 
becd4b59 be5c0d5d bee35f7b bf2ccda9 bdd04902 bdb1aa9c bee49700 3f20bffb 3f17abb6 beae2677 3e7c8cdb beb0cf5b beb4f65b 3f0d1f86 beedff6a 3cb562e4 bf6f81f5 3e466d35 3ec06abc bf5bb1d3 3f3febd1 3f00ffbc bf4f31c2 3f4d1608 bf414ffa 3eb7fa50 3f0d5b71 bd8989a2 bf781bba 3f3c1a60 3f21382d bf0b97c6 bebdfe9c 3f599c3c bed372e6 bee543b4 3ed8cf3a bf421606 bc98e850 bf24c7b3 bede2b92 be6cad02 bf760df3 3eece293 bd855930 be698ceb 3e0e3c2e bd9e79b5 be75f514 bf46901a 3deaf7c1 3f0b5bf5 bf379a46 3f0fa582 bd1195a1 3ed9cb60 3eec1ef9 bf4ee629 3f2e7c55 bec9e291 3f01bc19 3ebcba47 3e2e93ac 3ed84717 bf374dce 3f6839d9 be98634b 3f26d5ae bf5bbc01 bec6daa4 3f6d89db be9dd377 3f2d9ddb 3ed01a8c bd663318 3e92f24c 3d103083 bf232e42 3cfe6f69 3f4de068 bf7eaddf be256573 3f07b7f9 bf5fe7d0 3e746d67 bed02bd8 beb76b1a 3ace6fbf 3f630612 3e440ca5 3edcaf61 3e875afd 3dbb1a16 bf134bb2 3f6f0800 bd047636 3ee38260 bf2cedf9 bf445bfe 3f129fcf bf7941e8 3f1a99a8 bf55f21d 3f71d5f5 bf4ee20e 3ec9eb80 3f13038b bf48ebdb 3f4e9601 bea762a5 3ecb132b 3e9096b0 be358d1f 3f5c4a60 bef24ef4 3d513597 bd79d198 be809e84 bf40bdbd be888306 bc915ede bf697023 3ce6d8e9 bf7029b4 3f35fe0f 3e786e18 bf4249b5 3f1e79ae 3f5227b2 becd86cc bf216b9c 3f311e2c bef92a8e 3f120195 bf63d045 3f21c9f6 bdf6ab01 bf6a9a27 3eaeb75c bf6b5a40 3f28c02e 3e912ab4 3de7d7b7 bf63f5ea 3e92c288 bf7deb72 3f5a61fb be626c8f bf586236 3f7ac403 bf1ee624 be43b5ab 3f70820d bf68b82b 3f523da5 3e9e22c3 bf370bfa 3f228fd8 bf4c53fe bf7097c3 be14a4ae 3eb28711 3e93f74a bdd17c51 be09f58c bee4dea0 be2a9441 3e9cbaf5 3ed5fb0d be864ac4 3de2e716 bc5d52aa 3e580dbc bf30041d 3f2483ee bf1529bf bcd158d2 3ed9d3ea beedd366 beb4c715 3f1b0fee 3da2b7d7 3f31c23e bf069f9a bd1d730f 3e9c32a4 bf49ef6c 3f406c07 bf5e1c09 bf147fd2 3e5acbe4 3f3c0a0f bf125d92 bf0f6f93 be5cdce7 3f7093e0 be2ddd61 bf4d8629 beb46f11 3e9a1313 bdd9c80e bee0e6ce 3f6c8590 bf06edd9 3ed37724 bf76e814 3e568501 bf73b7b1 3f7b239f bf528fae 3ea3b27f 3f0e59b4 bf3db25b 3db16aea 3ec0ef50 bf5f2053 bc9d6fd0 be94addb bef52b02 3e3b0c19 bf676e3c bc53b382 be2e1d14 be8fbf00 3e28e2f8 bf214e01 bf4a79e4 bf5be839 3e41147f 3e7c5c63 3d60b072 3dadf778 3e73fd3d bf3c561e 3e8b9ab2 3e11dbc5 3f6d87d3 bf3aa37b 3f4fe7f3 3eee92ed bf630bc6 3f1eee1f be91fb2d 3ea8cac3 3f472bd4 bf3fcbf8 3edd1f78 3dbcb915 3eddbac4 3f1505d2 3e9385fa 3f4079e6 3ec5eb25 3e7b650f beabae1c 3f155395 
3f25e7a1 be8ba651 3f1ade02 3f5d4229 bf087de7 3f266faa 3f09a230 bf2a920c bf50463b 3e38b4ba 3eb646d2 bdc1082d 3f15aa15 be7b4605 3db86a58 bb808331 3f3345d4 bdaa87c2 be90829b 3f090e0b bf5d9dfd bdf20aa4 3ea27b1e be956b22 3dba5887 3e92cb1c bf35e5fc 3d133199 3ee1a6ce be3afd39 bf234fb2 3de4a764 3eb6869d bf59a42c 3f201e0d bdf7a717 3dbab6f4 3efa93e9 3d4bf47a 3f536224 3e40d522 3f434bb2 3e8276c2 3e58e511 bf61f624 3f5297fc bf3c6bbd 3f5be62c be90ae62 3f2d11ca 3f1eb1cd bf6e7854 3f275b83 bf421ddf 3e758468 be992730 bf4ea9c8 3f5b2e12 bf77b9d5 3f1a69b6 befa32f6 bf199bd8 bf37e22d 3f3d5587 bf1257f4 3cb05baa bf0b21e2 3d4394be 3e38e33f 3f2ab40c bf0195a6 be3b2cc6 be80c21b bf6be5f5 3f5e2263 bf3eeff7 3d3f3602 3f6c7212 bf3c7060 bd5b4d9c 3ed04314 3ea0ca4d bf0bbb9b 3f0e73eb 3f3f57e8 bec35a63 3f1597aa bea84b0c be0c9476 bf4af60e 3e802f0c bf73dbef 3ec66b1c 3e8cc773 bea7add5 bea436a7 be8f0e1e 3f2233eb 3e03fcd7 bea04390 3f6ddbe6 beb746d7 bdca59c8 bf259db0 3f40321d be26c6d1 becdb66d 3e39fcd7 bd04d239 bea46334 3ec53ebb bed50276 be809677 bf469bc2 3f77d804 bec6879d 3e99df18 3e309cf2 3f63e445 3f0cc1ca bef0db7a 3f657477 3e180cf0 3f55de34 bf74fdb8 be2e6557 3eecc6e4 bda6190c bf780c0d 3f159b9f 3e3eb4dd 3f031dda bf4c37af 3d79f04e 3f41ac19 bf58100b 3f7691cc 3cca22c6 3f75d012 bf39eff4 3f03bdfd bf595654 3eae0724 3d466f30 3f63eab2 3e685cfc bf3e1da0 3f35cbc9 bf5afff9 3f65880a bf340bd1 3f4753ff bf45a428 3f2a8fd0 bf03edfb bf4b21ec 3f67f002 bf3265d5 3f7c1607 3f5eb1f9 3e40fc50 bf6673e3 3f053558 bf457a4c 3f2fcddd 3ea31636 be10e43c bf02c5c3 3e980e8a beb70f58 3f3ea40e bf4e5ff0 3f278d7d bee5ea38 3eaf8ea8 3ec99e7b bef76f77 3ee2168a bebb5f78 3f247fca bf089785 beecb3f4 becca6cf be0ffc21 3f05f777 bdca1946 3f28f7e3 bf5b63ff 3f414239 3f4fd615 befaef70 bf1c47ca 3f28d7bb 3f053faf bea03b8e bef117a3 be2d84b0 3f530410 3e4facea bf5c4e5f 3f61fbd9 bf0d437d 3e816630 bf44c1ef 3f40c002 3e001ab2 3f1259e7 3c37372f bee60f19 3f2a2bff bef80716 bdc448e7 3f029ded be22d47f be3c6d5d 3f16aff7 3ec972e5 bde748a6 3f0459b2 3e7f8df7 3de318e3 3da939cb 3ebd0280 3f375dc6 beb68b2d 3f2dbbbb 3f551010 3eeb8e9a 3e61b60a bf4671a8 3f61981a bf64602d 3ea5d74b 3f5e8df3 bf1585d0 3e174c38 bf501842 3ef3aae4 bf6e25b9 3f10d9fa bf1cc3de 3f575835 bf4709ee 3f07a15b bf1b7d49 bedaa712 3f6b89d6 bf2eeff8 bedcd7c9 bedce27f bee8dae0 bf27b628 be9a631c bd3a33ba 3d96d8b1 bf2fd172 
bea47e50 3e9fae98 bf48a5f9 bf2421c8 3f361016 bf607c0d beefaef4 3f505638 3e931f3b 3ecfef14 bf404de3 3e30bcfe be79fc63 bf28e605 3f36de0b be9d4342 bdeb7936 be83eab2 3e69e4d2 be16355c 3f4fa233 be3c851d bceeaa2c 3f12ebbb bf6ad85f 3f6299fa bf34c819 3f6afded befddf58 3dd7b8e8 3e997e6b 3f077593 bedad2db 3f1f5389 bea67f2a 3bf49c55 3e1a4b66 bf327a0c 3d9b8598 bf008747 bef05260 bf22d20e bec27b3e 3e8ddad8 3ef7cb32 be02d57c 3df2c762 bed1eb07 3e6f74e2 bf7e25e3 3dc377e0 bf0231d0 3f6cac28 be337bd1 3edef73d be96268f 3f7c07b8 bea3f5b0 3efcdf38 beb03757 3f3277e5 3ef5f76e 3f120395 bebbaeb4 3e061c8e 3f305ff4 bdff384a 3eb8d2ca be9b92d2 be7cc479 bea8433d 3f1c73b4 3ea08a4f 3ea8b6e0 be1c04a0 be25055c 3ef217e5 bf45e84b 3eb61265 3ef59679 bf20b7c3 bb132c35 3eb99ed7 bf0d33ca bf1073ff be7ba5ae 3ef26feb bebeaf03 3f11b3aa be8dfb64 3f69abf7 3c97aa69 3eafa309 bf5035ce 3ef62b0c be82dacc 3f7ab79c bf7e01c4 3f150dcf 3d8e56f9 bf4b3a4e 3eb9ce80 3ef5a391 3f1421b0 bf3de9c9 3e44b4e9 bea4e717 3f66081f bf4efa22 3f49fa27 bf7b6179 3f211796 3ee5b735 3ecfc2b8 bef35f71 bec65efb 3ea69ea5 bf1d35af bf3219ff bf2d1bcf 3f04bf69 beff1732 bf2c81ca be74d4f5 3f78c5f0 bdf47b36 3e715552 bf2f6df9 3f73a3c4 bea72a95 bf1863cb be7d649d 3f2e3bd1 be9efdff 3c55b9fb bbe6a554 bf2ffdc8 be8d1e89 bf7843fb 3f7421f8 bd29d4e1 bec8e2b2 3f51a222 bf094bb7 bf6b81e0 3dcd8952 3dbcd90e 3d730e01 3f4c3811 bf7cf9dd 3f2c41d0 bf2561ce 3f2a69c6 bf7f0b17 3f5fac1b 3f09bf87 bebc62b3 3d829797 bf3a2f9d bf3f142e be157e1e 3f7adfe4 bf139fc4 3f6a49ac bf7c9f50 be521d14 3f53d846 bee0aebe 3f0f37b3 bf454608 3eb4eaa5 bf1667e3 3f3575c4 be81bf01 bdf3f8d8 bf13dbcd 3f4d3c0d bf494623 3ef383e1 be5f1bfa 3e4d7cdf 3ee567c3 3f5869e0 be730495 3be580f6 bf5a0ffa 3e0df400 3ef9ebc9 bf40b9e3 be99aafa 3dcfe8b8 3f1d5bd3 bf231bd4 bea6f6c3 3f071da0 3d9f88f2 3f16f37e bf7f4d70 3ee6a76f 3e6964cc 3d80a9fd bf0b3bf2 3f662fe7 be9c3eea 3ce1255c bf2f93b6 be0fccd8 3d3132ec bd6c6c5a 3e885636 be92aeea 3eac4b26 bf2745ac 3f11e7ec bed62af4 bc1830d4 bf19bdc8 3e09a3a4 bdea79ba bf5a87e7 3f2523b9 ba344912 bf414632 bf2885a0 3bc47b01 beafcb50 bf044d7c bf409402 3d8d6800 3f006dae bf4e01c8 3f47920c bf15a9a4 bf2dfc18 3ec17b60 3e753dae be26f5c8 3f51b46a bf08b9ee 3ec3cf85 bd2571db be765cb6 3e4cbd1c be94f2bf 3e73d5e7 3f38a020 bf6da1cb 3eaec72d 3f1039cd 3e4813ed 3f7b4b8b bd6250a8 3f2e9dd6 bedf4afe 3ed4732e 3ecc9f6c 
bf1cefe3 3eeafad4 3ebe6faf 3ee7bac8 bf061fd3 3f5dcfd2 be65063c bad233ff bf18ec48 3d151397 3e1e25a4 bd4dd059 3ef3f6c2 3ec21f3a be8112eb beb4eab0 3e06d4ec 3ec2f71c bea40e96 3d89f943 bf33fda1 3e4cb498 bddd290b bf12c9ad 3f7703d5 bf390238 3eba063d be6f6e9c be7bb4ab 3eb2e76f bf35ec27 bc899ec1 be84929c bd462cc2 be263d36 3eb19f7e bf16c9b7 3f6d5046 be76d479 3c364723 3f4f35b5 3e9b09f4 3f26fda3 bf29e39c beee7f64 3c09cf32 3e7e1437 bf1571c3 3f298979 3f099da4 be0893ac 3f5167fb bf5cd835 bec4a6e0 3da1f662 bcd099ab bf2123ec be9732cb 3e3334be befa2f78 bea3aaef bf5c75f4 3f04e183 bf67f424 3f0a8deb bf794c53 3e1501c5 3c93edaa beb37e7b 3f2d85d8 3cd92c3b bcf0a1fe bf5069a3 3ebacaa1 bf047dc2 3f5fa411 bf7c399b 3f7fdd30 bf30ffba 3e5dd615 bf1b4594 3f6b2617 bf224c17 3efd6fa0 3ea0cf2e 3f155d83 bf2c7803 bdffeab5 3e47b438 bd6db0d4 beb61b55 bf783bc2 3f43bbda be81ce62 3f238f6f bea2fe05 bf22f9b0 3e8846d7 be36c2f3 bec9beb1 3f1d35e2 bf0c2db5 be9b773d bf2db21d 3f0709ce 3ddbdb5d 3edc2284 bf5fb20d 3e1444c3 3e3d1681 3f1d25f5 bf666c1b 3e8bf28f bf6adc34 3f2fe238 3e26fc4c 3e141dcf 3e6c4511 3f2fa40a 3f6b4fd4 bf7a1a17 3f5bf01a 3f118983 bec02b7b bec9b6b3 bf0173e1 3e87230e 3e8326ca be672d06 bbf1a49c 3f57cbba becc52b4 3e863a48 be184505 be5cf448 3ecc7e97 3f182e10 3f24c391 3f0d5f3a bf65b031 3d326efe 3ebe3333 bee55acf 3d68ef1e 3f6a1419 3d8799e2 3df6c949 bf58e405 3e39949a becbf6f9 3f7617eb bf730030 3f059bd9 3ecc0f19 bec21707 bf48d435 3e2fe43e 3ebf1edb 3f2033ef 3e836efb 3e10d576 bf0515af be8ddebc bdfec84d 3f69b857 be5573d6 bf47bc02 3f48f40b bf2d1fe5 3f25fbd9 3e3914db 3e9db73a bf6fa872 3f4c5034 bf18a5ae 3f7687bc bf36c007 3ebca2d5 3dc7fa39 bf272bd2 3ef0f75b bf656de7 bee1a6c3 beaabac0 3f3a51e5 3e0ff511 3ead4709 bf24261e 3f7c01d4 bf1999a2 3f4209c8 bf755bb1 3f6b185d bef20b73 3e8772e5 bf29d3e9 bdf94b99 3e9b5e4f be39a599 bec2d2dd be03d576 3f10e1a1 bf42f97b bdd96791 3f69220d bef3070c 3f33ebd4 bdf999ed 3e816b25 bf7bdb7d 3f58d632 bec742e9 3f228194 bf5e9fe6 3f715c05 befff7bd 3f22f182 be4ac33f 3e310c11 3f107600 bf20577d be43e43a 3f651e11 3ed8f30b 3f36b380 bf34ebc1 3f7a5784 3e35bc86 3f0b93e6 bf5d6bf3 3f75e016 bf31dbe5 3f7ba3d4 3decf82c bd78f40a bea6fe66 3e8c32bd bf2d9f95 3f38e5db bf503fba 3f74c610 bf6ca7ef 3f4565c1 bdbea83b beb536b6 3de58845 bd2a79f6 3d8ff7e1 3e190506 bf64efff bf5dfe37 3ee682ba bf5eb82a 3f4ff619 bf7cdda9 3e845234 
bde1b5d5 bd99f939 bf1bad6f 3eea0f2f bf72bc0c 3f76ba38 bf705be1 3f6ee004 bf1ae7a3 3f25c59b be7d8606 3eb3baef bf63ebd7 bd0c314e 3e413cfe 3e82ddf5 3edcc702 bf7847b1 3f77d010 bf200566 3f4b17a9 3d98aa29 be45555e 3f1acfec bf1143c5 be3ffda5 3f48e621 bf6af856 3f374bb5 be9fee9a 3f6dc606 befa6efc 3e7cac83 3f447db4 bf72d000 3f52da18 be85a333 bf0385c8 3f52e979 bf32e1cc 3e9a66c1 bf65b9ea becb2713 3f0f53db 3f781a0b bf2ce5e4 3eb365d9 3f34a1ee bf5ade2b bf051d97 3ec5a75e bf78dfa0 3f18cdaf 3f1b97a2 be2d2c7d bd15f02d 3f7bcb98 bee015f3 3f1e5d83 3e28cc2b 3f6e1df6 bd298de2 bdf45aed 3eeb9348 3f1333e6 be9b8f00 3f511e18 bf4dcbcb 3f564a15 bf36e5dd 3c86e5be bd1a7092 3ea8a346 3e01a484 bce39fad bea2eef1 3f3231d1 bf7c63a3 3f1e6790 3c15aac9 3f00535a bea98b2a bf202ff3 3f42bbff bf0fb1bf bf2edf8f 3f558bff 3e350c30 bba994ef bf11cf8f 3f7dc1ba 3e99b6e2 bd7cb075 bed20306 be8aff06 3d792cb9 3f6f740b bead3713 3f0171b0 beab6f4d 3f652a69 beaab71a 3f53dc0d 39a7b136 3ec65b5d bf549e05 be8eb2c7 3f70b5f3 bc819812 bf12d590 be93dab8 3f6df1d6 bf2f4a04 3f5fb64a bedf0313 3c6f32f2 bf1521ce 3dcc15ce bf2b4fe3 bf3e47c1 3f3411c7 bf262dd7 bf2a75e7 3f5f8a2f 3ca8978e 3f61c9dc bf3a7204 3e9c22f6 bec0cb55 be5ded26 3dbb09ff bf004b95 3ee03323 bf39917c 3f783e47 bf41b004 bf25d39b bf5ccfa0 3da87970 3ea75b0a 3d956700 3d944661 bee156f0 3f003968 bee19b72 bf7babd6 3f4abe43 3e145416 3ec196e6 bc165999 bf2287b2 3f56e612 bf0dd1ec be3d3c24 bd1a4f63 3f3a39ac 3e44454d bf5d9873 bece62ff 3ea0e2b8 bec6bb06 3ed682db 3f312fab bf0da1d5 bf057799 3e4a2d41 3f389e59 bf7599e3 3f1c4dfd beaf9f02 bf68dc07 3f2f23f1 bdd52a8c bd13b5e1 3e7954b0 bf04e9e5 3e827e66 beb98b51 3f364762 bef2df1f 3f2e01cb 3e2c94dd 3f2011cd 3e18fc6b bf1129ce be2f5ea5 3e4774f0 bf4f7c13 3f5bddf6 bf6a7443 3f5729b2 bf7871fc 3f4b4fba be95e2e7 be540d56 3f6e87b8 bedd0333 3f206578 bf08a35b 3f7707f3 be526d99 bef37363 3f7585ce be904329 bf450e05 3f2f17cf becdd260 bf667bee 3f5b5e30 3e9616ce 3daca4b2 bf75e20e 3f3e77fb beb7cec7 3df30936 be7ab59f 3db5fa3f 3d6d2e11 bf22042c 3f28e239 bed57ad3 3f407bcf bf55259f beeb3b92 bf2b5db0 3f7c13d6 bf5cabc6 be1923b6 bee46b76 3eafe6fc be88b1e9 be3a6dad bf08f19b be4cad38 3ed2472d be5d450b 3ea7eeab bf0ad38f 3efa0bc7 be11050d bf2091b5 3f6da5fc bf55da6b 3e969f00 3de7b908 bee2f688 3f21cbca bf04d9b2 be97e2a3 3f6bac26 3f52d808 bdf629ee be324573 3e9b8eec 3b4edcb2 3f2f7000 
bc3f4357 3f222fb5 bf1c0dc4 3f2313b0 3d948c95 bead8aa1 be6aec82 3edaa6a5 bebc73ae 3e0952a0 bf02c9f9 3d21b115 3f48221c be9016ed 3d680d54 bf1cadba 3e82528c be40ad69 3e367518 be23ad8d bd9ef66f bf3b7419 3f422806 bf5a33be 3f37060d be555d32 3d8a589e bd87a8c6 3f1b5de5 bf53c7ee bf091bbb 3f639fe1 bf0633b6 beeaf774 3f319794 bf4dd61e 3f28b601 be176d17 bf3993e5 3f1ddffa bf3365e2 3f3c239e 3f28e646 bf37cbd5 bf7cd58a 3f4f25ad bf455430 bed3ff07 3f00674a 3f3285ca bf141bf6 3f731387 beaa8240 beec6a88 3ec112b8 bf389da5 bd89f8c7 bd9ee8fa beb68ed4 bf27ebe1 bf2d6be1 3e51a433 3eb25b3c bf72dbef 3d4895a7 bf476596 3f550c06 bf69884f 3f709a0b bf7e215e 3f703a49 beda4e9c 3e8c633e befaaec4 3f0db3aa bf473c68 3e93a286 3f243fae bed0838e be543da6 bf3afa50 3f4f9621 3e15e48d be713497 beb6374d 3f75564b bf044bba bf6901cd 3f357dd4 be04b48a bf0533c8 bea4025b 3d650bdd 3e609ca6 3f336dd7 bf636a04 be681d61 bea1ca4f 3e8fe6a2 bee2170e bf099b7f bf353600 3ed2f2ec bf53e61b bc92ebd1 3f497fe1 3da3ea8c bf43a9c0 3cc3e50c 3f546623 bf236606 3dcfd7b3 3ddf48a6 be16ccf5 bd1c4dc7 be58344e 3f549607 bec31ab1 3f7affe2 be66ec90 3f2d3c08 bf0117a5 3f79e96f bf1c69dd bf61b7f4 3e977e4b be9baabd 3e14f30a 3f3fe5ff bf13b951 3f601c2c bf385608 3f46d255 be3124eb bdc4b7b3 3de0dabe 3f6de9cb 3f73860c bf3629ff 3f2bb7df bf5e47d9 3ebc62d4 3e9e3a9a beb8c6b2 3e3aa485 3f44c3f6 bec92254 beab0e65 bf1979dc 3f6b104e bf7161d5 3f47e1d5 bf2741d5 3f0e8bb3 3e8a12a6 bf428ffb 3e5cac95 3ed30edc 3ed51359 becae2ba bd7b31d6 3e0634d1 bf76cbfc 3f64dbe0 3e3aaccc bdc8fd8c be92c6eb 3f017780 be5d3d95 3f1361d7 bdcd0c1e 3eed2737 bf116b7a 3e1d843c 3dd51747 bea3db11 3f218dda be0b9333 bf606c24 3f3bf008 bf13637c bf721a1b 3f2cc1b9 bf663022 3f7b49c9 bf2851a6 3f3ec1f4 3e28953b be9cead5 3e82c2f3 beb6f27c 3f4c01f3 bf470c2d 3e4ddd3f 3e857678 bf52dff9 3ec856bd bf1da604 3ea9d6a2 bf60b044 3eb882ef 3e712503 bf6ff9fd 3f2ec823 3e52dcc7 bf1cbbf6 3f097bcc 3f64d20c bf487225 bf37c3b3 3e673429 3f38857d bee8ef91 3ee08fc1 bf23b9f3 3f4351ce bf54c3f7 3f1dc204 3dddd75e bf4ee9e3 3f52c200 bf7e57a1 3f424bca 3e32548d 3f04b7d2 bf750407 3f061d78 3ee4bec4 be2a3cec 3f159f92 becad32d 3f40f809 3eafc687 bebceb1b 3e96f789 bf326bc5 3f497427 3d55ef9e bf06e575 3f2c43cc bd999a72 3db5291b beaebab2 3eb12b74 bdb1192d 3ed59e73 bf373dda 3f7ba19b beb062ee be243d70 bf7a1de0 be965f7d 3f636c15 bf24bfbc be0ca48b beda9fc4 
be691ccc be274432 3eb6aed0 be8e65d8 bec9eace 3f5791cf be5fcda8 bd9a87ca bdf5f9ac 3f4a6fda bea0deb6 3e4d84e9 bec30325 be042bcb 3f5f5e70 bf23ae13 3f1ea00d bdda786d be5d5ce2 3d05d311 3ee586e1 bd22d08b 3e64b69e bf105da3 3f54ee1d bf51f622 3e1efb8e bd33ee69 bf144bb2 3f3df410 3eb38f0b bf32f5ec 3e30ad40 bcc02be0 3ea0d334 beb222ee 3dadb86e bc5139b0 3f20a37d bbcc70d6 3ee2eabf be194ca8 bf65920f 3f295214 3f45b1de bebd2758 3f377449 3b714a8a 3db1f9ff bf5147d9 3f11fdc8 bf468be3 3e2854b8 be6d462f 3da7692c 3f29fbe7 be8b82f6 3ed6bee5 3e3dbe59 3f335dba 3f3ddffc bf2dd9a4 3e394593 3ed9d73c 3e553cc3 3f4085fa bf6c6615 3f41da1f bf4c49f5 3f6505eb beaf2a00 beae1a50 3ed57a91 befd82aa 3e8e0bdd 3f6ae5f2 bf60b7ef bece66db 3e3d9cde 3f01f5b5 3f047fbe bf606e1c 3e53dd06 bdb4e693 3f3399bf bf5d0841 3f35899a 3e97da00 3d036cef bdb5b6ed 3f39e3c4 be499456 3e95df6c befb63f6 bb6b0b9e 3eb89fa5 3f5cda3d bebdd6f9 bd9a76fb 3ee4374c 3f4221f3 3f4c860a bef67b5c 3f7e9764 bf049f75 be76fcee bdb736e8 3f5181c4 bf5acdf2 3e4aae52 3eb50e2e bdacc8ef bef2d366 3e8cd207 bd308d9c 3e8cce9a be0a2e33 bf2461dc 3ec08721 bf7cb3c4 3e40bdf5 bc2ebdc4 bed80352 3ea7b265 3f08135d 3eb616b5 bead5272 3e964680 bf5f6791 3f0797ca bf42d5eb 3f2d93e6 bf4a8006 3eb9f205 befebb24 3e4a5520 bf3c1bd0 bf51a22e 3ea5628b beebeb4b 3f5667ce bf580488 3f3a962e bf6d0046 3f4a55d8 bf5da9b6 3e39ec6a 3f04fffb 3e85d24f bf1663f7 3f6563e2 bf5e27b4 3f4d443e befa1b45 beb86659 3f18a5f5 bf7cbbda 3f348a24 bf3b238c 3ebe86ad 3f0eafc5 bf18dfca 3f57afbb bf29d1f1 be51ec6c 3d038ffa bdbe7ae3 3d55b47c bf3f1224 3eb17396 bda36a14 bf3a63fc 3f69bbfd be9bc6bc beab927b 3f2db7fe bf517fbe 3ebc4f13 3f244162 bee94f52 3eea428d 3f51f3ee bef27b09 bdee5965 3efc3bea bef39ae9 3dc6eaf7 bf6159e3 3f415dbf beca0699 3d1dae0d 3ce8970b be14c460 3ea30e7c be640deb 3ef77714 be6d2e52 3e480cbc 3f067977 bcbe5f3f 3dde974d be4103bf 3f1b8955 bf03e5cc 3d80f80f 3f1395ed bf647832 beecd78d 3f17ad6d 3f442459 be70fc44 be63451b bf2a7fb4 3f19d18e be6b2615 3ec632d6 be64ecfa 3d32b2e2 be3bc44f 3f427dda bf582608 3f6bcffa bf078bb6 3e40f58e be709560 3f19197c 3d147377 bf48217f 3f000f40 bf400812 bc892006 beffff98 be24ccef 3ee54375 bdd2cab5 3e9bc29e bed54aec bf00a1cd 3f4c2612 bf3449c3 be92f73c 3eb9cb1c bd67745a 3ea742cb bf67dc06 3f0157e3 be42bd58 bf09c1b5 3ee5fb02 be21548d 3f658e11 3ead3f03 bf098196 3ce9a579 3f52c3c0 bde887e8 
bdac68f7 3ec336a4 bf20a365 3f1447f1 be954f09 be0e83e7 bdf6c7af 3f194830 bf64ae4c bdde3928 be3e8405 3ed65e86 3dcb67a9 bf6d8e31 3f5001f8 bf7dfda2 3f639c0a bf619bfc 3f4cac0e be4d5536 bf0f83b4 3ec71ae9 be984a5a 3f17b374 bf793e16 3f607051 bd16527d 3f08296f bf016d5f 3f2599e1 bf64b411 3f0ec5e2 3f3fb38f bf36b9dc 3f49d7ed bf441403 3f4071e8 bece522e bec116c5 beb2027c bf33bfac 3e99b2fd 3efd22f8 bec032ba be6a5e36 bf3ef7f9 3ea61f28 bef6030a 3e346537 3e9d8319 be9c0b3c 3f1f3575 bd1c8bf9 3f694c29 bf349fac 3e2e6d86 be340d2b bf078347 3e32acad bf6531db be13dd0b 3da90684 3da0697e be9afb4b bebbc23d be24764c be26554a 3f599e2a bf652257 3f0cefa8 bf54ba2d 3f3b4180 be58ad3c 3e9dd689 befc96b9 bf43ee16 3f49bfb7 3f6459f2 bf50561c bca99cb3 bea2cb20 3e8d6e49 3eaf5a9a bf3c4be7 3ef21efe becdff21 bed55ec0 3e3a15a5 bede17b5 bef3971f 3e112c8a befbb74e 3ee7330b bd907b98 bebb66ea bcc725ae bf7ceb7c 3ec3a26d 3ec78a70 bf1bfa15 bf4dddb6 bf27d9e4 bc3b2e6e bf3d560d 3f670df6 be48c460 bed71aba 3e41ed6b 3ec0774d bcec251d bf78e81b 3f4e5655 3e060cc6 3ccae3b1 3bcda418 bf10db8c 3ea83a5c bd8628e3 3e95b9fc 3f32d590 be575351 3d936b93 bd1b1421 3e9276a7 befb472d bf38b5f7 3f6025e5 bf4935c2 3f3573e1 3e576c90 bec6c6c4 3f4e4a5e bf5b79df 3f7b7225 be5535e8 3f008549 be722d4e 3f67bdd0 3f04e7f2 bf61f18b 3f6261b9 bf3a0628 3ef30762 bdf658b5 3ec1030a bed90769 3f2cf5b3 bf7ffedf 3ee9e309 bf18a9a7 3e9d127e bd8a376f bedecb12 3f2a83e5 bedf76e3 3f32b3cb 3f07dfcc bf2d5f97 3e4a3584 3d03b3fb bf55d3d9 3f6d7602 bf7be9a0 3f696bdd be9ed2cc 3f2ef7c5 bf232be3 3f601a3d 3ecb7eef bf6e440a 3f5eadf2 3dc356ee bf7fbb05 3f7c4d70 bedca2bf 3ed5becb bf00e37d 3e85aa7e bebd9f14 be859272 bcfe9300 bf5115b8 3f72b7f3 bf3325c9 3f17fbe2 bf359fdf 3f4021dd 3f0fd78d bf57880f 3f596285 bed1b029 3c9c60a5 3d288d9b 3e7ee4c2 bf295b8e 3da257d8 3f1575b3 bf19039b beeb5350 3ea0334c beeafb11 3edaaf7d bf41802a 3f4d8dd6 bf5dd213 3e427ea0 3f1dc02e 3e87c697 bf100f86 beb14f71 bef0369c 3f59643c 3e32d471 3e6d33ff bf273bd0 bc58c3a6 3e87362c be510b99 3e660d6c bf12960a 3f1e5faa bf2ae9b4 3e8a9e96 bf5f0252 3f2acfca bf7d13aa 3d8a4a4f 3f2b03c4 bf18e3ea 3f5f323e 3e419512 3f2389f0 bf000d75 beb3d38a 3e99d6db bf3225c0 3f69f7d3 be8f56ab 3e81ae98 be6e753a 3f56320c bea2bada bf13078c 3f30156e be785c7f 3f20ca13 becc1f03 3f4af82e bf408e2b 3ec07b06 bf5ff7bf b9e54a03 be9d59f4 3eec1ab0 bf79b5f3 3f1e99b5 
bce95e46 bed73ee1 3f0a819f bf014d6f 3f1f83fe be2b8d72 bf0d6434 3ec2ba40 3ef4b37d 3ee186c8 3dd958a8 bf5b43e4 3f1ca9fd 3f3a3573 bf646628 3f5d7a20 bf14cb86 3d3ed4e6 3b9ca17d be978ad6 3f416012 bf1577c8 3e2a459f bdf67ae1 3ec036e9 be865620 bf345e40 3a43c3c0 bc0fb851 be89aafb 3e39c4ee beac6a6c bf12eb5a be478cf6 bec60aef 3ef54744 be561c48 bedb4762 3f3c77cb 3f1c51a7 3f01a1b7 3e037374 bf32fa0d 3ef7ba7b ba7497e9 3f42803b be7f3d15 3daeca8a 3de118ba beb5b33b 3eee7fae bf16a5c4 bf0943bf be943ed8 be8faf25 3dfccbe7 bc495047 3f6185da beaaa655 3e5804af 3f0f6b97 bef1e768 3f3d0d90 bf36f411 3f7b39b4 bed01ac1 3eee2349 bf67c871 3f68b451 bf272729 3f6813d5 bec53fa1 be8cdda6 3e5ef48e 3f0b3df4 3ec7f3d4 bf4ac449 bf0c0bfe 3ecaaedb 3eb486b1 bf22559d 3f4be610 bf3997b2 3f4c11f9 bf53642d 3f51ebbe 3f18fc02 bf1e71d1 3f2c239e 3f567a4f bf0977e3 3f1d4dc8 bf10a98e 3edcdb92 3ecd7b76 3e568cd0 3ecb7adf 3e971b0e bf78fdab 3f39740c 3ef77396 3f7db97a 3e49bd9c 3eb2c6e2 bf39db6b 3e8741d8 3f3f83e3 bf5b2014 bddc9ac7 3e8f3a52 3f0baf75 be994eec bf2fda11 3ec362c4 be93a6eb 3f33f39c be4fb5cc 3ef276d9 bf524414 bed8ff26 3e1afd22 3dab89fa 3e56be0e bf636c28 3f775de0 bd4f49ef beadc26a 3f79b9c2 bf7c29bf 3da0a59c bc64b46b befde77b 3f34e7a1 bf3d39cf beedc7a1 3ee9f716 beefb708 bdf1fabd bf540c2d 3f0d0965 be6e4dbe be63bc27 3f1271fa bf419800 3e82ba4c be352cd8 3d0191f0 3ed0da5a be81ca9e 3f7eb983 bf64a61e 3f503e0e bee57712 3e8d12f6 beafe275 bec50b3a bf54bfec 3f40b7b3 3e47db35 3c6fc731 3dd2c903 be068cd8 3e40e508 be13e514 bf1c1daf 3f0895cb beca3351 bf3887fe 3ccfe09d 3f30b5c3 bf6561dd 3ecffa86 3f1ec375 bf2ea613 be55e5bd bd2231ea 3f1507de bda6f76d be52ad1b 3f3d45a4 3e934681 be6f8d40 be80dea9 3f09d5f4 bf4071ad 3f4cdc2c bf452da8 bed20e81 3eb9172f be7a03bc beb36f33 3f5e700c bf53f81e 3e7fb52b 3f13af97 be4a5e08 bf2ccfd0 3ebd12f6 3f2f05b6 becfaa9b 3e97a691 3c252ecb 3e5a2d40 bea54a99 3f659e55 bf37a9dd 3e039bde bf3853a5 3f779fd9 bdaeaa62 3f1e7db9 bf4c3188 be7f7515 beeb324c 3f7a6db6 bed5433f 3e9b669f bee116b4 3e801e95 bdef9868 3e6ac4ec be33ed54 3f341c33 3f2241ad beeaa30c 3f5f77c8 3d90550a bef78700 3ec3cac7 bf288dac bf03c581 bee51b69 3f45319d 3e86cb82 be62fcf1 3f261023 bf2da83e 3ed89f79 bf4fb003 3f47f3f1 bf793987 3e76b526 3ee3cb6c beacc2b2 bea826ea 3b10d29a bef44706 3e08858c 3e4f6547 3d7e0d49 3e5ccca4 3f302c41 be9e4a8d 3f71143a bf4a1bef 3de2167d 
bf61b601 3f743fe8 bef2c376 3ea21ad1 bf63f7fa 3f6ed037 3eb80f5d bf364221 be1524eb bf63d5b9 3ec50708 3edd2312 bf502a66 3e749601 bf04e597 3f486bd4 bf2e3db1 3f5f3e58 bd9a598c bedb1f27 3ec7635d be8a62bb 3ead1a6f bef51724 3eb60720 be02b49f 3f192980 3efc1b99 be159cf6 3e1bc468 3eacdb1a 3e961278 3ec8d649 3f4f6c08 3ebc16c6 bef6e78c 3cd4a0a3 3f67f21f bf78e197 bf0249bf bf4f161a 3e8d27f1 bce3dbb4 3e4fbce3 bf153d87 bda13a3d 3e4e2d07 beba5f65 3ef59ae7 bdc9e738 be9cb283 3f1efbcd 3eea5b79 3ec0babc 3f0427eb 3ea1ef9f bec736d5 bf5f3a56 3f3e37a1 beced2f2 3eeb2b10 bf42a3f4 b9b8840d 3ec8a238 bf33a430 3ed5bb62 bdd9784c bd013217 3e135a6c be96cf3d 3e3de4c4 bf4c3bbd 3f7c29ed bf6d2a5d be829a37 be5dd48a 3f7ba5f3 bda2983f bd83e7d5 3da237cf 3e8e2644 be917ef5 bef5e763 3f395022 be121b86 be838b41 bf76c44a 3f41a1f9 bf7ec16e be4f058e beed6f84 3f28181a bf32cba8 3c4f47ce bef923df be7a458a be6fde48 bec9fb3b 3f4751dd 3d2acfb4 bf542c35 bf315bbd bf5fe444 3f1defe6 bdda482d be8c8a80 be39d5d9 3f06ffe3 3d336f52 bcf4defa bf50300d 3f724dfa bef0330e 3f569c0c bf59f24c 3ec4c6d2 bf69a3df 3dea38bd 3f20ad84 3eb58721 bd64d5d4 bea4eeb2 3d2d4db9 3f291e26 bf3edb88 3f3de1da bf1ad7e3 bf29e001 3f6ca3d0 bea5ae2a 3f55a233 bf1abdc8 3eaafeb2 3e0e34ac 3f239160 bf5e41bb 3f7d4fe6 bee92b30 3f216806 3ddbb9da bed8c2d8 3f4fe3cd bf7283c7 3f7307e8 bef9a37b 3f3f5f95 bf3b89c0 3e9e4ae9 bf551a38 3ebbcecd bf6dbfeb 3f6eb1b4 bf3f97ca 3eb1fe6a 3e603e40 3f01857e 3ec4a287 bd8ea902 bf7443f1 3e5c8487 3f0c5b89 bf44ada4 3f1375e2 be51ad92 3f1c538c bf3673a7 3f166fc0 3f57181f bf656c2d 3f19d780 bea27295 bdac29c8 bf04fd97 3efb9ba7 3f0f65ba bcdfe0e3 bf763e12 3f00f3d4 bde079b0 beeabb7c bf2f99cf 3f7aefd7 becf0f63 3e13642d bde83b8c 3ead027e be1b5bf5 3f74f586 bf300da5 3f61ddd7 bf5dd008 3f350da9 bf07fdb1 3ee71edc bf7f7109 3f3a3bc6 3d92b9ef 3ee522ed bf5ce61d bd59b0dc 3f005b88 bf79d38c 3f43c436 bf5d8a58 3ef5d301 bef2671c 3f19a3ee 3d1732f5 bf15adc9 3da98b12 bf1643f8 3f6bb7b6 3db5178c 3ec942a5 becfdafa bddeba58 bb0ac784 3e8e6a5d 3ea7e2d2 beff8aee 3ec4d72e bf381bb0 be22bcea bf7a41d6 3e89a7bb be49763c bf632842 3f4893e0 beb5deac 3ede430b 3f6f8bf1 beea9b25 3df7d7b4 bf4c5df9 3dee6925 be236d1e beebe345 3f12d1c5 3e727dd9 bf07e954 3f1b9f9f bc05c7f8 be27d4df bdfea775 3f55ac69 bea70ebe 3f1833ab bcd5dfd5 bf547e22 3f588c87 bf7ee328 be11bce9 bea3b753 bf4817c2 3f695c4e 3f04b1ce 
3f58661a beb3ff6b bf23cc3b 3f63ee4e be03ebea bf31b7ac be747cf6 3f245bb7 3da318a5 3f5f9dee bf1fabf6 3f382808 bededef7 3e6974e5 3ed6da77 bf756bfb 3f339d99 bf6da436 3d71144b 3e7fe4dc bd1d913f bed4ebaf 3f43da21 be678cd0 bee76f94 3ee662e4 bf1c13d9 bf613a34 3ed7cf43 bf088fce 3d7c4bea bf70102e be389d1a bf5d3418 bf587b6b 3f5be21a bf0567a9 befaaa40 3f327da6 3ee6eaab 3f69ee43 bf1029ca 3f35c990 bf376c51 3f70cdc2 beb66291 beb81b6e 3f044fdd beca7711 bf13412f 3f6069c8 bf7b139f bd270f46 bf086b76 bf38ffdb bf25bbcc 3f784bb0 bcc8dc88 3caf68b1 bf08c960 beacbf2c 3f538c07 3da92c2c bf062be6 3f63bfde bf7b7a0a 3f06c392 be889a8b 3f11d9c5 bf30e9e7 3e9eeeda 3f1175ba be9a1ab6 3f114b9a 3eb696fe bd150a2b bf6d8a2e 3e9a4aed 3de12812 bf333deb 3e40153d bcdcde58 3f40d036 bf7d1ba9 bc59a7c2 3f0373c7 3edd4f27 be04c44f 3f6e71fb be740cde 3f3b8984 bf09d9b7 3f02b18f 3f58ad90 bf2d9de8 3f5b8e02 3d98060f 3ecdfa6b bf464803 be8e1e8c 3f1bddb7 3f5cf5d9 3f1ffdea bed93f3d 3e0d2372 3f0377b3 be84f630 bf2e2fa0 3f3f9a3a bf133346 3ec50262 bd4ff408 bedbaa51 3ef99b3f bf0e23a0 3f3725ff 3ee5dbd8 be687bde be0f8551 bf43ce7b 3f291fe9 bed11340 3ec0b715 be9f667a be39f519 bec97ba8 3f1e69eb 3f43ea37 bf439dde bdbd37ef bede8b74 3e159d43 3d2b7066 bf5ae3e7 3f5417e0 bee73720 bce764fd be430caf 3ed1eb11 bf59341e 3f34e3f0 bf6ccfc1 3f5b8fd4 bf39bbe5 3e4e8e86 beecab2a 3c3e2eba 3f6b9212 be75a5a0 3f0669bc 3ee3ffa5 befa0f0c 3e1ddba4 3e685423 bf7b3d50 3e9392a3 bf2fe1e1 3e818a1f 3f595225 be9fde8d bf214809 3f7119e7 bf26d9d1 be406e52 3f0d0dbd bf0fdfd1 3ebf8b13 bf5a160e 3f497dbf bf3c523b 3f060bc5 3f014bb7 bdc7ca11 be6ba62f bf14e79c 3e9ed70a 3e52a4a2 3efbc35d bf303978 3f70ba65 3e9496e8 bf5ec406 3f19f200 bf2be1fb 3f2b6e30 bf27e5a5 bed222e9 3ea9c615 bf5a1828 3e98921f 3f001d95 bf77a5f5 3f48cdfb be866a69 3f5775de bf6b1be9 3eb796bd bf5e85f0 3edbefed 3f5921f5 bf58b015 3f0f23c2 3ef9a35c bf48cc24 3f7c41b9 bf580e1e 3f23d3bc bf2f17b7 3f77c5c7 bee996b8 3f2883ef bf7edf55 be148542 3df808ce bf23d581 3f5b71e0 be7794fc bf3fd79d 3ecf97b5 bf1847d6 3f6e11db 3d001452 3f25efc3 3f0799a5 3c2bb8eb bdf6f95f 3f798943 bea0dab7 be65d581 bda7d5ab bf512816 3f2df197 bf0e6376 3f6115c0 3dd10a33 3e212bf9 3f3e2e0e bf4f8029 bdc00933 3f25dbc5 bf2a7b90 3e717612 becc0a96 3ed41f27 bf591df4 3e95aebd bf24c1e2 3edd3f30 3e8a0a89 bed2e2eb 3f51d3e5 3dda4ac1 3f623230 3e155cbb bf2473a1 bf3b4436 
bf5cfa07 3e6a0460 3f30ec04 bf6781a4 3f350fb1 3cc65fdf 3f1a5bdc bf776614 3ed4fe7c bf268df8 bc945c58 bf47c590 3f3cb7cf bdfa2960 be70a5ec 3f249208 be0b7cd2 3e8a16ee 3f30340a bf4ba614 3f370ddb bf02c128 bebec2af 3e6b2cc9 3ef8979b bf15bd8a 3f7449eb 3e299bf1 3f4101cb bef4767d 3ef4ded4 3f621e3a 3eb78ee3 3f72d7d9 3ef0df3b 3d4a35f3 3c50c0e2 3f0a89d5 bf4549b4 be668551 bf1497d0 3e7f7589 bf6a83fc 3f5a2de6 bf7881cf 3ed9467e 3f3ebdb3 bf5667e4 3f09e5d3 3f702e1d bf4bde06 3f20e56e bcf6e454 3ef62ec8 3f687fd7 3f104bb6 bf613643 3ecdbec0 be89c2b1 3f5f93b4 3f0693a0 bf5325c1 be568d0d 3f1589c3 bf60561a 3f596c57 3dadd99f bef96f7f be8c6ab9 3f38e9f1 3c693fbf bf48b804 be7925cb bdd49aa9 bea1c351 bd77f2c9 3f68c9d5 bec0f773 3e1bece0 3e962744 3ee24673 bf1763ba 3da85aed 3e9daa3f 3f19f9f4 bf6109cd 3e98d62e bf0a0808 bf7e5d61 3f50d40a bf786210 3eb53ea4 bf3bf9a1 bef9cf68 3ee5c34c be3c7cb4 bf6b360f 3eaee702 3ed57686 3eddf779 beecfaed bf35e41e be8cb6e4 be890b11 3e93c36e bf3937d5 3ef7df2d 3f270da5 bf5e504b 3ecccf43 3f1707cc bf5f65d0 3f48d1c5 bf59c678 3f3687e3 bf5c486a bdc2bc3c be14fcaf 3f142971 be3a7cda 3e26b586 3dd526db beb7b7a4 3dceab9e 3f0c2778 3ec132db bf46f41c bf2051b0 3f0b296c 3ee5f7a0 be2f2448 3f4dee1b bf03400b 3f31f9ee bf2ad1d9 bd8857fd 3f55fe03 bf634478 3eba4aaa becbb2f5 3f520a33 bec0632d 3e5425d0 3db9397e bdf1991b 3f750419 bf34b1da bec79f25 beb2f217 bdeb6b29 bf36ffeb 3f001334 be026d00 3c78d909 3f5535b3 bee2e75f 3f3b680e bf2a25f2 be925e2b 3e879e3e 3e9916da bee11ec6 3e4963c8 3ebf0756 bf3e61e9 3efe12b6 bd522f7e befaff34 3f123f60 be382507 bd9c2794 bf64cbd7 3e824eed 3f52963b bf425200 3f2f3dbf bee346fc becd52e6 3e223d28 bda507a3 bf2f3f8d 3f3bac09 be920acf 3eb9929e bec89b58 3f38c5e5 3eb90efe bea4e22f 3f73299a bf1c31e7 be14ec54 3f04fde1 be05f4c9 bf1a05ab be323c6a 3f01d9e5 be625be2 3f5a1837 bd8dbd43 bf7f915b 3ed9974a 3d91aa94 bf6d75fa 3f597250 bee26f0e bd71b575 3efd5f50 bf5923fd 3ebf2ef4 beb552bb bd89170b 3f3d4db6 3e3b65ce bdff876b 3f2b13da bf1f8bda 3e91de0c 3f11c78a bc414248 3e119411 bf6a781d bddaac27 bf5c7445 3e067d29 beb2b348 3ec2feed bf6c3c01 bdce9b17 3f253be3 be3bbc66 3eb00b44 be2a5d7b 3dbc8a01 be15ec9d bf172195 bf0a47a6 bcad1c16 bb4d4cfa 3f0d6191 bf7399d0 3f3c939f bef27eed 3f77581d bf1e6bba 3f1d1ba1 bd637223 3eeb4ad9 bf44d7d7 3f4ec603 bf7b17d3 3e90e652 bf360824 bf6d5201 3ea4aaf9 3ea0fec4 3f53d62e 
3f7fa13c bf1cf79f 3ed7d6d5 bf6c2dbe 3f38f5c5 bf55c5f2 3e517492 3ea5e6e4 becf2b24 3e88a58c 3f37ff6f 3ef3e6cc bef6bb2a bea066a4 3e265cd7 bf1babbc 3ed2a383 bf749ff7 3e98d2b4 bf0a79ee 3eae4bcd 3eab032b 3f1b15bf bf7f5d2f 3f2a43ad bf2bb230 3d118fda bf1fc5bb bf3f25d3 3f192575 bf0e27cf bf2f0c02 bf6efdf6 bec4e3f1 bf48b017 bde48aed bef7f767 3f0cf1ed be4ec520 3f721a0f bf3669e9 3f5e95a0 3ef8c74c bf194963 3f79fbfd bf5a8612 be7e84a0 3ef8cb3a bf638de7 be5dbd9b bf311009 3f693a1b bf06d981 beab369e bf0505ec bf5257bf 3f4ae63c bf263d9e 3eb80aef bf7f1706 bf4eebed 3f66c1c3 3db719fc bee06b30 3f5979c7 bf4405f5 be7cf465 3ef2dfeb 3ef422ce bf5e8221 be47c50a 3f29d7fc 3f76f00e bf35601e 3f21a58d bdf3a826 be7d24aa bf0a8787 3ec27aa6 be0d4cb6 bf61b067 3f604dfa bf20ffcd be18b46b be5f24b3 3e9585cd bef26f17 3f69b46d 3f6463fc bf48402c 3f09d7bd 3ee78a1b 3ecb9336 3e8f5a6d bf0d15bd 3f06adda 3e9fce1a 3c1fd818 bf2affbb be036cc0 3e97cee7 3d7333a8 3f36b024 bd94e81c 3eae3634 be7315de 3ea1d254 bf65f208 3f308204 be88aad8 bf2a6c2a 3ed88ef0 3e5c5541 bd9c56fa 3ec0a695 3e021c73 bdc5d8e0 3f3957f8 bf7eb792 3f23cdcc be7c1dfe bee9a6c4 3f72ac1f bf22a604 bdfb6a31 bf14f022 3f5f99ea 3ee4ff17 bf2499c5 3ddf186a befd9f79 bf014b1f bd6defe3 3ef1eb2c bedb927a 3f4d180f bf5d8fc6 3f0e37e7 3f09efa4 be81d258 bedc839b 3e88c644 bf45c5ff 3f67c230 bf700808 bdc545c9 3e2bf3d2 3f798bac be8c3638 3f4c2434 bd0fb065 3e6b1c95 be2c342a bee82a64 3e34a46c bf50c635 3f559ff6 bf02ec0b 3f6ca1c4 bf168baa be378428 3e8b1e9c 3d93d7d5 be0013c0 3d630c30 3ef9ff92 bee4823e 3f5c41e9 be107cff bf1e738b 3f50ba28 3f273fae bf6559be 3e87cae5 3c5cccc8 3e3dfb76 bf12661a 3f78b7e5 bdc1da7f be887ec6 3ec5dedb 3e562ca0 bf497c34 3f56560c bf4347e7 bee31eef 3de1e8dc bf1e41d8 3dd59abd be27dc64 3f3b3c2f bf7897dc 3efa7385 3f09099b be5b7d65 3ede5a69 bf4a8c22 bcbee0ce bef66f47 3f5387d8 3e6635a7 bed2ff26 3ebbda99 3e7d0430 bf371395 3f48a825 bf548c2b 3f5fb3ef 3e0d14c6 befc1796 3f2cb7ff bf7c557a be028cbf 3c0b2c7e be57f578 beaa3f10 3e948edc bf4e919e 3d7b8df1 3e90565d 3f338e1f 3e85de8d 3f78adf9 bf30e009 3ed44ae7 bedd2310 3f6d846a be15bb4a bdf4abc9 bd8c28a3 3d0655f6 3da6f947 be459cc2 3dbbd838 3f13fdf8 3f360e4d bde138e8 bc6837cd b9f4debd 3e227c3b 3e59d615 be418dac bf517647 3eef5363 be36dcb5 becc4b2f 3ef9df61 bef0e708 3d8158e8 3f23bb6f be689588 3f4db606 3f02c3db 3dc9b713 bf2153ba bf1859e2 
bef01f4d bee3f290 3efe9bbe 3f157e04 beb64a9d bc811f86 3eab2e6a beb2572b 3f1b2bf9 bea36b32 bf177f85 bf4f0df5 3f3cffdd bd4292c9 3f579e4f bf1895d7 3f4b93fe be3a4cd8 3f2f9423 bc8e63c6 bd768f95 bf7c79ce bce0e301 3f49d048 bf1fb1c3 3f340da1 be5fb526 3f71ea04 3dd1b70a 3dbaa953 bcf527da 3f6bee53 3f61c3f5 3ea9ab3d 3f608fe4 3daa4b8e 3f377fe6 bf72745d 3e05acc0 bea4c9ad 3ebf7b7c bf0af9b4 bf36cc3f 3e7cc528 bef0ebcc 3f5605f2 bf211363 3f600e3c bc2c4b6b 3f43c1f1 3f0c9dbc bf488e02 bda5b663 3f2f31d3 3d883aee 3ea08248 3f23f3d6 bf21f223 3f1e9405 3f4af62c 3f1305a7 bd82f991 bf4fba75 3f560e25 bf73cc0f 3f08ffd1 3e41d39d 3d5c6f21 bf4f1dbc 3f2369a6 3f43662c bf7147fa bf3ebbf1 3f2623e8 bea15eaf bed656d8 3eacb2f6 3f63a41e bf37e607 3e189d3c 3f4d2446 bf0971bc 3f2773c4 3eef3294 bf4ae9d9 3f5c5418 3dbc2830 bf3431ec bf7ed769 3f1e7bff be827ae2 bf5421dc be9e3261 3e9f7f16 3e8b76b4 bf598dfa 3f077965 bee2b3ae 3f7d2185 bf46c5e9 3f7381d8 bf5b3e1f 3e906f85 bf52bc47 3ed4be48 bd1590f7 bf010fbd 3f7e0fcd bf3b2db9 3f51dbb0 be694c1a 3ef92abf bf59c214 3ead9f0a bf7d71a2 3f19c367 bd96866d bf46280e 3f2849d1 bddc48e4 beedafbf 3f5e35e8 bf7e912d 3f0ad777 3e1b9426 3e94a330 bf593be5 3ea1afb3 be7405ee 3ecbb2a9 3ec9c6bf 3f20d007 bd3e2d6e bf1dc7f1 3f2cbbdf bf6a79d7 3f27e3a4 bf455bf1 be0df43e be8449c9 3f1b29ec bde43a19 3f3b83df bf596a64 3f3f0deb 3e99eb19 bf307bcd bf00d17d bdecdb44 be009446 bf248b6f 3e80ce85 bda56a77 3e93df4f 3e987e6c 3c2c4623 3d246da3 beab1ee8 be75bcdb be4e45de 3f686fe5 beec66f9 bf25e9c4 3f2d579c bea51f4c bf34b38c 3f0a0b92 bf758a07 be6d8615 3f598de0 bf79199b bea13a8e 3f76d3b4 bf2c3bd5 be6615f5 3f02579a bee6b724 3e8a2b54 bf720623 3f7155d7 bedc2f72 be2d0429 3e528410 bedb4b0f 3f6fdc22 3ecabeb4 be7b365a 3f577403 bed3e6b1 3e876aa2 bf2ef9a2 3f74ec35 bf2ed7a6 bed7af30 3f025544 bf74c5fc 3f619017 3e84f692 bd556ddd 3d671481 bf615c13 3f036b3d 3e7f4d99 bf644c20 3f5a4bd4 bea122b9 3e94e2c1 be906a98 bf43dbf2 3f5b8020 bf192fd7 3f04d5ab 3f1d2809 bf081d9d 3f4b1e30 be423d2c 3f4571f4 bed6cef1 3f073b50 bf5b802c beef0bb3 bec976e4 bf34d3b1 3ed95f22 3f2959b7 bf6b8fff 3f322dd3 bf7f575a 3f06d36e bec4dae0 3eb72aca bf3c7a3f 3f691624 bf30d3f2 be76adc0 be804243 bf42084a 3f586e0b bf4c0bfa 3ecc466b bf3cd208 3f4a19fb 3e232cb8 3e839e81 bf0d95fe 3f0317e3 bf15736c 3f74f1e2 bf544dd7 3e874a45 bf30600d 3dc9c743 bf2385af bebfbf6a 3f6253e5 3e37d34e 
3ed90722 3f2e1dec bf079b9e bf6b8c45 3f68de1c be4a7df5 3e331c90 bf685db0 3f3c0fc9 bf41aa3c 3f783c52 3f3fbc21 bf2253e0 bdbd16eb befba33e be150c29 3d2131bc bf037187 be0744a9 bee53fcf 3f1cd7d7 3f452209 bda0fa30 bef2d703 be10c6cc 3ed94b85 bf5e21d8 3dddb8f5 bf4bcbbf 3f1fcff9 bf27f1db be7d1dd8 bf76358c bf1507e8 bf1735a3 be7acd6d beceaab7 3f096199 3ee219f5 bef1d36b 3e549bc6 3de50aca 3f248be6 3f198dcb bf58b1e3 3f0cbb82 bd54f4e2 bf3dfbf9 be4f2d0c bed71747 bf417615 3f6a7026 3e01b502 bf1231d6 3f16d7b4 bf4377c0 bf0993d5 3f207db3 bf6bd601 bef28b96 bf6aba66 3e0d7d14 3efbfb1f be112be9 bdfd1871 3f580e2a bf6c303c bdba59f4 3f45f825 be87c6ec bf7d418f 3f3a15f1 3f0d274f bf40c213 3f191f6f 3eee3e7f bf1acbef bed8f6d8 3e8ff6fb 3e128c98 bf33ca34 3e74cdf4 bf631c21 bddc7b4a 3f3fa7f3 bf545d96 bee4a2ec 3f5a91d6 3f2411cb 3de7c808 be550cf3 3f7c05b9 3e728d33 bf6cde39 3eeb52cf 3e2a0bac 3dc04737 bf3f1ddc 3eb42aec bb6741fd bed2cf40 3d60943e 3e3a7c00 3f1c9b87 bf7ac380 3f59d21c 3e21b677 bf40c3f9 3ef7dbc5 bf4c5a2d 3e77bcc3 be04fcd1 3d78f434 3f1683d2 3f16db59 bf2ffc03 3d826937 3f7a1d9d bf36dfa4 3da028ea 3f3849c0 bf59263d 3f4cb79c bf189dca 3e7e3d0c be5b54f6 3f1b91eb becbfa81 3eadbad5 bf20736b be7612e8 bf503bbf 3f4d760c bf3cdffb 3f4eb3d8 bf1d0586 3f7067f1 3ddd4a24 bd61cfb5 3f1f19ef bf0c21be befadb1a 3e40ada7 beb2ff6f 3ec75b2c bf378dd9 3f463ffc 3f706216 bf44ddde 3f253fd3 3e90c65e bde45a44 3e2254fd be199d28 bef0d6ba 3ea6e2c5 bf1383e6 3ef6af2b 3f419dfd be6ced11 bf296242 3e9aaa90 3f6d15bb bf7359b8 3f7745c5 bd96a61b 3ea855f6 3e9c02b4 3f3e4433 bf3403ec 3f53c1c6 bea3c315 be56b466 3e9717bb 3f235215 bf770ff2 3f6acffa bf0777b5 3f0f878c bdae8aaa bf4085e6 3f3ea1ab 3eaceb97 be7085ac bf664bf0 be601591 3dc087ff bf6fe3f5 3f79c9d8 bf33b1eb 3f2d17d3 bf4f759d 3f5ebdf1 3c6eb771 be232497 3ec36af6 3da7da01 bf3b47d1 bc35cc59 3eb04b0e be3db493 3f0e258b bf6857c9 3f3ef15c bda689e0 bef4fe6d be9de340 3f4fd271 be366d11 3ee0ffa0 bf1c6d87 3ea3624f bf05b38e bd825561 be2e0d14 bef6dee8 bf1115dc 3f12f772 3d388d50 3ea85a95 3f69c807 3e089b87 3f0f5df0 bee1bb3b bf2cd62b 3f20b99d bf29ddf8 3f3429b7 3ec3c6e9 bf0bb5b5 3f21ce26 bbf674ed be9c9ede 3f115796 bde3986e 3e32c3ef 3f444606 bf00c5a1 3dde4957 3f3b0396 bf26e5fb 3edbce74 bf6547be 3e1ea435 3ec996d0 3ea1bb46 bf5991f6 3f3d2dd1 bf113fab 3effd254 3ec88695 bed54e82 3f15b3ae 3f1a89c0 bf72bfd3 bbee8be0 
3d33ced2 bf7c25f6 3f2e9be7 3edfce86 becbdf4c bf1b3b9a 3f19ab97 3f18d1be bf2a8d87 3f32a5aa bf2ff5c7 bf57c3ee 3f34ce15 be24fd32 3ea19f0a 3f208376 beb40a91 3f1d95e7 bd8bb920 3f0773a8 bf386db5 bf5763fa 3f01e159 3d9046bb 3ee70327 beda12d6 3e623586 3f37a008 bed03ed4 3ee2da9b be78f525 3f281fc3 3ef98f7d 3f51e610 3f275010 be89967b 3f02fdd4 be6e34fb bf24dff8 3f109d88 bdff08c2 be98e2b5 be974f66 bf45dfee 3f5b7e25 bf56a3e1 3e48eb65 3f56bfd0 bdebb9a8 3f1a23fb 3eaedb34 bf5b77b6 3ee0baae bf167f76 be449db6 3f727dcd beae761f 3ee29adc 3e8b8754 3f3a71ed 3f3a63a7 3eac2ec4 bf7643d3 3f158fbb be599c1d bf54823c 3f4a8c24 3ea06690 bf51ee10 3ebabeb0 3eb389fe 3e788ccb bf00297a 3f3f41dd bf718625 bea55294 3f7a51c9 bf2be3bf 3f65b608 bf5b7e2d 3f3f5bdc 3e06cd4f 3f1985e0 3dfd1909 bf38e7f1 3f3a124a 3ed0af29 bee9175b bf3baa09 bec92f01 3d997a60 bef33ac6 be77ce86 3f3e6a30 3db8c7b4 bf60fa32 3f5bcdf9 be8b3aa8 3f328b96 bf720c2a 3f1abf89 3f10c5cb bf767fb2 3ea656a0 3f2945e2 bf71a205 be8751e6 3f199fd7 3d384d34 bda0267b 3f3fc39b bf5afbeb 3f263bd4 bf628c54 bf1c8981 3f7ac817 bee43f6a bf39fa31 3f10a9bd bde70974 bf595412 3f40284c bf1647a9 3f3873f5 bf6f0fbd 3f27ad9e bf5255a2 3ee5036e bdc90b10 3f332577 3ec31789 bdcf6b21 3e47e544 bc11b0ee 3e4bf493 bf002d57 be8ae744 bf3e8213 3f3e03c2 bf521c33 3eff2f89 3f03478f be40452e 3ee1d7ab bef07fb6 3edc4ab3 bf601a00 bef46f48 3e9f828e 3dc62987 bf34fa1f 3ee26b02 bf189c22 3ebacf84 3de0061f 3bb58be8 3f3d81bd bf1b4bc4 bf607889 3d290d55 3f7e117c bf725a39 3e0bae06 be447547 bf1c99c5 3ec222a5 bf4855a0 3c17d38b bf32281a 3d3ff416 bec792b3 3f5c17a9 bf53ebe7 3f09b1fc bf6c61f0 3f4bedf7 bf2b6fa0 3ee6a31b bf077f7a 3e54841e 3f55b5d9 bf3a2797 bf4de5c8 3f3cd9db 3f40e025 3c9a98de 3eb86348 3f02075f bf61b457 3e6c34d1 3f2013b0 bf59b42e 3ef37fcf bf7e63a1 3f7cefa4 bf440226 bb8980ab 3d4a72ca 3f49c1ae bf4e3bf6 3f781014 bf7a0a2b 3f2c8fda bb3ae32b bf359828 3f7ee51f 3e91eabf bf07f36b bebb6ed4 3e92b376 beabea3b 3ee52f0d bee04b44 3f52bfe5 be62dcff 3f777bf5 3e7555b8 bf5349fa be5514f5 beba869d bf06df6b bf3001b6 3ec80a9b be11ac8f 3f090fd5 3ec60aca be33cc10 bda6d5f1 bf669dc3 3f31b5e8 bf44c5c3 3e0a3d4a bd5152cc bf1a6fa2 3f62f661 bf47efa5 be29749a 3ec3e354 bf3d3636 3edb5f82 bece4b41 3e958ec7 3ec5268f 3d95f7d0 bf74d5ff 3e9ef3c2 3ee9c36d bf7adde0 3f731e38 bf1085e4 bec16e8e 3f645212 bf5c6e04 bec6aee2 3f557d8a beea86df 
bee2f1fb 3f69d414 bedb6288 bcade5a6 3d0614e5 3f45700d bf4a2058 be76ddb2 3e3b6e1a bed88ef8 3f7e71d0 bed65f5f 3f3633fa bf32ba31 3ee51333 bf5b31ac bea416b0 3f21335d bf62d5e6 3e82167b 3ea6d399 3f5781dd bf353df0 3e1875c1 bf4ee7f9 3f7db7c6 bf3d25ed 3e58dcc5 be9ee6fc 3e1f35e9 3a0c4038 be9f7a7f bf19479d bf1c8d65 bf4fc1c8 3f6a8dd2 bf524819 3c99a7b6 3f5a3dca bf7475cc 3f2e7a0f be0725ef 3efaeb39 3e3623b1 bde9fa54 3f5c501d bf6dfbaf 3e6e3f06 bf0dabac bbdd80fc bae99009 3e201baf 3c89ebcc 3f43565c bd8196ff bf519e25 3f3ee60f bf539043 be1a0d00 bf266397 bf15121e bf15c5ab 3f7ad1fd bf1f75de 3f06f7ab 3f0debd4 bf6389d7 3edb4eb9 be212467 3e89ab1b beae3a0e bf073f83 be682f08 bd6aeed4 3f525994 bdb4d7cf be863758 3ea17668 bf2f27f2 3ee31f6b bdebd647 bf4e8226 3de63858 be6dccab 3ea31f00 bda67905 bf2db426 3efc6a93 3eeba7a6 3f31261c 3da6572c bdb40906 3e90eed2 bf0163a2 beb3be9c 3f24d5cc bec4cb23 3e1e14d5 bf54dfce 3f741c06 be2bee15 bf6cae0f 3f61addb bef7a6de be8f9a9b 3ed8aabd 3f5ed3ed bf3ba1c9 bd68352c 3e8c6e59 bf4c2849 3f16d9b2 3d0c5258 378d2d08 3f7ccba7 bf61edd4 3ead5624 3f2c5209 bebb8737 3da44786 3f68198b bec90388 be8bbe83 3ecf678e bb37137b 3eacb6a6 bd303105 3ec54763 bf46b1e1 bf21f3cb bdcbcbb2 3e2fdca5 3b68cbc3 bf30c1e1 3e8abec4 3f017bb9 3e4baddf 3f47ae03 bf5bae4d 3f06cfb9 bf134fcd 3e9f9766 bf7cf5a3 3f43be61 bf18a19b 3f0f43a4 3f1e11fb 3cdfa28f 3e2d6c81 bee126db 3e91d9eb 3e9e7e99 be2f1612 3f018d59 befac35b be105dc1 bf3c01a6 3f207bdb 3f2bafbe 3eb7c782 bf69f804 3f17057c bd9f1862 3ec05f6b 3f267fcf bf0ea180 3f2f53ed 3e2df55c 3e0f8ce3 3f6e6e17 bf27e7a2 3db87959 bc9b547c 3e9b9eb3 bef8521a 3f6d39eb bf5f8fef 3ee96302 3ec3f623 bf720033 3c7ca6fb 3ea3fe62 3f4c27ce bf45da6f bef572db bdb718bd bf3909eb 3d7a4feb 3f3641d4 be8bb5c3 bf2a69e4 3f614820 bea68dd2 3f3d623a bf562bd9 3ed2e7f3 3f02edd5 bea28e5d 3e002c5f bf68a236 3e8052c2 bc2f4352 3e406512 bef54af4 3f284bc5 bf2cf376 bf3b8dbe 3f37dfcb bcc16407 3e94de9a beb07f02 3f4cddf7 bf50e80a 3ecefeb3 bf3d21b9 bf569409 3e951709 3f2089c5 3f1243c8 3e691458 3e9d3edc 3f534bdb bf7cff98 3f5f0be4 bf7927b8 becce289 bdc99a56 3f397023 be0f35d6 3f39fa11 be995e38 3e8aeb54 3f34fc27 bf24d5a0 3e5084d8 be85feef 3f10adbf bf08f57a 3f6173fa bf3db412 3ef92eca bd323023 bf497fc9 3f1f77c3 3f3b4ddd bf6bda36 3f2d7be0 3ed83b5c bf7d31eb 3f68d5cb bf2781a4 3e498556 be89c6e6 3f7925ef bf7d4d76 3f7049c1 
3d377144 bf1161c5 3eae8e83 bf3659a8 3f173984 bf572fdc 3f4df1fc beab5f56 3f7c2d74 bf64c634 bdc3b73b 3e8eae98 bf1d09e8 3dfe1a41 be06e58f 3f4bfdde 3e0e8d4a be87d6c1 3d594ca1 3ed7eaa7 bf730dbf 3e255c1d bdac5867 3f225228 3e347bf5 bf3f0bdd 3f0a21b4 beb9ff41 3e430d2f bd62f388 be98c33d 3ee56b26 3ece0a4e 3f2a3c1d 3ea17a86 bf5b3bf4 3f6a11fd bdf2581f bed7532c 3f241fe3 bef0ef23 beb4632b 3e9ee765 bec1be88 beb9aa9a be2d3367 3e7a7589 3ea0eaeb be613c91 3e0fdc88 bf0a5178 3f22eb8a bf3c8c07 bf0405b3 3f057982 3dee8a05 be5ee4bd 3dc11ae1 3f3b85f6 3e79ddbc 3f056bb9 3ef80315 bef4e2dc 3e9eaf0f bf775a10 3ecb1734 3e901285 bf338bf2 3f498bd2 bf6229ff 3f57f9e6 3e8092ab 3f52d21d be8aba2c bf50cbbd 3f3001cd bf79758d 3f231fe3 3e6f9d94 be80872b bc9764dd 3f7ce3c8 bf6d9a21 3f5f9831 bf40a00d 3f021379 be6bccf6 3e7d15b8 bf6a4842 bda94946 bf1ffdf2 3ee0cf53 3d0acdd6 bcb35d87 3f05a9ca 3ca2e421 bf4833ac 3f0629a6 3eeea285 bf23201a 3d23ccb9 3e241d78 3f4219cf bf78ffcf 3f721844 bf34e790 bea95afd beb2eac6 3f178d87 beacd6b1 3eb19a9d 3e23b655 bf5a47fb 3f3935cd bf763bb4 3e5113bb 3ead76a6 bf742393 3e908eb0 be4e1ce8 bf1835b0 be148e1f 3f426e1b bf3ad7d4 be14b46c 3df47c1a bf3b41ee 3ec346c7 3ef6df05 3f60580b 3e2a4d5f bf59000d 3f1f7d98 3ef1d798 be94e64a bef892e5 bea58617 be4723c6 3dc1b8e6 3f5cd3b9 bf0b3595 3e86be96 3eda93c8 be2eb531 3dbee8b8 be915abf bf5943f7 3ecd4b82 bf1b13bf 3f6d8dab bf1b6be0 3dfd6858 be3863c4 bef87f0a 3ec416ef 3f00c7ca 3f00497b bf09e9dc be9f2e95 bf26619e 3efb5b04 3ea4c29d bf2555c6 3d295055 bf2bb421 3e9c6748 be378d38 be4e4cea be87ae9d bf12097a 3ecdf675 bf0905ab 3f3f01e3 bf1745e7 3f3f65eb bf71a620 3f57d3a5 bf247b87 3dad896f 3f4763f5 bd284aa3 bf3a2d91 3e595e13 3e01ac06 3e7dfd08 3ef2b2a1 3f2179d0 bebc6721 bf0f95ec 3f2771a0 be145d41 be0c354e bda269d5 bf05658f 3f62c7f5 bf2c600e 3ddbf99c bf3efbb2 3f1d81ac 3f0877b8 3f31699f bf761853 3f1a6e0f beae0260 3e5436bd 3e0f3479 3f5415f7 bf1cffaa 3eed8efb bf5163ff 3f017fc0 bf694831 3f31e5e0 be9d16d8 3f3795ce 3f6507b1 bf0bffb9 bf5e4c50 bdd1b842 bf64be5b 3ef206dc bf634016 3f710fc6 bf4a6fea 3f333db7 3f696857 beea738b bd106fd1 bec5faa9 bf35bbc6 3f025fa2 bf584e28 3dc317b5 bd4b10d5 3eb5db83 3dd0d9b1 bec78aae 3ee066fb bf2afdfe 3f5123f6 bf68160d 3f64be56 beacfed7 bdcf79ae bf09376e 3f2965ff bf642bc6 be65c6f8 3f5343f4 bf0e83d2 3f246327 bec07a6e 3f140bfe bf266ffb 3cb95bef be3ead3f 
bee23ba5 3f6c11b9 bef7a2fc 3f298dee 3db978b1 bf0c1e05 3f3ec9c1 bf5ed824 be1fc5b1 3ea4c676 3f17ffd2 bf5bd7f0 3f59c5a2 3e965f8f be74cd1b bf6b158a 3f43a9c1 bf556860 3f554049 be5b6da9 be11546d 3f466df9 bf64d1af bd558ce4 bebb4b0b 3f6ab415 beaebea0 bd854812 3f52fdc6 bf40f7d8 3f784612 bf64ca28 be16dcab bf1081cf 3ee08349 bdbd7a56 3ca19f8e bf35d5fa 3f591002 bf7f3f22 3f1d0dd2 3f038560 bf4603c3 3f141583 3efb9336 bef18a84 3f2b5194 bf701db4 3f07edf3 3f531a3d bf1aade5 3edd9f66 bc3c5ba5 3f480c25 bf47b5cd bed892c4 3f739a4d bf2ab44e 3db378e8 bf5cbbe0 bd72b31e bda8d9cb bf1da82d 3f4bbffe 3e8eb23e be742e3f be8d3ea9 3f295f8d beb5c6d6 3ec49b59 bf41f1f8 be47d55d bf74fc0c 3ef8df40 3dd3f8d7 bdb31750 3f77efc5 bf1b0db3 bf199de1 3f66a836 bf49de41 3d773713 3edbbbe2 be7f5543 3c53335b 3e9f16ad be9b5f41 3f41fa12 bdc67941 3e5f8dc1 3f4183b4 bf27660a 3c503f7d bca82a9b bea5823d be8a266b 3f7ea557 be3be43c bf3117f7 3ec83731 3f0fb184 bf48bdde bdb06909 3d002f1e 3f010203 bf12cbfc 3f4d97e0 3f18c008 be89bf1e be5eb509 3e9cf281 bf28c79c 3f76e1f2 bf350008 3f362e3f 3e084ccf bed9c20c 3f1a25c2 3eb99b68 bce91dfd 3e558d8a 3f40923e bf63addb 3f08fbfe 3f0ee5c4 bee66f56 3f7769dc bf2afa2e becdf38f bf61da04 be505dc4 3f758bfe bf37d1f4 be9a32ee 3ea826ce 3eb94671 3e915a99 3db8385e bed10aba bf11c7be be3aae30 3f30b21a bf5fd01a 3e8d7f43 be7cb4d5 3f09c5c1 3e2e76b7 3eafd32a bd2d4b63 bedaead1 3eb29ade be133464 3ccb6808 3f5f91cd bf4139da be84a6c2 bf3775cd 3f3709d4 be2285b3 3f3d19a1 be7c8548 bf29480c 3f511be8 be4ecda1 3ea12b02 3ee51aa1 bf7333aa 3f66bc03 be6bc56d 3eb67e99 3ddb56f3 3efd931a bf3e8063 be3e146f 3ee2ff71 bf64fe12 3f712823 be730c62 bee36712 bda4794d be7984f5 3f768a02 bf63bdc4 3ebb2b4d be879de7 bed242d9 bf49a049 3f7d8feb beda7799 3dbb8618 be6bed1b 3f472e11 bf5571ad 3f5c3406 bf0d6b55 3c553b95 3ee8639f 3ed2fb8a be961e76 bf4da45f bf0b8d61 3e3decf2 3f2ac3bd bf6ce7f8 3f438991 bf711e03 3d87b76b bdc899ca bef7d37b 3f521c33 3c342d68 3db289db 3d96a7f1 bd5515ea bf2d084f bf0ad1a4 3f1309d2 3edbaf56 3f5a5fd8 be52eca2 3f3329e9 bf79b412 3f614e0b bf23b805 3cd2a32a bf29cbca bed7de21 3f5551de bc62b71e 3f3397f3 3e3ca5eb bd59134d 3ea0f63b be7e7bd0 3c3fb4d9 bf2aefc7 3f7c0f8f bf563a66 3e537d82 3e2f8cd8 be3ae53b be636caa 3e2f7ca1 3ef246ba bf373200 3f709601 bcbe1490 3e9871d3 becf6692 be770460 3d9f250d 3c6e2f5f bf43062b 3f4e3405 3db319ba 3e60554b 
be463bf0 bea8063e bb691a5c bd1f4e9f bf297fdd 3f5c0e29 bf3f938d 3f547824 bd7aeefb bc704945 bf40adf8 3f7d1df1 bf696226 bf1221d0 3f35e9f6 3f0923a7 bf4351b9 3f37399c bf0eb3f9 bed90353 3f54e5a1 bf2d841d 3f0a8fa4 3f3057fe bead9e69 bf5a5a1c 3f42e43a bf2997d3 beaf7330 bdd4182f bd031342 3e460536 3f6e79d2 bf667e26 3ed42ecc bee99f90 3f150160 3dfa397f beceb2d5 3f747005 bf409014 3df73a52 be49355b 3ea25ec0 bf46cfef 3f2ffd93 bf6911e9 3f7d9d9a bf46f9fd bf27b809 bded2881 3eed96b0 bf5465b1 3dc9e9f7 3f230db3 3eb07ae2 beac9e94 bf0e9c04 3f4ef838 bda1aae0 3f3d5bf8 bf29c5f7 3f7d879a bf3d91ee be657d0d 3df1abad 3e888274 be2f4d62 bf504bf8 3f5e1e22 3df74cbf 3ec647de 3f5537d0 bf354e58 3f61afd6 bf6d31e8 befc67b2 3f11e198 3e971efc bf03bf68 3ee0fb59 be4066d7 bf2c1ba9 3f36bc06 bf58ce43 3f1b8dc7 bf40efb4 bf2579cc 3f4c9fef bf7695b5 3eecd785 bf1d0179 3f768e11 bf07d211 3f06ec3d be3834d6 bf0ae3d5 becd6fe7 3f754603 befaa6c0 bee4af53 3f6e5ff4 bf06f7ce 3f026164 bf7787dc 3f5137c2 bf75615b beb81ecf bf09e1bf 3f4fb3b0 bf3d2df0 3f7d29c5 bf5a55be 3eaa4370 be65764d bf0e51a9 3f42ffd2 bf5a1447 be8ad647 bdd767db 3e11f4f4 bf682bf4 3eb46247 bd2e3306 bf184580 be1e9dde 3e2fed45 be7efc44 3f7243bf 3f1cfdc7 bd948902 bc5a3a76 bed9ea85 3f7cffde bf7a69d6 3e77748d bf0d274e 3e87bad8 3ef5e34d 3ef88772 3ebc4a6e bf3649f2 3e6fdd91 3f22a19e becf9fe5 3ded489d be1b8d5f bf585dee 3f6bf5d9 bf6b2002 3f64efe1 bf3485d3 3f09fb61 bf5dffe0 3ea9e626 3f3659ed 3ebc7aea bf0df77b 3f0e0ba6 bf777a02 3f53a66b bd8f0858 beadde3d 3f0be98c bf4203fd 3d0c3027 3f57e813 bf4535f9 3ec23ea9 be2eada1 bec2df48 bf011f9d 3f646826 3d4daea1 3d853898 3f2b55be bf7b87fb 3eb1ce9e 3f02db8e 3e90bb30 bf644617 3f3f39ba bf2779fc 3f632c39 befca729 3f3e3a20 3d5fd083 be1465b0 be32cbd6 3f3bb9f4 bf7135df 3aa5eba6 3eecdb04 bdeae8e7 beca3ebb 3f3b0dc9 bf65efb3 bcf8229b 3db5bae1 3f1cbdb4 3f3df796 bbf36737 bf2c63ca 3f14198c bdd5b933 3de869ac 3ec432fb bdbab9a3 3f542de6 bf60ee03 be9b52fa 3eebbacf be5a2df6 be81edc5 3f602c2b bd0c6d7a be673622 bea2aab5 bf5de009 3eaf36b5 bf00959c 3f71bbef bf4c17ba 3f439bea be28cbfc 3edc3705 3f43a7db bf7dd15c bdd02956 bee1238a bf5a2ffd 3f79b605 bf18edf1 3ea94eef 3cece49e 3ee8c310 bf711a15 3f754e34 3d9ac6d5 bf4c7e0a 3f78de18 bea09e4c bdd229b5 bd0fd16e 3ee88f1d bf6eea21 be8faaaa 3f2dd592 bf0bd1a9 3f73c200 bf4df632 3f4795ce 3d0dd050 bd651109 bf677dc4 3f1bc7b3 
3f4c4807 bf4bd5f4 3f4339c8 bf046f9a 3f237dba be4d1e98 be161647 bea1470e 3e1a7655 bdb329fd 3e841e27 be166caa 3e59ddfe 3f7eadaa bf778dbb bebd23e6 3f14e9bc bdc06864 be368c0d 3f642a1d bf7415f0 3e7324c9 be83d297 bf623e18 3f35f7d9 3f399def bf655e0b 3f7181c9 3eaa3b5c 3eae92f3 bdaed913 bf6bb445 3eb896eb bd9608f9 3f794c19 bf62826a bc8799e8 3d5a148c bd957982 be91e6e3 bea33b49 3f14cbd2 bd304d83 3d7ccd7b beaeaad5 3efee319 be81a6bb 3ea3ba7b be5f2d22 3f635048 3f2481af bf759608 3f7e357f bebd82d2 bf58080b bdf2a777 be0023d6 3f686233 be97f6a0 bf0a1fa7 3e10bcb9 be4cdcaf 3e730baf bf0a59ad 3f30a5c7 3d1453cf bf3257d0 3f22d5b1 3ea0def8 be91d2ea bf4f6013 3e0c2d4c bf2da1f0 3e698d15 beed8692 3ee81b00 3f50f1e0 bf76bfdb 3ef51edf be727efd 3dea9885 3f1bd3ec be88f2a1 3f08d42e bec54ecb 3f1af5b8 3e996b0f 3f488417 bf6d71e9 3f7d5dc1 bf5a7392 3f588450 bf4cedfa 3e6b5d65 beb2caec 3f60a9c1 be8ccac9 3f6c980a bf7ebfb0 3f1be3d3 bd9d695e bf0cafda 3f225b9f be89e2d3 3e8b1253 bd466fa4 3f4d5ffb 3dc638c9 3f1ecbd1 3d8045e8 bef2bb00 3d1f9000 bea50275 3f7c5784 bf5f69f8 3f7ac24c bf18a35d 3ee75abd 3f58ddda bf4c160e 3f46f418 bd8d78f9 3f4c1a0a beddfae8 3edc9f53 3f14fd81 bf5887f5 3f10218d bf696e04 beb86ea5 be66f63a 3d1c8cff 3ee10efd bf223c06 3f5763f2 bec322e7 3f300dee bf399e17 be16bbe8 bf4d0ba6 be0a1d7d 3f13d19c 3d912874 bf7eeb69 3f179fa6 bf7005f1 3f792dee bd146e50 be0bd4f8 3f31dfcf bf36ebd3 3ecee302 be195cab 3e19148a 3e96c30d bf71b5ef bda008af 3b6b42c1 be319cf7 3eaf0ae3 bf6bf01f 3f0b741a be30a476 bf194dec 3f60ebd6 beff0af4 beed32ba 3e9dd2f3 be4fa310 3cccaacb 3eb34622 3e78cc52 be489437 bf21219d be7bad04 bdfb57f4 3eb5f20f 3cf05cb1 bf73a1d8 3f2c7a00 be96baca 3ee37745 bede5eb1 3e461438 bf78ede0 3f3c284a bf13e3b9 3e5f0444 be52de53 be9c6abf 3f3fcde9 3e9a32f1 bf518452 3e652667 bd21b471 3e14b54e bd7eed30 3f108b94 bed67a33 bdd23ab5 bf7c85f9 3e70153d be8fcb01 3f2205c5 bf65e414 3f3771e9 bf2fa814 3dcce767 bf55fc18 3f316b87 3efdf330 bf674c1c 3e3cecbc 3f120bcb bf323db0 3eafd756 bee30e63 3f6db5dc bdebe90f 3e141465 bd24aa1a bea56a80 bc99d812 be877aa3 bdc7695c beb316ba be95d662 3e84464e 3f3d5215 3ea0071d 3f0b6b74 bf2acc21 be84ff0c 3ef36bbd bf6cd404 3f5785f9 bdc97a63 bf03e393 3d1855ba 3e81febc bea919ab be726d8c 3e9b86d8 bed43e5c 3d62d0c0 3f3f1dbd 3dcc0701 bf616c14 3f10e9a3 beff2b96 3ea43b2b bec64bb9 bebf46e0 3f07ff4c 3eae9af2 bf02a795 
be63dccd 3f2d4bc8 3d22ebe5 bf01c592 3ef1df2c bf321fd5 3f09020f 3f1643e4 bf72c7bc 3f3aefcd be2023dc bea90a68 3d4e342b bf469620 3efc27db 3f5c57d4 bf619819 bcfe5db6 3f0217bb bf7845cf 3f76b37b be9bd364 3f5f3c13 bdaa489a bdbe29cf bf744f57 3f5e19fb bf535bf7 bf0495ae bf2767ce 3f74b25e 3e77de18 3cb2a1d7 bf151fcf bef45b3a 3ee7df60 3f442bb1 bf716406 3f19e3d6 bdb7c86c 3f6bddf7 bf703986 3ded07d8 be15d5e1 3f2135a4 bee10769 3dddf839 bf121d88 3f4af1b7 bf661bee bf3a19d2 3f1e19a6 bedf8b4c 3ee64e98 3f203817 3eb1a6f9 3e106462 bf51b3f2 3c835956 3e2b2c13 3efa7c6a bf464e0e 3f3f1a24 bf0025aa 3f16c237 bf5d61b5 3f7feeec bf58a81f 3e87d9f6 be9b16af 3f786e05 3dffba38 be59461b 3f5aea36 bf183b94 3e4e43f4 be563595 be96e67c 3f0457c4 beffa6fa be3abc24 be81268e be6fc55e 3d9779c0 bc83a7ad bf4a5638 bebda27b be5e2cf8 3e7eed32 bece1a72 3f0f4b9f be9d86e7 bdc7591d 3f2769da bed68b6f bf7337d8 3ec6db10 befd66ea 3d7d8efd 3e445cfa bde1f84a 3ed762b3 bf146dd2 be5ae4ec 3f2bce40 bf645df9 bf16afa4 3dd2694a bebf3688 bf5c3a13 3f752800 3e80ea6d becfbb7f bda88872 be62cdb8 3eef9b33 bf53f438 3e8c0eac bf369208 3ee8feee be919e9d bec06b83 bf394be7 3eae735c bf423e52 3f178360 bf03e979 3f60664b bee05708 3f4513ae 3f115b67 bf5b8c00 3f2fffee bf309821 3db69aae bdd339cc bec13351 3f23e59e 3e50bc15 3f39d612 3e03156b bf379c14 3e43a507 3f2c6805 3e06c41e 3f0b27bf beef46ed be431c98 3c43b9c0 bf3b4f99 3f4c41fa bf406404 3f3f9c12 bf50ebfd 3f480dda befad669 3f6d524d 3d3fb6f6 be46259f 3ec60342 3f56c1b0 bf472047 3f6a8018 be454e98 bdaa68a1 3ee9f393 3d81e778 3eecd01c befc0f9b 3e6695f9 3e6b644e bf33c1d7 3e383cde 3f1cc780 3f068399 be90a2c6 be0cba62 3f02bbcb be1edc11 3d61f2e1 3cef20fd be57050d be836abc 3f3579d2 3ef1f631 bef94ecc 3e11747a be07e4cb 3f63125f bf3f05c8 3e29cdea bf5b0260 3f4eba07 3e7c55c0 bd566def bebdcb39 3eee6af2 bf73f5d1 3f5bf1df bed5deda 3f3a9e0e 3eec4f10 be679cfb 3ea40c04 bf2f63d8 3f66562f bf4391ce 3f3733ad 3f24e3a0 bf4e47ea bd38f1f9 3f61a04a be3ee5ca be894ab1 bf2805d8 3f5f25d4 beca1a9d bdc2aa65 be88c5d8 3f666211 bf727a40 3f532641 3d77759b bd3bf361 3f7ec994 bf4c405b 3f6bd61f bf362fb1 be9a773a bf4c4ba1 3d8c589e 3f188fcb 3e18bcca 3e7ba2f8 3e16ecc0 bf3dddec 3ec48ee0 bd4ad05a 3ed99368 befabac6 3ee59321 3e0cb537 3ea9f705 bcd82249 bd6d31c1 bf4411ed 3f1ac3de 3eec3c16 bec6728f 3ec80301 bee13758 3f0c821b 3e905282 bf748e21 3f4509c2 bf20d775 
3e7f5d5a bf5ae9ff bed797f2 3f459fcb bea4dae8 3da4b8e1 3e36fbe5 bf68affc 3f51cdc3 be44f6f7 bf33f78b 3f665c04 bd1af1ac 3ea56a40 be897256 bf087b75 3e946a8e 3f01f159 bf6a639a 3f7f4cd6 bf430bde bd9ac8a8 bf097377 3dac7a28 3b817600 3f7df16a bf51cc42 3f2347b9 3f75780a 3d0fae2f bf0e9000 bf310bc6 3f0fa9a8 3ea37ee0 3edb365b befcdf76 bef4eef1 3ee1f676 3e2eacbc bf1599c1 bef02326 3f33abac be53e38a 3ea51b35 bf046584 bea91220 3f73c61f be81ba74 bf19ee1c 3ee63f31 3efe976d 3eca776c bf3eec02 bd6f5458 bf050f35 bed7d36a 3d38317b 3da05b9d 3f591c61 bf3a35da 3f06f174 bedc8a99 3e75ee15 3d8035c7 bf2219d1 3f2643d8 bf2e55b1 3f685dfb bf78c406 3f630014 bf5f45d4 bef5a731 3f251e09 bf7efb61 3f49fbe2 beed42a0 be829200 3f682822 bf4ff431 3f71a013 3e985244 be422463 3f24f979 bf4d9832 3f4ab5ea 3f0755ab 3ea132bc 3e6704ca bea39741 3f07c5d5 bf31b3ff 3e70d569 3eb6eaef bf664a1b 3f6f0a49 3f4b7812 bec096a0 3eb02eaf 3defb841 be79c4e0 be2ae633 3e02ddc8 3e26c5b4 3ee36345 bf45d3d3 3f71d1e3 3f423c1f beba1b1e 3e871afe 3f659802 bf3b8be7 bf0f89e5 3f4f2e25 bed16f15 3f0af380 bf0703e5 3ee43f3d 3f3f823a bf5475e9 3f3c0c03 befb6b2a 3f6dc3a5 3e9657e2 3ee5aeda be7285f8 3eaa0247 bf67304d 3f509a21 bf2dafbc be082cb9 bec1e71a 3dfc0e4b 3e99e2e6 bea6bec7 3f644a09 bf42ebef 3f7cf38b bf59bc3b be224449 bf058403 be4574e5 3f659c9a bf1c5f80 be956739 bf5c8c19 3e0adc0c bea28ab4 3e96e6f1 3f64c7f7 bf4001e5 3f46aa33 bea36305 3cf75e3d 3da0c9fd beae4245 3f06d5b0 bf67401a be74bce4 3eaf02d3 bf6ef1ed bdf54ba9 beecdf56 bdac1957 be58bd31 3e1e2c42 bf57be40 3eb0526e bf5515a9 3f69aa04 bf05cfdb bee96385 3f56fa6b be67be21 be6d1d52 bf6f65d6 3f51dfb2 bed10690 beb6f6cd 3efdfbe8 be2da4a5 be771cf6 3ef2ab69 3e734d36 bf3d4fba bf0d6d22 3ef027dc bbc0a0c0 3e018c19 bf563c11 3f01af76 3e102c63 3ef54317 be8a3adb bf79a3c5 3f17dbf5 bf0adf76 3f21a778 3dacd9ba bedf0bf0 3f281bbe bf762dce 3e0b2b94 bf6ca5e3 3f1967f8 3e81434d bf489bda 3f78d62b bf5ea21a bed976f1 3f0d2c17 be271569 bf3c27bb bdc8b9a2 3f1805b8 3f56b41f bf5a77bc 3e46a5a7 3e19e4e7 beb5177d bf116525 3eab8aa6 bc1ad5b2 beca52c3 be671496 bf5dd5be 3f30e5d0 beac0a04 3eadd269 3ea3ced2 3f51d00f bf07abdd be31b4f1 bf33a1bc bdb6da9a bdbc5668 3f35b7c9 be36344b 3bd27b7e bea1aacf 3e9f52dc be2d6d12 bf323fe0 be0f9c5e be612463 3f3505db 3c8baa8b bf58d239 3ddc8a79 be1e94b3 bdf64abb 3f11c5d1 bf7d01e2 3f11bb95 3dd61c53 bec0c7ad 3f19419f 
bf127175 3f53d207 3f551a17 bf7d6bae 3e3ffd35 3ea2f24b bf0569cd 3f460482 bed52e91 be23e4ef 3f7e25a7 bf60dc0e be800a78 3d59d3d8 3eecbf54 bee456d1 3f2679be bf2c7b9d 3f6577d3 bf5ed3c2 3f1f461c 3ede0b24 bea4b705 3f411857 bf17a9e7 bf186f5a 3f18f402 bf1617ad bf5d53d9 3e41650f 3ef19706 3f0667df be864685 bf71986f 3f4ec034 bf1fedbe 3f7f5153 bf40f3c8 3e74d52e 3d63921a 3f09a782 bf4299ca 3f3761eb bf7547f9 3f6a73c2 3e12a523 bf735204 3f00b76a 3f0355b1 3e926645 bf3f21f8 bef25e4b 3f54ebc5 3e92c6e6 3e1ffd4b 3e2482ee 3e8ade89 bdd4e819 be888b9e be8b76bf be50f493 3f304bc9 bf34f1a3 3f12c9f4 bea2df0a 3f6163fa bf5bdffd 3dbd58f7 3f462daa bf6bde45 3f482604 3e599ccc 3d4d570c be815f02 3e8e52bd 3e48d42b 3de09a60 bd4faefe bee5177b bea786b7 bf2e5d9b 3dc8e912 3eba3b62 bde428aa bed6bb2e bef53b42 be355d0b bf08379b 3f1b5732 bf0fcdd8 3f0267b0 be639c65 bdb3eb00 3ec9a71a bf526a5e bf5487a4 3f390016 bf7ca1c4 3f3dbbe5 be8c6e42 3db6080b 3e9d0e84 bf63161c 3f1f319c bea7e234 becbd38b bf002786 be4f6ddb 3e9cd2a7 bf3d41a8 3f1d77d9 bde829b3 3d21d120 bd2673e6 be8eb9df 3eabc68b bed386da bf057b6c 3f0fdfc9 be1f7e12 be6b0c8f bed6d244 bf054406 bef74f10 3eb87eb4 be5afc36 3f60a648 bf76e9d3 3ea23a88 3f39cb9c bf12bdb3 3f17e1a4 bec2db62 bea9cb7d 3f0ab367 bf6ec5cc 3eed033c bef2fba8 3f626c56 bdb6363d 3eab6a91 bf6ce5ee 3f5eac43 3e64ee32 3f6775bf be44238a 3f2e8feb bf12e57c bf4533a6 3f459239 bf1887e1 bebce31b 3f117f77 be25457b bd9aa920 be1e0e29 3f4dcbe6 be8e2353 3f3bdfdc be15aca7 3f5e4828 3e99bec6 3f321fda bf4ad41a 3f7d638f 3d13911f 3e74dddb 3e95aa7c bf347fd0 3f4e5405 bdf509b7 3ba46f1e befc8bb6 3f06cd9e 3eec9ee0 bee3b734 3e10a4c2 3f0e45c1 bf6ff206 3f0f7621 bde20820 be27c45e bed23a93 3f531de9 3ddbea48 3eedce51 bf78021b 3f371a2a bea5da5f 3f447408 bf604830 bef6bf4c 3f7df5d1 bd6cd08e 3f2967ed 3cd163a2 bf47865b 3ef38f8a bf1229bf 3eade262 be64d4df 3f44cdd7 3e8226bc 3dab6bca bf3055e5 3f73e816 bf69e3d2 3eccab46 3f5a8a21 bf66c785 3f5ce5c7 3df8ea15 3ea5debc bf27a5c4 bf6a19f0 3f63f9d1 bf13cb76 3f4cfe25 be3aed75 3f6d5bac 3cb9a337 bf2ef3dd 3ee1c395 3f354825 3f135ff5 bf0895ad be1a7c6b bb211212 bf12e78e 3d0eefb3 be6c0cb0 3f53a1ff 3eed17c2 3da538f4 3ebe96da bf71581f 3d95a6c0 bb5d039e 3ec00309 bf25b9e3 3f549dc6 3dc86836 3f7bc3c9 bf1c4b94 be9de79b 3ea2a734 3f36a18e be9522aa 3f1f2bbc bec39660 bd7e4b0f 3f2ebb56 bf65a9ca 3f4bfc2d bf3c93df 3e88d6dd 
3d9fbb77 bed322fa bf1357b0 3dfd7986 3f3e6204 bf6b4c39 3f5d4022 bf5a8dfd 3f2d814d bef7f376 bed6da9c 3f25bdcf 3e01f4f9 bdb6183e be96580c 3ec497a3 bdd00796 bf3ab7f5 3ea30380 3e1733f6 bf1621bf 3d4e94ff 3d813414 bf20a5b0 3f12a196 3e890283 b9c5e6e1 3d37b077 3f7967ec bf28a5b6 3d91b833 bf6527c3 3f336406 3eb42f71 bf391a37 3f2b955d bf5bea3d 3f59a9cc bf1d4e33 3dbd1902 3f0a17ce bf3065f9 3effff1d be725d49 3e4f24d6 bf14fbd0 3f76d803 bf2995a1 bf191db0 bf0beddc 3f119dce 3edc8b0d bf0fcbe5 bee5371d 3de848f8 3db436bd be47145b bed136fb 3dde799d 3f6af86b bef8732c 3ed7ef06 bf5c5b8f 3f5bd851 bf3007ea becb3e42 3f2e558b bdd63874 bf4a77d3 3f62fa4a bf31c1af 3ca31a3b becaa65a 3f55184a bf4dc9ed be2384b8 3c926486 beb032ac 3f63c626 3e99f721 3f57b1bb be8616eb bf5d120d 3f1137a0 3ee8ab16 becc02f2 3f71419b 3d882895 bdef397a bd72eeed bd549189 3f08bdb6 bf46820f 3f324beb 3e6943db 3f3985be bf0e6529 3f755ba1 bf6ea9fe 3e421d21 3ee86b33 bf4b9a20 3f71e246 bef03e23 3e008b00 3f493fc7 beab26b1 3f30b7fe bd5df2d8 bf3e79f3 3f3d1da3 bdc2ea57 bebcd2e5 3efa6b62 bf088412 3f385236 bedbdb5a 3f45e60d bf37d00c 3ec18a6e 3c19d2d8 3f367e46 3e59a4eb 3ed746b5 bd366d65 bed62f00 be490c09 3f6ac1d8 bf36a7d6 3ed85331 bf3b5993 3f2e3420 bf2b860e 3f7831cd bf7d0bb4 3f522c1a 3ed5729a bf0893e5 3efacbf0 bf4675d0 3f16f7c3 bd3208b1 be7555e9 bf630411 3ceb9839 bf53ee22 3e05c3ad 3dea26db 3f19d5d4 bf24e99a 3f32e9e0 3e647cc0 bec5d78d 3db178b3 3e9176b9 bc75cb01 bf2dc9a0 3ed47a88 bf72700e 3edd5b16 bf72ec4b bef02b54 bf49d44c 3f4b9bf4 bf542e54 bece5bb5 3ee2b77b bf4da22e 3f66aa35 bf6c1024 3eeec6dc bef0d241 3f759e3a bf7fe122 3ed8968a be8c3ee6 3ea77262 bf069d94 3f5b6434 bee7171a 3dac9778 3e5186b2 bc56abc2 be628580 beb41f35 bebe2b27 3f0f2df2 bd10af32 3bbf7d5d bf3d71a2 3f693652 3e596ccf bf2843ae bed5331a bf359a23 3ebb1ea5 be4ce44f 3f5d21da bf0ffdc0 3f55d43f bf403e0b 3e034483 bf0c93a5 be6f64f3 3f28ddbb bf4d6043 3f1dc9bc bd84bbef bf0881f5 3d46f312 ba2c49c7 bf5a61c3 3f38c018 bd56b6f9 3f2ae9fc bc9a22e7 be739f09 becb2efa be90b6f9 bf2093da bed5bb0c 3f7b3ba3 be72dc7a bf5f9a2a bf2f2bbc 3f76b1b5 bea92fad 3f3f71fa bef09703 3f1335ed befe72f3 be09acd5 bf7be5ff 3e89e6f2 bf2227ec 3f4bb64d 3f12fb8d bf602a1a 3f4af3c0 bf12078d 3e14256e bf705e32 bed32e7f 3ed9570b 3ddff744 bf09ab97 be1c24cc be1b360f bf09ff43 3f1a4a1e bf3969e3 3edb7272 be237ddd 3d2eb457 3e87fb33 3bcc8576 
3f443607 bf0f155a 3f18abf2 3e66c5f4 bf06ddb5 be85731f 3f3a443f bf4d2455 3eb4b2a6 3edf5b18 bddbe959 be215d4c be895f4c 3edbc2e9 beb72616 bdf4192a 3e68dcbf 3eed9ead 3e98e370 bf0dd7d1 3f4a79f9 beafc304 bd92e840 3f51983c bf53966d 3e5065b4 bf0035a3 3dc60b1a be8412b7 3e265599 3e344b96 3f36e9f2 bf7e1f36 3f63aff0 bf370de6 3f3613d0 be852357 beabf32b 3f031fa1 be025597 bf795def 3f5033f5 bee57bd3 3f25b3d7 bf7853a6 3f4bc5d0 bf69fc1d 3f70a411 3f0287a5 3f0f1788 be62b500 bd5cac35 beae12fb 3f7919a6 bf34e1f8 bd2893c7 bc403bbe 3f63784c bedb9649 be2df3fc bf0021da 3db73a05 3f4e97e4 bf4c459d 3f77e404 bef1eb4b 3e9f8695 bed6bec3 3f3683c2 be90ce60 be44a5a0 3f3ac3bc bf087ff2 3e034cc3 3cec1bcf 3f6a45ff bf021d81 3f123996 bf621237 bee4cfb5 bf6b2809 3f263408 3f359daa bf4929c6 3eabb2ff be3c4b1f be5e9c4c bf1569a2 bdbc9915 3f4a225f bf45e3e2 bda7a70b 3ea7de7a be9c360c bf0e9dcc 3cdcde23 be2e83e3 be918f7d 3ef69723 3e5abdd8 bf51ec48 3f482f84 bebffab2 be931347 3eb01b14 bf4767d6 3f0cc9aa bf7ab202 3f1f500e 3ed53761 be9a4a61 bec6cfab 3e9d9f4e bdee3985 3edbc6b3 bf7a27ec 3f502dfb bf63ee34 3f7b9dbe bf695e01 3eacce32 bf48ddfa be81da73 3dbc68c3 beed8ef9 3f673631 bf0a67c9 befd8c0b 3eed3f50 bf264db3 3f7e5388 bf467de1 3f0cb986 bf190f91 3f5213c5 bf3941d8 bee44343 bd07315c 3e2aecd5 bf1ad1fd 3ef83795 beb37308 3f032d8f 3efc13bf 3e51d50d 3f1347da 3cb62800 bed5c676 3ebf6772 bd0b9121 bf5b9e40 3f2fb42b bf070b8b 3d60154d bac24fcd bef77f55 3f74b414 beeea4a3 3f0caf8f be154c95 3f12b3c8 3f63c236 3dfb5bc3 3ecf7314 be88da65 3f4c0bff bf367a10 3f38ebef be3b23c7 be3beb2b 3ec2be9c bea1371e bec9cf26 3f612046 bf56e7e7 3f1e2998 bf090bb0 3dc65731 be317c54 becdaf78 3f411a2d bf68c229 3f66ce28 bf0a3dd7 3f4f45ff beb19abc 3eb176ed bf4cd9c4 3f0cad9f 3dc46b8a be75844d bed4b344 3f208dea 3f4e3a27 3f1fe005 beed7f43 3ecd8783 bf111bd8 bf214bee 3f1f43ed bf33c63b 3f53e1da beb0dbbc 3f3095dc be9306d4 3d1cad0f 3ee1af3c bf4ad82d 3f052bda 3e7b5db7 bd9cb9ce 3e81ce30 beb95722 be9d7f4a 3e134ba8 bf15f9d2 3f01c7cf 3e29b454 3f34b83a 3e8366c7 3f11c1e1 bf6a7027 3d99881d 3f2ba9ee 3ef7bdfc bf1bf3bf bc5fbcea beebc319 3f100588 bf146fe5 3f30c00a 3e270d00 3e7ddc28 3f616be4 bef1ceba bda1b81d bed61b30 bd88b876 3effbfa7 bf2c4dc3 3f674dd0 3e547b5b 3f21edf4 bf0e47b1 3f462fdc bf015981 3f191dc2 3d422fec 3e991e7b 3d2db4a8 3e213c7d 3defd664 be813b2c bcb8dfda 3c25aac5 bed496cd 
bebfb2fe 3f2c280b be275e3b bf14ade9 3ed1f69d 3f30efbe bf54d9fd 3f54fe09 bebcf27e bec8b3f3 bda4ec18 3f48ea27 bf7177ce 3f2d1e16 bd604fe6 3eb8b253 bf0a99a8 bde4e91c bed736b5 be906611 3f25982a bf4567fe 3f372419 bf65a5be 3e883694 3f26fffe bed5ca7d 3f3c2611 bf584c27 3ebf2b12 bec08f54 be9292ea 3ee0df53 bf620026 3f75f21f bf7c6da3 3ea8fa6f 3eeb22a9 bf02f01b 3ed6aa6d 3e944697 3f16459a bf684803 3d41ce8d 3f4023ea bde32a3e 3ce02726 bed40f0e bf70e1ed 3d98c976 bf2155fc 3e01c532 3f469bdc bf58e05b 3f1f63de 3f2ba391 bf747e38 3ed4270e bf635c21 3f2119ba 3f0b95de be8e5a3b bdd85a5f bf2407da 3e06a3fe 3eed9ab2 bf571195 3f6ed9b4 bf7fd70c 3e8f06f1 3ea2aee6 bf0ebb9d 3ed19b25 3c00510b bef36794 bef74294 3e84e21a bf08c394 3f7e9131 3e89a36d 3f52e072 bf657a50 3ebd0a7e bf24c38c 3f13e990 bf2dfa55 3f48efd4 3c89257f 3f3ed3e4 bf733ff2 3eb26f44 3f6b9e51 bf7537e7 3f69a226 bf1c1588 3f7c73bf bf4583c8 3f6fedd0 bf7d618f 3e27fb2b 3ef506e3 bee84ab5 3e26dc54 3e93624a 3d0cf430 beab432c 3f1e13c6 bd2511a6 bf0c8192 3e881e38 bf3b117d 3f7bc5aa be2bb507 be8232af bd356f2f 3f1b69e3 befbe2ec 3e8d9627 bea42ac8 3ed9370a 3e60748f 3e68fe9c 3ee3a2c9 be99228a 3e336cd9 be2ebbf3 3e2315b1 3f372811 be840a76 3ea6dac3 bf2ecdea 3f2123cb bf21ffc5 3f21b39f bf6f0daa 3f3da9fc 3ef232f7 3e34fbea ba6bcc87 3f59a3fd bed6e71f be94bdc0 3e815ad1 bf6db65c 3e9926c1 bf71ae50 3f2b33ea becccae0 be9687a0 3ea8d74a 3f0121d7 bf2f4bb5 3f0c0b9f 3e76e56c bd92b7da 3e9d9aec bea6d2c2 beccdad4 3f3d6c46 bf3d0fdf bd9559d8 bf17099e bf019fe6 bea02ab3 be2b6cc5 3efc1f40 be45acc6 bf03f778 3edee706 bec7deff 3f2f59be bea7f66e 3eb03eed bec99e72 3e906734 be52548b 3f1569c8 bd81d71e 3e9cdaaa 3dd4b7a0 be493ce3 bdad9a7e 3e0e4351 bf4655d0 3ec04a97 3e50e44e bf0865ba 3f549033 bf00456a 3e8db280 beaf0781 3f27a5cd bf6fbe34 bf1efe01 bf72d1ab 3f333786 bf163405 3efcb806 3f4ada0d bead6af7 3dcba666 3e8a277c bf0fe39d 3e1dc4b3 bee72b38 3e6c2ca2 bf14bbaa 3f02295d 3ed6f739 bf462be3 3db358cd 3f36f3aa bf01f1d3 3f73fe07 bf3d51e9 3ea186ed 3e77d4e5 bf328e02 be85eb58 bf51b01b 3f058395 bee1e31d 3f7283e3 bf68d200 3eca86f4 bea17f64 3f12c3cc bded683e be7a9e30 3ebe7314 bf6435d5 3eaf2a0a bf209def bef0bb18 3e5b4c9a 3e6285d0 3cac6607 3e8ab6ee bee3ea72 3e9bf234 be95aec2 bf53783a 3eef6edd bf5d1409 be2b446c 3f314b71 bf39d996 3ead82f4 bf445a4b 3ec76fa2 bf47b9fe 3e641cf0 3ec26a8e beb1a2d1 3eddb3de be7eee86 
be608dd1 bf19fd7f bd4c0f10 3ebbcb04 bd06b304 bf1e0fd7 be16a349 3eac6586 bf107db3 3f561e2a be2a5446 bf0dbb91 3f4d0010 bed2ee5f bf502457 3f46dbb2 befefed3 3f0cc787 3f150368 bdb729ad 3d798c3f bef4a717 3f2309d4 bd33936f 3ebeeef5 bf7ff925 3eeea9f4 be99f29a 3ef3734a 3e007baa 3e204506 be769cf5 3f4a2986 be96b2d9 bde157bf 3f240db0 bedab293 3e3d73c9 bf5769fb 3f3b3810 bf4b05ed bf033168 3f464c4f 3c95602e bf2d4597 beebf765 3f24ea13 3dfb99bc 3f383803 bd444eb6 3f7741a6 bedb5e99 bed9b724 bdee8bbd bdd29796 bf4c9bda 3f4f4232 beafb36b 3f2d0bfd be42a457 beefbea1 be985720 3ef2eabe 3f64ba52 bea9bec7 bf3423fe 3f7077f8 bf56726b 3f4ad7ed 3deb7a1f bf532e41 3f55ea4b bf3ad3e1 3e120679 3f6bae33 be7a7d51 3eacbb06 3e43b572 bf5611e3 bf0343ff 3f0eff91 bf4ab834 3ea5ea8d 3f0c25be bebd321d 3f1b9dd1 bf2f6fbd 3d780fd2 bf5abe4c 3f340fd4 be515d2a bf10d200 be28c532 3f523189 bf67d1fb 3f4ebbe6 bf7a01b2 3f26e9ac be4f44e8 3f308f9f bf77f57e 3f55799e bf456fe2 3e7f7ca8 bd8e28ba 3ebd9321 bf4e3818 3f627610 beb5228a 3eb7e698 3e8bdf56 beca230d bde4a85b be3f0d8d 3f167d8d bf7b940e 3f4dbdc9 be4e3d22 bc3e59aa be46df21 beaa4377 bcb61b4d bf2e27c6 3f7d73a2 bf4147f2 3ec45ef7 bf0dfb97 beb9a65d be84d264 3e968324 3e8ba245 bf1cd19a 3f676c45 bf2fc21f 3f4a2785 beee4b89 bf28fdf0 3cc761e2 bf02dd87 bf4ae02f 3f3779c5 beedab90 3f5f620d bf0cd9a8 3f6e5439 befafb09 3eefdb58 be34c369 3f33d18a bf3f71f6 3e8c821a bd4a4dc4 3e4c0549 bf7ea5b8 3eeceac9 bf3c37a1 3f5c0811 bebe8e62 bf0f7be8 3f7c0d95 bf2b67a1 3f4f2ffc 3e363cd0 3f68561d be643579 bf719a43 3f38f208 bd28ed5d 3e94e63c bf043197 be099c38 bea1da6e 3f31b7b5 bf5e61e1 3f542a11 be96dedf bf268ff3 be02dc41 3dbbf70d bf2defb8 3f5293fa beab4750 3ea766c1 3f58ba00 bf2f2627 bf1f81ad 3f6b2a29 bf7f2d78 3f20939a bf28bffc 3f3657b9 bf05ebdb 3f5851b5 3f464209 3f1ab3fa 3d7ab4d7 be22cbf6 bd29b38c bf0f1dc3 bf0d53a8 3f2f2dac bf71f646 3f4f91f4 beafdad1 3f0483dc bdaebb6d 3f38c420 bf01d9b6 bf7099bd 3f7ea927 bf252bed be85f2fe be3f7e25 bec0db7b 3f4e2dfb beb3aac0 3d7e4da3 be0a24c1 3f6d4bf1 3eac4ee9 bf1899da 3f2e67eb bf22a197 bf0031d2 3f0b916a bf4589c4 3f2afbcc be986af6 be494bfd 3f47fe05 bebc56cf 3ea90aef 3f2d89af befbcf5d 3f4dfc20 bf579b91 3e735519 3f007138 bf4bd9c0 3f4b101d be7e248c 3e6cc428 3f00f1cd 3e895af7 3f169fb2 bf719c5c 3e453d7b 3ebb0e65 bdd62806 3eb282cc 3f0c4d94 be4ef60b bef542ba 3f0fc55b bf16ad90 3f418fef 
3e0b24f7 3f1215b5 3ed3a6df bf03ebb6 3ea4e9ed bd8089e0 3f7b280f bf1bdbcf 3eba69f4 be19fcf2 bf03ddbe 3f68f823 bf7a2d92 3f5965ea 3eb9df78 bf16f208 3f5555a9 bf76abb8 bea64a25 3dafb8b4 beaf1f5b 3f6c742a bf75982a be6add1c 3d04509c 3f5c3bff bf1c03a0 3d897794 3d85f6a6 bf7d7384 3f553b92 bf3c7fe1 bd9bea57 bda7176f bb8693f8 be2db512 be9f8e7f 3f1e4961 3ebc0e9b be74acf3 3e9adf06 3e841a6c be07cb47 bda21b17 3ed98334 3f30dfbb bf17d612 beeb26be 3e96e2ca bf5c9e68 be85dab5 3db9693a 3ee302e0 3f2e29b4 be1e252b 3ee48781 bd81a640 beea1406 3ede6372 bf45a5d3 3f2885a0 3f2187d4 bf743630 bf01758c 3d7511cd 3f24edc7 be0183df be646cdc 3c283d95 bf05cdaa 3f5bae61 bf1f69be 3f5083bb beae0679 bf78b9bf 3f0271c6 bf2d3205 3de8873e 3f61560a be1b1dd7 bef08f7e 3f724a3f 3cd463e7 bf37f3cb 3ea789ec bf13ddb5 3f1e01a4 bd615225 3f2bf57f bea1d6d2 3e4a1444 3ea67e99 3de8092a bf3f5bd2 3f12680c bf4dc7e6 3f75bdee bebe3f3e bede9b19 3ca15fa6 3e105ab6 bddf7a47 3f31f206 bf21cc15 3dc069f2 bda4b88b 3ebc1ecb bf7c1fc0 3f590262 bf67f9dc 3ef42f80 bf2f69ea 3f51d1dc 3e23d541 befdbfcd 3f63a817 bf7cc39a 3ee10b74 bebde2b2 3f769dd2 bf5847cb 3f7a49e8 bba690cb bf21118d 3e8b2f68 3ec2c263 bcfa1ff1 3f4e1fe1 3e268d38 bf6097d4 3f3fc1b8 bf0f69d2 3eb40de4 bf3fb614 3ec1d23a 3cc0d7a7 3e73ddb5 3f11f7b8 3e3923a4 3f752dee bf3179c4 3f24abf7 bf52383a bd8e18d4 3f2e45f3 bf7b6fec 3f29bf77 bf63c404 3f2c3dba bf3e75f0 3f20fbae befecb48 3d0417fc 3f5459f0 3ccbad77 3e896e6e bf2993ec 3f6bcc34 3d9a681c bf51722a 3f76661f bec7c32c bf1a41b4 bf2b8dbb 3ed31f23 3f0da5f2 3e0813c4 bf6dc3ff 3f1727e0 bc6e495e 3f4d7ffc bf0d5fce bd9c47ca 3f2f661a bf7e5594 3ef4cf80 3e91722c 3f600bc8 bf3913e9 3f739c31 bf535210 3e7eccc4 bf36afba bf259fb5 3f5c2259 3f27780a bf32c9c8 3f5793e4 bf0c3f88 3f1c31fd bf25957e 3dc6bb52 bf04dbe1 bf643bbd beb90761 bf1b8ff0 3f0ed9fc be25bc86 3f01b9cd 3f0875e9 3dd86948 beb50aa3 3f2f9250 bf510b65 3f00b383 bf5bb5ea be870338 3eb03786 3f7f11d5 be929f44 3e904732 3e9422bd 3f255faf bec4c643 bea8e1eb be4304d1 3e8359c3 3e3084b4 bf472217 be3e34a8 3f07e1a3 bf50c065 3f773bee 3f08d1dc 3b888e9a 3f0e3fe5 bf586440 3eb3a6f3 3e781d88 bf796c36 3f4bdbf5 bf44fda8 bdf2fb14 3e016c55 be2ee584 3e36cb55 bd7bb014 bf489ff6 3f69a827 bf5c53e5 3f1aebc9 be94a9f5 bf0491cc bf2bc1aa 3e9d8a2a bd3e7311 3f55da01 bf4b11d9 3e9bce2e be82f294 bf713a68 3f73d832 bf11bb61 3f116f83 bf3483fd 3cda9cab 
bf6dd5c6 beec1f6b 3e177c50 bf2a97d8 3f299bb3 bf006978 be8692c6 bf1d3bce 3f29f631 bf223a59 3f5f59cf bf4dbc14 3f095182 bf5fc227 3ea0774b beb0032d be2c951d 3ea76360 3f7eebb8 bf4915ab 3f434da8 bf75f9f1 3f68162a 3f3f9e3f bf20ee06 bf1e5fd1 3f72f250 bebb526a 3e058476 3f2363cf bed3dafc 3f414a00 bf053d91 3f7b51bf bf4fdfdc 3f730e47 beeb8817 bd25f6f7 bf5aac26 3f136f69 bf078fca 3f2be800 bf2f37b8 be11e3a4 3e0613d5 bf7cfd80 3f51b7ea be6bfdfe 3e2b43d7 3ec28e45 3e646c6e 3e1ee48c bf658796 bed2c25a bb7af829 be304d25 bd0ad062 3e9a2232 bf1ed5cd 3f67fdb2 bf40ddc8 be67f556 3f0ff5ff 3f114fcc be08c3e2 be51dd24 bf2e4dfc 3f43f7de 3dfec8c8 beb04f11 3efe8f9e bf12ffa8 bef0a6cf 3f2933d7 3d5dad64 3f316199 be862271 3e62939b bf7f1335 3f736a3e be827658 beb9767b bedcb37b 3e859aa1 3cc625ba 3f118796 bf69ec2e 3f0031a3 bf51aa2f 3eaf5e28 bf0b6dca be0e5468 3f566047 bf1b0b64 3f4e8816 3d24f357 bf2a439d 3ecb1a9a 3d89aa65 3f4b720a bf4d3df6 3e4e9e32 bf2423f6 3f742633 bf00a9b2 3ea88ade bdbf8976 3eb1d285 3cd665f4 be923abc 3f038bce 3ec8268e bf79a5bd 3ead16fe bf38dbb7 3edf2403 be0a5604 3f0faf49 be9ff2e8 bf1ebf82 3f6c9de8 bf63a182 3d7ead51 3da89a8d 3f004188 bf6f1c18 3dd66851 bf25e3ff bdcfaa56 3f4b440e bf01c3c9 3c635195 3e94f2a2 3e6ca507 3e79c65d bf7ad7d1 3f57c7b8 bf761c09 bea49aec be76234e bed44f07 bda018bc 3f404fc7 bd9548d9 bf6a75fc 3f51f1ff 3e74b60b bf2fd61f 3f2b0f79 be234331 3e70fd48 bdb16996 3e9c3e99 bf63da54 bec8df50 3eeb4f62 be42c511 bf5a3578 3ea87e76 3eb8f718 bf5f5e16 bd11b245 3f394861 3ee5eafc be9746db bf2607b3 bd883a61 3f3173df bea54e1f bf3a1e06 3e80f6b2 be42f50a 3f1191ec bf4ec60c 3f2af7f3 3e35b5d4 bf57f028 bdced8dc bf27d1a2 3f5983d6 bf573c4f 3f6c2029 3f0565a3 3ee42708 bf7991c3 bd9319a1 bf136dbd 3edeb6c8 bf523c22 3f6789aa bed74b10 3f2c05eb 3d94f89b 3f5ef9df 3efea42c 3e781493 3eaddaa9 bf44b007 3e327d76 bf729a4b bcd26907 3e916631 be854a3e bda738d2 3ebc231b 3e5db44b 3f4b37ec bf74b1fc bea096b8 bf646469 3ee95316 bf017f7f bf4c73f6 3f784454 bde9da02 3f0649bd bea5d2ca bec4ff83 3f7f3138 bf4f8bf3 3f68b004 bf217398 be8fcf14 bf5ae855 bec99354 be5abcec 3f0fbfed bf11c195 3f55d23e bf4d59a3 3f77eb9b bf10d7cf 3ef752b6 3dee9a01 bf2f13bd 3f1759c3 3e6e4d63 be13be22 3f3e4240 bf23a80c be59f5d4 3ed1ce80 3ebb3311 3f3205f8 beef981f bbe36547 be5f0c60 bf0e25d9 3f4e7032 bea0f320 3efaaf5e 3d40929a bf0ba7fe 3f38260b beb046bc 3f678626 
3f235dec 3e8f953f 3d99c8bf 3ef8ef25 bde2a8a6 bea9b292 3f18c7a3 3f66dfd3 bf4879e1 3f1d51b1 bf32abca 3ef99fa3 3ea38b17 be134cbd 3efdce68 bea382f8 3f54c854 bf397020 bf4d67fc 3f2f9fb3 beaf3ebb 3ec2cb4c bf7b71a7 bf0a1d58 3f16f588 3ea9c275 bf2a279d bd725354 3e70ee05 bea51326 bf021bc4 3e8282c6 be72449a bebb96d4 3d9f0866 be67a6e4 be04dc9a 3f4bbc0a bdacd7a3 3ea386f1 bf04eb9f be7dabc5 3f04de01 3e2ffe7a 3f10b3a8 befb56e7 3f293ffc be8df6f0 bcd562d8 bddb1b72 be06ce47 be36ec48 3f5a43fd 3f25e39e bf206b73 3f50f829 bf4e21f0 3f1d59ab 3e8ff288 bf318998 3f7fbb89 bf3111d6 3eafba37 bf64c00c 3eb9329a be358407 3f731a1d bf4aa619 be383cac 3ec65378 bf0d29a4 3ee0bef8 3f388183 bf0ac7b2 3cd3642b bf7eb9a5 3ea7f71d 3ea2c6e8 3c60cf13 befb7358 3d1ad701 3ec34ee7 3e59566c 3f375816 bf02f792 bea0829d 3f54e9fa bee6130a 3edfd276 bd7cf35f 3f416e2c bee70b1b bf3847e6 3f07a5a4 bf52d648 3c3f2726 3ee73e9f bc2bcbaa beb136e3 bf5c9c20 3f4913e8 3ec472e1 bed99fbf be8e16f3 3ee3e6aa bf171bea 3dd3a97b 3cf99c5a beb89eaf 3f36e5d9 bf762025 3be181d4 3f0d9dfb 3d4b128f 3f11138f 3d854993 bf0b1dc1 3df3785a bee36ee7 3f73f40b bf651833 3e838ad7 3ec02fbc 3e844297 bf4201d5 3ef5af4d 3f3caa00 be495c29 3e78e562 bf19960b 3eb77eab 3b8da34e 3d93472d bf77e3e0 3f0de1d6 3ede8baa becb12c3 3e0bc5f1 3f328dea bae253db 3f65d433 be0733f7 bf77e20e 3f2fe5a8 3f22459e bf6e9c5c 3d72725e 3f68fe21 bf78d9f6 3eb37aa0 be9a6691 be9a368d 3ef48f06 3dbbc96a 3f646a12 bf640e4e 3f3ff5f7 3f5e424c bf78c7f4 3f154386 3e2f0da4 3ef63f51 be9742b4 bf67c426 3f5ba623 3d5c10d2 3efbaf39 bf742170 3f5d1611 3edca687 bf20af77 3f1d9bc8 bf6c2854 3f39b9f4 be01344c bef7b6dc 3ed66ad3 3ec403a3 3f4719f7 bf7f5512 3f1587b9 bf0e15a1 bf643843 3d154f6a 3f134df9 3dcae817 3f559c2a be90f6d3 3f1e9da9 bf7d2b99 bb34cf46 3cb91f8d bee49341 bf4eb5f1 bd1fad0a bef9aee9 bf2ca405 3f735bf1 3e202cc0 3ee9cb10 3eace277 bf01899d 3e979e15 3d49151b be41bdf7 becbcf91 beed2afe 3f61082b 3ea49acf 3f4ce77e 3d01cefe bde7d946 3f5df43f bf3aa7bd bf284c1d 3f04a3a7 bf0bb788 3f32dc25 bf0ca771 3ec0cb14 bf1ea1ba 3f3991e8 3f05d3b8 3f00e985 3f74c827 bf1007e7 3f764c1c bf586c06 3e163429 3e5fc546 bebd0aac bd5b0e36 3ea336e8 bf13354e 3f7647bf bf6215af 3d5e51f8 bcc95e85 bf7e65b8 3f509c22 3f28cdc6 bf72efc0 bdbd07d5 bef59f74 3ec81aba be18fc30 3df9e78f 3f70a7de bf633611 3ef27b3d bed72f0a 3ecceb99 bf363a0a 3f2b3b9e bf7479a8 3c87de29 
bf1f1e04 3e6c6b74 bf1a6955 bdade8ef be914303 3f5bd230 bf7a97ec bf052daa 3dd9c6f6 bc304bda 3ecccbef bf6c563e 3eb48a37 bf0b8768 3e9f9aed bf0333d1 bdc50ad7 3e5f4c70 3f5f8e27 bee152fc bedf67be 3f2e6202 3f35019c 3e5b05b6 bd8e86ab bee2d2a7 3f11cbb5 3e7c1d7c bed362b5 3e11556a 3f4bce1c bf282b70 3f364d89 bdeeb8d2 3e9ff1ba 3e17b3a1 be6f46a7 be8b3293 bf04e3d7 3f3377f1 bdf82d66 3f294fb2 bf22c1eb 3d2bb1e4 bf676a05 3f54bc01 bf34b7fb bec3d696 3f34b62b bf2ac202 3efde36e bea6ab56 be95ba6d bf5eb016 3f44f9f7 bf3523d4 3f5ec3cf bf6d0213 be05ac96 3e35dc9c bf0b3faf 3ef06751 3cc05add bb78b8a5 3f22bd79 bf62a1fa 3f0cdf69 bf294de1 3f75f830 beaacaca 3d166e9c 3e34acdc bf4bcfb9 beb5eec1 3f36c7e8 3f32919d bebad39c be3333f7 3e1c0d99 3ecc6f85 3c5e4c80 bd889a9a bf28aba6 bf0e9223 bdb179ab 3f0791ff bf60681e 3efe2742 be83a242 bd3b734c bf30e3c3 3f694007 bd096baa 3efd96a3 bd220db2 3f1ffbf4 bf76ae09 3e836272 3ea1a3c6 3f373c01 bf0b73d5 bf1fa388 3f68843c 3d7d4dd8 bf25a393 3f670217 be776c9e bd2deeae beb4ab18 3f1cb399 bef54efd 3f5f23fc bf4b67c9 bdf10a1b bf0929b2 bea482fb 3f2a41c8 be92168c 3f695791 bf78e5b4 3f09ff8d 3f0a7786 bf6f61e5 beac5aba 3f144fb7 3de39750 bf599807 be2ab54e 3f72cfce bf62d9e5 3f3b321e bf3c8e5d 3eb94e4e 3f1da791 be97aae4 bf173bf6 3e73cd6f 3f0bbc0f bf3c5b94 be9d9eca bf6bb9c9 3f0d4231 3f08edb9 bf555dff be477e4d 3f5ba9d6 bf2b55f7 bf15ebc4 3f7a8daf bf33200a 3f63fc07 bea7f299 3d1953c5 bf3e19ba 3e90c2f4 be972ec7 be829e3f bf4b9828 3f2f2ba8 bebe16ac be754599 bee69f06 3cd6a1b7 3f2c03f5 bf205dcd be07ac24 be441c95 3eebb36b bf4c61ba be0ccccb 3eedaef8 be36e56d 3e8be2b9 3e5f7d52 bf7567fe 3f463425 3e8c49f3 bf5b7c49 bf024777 3ef61bd3 3eeb7668 be6e7df6 3f4635da 3dd8e64f be8a5b53 bec37237 befb7b88 bf0a4c24 3e9a7aaf 3f1497c6 3f1d7392 bf4fa635 3f61ba0b 3f3583d0 bf08efa7 3f56529a 3f474e1c bf75b5ee beabc2ba bf119de2 3ef90de7 befebfd0 3f449fd7 bf3d6561 3f347833 be3e2d0e 3ed70ffe bf3687f8 bf1ccbde 3d01f060 bf741db6 3f5de9d6 bf5fdbec 3f29ebcd 3f1be5fd be82b24f bdaee825 3e8a7ebf bf227dcf 3f2a65c5 be8b2e5f bf25c5c9 bea152c2 bf74a60b bd9ab7a5 bee2e326 bf05e166 3e13dd59 3f26adf7 bf7aa9b2 3f518a0c be80b74a be005bc4 bdec3703 3e469da6 bd639367 bc84580b 3f0919a6 3f22d3ef bf5037c2 beabc6ef 3eb60256 3ef443a3 3e005b7c bede66fb 3f5a980d bf7439ff 3e0794ec bf240fd6 3f2bd3f8 bf383fe0 3e6c5c1f 3f2e27f4 bf246bf4 3f6c0d93 be0ab501 
3f7b7e1b bf386bb4 3f5c7e2a 3e18d4e7 be82aeea bdf1ac11 3e63b4d8 3f7643bf bea0eead 3c123fdd 3db3c8c3 3f17eb69 bdbaa63d 3d08542f 3e9b126e bc87ddac 3ece6ab6 bf2831f5 be7cbca7 3e84bdd5 3ea3d26e bf4db20c bf390bd2 3e360495 bf4119e7 3f7f9b2d bf4ec212 be16d5e6 3f0613eb bf0bf780 3ec6673d bf2abbf4 3e9c06ac bf25bd97 3efe87b3 bf7eb588 3f659428 3dedf9ab 3e3b3dbd bf3ca7b9 bdbc4813 bced6103 bea52ab4 3f45262a be96539d 3f04a7a7 be967ac4 3f75983a beee92b0 bceb67df 3f130bac bf005f8b 3f79bdfd bec6d74a 3f30fbd1 bf3e7e02 3d6c6b5c 3f20b7df 3deb6763 3ef82b25 bea486a0 3ed8d368 bf4b5bb5 3f36d20d bf7b51b4 3f7827a3 bf64dc45 3f4eefb1 bf1b73da beedc391 3f47e017 bf3e0dc9 3f500e13 3f60d627 bf583bfe bf3b0dac 3f3479dd bf2d2623 3f1025ca bf5e064a 3e345454 be82aa1d 3f6da20b 3f2eb027 bea88b00 3f59f00d bf1873a3 3f09c387 beee8ae2 3ee12369 bd8a872e beead695 3df75a10 bf0fa968 bef33664 3e49fceb 3ec43b11 3e827a8f bf666467 3e94db43 bf04a7c6 3f7cc79e bf740dd8 be9556bb 3f6fb1e7 bf6e9206 bcfd5c50 3f49ae0e bd3872a9 bf3eff82 3f6b03e9 bf5677e9 3ea2a39e 3f1879bb 3ee5e413 3dbbaa42 3d659148 be9f3abf bf53d051 3f3e5dc3 bec25329 bf2f03f8 3f771ff2 3eda632f be91f76c bf140156 3f492c4e bd140b9a bf01dfc1 3e37cb18 3f18fa00 bf35c7fa 3f1d0222 bf33d5ee 3cb0e239 3f4b4a38 be6d04bc bf558be9 3f01438d 3f535211 3f0e3da6 bf479fba bcd8674d 3f72921f bf5a083f 3eb2f34e 3e73f4bd 3f3507b9 bf58820d 3f07a9ff bf6081fb 3f363204 beebef8a 3f7aaf99 bf1f301f 3f0b19ac 3f08b56d be316c1a 3f0bdc0a bf1be38d 3f28b9ef 3ebed362 bed8d6e6 3f1b6619 bf1199af 3f7dddc1 bf5e6a1a 3f6659c7 bed8a279 3f530c1a bf64a05c 3e697ce5 be27f2e9 be58a43e 3f6c39e0 be9c9222 bf5bba11 3f33001d 3f5f7a03 bf419c33 beeaafa7 bc985b92 3ec95eeb bf6b17a8 3e100447 3f0d3d69 3ed27372 3f344464 bf23256b bf527e1a bd2f7355 3e23f3e3 beac3ecf bf5137ff 3f50bc52 bf5acfff bf4419e1 3f4bc1ce 3ee4a406 3f10f9bf bf50b61b 3f276dd3 bf75f7f9 3f2c7bbe bf7395d3 3f727a00 beec2b2a 3f05fbb3 3f1e39c4 bed70f15 3f67ba05 bf0539ac bc9658bc 3d752edf bf7bffc9 3f2abd86 bf25dfd4 3f664c54 bf60ca0d 3f1d89f5 bd8e97b5 3f4e51c8 3ea6d75c 3f3f97d3 bdf3e9fc 3f5e07fd 3ece4b17 3e0efd66 bf1f6780 3f5ae3c9 bf221ba9 3dbd78bd 3efa63a1 be119cbb bef11b41 3f2e699f bdfb0900 bf502e03 be9f26c0 3f60fe1a bed71399 3f1b41c7 bf3ceb82 bc6a48d0 3da14814 bf14d1b6 3ed6733b 3ec1aee0 3e33cd04 3f0019ba beaafe68 3ee05ea6 bf224fdb beb7132b 3f002589 bf55e03c 
be930ebf 3e88161f bf1c43d5 be129d2d 3eb99783 bd8c884c bdde29e7 bf539c36 3eeb6b37 bdf88b9f bf484e2e 3dc9f881 bdbf67ff bd8d1773 bd5d4ff5 bf1375b7 3f0fddf9 3dee3933 3e7e6c9f bf45f086 3f637474 bdaae99b 3f650fef bde4f985 3f60b9dc bf41fd87 3e2f7333 3f324a2b bf513161 3f2895fc bf6f2e91 3f6efbf3 3dab4789 be7b2d1f 3eb57eec 3e878307 be347da2 bf615fcf 3f20d216 3f668fd3 bf3103ec 3f6b79ed bf15edb3 3eb56eb7 be145473 be292459 bf11e7d6 3e4b4401 bf4805bc 3f74ddad bf6a4c55 bc3dc5ed 3e2625d4 beefa6c3 3da7163d 3d740ffa 3ed7fb3a bf414473 bf064954 3e6e2d18 bf501e74 3f61ea26 bf3df815 3f6b5609 bf4badaa 3f505431 be69d493 be89a2d7 3f44401d be99c69c 3ebeaae8 bed00ea2 bdb2ab8e bf68ee07 3e9ab263 3f1d8fcb be4a34b3 3eea871f be38dc76 3e79075f 3f11adaa be205d41 bf5caa1a be922e49 be9eb665 bec64f0f be97b2a4 3f1c0deb beeceae6 3e3f9e18 3f1f9f82 bee5e6e3 3e86eadc 3e7f4615 3f79a7fe befa4ca0 bf4919bd 3f0bb5e5 be351def 3e9b025f 3ec91b9c bf0d45b7 3f13537a 3eec8709 bf5ac9dd 3f54f9d6 be8ab2be bf36c604 3e3ad419 3f0d39be bf7949f9 3f258bae bca05cda bf324587 bf3a8dcd 3f030d9c bf6a2fdf 3f5373ea 3f2c29d4 bef48ee1 3ed97720 3e8fe27b bf1469d7 bf1343a6 3e927a8c 3ed1337f bdbdbb04 be8922c7 3f38da0f bf7a79f7 3ea14625 be65b50b 3f00b155 bf448be7 3f7a3a00 bf7b299b 3e2744a5 3f55b058 bec2f237 bf6177ea bea7d28c 3f62ac2a bf16f5ad be885e4f 3f204f96 be7d9475 bf7a6249 3edb2ec9 bf11359a 3f522de4 be1e8504 bebd36e5 3eb86f0c bf1841cb 3e281eeb bec11efd be9f1b04 bc314200 bec10ee0 3ec8fec6 beedbf12 3cceaadf bdea3932 be8a431e be8f1b2d 3e64bf7b bd8fd7ed beb59adc 3e8e0760 bf1e6ddf 3f43c7f7 be837e9c 3e989612 bec862ff bebac6a6 bc82dc5c 3f21fbdb be28f47d bf344811 3eacc6f7 3f4333d8 bdfd0799 bf5e8c25 3f7111cf 3f153fbe bf7e1384 beaedf0c bef3ff92 3f7463f7 3f152dcf be7e1493 3f1c27fa be9942d7 3f3f2fba bf41d3d8 3f60afe9 3d969865 3d368eed bf5bdde2 3d04873d bc92160e 3f22ffde be9cdf42 3f5079be bd53d19c bf35de5d be3575a9 3c083ffc beb54b15 3eae1ae3 bef4bb1c 3ebd0ee5 bcb5629b 3f080773 be7b8d48 3f1799df be97db09 be43cce6 3f0e11b2 beb2dac7 bf561bba bcae2383 bf25781d bec2038f 3c8171c4 bf48c414 bf46bff3 3f114143 bf6ce254 3f3d11b0 bf061b6b 3ef252c9 bf77ec21 3f6ce5d4 be14d44c bf44a7e5 3e973302 3f7ecf72 bef3432a 3d6db0cc bd5693ed be8956db bddac9d3 3f1667e1 3e8286b2 3e013411 babdc0ff bebeb6ca beb0df70 bf706813 3f5e27b6 bf51d04f 3f2159c0 3f3aa017 bf78a3d8 3f507003 
beae9e70 bdcfe8e8 3f7679e3 bf3b77b2 3f1479bc bf44d1d8 3f70e7ed bd7d1231 bef2b784 3f45c5da 3eff174e 3e840a1e bf43ebc0 3f5ed618 bed7ca61 3f62b1aa bf738c4d beb8ce82 3f5f4815 be8bc2cf bf0bf9d4 bd71f64a beef5311 be32a4c8 bf71681c 3f41e663 be502db6 be3cf46d be0d8cad 3f099170 3eb21665 bf38bbd8 3c5bcc10 3e0f04b8 be56f44d be9a0ec0 3e3e2c24 3f3b3fcf bf4123eb bf781800 3f46c06d bf1f21d8 3e0b0ccd be446d41 beffd38a 3f043f7c 3f45bddc bf015355 3f5aade6 bf61d61c 3f3f123e 3d4ff40a bcbd5e3c be277c64 3edc26d3 be88477a be92f2fb 3f68aa1b be315b63 3f708e18 bf05e3bd 3f22e569 bf481400 3effb7a7 be87ea8b bec48b59 3d13d48d 3e99a305 bf7ec58d 3f374603 bf3843d6 3f0ead9b 3ee6feb5 be666448 3f645000 bf377de5 3d3cb110 bf6c0048 3f483a12 bf5679d6 bdce5ad5 be203d34 3f5f524e 3c23bc4c 3f0485dc 3ea00ac1 3ef3e364 bf16d3e6 3eaed734 bf06b783 bf095204 3edcd371 3e804337 bf49a25f bf093402 3e45cd31 3f7799a8 beee4327 3ec1eae9 bed172b5 befb1b36 3ecf12d7 bf26e002 3e00cba3 be56dc26 3ca76d64 3f1397ab bd9759aa 3eb57b7c bf1725b2 3f69dc54 be5054b0 beeb9f74 3f716836 3f36280f bf267bca 3f6d93e2 bed33ffe bf730415 3ede6f34 bf28d809 3f02efdc be5bdbda 3f6abbd7 bed66af3 bf1041c2 3f008752 bf57ffef 3ef6a30b 3f49dfae bf1d6bbb 3ee7ae39 bf0a15aa 3f552051 bf04c797 bd483402 3ed6d64d bf11241a 3e2a6c60 3f45616d be31eb06 bd346d32 bd919af5 3f183dd7 bf74e5b6 3f2d7612 3f2b77e4 bdc1c84e 3e4b25cc beb94b45 be2dad71 3f258fe5 beeb0f7f 3ea41afd 3e97ba84 3e820a1f be273d60 3ef13001 3cf9df8a bcbaa29f bd91cba0 3e0c83a7 bdef29a7 3f1dbdc4 3eb1370d bf166bc8 3f182402 bf16c59d 3f344f86 bf1e29f2 3f0c4fba bf473411 3f5769c8 be8e49ce 3f7f218e bf5b0feb 3f197a05 bf0891e9 3d0c9296 3ed5b6dd bf5d361b 3e6bed0b 3f6733eb bf3663e4 bf77cdeb 3f65ae19 3f3fd5c6 bf011df2 bf22db9a beb892c0 3da1c717 bf474433 3ed7271b bec43ec7 3eeb9ae9 bf6ce40f 3f7209a2 bf6c603a 3f374e15 3deae9a3 be00053c bec7000d be8cfe03 bf10554e bd8b071d 3f6289fe 3f0b138f beb82eb6 be447d88 3bdc9273 bd28cfc1 be385cb5 bddeeaf4 bed3bed1 3eced741 bf23bbe2 3e8c1e0d be812a43 be4fe6ce 3f1ac1e0 3eff03e6 3f2355e6 beee66a4 3f6cd1e4 be1fa4b3 3f4235ef 3ebb72f4 3d81b79a 3f3895d9 bef41ec5 3bcfa8db 3f075985 be5853c6 beddba9d 3e91166b 3f74d9d1 bf4349ca bf388de1 3f62960a bf5333fc 3f1c959f be54f633 3f3a9bc2 bf60100b bf40e7cb 3ec1a2c3 beb992c8 3eb11efd 3f0555a2 3f6d1e47 bf52c86b 3f4379eb bf2e3c03 beb09309 3f099b87 bec3eec1 
3f5dd437 bf2ee81e bdb41adb be64ac9e 3f119776 beca276b beb6ba4a 3ef98b29 3dfe4a6c bf392deb bf50d9f1 3e70e4f8 3ebc26e5 bdea1b3e bf4afc29 3eb19308 3edec25e 3e998ef1 bf49e025 3eb7823e 3efc17ec bcada244 3ef31f1d 3d3e1186 3f650413 bec03bef be1b14e1 3e72b4d1 3e25648c bf535de0 be0384c0 3f10c945 be5b9c8d bd8849e9 3ec5db73 be080aa6 3d2fcb4e bed3c2b0 3f270467 3f2201b8 bcc86116 bf0fff9e 3f58f216 3ba577a5 3f4a081c bf27fe3d bf106ba3 3be2a90a 3e17ac38 bea6871c 3f04c378 bf66d5f4 3f0b2da9 bdb81819 3d800a4a be808b45 3e2fb4d6 bed0d645 beb37670 bddd79ad bf4cce52 3f7c5356 bf2dcb83 3f004d7a be8285fe 3f49edbe bebd9691 3e5a65a9 3ec4f32d bdb496b8 bbfc77ab bdd95933 bf223db0 3f04ade6 bf30d9d3 bec96ea6 3f77ca25 3e980af1 3d45d0fd 3c624bbe 3f4ed7d1 bf188400 3e345b96 befb602e bd5fcf46 bf5c21ef 3ee46e62 bf4891c5 3f46a7ee 3efe4748 3d8696c1 be317460 be812e10 3ed7cb42 3f59c7f1 bf30d5d8 bdd2e922 bf41921b 3ed58277 3d603004 3e983eb0 3f0cc01d bf0769b6 3f371002 3d4d0fcb be5a24a6 bf70dfed 3f4b5fda bf4afe5c 3ede1f9c bf01d5d9 bf026bab 3f62a9f5 bf63620a bf708204 3f6c3c10 bf63e5b9 3de6e731 3f087dd7 3f0bf80f beb672da 3b14d517 bd49f09c bf2469e3 3f1c4636 3e25dd01 3cbca3dc 3eff8ec9 bf1545fa bf371bea 3e61d57a 3ee022d8 bf17579e 3cd6db10 be045491 3f02d405 3d0f4b93 bf5f19da 3f3b3066 bf3cf7d4 3e4f3c1d 3e2bcc4b bf10b998 3f0581c5 be5843dc 3daf9aed bf47cfc4 bec38ae5 3f2671e3 bf2959bc 3f528051 bf527468 3f14413f bf22a3c5 3d024dd0 bf226b8a 3f2405c4 bedbc38c bf26cbc5 3f6757a1 bf07e1a9 3ed2635c bd194fca bf632197 3eb06f9e bf1d17d8 3f5b85e5 bf2ca1e1 3f619bbf bf7987e2 3f501196 bf1e23a1 be76954a be6b349c bf1059e9 3efdbaaa bf03a3cc 3e1c6d0f 3f6c8e49 bf36edaa 3e4c736d 3ca9de8a bf3c4e41 3f0e2192 3f4a59ed bf1865f6 bf11b1a6 3f3e27c2 3f2b71a6 be310d09 3f58f647 be7f1502 3f1b7b74 bf52040b 3f5aa810 be8b1e5e bf14296b 3f084807 3e810adf bee02730 3dbfaa27 3e5c9d92 3f43d808 3e795ca6 3e1e92fc bf5a600d bf31c769 3f07c7af 3f0e9d66 3dfd481c be8b0a83 3f456bc9 beb5ca55 3efadf33 befc5fab 3ee3426a bcdca5de 3f60846c bf339da3 bec22318 bef612a5 bf1a43c7 3f595e37 bf3e45c3 bef51378 3d2209e4 beb93e47 bee4bfd0 bf23dbdc 3f4d8636 bf5d7035 3e72c4d8 3da58a33 3f0da3c2 bf647dc0 bf12f3ac 3f6cf3d8 3e82a67d bf1f5bac 3f429800 bf11e376 3e4ed4a3 bf19e16c 3f4e27da 3f5169d8 be361c76 3dff2942 3d1e0ee1 bf7bf77c be103c49 be6314cf 3ee7427b bed6b2d9 3f55f594 bf394dc8 3ed85b37 
befd1384 3eb9e3fa 3f03af45 3bd8874e bf405f7e 3f775ff0 bcd76833 bf752e34 3eea6b76 3ed5675e 3f6f61ff bec5675f beabaa6d 3d00f0d3 3f7b25df bf0eef8f bf39a187 3f6b75bf bf6ee40f 3f5b585f bf5c6826 3e23cde5 bf23a5ee 3eaa2668 bf6eefd5 3e4b8c00 3e64e6ed becf3a77 3f1dabd1 bd1614e7 3f48a460 bf7f8b25 3f5161d1 be9c1a26 be291ca4 bce9e027 3eef8b6a bf233b99 3e8a029c bf767253 3c41ce8f 3f59b202 bf7c65bf beed1b29 bf1b15fd 3f5311e2 3bc17cff 3e92a684 be1325b4 bccc9cc9 3d42d0b1 be225554 3f356e0e bf7f1b40 3ec8bb1a 3e59ed64 bd45b10d 3edb66a0 3d181127 3ea896b2 3f23239f bf791d79 3eeef70b bdff6a21 be806a39 bec3e25c 3e338ca1 bee78f02 3e574d28 bead2f31 3e831ea2 3ec37ef1 bd83a98c bd75cd6d 3e15ae1d 3f5ed021 bf659619 be990b3d bf22023c 3ef44bf9 bf618bff 3f022190 bed602b4 3dd62992 3f11c3e2 3e68ab2f be8d4232 3f758838 bf558a2e bf41b3f6 3eb2db5b 3e7ded90 bee0e290 3ee04afa bf765233 3e9c1e88 3f580a48 be45fc32 3f0da7d4 bf11895b 395032b7 bf624005 3f43f5a4 bf30efb1 bec152d9 3f4ba5e4 3f0bf3d0 bf4c4804 3f663625 beabb656 3e92f669 3f5fbe30 bf64bc11 3f2b73f4 3f4927c6 bf0351db 3e67ad1d 3f06fa0a beb29b1c bf7103b9 3f6b05c9 bf01917f 3f43b3fe befdfed1 3eb5b303 bf730207 3e80cad2 bdc71766 3ee7cb32 3efd373a 3e757cd9 bf62ee58 3f651c68 be6ad52f 3e9f079c bf646a3b 3e5bdde9 3f6e0fa1 beaff226 3e03eb84 bdd0687d be78a3cb 3f6683af bf7a8803 3f34f3c9 bee772e7 3f45aa05 3ed256f7 beea7f2b 3e672bf7 3e09236c bf2c6208 3f2dcbf0 3d6c9287 3eb15740 3e9ef835 bf3dcdc2 3f6b6802 be1ec40c bc074fe2 bf049788 3ed4b6f1 bed7bee6 3f7bdd71 bf08d7d2 3f57dc00 bf4b7636 3e683484 bf4373ba 3f74a222 bf138da4 3f33cdc0 3f354fe9 be82ca7d 3f683e1a bf1ba38f 3f5523e9 bf298e55 beae5b34 be861235 3f649c5c 3c49c8fa be01f5da 3da5187f bf5119b0 3f59ce2a bf4d382d 3ea4a681 bf777e01 be709db7 be2c6484 bf26561f 3f4d142f bf5e5616 3eb3569a be843e0a 3f77f7c3 bf01a58c bf59dded 3f1307c2 bdeaaaa9 3d52f471 bf7191ea be3f35b2 3d9e5933 3ebcceb8 3f6097fc bf474827 bf0947b7 beb8ee92 3ebf3ee1 bf262a46 bc13bd8e 3dfd3a8e 3e3864be bd518a15 bf0265a0 bf6f8de2 3f7b6dac 3f1ac9fb 3e62dd55 3e993678 bf5e4e73 3f0763c2 3f68c01d bf6e8de5 3f6ea402 3d643575 3f30f5d8 bf2e61c2 3f78b631 be9b0a53 bf1781f2 3e1a941f 3f6e2e36 bcdeaf7e be9d2687 bf1517bc 3f478786 bf56e210 3f3ca7b0 bef3b389 3effc732 bf7d0da9 be1be513 bf07f5d0 3e1a84f7 bd1eaeb6 3f3159a6 3e946709 bdd458f4 be51f4f3 3ee516a2 bf5e23f3 3f7c1dc5 bf75d9ee 
3f300fb7 bf00759e bf3e680d 3ebe8219 3e8e826d bf452a14 3e3b8540 3f5b61bf be8e12f7 bf259793 bf05d1cf 3e589500 3ec12ee8 bdcff66c bf655c03 3f72281b be8e4255 bd9bb87f 3f1139aa beb9d1c9 be0a05b7 3f25cbbc 3e763528 bed5e2e2 3f637ffc beb2e692 3e8732ac bcfb1e38 bf3153b3 3e1dcbc7 bf2aca5e 3f42efb4 bf16d7c6 be9aaf08 3f6c3dc4 bf77b3b5 3f2eb7de bf0ae59a 3f4c2c18 bd349097 3ed563d5 bf5eb9d8 3f6b6f9a 3f495238 3ee4c300 bf7faef4 3f00774a be6d9f13 be86e295 3eab5f48 3d15ebcd be05ebe9 be4d14ab 3edccedb 3e2e2cb6 bf2761d8 3ee85304 bf7ea955 3f094fd3 bf40b7bc 3e601503 bc554ebb 3f373dc0 bf502208 3f6eee28 be4c0d0b 3eac7a5f 3e654e35 bf0c0dac 3f2a6fcd bf48ffe3 3e6acccc bf0551a3 3f68a21f bf3d8bb8 be0e2d0d bd439020 3f2ab1f3 3f44b5a5 be7ed503 3e0dec86 3ec6ca1d 3ddf7901 3ecbfac9 bf7b77a0 3eb23752 3d2b957d bf429803 3f40bdb4 3e40dd0f 3e18edac bf0401db 3f4c03de bf49123d 3f6d7a31 bee3fb2d bf4ae5e3 3f2257b9 bf5ee82d 3e37ebb2 3eecfb21 3f20d7c0 bf172780 3efe16d0 3eb2021f bf391db5 becfb6e3 3f3ed01b bf64d3ed 3e804af6 be5c2d71 bf47040c 3ebd5b0e be1d3cc9 bf17dda4 3d9dd98b 3d152f83 bef1730e bd7f8b5b 3f045d76 bcaedc21 bf4ca5dd 3f2eb990 bf4f1bf8 3f77819f bd816670 3eeff2e2 bf35f7d3 bebee272 3d5531e2 bf3e6c35 3f74aa2d bf21d5e4 3e2294d5 be904e78 3f7a4b9b beeb42fe bee7c337 bec8c7d0 3e8dba6c 3ea072b8 bd9d9a0a bf12af69 3f1e0fa6 bf2e8fe1 3f3e745a bf53b221 bf0057aa 3f4f51dc bf77ffdc 3f4cb43b bdc52a88 3e1fabfa bf6be1d9 be53fc7a 3eef0ee2 be78d488 be9e8b23 bbeb78d7 3e6a0caa 3e4fa4eb bde988e5 bda41928 be9476dc 3e6c1c12 bf0645e7 3dafd8bf 3f3cabc1 bbc48d4f be180c2e bedb5aea beebbb44 bf3f5017 bc01b20d bedc5b80 bd38d08d bee03a96 3f324610 3d9e6b87 3ec6d6a8 bf49ea0c bf0f2db5 3f1ab7cd 3ea2774c bf1c2600 3f34f9cc 3e4b2e15 3cf463d4 3eaff633 3f5cd5cd 3e89d1b7 be9f6a81 3e7a953c 3de9d673 3f287812 bf669c04 be3c75be 3ea83641 3f404c19 be04cb02 be2b7c35 3d1b4dff 3ed196e3 3f11a150 bf0d91a5 3e9bfec4 bf58de2f 3f3bb7d1 3f265793 3d451056 3e7b4526 be7b0ccc 3f54a1f7 bf4df40b bd95daa2 3df28873 3f2aa5ba 3f4739b4 bf50aa3a bf699ff3 bd3eb08d 3e80b624 3f3a461d bf44ba14 be22f5ee 3ef77f4a bf28fc11 bc9b9c7f be9c76a4 3d57ee2f bef0cab3 3dccc6cb 3f59a254 bf626fac bebdaee1 3d06718c bdcde7a5 3f7b9bde bf7f2b86 3f476806 bf2591f5 3f0921d2 bd4ab2b0 3f3aa7e8 bd4aee2e 3ed4a723 3f0d658a bf5305b4 3e9ad6d1 bf7049c4 3f7b15b5 bf185b9a bd045557 3f1c5ba8 bf5d21fe 3f6237d7 
bf616f93 3f326bf5 3f161979 be988f1b 3dbc3634 3eb6ca64 bea5cef6 be617d33 bee45224 3f78a7d1 3e4eec88 be85fa59 bc1eb57d be6b4dc4 3f5ec1c8 bf7f4f24 3f73f5de bf2625be bec7630d 3f3a5de7 bea51aaf 3c442cfb bf3fd00c 3f2775c7 bee2fb46 be04acd9 3d3154be bd872871 3ec88b07 3f59240d bf4e2bee 3f0371e3 be664dd6 3f00e169 3bba79b3 bf1dc3aa 3f74c1e5 bf35e9ef 3ecad6ac bf65f44e 3f3d378a be9d02ba bed12b44 bf60801f be9a121c 3f558182 bf096f8e be179c75 3f4d05db bf19c1c2 be4fd5b1 3f4bb1fd bf6885f3 3eca1ed6 bdbe6803 be9aab6a 3f1c3db6 3ceb1884 3f2b2d86 bf275dc3 3f08319c bf0b7f54 beb90ab1 3e7f2cf4 beab4b38 3c5ab84d bf39afdf 3f0d47c5 3e3ba501 be93ea97 3f32ef5a bed7daaf 3f24f797 bf7d23be 3eb30265 3e93befe 3e1b24e2 bef9c758 bf4f53e6 bdfdf819 3ea04646 bf654013 bc8a5dff bf11efad 3f7f895e bf07c19d bcf06708 3eebe6c9 beedbaac 3ec4764c be8372e9 bf04b571 3f31ac36 bf4e5be5 3f082e0c 3c1f3a2e 3f0b6d6b bf2bb9a1 3f36da08 3f07e7c5 bf5e25bd bf2971f4 3f296d9d be8c03b9 befacadb 3f6e2c87 bed19f59 3e723c8d be185595 3f47b61a bf1077e8 3f78185c bd2cee7b be4d951c 3e9ea344 3eec32c9 bed0df0a 3f2255ec 3c05d3d5 3e34de3b be961a74 3f1273bd bda9ba50 3e042cc2 bf0725bb bea03704 3e677499 3e3b9bc1 3f68a43d be897615 3e6b8576 3cd5ea18 beeb3f88 3ed22716 be95b26c bdb6aa5c bf0f9ded 3f750c4a 3e9576e7 be705ca3 bea68a75 3e7b4d29 be293d75 3ef6caad bd01b604 bf084dca 3f2fb1d4 3eab6305 bef3b76e 3ef11f2f be240c9f bf3391bc 3f0b1daf 3efa8b92 3f148d7c bf632fe7 3ebe2f10 3f2e7207 bf214614 bd36ae00 3e115d7d be0b8c34 3f050743 bf0cfdb1 3eba5a24 bd03f3b5 3eaf725a bf32b1d8 beacdaa1 3ebd1b19 3f18bc13 3f3027d8 3ebd7f77 3ec9daeb 3d29b4e9 3f0df7ae be259bfd bdca6bb6 bf2867d3 3ef6f6d5 bd719009 3f747d8e bf2bd5c8 be78cdce 3eda7a66 bee5a733 bf3f458e 3f222196 bf23eb7f bf3dd800 bf0a2bcd 3f53e5e7 becb2a63 bf1fc3f6 bde35b74 3ed5b2a5 3f0fd962 bf7bdd5e be8b56be 3e79bd83 bf041fb7 3f2559f8 be94d269 beeda366 3f2dd97f bf640c1d 3f508e23 bf343795 bf2261cf 3eb361ed bf34cf91 3f246803 bf75881e 3f70bc1c 3d98679a be4ff50f bf3e4bf8 becec71e 3f07c9c2 3f412400 3e7804d5 bf607232 bef1af60 3f77b3ea bf59779d 3f0a2feb bdb857e9 3e24ac78 3e1cdba2 be54b5ab 3f59fbdd bf743c17 3e926e47 3f3449fa bebb2f19 3f624a2e bf0c0184 bf0875c5 3f1bcbab be12b5e5 bcb9dca3 be9f4ba1 beb8aa95 bf128faf 3f0b538f bf79c999 3c94e0c8 3cee5e42 3edcfaa2 be1c5c15 be68c5fd 3e275e0a 3e3c4484 bedd0f6d 3f0bd1c0 bf0bcb9b 
3f124fb2 bf105181 be8cc5df bcd39d03 befe3f0e 3f2c6de5 bf2cf9df 3f6ee3d2 be975af5 bc17c118 becb83ae be15855c 3f315566 bf15d399 3ea2b6b7 be9636c4 be8a1eb1 3f232f8e bd812801 be6e649e bef2566d 3f7f1b63 bf1cb5cf 3f4229f8 bf7e05c1 3f6fd1aa bf0ae9b0 3f18777c bf43b7ca bf3421d8 3f6017fb bf0bc58f 3ee5cb81 bf22abd4 bee0ea58 3f799605 bf42882a be541c8e 3f01996a be667589 3ca218c0 3e554dbd 3ef9c399 3f45e40a be583d0f bda515e9 3e85863a 3e5fad66 bf6c0c74 3f7aebc2 bf1fef97 bc7eba5d 3f3e2c46 bedfcec8 be2304ea 3f401190 becec2ac bf4741f6 3e19dd00 bd11eada 3ec5abca 3e157c95 3eb4a2c3 3e928e5c bf03b9c3 3f5a9e22 3cad5815 be4213f7 bf7ddf7f 3f632819 bf7eafc2 3ecad289 bd8b1617 3e2554b6 3f42e60c bf761432 3e912f42 bd716e07 3f776c25 bdb568c9 3f0a43bf 3dba377c 3f261240 3e4ebcea bf0ab38d 3e967256 3e423c5b be4c653f 3d9cc7da bf5a2de0 3f274c10 3f09f392 bebe3703 3ec636eb bec1d2c3 bee43b11 3e5c94ed 3eea4ac2 bf2fb39d bf447c0b 3f63b44c 3f39efce bf0e13d0 bdb7b84d 3f0ad3ba bf23fbb5 3e877690 3e6b3d1a bee90998 be932a91 3e3c6cfe bed837ae bede7b0e 3f4503de bf7721c0 3eea5f85 bf4853f5 3f0ef16e bf752c7f 3dfdb8b4 be731f07 3dc81bc9 bf042bf2 3e407560 3f24efcf beb80afc 3e855aec bf332c3f be98069e bf0a0f98 3f1f9dd8 be899e28 3e3d7c63 3f1581d0 bf4a3c49 3f46b3f4 3ecfe71b bf266ddb bee28ace 3ef1b772 becc7353 3eba3370 3e6d9e84 bf5b4630 3ea6ee47 3d8cb9ab 3dc1089b bf5b49ef 3f55f1de bee9a368 bd5af03c 3f446c16 bef5e3bb bf1ef413 be8d4a98 3f176d80 be1e8d39 bf4a6a4f 3f32ac69 3e5764eb bf04577e bd788ee6 be7f9cf1 3f6613bb bf65787b 3f45204c bf7009b8 3f4fafdd 3e8bfa7a beacf71b bf3249e7 bf37b402 beb9330d 3c9364f5 bf4c8243 3ec06312 bf0793bf 3ecb6266 3eed5709 bed156f9 be717d65 3e1d9356 bf3a41cd 3f7d318f be956f17 3d0d4ef6 3f79ede0 bf7c93d9 3f5583cd 3ef65b3b 3f1dc410 bf6243c3 3ebe0aed 3f55f7ea 3c8065fc bed91244 be3acc24 3f6955dc 3e73859c bf14779a 3f744e04 bf6b73cb 3e70c4d2 bee892f2 3eba921e 3e97131c bd843839 3ebc1239 3ef0cf5a be9bbea2 3e468500 3e9ce694 be61acde bcb164be bf3bb226 3f7beda4 be2fc3ee 3f6219c6 bf770247 3de52a8c bed4e706 3f4b65e4 3f203ddb bf5ae1b1 3f66abe9 bf2909a0 3ede7e25 bf27358c 3f5641f6 bf39c803 3e8a6e6e 3eac0689 bf592817 bd2454e8 3d7d0f6d bf4f25d4 3f26a3ac 3e051b28 bd804821 bf2dcd2f 3f4fc5f8 3e374cb4 3f0c1603 3e13ed90 be898e6d 3f474be0 bd8c971a 3e6b44e4 bf1b6dc6 3f7cd5b6 bf63938f 3f65bbc6 bf3d8d9b 3ef2d2d8 bedea369 3ef8928e 
bf47923d 3f3b7c10 bea01f3e 3f237367 3e4135bc bf2a100b 3f30c3d3 bf7af5cd 3f419ffb bf716c50 3f553208 3e098470 bf4047d5 3ef4d36d bef5aefa 3f6a5c2d bf0d5bf2 3e0c44b9 beee772d 3f724ffa bd2cd2c7 bf232fef 3ec57210 beab2a72 3ebebf58 3eb63393 bf5827ed 3e2f241e 3f3607ca be07c3c0 3ea63640 bf33cfdf 3e9ddada 3dad1860 3f769bea bf62c65c 3e2bb504 3f6ea5da bf2a9fff 3f0e4ffb beae7247 bedc6784 bdcf394d bf7e930d 3f5f8864 bf19a61c be9def35 3f0123b7 3d454b91 bed05a7c 3f57ef84 bf31e1c4 bea1a283 3e8dfa56 3e74f5d9 bf6c73a5 3ed89278 3f0c958e 3dcdb9dc bda39bbe bf1941fb bd378f9b bf3a3bd9 3edd6ee0 bee84f76 bb0cec43 bf181bf7 3f66b5d8 3f5441b7 bf1ac1f3 3e9ddf20 3ee0729d bf4f1f97 3e67f567 bf20f7e3 3e3fccfc 3f0efd61 bf2cf815 3ea70ea4 bf7ba414 bee076c2 3c87a92a bf4d1e14 3eddd6af bf46663f 3f62b817 bf436c21 3b2125bd 3f40edf2 3e348dd8 3c394347 bf5bd61b bede02f0 3f4e3df7 becb9b20 3f6f9a44 bf7573c0 bd9b4a71 3f4d61df 3eafb61c beb582ea bf640669 3e93cb4f 3f147d91 bf646fcc 3f747fe8 bf51e844 bdcc4af9 3f0dea08 3ea81288 bf04516e 3f7237cd bf72e40a 3f7675e8 bf2275db 3f7bc9aa bf0b516e 3f1f89f2 bc16cc97 3f2a804e be079c85 3e54f558 3eed8751 bf4487d9 3f2cddb5 bf48881c 3f71301b be4bbcdc 3f34aa37 3f044589 bf43e1ea 3e048cf2 beddc6d3 bc203f43 3d9bd696 be58ed0f bf7f50ef 3f6e8fe2 bef61647 3f22fd9e be61bd1e 3e3a5c6f bf454e4e 3f5d0614 bd81ba14 bc6c3fe6 be948650 3f269bea bf401c09 3ead7ecc bb453d05 bdaa17b2 be8816ba 3f5ea232 3e88a212 bf6657fe 3f455c0e bd61b32e bdd09873 be9f5a3e 3ed5d701 3f49e5f7 bf3b6200 be9ceeb2 3eb6fabb bed64afc 3f56c9b9 bf7e8f33 3f08ba07 bead068c 3f69ca3e 3f32fbfe 3d562a73 3deab897 3f639645 bf620610 3f7749be bec0172b bf1fa59f 3f29cb89 be459588 bd9c7859 3f572432 bf6817e7 bd48940d 3e817683 bf3aa9cd 3f3e59db bec90b06 bf2eb5e0 bcf256ca 3e63fbff bd8ab8a0 bf499000 be8c0771 3f4e6dff bf41abea be1c0c60 bf1c0bda 3f37f3ca bf0949de 3e27e641 3f0bc006 3f3a8d8c bf396404 be637bc5 3d97895b bf2b59b9 3d4a1745 3e82ea2b bd45f313 beea56f9 3e34b3bc 3e9c52a4 3ea4765d bf78939f 3f29c757 bf7c43c2 3f709201 bf246034 3e8f91d4 bf0db5b3 bec706e0 bd688f2e 3e889a9b bee3ffac 3eac5a99 3e0b7599 bf2467e4 3f04cd9e bf429be4 3ebd82d9 3f7be9d3 bf1a757a 3f6c2a0c bebb0700 3eda6761 bf7541b3 3f7e2dae be1de5aa be128cf7 bf6e4811 beab638a 3f1bd014 bf75c05c 3ee90b27 bf59fbde 3f1baf74 becd43c8 bf0c35e3 3f5c9230 bf4cbe1a 3d0f7141 3f258790 bf24e38c 3ec94e3a 
bf58fc10 3f7cf789 bf65e7bb 3dce8b9e bd412d0c be9a16dd 3f67d246 bf54ac3f 3f4cb05c be19ec7b 3e0d84b3 bf39e029 3f6723f9 bdbfc953 be1a453a bd89b76d bec41e8c 3f3c2c07 be9a22ae bf66abb0 3ec6b6db be711e1a 3f5c61d2 bf738012 3eab1e0e bf40e209 3f7a67bd 3b2b6c77 bf6ee20b 3f2bfde6 bf0dcdf4 3f0f9199 3e5c44fb bf05b1b6 bf0c971f 3e1e6c84 3eb71b93 bf4d6215 be8ea7ad 3e069cf8 3e020b52 3f2d379f be3e6b3c 3f657a28 bf72380e 3f353033 3ee97bc9 bf791f7a 3f1a05c8 bf0ef38e 3d04ae07 3e7df627 3f4c0db7 bf7835d4 3f67d9f3 be9ab6dd 3ec4429b be9572de bf25f9be 3f201fd1 bd054bd1 3f64ae0e bdd8c8c9 3eba9724 be8b7279 3f6959dc bedff6d3 bf1771d7 bf6bfa2d 3e7fd5f5 3ef267ca bf691c47 3f555fe9 3ebeaf4e be85aadb 3ed2db26 be860ea8 beac33ba 3e82729e 3f21014c 3f47bbe9 3e9812ad bdeb1ab8 3e1185df 3f640bf7 bf7fad45 3eec92ce 3e268682 bf25d9ce bf1ae000 3ede46bb 3f01c16a 3f6421c1 bf51f1e0 be2fac27 3ceea256 3f259fe4 be66cb5c be9b6662 bf4a03e2 3f662034 3ca52a46 3f126212 bf65d006 3f3349cf bf45d854 3f71b3bc 3e67d5f9 bf4aaa09 be2ad4bb 3e847692 be38ed93 3f177189 bf3a55bd 3e823268 bf4c95c8 3f27539f bf37a7d0 bde0071c be58fcf0 be2d5c2a bf1839b2 3eabce7f 3e32bd0d bf4a4bd6 3f2271a5 bf380a07 be8782ba be23948e bf4ec7cc 3f504c22 3e774562 3eedfa95 bf1cc21b 3f37f580 bdc788b7 3f74d826 bea5e2da 3f1009db bf6653fe 3e093e02 3ad5d904 3e910add 3e3d5504 bf5c7dea 3f139178 bf1513ca 3f5bf7fb bef6eea4 3f45e9fe bf7027d8 3e9e664e 3e4a4397 bf036161 bebf8edf 3f52b010 bf1c8776 3de3e939 3cd05f83 3e2e8495 bf3439bc be2f5570 3dab9aa3 3f6b5c26 beb686f6 bd8f9a19 be84db33 3f114df9 bf0433b2 3d0b52b5 be9b7af5 bf66103a 3f00d186 bf7b5f50 3eb2426a bd92d819 be6e461f be912675 3f49a039 be9f6317 bc8ee668 3e06f4df bf0fba31 3ee9b39f 3ee1831e bf42c800 3f73658a bf75f3b3 3e9ebeaa 3ebb0b15 bda0a8d3 3d5fb112 3d22ccba 3f2c5be2 3de0fba8 bef262ce 3f6ed3fb be7d6d9b 3f5e2a35 bf3159c7 3dd82760 3e8de6d0 bf5cd5e2 bf6a2bed 3f2c4fba 3e888efa be8aca6b 3f7e177e bef66781 be6754e5 3deb2c2d 3def1841 3ef96ada bf4bd20f 3b355e38 3f6bb1e9 bf6f2c0a 3f2f07d3 be3c5b81 3ec0a30f 3e4085a6 3ed7db77 3e43e61e bde2b939 3ee82f74 bf3e87a4 3f576dae bf2977bd 3e8b166d 3f1b0dc0 bb254984 beacb767 bf1297b5 be9e96ae 3e2a5553 bf3a37e9 3f2aa7a2 bcb99e83 bf1b19b3 3dcd378e 3e3a9519 3f753be1 3e1043bc bed2329e 3f212dab 3e2c13b4 bc901f22 3dbf193b 3dfbbbee 3f3c3389 bf7f816f 3f49eff4 3e044c46 bf0d57f6 3d51f376 3f04e9cf 
3f1585a2 bf7719e0 3f7c99ba befa7bab 3e4c5bde 3dcf2a8a bf068b99 3e3df4c3 bc6647a5 bf092dab 3eeeb2cd 3e24b515 bf6cdc32 3f41f1fd bf6bb601 3f510dc4 3a9dc8a0 bf148987 3efd1b12 3f23d005 3e638643 be33dc15 bf30941e 3f3785d2 3efc57dd bee87681 3dc036f7 bf121bba 3f340587 beb6d299 bd972972 3d6eaece bf1625dc 3f183752 3e8cd62f 3ed3c318 bf3541f0 3f4afe6c 3eda233b bd282f1e beb7ee67 bf2a7207 3f0d3b96 bf7d0575 3f7777fb bf1b9592 bee0ab3d 3f3879a1 be883373 3f4cb5ed bf2a3f2e be033cad bee8f78b 3e93feeb bf0d258e 3e8c8e86 be784d9f bee6fe6e 3f77a441 becc562e beebcf6d 3d536a72 bf6f85c6 3e8fba4e bdba39f8 bf69d813 3f4f4a1a 3f23a388 3f40b5fd 3cb35f11 bf69d5e7 3f5fdc24 bf0feb70 bf4a81e8 3f546a27 bf4d2029 3eacdf10 3f1f7fb9 beb92e9c beef9ff4 bf634e23 bf19b96c 3f6e7008 bf729c4f be73bcfe 3e437319 3f39142f bf53ea3d 3f27d805 3f75161e bf6adde2 beb676cf bf0395b1 3d3e50aa 3f3929f0 bf4a2fa2 bd9858bf 3db72b9a 3e0fd3ef 3f73d1f1 bf7da972 3b48f2c3 bea53e26 bcef1dc9 3ef88358 3c4ccb3a bf498c0e be223517 3f047592 3f2327ad bf0be1e5 bef8bf12 3e3fd3af be1f84d2 3f3ac7bd 3dd5075f beac6ef0 3eef82d3 3e962ef9 be6d372b 3eab5abf 3f51fe0e bf768ddd 3f4c8e16 3c93a3de 3ebd1684 bd61f1b1 3f71dfe5 be707598 3f4d5220 bf4b3fd2 bf1669b0 3dea468d 3bb7ae85 bdf57934 bf45c433 bcfc9e58 bf7b27e5 3e1ed47e 3dd8d821 3f5c6615 bf6dcff9 3f2a5ba9 bf546ff4 3ef092fd 3ece3b58 bdcef983 bf13a97d bdfa6851 be97070a 3f501a39 bba3714d bef8e417 3f426590 beeff34d 3ec5b2a7 bf3afbf8 3f587e42 bf21a7fa 3f16b1de 3e4f759b 3e442536 bdb92957 bf5e644e 3d0b0da8 3edf0300 3de6968f bf02ff76 3edf626e 3eab9a32 3e16cc29 be02147f 3ed75f48 3f2275cb bf70f3fe 3f6aa9d4 bf160fc5 3f5b1bdf bf2fc79d beff1ec6 3f6973cc bf726225 3f6049e8 bf14c1dc 3d8a6a44 3eb95ab4 bf122598 3f575ff2 be94deaf 3f07fd8a bf3fa7c9 3f433be0 bf73e1c7 3e17c49e beac72af 3e8ec734 bf4f67fb 3eab9edf bf39d031 3ce45d2b 3f2ca5e8 bf2f342d 3f7c558f 3f780636 bf2ec785 3ee16684 bf0033e4 be65ad0b 3dbf2b08 3ebdba63 be1bb6b3 3e1273d6 bf7bc7f1 3f53680b 3e0dc4a8 bf58ade6 3f607450 be62f4ed bf4e1dfd 3eaf96b3 bf278985 bf61840d 3f568628 bebd76cd be9f167d 3f5a8808 bf75783a 3f255569 be4dcdf5 bedbfb3b beeff78a 3f705bf8 bd535228 3f4959b5 be57d574 3eb86b1f be359c7b be967704 3f5d33d6 bd839959 bf3f3e0f 3e0fa557 bf666665 3f20878d bf2f4fc3 bd8e57a8 bdb82624 bb4aef41 be5f5495 beca4ecb 3ed9a392 bddbba66 bf2d3fff 3f5fc43c bebaaad5 3d9a5890 
bdada96b 3ead6b05 beb73eb9 3d92a732 3ee74b51 bf0ce1b5 3f6d3e31 bf1aabb4 3f0b7fee be868f68 bdd7e8dd 3dce199c 3f3459b0 bf26a7d9 3f42d408 be6765ca bef232e6 3f1689d7 bed85edb bef42374 bf6fe833 3f4391b6 3e56dd43 bee00b27 bee98eed 3dd4595a 3f30e1ae bf15e7a8 3f511a2a bf164d93 3f0eb370 3d4dd3d7 be2d3aaf 3ec2eb32 bf6755f3 3e4524dc be0abd2f bd6e1100 bee0bf05 be655d6a 3f186fd6 3eb1bf40 beaa86e7 3ecf823c be7ff5a9 be4a6c1b 3f5f15f3 bf0af590 be830eae bf26f1f8 3f79d5d1 3e76a5e0 bdbca9c3 3f4f141b bee0ff08 3e92622e 3c946e3d 3f47b00c bf752648 3f0fa1bb be37b4bb 3e86d6bb 3f1b059f 3ed8234a beb3e371 3f6f5c0d bf58cc3b bf421200 bf382398 3e578e97 3f47ffbf bf259bbf 3f7775b1 bed60ac4 3f03cb3c be9196c5 be085c33 be6efda2 beb0a709 3f729dff 3f0d05d9 3f0103fb bf12f1ac 3f2297b5 3e89573e be4bdbda bf5a4dd2 3f3f53d8 bf28ed90 bf19dbcb 3f1327bd 3f712649 bf21079d 3f7b7bf1 bf2e216c 3f5c47e4 bf31a5c1 3f71919c bf6fce10 beddf2c4 3f13ed4b 3eb165da 3de67a43 3eef173b bf68f9e3 3e2304af 3f2e5ded 3eb16eb1 bf66e282 be80e6cd 3ed9bf66 3f435828 bac93e4f beb8e70c be5fbe51 beafe67e 3e5dad70 3dbd288d bf455018 3f63220f bf46bc6e bd587891 3e446dab bf3425fe 3e85926c bf5373e7 bc605488 bf0ca9bc bf2517c3 3ebe5ab2 3db12a6a 3f7fd974 bf352b91 3f23f582 be651c53 3f63f022 3e486ce2 3f6b83d1 3eaaeeb2 be8b8abe bf3e9646 3f505fd4 bf5c2433 3f645be0 bc02bf48 bf3517ab 3de74600 3ee2f6a8 3f395612 bea93f6d bed25b0b bea61e5f 3ee346ae be759cb8 be3f5bbe 3f1b11b8 bee4c342 3f0b7bf1 bf437da1 3dfa29e9 be84f2cf be75935e 3f044d94 3ea5fb17 3ed41748 bf04d177 bee25327 3f6f1ff4 bf0453cb bf3cbbd5 3eac46d7 3f00355d bf4ecbd6 be6a452c 3f441df6 bf2815dc 3e617545 be9a3aac 3d53ecc3 3f66cfd1 bf6945bf 3f6df7fd bf032dba 3e359577 bf187e02 3f2a6203 bf2945e4 3e317c08 bf00f18e bedb7e22 3e9cd716 be50de3b 3eda5ece 3e39f591 bd61326a 3d2c71a8 3f122daf bf1a47ab 3f7cbb93 3e489481 bf3f79f6 3efa16cb bf5f29ef bf2e67f2 3e84fefb bf51d627 3f7491fd bebbaa9b bc70d598 3e890ef2 bf424063 3f3f7e30 3e61bd87 3e829af0 bf7f672d 3f74185e bf71fbe3 3f1cabc5 3f086595 be8b4a42 3f613c14 3f4469f1 bf27640c bed8ee7c 3f408ddf bf659bd3 3f487dbd bf09e36b 3e9e06b2 be72ccae 3f68c7f7 bf61a7cf bd41b2cb bf335a06 3e5f1c38 bec171e8 3e75b630 3d550e76 bf365ddb 3e617ce9 3ee24ed8 bea7c685 3f741a07 bef10b17 3f712e3b bf22f20c 3f2cfb9e 3d17cc9d bee8d660 3f700027 bf4e31a1 3effdf3c bc9de23a be1c4bc0 3d6acc28 bed72b2c 
3d10b53b be8dba56 3ede33f1 bec67f51 be5805fe 3be77b9c bf19d183 3f109378 bf3289f0 3f76bc39 bec142c7 bc8f1f55 bf3207ba 3e901e74 3d378f3b bf497a5a 3f4437b5 bcbc1d1f beaf0b48 3f621243 3f70163d bf204d86 3d28cf36 bca7e81c 3ef0d744 3e1bcc5f bf7209ec 3f063383 bf1cca20 be3735b6 3eb8dedd bf5a001e 3f772dac bf5f85e8 3f67841a beb0cabf 3efdff71 be285dc9 be1a13a2 3f3fddc6 bf7d339c 3f1001b6 bf4b81d4 3f5811f3 bf074db2 3f022d7c bf2a2014 bd86a5f5 3f62cc1b 3e885a32 bf7afdb4 be9c8728 bcc6da24 bf5987ef 3edd8705 bc91245f bf5675f9 3ef7a771 bf407c27 3f3d77e2 bebf12ac 3ecd234d bf7c87e9 bf0a83de 3e2c6476 be9beec9 3eed8359 3f47c024 3f6a25de bf709e06 3e73c488 bf5deff2 3e6b95b9 bb58f003 beff6ecb 3f1bb188 3e2614c6 3d1ab2f2 3f0a8803 bf7e2f5b be9e8630 bd6488a2 bf220ba4 3ee9ff0b bf2bfc05 3f33f80d 3e0fc4bb bdf44ba4 3f34c403 bd41d6fc bea7c24e bf46142f 3f3517de bf4511e7 bf365200 3f2987ae be490507 be9ce762 3e72e554 3f73a1c1 bf1cd9b0 bf1d6da7 3d707354 bf3509d7 3f7b95d9 3c88a656 bf68980e 3ddf5b3c 3f3327c3 3e15fbc7 bf20238e bed84f66 bf19e5be 3f7d85c4 be341be5 3e0e0557 3eaebe94 bf496fac 3f66162f bf4e3fbd 3e917a75 be088475 3edddfaf 3ece3302 be8df384 3f60fc41 3e8762e5 3ec8e739 3f7e6b9e bf632403 3d9c59f2 bf369db7 3ef73efb beba8f1f bedb3b13 bde0fcde bf53682e bf1ae9bd bf215dee bc2438cb 3f56f437 bf30fd76 3f7943de bf6fb014 3d5f8ff5 3d80ca75 3f033db6 bf2659b1 bf21a3d5 3ea0c6b3 3dfcfa58 3f5acbc7 bf70c5af 3f1835a0 be1b064a be93be91 be1bcd0f 3ed2d2b1 be8d1346 3f74d422 bf5601d9 3f3b53df bf5f3808 bd50d25d bf290425 3f59cfe0 bafe5211 bf229f88 3e92b6db 3f7387e7 bf409a10 bea7a1c6 3f3367c8 bebfe307 3ec09b27 bf31840a 3f62fde0 bf1bbfa2 3edccb04 bf0acfc5 3c6ad8e8 beb5a2f0 bdf5b93e 3f400f9d 3e7075a1 bf330fc7 3f4261ea bd3e54f0 3e59c581 3f3efa15 3e1a8c6c bedd7f02 3e7d9d49 bf1bbdec 3eea231f bf0283b6 3ec02b02 bc6eba27 bf1111ca bf187fbd 3eb6f6ff 3e8d5e61 3e8de2e9 3f1bb7bf 3e0acc52 3f468dce bf65c3e0 3f5c8c26 bf085fab bc9f63aa 3ef8bba8 bf2c29c6 be101587 bef8bb32 3f549435 3dae5bb6 be212ccb bead467a be9f22e3 3db62799 bf56be25 bf3cfde9 3f3201ac 3eb9d356 3e10b373 be5ddd35 be0c9be7 3f1495f9 bf0a9fba 3f4b35c6 bf5b9be4 3eb4ae81 3e84d6a7 3f3a29ec bf2d63ec 3f6609cb bf4035dc 3f33c811 bd8656f4 bc93e4d4 3c88e58d 3da9f97b bf192db3 3ba182db bf5bfe0b 3f642df3 bf4d45ea be3cc52c 3f21af95 bec71367 be2f8d4a 3f314fee bf6efa2a 3f70add8 bf2585d3 3f421652 
bf5b220d 3f1c91e3 bf1c5806 3f13f746 bd1a90e7 3f3a21ac bdaa354a 3e60b5a3 bef6b365 be6144cd be0cb379 3e1e5423 3f757c69 bee81702 be3133df 3f7183d5 beda4284 bef81314 3f14cfad bf4611ec bf6811fa 3e045b32 bcb5e157 3efc7f67 bf4017ed 3dd72b4b 3f11afe7 3dfe9604 3d88d8e2 3f311612 bf2721c4 3f34da25 bf61460c 3f635c36 bf6927f3 3f069568 bef1cb1a bcd1a695 3f5a4e0c bf704fca 3f4f8820 bf31699c 3f5dd659 bf3347ce be66c4ae 3efce2a2 be2ccd84 3ef5b6e9 bf443852 be939aeb 3f50740b 3f26eb98 3da6c939 3f3a87cd bf254807 3f75ae4a bef9cb03 3f484060 be433455 3e3bbc49 bf16136b 3d841986 3f2e0a05 3f3f7a12 3e353d00 bed0039b bd014d69 bf7e474a bdf978dd bde27a23 3f6a9bf6 3e8d23b7 bc51bd88 be0c0db5 3f0319ac bf748382 3e4ccc50 befbaebb be117529 3f5a8be2 bedf1f3b 3f12f9d0 3f56d233 bf3181eb 3eb492fb bf4b5201 3f20f178 bf3a79e0 bec5eb4c 3d754ecc 3f763826 beefeb75 bd16302b 3f3d1391 3f08d5f1 be3e1c65 bedda2af 3ef4e33c bdab8bf1 bf5bec1a 3e6f93f4 3f3ea9f9 3e869291 3e90d6af beeedae0 bed3a2f5 3f72a20e bea2529a bf5a65cf 3efa4fdd 3ea5ee91 3ececab2 3f0bb9be bf4521dc 3a95d398 3e3fbd4a becbab7e 3f16820d be24ad03 3d682a5f 3f60ffc4 bf177762 3cc51dbc bf475610 3f0655c5 bf45b3b3 bf116375 bec226d0 bf7677be 3f66cbb9 be57eb90 3f421000 bf5065ad 3f565c82 3e55dd1a 3e5cdca9 3eeaa35e 3f6a63d2 3ef33310 3f0b5199 bf7ce9a4 3ef1cf5d bf4b1783 3f145ba7 3e23bd2c 3e434c86 bebf925f 3e4f2ced 3f03cf96 3c8be774 be43ebc8 bf3d81e7 3f3473dc be89272f bea872db 3f5d5d9b bf081f85 3eb27f09 bf5ebc1a 3f387fbb bf3cfc18 3f62b3c3 be7955c5 3f416a1f 3e39b572 bf3f5fb6 3ea8e3c2 3f223f64 bf6a7c3d 3eb1b31d becf82b8 3f799ffc bf4e8ff1 3f301bd6 bf558fd5 3f6423cf bee79adf bdb7983d 3e9de2c3 becd2eeb 3f305df8 3f2e1783 bf3947e3 be99b30b bf15ef7f 3f7ef3a5 bf63fbf6 3d19ef19 3b52e7d6 bf53ba4a becd8e42 3e761e70 3e1f52f8 bd7db684 3e7724af bc4256b1 bf349de7 3edf4aee 3dcf86cc 3f699037 3e1d23af bf67b1dc 3e291ca5 bed7567b bf3743c9 3e269c61 befa5400 3e0dcb99 be193448 3ec7bb58 be8bae54 3eefc399 3ea63a37 3daf7af4 bea15a76 bf32be04 3f0a5db2 3f4583f4 bf3125d4 3f583a35 3d569793 3f7ee9a6 bf422216 be72960c bf553de1 3f58c9f4 3d5f4a94 bf7a0e1b 3ef7c64c bf04dfee bd98895f 3f36e7a8 bf75ce13 3e4665fb be49d56a 3e96f33f bee83fc9 be336c0c 3e85232a be365cd3 be6a35bc 3db8fa18 3e5a9c78 3f05233c 3ef54f2c bf5431d8 3f7efd31 bec3baea 3e6b7d50 bf21f807 3f184dda bf577be0 3f62145f bf6cb5ea 3eb0a2eb 3c7ec060 
3f6dc001 bd6baa64 bdc8791b 3e56c58a bf299ded beab0772 bf01eb9f 3e658c36 3f5c81fb be9322ce 3f49f3ff bf1ca559 bf4cc1b5 3f13b386 bd43d1c2 bf206f7a 3e0673f0 3e6af406 3cf09e6f 3e78265a 3f545fdf 3eec1267 bec67a78 be84ae8a 3ec72671 3e57ab6c bf761a40 3ea7260f bf4f69cc 3eb5a63d bf0313af 3f51ffb8 bede5b20 be0a8d79 3f550628 bf6a961e 3f2a8203 be59ec9e bf6db803 3f4a0e14 bf4711f3 3f77d59e bf72fbb2 3f301998 3ea58296 be98aaa8 bf029b7c 3f1425c7 bf178794 3f7ffcff bf64d9ea bf35c00f bf2ea7ef 3f1903d2 bf7e858b 3e8deaf6 bed9933b 3e29e46f bf56901f 3f586ff9 be8fc6d2 3ec81244 bf245205 bf5ec9ea be222d24 3e43fddc 3f4cec29 be9d2a93 3f7b59a6 bf0fb5ac bec98bd8 bf7a03e2 3f5d581a bf38b9bc 3f0447e6 3d9709eb 3f125bf2 bc881909 3eb37e24 bf3a73ad 3f514bf0 bf7dc752 bf2e05d7 3f09a5a3 3e589cf4 3ee673b6 bf2acdc8 3f26938a 3f670620 bf592e18 bf21fbb2 3f75fc20 bf023399 bea4130b bec48ff1 bec0a72f 3f7b8649 bf0e6a05 3e396dc9 3e687db6 3ebfdba6 bf12a969 bf62d3c6 3ec64f92 be8eee9e 3f6b5404 bf737381 3f0c4398 3f3ec608 bf1fbdf2 bf050ba0 bd8ed7cb be2d54ca bde0eb3d 3f2df99b bf52241a 3f380d7b bf6d1616 3f03f7fe bf7093fc bd9498e2 becf5b8f 3f4fc3ca bda9087a 3e803ee5 3d476fd3 3f5c9a26 3f1e83ff 3ea442b7 3e3e846d bf461833 3eb7b6f6 bd8cbb12 be82f6b6 bf535813 3ec7d68c bee01f73 bf5e5806 bf20e79b bf2339ae 3f58597f be24db12 3f07efc2 be6c8cc5 be8892e5 be872399 be0d950b 3f0dd3fd bf394625 3e3f6537 be723de9 3f61fa12 bf6e63c0 3f734c42 bf3763cb 3f2843c6 bf6b41cf 3f56d41d 3e22144b bf230d53 3ea252a1 be35b54a bf637bef 3e8daa7e bf117b53 3f3bffdf bf051960 bf02035a 3f767e09 bf5edffd 3f568df3 bf3ac5e0 bd4db33d 3e028bfd 3e8c1698 bf22ba25 3eac72bf 3bfa5c2a bb8c6807 3e7505ef bf3455a1 bf563fc4 3f76c829 3f1ff030 be69a685 bd229481 3c73b84d 3eb04346 be6aadf2 3f3305cc 3efba833 3e849281 bf1317b1 3ec2c73b bf1deb9f 3f232dc1 3e90e22b 3dfa19c7 bf0601a3 befb7f43 bf327d69 3f65afce bc9ce0bb 3e3e7cac 3f056763 3cd8a788 3eff8b43 bdfe6acc 3e60059d becda2cc 3e25ccbd bf4b3812 3dfb3851 3d3fd4db 3e0274f5 3f156b95 bf0e6f86 bf1dd9c2 3f02d7af bef51f50 be938b3f bea25ecc 3c9ba536 3f4931fd 3f22d1e4 bf7ae39c 3ed4468e 3ec48b44 3f23781a bee84358 3f593ddc bf49441d 3ea53ed7 3e8ef271 beec12b9 3b374181 3ebebad3 3ece2b75 bf21ac04 3ebf726e 3e793449 bdc01682 be0b539a bf25a191 bd4b2e4f 3eb20b52 bf2d61f8 3f04d348 bf337ddd 3f4c73b2 3ed0fe5b befd0bae 3e975730 3eb866f7 bd1cf11d bebf9b17 
beafd70d be90469a bda0389d 3e208d34 3dd6f976 3f5c29ce 3f23e762 bf6d3808 beaa3311 be8b4e4d bee9e3cc 3ee39700 3f4f8bf0 bf7ff515 3f41bdde be47cc37 3eda9750 be1cfc36 be325d2d beb886bc bf06d35a beac0678 3c0bb53c 3efe671c bf0c5616 bce71ce8 3f7565c5 bebb7a94 3f372feb be360cf0 bd3fedc6 bf139590 3f1bef66 be958293 bf18efab 3f6329ca bf11f1bb 3f141f88 3edb12ae be313c3d 3f05898f bf5215a0 3ed9429f bdd36a43 bf32a1c5 3ea60650 3f1eb3f0 bf15f412 3f48f812 bf6f460b 3f3b4615 3f413c37 3f2d6bd0 bf14a982 3f4df422 3eb13f41 becbbf1b 3f0e273f 3e47ad30 bf26bfce 3f2103bc beee2a8a 3f0977b2 3f1873ca 3f1febfd bf2f79a2 be564c0b bd1b9078 becaaaf4 3e24c42b 3f3cafc7 3ec4e6ca 3d65b294 bf112bd0 3f2c69af bf6b3bb7 bd38b3fb be6ca466 be125c18 3ce41f60 be896aee 3f467e6d 3ede2723 be2915bd bf2c37f7 be299553 3f27d1ac bf5b760b bf0c61a4 3f2fafad 3ef447d2 bf7b3591 3f321189 beec82e2 3f6fc19c bd4611d1 bf148dd1 3d9fe8a1 be08ad0c 3edefaf5 bf7b0fd6 3f38b7b4 3e91a653 3f3bce0c bf6ac802 3ecc4ae2 bef7fb04 3e3b2450 bf788be9 3f0ed609 3f7b29cc bf0cf7d3 3dd886d5 3ea09ee4 be288403 bd81c74e 3eeaa763 be1cbccf 3f1f4230 3e0ca4d7 3f3da198 3d9a98e6 beef26c8 3c32b369 be0acc97 be496dcc beffdb79 bf0defb0 bf528c0c 3ec75775 beb836d3 3f1db1b6 bf3a97d0 3f7327e1 3f1eb629 bf46019e 3eca935c 3f2bbe02 3f6b860f 3eaef22d bee65ec3 be5604d3 be74de2e 3dda7863 bde6491e 3f54e1fd be97131a 3df936de bee59f3d 3f71064f bf7f072f 3f6c1421 bf43e418 3e45ab6c bd2f8f70 bf17854e 3f69e3f9 bf556ff5 be0f1d3c 3f6be86b be981a74 3e31ac82 3f5813f1 3c383ef2 be8c8ee9 3ee7cf30 bebceedf 3f7595e0 bf64a220 3f6a4c27 bf7cd77d 3efe0ad5 3f20ff8a bf5347b4 3f0639d0 3d9cb7ca be79b627 3e96ff7e bf3c863c 3f304fbe 3d199081 3f77ac2b bf639816 bf71b1c4 3f6ba81a bf33e1b4 3f03d7b9 bcdba232 bec2ffcb 3e2d049e bf4d8427 bf37a592 3f773023 bf07db90 3f26ed99 bf45cdb3 bda3e650 bf029de2 3f4c9dff 3d54b14d 3f6a55b5 bf0089d4 be46ee09 be155cae 3e48740b bf63b46a 3ed2bbc0 bf20c1be 3f04c123 bf221397 3f5779e3 3ebb16b9 3c8f1eca bf39edfe 3ef1b388 bf200f90 3f670ffb bec3af6f 3f303b7e bf373827 3f5b83eb be1b24a8 3c96df8b bf0d836e bf0d97d8 3f59dc22 bef47318 bf3519f6 3d534f43 bf514987 3f07039b bf13c3b7 3f590007 bf47a7d0 3f7deb47 bddd3a43 bf1f9fe1 3e56d634 bea2bee9 3f17f98f bf3e3bde 3e3a2ce8 3ece770e 3e5b939c be787486 3eee76bb bed95e77 3edd1718 3ebf52fc bf564c34 bf36efd7 3f1c7f55 be8382b7 bf608be5 3f59a641 bed3ae96 
be90c60b 3f45ec15 beb09f00 3f13bfba bf38f5d9 bf0039b3 bf45d225 3f6cf5a4 3f396e45 be4ab4b0 3f62c5df bf636035 bb330f3f 3f0835bb bedbdf22 bd83199d bdab7887 bec35233 3eeaaac7 3ecfaba6 3ed5a6dc be8ac6ad 3f083a0d bf31cdaf 3f7a2222 bf197ba3 bec74ae0 bde21936 be007cd9 be9836d6 3f6dadd6 be1995b2 bf01657e 3f75d808 beb4232e 3e0b8d97 be9e9f83 bf0067be 3e306473 bf4a8a0d 3e1cac32 3eb987b9 bd90e5fd 3db7d861 3e941f38 3e1f85b2 bf0c0fbf beaea327 3ed61e50 be8b7af7 bce02f67 bf4ca996 bf0f0f5d 3e662d2c be74c401 bf5d5831 3f3dabc8 bf70706f 3f136dac 3dfdec0a bf71105c 3f31aa06 bf48ea28 bdd71b8f bf2395b1 3e9ae27f 3eb16a77 be6e23ef 3f0659c2 bf104001 be3c24d1 bf0a6dbd be0b2de6 3f6109e1 bf722453 3f67d80d b96bf513 3d38b4a2 3f0fe7ce bd68f423 3d9c49fd bf1a7b8b bde519b4 be0d43b8 3f526fd3 bd882abb bea6327e 3f6db045 be86aacc 3eb90a46 bf6c0235 3f7ef752 bea8d729 3ef75f42 bf2c9ff8 bdfb9bba 3f3d4806 be97baa7 3f082bd7 bf72fe18 3f6a89f9 bd3acebc bf267d83 bea8de6c 3e82d70a 3de79746 3e3c5587 3ecaba8f 3ed86b37 beadc6e1 bf5103fe 3ea436f4 3f037979 bf3b4c08 be0b4500 3f123b90 bf6585e2 3e87aeef bf65d20f 3e6d6c0b bf72528b be8806e2 3f367c17 beff9303 3eefaf97 3d937b5e 3d9627f4 3f4283ca 3ef103ec 3edf3b44 be225d23 3dd848a2 3db03958 bf6ea600 be97be1e 3f3d7fba 3d74d338 bf35b608 bf7a178b 3d6d120a be22e4fa 3f73bfd1 bf3a857d 3f35fc30 be6da5d4 bedfc6f4 baa1c4a5 be64c55e 3f208c27 bf3ae9ff 3f283d7b bf3a6fb6 3e956bec 3f02ffeb bebabf65 3f76f1c2 bf51002a 3f31e9ac be42addd bed4134b beede749 3e22a567 bf24b78c beabcaa4 3f0fd1f2 bf3701cd 3ef4c2be bf216d7d be091d5c 3e43c52e 3dbf5933 3e9b8a7d bf7f4960 3f3d75c2 bf19a7e0 3e9402fa be0ec591 3e3f2532 3ed8e6a8 bf42941f 3dc3d8bc bf173d9e 3f1671b9 3f32484b bf18b7e8 3edaceb3 bef11337 bea7b70c 3f2c3196 bf2d21d9 3f6bf3c7 3f58f435 bf74640a 3eb5aa86 be5fc5b6 bd287106 3f690a54 be9bcb3f 3e2ff612 bf2e819e ba82725a bf108be4 3f26e5a3 bea99eb1 3d7dd474 3e29f568 3f1c6773 bf6771e9 3f57a415 bc98a24f bec78f26 bf680206 3f160fb2 3f33335b bf2a03cf 3f01d166 bf7e679d 3f5383f8 bf7a23db 3f71bfda bf335bcf 3dd1279f 3ea216aa 3e0823ea 3e24e309 be48e5cf 3e320dae 3f7a617d be948f47 3f4a2e41 3e5a94fe bf3d9a0a 3ef7f352 bea42f48 bf4bfbd2 3ea45e89 3d4aae59 3e9ea6c4 3e2e3439 bf36fdc3 3f741236 bf65442a 3ecacad7 bf2463f6 3f4d9c16 bf3ba45e 3f2d79d5 bf7e4399 3d922734 3f257810 3f7dab9c bf4de02b 3f64c3f3 3e6eed6d bf2b49cc 3f622dd3 
3e1f2c5a be06052e be87171d bf13d5cb 3f784007 3dadcc51 3f6f05d8 bf6c71ed bf62601e 3ed51b58 bf602bf3 3f70641f bf5a4bc4 3edd727a bf26de1d 3f74abf7 bee502cf 3f276c0f bf272999 be67fbfd be417616 3d2990da 3f02cdb0 bf4dadb1 3c80dde8 bcc4db8d 3f397a1b be8db6e6 3f14e80b bf2059bc beaccb1a 3dba2960 3e629b54 bf31abd8 3d8da989 bdabe8c7 3ef8c2cb 3e6fbe1d 3e106b9c 3ee64b1b 3eb6b2b5 bf75c3b4 3f4ed20b bf6a87e6 3f2e062d bf7bb378 3f60ca0e 3f16bb84 bf7117a9 3f535816 be80db50 3f15bda4 3f16117e be29ace1 3e49cda4 3eabcafe 3e6d9493 3e7e8e48 bf5fcbd8 3f4817c5 3eb0f759 3c986b6a 3f0513ca beb9e71b 3f79d417 bf236168 3f214188 bf570da6 3f4755eb bf0d1168 3f7883e5 beba3f98 3f26a73d bf7fdd09 3f661de4 bf52ec06 3f1fa193 bf4713a7 bd398ed7 beec0769 3f0a35cf be762cc0 3f3c69d8 bf4a456b 3f019d71 bf7d8187 3f2e89e1 bf7fe355 3ef67ac8 bf268579 3f3ba429 bf2b45e1 be969b1b bd199067 bdf52834 3f100f84 bf6e1c11 3ee5be92 bf053b6c 3f3dc7d6 bebbe340 bf051b4a 3f6441ed bedea6b8 3f51040b bf45c1f4 3e7c0da8 bf7d45a6 3d8e17cf 3e849ec1 3ea8be9a bd3f4da5 bf2029f9 3f1ed5c4 3ebec692 bf1f6fc1 3f1779ad 3f172bf4 3cc95c6b 3e891eb6 3f0ddda6 3f0d89ba bf3a1437 3f29a3b8 bf66dc14 3f434954 bf331bfc 3e381d78 bf6b9801 bf2c83cb 3eb91f02 bf4d7208 3f43a5c1 3f4789e5 be8aab27 bec667cb bf04476f 3f11bdcf 3f52f39d ba244491 3d7950e8 bf66b625 3f7e636e bf5039fa bd4575b1 3ec9e2f1 bd76eeb6 3f2b2005 bf765e29 3f37f7ab bef0b24f 3edc6773 3e1a23ed bf6d5c09 3eb5436b bf20cdab be8cf1e6 3f15f7eb bf0e736a 3f197188 3f643251 bf21d9b1 3f725a18 be669ca5 3ecbeae7 be8859ff 3da73636 3e10e3f5 3f60e61e bf68d051 3f02336a bf319fe0 3f202bd2 3f0af9eb bf376dfe 3ee54ed2 be00b4fc bf1b5db2 3f048fe5 be97876e 3f711c46 bf449ff3 3ec79edb bf089ddf 3c919d3f 3dc268ad 3f2af1bf bed0fb1a 3f0c1b62 bd369378 bf4eefe8 3dbad928 beffe7e8 3f73f1eb bf3dcb9e 3f4a3dcd bf36404a bf18ddb8 3f739393 bf5a3db2 3f7377f1 be96d6af 3f38d237 bf3df9f7 3f7af7d7 bf3ffdc9 bdfef792 3f648840 bf2e03a9 bf14f7b1 3f5fd3a2 3ee8fb6f bf08f3a5 bf1fe16d 3f2fd211 bec28a9b 3f59adfb bf31ed8f 3f148581 bf3b31cf 3f128f7f be93af0b bed936e5 3ed7bb26 be940ea0 3e129c13 be9b6b53 bf50d7f8 3eae6739 bf58905c be952746 3f6dde69 bee82ea9 3ead5247 3f0b8b81 3f02f3ff bf6e59ce 3ec09fbc bee8cb97 3ef627bc bed34f7c 3f49a600 be9f9b24 3d9ab880 bdd78af0 befa9f45 3ecce346 3f5cec15 bef56f2c bebf4aa8 bf4a0020 3dc128f3 bf319dc5 3d76d94a 3ea37a43 bf738a2e 
3d7716db be7415b1 3f0e03b1 3ebcb230 bef37f85 beead2ab bedccf79 3f2605b4 3f2f7fa1 bdf1e8a8 3e9316f1 bec332a8 3f70f7f6 bee4c6f9 3f001579 bedda6e0 bef3d2be 3efaf6dc 3cb75b67 3d3673ab 3e974baa be88d34b bf19d3db 3f2495ca 3f4be44b bf70e7c3 3f1c41a4 bf6e71bf 3edcb304 3e83f6a1 3f1231e9 bf27ab90 3f2f9be7 be85ca10 3f7137db bf4be9c1 3e729c02 beb102cd bf1af99f 3e455d42 bf1ca9e2 3f3815cd bea2e6fa 3e120d5d 3ceee064 3e935b2c be7ead27 bf5ec013 3f7dff3d bf40740f 3ecff27c bf6e5206 3eb0b763 bf5ce7f4 3f544c1b bf1113a3 bf5e6606 3f607612 be274ccb be791d3b bf25f354 beba12f3 be139ce4 3eb7f316 bf39042a 3e958222 bf15cb87 3f0fe9a8 bf0c59bf 3e436c1e bebb2a6d 3dee1956 be6c2cb4 3e71cbbe bc2b39d5 be78c460 3c52a8a3 bd17f18f 3f7905d6 bf1f15b8 3f41643e bf7d7fbb 3f4029ff bec6e753 bc9ca88e 3f499a19 be953b6d 3ef0e719 3e0ea489 3cdff1bc 3dc5da0a 3ebda276 3e4bcd31 3efc83b4 be30dd04 3e918eff beaa36bc 3f53cc55 bf6a9c34 3f2b15e0 beef2aee 3cf36136 3f280f82 bf652bd5 3efc671f bf5fa3cd 3f7a37d7 3f21b1ba bef9a6f3 3f0d75d1 bf6a1635 3f744fc2 bee6869a 3e848dc3 bf512fb4 3f7a2999 bf706611 bf1635b7 3e71c51e be11c440 bf76e23a 3ef592e4 bf60aa1e 3f71623f be85327a bdd0bb45 be28d31c 3e2c6c3b 3f18f62d 3f2fcbec 3e93b6ec 3ebb1b56 bf376fa5 bf7563b2 3f7121fa bdbff717 3f7a1fb3 bf1083d3 bd005153 bf60e3a4 3f484c0e 3e717cd0 bf60c1dc 3f6ea995 be0594cb 3ec37b31 bf2d8dbc beb96f30 3f53b654 bf4903fb 3f376feb bf4c7bd9 3f0aa9f4 3e707cdd bd01954f 3f41201b 3e88f316 bf2105de 3f190585 bf4065ae bf4009ca 3f0ae9e7 bf5fce42 3ed662d4 bf604e27 3f2731a5 3e3e75ed bf265415 be7c974f 3e326d22 3c2b3264 3ed31b6f beebcc1d bf5715f8 3f75c5c5 bf089fa4 3eeaef5b 3e1b9cb5 bd8619a0 be0b0496 bed436c1 3f0681de be889e7f bda348e3 3f10a1cc bf447607 be3e0477 3e9c7e3f bf62a3f9 3e2c9be3 3f60e3cc bf4345e9 3f6dcdc8 bf4e09fd 3e932acf bf245dec 3e7e7ca7 3f725e06 bf650e8c 3f54a03e be4c7b76 bf0469a4 be0813de be0aa442 bec7e721 3eb23344 3be8775c bf746b8a 3f36adc1 3f2ca7c5 bf7fd936 3e66d503 3e04abe2 3ec8eac5 be8ff6c3 be9822fd 3e25a5ab bebbdf40 3efa06ef 3e1d3d4a bee0332a 3f30b057 bcdb1db6 bee85b47 3ebcfbb1 be70b645 3f07d7e7 3e803a43 3dcbb891 3f1cc9da bb934914 be88ca5f bf0d61cb 3f007f6e bf4f7a60 bf2b8214 3f6797f5 3c18c7f4 becdcb17 3f379a1f bf493810 bdcab801 bdde5a47 3e759cb2 3d9b083c 3f4cd804 bf50d5f9 bf49fbff 3f180db2 3ee40768 3e5a4434 3f4efe17 3f007588 bf3623c2 3f4291f7 3edd4a93 
3f6eb7ba bf3b1fb7 3ea75749 bf37e812 39bb577a 3f7ac630 be4dbe0f bee77af2 3d07f174 bf3677bb 3f233bc3 bee74ade beceb70a be35c3c9 3aea1c5d 3ec2737b bd1a3055 3c404c30 bf0ee58c 3f31c406 bedcaf5b 3e7a1e09 3f2537e1 becc8f77 bf5eae02 3eb07749 bde2892c 3e5b5ba9 3e3ef377 bf57d7eb 3d16528d 3e07d2b5 bb471210 bf578c03 3e790e67 bc4a3bf7 be06c55e 3e6e55c3 3f68b849 bef62f5b 3e585ce7 3e7273d9 bf429257 3f7fcd2f bf490feb 3ee156ae bef2478a 3f77d208 bf074f81 bee8eb26 3f74b7dc beb52ee4 3ee06b1d 3e8296a7 bf64cddc 3f7b3dd3 3e72ac86 bf06056e 3ee44322 bdfbda5a 3f69fa61 3f1105a2 be76366d be170d99 3eea2b6b be781664 3f6a006d bf42fbe7 3f526863 bec31706 3eb7a2c4 bf28b7e4 3f7fd385 bf6c1406 3f3315d0 bd8e7966 3e0e4db0 3ed3833b bf6e09a6 3e111547 be8ba9b9 3f0bb1d4 bf6093c0 3f76fc12 bf2b3fe6 bcffef73 bede627c bdb126b8 bdf2e8f8 bec1ef08 bd58940c bf140f79 3cb71992 beaa4b22 bf36aa12 3f2ca1e8 bf1ee1e2 3ebc5f16 3b5ed01f bee09e7e 3f34700d 3aba659f bf2ad7c8 3e3c9577 3ea182da 3eedef61 bf2345b6 bf4b01be 3f3a1be4 bf736fe5 3f510fc7 bf1ee3cb be6d3f08 3f7653fc bf585bfc 3e831292 3eb0ab86 3f673bb3 bf41ff79 3eb4564c 3f344bbc bef7324f 3f5c85ef bf184bc1 bf03a208 3f4661c5 3ee00fa6 befe238a bdb109ed bf453001 bf35a833 bc0cbaa3 3f371c48 3f111557 bf1923a7 beed67b9 be984e92 bf0169f1 3e2b1c9f 3f5fadc9 bf76f825 3f0ad199 be575b00 3e0ab3c5 bf38057a be78053e 3f7a8778 be614bef 3d9b5af7 be435bf2 3eb4d64c be056aff bf01ff38 3e923720 be8a4acc bf65c7b2 3e733d68 beb08630 3ed37f20 3de6d63f 3f5e75dc bf0747b6 3f565453 bed97ab8 3f72da0e bf4ac832 bea0b259 3f356b9c bdd13d13 3ede8f69 bf14f1fc 3e88020e 3eabaaea 3e4f5c46 3dbfca0a bf2c3dd2 3f0cebca bf75e9de 3f280dc5 bec8a692 3f24fdc1 bf2c45f0 3f46d5e0 bf20f19d 3f42c219 bedb8ec3 3f449bcd bf133191 3f7e557c be12e4b5 bf0467d4 3eac3729 3d8e8794 beb9c2d6 3f05dfa5 3f3b6ff4 bf1ebb71 bcac56d6 be851b4e bec3a2bc 3d2d11ab 3e5335e7 3e9b4dfb 3ede776e 3e8c5ed0 bf11df8f 3f6c05f7 3dfb09e1 be8bb256 bf2b31b5 3f78780b bf769fbb 3f146010 bf2a87cc 3f52d03c bed632aa 3ede2b3a beb33eca 3d7ad388 bf00af5c 3f02b75a bf5145ce 3ee8be8f 3d86167a 3debb704 bf07b5d0 3ec9e782 bf269fd3 3e2e4479 bf4c03e0 3f11014e be91b2c8 3f761baf bf297030 3f479e47 3e8e8baf bda87940 bf4aa1f6 3f6f11e8 bf6c3235 3f5fe65a be572523 3f2dd778 bf27dfb6 bd7f3226 bf30dc15 3f42ddea 3f5a4a1e bf7cbdca 3eafaa45 bf719035 bed35ecf bf3c61e4 3f4aa83c bf612e20 bf6c0e63 
bf08099e 3d8b574f 3ca0631e 3f3189e5 be3b5480 be701e1e beaeb676 3f554201 bf467be5 3f7f5f50 bf0dfda2 3e8edf0d 3e42e4a5 3f4693ec bf361623 be4d2572 3f567416 bf6679f5 3f77ddfc bf5d7c07 3dded882 bc9a9ce4 beede38e 3b8e868f 3f2649d9 3ee146a6 be581498 3e1a9cc6 be8b2a80 3ec55f11 3f12b9ec bf6f9e08 3f29e7d8 3f28cb9d bea2f247 be530d4e 3f69ba1d bf6dd814 bef66350 3f058b83 beb7fb63 3e8cb301 be32347c 3d8aacd5 bf25b17b 3f122346 3e299441 bf482809 3f2d13fb 3f033193 bf79e178 3ee2131d bf235391 3f24e816 bcc65a0d bee8c2bd 3d7bb40e bd81e5e6 beaa5e3c 3dc68756 bf4a91de bf57b3eb 3f5af405 bf3cc1b4 3f3cf175 bf6dc195 3d7feedc be8eea22 3dcff5f3 bee59bdd 3ee9ab57 3ec136e9 bf7dc17f 3f542412 bf4f6416 3e3384bc be40c4b1 bf511221 3f23abc1 3f4ad280 bf5ceff4 3f5d5239 bf00f998 3dfd2c56 3b8f975e 3d9cd812 3f5ac00a beac02ac 3dd288f1 3f6db1ec be69bcd8 3f5f508a beea0797 3f15dfb9 3f1b75e4 becc4ece 3e7a3614 bf12d97a 3f3a5fbe be5efd85 bf0a85c8 bd0b3376 3ed722af 3ecc32db bf4217ba be9caee8 3f64c641 bf02597c 3f577c0f bd42af59 be147498 3eb69e3d 3e58d4eb bf4dafd6 3f3289ae 3e3c84a4 bf6f960c be4c5e47 3ef6e303 3d9b9915 bf434223 3f180185 bf4c87ff 3ec866a5 3f5dfdae bf6b7e38 bf521a21 3f0289a0 3dcd1553 3f0aeb98 3f58d832 be949663 be209d57 bf536047 3f3edffc 3ec7fed3 3e98bf19 3f4d4a49 3dcab74e bf29bb95 3ea5c68c beaa1b37 3eec0efd be958f1f 3f537fa9 3dce678d bf5697b5 3e041b1c 3d90f90d be15f386 be7a6d52 3eaf1a17 3f2a477f bf476e17 3f3fa3e9 3ec39252 3d660a58 3f1b4c0e bf54f424 3e292517 bf102fc3 3c77ca45 be414497 bede3f27 bb74ca36 3e975aec 3e83a70f 3e14a520 bf68b5bb 3f4fa03a bf4dac01 3e9f671e bf508be8 3f1e25f2 bf1bd784 3f327fcf be8b8e6a 3f027bad 3dad4af4 be6454f7 bbd173de be4c4329 bdab2ae6 3d784ff5 bf60d3f2 3f39f802 bf0c2399 3e2b355f be56abf6 bf51bff5 3f7cedb1 bf263154 bdaca7b0 3e5f74e5 bea876ca bf62222b 3ef72763 be850757 3f4017c4 3ee9c6c5 bf279de4 3f6cfe27 bf72b423 bec63e6a 3c674d1d 3d84063f bf488c22 be93825b 3f7e4f9c bf4f9014 3f337222 be87762f 3f1f404b bf151bc2 be7b5ca5 3ea46eac bf07bd8b 3f6e0647 bf17b96b 3f3909fd bef53793 3f57dddc bf75cbf8 3f1123b5 bf23efa8 3f7fc13f bf2563c6 3d84dc05 3f3283eb bec6ab4e 3ed9aedb bf658e6e 3f0119f1 bf61c083 3f219f7f bf7983f7 3f1455a7 bd330e28 3ebbdf05 bf53b85f 3f6a405c bf69be02 3d85e434 be8c85c1 3f7ed728 bdae1a9e bf1937a6 be5b44e4 3ea22e71 bdca3a13 3f5741bc 3f2e9868 bdd4da16 3f0b0dc7 3e0f7d50 3f73b611 
bec41a9b 3f4b4030 befb0b9f bf36a3e1 3f361dc9 bf57564f 3f6d9a01 bf5b140e 3f794a1a bf5067dc 3c8da523 3eb44a91 be8ef728 bf3501d9 3f66f00d be4be501 bf47cbb9 3f5e9801 bf041bef 3ee7174c 3d189188 3edecf4d bf1079bd 3f7b6fc6 bf63cbf2 beaf3652 bed76a77 3d90a73d 3f052fca bf43080e 3e88520e 3e8f626a bec1b2b8 bf44d5b1 3f069d89 bdd73ac5 beb5c29f 3de01818 3f7a5da6 bf546977 3efbcba8 bf2ca7bf 3f22e1ca be5a0d32 3f7257f5 bf3e11fb 3d445201 3d317510 be9da61f bf20a983 3f18b7d4 3e33a399 3d5c4fb3 bf65fe6d 3f4b13c1 be508600 be7fcc45 3f674bd2 bf0abfa7 3f5c4609 bd6c2d20 3f73b833 bf033d95 3cd85d8b 3dcf6a91 3d8b285b 3f3cdbae be5c4429 3da8ba4f 3ebc3e0a bee76312 beb8b1f9 3f3bf3ba bde06628 3e8e2e9b bdd6c968 3f03419c 3f3e7f9e bedb5771 bf24efb7 3e577541 be8c5aba 3ec51e73 bedabb26 3f15abd4 bf01396c bf612446 3f6f49ed bf6eb876 be01cb90 bf72a1ff 3ea8ba99 bec5577d 3dac6b23 bf3a6df6 bca4de30 3f396c31 be0ef478 bf4e4c2f 3f3f6fb8 3e8afe55 3d92091b be6b957c bf06bfc0 3f7f6b98 bf30a027 3f1263ef be8176de bebbf710 bf11b9b1 3f22cbbd bf397dd8 3e30e54d 3e3ed59e bd272eb1 bf24a18c 3f764df0 3c47b4d4 bf0717bb becdbe59 3f3c438c bf1faa09 3f2f6a63 bebfe6dc bf5157f6 3f5b11cd 3f476bec 3d1174f4 bec29ad9 bf4421f2 3ea102ab bf3da3e6 3efb134a 3edcef04 be8ec652 bf24fb9a be8c0b02 bf1cbdf9 bf63b227 3f7bd3db 3da398db be0a0e8b be219c62 be6fecea bf017217 3e2c54cf 3f0903dd 3c30ad66 becb7349 3f6881e7 bef71ec5 bd978832 bf37fdd4 3f5743bc bf7cc186 3e8e4776 bf455825 be71ad79 3f3fadd4 bf186bea 3f7b0dfb bf2011fd 3f4ebe2f 3e89b630 bf09252e 3edd07d8 bf75ee13 3f0d2e04 be9b8b22 3e569393 3e9e0288 3f17619d 3e2b0da4 bf3dfe23 3f52481b bf55a1de 3ede52fe bed1c28a bf5ac624 3f72b599 bec60f58 3f2c660d bec4e791 3f2ded91 3ef33f3f bf5e31d6 3f44bfd2 bf5c3e25 3f4c31e4 3e7e33da 3d419088 be9c5b00 3f31f3f8 be17bc4c 3ea91e61 3e526c0a 3f2129e0 be923e27 bf5b9205 3e103c68 bca9611c bf2c19eb 3f27ede7 3f03b9f6 bee9336d 3f6f53ca 3c83e4ed 3edff71c bf61a5e5 3f2c1f59 be46f51a bf246ddb 3ead36b4 bd83f74e 3efa1f72 3e966ad7 bf550c2c 3ece66c8 bf5f8829 3f390602 bf21c5b2 baed97a5 3eda5654 bcf3adb4 bcc31fe4 be9e1ec2 bd1cb0e8 3f1cb9c4 bf2a3bc7 3e0d34a8 3e3d5d0a 3eb832f3 be3064b3 3f0a49c0 be8b9f84 3e601ddc 3e3ead10 bf6ddfaa 3f7d13e2 bf25a98a 3edd9bd2 bf122d9f 3f745dda 3c94ab6a bf55d82b 3d6f741a 3f7cebc9 bf6e7c11 3f5e1bc6 bf38ef98 bee476b7 bef85b37 3b791c10 bf649c2f be6ff3f9 be194544 
3ef9272e bf03d787 3ec3d733 3f195fb7 bf2785d5 3f7d49d8 bf19b197 3e12939c bf18299b 3ed5d398 3f02ab3c bf7feedf 3f123da0 beafdec3 3e7f2609 be992e86 3f64ebed bf734bcb 3e4a6d72 3da999b4 bed7a2ef be724dd8 3f2639de bf44f3c1 3e2394a3 3f2e8bd4 3f343a29 be89de9c bf067774 3f4c1db4 bf638434 3dfcac42 3f2cd9ca bea14ab5 3f4dd600 bf7f7d5f 3f125dff 3e2dcb8f bf3825db 3db768eb 3ee746ba 3d6cf35f bd8cc8a8 bf448242 3e017416 becda741 3f19b153 3eac56d9 bc39c162 3f48c60a bede2f0d bee9ef7e 3ed73e51 3f32cf89 bf713010 3ee6b716 3def6c01 bf43ae26 3e94fb1f bf2f6bc3 3e0ccdca bf252fcf 3e55c4dc 3ed04ef8 bf05d74e 3e06e5ba bf54b7ca 3e473c93 3e44ecdb bef4e761 3e9722a9 3ebbe675 beea782b bf21c7eb 3f03619f becfae73 bee226de bf2adfdf 3ea886c7 3d9a29b8 3f67b222 bf77e026 3f2dbda6 bf17b18a 3e2ce453 3dc209c8 3f6e75fa bf76f06a 3f48b22a 3f16c3e7 3e7a0cf9 3f174fef bf3605d9 3f30d1c8 3c866022 3e925e78 bf7ac980 3ed616bb 3f3dd80e bf2ff9e5 bf5fe00e 3f7acdbc bf5dbc0c 3f59b5d0 bf366bad 3f2dc1d1 bf50ea13 bcede290 3f52d64c be0a4438 3edb2ab2 bf08adb6 3f76abe7 bf58c825 3ebbc354 3e732cb7 bea86a54 bcbc8f33 3f027797 3f6e15ef bf7c83b3 3f6c4005 bf2a31b9 3e93734b 3f5691fa bf7ccf6b be98cb26 bf4a1e1a 3f6f17c5 3eb452bf beec4254 3f0e8ffb 3e8d0b9d bf77c7d9 3efd0369 3efe22ea 3e0b7e13 3f573432 3f5043f5 bf3f91a5 bf1ff9e6 3f4e7fec bece4699 3f537c4b 3eb1f6be bf255fff beaa13ab 3e2dfdb7 3e643472 bf79b9c3 3ef15ab8 3f282d83 bf141e07 3f4fae31 bf10f994 3f72e44c be597d3c 3f563bda bf413424 3ed4babd be1a3e63 be8d2ec0 be6195d8 bf17fff5 3f5d980b be9faef1 3e73edf8 3e5f5e06 3e5f95e3 be2ce408 bf399a0e bf192792 3e65759d 3e5bbd7c bd611140 3eba3f2e bf009188 3f2961fb 3f594fd2 bf11c37a bf2a51f9 3ed2878a bed8da9f bf52dbd5 3edbff57 be50d55f 3f29a577 be770c54 3e8c929f bf6dcdca be632560 3f3ad3a5 bf4901c0 becceb01 3e3efc67 bdfc361e bf79ac28 3f1c078a 3ec64c0b be647582 3ef82ed0 3efb32f0 bf7211ee 3f3f1476 bf524c4f bea78277 bebcaead 3e3e1390 3ee2a7bf bf38c1d3 3ee1dfaa 3e89decb be9eb2da 3ec206dc bf64b841 3b051cd2 3e8b7e98 3f674808 bf127fde 3f305c27 bf37e3eb 3f64300e bf476ff0 bc5ec344 3e08ac6c 3e05a465 3eb026c8 bf1ceddb be487d01 3f2a1da5 bf5ec7e2 bc064546 3e280b51 bf1f857f 3f20c5e9 bf4a3a34 3f636461 3d1bce18 bf23f795 3f21e9c0 bea22efd 3f110fc7 bf5b258f bd5d962e 3ec25a60 3d3e6be8 bf469df1 3f5e9dda bf595c0a 3f7cc170 3da487f9 3e1dfc5e 3f286deb 3eb3729a 3f6d4415 bf2d9421 
3dce9a4a be990729 be5e24f6 be78ede5 3e73bca6 bf142e1a be450535 3f598bf7 bdfd792a bb2ae097 bf0ac567 3f1a8fb8 3f3eb9a2 beda86bd 3ea3beb2 bf2f0842 3e9a5279 3eda2b2c 3df787d2 bf2311e1 3f775197 bedfe9f8 be047c72 3d549158 3f27cd56 bf666dd7 bf4aa7d5 3f1ef7dc be257460 3dfcd9ef 3f4c0fa7 bf2d99bb 3eabfaf9 bf1e0df7 bc999935 3f0837b1 3cd12bd9 bf0723a7 3edabad6 3ebc3262 bf3323d0 beb53248 3f47d80f 3bbc8cca 3ee76f46 3ebd1e78 bf532396 bed1b3dc be127e96 bf1d49e1 3ec8d2e6 3e3c65f2 be7ddc4c bf3eab84 3f7fe55a bed0e780 3c76bd31 3eabe376 3e4bd4c3 3e534598 be202b87 3f338c2e bf4ca7d0 3e9feaaf be9aa3ac 3f7ef59d be49fc9d 3f0849be bf7b85bf 3f718bbd beb34733 bdf38ad0 3e5bcd80 3f66fc28 bf70a1dd 3f79cdc9 3db788a0 3eb1af1a 3efb46d1 bf63485d 3e786449 bee33301 3f3d31eb be75c5af 3e789433 bee2437f bea66e95 3f0299c4 bf1267c7 beb4ce5e bf224797 3d74ef05 bd7e70c3 3e340435 beffb744 3efb63fc 3e7adda7 be21cd01 bf34b5d3 3f325b96 3f33bfe1 bf151075 3e758c1c 3eb73f19 bf5f1024 3f24ebeb bd494ee8 3f051b3f bf10b5f1 be953ebd 3da278a3 3cbf25de bf27ddba 3f57ebb3 bf3aad22 3f0405c5 bf154ff7 3e83ae8a bf6c941c bf4d5bd6 3f329dd0 bf6d4bf2 3ef4271f bd2e747a bf484962 3f4f81d1 3eb3e63e 3ef35793 bef26a8f beed7a64 3f2c9be7 bf3145c4 be11a3b3 3f4637ea bf2cb199 3e87d65b bf41a5ed bed63748 bf4a523b 3f3b7200 3ee34b8f bf35e1e9 3e995675 bf3f5a21 bf0f31cd 3f6c8c6a 3f20fdbf bf4c9dcf 3f15e3b3 3e472ce6 3d8c09b0 bf71204c 3f3eedc4 bf0f2f7a bead9a61 3e8b5281 bf78a60b 3ec44f1c bf0d07d4 3f00d3cd bf732b9f 3f62bfcf 3f120dd4 bf0829a4 3e4c8ba5 bf2759ff 3f375c02 bf1bd9af bf271621 3f40c98a 3f2b7be6 3e71069f bd8d45f8 3e719522 bf4bf7eb 3d9a1701 3ee9976c bf342c1e bf6d6420 3f12a9aa 3f6673fe bf301814 3f7607e8 3eb412bf be7c2ddc bda3165d bf38cf90 3e286cd5 be90bade 3f57bda2 3f0e799d bf6a1012 3f20ce01 3f3603d1 beb1c2ce 3dd58b37 3f410bb1 bf44b21c 3f3aa243 bee58ae8 bf3ca00e 3efe1b11 beb37ac5 bb954474 3e92eaa7 3f63661a 3cc4dcc2 bf296db2 3efb7b4c beb3e734 3f26bf58 bf64ee42 3f5453b8 bf2837ab 3f2653ae 3f1d2bff bf60cbee bed5ce7a bec766a8 3f38b406 bf786de0 3f5f441f bf363853 3f5eba3d bdff782a bec5db6d bee94ab7 3f47301f 3e36e504 bd039080 3a8df2fa 3f5d701d bf6bdbfc 3f752054 bf1a5804 3f07bb86 bf690e13 bb2cdcd8 3f25021f bf412ff5 3e647622 be8daaf3 3ef8af42 3db549d2 bdc8c804 3eec9a62 bf0e9a13 3f3f1847 bf2389ea bed1df25 3e85e281 bf067571 be9cceba bf2471aa bf5225c3 3f4ecbcd 
be488d32 3e521473 3f779e0d bf01215f bd675841 3f470621 be21bbf7 be9fd785 becfc019 3f008f63 3e77fdd1 bf407ddb bf434dda be1b94f9 3e9f2f8f 3f065806 bf458dc0 bed31b1a 3dbedb2d 3f27357b bf4b31c9 3e8ace89 3f10cd65 bed39274 bea26a73 3ee286d5 3f0d77a2 be826af6 3e487d8c bf7203f5 3e775d0c bee8deb8 3ecd3abe 3e08bc0e 3e03c3e7 bf377388 3e62751a bdeffb43 3eae4f6c bf35d3df 3f4dbbcd 3e0bf601 bf163de8 3df59b6f bf4257f4 be7ac618 3f7e7599 3e776ca4 3ef076de 3e5374b8 3dc67767 bf29e5be 3f7faf6b be5d94b6 bdf5ec03 bf0c2bf5 3f3121c5 bf6be3fb 3f2c177e bf622ff5 3f5575ad bf4f6612 3f6963e0 bc80e963 bebba6d0 bec30b43 bf275600 3f37c1b8 bdb0c8f2 3e0483cb bf320380 3f16cba9 bf25dd7d be4b84f1 3eb2772e bf424e12 bd09d019 bd3072f5 bf47f413 3f50de09 be9dc2a8 3ef18325 bf20c7c3 bea2aedf 3f0a09ad bdf61999 3e2da52f 3cbc24c3 be1fe4bc 3f32218c 3e856de9 3ceca02f 3bbb5035 3e951271 bf42cdf0 3f14eb98 bf735bef 3f7c6b55 be78354f be0963c4 bedd771e be992aac 3f2235d4 bf5e703b 3f7d95dc bf1e79c2 3e1052e4 bf26bdb3 3eeb32e9 3db929b2 bdd7b7ce 3ee18b24 3c5b481d beaa3b0d 3eb912c1 bdf7974d 3842e670 3f5e240c 3ed3afd3 3f74e627 beae35df 3f377818 bd90a981 bef76689 3f726039 bf710209 3e2b54ec bf4a47cd 3f51bfe4 be833ed9 be04450c 3f4a8fd5 bf61d1e3 3f0b39ec be1425b5 be428c1d 3f3f91b5 3eaa7618 3e2e3d0f be0cf4aa bf1c9f82 3f7361f1 bf1205c2 3f693dcd 3eedf6cc bf5ee1bd bf197dd5 3eb7136a be9096d7 beba2a31 3ef3179b be0563ec 3eb3feb1 be98a674 3f68e7d0 be719cf3 3e9fa2e7 3f078dba becf4ec0 3f2fdbc3 3ed1132d bf09bbc7 bf7e4fb2 3f75cdf7 baadd714 3d8329a9 be7facdc 3e04448e 3f6acc0c bf5231ef bf688bdb 3f3e13f0 bf55bbc0 bb8158b9 3f5f181d 3e2453ec bf11e595 3f2ea602 3f529dda bf432ffe be03e40d bf00c96d bd407184 bf468403 3f0e77d4 3dd1892a 3f5c71f4 bdcce837 bca51cf8 bef73b72 bf1765a0 3ec8b736 3dd0475d bf7af1e5 3e9b32a6 becabec1 3f0d11e0 bf10b7ab beba830c 3e3ea4bc 3f755410 bf449c2c 3f2a49cd bd80f9c8 be9df288 bf78ef8a 3f170fea bdafc772 3e8bc6be bcc224d4 bf517de8 3f7c215e bf7d1faf 3f3d8853 bf1d036b bf006fc6 3f1c8e0e 3f3217ac 3e64fc90 beed72f2 3f5473d1 bf26c7d6 3eac8e93 bedf7316 bf028818 3f7701cd 3de269c1 be9d669c bf19c9a9 3cdee4fa be9b2aea bdb3c6bf 3e019d79 be32b413 bea0fb3f 3f28d5a0 bdf789f6 3f187195 bf18d5c3 3f39c7ab be683641 bd6b2dd6 3d6e316a bea0bec9 3de2078d bf25dbbe 3f2a4003 bf3f080f 3f3c47ae 3efc0f58 bf1185bc 3f36f7df bb18ea92 3f778bc2 3ee5ab5b bf5fadc4 
3f635a3c bf385bcb bf66c591 3eada676 3ee00351 bf5d95f5 3dc13950 3e769545 3ec2db6f bf5d4bf1 3ec34368 3f0edf61 3f309fa4 3f35d3b9 bf67f66c 3ce1dfbb 3f3c059e 3f3d9a1d bf057f59 bf218c25 3f67b5e0 bf6613cf 3e6d2580 befc4302 3f655f69 bf14a581 3e4f05cc bf38c9ed 3f7bb7f6 be29c4f3 3f41f3dc be5c3cc1 3e9be294 bf44a1f5 3f5f1011 beb6134f 3f11693d 3d714eb9 beec76c1 3f14595b bf60282e 3f4b8a88 bf4f821d 3f674a11 3e90da19 3e15445a bf2263a5 bf44ca0d 3e2243e0 bf45bbf2 3ed2b2ec 3df00afb bf06f39b be87a2e6 3f54284a be848e5a 3f0959c8 beb0ef18 bd19b19c 3e8ed682 bee0cf19 3e6615a2 bf6b9bda 3e7e848b 3e214320 3f54224b 3e53a367 bf1e77aa 3b012bfa be3033b4 3f3503e3 be182614 3e66be30 3e198c23 be571de3 3f5a7196 bf32dda1 3f5b3dd9 be95c2e7 3ebef2e3 bed642dd 3dfa062c 3e1324ca 3f3f8db8 bf7eef58 3ee1c7a9 3d7c7245 bf1217d0 3f702bf5 bf78adce bda5f8da 3ee1ef81 bf7c9583 3f36dfbf ba89a16f 3ee8df1e bf0631f0 3e4d6c96 be8f36b0 3e7844be 3e88d31e 3eae7b4e be79f541 be7745b7 3f25c1bb bf65ebe0 3f6b2215 bdfab9f3 3d359102 3e47647f be5d2571 be8cc25f be162c6a 3f2111ca bf57f9d3 3f26d1c6 bef74759 bf52cc65 bf1d29bf bf4983e8 3d97c905 bf66fbc3 3f018180 be600d7a 3efe2ba0 bf3bd5cf 3f7a07d1 be63cc00 be97caf1 3f064fc1 bf68242c 3f0b37d9 be2e4443 3ecb02c0 bf25b5e0 3f3457e6 bf4bbdfa bdbcf748 3e9c0ebf beac2fce 3f2099a3 bf7277e4 3f18f1a8 bf6101c3 be99965f 3f1181da 3ed2bf22 3eeddb7d bdd91844 3ed1e2eb bf501653 3f62f01f bf721034 3e91caf1 becd37bc bf0b8b9b 3eb182b4 bf37fbe5 3e9c82e5 bf66b414 befc8766 3f2601c3 3f2b4776 beeba358 bf6763eb 3f614fb4 bec3c700 3eab5628 bf2fec1a 3f2047c0 3f024ba1 bf37ff8f 3f77b7d5 be3dfae4 bebc232e bf70d3bd 3f5c3033 bf659e28 3e624c58 beca92c4 3f50bfde 3da2e836 3f24afa7 be8589c7 3ec9b6e5 bf6f6a03 bf327bb5 3ede1337 be8a22cb 3f457e45 bdbcca30 3f18fe02 bf3e51ad 3f09e997 3f64766b bf54944f bd7f1002 3ee89ead 3f059f49 be0a9da3 bf07bbc1 bd23b4b9 3e484b6a bf1305ae 3f792032 3d4435b4 be12ddcd 3e00e6c1 bf420a33 3ec9bdba 3f506df6 bf562e42 3f4aa5dc bf18b1dc 3f337d96 3e6cb568 bf380e34 bd268fda bf47d9f8 3ed5532d bf472618 3f00575d be910eb1 3f7c91c7 befc8f24 3ce161f6 bf356a18 3efcd6e9 3d87f7ba 3f6a0e67 bdcd597c be327df4 3e059bce 3e542e25 3e12f4c0 bf4025e0 3ed0d619 beff56fd be830215 be1a8563 3eb45ef8 be379533 3e800278 be891260 3e704ccd 3ea9a2f2 3b5af4dc 3dfe6abe bf3ff1cd 3e145b4b bee50675 3f072f5c bf706bdd bef3e729 bca2262c 3ea60ebe 
bf1f25d6 3f138be6 3f660fd9 bd2090d1 bf2d7e2d 3edb5b63 3f1a9597 bf7ab602 3f3aebb2 3eae0b4d bf2b1422 bde09998 bf7ddb5d bee3d302 3effa7a0 3d25709e bf75be2a bf5a53c5 3f735dd4 3e2863f5 be95c6ab 3f39d3d8 be984361 3f2f81e9 bf4ab5dd bd8c16d4 3eb9ee95 be7c8e20 3cc81b88 bf234be1 be011d22 bf0bd9f2 3f135de9 bf0a298d 3e5d4c31 be36a530 bf01036f 3db498ee bea176d4 3f66b020 bf6149aa 3f1451c1 be6e0e4c 3dab3882 bf70d5dc 3ed16265 3edceb07 3ebd5e6c 3f3f35e3 bf2367fc 3f5b983d bf609de8 3f6e35d0 bda4388f bea1ae9b bec2e694 beb7de77 3f03d3b8 3da57b7e 3cbbd4e6 3d50f497 3ede3773 3f612a35 bf0ebdab bcfa6e2a bf6f800c 3d39b095 3f0223b4 3d82d8cf 3de17809 beb979e6 bf1b9d54 3f368a0a bf379227 3ee8d275 bf38f9c0 3f631dbb bf6d1413 3e702c2a 3dd2b778 bf278d9a 3f551e20 bf537ff1 be0b3c7f 3f5c2bc0 bf578e0d 3f00a5a3 bdac791b bf27255c 3f537002 bf1fffaf 3f1cb609 be49c4fd 3eea6f40 bf5e71f1 3cfe25cd 3f438608 bf3c7bf5 3f5c95b8 bf690fe2 3f11dfc5 bf5cd40a 3f05578a 3e82371d bf5f51d3 3f712a15 bf4b857f 3df18a46 3dd92afa bf6e821c 3f6c7c41 beee23a4 3f3c4960 bf5a75bd 3f487a23 bf09134a 3f1769a3 3f438fe7 3f1ef01d 3f4aba34 3e176c21 3f2ecbf6 be39b542 be7b7e88 bec99b0d 3f50c403 bf4ed427 3ec59adf be2efbcb 3e3e651b 3f0ab7d1 bf172f95 3ec1c6da bf557993 3f7b45f6 bf554182 3f7371e7 bf7663ea 3f168ba6 bf35d1e3 3f46d423 bf0743b1 3f3643dc be196446 3f1dede0 be4e8f63 bf1e7b92 becb96f8 bf3bdfd8 3f5041c4 bedefeee 3eb349e6 be875e4b 3f5b9a56 bedc6383 3f488268 3dc4d798 bec23b43 3f6d7c27 3ec7e2fb 3f2c2fae beea8f06 bf2a2987 3f116753 3f07f1c2 be142c75 be962a62 be4803cf 3e40a558 bee91afc 3edb470e be9b729f bda5dc37 be615e03 3ef4f335 3f015bbb 3f08272b bf4d3c10 3f1845ef be6634e5 3d83d79a bf6d0418 3e5b44f8 beaaa293 3df98799 3f2f45f6 3f7351e9 bf5bc671 3e407c49 be82527b bea20f2d becddecb 3f24d3c2 bf059fa9 bf0d03b6 3e9dae8a 3f0d73f4 bf4967f7 bdddb9c3 bea81312 3e51458b 3f571baf bf7d47e0 3f2d87dc bf68263c 3f18a7ab bf51dc14 3f7d2dbb bd69ed26 3dcc97ff bf6d801c 3e9be5ec 3d78b117 3d76957d bf7b99f8 3f2e19e7 bdb6e9cd 3eca82e0 3e75653a 3f22fba5 3c7dce8c 3e88fdf0 bf1329b1 beeadf7a 3ead8780 3ea81aa2 be9bf6ce 3f5e6e30 bf651442 bef7c3d1 bef49bc1 3f5a3bdf bf23edd1 3ca729b2 3b957c9b 3f1a4624 bf3af7f8 3f6bfe08 3e868f37 3e7dcd52 bf56c3f1 3ef7b70b bef2375f 3f0c21ac 3e2dbc10 bf58bde0 3e4384f2 be5e6c93 3f7265a5 be6bd4a2 3e663def beb39ac1 3f7d6de2 3d9af7f8 3a746f55 befb5bcd 
3f2a63ae bf6c53e8 beb9626d bebb7242 3f2f11e3 bbea7d24 bf1f39a5 3f3299d8 bf6d562c be84b36a 3f5abbbc bd879afd 3f37abe3 3f437fe0 bf3807fc 3f1c59ec 3f0b0611 3f765bff bf550df8 be8a7a25 3d95e97b bf08dbc1 3aaa297b becbdbd8 3f2d39c0 bda448cd 3eb36a7c be94930d 3ebc02ee 3da4975e 3f5b29d3 be1fccd3 bda628ec 3f4313a8 bf630826 3f618df1 bde4c8f0 3ec0ab17 3e2c3bd2 bf5b65ce 3f72c7e4 bf52b802 3f3ad817 bf1fd81d 3f5c87b4 be781d5c bedc5371 bed56b24 bf30d812 3f6f918e bf559c56 3ecaa719 be881e85 bedbe744 3e76cbde 3f620215 bdab386a be63358d bf14c75c 3e565e3d bdf9b8e0 bf51c637 bf2e1216 3f09e3f3 3ea02b76 3f155fe0 be22dd64 be8f5a37 bd28af44 beebe790 3f5e460c be8ee2dc 3e5405d7 bea616aa 3f00b537 bebfa30b bef132c3 3f63581b bf2b300b 3f35d190 bedd8f3b 3f38fc19 bf39062a 3f266bd3 bf5899bc 3f4833ee bf3009ee 3f571db7 be5af494 3d8f4797 3ef6eb26 bf7f5b66 3f57f612 bf6cf1bb 3f5451e8 be5bf4fb bf068f74 3e541c36 bdffd943 3e610d23 bd6f706d 3c9c2b0f 3e1b65ca bf0b7b67 3f7b8008 bf58025a 3f41b9d5 bee92734 3e5c5e47 3f4861c4 bf16e3c0 3efaef0f bf7d259a 3f70e23d bf32e9f8 3edcb759 bf33f389 bf034bd0 bf3915f5 bf133dbd bee3970d bee0de87 bcc565d1 3f3a1dfe bea992ac 3e53b547 bf1371d5 3f3803cb bee24e8c be98ba9c be5fec52 3d06cfef 3f02a1b9 be5ea37b 3e72347a bee60303 3e8e366d 3e927e40 3ec7da8c be686cf5 bdbfb8cc 3e91e287 bf391185 3ec2827d bf456001 3ddf0a03 3efe82c7 3f062f34 3f6751ef bf3a578c 3ee14aba bf2eafd7 3ea79e53 be734cdf bf2665f2 3ee8d6ee bf7885ea 3f5c3dd4 bf7f3b15 bf77d815 bbd47f43 be2185c2 3f1c1dce befaf35e be48ac3c bf1247cf 3f245599 3f295dca be4b9bab 3e22b4d2 bef88320 3eabc255 3dd878bd beaf39f1 3e0dac6d bf34a7fc bf27afb3 3f59c3d7 3e11d4aa bf160dc9 3f16d23a 3d9b28ec 3e9b9703 3dd0cab7 be2a2d55 bf433207 bf023986 3f093773 3eee2f1d bf12c5e2 3f74bbb2 be8a9607 3e533c9d bd89496e 3f20a9e2 becfa34a 3e690580 bee51fa3 3f742de6 bd434e1e 3e0b1cb1 bf552213 3f41fc10 3ed032fb bf53b68c 3f6453c7 bece964f be863b6f bec3871d 3ddb4963 3f462639 3b436465 bf20cbff 3efee6c6 3f1ce014 bec4ab26 be7a8660 3e8ba708 bf6ef615 be0a7d4e bf52fde0 3e96df42 3f17419a 3dd33958 be881ac6 bdb84634 bcc6231e bedf5ef7 3ea982b0 3f3b59d0 3e70ad1a be498562 bc88a007 3ec3ab0d bf4b79dc 3f4447f7 bf012398 bdc348a5 bf69960d 3ee1eb48 3c35d34c 3f4f3819 bf479a0a 3e0e2dca bf586a4d 3f7f7566 3de07966 be5c2692 bf2133b4 bd73d15d 3e8aaa6d 3b837d2f bf776bd9 3e826731 3e15c4b0 3ec57efe 
be329dc3 3f62da15 3b093ea4 3f3065cd bf7aa1fe 3f073150 bf3b83fe 3f61c20f 3c98a749 3f2babaa bf67182e 3e99caa6 bf7ccd98 bd92c65f be12a5a9 bebc7704 bf0e4b71 bf23c402 3e332d2e 3f44100f be015be0 3ea7aeab 3f0d97c6 bf0a2df6 3edd930c bf7a81bc 3eb252ef bef30abd 3f1be9fe bf71c3c0 bde239e9 becc7f64 3e88aa80 bf170db4 3ee62e9c be861ec8 bee38ba0 3e26a460 bed86b48 3e544cdb 3ef6fea6 bf1e8bb4 3e83b76a bd6ed3cd 3e947309 bf567dc8 3f73cb8f 3ed592af 3ea25618 bf765801 3f67bc21 bf3b6df1 3f54d238 3dbe99de bd397422 bf5607d4 bd89286a 3eefabc6 3f2085e4 bee30aff 3f199c05 3f0a1ff2 3f6975ed bf78ddd8 3d4566e8 bf509fbb 3f4a1826 bed5eee0 3ed53ab7 3ea74e75 bf56704e 3f7047f3 bf6c845e 3f7b0ff5 bf5cc61f 3f7e279d bcccd897 3bac6d25 beb1ba7a 3d8c97c1 bd2a1257 bf1b679f 3f4a2ff0 3e0b9510 be3644cb 3e1bb4e5 3e13f446 bf740962 3f037d73 befe66f9 be28e549 3f2b816d bee66331 3e619c72 3e910693 be8422e6 3f1e27ba 3e0bfd1d bee95b81 3e897a2f bcf2e0fa 3db8246c 3ed69229 bf615237 3f2cb5b4 bf52efff 3f2a29ac bee2cf36 3efa9b82 bf7b95e9 bcd2e606 3e1f9d5b 3f0841d0 bf292810 3f267dc5 bec4377c 3ed05ee4 3f5c8a02 3e797438 3f0971ad 3f1c1fd1 3e9a86fd be2b14da bee24b3b 3e8f65e9 bece9eaf 3f62dbe7 bf5c61e8 3f0c83c8 3e1f246b 3f39a5f4 bf00b79f be9156f3 3e551d22 be648c8b 3eb32ebf bea5a1d1 be2b24b9 bf6c8e26 3f480810 bf266807 3ee7d71a bea0538f 3f3805cd bd901950 3f0111c4 bf52f262 be500c6a bf62357e bd3eeef2 3d9c881a 3f72060a bf36841b 3e5ca47f 3f25b7fa bea46ade 3edca2f4 bea6dab2 3f6d0fdd 3f057fc4 3f7717d5 bf5f43f0 3f3e8bc2 bf0763a8 3f21a9a5 3f2dca32 bf4c71dd bf480dd0 be855a85 3f6221fd bf42b43c 3f483dfe bf4973b0 3f7f358e be4f3525 3e832ea2 3f3967fe bf287205 bf307fda 3f7ff2ad bf6e4001 3f37d1b2 bf7e1b40 3ea1ce59 3e6155be 3ed926c5 3ec7df62 beee0b45 bf36d589 3f4fabf0 bf779bab 3f02d5e7 bf7fbf61 3f506797 bf7fc765 3efd130c bf05c1c8 3f50a1a0 bf6ecde8 be28b42b 3e67e43c 3e5be50f bf6ff023 3ea71ec0 3df55787 be596433 3e5d6d2b 3da179ec 3f4d1e4e bef06ba7 bf00c1a8 bd78b2e0 3f5719ef bf6fd013 3e19352e bef65b1b 3ef31b5a be39bcb2 3f43457b 3ebf033d 3f645816 bf06260e beacd310 bd94077c 3ecbeec4 beba0a7b 3f4125e5 bec25eeb bc323872 be0354f9 bf3059f9 bda24776 bc0e35b6 3f149e1b be3a154a beff5bc0 3f028fe5 3efb0788 be40fd14 3f31e213 bf4b3e0f bf2441db 3f6e5858 bdbc6936 3f680847 bf47b7cc bec4eb92 3f38420d 3d69952d 3edd8bd8 bf1e7fb3 3e5b6c7a 3f4f93af bebce68a be0fbc45 bf31cf9c 
be4d6bed bf54282b 3e20ecae bf311dda 3f7bb3e5 bf1cddb4 3f7a5f4f bf2dc7ce bf43c3de 3f01e800 bf3433cf 3f457c23 3ee49baa bdd2aac5 3f15c1b9 3ec6ff10 3e02d4f0 3f2f9a02 3e5ac51a bf7f8d35 3e4c9cd8 bf06fb60 3d9334ce bebc0b51 3f238dbf be2dbd3d 3f783855 bf5bf6a0 3ed8da8f 3c24b351 3f1faf98 3ed5cee4 bf25cd48 3f4735a5 beeb5b61 3e7c34f2 3e96cf8c be9e9ad0 3f5413f5 be98d700 bf69b809 3f66da57 bba1c425 bf2ec5b3 3e3e94a1 3f019338 bf2b01e9 bf08598b bd32cce6 3f4e6a2b bedae353 3eedf30f bf46ee10 bf22c9e6 3f6d27db be261cf8 3f1df368 bf72421f be931ab0 3eb9eb2d bf5599e1 bec40eca bf3355fa 3f60e1e3 3c9b1f5e 3e954ad2 bdedf88c bee7f38c 3f057bcd bf5079e2 3f259c1d bf70d1e4 3f3361ee bf2bcbbd 3e55ccf0 becf0b0e bf4f0242 3f125ffc be89d64c 3f421474 bf081ba0 3f371e0f bf77f1d5 bedf8ece 3ed94f4a bf28f582 3f26a969 3ce965c0 3f3d41b8 bf4a8608 3f6edc16 bf63d807 3f0aa7d0 bee85733 3e1c4cfc bf68bdd5 3ef6d6c7 bf619a3a 3f546e24 bf067fa3 3e880e20 bf7c2bba 3f0f13b6 bd2eac24 3f4275cf bf6b45af 3f7645cc bf68804d 3dd8a71d 3f2d8b8b 3f0109c4 bf231389 3ad215e0 3ebc2ab1 bf631fbb 3f5e4c32 bef47a39 bf6f921c 3d50b181 be9092e0 bf5c0418 3d9bf8a0 3e0eb49e 3cd51ed2 3e206c43 bca266fd be8c5e50 3d9677af 3e1fc439 bef783a3 bf615638 3f2ae1e4 3e2c1c83 be88ae76 3e4c3d0a be514532 3e1d6b17 3f03c95d 3e369c80 3f2077a4 bf3adfc4 3f677a00 bed0732a bf158bf8 3c845e9f bee0073e 3f65da0f be2c54db 3f4d4256 3f601418 bf56c5d0 bf0c7994 3f0d3fc0 bdff96ac bdb1c72d bf0da972 3f44666c bf5e6e11 bd1c6ddd bf6e1dbd bf1d2426 3d2c4e3a 3dfab89a beb28ee5 bd9fc892 bf71bfc7 3f6b41dd 3f644632 bd47530b becc86c3 3f0757bd bf122f87 3ee00771 bf4ede12 bee34b43 3f196dfd bf502845 3f4053cd 3eaa99fa be9f12c3 3c826790 be01c411 3f1a77ad be1e6652 bf0e2da3 3ecec32f bf4e9e44 3f61301d 3ee6e305 bf323345 3f45fa0c bea47a5c 3f63c457 bead0a8e 3e81b5d4 3f3147e5 bf510802 3ee2a300 bc8158ab 3ee882e0 bf01fd63 3f1b63ed 3f3875ee bf7419df 3f4bc7ce bf7cb99f 3f3d03b9 bf32dbc0 bed096de 3de10b5d 3f30c1cc beb80740 bef706fb 3f3187db be9c2e43 3f62343a be3f9ceb bebaee86 be986721 bf5d9a2b bef44ab7 3ef64791 be1414d7 3e44bd7d bd8ec7f6 bec4df7e 3d7a6dee be25dbd8 3f07c37d bf1e6773 3f41ee05 3f5599d5 bef5ce99 bf600bdd 3f20be13 3ece1296 bf530bde be0d3594 3eb56324 bf4bca0b 3f627dd4 3eb4bec6 bf0e1d96 beea4fb1 bf077bf2 3f391202 beaa179a bdc1f883 beb47395 bded5797 3f061b7e bf0801b0 3d47f356 bea8bae7 3f0005ad 3f4d3621 
3e4ab501 3f799bb2 be4154ac 3ef41f7c bf5d23cb 3f14b3c6 bf55fe38 3e4cd4fd 3f4745e6 be58e3e0 3f2839ab bef912dc bf36ade1 3ee9fa76 bf75f1f2 be24b4d0 bc0bca14 bf012f8e bf002ba5 3f4225a5 3ebe2acb be9dfa8b 3f168ff7 be72c5fe bda526af be983ac0 bf1b51ca 3f24658d bd6d6d5c bd8f56ae bf2f55e5 beaf9ab3 3f666e03 bf7defcb 3f4781bc bf52604f 3f3671a9 bf0849ac beec22e0 3e9cfecf 3f7f6176 bf6b3408 bc9ae219 3f766c28 bf24a3d2 3e842e34 bc72d7e9 3f19fe36 bdb04abc becadb4a bf1abbe7 3e986e6f 3f2e8605 3f06ddd7 bf16e7df beb6daa9 3eb72e93 3f04afd3 3c85e2f3 3e333c40 3e9cb700 3f594dfc bde08ade bee3baa5 3ddfe7be be867295 bd5b7076 3f4c63cc bf56d5da 3f262dff 3e860e61 3a339d97 3ef8e2fb be617483 3ee0b362 3e919f28 3f390c57 be004b2e bb977ec6 bf4a7e0c 3e6104b8 3e3bf318 3ee77ba7 3f5021c8 beaac770 3f47c649 bf61e24a 3d0db28e bf3f4de2 3f45a178 bea7ba7a be402cd7 3f1901a2 bf00b1b1 3f21a1fb 3ed7f2af 3e844a6c be9fe2ab 3f333172 bf54e9f5 3f7133ec 3eb24f63 3ddcd877 bf381815 bee5cf40 3f6177f1 bf53e022 3f6245f4 bc122a4c bf322a1d bf06a5dd 3f65480a bf5eee6c 3f2331cc 3e98ba3c bf68abf0 3f0eab7e 3f1d537d bbe57edc 3cca9c36 3f5dbe1d bf04f7ab 3eabe6e7 bdd897b2 be6254f4 3e2ed3ec bdc8692e 3eaf4707 bf2081cd 3f48d61b 3f43ebe2 bf368ffd 3edf9b4f bf23afe6 3f6d3c24 bf3f5639 3f0cf3b9 bf7fb34a 3e5cecad bf74d418 3f0063a5 bf521005 3eaeeeca 3f3e11b6 bd77d3ea 3ea5b6cf bf5d7807 3ec17337 bf5a204f bf4fcdc0 3f39dfec 3e55adcc bd0a4e05 bf255bff 3f2d43cc bede82dc 3eed327f be8d02b7 3f56239c 3e30c3df 3f559e40 3ef17be7 bf536c3f 3f76f794 bc214516 3f25b1bc bf43ffe7 bf553015 3f0ef7b8 bf5c19d0 3f0fad6d beda8b06 3edfca8b 3e78fe7f 3f79de2c bf45a002 3be69d30 bda54654 bf23bfe2 3f147012 bdc42aab 3e266383 bf40a98a 3f5c2e17 bf08cd70 3eea3b07 bee42e6f 3d677514 bf574852 3f4b860f bf1a954d be7da47a 3de2a7e4 bf6045d2 3e61fc7c bf213dc6 3ef46703 bc15c6de bf1e075b 3f2e841a becf071c bf2a5fa6 be99fe82 3f1815a7 bea22a6f 3f683bbb bf5ea7eb 3f5cbfc9 3e9fc23c be590d7f 3d43b322 be906e4d 3f7bcda3 bf484bb4 3e865ac1 bf67b9ba be8e6a9c 3f40bbc9 3e2d537d 3f5047f3 3f13f58e bf561647 3f7635fe bf19156b 3cac9e0f 3f628e48 bf2bc5cb 3edad38f bed2d772 3ee0b73e bedf7f48 bf766624 3e923eb1 3f6715fd beb1e9ef bf095d81 3f7c9dae be4c9ceb be3f0478 3e42431c be235bcf bf322bcf 3f6ea050 3da96945 3f11558c bf00d593 3ef532ff 3eeac695 bf0cb1ea 3f4b7ffa bf751205 3f79999e bf3b8226 3f119f79 beaa6611 bf607a3d 
bd83b80e bf36317a bf1033d4 3eefff47 3e15540e bdb75b48 3e6c058f 3f185003 bf4e9404 3d1592e7 bf69da12 3f7fcb4d beada2cc 3f65961b be8a7e11 3f71d863 bf3bbbaa 3f4877eb 3eee5b8c bf5dbdcc 3f0d57be bf7731c3 3f5fa82e bf4555d9 3f2cf3ee be65dd4a 3f7e05e5 bf670db4 be65659d 3ea6aa36 3f3267da bee2a770 3e296bb3 becaf37f 3f317a01 bf270dbc 3eb83e9f bdfe09e9 3f4ed419 bf41499d bf381f92 3f7395ec bf543021 3ed2678f bf107bed 3ea03f34 bef1ef52 3f1853a8 bf70e3ad 3f51c81a 3f78f610 bf4b69f0 befd1b0d bef5df73 3edcdfbd 3ee4f29d bf5429d7 beb78e9c 3d4defc4 bdb69732 befd4af7 bef016ed 3e9482f6 3e3bb549 be21ac36 3e79cd98 bda98901 bf0a8dc8 3f2813db bf2d43d6 be3555b0 be8eab1d bedd63fc 3c65d3cf be8916e1 bf0bddc6 bedeb270 bea56e75 3e8395ed 3f510218 be5aa6a2 beb3d72b bf3be399 befd3f0f be00fe5a bf4ce606 3f6c2656 3e7e2552 3eb75b06 bf72920d 3f72dc05 bf5c1bd0 3f274588 bf180ff5 3c3b58b2 bf09117c becb5f12 3f10f7ca bf71e446 3f1f49d3 bf2effca bf4a2862 3e1fde9a 3f05d5d1 3f43f00b bf7a5fdd 3ea80299 bec6cb17 be14e43d 3f2d15c3 3c80a749 be0bfcd0 3f1659f0 bf3b71fb 3e096c95 3f1461d8 bdb989c3 bf53fe1b 3f365c33 bf6d9019 3ef01b9f be819a79 3de4f9ad bee17f71 3f387bd2 bef00f53 3e446708 bb3ee5aa 3ec89b3a bf665e0a 3b917e38 bf0179d4 3f29eff7 bf05c7e4 3e8c7e9f bf4ca1e7 3f6f0de0 be47aae0 3f37f9d0 3e049b8c 3f0d7189 3ee65b4f bf497de9 3db3e6f7 bf5f55d4 3f436ff0 beb159db 3f730a61 bea91e3a 3f6725f7 bd9655e4 bf2e23ca 3f7d05c9 bf0789f8 3f5893db bf4677b9 3ec5b6a4 bee982e1 3a7c1616 befe8f28 bf0a0198 bf109bae 3f06bffb bef40795 bf308de5 3e5ddeea 3e64c62c 3f1adfc1 beb05a57 3f52f1a1 3de2461a bef14747 3ed3d2ef bf391fe5 bf4d47a5 3f1cbbd9 3ec483a2 3e5e8586 3e7d3d06 bf461fd2 3f2e9ff2 bf2f6004 3f63d9e1 bf67361a 3f27a3df beb1fb04 3f42d22b be31a405 3ecfbb22 bef7db4b 3f67e640 becc6621 3e968f02 3f28617d 3f2265ea bef5f77f 3eef0710 bee16eff 3f1329f8 bf418e00 3f38460c 3edfdf44 3e98caf7 bee6da5f be856273 bed8f20f 3f1c9dcf bf7b67f4 3e995e7c bf4f060a 3f3b69f5 bf5c2ff3 3e4a4bdc bef12e97 3f422baa 3ebe7af3 3f41addf bf72cc15 bd9447af bf106dee bf7471f3 3f7e1b30 bf6cabfe 3dd2dada 3ea622db bf69ff80 3eef6ab3 bd455680 be9c43ef 3ef35f3f be6bb54f 3f213bed 3ee00b22 bf493dd9 beb21765 3f3999bb bf53e821 bd48527f 3f659a38 bf5e682d 3f71abe7 beb4f252 bf12a3d5 3ed11b31 bf625c32 3e9b6ee0 beddb660 bf425fd1 3f5e8a01 bedf3b4d bc693594 3e209d7f bdbaea42 3ea0bf0a bea9ea62 3f4647f1 
bf610e08 3f45dbe3 3f63f3f1 bf27adbb be532c9a 3ed4ab13 bf16cb7c be54c4d4 be111534 3f3045ed 3ebeff0a beb62f3f be746795 be6e15d9 bf4e622b 3f3fa21d bf53afed 3f0e9bb4 bf7db5bc 3f2f71d5 bf334596 3f706e24 bf1b85a4 be876674 3f3611d2 bf4bdc28 be9cf34c 3f2ef991 3f16addb bf65f5fb 3e96870d be9f830a 3f5593c7 bf662809 3f57719f bf19400a 3f1e3e2c bf6c2bf6 3ef7feda bcd6a372 3f4f23ac bf0b6544 3f43add1 bf342dda 3edd5f29 3f16e1e7 bf00a388 bee7b36f 3f67a5f7 bf55c414 bf46f652 3f194a0b 3f17918d 3e894aa4 bed68313 bb270a3b 3f2835d2 3ec57b54 3e3f73c9 beab7640 3f36d60b 3da12770 bedc2b7a 3ee7dafb bf368a31 3f620e24 bf3c63a7 3f5ff608 bf431188 3f728605 be7b3d1d 3f4c081a bdef66fb 3f6355e8 bf05796a 3f797a18 3e9043c5 3ecaceae beef4e8c be98974e be9426ae 3f1aa7bd 3f5d25f3 3e8ebed4 3f2759ca 3eeb6f3a bef7e39f bf4775eb 3e8df2d6 3f2d9233 bf6df9a5 3f621bd0 bf094601 3eb33340 3e66f412 3e2cfc08 3e88ca50 bc50cc77 3e2b7591 3f05ebe2 3a827569 3f7a6ba2 3c98e703 bf1e7541 bf17a3ec 3ef6173a 3f52e22f bf508606 3f300777 bf320194 3ecf2a61 bf1a55a8 b986c150 3e5594c9 be48a4b2 beac6272 be5a65da 3ed706a6 be5f4c18 3e494604 3e1bbc2d bf344df2 3f439a3c bcf03223 bf2d0617 3f31b1d0 bf0a3802 bde71c4f be070d3e 3f194620 3e022c45 3e8631bf bdb8e9b1 bdf359a3 3ede9af6 3f102385 bf6e31f6 3e88e698 bf56edeb bd736e39 bf6b2dba bd0d4ed4 3ecbcb16 3f1e3361 beae7a37 3f1923b2 bf4b722b bf1be9dd 3f253dea bf656402 3e5123df beb056d0 be52fd23 be3ff685 bf136bda 3f6a2f9d bf42a1e3 3f5afe07 bef73731 3f0701a5 3e8a365f 3f045b77 be92a2a4 3f25a802 bdbd4809 3f167763 bf4a9021 3e515d23 be31ac46 bf2403e0 bf148771 3f73ee06 bf7041c2 3f57d807 3f2d4ff5 bee5cb8d beb88ed4 bf481c01 3f2191bd 3e9e8b0b bf2d1230 3f3ed5ff bf0119b6 3e5fcc76 bd502bc8 be82eaea bf1cfbce bd9089ab 3ef79f01 bec9a279 bf3c3fc0 3f4fa5ed bef8a751 bf678c16 be0b6478 bf0b0bd3 3f4a3bf2 bf57c99b 3f4e91c3 be8dce6b beef22f8 bc7943ea bf3a4e02 3f64c053 3e8cba99 be06448b 3f035dd9 bec2c691 3f75effa bd6c8d1c 3de518e5 3f3a0df8 be3e7c58 3ecf1672 bef5567d bf70c1c1 be633da6 3f03efa8 bd32eeb3 3f16e3a4 3f79e59d bf1279af 3e641590 3f0bfd8d be539dde 3df5382d 3ebaf747 be7cfb02 3ed126dc bf69aa22 3f652204 bf14c9d8 bf59d434 3f3255ca 3f0881e5 bf0531bd 3f7a79e7 bf4be799 b9133b37 3d7d709f bf1f0bd9 3f58864d 3d3a37c5 be97cf02 3ed0bf5e 3f27f1a0 be1a2498 3f6869f5 bf1d53e8 be1d7547 3f175f65 bec70374 bea6767c 3edd27a1 bf503de2 3f5f9bf3 
3ee95797 be88fab0 bf6febee 3e8ae67f 3ec71739 bed99ae5 3f0d55c9 bcc7e46c 3f3cc1d9 bf576fdc bd26322f be44ce1e 3f1a6397 3e4b6d46 3f168592 bf0db3b1 3eeb633d bea89262 3eef6742 3df05982 3ec37719 bf16cdca 3f12c809 3ed2e2ff bf63d201 3f602057 bd4c7345 bf457856 3c6cd7ae bd9ae95f 3ed4ee6c bf18bdbb be132cbd 3f1b2785 bf7d51f1 3f11b79e be27ab9a 3f100007 bf3fc1a3 3e947b13 bf1edbeb 3c68c10e bf0f8bc3 3f74dc03 bf046ba7 bf5f0826 3f5cfe1b 3eba8306 bef6feb2 3f246dad 3e14be44 bd9248ce bf028a0a be88ba9a 3f284798 bf4fa7dd 3da2ca11 bf6e33f1 3e80bedd beaa0ebf 3ec7eb77 bf1c1b81 3f0ce972 bedca724 3f224baa bf6e5f9a 3f2b6fef bf1a35b6 3e9de7c7 bec6a2e5 bf099fde 3e9269b6 bf2ccbd9 bf57dfce 3f23a7a1 bf3223af bf6439f3 3f17bb82 be8306d6 3e4834e9 3f21b7ca bf5d3fb0 be9f1ebd bf76a5c2 bef3d707 beb3934d 3e3f4dc1 3f42ca40 be947ec2 bf13f380 3f1c4ffa bd374df6 bf39bfce 3f61b1f6 bf7c4609 3f14b580 bf17bbc6 3e278d40 be31fd74 bf7b59b3 3df8292d bf3119d6 beb1430a 3f073fcc 3f2057e2 bf3943d6 bf0503a0 3f12e1e4 be773401 3e0bcd02 be8d2b4a 3f52181b bedb2a8e 3f3ba9df beadb2a9 3ee07683 3f2263c2 bf29f9f7 3f4dd7cb bf64d81c 3f4cc3c0 be882638 3e3705c3 bf0ed3aa 3f7341da bf476216 3f40c604 3e13e421 3d98491e bf295fe7 3e953f3a bf4731d8 3f28efc4 be81aadf bf460636 3c31bb67 3ed23669 bd93b68b 3f5a9002 3edef3cc 3eca3e52 3e414cad bea75ebb bf4a93d1 3f051db6 bf24a57c 3f79d9e0 3f190d6d bf42b1c6 3f103f8d 3e25fbd0 3f15d7b6 3df04972 3f46ba4b beb4da37 bd794e12 be13f4e0 3eb92668 bf3c0403 3f3cc3d3 bf45c7fe 3ebbb605 bf6e65d2 3e8d4e69 bc68b406 bf35a1a7 3f3bddb9 bf1d2bcf 3f3aabd7 3e3c1dad 3f663be0 bf64e651 3f6e4e24 bed8aef9 bf79ade7 3f3faf98 bda57877 3f75d1d5 bf3af1d3 be1f644c 3eef72fc bef21b4e bcdaa4cd 3e91236e bddfe744 3e935ebf 3f4f57c4 be2ca503 bf24e7f2 3f417644 3ef9531c bf582bfa 3f1d719d 3ef83af0 3eea1f3c 3f3013a2 bf6b5226 3f4491d8 bf7fd2eb 3f4b63e6 be038c08 3f042df4 bcc9daf2 bf2a17b9 3d5ef1a6 bea06ef4 be4ca471 3dac0bc1 bf4425ac be069d1d be8932f8 bf768bb8 3ecb1ead bf209fc6 3f5463c1 3f04cfc2 3ef16f86 bef8d2ae 3ec2a6bc bf69c1f2 bee6e5ed beb1738d 3efd572f bf15c1a8 bedd6eb1 3f332038 bf495fcc be6b7e2f 3f2f221a bc1a448e bf345025 3f1a17f7 3f28bbdd bed2be78 be367c4e bec087c4 bee656ef 3f7953ec befcb749 3f13e3f5 3d030f4c bf3a17fe 3e3f034e 3e5ce39f bead1316 bf0cb9d2 bf21361a 3eee574f bf4113ed 3f69a417 bf45de31 3f02836c 3da59aba bcdd5a8d 3f0455ff bf6b6bdc 
3f1bdfba be886af2 3f4663f9 3e509b9f beed2647 3e853a27 be9362e9 3da6d85d bf65a3c1 3f1311cf be45147f 3f21e554 bf5e3381 be45b4da be778cae bdef55cc 3f088bec beed16f5 3e50155d bf42a7f6 bb070ec1 3d616c69 bf5e046e 3f28a9e0 bf494a2c 3f4b1c04 befd9b17 3f6eefde be6803e4 3eb642da be53ed16 3ecdcb05 3e054bf9 be7b750d 3f12bfd8 3d434dbf bf47add6 3e5f0d6c 3f2903e0 bee3e6f7 3ed716eb 3eebb6bf 3dd066c4 bf4319d7 3eee96e2 3f2e1f9e bf2cc1cc be7c6548 beae16c3 bda6a7ce 3efe33f7 bf29c387 3f59943f bf32a5f6 3ee932eb 3e068519 3eb97ea8 3f12cd91 bd9da746 3eebe304 bf4fb81d 3ec1beb5 3eb1eecf bf46f80a 3f6479fa bf2d03cc 3f33e9b1 be95b717 3e12ac53 3e63d412 3f2997fe bf46fe16 3f765fee 3f786200 bf3b65e9 3f01d79a 3f706032 bf79cbd7 3f20f7ba be2e3596 be9ec23b bd080d69 3f54cdf9 3f26459e 3f7b99b5 be841e16 3ebcf373 bf3ab1e8 3e956f71 3ecc8f07 bf24b5b7 3dc4a8bd 3f308dd3 bf5b5fd1 3f44d3dc bf4f4612 3f7de1a7 bf53eff0 3f4e6217 3f66e9d3 bdcac804 3f2971d7 3e510c46 be73dbe6 be1da39e 3ebcda9f 3ed46fa5 bf2991f0 3f1a7df3 bef2af12 3eadcdf1 bece0ee6 beac132f bee79f1b 3e0f1dc8 bf057d8e be903637 bef95a8b 3f02bfb5 bf0f0ba8 3edb6ea9 bede9320 3e1eab4c 3d34ed7c bea1dec6 3d6dd46c bea73aec bf411dd5 3f7e4722 bf225183 3f36b1cc 3e2765aa bf4a9dff 3f2f01b5 3f58e25b bf15d9c9 3e9d2712 be8fdf23 bf5789eb bf54d1e4 3ea33afd beb63ad4 3e501c9e 3f60c42f be8bf2bd bc84e84a bf19ebd7 bf353ff5 3f4777f5 beee967e bea947ba bf155e0f bed18b2e bf5cd1c4 3f7277cd bf06add8 3f2dc3ee bf639fc7 3f62a7cc bef632e3 beedfb0f 3ea41335 3f7c03d8 bf712dc3 3f439621 bec4bac7 3f5a1a62 bf25c9c4 3e6564e0 bf794e02 3e06b559 bed97edf be4c3c5d bdaad738 3f7a5bee bf465fd6 3e768c6a be8196b4 bed3cef7 3f7881e9 bf60f5c4 3f3b1bd9 be2a741a 3e08e44f bed35713 bde7a793 bf2f1dc3 3ee0f31d be5c6c3d 3e93966b bf7e4dd3 3f3c8216 be85f6a8 be63a4fa bf566612 bebc0282 3e95f28c 3e1255d8 3e5da5b1 be438557 be628c5e bec61aa7 3f1f65a1 3ccfa1ad 3ee1331e bed60741 3f6b721d beb54ed8 3f549864 3d91579f 3f6d23e6 3da8d97e 3f6fc833 bf42c3f8 3e1ff5bd bf7f9f3c 3e472400 bf4ab192 3f72a81a beab2ef0 3f6aae39 3f1b51a8 bf340598 3ec14780 3f1127c3 bf13adaa 3f35fa0f 3e4024f0 bf5b6a0f 3f04e636 3eba468e bf15c3c4 bda25798 bebbd740 3e845e5b 3f6787cf bf0115b2 3e799554 bf40ea1d 3ef3bef7 bf16edaa 3f6e41f6 bf12bc0b 3e57b50f 3d3a7103 3f0f0978 3f53a3f9 bf3fe9ba 3f14a1a7 3e3bfc4e bf3b2fef 3eaf3e1f 3de5e88c bf5a400c 3f206feb bd6fd110 
3e9f4e86 bf6b641a 3e95ff1c bf702619 3f5491fa bf0f7596 3e85127e bde6a874 3f58fc06 bee4eaad 3f316f87 bf7fcf68 3f6133ff 3e5e2d6c 3eae8a2c bd2c5061 beeccf76 3e924b10 3e337c12 3ece4f54 bcbb610f 3f7879c2 be83665e 3ee91326 bda75998 bdeb0bad bf698a2c 3f087f94 bf7d877d 3ef91762 bf09d52d 3d433013 3cd2e22b bf1f95a3 3e8a5a59 bef4f297 3f6f9e4f be29449e bf62e63e 3f0b89ac bc8ae0b8 bf6889a2 3eb5ee2c 3f177fd6 bf55de1f 3ed52b23 bedcc2e3 3f2ea7cb 3f50c7dd bf400dcd bd10f69f bdb5394d 3e0ae48a 3f2871b0 bf64584f 3eaefb18 bf442e33 bdd15c8b bed14631 3e516d31 3dbf468a 3ee38f41 bf72adbc 3f499c2c bf531232 3f3401c7 bf0d35a8 bdeada3c 3ec31f26 bf50a850 3cdde3f2 3f0a5999 bf6f7c0c bf20e3e2 bdaf957b 3ec04ecd bf632dc9 3f35a962 be851311 bed972e2 3f050980 3eeb1389 bf7bbdb3 bf09fb7e bf605c78 bdd61890 3e168473 bd08b25f be582441 3e9bba9d 3e097347 bc1d38d9 be71cd96 3e6bfd9f 3e5e6d1a be40b650 3d5bce21 3dc957f2 bf146b97 bf5903e5 bdc84a6a bf3ed9d3 3ef56f2e bf56dfc9 3efb3edf bf7063ff 3f5e046f bec89ef8 bd84c98c 3def589e 3e021406 bd986874 3f5e9189 3e9c629f 3dc5a904 3e35e538 3f5611b0 3e3aec18 be1f7503 3f074f95 bf3b4610 3f46fa56 bf398fbf 3f587c14 bef3cee8 3f095d86 3f02c7c6 3e2a3dda bf4d7fec 3f46be23 bf6bb00a 3e60c3e5 3f3279a2 bf531c35 bf27f599 3f28c7a5 bf3213bf 3f250626 3f3e5415 3f75b224 bf3465d3 3ef19b03 becb0afe bf318031 3d141492 3f0b5daf 3e8e72c3 3f3c39c1 bf3a0417 3f2e5faa 3e152449 3f3597ce 3f2761b0 3e9887d4 beea6368 3d6b4e58 be9246fb 3f2169c5 bf55cc50 3f3eb046 3f397c05 bf031605 bf07ef68 3ef1f25b 3d4bb451 bf2c8628 3e090d13 bef80fa8 3f63f248 bdcd4c04 3e997abe 3f2a7e0b 3ea54676 beb8bf78 bd5f10cd 3e5a2642 bedb4f6f 3e7aa4e0 3e86fdd2 be4cc5c3 be3ac38f 3dd7c94f be4d4c62 bebbfa91 3f234f81 3f080f60 bf1013ac 3f2bc810 bd97f7cb bec0b346 3f099969 3e749f85 bf2d6627 3e95029b 3f66e1c3 3db958a4 3e54659f befbf348 bda48811 bd9e9840 3f134990 bec5629a 3e20bbd9 bf6b55a4 3ec4dae7 3e3b4c8a bf575003 bdb02723 be4fccf5 bf526430 bee4ee54 becd5797 bf6ae008 3f39f42f 3e49154c 3dbd36fa 3f215bd4 3ee1cb3e bf789e2a 3f3deff1 bf6a8dd5 bf68efb5 3f7e374e bf1551a3 3d81d644 be8152aa bec1b725 3ef34b45 bde4792c be1af51d be290539 3e870e36 be0b5d4e 3f6b09d9 bf0ae7d7 bf38c7f5 3f4f7a02 bf3c1615 3f3797ed 3e04ea96 bf1fc24b 3f612203 bf680a0b 3f1c35e4 bedd8b07 bed402f0 bf1fd37a 3f2bd7c9 bf3f5265 bdcc69cc 3f57fe2c bee5137b bcfdd884 3eca36b4 3d26d10f bf52763f 
3d447191 3edc6af7 3f482432 bf07a7e3 3ec13ab2 be401e5e 3f4d8803 bf756fa2 3e388468 bdd1e764 bf436e06 3f3ba80e be8599c9 bf3b6a25 be6e3d94 3ec4bec1 bdf04a86 3e802270 bf4dc39b 3e86bae5 bf060df9 bf536e31 3dc968ad bf28021d 3ed7b6f0 3e7cdcf3 3f519a15 bdedc850 3ee642c7 3e4ea579 be8f6f2a 3f0585cc beb5bedc 3f4fce1d 3e4d9dcf bf32f187 3ec24b16 bf2e2a03 3f7aadeb be5bd4c1 bf00839f 3f4e403d be246d8f bf2dfff9 3f7bd99e bf5c3440 3f38c81e bf454441 bf11db6f 3f1339b1 3e0d2d57 3ea53a03 bf083b82 bf260dae 3f40e3cc be2cd565 3ef6be88 3ee1f2fc bdd21c41 3d82071e bdda85b5 bec796cb 3f1bad43 3e1e5dd3 bda05a82 bd5f5368 bd26151a 3f05a749 bf0b2394 3f7e7fd1 bf2b91ee 3e264d5e 3e526531 3f5ac420 3ee4230a bf7235e6 3f4ecdf1 bf64aa17 3f6eb9e7 bea71ec5 3d241265 bf5e7a06 3f6a67e2 3eba42a8 3f661a29 3e6346d0 beeec3da 3f368beb bbdb6377 bf5d71e4 3f163dee bf3d27ee 3f394607 bf6ef408 3ea4df01 3d88e7cb bec88abb 3eb8eeb9 3f13a5eb 3e989f79 3f285594 3ef53f73 bf02a588 3f6ae3e6 3e93ab25 3cb25ebd be8d65fc beb1d78b 3f3af7b2 be928643 beabfeba bd27cf7b bf0c9553 bf6b0bb3 3ee96a73 bf0fa7ae bf45103b be0245c4 beab7b48 bd2ad292 3eb6d675 bed516fc 3f36fe05 bf6cb9de 3ec54afd bf0cdda1 bf68ba14 3f153587 3f025941 bf2d55a8 3f6adc00 bf3d3b7e 3d197456 3e994695 3e94ae26 3dfbca0f 3e1c34dd bf09a1b4 bf4083d5 bf2da9e8 3f0f037d bee49e84 3f5aac22 3e9c6abf 3d163756 bf37300c bd9f384e bf3cab88 3f00d996 bf314189 be698500 bf3ccbd1 bf01b1af 3e464bdd be951624 3f3311e4 bf2333eb 3f122f65 bd481451 bf273d76 bf3d637c 3ef5db4d 3ec29ae1 bf7989d7 3f5cb412 be015516 3f04159a 3c1a3e01 bf301dc9 3f1b95c4 bf631a50 bed74fbe bf1fbbeb 3f465205 bf5baa20 3f4337bb be8f6350 3f276805 bf6845e4 3ea9a675 3ea342a8 be8fef15 3e812ec9 3f1f7b90 bf670c08 be9266f2 3f34adb1 bf7c5be2 3e600cd2 3e28f4b4 bcda209b bf0727b5 3eff72a7 3ead8ae2 bf6c49f4 bd8ba8bd be4bc64b bcb715b2 3f6993b5 bf4953f5 3f263e37 bef7fe72 3e5f86d2 3f7d7bf5 bf3603da bd9ed942 3f49961c 3e153403 3e9fc663 3f4a83d6 3e4dcc4d 3f780812 3e24d47a bc4b2e4d bf0627d8 3dc93ad4 bf2645dc bdc038f7 3e936a5f bea1ff54 3f1523e8 3f3493f6 bee3db05 be700db7 3f37e5b0 bef81b5c 3f540a07 bf7747e0 3ebad2df 3f0e1bbd bf59dbce 3f5c31ea bed0dae5 bf6449f3 3f4b5bdb bd759314 bea5c716 3ea9be6e 3cfba327 bf1cd3e2 3ee0aa95 bf2b87f7 3ef8ea68 3dbf851e be588e5d 3f79dc0d be5ac4e9 bdae081b 3f5b542f bf0293cc bee94746 3f4ae400 bf5e4428 3f5babf5 bf3acfbf 3f509442 
bf2a07f1 bed70796 bf50fe2c 3f1e8ff8 3da9cad2 bf3c35c4 beaef713 3f43fdc7 bebbbeb8 3e5c3c8c 3eeed31d bd064cb4 be7aaef9 3f4da3d3 3efca73a bf6d43e2 3f544fb5 bf1a89df 3f4cca06 3e0be53f 3de0b93c 3f3809f3 3f2e53e0 bc45409c be055587 bf56d3e5 be877f64 bf10a3f7 3cb8d48e bf05638e 3f654bee bf6d7986 3ef59f19 bf6bc249 be601cfa 3f3f45ad be9b7f2c 3eba62fe bf025d47 3e9cae89 be486df3 3f4431fe bf74f812 3f3f4be3 be828a19 be3b4d22 3f0b362e bdfc16e8 3e8af6da 3d8768e0 bf174fed 3d58f285 3e8531f9 3f054fc0 3def0b08 bf2359f8 3e0aacee bf76740d 3f6b0df6 bf69f25d 3f5e1611 bec45a4f bd58d1b1 bf35a413 3e3a050c 3edf8ec6 bf3495bc 3f34819d bf71cfb3 3eca8b49 be1e15d6 3e8a6721 be74b410 bf4a8dce bec376c9 3f09abb8 3ed02306 be5ca4ab bea8fe99 3cbfa933 3f2641b7 be7fb45f 3ed32b21 bf5a2209 bf6c6c17 3f0b3fb7 bf123c1a be1b65f8 bd971911 3f01e391 3e8dbdf4 bed6c365 3f6ece1b beb26ac4 3ee48b1c bf03fde7 3f0e33f3 befc6b14 bf35b1c4 3e0e6d47 bf44bbd1 bebca6df 3dc839ee bee1e7b9 bf491400 3e53cddc 3e6ebbff 3f0e43de bf4fc403 3cb892d5 3f327b5e 3de8ea13 3f06aba2 3f445016 be436d91 3e9c72c0 3f733422 bc9fa857 3f6cf21b bf3147e8 3f01ad7f bebae68c bf0d79b7 3f4829ff be38142d 3f42d9ab 3f2295d5 bef08673 bf78d7dc 3f61dbdc bf4daa48 3f6665b7 bf1b17de 3ed90f0e be81461d bf18f19b 3e6f84fb 3f105bc9 3f0e5bab 3e94b6cb bd896a70 3c2a2fe5 bf34d1e9 bf2bf1dc 3f4d5bc1 be733e0a 3f7915f8 bea8bf64 3f3f1f98 be33ab38 3f76ffe0 3f17bddb beb34a91 3f011d85 bf07ff9a 3f00115d be9f92f3 bed5e706 3df0c956 3f5273e3 3f42e80b bf7dc33e 3f13dba7 3f1841c3 bf65128d bdd0a853 be1d4bfc 3d71cd48 3e48dcd0 bebe02d9 3f20cbbc 3f72f624 be9916f6 3ef43388 be39e3cf bc95d822 be4cccb1 bf0f35ee 3f78f016 bf1f89be 3e7f367a bec416ad 3eab6687 bf7f0568 3f7c875d be164c95 be5be498 3f6801ee bf13fdac 3f13d767 bf27b9d5 3ed622dc 3e09bcee bf4127d2 3e318313 3f40340b bea3331d 3f15937c bf7d7b5e 3ebef785 bf3175a7 3f1b3fb2 bea2dbb3 bf3f0a1d 3f0abf50 3e068e83 bf2cb34f bdd8a91f bf3681a7 be396d38 bf0ff7b9 bf4ed9f9 3d0231ab be671deb 3e5e0c95 3f1c835d beaefba6 3e766e40 3f13bc12 bf308bf2 3e928297 bf5199d8 3f0065a3 3e0023fb bf4493c1 3f60df90 bf3f7832 3f33cbe1 be1ba538 bf1a2da5 3f785bc5 bf79c614 3ea9de54 3f6db9ca bf59ee32 3f2a27fe bd84e696 3d1b2dcd beea031c 3ed44eec 3f53fe02 bf0591c4 3ea422c7 bf1f6b82 3e9866ab bf721dee 3f3369cc bf2717d1 bef7c7a0 3f7797f3 bed19b9e be56255d 3ed2deb4 bef8474b be41a4a3 3eb6370c 
3f0743a8 3f4c9bff 3f1fb7b0 bf46a234 bd860864 3f7225ba 3e076cda be5c8de7 bd93086d 3e4e86d5 bdc3da2e bf37ec07 3f157fe9 bf6e93da bd7a0d03 3e62ad01 beaaeaa1 3e8d3e68 bf2ce9e6 bf062fb9 3ee4eb1e bf6417fc bf3a31f9 be1f5cbc 3f507213 3ea65ade 3f4dcfe4 3e116591 3f018fcf becdf70d bd9647f1 be26441d 3f4fa405 bd06efe1 3ef08359 be035e17 bf532bdc 3f75a001 bf4af1cf 3ebdb676 be473c7f bf548fcf 3f3309c6 be98ff28 3e64f53c bec7b788 3e13fd66 befa779a 3f3eb44d bf244c01 3f0a6da2 bdca9913 bdacea8e be95ee10 bf3f4032 3f4461c1 3e4fd42b 3ea7761c bea306be 3e9a8e98 be68e500 be56a3e8 3f6917d9 bd0a9534 3eff9b65 bf66e61f 3f7f072c bf6597da 3f48dfd3 bd8116ed be2ef526 be12ecfc 3e856a7c 3edfd73e 3f21d1ba bf0a45bd bf611a10 3f3e7c1f 3e40b550 bf2b3bc6 3e119c5c be88f6e1 beb4caf2 3f7b65ce 3d1d32ec 3e985ab3 bda284ea 3f1fa9f0 bdd9ba3c bf0aa5a2 3e5965c5 bf14f9f6 be1645a2 bf18f812 3f5a5a12 bf75cff2 3f78b414 beba46f1 3f72a624 bdc02a93 3e817e5b 3ecf0285 3f1e71c1 bebb3746 3f518fca 3ebfbae9 bf6a3212 3a4b4ee7 3ea9fe76 3e846639 bf423bcb be1a053e bf7ef195 3e3cd3ea bf3467c2 3e23543b bf2a1e29 bf43d401 be9d82e3 3e60d51e bf02b9cd 3f0715f2 3f504e1d bf27fffe be8952b4 bedaf72b bf678e21 3f689202 3f2a97af bd96c8e5 bee9ebb7 3ec96713 bec62a70 3d8d7930 be582bc5 3f7b2b7c bf34e3ba bdb3a91e bf6ddbea 3f0b07cb bf1a2fb4 3ef2bf1f 3ee242ce 3f2b61c0 bf13878e be1563a9 bf0493a2 3e1c457c bf3da230 bdf3b9e4 bf66c99f bf10b1ce 3f4b2a09 bf071ba7 3f11118f bf771be1 3f2b99b7 3f203188 bee5fb51 bf33afec bf164fd1 3f7723e0 bf60203d beb25a99 3f2bffda 3f17a5b6 be8fe29f bec7b369 3f4efbe6 bf13f1cf 3c72c28e bf4a41d7 beb016b3 3eea4eeb bf78fbc6 3f6f4ba7 bd023785 be547b96 3f0183c0 bf5ad829 3f5d9010 be9ba269 3cfb25b1 3efbbb2f be3b7cec be2d659f 3de2c9e2 bf618a0a 3f307fda bf4b0a6c 3f34a68a ba99d5b5 bf1ff41f 3f60eff0 3eb65ed4 bf3a77fd 3e7afd90 bf4dec27 3f4d63d1 3eba2ef6 3e273c1b bd9a173f bda095f2 3f4ac621 bf4c8da6 3f232b70 beb896ae 3f6a3ded 3e736d2a 3db21933 3f67a9e0 bd5d3515 3f3f2c14 be88764a 3decd825 bf335db1 3f3a035d be9e829a bf5f7c0e 3f37e3a2 bc9c1e6e bde80b25 bd7f5263 3ea8cf09 be890e6a 3d992934 bf1df1e9 3f0c9a03 bf2ae800 3f4655f1 bf782792 3f47aa02 bd3c0f6e bf4d73c3 3eb7aadb beeb2b04 be822ad0 3d9e0967 3f087994 bf2575d9 bf3643de be921ed3 3f717ffa beec0bbb 3f3d4fc6 3df95987 bed9aaf0 3f6bb9b9 bdc3f93e bf530dec 3f5d1bee beb05376 3e9966ea bd63cfbe 3f495fda bf4ef5e3 
bea3f214 bf4039fd bf24db91 3f7a03f4 bebff367 be2cc5c1 bf66c3c9 3ef1c750 3d33eca9 bf491791 3ef8a32e 3d5eb01a 3f07417a bcfc23b0 3e867f08 3ee28317 bf24c5c7 3f3067f2 3de958f8 3f767809 bf483612 3f5d3bfa 3f1b3bb7 3e0cdbf6 bf6d1835 bed3b1f5 bf5a948a bba77345 bf0dd3b6 3f687420 beb95b5e 3eef7aa0 bf7dd3c3 bd39cb68 bd2e8ef3 bee38253 3f70ac20 bf13ab8c 3e2825af 3f0cfdfe be714447 3f639a42 bea5f2d9 3ccd6225 bef492d3 3f70dbdd be91fe93 be967f8e 3e8d7a82 bf13559a 3f0c499c beb80edb 3e47cc2b 3dd2491d 3f549a1e bf065fe0 be8dda7c bef0fbc0 3f016fd4 bee7e742 3ece5e9a bdca8723 bf4571b4 bdf276ba bec4021e 3f388a05 bf697812 3f445808 be68a53d bef78f14 3e968af1 3eb982d5 bf211582 3ddd198f bf788de0 3f4d382c 3f2c97df bf764c0d 3ea3faec 3f37bdc4 bf0a7d7e 3f500a04 bec86aeb be61dd27 3daae9f3 bf1a8191 3ef3370c bf5e1194 3e377594 3e6dfe31 bdeecae6 3f5f19d4 3e76ecf5 3c7a2bee bd9398f9 3e12d50a be8c2235 bf352f93 3eb29e6e bf767dd6 3f467c1d bf4da627 bf238b96 3f1cb7e6 bf34abff be9736f1 3f05b5ea 3e205cb5 be7e0d0b bd8566da 3e6d74d9 3f28b7da 3f469a2b bea71ac9 3f7d1bd0 bf040dc6 3f312413 3f657624 3e93dad2 bdd3779b 3f3e481a bf51ca2f bf75c208 3f17e3bc 3e652e02 3f3b6e20 3eb6a281 bf17d025 bf3399b7 bed49eaf 3f7615fa bf3a87d6 3ef65f6b 3e4fed77 bec24acf be45d49a 3e76ad9c 3e75c6b1 3f3427f6 bf2e53e8 3f15c7cb bf1c3e41 3d834762 bf745ddf 3edeeee4 3ee2f2c8 3e75f5a7 be792d72 3f59abd2 3eeb7308 3f2acbd3 3ed316d6 bf32bbec 3da7e7d9 bdb3780f 3f4775f1 bf0545da bf7221df 3f612e47 3e9defa4 3e0c34ed 3d0838dd be104537 3f527bb9 bf472a0b bf534012 3f7a8f5e bf14afc1 3edadeae bf2ed3d3 3f5b75c9 be101c9e 3f472020 befe970e 3f6ff002 bf463c36 be8f6b4c 3f5b93ff bf6aca02 3f0f7fe0 bdf019ae bf0917d8 3f1fbf91 bee467b5 bf071fd4 3f46eda3 bebfeaee 3f56bdee be52e5bc 3c8a6ddb 3d0fd1c4 beb42e97 3eca72df bee0030d bf17b5da bc734bd9 3ee95f0f 3f170212 bf13bb7c bf48c837 3ea7ab26 bf2c7f83 3f2489b2 bf5e77f2 3f5eedff bf4b4429 3e132d2a becabaa6 be99a3b3 bead8721 bdd476fe bf00435b be300393 beb2e33d 3f2393dc bec9261d be07bd0c 3dc00d06 3f5669a9 bec78718 be8bba80 3f6f27b9 bf4199dc 3eb05a56 be8ebe15 3f71583a bf052f57 3f670010 bf4b0c3f 3f2ab9bd 3c434f7a 3d972b8c bf2cab89 3f65dfdd 3e2a34c5 bdd26cfb 3f6cbc0f bf1aafbe 3e0bedae 3e9c368c 3f6a87f5 3ef8579e bf662009 bedc32e2 3e8e9ee5 bf570bab 3f12d9a2 bf433b91 3ee3ef7c 3d61d342 be13c4db be9a276f bd376ed3 be012cf2 bf263397 3f2ee7be 
3e80aad4 3f17d992 3e39adff bd934bdc bedcbefb 3ee352fc 3f4c91e0 bf03f5ba 3ed3585e 3f42b7a3 beefe70c 3e91aed8 bf61281a 3ecaeade bf6f31e1 3eee7af2 beb3a285 3d2650a9 bf2b57f0 bf1181cf 3edf36e3 bf04edd5 be7d8dbe be1e4c23 3f4451f1 3f588058 3edd371b 3e99926d bdc0595e bf3debd6 3e99cee6 bd184f4a 3eb49ece 3f148f4e beadd2a7 3f02c9c9 bf0637c3 3e97a252 bed9532d 3c7439ba bf723c39 3eed375b bf46a473 3f0a33d9 3ea82e9f bf66a1ff 3e45e69c 3f49dd8c bf19fbc8 3eefbf80 bcf75b18 bdb34704 be980b27 3e3cccad bf0e0603 bde05822 3f3569c7 3e28acac 3d7171ab be713cbb 3dd1c6db 3e0a153b 3e8c2bbf 3f6d1bdc bf059d43 3e400e33 3ebde6b9 bf021f4d bdbb97d6 3f107996 3d087420 bf4a506b 3f79ae1d be96beb4 3f4785bc bf2c43cf be916de8 3f533a5b bf1b999f bf3577a7 3f0f798c bf3e659e 3f7045d3 bf756df1 3f50b639 beb5fef4 3e11fdc8 3f214586 bee0724a 3f638236 bf6ffc10 bf0791be be6064f4 3e017c5d bdc4db77 be3d346f 3f3421b7 3d8b98f8 3efabbcf be912f83 3ec78721 be175c80 3f2ac7aa bf0b4178 3f49cdf2 bf1ad5f9 3f1c2fc2 be8ecac9 bf12e3a9 3f739803 bf5405e7 be82ee42 bf2a99ed 3da7088c bf5eb3b5 3f2e479b bf36100e bf6bbbff bd690f75 bf24c96e be176436 3f155013 3f529008 3e3d0e6c bf62c477 beae0a8c be69cca5 3ef6241b 3ef17787 3f4289de bf1b9fcf be558cb4 3f2367e7 bf7c9b6b 3f58c3e5 3de0489e bf1af5f2 3e10dc2e bf0a11c4 3f002186 bd946752 3ddea9c9 3d8f98aa 3f2b09f5 bcc89e26 bf4883fa 3e085d33 3e2d247a bf501c58 bf4325e6 bed73a92 be0b4c63 3d7e92b9 3f57a217 bf7ad620 3d9245d1 3e25d5e3 3f3ddde9 bf402424 3d97a6ab 3d148f5b bf345fea 3f6e25e8 bf6fe1f8 3f7473fc 3e6adc64 bf13b5a7 3f1c0596 bf566466 3f5d93ff bed82f41 be4b157d 3d807864 bf0db97b be626328 3f0553d0 bd04f5d8 bed6a69d 3dc4f9ce 3f1943b1 bf54441b 3f7a0005 bf2e2596 3e45eda3 3f287dbb bf0a69dc bd4f2b0a bea516a4 bedaeee3 3f20dbde bec5f246 3bf59336 3f0babf6 bed8b317 3f6e49bb 3ee0176b bf6dabf9 bdbee756 3db5a947 3f760628 bee62780 3f690c1d bf08159a 3eb06ae8 bec43b4c 3e87fe9e 3f7823d5 bf57cfe9 3f2563b5 3edfa78f bf0cf379 3f4b1fdb 3daf078b 3e18ce20 bec28ef1 3f022595 3e36c46a bec0cf9c bedd9ddf 3dfb7a32 be10a5f3 bed44a92 3e6e6469 bc07bb5d be939323 bede2789 3cb2e3e4 bf239ddc 3ef767da bf148581 be5e454b bcf9eb0b 3f1b4596 bf198bb2 bf0ecbc4 3e8f5e72 bf679f8e 3ecb0b3e bec96b31 be3c1b9b bf7db9bf bf21dbbb 3f60d818 3f62180d beccbed1 3f0753d8 3f00298a bf65cdef 3f174dc2 bccaa078 be8a7284 3f1b7db3 3e7b8cab be8efe8f 3f66f5f9 bf397c1b 
be88ee8b 3d4e74d0 bef3a29c bd8bfad1 3f2e35fc bf2b5ba4 bdfb4a63 bce66353 bf05af8e bf54eddd 3f1091d1 bee1d6c3 3e423463 3f31081f 3ebfc367 bf1a8777 3f699be4 beeb6f92 3f606e73 3e801b40 3e0e2455 be0823c8 bc60c154 3e2d94a7 bf6e6e06 bf0c41ad bf26d021 3ad9fcac 3eea8efb 3f17eff1 be8de22b bedef35f 3e46cd69 bf1fcfac bdcc784a 3ef18e98 bf6c6fca 3f5fbfde bec6c24e 3f6d33e8 bd4111ea 3f2ecfb1 bf1b83bf 3f323be4 bf73c826 3f71b9c5 be9fc65e bf38c38d 3f02df7c be4e342a bed21af4 3dfce977 3f4a85c2 bee78b16 3d7832b4 3f12df8e bf1f3ddc bf50ca14 3f3d95cc bf1769fc 3f0aff6d bf2873fb 3e127c67 bf7c099b 3eb6d29b bc8ea29a bf3149a3 3f68c1fb bdda0790 bf1a93a5 3e56b57f 3f037f6c bf7e4561 3efaaad1 bf557ff2 3f4341d9 beaa1eeb bf054b82 3f43980f 3f1571aa bd87e6b8 bee2ab4b bdd38b10 3f45fbc0 bf3bee13 3f675fe2 bf7f3550 3e8f4262 be661d69 bf5e8e48 3f5d9dda 3f79f1e7 bee19349 3d48179b 3e4cdc6c 3e0ce5e2 bf5135fb 3ebd4aa2 bf7a2a06 3f6641e1 bf7149bc 3ec7bea6 3ed5473c bf2eb7a2 3e09351c 3f0d33aa bf727c42 3e289cb3 3f641e3d bf6dc80b 3f04bd68 3f0d53ad be30254d 3f3577f9 3e87f246 be6c3d1b 3e68bc7e 3f6dac0b 3e84fa0a 3f2a8d69 3d93c9ab bf038fb7 bf27b1f4 bee42b17 3f2023e3 3f5efff6 bf513fb8 3f0095a2 bf4bbfcc bf458f92 3ece6ebd 3eee8ad8 bf72c5d5 3f61e006 bf20540a bee47a95 3f5dd82d bd760f49 bb905c5d bec34ea4 3e605e15 beae5f1d 3e5d9cd5 bf47c7db 3ee3d728 3de8c7b8 3e4cc4df bed06309 3f7aac23 3f319fcf 3e75cd86 3eacaf2b be1b3d13 bf2347ae 3f7b93e2 be0c160b bf07f9fa 3ea48ae7 3ce0e586 bf113bd2 3f55a823 bedd1349 3e22db88 bee986ed bea21729 3e03db65 3dec8714 be1e44d8 3e56ab97 3dec67e4 bf0fb3dd 3e7095ec bd9388b8 3f4a2038 be61842d 3db5d9a0 beb452d0 3f6f7a04 bf1091cd be645cf6 3ee3df5e bf1929f9 3ee66f79 be1b4bd0 be9bae18 3e8562a2 be3853e2 3f7189f5 bee75adf 3e66cd68 be8bd27e 3f170e0e bf7abc5e 3ee83b25 bf3ae3ff bedd7b9f 3f23b80c 3da4562a be30be35 bdd906ee bf1ff7e1 3e2ecccd bf3f69ad 3f593244 be831ef3 be3a5cfe bf7e27a1 3f069f4e 3eb08aa3 bf77bdde 3f3cb3c5 be65238d bf5b2bd0 3f2eede1 bec7228c bb28eb89 bf29d7dc 3f7ed962 bebc3302 3f45377e beda6ac5 3f5af623 bf1a33f7 3f0f0d7d 3e83c67c be0343af 3f77cdc6 bf05b5b1 3f54e3bc be4b4dc9 3f50d5fd bf25cb81 3efb1b80 becbaf3f 3f648a28 3ca5e759 3de42a63 3f31bda6 be7db50e 3f48a282 3f1d93d6 3f54abe4 bf66fe06 bf7c8f54 3e8afae1 bf4d5dc8 bb8a75a7 3f2ff3ff be8eb689 bf446591 3f7383b0 bf52f422 bed81347 3f12bde9 bf751df7 3f1db586 
3ecd32c9 bf1167a5 3f2765f3 3e7d7c38 bf6a61df 3f7ae208 bf432e50 3f2545eb 3f27c9ee 3f1affbd bf05abe5 3f6143f5 be53f5a8 bf596c27 be64e643 3e9d329d bf028bf0 be24c404 bd91e73b bf5113cc 3e260def 3deada7e 3eec96bf 3d26918b 3f4a75d7 3edfaf48 3f02c5ab be33fdba bf23ac34 bf2fb7aa 3f4ed9a3 bd3614a0 3ef472ed bee62315 3f7c35b3 bf69f413 3f5eb000 bd4e2e93 bf38f1f1 bda7b89c bef722fb beaca688 3ef96e84 bee41ecc 3ee2be87 bf0985d2 3f658c2f bf063ba6 3f2429e7 bf0df163 3f740063 bec36a6d bf2143ec 3d9ec915 3f0ec99c bf64881e 3f790bd0 3eb22ea6 3d0e727a bf011371 3f719828 bf492dfc 3f4381bc 3ed85777 beda0e2d 3f3715ca be5d8d1d be839afb be4c2465 3f6ed7c0 bf5f73bc 3e0594ff 3f490bfc bf049002 3f6509ea bf4e0420 3f440a08 3ea936f2 bf4e6bdd bf3067ed 3e049411 3f787bf5 beab6700 bec052cb be15c4ef be907f17 3f4f1973 beba96b4 3eb1625f 3f5a7a0b bf38c027 bf6d9c20 3e8c0686 3f1fb995 bf771daf 3efebbc6 3ddd979e 3d98ba25 3e63c47c 3d7f0da0 3e9eb294 bece2769 bf4ce3df 3f7695bc bf2cefff 3e04cb1e 3e8726ff 3ec66361 bf752ff5 3f0f67a6 be24bc7a beffec0c 3edc8f53 bf3bcfc0 bd958754 bece2ef2 3f1a19c2 bf747bfa bf5921dd 3e566d22 bf44042f 3f37adac 3f0d4fc1 3e242d67 bdafa81d bf69436d 3f47e37e bece3b7e 3ee872bf 3f652fd6 bee16aca be210d20 3f5ef3db bf3e7c10 3f5d83ca bd0d10ae be0284cb bf35ac26 3f479bff 3e64040c bf01db77 3eed774f 3e830268 be635539 3e4eb4ea bedb36aa 3ec0bedc be465f2d bf22b3c7 bf07c3a4 bea87ae8 bf1f11b0 3f2417d1 bea9d70d be9b3df4 3aee9710 3edf2f93 bf1b59f4 3e947ec5 3f1fa3f2 bf5e0207 3f36f1f7 be3f54c8 3efe5425 3f41eff4 bf29e949 bedab717 3f68d3d9 bf4cadf2 3e7165df 3dade807 3f52f9de bf12adc0 bf48e41f 3f604ba1 bf7a7ff4 3ef80ac6 bf0a2fa4 bd64afc1 3f44e9fa bf62803b 3f6903ed bf168db0 3daa2b58 3eac0a0d bf0c7189 3f190bb8 bf6807f1 3d9c39ba 3ecd56f9 bee5eea3 bd841687 3f2f158d be9815af 3f569a2f bf0a71a5 3f2dafcf bf2aaf99 3e740d4a 3d624e28 3dac88d3 3f3b77c7 be393623 3d87e665 bf1e45cb 3f7d51aa 3f0dcbf8 be5ed456 bf2969c6 3f012995 be546bd6 be9072d3 3f7847c1 beed5fb3 3d8f06c8 3e3b1bf8 3f08a1f1 bf4db5d7 bd1010b0 be5e6530 be4dd5af be97aece 3e41e41a bf5e35bb 3ed50233 bf2417d1 bd1ef066 be9c65f0 be9e8ead bf368c03 3e56059f 3debfd1c bf5f1c13 3f4971c6 bf363bd5 be9ad2e5 3dac27f1 bf4b801c 3d8059ee bf451fe7 bf0f27db bf2c6610 3f31cde5 3f697fce 3e74a742 3f37afe5 beece395 beaf8338 3ed6ce9c 3f040d5f beff229c 3e4fcbd1 3f3d7c24 bf3819d3 3f7ca378 bf33bd87 
be791586 3ec3de63 bea6f315 bef186cc 3f3c6dc7 bf1ede22 3f64a7ed bf393237 bf5289e1 be1e5397 bde5490f bf332e1b 3ea93a8d 3dbfd754 3f75b00e bf1e5610 3f528427 beea4b49 3f6e4c2f be998301 3f2955e6 bf48f7b3 be73b655 bf34edb7 bed03abf bece1e91 be01068b 3e4454d0 3f673216 3cd75b1f bd5a2de4 bf514210 3dfe2784 3ed006c2 bf7d7960 3f52bbd6 bf5091db 3d73cfbb 3e9905b0 3f492023 bea276d2 3f71f1a0 bf6cf9be 3ec15ed6 3e66a589 bf2bae2c 3dfed8a3 be7a54ac 3e8fae93 bf160018 bdcd2986 3e910205 be05cd37 3f44aa2e bf596811 3ee22356 bf0d1f61 bf6f03ae 3f42c810 bebb26f6 be2b2daa bda69779 3e669e0a bf552a06 3f1199c4 bf37877e 3e337483 3f1a2d95 bf0c119c beac5208 3f78eddc bf3a15fc 3e31259e bf46ae03 3e8b22af bdf89a66 bee386e8 bed26663 3f470432 3f5565f2 bf2747c0 bf00c3b3 beab8652 3f5dc02a 3ee0e759 be5a8cfa bf065770 3e2ebd65 bd5b90dd bf6fda0c 3f1043b8 3f3ae5bd be5da418 bf043d5b 3ecbd6b9 3ea4e294 bf2dd3e1 3f3529e4 beca02da bf190d8d 3e631bdb 3f346182 3e1944b4 3de5d987 bdcb5696 3e8bfee0 bf48782e 3f3821fb bf2243be 3f627055 bf3a919a 3f21c59e bf0bfbc2 3e84731c 3ed9c310 3efb0329 bf68a81a 3f5c6824 3f6a31b9 bef8fb0a 3f797e20 bf586ff5 3e2bae66 bf5087b7 3f7f233d bf2f75d9 3f1f1601 be938638 bf02259e 3e2ee48a bf2549b9 3f016359 bf7a39d7 3e59357a be701464 bf11fdaf 3f113ba1 3ca5a35a be67d5a8 bf198798 3f6cc026 bf5e9e21 bdabac87 3e5845bd 3e217c08 bdc51848 be2d9bf0 3e93564b 3f041f95 3da979db 3f754c44 3e440501 be95078b 3f1a3bd8 bdf589af 3ea3b661 bedb2735 3f1881d6 becd7b1e be9cd353 3ef35af0 bf751bf1 3efb5f60 bf51e9ee bf338a22 3f30cff4 3f2bfbf2 bf66c1bd 3e9a0af0 3eacf2a1 bee10e67 bf38f819 3ecfa328 3f25b9e2 bf37c011 3f4d562f 3ebeded9 bf0ec182 3f41c9bc bf531818 3f32eba6 bf5d5656 3f6a6e41 bf5095ff 3f49c3af bf030f88 3ece579e bebe4aeb 3f6e97f4 bf75adc3 3f1fe9b3 3d4e4ebe bf0afda4 be5c1cae 3e2f6c7c 3db61824 bf50b03f 3f691dfd bf369be1 3f435dc1 bf36e1db 3df8aab7 bf3fa3dc 3f4545ec bde50767 bf1caf7d bf2d1e14 3df43b15 3f602e7c befb1380 3f6033c1 bf7e0d7f 3eda8ef8 bf3fafcc 3f6393e1 bf33f5b8 be229ca3 3f02798d 3ef67ed0 bef5bafa 3f71a5e5 bf0df99b 3f72bc67 3d2c0a48 bc34431e 3ee65713 be6a3cd0 3f09e7cc 3eefca76 3f46fdda bf35c42c 3ec49373 3f5d27f3 bf29a978 3e8d8e9a 3ed32743 3e2cc503 3e5aac8a 3f292bf5 3eaece87 3ed6a3c8 3f4097fc bf3cc7d4 bf1975f7 bf3ce960 bf0461b0 3f6bfc2e bf155fb6 3e2645bd bf5bb849 3f26f3e4 be07ec65 bef9529f 3efcf366 bf6593c6 3f44fe21 
be987ed4 3d2051eb 3ed2c79d be7fed66 3f1527f3 bf4a3386 bde96907 3edf4357 3ec1ca95 3f0e558a 3ea18b34 3e80167a 3d2b4dd8 3df6e81a bf6271e8 bbe77a17 bde49a07 bd068b07 bf284fd6 3ea30002 bea3e2e7 3ede3f35 3f265dd4 3f2663ee 3f15a7d3 3bcaa331 bd4bce04 bf2e15f3 bd2f5218 befe6f0a 3eaabe12 3f2f1039 be7724f4 be8076d9 3f1a9dc5 beabcf10 3eea972a 3daacba7 be6c7c7c bef5060a be837b2b bed2c6ab 3f75bc39 bf7181df 3f34e9bc bc9421c5 3ee3cf6b bef36b17 3f04e3db 3cb9e8f8 3e750d95 bec84e5e 3eed5b42 bf009955 bdeda633 3f131da2 3ea91a4f 3f7c1bba bf65ea1d 3f03d175 be1cf593 3f36e1c9 bf6203b0 3f3747db be953734 3f24b1d2 bf52ee44 3ee07f33 be699c76 3f1a03cc bf47a59b 3d52d3b8 3ef74ec6 3e9efb91 3eae82e3 be844e5b 3f1a09b0 3ea59e1a bf523e43 beb08e87 3edac659 3f1d5d9f 3ec016c3 bf6b9ffd bf27c24e 3eee72d8 3f13557f bed72312 3e2085bc 3f047d80 bca39de8 bf30adfa 3e5a83ba 3ee55b8b bea78e02 bd74efa0 bc96e2fa bf064f3e 3e6b55df 3f662244 bf036bb2 bf684a4d 3ed93a74 bf5ab7ec 3ed9a6fe bd18b218 3e7c6b70 be886712 3cf3e2a7 3e982f02 bf3d1619 3f63aa6e beb4e714 3f29da29 bf56f5eb beb6534e 3f4c2e2e bf453c3d be0dbc64 bf1087df 3edb9a66 bf342867 3f45f21f bed772ad bd02eefd 3ea61b31 becb6b9c 3e495d03 3e54d568 3deff831 be2f2d51 3f5183f1 bc46be12 3f51282f bec55b36 3f094ba9 3dd7d851 bed48eec 3f436d81 bf187999 3ed7571c bdc2cb42 3f1371a7 bead1a70 be757c52 3e518df2 3e416c4f bf256b8a 3e203d4f bef92efe bf4c8f77 bd9b6c34 bedd2e98 3e48a58c befbd797 be966eac 3f244395 bf65b5d3 3f5dec32 bf1f57c0 3f21d3e4 3eaa3657 3d4e0fc2 3ef0db91 3f236f72 bee47e8e bf343e4c 3eb706f3 3f0f897c bf760a53 3f6ca01b bd96b64b 3e97c2cb bea1f75c bcab1c9a be845b42 bf68043a 3f4db003 be912aa9 bee3a258 3f7901b1 bf783dca 3f56d9f2 bf40e5f8 3f1953ae bf5db410 3f64b5aa bf2305b7 3ebaa348 bf0f9ba3 3f4fdfb4 bf7c5e34 3f794836 3e1abcc0 bf586821 3ec9f34a 3f2cadb5 bf7ca567 3f589a57 bf3f1007 3eb422d7 be34955e 3f600438 bf7eed76 3f060998 3ed83fbf 3f094984 3cbeebc8 bf0d51e3 bef2c7e5 be02f3ae 3f205589 3dc57a8a 3e0d5bd5 bf3061bf 3f7bf62f bf2a5df5 3e54bcde bf55e811 3f28317f bf53fc28 3ea03a92 bf7c4dc3 3d5b2f96 3d1b6e76 be9472c7 3eb9aa6f bf146392 bf5da042 be61a4f3 3f1b67c4 bf24a9d6 bf2b1811 3eb3fadf 3e539441 bf543fce 3edb3b5e bf1c5daa bf27cfb7 3e0ad310 bf211d84 be57c435 3dcfca64 3f65842f 3f096d67 3e55a4aa be94a2a6 3e6fa56d 3f05b9da bca9213f 3e01d384 bf3753de 3f690005 bf3c9dcf 3f50901f befc6441 
3f6c0bc9 be87f1db bf0cc1a8 3eae0ef8 befe038f 3ef14726 3f0a9f66 bf17d3c1 3e2a2d73 bf72021f bee04327 3e944e7c bf4ce80a 3ee19af0 3b5d19f5 3f729bbf bf3d67d4 3f6f3dc0 be79ec57 3e38fd22 be70bd8a be254d3c bf4959f3 bf0207ef bf2a479c bd5c73af 3f6e3a17 3e79ed7d be4e0d33 3f00e38c beb352ec bf2a45ad 3f6eebdc bf7b8dd4 3f6a9867 bf7507f0 3e892e4a be192cf6 bde19877 3ed386b4 3f31e7d8 be1eb429 bf24f39c 3f631fe1 bf5c084b be926e69 3e880624 bbb47314 bf3bc7e4 3f28c9f5 bf0213cd 3eb531f2 bf08278b 3d23737e 3f6415dc bf775fbf bf2dd7ef bf28ebd4 3f231605 be086e52 3b4cb869 bf4a1016 3f48bfe3 3e2b6cea bf3611c5 3ea9076e 3ee45ef2 bf0dedd2 3f00cfce bf466232 3f548222 bd336fa2 be0c1d8b bf39dddf be252ccf bea6232e 3ef10fbc bf7ce5be 3f72821f bcb825b6 bec246eb bf0d8572 be8b7f58 3f73ac01 3eadd704 be3d7c91 bf61ea07 3f6f1bd1 bf0a9dcb 3e62e45e bf447216 3f7fe749 bf24eda8 3d50cef7 3b23903c 3d8707ac 3de81c30 3f7bf010 bf59f602 be28fc75 3dc6fb23 3f684444 be663c58 3ea122b5 3ea511e3 bf4fd85e 3f48c44e bf017dbc 3ea4e656 beb49ede 3e2c8c24 3cabe669 bf62c27b 3e80b286 be290d38 3f47739e bea95303 beafcf1b 3f6777ea bec58b30 3ed18363 3d7255fe 3df158be 3e508c21 3ea8ef48 bf4b7e17 3f48bdb9 bf36dbcb 3f39b81e bf5c1def 3f423ddb bf6dbd9e bf3293bd bd644c44 be9ea2e7 3e46dd3a bf5537e9 3df20659 3e25c3da bbfa6134 be0f0528 3cb49fd9 bf2bf7b9 3f269f9a bf09afeb 3f2f25af bf44c3ef 3f7ff709 becf7308 3f2ac578 3e952702 3f5ac64d be4cbc1a 3df879a5 3ec9066f 3f1cf003 bf65f81e 3f4335dc be949f13 3d72b5d9 be829602 bec5ab4b bf304fb3 3ef41710 bf6b53dd 3e83e701 3f500622 beef0f1b 3c10b719 be77f6f9 3eb64b19 beaa766f be9aea86 be5a14a7 3eedeae5 3e9aea72 3f424585 bf7fa0fb 3f6ab99d bf2bc3b6 3f2a99ad bf56a207 3f74a7d8 bf6f71dd 3f7019e8 bf2a8fb2 3f30d3ca bf7a5580 3f30a19c bdad7991 bea4bbd9 3e9141e9 beb9cd7b be322bcf 3f78dbdb bed7d749 bee7fe98 3f24941b bea7d673 bcf59e56 3f2ae5d5 bec79a9d be793494 3f3a9002 bf574660 bd57ecc7 bec7f720 bf0d3174 3f65e1f5 3f1c49d4 be47b45f befdd28d bed595f6 3ef03767 bd9f4c0a bdbeb6b0 bdf84b4b 3f6fb425 bf3d7b4c 3f37bf87 be471cf3 3ee01f55 3f0da1e6 3de4c979 be25fd48 3bb37d66 be9c5e8e 3f1697fa 3f776dd8 be8d3a75 be903263 3f0ebdd1 3f47f215 bf350ba9 3ee48ef1 3c1540a8 bd8d899c 3ed3ba4c 3f5bbbff bf5f2609 3f66f1e8 be84d785 3e38cd6f bf21ddbd bef9aa4d 3ea3a711 bf70ebcd 3f05415d bf7e9bac bd16f347 3f61a7e8 bf3a7c19 3f54a7fd bf40fc14 3f1f4808 bf1bd225 
bf76b9cc 3edff34f 3e33e51d 3f026fa8 bf12c41b 3efaff84 bf5a2b8f be3efd76 3f372dde 3e2c2cb8 3f254fa9 bcf19cba 3f11b5a7 bedff22e 3ec8ae19 bf7c359b 3f0933d9 bf6ac628 3e9d5e4c 3e6f25ff be9cfee6 3f64dff4 3e29dcbd 3ee4035b 3f6fa5ed beeddb79 bf473a00 bf0c4da6 3f69780b bf4e51ec 3f45d842 be16e4e7 bf0cffba 3f54b402 bf4dd267 3f1fbbd8 3e82b2f9 bf03bda4 3f50b3de bf5e3bfd bea69af8 be1214ba 3f5a57cb bf7557e3 3f750819 3f135ba2 bf7b9faf 3f5601eb 3e418674 bf25e7ee 3e899a55 bde78847 3f6b6dd0 bf036d91 beeffb49 3f1ca7dd 3f64f620 3f5fffeb bf69380f 3e56ccbc be55fd68 3f6567a8 bf32a7ae bf0d8da6 3f7af434 bf712bbf 3ea20605 be850b1e 3dca37af 3edc1ecc bf5fbdfa 3f030f71 bf1ab1c0 3f6d5417 3f0ef5cc 3d88c8f7 bf2e2d97 3f3853e1 be86073a 3ccce55e 3e167507 3f7941f6 bf2dedc2 bdc8a802 bf32d19a 3f71dc0a bef97f1c 3e9a6a9a bf1b8bc3 3eceab45 3e834394 bea2227e 3e33c448 3ed0466f bf342a34 3f460dbe bf4e85d9 be9f2aa1 bc753cdb 3f3549f8 bf2eebc3 3daaa916 bf343ff6 3f3bf5fb bf5e3f80 3f3a5795 bf60e615 3f1a2779 3b829c58 be98b1f8 3f61d643 bf3a4a44 3f78d7e4 3e94ef15 bdfee775 beb6828e be7b863a 3f75346d bf773fe1 3f13d5ac bf28cf84 3ddf36f0 beaeae5e bf1a51c5 3ce9e2df 3de1a9e8 3f08af8c bf77d655 3f4e1663 bf1707cf 3e818e06 3ee55695 3f0feb9a 3f5e0636 bf61fa03 3f592657 3ec8aaba 3ec6df33 bf691439 3f4d2038 bf59ce00 3f7b8bde bebdb72e 3ee79e72 be39dcfa be0f0d1a 3ea027d3 bf1f3b66 be45ed63 3ce5e289 bf21a9fb bf475e54 3ef70b23 bea05784 bef35b01 becac702 3f25cd6e bf0a4f92 bd24702a 3eb75ebb be9fca68 3f43dc06 3f260da3 bf3d480f 3f4b260f beaae6c5 3d011143 bf2237d1 3f4a3639 be5e8e84 be2f43df be062e4c 3f353447 3ec34a4b bf1de5a7 bed52275 beefb2b1 3f64d41a bf723435 3f51960a bf7f2f55 3f713fd5 bf19f1ea 3d14cf57 3edbf3c0 bf2e3996 3ef3b6d6 3cb12f48 3eb25f03 bf443a2f 3f77c803 bf04fb75 3f0131da bf1609c1 bdae780b beef8f52 3f49d622 bf3261c0 3ec3f296 be1bad76 bf1293b8 3e88b279 beb9bb35 be574c92 3f65abab bef6cfbb 3f5e6207 3e8d9ac6 bf31f171 bf3f49d8 3edb8330 3f46dff3 bee1ab2c 3f24b9dd bf2b715a 3eb0473c be3434da bf213fc8 3f18a99e beba6abc beb5db47 be0cfb8d be9d46e2 bf05c576 3f2affc2 bda74685 3ec93f3d bf13cf99 bf5c0fff 3f1ed9c7 3cbc6a75 bf479c0f 3e485d5f bf21e3cf 3f4b0c0a bf4c29f2 3f40dbd8 bf73d3c2 be5c4ae2 3f6d918d bf5057f9 3f58bbf9 bf57c20b 3f5455df bf0eb5d7 3f2423a3 3f2d97f6 be07d40b 3f5997e0 be18d4fc bf61e00d 3f5013b0 bf74a1ba 3f161d7a bf3527d2 3f539205 
3f590dbd bf0c6f7e bc909d58 bf3d7799 3f2c9f9e bf1dc5ca 3f797822 3edc2e89 bf771605 3e0c6d1c be84325c bf69a822 3e89ba16 3e047c68 bf02637e 3f3513cb be0f65bb 3f4bdfc1 bed65b7a be8dcaa4 3e913a37 bf5d75c6 bd815893 be6b5cc9 bf59622d 3f2ce1d9 3eee52ff 3f0ffb7c bf411be8 3d43f54c be6d7531 3ee57628 bd85e65b 3ea042ab bf124dde 3f2c49d4 bf732e14 3eb7e27d 3d33b30a be1a4de2 3f7e875a be437d88 bf190b91 3f29801c bf6ef881 bed506d1 3f3d23f4 bf689613 3f0a79a9 be0d3c58 3f5795f5 bf70a3e8 bf2b0d84 3f5a9a4b be16ab91 be843a7b bf750215 bf46fc1a 3f0a07f7 3e63dccd 3d8684c1 bf2897fc 3f52c802 beb42b1c 3f268baf becc3b4b 3ef162bd 3b89b63c bdf1bba3 bd79f0fe 3f0723cb bf1479bd 3f5ca45e bf3b97cf bf5339e7 3d8188d9 3f5797fb befea376 bde8bb6d bea0b67d 3e163b5b bf53aa39 3f2cd815 3e8ceb57 bd2a3057 bf253399 3f623fde be9fab5c 3e710d48 3ecfb3a4 bf5dfc03 3f3c7ba1 bf3fb415 3dfbe8a7 3efb0f78 bf445fd7 3f312005 bbaf8f97 3f00e7dd beeaabc7 3d3c8da6 3e6dad85 3ecd0f82 bf784210 3f627a7c be395c3f 3f515bc3 bf7823e9 3e670b99 3dcc53ce bf6c79c4 3f13ffc2 bf075818 bf39399e bd88087c 3f46ac07 bf0bbdbf 3dfbfb50 bf28d9f8 3f749fb2 bee666b5 3f1489c2 3d7651b3 3f18ee11 3f375628 bf6a4a14 bd844879 3f5065ee bf4e4e0e 3f6e0bcb bf4befb4 bada97b0 bef156f9 bf71d820 3f63ec8a bf5a1254 bf2fc598 3e529587 3e295d2f bd7751c0 3e8786a9 be6f2e25 be5f62e3 bee12b5d 3f0bf9de bf2c3fee 3e8711ee 3f0e83b3 3e02a2e7 3e77a555 3e31150d 3f41c3ed bf16d990 3e8f366c 3f54cc24 bf17c7f5 3f0bd580 be200bd5 3ce2a014 3e7b85d3 beee373f 3de70850 bf785579 3f1b6189 3d6f4ff7 beee0325 3ec86ead bd55b318 3e89d6a0 bf1dcbff 3f7e9f9f bf113a0a bde3d98f bf72e5b6 3f62204d 3ed05787 3de64722 beea5efc 3ea92269 be433cf4 3f4e2607 bf7dcbc0 3f368019 bd392e1d bf0f5db8 3f1f8e24 be9eab15 be618ca7 be405d55 3ec93680 bf3d95f1 3ec63ac5 be595463 3ec057b0 3ee2ab86 be0fa3bf 3efb6b6b bf51bbdb 3f5957e7 bece4289 3f2b3805 bd9675be 3f4e3c4b beaae326 bea0c34c 3de478a2 bf28cbc7 be9992e4 3f3699ff 3ec6e7a1 bf000b2d bf0bf5c6 3ee856a0 bf59ec3e 3ec9ef8e 3ed777b0 bed616ef 3f69a036 bf7d4988 3f502bc2 3be08157 3f0fb9b3 befc2bac 3f7c7971 bf4155f4 be88528c bd8679b1 3e245cd1 3f4e4c56 bf7f6f3f 3f4607f4 be8272ee 3effbb32 3c0f29da 3d352f67 bf1d6fd9 3f5f39ef beb066e8 3ead5f2d bf3f876e be173533 be09b3c5 bd873851 3f5433b4 be83126c bef653e9 bf197397 bf11abda bdad1b0f 3d437452 3ef8fef5 be8f2f02 3ed2c343 3e7fa55d 3e2cecd7 bf323bb1 
bee1130b 3ea296e1 3ecfd6b4 3dc898e5 3e99dbac be8342c3 bf21ca0b bebfd266 3f56bbdf bf07d59b 3eef92ed 3f750fe2 bf039fc0 3dfa47c1 3e3b8d35 bd136ded befb2b99 beb34e60 3eb4e6a0 bda0c8d8 3f18ffe8 bece0aa6 3f7e8347 bf05d378 3f5d6010 bf7d29d1 3ea99e0c bf4955f7 3f069774 3f33b447 bf180207 3e18dc70 bf1fafda 3d4a90f8 3eba02ea bf2b3803 3f74fbdc be4693ea befceab5 3edfe42c bf7cfbce 3e21143f 3eb3f68b be2fd4c6 3f51e1fd be6275a2 3f580c7e bf78d412 3f096377 bf2eea18 becac326 3f79ebd5 3ecbbad0 bf1a53ed bcaf9b47 3f5b37ec 3e729502 3f5261cf bba29c41 bf54d5e7 3f2a03a2 bf7995cc 3f709bea bf414220 bca66792 bee4a65c 3f0a7da8 bf5d63cb 3f4e23b8 bf7f311c 3f0f33a8 bc783a58 bece2b5e 3dec37a6 3f60b7f3 bde24799 bf2f9ba1 3dc0775e 3ec67700 3ed36fec 3d9a38a4 be946f24 3eb726b0 bf70741b 3f565025 3e19ad9f bf618e0d 3d00cfd8 bc79d2ab be84a2cf be48bbbc 3f24cdba be3ddae6 3e46bd51 befc071b 3f3ea60a befeb7a4 3e93e6eb bf354c28 bdb8a9a2 3f607e30 bf6fd459 3f05f00e 3f122751 bf0fd7d2 bf1141c1 bee8128a 3f765dc8 be565cb8 3e93d720 3ed1776a bd2bb304 3dc71721 3f5a83e2 3df5e8c4 bf0969df 3e9bc9a5 3e8a56ce 3e8dd26f bed51a50 bed8d389 3e635677 be9e164e bf0f59d7 bf4a75c6 3f3d863d 3e6bbcc5 bf17abc3 3e40c512 bed11b40 3f614be9 bf1651b1 3f742fea be9fdad5 3f2e4026 bda3287d 3f374454 3de1f8dd bf158db3 3f004b57 bf11a378 bd6cf497 3f3ab5e8 3bbd7a1d be6cbd7a 3f707a3e bef983c1 befd23d5 be186c7c bf2bf3c4 3f16e799 bf50e440 3f70ca2e bf73f9c2 3e3a3453 3e3d4576 bf4fe428 3f37545e bf29025e 3e7a5dce 3e55ed6d bed78ad9 3f7eb56e bf2497d1 bd37d05e bd544e79 3eea331a beb18673 be8b3656 3db8164d becfc794 3e6b0509 3ecb0ecd 3f066fa9 beafeea8 bf7bbf71 3f3fc9a5 bed08f4c 3f37c3eb bf73e63f bcbddd9b 3ee86ee7 bf0455b2 3e682568 3c63c13f 3e96d333 bf13d77e 3f4e101b be480b75 3e026c20 3f264bc2 bf75d211 3f52aa0d bf55063f 3b8767f4 be933aa1 be85037d 3f2aa9ae bf55abad 3ed38b29 bf35cff8 bdbe99b9 bf74100c 3f0af1d9 bee4f30f 3f50d7db bda3d8c9 3f1063c6 bf684c98 3f1887a0 be5bbd00 3f253197 be8e5dee 3f343418 bbad97dd bf658253 3f160ba4 bf32a3e0 3f5defd9 bf668ba4 3d089064 befcfafe 3f4d123d bf7f0f25 3ee79b22 3f1499fe bd45175f 3cdd5dfd bdbed9dd 3dcc389d 3d91d7e4 becf76c8 3ee4d7e4 bf68d61c 3f4c43a1 3d9527d0 bf1a5fa6 3d9ff888 3f06e57c 3e826f04 3f15b59e 3ede6aaf bf208984 bf17d996 bde767e9 3f58ebd2 3f0cd784 3ecd7eda 3ea93265 bf518db3 3f3701eb bf17e3fd 3da4f852 bf70b7ff 3f0ca3dc 3e80867d 
3f3ce399 bf7e1d7e 3eb92a98 bf50c7f9 3e15dc8d 3e277c9f 3f1f9c20 3e1ca451 bf165373 3f5d6437 bf75fdf9 be25eece be52d479 3f18838c bf73759e 3f788fcb bf06f54c 3f69fc22 bf31afbe 3eeefe5e bf7f42ec 3f64d7fc bf6d4e25 3e78b503 bd961aed 3f0e7010 befbab59 3ed87ef8 be427635 bf14f5a0 3e64255e 3d9ef7fb 3f707210 bf162393 3efa46b5 bdbd9878 bf0acba8 3eb97698 bd747147 3f1dff90 be2b3d12 3f0465ee be72ae12 bf299fb6 3e411b39 bf358e3d bea52e13 3f4c605d 3e241519 3eae7efe 3d0aade8 bef57a73 bed3d753 3f0ac36a be5b3c6f bf7d57c0 3e4d6504 bf6f47d6 3e972a08 be2094bd 3f0f7be5 3f22b9c7 bf68c64a 3ed5f2cf 3ebc06a4 3e9b1e09 be9bd6b6 bc43334c 3f030387 3dfac77d 3d28f2d5 bf2687b3 3f12c21d 3e014b60 beffced6 3cb01f02 3e9a4e71 3eda1ec6 bf1ed7ac beab39f4 be4cb501 3f6e302b bf264bbc 3f003b9f bf03d175 3c64a2db 3ecb06b2 3f68d9dd bf629a1a 3f5e25d6 3e822ec8 bf4adc1b be077dd4 3f4d01ed bf5f4c4e 3ed21af7 bf05fb6a 3d5191c9 3f0cbd9f 3ddd8945 bf0c6dc4 3ea68636 bf1133df bee7cece 3f0441dd 3f5ea3f6 3e8975e2 bf45be0c be424c9f be936eed be3a8569 bd921987 be76eb7f bec7fb11 bee7029b 3f294797 bf495c11 3ea73f70 bf3555bb 3ef49f43 3f7d1fd7 bf6e424f 3efb4f7f 3ea86e4b 3f399bfe be94db33 bf0d7e18 3e97071f 3f40b9d8 bf6c75f9 3e9795fb befb4ae4 3f2dffe5 bf294204 be44bd92 befa2815 3e19cc85 bf141351 3f441612 bf3221a7 3f712c87 bec6d31b 3db2b9fe bf2163f5 3e70a51d bf6c1be6 3eab2a90 3e86ef4f 3f545dbf 3d20154c bca76a86 bf1ee9c4 3e8ee6b6 3ddb7676 bebed6f2 3eb7ea8a 3d675415 3ded2707 3bb9a012 3e415d58 bedffbb3 3f69de57 bf54197c 3dce7b37 3f735a28 bf496c55 3e83923d bee25fc9 3f6f0419 3e8ca6d7 beab4e98 3e8df6dc bf654fc3 3dcd78f3 bc3d5862 3f7a4fe0 bef7126b bf0549bf 3eedc776 3caa65a7 3eecd371 3cfc5e96 beea0fb4 3f591638 bf7649d0 3f076b82 beaf6b33 3eb142d3 bf463fb9 bd31d165 be021d34 3eb0f25d 3df218b4 be96d2a4 3f0ca5c2 3e9bf654 bf084772 3f4aa020 bf14a19b 3f14459d 3d278f7e 3f7ebbb5 bb878978 3efd3ba1 3d48d63a bf26ffb0 be85431c 3ec0af86 be868bd0 bedfee02 3e9b59f6 bee9cb65 bdb5f836 bed07aec be6df421 3f7db17e bf103b82 3eea937f bf0557b3 3f109b83 3ed69a32 be8a9f72 bed116df 3f202592 bdc48abf befa7f3b be97537a bc18bb94 bf2195fb 3f5bda33 bf6c7bd4 3f595bf6 bf491bb3 3f4f4c3e bf1f0f62 be2dc538 3f40e5d6 be9cd6f0 bf1dd17f becd82e7 bf321db8 be167644 3f06bbd1 3f17d187 3ded178d bf65b7fe bf1a3ff7 3d9f9a9f bedfe67c 3f28b3ef bf2413a8 3dcb273e 3f1f51cd 3f151162 bf17c185 beacae55 
bf088a01 3f3e6be6 baba548b 3ef5baa7 3da2d96f bf230208 3e1db5c7 bf108da5 3ee4fbba befdf75c 3e47bc1d 3f4d6c32 bf6b1d93 3f61f461 bf33400d 3ea07af2 bf0d67dd 3f02518a bf11e1a7 3ec6069d 3e0c0ccb be1fbbf9 bdf9eb52 3f116b42 bf325201 3d5b7273 3c886645 3f475df6 bf68d830 3f5df9cb be3e3c65 bdc8e94c bf67f20b 3eae1737 bedce6ca 3ee99b59 bef22798 3f3a65e3 bf5201ee bebb7e40 3eda9eb7 bf686819 3f41b804 bd8a2a27 3f649796 be28be0f 3f2f09ca bf7ce7c9 bf2da5e3 3dbce7ea 3ec22e52 be8d0ac5 3ef87af0 bf0de18a 3f756ff3 3e04353a 3f11fc22 be4dfe4a 3f1fee0e bd776d70 bf62dc13 beee5322 3f2449d7 3d97b60c bf248996 beb06a3d 3f3aae01 bea4fe86 be851707 bf3fdb45 3f23a1bf 3e8acaf7 bde3f6aa beae4f15 beac3792 3f40f1c1 bf28afec be5b24d2 3ecc9750 3e824799 bbed6a22 bf398658 3e206520 3f07e614 bed09e33 3eab4a8d beeafecc bf5f61e3 3f416bcc bf646e11 be8f96b3 3f7519d1 bed5270e 3d89e7a4 be320bff 3f62b62d bf005bc6 3f5875f4 bf7d2d61 3edf96c1 be96029a 3f33c5d3 3e09dc93 3f0df1f0 bf3929d4 bf3539f2 beac0e95 3f26e3be 3f088582 3e762572 bcabdfc2 3e5f9d24 3dee77a4 3f0d6791 be8f9355 3ea8a702 3e8aaf0e be9446db 3f585403 bf3609d8 bf595db2 3f3dbf36 3d4b7437 becece77 beb00683 be64f427 3f6c5fce bf0a5f7f bebb33ac 3f05c979 3ebae79f bee96f1d be1865c8 be47a390 3f7de3bb be466c93 3ee8bae5 bf30abf3 3f41563e bf3fad8e 3e94beb7 befc4b4b bd7b6e8d 3f201c1c 3ead3ab2 3e6a7565 3f095750 bf3fc82e bf0acddb bea1ee9e 3e953ae4 3f7f471a bf41658c 3f764ffe bf035fbb 3f2069b4 bf722864 3f2981ca bf3d321b 3f06e9de becaff43 bf3015e9 3f41d3c7 bf167bc7 be41ede7 bd2af155 3f0c1413 beb13ed2 bed7b280 bf4ebffb 3e81daa8 3f302fec be820ab4 3f37a822 bf2a83a8 bf4381b7 3f3819f6 3f09c965 bf3861a2 3e82d2f4 bf0907a0 bf01b7af 3f49b3ae bf53162c 3f239bad be0323b4 bdcd78fe bdc809bb 3f27e1c2 3ef64b5a bf2fe3f9 3ef7c2be bf74ae0c 3f7c93f9 bf15e9e3 bdc1793e 3eeb5f98 bf7517d8 3f0cf7aa be032c1e bf1a19aa bf6395c8 3e74ae7a bf622483 be0cc356 3f788a15 be814e4c bd242d0c 3e6e5cde 3f7fdb63 bf622830 3f4f5424 bda4084b 3ef48a74 3c9e5fe1 bf29bfc5 3f0dd794 bf3bd7ef 3f4d502f bf72e9c5 3dde3750 3e611e6c 3eaf56a0 beb77efc bea8369c 3f0aed73 3e96fb4b 3f166c1f 3e4dbcba be637400 be2c6c55 3f3c3fc8 bf43840c 3f39d027 becb06f9 3f042bee bf6aee33 3f154bf2 3ee2eee2 3f314191 3f1bbbaa bf19cd8c 3ec72312 bf73edd9 3e839ac7 3f57a04e 3e8eeb92 beb827c8 3ef7d75a bedb9b3d 3f56f5f4 bed8a674 be4cf4eb bf637431 3f6a522d 3e220463 
3ecafef9 be8546c4 bed63f7e bee0c2d2 3f3261f6 bf17e9a1 3f66ca0c becd1ec0 3e545e3f 3eeb5784 bf33e36b 3f526a10 bf46ac56 3f44126f bf1153dc 3f6f35d8 bee3a6d1 bdeeeacb 3e437d10 3d11d059 bd2b2cd0 be044bbc 3f363c21 bf4df807 3f0defcf 3e432521 bef09bc8 bf0285d1 3ee4eed1 bdb668ec bd98390a bd279486 3f38d400 3f0ac198 bf7ca38d 3f6089d8 3d890649 bf321627 3f68402c 3e645dae bdffc995 3da778ff 3e8e6204 bf56de03 bf0419dd be00dd01 bd0e543a 3f3d17ee 3f6681eb bedc960e bed8ca58 3eecbb08 3e3694e2 bec52b21 bf0b4d57 bf0ec5a4 3dfa59c0 bd932c39 bf3303ca 3ed23afc 3f059363 3f5077b8 bf6ec048 3e3192ff 3ef23eb8 3e5635fb bf416208 3e9aa72c 3f08c3a8 3e992b44 bd8e68d2 bf67ce10 3f156d9e bdfcfa0a 3f59362a bf14bf91 3cacd88f 3f4827d8 bf5ebe22 3f21536f beade695 3f57da0b bed2e729 beba5295 3ecde356 bed8befd 3f44da28 3e4824d3 bdf9664b 3f7793c6 bf1ac80d 3ea4b728 bf1a0358 3f1d91fb bef2828c be475ce8 bf1bd013 3ef9af93 bf1dd75b 3f5ebfa7 bf5a49fd 3e160c8c bf4fe840 3de45876 3e955eae 3f6f4e0e 3d2f3118 bedf2359 bf08538e bf144191 3f03d564 bed38320 be8fd728 3dbc4953 bea4c2ac 3e689b5c bf50f002 3f435002 bf7ffad3 3f340b9a 3f4f9e13 bf3d97ce be268726 3e056d01 bce2e576 3f07e395 bf6021e8 3ec1171d 3ea58a35 bf56b209 3e962324 3dd8b9a4 3e91f787 3eeabb87 bf368e06 bf21e779 3f61267f bee93ef0 3f212bf5 bf49b217 3f6d61f8 be4014d3 3f496fea bf758413 befa0310 bd032ff6 bf5e602a 3f6fc9e5 bb8f439b 3f6ad1ce bf6e0ddf be5886cf bf0b95ca 3d9bb844 bf732009 3f6ba624 bf2277b5 3f5c6e0a bf564852 3f6dc9eb be295d05 3f4dae32 beb902a6 3eabdf3d 3f04eba3 bf4a2a4e 3f0b03e0 be72ecc4 3f2447f4 3f73d9e1 beabd31b bf4ea014 3e88f66e bf1d51ab 3f7d6176 3f0b09ca bf597205 beb02ede 3ee50f2b bdc94adb 3f1ca3f3 3eab4e1b 3db74762 beaadeca 3e87665a be5c6568 3ea7867f bc032a77 bf6795d3 3e439b1f bda239aa 3e6a7eb3 3eaeeb39 beef7e85 bddad993 be7964e5 3e7bbea1 3ebd670c be4efcc8 be2e8bf0 3f6981e7 3f26c3ce bd8ef831 3f4adfd3 3e351c85 bf391c05 3e31740f bd9279f3 bea6b681 bf6cf7f7 3eda422d be1ea6c4 bf23cfd1 3e904ed8 be100413 3dbd4724 3cbce546 3ec932ff bea8f695 3f1b8f7b bebff733 bd9e5779 beba4f3b 3ec83f20 3ea8d352 be4df6a1 bf4f3e0a be020cd4 bf708a8a 3f764001 bec23392 bea67b3a 3dc76b71 3e5c751d bf70b408 3f7bbfed bdab9b06 bda1c6db bf5f6dfe bed1bb3e be89f627 3f385632 bf4a882b 3f53240d bf14479e bf4c75d9 3f13ade9 be2b051d 3e993e74 bf41c9b3 bc5bb95f bd96e54c 3ed82ecc 3e4b94f8 be0f4b75 bf1b79a0 
bedd0b33 3ecfdb7b bcd66db1 3f2573bc bf5b5030 3f3b200f bf1e8dce be10d533 3f052194 bf7c89b3 3f182ffc bf4a0bf0 3e524638 be8aa6fe bd963998 bf1c5431 3ed52e73 3db45920 3de08a02 bea23ee9 bddb7959 3e457c97 bf56520c 3f67adca bf445895 3f133d7d be8c7e26 3f514622 be638599 bed546a4 3c56249b 3ec33ee4 bf64161c beafaa9d 3f74e403 bf55660f bf23319e 3f6cdfa8 bf2701d5 bf00716d 3efd8773 be47e3f7 be2ed50f 3f5f3438 3f005f6d 3e89da3a bf2a5632 beced769 bf5a0e2c 3f513fee bdf189cb be00d609 bf440a08 3f669fbd 3ee77efc 3f3b9df7 bf306397 3edf6718 3ef7fb07 bef136f4 bf0c8f8f bed9a6da 3f1ad197 bdf3d893 bf2a3d7d 3ef3f245 3eb5f665 beb46b84 bead0f50 bece0733 3f00338c 3ce6a35e 3e50d405 bea266b4 bdd598bf bf1a7397 3f598221 bf5cba1e 3f0ea402 bf6e1204 3ee9073f bf725fc7 3f7a89a1 bec4fb0c 3d034e37 3ed5c619 bf6b9e15 3e9d6abf bf2b47e2 bcd8dc8e bea88677 3f42b20e bf4c07b0 3f5c03a4 bf34a9c8 3f7eaf96 3e838686 be6ec4f9 3e386ca3 3d8ccd39 3d9a06a0 3f03e17e bd80d9cd 3ef95f06 bf17319b bf296b74 3c11caa8 3ebb5ec4 3ec396af 3f5369d1 bf6de608 3f6acdcc bef99b7a 3f097590 be260c7a 3d8c884a 3ecee7ae bed962c2 3f34dfce bf20bde2 beacefe3 3ebb5679 3e718d71 3e6f54cf 3e95d74c bf0fbfc3 3f27abc1 beae2aa7 3e3c2f29 3f29a7b2 bf7285a3 3f143540 bf049dc6 bf5437d1 3f7a73d1 3defa9c8 bde819ad bf77a7da 3f2f33d3 be1b8434 be068622 bf395428 be79a5fc 3f0d5d82 3f3c457f 3bbe985e 3f3f87c3 bf102bc4 3e0a9dc4 bf77d416 3f40e209 3e0863ce 3f52827f 3e89e224 3f13f99a be3f44f9 bf27c3fc 3f671dfb bf1bba07 be62a5d9 bf10959d be83b2c0 3b7ac332 bf355033 3ea9b305 3e9b2e69 bf068181 bd0bd242 becf1b31 bf7681c8 3e8a4281 3f0dbdf3 3ed6365e be6ead51 bf619000 be49dce4 3eae7741 3f444a5d beee5b83 bd168cb9 bf119786 beac772c bf13257c 3f1c71b4 3dc2a807 bf50ac13 3ef396d1 be4e5ccc 3f4cd588 beda3378 3f0d85f4 bf32c396 3e15d43b 3de4b60c 3f15fb7c 3f0fc378 bf11760c be8e624b 3f30c5bd bf2531eb be9b9ad1 bf35e010 be0a8658 bf0a3f8d 3c8ae7db be57fc47 3f586027 bf1d71a2 3f4c77d8 3f4db1ba bf065b7c 3f574643 bebc9724 3ed5eae7 bf437562 3f74380d bf0bc13f bf254ddb 3f19bf54 bf3865cb 3f55284f be14bb6b 3e6d1dcb be80a1e6 bf2c4f89 3f360c30 3e530505 3ef02c04 3f3b9f9f bf3e9dab 3d83e711 3f405dfe bf23d3c3 3e9ab6bf 3efdcad4 bef20787 bf519818 3f64afd8 3f2b5fd4 3e12ddd1 bf1101e2 3ebb272f be00bd3a 3eb46711 3f137d78 3e8c3ec7 bef7574a bf0ab5a2 3f2e73b1 bb9b654c 3f3ecdc9 bf154c27 3e737533 bc855ef7 bec8f6eb 3f6b8c09 
bf41dba3 3e9afec9 3e0c3e19 bf26e9d1 3f4f0a00 bf79d604 3f54720c 3d8fc86d bf311b98 3f6c5bba 3e096544 3e16fbab 3f3aafe8 be03a335 3ef46a90 3ee4574a bf285ba2 3ee7a2e2 bf5db5d2 3f6af420 beb965c2 3f6a47f7 bf5593f9 3f5ec606 bf41f9b2 bc42c1ca 3e8c6702 bf4f4855 3ea5f26d 3e63aca8 3ed24ec9 becc9f75 3ef6b762 3e7f0598 bf34e5b7 3f2ebfc5 3f61efea bf12414d 3c942afd 3ef99721 bef79f8b 3ea712a4 bf0ddbde be30ed35 bf6e3c2c 3e12be24 3f3353b0 3ecd9aab 3ec3b30b bf4ae1d8 3ef2877b bce7dd37 3f421bed bf506dc1 bf08f95b bf3559c5 3f2ecdd6 bc1db512 bf599e0a 3f552218 3e9a2a57 3ec02673 bf5457fd 3f4061e0 3e85361a bf445dde 3de3a8c9 3c12c739 3f3b11ce be74f5a2 befbdb0a 3f617dd7 bf6eec2c 3ebbf273 be3daca2 3f4f5ff5 beb3db64 bec3f2d0 3f65ec4b 3e499c76 3e8b26a2 3ddb85a4 bea3a2bc bdd98747 3ed7a351 bf4b15d7 3f27e9ab 3e7d34bd 3e2e0546 3e0a6d4c 3ebfbeba bf640a0d 3f69100d bf57d3d9 3f17f37e bf486419 bf32d7e2 3f63b9e8 bf2205f0 be381c4d bd668f4c be9727a4 3e143bab bef522b9 3ee61f8e 3ecdceaa 3e3654ff befb936f bee342ad bc0d503c bf03a997 3f5d95cb bf6b606c 3f268971 bf70cdf2 3f64c227 bf3af3d6 3f07355d bf4b87d5 3f7e9bca bf67d3da 3f53fc06 bf5f8dbd be88fe1a be2b83ba bebc5f21 3f376a17 bf60dff0 3e04b49e bede1378 3f7429ef bf24e1a1 3f00ddbf 3f57c600 bf323195 be6ddd5d 3eb9adfd 3f56e43a bea45b1e bef5f325 3f5bc414 3e7b9b0d 3f34effa bf63e387 bf042433 3dfffa5e bf4e6dd0 3d2fee9b 3e7e2cd3 3ebcb6f6 3c78455b beac8331 bf4e8a43 bf1803e1 bf104987 3edd8359 3ecb5e7d bf7489da 3f08add5 3f4ffbca 3e140d4f 3eefa7b4 3d663176 3f568b98 bf7e3754 3ee1b315 bd3c6cd7 3f5329e0 bd9a06f8 3f2475e2 3ec26252 bf5641b5 bf1107e2 3f6e0db9 3e9dcaee 3f0857bb becaf6e2 bf3d19f7 3e10849f 3ef3639f 3e814a84 3f004395 3f625fd4 bf5617fe 3d02cf36 3f492a2c bbd57340 bf70c9f5 3f4eaa1d bf56bbe3 3e8a9232 3e527ba7 bda1586f be549e3c bf1cb9fd bf56ec01 3f4273aa beccf6d4 bdd05991 3eebf767 3eab3e20 3f006f83 3e340c68 3ea892ac 3e4bb65d 3e159544 bf2d73c5 3eddef22 bf77efaf be7a957f be896ec2 beeeb703 3e67c458 3e42931f 3e94b276 bf512624 3f15c9b9 3f37fc05 be72253f bea169d9 3e6ba402 bf693c02 3f3c741d bddb2930 3f3df9c1 bf7707ff 3ea37324 bf3f478b bd39f1c1 bd9e0c82 3ef1cabd bf5c41e8 3f43ab74 be995a20 bf145f73 3f1aa3b8 3f622c20 bf6f7a39 bf5c4a45 3f2c45c9 3f11439c bf2197f0 3e6c0cb2 bf603003 bf3d6c06 3dc708d3 3f634844 3d2f4dfd be8c9679 bf1959e7 3d7f91e0 be5bac65 3c9ee5f4 be2c2c7b 3df2d850 3cba5b35 
3f76d020 bf4971c1 3def39d6 3d81a922 be120be6 3f4b39cb bf6e19e1 3e5df6e6 3ee62338 bf16ddc5 bf2503e6 bd049102 bf79c1e9 3d229392 bf7b23d3 3f09419d be8cd6a5 3e0af548 3f19fff3 bf0d75a9 be412dd6 bf1a7fb5 3f45a62f bf32e616 3f337fbc 3e86df02 bf0b13af 3f5879e4 bf1cfdbe 3e6f1e67 bf5f8222 3e789ca4 3e46ed25 bec17b26 3f32cbfd bf689464 bf0673b9 be5c360c 3f2a7377 3cc72b22 be895ad3 3ed24b12 3ee03b92 3ea06f07 3f068de5 beb72a4a be231c64 bf5d659f 3f1fc9d2 be30844a 3ea2236a bf6ed1c9 3f047198 be942e41 3f7051ed 3f3257d7 bf40e3fa be3c9d49 3f146391 be48dcf5 bf74c026 3eb4167f 3ebe4ecd bf388fbf 3cc7d9fc 3e9ace89 3ee59abc bf23c9e2 bebb6340 3f274395 3c4dd2a3 bf59a212 3f2ea1c6 3eb5d729 be0adcef bef3df10 3ddd0bd5 3e85da69 bf0fbe08 bf36020b be7fddc1 3ec23647 bedf46ad 3f52e429 bf49aa0b 3f672238 be2be5b2 bf6d0fe1 3f1f0ff5 bf74cfc6 3f676822 bf3ec9ce 3f61a9e4 bf4893cb 3eb7fe95 3f187dc6 3ebd72f0 bf2293b0 3eb2d6e2 3f4d7e20 bf137ba7 3f073779 bec4f35a 3f0f416c be0e6bed bf2f8785 3f02d193 be911292 3f7f2729 bf08c592 3f50be2c bf61960e 3e529ca0 3ed21335 bcb2e4ae be4775db bda30759 3e11ac41 3e20cb9a bec3cb1e 3f743c03 bf57adfb 3f37dbca 3ec4070e 3e922f3a 3eb1e6d3 bf2283b9 3f6cd404 3e194c47 bed46aa4 bdcc0608 b770f9b4 be5f949c bf5165ea 3f493dc4 becfe332 bce0ada3 bf4cf7df 3dd609a2 3f15d1ce bf5e15b5 bee7faea bf02c39c 3f7073e4 3e258c20 be01b53f 3f38fe35 3f21bbe6 bf675feb 3ead6677 bf33b7cc 3eb4b6d0 3f5a0c0b 3f347bcc 3f1289b6 bf525a25 3ecd17ad 3ed27f94 bee4b740 bf551e41 be5c7d54 bee44eac be51564e bed4da93 3f47cbf3 bec446ec be17a390 bf478a0e 3b0d502b be2e3c57 bf443fef 3f6a5fcb 3e9976f2 bf7933d7 bd264ebb bf4823d7 3f0ab162 3f0f9bb7 3e4a96ba bf70d797 3e25334f bf378bb0 bf7347f6 3f36920f 3d464e7b bf7e17c6 3efa6f18 3e2e0c9d 3db538e5 bea132ee 3f4d79f6 bf7e6f69 3f36b9d5 3e5dbdbc 3e95a724 3f69da02 bec0fad8 3f3b07ad bec092fd bed4d6e7 bd5210fe bf3e37c9 3eb74aa5 bed87b05 bf1a39b7 3f30e7aa bf123f87 3f448a01 3ea2b323 3e38c368 3f5bfff4 bcd2288a 3dff595f bf6f87cf 3f01ea13 3e430610 bf05f787 bf1d81eb 3dd7085a 3f16b9b9 beb33276 3f3bee00 beb50eab bf6a3628 3f451bce bec76acd 3f0647f8 bc8a23ca be908725 3f4ea3f6 bf6747f0 3f49d3e7 bf6f781d 3efdef7e 3ee7223e bf6b5c74 be658d98 3f043745 3edba2d9 bef2eea3 bf5d8217 3f318ff6 3d4d31b0 3f758dd3 3f756412 bf309bdd bef68fe5 beb4b68c 3f5fa043 bdc09985 3eb11778 3e43de0a bdf8cba6 3f2b1da6 bf32d5fb 3e7a5457 
bf35c9d9 3f7bb9c9 bdec0697 bd4211cc 3d821a61 bf3397c1 3f1e9bd0 bd0eafc7 bedcdb9e 3eeccb5e 3f2d1c2a 3ed06259 3f1a87f8 3f2397ea 3f4fc7cb bf5a51f8 3f2b8952 be9dd727 bf48e1c8 3f4be80f 3e00b49c 3f02e3bc bf26adce 3ed7bf00 bf7ba1d2 3f2387f3 bf646877 3f6c99c7 bf39499a 3f18af78 3f18081f be3b6b26 be6cfe09 be1ead79 bbf87c5c 3eaad734 3f753fe8 3e13536f bf7ac7d1 bd9766f2 3ccf200e bea4de69 bf2569a2 befdb331 3e8526e8 3dad58ef bcb19ee5 3ed6f2e1 be8f5e71 bd5b3247 bd9ec9a2 3f4c2012 bf724b9b 3f59bdb0 bf7e6d5d bf3457d2 3f211fe5 3f37d7d2 bf7999a8 3f17dfe2 3e4256b3 3eb8dafa bf168770 3edc830a 3e531d57 bdd6ba44 bf286000 3f6b4030 3ce8e2ba bf55e41f 3f1e1bff 3e4e33ea be2aa4bc bf3fd5da 3ea13e5a be354c7a 3ea2ee1c bd609031 3eb3de6a 3ecf0f68 3f7d4bcf bf62d829 3f1fcd88 bf30b5d6 3e06bd0e be75ecc5 beaf575e 3f5e85f6 bea1a6fa 3f10d3ca bf5e9620 3f570029 bf716a0a 3f5b4c06 bea7a9f0 bf39347b 3cba2343 3ee2bb29 befd2741 becd4eeb 3ce26970 3f0815b6 bf3f1612 3e46449f bee862ca 3f7c95c3 bf7b43cd 3f175205 bf62ca54 3deb4bea bd202c3c 3e58851c 3eb63f3d bf1c93f5 bde1192a 3f29e5ee befb77c5 3f08fa3e bf1d7da9 3ed56eff bf7f993a 3f0d3600 bef4d6e5 be151560 bf4f3008 3f22d006 bf3c6df6 bc57c7f0 bf1439b1 3f7af1cd bef23ae2 3ea53696 3f0b5f9d be075c0f be065c4b 3f103c1d bc33bef1 3ee8f7b0 3e1e3399 bf07299f 3f507b96 3f138996 3e0d1b81 bf285570 3d43158f 3d2f14fd bf02cfc6 bf7bc9d8 3f77dfd8 be870f1b 3f4941fd be581c5b bf4625d9 bf59b5d7 bda428e6 3ed6ba11 bf161bcd be6c05ea 3f612bf4 3e33d6a5 3f05ff93 3f38a801 bee6340a 3f1439b8 bf302c10 3e6a8d6f 3f3d9c0b bdcfdad8 3f4d03c0 bf0e7bcf 3f66920b bf3d29e7 3e36ad55 3f05f1cf 3e100d42 3f27fb52 beffbe92 bf09e009 bd8979a7 3f6135d1 be6445a1 3f2e501b 3f726230 bec7bb8f bdccd90d 3f26b9e1 bd7c0c45 bf0c8946 3e9da2b4 bdeb47aa be0794a0 3e8151d9 be88ce95 bf4df22f 3ee7a779 bf63e9d1 bed64637 bec0fe3a 3e01e29b 3f5ffe2c bee56b1a 3f771986 bf6371fe 3f608bef bd4d5527 3e5a14a3 be8a321f bd93c5ff bf45f812 3c6044ef bf639c39 be0e4ae2 3eb0eb04 3ef86aac beaeeb32 bc44d557 3f6d03c4 be5133af 3f002f78 bf76fb9a 3f2c37f0 bf68841b 3f35399e 3f2a1395 bf70bfc6 3f21d9f7 bef03a73 3e7da496 3f1d2dbc bf652ff1 3f0efb89 be299d4d 3f740827 bf6d1e32 3e834b08 3f458dee bf211bcb 3ecc2740 bdfe3a9a 3e62ed5f 3f0c099c 3cf2de8a bf5c861a bf220fbe bf63c215 3f129d8f 3f5ada2f bf4d4e20 3ee65eb6 bf7925e3 3ec85a56 bf05bd9b 3e033423 bf3371c3 3f7f2987 bf3b7e2d 
3e7c63c8 bf4623f6 be85d20d 3f0551d2 bead4ece 3eeedfb6 3e229bf1 bf0b3386 3f19dbc5 bf05d944 bf04cb97 bf0ab7e3 bf14fd88 bf4da020 bf4f0bc8 3f7c7b9f bf752a5e 3f47281b 3eae2e76 be9a96b8 bf576046 3effe798 bee766b7 3f74d5f0 bdac967c bc28c3df 3f2b8770 bf7de994 3f37cd64 bf310dad bee606fa bd5db0e1 3f635fc7 bf1eb98b 3f45f3ca bf60d1e2 bf4d07ba 3e8b01c3 3efd46ca 3f3e6e01 bebb9f04 3f7461f1 3e0c94fa 3f47662c bf10ce03 be9006f1 3f3323b2 be8e2705 bd4deae3 3e87e6bf be8f72b0 be02a558 3f1d6bf2 bf3d0a0f 3f3ee7bf 3f1aa1ef bef9fb60 bf5b5b73 3f617fb2 bee88710 3c4ec69d bf1e5a26 3ea90e5b 3ebfdf24 bf5b4e0e 3ebadf80 3d129261 be6edf3b be47bd86 3f3be60e bf60f1c8 3f098fc4 bea5c24e 3f3c6fec beb57b4a 3f78dfc8 bf69741d 3d5c8b99 be3a53ba beaee373 bf4075f6 be92fadf 3f561fd3 bedbf6bf 3f63e853 bf02e56a 3f4aa1f8 bf682dd0 3ecab6ab bf0a55ef 3f4ee7f9 beba638a bdc53882 3ea65226 bf0575ee 3f7ff941 bee9aa32 3e8cf2bb be7f7c91 3f4c362e bed0334e bef403f9 3f702821 bd6dd4dc 3e34cc30 bf091f72 3f2c1170 bea1271c 3f5a525a beab56e9 3e31e41f bef93ec1 3d1f5392 3e75ae0e be847f4f 3ed0a37d bf6c043f 3f5aba14 bef9c355 3e6ec441 3f5dcddb bf148206 3f763028 bf2d4983 3f7cbdf9 bf182194 3f1379df 3f27879d bf013b37 be7e0668 3ecd46f7 bf5ee412 bde04a3c 3eccfecf be467d67 bf3315c0 3dedc86a bea5bb26 bd0b6c02 3e75fc89 bf73c03b be5794c0 3e4afd72 bec73b10 3f6ee605 bf6c9bff 3f6e043c 3f03ebe2 be690c6f befed2de bf0821ca 3e6244d2 3f080539 3f3fdbd7 be435515 be178d15 3f760e35 becea728 bf430fb7 3e00745f bf53622d be83926c 3d496fe7 3eba1b1b be399c81 be9d7add bbd26881 bf6f89e1 3f26001c bf6ed442 3f5561d9 bf4a6de9 3eb6fe50 bf585627 3ed1d302 bf65bdd7 3f69460a 3da2a7f5 bdaec8d9 bf0e4d82 3e186cad bf305c15 bf03e1a5 bf1299a1 3f66ae28 bf6773ce bd084c12 3f748fee bf65680e 3f6997cf bf609604 3f0bcd9f 3e069601 3f13be11 bf1c59cf 3f500fec 3f1d21a8 3f1f57fe bf1a2bf7 be9696f4 bdb26778 bed0be21 3f4fdbea bf6d4021 3edb56fc bf680c23 3f6941cc bea106df 3f11716f 3f54f40b bd91891e 3f0c8605 bf1219f8 bdff4959 3ed292f3 bf5733fb bed3132b 3e8866e1 bef16f8f 3f3f8fe2 bf1f99a6 3f491023 bf744201 bc644543 3ee4bb12 be81fa85 bdea67d8 be60d4c4 bf0c57bf 3e0905e9 3eb41ecb bf39282c bf03c95b 3f3c37e8 bf3151f9 be75dd2a 3f4d59f6 bf36a60f bf0edda3 3eeac9e7 bf06594a be2bdeae 3f696a18 3eed0f77 3f6e65e6 bf653619 be1802c8 3f2dfe2d befa47ad 3f49a3ed 3d4f2c43 be99e281 3f53981e be8ab6b2 befdc727 3f688635 
3da35829 3f051f99 3f0e63bb bf7f3d51 3f71e61f bf780e05 3e773d2b be4086f9 3e73ace8 3dcaca03 3f05d7f3 3eca3a41 3f28f5c5 3f2de1bd 3f58a7b4 bf44c82c 3f24bdd4 bf013d37 bf545f92 3f7c43e4 3e0d7675 3da5f798 bdec78a3 bf4231e5 3e0f2d76 be9826e7 be8e0a77 3f0bfba6 be51cc1e 3ebde2c4 3f2267ba be783d77 bf26720d 3eaa4a5c be9276c7 3eeb0e98 3f57362b beff973b bee9fa84 bef9df04 beabd6a5 bee9d301 bf28ddd9 3dce3893 be8036d5 3f2c2e01 bf5f77c0 bede0f2d 3f785ff5 bf70a9f6 3f7f6322 bf6a8a0f 3e7d4c55 3c9c9742 bde1d6d0 bf1455a0 3eec5f04 3f18b1a0 befaf776 3dde5750 3c45c4bf 3f7591b9 bf31c9dd be60acad 3f32040f bec4d29b 3f4bf1ef bf4263ba 3ea3ab75 3eae5338 bf0b81ab 3eda26b6 bf44c000 3f5113f0 bf6c9fa5 bf01f97c 3f4875f0 be89b2f3 3f0677b3 bd5beef8 3f428215 3f4e4408 bf7085c5 beeb4fc4 3ed5df25 bf4faa3e 3eeeeeb2 be24048a 3ce35ccd 3e9f330a bf45e202 3eaa4dec 3ed35c03 bf471a0b 3f1b83cc be5f6a57 bf03997d 3efa680c bf161da3 3f10e356 bf0805b7 3f24d79e bf29ca03 bf2f39bd 3f35d590 bf028018 3ec75f12 bf1fa7ef bf1e6411 3f2a33a2 befd7720 3f5b9ff3 bf4925e5 3f7e9994 bf0d8f91 3cff61c8 3f23601c bf635df1 3f3273c1 bef4b795 be326c60 bf16620b bd3a9317 3dd07622 3e03d22c bea196ae bd19346a bf46c1e4 3f481e16 be970a85 3e251c82 3f425bdf 3e036bad bf77d1be 3f6137ea 3ed45f27 be4b5d09 3f10c1be bf3d5dbb 3f499e06 3efdeb27 be331d80 3e1da49d 3ee5b2d6 bf74cc14 3f5569bf bef60ed8 bf035bd6 bd001286 3f3417c3 3f49ebe2 bf5d2bae 3e8d9f0e bf7fe8f7 3f2a6048 be98df4a bf7d6988 3f6ee806 3d9b1812 3f527ded bed7474f 3f55c240 bebcc791 bf43a259 3f731c06 3dc19787 be00a57c 3f7787fb bf463a52 3f408008 bf194bc8 3ed2a6de 3ebb667b 3e73640e bd138daa 3c512f3a bee4d31e bdd5abb5 3f2873f8 be4d3309 3e9a0351 3e84129f 3f1e4234 3f386a34 bf73e41a 3f4c4601 be400d81 beb9e306 be51fbdc 3e909252 bdb4f93f 3e251517 bf36f7db 3dcf5724 3f2b6bea bf7bfd50 bed9fb76 bf277397 3f5fd9f4 bf0f73b8 3f79f3fe bea2b6d2 bee6ee72 3f008d94 3dcda803 3eb2ae8c bef77b51 3ea8764b bf3f81b2 bf560394 bc47c14b 3ebac246 becb3aaf 3e1c74e6 bd9339bc 3f4f2c65 3f2457a7 bf5a6bdf 3f6335cf bf5df24e 3f35d9ad becd1ab2 3f1869da bdc81933 bead5f24 3e854a69 3ea842a6 3ecc23c3 3e87c32e 3ef4bde8 bec2f6a3 3f07d998 3ed22f8c bd904726 3eb8bae3 3d74ad14 bf43cc29 3f4eb06f 3f4d0ea6 bf3513d0 3f0a1dde bed02f29 3d7b725b bf5ea9fb bf118b8e 3f7177c2 bf57a1f0 3eca27ca bf4fbc24 3f05d9a0 bf49e5ff 3f23597c bf61a3f7 3f290a0e 3d24d8d1 bf4f7812 
beaf4f66 be54cc33 bf18c195 3f631bce bf490e21 3f1185af 3edd45ee bf01b96f 3f046fd4 bf77c612 3e4314d3 beef3ea5 becd66da bf1c9d65 bf66c011 3f2fedcc bf3c5010 3f7fc927 3e575459 beb1fe91 bf414c04 3ef8f81f be5763be 3f7917dc beecf682 3f7d37f1 bf1953dd 3f08197b bf63f1dc 3ee2cfa7 bf7cf207 3ecac74b 3f032fb1 3c75420f bf10de02 3e5d0c1a bf29f1cb 3ee202d7 3e96a69b 3f1cdc45 3ea3e2d9 3f0817cc 3f02b9e3 be9a3e62 3f315bbe bf2045de 3f4cee0a 3f121b7b bf71d5dd 3f189f92 bf157561 3eefbbe5 3f0c07db bf7341e8 3f7e5152 bf153971 3e0fee20 be957665 be137c8f 3f1c0bd1 bf27fa05 bf37b1f5 3f7a060d bec22ab7 3e131c91 beb22a84 bf0f299f 3f62982d bf25c3fc be1bd5f7 3e2fbced 3f41ebe4 bf19cf69 bd8b79b6 3f4985e4 3da30856 be603d41 3eb9733a bf3ea3d6 3e05dcaf bf338dcc bf62b43b 3f4a3856 3f4e0c38 bf2391cf 3f57141f bf697602 3f7e09cd bf2c8f69 3edc7ad6 3ecd4fe6 bf38ac1c 3eea670e bd7a51f4 bdd80896 bdbc09ad 3e14d34b 3f3fe7ce bf5bffc2 3dbc7c38 bda3f49b 3ef122fd be262c01 3f1fc7e2 3e4174a7 bf200baf 3eff52b9 3e655527 3f3e961b be587de5 bf3cb9e3 3f423fa1 bec0eb06 bf616de5 3f51f775 bf6f684d 3f55a450 bf04ffc8 3f299432 bf7113fa 3f5b9612 3f0aabda 3dcd4776 be88c202 bebc8627 3dc79898 3f449e25 bf6fd819 3f73afde bf17b3a7 bc9f26b7 bf6d53d4 3e54c45b 3f5cb011 bf68342f bebbce60 3db9ba19 bdb2090d 3ecadb19 bf641e63 be2815ae 3e9ba7bf bf392226 3ec0e74c bd87d5de 3d11585e be96cae3 3f101d83 bd2d1066 bf0041a0 bf650612 3f72c3ef bed91e77 3f4f1bcd bf36481a 3f023760 3ef40edc beb5479b bf1b5bcd bf360035 3f744c22 bf69ae56 3f537a16 3e0ec46d bf0b799f bf085d9c 3eb24698 bf583e02 3f6eb3a1 bf6f0bd6 3f74b9ee bf61100e 3ea39ad1 bf799fc9 3f306fc3 3e1b048f 3f30edad bf628fec 3dc2f578 bed1e361 3ed14e59 bf10063b bf0f3796 be6bace3 bdc1bb0b 3f0fce2a bf42e19f 3f4de230 3efb1f0a bf60323e 3f59b7cc bf5011c3 3f7e21de bf24f5c9 bf1a3174 3f57162d 3f5d1e3d bf406be1 3eea4748 3d692ac2 bf22800f 3d8a77ea 3ee4536e be1725c3 bf537c2a 3f3635aa bf10b014 3dffd913 3f3d73f8 3f67b3f1 be835965 bf1d91d3 3f2529f4 3ed74ae7 bf52463e be177dc4 bf64a7d1 3f3d3bae becb4ad0 3e0e1d3c 3d3a8c8b bf5c8ffc 3f4203ed bf4189fe 3f7ca9a3 bf54f5dc be393ed8 bef57eb3 be80732f bf2a7414 bd65d00a 3d739324 bf19001a bdbc89f1 bf166df5 3f46e5f4 be2594fa be775cdc bf16fd9b bd344eb2 3efc8ba8 be37bd66 3e5f3ce2 3d4fad73 3f5b3a40 bf47ff50 3f7267f6 beaf7721 3f56effa beae4717 beb2fafb 3f712434 bf1d59a1 be00eb16 3ddec8dc 3f1cc15a 
3f61e814 bc55bf3a 3e0a834c be409467 3e83b2dd bdd8798e bf68e7dd 3f6933e0 bf2b8f81 3f3685a0 3ed4429b beea938a 3eb07f2d 3f48dddb 3e13a560 3f1d55e9 bf1099d8 be46436b bf243dce 3f152234 3f1341aa becb76cd 3d5233bb bead66a1 bee33e1d be7c74ef 3b61300e beb4d5c7 3f7865e3 bf28295d 3f7353e6 bdccb949 bf5227df 3e575c2d 3f58b5eb beb3ee7c bd8cf693 3e462dac bed92eed bf26dbb9 3d22ae6c bf6bec45 3eac92e9 bf41e1ea 3e22f5c3 bf0f0328 3dab283f bf4ece39 3f718fad bf2019c4 3f69c40d bf5f0600 be833ad6 3f269597 bf073d99 3e6b76a7 3f0addfa bf4e15f6 3f673e24 bf721bf5 3f726bfb 3ea88efd bf36fbd5 3e2cab18 bda99900 3eedcad1 bc66c7c9 bdb9d90b 3eac5e84 3e3005f1 beaa7af0 bf4473f6 3f620a2d be1895dd bf7297d7 3f61f81e bf5ca1f4 3d0f12e3 3ea26b39 3ef492e4 3ededef8 3f163400 bf14c59c be9d1301 bec7d721 3f0c69b9 3e35ad04 bf66adfe 3f3301d7 bf781036 3e67dd5d 3f1549fc bf6de9aa 3f56621d bf06cf8c 3f276002 bf00775f bf3b17c2 3f5e3bf1 3f1ab5a0 bf336a1e bedac3a6 3e8d4ad5 be270451 bf4f5c50 3f745bfa bf149f70 be53652a bf4e7b79 3dfc9a15 3f530e5e bf5439bc 3ed99eb5 3f5eb65b be50c34b 3e62648c 3c214e0a bf37ce15 3ee96f31 3f02098d bf05e7f4 bf179bc8 be99be7d 3e9d1e79 3f671fdb bf34bdef 3e36ed25 3f213f96 bf577d8e 3dd83a9f 3f4809fa 3ea2c2b7 3b966ccd bf43239c 3f272fd5 3f04c99c bd75b21c bf1453bd 3f3961f8 be3aa48c 3f0fd573 becc5aac 3f705625 bf674213 3f4b7e3a befb0396 3f1195c5 bec38f08 3eb09ac6 3dccb67a 3ecf9b7b 3e0c0486 bf2099c9 3df4c85b 3c9ea6fb 3ddab91c bf09d377 3e6bcc65 3f67622c 3eb61b02 bf78121d 3ed2178f bf5dadb9 3f17f7b9 bd40ed8e 3f1ec7d3 3e92d399 be97032e be3d84d6 3ecf76a6 bf1ba18a 3ef6877f be8d8edf 3f6293ea bf2c1dcb bf4e8c17 bd18ea41 3ef35358 3f2e7e16 bf0bebd5 3e9462af 3d76710a 3ebfaae4 3f528e4e bf658c19 3f17edd0 bf0e9586 3e263515 bf7fb71a 3f28fdc4 bf01cdc5 3eff1f67 bf04373c 3f5fea13 3f0413d7 bf79ea0d beb55e9f 3f7abdde bf3dedf4 3cd5a3d5 3bdf78e3 3f317ff1 bf4f23f3 3f1e31ac 3db01ad2 bda19b93 3e93ea81 3ce5a259 bf575bf4 bf73440c 3f47c1ef 3e1bac85 be88e9f5 bf4cb9c9 3f6b4c59 3e1e1e3a 3ebce5f7 3e2d0d6b be86ef39 be43c633 3f5c386c becfd70a 3f42b9d5 bf78cfe8 3ed1e6c1 bc053435 3f5bb824 be3cddc9 3f444c0c 3f464e37 bea7a60e 3f4073ff bf02bf68 3f746a4b 3daee8d0 bf147198 3e976ee8 be0f9399 3ef6ab20 3db109fe be6f95e5 bee4fb53 3f1bd7ec bee46f7c 3d82364d bedb3f28 be214370 be3fc5a3 bf53e1ff 3f3d3ffd 3eac031f bf7caba5 3f3463f6 3e371540 bce0697f bf65f9dc 
bf6a3de4 be5e95a4 3ea1117a 3df039ab bf47dc40 3f5cce4a 3e7ca4c4 bf1d6447 3f2999b6 bf61e7b7 3d8646f7 3d97e837 3f0833b0 bf5ba20f bdc5ba5e bf4fcbf3 3f2e49d9 3ef6c6f5 3e2a0446 bea6d698 befc4749 3edd33af bed50b15 3e8636c6 3f740bfa bed9a32e 3f606820 bee1b6c5 be1e3ce4 3e0b4cf5 bf0de5a0 be7dc4eb 3f72960e bedddc12 bf79038e 3f164da9 3e95cecc bf19afd8 3f6695b8 bebc4ec4 3f682bfb bef82700 3f3e3213 3e5ec518 3e76650b 3f3ab82c bea1835c 3efb83bb bf1aedc9 3eb47eca bf487dba 3f19df9d 3f083fb5 bf757bb2 3f4c840e bf3441f6 3da9db47 3e2584ab 3de3c757 bec9b305 3e215b51 bf286fae 3f2fa5f8 3dc40b0f be9ebeb9 3dbbe745 bdf408c3 bd10cf49 bf17cdd2 3e55652d 3f4fb1e0 bf162f80 3edd1be2 bf05b7b4 3f7fe145 bf60f3aa 3f140178 3f1bce0e bf2d13e4 bebf6a2b bf6f7422 3f2f4bb3 bf1fcbbf 3f544817 3d3af5de bf3a9f9d bddba99d 3f4bfa04 be9c967d 3f70a5e1 bf10bdd7 3c95d7d4 3ea78313 bec93dfc 3d4d71d1 beb7ca93 3f1c89cf 3ebd46e5 bf2e17d4 bf457bf8 3f5683e7 3f156ff7 becb8f46 be6c8478 3f51d9f5 be95be20 be9c5211 3f6c23e4 3e250daa 3ee09b1e bf59102e 3f0d13b1 beaf2311 bf53da3b 3e050c4b bf4c09e6 3f3037a2 3ed16a9a beffef64 bedb0330 3e441e8e 3f02a3a2 3f33dbf2 bf4b25d7 be9eeb05 3b736a59 be786d34 bf22c5a6 3f6b776d be6a2eaf bf2285da be4a2c23 be2f6cf9 3f279fc0 bf055dd0 bedb9fe8 3e24242b 3eb102ed bf362625 3f0fe5ea befbe75e beb8a36f 3eb6db1f bf10f5e4 3f090be3 bf5213e6 3ef11b3e bed6fb51 bf1b3400 3f3813c0 bf24cd86 bd0090e7 3dbf0906 3f5e39db bf7079a9 3ed48677 bd53144e bde30986 bf77cb7e 3defe830 3f25fa0e 3e9e12a7 3ef2b707 bf7a3fcc 3f1f27d3 bf7aa5bf be659481 3ed28376 3ec9aec4 bf1d4ff7 3f2c0da2 3ca4dbd4 be32967c be56e579 3f1bda5e 3f26c1d6 3e395625 bf1019fa bf5a982d 3f779bbf bf508251 3f21abf7 bf4563c0 bf0643a4 3f6d97f2 bf45fa13 3f54c232 be47f493 3f35c7da 3e89ee97 bee806f4 3eddaabb bf0f8f88 bf2cf5b1 beaa6a9a 3f6dfa20 befcef48 be93571e 3d8babff 3eed0766 3d560f60 bea3fa21 bf2ae63c 3f580037 bf6b37ff 3f17e956 bf6ab610 3f289bd6 3efe4318 3ef75b3a be53ac52 bf06abca 3ead26e6 3f364be2 bf4c641e 3ec242b0 bf2d0208 bee036c3 3f34fddd be66fcdc bf06e1ab 3e53f60b bf3c416a 3f7a9dc0 bd917833 bf5d3a14 3e81368d bf07b9b0 bf0fc581 bf51961c 3ea6fab0 bf60a00e 3f1ae3b4 bf1c3fe8 be8d937f 3ecf2f2c bea5fe61 3f49b814 bf77fbeb 3f3099ef bf270605 3f54b61a bf11afd4 be22edd6 3e9f4690 3e29649a 3ecfb7a8 3e7aee0c 3f27b9be bf726e32 3d329022 3d87d790 3ea9c988 bf52301b 3e09c3c2 3f70360c 
3ea70323 3f240824 bf0c67c5 bdba078f 3f2f5dba bf0cb57d bf10fbed 3f707e2a bf58e235 3f7907ec bed6c77c bd4f09c4 bef9e2a5 bddae96c 3f5dddfa 3ea11618 beb326ae bf7a5db3 3ed62b11 3e1c5e5a 3e0c1d1c be73cc55 3f6a2c1c bf3a29de bf068d83 3dd27ba4 bf77c1e4 3f7a91b0 bf7ebd88 3f5d53f6 bd9d2bc3 3f01f33b bf488a58 3f27db84 3f452ff3 bf5f5c57 3f0b87d5 bf000f3a 3e5c04c5 be0ea44f bd87fa3b 3e805a8b bf3bb3cf bdc65824 bf3fc3b8 bdd349f7 bf0faba2 3f7de59c bf3829ea 3f52a85a be61ec76 3e8b3b33 bf26c9a5 3efb67d2 3d60efd4 bd7dd481 3e505e0b be846250 3c2cc503 3ed93e43 be660da4 3e4d15c4 beecc71c 3e5f35f8 bedfb2f9 3f146802 bf3f2be3 3f602819 3e2c0502 bec9d73c bf2911f2 3f74c032 bf5f000b 3f2901a5 bf65c011 3f64a637 bf33c3d8 be835287 3e9132af 3f31c5b6 3f33fdbc bf5b867c 3f48c1f5 bf47a395 3ee6d6fc 3f06be1a 3e8fca62 bf500fb8 3e196443 bf7ddd28 3f47027e bf39b9c8 3f3d53df bf239f8e 3f60d052 be048cf1 bf7e738d 3f4ffa1b be8ee6c0 3f6ff3cc bf32b3f9 bf02f3c6 3ddf895d 3f6a61b5 bf7923dd bbbb7553 3f12cf56 bf6a9023 be281cc7 be8ece5c 3e973f47 be6094e8 3f7739a9 beca7b05 3f471bf9 3f5e67b1 bf70b9cd be86b6e9 3f2ddf9f bcc82be1 3f0587b3 bf43d22a bf1fe601 3f5bfe4b be89e6c7 3f4989e2 3e95b691 3e730508 bea20bb6 be407dad 3f51e3ee be860aa6 3ed186c8 bdc6c936 be4a86a1 3f4c2a3b bf4b41ca 3f7065f8 bf0f2b53 be8f3271 3f58f055 bec1f62c 3f108fa2 bf0ebfd8 3f75ea10 bf2883e8 3f2e9a23 bd6b8e06 3f5ca840 bf3c73f8 bc91a093 3f3b4bfd bf309602 beb4c352 3e3764f1 3ebcc29e be373c8d 3f0e09ea 3f3dffc1 bf290e33 be37db43 bf485233 3df66881 3f247959 bee3b353 3f4967f3 3eaa2ad5 bf18ab65 be131d59 3e21e4f1 be9d92c0 bf2ec1b3 3f366bfc bf55d649 bc614908 bf4e6fab 3e086b5d 3e7575a7 3f33cfdc beec02e8 3e7e65dc beb86a95 3f4b3409 be26ada4 3deaaad8 bf0b015f 3f0b341f bf723a16 be03056d bf0415b7 3e442cf5 be545b6d 3f57d5fb 3f2da3d7 be81a265 bd9418aa 3ed932e3 3e3c4b99 3d25ce49 be91bf87 bf3989f7 3f5ff849 3f0ce19f be67b60f bed6cb36 3f73d5f1 be98125e bdddabc7 bf0fc7ce bd6fed59 bce852fa 3e5ed4e3 3eab930e bf74ddec 3f209595 bf434018 3f5a383e 3f240a0f bf7c53bf 3f35202d bea99667 3f26676c 3dccd701 bf2fb5fc 3e825fa0 3edcf6e7 bd0892b3 3e8e1731 3f74282e 3e110b9e 3f0de5d8 bc00bdaf 3dad0957 bdd9970c 3edce30f 3c3c5159 be218d0d bf1365e8 3eebaeba bee52f14 3f1847b5 beb88b3c 3dae19e8 3f418a31 bf593e09 3f06b77a bf6afa4d be8131a0 3d0213b0 3e36a693 3f1cd606 be27b3c8 bf0197b0 3f556db2 be924217 bece3312 
bc3351a6 be0ce35b beaa92c4 3f380f8b bf1bf7da 3dc9a947 3f3ef5e1 bf427f9a 3e818293 be078c04 bdd4b959 3f251633 3e2e8ca8 3ed7c6c3 bf0771c4 bf2bffaf 3f2f520d 3f5efe1b bf2a2bcd bd500fd9 3e63940a be80322c bf33dc53 3f080327 3e5ffdf6 3f2a23fe 3d13f368 be8c3a7d 3f624815 bf167db9 bf1fb3d2 3f10abc2 bf0b5bad beaa231f be013b3b bc74c365 bdeb2b9c 3e54dc40 3d5173d5 bf173980 3ca7e1d3 beadcf31 3f552600 bda84937 3f585006 3e0ed530 3eab0a4d bf39f3c8 be77e57d 3ee39f12 bf512bdd 3e4f4cec 3d4f70a8 3d7bf187 bee07a7b bd7df006 3f3f05bf bf54c5b5 3ea76eef bea5ca79 bd98d93c 3f7f3768 bf4ef1fd 3f3d33af be669541 3da5d8ff 3ee7aad5 bf76bbee 3ed492f0 3daa67ba 3e7f9d0c be3c64cd bdc4e8d3 3ebb5a5f bcf4a56a be26b45f 3ead333d 3d673023 bedac72d beae56ea bedb66d9 3e90f34c bdf66d45 3de35730 bf1f5417 beadf291 bf11059a 3f6d4236 bd1e126a 3eebdf82 3eecb766 bf018159 3e21dd32 bb00d3ad bf1e0bea 3e6e056d 3f4b83ea bf6ec1fb 3e1a6446 3d75f11e bee89b2e 3f6a33ee beaba309 bf405250 3ed2ce64 3ec25676 bf20ddaa 3f56c3d2 3e17141f be26a3bf 3f2f1dff bf43d06a bf28ad95 3f30e988 bf6cefae bf6defd5 3f079038 3f201a65 bf75a624 3e6eb50c bf461db3 3f73c46e be21f4ac 3e8f0a7a bec5a2c8 bf2b39da be4ba576 bf4793fd 3f79d200 bf105798 be60fbeb 3ee14243 bf59f7c7 3ea1c6ae bf0713c2 3f4049c2 bf45f466 be511c93 3f0a6348 3e387caa bee86ad8 3b3b0aa3 be80fdbd 3e832a69 bf65ae70 3f26c970 bef1c7af bf07a1e9 bdb3375f 3e196cf0 3ec77b93 bf1f9766 3f3fd78f bdbd8928 3f1a5dd3 bf66ec21 3e05ece2 bf79ffd1 3bb6aa04 3e311d35 3f5f2ff3 be5c549a 3e5a7cb5 bf13c7c2 3ec50b15 bf45afd9 bd0e0ab0 3ec3daf6 bdda2811 3ef6db51 3dda672c 3f096998 3e0a5da8 3e869b16 3f4d2e52 beba7f1f 3f2f57fe bf5c5dd9 3ed80b46 bf638c16 3f7b2fce bf282fea bc083e17 bddfb96b bcd4a81f 3ec41277 bead329c 3f27dd8a 3f221bd4 be3d2d5b 3f627200 bf373c26 bf113774 bedc12e2 3ee0a2b7 bf4d9e63 3ea8ae3b bf63801e 3f1e37af bdc2f8d3 3f506c3f bf55a5e6 bf1aa9be 3da219e8 3eeea60a bf3585ae bc5e2c19 3f2c3b95 bef272e3 3f3593a0 bf05ffd0 3e9cead5 bf18979b 3eb5d2d6 3f259e32 be341463 bc1cb66b bf6c4830 3ebff9de 3ee1bf12 bf4cde23 3ed1ab41 bf347de9 3f66400c bf58b81a 3f3e5224 bf7053c3 3e7e7518 bf5d8611 beb206c9 beb31a1b bea97ae4 3f4eec2f bf70bc0e 3f2ed3cc bf527c3a 3f50cdbb be650d61 3f4f6241 bf28a3cb 3d68afe2 3e00dd5b bf6f9a48 3f3d8a03 bf30a428 3efa3739 3eac2260 3e5f6549 3e1a34ea bf0c3da8 be05c3a4 bebc8e9d 3f5b9e04 bf5f4a03 3f4b0023 bedbcb2f 
3f1c23e6 bf2af379 3f4d4801 bf0b9f82 bdbac7ae 3f01556f bf74ebe4 3f6953fc becf43ad 3e05b525 3d005389 bf560fde bd36d317 bec042d7 3e8192b3 3ec38728 bef4cefc bf48680e 3f541dab bea81682 3e057cff 3e153c6a 3eb20ea4 3e78de90 bf1a21cf bf41e7c3 3f11e350 be99da6b bf759e08 3f7e414c 3c9f1cb4 bce9a6d7 3f05b3e7 3f11a585 bec3daa6 3ee3233d 3ebaba81 bf3661f9 3f34519c 3e493d2c 3f5e5e25 be638c79 bf00cd78 3e84a5c3 bf6a182e bc9923d9 bed14eb5 3f53c426 3f0adc12 bf649811 3f68ed87 3eb98b2f bf115b6f 3ec58a97 3e8e4e5d 3d93277b bf788fb5 3f7d1594 3e64ce24 be0d2c2c be54ecf0 bf31f9d5 bc40ad58 3ee6f6e7 bf552e28 3f032bd8 bf3a53b9 3f6f8489 bf665a3b 3f131bed be9cbefc be39c620 3f14d211 bf6d961c 3f37601c bf3aed85 3eb7d65b bde188fb 3f71ae0e bed75a6b 3ef156ee be3372c4 3e6e0c4a bc4855f7 3f470027 3e970347 3f2b31b6 bf516a04 3d18725e beedcf0b bf2f1c0a 3ee3bb5e 3e5784e1 beb446fb 3f6ac3cc bf4e9858 3eae6b2f 3c7d363c 3e8a22c7 bed29744 3edd429c 3da4c802 beda1702 3f72a43c be3974db bd8d57f5 3e0fcc17 bf6c7fe0 3f49f5cd bf53840c 3e87d2a4 3e1fbd38 3f6a8220 bf63b048 3f583658 3f51bdaf 3c89644b bf2733b5 3f02a77a 3f24d21a bea43f45 bc06bff9 3df4170b bf4697d3 3f39a7f2 3ec9cfbf 3e7efeca 3f741684 bf59fe03 3e42a339 3f15d5a4 bf5559e9 3f5c8e0f 3dec27db 3e90a1c6 bf36b1b0 3f2c959d 3ef9ba63 bf6b8e56 3eb42711 bf1d21b4 3f6165d7 be894642 3e4ad56e 3f1fd79c bf39b81c 3f66765c be8f42d0 3f611bb1 bf7e0f79 3f0b83a4 bec64713 bec262ff 3ea30aa2 bf66de2e 3f281a13 3f45bfd2 3e71ee02 3ee67b45 bf4ea5ed 3d94a83c bed8b6f5 3f7965f2 bf1dc9ff 3e16e417 3f4c57de bf4e33e8 3f41cdd1 bf279bd0 bea6925a be58cd2f bf1269fb befcd76c be44fdc1 bf3917e2 3f17cda5 bf28c400 3f0351da be570d9f 3f0001c6 bebd029a 3e69a39e 3e77f54b be945f54 3ef9f6fc beb62342 bdb7f979 be8ceaf2 bf17496b bdeb8671 bf3e39d9 3f397dd0 3f262990 bf2aa5e0 3f3bbe15 3de93997 3d0bf6c3 3f463e52 bf4d9a5e bd3d2f0e be32862b 3e873a53 3f74f008 bf34cd99 3f51a7ec bf662204 3f7355dc bf6b95aa 3f3e8e12 bf1543e8 3ee2276b bea75335 3f4499c1 bf1d55d9 be82d289 bf00731f 3ef923b9 3ec87f74 3c8b2fd1 bee78759 3ef376ea bd2c3474 be95fe9b 3f5cf1f4 bf4f5e65 3e88bed0 3deee8f5 3f052794 bdab4732 3f5d23c0 3eccf416 bda277a9 bf2db9c2 3f4dba1d be57741d befcd3cd 3f34de15 bf61421a bea34326 3f4bd1ce bf51a829 3f70983d 3f08a558 bf4a5de3 3f7575de bf7345f6 3ef84a94 bf3bcd52 3edf7334 be7a1463 3f7927cf bf4cf5ef 3f317c0b bf7d0f81 3e81a2ab bcb6d404 
bf1603e8 3f60abef bf4c5c16 3f0b1f80 bebdaab0 3f3b27ee bf0fafa8 3e011d15 3d29f3ab bdba9576 3e50f405 3f137f69 3edfc344 be9a46a9 3eaeab32 be9ede37 3f4fc032 be7f1bd5 bddd69e1 3e9c7614 bf4c6804 3f44d1ec bf3493a1 bee1df53 3f6553d6 3e97f310 bf0607b9 3f14b9b4 3f3271ae bf5b363f 3e33ac9c be8b41e5 bf39241a bc4ab960 bed8074b 3e82be97 bf7b5bcf 3f5bb45b bf5845f8 beb11b5d bf6ec420 3e1b32ec 3e7d9470 be702d95 3ed42286 3f099fcf bdb6b95d bf1ce1a2 bed466b7 3f329f9a bf42c1f3 bef25ab4 3eb3d2d7 bdd189ff bf54cdae 3f2ed1dc 3ea32f53 bf247fe2 bf3f01ca 3eb9b2de 3f239621 3ea34a77 3f0cdda6 bf47c9f0 3ee58348 3edb9f54 bef4c319 3f0c9fce 3e5e1566 bf6c6dd2 3f7671e3 bf224e1b 3ec54e81 3e11c619 be79dc6e 3f1691e5 be02c4ca bf500a12 be2f84c8 be7c3d96 3f038775 beb17a66 bec65734 be153559 bec7ead5 bf31bbc5 be9882f2 bba44abc 3f1a55aa 3e89ae79 3ef1938d 3db7564e bf169faf 3dca9a96 3d926b02 be685663 bea32ba0 3ed4b33a bef30f3d 3f1e5a08 bf3739e1 be993646 3e65bc8f be8f033c bedc6b3d bec37eac 3f6427d0 3dedb9d1 bf0b0322 3f23e21a bf191f9c 3cea220b bf0be5fa 3f2c01d4 bf579810 be832f0c bf2515b2 3f20dfda bebbd2e7 bf7a9fb2 3f66e7e3 bf070fff bd9f87e9 3f51740e bf176fc6 be328da2 bf01060c bf1627fb 3e01249a 3f196b94 bf6afffa 3f08e1c9 be01fd6c bf2a23cd be954b1b 3f4ca1ef bf55ba18 3e684d47 bebf5602 3f5867cc 3e894249 bf29b174 3dc2d7b8 bf0bb3a9 3e8f32ed beb71aa0 3e630d1f beff12d6 bd416d9f 3e8d926f bebc4a8c 3f5e3414 be878a8b 3e8906a7 3ea7fef4 be9a6fc4 bf3e0030 bf39e438 3f32e587 bf3ef5d4 3f774dd7 bf6669f5 bdeba927 bd492ccd 3f01fd7c bf765404 3f703fdd bf69d3b5 3f47601f 3ea24290 3e934b08 3f321dff 3f2d2a16 3d92c8e2 3eb81a49 be71fced 3d9748c3 3ee0f71c bf4de9ca 3f1d4ba2 bf09f5eb be5e3510 3f0201a5 beff4701 be6f863a 3c81e80c 3f336bc2 be524d95 3f003d98 3ede1ad0 3efa9f71 bf725dec 3ec3a71e 3eb31f4e bf1b35d4 be3d8cda 3d85b613 bf1b75f4 3f377dbb 3ec2d753 be99e69f be8316dd bf04e1a1 3edbb706 bf329db5 3f2c55fb 3db2d7a8 bf4a4e2a 3f4497ef bf7fdb44 3f488873 bf4247bf 3e9506e6 be761c97 3f6c51d7 be3bfc64 3e9bd20c bf74abf5 3f709e00 bf7757a8 3f2fc65b be0a3c7d 3d91791c bf4d343b 3f634484 bee11aed 3ea24637 bf69b058 3f00edd3 bf45cfae bf787b8e 3f618433 3e8b7aa3 bf5e520b 3f4a438c 3c9324d2 be8d520c 3f4e8fd6 bef8db3f 3e9d5696 3cee205a bf164b7f bf44efa0 3ecda6e4 3d6bf165 be944ece 3f056989 bf0b3176 3f243197 bebafb38 be817e49 3e7c7bc4 be5b1d71 3f53f601 3e88e216 bee47316 
3e826b0d bec8171c be33548a 3f02396f be95536d bf2aebcf 3f33e3c4 be27bd5c be5ab464 3e80d304 bec30706 beba9a19 bf16ff9b 3f04498d be6dbd8e bed84b0b be8b6f01 3e705697 3e3c25f2 beaf92d3 3f5f6c30 bf7ab7c3 3f1449c9 3f03c5ac bf6a2807 3e451bba 3e81b257 bf6207da 3ea24a79 befaea80 3f6b57cf bea91611 3f657255 3d7e6e17 3eca9ed4 3d51d24c 3e9d1af1 3e9476fe 3bdb860f 3f794632 3e9e4731 3f181792 beba8b7f 3f05edf0 be333d2e bf6a1ff8 3f47c419 be051c5f 3f08cc0b bf204393 3f48477e 3eb56ac7 beed1254 3f6e31f1 be8b8760 3e7d247c bf40b60a 3f7633db 3f5815fc bf3febdb be9c1db3 bf175bb0 bf1e25e5 3f71e7d6 bebef30d bebf5efb 3e3ee399 bf06d5ab be538474 3f7bcfc9 bf291a25 3da0e8d2 3e06ac8e bf3797fe 3f3031d6 bf63ce41 3f0c11dd 3f083df1 3f091dd1 bccbe2a0 bf1cd598 3ee06ec1 3eded362 3f1411d5 be8b02af 3f52b216 3efd32a3 3e63ee15 bf37f99a bf022b7e 3e71bbd6 bf5063f3 3f7f4309 be36f454 bed80aad 3f32c200 3f13e1d1 bf73d598 3f1edfde bef55316 3f1c85cd 3f62fc3a bf4de1ec 3f3cf802 3e294d99 3f2d240b bf782034 be83bf2f 3f27c7ba be239dbc 3ec35b29 3eeedb6a bf1109d9 3d748abe 3f1ea1df bdaab8c7 3f027d5a bd1f296f 3ec4af41 3f28ab9b bf1703d1 3e30f519 3f0f57a4 bf7f592a 3ea211d3 3e9111a6 3e5d7d4c 3f6dfe14 bf1729b8 3da7c82a 3dc9d985 3ed8c30f bf3073a5 3f751419 3e794dfd be45e5ed be6f5df8 3f0fa3bd 3ce91ac9 bf0abbc0 bf6af5c7 3f51bbff 3eb24a66 be346d69 3ee0933f bea406e9 be0bec8a 3f485ff3 bf554e2c 3f5e800e beaec2db bf4f120f 3f33e195 bf4f5233 3e5cf48e 3e932e55 3e898f49 3f477f91 bf22f016 3f7f4f15 bf0aaf69 3f6f97db bc224990 3ea51ef4 bf44360c 3f1ed375 bed4bba4 3e8c9aab be77c485 bf345bed bdc60900 bf632664 bf7035d9 3f2ce79d bf4c0e04 3f45c42d bf5007cf 3eca4e7c bd94c7ea 3ce319aa 3e9f6a7d 3eda6e47 bf3ff82d 3f0f960a 3f74440c bf6ac028 bc5cbb82 bec40718 3e4a5cd5 bf7761d2 3eda2eff be0e14f1 be279b8c bf372c44 3f07e99c 3ed277a8 bf18c9da 3f4da030 bf7c17a7 bdc9d844 bdf9a8e0 3f52f7ea 3e5eb63e bf2a15bf 3f5c0a13 bf7127f5 3e9bfaf5 3e31c4ff 3ee1978b be9b6312 3f728bc0 bf7831fd 3f7d8972 bf3811c8 beb6aebd 3e671568 bebccf1d 3ec90255 bf04a9ee 3f7c09b2 bf47d1d0 bdbdfcf5 3e52b5d4 3f0285df bf2d7fef 3efd7348 bf1177c7 3f6abe0e bef862bd 3f21221c 3f7c31be bf695a3c bd4c4f3f 3eec8f1e bf68c9f3 3f0acbe6 bf45b9f1 3e43f662 3e4ead71 be25e45d be4eaca7 3f32338b 3f5b17af be95da24 be68cd6c 3e9effa8 bdff1792 3e2233cc bcecddf5 bf376a31 3f6eb009 bf4269cf 3d892972 bedba6d9 bf710a1a 3f6bd229 
bf3eb828 3ef9e384 3f00ab88 bf7d220f 3f633fb9 3bd1a503 3da0480f bf10adab 3f7ebd6e bf7b8f7c 3f7f7333 be82a1c3 3f7dd19e bf6685ce 3f21d659 3d816660 3f12a776 bf2d79ec 3ed026cf bf74d7f6 3f67fbf8 bf05a9c6 3f3bafdf bf73a3b1 3f59b3c7 bf318f99 3f386dde be8f8693 3ef50389 bcb1e20f bf1aa006 3e676d64 bf34fdc0 bdc79b74 bf2d53b1 3e4f33aa be4da5d3 bf5549be 3e929604 bf6bce0f bda79761 bf7dcfa5 3d975816 bf0755bb 3d93b72d 3f30aa0f bf14dbe0 3dd02764 bc89ec74 3e91b31c bf6087fa 3e9cc2aa be6bf45f bf42bb9b 3ec61f04 bec1ae8e 3eefb6ea bf6111cc bf555821 3f79e3c9 bdcdcaae 3f598819 3e955297 beb7a6fc beea3771 3f73ae37 beade1e7 3f0c61b2 bd3f10bd bef52ee4 3d028f63 3e2bbc5b 3ea9d24b be413cf9 3f42cbf5 bf75546c 3f227dc5 bf54e188 bf37c5d8 3ed7e63a 3e8efe4e bed45af2 bea65ed9 bf465a64 3f0ee771 bf30f40f bf261dde beda2f3b 3f5c6009 3ef612a9 bf1743f2 3f756a0e bf7487bc 3ec7aaac 3df339dd bf35f239 bed3ead3 3f0853b3 3d35b4e5 be30ccea bed04f6f bf7b6632 3f589de5 bf70b5e8 bd9c9986 be920f7d 3e490c7d 3f724034 bf78bc11 bea1875c be34ecae bf18d1bf 3f6a4427 bbcf8ba2 bf72b857 3f23dfc1 be030cc1 bf25b7b8 bf00ad5d be86be9f 3e516538 3d82864e befb6f16 3edd3b9a 3f369db3 bf7ecf42 3de8d8ed bf122bd0 3e139c19 3e4b3d59 bf367bd9 3efbf737 bec066f3 3d8ee9d5 bf44b597 bc91d9cc 3f42f639 bf46e43a bda469c5 3f318c10 3f68d21a bf1f9e01 bf0c2561 3ef556a5 bf56d1f0 3f7f970e be1c93b0 bf1ceb8e 3f401a32 bf5499d1 3e15a5ca 3f6443f7 bf3a1fd2 3f092fc4 3bfb82da bf61221a 3f2d6a03 bf5047e6 3db36b8b bf2fcde7 bed7274f bebf9eee bead3f01 be424419 3f590bf7 bf4187a9 3f679477 bf3b8799 3f377b74 3e583603 3f0dca18 3f37b5a2 3f4e7452 bef452f7 be87d2cb 3f454ff4 bf395bf3 3f3e99ce bf0f6d38 3e877f59 bf56840f 3ea9623a 3ddfbad3 bf2c277d bef31384 3de97a01 3f79b3d4 bf0ed98b 3f51b004 bf1227e4 3ef0236a 3e0a1c46 3ef8f3bc 3ef63b6f 3dc17a8f bf35b005 3f62e7bc bed47e58 3ec3270e 3f3917e7 be8fa69a bef6d3f3 bf2fefee 3f6b7e35 3ce49ce2 bea5deaa 3f272dba bf483c13 be172d8a be0ba4a1 bf47fda3 3f68e19c bf56e63c 3f60d9c9 bdb03aff bcc45c8e 3b3cc5f5 3f1c63bf bf0f0152 be05e3f4 3ebc8f3a be2b56bd 3f1a93d0 bf740bd3 3ef19e70 3e0cfcb3 beec8ee4 3f0f81bb bf57903a 3e3edca0 bf4eb412 3e8da719 3d8f88be 3f1775c8 beba3651 3f406a25 be999b2d 3f247db9 bf4c6a4e 3d46965a 3ef21bb0 bf5e9c57 bf5c6bd8 3eefeef3 be95631c 3e847afc bed8c6fb 3d5f6d2c 3e3e6d0f 3f243bc0 bf121f89 3f741db9 be3154b8 3f2907a4 3eccb3be bdb7a962 
be9642db 3efe038b bf61cdf4 3f27b770 bea5720b bf1d9029 3f199182 be8b9adb beba7ba3 3f101f93 bf27d3ae 3e678b8c bf7b45ee 3f62affd bf4fdc69 3e8842dd be6b2dff be0973b8 3efa234f 3f161fdd bf6d21fc 3eadae20 bf38e63f 3ea5aa4b 3eec7389 bf2de9e8 3ec25e86 beadeaff be390615 3ed38fe5 bea9764d 3f3993c5 be9e7ea9 3f122ba3 3f568808 bf4e2ff7 3f58bdd5 3e904ab2 3ed64e9b bde86c64 3f3c4b8f 3ef24b44 3f71e3ef be28acf6 3f14c3eb bf52081b 3ead6e53 3e25f4f6 bf46160a 3f02533b bd8247d9 3ec612c7 be3ed5d5 3f6f5fed be6b1344 3cd25cf1 3eb9bf51 3eb40a43 3f45fe05 bf32efbc be93a2c9 3d53acde bf56f424 3f076dca 3e3d249d bebe8320 bee0bab5 3f04cb81 bf11a1af 3eb0ff36 3f00899d bf35a5ca 3e93ef38 bf6c5bd9 3eb23af2 3f1ff828 bf023b50 3f41d5fc 3e4dace0 3e726639 bf228dbf 3f310205 3f08eff6 beba775f 3f223d9e be342d2f 3f5275f6 3efab6ff bf593237 beb83de7 3f525bfb bf7833f3 3f6e8beb bf61a1f9 3f5663cd bd90f89f 3f2427a7 bec9bb13 bd7d52af 3c62c8f0 3f5b9c3e 3e8c3ab4 be185e2f 3f5613c3 becde2b5 3f346d91 bf30a619 be934e90 3f01f9b9 3f5af1c7 3e4aed67 3e181c26 bef31b56 bea50a86 3f7673f8 bf5061db be9f3f0a 3f6e5c25 3f772bf2 bebd5645 3f264000 bf625a54 3f6c9601 bf09b1b5 bf5fe1d8 3f6e9394 3ec01abc bf3d0592 3f72adda bf029f8e 3f6c53fd bf41ebf0 3f3971ea beeed6a9 3f7f176f be94b61a be26edb4 bda4fa5c 3f2195bc bf764817 bf53cbb7 3f39e9d8 bdd92b2f 3eb1d741 bd41f31c bf1685b2 be87280d 3f630802 bf461bba 3f61d86d bed20719 bca0205a be272d83 3e41acbc 3e848a32 3dd80b5b be0f3c9c bdcfcd2c 3f62f25f 3eafef29 3f5a25bf 3ec15a91 3e82eeb4 3e2e2533 bf42d7dd 3f2d05aa bf6a1203 3e9c1a58 be17ce2c bf0d5dfd bf22f3ea beb706f2 bf72c3d6 3f562fe6 3dd5e82a bf35580d 3f32b7c1 bef3f2f8 3d356e94 3f182c47 3e254c75 be634d28 3e8bd6fb 3f2a0bd8 3e4a6446 bd2e5730 beedf702 befb1fe2 3e8616fe 3edc3394 beae4b85 bf312bb3 be8bfed6 befb3b94 bedf4344 3f0ee1d0 bf73b3ee 3eb7f6ea bf11222d beb1e2de be3193e7 3f3b343b 3f2269d8 bf47bdc0 bf501a49 3f69e843 bf2dd5e6 3f2cc37b 3dc1c891 3f299fd2 bd813782 3ec79b4e bf52d424 3ecfbecd bf16ebd7 3f2cb381 bf1a0bbe be76b536 3eebea2b be92b2ac 3ea4ce54 be17dd84 bf42ad93 3f60a7ff be9fc2cb 3d67af5b bd8c798c 3e04f3e1 3ceaa37f 3f197dd8 bec3de21 3f751bb3 bf13d97c bf73d043 3f1e47b6 bf56d810 3ebd9719 bf2a4fb3 3f08c007 3f234db2 bf39fbef 3f65b219 3f4bba08 bf0b059f 3f0f63ba be7205e6 3e6fd5df 3e2fac72 bf4c51d0 3e4ded9a bf563419 bdaf7aa5 bf47b3e2 3ea2d2e1 bf6f5bf7 3f0153b5 
3f4aeffd bf62cdc7 3f418195 beb9f6a1 3f1545cc bd8e37e1 bde9b866 3eadeb16 bdc49867 3ec39acf bf31a384 3f4aede1 3e9e2662 bec7776e 3f53afdf bf79a7be 3f20d580 be5c5e3c bdb18996 bf68ce27 3f7d03aa bcb76604 3f79fdbe bf4cc5e6 be1a1be4 3f349c63 bf1e8f8f 3f50fc21 bf235dd6 3e16a3e3 3e68154c bf4b782e 3f4cbfdf bf573a30 bf1f71de 3f4d085e bf7c5fdf 3d1c3220 bf3b3bda 3f1529a5 bf5341d7 bf1421ac bf19f9ad bf52f811 3ef2e75e beaea76f 3f491a14 bf2bd9e0 3f58461b 3ccee391 be90f307 bd6951e4 be6decb2 bef7b36b 3d3c6f37 becc2f15 3c13b879 bf6db41b 3e862e67 beaf7a76 3f754a1b bf3e41fd 3eed66bf 3eeebebf bf42e9f6 3f2d9fc1 bba84cca bf3469a6 3f7d47fb bf4f2ddc 3ecb36fb bf0ad5ad 3f342e33 3f54b1c6 bf525bfb bf1d19bd 3f373f6f bf6f600b 3edbdb6c bf3453c6 3f209b68 bf653832 be83baae 3f3d0fde bf3ce209 beb3cec9 3e1a2d9f bf4fc9dd 3f403fdd 3e50ed54 bf7069f4 3f4a7fbf bf00bd5d 3eef427d bf28efec bd4e4fcd bdbbf760 be8cce86 3e974f06 bd25b295 bf4a11e6 bc2d5510 bebfc2fa bf18c5e1 3f2be622 bf4f83d9 3f611410 3e075cb5 bf7e158f be55257e bf6a71e6 3f37a5ca beccf34c 3f3a7dc7 bf434bf7 3f7187c7 3ea8dad6 bf5d8c1c bf696c2d be02cbd0 beae3262 3f3b93bf bf42eff1 3f3ddc16 3ed70afe bf3069cd be06a3d1 3f150998 beaa52af bf5489e4 3f093dc7 bf4bf3e4 3f352bbe bf076dab beb4feae 3ea356a8 beef9b97 3f7815e5 bf71521a 3f50e798 3f75a600 bf6317e6 3f23fd99 bf736e38 3f687c68 3e893307 3d9037a3 be668d1a befb535d 3f261e15 bf7cb7d9 3f2b3db4 be971af1 3b9d8079 bf6e49fa 3f3b6400 bc0031f2 bdf5c865 bf0eb7e7 bf470230 bf31e5e5 bebb5b1b bf2849ff 3f06a994 3ccbe2f3 bdb15ab6 3ebda6f7 3f1b6c0b bf2d6dd1 3f71ca00 3f48fbd4 be3c3bf0 3f7ebf97 bf67e219 3e27235a 3ea696c4 bf334e4d 3f53422f bf5e3814 3df40903 bf092ff3 3f056d7d bf50ce36 bee7d337 3e43d55a bed9f69b 3f4c13c9 3e88126f be789cde bf6e2e1c 3f499813 3f2cd1f2 3ccf5638 3f587413 3d3d8cc2 3ed79fee 3e8fa278 3dd0ba37 3f07b9cc 3e5a6d24 3e14faca bf08ec07 bf265b96 3f4453e7 3f450ded bedd6b49 3df9280f bf01e396 be32d3ff be2c745b bf5fde52 3f2305ea bce4e196 3ece02cd be06d6f2 beddbfb0 3f59fe5d bf181811 3f1c5de6 bef34ae9 bdb77763 3e84ce75 3e89968e 3e9002f2 bf6d9411 3f683263 bf37f5be 3ef32f84 bf338fcc 3ec9aaa7 be0ed5db bf7e3177 3f6f41e1 3ebf62e9 3f27499d bf35f9c9 3f49c9a9 3ce79f4c bdd51a91 bf73aa3e 3ed8271b bf3fabe3 bef0c2ef 3ddc07b5 3d8e7a09 bf5989f8 3f1d8c12 bd37b1a5 3d1d8da8 3f640401 3e8e435d 3f41780e 3f12adb6 bf14a747 3f50e9d8 bea392e0 
be182e18 bd7ff08b 3ee1e3af bef772cb bf3f0e2a 3f7869d9 bf4f043a 3f06c5da bf5a2812 3ebc7205 3e8d52b1 bea90642 bf048793 be602d4a 3e6753d9 3e653dc2 3e3363fd bd74d23d bd65afe9 3f55dc0f bf1689c8 bf3db7d9 bf1c7baa 3f7ded26 bf1c6b89 3edc1b4a bf7d5fb1 3f3e0c17 beb51eb5 3ebf0b10 bed332e9 3f2207a5 bf6379fd 3f3fd3e4 3eaccaae bf0267bc 3f56ac20 bdd6067a 3ed772f5 bda1277e 3e89ce5a 3f20979d 3f0925b8 3f658276 be484d68 be0bdcc5 bf047bcf 3f001769 bf648a07 3e2f3bd9 bf0c7f88 3f7b79b1 beba5b23 3f41520b beb48e62 3f4dc609 3e456dd7 3c26b437 3f41c5a6 bf48c639 3eeaaf1c bdfcebe0 3efc6e92 bf61bc4c be06b5da 3efcff18 be826682 3f54d3ec bf621e01 3f07678e bed7b790 3f406633 bf6f33c5 bf317dba 3f5e7e53 3f4f5020 bf5cf418 3f2b491d be3454aa 3e1743a7 3e332577 3f2c1d9e be5223ca bf0b27a2 3eff3777 3f2a2e27 bed27ee3 3ea1370e bede72ee 3eb106f8 3eb3ca30 bb9999c9 be9c2650 3ebdd67e 3e412be5 be5e5c95 3f0d6db1 beafa6bf 3f1237ec bf2a818f 3f66f43a bdc63891 3f0d8159 3f116571 bf7789d2 3f470837 bf7713cb 3e51966d 3f3e05f6 3f65bdb4 bf14d609 3f738c36 bf5d93a3 3f070d74 bf29fbd5 be87b63b beef1369 3f30b3e0 3f3f2167 3f3d3013 be3a9c26 be0ddc13 3e06ee1f bf4d7de0 3ef30af8 bd98fa25 3e0d04e0 bf15b634 3f1a1b84 3e0edcd4 3f0c2c1d 3e197cb0 bf3bbd8a 3f76c22c bf2229fb 3f3d39eb bea3ee8c bf42bdec 3f5315ec bf59d802 bea82266 bd2c12c7 3e677cf3 3e290c80 bf7889d8 bd3fb0a0 be1c9ca2 3f077fe0 3e33dd72 bee4bb6b 3f542fc3 be280428 3d8d3a85 3eae4356 3f53404d bf678857 3cdb228f 3e8b8edb 3ef9373c 3f1bfc0d 3f37e9bb 3e9b46d8 3f743406 bf6007da 3e3304d8 3e1283ef bf0697be bf0a03c7 3edc96f5 bf29b991 bf7a05d1 3ef48685 bf3ce7b3 3f3215a7 bf34e978 3f7c2fe0 bf4525ce 3f4d83f8 beb72ea9 3f73e00a bf400fa7 3f2d2e08 3ea4aefe 3ebdab2f bdcb9cad bccadef3 be858307 bf16e217 3f7cd7fd 3e805627 bef3fb4a bf0b6792 be3fee0b bedf9e78 bf031fb9 beb59703 be9dae4d bec1c310 bd73af32 bf683bd9 3f7195e9 bf025584 3f760223 bf699e3e be019b46 bf1cb802 3ef2eec1 3f48b5b9 bf1b379f 3f4d7c3e 3e807e8b 3c912895 bf1f6dcd 3e8256b6 becc7ad8 3edfc6ef 3d6f1029 bf38037e 3f57e1d0 bf3f43e1 3f6cd5e9 bf33edc1 bd7ad33a be99a731 3e822a7b 3e0fb576 be415dbb 3eccfad2 3e8582eb bf537a3e 3f1255eb 3f312dff bf609bee beb0fb65 bf6423d6 3f7cfdae bf3c120c bea579f3 3ec592c7 3f35bfbc 3caaa661 3f2c39ad 3ef64f17 bf1a6d43 3ee47ac2 3f49e438 bf4b4fb1 3e1cb361 be52c4f5 bf47527d bf480c0c beeac345 bf4dd038 3f75e62d bf0235d5 beeebbca 
bd66cf29 3ed0d29a bf5d9c0a 3f67cbf4 3f055b77 bf4443ef 3e57ed42 3cab1f88 3f3c5de7 bf0c9b89 3c38bc7d bd66ad1c 3f3a6fb7 3f1da156 bf6ffe2e 3d3b906f be46750c be9f5e5e 3ed516e7 bf3375ce 3ed79b55 3f71f79b 3e5e9cc9 beda5edc bd606ea4 3f070b9e 3d612c23 3ebecb98 bf4d2bf1 3f3063f4 befedb1c 3e23832f 3f576fcb bf6e4fd6 3f06f37a be718429 bf2d5bdc 3f348dd7 bf6e07eb 3e958a7c bedaabaf 3d808784 bf63a5c3 bee4b341 be9d0a58 3f2c73be 3e0e65b7 be4964d8 3f1aea08 3e003bb6 3e8982e0 be85668a bf6a824e 3f385c1b bf4e9a38 bca46827 bf5cc3b1 3f2ba16a bf4dfb94 3ee91b1b befe2e1b bd0ef218 bf13b19c 3f67e7e7 3f1265ba bf184db4 bf49d1e7 3ecc3e62 be969eef 3ec162e3 bd8b995d be7bc4de 3f22efd7 3efdb007 bf5d283b bee9ff3b 3eb76acc be2b9d97 3df9a90c be9586f4 bdce6b57 bf4c65fe 3f2751ce 3eab36e8 bf0b3df7 be869a9e bdbf779d 3f0aadcc 3d4b8f08 bf125a19 be7dee23 be27932e 3eedfe96 bf7887c2 3f39d1d2 bebf1a97 3d965906 bedeaf03 3ed6e30a beed9fd0 3ebea3da bf114da8 bedddfa9 bea09a43 3f35b5f3 be4b0c66 3f15fdc4 be69f649 bf2d39fa bf5db7a2 3f47da02 bf6fa010 3e907f3c bc7fd5e0 3f58fe4d be18e4e1 3f4035f7 bf4869cc bf257f8e bf143d8c be0803d1 bcb4e546 3f179775 3dc1698e bec00b36 be01d503 3f52660c bf426c1a 3f34d7ce bf66bbaf bea9f2e7 bebd7f23 3f6c5dd9 bf4e1a15 3f22f368 bf6efc0c 3f356593 3f1085ae bf143191 3f1d43ff 3dd0977a 3ea99a82 bf27d801 3f2bb5fc 3f064b6e 3f0fc785 bf494211 b8440d8b be869e51 3ee78f24 bf582fad 3d775747 bf1433e8 3e13c313 bf7d27cb 3f70f3ed be413555 bda3aacc bf43f866 bd81483c bf094182 bf525df0 beb6b69b 3e8e9323 3e614ebf be8a46eb 3ed666ee 3f2339a2 bebd8e3a 3f7be7b8 bcb7a7e0 3f193dde bf257ddb 3f3cf5b0 be8a6640 bec2c2d9 3e584c82 bf41ae26 3e8f9a5d bf2fd3e7 3f2837d9 bf3cd615 be82c2c0 bedeaab1 3f32e36a bee6bf25 3f5479fc bedd6031 bf19b587 bd752e11 3ebdc6c7 3e85f697 3e172b40 3ec296f1 3f1b37af 3d5bb2ab 3f72a9f8 bec282b3 3f6e440c be1ab400 bd7849ae bedd92f0 3f302614 bf49b9f2 3f77101b 3f13c1bc bf626962 3d1a521d bed60e9a 3e9ada40 bf502c4e 3e6ce538 3ebcd314 be7f6dce 3f493c02 bf4285f1 be5ef4eb 3f4ca3df bf58d7d5 3ec89ee4 be89aeed 3dbdac49 3e90bea3 3ead2b86 3d893a42 bef6dada 3ea9faa5 bf78f362 3ee9a3f4 3f343bd0 bf06cb44 bef14ede 3f520c2e 3eaeff1e 3f52e7cc bf7e7faa 3f23a00c 3efcf70b bf5473ef bc81de4a bf1c6393 bf42ca11 be49eca8 3f2707dc bf1eeffe bec59ab4 3e98034f bd453470 3f02e788 3f11499a 3f5da5e4 3f47a025 3d49ae05 bf19a3a2 3e40ecac 3f466c24 
bf07a3f0 3e7ab5f8 ba8defa5 be827f33 bf62fff4 3f6ff7f3 3e5e0490 bf47a1dc 3dc849fd be47dc3d 3f1135d6 bed8234d bf05175a beff02ce 3f0ae5dd 3f4e9de5 bf431bc9 3f5c7434 be08eca3 bec02318 3eaeb3a1 bf7a85fc beceaf27 3f7ddf79 bf7077c3 3eca6f6e bf695610 3e760e1b be22fd6a 3f05bf89 beeae707 3d372fab bf667630 3f2a4c0e bf458bbe 3f17c39b 3ec85ef0 bf474de0 3f624e07 3dcbc7f4 bdee4747 3d5e70c2 3efe2f43 3e3f5e4f 3f12e7d4 bf6a6bcd 3e8d6aa2 bec272df 3d37d805 bee83770 be307575 3ed55f69 3ef932cb bd8215c1 3deac89a 3eb8c74a 3f48120a bf797e04 3f5087a8 be91a2f5 3f3c7982 bb829439 3ee9bb41 bf3ef1bd bf507213 3f5677f1 3f44c1db be624c5d 3d7db242 3d1be8ef bed3a6f2 3eb0c6ca bf74022a 3f027594 3e8b5af0 3dcdfa7a 3ea2e61d bed2a6f7 3e7c25bf bd8289cb 3f442818 bec57aab 3e98b6df bf4af415 3f2d021e 3d3b35e6 3e07a395 bf11a7e4 be955a6d 3f5721c9 3d93e61d 3effcacb bef15376 3f515844 bf0715ec be9f475f 3f46f63f be9ca277 be5f454f 3f243971 bf4c9f88 3f11798f 3f30f9ef be67ae00 be8fdb07 bdfb88a7 bf341bf2 3f6c01fa be411bf2 3f780420 bebe72b7 3e60cc43 3f26b803 bf62c826 beee8f31 3e9b16b8 bf6305be 3f7b81f8 3ed04a3f 3eae9e7e 3ed812f0 3daa16f6 bf6929c1 3ec62a5a 3f1d37c6 bf54be24 3f108192 bf28f3ca 3ecbdedc bbd97441 3f7681d8 bd496e3a be996696 bed55257 3f26e7e0 be6f9ed8 bcd99eb3 bf741f69 3f45801f bf66781b 3f2bad75 bf321bea 3f34cbbe bf5b122e bf4463d9 bd9667fa 3f1fd3f0 3ef66742 bf0c3422 3e61cd82 3e9c0a4f 3ecb4e32 3f66d7f2 bf0e97ef 3f204ba0 3ded98a2 bf3d9ffc 3f37b246 3f03b7f3 bf0b4b98 3f5b49d1 3f0f55c3 3eadf683 3d42b0c8 bef0c71b 3e7e4eb4 be746e89 bf0aad61 be168c5f bf23bdd6 3e9bae73 bf5a09f6 3f4d1052 bf7437e4 3f0b99dc be83b6d2 3f4981e0 3eb6ce95 be8b46c2 3f1e51a7 bf217fa6 3f32f9ea 3df17739 3eef86a3 bf677bd9 3c414412 bdabf77e 3e864376 3f6c285e bf275809 3e938f19 bf1df9a9 3f0afbbc bf7143ac 3d757493 bebde739 bf522014 3e9e7733 bf351e3b bdccab91 3f512f88 bf6a400e 3f07d3b5 be516d8a bd8daa19 bf7c49b3 3f7eb1c1 bec8c2ec 3f395c22 bee3dee1 3f097963 be4b9429 3e80c70c bf0ddfd7 be9f9ec2 3f2cedd9 bd314e2f 3ea1faf9 bee5aae2 3f4a09f2 bf25d1f0 3ecddf19 be217cc8 bf67e5f6 3ed1aea6 be36ccb4 3f09a9cc 3f429f85 bf6879f5 bebc3b2a 3e2f639b 3e796497 bf22f5af bf0237a1 bec4c281 3f55e3f3 bf60be3f 3e509426 3ed95b11 be1d15e8 3f576234 3f6e21f0 bea25645 3e842a59 bf14d9aa 3f6c3063 be29ce00 3d79cec8 bf21b1ed bf0b9177 bf520dda bf2615d0 3dd6b708 3f7697d6 bf6899bf ba9181d7 
bf4c2445 3f375011 becba33e 3f3d6796 3ed23eb1 bf7b161c be0eddd8 3f79c5f4 bf2d89ea 3f445b99 bf5c7bec 3f4b2ddf 3e72dcc8 3ee13ebb bf03bb81 bf36558d 3f3badb4 bf23f3b6 be3ec53a 3f3a777d becfa6bd 3f629fe1 be932f7a 3c1abc76 3dc7ba3c 3ef3132b 3d802781 3f466fa2 be7e8d77 bf2c955d 3f25b592 3eb2ca45 3eda0736 ba963871 3f226f9f bf6085fd 3ed54f2f be0db51e bd2972b2 bf5bd24f 3f5577f0 bed8476e bceae64e 3ed3335c bf7c91a7 3f7a4191 bf03ffec 3f403de8 bf20b9cc 3f74142e bf2ce7a8 3e92fec2 bf5b17bf 3e8e1b07 beb93712 3bdd7ac2 bf33a806 3f58a416 bebe6744 becd175b bd9f799d bf738606 3f3bc5b9 bd8d974b 3f6ec631 bf4d0229 bf31d7f2 3ea4d2f1 bf272d9c 3f39fbf8 bf0261c5 3f58a260 3e633e38 bf23e79e be86a698 3f03fb61 bf716636 3f607258 bf56ba03 3f0f51b9 bf79dbcf 3f131fcb 3db02b35 bed94b29 3f452842 bf6db1ec 3ec736c4 3eabff74 3e8d8ad1 bee09b16 be84be6a bf5da7db 3f268593 bf2e73ec 3f130ded 3d98eac4 bec182df 3d362b98 3eecf2c3 bf2d47ae 3f4295b4 be8326cc bf6941b6 3f1c5fd9 be0cd3b5 3f069194 3e97527c bf4cc7c9 3ee92e3d bf1405de bea79e3b 3e065c63 befcf73b 3f7f7d40 be0a64e0 3eec431f bec0a2fc 3c20d2e7 bf69c63c 3e9c962d bf7821ef 3f3003b9 be97b702 3e77e579 bf631e0a 3f787feb bf70ae13 3f7b5b68 bee221fe bd318ed2 bf32e415 be0ae5d5 3ead1e9e 3f024590 bf0c19eb 3e063d3b 3f036561 3d30ebad 3e5e5d2d 3eaacacc bf736a22 3f243dfd bebd3ee2 3f3933f8 3f79c1f2 befc3036 be9e6266 bf3cdc24 3f561782 beb116b7 bcc1e2f8 bf641207 bf6041f0 3f5ab822 bf1eac03 befddb6f 3f5dc3f8 bf38f410 bea9aeeb 3f48519f bf5a3bb7 becb6f0f be80eebe bef71ab4 3f6a17bc bef9b72f 3e8fb29c 3ed2ae67 3f29ae07 bd9828da 3e1f146d 3e6bf40c 3e83a2aa beb2ee9f 3f455f8f bf177d95 bee7bf82 bf6b7fe6 3f7b8415 bf77b7e5 3f38116d bef9da52 be20357c be6cc4c7 3f3f0bb0 3f1a8b98 bf25a5d9 bef22ba5 bcc25f7c becb7b46 3f529b98 bf2bdfa2 3f2c8baa bedcb735 3f3ae1c7 be114dca 3f35c1aa 3dd01652 3d2df0d6 3eb8a3bf bf3fbb64 3f76ca55 bf1fb5d4 3eb4970d bd616f41 3f0acfe3 be55b524 be939686 3e97b22b bf51f014 3f5bdbdf bf52da29 3eaaf30c 3dd448fa 3f30dd9e bf74c7cc 3e168b48 bf478846 3f23db88 befab358 3e0f8468 bcca193b bd86ca57 3f74fa30 be3884fc 3dabd629 bf6ae7dd bebef7ba 3f6f51e3 3e44a600 3e9a9a88 be6c157f 3f385fb7 3f0de3e6 beddfe75 bd0ff34f 3f1369ba bf5c4bf0 3ebca6c2 be4aec8a bf6295fc be64b4eb bf6245a6 3f36bdb9 3c871b2a bb9a70df bf70518a 3f200a17 3d20356c 3f4945d9 3f7579e3 be6485c8 3e52fc30 bf658060 3eeace69 3f611239 
3f0115e4 3d79118d beca6af7 bf426e52 3d6d8f80 3f78e7ca be26e69d bf50dbfc 3f75a7b3 bf6bea94 3ec1f2a8 be448688 bf6c2639 3f1b4fe0 bebc0ea5 3f7f91ae bf49759c 3ecb2b9d 3cbb5b09 3d5acf87 bf18bc0e bd9f2717 3f2c7de8 bf71efd8 3f29edf9 bf6af1b9 bd3aaed8 bf6909fb 3e625dad 3f6145f7 bf744619 bec90f5a be0da59a bf735fc1 3f41b001 bf40b270 3f4d8f8f bf176bbc 3efbe9f3 3f0cb7c2 bf5a7bc6 3f2d03d1 bf2707e1 befe42c8 3f063dda 3db6d904 bf08c780 3f24e5fb bf7bbb9b 3f6863ff bf19f39d 3f7ffaf1 bed6ff52 3f14d807 bdb8889f 3e90ce7d bd6bccea bee3ab4c 3f07398e be5bc4d4 3f4e647d 3e759473 be46cd40 bf11f376 bb92688c 3eb64f3a 3e82faaa 3e9332bb 3e410d55 be2ec3e8 3e0e73f0 bf5555e2 be2e24cc 3f4b9fdf bc97ec3c 3d07d567 bea37317 3f5db03a bf2d81c6 3f76adb2 bf2b4bee 3f0899f2 bf10d3cd 3f0a7f66 bed9f2ec bd0bb1ef 3f1417a7 bf67d7ab 3e12fbd5 be9dbe87 3f7fc30b 3e830ef1 3e8c75fe bf28f7d3 3ec1faee be074cb1 be9256c1 3f27b360 bf7965c7 3f5d7410 bf7dafa0 3f2365ac 3cd9de5b 3ea5a671 bf31738b 3e4335b7 bf017b8e 3f6699e0 bf7cc99b 3f2caffb 3eaba362 3ecac342 bf5d740d 3e101d3b bebc06fe bdba8506 3f09c7ba 3e88da5a bdf7e826 3f67662b beecbb88 3ce82540 3f60a403 bf3cd7ca 3f799da2 bf18f422 3f0fa7c3 bec0f2e9 be8769fa 3f10156d 3e36dc6c 3e45fe96 be5d63fb befcf3a3 3eb10b12 be8ca25b beeccb15 3ec58739 bf7293e4 3ef8cf59 3f06276a 3e3223f2 bee956fb bec24253 bf5239ea 3f1d4fd4 3e97faeb 3eb2fa57 be4e9cbd bf00b963 3f2433e6 3f2e2e00 3f5ffa22 bf5d0fe0 3f20b601 3f1b1394 bf692da2 3f7fb90f bf278376 3e99d23f be9aeebd 3f687e15 3d0b366c 3f18d3da bf7ed5a8 3f1e658c beb4930d bf1f8e20 bec392d3 bd99b7c6 3e543db2 bf393dff 3d360f8a 3ea0daca bf6e3dd9 3f261407 3f0dfbdf 3f532bb4 bf415df4 3e71d4f3 3e237b6a bf0c8764 3f670baa bf222235 be3f1614 bf76a98b 3f6be24b 3f2ff193 bf26b1d8 3f760a16 bf7dff5d 3f2237aa bf4339e2 3f4c8c32 bf4ba9db 3ee9b778 bf6e7402 3edf3e99 bf14c38e 3f2a79b8 bf675e37 3f4a938c bf5c8453 3f1933a9 be9a7a8c bedf92d5 3f15cfeb bf4f4fdf 3f790d82 bf335012 3f628c01 bf6d0c2c 3f5de209 bf12fd50 bf0eeba7 3f7f574a 3d3a1767 3f4b79d4 bf2f9d4d 3f094577 bee6768e 3f366dd2 bf669809 3e2b6492 bf722a0f 3f6a69d0 3ef3232a 3db6b8a0 bf0fd556 beea5b54 bebbb6a9 3c995e3d bf674e00 be6f25ae 3f7efb58 bf66e443 3f023d90 3e60f58d 3df349fc bdab5791 3f2ed5d2 3e9a1b15 3f6625ec beb4bf8a bf36fa0a 3f24aa10 3e279675 3e282c8e bdd868c2 bf41e98d bf7cd96d 3f66f7c8 be8bea21 3f013fbc bdfba971 bf4d499b 
3c1d4d47 bf5e5c13 3f73d3a2 3f5c4e20 beeaebaf bf5b07f4 3f0b31a9 3e80c258 bf5241e5 3f7699e2 bd9c0883 3c36b955 3f5aa3f6 bf3cef9f 3f17c7e9 bf56a855 3eb95ed0 3f2349da bf679de5 3e2d75d7 3f5de7ab bf6cb7be 3ecf7ee3 beb496ce 3f452c75 be810aa5 3f754850 3f523618 bf75a42e 3e8d024f 3e0bdcb5 3f3c1de5 3e4cad4d 3f603e15 bf4e740f 3f4747cc bedf07b6 be072cfb 3e87aaa5 bf66b9cc 3f6985f8 bf1c6f9a 3f605a1a 3f284db0 be3044be bf1045e0 3ecb283d bf01d38a 3f57b7d2 bf5eec52 bcb41dd4 bf13794e 3dbb4a5a 3daf29a0 bf2cb965 3e5c2ec0 3ecdbb5c bd9e46a1 bdb25a1e be392474 bd9937fd bf346260 3eb0cb21 3f20756d becf03ab 3d8c39ad beee9fa5 3e814de4 bf41bc14 3ea7eaf7 be52bc9c 3f64a202 be5d0c7d 3d8106f4 bf6425dd 3f30ca64 be96c6ec be23c4f4 bed83afe bc03c8a0 bcafdbe9 3ec6c692 bf46e015 3f50f5e3 bf27b3e2 3f679bc3 bf7769c0 3f0ded94 3f165547 be96e26a bf1e9db1 bee6d33e bdfe99c4 3f6e2a11 bf701208 3f2991fc beac7b9e 3ea97ac2 beaa5ac1 3f1c3ff0 be94c66d 3eec6297 bf67f011 3f41a822 bf0a658d 3f558deb bf1e1db6 bdda6999 3f6b33f4 befb8c32 bf1e31ff bd358d66 3f686e1a be2c3c03 3e9f7728 be49cd46 bf53c9c1 3e2dd521 be892a99 befce706 3f358f45 bef48b53 bf734a07 3f3639d2 bf6fea2b 3f043dc2 bf399fd8 3ecb6a29 3e41dc0b bee21ad8 3d94b7b8 be372589 3e87f733 3dd156d6 3e65adb9 3e0b3c42 3ee0d79e bec546c1 3f56ec14 bf385fcb be2bcd9c bf6167de 3f672c83 3edfbad8 bce7a225 bd83d9da bedc2436 be4055ed 3e7cbca0 3ea49f40 bebb4797 bf6ee035 beb5b6bf 3eaecb1d bf10f1ca bee4e6c2 3f482ddb bf73efbc 3f6f8642 bf1a1e1a 3eefd21f bed67ee5 bf5d3ddb 3ed77b11 3e4993c7 bf05d5a3 3f78a9da bcf31ed8 3f7f85b4 bf5189e5 3f4375da bda70676 3f0a71b5 bf2a11f0 3f733e27 beb3b631 bf65dbc0 beabbea4 3dca068e 3f2bc421 bf294b9b 3f38401e bf3f7643 3f4abc07 3d93095c 3f4479f2 bf6c3dc9 be5f840a 3dd17a6a be848a25 3e175c1f 3e9596b2 bbec7da0 3e3b7678 bf1853ea 3ee26e9c 3e763c74 be4c6cfb bc31b8aa 3e9522d2 bdf86983 3e8dfe94 bdf2286f bca62525 3ed64ad2 bf1607eb 3f61b80c bf181209 3f000d4d befcdabf be439cef 3f27098a bf3a7ddd 3f17a185 3e33b3a5 bf33e5c6 bf2d1a29 3bfd6f02 be036504 3e7043df be208dda bdd10a19 3eadc612 3e80d65d 3ecf3f23 bf3a1bec bec21b0c 3e798cb4 3e7d459c 3f30d9b3 3da09768 3f3c35a0 3f0ed394 bdcf8a18 bf40a782 3ee412fc be7e2b81 be884e3b bef17b63 3ebf436f beb2aeff bf3b1999 bed3d32d be187d80 3f795dd4 bf59520f 3ee55f07 bf30fbc0 be163deb 3f7afe38 3eceb74a bf14e3c6 bf1d0daa 3f3b9000 bf3dc613 3f4bcfe7 
be76e4bb 3f51641e bf42bfa2 bf6645dd 3f03436c 3ed17edb bed4828e 3eaa2f77 3d590f03 be44eee1 bf79cdf7 3f4eb5b4 bf7a77e2 3ecdfdd5 be4bf471 3ed5a2d7 beb6175c bf11719e 3f4253ff bdc3166a bf129db3 3f6ede07 bf11003b 3f31d1f3 bf7fc150 bd56d414 bf37155a bf535a06 3f717412 be73c4ca bf15f7a8 3dd3c514 bf66004e bed39ef9 3f378bc9 bf67abbb 3f5bf430 bf2f01bc 3f3debf1 bed1ee8d 3ede96a4 bee90641 bf11adf3 bf0d0b74 beaceb14 3f34902f 3eeb8778 bf25bfd5 3ecaf366 3b907800 3f45961d 3f2d721b bf509029 3f2c89bb bdaac8ad 3ea95275 bf64c807 3ec842da bd216d13 3d9298e0 bdc23913 3eee9bc1 3e0cef5e bf413c35 3e353515 3eae12ba bd128f09 be224d11 3f1c19b1 3e26bcc4 becbfeae 3e322cf3 bf51fc5d 3f382a29 be851f0b 3f3ccb9e bf413e28 3f55cc7d bd27ed84 3f33ee13 bf21883a bcf8e34a 3f3e5bc9 bf4527db 3eca6719 bf3ed5c9 3f75ebf9 bec68b14 bf7c577f 3f7315cc 3dd9861e 3f39f1f7 bf1e35b8 be0485f8 3f02e1f3 bf050d6c 3eff0799 bf2185cb 3f20edd2 bf2cd9c2 be3e2333 3f022774 be572d88 bd970854 3ea3969d bf3f583f 3f6e17fa be4a94f1 bf48a41d 3e81caae 3f465423 bf22e9a3 bdb45729 bf033bdb 3c39b711 3f1955fc 3f3317ae bec36ec7 3f760445 bf1f51b3 be5ffd8d 3f7c3e1f bda6b8d7 3f18cfbc be468c5d 3ee5c719 bbc26fd6 3f03f3de bf5b2a23 3f7fd768 bf76938d 3f289a05 bf3ca381 3f122964 bf76d1e2 3ead5ad5 bf35f3e9 3d6cd5c9 3ee15b92 bee3d67c 3f60bbdd 3f26d7d9 bf428b84 bec75360 3f2a87e4 bf271a33 3f7a0bfd bf23f591 3ebcc7a7 bf1565dc 3ee76ac1 3f4179ba 3caa159a 3e7dbb80 3f132398 3dd23ac1 bf24d3eb 3f58020f bf653e2c 3f53f25f bf6e101b 3f593429 3f0699c4 bf2e5fe9 3f2469c4 bea5eacf bf0be9aa bf0955ce be453c99 3e1e4b58 bec2d70b be234b28 be52654b 3e6c152e beac221c be0f2532 3f3385c7 3f52644c bf11d1ae bf1a7dae 3efce78f bebb5752 3e55241e bed5f30a bf1a77d8 3ee67f0b bebf07a2 3f56b1ed bf0e57f1 3f2f438a bf521811 3f0563c1 bf7eab74 3e6f6c7a 3f252617 be0c551b bf0ad7a4 3f502a18 bedc92b7 bd90b799 bdbf9873 be049d4f 3e862aba bea531d9 bdfd8713 3f035fc8 bf4485a6 3e84e60a becf3ecf 3f4d91ec bf0c2989 3ea9271e bdea88eb be8c79d5 3e0f9553 3f4b27e9 3ee72b03 3d45af9e 3e07c3dc beaf2698 3e8f031b beb7e2d4 3e7d5e75 bf4bc3ec 3f41de04 be4b2d2d 3f0dafb2 beeb7f2e bedee74c bd7871bd bf3367ea bf11cd9c bf2edbc7 3f23be01 3e5cbd0b 3eebf2dd bf032c02 3f0ba9c9 3f3f8bfe bf506bdb 3f198f8d 3e8c26f6 3f7d3ba1 bf3e1600 3ec9a318 bec6fb3e 3da3f80f 3ec20b25 3eeb1ad7 bf29ff9b bed8678b 3f49381c 3eee1780 bf21ae33 3f0501b7 becb0ef2 
be07f31c 3d8d281b bbae863b 3f55fa07 beb97eaa 3f202fd9 bf5e45d1 3ecd02ed bf0ff9cb 3f534fe7 3eee9f36 beb6d5f0 3ebd2726 3ed5ab39 bf1cbfaa 3eccf769 3e817ad2 be71e672 3ec76b18 bf2a2f9b 3f0a4fb5 bf3553e8 3e7ac645 beef576f 3f5f67c4 3f0497f3 3f1487eb 3e024537 bce357b7 be91aa6e 3f418e41 be99f6a7 3f54c5ff 3dea8aea bd8204c4 be56d524 3e104a66 3e4be52c bed02383 3ecba2df bf3ac3d4 3f7b8814 3e6dbcd8 3f029587 3efac44e bf5c2646 beb236a3 3e8e9acf 3bf89e84 bf10e9ff beef5e64 bf570214 3f2f0b8d bded1626 bf061165 3edecada 3e507d72 beb56e8c 3f181db0 bf158783 3f5a8db7 bf5f225c 3cdea37f 3f053b25 3da82893 bf06a9c6 3eb67298 3afe5d0b bec072f2 be9f436b 3e1b3b2c bbba769b 3e1834a2 3ef452d1 bf340204 3def2686 bf068983 3eed4f0f bf578229 bef97b4e 3f1703cb be548533 bdbdcbe4 be821a7e 3f4f3a1a be4665f4 bef0138d 3ea6ba48 3f205147 bf170bf4 bf6e6824 3f3953e3 be898a39 3e8571ac bde37bfc bef0f6a3 3f4c49b6 bf4cb3c4 3ed0ce81 3e6e8588 3ece7e88 bf7fed08 3f5dac2c bedd4f23 3e285b91 3e1fcd82 bf0fe545 be3dcc26 3f704239 bf05fddf 3d9d3742 3eadeedf be33bccc 3f62920d bedbc7b5 bf1779dd bf049ba2 bd7c94de bf297597 3f7e31cb bee56fa3 bf18fdb5 bde40727 bda2f8cb bf30f9dd 3f00cd5d bf423615 beb09ad3 3f19d9f0 bf377fd3 3f5dfbec 3d238fa9 bdb2795a 3e963ac6 3d9ee924 3e83f319 3f44cbf6 be73fe1f bf57e7c5 3f2c5db2 bf471c60 bf30b36c 3f3f37fa be874a18 be95a9d7 3eb4da7e bf0bcf7c 3f332bb0 bf1e7022 3f5d9a19 bf5485e7 bddf28e5 be0c3cf0 bf0ea9bc bf5b3420 3f3dc195 beb152d4 3f12498a bf5dd9f1 3f16c000 3da0d76d bf57580e 3ec47ad0 be922249 be797c2d 3eb1daee 3f29b029 3f0f5fa6 3b4abd2d bdcbeafe 3f36eb9e bef7bf0b 3f37379f befbbfb3 3d32d05b 3f3ef3ab bf6af37a bf46a63f 3f1e53d4 3f6c8215 bf7d679f 3f38703c bea8665d 3ef4cb35 3ebfea56 bec6f700 3e1b8c9e 3e2b94de bf2103c3 3f1ff5ce be96fed7 3f0917a1 3ec8160b 3ebb92ee bf699255 bde4bab4 3f0305b7 bf27dc06 3e6ad4c5 3d6c5030 3f2c2197 bf7aedb7 3f4793b4 bec8eba6 3f1dde21 bf6999d7 3f621015 3de6881a be08cc90 bec28733 3f13a1b4 bf61e429 3f52efaf be03dd33 bf0ed5a3 bf0841a2 bed9ae63 bd8367f0 3dbe26d0 bdecb8c8 3f32e80f bf30bfec 3f6cb9de befe8349 bf042fbe 3ea71692 bede32f7 3f730c5e be0af5a9 3e921b29 3f33b7f0 3f098ddb 3f006bb5 bf1ec3c4 be767d80 bf542398 3f7f8117 bf687def be8d86d9 3e0ee4af 3df1caaa bf346415 bf2b19d4 3f41e3f2 bf4dedf0 3f41323f be3b6465 bd57743b bf34c1c7 3f1da3d1 beabf686 3e1e3c47 bf6acdeb 3f0003f9 be1d9584 3e896ad0 
bec9af31 be10bf05 3e808e9f becc46a8 bea9278b bf3dd64b 3f6d7e46 bd5c8ec3 3e20e3be bf4f6dd8 bd809898 bdf3c7ab bed62707 3eae630d bf16a9de 3ed06adc bf48e5d5 3f75c3ae bf30e1de 3e3a8596 3ef26b5a beb43efc 3f488a50 be707c94 bf67a9cc bea30a84 bf7bc5b0 3f362588 bee2dae6 be823f4f 3f19cdf1 bf5f2fe4 3e9dfaee bed69f5c bdb4ca3a 3f675e04 bf7c3f70 3f0ddb92 bf3197bb 3f1ebe2e 3dcc6772 bf7803fb 3dfea99d bf43a008 3e0f64da 3ed0fa19 3e9ecfc0 bd09b487 bd956958 3f2e57e2 3ec97f4d 3f2c25b7 beb1cf0a bec9c375 3f5f81e8 bf6eb1fb 3ef71b10 3e3c763e bf22d639 bd1090c0 bd4f9057 3cf2a022 3ef12b9b bf79aff1 3f2c47df bef092cf 3ecfcf54 bf3aab76 3f7f2f39 bec88660 3f28ebef bec20f74 3eb3c2ee bf64f7ea 3f178bd0 3e716d2e 3e81e284 bdc47aed 3ef282f8 3f42ea04 beeae39f 3e52250e be95a67b 3f2dae28 bf7faae8 3e7bd5f4 3e9e5a8b bec0d6a2 bd67319c 3ebc9b2a 3f68e9e0 bf7591fa 3e7615c6 3da5ca47 be6953db 3f3fb1b2 bf6263fa 3f76a9f0 bebf4e29 bf2d75d1 3e13ad6e 3f68bc3a bf72a014 3ed3cb1b bebacebc 3e44e56c 3ed4967a 3e943a5c beebfaba 3e6ef423 bf2d280f 3e13844d be520396 be5eede2 3daa998a 3f27841f 3eee63bd 3ed836db 3dd4f794 bf57e1a5 3f51ae0a 3ea20e6c bd92a8ad 3e5e3568 3ea1074d bcee702f 3eb18a6d 3f41dc3f beaeef75 3e3f1bd3 bf133971 bef686a3 3e28db09 beafeae5 3e921f2d bf18d3ee bf61c626 3f14a5b0 3f603c32 bf4423f6 3f7e8f76 be8af72f 3f180ba9 bea76691 3f2a759a be6a7781 bec44aed 3ec49f25 bedc4b75 bdce1928 3f10f3a5 becc6293 3f230f65 3ef5abd9 3f6ce7e7 bf310632 3d0cb43a bebd4f0f 3f6b9014 bf20df8d 3e9259b6 3f0c67d3 bf40ca3f 3f7789b4 be0bccbb bee0c742 beff539d bf6fe00a 3f1b778d bf0be7ee bea08a64 3ee84ee0 bf54c9cc 3f618a2c beac430e bf323797 3f5609ee 3f465dd6 bf77800b bed15293 3f0da9c8 bde44c5a bee2af31 3ef7eaf9 bf7bd5c5 3f78999e bf7cefce 3f2d602b bf30c9b3 3f44eff9 bf72c9fa bde8ca36 beee2e13 bf0f1940 3f5d9243 3eb71726 bec5f6c1 3e6324dd 3e9f7b42 bf2821a5 be83fa68 3f6fa034 bf2c8db4 3dbb3b39 be987323 3f4b6bdc bf68b3ea be6c75aa 3f025dd6 bedd4748 3ec9b2e4 3e8d86da bf654ba3 3f524df3 3e92e6fe 3f3f8591 be2cf3ed 3f2eff94 bf1d4bcc 3e50743b bf37ca1f 3ea56e8c bee22b23 3efb8751 3f44bc58 be936691 be5fd5e1 bf3bc636 3e6d8476 bed28e45 bf0e179c bf1b2e05 3df49980 bcff2511 3f3e1c05 3f2f2fed bf7723e4 3f39658f 3e1c8ba9 3e2d4c1c be7fbbdf 3f2f47d9 3f06d76d bf313fb8 3f46fc31 bf2c59f0 3e1465be be8bc683 3f1aadb9 be930241 3f3e4fe3 bf573843 3f6a4209 3e9dc77c bf7d377a 3f1de602 
3eff9809 3c96201d beecbf23 3f11a393 3e9c4f44 3f596033 bf0d87a1 bf0619a2 3f3b8dd5 be82ba98 3f06a7a0 3f112d7c be832297 3bb27774 3f05779b 3d987981 be481409 be301be5 beab1337 3f6927d3 bf75e3b4 3ecc42df bf68cbbd 3f190957 3f5187cf 3ee596bb 3f2437ac bf0d7194 3e99e6cd 3ed676d6 bf14f3db bd4a91fc 3f2d67c8 bf64d59c 3f313df5 bf6fb88e 3f31a5a0 be421b3b 3f583fc3 bf6f4c34 3e878eb5 3f4307db bd59d0fa 3eed1f1c bf06b373 3cb19d8c beed9b27 3ee27260 bf233776 be25a5be bee40f53 bf3131cf 3f21f9d5 3e19f4d8 bf1d7741 3f7a6f94 bf6f35b9 bd87c6cf 3f2debe5 3ec6f31e be5993ec be97fe18 3f69f013 bf4763e8 3f57047c bf4885f6 3f68b5fb becdfbc6 bbff7fd4 becb92b1 3d230f2e beecf30c 3dd5c772 3f039979 bec4aed7 bb856b2c bf0383eb 3e550448 bf62e04c 3dec9893 bf3a6bf5 3f05119e 3e867b29 bf4d09fa 3f739df3 bf095422 3f3563a6 bee5d332 be416e01 be00e436 bf1af3d0 3f2003e2 3d8e9533 bf1591ae 3f3e0a53 bf7b7fdf 3f2ec5c1 bf58f1f9 3ea97737 3f7ec381 bf4b2fef be6ccb9d bd749588 3f65f643 bf05db42 3ec86b25 bf7f3362 3e0ba48e bf02ee33 3f2781cf 3e6f3c29 3ecebe96 ba136e20 beea4321 3f139dd7 bf7fc52a be45c47b bf48f409 3f358602 be0c254e be253ba4 bf285e12 3eb10f8e 3da60524 bedfbe75 3e9b22da bf6c7e36 3989915e bf6de424 3f708613 3e1e0c06 3f0491bd 3ec8c721 be60c48d be23dd2a 3f3605a3 3f3ec3c1 bf31619f bf09f415 3c483eac 3e809edd bf3d87db 3e654508 bf326828 bdcae6b9 bce1a1b9 3f346be1 bf3f6dcc 3f789e20 bf08abab 3c2443e0 3ecb2f2d bf7c81cf be7996b0 bf73b5fc 3e98434b 3f375251 bf1d7fd4 3ea80a9d bf4283fc 3e969a4a be9efa65 3ec4228f bf38a9c0 bd630f83 3f1e6dd7 3f1283c0 3f40a5f3 bf08e7dc 3f1ca5b4 3ded8971 be1cc4a7 3ec5fb3b bf54f231 3f42cdab bcba6477 be6654bd bf482fcb 3f72420a 3e5c4cb3 bf3671f8 3f270b9c bf3e07d0 3f725c0a bf7641b7 3f74a3da bed12699 3efeff04 bd05ec9c beb84f3a 3f6f3b95 3ec446a7 3e9d5a20 3ee81296 bef5332a bf4d8c15 3f682a16 bf605a27 3f06758c 3db9e95b 3ed00edc bf67d013 3e9e8251 3f2337db bf4c120a 3ef57799 be693565 3f7ed387 bf51add5 3f3f9ff7 bf7405cc 3ebe0ec8 3f064d5b bf77fdea bf3107fc 3dc3f97b be0313a0 bf5643f9 3f77f1d8 be47eccb 3f3781dd bde3aaf4 3e4bdd98 bf78c1c6 bdba2ae0 bed1d39d 3f5a9fd4 3f29e3cd bf0b5d7f 3f786831 be282cb7 3f78fe0c bf4fa45c 3efeeadc bf450a10 bf475a7e 3f484e10 bc3bc634 bf3dd1da 3ee3e346 bf2303d6 3d70950d bf4f9bca 3f5d0857 bf34f615 3f0421a1 be00ace8 3f24900e bebdbef2 be2eee6e bf025b81 3f6679e0 bf5f8be8 bea08f35 3f51b614 bea39e11 
bf1f320a 3f3b3e16 be289510 be8762ba bf030b70 beeab6f9 3dea6726 3e024bda beb7c321 3f23bffd bf612bb0 bf67dfeb 3f7c4006 bf3cb7a8 3dd9690d bf1c17c4 3f3595b3 3e1cf4a6 3ebb36c4 bf409ddf 3bc8b2ba 3f50f9d4 bda839b0 be69dd30 bf5a702a bf46e1e4 3e960acd bf134973 3f3a2556 bf7fc2ff 3f4b0443 3eb34e9f befc7360 3f469def 3e3c36a0 bea612bb 3efb8063 bf4d8fcb bea3cadc 3f28f1ae bf0749c3 bd727469 bf5aa654 3f630a1d be2edcc4 3eeabf1c 3bd695a7 bee28714 3f62d60a be4914eb 3f4241ac 3ab68dab be462d45 bf134791 3f4ab427 bf671196 3f5ca635 3e8d771b bf496e03 bf2129bd 3f5fce24 bf61e603 3d80b75f bec8db07 3f35c5b0 bf73ac4b 3f26f779 bf5ab463 3f2719b7 3e8406c2 be8e4e3a 3f59e1cb beb3f2c2 3de918fd bd5e895d bd5c4f71 3d8869d5 3f7497ac becf179d 3f48e80f 3e93d380 beb2aac9 bdb2b8d9 bdf48b43 3f3e923d bf5dcbba bed13eb5 3f098177 3f1d19d1 bd1aaff1 3c9f9378 be2a0c4d 3e50a4cc 3e5b857d bf11cba7 3f3b25bf be42e4e7 3f0eeb43 bec40b16 bf614b98 3f3c4dcb 3ecaaaef bd498fe2 bf51945c bbab5fbe 3dae8910 3f5d1ff6 bc353b43 3f414bba bf514bee 3d6329eb bf7947ba 3eab1697 3f3bb610 bf3b217e 3f5689de 3f39a218 bf0321c1 3f24597e bf52f5d5 3f52418f 3d3c535e 3d887b0b bf46e7f5 3ee4d328 bdd408b3 3f1635be 3f036f92 3f0fb51b beda73ba bf789c10 3e398dcd bf7cd134 3f0f499c bd4d702c bed27b72 bf50b438 3f440c1c 3ed39f30 bd99582a be84aad9 3ecaefcd 3e950ecc 3e303cd9 3f63cc68 bf63864c 3ea44633 bdea9ae4 bf0e19ab 3f14377c bf063f8e 3e0a9524 3f257d7e 3f0f35e8 3f0d9bc1 3dd99802 bf225dd3 3db26943 3e0a6514 3f1753c7 3dd399c5 bf0a0bfc 3f2c93f5 be9caace 3f4977e3 bf6cc9e4 bf4a4a15 bde85a1e be34da9d 3e62ccc2 bf73b9e6 3f34b45d bea16ebf 3f0d0b86 bf5af7e4 3f5589c9 bf3087f2 3f730232 bf56c7c1 3e8dceac bd5cf0c3 3e825b90 3eac9aa2 bf2887cb 3f78b1f2 bf5563db bd332e89 becddb3c 3ecb82f4 bdec4a95 bf782fe1 be80d33a bf0295a0 be8cbaa8 3f7f3f6b bf2ff3f1 3f69ce4b bf6935c1 3f389bd8 bf7785ef 3e94c297 3f1601ae beedcb52 bd12d0df 3e3ab447 bde97b21 bb76deff bf277e51 3e73e728 be9c4eaf 3f716400 bf5b4c5b 3de4886e 3f492e64 3f7e9369 bf3f23ad 3edb4af4 3f11f56c bf0ecdc3 bf3fefcb 3e9e1a2d bf7aba17 3f5f284a 3f2bc614 be397d43 3f10edae bf52a630 be914a94 bf073593 3e9d46a0 bf5fb61d 3ea63ed2 39e9d5e6 3dc99af4 3e4884fb 3f6879fb bedf56fe bf28b1ac 3f7c9014 bf060994 3f4ae23b 3deec919 3e3e1c79 be577b0d be918ace 3f250dd9 bf7ecb71 bd6f1537 bec5eebc 3f4c3bee bef0bf80 3e1d2d7e bd84d721 3f1bc190 becacf16 beabee92 
3f29fa34 bf7b4a38 3e36148d 3f186390 3e288d28 3db13d0e 3efe4a9b 3e6dedbd be684de9 bf060fac 3f4f9c12 3f7b5374 bf763fde 3f57cfc0 bf1bc7af 3f7e5992 bf72f406 be78de4b beb2c65a 3f536db4 bc365aed beda8e9c be9596d1 3f20ab90 3edfaaee 3f7dc5eb bf1e61bc 3f6d2986 bf7771b4 3f5b5c1e bf1cdfcf bebfff2f be4decfb befdec3d bed833de 3e5bb57a bd8b25fc 3f193166 3db6ab12 3dd4e6dd be747602 3f62d812 be919ab4 bd7bccf5 bf4d9452 3e4b5498 be016c4f 3e0a4c55 3d9957f3 bf4f09e3 3c1dbb37 bc4fc203 3e5cfd9b 3f5457d7 bf6d49e0 3f1f6da2 bf007dd7 be91af24 3f0ca215 3eeaf6e4 bed66e5c 3f441447 3ea632b2 bdfd28d8 be7f2e35 3f3ceda8 bf3a59ed 3f71aa1c bed1bf1b bef91f8e 3e888aa4 bec8faf5 be68fcbb be710c9e 3dcad8ca 3f382c16 bf1d25fa bf30f613 3ef2a6e6 bf785c3a 3e02cb74 be6ee5e5 3f2c85f2 be777c97 bf616a26 3f6c579f 3f48a610 bf795221 bf08a5ab be15cc90 3f30d57d be8e4618 bf45d5fb 3f0b8559 3e1405ac bf096dd1 3e50fd95 bf5e1404 3f7a757f 3e756efc be686586 bf3079a5 3e3f8e6a 3f437bbc 3e7a653b be1ae674 bf59b9e7 beb8a6cd be1dfd56 bd75131c 3eb15efb 3f7069bd bf027144 beb54357 3e29ad0f bf485768 be34467a 3eb33eb6 bf1a91f3 3f1177d5 be3f2c82 bf40fe24 3f644c4e 3dbea9ef 3f292fcd bf39a5e0 bcd0e3e7 bf48478c bf3b2bd4 3f7ba9e1 3e040d90 3f7709ef bec342f6 3f415a10 bf4b27c6 3f245de2 3f1733a9 bf6e4639 3ea62b5f bf11f5b4 3f7d279c bf4a43b9 bde99a06 bde909b2 bf76d9d5 3f45b9ba bed926d3 3dd91ab4 3f4b9dd9 bf6209d3 3f708000 bf143bca beb1f1d2 bf32a9a6 bed672ec be1a9584 3dfafa82 3f561c11 bf4e5627 bf24940b 3f5b51f0 bf67a445 3f32d1cc bf19d977 be927ede 3f4fffd8 3f05db80 3f16d5d5 bf3505cf 3f086dc7 3f17cf72 bf070d8b be9beb3c 3f3861d6 bf0c995c bc5b4e20 3d6894b8 3ea1f382 bf6ab7ec 3f6047f8 bee7c68b bede3660 be19e560 3e5cd416 bf262f8e 3ef50aa7 3ef01f5b 3eb806d1 bf6a0812 3f3da5f0 3f52eb75 3d9fabde 3f612833 bf1aa797 be6c4c13 3e998a4b bf2095f9 3f7fa986 bf415bfc 3f780bfb bf3563a3 3eca1b58 bf2e8bbe 3f714e6c bf624fef 3efd2bcf 3e520535 be026512 3f4665e0 bf0767fa befb4f6d 3f7ea740 bf2be799 bf09e5d9 bf3d6fd8 3ef2d73d bdf6b9da beecb763 3ee80355 3f4293a2 bd0f2b3c 3f1cf5ce bf563029 bf30e5cc 3eb956c8 bda3b911 bea1568e 3f3db200 3f721204 bf47f9c4 3f4cae1a bedf1b52 bdefe82b 3e0bd4a3 be44d62d bf72e816 3f43320c bd33cdbc 3e56e5ae bf03b5c6 be3dead9 bf072b5e 3c1732c5 3f1a73d2 be4eddd9 bdecca33 3f1a5397 3f58822b bf0a19bc 3f0e31d7 be61f50e 3ba88448 3ecbd2ea bf77bbe5 3edc0b8f 3f0c8fc4 
bf17cb95 3f6fc5d2 bc48c58f bf6861b5 3ef6c301 beab02bb bf0a05e0 bed96e31 3e931b1c 3ef38b0f bf1789ec bf04dda7 be6c65e0 3ea1274b 3e540c94 bf1b2379 3edf7b80 3f6cbe54 bf29001f 3ed7c2e8 bf7481a2 3ef60ed5 3e9c2b86 bf0b9d6d be9f770a bf4c4db7 3e444d03 be93e6ed 3e690d4e 3db089b1 be4a45dd 3f4cbdec 3eb9a6ff 3f45682a bd508cf9 3f256758 bf63dfd5 bcc4a6a3 bea83a08 3d1c50ae be7f444d bea86e16 3e0b357a 3eb3ea34 3f20f9be be258d49 3e8f86dd bea5066d be8862a0 3f523fe5 3ce3e23e be6ed624 beeb8bc8 bf1ca1e4 3f07299d 3e30a568 bec91654 3ef7aedb be985b47 be350569 be8486be bf115dc3 bef82389 3ec08308 bcb5a4ad bf217549 3f55bffe bf59be56 bda04794 3f5105f5 beb2b6e6 3df1bad5 3ed5da7a 3f420bd6 bf4b13fa bf0d77bb 3f49da08 be05d471 3ed84326 bcef652a 3f1bedbb be483d13 bf12b16f 3f141da2 3ef9bf0b bf07cd4a bf4d518c 3f2727a1 3f700813 be23f39a bf7775f3 3f6bea54 3ed09f02 be41c67f befa0701 3f3f3dca bee32696 3f71efd6 bf731e1f be3bd596 3d797059 3f2549cc be1c84e5 bf3e5dd9 be807a68 bbb8691e 3f4f981d 3f1de1ce be8a8ad3 3f29b7e6 bf2e9820 be33f50a beb74a50 3f14ef91 3e077399 3f69199a bf32f7a1 3e937a7e 3eaa1e3f bf41f7d2 3f0a3a09 3e30fc72 bf182dbd bed092a9 bf435001 3f2b79c3 bc505115 3f63a200 3eeb2e7b bf54f9ee bd1e8f30 bf7d55e8 3ee12b4c bf3ccfa1 3f4e9a27 bf7cdff4 3f3b1a19 bf0f7169 3f242dd6 be882adc bf4c6fc8 3f76e5d8 bea10ed2 3e94a68f 3f6b1c2d bf4313a6 3f7f9967 bf3e59e6 be1074fd bc0ec3e5 3d470f57 bd742e11 3efcef04 3f61d041 be2f9d1f 3f776fa3 bf482c21 bf08e187 3f7725c6 bdcf2a41 be65ed1e 3edbb2c0 be8d8b17 3e74362d 3eb272c3 bf38d9c0 bf0eed65 bee29763 3f7c71ff bf5fefda bf0373da 3f59f40d be14dcc9 bf1c61ab 3f2bc1fd 3e5dc476 bf10ed93 3e83d2fc 3f036975 be99625f 3cfc9f77 3f306e00 3eac6f01 bea8eae1 3f7ab5c0 bf6a65fb bdac8704 bef14b8f 3f71a3a8 bf3b37bf bf458622 be793ebf bebf0b53 3f172568 bde8a92a 3eb6ba95 be382cb2 bf40b01d 3efe3b35 be100cce bee8aa6b 3f43ddde bf3a5212 3f1ba3cd be8c9ebc 3e3dcbdc bf387a40 3f1cddf3 bf759457 3f18dbac 3e739d91 bf451e00 3f2867d3 3f2d45b1 be458d60 3f1699f0 bee67f4f 3da4ab2f bd687104 bf45764e be7a5c40 bdb62695 3f04c7cf 3f5543ee bf768fab 3ec486f9 3f2def4d bf633c56 bf468de6 3e162c54 3ed25f99 bec00788 3f390e1b bf52b655 3f2c59bf 3f134fb4 bf4e27f6 3efec76f bf49d7dd 3f468c0a 3ca0d9ae 3f48c7bb be5dcd16 bf6d0a0d 3f4c6df0 bf30ddca be95ddcf bf3fe3ab 3e1af481 bf1809b0 3e908a58 bf202bff 3ec8c373 3e8f2eb0 3e07cb93 bf553a0f 
3f2cf1fe bf64e40f 3d907496 3ee71354 bf06675e 3f4b9005 be506c67 3f759004 bec972b9 bcc117fa beb20f79 3f3a41fb 3f1fa5c4 bf24b3bb bf0d01a4 3f74fe35 bf682070 3d50127b bdae399f be66b4fb 3f5af7e5 3d1fad3f beffe391 3ebb3a1a 3e99733f 3ec566ca 3f21e1ba bf5a7dd2 3f578034 bf6f5083 3f27e7a5 bf4bf9c2 bf3ec1c3 bef6faa0 be8dc357 bee76b3e 3ee0e3a7 3f6cc3e2 bf207ff9 3f2a85fa bd0070d8 3e8c7288 3ca95f73 bf7bb57a 3e48fcbd bec80b17 be7e4b40 3f229402 bd9c67f4 bdd12b13 bf1561ae 3f23afbf 3f0d078a 3f22c1a8 bf3addc2 3e7cfc78 bc9be343 3e823e3c bea80227 3dc2173d 3f4e89dd 3e765d97 3f5c3f94 bf746fb6 3f21bdaa 3d84374b beb58fab 3e8c9e98 3f14d5f5 bf4723e0 3e139541 3e6dde17 bf676849 be1085bd 3e8ee35b 3f5b31b1 bf41001a 3ee1d34e bf010c23 3eba8699 bf7fb11a 3f1ee9f5 3d100a44 be7d7dbb bf1e033d 3ee88aaa 3eda8ad4 be78e5c9 bf5b6c49 3e42853d 3f563820 bf656fe2 bf1beda7 3f30f7e8 bf09cf87 3f22b5d2 bf5c9655 3f13a7d3 bf02d3e5 3f68905a 3d7f516a bf69a215 3f2bebb9 3d9e391b 3f1a83a5 3ce4d47c bf57423a bdc30737 bf2d1605 3f111985 bf339ba9 3f0de784 3f0e2ba6 bee28f19 bf27a96f bece3695 3f17e783 be8a0ac6 be6554dc 3f5fee3c bf3e1ff9 3e9a5ed2 3e7cd52b 3f6b5dd9 3df24a57 3ebb131e bf6cf3f1 be123c84 bed3069e 3ebb2351 3f09d987 bd44d34f 3f5a663c bf6ae992 3f538e07 be1a5679 bf35bdb3 3f7b5fba bf7b2bc9 3f7153fd 3ee8c741 bf7f96f8 3f434008 bf24f179 bf0691e3 3e095cdd beff06fc bd80350f 3f65fc4a be91723a bea00f19 3ebdce11 bf1fd1bd bf2571e3 bba0959f bf4f07fb 3f6d19a7 3c8ca0d8 bf1db3b1 3f494c0b bf69b61f 3f7be1de bf7de352 3ef1d32d be9352ac 3eb8c3b9 3f6bc9f7 be9d3b5c bef7aaaa 3f2bb9c7 3ed4cb10 bf525014 3f01b323 3dfdfa1e beeab327 3d97d8a2 be008bca 3dccf7c2 bedfbae4 bd00f2f6 3d2247c9 bef35382 bf3833f6 3e9fca73 bf6b13d3 3f6df584 be2833bb 3ef58f30 bf6d87e2 3f6f940c 3dd7492f 3f632e11 bf2cb5b4 3e031c11 be867e8f bf004f4f 3f2befa0 3f2f79e3 bf2d5a27 3e1d0c6e 3ee89aab bf2291c5 3f781e12 bf765c57 3c7f3e87 3f6c93e8 bf56ac57 3f641a17 bf032fa2 3ea022e9 bebaff3f 3f33d801 bf74d1d8 3dca4814 3dbdf7fd bf6e4e11 3f3995f8 3bd080f7 3ea39306 3e7c14a6 3ee1bb28 bc9c5d7d bf3bdbca bc805c3f 3f11b94e be89d266 bf59743e 3f68be13 3ea47ec2 3eedbaf6 bf61304f 3da1d7ff bd2b8f7c 3f0d7f9b bf597dd5 3e8a3309 bed5af87 3f5bc80a bf4715f5 3f5203b6 bf6d6a05 bf1f7bd2 3f2e13af 3ea39fbe be9766ca 3f43ee1e 3e72255f 3ecedf03 3f2471c9 be75e42a 3f0151d6 3f38f7ba bf700e10 3ea5562e bf3051c3 3f6aa1ae 
bf254113 3f1661ad bc8d6543 3f2a57ec bf37d3c0 bcbd2218 3d656d85 bf1893ab bea696fb 3ea29f1d 3f206143 bf3827f2 bef00385 3ec22735 3f511836 bf3df384 3f183fa0 bf207158 3f60a1d5 bebf521e bedc0f47 bed4bf8f 3f0ccfc5 beabfac8 3e422c04 bf54af9a be49a4ad 3f0ec198 bf03d3a3 3f0e6e0f bebd866f 3f327637 3f10cb88 3f2343be 3dbe85f8 3f637041 bf34c5f3 bf6b0234 3f1911c8 bf48fe1d 3f1a9fdd bf730f7d 3ee8eaf5 3f6d2e37 bed50f0e 3f1b599f 3d130e27 bec5c771 bdf42976 bd8a4889 3f0bd99a bf01255d bf749bf1 bdc7b814 3e930f7a bf1541fb 3f2fa81b bf7f8560 3f1c6baa bddff97a bf3c3df6 bee58f58 bf3cafdf 3f7e6daa bee9af16 bebf77eb 3f4905e2 bf62679e 3ee81f79 bf26d1f6 3f382ff4 be704583 3ed51ef7 3e8db607 beffc313 bdc3395c bf31b1b5 3f53201a bf7655c8 3eeed6a5 3f0d233f beb76ed0 3e44fece be803eeb 3f7e29a7 bee64323 bd74b14c 3de59b81 3e1f05ac 3e8291d0 bf3c3c10 3f665dcf 3dd31af1 3e726d2c bf1e5bdb 3f598600 bf6753e0 3f2307a7 be384c26 be1d64ba bf560c43 3f7e73c6 bef072f1 be3183d8 beee8301 3dad38be 3da2076e 3f3a75b2 3dbe7684 be9abf45 3f61fe02 bef86ec5 bf1da428 3eef46c2 3eb48e1a 3f31efca bf7dd968 3f5591ce bf1bf17e be3e0c81 3e482d27 bda939c1 bf17a1df be9ffe92 bf617dfc 3eff630d bdab1872 3f59a80d bf23e977 3f1de3dc bf64e9b6 3ec38b59 bf39c9b4 3f4e8df2 bf49e3ce 3e306d92 3f66dc00 bf6de801 3f0e9fb6 bf63f9c6 bebc3edc 3f5e83b1 bf5307df 3f2b9389 3ed98e9e 3e538cfe 3e0c7ced 3f039bf6 bf742d9d 3c48b917 3f664a5e bf5de3d8 3f715a50 3d84aa83 3f1995f7 ba442d66 bf1831a3 3f2da9d1 bf490a16 3e8c52be ba1a8ea7 bf0aff7e 3f4f21d4 be93d35f bc82651e beb07a6f bf3c5ff2 3f5529ff bef4df24 3eae5a8c bf6c0a50 3f7e138c bf698c10 3f4645fd bf1cf3b4 3ebdeed9 3f0345a9 bec21e68 3eb1e1ea 3d668ebc 3df5a98a 3ec052e7 3ee972fe 3f11d7a3 be4f8580 3eb58aa8 bf414e4a 3edfa374 3e665e05 bf0b438f be4cfc81 bdd16a01 3d5cd0f1 3ecdd2c9 3ddc3883 3f04d76c bf67223b bec17f1f 3f0601cd be3e63ef bd1f6fbc be1e5c9c bf014757 3f60dbca bd82993b bf738e07 3f5eea10 bf230b98 3e4abd2c 3ef713c3 bf567ff9 3e989abe 3ef1439f bef977b1 3dcf0a57 3f69c013 bf3eadec 3dd696bb bf6cdfe0 3f103dd3 bf71c7a4 3f562bcc be33a401 bc89637a bea21aa2 3e81c75f 3ed302cc be332d52 bf05017d be811a43 3f06dffd 3eecde8c bf169d63 be159577 3ed97276 3bd36354 3e3f3dcf bf07a625 3f27061a bf6df7ab 3f78141c 3ec983ae bf348226 3eaa86f0 bf68ae39 3dd4d778 bf12e9b1 bed70b8b be876e82 bde91725 bedccae4 bf66899b 3f6d0193 be97c5f3 3f791df1 bf76dff1 
3f5a2c3d beb29261 bf0d0ddb bf441c36 3f60cdf2 3e3acb96 bf2aa7ac 3f6ad5f2 3eb3d6d1 bedecee5 beeedeed 3e879aab 3ee3b6b5 bee40380 be528d67 bed6eba2 3f6ccc26 bea98377 be0953fa bd9bd947 3f523bde bea5d6ee 3efa2b07 bf1cd7bb 3e9d3ace 3ec72f16 3e9c42e2 bf0befbe 3ede6727 beec6319 3eed2f2a bf7f6366 be01e508 bea076dd bf3b75e7 bedf2ac8 3ef39f18 3f2943c2 3ebbbe7e beacbb95 bdcfba7a 3f3e2a26 bec27eaf bf0c3bd3 bebdeb07 3ea35a81 bf38fbe5 3f6d69f9 bf05f18e 3f56cc38 bf6b79c6 3f48cc48 3f5967ed bf0e45fd 3f76e780 bccd5f99 bee1cb0f 3f1fad97 3ecdae53 bf3565a4 3f7903a6 3ec276ef 3f334d98 bf73bddc 3e02e5f1 3f0c2dc8 bf20dbd8 3f1ad9fe bebe77a8 3f461be3 bf00c74f bf02e3ac 3f2127db bf183db9 3ebdcab4 3eed4b6a 3ed3ff6a be4414e6 3f1ecdf7 3d9f58a8 bf3db02b bdd94bad 3e86c6b6 3ca24ed8 bf130f9c beaf1304 3ea79a40 bed01668 3f3bd3bb bf3419c6 3eb76654 be86e70e bf03c7a4 3e2decbe 3e0c8c0c bef5b70a 3f2227b7 bd853a21 bedd674f 3eda4a08 3f27c1cb bedeb73c bd2b7491 3e82da7b 3f0dcdaf beba9356 3ef9d819 bf76ca30 3ecb3308 be09dbe2 bf50e5f9 3f677223 bf0ed1ae 3f4039a8 bf7d4fa1 bd18ccf4 3ec4eec0 bf06affc 3f2d2001 3a13f060 be162408 3f14edba be4f4d44 3f4a1c07 3f392c17 bf7993d3 3f592a2f bf76979d 3f0f3fb3 bd936746 bed47662 3f508005 bf6d3bea 3f1c87de bd8066b8 3c67bd4b bf2c899e 3ddbc9b4 3f509fe3 be2074f5 3f424fa2 bf39c3cf 3f2917f4 bf2e83bc be6ecda8 befb9ede 3dd8c793 beec174d 3ed8df39 3d8d5a4f beeb22c1 bd8b49af 3e2f1cac bf37adde bdec1a63 3eee8f60 bf0e3bb9 3f200faf bed13aef 3f7b05cd bf2d97b9 3f6b0814 bf6001b3 3e481d17 3e4b1449 3f076195 3e37e4f0 bf2ce1cf 3f40018d bf2a09cd 3f38e40c beb99e11 3e239cbd bedb1338 3f6ae1de bf53943c be42ecc6 be513bff 3ebec2cd be061ded bec5835f be01ae14 bf14cda5 be74fc59 bf0afbf5 3ea08690 be1cec12 3e6b6cf1 bf3533f6 3f74bddc be8e3e7c bea4a2fe 3e9252d1 bf21fe1b be96f2a7 3e23a39c 3e747e29 3f0f2fca bf155ba2 3e492ca0 3d0bd147 3ec17eb4 3e1a538b bee18f23 bdf90737 3f6643d4 bf651c33 3f57cdfd bf75b1d8 3ebf8784 bd5a1265 3f1e9204 bf73dfc1 3f795a05 be74ee48 bf3ecbdc 3ee8b2e5 3e661d1a 3f0f07ce bd46b07e 3e8baa8f bf6805e3 3f6689c3 3d8bccac bedd8728 3f39d7e5 bf7f7749 3f0205b7 be6a05b8 3f4369f6 bf7a4a57 3eb35a81 beb312c9 3f5b201f becd2746 bf2373bc 3f62e410 bf58f400 3f0bf189 3e48cd8e bf74df97 3f5755eb bf6629d7 3f1d3415 3f6e5006 bef1a3d6 3f397660 3efd7b53 bef4faf7 3f6f75c5 bda5eb3b 3f77b5cb bed6136d be6a54a4 bf67be11 3f4e31eb 
bf7461df 3ed09668 3f4b9647 3f460fa8 bf7a13b8 3e6305f4 3d736f66 be482496 bf183fe1 3e7284c8 3f7e778c bf73de0c 3f5a7da5 bf1549c1 3f2209c4 bcd9e95e bf5417be 3f0107eb bf0ed798 3eeab2c2 bf60b44d 3f2bcbe4 bf631241 3f19bd9d 3e307dd5 bf7f8709 3f459a19 bf3195da 3f4a5dea bf2f4304 3eb7ce9c 3f3fedfe bed6f789 3f1b078f 3ea00e21 3f5edbfc bf4c580b bec442b6 bf382fb5 3f2345a0 3e02ed07 bf182f6b 3dbe0b4d 3ecffea5 3efac7ed 3e263c3e befd33b3 3ec9fb96 bef2ffa6 bd134e06 3ddfa981 bf3489dc 3ce0607b be063573 bf55e9d9 bed3bb67 3f6f39dd bf552c28 bf4f4da1 3f60fa06 bf3029e1 bf09fd66 bea96bab 3ee5eed1 3f1cffea bf7683d9 3f2249a5 befef6b8 3ea21f3a bf545180 3f4a6e15 3dfc7c85 bf2f29c3 3f54f7f4 bf74a9d1 bca6de7b bf48aa0b 3db46aff bf009fb1 bedbd320 3f5b403b 3eca6348 bebb8f78 beb36264 3f5fa227 3db9a888 3f2d35d2 bf57ee1c 3e4e04ea bea6eeca 3f4c762d bf2b51f5 3f7f9386 bf3ee7ba 3f35a5be bf083195 3ed57e34 bf5043cb 3f6e5a3c bf4a83a4 3d07564e bef417c1 3f40b012 bf0b1b9f becab2d1 3de5590a bd64f199 3e731cc2 bf01019e 3f6755f7 bee1fb31 3e3c5c47 3e43bc41 bf28a169 3f6c459e bf0997fd 3eeb032e bdd688c4 befe3aee 3f15afa9 bf5a0c18 3de438b2 3e519d52 bf79fbbe be26cdd3 3f436bbe bf6cea0d 3f475bb3 bf020597 bd1ed09d 3f319401 bed95aa1 3f6685f9 bf25939f 3d54f18b bd6f8c19 3f7cbfb5 becee775 bf7a15e2 3ee292a1 bf2269a5 3ea3f281 bed85aeb 3f583222 bd699155 3f061999 3d5b4c1f bea36f94 3f71ebea bf579406 3f7263e3 bedc9b02 3ee786c5 be190470 3e27cc76 bec1da21 3eee8342 bf069b77 3e4d745a bf242b92 be816f67 3e6aa531 be91e2d0 3f1d0ff2 bf40542d bf0869a5 3f1ba7e7 bf10fe02 3f13b19d bf41d7ae 3f449012 bf4b8ddc 3f7d11cb bf404a00 3d825a1a bcb8990d 3f5eda55 be9feb31 3d9fc8c8 bf4ba3d7 3f76f5c0 3e893e3a be3c0b9d 3f39ac12 3f31c002 bf132fa7 3f47d3d4 bf21b7ec 3f3b5baa bf6a2a07 3f43cc34 bda89a94 3f30ae5f be99ee8b 3f75d9c3 bf77edd4 3f07c10f bf27f38a 3ef3a2ab 3e136d51 bf51a44b 3f012d9a bf1a1bf8 3efe9336 beb0a27b 3ea48281 bf40d621 3f6cc7c9 bee05b7e 3f4dcd90 bf21f9be bed2123c 3f1213b5 bf5535ee 3e942f09 3ec6269d be308d70 be93f762 be82e30f bf1ce807 3f4771be 3cbe64d6 bf0eb234 beed3ef8 3f47b7c4 bf691e1a 3f1edd9a 3e66e43d bf0819a9 3f2487e6 bf29d5e3 3f376605 be110c2f bf1eb5a6 3e0de449 3f5da7b0 bf7ff6d9 3f64e80c bf33adc7 3ed40738 3e0654d0 bf18f5cb 3f6b4e1a bf22e5d7 bf5cbdec 3eb88ef8 bf066227 be4b3b92 3e6803eb bee902a1 bf0aa3b2 bd48f1a3 bf203de9 3f655bd9 3f46c626 bf5b9418 
3f7dd34d bf5385ec becd7ee1 bf6f980d 3f5cf9fa bf0a53ad 3f59f7f5 bf4e7d99 3f7829b5 becc2721 bf572dc9 3f2ada0c bf2775bd bd7e2e70 3e961ba0 3db06ad1 3e84c2b2 3cc5a519 3ef8fba0 3e012c22 be73555d 3d143300 3f40da14 bf579fa5 3f18d7d0 bee6cc0e 3f4e13f3 bf70d97b 3f0d2161 3e23e5eb bf4ea210 3e7f1f38 be8116e8 3e4635b9 bf2c7d9f beec6e98 3ee5332c 3f39e80e 3eafa68b bf1671f9 3e98eeb8 bec20752 3f4063e2 beb38368 bf3f3608 be4b33cc 3f39bbc2 be983290 3e46740d be08fbbd 3f266def 3e9922c6 bf1f23a6 3f41281a 3f2807ae 3edb967d bf41d1eb 3f445d60 3f3c9958 bee6c2af 3e72558b 3e9fba97 3f160811 bf448fed be67c5aa 3e38bc0c 3e9996a4 be78fd80 3eb53a28 3e2523a1 bf3b7fe5 3f383c25 bee80333 3e357d8e 3ede7abd 3f0c5179 3eff42cd 3e389cb5 3ed75bc0 3e9e8f62 bf086384 bf446c17 3f2c4017 3daa7acc be5a7c05 bf623a34 bea6a2c5 3f391bf4 be83e72a 3f1403e6 bf6fd645 3ed4aefa bdf73a61 be6b9eb4 3dbae8d4 3d6a509a be2c4d5d 3e53d535 3d9f173b 3b5095b3 3e297cce 3e6c24fe be9532a6 bcc75dbc 3f5af007 be40dd48 beec0f30 3f54f624 be9416b5 3d11aa50 beb7728a 3f169de8 bf6503ff 3f7a25c0 bf79efc0 3f6471c7 bf744803 3f540e0b bf1c11c4 3e14dc0c 3f02a57a bd68cdc4 be975717 3f3617c2 3ca4a0f2 bf2d3c54 3f66502c bf4cbbc8 3f41061b be32f4d5 bee01ad7 bf387bf6 3d6bd1c1 be556ce5 3f3661b0 bee6df0c bf74e1c9 3f4a95e6 3f2bd5b4 be951240 3d48b16c 3f1cc5b9 bf2c33d9 3e305d3e bf6ca9f9 3f006966 bee74fd4 3edc176d bf516fbf be3e7401 3d96b8cb bea9634e 3e5baccb be7f0d3d 3f7cb9b9 bf67579c 3f4c7a2d bf236de3 3f5f7053 be8bd639 3f7761be bef496f8 3e38ad37 be8af2da 3f7d41d3 becf5357 3f23efcc bf322fba 3f5a31d7 bef33302 3ea72ae2 bf474c1f 3ef66eda be9a4f48 3f359a27 bf32dfe5 3e11a558 bf1e9c00 3f417c34 3ee6375a bf07a9e5 bf308fe6 3f3561eb bf622db5 bf5d5a1c 3f1cf82b bf70882b 3eade758 3e9aeed8 bee6a3ad 3e3fc52d bf3503c2 bf1807f9 3e7d1d3b bf179fc5 3f72ca10 bf733a37 3f472441 bf3d141a 3e939b1c 3f0bfff1 bec01298 3da46595 3ec6eaf6 bec3b380 3cae6505 3f1c4414 bf5cfbfc 3ea84629 bf56bfce 3f1ccd9b 3ec56a36 3d09d401 3d4c8e07 3ed5ff41 bf6e5bb1 3f7ae5fc bf4315b6 3f6f69f8 3e46ace0 bf528068 3f2d9a14 be712c41 3f607a16 beda4655 3e5e64cd 3daf6ccc beedb725 3ea056ee bf186da3 3f3bbbce bf229d82 3d61498a 3ee53740 3e082d45 bf742fec 3f241588 3d7cb2ed beab2268 be3bac47 3eea53dd be35ed0b bd058ba7 3e356476 3ed98ae7 3efd83da bf0c51c6 3f16ffea bed197cd 3ee7d38c 3ea96f1d 3e3cb5eb 3ed6a71b bf2171c3 bf47063f 3f7ca5d4 
bf6ad1b0 3f65c84d 3ea172b4 3ef5e6e6 3d449431 3b937a5b bf6b4de5 3f755dde bf603461 3f2b8bb1 3e95e2d1 bdcafa0e 3ead0aa1 3e9606e4 bf1b71c7 beee0687 3eca3366 bed4936c bf4359e1 3d44b1d3 3ecdc720 bdbc3a5f bf662618 3f65179d bf0421f9 3e86770f be802a61 3eec2676 bebc9367 bde10b02 3f23a9b5 3e21bd1c bf5c0bf0 3f690627 befc1fac 3f569e0d bf267a02 bf36ca1b 3e0e5c98 3de5c804 be6dadaa 3f1d1f45 bf454bde be002c5c 3f6dcba6 3e51dc9b befe1b34 bef51b14 3f33b212 be7f8c54 bf69dbf5 3d44d585 3f3b55d8 bf452bd4 bf4ec9c4 3d2a9484 3de66aba bf2a77b2 3b593f37 bf31298b 3f4cf87b bf408bad 3c59474c 3dcf78cd 3f446ffd bee1c6c2 bcfd1aff be375c20 be289d09 3e96b6f9 bbef8825 be75aeca 3ea7fa7f bd5ef280 bf49fa0e be900e62 bf7c61a2 3ead4e9a bf4d144b 3e7a4cb6 3e364db4 3f06e1f3 be7893e8 bf0ba9cf 3ecc5ee8 3f3dd5d9 3e8d6264 bebe9332 3e1c837e bf2df41c 3f782048 bea6cac1 beccb69f 3f64ddf3 bf216fcf bce15ee2 3f2e520f bf16c18c 3de32700 bed87f00 3f2acdca bf5ab632 3f7e5b7e bf71725a 3db22880 bef642f4 3f3bf81f bf0cb7dc bf2b89d7 3f2f6818 beda1b75 3ed07718 bf15ddb4 3f68a02b bf7d839a 3f7023e1 bf541ff3 3f062d88 3e1aca5b 3e390405 bf3de638 3f2b9be2 bf10d9a8 3f1f01b8 bf276c0b 3f470e42 bf01a963 3efe6f76 bf12ed80 be50451c 3f6c35d9 3f4cf3d4 3d6c33c2 3d13b5d8 bf2cbb7e 3f1e15c1 3f3f59e8 bf7dbf5a be3e4b8f bd91d9ee 3edb0e50 bf7311d4 3f7445f0 bebd0648 3f7a7d9c bf104db2 bd85b75e 3dd429da 3f112007 3ea646d6 3f256d9b bf2d2a23 3ecfaf47 bf0803ed beb2f708 be790510 3f35cf98 bf64f621 3eb2269b bf10181b bddc09f3 bf0987bc 3f6d25eb bf7eff5a be8011c0 3e04fc2c beb0d767 3d1f1220 be77a551 bef62306 3f78ca25 be2c7be4 3f016d90 bf4acbaf 3ed8f7e4 bec00372 3ef98730 bd3b0f37 beeb579b bea70afc bc563dac 3f3cd3b4 bf0f47bb 3f44563f 3f080b6c 3e438bde 3ea3d6f3 3d473245 beff7f01 3e6f2dc1 3eec837f 3e9df318 3f55ca26 bd3890ad be372d02 bea24b06 3f488613 bed6a308 3f01798d bed7aabd be53246a 3e522de1 3e3b5c8a bf440df4 3f7ec1d9 bf5e0db4 3ea5a2f5 3c664674 3e96027c 3ef04778 beb05ea6 bece02c3 bf0d2bf6 3f38ae0d bf7bb171 3f7b036b bf2c579c 3dc598c8 3e21f38e bf4d65e6 3f5b33f5 bf638811 3f0bbdd4 bf43ca25 bef2eb00 3f6d740b bf787816 3f3b75dc be5d6dba 3e9fda6a be5e1e2d 3e079ca8 3e4f0c83 be8b621d bea9233f 3f6ee1c8 bec87289 bf26117f 3f675432 3e6d2d58 bf739021 3f5359c1 bf611c18 3ee14ee8 beb27b2b bf0e0f96 3f4c5469 bf063d4f 3eb3422c bede86b7 3da8f719 bf2035e9 3e4795bd 3e785d1b 3e4e0d34 bf331a1e 
3f0cdb81 bea72df1 bf421005 3e70cdc6 bf4445ba 3eb0bad9 3f1a15e1 bd8bed20 bed4a307 3e90731e bf73d9d8 3f2ccbde bf7497a0 3f0e6bdf 3d493307 3f4e6827 bf278fbc 3f40add0 3f05f9c9 3e44c464 bf25ebb9 3eaae71a 3f4fedf3 bf5209d6 3e87cef5 3e9c55fc bf77d006 3f749a25 bf626bcf 3f697bcd bf7df5bb 3c653d7a 3f59e40c bf1501ad 3e548d14 be5304ea 3f65b9c1 bea02e6e 3f4fca0e bf604fcf 3f5f6018 bf63ddef 3f35f1fa 3e851ec0 bf0c85b9 befa5766 3f04f1ba 3f1ec1bc bf5a9223 3eec2afa 3f27b00c 3e18041d bf5877ca 3f0a0599 3f63dfd6 bed2b6c1 3f12ab87 390ddcbe 3eceaeb6 bd6a515a 3e2f8540 bea35b34 3f07b3c7 bea1b6f2 bf11b3fa 3e9a2df7 bdc968c0 3f2677de bf1be1d1 3f01ffa1 bf156ffa 3f345dc4 bf7fcd2f 3f0e7bc3 3ef82351 3f0c0400 3f6bd84c bedd3f19 3f40dded bf3fdfb3 3f05dd73 bf79e5c0 3f6f6bc8 bdb5094d 3d20eef4 bf4fc00a 3e8f9f0a bf33d3fe 3f01dbd4 3eb066f2 bf647c05 3f48f193 be52cd33 beb73232 3eac12d5 3e78761b bf6053eb 3ec2af53 3eff0bd6 bf05b98e 3edbe324 bf08bbab 3d9d7b0a 3ea6feb4 3ec94aaa bcd79dcf be62c543 3d286eab 3f6d663e be083370 beae86a6 3e80f246 3ea1671f bf3b042a 3f41e1d4 bf58b9ef 3f7053e8 bf149bc9 bf2939a0 3f067db6 bf0d8a0d 3f1ddbb8 bf424408 3ef29b1c bf63c5d9 3f30a793 bf4685d4 be32250c 3f63e25b be443be1 bf41fb68 bf48f237 bf2a6207 3f749bf1 be942ac1 be13cc53 bf14e5bb 3f67f3c7 be03c5f8 3eac3304 bf255dfb 3f53e023 bf404fe9 3e7bedc3 bf2bb7af 3e6e1510 3f5545ab bf6165a8 3d6a32ea bf3a47da bf69ee59 3f4db840 3e4e7d19 bd9a4926 3f72d5dc bd90389f bec0d2eb 3ec066b7 3ed5e325 beeb672d 3f62bdcc be6c555b be40f36e 3f2b3fd9 3f1f71a3 bef8eff0 3f07d5d5 bdcc37ea 3f69881c beff9bce bc85ec94 bf787607 3f045f71 bed07725 3f7badcf bf703dc2 3f490417 bf05f5c8 3f652804 bef61a96 3f65cbe9 bee0fa0a bedbcf46 3e6dccd0 bf5f3e86 bedde3c8 3d964b6b be9d0f2f 3f084f4b 3c4a410f bf3745cb bf0807ab be75cc55 bf1877ae 3f571203 be11868e bf64b685 3f20e7b4 bf263959 3f043be8 3e59b5f4 bf464be9 3f275788 be5edb39 bebbb304 3f237ff2 be2de416 be813686 3e121c09 bf476062 3ebecf32 3f014966 3ec83a92 bf2895d2 3f74edf7 bf6331ce 3f188bd7 3bda9706 bea3be3c 3e4f9dd0 3f1f61b9 bf2e2bce 3f2d3fa6 bd0d91c4 3f7cb174 bf7e775e 3f0dc7cf bc71b3d3 be853ec3 3e61eca8 bf25ed7e 3f20d3be bf6025c2 3f65c218 bf1effc3 3e674c83 bea7ded5 3f3c2dd7 bf14659c bf2c0f66 3f65a7aa bebb3ad8 3ef0f39b 3e124ca5 bef76a7c 3f435bd9 bf73c45f 3f14776a be5adbd7 bd9dea0c 3ee476c9 bd8c582c 3e035bb3 bed02703 3f54465c 3e807b22 
bdaa5666 3b4116b6 3f35ada6 be73f569 3ef94f2b 3e468cb3 bf515da7 be8be338 3f349a50 bdcc2693 3eb2a700 3e7dc4d6 be84c9e4 3e7b752f bf4581e1 3eaf4b38 bf0ae174 bcd31f70 bf2b9441 be5655cf 3f1319b5 bf02d5d3 bf1e6994 3f5ad205 bf01494b 3e48e4bf 3f1f2d64 bf1cb389 3f1ba9a2 beebc79f 3e80e639 3f054578 bf5e6bee 3b12c487 3ec16ad4 bf4f4a24 be553e27 bebad6f3 3ed3ef51 bf49f7ef 3f5547ca bf3f73f3 3ed60f16 bf3e13f1 3ed3df9c 3ec5f321 bf2e7de6 3e8e3f42 becbe7c8 3eb5df08 bf741798 3e24f45d 3e71ad18 3e9fd2f5 bf78eba3 3e2eb5e2 bdccfb5d bedd737f bd51ef43 3ee9eb58 bf48a832 3f61ec33 bf7b2d94 3f62bbd7 be858e6a 3eccdf53 bedbbb4f bddf1ac2 3eabd63d bf2f3b7b 3f4803bc bf24bd96 3f7ccd94 be560cf9 bf473e26 beec27db bf482a36 3ef73355 bf17edda 3f6e7bdc bf38d5ec 3f5633c3 bf70800b be8e99ff 3f602a2a bf1c29da 3ec68ae1 3f42adcf bef1bf8e bc4bc753 3e2cf398 beb0b2f7 3d0a92f7 3eeab773 bf299005 3e9d033d 3e63e669 3e63f541 bf607032 3f771dc1 bf5001d8 3f49bbd2 3d23b23a bf08d9c2 be8675fe 393579b2 3e45954a bc114675 bf3e31fc be689cbd 3f0b75c7 bf0d39c1 3e5ab5e9 be8f534b 3ee09ea9 bdda5701 be4de579 3e7d653b 3f3a55cc bdd75a9e 3e7b252d 3c614bf8 3de549af 3d521222 3f52dc00 bef9d30d 3f4dbff7 3eb52393 bf7c15bf 3e7784be 3f345b9b 3f453df6 3f1d683a bf65e5fe 3e582c32 3f0c79a3 bf02975c 3ec2aa82 bf7921c0 3f6c340d bf3bf587 3f407e10 bf2847b4 3f118388 3dc42a78 bd218ef4 bf679429 3f55861c be053bfa 3f5d19d6 3f57400a bef4f709 bf364be6 3e65b562 bf6ff47e 3e768481 be8fa264 3ed1cb24 bf74c3dc 3f6011bb bf7c0369 3f1f7597 be779ccb bf6df3ca 3d4ccda1 bee13b10 3ee0db97 bf344436 bf50d1d3 3f58da20 be542563 3f4cfa31 3e2b7d4e be2604fa bf47302a 3f5f4c22 bf609011 3decaa1a be835e0b 3e683c05 bf60ae1c be08a43c 3f71b015 bec5cb6d 3f0d6b7a 3f601de4 bf11bd40 3f0d8b72 bf0a9594 bb70cce0 3f10457b 3f31a804 3dd64a53 3ea1a7d1 bedec300 3e69d4b6 3f4f0bd6 bf546ba2 3f6fe008 bf5321e3 3e4a1b98 3f23c9a7 bf0d818a 3efd0e97 be4b64ea 3e2e54ad bf42f1a1 3f7c5dcf bf387dc6 3f62863b bdffbc46 bf7b4fb0 3f359f83 bf6915f5 3f56942a bf587611 3f36cfc4 bf4927cd 3f6465a2 bf145bb5 beed1f52 3f3f3fd9 bf5d31ea 3d391389 bf4609ee 3f12515a 3de168a2 bf36e3a2 3f09b764 bedfa2e8 3f78fbd5 bede07c5 3f041187 bf3d7da2 3f740e41 bf68140b 3f0f4fa0 be5415a2 bd47f4a5 3f50ebc2 be5d3635 bee83300 bd540e8b bec5a79d 3f348626 beb266c5 3f38721a bf7bad92 3f62de11 bef95f34 3e266b4b bed5c2d6 3f4805d7 bf722e0c beb43ae5 bf2609e0 
3f6991f7 bf5da3fb 3e0d3bca bd9cebf1 beb1d2b7 be096ab6 3ea096f2 3f4ab214 bf1963fc be485449 bdf37a53 be96da3a 3e964a23 3ef6f294 bf24fdaa 3f46ddd3 bea316e9 3f452e42 be8d6293 3f61ac05 bf2ad3b4 3f2215f6 3eff3af0 bf7e3b9c 3f4247bf bf3ea9a7 be7a2511 3ebe5ec4 bf63462d 3f75de3d beef0341 bea0aeb4 3ef3eb7e 3e74eea4 3e165465 3e6abe20 3f292e1b 3eaa9685 bf1d87c9 3f795796 bf38a3ba 3ee12ebd 3e9492a1 bd7294e6 3e05bc62 3d592ed9 3e5bec86 bed056fb 3f35c3b3 be5d059e 3f1c99a8 be5984e3 3e5fbdf5 bf663fea 3f512014 3d7ef05f be8a56c8 3f2b5bfa be760516 bf015d9a 3f10d5ac beaeff18 3f07d159 bf0c7be8 bd3b2ca0 3ee6bf00 bf3e2bb4 3f6319b9 bf349bcb 3f6fbc0c bf3ee5c8 3e807720 bf2131af bece3ef0 3f72afc5 3f3fa5ef bc80259d be7c6e0a 3ed43f1d bf4df9e6 3eddffcc be9762ef 3f3de5b0 3eac6a29 bf5adfdf 3f57abc0 be534d6f bf6a33c2 bceb2aa8 3ec10b0f be124e1b 3f163bbe bf4b19b2 3f3dfb9e bf20d3fc 3f48bbeb bf649a41 3e9faad3 3ea2fb80 bf538e3d 3f649a07 bf5177f3 bdbf56cb 3ede171d 3e496ca8 3e793d14 bee5f7fb 3e4c9350 3f309183 bef42ed3 3f4a7c14 bf32f39c 3f36dc25 becd3f49 3ed4f65b bf66f410 3f5f95e1 bf6949d9 bcea639a bf43182f 3ea14b0d bf2ca5cb 3ef52b63 be90b287 bf55d1a8 3d6e4d04 bf3499ac bde17826 3e78ed8b 3ebf5e7b bf67bfeb bf3925ff bd7d31de 3e8da267 bcbf9959 be926ab4 3e916a78 be59c4f0 3f3923db bf51621a 3f320bd5 bf371fb6 3f01419c 3dd76c36 bf4069d3 3f25bfb9 3ecbaa98 bf0b55c7 3de7779f bf3ed7be bf5595ba 3ef78eb4 3e328cee 3f66fdf9 bf05a199 3f7aa1c8 bee5ff8f 3ec006ab be72e358 3e6484fe 3e0993a7 bf2e7bb3 3f3759ef 3f5ac851 be554c23 3f1f25b2 bf09f200 3f44eba8 3f535dc1 bf6d0807 3e1a14e1 bed4fee7 bf4a0a1c 3f42b5b5 3e54450b beb1bf15 3f250c14 3e2834b7 be9ba70a 3eafcfb4 3e8f1258 3f41d213 bf7545c1 3d348ebc be60b5c1 bf642dff 3f1ab03b be422e86 be754cdf 3f22b80c bf7d17f8 3cda6468 bf4cffea 3f0cb181 be8cbeac bf442a16 3ee7bf22 be5074bb be25c4aa 3ee41f7b bf0363a5 3e1ac393 bf6605e6 3f4a05f3 bed55a7b be1cd46d 3f51ee1d bf40c648 3f150f94 bf59d5e6 3f246b86 be391638 3e787d98 3ed9873d bf3d2bed 3f5b1e21 beaf035d beb64e49 3f2b29f9 bf142fe3 3f577e42 bf4ed1fe 3f5a1606 3dbb5a5a 3f3c07f4 bf7ae1f2 3f2511e4 be616bf2 3f271dac bf1389b7 be937af8 bf08e5dd 3e9f0ee8 3e8e7688 bf1c23c7 3f24b60e 3caae23c bf5e0fed 3f5727df bf7f615a be57146d 3f3d6400 3d7b12a6 3e6d5510 bec94782 bf3bae1d 3f4107e5 be868772 3eb8fad2 bf54a1f5 3f7df784 bf47d7b0 3db4476c 3f5d7c27 3f2f49aa 3d9aea8a 
be2c0cb9 bdefaace 3f3e9fa0 bf4db9fd 3f3da807 3e41f4b2 bf07659e bda64c0a bf175d8a 3f34b21e 3e51acf9 be4bad61 bd537598 bf1b0204 3f5c1e26 bef19726 be70ae2a 3de7a7e4 bebaa25c be7b4cfa be38f5c7 be6dc5f2 be7d355f 3ec2faa1 3e56744e 3dcfa733 3f2b1bf5 be8ad9a3 3f59e5f4 bf76a168 3e1aac92 3f18c36b befe3295 be5c951e bf0fbbee 3d5a5024 beb91286 bf6c401e 3f3c6bc4 bf54043e 3f17afa7 bf2dabd1 3cfd2b37 be9e6a9a 3e195d2d bf588e1f 3f25a5a0 be9f8ab3 bd85a827 bed25722 becb4682 3f16a613 bf018b5f 3f30564a 3e2a6573 bf2cc611 3f146bc3 bf2907ba 3ed48e21 3e76dc5e 3da3dbe2 beeea833 bde2d89a 3ebeeb63 bdb97b03 beec4664 3f5affed bf1c21b7 bd6a8beb 3deb59f7 beca3712 3f2bf226 3e7bcdbe 3f32d389 bf5399f7 bf5cc1f6 3ee36f5b 3f280ba5 bf626dfe 3f4a1238 bc02430f bf082d65 3cd1e748 bf3723db 3f2b9de1 bf531a06 3e111c56 3f501c18 3ef91ec0 bf0ccd64 be470d60 be721d5a 3f424d7e bf7af3e9 3f650238 bf5ef3eb 3f033792 3d865515 becc5e27 3f7223c4 bf7a2fbe 3f646c63 be4b7c1b 3e30ee09 bef33eff be82a576 3f2db18e bf72804f 3f152613 bf06e972 3e96c7dc bf575e03 3f753624 bf51f81a 3d77f30f 3f376c53 bef01b2c 3f3ac1f9 3cada39d 3f58a005 be01947d 3f0ab9a8 bf298553 3ed366c1 3f1615b0 3f55a665 bc6247a7 3ee736be bdd469c1 bebd6a67 3f45cc23 3ed01273 3dae6a1f bef8aecc 3f26c5f8 bf36c1d6 3f2a199c bef9631e be4c74ba 3f1c2dae bf4b93b8 3f62ce1b bf4c7806 be550450 3f5e581d bf3c9be9 be7c5e77 3f2e59ad bef63e8a 3f49239d 3ea1feee 3edda2e8 bf7bf3c2 3e0d54f1 bee43300 3d7f2e85 bf4551ce 3f0ce574 bde1a831 bab22d46 be566c59 3f7a19fc bf74ee08 bf55b225 3d1c0afd bdb08831 bdd489a0 beb3c72d bf25fb7e 3ee986fe 3e8bdaba 3e626cf8 3edaa2e7 bea2a310 be600503 3e09ada8 bf0ccb59 3ca12958 3e207c55 be0e3d24 bf0ca19a bd661643 be979aad 3f75264c bdb2d91e 3f20eb51 bf187ba2 3d9597d0 3f1517f0 bef05a75 3ec096a4 3e824b15 3ef15f3d bf0d738f 3f7a17c1 3e8d5afe bddc17fb bf009dcb 3f4b2fca bf707df3 3f7343ea be5bb5c4 3f793422 bf19b3c4 bd79ad7b 3eb816f0 be244d0c bf22ffd2 3f4c1617 bef702b0 3e1b0b76 3e70b555 bf10937c bda22908 3efacfcd bf7123ab 3f45ae23 3bc06f78 bf266c28 3eac42a4 bd93f677 bca3e2ca bd45d29b bf633e6e bda9d91e 3f4569ff bf3895f3 3e9e9a8c bf1d8617 3e9e0b8e 3f5dd1c6 3d837b2a 3e98fab9 bf77f7ba 3f468fd6 bf25f7d1 3dc92a8a 3f40e7c3 bec01ee9 3f0d15db 3ef17f67 bf0b857e be5f36d3 be68b658 3f29e21c 3ebaaed8 bf0f11b9 bbf498b6 be7845e3 3f3f4ff2 bf4cd3e8 3f7a77b0 bf335411 bf41e01a bea5f689 bf2973d3 
bdb13a17 3f01917f bf6e1606 3f6ca7d4 bf1af79a bedf7a83 3f0d639b bd526fdf 3f3807be bd0e2f26 bf3a2bdd 3edba771 3ef1aed8 bf20e1bb 3f15eff2 bf709251 3f58e668 bebdc711 3dd6a91c 3f00d78a 3ea96ae7 3d19307b 3d4c12e9 3d9fd8e1 bf774c44 3e318bbb bf0b6bcb bf2a13d5 3e094b97 3e8185f4 3ec23acc bf4b563a 3f04ef79 3e673dc4 3f18be2e be278b0c 3e6cdcac 3f1d69e2 3f1f6003 bf432a26 3f33ad75 3c0138a0 3ea62ec0 3bc260f6 3f1fd23a 3e4c7d4a bee796b8 3f218be1 be958ae9 3f1cda24 3ed69f0c bf628e33 3f002d68 be9b3697 bf559e26 3f323dca be8efaf7 3e98a354 bed63bc6 3db4786e bf17fdab 3f79b22c be66bccb 3dbc570a bd54d328 3eb3a2c4 bf42a000 3f2725ab bd432b0f be8a3724 3f3847c5 bf49b5f3 bf1db981 be388df3 3e99af69 3f2f61fc bf0b0db9 bf7075ec 3f55d5fe be0e1cf8 bee92395 3f6c2234 bef4a270 3f3139cf 3c193b4a 3f01696b bde9cac9 bf713220 be20a5bc 3e032aed 3f1d49e9 3cde525d bf4fac58 3f6239fa bec2cf36 3d4ecf95 3f291a07 bf6b85e9 3efbb287 bec75aff bd91aac1 3e1b5c9b bf20e96c 3f06fbc4 bf097a09 3f7bf3e8 bf431dec 3f37ec21 bcb2a137 bf50bdfb 3f6d7839 3e32fe26 bf4169db 3f47ee1a be8c1e3d 3d9469e9 bf195fa4 bddb8c26 be98ce80 bf1f7786 be850e74 bdc857c6 3f489625 bef8eb1b bf53983c bef3eb84 bf3995da 3ee8a362 bf465003 3f3527ba bf67e85e 3e95ef1a bf047179 3f77a9e6 bf7f1185 3f75a1f1 bf69cfc1 3f6707e5 bf1bfbcc 3ebf2290 3c5ed416 be2e4ccc 3f1b23bc 3e37acb2 bef95688 3e9c4a49 3e80a6d5 bf4a401e 3f323816 bebf8b1d bed012c5 bf023d4e 3f441c39 be233c1c bd76543a 3f75b44b be8a4e93 3eaa5b25 bf15058e 3e7f553e 3d332d65 bf4a621a 3f3127e0 3f66520a 3e8d3a2e bf2ef5de 3f5d11ea be3d436c 3f01bfb2 3d6b6a7e bf5ca7c9 3ea6c35e bed23647 3ebcde63 be9a5356 3ec96ee6 bdcb0892 3f16c7a4 bf7095b2 3f5ec85d bc862282 bc875d09 3f1ff1ea bf3fd23d bf4d29ff 3f23759a be41f508 3ec2e71c bf5db03a bd258eb2 3f2b9785 bf7e09b0 3ef69acf bf0a7393 bee2a2a5 bf1ef9cb 3ee3c35e 3e8a4f0b be66e4a2 3eb12ec3 bf02b361 bf0f9fca bdd8e969 be865a79 3f4737a5 bf19efd6 bd7c2ed4 3f481032 bf1f27c4 3f445fa3 bf742a2e 3f3a53ce bf07b029 3f7ca7ac bf5a1c41 3f7a81b6 bf6569d7 3e20a50b 3f78740a bf684226 3f1a4fd0 bf0cc614 3edb6b0a 3f339584 be19d34d be16b543 be5ff4ee 3f482000 bf04a3a0 3e922af5 bf65de3d bf0e55bc 3f08dc08 bdbbc909 3f53c65a bf35119a 3ecf3ab6 bf196fbc bedaa35d 3da668ea bf353ba6 3e88b9f0 3f0d8388 bf005d86 3d20b18b be91bad7 3e59bccb 3f058fc0 becd0a30 3ecefb57 bf7a45e0 3f0b49f4 3e0c25f7 3f6c77fb bccbaa05 3f5c157b 
be98c7b3 be905f55 3f33a9f8 bf6d4fe2 3f524a0f 3d292a63 3de9a7c8 bea7d9f2 bf2621ae be2774c0 3dd7fa04 3e539c7d bf0109fe 3ef3cfca be35f620 3e7a3dd9 3f12701d bf62b805 3f678004 bf6c51fc bf17c5ab 3f467199 bf58602c 3f0fdb8a 3f5289e5 be0b9c30 3f4fd42b 3f5b280e bf0663d6 3e3b1457 bf39e9b7 3f7841f5 bf5ff5de 3cd09ab3 bea9c66d bda66770 3e645452 bf3749fa bf7b11d6 3f642609 bf4c33b1 3dfd8738 bef09f8f bc572c60 bf6d2c08 3e3bcd4d 3ec692f1 bf5435f8 3d9e99ec be9176c5 be40ebfb 3ecd6b36 bd17b309 3e9d2e79 3eeb26d0 3c2e3f41 bdf4b915 bedf6316 3f665ff0 bf2d4223 3f4ba7df bf589fdb 3e14e589 bef2cfb5 3e914682 be35a4ff 3f0851bf bf597c15 3f3537f4 be3ba57f bf15238c 3f48f612 3f412a1b be620c64 bce2a73c bbd06e5b 3e9d6299 3f69ec91 be849f7b bf389bf4 3efdc745 bf3ab3b6 3f575040 bf78f792 bdc93833 bf661635 3f7115e5 3edda764 3de15902 bdfca8e6 befe7b32 be287d19 3f7de996 bf2d77b0 be608584 3edebb1b bf7d5981 3f58d439 bdc9b8b6 bd646e05 3e375585 3f44042f bf674413 3f5b2b8f bc6bc5fb bf4cb5a4 3f2c81d1 bf7b5da7 3e90b611 3f7d0bb6 bf6e6166 be69453f 3f5377e0 bf309a31 3e5a045b be60a50e 3ed9235b 3f3e5802 beb25e33 3f663e0a 3eb967c4 befbf6c1 bf356fd2 3f04a5ac 3f6ef45d 3eaf7ac8 3f12b5bf 3e69eb9a beb436ff 3f696e4c bf1f836d 3ebd36e9 3b948b0b bf4369e7 3f0ef3af beb1131b 3ec87ad7 bf27a7b7 3f5c6c49 bf7963c1 3f1dbbb6 bf67ea1b 3e91feb8 bf27cbb7 3ea7bec3 3c312cd2 3dce4907 3eb18666 bec5af0f befe77d7 3f7971e4 3df2262b bedb06e0 3f420646 bf2ee5bc be80cf04 bf258793 3f583dc0 bf1dfdb9 3f59287a bf36b82b 3f6cd028 bf1f4011 bf43ea0c bea646a8 3f46d803 bf480831 3e3fede2 becaef2b bcfd973f 3f402012 bf14a3d8 3f1fc609 bf48ae1b 3f2bbb9d 3d70d379 bf0319a7 3d547007 3eec22ba bec5d317 bec49f49 3f2181d7 bf7363fb 3f4cbbc4 3f241a40 bf0c6579 3dc56810 be9d6e69 3f70ebc2 3e4ef512 bf48d20c 3ef74a57 bcebdf76 3f3335d7 3e5dfdae 3f0c73b7 be273426 bf0f97bb 3da5e8b8 bea11742 3f6de20c 3e109537 3f1b71c4 bf1119ff 3ebbf703 bf210dd2 3f58f9c0 bf2e4606 bd5e6e99 bec88305 3f5185ef bf05adaf 3ebad746 bf5291fa 3ea5f6b7 be4cd604 3eb4aac6 be703d35 bf3529ae 3edf8b0a 3e1c6539 bea432ea 3e91d67e bf226da3 beb67ee2 3f59f9f5 bf3d57c0 3ecbf331 bec42676 3f4563a3 bdaf8836 3f7dbfc0 bf30ee02 3be3a5c3 bf59b83f 3f29bdb3 beba26de 3f5a3a2e 3e9ca63f 3cd7ec9f 3f737bd8 bf5681f0 3ec092ea 3ea69243 bef80bd0 3e9f5f0a bf0b93d2 3ed96ee7 bf599a37 3ee23b7b 3f7c39ce bf51c82f be688d6c beeee71c be2004b6 beb9daeb 
3f43478f be348559 bcab59ee 3d111472 3e3db52e bf7dc584 3ec0fa06 bd706fd0 3f792fe4 3d0d3421 3f1f0dbb bf13e1b7 be143c9a 3ed53ee9 befe9af2 3c951940 bf2e7018 3eb5eab7 be8aaeac 3f1e4f70 3e29745f bdf8aa79 3e42d550 bea03262 bf4d2826 bda14936 bf75c5a2 bf711bc7 3f5121de bf1861c5 3f4691cc bf014f85 3ee62a80 3f1bab79 bf5ea619 3f3f4dba bf153fed 3f394e52 3f2afd7a 3dba7954 bb04efac 3e1314db 3efebfc6 3e47ed15 3f4f5be8 bef4672a 3d0a3161 3ede5708 3f2c2bd5 be7f4da9 beb9b2fa 3f2279ae bf3ddfaf beb34250 3e1a6cec bf2fae01 3f0c2fd7 3ea366cf bf176dd5 3e5c35d0 3e3cdc36 bea48e99 3f164fd4 3ee326d5 bef9d669 3e61f5d7 bec95697 3f3077ae bf432be4 3e2134bd 3f0c1d62 bf59085c bf0887a2 3ea50a62 bd4414f0 bf1e9608 be408dc2 bf25d803 bdd5f8ff 3f3bcfb7 3efb4351 be8812ed bf3591d5 3f6d9603 3f014fcc 3f008393 bf5187fa bf174794 3e7e46b9 3d320ce7 3f21859e be996ab1 bf08b5ed 3d344cef 3f5f4e85 bf1dae44 3f3c57c6 bea4aed0 bebcf663 3f1413cd bf586e2e bf0cc3e1 3f3efde1 bf0e8dac bef18f29 3f7c4fd8 befec7e5 3f780db5 beaabe44 bf5b1dfc 3f006173 3ec8ef03 bf600e22 3eedab30 3e21cb9e 3b7d0c8e be174cfc bf2c71e6 bd5f6e52 bece124e bf131397 3f7669f1 3f34881d bf2c1830 bf4441c4 be902681 bf1fddb8 3ba78406 beaffed2 bda2d901 be05b335 3eb14eb2 bccda7d8 3ea3caec 3f0d7bcc bf4e57dc 3edc86e8 3d5591a0 bec35645 3ecc926b 3e81aa4b 3f0ae1a6 be297bf8 3ee52b1a 3e812649 bf3b53c0 3d5713b6 bede96f7 3f3d0969 3f033942 bf7839c1 3e9b62de bf0af3a3 be653c9d 3e368c23 3f653a15 be6bdd93 3e65f5d4 bf41e3d9 3f4b4bef bf7247fe 3f1aefdc be9261dd 3f7567f7 bdb57953 beab7e99 3e92aa1d 3bd480e4 3efbdf8c bf4bb1a1 3f64f9bc bf7d63dd 3f36edc6 bd292fa9 be6a2526 bf208fe4 3f013d80 3e96aaad bf4881f6 3ec582f1 3ee9aed0 bf4efde8 3f38e23d bf72f200 3f0fb74c bf4c7a24 3f17c1b5 3b334c3c bf6bbe25 bdfc5a90 3f09dde3 3dbffb71 bf02af83 bf5b2dc8 3eb8e35f bf4041cd 3dc988b8 3efa5fc7 3f13679c befdaba4 be943af0 bf5753e6 3df56a1d 3de6b787 be0c4e01 3e8e7eec bdc209b5 be5ace1f 3efbc755 3f087b6b bf37dc0c be34fcfa 3f072d7c 3d5aaeac 3f110d60 bf5c3816 3f2d6e12 be6ab53f 3f6a83cc bee563a1 bed7fa19 3f700c0c bf6aa9c5 3f2041c7 3ed7e2cc bf4b8ffe 3f77e80b bf726a29 3ed85edc bf37ddea bd97c8a1 be6a9dea 3cf94eb9 3f43f9ed be99c26c 3f3c65c0 bf258993 bf2e77fd bd626cef bf20c9be beccbb62 3ed9b345 bf03cdd4 be9f3253 3ed7fee3 3f304def bf21919c 3ec2b2b5 3eedbe72 befd370d bf31279e 3e5aeccd 3f56a608 be941329 3ee92ab5 be8b15f7 
3e25bbde bf4d03d8 3f798795 bf2e7a07 3dea77a6 3f5a503b 3da9a7b4 bece7f08 bf2bd17e be28dbbc bf7a5800 3f5f57f2 3e0143f9 be908a78 3e86f634 3e577d61 3edb8b21 3ec12ade bf0e0bf8 bd0112f2 3dd2f9ad bee3cedd 3e9ee3d8 3ebe52a1 3e18ac99 3f5a4210 3f66bffe 3ecfcb1e 3e4adc90 bf0499b0 3f0d29ae bf4ef831 3d60cfc9 bed34adb 3f18f7f5 3e905acd bf132d66 3ebce9f3 bf65d9fa bf1741ac 3ed6d24c be91a695 bf08395e beae62bc bf00858e 3f3e33dc bf1d419f be08d58c bf52a9ea 3eaaaec4 3f1f79cc bf640217 3f6d562a 3e84c620 bdbf1638 3f108793 bf48fa15 3daf3bb3 be44c495 3edb86d8 bf6c15e4 3f788bfc bf530fff bf0761e6 3f6709ee bf6157ff 3f7fb16b bf51d249 3f47339e bed0c6ae 3ee66b02 be814ac2 3f7e2388 bf26abd4 3e86c2f7 3f1be1e3 3f44ddd1 beb3eb0d 3f569fe3 bf617416 bf689e07 3f074772 3f5c01c9 bf66be24 bf69500a 3edd1364 bd2a94dd 3f6f89d8 be56fd7c befade7f bec1cafd 3eda16a6 3f306a74 beeca3a8 be6be475 be5fdc8c 3de99671 be0e5b22 bce1dc43 3e69c5a3 3ecd5362 3f3b47fe bea55a6d bc6b50d3 3f5be00f bf746997 3db4886a bf4163af 3eb51eb0 3ec4b75c 3d99f8ad beb606a1 3f3ffd76 bd8a0800 bf6c921e 3f4585ae bf1233a5 3f30522b 3e49ade2 3f0301b7 bdbc7b95 bf425dfc bf330d94 3f0e8dcc 3f1471d1 3edf275a 3e96eaf6 3dcf17df 3f4da820 bf12161b 3f0635f0 befab721 be188cf9 be144341 bf52d260 3f0bf5bf 3e9352b9 bf45183e 3f62081d bf0f21a2 bf2b800c be474deb 3d417348 bf171e16 3d9e1b28 3ee31b57 3ed4da6f 3dbc9aa0 bf6dd3f6 3d9218ce be533c9c 3f370434 3ded5ada 3f2f879d bf2b6d89 beeba6b3 3e2a2473 be985326 3f5c55c0 bf73183d 3f609437 bee976c6 be831a42 bc0129e8 bec412c8 3f62b9da bf758de2 3f102b55 bf01379a 3f0e6197 bf76f9e1 3f625e0f bef2138b bdecf699 3ec29e76 3efb8ae4 3cf26ada bf4a59c6 3f602212 bde58ba8 bf23dfa7 3f3ca3c2 3e394d56 3e38ec06 bf2d882e 3f6e61bb bd3cae02 beba06d6 3f64ac1c 3e644b6e bf2803d1 3d8e38bd 3f3587b5 3eedc2f4 3caba840 3cc093f4 3ed21ebe bf131d62 bf42cbc5 3f000ba0 3f26dfc2 3e8896b5 3ed97b79 bf1c85af 3eeb8af2 be18f488 bf028fc5 3f35bde3 bed122ce bf639a67 3f17ca12 3f231bec bf4e0841 bd30f18e bf1b03b2 3f7b0b94 bf72d5b9 3e091cab bf44edbc 3f17b5ae bda9c907 bebd1622 3e6a1496 3e9ba302 bf351be6 3ed1235e bf169376 3f409c3a 3eba3718 be2c5dcb 3f142f17 be32ee17 bf39bdf8 3f0c7fac bf1ab581 bedb1af7 3f25f58a 3f186c26 3e55b4a0 3f42438f be226cd0 3f353d81 becf6e48 3f796ffe bf52e80f bf50204b 3f7d6591 bf688fda 3e6a940c 3e39be16 3f1e8d80 bbcb5e04 be3d5b50 bf29cfd0 3f6d6fc8 bf10e7a8 
3f313fa9 3e220d97 bf5a8c2e 3f4c67f5 bea192ee bf26eff9 bed9e67c 3f154dc3 3f3097ea 3d9d199a 3f39be0e bec18deb be50abb3 be027d3c 3e4a8632 bebc1f76 bec3be9c bf110f9f 3f4b3e46 bf02a39f 3e09f47d 3f0705f9 bf5843e2 3e97836e becafa60 bf6a9fd7 bf5b7053 be804664 befd7f28 3efa8f2c beadbef1 3efd531f 3f2c3587 bf38dfd7 3e61a360 bf6fc408 3f15bb9c be911710 3f29d3dd 3ec1e76b 3e44cdfd be3d0bbd 3f4d45e6 3ec35736 be58f431 bec88e56 3f491e40 3d4273c5 3f39de00 bf2fd7d3 3e8a8ea7 be667c7b bea7925b 3d3d4f6f bf55f5d0 3f2d27e5 3d4eb32e 3f0eb996 be817ada 3e6f0415 3ed0ee7c bf3cb18a 3f747a01 bed04702 3ec6a2c2 be95f2f4 3d56b206 bf28bc0b 3f3fefd8 bf1e0186 bef68344 3f01a9da bef25282 bdfccb36 3edb7f88 bf6effef bf5ff99d 3f52577e bf7f0325 3f2dddeb 3f6a066a be9dcf81 bf55f417 3f37aa05 3f5ad5fe bf61d3e6 3f1f6b8c bf7b3396 3c1c3533 3f3fd22f 3ebb062b bf3a443e bf15937e 3f001f94 3e319c36 3d573202 bd7ab5da 3e5154d8 3eb05ef4 bf5c500e 3cead911 bf7e71d6 3e8f4672 bea90201 bdbb69ed 3d694ee1 3f7adc3c be52a4ca 3f05cd68 bf5cda83 3f091b74 bf3525e4 be755f9a bcf8ad9b 3f7fc702 bf56f1cd 3f603630 bf2dc3a3 bc29b4d1 bf3ac9d3 3f065db2 3f6b8e3a bd0d313f 3e8c564d bf4d81f7 beab965c 3de37ad5 bf6af00d 3e0cc522 bedd06fd 3f0905fd be8e868c 3e405c60 3f5fd7be be03bcaf 3f1027e4 bf6f21d0 3f4a9829 bf3aefe7 3f3a91a9 3edf1acd 3ea1e6d1 bcf7a491 3f1a1dfb beada713 be842ee8 bf2df676 3f3629d9 be86c294 3f6d8f79 bd937958 bf1ff1db bed286d2 bef85f21 3f6af617 be48ce24 3eca7ee0 bed4471a 3cdd9d92 3e4d3cec be742564 3ee7e347 be50b531 3f1781b6 bf2fedc3 be3e9b3e 3f582003 bf0ecfee 3ab24511 3f059d9e be1ef520 3effd73b bf6d343b 3f590632 bf40a1e3 bdc407b2 bebfa6a4 3f4b6fdf bf09b5e9 be8a9ab2 3f63d422 bf792e2d bee5b366 3e0bbe3c 3f28c1e3 bf3db9b9 bf0671c0 3ea10e18 be94ca2c bf1595a4 3f6e9191 bf49dbf2 be90a626 be228da9 bf2efdb8 3f726a35 bf5ee67a 3f2f77e2 3f03c761 be321c41 bf3dcff8 bf045fbe 3ea5431e befe2a88 3f18558e bf130dc2 3f591a27 bf1ab9d4 3e24ec58 3f5709cb bda49799 bf71a449 3f23e3e2 3e951f1c 3ed3cf9f bf245815 3f3ea813 3ed46aba bdaf58d8 3e667666 bf081375 3f7e8587 bf3291d2 baf5f912 3c02ca31 3efe1ec7 3aae0c47 bf1393d3 bf402fe7 3f1f8c01 bf2e1f8b 3f0845b1 3f5dc855 bf7433ee 3f2341c8 3f1631d4 bf7c99b8 bd7b536f bf3765f1 beac1afa be1dc42c bf4fc5ae 3ec1b6e3 bf0f4bd4 3ed68743 3f31c9af bf24cbcc 3f592de2 bf3373ed 3e392b7a bf328614 be7aa509 be42db28 3f4e7bcc bf6a03b4 be80a68e 
bf7a8427 3ec42b2d 3ea5ca5a beb52670 3e4584b0 3eff6f0d 3f3c7ff6 bf706e08 be3a957a bf0dde11 3ec19368 bf4f4046 3ef86f99 3ecd4289 bf18d982 3f2edfb1 bdd0f997 3f6f23bb bf54e3f1 3f773dae bf4cebd2 3d5a723c 3f413831 bf332a36 3f1eca06 3f6cd79e 3ebb965d 3f5e8c4b be743e6c 3f238399 bf424c15 bda087ff be2d0c73 bceba0c6 3f439dfd be507ca8 3f70c663 bf536a11 bc9fe4c0 bc094303 bf533629 3ec5626c bf58f039 be8b5328 3f6f4429 bec9fec0 beafc68d bf0b160b 3e982270 be9b0e96 3ecf6e57 be8e06ba 3f4bc3eb bef88f5a 3f752ffa bf283d7f bf0d6f63 be8355fd 3d7cf4cd bef9ff97 3ec08f81 bf3019c3 3f611dff bf7249ed 3f105982 bf0cbd5f 3f645e56 3d5d13d5 becfcb3d 3f002798 3f171560 be7cdd00 bee6476c 3f6aca18 bf4153d6 3f3b8b99 3f597418 bf4ef3d4 3f28a7a5 be0674c6 bf617fda 3e63151f 3e39a4ba be3255dc beb272d8 3f009f9f bf01a7b0 3f3f89fa be0175b2 beb846e6 bf0bd574 3f3fa9a2 3f3a6b64 bf3551db 3d99eac5 3db8e819 3dffaa58 bf3f8ffd 3e86dab5 3ef3b2ed 3e4d24fb 3f50b7f2 bd2bf0aa 3f060d8e bdcec6f6 beef1733 be6416cc bf3e101f 3ee3c784 bec87ef0 3ec45713 3eb63a8f 3f4addd9 bf24d9ce beaa628e 3e8d074c bf74f63b 3f6f19a7 bf03c3d7 3f634de7 bf6c8c30 be872b66 bf136820 3eff8348 be8121ca 3f1fb170 bd9bf96e 3f7391d4 be8fb6ce 3f0f97b3 bf4f21e2 3f4cce1e bf0ff59f bf3e77c1 3baa859c bea62b4e bc7141cd 3f1037f7 bebaa5f3 bf0683d7 bcbbda54 bf185617 3d3b134c bef1a76b 3e9d06b0 3f2e31ea be847a90 be112407 3e7e0d7e bf47ec48 bed59afb 3f44d5e3 3f705e6d bf38b3a5 3eb54e4e bf6e6c00 3f58ce81 bf19e37a 3f351991 bf408039 3e9ec2e9 bf0479e5 3e911abd bec44edc 3f2049ae 3e864796 bf7a4e27 3f1809f5 bdcdd8e8 be989afb bf085b70 3ed25b24 be1bf57a 3f4bbdbd bf346e0e 3f397819 3cf49f87 bf2f1208 3f40b44f bec8ef50 bd653124 3eebcea5 3f3f319a be810f7a bf2a9626 3f566604 3e8e7a70 3f0dc1c6 bf3ada10 3f3b05ed bf064799 3f5285d7 3dda5959 3d35ebbe 3f237136 bf4335ea 3de147ab 3d82c49c bf4c937c 3ee85bdf 3e649d18 3f5f71fb bee2c359 3eebab19 be2b356e beee8743 3f1f5a21 bf46f054 3ef0ebec bf4fde23 bdf327cd 3f1465c4 3d93a9bb bf44e43d 3dac19ef bdc35a10 bf358838 3e151c95 bf24503b 3f0e1382 be1c1e2f bf2e9a1d 3f13d99c be0413e0 3ecbbec8 bf726612 3ed0b6ac 3e9eeb30 3f5b65f4 bf13bda8 3d939926 be9296f5 bf69dda8 3f5d8bfa bef646d9 be9062aa 3f0c7de0 3ee2df5d 3df25a0f 3f1bdc0b 3ef74633 3f0469d8 bec632b9 3f081b77 befd0f47 3e05e5d0 be9226b4 be718d0f 3f2231ad be840f07 3f49bd9d 3f1ab1e7 3cf91693 be92365e 3f1a443b 3f1719ca 
3e426d3a be345ce3 bd0b1090 bda638e1 bd3db0dd bf0603b7 beb87272 3ea95a3f 3f3c89e5 bf221ffa 3f41fff8 bec7dacc 3f656e18 bf67c213 3e097b6b 3e9ebacd bf26b5f8 be432d1b be4a743d beee56a2 3f7983f1 bf2cdf8f 3aca1945 3e951a5a beda5b06 bf1815a1 bf2eed87 be374463 bf152db2 be1e3629 3f14c1c6 3ee80b47 bf6d2dbb 3f53762d bf7449ec 3ddb679f bf6e8614 3f216df1 bc1b408a be7fa485 3f490032 3cc36c33 3f22a390 be610431 bf6d701b 3f3865d4 3d0774b4 3f381b9e bf4f43e8 3f664e55 bf715fd8 3f39adf8 bf486dbd 3b2973fb be2d9519 3e6a2d3c 3f66ebf9 3c90a12f 3f2eb1f8 bf3e5fc6 3f54ba2c bdd77b16 bef122bf 3ea08e84 3e965b53 bece99b2 be971730 bead02fe 3ed34b8c bf21bbd4 be72f473 bdf81a2c 3f209fd8 bee66b69 bd9f9b86 bccf1f67 beb15643 bd53b6ad 3eaa9e96 bf4ae3bd 3f6c502e bcaa1877 3e190d6b 3e52ed0a bf527807 3f1e09ff beafb6ee 39c988e0 3d5e0d27 bc5acde9 3f04ab4f bf3fa1d6 be20ebf0 be819e12 3f322fa6 bf7bf004 3ee6075e 3f181fdf bea8aaf8 bea64226 be78b446 bf26f601 bd93a863 bf7795f5 3f42b3d6 3d8f2932 3f093fde 3eb0c2c3 bd114edc 3ef3d737 bf2c6bb8 be126ba4 bf6933df 3f2cf95f be1f944c 3f48d436 3d14b328 3dae4793 bf2a898a 3f701070 bed7f6a2 3f146d97 3f0b4356 bf5df807 3f723e54 bf1f2c19 be12fd7e bf69dfc5 3ec18325 beda3edc 3f163769 bf7849b4 3f700461 3eddcb51 bd6fafe6 3f365425 be371d9a beaba711 3e693c6d 3f2029e4 3cc2e7b7 3e01bc75 3ed4e745 3eacfddb bf4bee05 bcf6986e 3d5d8e90 3edb1785 bf2e89fb 3f462412 3f3af1f3 bf6d9fd0 bf1c8bab 3ebd86df 3eca5f12 be7ebe85 3ee70fb5 bf25c781 3dc5c671 3ed6078e 3cdbe2f4 3edb92d8 beffcb7d 3ec9764f befac6e6 be795dc9 3f2dcdaf 3da24847 bef2b337 3f584dbe bd33adf0 3e9e42fe bf43da44 bd703117 be55d578 3f07b61d bf2c55b1 3f7d8d96 bf53cde8 3eda134d bd9477eb be7dd550 bf63c020 3f03e7a1 3df50767 be9eca10 bf137d86 bf1191d1 3f654ff1 beb45763 beb01b0d 3d1ceac5 bf7985a2 3f671c0b bf7fe6b8 3f22599e 3f034d9a bf074bd7 3f7dafb7 bf4febdf 3cbae2fa bea2b26e bf446fbb 3f3235c9 bf1155eb 3f67ebf0 bf782dca 3f63b5fc be102493 3f3b7dcf bec6974f 3ed5f77f bf3045d2 3f267b91 be34cc49 3f5ea640 3ebf76b7 beb5a6ea 3f4405f4 bf1353c7 3e1774ef 3f3307ae bf03075f 3ea3daaa bf052190 3f710441 bf1de9ab 3d0df311 bf514d98 3ef54bb3 3efd7faf 3c88270f 3f3a93d7 bf17c395 3f0e360d bf0537a8 3e7204fa bf7d7784 3f26f16f bf69083c bf7b2fd4 3e244b81 3e59acaa be6924ac bec4d72c 3f2805fc bf0e33b6 3f21a3a5 bf1e2ff0 3d31b2f2 bf3e9402 bf608413 3e60acda be89b67b bf0b9a06 3cd3ea8a 
beb7c698 3f3713a6 bf59c003 3f75063e befd3b2f 3f535c0c bdb95c33 be977ef1 3e834e61 be644c91 3d16f60a bdb4b74e bf4157e5 3ed526ea 3ea73b3f bef3c6c2 3e698402 3f2fd418 3ecef768 be9a9306 3e182baf bf056f84 3f34c7db bf2c9381 3eb5cebd 3f4d3e03 be535506 3f5cae32 3e741e1a 3e87bf18 bf4dda18 3cec61b7 3f343ddc bdc27966 be83dabe 3f667db3 3e983a08 be8c2ed1 3ecd8369 be8632df 3da81666 bf6b93e0 3da1e579 3eb4c602 3f3fffc0 bf49bc26 3e9f8b0e bf5b5297 3f7231ec bf672057 3f417fe1 bebd1f75 3d55cfa3 3f5a29e7 bf0c699f be4ee597 bf022f7a bf26c1b2 be1cae80 3eba12a0 be9122df bec83e9f 3f34dbf9 be9152ee bed0c25e 3f237c13 3e81d61e 3d1e4c05 3e8fff1b be124596 3f5dedfd bf3c3048 3ee69793 bf3c25df 3f7c638a bec82239 be9b9ebf 3f23b176 bf24e5bc 3f789178 bf01f57d bf0dd618 3d75cef3 be8436cd 3f4251e7 3e6764d8 bf52065a 3f65a5ff bf5d79b0 3ebf979a 3eba6e86 befd578e 3f400df6 3e2f9c5e beae670c 3f211bc0 be20c515 befa5ba9 bd99a975 3f11298b 3d80e601 3e4dd5c1 3f61721b 3e280413 b998bcde bf5d8419 3e8f8a93 bf5a37fb 3e365c1f bf1cac12 3f7439e9 be2cfc8a 3f143dac 3e902a94 bf1145eb bee0ef32 bf2411ec 3f28d195 bc5343a0 bf253605 be77edfa 3f04b38d bf4173f0 3f0fd3b9 bef32b1c be92eabb 3f625a1f 3f065f77 bea04b3a 3e9b1a4a be61e3e4 3f2b39f4 bf53dde3 be82c6cb be1dec86 beb996d7 beeaef98 3f366413 bf408998 3e2f2c16 bf54c823 3f48aa04 bf7ee524 3d252dd2 3f31f63a bdbb291d be81c293 be4a9c90 3ef5d685 bee97ef3 bf2e0bc4 3eba8e8f 3f49504a bf29249d 3e4a24f5 bf1e3c13 3ed95371 bdfcb7c4 3f220bb3 bf3fc5f5 bedaff94 3e8ed2b9 3db30a23 bdf069cf 3dc8b8c2 3f021dc4 bf7e9772 3e843e82 be976ab4 3e4ac438 bf776e3c 3f358ba3 bde5f95d 3f628299 bf157a15 3e909e72 bf45060f 3eab7e74 befa3fda 3f6bf7f4 bf707b97 3f1365d7 3f2687c8 bec906dc 3cc6ab48 3dc226cf 3f554bf8 3df12896 bf5de9f6 3f5addad bf153585 3f6983f6 3e3524cb bec7e360 3eb2cf34 bde2e8a4 bf3efa06 3e8e5a9e bf3df5e2 3f713596 be052d63 3df27815 3f626e6d be4a1cd9 bf413231 3f5fc7ce bf1cf579 3eccbb93 bf7a717b bee0a740 3f38fa25 bf404407 3e025c78 3f385a27 bf57b045 bf44e022 be54344d bda0ea1d 3ec93adc bf32d38b 3f1f99ed bf0f81b8 bee9437e 3f39f611 bf7ba7ff 3f46ae31 bf42d200 3f7715b2 bed4529a 3e2f9557 bf727637 3cb85da0 be51d5bf 3d1b91cc bea49f7a 3f2c6401 bd0570f7 3ee6df1a bf0a976e 3f7a55d1 3f604fdd bd2b11fa bf544810 3f358d99 3f16a9c8 bf77e7d4 3f5bec22 be2274c5 bec04ecc 3f5da41d 3ecf4bc5 3f52ca63 bd8b5932 3f1cfa47 bc4cc261 3e46553f 
3f594c54 bf79d9ed 3f7f2d42 bf58fe0a 3e2a9d10 bec86e4f 3dbfe894 3dfa89be bf0ac1c5 3ddda8dd 3e376dd0 3d4010d3 3ee7f374 3e61459e bf2b200d 3f3cfc39 bedafb71 bf41cff0 be63d4b1 3e10f4a3 bd4fd143 3ed2ef0d be20cd85 3e300d40 bc0ac27a bf5ac24f 3f278fff bf5c4029 bf2cdc14 3f3431b7 be524423 3ec0ebcc bf6d123c be44056a 3f3d6e33 bf7153ef bec6169a 3e9952a3 bf22ed9e 3e6cee13 bdb7d5c7 3f245fa1 3d233256 bf770065 3ea2638a bebaf6d3 3ee57f8b 3e109d87 bf11d58c 3f68efe2 bf7c4b69 3f489da5 bf3abba2 3e113c46 be86d2e0 3f249fea 3f217b86 3dfe3b85 3f028b70 beac5ee6 be3df2eb 3f1b5584 bef64f26 3e5fb71c 3e5d04ae bf1f07ac 3e11bf20 bf52fa57 3f33740d bf69e1b2 3ed34fec beb4a676 3f3389b9 bf1fdfb8 3e991216 beb9a29b 3f3083be bea0ce88 3daabb59 bf2c5bb0 3eab52ab 3f39a9fc bef72b51 3f4853a2 bf75de48 bef223e8 3f7c47fe bf4183fb 3f4979c2 beca129c bf4da801 3f5a35ed bf0429a7 bf43fc50 3f0b3c1f bee14398 be3e5cf4 3ef50ed5 3ea51688 bf130b7a 3e8a8a78 becd0346 bed18e9e bf4c5fdb 3f70de09 beb59357 3f21fdf6 3d354d74 3f221dd4 be714d67 bf09a9e7 3f02c190 bf5c943c be3364ae 3e86a65b 3f36f5cd 3f38c9d2 bf702bc7 3e3d052a 3f19ef82 3efadb1c bf5e7614 3deebaa5 3eb6568d be884356 3f3a9a04 bf57c7c8 bf20495c 3f12cbb7 bf3699bf 3ea16a75 be665bf1 3dc09a7f 3f59302a bef93b0f 3f59ee22 3e283c31 bdf87ce3 3ed9eac0 be61b54d 3f58ea05 bf5185fb 3f64ca71 be5b0e0d beb69f25 3e2c259d 3d8628a1 3ec72a95 beb626a2 bc8d9eee 3f7fe30b bf1067c9 3ea7d725 bef16ad5 3eca567a 3f06a1ac becc9ada 3e2a8528 bf475441 3f351218 3f2b07c0 bf189028 be46b427 3f3ed82b bf72de1a 3f37f198 bdd6dac4 3f4ad62e bf1f738d 3f21dbb9 bbb26bc7 3e0ecbae bf4d4241 3e892a7c bed5fb50 3ece9351 3f08a9d2 3e9e3ec5 be356ee4 bf233e02 3f5ff38a bea756d0 beb6ceca be7236ac 3f25cfa7 bf26d3f0 bf373fc7 3f53aa2d bed842be 3e811e9c bd06ce22 bf0d47e7 3d2e3247 be913ee9 3f2969a0 bf21b9ff 3f63ddf3 3dab192a 3ef8a6fa bf607dc1 bc102e70 bdee99de bf188bf1 bcad61cc 3f3f6dd3 bf1933a7 bdf499cd 3eb9d7a6 3f2d59ec 3f405bb7 bf71f9fd 3f61b3e1 bce69b6e bf62f3e1 3f71c195 3f0ffd7e 3f2615f1 beaf6f67 bf023f7a 3f6c03ba bf5ab1f4 3f293b92 3e8c4dc4 3e2c5cb3 3df9b6c4 3df8da07 be892ea3 3d586e6e 3e1924b0 3e89c255 3f33b5f2 be09c377 3e7b3e34 be13ed2a 3e9d22ec bee282de bf31ffdb 3f228e03 bea07ed7 bf054f4c bf5a4608 3ec16e82 3ee76768 beefba64 bf13a3fa 3ef5beca bea7269b bee7df13 3f0ccdce bf1cc5db bf2f8bed bede22aa be23b46d bf5b0bc7 3f64d5d8 bf68c022 
bec09a3b 3f2535ef bf7689f3 3f40fbcd 3d6453e4 be8d56a3 3f1313dc bedb31ec 3f36d7f5 3e984e5e bf3aaf66 3e22e440 be677d37 be7e7450 3c0238dc be4c4cd6 3ef4ef76 3f42c62c be3325dd 3eb59aa9 beabdf09 be6cb448 bd94a96c bebe86bd 3f3c9b82 be8a8697 3e088c6a bb985c3e 3f7fed3c bf312e1b bd3d4d38 3e970ea8 3eea9fbd 3efa8314 bf57b231 3f34f57a 3eb212e6 3e2dac53 be35156c 3f7911f0 bf5fa7a3 3ede3b86 bed19377 3f7973ef befa92fc 3f417dfc bf73542c 3f7f7f6d bf4b5e0e 3eb9b6c0 bebfcdf2 3f25f3b5 bddaf94e bdd8248c 3ec99af3 bf19bfbb bf652409 3ec5fed7 bf2cfc11 3eaf61f5 3c9dec26 3ea0a2b3 bf77dc15 3f394bd9 bf2af836 3f5c2608 bec296dd 3f737ffc bf0f5b86 3eb08f51 3e3b2e10 bf0e43c9 3c4bbaae 3eba9abf be178605 bc4d39c2 be062761 be386be7 3d7352f1 3f4ce5c1 bf4ba7da bd68aec2 3e315d5e bf2077bb 3f3d9fef 3e924799 be6e2c03 be528478 bdb90b13 3e96be19 3f314401 bf32afd3 3f0ad590 3f252007 bea3b35a 3d81167a 3f22c99e bf7c2203 3f01ddeb bf627644 3f51006c bf1c19b8 3f5dca18 3e5ad455 bee3f6f2 3e178528 3cc6e322 bf647238 3e8c7a0a bd2e0d49 3ecff629 bf195bcf 3f5ac1c2 3d97f5a8 bd2fd159 bf35fe6c bf459ddb 3f7fa306 bc8fe6e1 bf454807 be9c22b4 3f6c2c14 bd46495a bd0dcf80 bea95f67 3e910e47 be91ca7e 3f7fad72 bf0edfb8 3f7b09d1 bf427583 3f1831bb bf46681f 3eec8ba7 bf3a95ad 3e126441 bf74125e 3f063baf bf670a48 3f1dfa08 bf36d371 3e84d1e3 bd144b2f bed26a57 3f330e08 bf58584e 3f25d9ea bf62ba0b 3ea20ac2 3e620c92 bf23a3b0 bf054785 3eec3faf beea6ae3 3ed45328 bf35dbf5 be4c3466 3f37a208 bdac0ac5 bd4eeef3 bf44f1e2 3f27cf5b 3d371232 bf2807f3 3f5e2e19 bf6107ca be3214aa bda72a7a be81de57 3ed71ecd bf750c02 3f75e428 bddf47c4 bca1e64c 3ebb8f3c bebc46b8 bf1125c7 bf3a0237 3f43d3e2 3e29a4cc bf170f8b bd05ad25 3e52e538 3ec9c267 bf3dbfdc 3f679221 3e04d42b bf1075f6 3ed68ec0 bf4361b1 3f727004 bf523ffb 3f73dde5 be7e4493 bed4c79a 3e9ca212 beb8babb bf1d65ff be83cf09 3f4683f4 bdc3e9c0 3f66d3c7 bf2f5daf 3f5bd636 bf629c0c 3ea016ed 3f47efec bf6f1445 bf385e08 be699480 be6a1536 3ed2ff49 bf4e5a28 3f7b43c9 bf7499fd be1f23c8 bf6ea006 3ed43280 3f2fb5ec bf711601 3f7ec528 bf557bff bd1ccd6b bf59c84c 3ebfa6d2 bf3f6c18 3f7ad020 bf6a3806 3e73449b bf5f35f8 be9b3312 3ebc8692 bf1525cc 3f19f3cf bf0f99d4 3f34f7d6 3df8c977 3d056bd1 be2cdcc1 3f7a23cc 3e114b9f bf4261b9 3f4c2ff7 bf31c5be 3f552dbc 3dcb563c becd0e09 3f5dcc0d be054384 bd4a0d8c 3f0fef9e 3f33a615 bdafd527 3f2539fd bf3b57b0 3ecdf326 
bf34f3d4 3d41e9fa 3f5c3622 bf70ee20 3f1383f5 be3f64ed bed6b757 3e98de86 bf574e05 3dc0b989 3d1d6c9c 3f4673fd bf3dc98b 3eebdae3 3f369fe4 bf21edc7 be340543 bf7cc7a4 3f1f0bdb bf38be32 3f2557d8 be14336b 3f55e033 bf1ea9bd 3e69fd93 beefc349 3ec80e2d 3e2c8538 bf5eb5ff 3e70ddb5 3f0c5dc9 bf5abbd7 be6aa4db beb53aa4 3f0c7be5 be1e7b9e bf7c7392 3f41f65f bf4837ce bcd36569 bf09ba09 3f0b4d8f bf19a9fe 3e45dd68 bf10e1fa 3e82e205 3d402daa bf2f899d 3ef73769 3ed78766 bf05ddb8 bd98ec54 bf1315ca 3f575bf5 bf498a29 3f2fd045 3f604018 bf11e982 3ed07fce 3e1f4c57 beec3a89 bdbb5c2d 3f29b1ec 3e90f6c4 bf02d7cc 3eea17d2 bf7c0b9f 3eeefae7 bf27938b 3f054d6d be652cfd 3f1b4e01 be41ddb4 bd170e52 bea6e365 3eaa632c be0efc12 3d2156e2 3e97d651 bf4c2206 3f7bd7df bf4aee5f 3f79f818 bf565479 3f1e2398 bf212fe2 be0b1611 3f385dfb bee00eae be24a597 becdeae7 3ebe9200 bf447a5d be8ade4e 3eef62a6 bf37efeb 3eff474b bdd5ca01 3e8b46d0 3f0df9c6 bd5d137d be38e608 3ee6935a bf7bd7bb 3f6e7824 bf599c0d 3ee2536e 3edae303 be73e4c7 bec2eacc 3f18e99c bf06eb8e 3ea1ab43 bf436645 3ebe62f2 3f08da18 3eb85f73 bf179a0f be9ee2d2 3f5b8209 be108e25 bf193e12 3db3d68c bea2eb1e 3eec6fb2 bf2f520d 3f3d0208 bf2d0a01 be8fff46 bdc9faf4 be89cea5 3f5115ac bf01516a 3e93e2a7 be49b51f 3f5b5659 3e3abdd7 bd7637da 3f3dcbb0 be8bfb12 bd97480c 3f3acbed bf65cc46 3f7a3da6 bf4d57c2 3f67c5a9 bef3baeb 3f08bc02 3ebaeeff bf613e13 3f6b323f 3f36c03e bed67664 3f07fbbe be22ac0d 3d35d0dc 3f189bea bec18a7a bf1a9dad 3f707c00 bee8c791 bd355030 3eb4df3c bed36e51 3ece06e2 3db7b845 3f45c799 beb5e303 3de30ab4 3e2074d6 bdfe7988 3d1a9252 bf2a2dc6 3f5f082f bf73f7b0 3f2e63d7 3f140998 3ea89aab bea23a93 bec97f33 3f46024f bdff27f4 3ea3262a bea76a7a bdf1caca 3ec4eb61 bf7d85d3 3f635dfc bd094e9b 3e765565 beca9a23 3f112fcd bf01ef6f be859e1a 3f6805cc bf4f6bc3 3f60b40d 3e0fbc38 3ed58eca bead96d5 beffd714 bf169964 3f20361a bf44d9ec 3f770ba5 bf57360a be0523f5 3ee30f5c 3f78f3f7 3ddcfb96 3f38d02e bf72b021 3f568223 bea12a83 3f0159db 3dc25a7d 3f0617eb 3daeab0c bf5513d9 3f0711c3 bf0b5f86 3e81bf51 3f55bdc4 3d4d9240 3f46eff9 beafafa0 3e8aa6f5 be0f5e2d 3f7175e6 3d3f7376 3f609dc1 bf714bf6 3f16e5e4 be5bcbab bed15ef4 3eb0b2c1 bf1993b8 3e75be4e beedeb33 bf0aa9a6 3f1381ed 3d1572a5 be863f92 3d39925a 3e07153c bf4453dc 3f1b6dcf bf292668 bf2001bc 3f6bc607 bf2dddff bf0bd7c6 3d73b4e0 3d94c760 be38ad77 3f6627f1 
